<VTKFile type="UnstructuredGrid" version="0.1">
<UnstructuredGrid>
<Piece  NumberOfPoints="    2608" NumberOfCells="    2080">
<Points>
<DataArray type="Float64" NumberOfComponents="3" format="ascii">
-74.319 977.904 0.0974371 
-70.0212 981.602 28.7189 
-57.6685 992.065 52.9855 
-39.0913 1007.64 69.1778 
-17.1598 1025.97 74.8352 
4.73677 1044.32 69.1222 
23.2097 1060 52.9418 
35.469 1070.67 28.7268 
39.7507 1074.49 0.106145 
35.4519 1070.72 -28.5188 
23.1866 1060.06 -52.7402 
4.72302 1044.36 -68.921 
-17.1638 1026 -74.636 
-39.0844 1007.66 -68.9812 
-57.6192 992.041 -52.7801 
-69.9611 981.568 -28.5175 
-59.1405 950.347 0.117845 
-54.449 954.342 31.0833 
-41.0519 965.667 57.2915 
-20.9538 982.517 74.7703 
2.78618 1002.31 80.8867 
26.4777 1022.15 74.7358 
46.4692 1039.18 57.2732 
59.6976 1050.82 31.0559 
64.3024 1054.96 0.0869611 
59.6835 1050.85 -30.877 
46.4595 1039.25 -57.0777 
26.4758 1022.21 -74.5433 
2.79566 1002.36 -80.702 
-20.9288 982.545 -74.5917 
-41.0092 965.679 -57.108 
-54.4232 954.337 -30.8603 
-37.5226 922.145 0.114249 
-32.7143 926.218 31.7534 
-19.0109 937.75 58.5336 
1.54331 954.896 76.41 
25.8283 975.04 82.688 
50.0583 995.247 76.4173 
70.3914 1012.7 58.5735 
83.691 1024.74 31.7374 
88.3027 1029.03 0.0733879 
83.6764 1024.76 -31.5768 
70.3904 1012.75 -58.3784 
50.0613 995.305 -76.2321 
25.8392 975.091 -82.5123 
1.56423 954.931 -76.2417 
-18.9826 937.77 -58.3706 
-32.7094 926.214 -31.5434 
-14.6944 894.638 0.105993 
-9.85874 898.728 31.8649 
3.92408 910.291 58.741 
24.6211 927.45 76.6677 
49.0963 947.565 82.9414 
73.5188 967.717 76.6287 
93.8153 985.346 58.7171 
106.91 997.81 31.8449 
111.456 1002.27 0.0768771 
106.902 997.83 -31.6854 
93.814 985.39 -58.5434 
73.517 967.771 -76.4639 
49.1008 947.613 -82.7843 
24.6339 927.485 -76.5178 
3.94218 910.312 -58.5989 
-9.86375 898.722 -31.6739 
7.77986 867.379 0.0955381 
12.711 871.386 31.8791 
26.7445 882.722 58.7586 
47.7744 899.567 76.6571 
72.5995 919.331 82.8865 
97.3703 939.13 76.5571 
118.177 956.212 58.6308 
131.819 968.161 31.8059 
136.575 972.452 0.0761065 
131.81 968.191 -31.6555 
118.166 956.259 -58.4847 
97.3642 939.181 -76.4168 
72.5997 919.378 -82.7525 
47.7817 899.602 -76.5297 
26.7569 882.742 -58.6395 
12.7021 871.378 -31.7101 
29.704 839.811 0.0858573 
34.7213 843.719 31.8736 
48.9847 854.78 58.7525 
70.3293 871.238 76.6467 
95.504 890.562 82.8712 
120.639 909.897 76.5345 
141.871 926.465 58.627 
155.936 937.922 31.7963 
160.849 942.035 0.0646831 
155.919 937.957 -31.6686 
141.855 926.519 -58.4941 
120.631 909.949 -76.4086 
95.5027 890.609 -82.754 
70.3342 871.274 -76.5386 
48.9941 854.799 -58.6537 
34.7103 843.709 -31.7245 
51.0065 811.857 0.0768216 
56.1037 815.657 31.8676 
70.5876 826.419 58.7514 
92.2492 842.447 76.6531 
117.79 861.279 82.8816 
143.305 880.1 76.5381 
164.916 896.164 58.6324 
179.328 907.172 31.7868 
184.373 911.108 0.0505769 
179.306 907.205 -31.6865 
164.9 896.221 -58.5127 
143.297 880.154 -76.4264 
117.789 861.327 -82.78 
92.2536 842.484 -76.5625 
70.5961 826.439 -58.6712 
56.0918 815.647 -31.7368 
71.6574 783.492 0.0682887 
76.832 787.18 31.8616 
91.5337 797.627 58.7519 
113.517 813.196 76.6633 
139.435 831.498 82.8962 
165.336 849.775 76.5458 
187.302 865.335 58.6324 
202.012 875.925 31.7776 
207.17 879.7 0.0366817 
201.987 875.957 -31.7042 
187.288 865.393 -58.5301 
165.329 849.83 -76.4512 
139.435 831.547 -82.8117 
113.522 813.234 -76.59 
91.5424 797.646 -58.6894 
76.8197 787.17 -31.7481 
91.6428 754.711 0.0601211 
96.8937 758.283 31.8554 
111.812 768.402 58.7514 
134.118 783.492 76.6712 
160.418 801.235 82.9081 
186.704 818.945 76.5518 
209.011 833.996 58.6292 
223.985 844.195 31.7678 
229.243 847.819 0.0233157 
223.959 844.226 -31.7204 
208.999 834.054 -58.5451 
186.699 819.001 -76.475 
160.418 801.284 -82.8409 
134.124 783.529 -76.6152 
111.821 768.421 -58.7061 
96.8811 758.272 -31.7585 
110.954 725.515 0.0523103 
116.281 728.968 31.8491 
131.413 738.751 58.7495 
154.041 753.343 76.6756 
180.72 770.506 82.9153 
207.387 787.632 76.5543 
230.023 802.168 58.624 
245.239 811.992 31.7577 
250.588 815.474 0.0107369 
245.213 812.02 -31.735 
230.013 802.224 -58.5581 
207.383 787.687 -76.4952 
180.722 770.554 -82.8654 
154.048 753.38 -76.6365 
131.423 738.769 -58.7209 
116.268 728.957 -31.7682 
129.583 695.912 0.0449501 
134.985 699.243 31.8428 
150.328 708.682 58.7462 
173.273 722.763 76.6769 
200.325 739.326 82.9185 
227.365 755.852 76.5538 
250.318 769.869 58.6175 
265.761 779.324 31.7478 
271.193 782.672 -0.000825218 
265.735 779.35 -31.7479 
250.311 769.923 -58.5695 
227.362 755.905 -76.5119 
200.328 739.372 -82.8853 
173.28 722.797 -76.654 
150.338 708.698 -58.7336 
134.971 699.231 -31.777 
147.524 665.908 0.0381128 
152.998 669.115 31.8365 
168.549 678.201 58.7419 
191.803 691.759 76.6758 
219.22 707.708 82.9187 
246.622 723.622 76.5514 
269.883 737.115 58.6107 
285.538 746.205 31.7386 
291.048 749.421 -0.0112821 
285.513 746.228 -31.7593 
269.877 737.165 -58.5797 
246.621 723.672 -76.5259 
219.223 707.752 -82.9013 
191.811 691.791 -76.6683 
168.559 678.216 -58.7443 
152.984 669.103 -31.7847 
164.769 635.516 0.0319028 
170.315 638.595 31.8306 
186.067 647.322 58.7372 
209.622 660.345 76.6731 
237.392 675.669 82.9167 
265.145 690.959 76.5475 
288.702 703.921 58.6039 
304.56 712.649 31.7301 
310.142 715.734 -0.0206177 
304.536 712.67 -31.7692 
288.699 703.968 -58.5887 
265.146 691.006 -76.5373 
237.397 675.71 -82.914 
209.63 660.374 -76.6798 
186.077 647.334 -58.7533 
170.3 638.582 -31.7917 
181.311 604.746 0.0264006 
186.926 607.696 31.8252 
202.874 616.058 58.7324 
226.719 628.537 76.6695 
254.83 643.224 82.9134 
282.922 657.881 76.5429 
306.763 670.306 58.5973 
322.814 678.67 31.7223 
328.464 681.626 -0.0288646 
322.79 678.688 -31.7778 
306.762 670.349 -58.5966 
282.924 657.923 -76.5465 
254.836 643.261 -82.924 
226.729 628.563 -76.689 
202.885 616.067 -58.7609 
186.911 607.683 -31.7978 
197.144 573.61 0.021679 
202.826 576.431 31.8205 
218.962 584.421 58.7278 
243.087 596.348 76.6655 
271.525 610.389 82.9095 
299.941 624.404 76.538 
324.055 636.286 58.5913 
340.29 644.285 31.7155 
346.006 647.111 -0.0360433 
340.267 644.301 -31.7852 
324.056 636.325 -58.6032 
299.945 624.442 -76.5538 
271.532 610.422 -82.9317 
243.097 596.371 -76.6961 
218.972 584.428 -58.7671 
202.81 576.416 -31.8029 
212.261 542.124 0.0178025 
218.007 544.812 31.8165 
234.322 552.426 58.7236 
258.715 563.794 76.6613 
287.466 577.18 82.9051 
316.193 590.546 76.5331 
340.568 601.879 58.5858 
356.978 609.51 31.7095 
362.756 612.207 -0.0421919 
356.956 609.524 -31.7914 
340.571 601.915 -58.6086 
316.198 590.58 -76.5592 
287.475 577.209 -82.9373 
258.725 563.813 -76.7013 
234.333 552.431 -58.7718 
217.99 544.796 -31.8071 
226.654 510.299 0.0148076 
232.461 512.854 31.8132 
248.948 520.088 58.7198 
273.596 530.891 76.6571 
302.646 543.615 82.9007 
331.669 556.324 76.5283 
356.293 567.103 58.581 
372.87 574.363 31.7045 
378.707 576.929 -0.0472861 
372.849 574.375 -31.7964 
356.297 567.135 -58.6127 
331.675 556.353 -76.5629 
302.656 543.64 -82.9408 
273.608 530.906 -76.7047 
248.96 520.09 -58.7752 
232.444 512.837 -31.8102 
240.318 478.151 0.0126811 
246.183 480.57 31.8107 
262.834 487.421 58.7165 
287.724 497.653 76.653 
317.057 509.71 82.8962 
346.36 521.756 76.5238 
371.221 531.977 58.5769 
387.957 538.863 31.7004 
393.85 541.296 -0.0512949 
387.937 538.872 -31.8003 
371.227 532.005 -58.6156 
346.368 521.781 -76.565 
317.068 509.73 -82.9424 
287.736 497.665 -76.7063 
262.845 487.42 -58.7772 
246.165 480.553 -31.8123 
253.247 445.694 0.0114099 
259.167 447.977 31.809 
275.972 454.441 58.7136 
301.091 464.098 76.649 
330.692 475.481 82.8915 
360.26 486.86 76.5195 
385.346 496.518 58.5735 
402.233 503.026 31.6973 
408.179 505.325 -0.0542706 
402.213 503.034 -31.803 
385.353 496.542 -58.6171 
360.27 486.88 -76.5652 
330.704 475.497 -82.9419 
301.104 464.105 -76.706 
275.984 454.437 -58.7778 
259.148 447.959 -31.8134 
265.435 412.943 0.0109971 
271.407 415.088 31.8079 
288.358 421.162 58.7111 
313.692 430.241 76.6449 
343.545 440.948 82.8865 
373.363 451.655 76.5151 
398.66 460.746 58.5706 
415.69 466.872 31.6951 
421.687 469.035 -0.0562166 
415.671 466.877 -31.8046 
398.669 460.765 -58.6171 
373.374 451.67 -76.5633 
343.558 440.959 -82.9391 
313.706 430.245 -76.7037 
288.37 421.157 -58.7769 
271.388 415.07 -31.8134 
276.877 379.913 0.0114167 
282.898 381.919 31.8076 
299.986 387.602 58.7089 
325.522 396.1 76.6402 
355.61 406.128 82.8807 
385.662 416.16 76.5103 
411.159 424.68 58.5682 
428.324 430.419 31.6937 
434.369 432.445 -0.0570935 
428.306 430.422 -31.8048 
411.17 424.695 -58.6155 
385.675 416.171 -76.5592 
355.624 406.135 -82.9336 
325.537 396.101 -76.6991 
299.998 387.595 -58.7745 
282.878 381.902 -31.8125 
287.569 346.617 0.0126088 
293.635 348.485 31.8078 
310.852 353.776 58.7065 
336.576 361.692 76.6346 
366.883 371.04 82.8735 
397.153 380.395 76.5046 
422.837 388.341 58.5661 
440.131 393.687 31.6931 
446.222 395.571 -0.0568343 
440.113 393.686 -31.8037 
422.85 388.35 -58.6122 
397.168 380.401 -76.5524 
366.898 371.043 -82.925 
336.592 361.691 -76.6918 
310.864 353.768 -58.7703 
293.616 348.468 -31.8105 
297.506 313.071 0.0144821 
303.616 314.8 31.8084 
320.952 319.699 58.7038 
346.851 327.035 76.6274 
377.359 335.703 82.8641 
407.832 344.382 76.4976 
433.69 351.75 58.564 
451.106 356.693 31.6934 
457.242 358.43 -0.0553212 
451.09 356.689 -31.801 
433.705 351.753 -58.6072 
407.848 344.383 -76.5423 
377.376 335.702 -82.9125 
346.866 327.031 -76.6814 
320.964 319.691 -58.7643 
303.595 314.784 -31.8076 
306.686 279.287 0.0169103 
312.836 280.877 31.8093 
330.283 285.386 58.7001 
356.343 292.145 76.6176 
387.036 300.138 82.8513 
417.694 308.142 76.4881 
443.717 314.928 58.5615 
461.25 319.457 31.6944 
467.429 321.04 -0.0523999 
461.235 319.448 -31.7963 
443.733 314.925 -58.6003 
417.711 308.138 -76.5286 
387.053 300.134 -82.8953 
356.359 292.139 -76.6672 
330.295 285.378 -58.7562 
312.815 280.862 -31.8037 
315.105 245.276 0.0197271 
321.293 246.728 31.8101 
338.843 250.851 58.695 
365.05 257.039 76.6043 
395.912 264.365 82.8338 
426.739 271.7 76.4751 
452.914 277.901 58.5579 
470.56 281.995 31.6961 
476.782 283.413 -0.0479482 
470.547 281.981 -31.7893 
452.932 277.89 -58.5914 
426.757 271.691 -76.5105 
395.929 264.359 -82.8728 
365.066 257.033 -76.6486 
338.854 250.843 -58.7458 
321.271 246.716 -31.799 
322.763 211.05 0.0227354 
328.986 212.365 31.8105 
346.631 216.106 58.6879 
372.972 221.733 76.5865 
403.984 228.408 82.8106 
434.964 235.082 76.4576 
461.281 240.691 58.5518 
479.036 244.323 31.6979 
485.303 245.561 -0.0420257 
479.027 244.304 -31.7798 
461.299 240.674 -58.5796 
434.983 235.069 -76.4875 
404.002 228.399 -82.8441 
372.987 221.728 -76.6253 
346.642 216.1 -58.733 
328.963 212.355 -31.7934 
329.664 176.617 0.0257385 
335.918 177.795 31.8097 
353.649 181.161 58.6784 
380.109 186.245 76.5641 
411.253 192.289 82.7808 
442.369 198.318 76.4346 
468.814 203.328 58.5406 
486.678 206.454 31.6988 
492.99 207.493 -0.0349538 
486.672 206.43 -31.7673 
468.833 203.305 -58.5629 
442.387 198.303 -76.4592 
411.271 192.28 -82.8091 
380.124 186.241 -76.5975 
353.659 181.16 -58.7176 
335.895 177.79 -31.7866 
335.825 141.988 0.0286288 
342.103 143.029 31.8047 
359.904 146.027 58.6627 
386.463 150.589 76.5345 
417.715 156.038 82.7418 
448.944 161.445 76.4022 
475.498 165.838 58.5172 
493.468 168.393 31.6957 
499.822 169.211 -0.0271422 
493.467 168.365 -31.7501 
475.518 165.81 -58.5359 
448.962 161.428 -76.4233 
417.733 156.029 -82.7662 
386.479 150.588 -76.5628 
359.916 146.032 -58.6958 
342.082 143.032 -31.7753 
341.331 107.189 0.0314816 
347.618 108.089 31.7717 
365.447 110.726 58.602 
392.05 114.792 76.4552 
423.354 119.687 82.6536 
454.64 124.512 76.3241 
481.263 128.239 58.4536 
499.311 130.132 31.6728 
505.693 130.703 -0.0189112 
499.322 130.104 -31.7115 
481.285 128.209 -58.4784 
454.662 124.495 -76.3476 
423.374 119.678 -82.6768 
392.069 114.794 -76.4787 
365.463 110.739 -58.6275 
347.599 108.104 -31.7355 
346.625 72.341 0.0325941 
352.866 73.0978 31.5459 
370.578 75.3729 58.203 
397.013 78.9484 75.9702 
428.135 83.3074 82.1707 
459.238 87.5992 75.8939 
485.763 90.5065 58.1707 
503.701 91.6074 31.5153 
510.022 91.8997 -0.0227893 
503.712 91.5894 -31.5528 
485.791 90.4867 -58.1848 
459.265 87.5828 -75.906 
428.161 83.3009 -82.1849 
397.037 78.955 -75.9862 
370.601 75.3985 -58.2172 
352.857 73.1293 -31.5036 
354.752 38.2393 0.03014 
360.705 38.959 30.1134 
377.587 41.1158 55.574 
402.796 44.4417 72.5792 
432.506 48.4294 78.5662 
462.226 52.3309 72.6133 
487.489 55.2656 55.6366 
504.416 56.7586 30.0835 
510.349 57.1846 -0.0312842 
504.411 56.7103 -30.1238 
487.519 55.2214 -55.6256 
462.254 52.3147 -72.6091 
432.534 48.4261 -78.5702 
402.82 44.4545 -72.5904 
377.604 41.1627 -55.5902 
360.687 39.0101 -30.0766 
364.06 5.05771 0.0218641 
369.635 5.72656 28.1552 
385.441 7.7345 51.9599 
409.046 10.7769 67.8331 
436.845 14.3823 73.3854 
464.621 17.9244 67.7877 
488.183 20.7693 51.9071 
503.943 22.4337 28.0698 
509.459 22.9275 -0.019968 
503.935 22.3564 -28.0912 
488.201 20.7034 -51.8923 
464.641 17.9106 -67.7844 
436.864 14.3804 -73.387 
409.063 10.7899 -67.8398 
385.446 7.79696 -51.9751 
369.61 5.79714 -28.1313 
376.193 -23.2524 0 
381.107 -22.5618 24.9464 
395.105 -20.6072 46.0912 
416.086 -17.7958 60.1698 
440.794 -14.5175 65.0496 
465.443 -11.2599 60.0222 
486.291 -8.50965 45.8888 
500.195 -6.67694 24.8167 
505.072 -6.03425 0.00025109 
500.195 -6.67712 -24.8162 
486.29 -8.51007 -45.8886 
465.443 -11.2604 -60.0221 
440.794 -14.518 -65.0494 
416.086 -17.7961 -60.1696 
395.105 -20.6073 -46.0912 
381.107 -22.5618 -24.9464 
-73.3204 976.692 1.58956
-69.4524 980.021 27.3489
-55.4374 955.486 29.4768
-59.6598 951.891 1.60793
-68.5835 980.758 30.1023
-57.466 990.175 51.9422
-42.5111 966.417 55.8176
-54.5685 956.224 32.2302
-55.8542 991.531 54.0473
-39.1347 1005.55 68.6204
-22.8109 982.938 73.6536
-40.8993 967.773 57.9228
-37.0239 1007.32 69.7574
-17.2856 1023.82 74.8491
0.665755 1002.52 80.2954
-20.7002 984.704 74.7907
-15.0026 1025.72 74.8468
4.7043 1042.23 69.7051
24.2711 1022.29 74.7573
2.94877 1004.43 80.2931
6.80696 1044.01 68.5669
23.4326 1058.12 54.0045
44.3661 1039.39 57.9028
26.3738 1024.06 73.6191
25.0326 1059.5 51.9019
36.0659 1069.1 30.1084
57.8717 1051.23 32.2045
45.9661 1040.76 55.8001
36.9261 1069.86 27.3552
40.7796 1073.3 1.59656
62.8762 1055.72 1.57929
58.7319 1051.99 29.4513
40.7788 1073.3 -1.38627
36.9099 1069.9 -27.1487
58.7183 1052.03 -29.2711
62.8753 1055.72 -1.40353
36.0487 1069.15 -29.9015
25.0099 1059.55 -51.7008
45.9556 1040.82 -55.6045
57.8571 1051.27 -32.0239
23.4106 1058.18 -53.8033
6.79342 1044.05 -68.366
26.371 1024.12 -73.426
44.3563 1039.45 -57.707
4.69168 1042.28 -69.5045
-15.0065 1025.76 -74.648
2.95706 1004.47 -80.1075
24.2692 1022.34 -74.5646
-17.2884 1023.85 -74.6509
-37.0168 1007.33 -69.5615
-20.6768 984.732 -74.611
0.67518 1002.56 -80.1103
-39.1251 1005.57 -68.4246
-55.8064 991.51 -53.8436
-40.8574 967.785 -57.7387
-22.7851 982.965 -73.474
-57.4168 990.151 -51.7372
-68.5245 980.726 -29.9008
-54.5404 956.218 -32.0093
-42.4678 966.426 -55.6323
-69.3961 979.988 -27.1457
-73.3183 976.69 -1.39225
-59.6576 951.889 -1.37389
-55.412 955.48 -29.2542
-57.8166 949.131 1.68305
-53.5942 952.727 29.5519
-34.033 927.416 30.155
-38.3605 923.75 1.67981
-40.6217 963.693 56.0296
-20.7848 938.568 57.1475
-33.1178 928.189 33.0452
-52.679 953.5 32.4421
-20.8392 980.28 73.9692
-0.591801 955.421 75.445
-19.0906 939.989 59.3562
-38.9275 965.115 58.2384
2.74401 999.945 80.6675
23.482 975.4 82.2887
1.62543 957.27 76.6385
-18.6219 982.129 75.1627
26.465 1019.8 75.1307
47.6875 995.586 76.644
25.8805 977.399 82.2876
5.1426 1001.94 80.6665
46.6621 1036.99 58.2219
68.1921 1013.15 59.3922
49.8923 997.448 75.4516
28.6698 1021.66 73.9382
60.2389 1048.91 32.4192
81.833 1025.44 33.0326
69.8633 1014.61 57.1851
48.3333 1038.44 56.0148
65.2781 1053.45 1.65343
86.8783 1030.11 1.64121
82.7278 1026.25 30.1389
61.1338 1049.72 29.5254
61.1202 1049.75 -29.3481
82.7139 1026.27 -29.9779
86.8775 1030.11 -1.49276
65.2773 1053.45 -1.48055
48.3235 1038.51 -55.8206
69.8612 1014.66 -56.9912
81.8186 1025.47 -32.8697
60.225 1048.95 -32.24
28.668 1021.72 -73.7457
49.8949 997.506 -75.2657
68.1911 1013.21 -59.1973
46.6533 1037.05 -58.0267
5.15172 1001.99 -80.4818
25.8909 977.45 -82.111
47.6908 995.643 -76.4589
26.4639 1019.86 -74.9389
-18.5978 982.158 -74.9844
1.64598 957.305 -76.4694
23.4935 975.449 -82.1129
2.75426 999.99 -80.4837
-38.8861 965.128 -58.0559
-19.0622 940.01 -59.1922
-0.569992 955.455 -75.2762
-20.8137 980.308 -73.7912
-52.6532 953.496 -32.222
-33.1107 928.185 -32.8368
-20.7567 938.586 -56.9812
-40.5806 963.705 -55.8449
-53.5702 952.722 -29.3287
-57.8158 949.131 -1.44835
-38.3597 923.75 -1.45159
-34.0278 927.411 -29.9435
-36.1391 920.973 1.69884
-31.8116 924.639 30.1741
-11.2416 899.897 30.2744
-15.5937 896.216 1.69141
-30.8832 925.42 33.1006
-18.5502 935.799 57.2029
2.09136 911.086 57.3895
-10.3132 900.679 33.201
-16.8312 937.234 59.4396
1.6676 952.665 75.5284
22.4377 927.964 75.7603
3.8103 912.521 59.6262
3.91856 954.53 76.737
25.7751 972.66 82.3872
46.7162 947.932 82.6153
24.6886 929.828 76.9689
28.2105 974.676 82.3857
50.0175 992.862 76.7421
71.132 968.085 76.9324
49.1517 949.948 82.6137
52.2468 994.746 75.535
70.5466 1010.45 59.4757
91.6281 985.834 59.6049
73.3613 969.969 75.7253
72.2211 1011.94 57.2425
84.1908 1022.78 33.09
105.088 998.541 33.1867
93.3027 987.323 57.3717
85.0816 1023.61 30.159
89.2321 1027.47 1.66134
110.07 1003.38 1.66448
105.978 999.374 30.2557
89.2316 1027.47 -1.5138
85.0679 1023.63 -29.9989
105.971 999.392 -30.0967
110.07 1003.38 -1.51065
84.1772 1022.8 -32.9282
72.2198 1011.99 -57.0496
93.3011 987.366 -57.1982
105.081 998.562 -33.0259
70.5457 1010.51 -59.282
52.2495 994.803 -75.3504
73.3597 970.022 -75.5589
91.627 985.879 -59.4305
50.0206 992.919 -76.5584
28.2208 974.726 -82.2105
49.1562 949.996 -82.4553
71.1308 968.138 -76.7669
25.7861 972.71 -82.2128
3.93864 954.566 -76.5693
24.7014 929.865 -76.8178
46.7215 947.979 -82.4577
1.68845 952.7 -75.3613
-16.8037 937.255 -59.2773
3.8286 912.542 -59.4828
22.4512 927.999 -75.6098
-18.5235 935.818 -57.0385
-30.8776 925.417 -32.894
-10.3165 900.674 -33.0115
2.10882 911.105 -57.244
-31.8071 924.634 -29.964
-36.1391 920.973 -1.4721
-15.5937 896.216 -1.47953
-11.2461 899.891 -30.0815
-13.3261 893.477 1.6955
-8.97397 897.159 30.2785
11.3388 872.551 30.2913
6.90077 868.945 1.68609
-8.03288 897.935 33.2128
4.37166 908.342 57.4013
24.91 883.529 57.4172
12.2799 873.327 33.2256
6.11202 909.766 59.6404
24.7394 925.208 75.7745
45.5773 900.113 75.7649
26.6504 884.953 59.6563
27.0161 927.056 76.9808
49.0437 945.159 82.6272
70.1966 919.749 82.5778
47.854 901.961 76.9713
51.5061 947.155 82.6214
73.4864 965.292 76.9401
94.9527 939.564 76.8756
72.659 921.744 82.572
75.7448 967.16 75.7244
94.0116 983.026 59.604
115.937 956.805 59.5263
97.2111 941.432 75.66
95.7052 984.503 57.3633
107.49 995.72 33.1783
129.908 969.037 33.1432
117.63 958.282 57.2856
108.388 996.547 30.2526
112.48 1000.56 1.66138
135.086 973.725 1.66069
130.806 969.863 30.2175
112.479 1000.56 -1.5075
108.381 996.566 -30.0935
130.798 969.891 -30.0666
135.086 973.726 -1.5082
107.483 995.741 -33.019
95.7035 984.546 -57.1912
117.62 958.328 -57.1384
129.9 969.067 -32.9921
94.0099 983.07 -59.432
75.7426 967.213 -75.5605
97.2051 941.483 -75.5181
115.927 956.852 -59.3792
73.4847 965.345 -76.7768
51.5101 947.203 -82.4652
72.6591 921.791 -82.4365
94.9472 939.615 -76.7344
49.0484 945.207 -82.4716
27.0282 927.092 -76.8318
47.8613 901.997 -76.8425
70.1974 919.795 -82.4429
24.7521 925.243 -75.6262
6.12958 909.786 -59.4992
26.6628 884.973 -59.5357
45.5852 900.148 -75.6369
4.38836 908.36 -57.2579
-8.03698 897.929 -33.0254
12.2722 873.32 -33.058
24.9216 883.547 -57.2944
-8.97882 897.152 -30.0876
-13.3264 893.477 -1.48562
6.90042 868.944 -1.49503
11.3304 872.543 -30.1201
9.12506 866.199 1.68588
13.5631 869.805 30.2911
33.3723 844.904 30.2862
28.8568 841.388 1.67717
14.5208 870.564 33.2263
27.151 880.766 57.4179
47.1671 855.618 57.4124
34.3301 845.663 33.2214
28.9198 882.16 59.6564
47.8467 897.321 75.765
68.1461 871.825 75.7557
48.9359 857.012 59.6509
50.1572 899.132 76.9692
72.4999 916.919 82.5756
93.1139 891.027 82.5619
70.4567 873.635 76.9599
74.9977 918.875 82.5677
97.2914 936.695 76.8713
118.233 910.385 76.8509
95.6117 892.983 82.554
99.5897 938.514 75.6559
118.315 953.887 59.5222
139.64 927.115 59.5187
120.531 912.204 75.6355
120.057 955.312 57.2831
132.335 966.067 33.1407
154.04 938.852 33.132
141.382 928.54 57.2796
133.267 966.86 30.2163
137.547 970.722 1.65942
159.394 943.346 1.64914
154.972 939.645 30.2076
137.546 970.723 -1.50834
133.258 966.889 -30.0668
154.956 939.678 -30.0786
159.393 943.347 -1.51862
132.326 966.098 -32.9914
120.046 955.359 -57.1376
141.367 928.593 -57.1461
154.024 938.887 -33.0032
118.305 953.935 -59.3771
99.5832 938.565 -75.516
120.523 912.256 -75.5086
139.625 927.169 -59.3856
97.2856 936.745 -76.7321
74.9975 918.922 -82.4342
95.6102 893.03 -82.4355
118.226 910.437 -76.7247
72.5003 916.965 -82.4428
50.1642 899.168 -76.8424
70.4614 873.672 -76.8503
93.113 891.074 -82.4442
47.8542 897.356 -75.6391
28.9318 882.181 -59.5379
48.9453 857.033 -59.5507
68.1514 871.86 -75.647
27.1622 880.785 -57.2973
14.5128 870.557 -33.0608
34.3203 845.655 -33.0737
47.1757 855.636 -57.3101
13.5545 869.797 -30.122
9.12456 866.198 -1.49688
28.8563 841.387 -1.5056
33.362 844.895 -30.1349
31.0223 838.606 1.67644
35.5378 842.123 30.2855
54.782 816.868 30.2801
50.1945 813.448 1.66831
36.511 842.863 33.2211
49.3481 852.818 57.412
68.7907 827.293 57.411
55.7552 817.607 33.2157
51.1442 854.177 59.6508
70.3543 868.989 75.7556
90.0822 843.078 75.7614
70.5868 828.653 59.6498
72.6988 870.756 76.9598
95.356 888.148 82.5618
115.414 861.793 82.5711
92.4267 844.845 76.9655
97.8903 890.056 82.5533
120.512 907.458 76.8502
140.911 880.64 76.8535
117.948 863.701 82.5626
122.848 909.227 75.6353
141.957 924.138 59.5186
162.697 896.867 59.5234
143.248 882.409 75.6386
143.738 925.514 57.2799
156.396 935.825 33.1323
177.45 908.15 33.1238
164.479 898.243 57.2848
157.355 936.586 30.2067
161.777 940.287 1.64823
182.948 912.454 1.63553
178.408 908.911 30.1982
161.776 940.289 -1.52031
157.338 936.619 -30.0803
178.387 908.942 -30.0964
182.947 912.455 -1.53301
156.379 935.861 -33.0054
143.722 925.567 -57.1484
164.463 898.299 -57.1651
177.428 908.184 -33.0215
141.942 924.192 -59.3867
122.84 909.279 -75.5098
143.239 882.464 -75.5258
162.682 896.924 -59.4035
120.504 907.51 -76.7255
97.8887 890.104 -82.4363
117.946 863.75 -82.4597
140.904 880.694 -76.7415
95.3551 888.195 -82.4458
72.7034 870.793 -76.852
92.4309 844.882 -76.8735
115.413 861.841 -82.4692
70.3595 869.025 -75.6489
51.1534 854.197 -59.5525
70.5952 828.673 -59.5683
90.0869 843.114 -75.6704
49.3565 852.836 -57.3117
36.5011 842.855 -33.0754
55.7444 817.599 -33.0865
68.7983 827.311 -57.3275
35.5274 842.114 -30.136
31.0217 838.606 -1.50676
50.1939 813.447 -1.5149
54.7707 816.858 -30.1472
52.2961 810.626 1.6676
56.8836 814.046 30.2793
75.5391 788.417 30.2739
70.8819 785.098 1.65992
57.8718 814.765 33.2155
70.9073 824.451 57.4108
89.7588 798.538 57.4113
76.5273 789.136 33.2101
72.7305 825.773 59.6504
92.2259 840.198 75.762
111.367 813.872 75.7711
91.5819 799.86 59.6509
94.6051 841.917 76.9666
117.592 858.866 82.5722
137.073 832.063 82.5854
113.746 815.592 76.9758
120.164 860.722 82.5634
143.127 877.661 76.8543
162.955 850.368 76.8612
139.645 833.919 82.5766
145.501 879.378 75.6391
164.951 893.836 59.5239
185.098 866.089 59.5239
165.329 852.085 75.646
166.766 895.165 57.285
179.737 905.071 33.124
200.152 876.949 33.1158
186.914 867.418 57.285
180.718 905.802 30.1972
185.258 909.345 1.6346
205.775 881.077 1.6221
201.133 877.68 30.189
185.257 909.347 -1.53485
180.696 905.834 -30.0983
201.109 877.711 -30.1141
205.774 881.079 -1.54736
179.715 905.106 -33.0239
166.75 895.221 -57.1674
186.899 867.475 -57.1831
200.128 876.983 -33.0397
164.935 893.893 -59.4055
145.492 879.432 -75.5278
165.321 852.141 -75.5502
185.084 866.147 -59.4212
143.12 877.715 -76.744
120.162 860.77 -82.4622
139.644 833.968 -82.4907
162.949 850.423 -76.7663
117.591 858.914 -82.472
94.6093 841.955 -76.8763
113.751 815.63 -76.9011
137.072 832.111 -82.5006
92.2306 840.234 -75.6727
72.7388 825.793 -59.5706
91.5904 799.88 -59.587
111.372 813.909 -75.6975
70.9148 824.469 -57.3291
57.8609 814.757 -33.0881
76.516 789.127 -33.0982
89.7664 798.555 -57.3454
56.8722 814.037 -30.1482
52.2955 810.626 -1.51596
70.8813 785.097 -1.52364
75.5274 788.407 -30.1584
72.9176 782.235 1.65923
77.5747 785.554 30.2732
95.6303 759.546 30.2677
90.9044 756.332 1.65188
78.5777 786.251 33.2099
91.8092 795.653 57.4111
110.06 769.351 57.4106
96.6333 760.243 33.2043
93.6595 796.935 59.6514
113.444 810.948 75.7717
131.986 784.214 75.7789
111.91 770.633 59.651
115.859 812.617 76.9769
139.185 829.088 82.5866
158.07 801.851 82.5973
134.4 785.882 76.9841
141.795 830.889 82.5776
165.106 847.338 76.8622
184.338 819.592 76.8676
160.68 803.652 82.5882
167.516 849.002 75.6463
187.286 863.006 59.5242
206.824 834.801 59.5214
186.748 821.256 75.6517
189.132 864.289 57.2848
202.371 873.821 33.1156
222.147 845.264 33.1067
208.67 836.085 57.282
203.371 874.524 30.188
208.013 877.921 1.62113
227.879 849.229 1.6091
223.147 845.967 30.1791
208.012 877.922 -1.54909
203.348 874.554 -30.1159
223.123 845.996 -30.1305
227.878 849.23 -1.56112
202.346 873.854 -33.0418
189.117 864.346 -57.1851
208.657 836.141 -57.1986
222.122 845.296 -33.0564
187.272 863.064 -59.4232
167.509 849.058 -75.5522
186.741 821.311 -75.5736
206.812 834.859 -59.4367
165.1 847.393 -76.769
141.795 830.938 -82.4934
160.68 803.702 -82.5197
184.332 819.647 -76.7904
139.185 829.136 -82.5035
115.863 812.655 -76.904
134.405 785.92 -76.9267
158.07 801.9 -82.5298
113.449 810.984 -75.6998
93.668 796.955 -59.5893
111.919 770.653 -59.6043
131.991 784.25 -75.7225
91.8169 795.67 -57.3469
78.5665 786.242 -33.0998
96.6218 760.234 -33.1091
110.068 769.368 -57.362
77.563 785.544 -30.1594
72.917 782.234 -1.52463
90.9038 756.331 -1.53198
95.6183 759.536 -30.1688
92.873 753.427 1.65119
97.5989 756.641 30.267
115.047 730.258 30.2613
110.253 727.151 1.64417
98.6166 757.316 33.204
112.043 766.424 57.4103
129.684 739.738 57.4086
116.065 730.933 33.1983
113.92 767.665 59.6513
133.996 781.245 75.7792
151.927 754.112 75.7832
131.562 740.979 59.6496
136.446 782.861 76.9849
160.115 798.83 82.5981
178.387 771.174 82.6046
154.376 755.728 76.9889
162.764 800.573 82.5889
186.421 816.513 76.8682
205.036 788.331 76.8705
181.035 772.917 82.5954
188.867 818.123 75.6517
208.943 831.668 59.5214
227.854 803.023 59.5167
207.481 789.94 75.6539
210.819 832.907 57.2815
224.295 842.086 33.1062
243.423 813.103 33.0971
229.73 804.262 57.2768
225.313 842.763 30.1781
230.046 846.025 1.6081
249.255 816.914 1.59677
244.441 813.78 30.169
230.044 846.026 -1.56269
225.289 842.792 -30.1321
244.417 813.807 -30.1452
249.254 816.916 -1.57402
224.27 842.118 -33.0581
210.806 832.964 -57.2004
229.719 804.317 -57.212
243.398 813.133 -33.0712
208.931 831.726 -59.4385
188.861 818.178 -75.5754
207.477 789.995 -75.5936
227.844 803.079 -59.4502
186.416 816.569 -76.7928
162.764 800.623 -82.5221
181.037 772.966 -82.5441
205.032 788.385 -76.811
160.116 798.879 -82.5323
136.451 782.899 -76.9292
154.382 755.765 -76.9484
178.389 771.222 -82.5544
134.002 781.282 -75.7245
113.929 767.684 -59.6064
131.571 740.998 -59.6197
151.933 754.147 -75.7437
112.051 766.441 -57.3633
98.6051 757.307 -33.1105
116.053 730.923 -33.1192
129.693 739.754 -57.3766
97.5869 756.631 -30.1697
92.8724 753.426 -1.53291
110.253 727.15 -1.53994
115.035 730.248 -30.1784
112.154 724.205 1.64349
116.948 727.312 30.2606
133.781 700.559 30.2549
128.92 697.562 1.63687
117.98 727.964 33.1979
131.6 736.769 57.4082
148.623 709.706 57.4053
134.814 701.211 33.1922
133.504 737.968 59.6497
153.869 751.101 75.7832
171.177 723.578 75.7844
150.527 710.905 59.6467
156.353 752.662 76.9893
180.364 768.108 82.605
198.008 740.046 82.6079
173.661 725.139 76.9905
183.05 769.792 82.5957
207.05 785.206 76.8708
225.03 756.604 76.8704
200.694 741.73 82.5986
209.531 786.76 75.6537
229.903 799.843 59.5164
248.169 770.774 59.5106
227.511 758.158 75.6533
231.807 801.037 57.2761
245.501 809.878 33.0965
263.97 780.477 33.0876
250.072 771.968 57.2703
246.534 810.529 30.168
251.349 813.664 1.59577
269.893 784.141 1.58537
265.004 781.128 30.1591
251.347 813.665 -1.57541
246.51 810.556 -30.1466
264.98 781.153 -30.1582
269.892 784.142 -1.58582
245.476 809.907 -33.0727
231.796 801.091 -57.2135
250.064 772.02 -57.2237
263.946 780.504 -33.0843
229.893 799.899 -59.4518
209.526 786.814 -75.5951
227.508 758.211 -75.6102
248.162 770.827 -59.462
207.046 785.26 -76.813
183.051 769.841 -82.5462
200.696 741.777 -82.5641
225.028 756.656 -76.8281
180.366 768.156 -82.5565
156.359 752.699 -76.9505
173.668 725.175 -76.9663
198.011 740.092 -82.5744
153.875 751.136 -75.7454
133.513 737.986 -59.6214
150.537 710.922 -59.6328
171.184 723.612 -75.7612
131.608 736.785 -57.3778
117.968 727.954 -33.1204
134.801 701.201 -33.1283
148.632 709.721 -57.3893
116.936 727.302 -30.1793
112.153 724.204 -1.54081
128.92 697.561 -1.54743
133.769 700.549 -30.1872
130.753 694.575 1.63621
135.614 697.573 30.2543
151.826 670.458 30.2486
146.899 667.572 1.63006
136.66 698.201 33.1918
150.469 706.696 57.4048
166.868 679.264 57.4009
152.872 671.086 33.1861
152.4 707.852 59.6466
173.049 720.525 75.7842
189.727 692.621 75.7833
168.798 680.419 59.6427
175.568 722.03 76.9906
199.915 736.936 82.608
216.92 708.48 82.6082
192.245 694.126 76.9896
202.638 738.56 82.5986
226.974 753.434 76.8704
244.305 724.427 76.8682
219.643 710.104 82.5987
229.488 754.931 75.6529
250.146 767.547 59.5102
267.754 738.068 59.5041
246.82 725.924 75.6507
252.076 768.697 57.2696
265.974 777.206 33.0869
283.774 747.399 33.0786
269.684 739.217 57.2635
267.023 777.832 30.1582
271.912 780.845 1.58441
289.782 750.919 1.57499
284.823 748.025 30.1499
271.911 780.846 -1.58704
266.999 777.857 -30.1594
284.8 748.047 -30.1697
289.78 750.92 -1.59646
265.95 777.233 -33.0855
252.068 768.749 -57.2249
269.678 739.267 -57.2341
283.75 747.424 -33.0958
250.139 767.601 -59.4633
229.485 754.984 -75.6115
246.818 725.974 -75.6241
267.749 738.118 -59.4725
226.971 753.486 -76.8297
202.64 738.607 -82.5657
219.646 710.149 -82.5801
244.304 724.476 -76.8423
199.918 736.982 -82.5761
175.575 722.065 -76.968
192.253 694.159 -76.9808
216.924 708.524 -82.5905
173.057 720.558 -75.7627
152.409 707.869 -59.6342
168.808 680.435 -59.6438
189.734 692.652 -75.7755
150.478 706.711 -57.3903
136.648 698.191 -33.1293
152.859 671.075 -33.1363
166.877 679.277 -57.3999
135.601 697.562 -30.1879
130.752 694.575 -1.54822
146.898 667.572 -1.55437
151.813 670.446 -30.1949
148.662 664.546 1.62944
153.589 667.432 30.2479
169.174 639.964 30.2427
164.182 637.193 1.62385
154.649 668.035 33.1856
168.645 676.213 57.4005
184.411 648.422 57.3962
170.234 640.568 33.1803
170.6 677.325 59.6424
191.529 689.526 75.783
207.566 661.254 75.7806
186.367 649.534 59.6382
194.081 690.974 76.9895
218.756 705.328 82.608
235.111 676.493 82.6063
210.118 662.702 76.9871
221.514 706.89 82.5985
246.176 721.213 76.8679
262.847 691.816 76.8645
237.869 678.055 82.5967
248.724 722.653 75.6502
269.658 734.797 59.5036
286.595 704.922 59.4974
265.394 693.257 75.6467
271.614 735.902 57.2628
285.704 744.083 33.0779
302.823 713.882 33.0702
288.551 706.027 57.2566
286.767 744.685 30.149
291.725 747.579 1.5741
308.91 717.261 1.5657
303.886 714.484 30.1413
291.724 747.58 -1.59753
286.743 744.707 -30.1707
303.863 714.504 -30.1797
308.909 717.262 -1.60593
285.68 744.108 -33.0969
271.608 735.951 -57.2352
288.547 706.073 -57.2433
302.8 713.905 -33.1058
269.653 734.847 -59.4736
248.723 722.703 -75.6252
265.395 693.303 -75.6354
286.592 704.969 -59.4817
246.176 721.262 -76.8436
221.518 706.934 -82.5815
237.874 678.096 -82.5929
262.848 691.862 -76.8539
218.76 705.372 -82.5919
194.088 691.006 -76.9822
210.126 662.732 -76.9926
235.116 676.533 -82.6033
191.537 689.558 -75.7767
170.61 677.34 -59.645
186.377 649.547 -59.6532
207.575 661.283 -75.787
168.654 676.226 -57.4008
154.636 668.025 -33.1372
170.22 640.556 -33.1435
184.42 648.433 -57.409
153.576 667.42 -30.1956
148.661 664.545 -1.55508
164.182 637.192 -1.56067
169.16 639.952 -30.2019
165.875 634.128 1.62329
170.866 636.9 30.2421
185.817 609.091 30.2373
180.763 606.435 1.61834
171.94 637.479 33.1798
186.117 645.333 57.3957
201.244 617.195 57.3914
186.891 609.67 33.175
188.098 646.4 59.6378
209.297 658.12 75.7802
224.685 629.493 75.7769
203.224 618.261 59.6336
211.881 659.509 76.9868
236.874 673.3 82.606
252.569 644.1 82.6031
227.269 630.881 76.9835
239.667 674.799 82.5964
264.645 688.56 76.8641
280.644 658.79 76.86
255.362 645.599 82.5935
267.224 689.943 75.6462
288.425 701.608 59.4969
304.68 671.354 59.491
283.223 660.172 75.642
290.405 702.669 57.2559
304.677 710.524 33.0695
321.106 679.943 33.0625
306.66 672.415 57.25
305.754 711.101 30.1405
310.777 713.878 1.56488
327.268 683.18 1.55746
322.182 680.52 30.1336
310.776 713.879 -1.60686
305.731 711.121 -30.1806
322.16 680.538 -30.1883
327.267 683.181 -1.61428
304.654 710.546 -33.1067
290.401 702.714 -57.2443
306.658 672.457 -57.2513
321.083 679.963 -33.1145
288.422 701.655 -59.4827
267.225 689.989 -75.6364
283.225 660.215 -75.6447
304.679 671.398 -59.4897
264.646 688.606 -76.8549
239.672 674.84 -82.594
255.367 645.636 -82.603
280.646 658.832 -76.8632
236.879 673.34 -82.6044
211.889 659.539 -76.9937
227.278 630.908 -77.0019
252.575 644.136 -82.6134
209.306 658.148 -75.788
188.108 646.412 -59.6541
203.235 618.272 -59.661
224.694 629.518 -75.7962
186.126 645.344 -57.4097
171.927 637.467 -33.1443
186.877 609.657 -33.1497
201.253 617.204 -57.4165
170.853 636.888 -30.2025
165.874 634.127 -1.5613
180.763 606.434 -1.56625
185.803 609.078 -30.208
182.386 603.333 1.61783
187.439 605.989 30.2368
201.749 577.85 30.2325
196.635 575.312 1.61359
188.526 606.543 33.1745
202.879 614.068 57.391
217.358 585.595 57.3868
202.836 578.404 33.1702
204.883 615.089 59.6331
226.344 626.32 75.7765
241.074 597.35 75.7729
219.362 586.616 59.629
228.959 627.649 76.9832
254.259 640.868 82.6027
269.284 611.316 82.5991
243.689 598.68 76.9795
257.085 642.302 82.593
282.367 655.494 76.8596
297.685 625.365 76.8551
272.11 612.751 82.5895
284.977 656.817 75.6415
306.434 668 59.4905
321.997 637.382 59.485
300.294 626.688 75.6371
308.437 669.015 57.2494
322.883 676.543 33.0619
338.611 645.596 33.0557
324 638.397 57.2439
323.972 677.095 30.1328
329.058 679.756 1.55673
344.845 648.693 1.55027
339.701 646.149 30.1267
329.057 679.757 -1.61508
323.95 677.113 -30.1891
339.679 646.164 -30.1958
344.844 648.694 -1.62154
322.861 676.562 -33.1152
308.435 669.057 -57.2521
324 638.436 -57.2581
338.59 645.614 -33.1219
306.433 668.043 -59.4905
284.979 656.86 -75.6455
300.298 626.727 -75.652
321.998 637.421 -59.4965
282.37 655.536 -76.8641
257.091 642.34 -82.6039
272.117 612.785 -82.6108
297.688 625.403 -76.8706
254.265 640.904 -82.6143
228.968 627.676 -77.0028
243.699 598.703 -77.0091
269.291 611.349 -82.6212
226.353 626.345 -75.797
204.894 615.099 -59.6617
219.373 586.624 -59.6672
241.084 597.372 -75.8034
202.888 614.077 -57.4172
188.512 606.531 -33.1504
202.821 578.391 -33.155
217.367 585.602 -57.4227
187.425 605.976 -30.2086
182.385 603.332 -1.56679
196.635 575.311 -1.57104
201.734 577.836 -30.2132
198.186 572.174 1.61316
203.3 574.712 30.2321
216.962 546.255 30.2285
211.791 543.836 1.60967
204.399 575.241 33.1698
218.921 582.432 57.3864
232.745 553.637 57.3826
218.061 546.784 33.1662
220.948 583.406 59.6286
242.661 594.141 75.7724
256.726 564.842 75.7687
234.773 554.611 59.6248
245.305 595.41 76.9791
270.9 608.046 82.5987
285.247 578.159 82.5948
259.371 566.111 76.9753
273.758 609.416 82.589
299.332 622.03 76.8547
313.959 591.558 76.8503
288.105 579.529 82.5851
301.971 623.294 75.6365
323.674 633.987 59.4845
338.536 603.021 59.4795
316.598 592.821 75.6321
325.699 634.957 57.2433
340.311 642.156 33.0551
355.33 610.859 33.0498
340.561 603.991 57.2384
341.412 642.684 30.126
346.556 645.228 1.54962
361.632 613.814 1.54409
356.432 611.387 30.1206
346.555 645.229 -1.62222
341.391 642.7 -30.1964
356.411 611.401 -30.202
361.63 613.815 -1.62776
340.289 642.174 -33.1225
325.699 634.995 -57.2588
340.563 604.026 -57.2636
355.309 610.875 -33.1281
323.675 634.027 -59.4972
301.975 623.332 -75.6526
316.603 592.856 -75.6575
338.538 603.057 -59.502
299.336 622.068 -76.8713
273.765 609.45 -82.6114
288.113 579.558 -82.6164
313.964 591.592 -76.8762
270.907 608.079 -82.6218
245.315 595.433 -77.0098
259.381 566.131 -77.0145
285.256 578.187 -82.6268
242.671 594.162 -75.804
220.959 583.414 -59.6678
234.784 554.617 -59.6721
256.737 564.861 -75.8086
218.93 582.438 -57.4232
204.384 575.228 -33.1555
218.046 546.77 -33.1593
232.755 553.641 -57.4275
203.285 574.698 -30.2136
198.185 572.173 -1.57149
211.79 543.835 -1.57498
216.946 546.241 -30.2174
213.27 540.664 1.60931
218.441 543.083 30.2281
231.45 514.321 30.2252
226.224 512.022 1.60662
219.552 543.586 33.1658
234.236 550.439 57.3822
247.4 521.335 57.3788
232.561 514.824 33.1629
236.285 551.366 59.6244
258.238 561.597 75.7683
271.632 531.984 75.7645
249.449 522.262 59.621
260.911 562.805 76.9749
286.788 574.853 82.5944
300.45 544.644 82.5904
274.305 533.192 76.9711
289.677 576.157 82.5847
315.531 588.186 76.8498
329.459 557.386 76.8455
303.338 545.949 82.5807
318.197 589.39 75.6316
340.135 599.59 59.479
354.287 568.292 59.4747
332.125 558.59 75.6273
342.182 600.514 57.2379
356.951 607.382 33.0492
371.253 575.75 33.0447
356.334 569.216 57.2336
358.064 607.884 30.1201
363.264 610.311 1.54353
377.619 578.561 1.53895
372.366 576.252 30.1156
363.262 610.312 -1.62832
358.043 607.898 -30.2026
372.346 576.264 -30.2071
377.618 578.562 -1.63291
356.93 607.397 -33.1286
342.183 600.548 -57.2641
356.337 569.246 -57.2678
371.233 575.763 -33.1332
340.138 599.625 -59.5025
318.202 589.424 -75.658
332.132 558.62 -75.6613
354.291 568.324 -59.5062
315.536 588.22 -76.8766
289.685 576.186 -82.6169
303.348 545.974 -82.6201
329.465 557.416 -76.88
286.796 574.881 -82.6273
260.922 562.825 -77.0149
274.316 533.208 -77.018
300.459 544.668 -82.6305
258.249 561.615 -75.8091
236.296 551.371 -59.6725
249.46 522.265 -59.6756
271.643 531.999 -75.8121
234.246 550.443 -57.4279
219.537 543.572 -33.1597
232.545 514.809 -33.1625
247.409 521.336 -57.431
218.425 543.068 -30.2177
213.269 540.663 -1.57534
226.223 512.021 -1.57803
231.433 514.305 -30.2206
227.63 508.816 1.60635
232.856 511.115 30.2249
245.205 482.06 30.2227
239.927 479.883 1.60443
233.978 511.593 33.1626
248.817 518.104 57.3785
261.314 488.703 57.3755
246.328 482.538 33.1603
250.887 518.983 59.6206
273.07 528.706 75.7641
285.784 498.792 75.7605
263.384 489.583 59.6176
275.77 529.852 76.9707
301.915 541.304 82.5899
314.884 510.789 82.5859
288.485 499.938 76.9671
304.832 542.542 82.5802
330.953 553.98 76.8451
344.175 522.868 76.841
317.802 512.027 82.5761
333.646 555.123 75.6269
355.808 564.824 59.4743
369.243 533.211 59.4706
346.868 524.011 75.6228
357.875 565.702 57.2331
372.794 572.236 33.0443
386.372 540.285 33.0406
371.31 534.088 57.2294
373.918 572.713 30.1151
379.171 575.022 1.5385
392.8 542.952 1.53489
387.496 540.763 30.1115
379.17 575.023 -1.63336
373.898 572.725 -30.2076
387.477 540.772 -30.211
392.799 542.953 -1.63696
372.774 572.249 -33.1336
357.878 565.732 -57.2682
371.314 534.115 -57.2708
386.353 540.296 -33.137
355.812 564.856 -59.5065
333.652 555.152 -75.6616
346.876 524.037 -75.6635
369.249 533.238 -59.5091
330.959 554.009 -76.8802
304.842 542.566 -82.6203
317.813 512.047 -82.6218
344.183 522.893 -76.8821
301.924 541.327 -82.6307
275.781 529.867 -77.0182
288.497 499.95 -77.0197
314.895 510.808 -82.6322
273.081 528.72 -75.8124
250.898 518.985 -59.6758
263.395 489.583 -59.6776
285.797 498.803 -75.8138
248.827 518.105 -57.4312
233.962 511.577 -33.1627
246.312 482.522 -33.1646
261.324 488.702 -57.433
232.839 511.1 -30.2208
227.629 508.816 -1.57829
239.926 479.882 -1.5802
245.189 482.044 -30.2227
241.26 476.646 1.60424
246.538 478.823 30.2225
258.223 449.489 30.2209
252.895 447.435 1.6031
247.671 479.274 33.16
262.657 485.44 57.3753
274.481 455.758 57.3727
259.356 449.94 33.1585
264.747 486.272 59.6172
287.147 495.48 75.7601
299.178 465.28 75.7565
276.571 456.589 59.6147
289.873 496.565 76.9666
316.273 507.415 82.5855
328.544 476.61 82.5813
301.904 466.364 76.963
319.218 508.587 82.5757
345.591 519.428 76.8406
358.101 488.022 76.8366
331.489 477.781 82.5715
348.309 520.51 75.6224
370.684 529.709 59.4702
383.396 497.796 59.4671
360.82 489.104 75.6185
372.77 530.54 57.2291
387.833 536.737 33.0402
400.681 504.484 33.0374
385.482 498.627 57.226
388.967 537.189 30.1111
394.271 539.379 1.53453
407.167 507.005 1.53185
401.815 504.936 30.1083
394.27 539.379 -1.6373
388.948 537.198 -30.2114
401.796 504.943 -30.2138
407.166 507.006 -1.63998
387.814 536.747 -33.1373
372.775 530.567 -57.2711
385.488 498.65 -57.2724
400.662 504.492 -33.1398
370.69 529.737 -59.5092
348.317 520.535 -75.6637
360.829 489.125 -75.6639
383.404 497.82 -59.5106
345.599 519.453 -76.8822
319.229 508.607 -82.6219
331.501 477.797 -82.6215
358.111 488.042 -76.8824
316.284 507.435 -82.6322
289.885 496.576 -77.0197
301.917 466.373 -77.0195
328.556 476.625 -82.6318
287.16 495.491 -75.8139
264.758 486.271 -59.6777
276.583 456.587 -59.6783
299.191 465.288 -75.8137
262.667 485.439 -57.4332
247.655 479.258 -33.1648
259.34 449.924 -33.1657
274.492 455.754 -57.4337
246.521 478.807 -30.2229
241.259 476.645 -1.58037
252.895 447.434 -1.58151
258.206 449.472 -30.2238
254.154 444.168 1.60299
259.482 446.222 30.2208
270.498 416.622 30.2199
265.123 414.692 1.60261
260.625 446.647 33.1582
275.75 452.464 57.3725
286.897 422.514 57.3702
271.641 417.047 33.1573
277.859 453.247 59.6143
300.465 461.938 75.7561
311.807 431.467 75.7524
289.006 423.297 59.6121
303.215 462.96 76.9626
329.856 473.205 82.5808
341.423 442.125 82.5763
314.556 432.489 76.9588
332.827 474.31 82.5711
359.439 484.55 76.8362
371.231 452.866 76.8322
344.394 443.23 82.5665
362.181 485.57 75.6181
384.757 494.263 59.4667
396.74 462.068 59.4642
373.973 453.886 75.6141
386.862 495.046 57.2257
402.06 500.903 33.0371
414.172 468.364 33.0351
398.845 462.851 57.2231
403.204 501.33 30.108
408.556 503.399 1.53159
420.713 470.738 1.52984
415.316 468.791 30.106
408.555 503.399 -1.64021
403.185 501.337 -30.2141
415.298 468.796 -30.2155
420.712 470.739 -1.64196
402.041 500.912 -33.1399
386.868 495.069 -57.2726
398.852 462.87 -57.2726
414.154 468.371 -33.1413
384.765 494.286 -59.5106
362.19 485.591 -75.6639
373.984 453.902 -75.6622
396.749 462.087 -59.5106
359.448 484.57 -76.8823
332.839 474.325 -82.6213
344.407 443.241 -82.6188
371.242 452.881 -76.8806
329.868 473.22 -82.6316
303.228 462.968 -77.0193
314.57 432.494 -77.0173
341.437 442.136 -82.6291
300.478 461.946 -75.8136
277.87 453.244 -59.6782
289.018 423.292 -59.6774
311.82 431.471 -75.8115
275.76 452.46 -57.4337
260.608 446.63 -33.1657
271.624 417.03 -33.1658
286.908 422.508 -57.4329
259.464 446.205 -30.2239
254.153 444.167 -1.58158
265.122 414.691 -1.58195
270.48 416.605 -30.2239
266.307 411.396 1.60257
271.682 413.326 30.2198
282.024 383.474 30.2195
276.605 381.668 1.60295
272.835 413.724 33.1571
288.091 419.191 57.37
298.556 388.987 57.368
283.177 383.872 33.1568
290.217 419.926 59.6117
313.018 428.096 75.752
323.665 397.37 75.7479
300.682 389.722 59.6096
315.79 429.055 76.9583
342.657 438.691 82.5758
353.516 407.353 82.5706
326.437 398.328 76.9541
345.652 439.728 82.5661
372.489 449.364 76.8317
383.558 417.419 76.8274
356.511 408.39 82.5608
375.253 450.322 75.6138
398.021 458.504 59.4638
409.269 426.045 59.4616
386.323 418.377 75.6095
400.142 459.24 57.2229
415.469 464.753 33.0349
426.84 431.946 33.0336
411.391 426.781 57.2207
416.623 465.154 30.1058
422.02 467.101 1.52966
433.434 434.17 1.52887
427.994 432.346 30.1045
422.019 467.101 -1.64206
416.605 465.159 -30.2156
427.976 432.349 -30.2158
433.433 434.17 -1.64285
415.451 464.759 -33.1413
400.15 459.259 -57.2725
411.4 426.795 -57.2711
426.823 431.949 -33.1415
398.03 458.523 -59.5104
375.265 450.338 -75.662
386.335 418.388 -75.6583
409.28 426.06 -59.509
372.5 449.379 -76.8803
345.665 439.739 -82.6185
356.525 408.397 -82.6135
383.571 417.43 -76.8765
342.67 438.702 -82.6287
315.804 429.059 -77.0169
326.452 398.33 -77.0127
353.53 407.36 -82.6238
313.032 428.1 -75.8113
290.229 419.921 -59.6771
300.694 389.715 -59.6749
323.679 397.371 -75.8071
288.101 419.185 -57.4328
272.818 413.707 -33.1657
283.159 383.855 -33.1648
298.567 388.98 -57.4306
271.664 413.309 -30.2239
266.306 411.395 -1.58192
276.604 381.667 -1.58154
282.005 383.457 -30.223
277.714 378.345 1.60298
283.133 380.151 30.2195
292.797 350.06 30.2197
287.337 348.379 1.60406
284.295 380.523 33.1567
299.674 385.638 57.3678
309.454 355.194 57.3657
293.959 350.432 33.1569
301.817 386.323 59.6092
324.799 393.971 75.7475
334.748 363.004 75.7424
311.596 355.88 59.6071
327.593 394.867 76.9535
354.671 403.892 82.57
364.817 372.312 82.5635
337.541 363.9 76.9485
357.689 404.861 82.5602
384.737 413.889 76.8268
395.078 381.701 76.8218
367.835 373.281 82.5538
387.522 414.785 75.6091
410.469 422.453 59.4612
420.979 389.748 59.4593
397.864 382.597 75.604
412.607 423.141 57.2205
428.055 428.306 33.0334
438.681 395.247 33.0329
423.117 390.436 57.2186
429.218 428.68 30.1045
434.659 430.503 1.52877
445.326 397.317 1.529
439.844 395.621 30.104
434.658 430.503 -1.64282
429.201 428.683 -30.2158
439.827 395.621 -30.2148
445.325 397.317 -1.64259
428.039 428.309 -33.1414
412.616 423.155 -57.271
423.128 390.445 -57.268
438.665 395.247 -33.1403
410.48 422.467 -59.5086
387.535 414.796 -75.6579
397.878 382.603 -75.6518
420.992 389.757 -59.5056
384.75 413.9 -76.8759
357.704 404.867 -82.6129
367.85 373.285 -82.6051
395.093 381.707 -76.8698
354.686 403.898 -82.6231
327.607 394.868 -77.0121
337.557 363.898 -77.0055
364.833 372.315 -82.6153
324.814 393.972 -75.8066
301.829 386.317 -59.6745
311.608 355.872 -59.6707
334.763 363.002 -75.8001
299.685 385.63 -57.4303
284.277 380.506 -33.1645
293.941 350.415 -33.1628
309.464 355.185 -57.4266
283.114 380.134 -30.2229
277.713 378.344 -1.58141
287.336 348.378 -1.58034
292.778 350.044 -30.2211
288.37 345.03 1.60414
293.83 346.711 30.2198
302.813 316.394 30.2204
297.314 314.838 1.60583
295.001 347.056 33.1567
310.496 351.818 57.3656
319.586 321.149 57.3631
303.983 316.74 33.1573
312.653 352.455 59.6067
335.805 359.58 75.7419
345.052 328.388 75.7354
321.743 321.786 59.6042
338.618 360.412 76.9478
365.894 368.825 82.5628
375.323 337.022 82.5543
347.865 329.22 76.9412
368.933 369.726 82.553
396.176 378.146 76.8211
405.787 345.734 76.8147
378.362 337.923 82.5445
398.981 378.979 75.6036
422.096 386.13 59.4589
431.865 353.198 59.457
408.592 346.567 75.5972
424.25 386.77 57.2184
439.814 391.581 33.0327
449.692 358.287 33.033
434.018 353.837 57.2165
440.985 391.928 30.1039
446.467 393.623 1.52899
456.386 360.197 1.53035
450.864 358.634 30.1042
446.467 393.623 -1.6424
440.969 391.927 -30.2146
450.848 358.629 -30.2121
456.385 360.197 -1.64104
439.798 391.58 -33.14
424.261 386.778 -57.2677
434.031 353.84 -57.2631
449.678 358.283 -33.1375
422.109 386.139 -59.505
398.996 378.985 -75.6511
408.608 346.568 -75.6421
431.879 353.201 -59.5004
396.191 378.152 -76.8688
368.948 369.729 -82.6042
378.378 337.923 -82.5929
405.803 345.735 -76.8598
365.91 368.827 -82.6143
338.634 360.411 -77.0045
347.881 329.217 -76.9951
375.339 337.021 -82.6031
335.82 359.578 -75.7993
312.665 352.447 -59.67
321.755 321.778 -59.6646
345.068 328.384 -75.7899
310.506 351.81 -57.4262
294.983 347.04 -33.1623
303.964 316.724 -33.1597
319.596 321.14 -57.4208
293.812 346.695 -30.2209
288.369 345.029 -1.58013
297.313 314.838 -1.57844
302.793 316.379 -30.2183
298.272 311.465 1.60596
303.771 313.021 30.2205
312.068 282.49 30.2213
306.534 281.059 1.60815
304.949 313.34 33.1572
320.551 317.749 57.363
328.949 286.868 57.3597
313.247 282.809 33.1579
322.723 318.338 59.6035
346.032 324.94 75.7348
354.575 293.538 75.726
331.121 287.456 59.6002
348.863 325.709 76.9402
376.321 333.51 82.5533
385.03 301.502 82.5418
357.406 294.308 76.9314
379.379 334.344 82.5436
406.804 342.155 76.8137
415.681 309.539 76.8052
388.088 302.335 82.5321
409.627 342.925 75.5967
432.9 349.556 59.4565
441.924 316.417 59.4543
418.504 310.309 75.5882
435.068 350.146 57.2163
450.742 354.596 33.0328
459.871 321.083 33.0337
444.092 317.007 57.2141
451.922 354.915 30.1043
457.444 356.478 1.53042
466.612 322.826 1.53305
461.051 321.402 30.1052
457.443 356.478 -1.64068
451.906 354.91 -30.2118
461.037 321.393 -30.2076
466.611 322.826 -1.63805
450.728 354.591 -33.1369
435.081 350.149 -57.2625
444.106 317.004 -57.2563
459.858 321.074 -33.1327
432.915 349.559 -59.4995
409.643 342.926 -75.6412
418.521 310.306 -75.6288
441.94 316.414 -59.4933
406.82 342.155 -76.8585
379.396 334.343 -82.5916
388.105 302.331 -82.5762
415.698 309.535 -76.8461
376.337 333.509 -82.6017
348.879 325.705 -76.9937
357.422 294.303 -76.981
385.047 301.498 -82.5863
346.048 324.935 -75.7889
322.735 318.329 -59.6635
331.133 287.447 -59.6562
354.59 293.533 -75.7761
320.562 317.74 -57.4202
304.93 313.324 -33.1591
313.227 282.794 -33.1557
328.959 286.858 -57.4129
303.751 313.005 -30.218
298.271 311.464 -1.57815
306.533 281.058 -1.57596
312.049 282.476 -30.2145
307.415 277.663 1.6083
312.95 279.093 30.2214
320.562 248.36 30.2222
314.993 247.053 1.61084
314.136 279.386 33.1577
329.838 283.445 57.3594
337.542 252.363 57.3548
321.747 248.652 33.1584
332.023 283.985 59.5994
355.477 290.067 75.7251
363.314 258.472 75.7131
339.727 252.903 59.5948
358.325 290.774 76.9301
385.949 297.968 82.5404
393.937 265.773 82.5247
366.161 259.179 76.9181
389.025 298.735 82.5308
416.617 305.938 76.8039
424.757 273.14 76.7923
397.013 266.539 82.5151
419.457 306.646 75.5875
442.877 312.754 59.4535
451.155 279.429 59.4503
427.597 273.848 75.5758
445.059 313.293 57.2138
460.838 317.369 33.0335
469.217 283.654 33.035
453.336 279.968 57.2106
462.025 317.659 30.1053
467.587 319.084 1.53319
476.005 285.219 1.53719
470.404 283.944 30.1068
467.586 319.083 -1.63746
462.012 317.65 -30.207
470.392 283.93 -30.2007
476.004 285.219 -1.63346
460.825 317.36 -33.1319
445.074 313.289 -57.2554
453.352 279.958 -57.2474
469.206 283.64 -33.1256
442.894 312.75 -59.4921
419.474 306.642 -75.6276
427.615 273.84 -75.6113
451.172 279.419 -59.4841
416.634 305.934 -76.8443
389.042 298.73 -82.5744
397.03 266.533 -82.5541
424.775 273.132 -76.828
385.966 297.964 -82.5845
358.341 290.769 -76.9791
366.177 259.173 -76.9624
393.954 265.766 -82.5641
355.493 290.062 -75.7748
332.035 283.976 -59.6549
339.739 252.895 -59.6455
363.329 258.466 -75.7581
329.849 283.436 -57.4122
314.117 279.371 -33.1549
321.727 248.64 -33.1507
337.552 252.355 -57.4028
312.93 279.079 -30.2141
307.414 277.662 -1.57559
314.992 247.052 -1.57305
320.541 248.348 -30.2099
315.799 243.634 1.61099
321.367 244.941 30.2223
328.291 214.014 30.2227
322.691 212.831 1.6137
322.56 245.207 33.1581
338.355 248.918 57.3545
345.364 217.647 57.3481
329.484 214.28 33.1584
340.551 249.411 59.5936
364.138 254.979 75.712
371.268 223.204 75.696
347.561 218.14 59.5872
367 255.625 76.9162
394.776 262.219 82.5229
402.041 229.857 82.5019
374.13 223.85 76.9003
397.868 262.919 82.5133
425.613 269.52 76.7905
433.015 236.564 76.7748
405.133 230.557 82.4924
428.468 270.165 75.5748
452.026 275.746 59.4493
459.556 242.258 59.4438
435.871 237.209 75.5591
454.22 276.234 57.2102
470.101 279.919 33.0345
477.73 246.015 33.0362
461.75 242.746 57.2047
471.296 280.178 30.107
476.896 281.454 1.53738
484.565 247.388 1.54271
478.925 246.274 30.1086
476.896 281.453 -1.63263
471.284 280.165 -30.1999
478.916 246.255 -30.1913
484.565 247.387 -1.6273
470.09 279.905 -33.1244
454.236 276.223 -57.2462
461.767 242.729 -57.2356
477.722 245.996 -33.1158
452.043 275.736 -59.4825
428.486 270.156 -75.6098
435.889 237.197 -75.5891
459.574 242.241 -59.472
425.63 269.512 -76.8257
397.885 262.912 -82.5518
405.151 230.549 -82.526
433.034 236.552 -76.8051
394.793 262.212 -82.5618
367.016 255.619 -76.9601
374.146 223.845 -76.9391
402.059 229.849 -82.5359
364.153 254.973 -75.7564
340.563 249.403 -59.6438
347.572 218.134 -59.6323
371.283 223.199 -75.7354
338.365 248.91 -57.4019
322.54 245.195 -33.1498
329.463 214.271 -33.1447
345.373 217.641 -57.3904
321.347 244.929 -30.2094
315.798 243.634 -1.57262
322.69 212.83 -1.56991
328.27 214.005 -30.2044
323.421 209.391 1.61383
329.021 210.574 30.2228
335.26 179.461 30.2221
329.631 178.401 1.61653
330.219 210.814 33.1579
346.1 214.182 57.3476
352.416 182.731 57.339
336.458 179.702 33.1572
348.307 214.628 59.5857
372.014 219.692 75.6944
378.437 187.753 75.6743
354.623 183.177 59.5771
374.89 220.278 76.8979
402.801 226.285 82.4995
409.343 193.779 82.4727
381.313 188.339 76.8777
405.907 226.921 82.4901
433.79 232.927 76.7725
440.453 199.84 76.7517
412.449 194.414 82.4633
436.659 233.51 75.5576
460.344 238.559 59.4423
467.124 204.932 59.4322
443.323 200.423 75.5368
462.551 238.993 57.2039
478.531 242.262 33.0354
485.409 208.179 33.0362
469.331 205.366 57.1938
479.733 242.487 30.1088
485.373 243.601 1.5429
492.291 209.34 1.54927
486.611 208.404 30.1097
485.373 243.6 -1.62622
479.724 242.469 -30.1902
486.605 208.382 -30.179
492.291 209.339 -1.61985
478.523 242.242 -33.1141
462.568 238.975 -57.234
469.348 205.343 -57.2189
485.404 208.155 -33.1029
460.362 238.542 -59.4699
436.678 233.497 -75.5871
443.342 200.407 -75.5616
467.143 204.91 -59.4549
433.808 232.915 -76.8022
405.925 226.912 -82.5231
412.467 194.405 -82.4917
440.472 199.825 -76.7768
402.818 226.277 -82.533
374.906 220.273 -76.9362
381.329 188.334 -76.9111
409.36 193.77 -82.5016
372.029 219.687 -75.7333
348.318 214.622 -59.6302
354.634 183.175 -59.6163
378.452 187.748 -75.7082
346.109 214.176 -57.3893
330.199 210.805 -33.1436
336.437 179.697 -33.1375
352.425 182.729 -57.3754
329 210.565 -30.2039
323.42 209.39 -1.56942
329.63 178.401 -1.56672
335.238 179.457 -30.1978
330.286 174.941 1.61652
335.914 176.001 30.2221
341.481 144.712 30.2176
335.83 143.775 1.61913
337.118 176.216 33.1564
353.076 179.246 57.3381
358.706 147.625 57.324
342.685 144.927 33.1518
355.292 179.647 59.575
379.106 184.222 75.6722
384.825 152.132 75.6455
360.922 148.026 59.5609
381.993 184.751 76.8746
410.023 190.191 82.4696
415.839 157.564 82.4345
387.712 152.661 76.848
413.142 190.764 82.4603
441.146 196.19 76.7487
447.063 163.004 76.7195
418.958 158.138 82.4252
444.028 196.711 75.5345
467.829 201.22 59.4299
473.845 167.478 59.4089
449.946 163.525 75.5054
470.047 201.596 57.1923
486.125 204.409 33.0347
492.236 170.154 33.0319
476.063 167.855 57.1713
487.335 204.597 30.1097
493.015 205.533 1.54934
499.164 171.079 1.55637
493.445 170.342 30.1069
493.015 205.532 -1.61848
487.329 204.575 -30.1776
493.444 170.316 -30.1621
499.164 171.078 -1.61145
486.121 204.385 -33.1005
470.065 201.573 -57.2165
476.082 167.828 -57.1922
492.236 170.127 -33.085
467.848 201.197 -59.4521
444.047 196.695 -75.5588
449.965 163.508 -75.5265
473.865 167.452 -59.4278
441.164 196.175 -76.7733
413.159 190.755 -82.4882
418.976 158.128 -82.4496
447.082 162.988 -76.741
410.041 190.182 -82.498
382.009 184.746 -76.9075
387.728 152.659 -76.8763
415.857 157.556 -82.4593
379.121 184.218 -75.7055
355.303 179.645 -59.6137
360.934 148.03 -59.594
384.84 152.131 -75.6744
353.085 179.244 -57.3739
337.097 176.212 -33.136
342.665 144.929 -33.1259
358.715 147.629 -57.3543
335.893 175.997 -30.1972
330.285 174.941 -1.56608
335.829 143.775 -1.56348
341.46 144.714 -30.187
336.415 140.297 1.61832
342.065 141.234 30.2168
347.028 109.788 30.1871
341.37 108.978 1.62089
343.272 141.424 33.1488
359.293 144.122 57.321
364.281 112.351 57.2664
348.235 109.978 33.1191
361.515 144.479 59.556
385.418 148.585 75.6407
390.446 116.367 75.5693
366.504 112.708 59.5014
388.312 149.06 76.842
416.44 153.963 82.4285
421.514 121.247 82.3491
393.34 116.842 76.7705
419.567 154.478 82.4193
447.672 159.344 76.7137
452.799 126.104 76.6434
424.641 121.762 82.3399
450.564 159.803 75.5002
474.463 163.756 59.4037
479.652 129.917 59.3464
455.691 126.563 75.4299
476.691 164.07 57.1677
492.864 166.369 33.0283
498.123 131.935 33.0077
481.879 130.231 57.1104
494.079 166.515 30.1064
499.797 167.251 1.55586
505.081 132.594 1.56327
499.338 132.08 30.0858
499.798 167.25 -1.60938
494.078 166.489 -30.16
499.348 132.054 -30.1253
505.082 132.593 -1.60197
492.864 166.342 -33.0807
476.71 164.042 -57.1879
481.9 130.201 -57.1361
498.133 131.906 -33.046
474.483 163.729 -59.4227
450.583 159.786 -75.5213
455.712 126.545 -75.4532
479.673 129.889 -59.3709
447.691 159.328 -76.735
419.585 154.468 -82.4436
424.662 121.753 -82.3631
452.82 126.087 -76.6669
416.458 153.955 -82.4529
388.328 149.058 -76.8699
393.359 116.844 -76.7942
421.535 121.239 -82.3725
385.434 148.584 -75.6689
361.527 144.484 -59.5886
366.519 112.721 -59.5272
390.465 116.37 -75.5932
359.303 144.127 -57.3507
343.252 141.427 -33.1223
348.218 109.992 -33.0864
364.295 112.364 -57.2892
342.045 141.237 -30.1856
336.413 140.298 -1.56201
341.369 108.979 -1.55945
347.011 109.802 -30.1497
341.908 105.491 1.61447
347.567 106.301 30.1807
352.291 74.809 29.9774
346.673 74.1279 1.61547
348.77 106.466 33.101
364.817 108.839 57.2482
369.434 77.0211 56.8891
353.494 74.9735 32.8978
367.033 109.153 59.4756
390.976 112.813 75.5435
395.443 80.5534 75.107
371.651 77.3354 59.1165
393.864 113.235 76.7421
422.037 117.64 82.3207
426.34 84.8992 81.8861
398.331 80.9762 76.3056
425.158 118.1 82.3132
453.316 122.443 76.6166
457.454 89.2213 76.2294
429.461 85.3586 81.8786
456.206 122.836 75.4077
480.167 126.191 59.3242
484.217 92.2315 59.0696
460.344 89.615 75.0205
482.392 126.43 57.0963
498.636 128.134 32.9936
502.586 93.4619 32.8518
486.442 92.4711 56.8417
499.849 128.229 30.0812
505.592 128.743 1.55865
509.489 93.8205 1.55516
503.799 93.5575 29.9394
505.593 128.742 -1.59657
499.859 128.203 -30.1199
503.81 93.5403 -29.977
509.489 93.8195 -1.60006
498.647 128.106 -33.0313
482.414 126.402 -57.1214
486.47 92.451 -56.8572
502.598 93.4435 -32.8884
480.189 126.162 -59.3484
456.228 122.819 -75.4308
460.37 89.5981 -75.0333
484.244 92.2116 -59.0842
453.337 122.426 -76.6396
425.179 118.091 -82.3359
429.486 85.3515 -81.8932
457.48 89.2053 -76.2421
422.058 117.633 -82.3435
393.883 113.237 -76.7652
398.355 80.982 -76.322
426.366 84.8932 -81.9008
390.995 112.816 -75.5667
367.05 109.166 -59.5006
371.674 77.3597 -59.1314
395.467 80.5606 -75.1235
364.831 108.853 -57.2703
348.754 106.481 -33.0675
353.486 75.0041 -32.8588
369.455 77.0464 -56.901
347.55 106.316 -30.1427
341.908 105.492 -1.55246
346.673 74.129 -1.55146
352.281 74.8385 -29.934
347.332 70.6915 1.57278
352.949 71.3726 29.9347
360.004 40.6478 28.6455
354.646 40 1.57057
354.119 71.5204 32.7784
370.059 73.568 56.7698
376.367 42.7366 54.4038
361.174 40.7956 31.4892
372.217 73.8516 58.943
396.009 77.0696 74.9336
401.213 46.0135 71.8817
378.525 43.0202 56.577
398.823 77.4511 76.1077
426.832 81.3742 81.6881
430.766 49.9839 78.4441
404.027 46.3951 73.0558
429.874 81.7879 81.6861
457.867 85.6505 76.037
460.556 53.909 73.0844
433.809 50.3976 78.4421
460.679 86.0009 74.865
484.552 88.6174 58.9142
486.105 56.9006 56.6335
463.368 54.2593 71.9125
486.717 88.8283 56.7447
502.861 89.8191 32.7548
503.504 58.4552 31.4662
488.271 57.1115 54.464
504.042 89.9022 29.9047
509.732 90.1652 1.52047
510.026 58.9217 1.51283
504.686 58.5382 28.6162
509.732 90.1637 -1.56648
504.052 89.8845 -29.9435
504.682 58.4933 -28.6574
510.026 58.9201 -1.57413
502.873 89.8001 -32.7905
486.744 88.8076 -56.7593
488.299 57.0689 -54.456
503.502 58.4089 -31.5044
484.58 88.5972 -58.927
460.706 85.9837 -74.8761
463.397 54.2424 -71.9089
486.135 56.8584 -56.6237
457.894 85.6347 -76.0485
429.9 81.7809 -81.6996
433.837 50.3936 -78.4463
460.585 53.8934 -73.0814
426.858 81.3685 -81.7021
398.847 77.4573 -76.1232
404.051 46.4068 -73.067
430.794 49.9813 -78.4488
396.033 77.0778 -74.9495
372.24 73.877 -58.9574
378.542 43.0647 -56.5931
401.237 46.0274 -71.8933
370.08 73.595 -56.7814
354.111 71.5527 -32.7391
361.158 40.8454 -31.4548
376.383 42.7828 -54.417
352.94 71.4031 -29.8913
347.331 70.6936 -1.50874
354.645 40.002 -1.51095
359.987 40.6958 -28.607
355.498 36.6406 1.48596
360.856 37.2884 28.5609
368.893 7.37918 26.7986
363.875 6.77722 1.47851
361.962 37.4272 31.2494
377.156 39.3683 54.164
384.225 9.32518 50.9113
369.999 7.51803 29.4871
379.195 39.6319 56.2191
401.883 42.6253 71.5237
407.509 12.327 67.2522
386.264 9.58878 52.9664
404.544 42.9748 72.6346
431.283 46.5637 78.0228
435.188 15.9213 73.3602
410.169 12.6765 68.363
434.159 46.9399 78.022
460.907 50.4513 72.6644
463.062 19.4855 68.3214
438.064 16.2976 73.3594
463.564 50.782 71.5547
486.301 53.4232 56.2757
486.925 22.3766 52.9192
465.719 19.8162 67.2117
488.339 53.6471 54.2207
503.573 54.9908 31.223
503.147 24.0984 29.4106
488.963 22.6005 50.8642
504.679 55.093 28.5299
510.019 55.4764 1.42655
509.218 24.6451 1.43674
504.253 24.2006 26.7175
510.019 55.4732 -1.48732
504.674 55.0463 -28.5706
504.246 24.1278 -26.7412
509.217 24.6419 -1.47714
503.57 54.9413 -31.26
488.366 53.6013 -54.2116
488.98 22.5351 -50.8517
503.141 24.0228 -29.4306
486.33 53.38 -56.2648
463.592 50.764 -71.55
465.74 19.8003 -67.2077
486.944 22.3138 -52.9048
460.935 50.4359 -72.6606
434.187 46.9362 -78.0256
438.084 16.295 -73.3607
463.083 19.4722 -68.3183
431.311 46.5613 -78.027
404.568 42.9868 -72.6452
410.186 12.6887 -68.3696
435.208 15.9201 -73.3622
401.907 42.6402 -71.5351
379.212 39.6776 -56.2349
386.27 9.64838 -52.9813
407.526 12.3421 -67.2595
377.171 39.4165 -54.1778
361.946 37.4792 -31.2156
369.976 7.5875 -29.4649
384.228 9.38733 -50.9242
360.839 37.3375 -28.5234
355.497 36.6437 -1.42733
363.874 6.7803 -1.43478
368.87 7.44579 -26.7727
364.912 3.71597 1.34882
369.929 4.31794 26.6689
380.254 -21.1416 23.7809
375.831 -21.7632 1.32914
370.937 4.45049 29.1231
385.164 6.25763 50.5473
393.861 -19.2499 45.2655
381.262 -21.0091 26.2351
387.027 6.50306 52.424
408.271 9.24124 66.7098
414.607 -16.4742 59.8128
395.724 -19.0045 47.1422
410.703 9.56009 67.7216
435.721 12.8049 72.7188
439.275 -13.2049 65.2165
417.038 -16.1554 60.8247
438.348 13.1476 72.7145
463.347 16.3355 67.6765
464.086 -9.93046 60.6876
441.902 -12.8623 65.2123
465.77 16.646 66.6605
486.976 19.2064 52.368
485.273 -7.14465 46.9515
466.51 -9.61991 59.6716
488.831 19.4351 50.4944
503.015 20.933 29.0408
499.642 -5.26653 26.113
487.128 -6.91597 45.0779
504.021 21.0494 26.5896
508.985 21.4939 1.30888
505.037 -4.57174 1.32708
500.648 -5.15016 23.6619
508.985 21.4917 -1.3455
504.014 20.9777 -26.6096
500.647 -5.15247 -23.6621
505.037 -4.57389 -1.3273
503.008 20.8593 -29.0602
488.848 19.3716 -50.4812
487.128 -6.92057 -45.0779
499.642 -5.27091 -26.1127
486.993 19.145 -52.3545
465.789 16.6315 -66.6574
466.511 -9.62245 -59.6713
485.273 -7.14713 -46.9512
463.365 16.3226 -67.6735
438.367 13.1454 -72.7159
441.903 -12.8631 -65.2121
464.087 -9.93133 -60.6875
435.74 12.8034 -72.7204
410.718 9.57203 -67.7278
417.039 -16.1554 -60.8247
439.276 -13.2051 -65.2165
408.286 9.25478 -66.7161
387.03 6.56111 -52.4378
395.724 -19.0027 -47.1424
414.607 -16.4726 -59.813
385.166 6.31777 -50.5607
370.915 4.51794 -29.1013
381.261 -21.0051 -26.2349
393.86 -19.2461 -45.2652
369.906 4.38347 -26.6464
364.911 3.71798 -1.30856
375.831 -21.7612 -1.32823
380.253 -21.1396 -23.78
-64.7413 986.049 25.8571
-68.6093 982.72 0.0977899
-64.6872 986.018 -25.6557
-53.5795 995.443 -47.492
-36.8982 1009.5 -62.073
-17.1697 1026.01 -67.1623
2.52849 1042.53 -62.0188
19.1457 1056.66 -47.4561
30.1845 1066.25 -25.6568
34.0534 1069.65 0.105627
30.1998 1066.21 25.8642
19.1665 1056.61 47.6577
2.54086 1042.49 62.2201
-17.1661 1025.98 67.3618
-36.9044 1009.49 62.2701
-53.6239 995.465 47.697
382.635 -22.3855 1.31945e-05
387.058 -21.764 22.4517
399.656 -20.0048 41.4821
418.539 -17.4746 54.1528
440.776 -14.5241 58.5446
462.96 -11.5923 54.02
481.723 -9.11705 41.3
494.237 -7.4676 22.335
498.627 -6.88918 0.000239176
494.237 -7.46776 -22.3346
481.723 -9.11742 -41.2997
462.96 -11.5927 -54.0199
440.776 -14.5245 -58.5445
418.539 -17.4748 -54.1527
399.656 -20.0049 -41.4821
387.058 -21.764 -22.4517
</DataArray>
</Points>
<Cells>
<DataArray type="Int32" Name="connectivity" format="ascii">
0 1 529 528 1 17 530 529 17 16 531 530 16 0 528 531 1 2 533 532 2 18 534 533 18 17 535 534 17 1 532 535 2 3 537 536 3 19 538 537 19 18 539 538 18 2 536 539 3 4 541 540 4 20 542 541 20 19 543 542 19 3 540 543 4 5 545 544 5 21 546 545 21 20 547 546 20 4 544 547 5 6 549 548 6 22 550 549 22 21 551 550 21 5 548 551 6 7 553 552 7 23 554 553 23 22 555 554 22 6 552 555 7 8 557 556 8 24 558 557 24 23 559 558 23 7 556 559 8 9 561 560 9 25 562 561 25 24 563 562 24 8 560 563 9 10 565 564 10 26 566 565 26 25 567 566 25 9 564 567 10 11 569 568 11 27 570 569 27 26 571 570 26 10 568 571 11 12 573 572 12 28 574 573 28 27 575 574 27 11 572 575 12 13 577 576 13 29 578 577 29 28 579 578 28 12 576 579 13 14 581 580 14 30 582 581 30 29 583 582 29 13 580 583 14 15 585 584 15 31 586 585 31 30 587 586 30 14 584 587 15 0 589 588 0 16 590 589 16 31 591 590 31 15 588 591 16 17 593 592 17 33 594 593 33 32 595 594 32 16 592 595 18 34 597 596 34 33 598 597 33 17 599 598 17 18 596 599 19 35 601 600 35 34 602 601 34 18 603 602 18 19 600 603 20 36 605 604 36 35 606 605 35 19 607 606 19 20 604 607 21 37 609 608 37 36 610 609 36 20 611 610 20 21 608 611 22 38 613 612 38 37 614 613 37 21 615 614 21 22 612 615 23 39 617 616 39 38 618 617 38 22 619 618 22 23 616 619 24 40 621 620 40 39 622 621 39 23 623 622 23 24 620 623 25 41 625 624 41 40 626 625 40 24 627 626 24 25 624 627 26 42 629 628 42 41 630 629 41 25 631 630 25 26 628 631 27 43 633 632 43 42 634 633 42 26 635 634 26 27 632 635 28 44 637 636 44 43 638 637 43 27 639 638 27 28 636 639 29 45 641 640 45 44 642 641 44 28 643 642 28 29 640 643 30 46 645 644 46 45 646 645 45 29 647 646 29 30 644 647 31 47 649 648 47 46 650 649 46 30 651 650 30 31 648 651 31 16 653 652 16 32 654 653 32 47 655 654 47 31 652 655 32 33 657 656 33 49 658 657 49 48 659 658 48 32 656 659 33 34 661 660 34 50 662 661 50 49 663 662 49 33 660 663 34 35 665 664 35 51 666 665 51 50 667 666 50 34 664 667 35 36 669 668 36 52 670 669 52 51 671 670 51 35 668 671 36 37 673 672 37 53 674 673 53 52 675 674 52 36 672 675 37 38 677 676 38 54 678 677 54 53 679 678 53 37 676 679 38 39 681 680 39 55 682 681 55 54 683 682 54 38 680 683 39 40 685 684 40 56 686 685 56 55 687 686 55 39 684 687 40 41 689 688 41 57 690 689 57 56 691 690 56 40 688 691 41 42 693 692 42 58 694 693 58 57 695 694 57 41 692 695 42 43 697 696 43 59 698 697 59 58 699 698 58 42 696 699 43 44 701 700 44 60 702 701 60 59 703 702 59 43 700 703 44 45 705 704 45 61 706 705 61 60 707 706 60 44 704 707 45 46 709 708 46 62 710 709 62 61 711 710 61 45 708 711 46 47 713 712 47 63 714 713 63 62 715 714 62 46 712 715 47 32 717 716 32 48 718 717 48 63 719 718 63 47 716 719 48 49 721 720 49 65 722 721 65 64 723 722 64 48 720 723 49 50 725 724 50 66 726 725 66 65 727 726 65 49 724 727 50 51 729 728 51 67 730 729 67 66 731 730 66 50 728 731 51 52 733 732 52 68 734 733 68 67 735 734 67 51 732 735 52 53 737 736 53 69 738 737 69 68 739 738 68 52 736 739 53 54 741 740 54 70 742 741 70 69 743 742 69 53 740 743 54 55 745 744 55 71 746 745 71 70 747 746 70 54 744 747 55 56 749 748 56 72 750 749 72 71 751 750 71 55 748 751 56 57 753 752 57 73 754 753 73 72 755 754 72 56 752 755 57 58 757 756 58 74 758 757 74 73 759 758 73 57 756 759 58 59 761 760 59 75 762 761 75 74 763 762 74 58 760 763 59 60 765 764 60 76 766 765 76 75 767 766 75 59 764 767 60 61 769 768 61 77 770 769 77 76 771 770 76 60 768 771 61 62 773 772 62 78 774 773 78 77 775 774 77 61 772 775 62 63 777 776 63 79 778 777 79 78 779 778 78 62 776 779 63 48 781 780 48 64 782 781 64 79 783 782 79 63 780 783 64 65 785 784 65 81 786 785 81 80 787 786 80 64 784 787 65 66 789 788 66 82 790 789 82 81 791 790 81 65 788 791 66 67 793 792 67 83 794 793 83 82 795 794 82 66 792 795 67 68 797 796 68 84 798 797 84 83 799 798 83 67 796 799 68 69 801 800 69 85 802 801 85 84 803 802 84 68 800 803 69 70 805 804 70 86 806 805 86 85 807 806 85 69 804 807 70 71 809 808 71 87 810 809 87 86 811 810 86 70 808 811 71 72 813 812 72 88 814 813 88 87 815 814 87 71 812 815 72 73 817 816 73 89 818 817 89 88 819 818 88 72 816 819 73 74 821 820 74 90 822 821 90 89 823 822 89 73 820 823 74 75 825 824 75 91 826 825 91 90 827 826 90 74 824 827 75 76 829 828 76 92 830 829 92 91 831 830 91 75 828 831 76 77 833 832 77 93 834 833 93 92 835 834 92 76 832 835 77 78 837 836 78 94 838 837 94 93 839 838 93 77 836 839 78 79 841 840 79 95 842 841 95 94 843 842 94 78 840 843 79 64 845 844 64 80 846 845 80 95 847 846 95 79 844 847 80 81 849 848 81 97 850 849 97 96 851 850 96 80 848 851 81 82 853 852 82 98 854 853 98 97 855 854 97 81 852 855 82 83 857 856 83 99 858 857 99 98 859 858 98 82 856 859 83 84 861 860 84 100 862 861 100 99 863 862 99 83 860 863 84 85 865 864 85 101 866 865 101 100 867 866 100 84 864 867 85 86 869 868 86 102 870 869 102 101 871 870 101 85 868 871 86 87 873 872 87 103 874 873 103 102 875 874 102 86 872 875 87 88 877 876 88 104 878 877 104 103 879 878 103 87 876 879 88 89 881 880 89 105 882 881 105 104 883 882 104 88 880 883 89 90 885 884 90 106 886 885 106 105 887 886 105 89 884 887 90 91 889 888 91 107 890 889 107 106 891 890 106 90 888 891 91 92 893 892 92 108 894 893 108 107 895 894 107 91 892 895 92 93 897 896 93 109 898 897 109 108 899 898 108 92 896 899 93 94 901 900 94 110 902 901 110 109 903 902 109 93 900 903 94 95 905 904 95 111 906 905 111 110 907 906 110 94 904 907 95 80 909 908 80 96 910 909 96 111 911 910 111 95 908 911 96 97 913 912 97 113 914 913 113 112 915 914 112 96 912 915 97 98 917 916 98 114 918 917 114 113 919 918 113 97 916 919 98 99 921 920 99 115 922 921 115 114 923 922 114 98 920 923 99 100 925 924 100 116 926 925 116 115 927 926 115 99 924 927 100 101 929 928 101 117 930 929 117 116 931 930 116 100 928 931 101 102 933 932 102 118 934 933 118 117 935 934 117 101 932 935 102 103 937 936 103 119 938 937 119 118 939 938 118 102 936 939 103 104 941 940 104 120 942 941 120 119 943 942 119 103 940 943 104 105 945 944 105 121 946 945 121 120 947 946 120 104 944 947 105 106 949 948 106 122 950 949 122 121 951 950 121 105 948 951 106 107 953 952 107 123 954 953 123 122 955 954 122 106 952 955 107 108 957 956 108 124 958 957 124 123 959 958 123 107 956 959 108 109 961 960 109 125 962 961 125 124 963 962 124 108 960 963 109 110 965 964 110 126 966 965 126 125 967 966 125 109 964 967 110 111 969 968 111 127 970 969 127 126 971 970 126 110 968 971 111 96 973 972 96 112 974 973 112 127 975 974 127 111 972 975 112 113 977 976 113 129 978 977 129 128 979 978 128 112 976 979 113 114 981 980 114 130 982 981 130 129 983 982 129 113 980 983 114 115 985 984 115 131 986 985 131 130 987 986 130 114 984 987 115 116 989 988 116 132 990 989 132 131 991 990 131 115 988 991 116 117 993 992 117 133 994 993 133 132 995 994 132 116 992 995 117 118 997 996 118 134 998 997 134 133 999 998 133 117 996 999 118 119 1001 1000 119 135 1002 1001 135 134 1003 1002 134 118 1000 1003 119 120 1005 1004 120 136 1006 1005 136 135 1007 1006 135 119 1004 1007 120 121 1009 1008 121 137 1010 1009 137 136 1011 1010 136 120 1008 1011 121 122 1013 1012 122 138 1014 1013 138 137 1015 1014 137 121 1012 1015 122 123 1017 1016 123 139 1018 1017 139 138 1019 1018 138 122 1016 1019 123 124 1021 1020 124 140 1022 1021 140 139 1023 1022 139 123 1020 1023 124 125 1025 1024 125 141 1026 1025 141 140 1027 1026 140 124 1024 1027 125 126 1029 1028 126 142 1030 1029 142 141 1031 1030 141 125 1028 1031 126 127 1033 1032 127 143 1034 1033 143 142 1035 1034 142 126 1032 1035 127 112 1037 1036 112 128 1038 1037 128 143 1039 1038 143 127 1036 1039 128 129 1041 1040 129 145 1042 1041 145 144 1043 1042 144 128 1040 1043 129 130 1045 1044 130 146 1046 1045 146 145 1047 1046 145 129 1044 1047 130 131 1049 1048 131 147 1050 1049 147 146 1051 1050 146 130 1048 1051 131 132 1053 1052 132 148 1054 1053 148 147 1055 1054 147 131 1052 1055 132 133 1057 1056 133 149 1058 1057 149 148 1059 1058 148 132 1056 1059 133 134 1061 1060 134 150 1062 1061 150 149 1063 1062 149 133 1060 1063 134 135 1065 1064 135 151 1066 1065 151 150 1067 1066 150 134 1064 1067 135 136 1069 1068 136 152 1070 1069 152 151 1071 1070 151 135 1068 1071 136 137 1073 1072 137 153 1074 1073 153 152 1075 1074 152 136 1072 1075 137 138 1077 1076 138 154 1078 1077 154 153 1079 1078 153 137 1076 1079 138 139 1081 1080 139 155 1082 1081 155 154 1083 1082 154 138 1080 1083 139 140 1085 1084 140 156 1086 1085 156 155 1087 1086 155 139 1084 1087 140 141 1089 1088 141 157 1090 1089 157 156 1091 1090 156 140 1088 1091 141 142 1093 1092 142 158 1094 1093 158 157 1095 1094 157 141 1092 1095 142 143 1097 1096 143 159 1098 1097 159 158 1099 1098 158 142 1096 1099 143 128 1101 1100 128 144 1102 1101 144 159 1103 1102 159 143 1100 1103 144 145 1105 1104 145 161 1106 1105 161 160 1107 1106 160 144 1104 1107 145 146 1109 1108 146 162 1110 1109 162 161 1111 1110 161 145 1108 1111 146 147 1113 1112 147 163 1114 1113 163 162 1115 1114 162 146 1112 1115 147 148 1117 1116 148 164 1118 1117 164 163 1119 1118 163 147 1116 1119 148 149 1121 1120 149 165 1122 1121 165 164 1123 1122 164 148 1120 1123 149 150 1125 1124 150 166 1126 1125 166 165 1127 1126 165 149 1124 1127 150 151 1129 1128 151 167 1130 1129 167 166 1131 1130 166 150 1128 1131 151 152 1133 1132 152 168 1134 1133 168 167 1135 1134 167 151 1132 1135 152 153 1137 1136 153 169 1138 1137 169 168 1139 1138 168 152 1136 1139 153 154 1141 1140 154 170 1142 1141 170 169 1143 1142 169 153 1140 1143 154 155 1145 1144 155 171 1146 1145 171 170 1147 1146 170 154 1144 1147 155 156 1149 1148 156 172 1150 1149 172 171 1151 1150 171 155 1148 1151 156 157 1153 1152 157 173 1154 1153 173 172 1155 1154 172 156 1152 1155 157 158 1157 1156 158 174 1158 1157 174 173 1159 1158 173 157 1156 1159 158 159 1161 1160 159 175 1162 1161 175 174 1163 1162 174 158 1160 1163 159 144 1165 1164 144 160 1166 1165 160 175 1167 1166 175 159 1164 1167 160 161 1169 1168 161 177 1170 1169 177 176 1171 1170 176 160 1168 1171 161 162 1173 1172 162 178 1174 1173 178 177 1175 1174 177 161 1172 1175 162 163 1177 1176 163 179 1178 1177 179 178 1179 1178 178 162 1176 1179 163 164 1181 1180 164 180 1182 1181 180 179 1183 1182 179 163 1180 1183 164 165 1185 1184 165 181 1186 1185 181 180 1187 1186 180 164 1184 1187 165 166 1189 1188 166 182 1190 1189 182 181 1191 1190 181 165 1188 1191 166 167 1193 1192 167 183 1194 1193 183 182 1195 1194 182 166 1192 1195 167 168 1197 1196 168 184 1198 1197 184 183 1199 1198 183 167 1196 1199 168 169 1201 1200 169 185 1202 1201 185 184 1203 1202 184 168 1200 1203 169 170 1205 1204 170 186 1206 1205 186 185 1207 1206 185 169 1204 1207 170 171 1209 1208 171 187 1210 1209 187 186 1211 1210 186 170 1208 1211 171 172 1213 1212 172 188 1214 1213 188 187 1215 1214 187 171 1212 1215 172 173 1217 1216 173 189 1218 1217 189 188 1219 1218 188 172 1216 1219 173 174 1221 1220 174 190 1222 1221 190 189 1223 1222 189 173 1220 1223 174 175 1225 1224 175 191 1226 1225 191 190 1227 1226 190 174 1224 1227 175 160 1229 1228 160 176 1230 1229 176 191 1231 1230 191 175 1228 1231 176 177 1233 1232 177 193 1234 1233 193 192 1235 1234 192 176 1232 1235 177 178 1237 1236 178 194 1238 1237 194 193 1239 1238 193 177 1236 1239 178 179 1241 1240 179 195 1242 1241 195 194 1243 1242 194 178 1240 1243 179 180 1245 1244 180 196 1246 1245 196 195 1247 1246 195 179 1244 1247 180 181 1249 1248 181 197 1250 1249 197 196 1251 1250 196 180 1248 1251 181 182 1253 1252 182 198 1254 1253 198 197 1255 1254 197 181 1252 1255 182 183 1257 1256 183 199 1258 1257 199 198 1259 1258 198 182 1256 1259 183 184 1261 1260 184 200 1262 1261 200 199 1263 1262 199 183 1260 1263 184 185 1265 1264 185 201 1266 1265 201 200 1267 1266 200 184 1264 1267 185 186 1269 1268 186 202 1270 1269 202 201 1271 1270 201 185 1268 1271 186 187 1273 1272 187 203 1274 1273 203 202 1275 1274 202 186 1272 1275 187 188 1277 1276 188 204 1278 1277 204 203 1279 1278 203 187 1276 1279 188 189 1281 1280 189 205 1282 1281 205 204 1283 1282 204 188 1280 1283 189 190 1285 1284 190 206 1286 1285 206 205 1287 1286 205 189 1284 1287 190 191 1289 1288 191 207 1290 1289 207 206 1291 1290 206 190 1288 1291 191 176 1293 1292 176 192 1294 1293 192 207 1295 1294 207 191 1292 1295 192 193 1297 1296 193 209 1298 1297 209 208 1299 1298 208 192 1296 1299 193 194 1301 1300 194 210 1302 1301 210 209 1303 1302 209 193 1300 1303 194 195 1305 1304 195 211 1306 1305 211 210 1307 1306 210 194 1304 1307 195 196 1309 1308 196 212 1310 1309 212 211 1311 1310 211 195 1308 1311 196 197 1313 1312 197 213 1314 1313 213 212 1315 1314 212 196 1312 1315 197 198 1317 1316 198 214 1318 1317 214 213 1319 1318 213 197 1316 1319 198 199 1321 1320 199 215 1322 1321 215 214 1323 1322 214 198 1320 1323 199 200 1325 1324 200 216 1326 1325 216 215 1327 1326 215 199 1324 1327 200 201 1329 1328 201 217 1330 1329 217 216 1331 1330 216 200 1328 1331 201 202 1333 1332 202 218 1334 1333 218 217 1335 1334 217 201 1332 1335 202 203 1337 1336 203 219 1338 1337 219 218 1339 1338 218 202 1336 1339 203 204 1341 1340 204 220 1342 1341 220 219 1343 1342 219 203 1340 1343 204 205 1345 1344 205 221 1346 1345 221 220 1347 1346 220 204 1344 1347 205 206 1349 1348 206 222 1350 1349 222 221 1351 1350 221 205 1348 1351 206 207 1353 1352 207 223 1354 1353 223 222 1355 1354 222 206 1352 1355 207 192 1357 1356 192 208 1358 1357 208 223 1359 1358 223 207 1356 1359 208 209 1361 1360 209 225 1362 1361 225 224 1363 1362 224 208 1360 1363 209 210 1365 1364 210 226 1366 1365 226 225 1367 1366 225 209 1364 1367 210 211 1369 1368 211 227 1370 1369 227 226 1371 1370 226 210 1368 1371 211 212 1373 1372 212 228 1374 1373 228 227 1375 1374 227 211 1372 1375 212 213 1377 1376 213 229 1378 1377 229 228 1379 1378 228 212 1376 1379 213 214 1381 1380 214 230 1382 1381 230 229 1383 1382 229 213 1380 1383 214 215 1385 1384 215 231 1386 1385 231 230 1387 1386 230 214 1384 1387 215 216 1389 1388 216 232 1390 1389 232 231 1391 1390 231 215 1388 1391 216 217 1393 1392 217 233 1394 1393 233 232 1395 1394 232 216 1392 1395 217 218 1397 1396 218 234 1398 1397 234 233 1399 1398 233 217 1396 1399 218 219 1401 1400 219 235 1402 1401 235 234 1403 1402 234 218 1400 1403 219 220 1405 1404 220 236 1406 1405 236 235 1407 1406 235 219 1404 1407 220 221 1409 1408 221 237 1410 1409 237 236 1411 1410 236 220 1408 1411 221 222 1413 1412 222 238 1414 1413 238 237 1415 1414 237 221 1412 1415 222 223 1417 1416 223 239 1418 1417 239 238 1419 1418 238 222 1416 1419 223 208 1421 1420 208 224 1422 1421 224 239 1423 1422 239 223 1420 1423 224 225 1425 1424 225 241 1426 1425 241 240 1427 1426 240 224 1424 1427 225 226 1429 1428 226 242 1430 1429 242 241 1431 1430 241 225 1428 1431 226 227 1433 1432 227 243 1434 1433 243 242 1435 1434 242 226 1432 1435 227 228 1437 1436 228 244 1438 1437 244 243 1439 1438 243 227 1436 1439 228 229 1441 1440 229 245 1442 1441 245 244 1443 1442 244 228 1440 1443 229 230 1445 1444 230 246 1446 1445 246 245 1447 1446 245 229 1444 1447 230 231 1449 1448 231 247 1450 1449 247 246 1451 1450 246 230 1448 1451 231 232 1453 1452 232 248 1454 1453 248 247 1455 1454 247 231 1452 1455 232 233 1457 1456 233 249 1458 1457 249 248 1459 1458 248 232 1456 1459 233 234 1461 1460 234 250 1462 1461 250 249 1463 1462 249 233 1460 1463 234 235 1465 1464 235 251 1466 1465 251 250 1467 1466 250 234 1464 1467 235 236 1469 1468 236 252 1470 1469 252 251 1471 1470 251 235 1468 1471 236 237 1473 1472 237 253 1474 1473 253 252 1475 1474 252 236 1472 1475 237 238 1477 1476 238 254 1478 1477 254 253 1479 1478 253 237 1476 1479 238 239 1481 1480 239 255 1482 1481 255 254 1483 1482 254 238 1480 1483 239 224 1485 1484 224 240 1486 1485 240 255 1487 1486 255 239 1484 1487 240 241 1489 1488 241 257 1490 1489 257 256 1491 1490 256 240 1488 1491 241 242 1493 1492 242 258 1494 1493 258 257 1495 1494 257 241 1492 1495 242 243 1497 1496 243 259 1498 1497 259 258 1499 1498 258 242 1496 1499 243 244 1501 1500 244 260 1502 1501 260 259 1503 1502 259 243 1500 1503 244 245 1505 1504 245 261 1506 1505 261 260 1507 1506 260 244 1504 1507 245 246 1509 1508 246 262 1510 1509 262 261 1511 1510 261 245 1508 1511 246 247 1513 1512 247 263 1514 1513 263 262 1515 1514 262 246 1512 1515 247 248 1517 1516 248 264 1518 1517 264 263 1519 1518 263 247 1516 1519 248 249 1521 1520 249 265 1522 1521 265 264 1523 1522 264 248 1520 1523 249 250 1525 1524 250 266 1526 1525 266 265 1527 1526 265 249 1524 1527 250 251 1529 1528 251 267 1530 1529 267 266 1531 1530 266 250 1528 1531 251 252 1533 1532 252 268 1534 1533 268 267 1535 1534 267 251 1532 1535 252 253 1537 1536 253 269 1538 1537 269 268 1539 1538 268 252 1536 1539 253 254 1541 1540 254 270 1542 1541 270 269 1543 1542 269 253 1540 1543 254 255 1545 1544 255 271 1546 1545 271 270 1547 1546 270 254 1544 1547 255 240 1549 1548 240 256 1550 1549 256 271 1551 1550 271 255 1548 1551 256 257 1553 1552 257 273 1554 1553 273 272 1555 1554 272 256 1552 1555 257 258 1557 1556 258 274 1558 1557 274 273 1559 1558 273 257 1556 1559 258 259 1561 1560 259 275 1562 1561 275 274 1563 1562 274 258 1560 1563 259 260 1565 1564 260 276 1566 1565 276 275 1567 1566 275 259 1564 1567 260 261 1569 1568 261 277 1570 1569 277 276 1571 1570 276 260 1568 1571 261 262 1573 1572 262 278 1574 1573 278 277 1575 1574 277 261 1572 1575 262 263 1577 1576 263 279 1578 1577 279 278 1579 1578 278 262 1576 1579 263 264 1581 1580 264 280 1582 1581 280 279 1583 1582 279 263 1580 1583 264 265 1585 1584 265 281 1586 1585 281 280 1587 1586 280 264 1584 1587 265 266 1589 1588 266 282 1590 1589 282 281 1591 1590 281 265 1588 1591 266 267 1593 1592 267 283 1594 1593 283 282 1595 1594 282 266 1592 1595 267 268 1597 1596 268 284 1598 1597 284 283 1599 1598 283 267 1596 1599 268 269 1601 1600 269 285 1602 1601 285 284 1603 1602 284 268 1600 1603 269 270 1605 1604 270 286 1606 1605 286 285 1607 1606 285 269 1604 1607 270 271 1609 1608 271 287 1610 1609 287 286 1611 1610 286 270 1608 1611 271 256 1613 1612 256 272 1614 1613 272 287 1615 1614 287 271 1612 1615 272 273 1617 1616 273 289 1618 1617 289 288 1619 1618 288 272 1616 1619 273 274 1621 1620 274 290 1622 1621 290 289 1623 1622 289 273 1620 1623 274 275 1625 1624 275 291 1626 1625 291 290 1627 1626 290 274 1624 1627 275 276 1629 1628 276 292 1630 1629 292 291 1631 1630 291 275 1628 1631 276 277 1633 1632 277 293 1634 1633 293 292 1635 1634 292 276 1632 1635 277 278 1637 1636 278 294 1638 1637 294 293 1639 1638 293 277 1636 1639 278 279 1641 1640 279 295 1642 1641 295 294 1643 1642 294 278 1640 1643 279 280 1645 1644 280 296 1646 1645 296 295 1647 1646 295 279 1644 1647 280 281 1649 1648 281 297 1650 1649 297 296 1651 1650 296 280 1648 1651 281 282 1653 1652 282 298 1654 1653 298 297 1655 1654 297 281 1652 1655 282 283 1657 1656 283 299 1658 1657 299 298 1659 1658 298 282 1656 1659 283 284 1661 1660 284 300 1662 1661 300 299 1663 1662 299 283 1660 1663 284 285 1665 1664 285 301 1666 1665 301 300 1667 1666 300 284 1664 1667 285 286 1669 1668 286 302 1670 1669 302 301 1671 1670 301 285 1668 1671 286 287 1673 1672 287 303 1674 1673 303 302 1675 1674 302 286 1672 1675 287 272 1677 1676 272 288 1678 1677 288 303 1679 1678 303 287 1676 1679 288 289 1681 1680 289 305 1682 1681 305 304 1683 1682 304 288 1680 1683 289 290 1685 1684 290 306 1686 1685 306 305 1687 1686 305 289 1684 1687 290 291 1689 1688 291 307 1690 1689 307 306 1691 1690 306 290 1688 1691 291 292 1693 1692 292 308 1694 1693 308 307 1695 1694 307 291 1692 1695 292 293 1697 1696 293 309 1698 1697 309 308 1699 1698 308 292 1696 1699 293 294 1701 1700 294 310 1702 1701 310 309 1703 1702 309 293 1700 1703 294 295 1705 1704 295 311 1706 1705 311 310 1707 1706 310 294 1704 1707 295 296 1709 1708 296 312 1710 1709 312 311 1711 1710 311 295 1708 1711 296 297 1713 1712 297 313 1714 1713 313 312 1715 1714 312 296 1712 1715 297 298 1717 1716 298 314 1718 1717 314 313 1719 1718 313 297 1716 1719 298 299 1721 1720 299 315 1722 1721 315 314 1723 1722 314 298 1720 1723 299 300 1725 1724 300 316 1726 1725 316 315 1727 1726 315 299 1724 1727 300 301 1729 1728 301 317 1730 1729 317 316 1731 1730 316 300 1728 1731 301 302 1733 1732 302 318 1734 1733 318 317 1735 1734 317 301 1732 1735 302 303 1737 1736 303 319 1738 1737 319 318 1739 1738 318 302 1736 1739 303 288 1741 1740 288 304 1742 1741 304 319 1743 1742 319 303 1740 1743 304 305 1745 1744 305 321 1746 1745 321 320 1747 1746 320 304 1744 1747 305 306 1749 1748 306 322 1750 1749 322 321 1751 1750 321 305 1748 1751 306 307 1753 1752 307 323 1754 1753 323 322 1755 1754 322 306 1752 1755 307 308 1757 1756 308 324 1758 1757 324 323 1759 1758 323 307 1756 1759 308 309 1761 1760 309 325 1762 1761 325 324 1763 1762 324 308 1760 1763 309 310 1765 1764 310 326 1766 1765 326 325 1767 1766 325 309 1764 1767 310 311 1769 1768 311 327 1770 1769 327 326 1771 1770 326 310 1768 1771 311 312 1773 1772 312 328 1774 1773 328 327 1775 1774 327 311 1772 1775 312 313 1777 1776 313 329 1778 1777 329 328 1779 1778 328 312 1776 1779 313 314 1781 1780 314 330 1782 1781 330 329 1783 1782 329 313 1780 1783 314 315 1785 1784 315 331 1786 1785 331 330 1787 1786 330 314 1784 1787 315 316 1789 1788 316 332 1790 1789 332 331 1791 1790 331 315 1788 1791 316 317 1793 1792 317 333 1794 1793 333 332 1795 1794 332 316 1792 1795 317 318 1797 1796 318 334 1798 1797 334 333 1799 1798 333 317 1796 1799 318 319 1801 1800 319 335 1802 1801 335 334 1803 1802 334 318 1800 1803 319 304 1805 1804 304 320 1806 1805 320 335 1807 1806 335 319 1804 1807 320 321 1809 1808 321 337 1810 1809 337 336 1811 1810 336 320 1808 1811 321 322 1813 1812 322 338 1814 1813 338 337 1815 1814 337 321 1812 1815 322 323 1817 1816 323 339 1818 1817 339 338 1819 1818 338 322 1816 1819 323 324 1821 1820 324 340 1822 1821 340 339 1823 1822 339 323 1820 1823 324 325 1825 1824 325 341 1826 1825 341 340 1827 1826 340 324 1824 1827 325 326 1829 1828 326 342 1830 1829 342 341 1831 1830 341 325 1828 1831 326 327 1833 1832 327 343 1834 1833 343 342 1835 1834 342 326 1832 1835 327 328 1837 1836 328 344 1838 1837 344 343 1839 1838 343 327 1836 1839 328 329 1841 1840 329 345 1842 1841 345 344 1843 1842 344 328 1840 1843 329 330 1845 1844 330 346 1846 1845 346 345 1847 1846 345 329 1844 1847 330 331 1849 1848 331 347 1850 1849 347 346 1851 1850 346 330 1848 1851 331 332 1853 1852 332 348 1854 1853 348 347 1855 1854 347 331 1852 1855 332 333 1857 1856 333 349 1858 1857 349 348 1859 1858 348 332 1856 1859 333 334 1861 1860 334 350 1862 1861 350 349 1863 1862 349 333 1860 1863 334 335 1865 1864 335 351 1866 1865 351 350 1867 1866 350 334 1864 1867 335 320 1869 1868 320 336 1870 1869 336 351 1871 1870 351 335 1868 1871 336 337 1873 1872 337 353 1874 1873 353 352 1875 1874 352 336 1872 1875 337 338 1877 1876 338 354 1878 1877 354 353 1879 1878 353 337 1876 1879 338 339 1881 1880 339 355 1882 1881 355 354 1883 1882 354 338 1880 1883 339 340 1885 1884 340 356 1886 1885 356 355 1887 1886 355 339 1884 1887 340 341 1889 1888 341 357 1890 1889 357 356 1891 1890 356 340 1888 1891 341 342 1893 1892 342 358 1894 1893 358 357 1895 1894 357 341 1892 1895 342 343 1897 1896 343 359 1898 1897 359 358 1899 1898 358 342 1896 1899 343 344 1901 1900 344 360 1902 1901 360 359 1903 1902 359 343 1900 1903 344 345 1905 1904 345 361 1906 1905 361 360 1907 1906 360 344 1904 1907 345 346 1909 1908 346 362 1910 1909 362 361 1911 1910 361 345 1908 1911 346 347 1913 1912 347 363 1914 1913 363 362 1915 1914 362 346 1912 1915 347 348 1917 1916 348 364 1918 1917 364 363 1919 1918 363 347 1916 1919 348 349 1921 1920 349 365 1922 1921 365 364 1923 1922 364 348 1920 1923 349 350 1925 1924 350 366 1926 1925 366 365 1927 1926 365 349 1924 1927 350 351 1929 1928 351 367 1930 1929 367 366 1931 1930 366 350 1928 1931 351 336 1933 1932 336 352 1934 1933 352 367 1935 1934 367 351 1932 1935 352 353 1937 1936 353 369 1938 1937 369 368 1939 1938 368 352 1936 1939 353 354 1941 1940 354 370 1942 1941 370 369 1943 1942 369 353 1940 1943 354 355 1945 1944 355 371 1946 1945 371 370 1947 1946 370 354 1944 1947 355 356 1949 1948 356 372 1950 1949 372 371 1951 1950 371 355 1948 1951 356 357 1953 1952 357 373 1954 1953 373 372 1955 1954 372 356 1952 1955 357 358 1957 1956 358 374 1958 1957 374 373 1959 1958 373 357 1956 1959 358 359 1961 1960 359 375 1962 1961 375 374 1963 1962 374 358 1960 1963 359 360 1965 1964 360 376 1966 1965 376 375 1967 1966 375 359 1964 1967 360 361 1969 1968 361 377 1970 1969 377 376 1971 1970 376 360 1968 1971 361 362 1973 1972 362 378 1974 1973 378 377 1975 1974 377 361 1972 1975 362 363 1977 1976 363 379 1978 1977 379 378 1979 1978 378 362 1976 1979 363 364 1981 1980 364 380 1982 1981 380 379 1983 1982 379 363 1980 1983 364 365 1985 1984 365 381 1986 1985 381 380 1987 1986 380 364 1984 1987 365 366 1989 1988 366 382 1990 1989 382 381 1991 1990 381 365 1988 1991 366 367 1993 1992 367 383 1994 1993 383 382 1995 1994 382 366 1992 1995 367 352 1997 1996 352 368 1998 1997 368 383 1999 1998 383 367 1996 1999 368 369 2001 2000 369 385 2002 2001 385 384 2003 2002 384 368 2000 2003 369 370 2005 2004 370 386 2006 2005 386 385 2007 2006 385 369 2004 2007 370 371 2009 2008 371 387 2010 2009 387 386 2011 2010 386 370 2008 2011 371 372 2013 2012 372 388 2014 2013 388 387 2015 2014 387 371 2012 2015 372 373 2017 2016 373 389 2018 2017 389 388 2019 2018 388 372 2016 2019 373 374 2021 2020 374 390 2022 2021 390 389 2023 2022 389 373 2020 2023 374 375 2025 2024 375 391 2026 2025 391 390 2027 2026 390 374 2024 2027 375 376 2029 2028 376 392 2030 2029 392 391 2031 2030 391 375 2028 2031 376 377 2033 2032 377 393 2034 2033 393 392 2035 2034 392 376 2032 2035 377 378 2037 2036 378 394 2038 2037 394 393 2039 2038 393 377 2036 2039 378 379 2041 2040 379 395 2042 2041 395 394 2043 2042 394 378 2040 2043 379 380 2045 2044 380 396 2046 2045 396 395 2047 2046 395 379 2044 2047 380 381 2049 2048 381 397 2050 2049 397 396 2051 2050 396 380 2048 2051 381 382 2053 2052 382 398 2054 2053 398 397 2055 2054 397 381 2052 2055 382 383 2057 2056 383 399 2058 2057 399 398 2059 2058 398 382 2056 2059 383 368 2061 2060 368 384 2062 2061 384 399 2063 2062 399 383 2060 2063 384 385 2065 2064 385 401 2066 2065 401 400 2067 2066 400 384 2064 2067 385 386 2069 2068 386 402 2070 2069 402 401 2071 2070 401 385 2068 2071 386 387 2073 2072 387 403 2074 2073 403 402 2075 2074 402 386 2072 2075 387 388 2077 2076 388 404 2078 2077 404 403 2079 2078 403 387 2076 2079 388 389 2081 2080 389 405 2082 2081 405 404 2083 2082 404 388 2080 2083 389 390 2085 2084 390 406 2086 2085 406 405 2087 2086 405 389 2084 2087 390 391 2089 2088 391 407 2090 2089 407 406 2091 2090 406 390 2088 2091 391 392 2093 2092 392 408 2094 2093 408 407 2095 2094 407 391 2092 2095 392 393 2097 2096 393 409 2098 2097 409 408 2099 2098 408 392 2096 2099 393 394 2101 2100 394 410 2102 2101 410 409 2103 2102 409 393 2100 2103 394 395 2105 2104 395 411 2106 2105 411 410 2107 2106 410 394 2104 2107 395 396 2109 2108 396 412 2110 2109 412 411 2111 2110 411 395 2108 2111 396 397 2113 2112 397 413 2114 2113 413 412 2115 2114 412 396 2112 2115 397 398 2117 2116 398 414 2118 2117 414 413 2119 2118 413 397 2116 2119 398 399 2121 2120 399 415 2122 2121 415 414 2123 2122 414 398 2120 2123 399 384 2125 2124 384 400 2126 2125 400 415 2127 2126 415 399 2124 2127 400 401 2129 2128 401 417 2130 2129 417 416 2131 2130 416 400 2128 2131 401 402 2133 2132 402 418 2134 2133 418 417 2135 2134 417 401 2132 2135 402 403 2137 2136 403 419 2138 2137 419 418 2139 2138 418 402 2136 2139 403 404 2141 2140 404 420 2142 2141 420 419 2143 2142 419 403 2140 2143 404 405 2145 2144 405 421 2146 2145 421 420 2147 2146 420 404 2144 2147 405 406 2149 2148 406 422 2150 2149 422 421 2151 2150 421 405 2148 2151 406 407 2153 2152 407 423 2154 2153 423 422 2155 2154 422 406 2152 2155 407 408 2157 2156 408 424 2158 2157 424 423 2159 2158 423 407 2156 2159 408 409 2161 2160 409 425 2162 2161 425 424 2163 2162 424 408 2160 2163 409 410 2165 2164 410 426 2166 2165 426 425 2167 2166 425 409 2164 2167 410 411 2169 2168 411 427 2170 2169 427 426 2171 2170 426 410 2168 2171 411 412 2173 2172 412 428 2174 2173 428 427 2175 2174 427 411 2172 2175 412 413 2177 2176 413 429 2178 2177 429 428 2179 2178 428 412 2176 2179 413 414 2181 2180 414 430 2182 2181 430 429 2183 2182 429 413 2180 2183 414 415 2185 2184 415 431 2186 2185 431 430 2187 2186 430 414 2184 2187 415 400 2189 2188 400 416 2190 2189 416 431 2191 2190 431 415 2188 2191 416 417 2193 2192 417 433 2194 2193 433 432 2195 2194 432 416 2192 2195 417 418 2197 2196 418 434 2198 2197 434 433 2199 2198 433 417 2196 2199 418 419 2201 2200 419 435 2202 2201 435 434 2203 2202 434 418 2200 2203 419 420 2205 2204 420 436 2206 2205 436 435 2207 2206 435 419 2204 2207 420 421 2209 2208 421 437 2210 2209 437 436 2211 2210 436 420 2208 2211 421 422 2213 2212 422 438 2214 2213 438 437 2215 2214 437 421 2212 2215 422 423 2217 2216 423 439 2218 2217 439 438 2219 2218 438 422 2216 2219 423 424 2221 2220 424 440 2222 2221 440 439 2223 2222 439 423 2220 2223 424 425 2225 2224 425 441 2226 2225 441 440 2227 2226 440 424 2224 2227 425 426 2229 2228 426 442 2230 2229 442 441 2231 2230 441 425 2228 2231 426 427 2233 2232 427 443 2234 2233 443 442 2235 2234 442 426 2232 2235 427 428 2237 2236 428 444 2238 2237 444 443 2239 2238 443 427 2236 2239 428 429 2241 2240 429 445 2242 2241 445 444 2243 2242 444 428 2240 2243 429 430 2245 2244 430 446 2246 2245 446 445 2247 2246 445 429 2244 2247 430 431 2249 2248 431 447 2250 2249 447 446 2251 2250 446 430 2248 2251 431 416 2253 2252 416 432 2254 2253 432 447 2255 2254 447 431 2252 2255 432 433 2257 2256 433 449 2258 2257 449 448 2259 2258 448 432 2256 2259 433 434 2261 2260 434 450 2262 2261 450 449 2263 2262 449 433 2260 2263 434 435 2265 2264 435 451 2266 2265 451 450 2267 2266 450 434 2264 2267 435 436 2269 2268 436 452 2270 2269 452 451 2271 2270 451 435 2268 2271 436 437 2273 2272 437 453 2274 2273 453 452 2275 2274 452 436 2272 2275 437 438 2277 2276 438 454 2278 2277 454 453 2279 2278 453 437 2276 2279 438 439 2281 2280 439 455 2282 2281 455 454 2283 2282 454 438 2280 2283 439 440 2285 2284 440 456 2286 2285 456 455 2287 2286 455 439 2284 2287 440 441 2289 2288 441 457 2290 2289 457 456 2291 2290 456 440 2288 2291 441 442 2293 2292 442 458 2294 2293 458 457 2295 2294 457 441 2292 2295 442 443 2297 2296 443 459 2298 2297 459 458 2299 2298 458 442 2296 2299 443 444 2301 2300 444 460 2302 2301 460 459 2303 2302 459 443 2300 2303 444 445 2305 2304 445 461 2306 2305 461 460 2307 2306 460 444 2304 2307 445 446 2309 2308 446 462 2310 2309 462 461 2311 2310 461 445 2308 2311 446 447 2313 2312 447 463 2314 2313 463 462 2315 2314 462 446 2312 2315 447 432 2317 2316 432 448 2318 2317 448 463 2319 2318 463 447 2316 2319 448 449 2321 2320 449 465 2322 2321 465 464 2323 2322 464 448 2320 2323 449 450 2325 2324 450 466 2326 2325 466 465 2327 2326 465 449 2324 2327 450 451 2329 2328 451 467 2330 2329 467 466 2331 2330 466 450 2328 2331 451 452 2333 2332 452 468 2334 2333 468 467 2335 2334 467 451 2332 2335 452 453 2337 2336 453 469 2338 2337 469 468 2339 2338 468 452 2336 2339 453 454 2341 2340 454 470 2342 2341 470 469 2343 2342 469 453 2340 2343 454 455 2345 2344 455 471 2346 2345 471 470 2347 2346 470 454 2344 2347 455 456 2349 2348 456 472 2350 2349 472 471 2351 2350 471 455 2348 2351 456 457 2353 2352 457 473 2354 2353 473 472 2355 2354 472 456 2352 2355 457 458 2357 2356 458 474 2358 2357 474 473 2359 2358 473 457 2356 2359 458 459 2361 2360 459 475 2362 2361 475 474 2363 2362 474 458 2360 2363 459 460 2365 2364 460 476 2366 2365 476 475 2367 2366 475 459 2364 2367 460 461 2369 2368 461 477 2370 2369 477 476 2371 2370 476 460 2368 2371 461 462 2373 2372 462 478 2374 2373 478 477 2375 2374 477 461 2372 2375 462 463 2377 2376 463 479 2378 2377 479 478 2379 2378 478 462 2376 2379 463 448 2381 2380 448 464 2382 2381 464 479 2383 2382 479 463 2380 2383 464 465 2385 2384 465 481 2386 2385 481 480 2387 2386 480 464 2384 2387 465 466 2389 2388 466 482 2390 2389 482 481 2391 2390 481 465 2388 2391 466 467 2393 2392 467 483 2394 2393 483 482 2395 2394 482 466 2392 2395 467 468 2397 2396 468 484 2398 2397 484 483 2399 2398 483 467 2396 2399 468 469 2401 2400 469 485 2402 2401 485 484 2403 2402 484 468 2400 2403 469 470 2405 2404 470 486 2406 2405 486 485 2407 2406 485 469 2404 2407 470 471 2409 2408 471 487 2410 2409 487 486 2411 2410 486 470 2408 2411 471 472 2413 2412 472 488 2414 2413 488 487 2415 2414 487 471 2412 2415 472 473 2417 2416 473 489 2418 2417 489 488 2419 2418 488 472 2416 2419 473 474 2421 2420 474 490 2422 2421 490 489 2423 2422 489 473 2420 2423 474 475 2425 2424 475 491 2426 2425 491 490 2427 2426 490 474 2424 2427 475 476 2429 2428 476 492 2430 2429 492 491 2431 2430 491 475 2428 2431 476 477 2433 2432 477 493 2434 2433 493 492 2435 2434 492 476 2432 2435 477 478 2437 2436 478 494 2438 2437 494 493 2439 2438 493 477 2436 2439 478 479 2441 2440 479 495 2442 2441 495 494 2443 2442 494 478 2440 2443 479 464 2445 2444 464 480 2446 2445 480 495 2447 2446 495 479 2444 2447 480 481 2449 2448 481 497 2450 2449 497 496 2451 2450 496 480 2448 2451 481 482 2453 2452 482 498 2454 2453 498 497 2455 2454 497 481 2452 2455 482 483 2457 2456 483 499 2458 2457 499 498 2459 2458 498 482 2456 2459 483 484 2461 2460 484 500 2462 2461 500 499 2463 2462 499 483 2460 2463 484 485 2465 2464 485 501 2466 2465 501 500 2467 2466 500 484 2464 2467 485 486 2469 2468 486 502 2470 2469 502 501 2471 2470 501 485 2468 2471 486 487 2473 2472 487 503 2474 2473 503 502 2475 2474 502 486 2472 2475 487 488 2477 2476 488 504 2478 2477 504 503 2479 2478 503 487 2476 2479 488 489 2481 2480 489 505 2482 2481 505 504 2483 2482 504 488 2480 2483 489 490 2485 2484 490 506 2486 2485 506 505 2487 2486 505 489 2484 2487 490 491 2489 2488 491 507 2490 2489 507 506 2491 2490 506 490 2488 2491 491 492 2493 2492 492 508 2494 2493 508 507 2495 2494 507 491 2492 2495 492 493 2497 2496 493 509 2498 2497 509 508 2499 2498 508 492 2496 2499 493 494 2501 2500 494 510 2502 2501 510 509 2503 2502 509 493 2500 2503 494 495 2505 2504 495 511 2506 2505 511 510 2507 2506 510 494 2504 2507 495 480 2509 2508 480 496 2510 2509 496 511 2511 2510 511 495 2508 2511 496 497 2513 2512 497 513 2514 2513 513 512 2515 2514 512 496 2512 2515 497 498 2517 2516 498 514 2518 2517 514 513 2519 2518 513 497 2516 2519 498 499 2521 2520 499 515 2522 2521 515 514 2523 2522 514 498 2520 2523 499 500 2525 2524 500 516 2526 2525 516 515 2527 2526 515 499 2524 2527 500 501 2529 2528 501 517 2530 2529 517 516 2531 2530 516 500 2528 2531 501 502 2533 2532 502 518 2534 2533 518 517 2535 2534 517 501 2532 2535 502 503 2537 2536 503 519 2538 2537 519 518 2539 2538 518 502 2536 2539 503 504 2541 2540 504 520 2542 2541 520 519 2543 2542 519 503 2540 2543 504 505 2545 2544 505 521 2546 2545 521 520 2547 2546 520 504 2544 2547 505 506 2549 2548 506 522 2550 2549 522 521 2551 2550 521 505 2548 2551 506 507 2553 2552 507 523 2554 2553 523 522 2555 2554 522 506 2552 2555 507 508 2557 2556 508 524 2558 2557 524 523 2559 2558 523 507 2556 2559 508 509 2561 2560 509 525 2562 2561 525 524 2563 2562 524 508 2560 2563 509 510 2565 2564 510 526 2566 2565 526 525 2567 2566 525 509 2564 2567 510 511 2569 2568 511 527 2570 2569 527 526 2571 2570 526 510 2568 2571 511 496 2573 2572 496 512 2574 2573 512 527 2575 2574 527 511 2572 2575 1 0 2577 2576 0 15 2578 2577 15 14 2579 2578 14 13 2580 2579 13 12 2581 2580 12 11 2582 2581 11 10 2583 2582 10 9 2584 2583 9 8 2585 2584 8 7 2586 2585 7 6 2587 2586 6 5 2588 2587 5 4 2589 2588 4 3 2590 2589 3 2 2591 2590 2 1 2576 2591 512 513 2593 2592 513 514 2594 2593 514 515 2595 2594 515 516 2596 2595 516 517 2597 2596 517 518 2598 2597 518 519 2599 2598 519 520 2600 2599 520 521 2601 2600 521 522 2602 2601 522 523 2603 2602 523 524 2604 2603 524 525 2605 2604 525 526 2606 2605 526 527 2607 2606 527 512 2592 2607 
</DataArray>
<DataArray type="Int32" Name="offsets" format="ascii">
4 8 12 16 20 24 28 32 36 40 44 48 52 56 60 64 68 72 76 80 84 88 92 96 100 104 108 112 116 120 124 128 132 136 140 144 148 152 156 160 164 168 172 176 180 184 188 192 196 200 204 208 212 216 220 224 228 232 236 240 244 248 252 256 260 264 268 272 276 280 284 288 292 296 300 304 308 312 316 320 324 328 332 336 340 344 348 352 356 360 364 368 372 376 380 384 388 392 396 400 404 408 412 416 420 424 428 432 436 440 444 448 452 456 460 464 468 472 476 480 484 488 492 496 500 504 508 512 516 520 524 528 532 536 540 544 548 552 556 560 564 568 572 576 580 584 588 592 596 600 604 608 612 616 620 624 628 632 636 640 644 648 652 656 660 664 668 672 676 680 684 688 692 696 700 704 708 712 716 720 724 728 732 736 740 744 748 752 756 760 764 768 772 776 780 784 788 792 796 800 804 808 812 816 820 824 828 832 836 840 844 848 852 856 860 864 868 872 876 880 884 888 892 896 900 904 908 912 916 920 924 928 932 936 940 944 948 952 956 960 964 968 972 976 980 984 988 992 996 1000 1004 1008 1012 1016 1020 1024 1028 1032 1036 1040 1044 1048 1052 1056 1060 1064 1068 1072 1076 1080 1084 1088 1092 1096 1100 1104 1108 1112 1116 1120 1124 1128 1132 1136 1140 1144 1148 1152 1156 1160 1164 1168 1172 1176 1180 1184 1188 1192 1196 1200 1204 1208 1212 1216 1220 1224 1228 1232 1236 1240 1244 1248 1252 1256 1260 1264 1268 1272 1276 1280 1284 1288 1292 1296 1300 1304 1308 1312 1316 1320 1324 1328 1332 1336 1340 1344 1348 1352 1356 1360 1364 1368 1372 1376 1380 1384 1388 1392 1396 1400 1404 1408 1412 1416 1420 1424 1428 1432 1436 1440 1444 1448 1452 1456 1460 1464 1468 1472 1476 1480 1484 1488 1492 1496 1500 1504 1508 1512 1516 1520 1524 1528 1532 1536 1540 1544 1548 1552 1556 1560 1564 1568 1572 1576 1580 1584 1588 1592 1596 1600 1604 1608 1612 1616 1620 1624 1628 1632 1636 1640 1644 1648 1652 1656 1660 1664 1668 1672 1676 1680 1684 1688 1692 1696 1700 1704 1708 1712 1716 1720 1724 1728 1732 1736 1740 1744 1748 1752 1756 1760 1764 1768 1772 1776 1780 1784 1788 1792 1796 1800 1804 1808 1812 1816 1820 1824 1828 1832 1836 1840 1844 1848 1852 1856 1860 1864 1868 1872 1876 1880 1884 1888 1892 1896 1900 1904 1908 1912 1916 1920 1924 1928 1932 1936 1940 1944 1948 1952 1956 1960 1964 1968 1972 1976 1980 1984 1988 1992 1996 2000 2004 2008 2012 2016 2020 2024 2028 2032 2036 2040 2044 2048 2052 2056 2060 2064 2068 2072 2076 2080 2084 2088 2092 2096 2100 2104 2108 2112 2116 2120 2124 2128 2132 2136 2140 2144 2148 2152 2156 2160 2164 2168 2172 2176 2180 2184 2188 2192 2196 2200 2204 2208 2212 2216 2220 2224 2228 2232 2236 2240 2244 2248 2252 2256 2260 2264 2268 2272 2276 2280 2284 2288 2292 2296 2300 2304 2308 2312 2316 2320 2324 2328 2332 2336 2340 2344 2348 2352 2356 2360 2364 2368 2372 2376 2380 2384 2388 2392 2396 2400 2404 2408 2412 2416 2420 2424 2428 2432 2436 2440 2444 2448 2452 2456 2460 2464 2468 2472 2476 2480 2484 2488 2492 2496 2500 2504 2508 2512 2516 2520 2524 2528 2532 2536 2540 2544 2548 2552 2556 2560 2564 2568 2572 2576 2580 2584 2588 2592 2596 2600 2604 2608 2612 2616 2620 2624 2628 2632 2636 2640 2644 2648 2652 2656 2660 2664 2668 2672 2676 2680 2684 2688 2692 2696 2700 2704 2708 2712 2716 2720 2724 2728 2732 2736 2740 2744 2748 2752 2756 2760 2764 2768 2772 2776 2780 2784 2788 2792 2796 2800 2804 2808 2812 2816 2820 2824 2828 2832 2836 2840 2844 2848 2852 2856 2860 2864 2868 2872 2876 2880 2884 2888 2892 2896 2900 2904 2908 2912 2916 2920 2924 2928 2932 2936 2940 2944 2948 2952 2956 2960 2964 2968 2972 2976 2980 2984 2988 2992 2996 3000 3004 3008 3012 3016 3020 3024 3028 3032 3036 3040 3044 3048 3052 3056 3060 3064 3068 3072 3076 3080 3084 3088 3092 3096 3100 3104 3108 3112 3116 3120 3124 3128 3132 3136 3140 3144 3148 3152 3156 3160 3164 3168 3172 3176 3180 3184 3188 3192 3196 3200 3204 3208 3212 3216 3220 3224 3228 3232 3236 3240 3244 3248 3252 3256 3260 3264 3268 3272 3276 3280 3284 3288 3292 3296 3300 3304 3308 3312 3316 3320 3324 3328 3332 3336 3340 3344 3348 3352 3356 3360 3364 3368 3372 3376 3380 3384 3388 3392 3396 3400 3404 3408 3412 3416 3420 3424 3428 3432 3436 3440 3444 3448 3452 3456 3460 3464 3468 3472 3476 3480 3484 3488 3492 3496 3500 3504 3508 3512 3516 3520 3524 3528 3532 3536 3540 3544 3548 3552 3556 3560 3564 3568 3572 3576 3580 3584 3588 3592 3596 3600 3604 3608 3612 3616 3620 3624 3628 3632 3636 3640 3644 3648 3652 3656 3660 3664 3668 3672 3676 3680 3684 3688 3692 3696 3700 3704 3708 3712 3716 3720 3724 3728 3732 3736 3740 3744 3748 3752 3756 3760 3764 3768 3772 3776 3780 3784 3788 3792 3796 3800 3804 3808 3812 3816 3820 3824 3828 3832 3836 3840 3844 3848 3852 3856 3860 3864 3868 3872 3876 3880 3884 3888 3892 3896 3900 3904 3908 3912 3916 3920 3924 3928 3932 3936 3940 3944 3948 3952 3956 3960 3964 3968 3972 3976 3980 3984 3988 3992 3996 4000 4004 4008 4012 4016 4020 4024 4028 4032 4036 4040 4044 4048 4052 4056 4060 4064 4068 4072 4076 4080 4084 4088 4092 4096 4100 4104 4108 4112 4116 4120 4124 4128 4132 4136 4140 4144 4148 4152 4156 4160 4164 4168 4172 4176 4180 4184 4188 4192 4196 4200 4204 4208 4212 4216 4220 4224 4228 4232 4236 4240 4244 4248 4252 4256 4260 4264 4268 4272 4276 4280 4284 4288 4292 4296 4300 4304 4308 4312 4316 4320 4324 4328 4332 4336 4340 4344 4348 4352 4356 4360 4364 4368 4372 4376 4380 4384 4388 4392 4396 4400 4404 4408 4412 4416 4420 4424 4428 4432 4436 4440 4444 4448 4452 4456 4460 4464 4468 4472 4476 4480 4484 4488 4492 4496 4500 4504 4508 4512 4516 4520 4524 4528 4532 4536 4540 4544 4548 4552 4556 4560 4564 4568 4572 4576 4580 4584 4588 4592 4596 4600 4604 4608 4612 4616 4620 4624 4628 4632 4636 4640 4644 4648 4652 4656 4660 4664 4668 4672 4676 4680 4684 4688 4692 4696 4700 4704 4708 4712 4716 4720 4724 4728 4732 4736 4740 4744 4748 4752 4756 4760 4764 4768 4772 4776 4780 4784 4788 4792 4796 4800 4804 4808 4812 4816 4820 4824 4828 4832 4836 4840 4844 4848 4852 4856 4860 4864 4868 4872 4876 4880 4884 4888 4892 4896 4900 4904 4908 4912 4916 4920 4924 4928 4932 4936 4940 4944 4948 4952 4956 4960 4964 4968 4972 4976 4980 4984 4988 4992 4996 5000 5004 5008 5012 5016 5020 5024 5028 5032 5036 5040 5044 5048 5052 5056 5060 5064 5068 5072 5076 5080 5084 5088 5092 5096 5100 5104 5108 5112 5116 5120 5124 5128 5132 5136 5140 5144 5148 5152 5156 5160 5164 5168 5172 5176 5180 5184 5188 5192 5196 5200 5204 5208 5212 5216 5220 5224 5228 5232 5236 5240 5244 5248 5252 5256 5260 5264 5268 5272 5276 5280 5284 5288 5292 5296 5300 5304 5308 5312 5316 5320 5324 5328 5332 5336 5340 5344 5348 5352 5356 5360 5364 5368 5372 5376 5380 5384 5388 5392 5396 5400 5404 5408 5412 5416 5420 5424 5428 5432 5436 5440 5444 5448 5452 5456 5460 5464 5468 5472 5476 5480 5484 5488 5492 5496 5500 5504 5508 5512 5516 5520 5524 5528 5532 5536 5540 5544 5548 5552 5556 5560 5564 5568 5572 5576 5580 5584 5588 5592 5596 5600 5604 5608 5612 5616 5620 5624 5628 5632 5636 5640 5644 5648 5652 5656 5660 5664 5668 5672 5676 5680 5684 5688 5692 5696 5700 5704 5708 5712 5716 5720 5724 5728 5732 5736 5740 5744 5748 5752 5756 5760 5764 5768 5772 5776 5780 5784 5788 5792 5796 5800 5804 5808 5812 5816 5820 5824 5828 5832 5836 5840 5844 5848 5852 5856 5860 5864 5868 5872 5876 5880 5884 5888 5892 5896 5900 5904 5908 5912 5916 5920 5924 5928 5932 5936 5940 5944 5948 5952 5956 5960 5964 5968 5972 5976 5980 5984 5988 5992 5996 6000 6004 6008 6012 6016 6020 6024 6028 6032 6036 6040 6044 6048 6052 6056 6060 6064 6068 6072 6076 6080 6084 6088 6092 6096 6100 6104 6108 6112 6116 6120 6124 6128 6132 6136 6140 6144 6148 6152 6156 6160 6164 6168 6172 6176 6180 6184 6188 6192 6196 6200 6204 6208 6212 6216 6220 6224 6228 6232 6236 6240 6244 6248 6252 6256 6260 6264 6268 6272 6276 6280 6284 6288 6292 6296 6300 6304 6308 6312 6316 6320 6324 6328 6332 6336 6340 6344 6348 6352 6356 6360 6364 6368 6372 6376 6380 6384 6388 6392 6396 6400 6404 6408 6412 6416 6420 6424 6428 6432 6436 6440 6444 6448 6452 6456 6460 6464 6468 6472 6476 6480 6484 6488 6492 6496 6500 6504 6508 6512 6516 6520 6524 6528 6532 6536 6540 6544 6548 6552 6556 6560 6564 6568 6572 6576 6580 6584 6588 6592 6596 6600 6604 6608 6612 6616 6620 6624 6628 6632 6636 6640 6644 6648 6652 6656 6660 6664 6668 6672 6676 6680 6684 6688 6692 6696 6700 6704 6708 6712 6716 6720 6724 6728 6732 6736 6740 6744 6748 6752 6756 6760 6764 6768 6772 6776 6780 6784 6788 6792 6796 6800 6804 6808 6812 6816 6820 6824 6828 6832 6836 6840 6844 6848 6852 6856 6860 6864 6868 6872 6876 6880 6884 6888 6892 6896 6900 6904 6908 6912 6916 6920 6924 6928 6932 6936 6940 6944 6948 6952 6956 6960 6964 6968 6972 6976 6980 6984 6988 6992 6996 7000 7004 7008 7012 7016 7020 7024 7028 7032 7036 7040 7044 7048 7052 7056 7060 7064 7068 7072 7076 7080 7084 7088 7092 7096 7100 7104 7108 7112 7116 7120 7124 7128 7132 7136 7140 7144 7148 7152 7156 7160 7164 7168 7172 7176 7180 7184 7188 7192 7196 7200 7204 7208 7212 7216 7220 7224 7228 7232 7236 7240 7244 7248 7252 7256 7260 7264 7268 7272 7276 7280 7284 7288 7292 7296 7300 7304 7308 7312 7316 7320 7324 7328 7332 7336 7340 7344 7348 7352 7356 7360 7364 7368 7372 7376 7380 7384 7388 7392 7396 7400 7404 7408 7412 7416 7420 7424 7428 7432 7436 7440 7444 7448 7452 7456 7460 7464 7468 7472 7476 7480 7484 7488 7492 7496 7500 7504 7508 7512 7516 7520 7524 7528 7532 7536 7540 7544 7548 7552 7556 7560 7564 7568 7572 7576 7580 7584 7588 7592 7596 7600 7604 7608 7612 7616 7620 7624 7628 7632 7636 7640 7644 7648 7652 7656 7660 7664 7668 7672 7676 7680 7684 7688 7692 7696 7700 7704 7708 7712 7716 7720 7724 7728 7732 7736 7740 7744 7748 7752 7756 7760 7764 7768 7772 7776 7780 7784 7788 7792 7796 7800 7804 7808 7812 7816 7820 7824 7828 7832 7836 7840 7844 7848 7852 7856 7860 7864 7868 7872 7876 7880 7884 7888 7892 7896 7900 7904 7908 7912 7916 7920 7924 7928 7932 7936 7940 7944 7948 7952 7956 7960 7964 7968 7972 7976 7980 7984 7988 7992 7996 8000 8004 8008 8012 8016 8020 8024 8028 8032 8036 8040 8044 8048 8052 8056 8060 8064 8068 8072 8076 8080 8084 8088 8092 8096 8100 8104 8108 8112 8116 8120 8124 8128 8132 8136 8140 8144 8148 8152 8156 8160 8164 8168 8172 8176 8180 8184 8188 8192 8196 8200 8204 8208 8212 8216 8220 8224 8228 8232 8236 8240 8244 8248 8252 8256 8260 8264 8268 8272 8276 8280 8284 8288 8292 8296 8300 8304 8308 8312 8316 8320 
</DataArray>
<DataArray type="UInt8" Name="types" format="ascii">
7 7 7 7 7 7 7 7 7 7 7 7 7 7 7 7 7 7 7 7 7 7 7 7 7 7 7 7 7 7 7 7 7 7 7 7 7 7 7 7 7 7 7 7 7 7 7 7 7 7 7 7 7 7 7 7 7 7 7 7 7 7 7 7 7 7 7 7 7 7 7 7 7 7 7 7 7 7 7 7 7 7 7 7 7 7 7 7 7 7 7 7 7 7 7 7 7 7 7 7 7 7 7 7 7 7 7 7 7 7 7 7 7 7 7 7 7 7 7 7 7 7 7 7 7 7 7 7 7 7 7 7 7 7 7 7 7 7 7 7 7 7 7 7 7 7 7 7 7 7 7 7 7 7 7 7 7 7 7 7 7 7 7 7 7 7 7 7 7 7 7 7 7 7 7 7 7 7 7 7 7 7 7 7 7 7 7 7 7 7 7 7 7 7 7 7 7 7 7 7 7 7 7 7 7 7 7 7 7 7 7 7 7 7 7 7 7 7 7 7 7 7 7 7 7 7 7 7 7 7 7 7 7 7 7 7 7 7 7 7 7 7 7 7 7 7 7 7 7 7 7 7 7 7 7 7 7 7 7 7 7 7 7 7 7 7 7 7 7 7 7 7 7 7 7 7 7 7 7 7 7 7 7 7 7 7 7 7 7 7 7 7 7 7 7 7 7 7 7 7 7 7 7 7 7 7 7 7 7 7 7 7 7 7 7 7 7 7 7 7 7 7 7 7 7 7 7 7 7 7 7 7 7 7 7 7 7 7 7 7 7 7 7 7 7 7 7 7 7 7 7 7 7 7 7 7 7 7 7 7 7 7 7 7 7 7 7 7 7 7 7 7 7 7 7 7 7 7 7 7 7 7 7 7 7 7 7 7 7 7 7 7 7 7 7 7 7 7 7 7 7 7 7 7 7 7 7 7 7 7 7 7 7 7 7 7 7 7 7 7 7 7 7 7 7 7 7 7 7 7 7 7 7 7 7 7 7 7 7 7 7 7 7 7 7 7 7 7 7 7 7 7 7 7 7 7 7 7 7 7 7 7 7 7 7 7 7 7 7 7 7 7 7 7 7 7 7 7 7 7 7 7 7 7 7 7 7 7 7 7 7 7 7 7 7 7 7 7 7 7 7 7 7 7 7 7 7 7 7 7 7 7 7 7 7 7 7 7 7 7 7 7 7 7 7 7 7 7 7 7 7 7 7 7 7 7 7 7 7 7 7 7 7 7 7 7 7 7 7 7 7 7 7 7 7 7 7 7 7 7 7 7 7 7 7 7 7 7 7 7 7 7 7 7 7 7 7 7 7 7 7 7 7 7 7 7 7 7 7 7 7 7 7 7 7 7 7 7 7 7 7 7 7 7 7 7 7 7 7 7 7 7 7 7 7 7 7 7 7 7 7 7 7 7 7 7 7 7 7 7 7 7 7 7 7 7 7 7 7 7 7 7 7 7 7 7 7 7 7 7 7 7 7 7 7 7 7 7 7 7 7 7 7 7 7 7 7 7 7 7 7 7 7 7 7 7 7 7 7 7 7 7 7 7 7 7 7 7 7 7 7 7 7 7 7 7 7 7 7 7 7 7 7 7 7 7 7 7 7 7 7 7 7 7 7 7 7 7 7 7 7 7 7 7 7 7 7 7 7 7 7 7 7 7 7 7 7 7 7 7 7 7 7 7 7 7 7 7 7 7 7 7 7 7 7 7 7 7 7 7 7 7 7 7 7 7 7 7 7 7 7 7 7 7 7 7 7 7 7 7 7 7 7 7 7 7 7 7 7 7 7 7 7 7 7 7 7 7 7 7 7 7 7 7 7 7 7 7 7 7 7 7 7 7 7 7 7 7 7 7 7 7 7 7 7 7 7 7 7 7 7 7 7 7 7 7 7 7 7 7 7 7 7 7 7 7 7 7 7 7 7 7 7 7 7 7 7 7 7 7 7 7 7 7 7 7 7 7 7 7 7 7 7 7 7 7 7 7 7 7 7 7 7 7 7 7 7 7 7 7 7 7 7 7 7 7 7 7 7 7 7 7 7 7 7 7 7 7 7 7 7 7 7 7 7 7 7 7 7 7 7 7 7 7 7 7 7 7 7 7 7 7 7 7 7 7 7 7 7 7 7 7 7 7 7 7 7 7 7 7 7 7 7 7 7 7 7 7 7 7 7 7 7 7 7 7 7 7 7 7 7 7 7 7 7 7 7 7 7 7 7 7 7 7 7 7 7 7 7 7 7 7 7 7 7 7 7 7 7 7 7 7 7 7 7 7 7 7 7 7 7 7 7 7 7 7 7 7 7 7 7 7 7 7 7 7 7 7 7 7 7 7 7 7 7 7 7 7 7 7 7 7 7 7 7 7 7 7 7 7 7 7 7 7 7 7 7 7 7 7 7 7 7 7 7 7 7 7 7 7 7 7 7 7 7 7 7 7 7 7 7 7 7 7 7 7 7 7 7 7 7 7 7 7 7 7 7 7 7 7 7 7 7 7 7 7 7 7 7 7 7 7 7 7 7 7 7 7 7 7 7 7 7 7 7 7 7 7 7 7 7 7 7 7 7 7 7 7 7 7 7 7 7 7 7 7 7 7 7 7 7 7 7 7 7 7 7 7 7 7 7 7 7 7 7 7 7 7 7 7 7 7 7 7 7 7 7 7 7 7 7 7 7 7 7 7 7 7 7 7 7 7 7 7 7 7 7 7 7 7 7 7 7 7 7 7 7 7 7 7 7 7 7 7 7 7 7 7 7 7 7 7 7 7 7 7 7 7 7 7 7 7 7 7 7 7 7 7 7 7 7 7 7 7 7 7 7 7 7 7 7 7 7 7 7 7 7 7 7 7 7 7 7 7 7 7 7 7 7 7 7 7 7 7 7 7 7 7 7 7 7 7 7 7 7 7 7 7 7 7 7 7 7 7 7 7 7 7 7 7 7 7 7 7 7 7 7 7 7 7 7 7 7 7 7 7 7 7 7 7 7 7 7 7 7 7 7 7 7 7 7 7 7 7 7 7 7 7 7 7 7 7 7 7 7 7 7 7 7 7 7 7 7 7 7 7 7 7 7 7 7 7 7 7 7 7 7 7 7 7 7 7 7 7 7 7 7 7 7 7 7 7 7 7 7 7 7 7 7 7 7 7 7 7 7 7 7 7 7 7 7 7 7 7 7 7 7 7 7 7 7 7 7 7 7 7 7 7 7 7 7 7 7 7 7 7 7 7 7 7 7 7 7 7 7 7 7 7 7 7 7 7 7 7 7 7 7 7 7 7 7 7 7 7 7 7 7 7 7 7 7 7 7 7 7 7 7 7 7 7 7 7 7 7 7 7 7 7 7 7 7 7 7 7 7 7 7 7 7 7 7 7 7 7 7 7 7 7 7 7 7 7 7 7 7 7 7 7 7 7 7 7 7 7 7 7 7 7 7 7 7 7 7 7 7 7 7 7 7 7 7 7 7 7 7 7 7 7 7 7 7 7 7 7 7 7 7 7 7 7 7 7 7 7 7 7 7 7 7 7 7 7 7 7 7 7 7 7 7 7 7 7 7 7 7 7 7 7 7 7 7 7 7 7 7 7 7 7 7 7 7 7 7 7 7 7 7 7 7 7 7 7 7 7 7 7 7 7 7 7 7 7 7 7 7 7 7 7 7 7 7 7 7 7 7 7 7 7 7 7 7 7 7 7 7 7 7 7 7 7 7 7 7 7 7 7 7 7 7 7 7 7 7 7 7 7 7 7 7 7 7 7 7 7 7 7 7 7 7 7 7 7 7 7 7 7 7 7 7 7 7 7 7 7 7 7 7 7 7 7 7 7 7 7 7 7 7 7 7 7 7 7 7 7 7 7 7 7 7 7 7 7 7 7 7 7 7 7 7 7 7 7 7 7 7 7 7 7 7 7 7 7 7 7 7 7 7 7 7 7 7 7 7 7 7 7 7 7 7 7 7 7 7 7 7 7 7 7 7 7 7 7 7 7 7 7 7 7 7 7 7 7 7 7 7 7 7 7 7 7 7 7 7 7 7 7 7 7 7 7 7 7 7 7 7 7 7 7 7 7 7 7 7 7 7 7 7 7 7 7 7 7 7 7 7 7 7 7 7 7 7 7 7 7 7 7 7 7 7 7 7 7 7 7 7 7 7 7 7 7 7 7 7 7 7 7 7 7 7 7 7 7 7 7 7 7 7 7 7 7 7 7 7 7 7 7 7 7 7 7 7 7 7 7 7 7 7 7 7 7 7 7 7 7 7 7 7 7 7 7 7 7 7 7 7 7 7 7 7 7 7 7 7 7 7 7 7 7 7 7 7 7 7 7 7 7 7 7 7 7 7 7 7 7 7 7 7 7 7 7 7 7 7 7 7 7 7 7 7 7 7 7 7 7 7 7 7 7 7 7 7 7 7 7 7 7 7 7 7 7 7 7 7 7 7 7 7 7 7 7 7 7 7 7 7 7 7 7 7 7 7 7 7 7 7 7 7 7 7 7 7 7 7 7 7 7 7 7 7 7 7 7 7 7 7 7 7 7 7 7 7 7 7 7 7 7 7 7 7 7 7 7 7 7 7 7 7 7 7 7 7 7 7 7 7 7 7 7 7 7 7 7 7 7 7 7 7 7 7 7 7 7 7 7 7 7 7 7 7 7 7 7 7 7 7 7 7 7 7 7 7 7 7 7 7 7 7 7 7 7 
</DataArray>
</Cells>
<CellData Scalars="wall variable 0">
<DataArray type="Float64" Name="wall length" format="ascii">
29.5757 30.6597 29.5757 30.6422 29.5757 30.654 29.5757 30.6597 29.5757 30.6436 29.5757 30.654 29.5757 30.6732 29.5757 30.6436 29.5757 30.6873 29.5757 30.6732 29.5757 30.6708 29.5757 30.6873 29.5757 30.605 29.5757 30.6708 29.5757 30.5738 29.5757 30.605 29.5757 30.6109 29.5757 30.5738 29.5757 30.6772 29.5757 30.6109 29.5757 30.6866 29.5757 30.6772 29.5757 30.6727 29.5757 30.6866 29.5757 30.6474 29.5757 30.6727 29.5757 30.6261 29.5757 30.6474 29.5757 30.6205 29.5757 30.6261 29.5757 30.6422 29.5757 30.6205 29.5757 33.9583 29.5757 33.9594 33.9634 29.5757 33.9583 29.5757 33.9859 29.5757 33.9634 29.5757 34.0224 29.5757 33.9859 29.5757 34.0612 29.5757 34.0224 29.5757 34.0377 29.5757 34.0612 29.5757 33.9012 29.5757 34.0377 29.5757 33.8375 29.5757 33.9012 29.5757 33.904 29.5757 33.8375 29.5757 34.0401 29.5757 33.904 29.5757 34.0626 29.5757 34.0401 29.5757 34.0219 29.5757 34.0626 29.5757 33.9821 29.5757 34.0219 29.5757 33.9588 29.5757 33.9821 29.5757 33.9551 29.5757 33.9588 29.5757 29.5757 33.9594 29.5757 33.9551 29.5757 34.1439 29.5757 34.1587 29.5757 34.1229 29.5757 34.1439 29.5757 34.134 29.5757 34.1229 29.5757 34.1916 29.5757 34.134 29.5757 34.2754 29.5757 34.1916 29.5757 34.272 29.5757 34.2754 29.5757 34.0372 29.5757 34.272 29.5757 33.9305 29.5757 34.0372 29.5757 34.0349 29.5757 33.9305 29.5757 34.2714 29.5757 34.0349 29.5757 34.2755 29.5757 34.2714 29.5757 34.1913 29.5757 34.2755 29.5757 34.1328 29.5757 34.1913 29.5757 34.1233 29.5757 34.1328 29.5757 34.1448 29.5757 34.1233 29.5757 34.1587 29.5757 34.1448 29.5757 33.8739 29.5757 33.7711 29.5757 34.148 29.5757 33.8739 29.5757 34.5052 29.5757 34.148 29.5757 34.8679 29.5757 34.5052 29.5757 35.1825 29.5757 34.8679 29.5757 35.4267 29.5757 35.1825 29.5757 35.5664 29.5757 35.4267 29.5757 35.5968 29.5757 35.5664 29.5757 35.566 29.5757 35.5968 29.5757 35.4258 29.5757 35.566 29.5757 35.1824 29.5757 35.4258 29.5757 34.8679 29.5757 35.1824 29.5757 34.5049 29.5757 34.8679 29.5757 34.1488 29.5757 34.5049 29.5757 33.8763 29.5757 34.1488 29.5757 33.7711 29.5757 33.8763 29.5757 33.8034 29.5757 33.6959 29.5757 34.0914 29.5757 33.8034 29.5757 34.4731 29.5757 34.0914 29.5757 34.863 29.5757 34.4731 29.5757 35.1993 29.5757 34.863 29.5757 35.4401 29.5757 35.1993 29.5757 35.5659 29.5757 35.4401 29.5757 35.5954 29.5757 35.5659 29.5757 35.5657 29.5757 35.5954 29.5757 35.4397 29.5757 35.5657 29.5757 35.1993 29.5757 35.4397 29.5757 34.8632 29.5757 35.1993 29.5757 34.4735 29.5757 34.8632 29.5757 34.0925 29.5757 34.4735 29.5757 33.8047 29.5757 34.0925 29.5757 33.6959 29.5757 33.8047 29.5757 33.7515 29.5757 33.6434 29.5757 34.0451 29.5757 33.7515 29.5757 34.444 29.5757 34.0451 29.5757 34.8561 29.5757 34.444 29.5757 35.207 29.5757 34.8561 29.5757 35.447 29.5757 35.207 29.5757 35.5655 29.5757 35.447 29.5757 35.5944 29.5757 35.5655 29.5757 35.5654 29.5757 35.5944 29.5757 35.4469 29.5757 35.5654 29.5757 35.2071 29.5757 35.4469 29.5757 34.8566 29.5757 35.2071 29.5757 34.4448 29.5757 34.8566 29.5757 34.0463 29.5757 34.4448 29.5757 33.7523 29.5757 34.0463 29.5757 33.6434 29.5757 33.7523 29.5757 33.7106 29.5757 33.6015 29.5757 34.0095 29.5757 33.7106 29.5757 34.421 29.5757 34.0095 29.5757 34.8492 29.5757 34.421 29.5757 35.21 29.5757 34.8492 29.5757 35.4505 29.5757 35.21 29.5757 35.5655 29.5757 35.4505 29.5757 35.5938 29.5757 35.5655 29.5757 35.5655 29.5757 35.5938 29.5757 35.4506 29.5757 35.5655 29.5757 35.2104 29.5757 35.4506 29.5757 34.85 29.5757 35.2104 29.5757 34.4223 29.5757 34.85 29.5757 34.0108 29.5757 34.4223 29.5757 33.7112 29.5757 34.0108 29.5757 33.6015 29.5757 33.7112 29.5757 33.6782 29.5757 33.568 29.5757 33.9816 29.5757 33.6782 29.5757 34.4028 29.5757 33.9816 29.5757 34.8424 29.5757 34.4028 29.5757 35.2106 29.5757 34.8424 29.5757 35.4522 29.5757 35.2106 29.5757 35.5656 29.5757 35.4522 29.5757 35.5936 29.5757 35.5656 29.5757 35.5657 29.5757 35.5936 29.5757 35.4525 29.5757 35.5657 29.5757 35.2111 29.5757 35.4525 29.5757 34.8434 29.5757 35.2111 29.5757 34.404 29.5757 34.8434 29.5757 33.9829 29.5757 34.404 29.5757 33.6788 29.5757 33.9829 29.5757 33.568 29.5757 33.6788 29.5757 33.6527 29.5757 33.5414 29.5757 33.9595 29.5757 33.6527 29.5757 34.3877 29.5757 33.9595 29.5757 34.8357 29.5757 34.3877 29.5757 35.2095 29.5757 34.8357 29.5757 35.4529 29.5757 35.2095 29.5757 35.5659 29.5757 35.4529 29.5757 35.5937 29.5757 35.5659 29.5757 35.5659 29.5757 35.5937 29.5757 35.4532 29.5757 35.5659 29.5757 35.2102 29.5757 35.4532 29.5757 34.8369 29.5757 35.2102 29.5757 34.3891 29.5757 34.8369 29.5757 33.9608 29.5757 34.3891 29.5757 33.6532 29.5757 33.9608 29.5757 33.5414 29.5757 33.6532 29.5757 33.633 29.5757 33.5206 29.5757 33.9421 29.5757 33.633 29.5757 34.3748 29.5757 33.9421 29.5757 34.8294 29.5757 34.3748 29.5757 35.2076 29.5757 34.8294 29.5757 35.4529 29.5757 35.2076 29.5757 35.5662 29.5757 35.4529 29.5757 35.5939 29.5757 35.5662 29.5757 35.5662 29.5757 35.5939 29.5757 35.4533 29.5757 35.5662 29.5757 35.2084 29.5757 35.4533 29.5757 34.8307 29.5757 35.2084 29.5757 34.3763 29.5757 34.8307 29.5757 33.9434 29.5757 34.3763 29.5757 33.6334 29.5757 33.9434 29.5757 33.5206 29.5757 33.6334 29.5757 33.6186 29.5757 33.5052 29.5757 33.9312 29.5757 33.6186 29.5757 34.3683 29.5757 33.9312 29.5757 34.8264 29.5757 34.3683 29.5757 35.207 29.5757 34.8264 29.5757 35.4532 29.5757 35.207 29.5757 35.5665 29.5757 35.4532 29.5757 35.5941 29.5757 35.5665 29.5757 35.5665 29.5757 35.5941 29.5757 35.4535 29.5757 35.5665 29.5757 35.2078 29.5757 35.4535 29.5757 34.8278 29.5757 35.2078 29.5757 34.3699 29.5757 34.8278 29.5757 33.9326 29.5757 34.3699 29.5757 33.6189 29.5757 33.9326 29.5757 33.5052 29.5757 33.6189 29.5757 33.6082 29.5757 33.4941 29.5757 33.923 29.5757 33.6082 29.5757 34.3629 29.5757 33.923 29.5757 34.8237 29.5757 34.3629 29.5757 35.2062 29.5757 34.8237 29.5757 35.4533 29.5757 35.2062 29.5757 35.5667 29.5757 35.4533 29.5757 35.5944 29.5757 35.5667 29.5757 35.5668 29.5757 35.5944 29.5757 35.4537 29.5757 35.5668 29.5757 35.2071 29.5757 35.4537 29.5757 34.8251 29.5757 35.2071 29.5757 34.3646 29.5757 34.8251 29.5757 33.9244 29.5757 34.3646 29.5757 33.6085 29.5757 33.9244 29.5757 33.4941 29.5757 33.6085 29.5757 33.6012 29.5757 33.4865 29.5757 33.9175 29.5757 33.6012 29.5757 34.3592 29.5757 33.9175 29.5757 34.8217 29.5757 34.3592 29.5757 35.2056 29.5757 34.8217 29.5757 35.4534 29.5757 35.2056 29.5757 35.567 29.5757 35.4534 29.5757 35.5946 29.5757 35.567 29.5757 35.5671 29.5757 35.5946 29.5757 35.4538 29.5757 35.5671 29.5757 35.2065 29.5757 35.4538 29.5757 34.8232 29.5757 35.2065 29.5757 34.3609 29.5757 34.8232 29.5757 33.9188 29.5757 34.3609 29.5757 33.6014 29.5757 33.9188 29.5757 33.4865 29.5757 33.6014 29.5757 33.5971 29.5757 33.4821 29.5757 33.9141 29.5757 33.5971 29.5757 34.357 29.5757 33.9141 29.5757 34.8207 29.5757 34.357 29.5757 35.2053 29.5757 34.8207 29.5757 35.4536 29.5757 35.2053 29.5757 35.5672 29.5757 35.4536 29.5757 35.5948 29.5757 35.5672 29.5757 35.5673 29.5757 35.5948 29.5757 35.454 29.5757 35.5673 29.5757 35.2063 29.5757 35.454 29.5757 34.8222 29.5757 35.2063 29.5757 34.3587 29.5757 34.8222 29.5757 33.9155 29.5757 34.3587 29.5757 33.5973 29.5757 33.9155 29.5757 33.4821 29.5757 33.5973 29.5757 33.5955 29.5757 33.4803 29.5757 33.913 29.5757 33.5955 29.5757 34.3564 29.5757 33.913 29.5757 34.8206 29.5757 34.3564 29.5757 35.2055 29.5757 34.8206 29.5757 35.4538 29.5757 35.2055 29.5757 35.5675 29.5757 35.4538 29.5757 35.595 29.5757 35.5675 29.5757 35.5675 29.5757 35.595 29.5757 35.4542 29.5757 35.5675 29.5757 35.2064 29.5757 35.4542 29.5757 34.8221 29.5757 35.2064 29.5757 34.3582 29.5757 34.8221 29.5757 33.9144 29.5757 34.3582 29.5757 33.5957 29.5757 33.9144 29.5757 33.4803 29.5757 33.5957 29.5757 33.5966 29.5757 33.4814 29.5757 33.9141 29.5757 33.5966 29.5757 34.3575 29.5757 33.9141 29.5757 34.8215 29.5757 34.3575 29.5757 35.2062 29.5757 34.8215 29.5757 35.4542 29.5757 35.2062 29.5757 35.5677 29.5757 35.4542 29.5757 35.5952 29.5757 35.5677 29.5757 35.5677 29.5757 35.5952 29.5757 35.4546 29.5757 35.5677 29.5757 35.2071 29.5757 35.4546 29.5757 34.823 29.5757 35.2071 29.5757 34.3592 29.5757 34.823 29.5757 33.9155 29.5757 34.3592 29.5757 33.5968 29.5757 33.9155 29.5757 33.4814 29.5757 33.5968 29.5757 33.6001 29.5757 33.4848 29.5757 33.9176 29.5757 33.6001 29.5757 34.3605 29.5757 33.9176 29.5757 34.8236 29.5757 34.3605 29.5757 35.2074 29.5757 34.8236 29.5757 35.4548 29.5757 35.2074 29.5757 35.5679 29.5757 35.4548 29.5757 35.5953 29.5757 35.5679 29.5757 35.5679 29.5757 35.5953 29.5757 35.4552 29.5757 35.5679 29.5757 35.2083 29.5757 35.4552 29.5757 34.8251 29.5757 35.2083 29.5757 34.3621 29.5757 34.8251 29.5757 33.9189 29.5757 34.3621 29.5757 33.6002 29.5757 33.9189 29.5757 33.4848 29.5757 33.6002 29.5757 33.6057 29.5757 33.4903 29.5757 33.9229 29.5757 33.6057 29.5757 34.3649 29.5757 33.9229 29.5757 34.8267 29.5757 34.3649 29.5757 35.2091 29.5757 34.8267 29.5757 35.4554 29.5757 35.2091 29.5757 35.5681 29.5757 35.4554 29.5757 35.5953 29.5757 35.5681 29.5757 35.5681 29.5757 35.5953 29.5757 35.4558 29.5757 35.5681 29.5757 35.21 29.5757 35.4558 29.5757 34.8281 29.5757 35.21 29.5757 34.3664 29.5757 34.8281 29.5757 33.924 29.5757 34.3664 29.5757 33.6057 29.5757 33.924 29.5757 33.4903 29.5757 33.6057 29.5757 33.6133 29.5757 33.498 29.5757 33.9297 29.5757 33.6133 29.5757 34.3703 29.5757 33.9297 29.5757 34.8304 29.5757 34.3703 29.5757 35.2111 29.5757 34.8304 29.5757 35.4562 29.5757 35.2111 29.5757 35.5682 29.5757 35.4562 29.5757 35.5954 29.5757 35.5682 29.5757 35.5683 29.5757 35.5954 29.5757 35.4566 29.5757 35.5683 29.5757 35.212 29.5757 35.4566 29.5757 34.8318 29.5757 35.212 29.5757 34.3718 29.5757 34.8318 29.5757 33.9306 29.5757 34.3718 29.5757 33.613 29.5757 33.9306 29.5757 33.498 29.5757 33.613 29.5757 33.6227 29.5757 33.5077 29.5757 33.9381 29.5757 33.6227 29.5757 34.3769 29.5757 33.9381 29.5757 34.8347 29.5757 34.3769 29.5757 35.2133 29.5757 34.8347 29.5757 35.4569 29.5757 35.2133 29.5757 35.5683 29.5757 35.4569 29.5757 35.5954 29.5757 35.5683 29.5757 35.5684 29.5757 35.5954 29.5757 35.4573 29.5757 35.5684 29.5757 35.2142 29.5757 35.4573 29.5757 34.836 29.5757 35.2142 29.5757 34.3782 29.5757 34.836 29.5757 33.9388 29.5757 34.3782 29.5757 33.6222 29.5757 33.9388 29.5757 33.5077 29.5757 33.6222 29.5757 33.6343 29.5757 33.5197 29.5757 33.9482 29.5757 33.6343 29.5757 34.3847 29.5757 33.9482 29.5757 34.8396 29.5757 34.3847 29.5757 35.2157 29.5757 34.8396 29.5757 35.4576 29.5757 35.2157 29.5757 35.5683 29.5757 35.4576 29.5757 35.5953 29.5757 35.5683 29.5757 35.5684 29.5757 35.5953 29.5757 35.4581 29.5757 35.5684 29.5757 35.2166 29.5757 35.4581 29.5757 34.8408 29.5757 35.2166 29.5757 34.3857 29.5757 34.8408 29.5757 33.9487 29.5757 34.3857 29.5757 33.6336 29.5757 33.9487 29.5757 33.5197 29.5757 33.6336 29.5757 33.6484 29.5757 33.5343 29.5757 33.9605 29.5757 33.6484 29.5757 34.3937 29.5757 33.9605 29.5757 34.845 29.5757 34.3937 29.5757 35.2181 29.5757 34.845 29.5757 35.4582 29.5757 35.2181 29.5757 35.5683 29.5757 35.4582 29.5757 35.5953 29.5757 35.5683 29.5757 35.5685 29.5757 35.5953 29.5757 35.4588 29.5757 35.5685 29.5757 35.219 29.5757 35.4588 29.5757 34.8461 29.5757 35.219 29.5757 34.3946 29.5757 34.8461 29.5757 33.9606 29.5757 34.3946 29.5757 33.6475 29.5757 33.9606 29.5757 33.5343 29.5757 33.6475 29.5757 33.6655 29.5757 33.5519 29.5757 33.9752 29.5757 33.6655 29.5757 34.4044 29.5757 33.9752 29.5757 34.851 29.5757 34.4044 29.5757 35.2204 29.5757 34.851 29.5757 35.4586 29.5757 35.2204 29.5757 35.5683 29.5757 35.4586 29.5757 35.5952 29.5757 35.5683 29.5757 35.5685 29.5757 35.5952 29.5757 35.4593 29.5757 35.5685 29.5757 35.2214 29.5757 35.4593 29.5757 34.852 29.5757 35.2214 29.5757 34.405 29.5757 34.852 29.5757 33.9749 29.5757 34.405 29.5757 33.6642 29.5757 33.9749 29.5757 33.5519 29.5757 33.6642 29.5757 33.6864 29.5757 33.5736 29.5757 33.9931 29.5757 33.6864 29.5757 34.4171 29.5757 33.9931 29.5757 34.8574 29.5757 34.4171 29.5757 35.2223 29.5757 34.8574 29.5757 35.4587 29.5757 35.2223 29.5757 35.5682 29.5757 35.4587 29.5757 35.5952 29.5757 35.5682 29.5757 35.5684 29.5757 35.5952 29.5757 35.4594 29.5757 35.5684 29.5757 35.2233 29.5757 35.4594 29.5757 34.8582 29.5757 35.2233 29.5757 34.4172 29.5757 34.8582 29.5757 33.9924 29.5757 34.4172 29.5757 33.6847 29.5757 33.9924 29.5757 33.5736 29.5757 33.6847 29.5757 33.7118 29.5757 33.5996 29.5757 34.0153 29.5757 33.7118 29.5757 34.4323 29.5757 34.0153 29.5757 34.8641 29.5757 34.4323 29.5757 35.2234 29.5757 34.8641 29.5757 35.4582 29.5757 35.2234 29.5757 35.5682 29.5757 35.4582 29.5757 35.5953 29.5757 35.5682 29.5757 35.5684 29.5757 35.5953 29.5757 35.459 29.5757 35.5684 29.5757 35.2243 29.5757 35.459 29.5757 34.8647 29.5757 35.2243 29.5757 34.432 29.5757 34.8647 29.5757 34.0138 29.5757 34.432 29.5757 33.7095 29.5757 34.0138 29.5757 33.5996 29.5757 33.7095 29.5757 33.743 29.5757 33.6308 29.5757 34.0429 29.5757 33.743 29.5757 34.4507 29.5757 34.0429 29.5757 34.8709 29.5757 34.4507 29.5757 35.2229 29.5757 34.8709 29.5757 35.4565 29.5757 35.2229 29.5757 35.5682 29.5757 35.4565 29.5757 35.5957 29.5757 35.5682 29.5757 35.5685 29.5757 35.5957 29.5757 35.4574 29.5757 35.5685 29.5757 35.2237 29.5757 35.4574 29.5757 34.8712 29.5757 35.2237 29.5757 34.4498 29.5757 34.8712 29.5757 34.0404 29.5757 34.4498 29.5757 33.7396 29.5757 34.0404 29.5757 33.6308 29.5757 33.7396 29.5757 33.7799 29.5757 33.6666 29.5757 34.0765 29.5757 33.7799 29.5757 34.4723 29.5757 34.0765 29.5757 34.8767 29.5757 34.4723 29.5757 35.2191 29.5757 34.8767 29.5757 35.4527 29.5757 35.2191 29.5757 35.5683 29.5757 35.4527 29.5757 35.5964 29.5757 35.5683 29.5757 35.5687 29.5757 35.5964 29.5757 35.4537 29.5757 35.5687 29.5757 35.22 29.5757 35.4537 29.5757 34.8768 29.5757 35.22 29.5757 34.4709 29.5757 34.8768 29.5757 34.0726 29.5757 34.4709 29.5757 33.7747 29.5757 34.0726 29.5757 33.6666 29.5757 33.7747 29.5757 33.8167 29.5757 33.7009 29.5757 34.11 29.5757 33.8167 29.5757 34.4911 29.5757 34.11 29.5757 34.8766 29.5757 34.4911 29.5757 35.2078 29.5757 34.8766 29.5757 35.4443 29.5757 35.2078 29.5757 35.5686 29.5757 35.4443 29.5757 35.5975 29.5757 35.5686 29.5757 35.569 29.5757 35.5975 29.5757 35.4455 29.5757 35.569 29.5757 35.2086 29.5757 35.4455 29.5757 34.8765 29.5757 35.2086 29.5757 34.4893 29.5757 34.8765 29.5757 34.1043 29.5757 34.4893 29.5757 33.8087 29.5757 34.1043 29.5757 33.7009 29.5757 33.8087 29.5757 33.8108 29.5757 33.6976 29.5757 34.0932 29.5757 33.8108 29.5757 34.4627 29.5757 34.0932 29.5757 34.8404 29.5757 34.4627 29.5757 35.168 29.5757 34.8404 29.5757 35.4252 29.5757 35.168 29.5757 35.5693 29.5757 35.4252 29.5757 35.5993 29.5757 35.5693 29.5757 35.5696 29.5757 35.5993 29.5757 35.426 29.5757 35.5696 29.5757 35.1688 29.5757 35.426 29.5757 34.8402 29.5757 35.1688 29.5757 34.4605 29.5757 34.8402 29.5757 34.0869 29.5757 34.4605 29.5757 33.8005 29.5757 34.0869 29.5757 33.6976 29.5757 33.8005 29.5757 33.5193 28.1955 33.5371 29.5757 33.4831 28.1955 33.5193 29.5757 33.4975 28.1955 33.4831 29.5757 33.591 28.1955 33.4975 29.5757 33.7201 28.1955 33.591 29.5757 33.7072 28.1955 33.7201 29.5757 33.4164 28.1955 33.7072 29.5757 33.3036 28.1955 33.4164 29.5757 33.4361 28.1955 33.3036 29.5757 33.7242 28.1955 33.4361 29.5757 33.7217 28.1955 33.7242 29.5757 33.59 28.1955 33.7217 29.5757 33.4936 28.1955 33.59 29.5757 33.466 28.1955 33.4936 29.5757 33.5033 28.1955 33.466 29.5757 33.5371 28.1955 33.5033 28.1955 33.0479 26.8153 33.0569 28.1955 33.0281 26.8153 33.0479 28.1955 33.0558 26.8153 33.0281 28.1955 33.1376 26.8153 33.0558 28.1955 33.2244 26.8153 33.1376 28.1955 33.1917 26.8153 33.2244 28.1955 33.006 26.8153 33.1917 28.1955 32.9303 26.8153 33.006 28.1955 33.028 26.8153 32.9303 28.1955 33.2067 26.8153 33.028 28.1955 33.2215 26.8153 33.2067 28.1955 33.1367 26.8153 33.2215 28.1955 33.0562 26.8153 33.1367 28.1955 33.0144 26.8153 33.0562 28.1955 33.0306 26.8153 33.0144 28.1955 33.0569 26.8153 33.0306 26.8153 29.771 25.4351 29.8766 26.8153 29.5868 25.4351 29.771 26.8153 29.4675 25.4351 29.5868 26.8153 29.3875 25.4351 29.4675 26.8153 29.288 25.4351 29.3875 26.8153 29.1112 25.4351 29.288 26.8153 28.7938 25.4351 29.1112 26.8153 28.5972 25.4351 28.7938 26.8153 28.7216 25.4351 28.5972 26.8153 29.0487 25.4351 28.7216 26.8153 29.2757 25.4351 29.0487 26.8153 29.385 25.4351 29.2757 26.8153 29.4774 25.4351 29.385 26.8153 29.6431 25.4351 29.4774 26.8153 29.8388 25.4351 29.6431 26.8153 29.8766 25.4351 29.8388 29.5757 29.5757 29.5757 29.5757 29.5757 29.5757 29.5757 29.5757 29.5757 29.5757 29.5757 29.5757 29.5757 29.5757 29.5757 29.5757 25.4351 25.4351 25.4351 25.4351 25.4351 25.4351 25.4351 25.4351 25.4351 25.4351 25.4351 25.4351 25.4351 25.4351 25.4351 25.4351 
</DataArray>
<DataArray type="Float64" Name="wall variable 0" format="ascii">
0 1 0 1 0 1 0 1 0 1 0 1 0 1 0 1 0 1 0 1 0 1 0 1 0 1 0 1 0 1 0 1 0 1 0 1 0 1 0 1 0 1 0 1 0 1 0 1 0 1 0 1 0 1 0 1 0 1 0 1 0 1 0 1 0 1 0 1 1 0 1 0 1 0 1 0 1 0 1 0 1 0 1 0 1 0 1 0 1 0 1 0 1 0 1 0 1 0 1 0 1 0 1 0 1 0 1 0 1 0 1 0 1 0 1 0 1 0 1 0 1 0 1 0 0 1 0 1 0 1 0 1 0 1 0 1 0 1 0 1 0 1 0 1 0 1 0 1 0 1 0 1 0 1 0 1 0 1 0 1 0 1 0 1 0 1 0 1 0 1 0 1 0 1 0 1 0 1 0 1 0 1 0 1 0 1 0 1 0 1 0 1 0 1 0 1 0 1 0 1 0 1 0 1 0 1 0 1 0 1 0 1 0 1 0 1 0 1 0 1 0 1 0 1 0 1 0 1 0 1 0 1 0 1 0 1 0 1 0 1 0 1 0 1 0 1 0 1 0 1 0 1 0 1 0 1 0 1 0 1 0 1 0 1 0 1 0 1 0 1 0 1 0 1 0 1 0 1 0 1 0 1 0 1 0 1 0 1 0 1 0 1 0 1 0 1 0 1 0 1 0 1 0 1 0 1 0 1 0 1 0 1 0 1 0 1 0 1 0 1 0 1 0 1 0 1 0 1 0 1 0 1 0 1 0 1 0 1 0 1 0 1 0 1 0 1 0 1 0 1 0 1 0 1 0 1 0 1 0 1 0 1 0 1 0 1 0 1 0 1 0 1 0 1 0 1 0 1 0 1 0 1 0 1 0 1 0 1 0 1 0 1 0 1 0 1 0 1 0 1 0 1 0 1 0 1 0 1 0 1 0 1 0 1 0 1 0 1 0 1 0 1 0 1 0 1 0 1 0 1 0 1 0 1 0 1 0 1 0 1 0 1 0 1 0 1 0 1 0 1 0 1 0 1 0 1 0 1 0 1 0 1 0 1 0 1 0 1 0 1 0 1 0 1 0 1 0 1 0 1 0 1 0 1 0 1 0 1 0 1 0 1 0 1 0 1 0 1 0 1 0 1 0 1 0 1 0 1 0 1 0 1 0 1 0 1 0 1 0 1 0 1 0 1 0 1 0 1 0 1 0 1 0 1 0 1 0 1 0 1 0 1 0 1 0 1 0 1 0 1 0 1 0 1 0 1 0 1 0 1 0 1 0 1 0 1 0 1 0 1 0 1 0 1 0 1 0 1 0 1 0 1 0 1 0 1 0 1 0 1 0 1 0 1 0 1 0 1 0 1 0 1 0 1 0 1 0 1 0 1 0 1 0 1 0 1 0 1 0 1 0 1 0 1 0 1 0 1 0 1 0 1 0 1 0 1 0 1 0 1 0 1 0 1 0 1 0 1 0 1 0 1 0 1 0 1 0 1 0 1 0 1 0 1 0 1 0 1 0 1 0 1 0 1 0 1 0 1 0 1 0 1 0 1 0 1 0 1 0 1 0 1 0 1 0 1 0 1 0 1 0 1 0 1 0 1 0 1 0 1 0 1 0 1 0 1 0 1 0 1 0 1 0 1 0 1 0 1 0 1 0 1 0 1 0 1 0 1 0 1 0 1 0 1 0 1 0 1 0 1 0 1 0 1 0 1 0 1 0 1 0 1 0 1 0 1 0 1 0 1 0 1 0 1 0 1 0 1 0 1 0 1 0 1 0 1 0 1 0 1 0 1 0 1 0 1 0 1 0 1 0 1 0 1 0 1 0 1 0 1 0 1 0 1 0 1 0 1 0 1 0 1 0 1 0 1 0 1 0 1 0 1 0 1 0 1 0 1 0 1 0 1 0 1 0 1 0 1 0 1 0 1 0 1 0 1 0 1 0 1 0 1 0 1 0 1 0 1 0 1 0 1 0 1 0 1 0 1 0 1 0 1 0 1 0 1 0 1 0 1 0 1 0 1 0 1 0 1 0 1 0 1 0 1 0 1 0 1 0 1 0 1 0 1 0 1 0 1 0 1 0 1 0 1 0 1 0 1 0 1 0 1 0 1 0 1 0 1 0 1 0 1 0 1 0 1 0 1 0 1 0 1 0 1 0 1 0 1 0 1 0 1 0 1 0 1 0 1 0 1 0 1 0 1 0 1 0 1 0 1 0 1 0 1 0 1 0 1 0 1 0 1 0 1 0 1 0 1 0 1 0 1 0 1 0 1 0 1 0 1 0 1 0 1 0 1 0 1 0 1 0 1 0 1 0 1 0 1 0 1 0 1 0 1 0 1 0 1 0 1 0 1 0 1 0 1 0 1 0 1 0 1 0 1 0 1 0 1 0 1 0 1 0 1 0 1 0 1 0 1 0 1 0 1 0 1 0 1 0 1 0 1 0 1 0 1 0 1 0 1 0 1 0 1 0 1 0 1 0 1 0 1 0 1 0 1 0 1 0 1 0 1 0 1 0 1 0 1 0 1 0 1 0 1 0 1 0 1 0 1 0 1 0 1 0 1 0 1 0 1 0 1 0 1 0 1 0 1 0 1 0 1 0 1 0 1 0 1 0 1 0 1 0 1 0 1 0 1 0 1 0 1 0 1 0 1 0 1 0 1 0 1 0 1 0 1 0 1 0 1 0 1 0 1 0 1 0 1 0 1 0 1 0 1 0 1 0 1 0 1 0 1 0 1 0 1 0 1 0 1 0 1 0 1 0 1 0 1 0 1 0 1 0 1 0 1 0 1 0 1 0 1 0 1 0 1 0 1 0 1 0 1 0 1 0 1 0 1 0 1 0 1 0 1 0 1 0 1 0 1 0 1 0 1 0 1 0 1 0 1 0 1 0 1 0 1 0 1 0 1 0 1 0 1 0 1 0 1 0 1 0 1 0 1 0 1 0 1 0 1 0 1 0 1 0 1 0 1 0 1 0 1 0 1 0 1 0 1 0 1 0 1 0 1 0 1 0 1 0 1 0 1 0 1 0 1 0 1 0 1 0 1 0 1 0 1 0 1 0 1 0 1 0 1 0 1 0 1 0 1 0 1 0 1 0 1 0 1 0 1 0 1 0 1 0 1 0 1 0 1 0 1 0 1 0 1 0 1 0 1 0 1 0 1 0 1 0 1 0 1 0 1 0 1 0 1 0 1 0 1 0 1 0 1 0 1 0 1 0 1 0 1 0 1 0 1 0 1 0 1 0 1 0 1 0 1 0 1 0 1 0 1 0 1 0 1 0 1 0 1 0 1 0 1 0 1 0 1 0 1 0 1 0 1 0 1 0 1 0 1 0 1 0 1 0 1 0 1 0 1 0 1 0 1 0 1 0 1 0 1 0 1 0 1 0 1 0 1 0 1 0 1 0 1 0 1 0 1 0 1 0 1 0 1 0 1 0 1 0 1 0 1 0 1 0 1 0 1 0 1 0 1 0 1 0 1 0 1 0 1 0 1 0 1 0 1 0 1 0 1 0 1 0 1 0 1 0 1 0 1 0 1 0 1 0 1 0 1 0 1 0 1 0 1 0 1 0 1 0 1 0 1 0 1 0 1 0 1 0 1 0 1 0 1 0 1 0 1 0 1 0 1 0 1 0 1 0 1 0 1 0 1 0 1 0 1 0 1 0 1 0 1 0 1 0 1 0 1 0 1 0 1 0 1 0 1 0 1 0 1 0 1 0 1 0 1 0 1 0 1 0 1 0 1 0 1 0 1 0 1 0 1 0 1 0 1 0 1 0 1 0 1 0 1 0 1 0 1 0 1 0 1 0 1 0 1 0 1 0 1 0 1 0 1 0 1 0 1 0 1 0 1 0 1 0 1 0 1 0 1 0 1 0 1 0 1 0 1 0 1 0 1 0 1 0 1 0 1 0 1 0 1 0 1 0 1 0 1 0 1 0 1 0 1 0 1 0 1 0 1 0 1 0 1 0 1 0 1 0 1 0 1 0 1 0 1 0 1 0 1 0 1 0 1 0 1 0 1 0 1 0 1 0 1 0 1 0 1 0 1 0 1 0 1 0 1 0 1 0 1 0 1 0 1 0 1 0 1 0 1 0 1 0 1 0 1 0 1 0 1 0 1 0 1 0 1 0 1 0 1 0 1 0 1 0 1 0 1 0 1 0 1 0 1 0 1 0 1 0 1 0 1 0 1 0 1 0 1 0 1 0 1 0 1 0 1 0 1 0 1 0 1 0 1 0 1 0 1 0 1 0 1 0 1 0 1 0 1 0 1 0 1 0 1 0 1 0 1 0 1 0 1 0 1 0 1 0 1 0 1 0 1 0 1 0 1 0 1 0 1 0 1 0 1 0 1 0 1 0 1 0 1 0 1 0 1 0 1 0 1 0 1 0 1 0 1 0 1 0 1 0 1 0 1 0 1 0 1 0 1 0 1 0 1 0 1 0 1 0 1 0 1 0 1 0 1 0 1 0 1 0 1 0 1 0 1 0 1 0 1 0 1 0 1 0 1 0 1 0 1 0 1 0 1 0 1 0 1 0 1 0 1 0 1 0 1 0 1 0 1 0 1 0 1 0 1 0 1 0 1 0 1 0 1 0 1 0 1 0 0 0 0 0 0 0 0 0 0 0 0 0 0 0 0 0 0 0 0 0 0 0 0 0 0 0 0 0 0 0 0 
</DataArray>
<DataArray type="Float64" Name="wall variable 1" format="ascii">
0 1 0 1 0 1 0 1 0 1 0 1 0 1 0 1 0 1 0 1 0 1 0 1 0 1 0 1 0 1 0 1 0 1 0 1 0 1 0 1 0 1 0 1 0 1 0 1 0 1 0 1 0 1 0 1 0 1 0 1 0 1 0 1 0 1 0 1 1 0 1 0 1 0 1 0 1 0 1 0 1 0 1 0 1 0 1 0 1 0 1 0 1 0 1 0 1 0 1 0 1 0 1 0 1 0 1 0 1 0 1 0 1 0 1 0 1 0 1 0 1 0 1 0 0 1 0 1 0 1 0 1 0 1 0 1 0 1 0 1 0 1 0 1 0 1 0 1 0 1 0 1 0 1 0 1 0 1 0 1 0 1 0 1 0 1 0 1 0 1 0 1 0 1 0 1 0 1 0 1 0 1 0 1 0 1 0 1 0 1 0 1 0 1 0 1 0 1 0 1 0 1 0 1 0 1 0 1 0 1 0 1 0 1 0 1 0 1 0 1 0 1 0 1 0 1 0 1 0 1 0 1 0 1 0 1 0 1 0 1 0 1 0 1 0 1 0 1 0 1 0 1 0 1 0 1 0 1 0 1 0 1 0 1 0 1 0 1 0 1 0 1 0 1 0 1 0 1 0 1 0 1 0 1 0 1 0 1 0 1 0 1 0 1 0 1 0 1 0 1 0 1 0 1 0 1 0 1 0 1 0 1 0 1 0 1 0 1 0 1 0 1 0 1 0 1 0 1 0 1 0 1 0 1 0 1 0 1 0 1 0 1 0 1 0 1 0 1 0 1 0 1 0 1 0 1 0 1 0 1 0 1 0 1 0 1 0 1 0 1 0 1 0 1 0 1 0 1 0 1 0 1 0 1 0 1 0 1 0 1 0 1 0 1 0 1 0 1 0 1 0 1 0 1 0 1 0 1 0 1 0 1 0 1 0 1 0 1 0 1 0 1 0 1 0 1 0 1 0 1 0 1 0 1 0 1 0 1 0 1 0 1 0 1 0 1 0 1 0 1 0 1 0 1 0 1 0 1 0 1 0 1 0 1 0 1 0 1 0 1 0 1 0 1 0 1 0 1 0 1 0 1 0 1 0 1 0 1 0 1 0 1 0 1 0 1 0 1 0 1 0 1 0 1 0 1 0 1 0 1 0 1 0 1 0 1 0 1 0 1 0 1 0 1 0 1 0 1 0 1 0 1 0 1 0 1 0 1 0 1 0 1 0 1 0 1 0 1 0 1 0 1 0 1 0 1 0 1 0 1 0 1 0 1 0 1 0 1 0 1 0 1 0 1 0 1 0 1 0 1 0 1 0 1 0 1 0 1 0 1 0 1 0 1 0 1 0 1 0 1 0 1 0 1 0 1 0 1 0 1 0 1 0 1 0 1 0 1 0 1 0 1 0 1 0 1 0 1 0 1 0 1 0 1 0 1 0 1 0 1 0 1 0 1 0 1 0 1 0 1 0 1 0 1 0 1 0 1 0 1 0 1 0 1 0 1 0 1 0 1 0 1 0 1 0 1 0 1 0 1 0 1 0 1 0 1 0 1 0 1 0 1 0 1 0 1 0 1 0 1 0 1 0 1 0 1 0 1 0 1 0 1 0 1 0 1 0 1 0 1 0 1 0 1 0 1 0 1 0 1 0 1 0 1 0 1 0 1 0 1 0 1 0 1 0 1 0 1 0 1 0 1 0 1 0 1 0 1 0 1 0 1 0 1 0 1 0 1 0 1 0 1 0 1 0 1 0 1 0 1 0 1 0 1 0 1 0 1 0 1 0 1 0 1 0 1 0 1 0 1 0 1 0 1 0 1 0 1 0 1 0 1 0 1 0 1 0 1 0 1 0 1 0 1 0 1 0 1 0 1 0 1 0 1 0 1 0 1 0 1 0 1 0 1 0 1 0 1 0 1 0 1 0 1 0 1 0 1 0 1 0 1 0 1 0 1 0 1 0 1 0 1 0 1 0 1 0 1 0 1 0 1 0 1 0 1 0 1 0 1 0 1 0 1 0 1 0 1 0 1 0 1 0 1 0 1 0 1 0 1 0 1 0 1 0 1 0 1 0 1 0 1 0 1 0 1 0 1 0 1 0 1 0 1 0 1 0 1 0 1 0 1 0 1 0 1 0 1 0 1 0 1 0 1 0 1 0 1 0 1 0 1 0 1 0 1 0 1 0 1 0 1 0 1 0 1 0 1 0 1 0 1 0 1 0 1 0 1 0 1 0 1 0 1 0 1 0 1 0 1 0 1 0 1 0 1 0 1 0 1 0 1 0 1 0 1 0 1 0 1 0 1 0 1 0 1 0 1 0 1 0 1 0 1 0 1 0 1 0 1 0 1 0 1 0 1 0 1 0 1 0 1 0 1 0 1 0 1 0 1 0 1 0 1 0 1 0 1 0 1 0 1 0 1 0 1 0 1 0 1 0 1 0 1 0 1 0 1 0 1 0 1 0 1 0 1 0 1 0 1 0 1 0 1 0 1 0 1 0 1 0 1 0 1 0 1 0 1 0 1 0 1 0 1 0 1 0 1 0 1 0 1 0 1 0 1 0 1 0 1 0 1 0 1 0 1 0 1 0 1 0 1 0 1 0 1 0 1 0 1 0 1 0 1 0 1 0 1 0 1 0 1 0 1 0 1 0 1 0 1 0 1 0 1 0 1 0 1 0 1 0 1 0 1 0 1 0 1 0 1 0 1 0 1 0 1 0 1 0 1 0 1 0 1 0 1 0 1 0 1 0 1 0 1 0 1 0 1 0 1 0 1 0 1 0 1 0 1 0 1 0 1 0 1 0 1 0 1 0 1 0 1 0 1 0 1 0 1 0 1 0 1 0 1 0 1 0 1 0 1 0 1 0 1 0 1 0 1 0 1 0 1 0 1 0 1 0 1 0 1 0 1 0 1 0 1 0 1 0 1 0 1 0 1 0 1 0 1 0 1 0 1 0 1 0 1 0 1 0 1 0 1 0 1 0 1 0 1 0 1 0 1 0 1 0 1 0 1 0 1 0 1 0 1 0 1 0 1 0 1 0 1 0 1 0 1 0 1 0 1 0 1 0 1 0 1 0 1 0 1 0 1 0 1 0 1 0 1 0 1 0 1 0 1 0 1 0 1 0 1 0 1 0 1 0 1 0 1 0 1 0 1 0 1 0 1 0 1 0 1 0 1 0 1 0 1 0 1 0 1 0 1 0 1 0 1 0 1 0 1 0 1 0 1 0 1 0 1 0 1 0 1 0 1 0 1 0 1 0 1 0 1 0 1 0 1 0 1 0 1 0 1 0 1 0 1 0 1 0 1 0 1 0 1 0 1 0 1 0 1 0 1 0 1 0 1 0 1 0 1 0 1 0 1 0 1 0 1 0 1 0 1 0 1 0 1 0 1 0 1 0 1 0 1 0 1 0 1 0 1 0 1 0 1 0 1 0 1 0 1 0 1 0 1 0 1 0 1 0 1 0 1 0 1 0 1 0 1 0 1 0 1 0 1 0 1 0 1 0 1 0 1 0 1 0 1 0 1 0 1 0 1 0 1 0 1 0 1 0 1 0 1 0 1 0 1 0 1 0 1 0 1 0 1 0 1 0 1 0 1 0 1 0 1 0 1 0 1 0 1 0 1 0 1 0 1 0 1 0 1 0 1 0 1 0 1 0 1 0 1 0 1 0 1 0 1 0 1 0 1 0 1 0 1 0 1 0 1 0 1 0 1 0 1 0 1 0 1 0 1 0 1 0 1 0 1 0 1 0 1 0 1 0 1 0 1 0 1 0 1 0 1 0 1 0 1 0 1 0 1 0 1 0 1 0 1 0 1 0 1 0 1 0 1 0 1 0 1 0 1 0 1 0 1 0 1 0 1 0 1 0 1 0 1 0 1 0 1 0 1 0 1 0 1 0 1 0 1 0 1 0 1 0 1 0 1 0 1 0 1 0 1 0 1 0 1 0 1 0 1 0 1 0 1 0 1 0 1 0 1 0 1 0 1 0 1 0 1 0 1 0 1 0 1 0 1 0 1 0 1 0 1 0 1 0 1 0 1 0 1 0 1 0 1 0 1 0 1 0 1 0 1 0 1 0 1 0 1 0 1 0 1 0 1 0 1 0 1 0 1 0 1 0 1 0 1 0 1 0 1 0 1 0 1 0 1 0 1 0 1 0 1 0 1 0 1 0 1 0 1 0 1 0 1 0 1 0 1 0 1 0 1 0 1 0 1 0 1 0 1 0 1 0 1 0 1 0 1 0 1 0 1 0 1 0 1 0 1 0 1 0 1 0 1 0 1 0 1 0 1 0 1 0 1 0 1 0 1 0 1 0 1 0 1 0 1 0 1 0 1 0 1 0 1 0 1 0 1 0 1 0 1 0 1 0 1 0 1 0 1 0 1 0 1 0 1 0 1 0 1 0 1 0 1 0 1 0 1 0 1 0 1 0 1 0 1 0 1 0 1 0 1 0 1 0 1 0 1 0 1 0 1 0 1 0 1 0 1 0 1 0 1 0 1 0 1 0 1 0 1 0 1 0 1 0 1 0 1 0 1 0 1 0 1 0 1 0 1 0 1 0 1 0 1 0 1 0 1 0 1 0 1 0 1 0 1 0 1 0 0 0 0 0 0 0 0 0 0 0 0 0 0 0 0 0 0 0 0 0 0 0 0 0 0 0 0 0 0 0 0 
</DataArray>
<DataArray type="Float64" Name="wall variable 2" format="ascii">
0 35.6354 0 35.6354 0 35.6354 0 35.6354 0 35.6354 0 35.6354 0 35.6354 0 35.6354 0 35.6354 0 35.6354 0 35.6354 0 35.6354 0 35.6354 0 35.6354 0 35.6354 0 35.6354 0 35.6354 0 35.6354 0 35.6354 0 35.6354 0 35.6354 0 35.6354 0 35.6354 0 35.6354 0 35.6354 0 35.6354 0 35.6354 0 35.6354 0 35.6354 0 35.6354 0 35.6354 0 35.6354 0 35.6354 0 35.6354 35.6354 0 35.6354 0 35.6354 0 35.6354 0 35.6354 0 35.6354 0 35.6354 0 35.6354 0 35.6354 0 35.6354 0 35.6354 0 35.6354 0 35.6354 0 35.6354 0 35.6354 0 35.6354 0 35.6354 0 35.6354 0 35.6354 0 35.6354 0 35.6354 0 35.6354 0 35.6354 0 35.6354 0 35.6354 0 35.6354 0 35.6354 0 35.6354 0 0 35.6354 0 35.6354 0 35.6354 0 35.6354 0 35.6354 0 35.6354 0 35.6354 0 35.6354 0 35.6354 0 35.6354 0 35.6354 0 35.6354 0 35.6354 0 35.6354 0 35.6354 0 35.6354 0 35.6354 0 35.6354 0 35.6354 0 35.6354 0 35.6354 0 35.6354 0 35.6354 0 35.6354 0 35.6354 0 35.6354 0 35.6354 0 35.6354 0 35.6354 0 35.6354 0 35.6354 0 35.6354 0 35.6354 0 35.6354 0 35.6354 0 35.6354 0 35.6354 0 35.6354 0 35.6354 0 35.6354 0 35.6354 0 35.6354 0 35.6354 0 35.6354 0 35.6354 0 35.6354 0 35.6354 0 35.6354 0 35.6354 0 35.6354 0 35.6354 0 35.6354 0 35.6354 0 35.6354 0 35.6354 0 35.6354 0 35.6354 0 35.6354 0 35.6354 0 35.6354 0 35.6354 0 35.6354 0 35.6354 0 35.6354 0 35.6354 0 35.6354 0 35.6354 0 35.6354 0 35.6354 0 35.6354 0 35.6354 0 35.6354 0 35.6354 0 35.6354 0 35.6354 0 35.6354 0 35.6354 0 35.6354 0 35.6354 0 35.6354 0 35.6354 0 35.6354 0 35.6354 0 35.6354 0 35.6354 0 35.6354 0 35.6354 0 35.6354 0 35.6354 0 35.6354 0 35.6354 0 35.6354 0 35.6354 0 35.6354 0 35.6354 0 35.6354 0 35.6354 0 35.6354 0 35.6354 0 35.6354 0 35.6354 0 35.6354 0 35.6354 0 35.6354 0 35.6354 0 35.6354 0 35.6354 0 35.6354 0 35.6354 0 35.6354 0 35.6354 0 35.6354 0 35.6354 0 35.6354 0 35.6354 0 35.6354 0 35.6354 0 35.6354 0 35.6354 0 35.6354 0 35.6354 0 35.6354 0 35.6354 0 35.6354 0 35.6354 0 35.6354 0 35.6354 0 35.6354 0 35.6354 0 35.6354 0 35.6354 0 35.6354 0 35.6354 0 35.6354 0 35.6354 0 35.6354 0 35.6354 0 35.6354 0 35.6354 0 35.6354 0 35.6354 0 35.6354 0 35.6354 0 35.6354 0 35.6354 0 35.6354 0 35.6354 0 35.6354 0 35.6354 0 35.6354 0 35.6354 0 35.6354 0 35.6354 0 35.6354 0 35.6354 0 35.6354 0 35.6354 0 35.6354 0 35.6354 0 35.6354 0 35.6354 0 35.6354 0 35.6354 0 35.6354 0 35.6354 0 35.6354 0 35.6354 0 35.6354 0 35.6354 0 35.6354 0 35.6354 0 35.6354 0 35.6354 0 35.6354 0 35.6354 0 35.6354 0 35.6354 0 35.6354 0 35.6354 0 35.6354 0 35.6354 0 35.6354 0 35.6354 0 35.6354 0 35.6354 0 35.6354 0 35.6354 0 35.6354 0 35.6354 0 35.6354 0 35.6354 0 35.6354 0 35.6354 0 35.6354 0 35.6354 0 35.6354 0 35.6354 0 35.6354 0 35.6354 0 35.6354 0 35.6354 0 35.6354 0 35.6354 0 35.6354 0 35.6354 0 35.6354 0 35.6354 0 35.6354 0 35.6354 0 35.6354 0 35.6354 0 35.6354 0 35.6354 0 35.6354 0 35.6354 0 35.6354 0 35.6354 0 35.6354 0 35.6354 0 35.6354 0 35.6354 0 35.6354 0 35.6354 0 35.6354 0 35.6354 0 35.6354 0 35.6354 0 35.6354 0 35.6354 0 35.6354 0 35.6354 0 35.6354 0 35.6354 0 35.6354 0 35.6354 0 35.6354 0 35.6354 0 35.6354 0 35.6354 0 35.6354 0 35.6354 0 35.6354 0 35.6354 0 35.6354 0 35.6354 0 35.6354 0 35.6354 0 35.6354 0 35.6354 0 35.6354 0 35.6354 0 35.6354 0 35.6354 0 35.6354 0 35.6354 0 35.6354 0 35.6354 0 35.6354 0 35.6354 0 35.6354 0 35.6354 0 35.6354 0 35.6354 0 35.6354 0 35.6354 0 35.6354 0 35.6354 0 35.6354 0 35.6354 0 35.6354 0 35.6354 0 35.6354 0 35.6354 0 35.6354 0 35.6354 0 35.6354 0 35.6354 0 35.6354 0 35.6354 0 35.6354 0 35.6354 0 35.6354 0 35.6354 0 35.6354 0 35.6354 0 35.6354 0 35.6354 0 35.6354 0 35.6354 0 35.6354 0 35.6354 0 35.6354 0 35.6354 0 35.6354 0 35.6354 0 35.6354 0 35.6354 0 35.6354 0 35.6354 0 35.6354 0 35.6354 0 35.6354 0 35.6354 0 35.6354 0 35.6354 0 35.6354 0 35.6354 0 35.6354 0 35.6354 0 35.6354 0 35.6354 0 35.6354 0 35.6354 0 35.6354 0 35.6354 0 35.6354 0 35.6354 0 35.6354 0 35.6354 0 35.6354 0 35.6354 0 35.6354 0 35.6354 0 35.6354 0 35.6354 0 35.6354 0 35.6354 0 35.6354 0 35.6354 0 35.6354 0 35.6354 0 35.6354 0 35.6354 0 35.6354 0 35.6354 0 35.6354 0 35.6354 0 35.6354 0 35.6354 0 35.6354 0 35.6354 0 35.6354 0 35.6354 0 35.6354 0 35.6354 0 35.6354 0 35.6354 0 35.6354 0 35.6354 0 35.6354 0 35.6354 0 35.6354 0 35.6354 0 35.6354 0 35.6354 0 35.6354 0 35.6354 0 35.6354 0 35.6354 0 35.6354 0 35.6354 0 35.6354 0 35.6354 0 35.6354 0 35.6354 0 35.6354 0 35.6354 0 35.6354 0 35.6354 0 35.6354 0 35.6354 0 35.6354 0 35.6354 0 35.6354 0 35.6354 0 35.6354 0 35.6354 0 35.6354 0 35.6354 0 35.6354 0 35.6354 0 35.6354 0 35.6354 0 35.6354 0 35.6354 0 35.6354 0 35.6354 0 35.6354 0 35.6354 0 35.6354 0 35.6354 0 35.6354 0 35.6354 0 35.6354 0 35.6354 0 35.6354 0 35.6354 0 35.6354 0 35.6354 0 35.6354 0 35.6354 0 35.6354 0 35.6354 0 35.6354 0 35.6354 0 35.6354 0 35.6354 0 35.6354 0 35.6354 0 35.6354 0 35.6354 0 35.6354 0 35.6354 0 35.6354 0 35.6354 0 35.6354 0 35.6354 0 35.6354 0 35.6354 0 35.6354 0 35.6354 0 35.6354 0 35.6354 0 35.6354 0 35.6354 0 35.6354 0 35.6354 0 35.6354 0 35.6354 0 35.6354 0 35.6354 0 35.6354 0 35.6354 0 35.6354 0 35.6354 0 35.6354 0 35.6354 0 35.6354 0 35.6354 0 35.6354 0 35.6354 0 35.6354 0 35.6354 0 35.6354 0 35.6354 0 35.6354 0 35.6354 0 35.6354 0 35.6354 0 35.6354 0 35.6354 0 35.6354 0 35.6354 0 35.6354 0 35.6354 0 35.6354 0 35.6354 0 35.6354 0 35.6354 0 35.6354 0 35.6354 0 35.6354 0 35.6354 0 35.6354 0 35.6354 0 35.6354 0 35.6354 0 35.6354 0 35.6354 0 35.6354 0 35.6354 0 35.6354 0 35.6354 0 35.6354 0 35.6354 0 35.6354 0 35.6354 0 35.6354 0 35.6354 0 35.6354 0 35.6354 0 35.6354 0 35.6354 0 35.6354 0 35.6354 0 35.6354 0 35.6354 0 35.6354 0 35.6354 0 35.6354 0 35.6354 0 35.6354 0 35.6354 0 35.6354 0 35.6354 0 35.6354 0 35.6354 0 35.6354 0 35.6354 0 35.6354 0 35.6354 0 35.6354 0 35.6354 0 35.6354 0 35.6354 0 35.6354 0 35.6354 0 35.6354 0 35.6354 0 35.6354 0 35.6354 0 35.6354 0 35.6354 0 35.6354 0 35.6354 0 35.6354 0 35.6354 0 35.6354 0 35.6354 0 35.6354 0 35.6354 0 35.6354 0 35.6354 0 35.6354 0 35.6354 0 35.6354 0 35.6354 0 35.6354 0 35.6354 0 35.6354 0 35.6354 0 35.6354 0 35.6354 0 35.6354 0 35.6354 0 35.6354 0 35.6354 0 35.6354 0 35.6354 0 35.6354 0 35.6354 0 35.6354 0 35.6354 0 35.6354 0 35.6354 0 35.6354 0 35.6354 0 35.6354 0 35.6354 0 35.6354 0 35.6354 0 35.6354 0 35.6354 0 35.6354 0 35.6354 0 35.6354 0 35.6354 0 35.6354 0 35.6354 0 35.6354 0 35.6354 0 35.6354 0 35.6354 0 35.6354 0 35.6354 0 35.6354 0 35.6354 0 35.6354 0 35.6354 0 35.6354 0 35.6354 0 35.6354 0 35.6354 0 35.6354 0 35.6354 0 35.6354 0 35.6354 0 35.6354 0 35.6354 0 35.6354 0 35.6354 0 35.6354 0 35.6354 0 35.6354 0 35.6354 0 35.6354 0 35.6354 0 35.6354 0 35.6354 0 35.6354 0 35.6354 0 35.6354 0 35.6354 0 35.6354 0 35.6354 0 35.6354 0 35.6354 0 35.6354 0 35.6354 0 35.6354 0 35.6354 0 35.6354 0 35.6354 0 35.6354 0 35.6354 0 35.6354 0 35.6354 0 35.6354 0 35.6354 0 35.6354 0 35.6354 0 35.6354 0 35.6354 0 35.6354 0 35.6354 0 35.6354 0 35.6354 0 35.6354 0 35.6354 0 35.6354 0 35.6354 0 35.6354 0 35.6354 0 35.6354 0 35.6354 0 35.6354 0 35.6354 0 35.6354 0 35.6354 0 35.6354 0 35.6354 0 35.6354 0 35.6354 0 35.6354 0 35.6354 0 35.6354 0 35.6354 0 35.6354 0 35.6354 0 35.6354 0 35.6354 0 35.6354 0 35.6354 0 35.6354 0 35.6354 0 35.6354 0 35.6354 0 35.6354 0 35.6354 0 35.6354 0 35.6354 0 35.6354 0 35.6354 0 35.6354 0 35.6354 0 35.6354 0 35.6354 0 35.6354 0 35.6354 0 35.6354 0 35.6354 0 35.6354 0 35.6354 0 35.6354 0 35.6354 0 35.6354 0 35.6354 0 35.6354 0 35.6354 0 35.6354 0 35.6354 0 35.6354 0 35.6354 0 35.6354 0 35.6354 0 35.6354 0 35.6354 0 35.6354 0 35.6354 0 35.6354 0 35.6354 0 35.6354 0 35.6354 0 35.6354 0 35.6354 0 35.6354 0 35.6354 0 35.6354 0 35.6354 0 35.6354 0 35.6354 0 35.6354 0 35.6354 0 35.6354 0 35.6354 0 35.6354 0 35.6354 0 35.6354 0 35.6354 0 35.6354 0 35.6354 0 35.6354 0 35.6354 0 35.6354 0 35.6354 0 35.6354 0 35.6354 0 35.6354 0 35.6354 0 35.6354 0 35.6354 0 35.6354 0 35.6354 0 35.6354 0 35.6354 0 35.6354 0 35.6354 0 35.6354 0 35.6354 0 35.6354 0 35.6354 0 35.6354 0 35.6354 0 35.6354 0 35.6354 0 35.6354 0 35.6354 0 35.6354 0 35.6354 0 35.6354 0 35.6354 0 35.6354 0 35.6354 0 35.6354 0 35.6354 0 35.6354 0 35.6354 0 35.6354 0 35.6354 0 35.6354 0 35.6354 0 35.6354 0 35.6354 0 35.6354 0 35.6354 0 35.6354 0 35.6354 0 35.6354 0 35.6354 0 35.6354 0 35.6354 0 35.6354 0 35.6354 0 35.6354 0 35.6354 0 35.6354 0 35.6354 0 35.6354 0 35.6354 0 35.6354 0 35.6354 0 35.6354 0 35.6354 0 35.6354 0 35.6354 0 35.6354 0 35.6354 0 35.6354 0 35.6354 0 35.6354 0 35.6354 0 35.6354 0 35.6354 0 35.6354 0 35.6354 0 35.6354 0 35.6354 0 35.6354 0 35.6354 0 35.6354 0 35.6354 0 35.6354 0 35.6354 0 35.6354 0 35.6354 0 35.6354 0 35.6354 0 35.6354 0 35.6354 0 35.6354 0 35.6354 0 35.6354 0 35.6354 0 35.6354 0 35.6354 0 35.6354 0 35.6354 0 35.6354 0 35.6354 0 35.6354 0 35.6354 0 35.6354 0 35.6354 0 35.6354 0 35.6354 0 35.6354 0 35.6354 0 35.6354 0 35.6354 0 35.6354 0 35.6354 0 35.6354 0 35.6354 0 35.6354 0 35.6354 0 35.6354 0 35.6354 0 35.6354 0 35.6354 0 35.6354 0 35.6354 0 35.6354 0 35.6354 0 35.6354 0 35.6354 0 35.6354 0 35.6354 0 35.6354 0 35.6354 0 35.6354 0 35.6354 0 35.6354 0 35.6354 0 35.6354 0 35.6354 0 35.6354 0 35.6354 0 35.6354 0 35.6354 0 35.6354 0 35.6354 0 35.6354 0 35.6354 0 35.6354 0 35.6354 0 35.6354 0 35.6354 0 35.6354 0 35.6354 0 35.6354 0 35.6354 0 35.6354 0 35.6354 0 35.6354 0 35.6354 0 35.6354 0 35.6354 0 35.6354 0 35.6354 0 35.6354 0 35.6354 0 35.6354 0 35.6354 0 35.6354 0 35.6354 0 35.6354 0 35.6354 0 35.6354 0 35.6354 0 35.6354 0 35.6354 0 35.6354 0 35.6354 0 35.6354 0 35.6354 0 35.6354 0 35.6354 0 35.6354 0 35.6354 0 35.6354 0 35.6354 0 35.6354 0 35.6354 0 35.6354 0 35.6354 0 35.6354 0 35.6354 0 35.6354 0 35.6354 0 35.6354 0 35.6354 0 35.6354 0 35.6354 0 35.6354 0 35.6354 0 35.6354 0 35.6354 0 35.6354 0 35.6354 0 35.6354 0 35.6354 0 35.6354 0 35.6354 0 35.6354 0 35.6354 0 35.6354 0 35.6354 0 35.6354 0 35.6354 0 35.6354 0 35.6354 0 35.6354 0 35.6354 0 35.6354 0 35.6354 0 35.6354 0 35.6354 0 35.6354 0 35.6354 0 35.6354 0 35.6354 0 35.6354 0 35.6354 0 35.6354 0 35.6354 0 35.6354 0 35.6354 0 35.6354 0 35.6354 0 35.6354 0 35.6354 0 35.6354 0 35.6354 0 35.6354 0 35.6354 0 35.6354 0 35.6354 0 35.6354 0 35.6354 0 35.6354 0 35.6354 0 35.6354 0 35.6354 0 35.6354 0 35.6354 0 35.6354 0 35.6354 0 35.6354 0 35.6354 0 35.6354 0 35.6354 0 35.6354 0 35.6354 0 35.6354 0 35.6354 0 35.6354 0 35.6354 0 35.6354 0 35.6354 0 35.6354 0 35.6354 0 35.6354 0 0 0 0 0 0 0 0 0 0 0 0 0 0 0 0 0 0 0 0 0 0 0 0 0 0 0 0 0 0 0 0 
</DataArray>
</CellData>
</Piece>
</UnstructuredGrid>
</VTKFile>
