<VTKFile type="UnstructuredGrid" version="0.1">
<UnstructuredGrid>
<Piece  NumberOfPoints="    2608" NumberOfCells="    2080">
<Points>
<DataArray type="Float64" NumberOfComponents="3" format="ascii">
-224.229 593.06 -0.163544 
-223.292 598.646 28.4123 
-220.589 614.555 52.6721 
-216.383 638.388 68.9081 
-211.219 666.508 74.6066 
-205.881 694.591 68.8816 
-201.278 718.356 52.6408 
-198.181 734.209 28.3821 
-197.077 739.759 -0.202673 
-198.148 734.178 -28.7784 
-201.241 718.317 -53.0215 
-205.853 694.559 -69.2505 
-211.211 666.483 -74.9714 
-216.407 638.365 -69.272 
-220.627 614.529 -53.0232 
-223.324 598.628 -28.7479 
-199.708 582.458 -0.160162 
-198.677 588.513 30.6878 
-195.776 605.74 56.8193 
-191.272 631.476 74.2828 
-185.712 661.777 80.4305 
-179.969 692.063 74.3084 
-174.994 717.733 56.8303 
-171.626 734.885 30.6697 
-170.421 740.906 -0.200102 
-171.564 734.866 -31.0691 
-174.934 717.702 -57.2184 
-179.949 692.029 -74.6809 
-185.708 661.737 -80.7957 
-191.284 631.444 -74.6409 
-195.835 605.734 -57.1655 
-198.745 588.517 -31.0117 
-169.99 575.089 -0.159211 
-168.995 581.303 31.3556 
-166.116 598.952 58.0465 
-161.565 625.281 75.8696 
-155.883 656.264 82.1335 
-149.955 687.203 75.8807 
-144.8 713.415 58.0449 
-141.354 730.947 31.3307 
-140.165 737.103 -0.199308 
-141.325 730.925 -31.7249 
-144.769 713.383 -58.4259 
-149.939 687.167 -76.2527 
-155.877 656.226 -82.4959 
-161.572 625.249 -76.2218 
-166.15 598.932 -58.3885 
-169.034 581.294 -31.6802 
-139.381 568.969 -0.15625 
-138.492 575.247 31.5458 
-135.813 593.052 58.3869 
-131.39 619.577 76.2967 
-125.677 650.744 82.5665 
-119.594 681.821 76.2486 
-114.25 708.125 58.3079 
-110.773 725.749 31.47 
-109.67 731.975 -0.199756 
-110.773 725.732 -31.8649 
-114.243 708.099 -58.6879 
-119.582 681.788 -76.6184 
-125.668 650.708 -82.9247 
-131.387 619.545 -76.6437 
-135.819 593.027 -58.7243 
-138.506 575.23 -31.8654 
-110.286 562.791 -0.153368 
-109.074 569.022 31.6276 
-105.487 586.696 58.5383 
-99.8042 613.04 76.4809 
-92.7132 643.986 82.7336 
-85.3249 674.822 76.368 
-78.9082 700.917 58.3832 
-74.5997 718.382 31.5026 
-73.1364 724.546 -0.199017 
-74.6032 718.367 -31.8955 
-78.9051 700.895 -58.7577 
-85.3141 674.792 -76.7319 
-92.7005 643.953 -83.0861 
-99.7925 613.009 -76.8228 
-105.474 586.67 -58.8719 
-109.067 569 -31.9424 
-81.6722 555.455 -0.148841 
-80.1304 561.615 31.6408 
-75.6292 579.083 58.5577 
-68.6716 605.128 76.5028 
-60.1783 635.726 82.7548 
-51.4492 666.215 76.3864 
-43.912 692.005 58.395 
-38.8116 709.259 31.5109 
-37.0304 715.342 -0.197048 
-38.8173 709.245 -31.8978 
-43.9106 691.986 -58.7595 
-51.4382 666.187 -76.7412 
-60.1623 635.694 -83.099 
-68.6526 605.097 -76.8378 
-75.6045 579.055 -58.8857 
-80.1114 561.589 -31.9475 
-53.5363 546.857 -0.143056 
-51.6758 552.931 31.6461 
-46.2854 570.149 58.5584 
-38.0593 595.818 76.4998 
-28.1451 625.98 82.7534 
-18.0454 656.036 76.3893 
-9.36263 681.455 58.3995 
-3.4841 698.458 31.5151 
-1.40977 704.447 -0.193539 
-3.49123 698.445 -31.8931 
-9.36183 681.439 -58.7515 
-18.0336 656.01 -76.7323 
-28.126 625.949 -83.0871 
-38.0343 595.786 -76.8254 
-46.2525 570.118 -58.8782 
-51.6508 552.901 -31.9421 
-25.9272 536.983 -0.136025 
-23.7574 542.955 31.6517 
-17.4996 559.878 58.559 
-8.01854 585.106 76.4964 
3.32196 614.752 82.7514 
14.808 644.298 76.3913 
24.6476 669.283 58.4045 
31.2992 685.993 31.5196 
33.6532 691.878 -0.188688 
31.2911 685.98 -31.8863 
24.6485 669.269 -58.742 
14.8211 644.272 -76.7205 
3.34464 614.721 -83.0721 
-7.98788 585.073 -76.8103 
-17.461 559.845 -58.8682 
-23.7292 542.922 -31.9348 
1.10055 525.834 -0.127935 
3.57167 531.689 31.6583 
10.6769 548.273 58.5609 
21.3964 572.995 76.4947 
34.1576 602.048 82.7503 
47.0321 631.007 76.3938 
58.0304 655.496 58.4104 
65.4514 671.875 31.525 
68.0779 677.642 -0.182746 
65.4426 671.862 -31.8785 
58.032 655.484 -58.7317 
47.0467 630.983 -76.7073 
34.1829 602.017 -83.0564 
21.4307 572.96 -76.7949 
10.7192 548.238 -58.8576 
3.60123 531.652 -31.9264 
27.491 513.419 -0.119059 
30.2561 519.142 31.6656 
38.1885 535.347 58.5638 
50.1256 559.499 76.4936 
64.2929 587.885 82.7495 
78.5477 616.181 76.396 
90.6997 640.111 58.4165 
98.8851 656.118 31.5309 
101.78 661.754 -0.175926 
98.8758 656.106 -31.8696 
90.7023 640.101 -58.7201 
78.5639 616.158 -76.6924 
64.3208 587.853 -83.0393 
50.1628 559.463 -76.7787 
38.2332 535.309 -58.8463 
30.2858 519.103 -31.9171 
53.1884 499.755 -0.109559 
56.2409 505.332 31.6737 
64.9782 521.117 58.5678 
78.1053 544.637 76.4943 
93.658 572.28 82.75 
109.276 599.84 76.3992 
122.571 623.148 58.4233 
131.512 638.741 31.5377 
134.671 644.233 -0.168375 
131.503 638.73 -31.8602 
122.574 623.14 -58.7081 
109.294 599.817 -76.6774 
93.6877 572.249 -83.0223 
78.1445 544.601 -76.7629 
65.0242 521.076 -58.8351 
56.2698 505.29 -31.9073 
78.139 484.864 -0.0996193 
81.4717 490.279 31.6821 
90.9971 505.599 58.5726 
105.288 528.426 76.4964 
122.195 555.255 82.752 
139.149 582.007 76.4037 
153.562 604.634 58.4311 
163.247 619.775 31.5454 
166.664 625.107 -0.160256 
163.237 619.764 -31.8507 
153.567 604.627 -58.6961 
139.168 581.985 -76.6625 
122.226 555.223 -83.0058 
105.329 528.388 -76.7476 
91.0435 505.557 -58.8236 
81.4991 490.234 -31.8971 
102.289 468.771 -0.0893733 
105.894 474.01 31.6907 
116.186 488.825 58.5776 
131.61 510.897 76.4985 
149.834 536.843 82.7539 
168.089 562.718 76.408 
183.595 584.606 58.4389 
194.005 599.255 31.5534 
197.676 604.415 -0.151689 
193.995 599.246 -31.8406 
183.601 584.6 -58.6833 
168.11 562.696 -76.6469 
149.867 536.811 -82.9886 
131.651 510.859 -76.7316 
116.233 488.781 -58.8117 
105.92 473.962 -31.8865 
125.587 451.509 -0.0789498 
129.456 456.557 31.6997 
140.489 470.827 58.5831 
157.009 492.088 76.5012 
176.509 517.083 82.7563 
196.026 542.014 76.4126 
212.591 563.107 58.447 
223.706 577.228 31.5618 
227.624 582.202 -0.142796 
223.696 577.219 -31.8302 
212.599 563.102 -58.6703 
196.047 541.993 -76.631 
176.542 517.051 -82.9714 
157.05 492.049 -76.7157 
140.535 470.783 -58.7997 
129.478 456.508 -31.8758 
147.979 433.114 -0.06845 
152.103 437.957 31.7089 
163.85 451.645 58.589 
181.425 472.038 76.5045 
202.154 496.017 82.7594 
222.888 519.94 76.4178 
240.476 540.185 58.4553 
252.272 553.742 31.5705 
256.428 558.518 -0.133684 
252.262 553.733 -31.8198 
240.485 540.181 -58.6573 
222.911 519.92 -76.6154 
202.188 495.986 -82.9546 
181.466 471.999 -76.7002 
163.895 451.599 -58.7878 
152.122 437.907 -31.8651 
169.418 413.623 -0.0579564 
173.785 418.249 31.7182 
186.216 431.319 58.5953 
204.801 450.792 76.5086 
226.709 473.694 82.7634 
248.609 496.549 76.4235 
267.178 515.894 58.4639 
279.628 528.852 31.5795 
284.014 533.419 -0.124442 
279.618 528.844 -31.8095 
267.189 515.891 -58.6445 
248.633 496.529 -76.6002 
226.743 473.663 -82.9385 
204.842 450.752 -76.6853 
186.259 431.272 -58.7763 
173.801 418.198 -31.8545 
189.855 393.08 -0.0475419 
194.454 397.477 31.7275 
207.536 409.893 58.6021 
227.083 428.396 76.5136 
250.114 450.164 82.7682 
273.127 471.894 76.4298 
292.631 490.293 58.4728 
305.705 502.622 31.5887 
310.31 506.968 -0.115146 
305.695 502.615 -31.7992 
292.643 490.291 -58.6321 
273.151 471.876 -76.5857 
250.148 450.134 -82.9233 
227.123 428.357 -76.6713 
207.577 409.846 -58.7652 
194.467 397.424 -31.8441 
209.245 371.529 -0.0373105 
214.064 375.684 31.7369 
227.763 387.416 58.6094 
248.221 404.903 76.5193 
272.315 425.484 82.7738 
296.381 446.037 76.4366 
316.771 463.446 58.4819 
330.437 475.117 31.5981 
335.249 479.233 -0.105903 
330.427 475.111 -31.7893 
316.785 463.445 -58.6201 
296.405 446.019 -76.5721 
272.349 425.453 -82.9092 
248.26 404.863 -76.6583 
227.802 387.369 -58.7547 
214.074 375.632 -31.8341 
227.546 349.021 -0.0273775 
232.572 352.922 31.7462 
246.852 363.938 58.6167 
268.168 380.366 76.5255 
293.262 399.711 82.7798 
318.318 419.041 76.4437 
339.542 435.422 58.491 
353.765 446.409 31.6074 
358.773 450.285 -0.0968212 
353.755 446.403 -31.7797 
339.557 435.421 -58.6086 
318.343 419.024 -76.5592 
293.295 399.682 -82.8961 
268.205 380.328 -76.6462 
246.888 363.892 -58.7447 
232.578 352.87 -31.8243 
244.717 325.605 -0.0178352 
249.938 329.243 31.7551 
264.76 339.516 58.6241 
286.878 354.845 76.5318 
312.906 372.91 82.7861 
338.888 390.975 76.4507 
360.89 406.292 58.4998 
375.633 416.573 31.6165 
380.824 420.202 -0.0880018 
375.624 416.567 -31.7705 
360.907 406.292 -58.5976 
338.913 390.959 -76.5469 
312.938 372.883 -82.8838 
286.914 354.808 -76.6349 
264.794 339.471 -58.7353 
249.94 329.192 -31.8151 
260.724 301.336 -0.00876694 
266.125 304.701 31.7638 
281.45 314.206 58.6313 
304.31 328.401 76.5382 
331.204 345.147 82.7924 
358.044 361.908 76.4576 
380.768 376.131 58.5082 
395.994 385.687 31.6254 
401.355 389.062 -0.079554 
395.984 385.682 -31.7618 
380.786 376.132 -58.5872 
358.069 361.893 -76.5354 
331.236 345.121 -82.8724 
304.344 328.366 -76.6244 
281.481 314.163 -58.7265 
266.123 304.653 -31.8064 
275.531 276.269 -0.000256479 
281.098 279.353 31.772 
296.885 288.067 58.6383 
320.428 301.097 76.5445 
348.118 316.489 82.7984 
375.747 331.915 76.464 
399.134 345.019 58.5162 
414.803 353.833 31.6338 
420.321 356.948 -0.0715813 
414.794 353.828 -31.7537 
399.153 345.019 -58.5773 
375.772 331.901 -76.5245 
348.149 316.465 -82.8618 
320.46 301.064 -76.6148 
296.913 288.027 -58.7183 
281.092 279.308 -31.7982 
289.11 250.463 0.00761482 
294.828 253.257 31.7796 
311.036 261.16 58.645 
335.2 272.996 76.5504 
363.615 287.006 82.8039 
391.96 301.069 76.4697 
415.951 313.034 58.5233 
432.025 321.093 31.6416 
437.685 323.945 -0.0641814 
432.016 321.088 -31.7462 
415.971 313.035 -58.568 
391.986 301.057 -76.5142 
363.645 286.983 -82.8519 
335.231 272.966 -76.606 
311.062 261.123 -58.7109 
294.818 253.215 -31.7907 
301.436 223.974 0.0147723 
307.289 226.471 31.7866 
323.876 233.544 58.6511 
348.599 244.163 76.5558 
377.665 256.765 82.8086 
406.655 269.448 76.4742 
431.189 280.258 58.5294 
447.628 287.554 31.6488 
453.417 290.139 -0.0574516 
447.62 287.549 -31.7393 
431.211 280.259 -58.5592 
406.682 269.436 -76.5044 
377.695 256.746 -82.8426 
348.629 244.136 -76.5979 
323.899 233.511 -58.7041 
307.276 226.434 -31.7839 
312.488 196.861 0.0211577 
318.462 199.053 31.7928 
335.385 205.279 58.6569 
360.603 214.659 76.5609 
390.247 225.838 82.8123 
419.809 237.127 76.4774 
444.824 246.774 58.5341 
461.588 253.301 31.655 
467.492 255.615 -0.0515011 
461.581 253.296 -31.7331 
444.848 246.775 -58.5508 
419.835 237.116 -76.4948 
390.277 225.821 -82.834 
360.632 214.637 -76.5909 
335.405 205.251 -58.6982 
318.446 199.022 -31.7777 
322.252 169.184 0.0267458 
328.33 171.064 31.7981 
345.545 176.423 58.6624 
371.196 184.547 76.5658 
401.343 194.292 82.815 
431.401 204.183 76.4786 
456.838 212.666 58.537 
473.888 218.42 31.6598 
479.894 220.46 -0.0464856 
473.881 218.415 -31.7275 
456.863 212.666 -58.5427 
431.43 204.174 -76.4854 
401.372 194.278 -82.8261 
371.224 184.529 -76.5852 
345.565 176.401 -58.6932 
328.312 171.039 -31.7721 
330.719 141.007 0.0315859 
336.885 142.563 31.8017 
354.348 147.033 58.666 
380.366 153.884 76.5685 
410.939 162.193 82.8139 
441.418 170.693 76.4749 
467.213 178.018 58.5356 
484.511 182.998 31.6618 
490.606 184.755 -0.042661 
484.506 182.992 -31.7216 
467.242 178.016 -58.5331 
441.449 170.686 -76.4736 
410.969 162.182 -82.8166 
380.394 153.872 -76.5787 
354.368 147.019 -58.6874 
336.866 142.546 -31.7659 
337.899 112.398 0.0358187 
344.135 113.613 31.796 
361.796 117.165 58.6525 
388.107 122.728 76.5486 
419.019 129.608 82.7881 
449.837 136.736 76.4479 
475.925 142.913 58.5171 
493.431 147.116 31.6543 
499.606 148.576 -0.0404325 
493.429 147.109 -31.7096 
475.959 142.91 -58.5102 
449.871 136.729 -76.442 
419.053 129.601 -82.7847 
388.138 122.722 -76.551 
361.818 117.162 -58.6648 
344.117 113.608 -31.7511 
343.865 83.4515 0.0393147 
350.148 84.3028 31.7328 
367.938 86.9008 58.5289 
394.43 91.1584 76.3854 
425.552 96.6186 82.6171 
456.588 102.394 76.2978 
482.879 107.441 58.411 
500.541 110.846 31.6016 
506.789 111.977 -0.0400045 
500.546 110.836 -31.6571 
482.921 107.434 -58.4055 
456.628 102.387 -76.2911 
425.591 96.6149 -82.6106 
394.466 91.1606 -76.3818 
367.966 86.9118 -58.5319 
350.135 84.3164 -31.6795 
349.09 54.3637 0.039522 
355.35 54.8546 31.3669 
373.077 56.5039 57.8448 
399.461 59.4394 75.4978 
430.465 63.4372 81.6925 
461.411 67.8209 75.4892 
487.634 71.7225 57.8107 
505.284 74.2046 31.2937 
511.535 74.9489 -0.038251 
505.302 74.1908 -31.3518 
487.683 71.712 -57.814 
461.454 67.8128 -75.485 
430.507 63.4359 -81.6862 
399.501 59.4489 -75.4914 
373.116 56.5269 -57.8367 
355.351 54.8887 -31.3082 
356.523 26.0765 0.0345005 
362.484 26.6629 29.914 
379.364 28.5127 55.1686 
404.51 31.516 72.0065 
434.086 35.3193 77.9274 
463.639 39.3328 72.0364 
488.703 42.8668 55.1935 
505.53 45.2053 29.8765 
511.448 45.9591 -0.033103 
505.54 45.1502 -29.9227 
488.746 42.8202 -55.1904 
463.677 39.3209 -72.033 
434.123 35.321 -77.9237 
404.543 31.5343 -72.004 
379.391 28.5712 -55.1688 
362.474 26.7275 -29.8662 
365.263 -0.98591 0.0202912 
370.819 -0.366357 27.9383 
386.558 1.54305 51.5484 
410.04 4.48194 67.2815 
437.675 8.03219 72.7879 
465.284 11.6503 67.247 
488.689 14.8289 51.5038 
504.377 16.9635 27.8786 
509.888 17.6473 -0.0162286 
504.377 16.8716 -27.8966 
488.712 14.7565 -51.4922 
465.302 11.6453 -67.2465 
437.693 8.0332 -72.7865 
410.057 4.49324 -67.2809 
386.562 1.61978 -51.5583 
370.793 -0.273917 -27.9154 
376.193 -23.2524 0 
381.107 -22.5618 24.9464 
395.105 -20.6072 46.0912 
416.086 -17.7958 60.1698 
440.794 -14.5175 65.0496 
465.443 -11.2599 60.0222 
486.291 -8.50965 45.8888 
500.195 -6.67694 24.8167 
505.072 -6.03425 0.00025109 
500.195 -6.67712 -24.8162 
486.29 -8.51007 -45.8886 
465.443 -11.2604 -60.0221 
440.794 -14.518 -65.0494 
416.086 -17.7961 -60.1696 
395.105 -20.6073 -46.0912 
381.107 -22.5618 -24.9464 
-222.929 592.81 1.3234
-222.086 597.838 27.0417
-199.932 588.718 29.0896
-200.859 583.268 1.32644
-221.897 598.958 29.7885
-219.464 613.275 51.6222
-197.132 605.343 55.3547
-199.743 589.838 31.8364
-219.106 615.344 53.7262
-215.32 636.795 68.3387
-192.72 630.573 73.1759
-196.774 607.412 57.4587
-214.834 639.497 69.4786
-210.186 664.805 74.6072
-187.23 660.547 79.8487
-192.234 633.276 74.3158
-209.641 667.727 74.6072
-204.836 693.002 69.4548
-181.516 690.727 74.3388
-186.685 663.469 79.8487
-204.319 695.699 68.3146
-200.177 717.087 53.6979
-176.521 716.527 57.4684
-180.999 693.424 73.1987
-199.776 719.15 51.5927
-196.988 733.418 29.7598
-173.089 734.027 31.8187
-176.119 718.59 55.3632
-196.768 734.533 27.011
-195.775 739.528 1.28474
-171.784 740.561 1.28705
-172.869 735.142 29.0699
-195.772 739.526 -1.68996
-196.736 734.503 -27.4081
-172.811 735.123 -29.4697
-171.782 740.559 -1.68765
-196.953 733.387 -30.1555
-199.737 719.113 -51.9744
-176.061 718.558 -55.7516
-173.028 734.006 -32.2172
-200.14 717.05 -54.0781
-204.29 695.667 -68.6842
-180.977 693.391 -73.5715
-176.464 716.496 -57.8553
-204.81 692.969 -69.8235
-209.633 667.702 -74.9724
-186.68 663.43 -80.2142
-181.497 690.693 -74.7109
-210.181 664.78 -74.9718
-214.857 639.473 -69.8423
-192.246 633.244 -74.6743
-187.228 660.508 -80.2136
-215.346 636.772 -68.7019
-219.143 615.32 -54.0779
-196.831 607.405 -57.806
-192.734 630.543 -73.5339
-219.503 613.252 -51.9723
-221.93 598.941 -30.1246
-199.809 589.84 -32.162
-197.19 605.336 -55.7004
-222.117 597.821 -27.3758
-222.931 592.809 -1.64988
-200.862 583.268 -1.64684
-199.996 588.721 -29.4133
-198.163 582.394 1.39824
-197.236 587.843 29.1614
-170.522 581.355 29.7625
-171.417 575.762 1.39909
-194.429 604.526 55.5593
-167.735 598.417 56.6638
-170.326 582.533 32.642
-197.04 589.021 32.041
-190.005 629.862 73.48
-163.268 624.287 74.908
-167.364 600.59 58.8672
-194.059 606.7 57.7628
-184.493 659.968 80.2058
-157.647 655.005 81.7385
-162.761 627.121 76.101
-189.497 632.696 74.6729
-178.752 690.289 74.6967
-151.739 685.915 76.1117
-157.074 658.069 81.7393
-183.92 663.032 80.2066
-173.729 716.22 57.7737
-146.555 712.333 58.8668
-151.194 688.743 74.919
-178.207 693.117 73.5039
-170.275 733.82 32.0248
-143.03 730.276 32.6196
-146.131 714.497 56.6624
-173.306 718.383 55.5693
-168.96 740.411 1.36053
-141.73 736.987 1.36124
-142.8 731.447 29.7382
-170.045 734.992 29.1434
-169.987 734.973 -29.5422
-142.771 731.426 -30.1325
-141.727 736.986 -1.7594
-168.957 740.41 -1.76012
-173.248 718.352 -55.9577
-146.098 714.465 -57.0445
-142.999 730.253 -33.0136
-170.214 733.8 -32.4233
-178.186 693.083 -73.8772
-151.177 688.707 -75.2919
-146.523 712.301 -59.2477
-173.672 716.188 -58.161
-183.916 662.992 -80.572
-157.068 658.032 -82.1023
-151.724 685.878 -76.4834
-178.733 690.255 -75.0687
-189.508 632.664 -75.0311
-162.768 627.089 -76.4539
-157.642 654.968 -82.1006
-184.49 659.928 -80.5704
-194.115 606.692 -58.1091
-167.397 600.57 -59.2098
-163.278 624.256 -75.2598
-190.018 629.831 -73.837
-197.107 589.024 -32.3659
-170.367 582.523 -32.9674
-167.771 598.398 -57.005
-194.488 604.52 -55.9042
-197.3 587.847 -29.4855
-198.166 582.394 -1.7191
-171.42 575.762 -1.71825
-170.56 581.346 -30.0871
-168.41 575.095 1.41992
-167.515 580.688 29.7833
-140.062 575.237 29.9544
-140.862 569.586 1.42258
-167.329 581.885 32.7011
-164.738 597.769 56.7228
-137.465 592.458 57.0292
-139.876 576.434 32.8722
-164.375 599.976 58.9557
-160.278 623.673 74.9965
-133.121 618.539 75.3809
-137.102 594.666 59.2621
-159.769 626.549 76.2043
-154.655 654.433 81.8419
-127.47 649.465 82.2315
-132.612 621.416 76.5887
-154.07 657.539 81.8406
-148.735 685.385 76.213
-121.41 680.541 76.5441
-126.885 652.571 82.2303
-148.172 688.248 75.0035
-143.533 711.839 58.9513
-116.037 707.078 59.1879
-120.847 683.405 75.3346
-143.098 714.029 56.7191
-139.996 729.808 32.6763
-112.473 725.13 32.8017
-115.602 709.268 56.9558
-139.766 730.996 29.7589
-138.696 736.536 1.38188
-111.25 731.921 1.38148
-112.243 726.318 29.8843
-138.695 736.535 -1.77995
-139.739 730.975 -30.153
-112.242 726.302 -30.279
-111.25 731.92 -1.78035
-139.968 729.786 -33.0699
-143.068 713.998 -57.1008
-115.595 709.243 -57.3366
-112.471 725.112 -33.1959
-143.503 711.806 -59.3319
-148.156 688.212 -75.376
-120.835 683.371 -75.7052
-116.03 707.052 -59.5677
-148.719 685.349 -76.5844
-154.064 657.502 -82.2034
-126.875 652.536 -82.5893
-121.398 680.508 -76.9136
-154.65 654.396 -82.2035
-159.776 626.517 -76.5567
-132.608 621.383 -76.9365
-127.461 649.43 -82.5894
-160.286 623.641 -75.3478
-164.406 599.955 -59.2979
-137.108 594.64 -59.6001
-133.119 618.507 -75.7275
-164.77 597.749 -57.0638
-167.366 581.874 -33.0263
-139.891 576.417 -33.193
-137.472 592.434 -57.366
-167.551 580.678 -30.1075
-168.412 575.094 -1.73869
-140.863 569.586 -1.73602
-140.076 575.221 -30.2742
-137.872 568.973 1.43513
-137.072 574.624 29.9669
-110.597 569.021 30.0406
-111.688 563.413 1.43772
-136.862 575.829 32.9035
-134.452 591.853 57.0604
-107.158 586.133 57.1967
-110.386 570.227 32.9771
-134.041 594.068 59.2997
-130.06 617.942 75.4185
-101.633 612.058 75.5843
-106.747 588.349 59.4359
-129.487 620.82 76.6223
-124.345 648.869 82.2651
-94.6774 642.787 82.4155
-101.059 614.936 76.7881
-123.688 651.969 82.2546
-118.213 679.939 76.5685
-87.3712 673.64 76.6759
-94.0206 645.887 82.405
-117.583 682.792 75.3492
-112.773 706.465 59.2025
-80.9662 699.977 59.2703
-86.7414 676.492 75.4566
-112.286 708.647 56.9604
-109.157 724.509 32.8064
-76.6012 717.878 32.8357
-80.4788 702.16 57.0282
-108.899 725.691 29.8832
-107.907 731.294 1.38039
-75.0266 724.608 1.38106
-76.3436 719.061 29.9125
-107.907 731.293 -1.77954
-108.899 725.675 -30.2782
-76.3468 719.047 -30.3057
-75.0267 724.608 -1.77888
-109.157 724.491 -33.2003
-112.28 708.622 -57.341
-80.4759 702.138 -57.4038
-76.6042 717.863 -33.2278
-112.767 706.439 -59.5818
-117.572 682.759 -75.7193
-86.7308 676.462 -75.8214
-80.9627 699.955 -59.6446
-118.202 679.905 -76.9375
-123.678 651.934 -82.6132
-94.0081 645.854 -82.7584
-87.3603 673.609 -77.0396
-124.335 648.834 -82.6225
-129.483 620.787 -76.9696
-101.048 614.905 -77.1308
-94.665 642.754 -82.7678
-130.057 617.91 -75.7647
-134.045 594.043 -59.6373
-106.735 588.322 -59.7701
-101.622 612.027 -75.926
-134.456 591.828 -57.3967
-136.875 575.811 -33.2237
-110.38 570.204 -33.293
-107.147 586.107 -57.5296
-137.086 574.607 -30.2862
-137.872 568.972 -1.74801
-111.688 563.412 -1.74541
-110.59 569 -30.3556
-108.787 562.735 1.44044
-107.696 568.343 30.0433
-81.6461 561.676 30.0552
-83.0337 556.133 1.44451
-107.423 569.537 32.984
-104.195 585.443 57.2036
-77.3227 578.592 57.2211
-81.3737 562.87 32.9959
-103.675 587.639 59.4456
-98.5602 611.348 75.594
-70.5409 604.227 75.6137
-76.8027 580.787 59.4631
-97.8535 614.2 76.7981
-91.4717 642.051 82.4255
-62.1902 634.617 82.4445
-69.8342 607.079 76.8178
-90.6793 645.122 82.413
-84.0298 672.875 76.6839
-53.5417 665.128 76.7005
-61.3979 637.688 82.432
-83.2793 675.7 75.4618
-77.5042 699.185 59.2755
-46.0077 691.164 59.2861
-52.7912 667.953 75.4784
-76.9217 701.344 57.0317
-73.0441 717.063 32.8391
-40.8348 708.853 32.8466
-45.4251 693.323 57.0423
-72.7289 718.232 29.914
-71.4119 723.78 1.38257
-38.9165 715.496 1.38434
-40.5196 710.022 29.9215
-71.4122 723.78 -1.78007
-72.7323 718.219 -30.3069
-40.525 710.009 -30.309
-38.9168 715.496 -1.7783
-73.0474 717.048 -33.2307
-76.9191 701.323 -57.4067
-45.424 693.305 -57.4083
-40.8401 708.838 -33.2328
-77.5008 699.163 -59.649
-83.2689 675.67 -75.8258
-52.7806 667.925 -75.8341
-46.0057 691.145 -59.6506
-84.0188 672.844 -77.0469
-90.6666 645.089 -82.7657
-61.3822 637.656 -82.7773
-53.5305 665.099 -77.0552
-91.4588 642.018 -82.7771
-97.8416 614.169 -77.1402
-69.8156 607.048 -77.1536
-62.1744 634.585 -82.7887
-98.5481 611.317 -75.9352
-103.662 587.612 -59.7794
-76.7788 580.758 -59.7917
-70.5221 604.196 -75.9486
-104.182 585.417 -57.536
-107.415 569.514 -33.2994
-81.355 562.844 -33.304
-77.2988 578.564 -57.5483
-107.688 568.322 -30.3575
-108.786 562.734 -1.7473
-83.0331 556.131 -1.74323
-81.6283 561.651 -30.362
-80.1801 555.332 1.44515
-78.7925 560.875 30.0558
-53.1834 553.06 30.0606
-54.8578 547.594 1.45035
-78.4585 562.054 32.9967
-74.4075 577.776 57.2219
-47.9981 569.735 57.2226
-52.8495 554.239 33.0015
-73.7785 579.943 59.4642
-67.5167 603.383 75.6148
-39.9656 595.004 75.6121
-47.3691 571.902 59.4649
-66.6756 606.199 76.8189
-59.0316 633.737 82.4456
-30.2018 624.965 82.4444
-39.1246 597.82 76.8162
-58.1009 636.768 82.4329
-50.2447 664.208 76.7014
-20.1813 655.048 76.704
-29.2711 627.997 82.4318
-49.37 666.997 75.4791
-42.5865 690.208 59.2868
-11.4921 680.714 59.2908
-19.3066 657.837 75.4816
-41.9085 692.339 57.043
-37.3181 707.868 32.8473
-5.52334 698.147 32.8511
-10.814 682.844 57.0471
-36.9486 709.022 29.9222
-35.3455 714.496 1.38503
-3.28697 704.691 1.38819
-5.15386 699.301 29.926
-35.3459 714.495 -1.77835
-36.9541 709.009 -30.309
-5.16062 699.288 -30.3048
-3.28731 704.69 -1.77519
-37.3235 707.854 -33.2326
-41.9075 692.321 -57.4081
-10.8136 682.828 -57.4009
-5.53008 698.133 -33.2284
-42.5846 690.19 -59.6502
-49.3595 666.97 -75.8337
-19.2953 657.811 -75.8257
-11.4908 680.697 -59.643
-50.2334 664.18 -77.0551
-58.0851 636.737 -82.7772
-29.2524 627.966 -82.7664
-20.1692 655.021 -77.0471
-59.0153 633.705 -82.7889
-66.6565 606.167 -77.1538
-39.1 597.788 -77.1427
-30.1826 624.934 -82.7782
-67.497 603.352 -75.9489
-73.7537 579.914 -59.7921
-47.337 571.871 -59.7853
-39.9405 594.973 -75.9378
-74.3827 577.747 -57.5484
-78.4389 562.028 -33.3041
-52.8244 554.209 -33.2992
-47.9659 569.704 -57.5416
-78.7743 560.851 -30.3616
-80.179 555.331 -1.74281
-54.8567 547.593 -1.73761
-53.1597 553.032 -30.3568
-52.0548 546.666 1.45089
-50.3804 552.132 30.0611
-25.2538 543.154 30.0662
-27.2067 537.779 1.45722
-49.9866 553.292 33.0017
-45.1352 568.788 57.2228
-19.228 559.544 57.2233
-24.86 544.314 33.0068
-44.3989 570.921 59.4648
-36.9954 594.024 75.612
-9.9587 584.382 75.609
-18.4916 561.677 59.4653
-36.0198 596.795 76.816
-27.097 623.941 82.4443
1.22334 613.835 82.4424
-8.9831 587.154 76.8129
-26.0263 626.925 82.4317
-16.9365 653.976 76.7039
12.6316 643.411 76.7058
2.29414 616.82 82.4298
-15.9355 656.721 75.4818
-8.12106 679.598 59.291
22.4881 668.643 59.2955
13.6325 646.156 75.4836
-7.34701 681.695 57.0474
-2.05634 696.997 32.8515
29.2486 685.779 32.8556
23.2622 670.739 57.052
-1.63399 698.132 29.9265
0.232902 703.523 1.38872
31.7896 692.21 1.39309
29.671 686.914 29.9306
0.232503 703.522 -1.77481
-1.64081 698.119 -30.3044
29.6633 686.902 -30.2983
31.7892 692.21 -1.77044
-2.06314 696.983 -33.2276
-7.34668 681.679 -57.4001
23.2626 670.725 -57.3916
29.241 685.766 -33.2215
-8.11968 679.582 -59.6418
-15.9242 656.695 -75.8246
13.6449 646.131 -75.8139
22.4896 668.628 -59.6333
-16.9242 653.949 -77.0459
-26.0073 626.894 -82.7652
2.31621 616.789 -82.7517
12.645 643.386 -77.0352
-27.0774 623.91 -82.7769
-35.9948 596.763 -77.1414
-8.95308 587.121 -77.1278
1.24619 613.804 -82.7634
-36.9697 593.992 -75.9368
-44.3661 570.89 -59.7843
-18.4538 561.644 -59.7753
-9.92793 584.349 -75.9232
-45.1024 568.757 -57.5408
-49.9609 553.262 -33.2984
-24.8315 544.281 -33.2918
-19.1901 559.511 -57.5318
-50.3565 552.103 -30.3561
-52.0535 546.664 -1.73688
-27.2053 537.777 -1.73056
-25.2271 543.122 -30.3494
-24.4595 536.722 1.45788
-22.5067 542.097 30.0668
2.08949 531.957 30.0728
-0.134529 526.688 1.46516
-22.0545 543.236 33.0071
-16.4224 558.466 57.2237
8.93641 548.022 57.2254
2.5417 533.096 33.0131
-15.5805 560.56 59.4653
-7.04756 583.265 75.609
19.4259 572.365 75.6074
9.77835 550.116 59.4671
-5.9382 585.985 76.8128
4.26825 612.666 82.4422
32.0203 601.233 82.4413
20.5352 575.085 76.8112
5.47956 615.596 82.4298
15.817 642.187 76.7057
44.8187 630.226 76.7079
33.2317 604.163 82.4289
16.9449 644.881 75.4838
25.8005 667.368 59.2957
55.8451 654.96 59.301
45.9466 632.92 75.486
26.6707 669.426 57.0524
32.6571 684.465 32.856
63.3941 671.759 32.8608
56.7152 657.018 57.0577
33.1316 685.579 29.9311
35.2502 690.876 1.39362
66.2324 678.063 1.39897
63.8686 672.873 29.936
35.2498 690.875 -1.76983
33.1239 685.567 -30.2977
63.8602 672.861 -30.2907
66.232 678.063 -1.76448
32.6494 684.452 -33.2205
26.6711 669.412 -57.3906
56.7162 657.006 -57.3813
63.3858 671.746 -33.2134
25.8021 667.354 -59.632
16.9574 644.857 -75.8126
45.9605 632.897 -75.8008
55.8472 654.948 -59.6227
15.8307 642.162 -77.0337
5.50186 615.565 -82.7502
33.2563 604.132 -82.7361
44.8337 630.201 -77.0219
4.29148 612.635 -82.762
-5.90779 585.952 -77.1263
20.5689 575.051 -77.1125
32.0459 601.202 -82.7478
-7.01632 583.231 -75.922
-15.5422 560.526 -59.7741
9.82004 550.08 -59.7645
19.4604 572.33 -75.9081
-16.3842 558.433 -57.5309
-22.0256 543.202 -33.2908
2.57181 533.06 -33.2833
8.97797 547.986 -57.5214
-22.4799 542.065 -30.3486
-24.4581 536.72 -1.72974
-0.133069 526.686 -1.72246
2.11755 531.923 -30.341
2.5513 525.503 1.46593
4.77532 530.773 30.0736
28.7913 519.481 30.0801
26.3028 514.33 1.47392
5.28454 531.887 33.0135
11.6793 546.813 57.2259
36.4397 535.18 57.2284
29.3005 520.596 33.0201
12.6248 548.862 59.4672
22.2724 571.111 75.6075
48.1287 558.965 75.6066
37.3853 537.228 59.4697
23.514 573.773 76.8112
34.9992 599.921 82.4413
62.1209 587.174 82.4405
49.3704 561.627 76.8102
36.3503 602.788 82.4289
47.9374 628.851 76.708
76.3014 615.508 76.71
63.4721 590.041 82.4281
49.1921 631.488 75.4863
59.0905 653.528 59.3013
88.4929 639.682 59.3067
77.5561 618.144 75.4883
60.0564 655.542 57.0581
66.7353 670.282 32.8613
96.8256 656.101 32.8666
89.4588 641.695 57.0636
67.2614 671.373 29.9365
69.6252 676.563 1.39955
99.9568 662.264 1.40569
97.3517 657.191 29.9418
69.6248 676.563 -1.76373
67.253 671.361 -30.2899
97.3429 657.18 -30.2819
99.9563 662.263 -1.75759
66.727 670.27 -33.2124
60.0575 655.53 -57.3803
89.4607 641.685 -57.3698
96.8168 656.089 -33.2043
59.0928 653.515 -59.6213
49.206 631.464 -75.7994
77.5715 618.122 -75.786
88.4961 639.671 -59.6109
47.9526 628.827 -77.0203
36.3752 602.757 -82.7345
63.4993 590.01 -82.7191
76.3181 615.484 -77.0069
35.0251 599.89 -82.7462
23.548 573.739 -77.1109
49.4069 561.592 -77.0963
62.1491 587.143 -82.7308
22.3072 571.077 -75.9068
12.6668 548.826 -59.7633
37.4294 537.191 -59.7531
48.1661 558.929 -75.8922
11.721 546.777 -57.5204
5.31484 531.851 -33.2823
29.331 520.556 -33.2739
36.4836 535.142 -57.5102
4.80342 530.738 -30.3402
2.5528 525.501 -1.72157
26.3042 514.328 -1.71358
28.8195 519.443 -30.3318
28.9217 513.019 1.47477
31.4103 518.17 30.081
54.7966 505.741 30.0882
52.0494 500.722 1.48332
31.9751 519.258 33.0207
39.1143 533.842 57.229
63.225 521.034 57.2326
55.3614 506.828 33.0279
40.1612 535.84 59.4699
50.9046 557.577 75.6068
76.0863 544.201 75.6074
64.2719 523.033 59.4735
52.2765 560.173 76.8102
65.0271 585.721 82.4405
91.4557 571.677 82.441
77.4582 546.798 76.8108
66.5166 588.517 82.4282
79.3459 613.984 76.71
107.002 599.277 76.713
92.9452 574.473 82.4287
80.7263 616.556 75.4886
91.6631 638.094 59.3071
120.347 622.827 59.3133
108.382 601.849 75.4916
92.7241 640.058 57.0641
100.091 654.464 32.8671
129.456 638.825 32.8733
121.408 624.791 57.0703
100.668 655.528 29.9425
103.273 660.6 1.40634
132.875 644.831 1.41314
130.033 639.889 29.9486
103.273 660.6 -1.75675
100.659 655.517 -30.281
130.024 639.878 -30.2726
132.875 644.831 -1.74995
100.082 654.452 -33.2032
92.7261 640.048 -57.3686
121.411 624.783 -57.3578
129.447 638.814 -33.1948
91.6664 638.083 -59.6094
80.7419 616.534 -75.7845
108.399 601.827 -75.771
120.351 622.817 -59.5986
79.3628 613.96 -77.0053
66.544 588.486 -82.7174
92.9742 574.442 -82.7022
107.02 599.254 -76.9917
65.0555 585.689 -82.7292
52.3133 560.138 -77.0947
77.4968 546.762 -77.0804
91.4858 571.645 -82.714
50.9422 557.541 -75.8909
40.2056 535.802 -59.7518
64.3175 522.993 -59.7417
76.1257 544.164 -75.8767
39.1582 533.804 -57.5092
32.0056 519.218 -33.2729
55.3912 506.786 -33.2641
63.2701 520.994 -57.499
31.4385 518.132 -30.3309
28.9232 513.017 -1.71265
52.0508 500.72 -1.7041
54.8241 505.701 -30.3221
54.596 499.286 1.48423
57.3432 504.305 30.0891
80.0509 490.758 30.0967
77.0515 485.884 1.49318
57.9623 505.363 33.0286
65.8259 519.569 57.2333
89.2429 505.603 57.2377
80.67 491.815 33.0362
66.9719 521.512 59.4739
78.7863 542.68 75.6077
103.251 528.09 75.6096
90.3889 507.546 59.4782
80.2858 545.205 76.811
94.2832 570.084 82.4412
119.966 554.761 82.4429
104.751 530.615 76.8129
95.9087 572.803 82.4289
109.965 597.606 76.7132
136.85 581.557 76.7172
121.592 557.48 82.4307
111.469 600.108 75.4921
123.434 621.085 59.3138
151.326 604.423 59.3208
138.354 584.058 75.4961
124.589 622.996 57.071
132.636 637.03 32.8739
161.197 619.959 32.8808
152.481 606.333 57.078
133.264 638.064 29.9493
136.106 643.006 1.41386
164.901 625.793 1.42116
161.825 620.994 29.9563
136.106 643.006 -1.74905
133.255 638.054 -30.2717
161.816 620.984 -30.2631
164.9 625.793 -1.74174
132.627 637.019 -33.1936
124.592 622.987 -57.3567
152.485 606.326 -57.3459
161.188 619.949 -33.185
123.439 621.076 -59.5972
111.486 600.086 -75.7695
138.373 584.037 -75.7562
151.332 604.415 -59.5864
109.984 597.583 -76.9901
95.9378 572.772 -82.7006
121.622 557.449 -82.6857
136.87 581.534 -76.9767
94.3134 570.052 -82.7124
80.3245 545.169 -77.0789
104.79 530.578 -77.0651
119.998 554.729 -82.6975
78.8258 542.644 -75.8754
67.0175 521.472 -59.7404
90.435 507.504 -59.7301
103.292 528.052 -75.8616
65.871 519.528 -57.498
57.9921 505.32 -33.2631
80.6985 491.77 -33.2539
89.2885 505.561 -57.4878
57.3706 504.265 -30.3211
54.5974 499.284 -1.70312
77.0529 485.882 -1.69417
80.077 490.715 -30.3119
79.5204 484.326 1.49413
82.5198 489.2 30.0977
104.5 474.558 30.1055
101.256 469.843 1.50335
83.1919 490.224 33.0369
91.7647 504.013 57.2384
114.435 488.916 57.2429
105.172 475.582 33.0447
93.0074 505.895 59.4786
105.87 526.439 75.61
129.559 510.663 75.6119
115.678 490.798 59.4831
107.493 528.885 76.8131
122.709 553.031 82.4432
147.585 536.461 82.4449
131.183 513.109 76.815
124.467 555.666 82.431
139.726 579.742 76.7175
165.773 562.382 76.7214
149.343 539.095 82.4327
141.351 582.166 75.4966
154.323 602.531 59.3213
181.352 584.506 59.3283
167.398 564.806 75.5005
155.569 604.382 57.0787
164.286 618.009 32.8816
191.968 599.541 32.8887
182.599 586.357 57.0857
164.962 619.011 29.9571
168.038 623.81 1.42194
195.949 605.188 1.42965
192.645 600.544 29.9642
168.038 623.81 -1.74081
164.953 619.002 -30.2622
192.635 600.535 -30.2531
195.948 605.188 -1.7331
164.276 617.998 -33.1838
155.574 604.375 -57.3447
182.604 586.351 -57.3332
191.959 599.532 -33.1747
154.329 602.523 -59.5849
141.37 582.145 -75.7548
167.417 564.785 -75.7406
181.36 584.499 -59.5734
139.746 579.72 -76.9751
124.498 555.635 -82.6841
149.375 539.064 -82.6686
165.794 562.36 -76.961
122.741 552.999 -82.6959
107.534 528.848 -77.0635
131.224 513.071 -77.0491
147.617 536.429 -82.6804
105.91 526.401 -75.8603
93.0535 505.853 -59.7288
115.724 490.755 -59.718
129.601 510.625 -75.846
91.8102 503.97 -57.4867
83.2202 490.179 -33.2528
105.199 475.535 -33.2432
114.48 488.872 -57.4759
82.5458 489.157 -30.3109
79.5217 484.324 -1.69315
101.257 469.841 -1.68393
104.524 474.513 -30.3013
103.641 468.166 1.50432
106.886 472.881 30.1064
128.091 457.173 30.1145
124.609 452.63 1.5137
107.61 473.87 33.0454
116.872 487.203 57.2436
138.745 471.006 57.2485
128.815 458.162 33.0535
118.209 489.02 59.4835
132.09 508.885 75.6123
154.949 491.957 75.6147
140.081 472.822 59.4884
133.835 511.246 76.8153
150.236 534.597 82.4451
174.243 516.813 82.4473
156.693 494.318 76.8176
152.123 537.14 82.433
168.553 560.428 76.7217
193.696 541.794 76.7259
176.13 519.356 82.4352
170.296 562.768 75.5011
184.251 582.467 59.3289
210.347 563.118 59.3361
195.439 544.134 75.5052
185.586 584.255 57.0865
194.955 597.439 32.8895
221.686 577.615 32.897
211.683 564.906 57.0937
195.68 598.408 29.9651
198.984 603.052 1.43048
225.937 583.06 1.43848
222.411 578.583 29.9726
198.984 603.051 -1.73213
195.671 598.399 -30.2521
222.402 578.574 -30.2428
225.937 583.06 -1.72412
194.946 597.43 -33.1735
185.592 584.249 -57.332
211.69 564.901 -57.3203
221.677 577.606 -33.1642
184.258 582.461 -59.572
170.316 562.747 -75.7392
195.459 544.114 -75.7249
210.356 563.113 -59.5603
168.574 560.406 -76.9593
152.155 537.109 -82.6669
176.163 519.325 -82.6514
193.718 541.773 -76.9451
150.269 534.565 -82.6788
133.875 511.208 -77.0475
156.734 494.279 -77.0332
174.277 516.781 -82.6633
132.131 508.847 -75.8446
118.255 488.977 -59.7166
140.127 472.778 -59.7058
154.99 491.918 -75.8303
116.918 487.159 -57.4748
107.636 473.822 -33.2421
128.839 458.113 -33.2325
138.789 470.961 -57.464
106.91 472.836 -30.3003
103.643 468.164 -1.68289
124.61 452.628 -1.67351
128.113 457.127 -30.2906
126.907 450.837 1.51468
130.389 455.381 30.1155
150.771 438.64 30.1237
147.06 434.281 1.52413
131.162 456.331 33.0542
141.092 469.175 57.2492
162.117 451.91 57.2546
151.544 439.591 33.0625
142.519 470.921 59.4889
157.386 490.056 75.6152
179.361 472.011 75.6182
163.544 453.657 59.4942
159.247 492.325 76.8179
176.798 514.82 82.4476
199.879 495.861 82.4504
181.222 474.28 76.821
178.809 517.266 82.4356
196.375 539.703 76.7262
220.551 519.837 76.7309
201.89 498.307 82.4384
198.231 541.954 75.5059
213.14 560.938 59.3368
238.236 540.308 59.3443
222.407 522.088 75.5105
214.562 562.658 57.0945
224.565 575.366 32.8978
250.275 554.228 32.9057
239.658 542.028 57.102
225.337 576.298 29.9735
228.863 580.775 1.43934
254.787 559.459 1.44754
251.046 555.16 29.9813
228.862 580.774 -1.72314
225.327 576.289 -30.2418
251.037 555.152 -30.2325
254.786 559.458 -1.71494
224.556 575.357 -33.163
214.569 562.653 -57.3191
239.667 542.024 -57.3074
250.266 554.22 -33.1537
213.149 560.932 -59.5588
198.252 541.934 -75.7234
222.429 522.068 -75.7094
238.246 540.303 -59.5471
196.397 539.682 -76.9434
178.842 517.235 -82.6498
201.923 498.276 -82.6346
220.574 519.817 -76.9294
176.831 514.788 -82.6616
159.289 492.287 -77.0315
181.263 474.241 -77.0176
199.913 495.83 -82.6465
157.428 490.016 -75.8289
142.564 470.876 -59.7045
163.588 453.611 -59.6938
179.402 471.971 -75.8149
141.136 469.129 -57.4629
131.186 456.282 -33.2314
151.565 439.541 -33.2218
162.16 451.864 -57.4522
130.41 455.334 -30.2896
126.908 450.835 -1.67245
147.061 434.279 -1.663
150.79 438.593 -30.28
149.264 432.376 1.52513
152.975 436.736 30.1247
172.489 418.999 30.1331
168.559 414.835 1.53457
153.796 437.646 33.0632
164.369 449.965 57.2553
184.498 431.671 57.261
173.31 419.909 33.0716
165.882 451.636 59.4947
181.699 469.99 75.6187
202.738 450.868 75.6224
186.011 433.342 59.5004
183.672 472.163 76.8213
202.329 493.744 82.4507
224.428 473.653 82.4543
204.711 453.041 76.825
204.461 496.085 82.4388
223.121 517.615 76.7313
246.27 496.563 76.7364
226.56 475.994 82.4423
225.087 519.77 75.5112
240.916 537.991 59.3449
264.948 516.129 59.3527
248.236 498.718 75.5163
242.421 539.638 57.1028
253.038 551.838 32.9065
277.658 529.438 32.9146
266.453 517.776 57.1106
253.854 552.731 29.9822
257.595 557.03 1.44844
282.422 534.441 1.45675
278.474 530.331 29.9903
257.594 557.029 -1.71395
253.844 552.723 -30.2315
278.465 530.323 -30.2221
282.421 534.441 -1.70563
253.029 551.83 -33.1525
242.43 539.634 -57.3062
266.463 517.773 -57.2947
277.649 529.431 -33.1432
240.926 537.986 -59.5457
225.109 519.751 -75.7079
248.259 498.699 -75.6943
264.959 516.125 -59.5342
223.144 517.595 -76.9278
204.494 496.054 -82.633
226.593 475.963 -82.6186
246.294 496.543 -76.9141
202.363 493.712 -82.6449
183.713 472.124 -77.016
204.751 453.001 -77.0026
224.462 473.621 -82.6304
181.741 469.951 -75.8136
165.926 451.591 -59.6925
186.054 433.296 -59.6821
202.779 450.828 -75.8002
164.412 449.919 -57.4511
153.817 437.595 -33.2206
173.327 419.857 -33.2111
184.539 431.624 -57.4407
152.994 436.688 -30.2789
149.265 432.374 -1.66195
168.56 414.833 -1.6525
172.505 418.95 -30.2694
170.664 412.822 1.53556
174.595 416.986 30.1341
193.197 398.29 30.1425
189.058 394.333 1.54493
175.461 417.853 33.0724
186.649 429.615 57.2618
205.837 410.332 57.268
194.063 399.157 33.0808
188.246 431.207 59.501
204.972 448.733 75.623
225.026 428.577 75.6274
207.433 411.924 59.5071
207.052 450.803 76.8255
226.769 471.415 82.4547
247.834 450.238 82.4591
227.106 430.647 76.83
229.015 473.645 82.4429
248.726 494.215 76.737
270.791 472.026 76.7427
250.08 452.469 82.4472
250.796 496.269 75.5171
267.508 513.68 59.3534
290.415 490.639 59.3615
272.862 474.08 75.5227
269.093 515.25 57.1115
280.298 526.913 32.9155
303.767 503.306 32.9238
292 492.21 57.1195
281.157 527.764 29.9912
285.104 531.874 1.45767
308.77 508.068 1.46604
304.626 504.157 29.9995
285.104 531.874 -1.70466
281.148 527.757 -30.2212
304.617 504.15 -30.212
308.77 508.068 -1.69629
280.289 526.905 -33.142
269.103 515.247 -57.2936
292.011 492.207 -57.2824
303.758 503.298 -33.1328
267.52 513.676 -59.5328
250.819 496.25 -75.6929
272.885 474.062 -75.6799
290.428 490.636 -59.5216
248.75 494.195 -76.9126
229.049 473.615 -82.617
250.113 452.439 -82.6034
270.816 472.006 -76.8996
226.804 471.383 -82.6289
207.093 450.763 -77.0011
227.146 430.608 -76.9885
247.868 450.207 -82.6153
205.013 448.693 -75.7989
188.288 431.161 -59.6808
207.474 411.877 -59.6708
225.066 428.537 -75.7863
186.69 429.568 -57.4397
175.478 417.801 -33.21
194.077 399.105 -33.2007
205.876 410.285 -57.4297
174.61 416.937 -30.2683
170.665 412.82 -1.65146
189.058 394.331 -1.64208
193.209 398.241 -30.259
191.06 392.217 1.54592
195.199 396.174 30.1435
212.849 376.561 30.152
208.511 372.821 1.55513
196.109 396.995 33.0817
207.883 408.17 57.2688
226.087 387.94 57.2753
213.758 377.382 33.0901
209.558 409.679 59.5077
227.151 426.332 75.628
246.175 405.187 75.6332
227.762 389.449 59.5142
229.333 428.293 76.8305
250.06 447.885 82.4596
270.042 425.672 82.4646
248.357 407.149 76.8356
252.415 450 82.4478
273.126 469.557 76.7432
294.055 446.286 76.7494
272.396 427.787 82.4528
275.296 471.506 75.5235
292.85 488.065 59.3623
314.577 463.902 59.3704
296.226 448.234 75.5297
294.51 489.555 57.1204
306.277 500.651 32.9247
328.536 475.896 32.9332
316.237 465.393 57.1286
307.178 501.459 30.0004
311.322 505.37 1.46697
333.767 480.409 1.47529
329.436 476.705 30.0089
311.321 505.37 -1.69533
307.168 501.452 -30.211
329.427 476.698 -30.2021
333.767 480.408 -1.68701
306.269 500.644 -33.1317
294.522 489.552 -57.2813
316.25 465.391 -57.2705
328.527 475.89 -33.1228
292.863 488.062 -59.5203
275.32 471.488 -75.6786
296.249 448.217 -75.6663
314.591 463.9 -59.5095
273.151 469.538 -76.8981
252.448 449.97 -82.602
272.429 427.758 -82.5893
294.08 446.267 -76.8858
250.094 447.853 -82.6139
229.372 428.254 -76.9871
248.396 407.11 -76.9754
270.075 425.641 -82.6012
227.191 426.292 -75.7851
209.599 409.632 -59.6696
227.801 389.402 -59.6601
246.214 405.148 -75.7734
207.922 408.123 -57.4286
196.123 396.943 -33.1997
213.769 377.33 -33.1906
226.124 387.893 -57.4192
195.212 396.124 -30.258
191.061 392.214 -1.64106
208.512 372.819 -1.63185
212.858 376.511 -30.2489
210.407 370.606 1.55611
214.744 374.345 30.1529
231.401 353.859 30.1612
226.877 350.348 1.56505
215.694 375.119 33.0909
228.023 385.677 57.2761
245.203 364.548 57.2827
232.352 354.633 33.0992
229.773 387.099 59.5148
248.185 402.837 75.6338
266.137 380.754 75.6393
246.953 365.969 59.5215
250.463 404.686 76.8362
272.148 423.209 82.4652
291 400.014 82.4707
268.415 382.603 76.8417
274.605 425.204 82.4535
296.265 443.702 76.75
316.008 419.406 76.7564
293.457 402.009 82.4589
298.529 445.54 75.5305
316.879 461.209 59.3713
337.373 435.987 59.3794
318.272 421.244 75.5369
318.611 462.615 57.1296
330.911 473.119 32.9341
351.906 447.282 32.9425
339.105 437.393 57.1377
331.849 473.882 30.0098
336.18 477.586 1.47623
357.351 451.533 1.4844
352.844 448.045 30.0182
336.18 477.586 -1.68608
331.84 473.876 -30.2011
352.835 448.039 -30.1925
357.351 451.533 -1.6779
330.902 473.113 -33.1217
318.624 462.614 -57.2694
339.119 437.392 -57.2591
351.897 447.276 -33.1131
316.894 461.207 -59.5083
298.552 445.523 -75.6651
318.296 421.228 -75.6535
337.389 435.985 -59.498
296.289 443.684 -76.8845
274.638 425.174 -82.588
293.49 401.98 -82.5761
316.033 419.388 -76.8729
272.182 423.179 -82.5999
250.502 404.648 -76.9741
268.453 382.565 -76.9632
291.033 399.984 -82.5881
248.224 402.798 -75.7722
229.811 387.052 -59.659
246.989 365.923 -59.65
266.175 380.715 -75.7613
228.06 385.63 -57.4182
215.705 375.067 -33.1896
232.359 354.582 -33.1808
245.238 364.501 -57.4092
214.753 374.295 -30.2479
210.407 370.603 -1.63085
226.878 350.345 -1.62191
231.407 353.81 -30.2392
228.661 348.039 1.56598
233.185 351.55 30.1622
248.815 330.239 30.1703
244.116 326.964 1.57457
234.174 352.274 33.1
247.025 362.189 57.2835
263.143 340.209 57.2901
249.803 330.963 33.1081
248.845 363.52 59.5221
268.029 378.304 75.64
284.868 355.335 75.6457
264.962 341.539 59.5287
270.397 380.036 76.8423
292.982 397.447 82.4713
310.661 373.327 82.4769
287.236 357.068 76.848
295.535 399.317 82.4596
318.086 416.714 76.7571
336.599 391.454 76.7634
313.215 375.196 82.4653
320.438 418.438 75.5377
339.539 433.181 59.3803
358.753 406.963 59.3882
338.951 393.178 75.5441
341.338 434.5 57.1387
354.139 444.389 32.9434
373.82 417.536 32.9517
360.552 408.283 57.1466
355.114 445.105 30.0191
359.621 448.594 1.48533
379.467 421.519 1.49327
374.795 418.253 30.0273
359.62 448.594 -1.677
355.104 445.1 -30.1916
374.786 418.247 -30.1833
379.467 421.519 -1.66907
354.13 444.383 -33.1121
341.352 434.499 -57.2581
360.567 408.283 -57.2482
373.812 417.531 -33.1038
339.555 433.179 -59.4968
320.462 418.422 -75.6523
338.975 393.163 -75.6413
358.77 406.963 -59.4869
318.111 416.697 -76.8716
295.568 399.289 -82.5749
313.247 375.169 -82.5638
336.624 391.438 -76.8606
293.015 397.418 -82.5868
270.434 379.999 -76.9619
287.272 357.031 -76.9517
310.694 373.298 -82.5758
268.066 378.266 -75.7602
248.881 363.474 -59.6489
264.996 341.495 -59.6404
284.904 355.298 -75.75
247.06 362.142 -57.4082
234.181 352.223 -33.1799
249.807 330.913 -33.1715
263.175 340.163 -57.3997
233.191 351.501 -30.2382
228.661 348.036 -1.62093
244.116 326.962 -1.61234
248.817 330.191 -30.2299
245.784 324.567 1.57547
250.483 327.841 30.1712
265.051 305.753 30.1789
260.19 302.725 1.58363
251.507 328.514 33.1089
264.847 337.76 57.2909
279.867 314.981 57.2974
266.075 306.426 33.1167
266.731 338.996 59.5294
286.637 352.792 75.6463
302.326 328.993 75.6521
281.752 316.217 59.5359
289.088 354.403 76.8486
312.514 370.663 82.4775
328.982 345.676 82.4831
304.777 330.604 76.8544
315.157 372.403 82.4659
338.541 388.661 76.7641
355.781 362.501 76.7703
331.625 347.416 82.4716
340.975 390.267 75.5449
360.777 404.052 59.389
378.667 376.908 59.3966
358.215 364.107 75.5511
362.638 405.283 57.1476
375.907 414.536 32.9526
394.231 386.738 32.9606
380.528 378.139 57.1552
376.916 415.204 30.0282
381.587 418.47 1.49417
400.065 390.444 1.50177
395.24 387.407 30.0362
381.587 418.47 -1.66821
376.906 415.199 -30.1825
395.231 387.402 -30.1746
400.064 390.444 -1.66061
375.898 414.53 -33.1029
362.653 405.282 -57.2473
380.545 378.139 -57.2379
394.223 386.734 -33.0951
360.794 404.051 -59.4858
340.999 390.252 -75.6402
358.24 364.093 -75.6298
378.685 376.908 -59.4764
338.566 388.644 -76.8594
315.189 372.376 -82.5626
331.657 347.391 -82.5524
355.807 362.486 -76.8491
312.546 370.634 -82.5746
289.124 354.367 -76.9506
304.812 330.569 -76.9412
329.014 345.649 -82.5643
286.673 352.755 -75.749
266.765 338.952 -59.6394
281.783 316.175 -59.6314
302.36 328.957 -75.7396
264.879 337.714 -57.3988
251.51 328.464 -33.1706
266.075 306.378 -33.1627
279.897 314.937 -57.3908
250.485 327.793 -30.2289
245.784 324.564 -1.61142
260.19 302.722 -1.60326
265.049 305.707 -30.2211
261.739 300.244 1.58448
266.6 303.273 30.1798
280.076 280.46 30.1871
275.066 277.684 1.59214
267.657 303.892 33.1174
281.45 312.447 57.2982
295.342 288.922 57.3045
281.133 281.079 33.1248
283.394 313.587 59.5365
303.968 326.362 75.6527
318.474 301.789 75.6584
297.286 290.062 59.5428
306.497 327.849 76.855
330.702 342.921 82.4837
345.925 317.129 82.4892
321.003 303.275 76.8606
333.428 344.529 82.4722
357.584 359.613 76.7709
373.516 332.619 76.7767
348.65 318.736 82.4777
360.093 361.098 75.5519
380.545 373.899 59.3975
397.074 345.898 59.4046
376.025 334.104 75.5576
382.464 375.038 57.1561
396.167 383.638 32.9615
413.095 354.969 32.9691
398.993 347.037 57.1632
397.207 384.257 30.0371
402.032 387.294 1.50265
419.101 358.392 1.50982
414.136 355.588 30.0447
402.031 387.294 -1.65981
397.198 384.252 -30.1738
414.127 355.583 -30.1665
419.1 358.392 -1.65263
396.159 383.633 -33.0942
382.48 375.038 -57.237
399.01 347.037 -57.2282
413.088 354.964 -33.0869
380.563 373.899 -59.4754
360.118 361.084 -75.6288
376.05 334.091 -75.6191
397.093 345.898 -59.4666
357.609 359.598 -76.848
333.459 344.503 -82.5513
348.681 318.712 -82.5418
373.541 332.605 -76.8382
330.734 342.894 -82.5633
306.531 327.814 -76.9401
321.036 303.243 -76.9314
345.956 317.104 -82.5537
304.002 326.327 -75.7386
283.425 313.544 -59.6305
297.314 290.022 -59.6231
318.507 301.756 -75.73
281.479 312.404 -57.39
267.656 303.844 -33.1619
281.129 281.034 -33.1545
295.368 288.881 -57.3826
266.598 303.227 -30.2202
261.739 300.242 -1.60238
275.065 277.682 -1.59472
280.07 280.417 -30.2129
276.493 275.126 1.59294
281.503 277.902 30.1879
293.86 254.415 30.1948
288.714 251.9 1.60003
282.59 278.467 33.1255
296.799 286.31 57.3052
309.535 262.093 57.3112
294.947 254.98 33.1324
298.798 287.35 59.5434
319.986 299.077 75.659
333.281 273.786 75.6643
311.534 263.134 59.5494
322.586 300.436 76.8612
347.507 314.289 82.4898
361.454 287.754 82.4947
335.881 275.145 76.8665
350.309 315.761 82.4783
375.174 329.644 76.7773
389.766 301.883 76.7824
364.256 289.226 82.4832
377.753 331.005 75.5584
398.801 342.799 59.4053
413.937 314.013 59.4117
392.345 303.244 75.5635
400.773 343.844 57.1641
414.876 351.776 32.9699
430.375 322.311 32.977
415.908 315.058 57.1705
415.945 352.345 30.0455
420.91 355.149 1.51065
436.538 325.446 1.51731
431.444 322.88 30.0525
420.91 355.149 -1.65189
415.936 352.34 -30.1658
431.435 322.875 -30.159
436.537 325.446 -1.64523
414.868 351.772 -33.0861
400.791 343.844 -57.2274
415.927 315.058 -57.219
430.368 322.306 -33.0793
398.821 342.799 -59.4656
377.778 330.992 -75.6181
392.371 303.232 -75.6089
413.957 314.012 -59.4573
375.2 329.63 -76.8372
350.339 315.737 -82.5408
364.285 289.204 -82.5319
389.792 301.87 -76.828
347.538 314.264 -82.5527
322.618 300.404 -76.9304
335.912 275.115 -76.9225
361.484 287.731 -82.5438
320.019 299.044 -75.7291
298.826 287.31 -59.6223
311.56 263.097 -59.6156
333.312 273.756 -75.7211
296.825 286.269 -57.3818
282.586 278.422 -33.1537
294.939 254.939 -33.147
309.558 262.056 -57.3751
281.497 277.859 -30.2121
276.492 275.124 -1.59391
288.714 251.898 -1.58683
293.851 254.376 -30.2053
290.016 249.271 1.60077
295.162 251.786 30.1955
306.378 227.678 30.2018
301.109 225.431 1.60721
296.277 252.295 33.133
310.864 259.408 57.3118
322.42 234.553 57.3174
307.492 228.187 33.1393
312.913 260.346 59.55
334.661 270.999 75.6649
346.72 245.049 75.6698
324.469 235.492 59.5555
337.324 272.228 76.8671
362.897 284.836 82.4952
375.543 257.62 82.4994
349.383 246.277 76.872
365.767 286.17 82.4838
391.278 298.827 76.783
404.504 270.368 76.7871
378.413 258.954 82.488
393.919 300.063 75.5642
415.511 310.831 59.4124
429.225 281.333 59.4179
407.145 271.604 75.5683
417.53 311.781 57.1713
431.997 319.035 32.9778
446.04 288.849 32.9842
431.245 282.283 57.1768
433.092 319.552 30.0533
438.186 322.119 1.51807
452.344 291.693 1.52413
447.135 289.367 30.0597
438.185 322.119 -1.64456
433.084 319.548 -30.1583
447.127 289.362 -30.1522
452.344 291.693 -1.6385
431.99 319.03 -33.0786
417.549 311.782 -57.2183
431.265 282.284 -57.2103
446.033 288.845 -33.0724
415.532 310.831 -59.4564
393.945 300.051 -75.608
407.171 271.593 -75.5991
429.247 281.333 -59.4485
391.304 298.814 -76.827
365.797 286.148 -82.5309
378.442 258.934 -82.5225
404.53 270.356 -76.8181
362.928 284.814 -82.5429
337.355 272.198 -76.9216
349.413 246.251 -76.9143
375.573 257.6 -82.5345
334.691 270.969 -75.7203
312.939 260.31 -59.6147
324.493 235.459 -59.6087
346.749 245.022 -75.7131
310.888 259.37 -57.3744
296.269 252.254 -33.1463
307.481 228.15 -33.1401
322.442 234.52 -57.3683
295.153 251.746 -30.2046
290.016 249.269 -1.58608
301.109 225.429 -1.57964
306.365 227.643 -30.1984
302.285 222.736 1.60788
307.553 224.983 30.2025
317.608 200.307 30.2081
312.232 198.334 1.61363
308.692 225.435 33.1399
323.62 231.801 57.318
333.978 206.362 57.3232
318.747 200.759 33.1455
325.713 232.636 59.556
347.964 242.193 75.6703
358.768 215.64 75.6748
336.071 207.197 59.5612
350.684 243.289 76.8724
376.844 254.632 82.4998
388.168 226.797 82.5032
361.488 216.736 76.877
379.775 255.825 82.4884
405.866 267.239 76.7875
417.704 238.15 76.7904
391.099 227.991 82.4918
408.563 268.348 75.5689
430.643 278.077 59.4185
442.915 247.942 59.4228
420.401 239.259 75.5717
432.706 278.932 57.1775
447.501 285.498 32.9849
460.065 254.67 32.9905
444.977 248.796 57.1818
448.619 285.964 30.0604
453.829 288.29 1.52481
466.497 257.219 1.53016
461.183 255.136 30.066
453.828 288.29 -1.63789
448.611 285.959 -30.1515
461.176 255.131 -30.146
466.496 257.219 -1.63254
447.494 285.493 -33.0718
432.726 278.932 -57.2097
444.999 248.796 -57.2022
460.059 254.665 -33.0662
430.666 278.077 -59.4476
408.589 268.337 -75.5983
420.428 239.249 -75.5897
442.939 247.942 -59.4401
405.892 267.227 -76.8172
379.804 255.806 -82.5216
391.128 227.974 -82.5139
417.731 238.139 -76.8086
376.874 254.612 -82.5337
350.714 243.263 -76.9135
361.517 216.714 -76.9072
388.197 226.779 -82.5259
347.993 242.166 -75.7123
325.737 232.604 -59.6079
336.092 207.17 -59.6026
358.796 215.617 -75.706
323.641 231.768 -57.3677
308.68 225.398 -33.1394
318.733 200.727 -33.1339
333.997 206.334 -57.3623
307.54 224.948 -30.1978
302.284 222.734 -1.57897
312.231 198.332 -1.57323
317.593 200.277 -30.1922
313.278 195.579 1.61424
318.655 197.552 30.2087
327.536 172.362 30.2135
322.066 170.67 1.61927
319.815 197.946 33.1461
335.045 203.549 57.3238
344.19 177.579 57.3287
328.696 172.755 33.1509
337.178 204.278 59.5617
359.875 212.721 75.6753
369.408 185.62 75.6798
346.322 178.308 59.5667
362.645 213.683 76.8773
389.325 223.744 82.5036
399.311 195.352 82.506
372.179 186.582 76.8818
392.309 224.796 82.4921
418.914 234.956 76.7907
429.348 205.306 76.7918
402.295 196.404 82.4946
421.661 235.937 75.5722
444.175 244.62 59.4232
454.987 213.922 59.4258
432.095 206.287 75.5733
446.275 245.378 57.1824
461.363 251.251 32.9911
472.433 219.859 32.9954
457.087 214.68 57.185
462.502 251.666 30.0665
467.815 253.749 1.53073
478.977 222.109 1.53524
473.571 220.273 30.0709
467.815 253.748 -1.63198
462.494 251.661 -30.1454
473.565 220.268 -30.1404
478.976 222.109 -1.62747
461.357 251.247 -33.0656
446.297 245.378 -57.2016
457.111 214.68 -57.1943
472.427 219.854 -33.0606
444.199 244.619 -59.4394
421.688 235.927 -75.589
432.122 206.279 -75.5805
455.013 213.921 -59.4321
418.941 234.945 -76.8078
392.338 224.779 -82.513
402.325 196.39 -82.506
429.376 205.297 -76.7993
389.354 223.726 -82.5251
362.674 213.661 -76.9064
372.207 186.564 -76.9013
399.34 195.337 -82.5181
359.903 212.698 -75.7054
337.199 204.251 -59.6019
346.342 178.286 -59.5975
369.436 185.601 -75.7002
335.064 203.521 -57.3618
319.801 197.914 -33.1333
328.68 172.73 -33.1282
344.208 177.556 -57.3573
318.639 197.522 -30.1916
313.277 195.578 -1.57265
322.065 170.669 -1.56762
327.519 172.338 -30.1866
322.982 167.862 1.61983
328.452 169.554 30.2141
336.152 143.902 30.2173
330.603 142.502 1.62419
329.631 169.887 33.1514
345.125 174.71 57.3293
353.047 148.259 57.3325
337.331 144.235 33.1547
347.29 175.332 59.567
370.376 182.643 75.6801
378.629 155.047 75.6826
355.213 148.881 59.5703
373.19 183.47 76.8819
400.322 192.241 82.5062
408.958 163.352 82.5052
381.443 155.874 76.8844
403.353 193.152 82.4946
430.405 202.054 76.7919
439.42 171.913 76.7885
411.989 164.263 82.4936
433.194 202.907 75.5734
456.087 210.542 59.426
465.425 179.358 59.4247
442.21 172.767 75.57
458.22 211.204 57.1853
473.565 216.382 32.9958
483.126 184.502 32.9976
467.558 180.02 57.184
474.722 216.744 30.0713
480.127 218.58 1.53559
489.769 186.446 1.53904
484.283 184.864 30.0731
480.127 218.58 -1.62693
474.716 216.739 -30.1398
484.278 184.858 -30.1345
489.768 186.445 -1.62349
473.56 216.377 -33.06
458.244 211.203 -57.1936
467.585 180.018 -57.185
483.123 184.496 -33.0547
456.113 210.541 -59.4312
433.223 202.898 -75.5797
442.24 172.759 -75.5691
465.454 179.356 -59.4226
430.434 202.044 -76.7984
403.382 193.138 -82.5051
412.02 164.252 -82.4965
439.451 171.905 -76.7878
400.352 192.227 -82.5173
373.218 183.453 -76.9005
381.471 155.862 -76.8946
408.989 163.341 -82.5087
370.404 182.626 -75.6996
347.31 175.311 -59.5968
355.233 148.867 -59.5916
378.657 155.034 -75.6938
345.142 174.688 -57.3568
329.615 169.862 -33.1278
337.314 144.218 -33.1222
353.065 148.244 -57.3515
328.435 169.53 -30.1861
322.981 167.861 -1.56712
330.602 142.501 -1.56276
336.134 143.886 -30.1805
331.389 139.646 1.6245
336.939 141.046 30.2176
343.463 114.991 30.2124
337.851 113.898 1.62831
338.132 141.317 33.1545
353.849 145.341 57.3324
360.552 118.459 57.3202
344.657 115.263 33.1493
356.042 145.853 59.5696
379.458 152.019 75.6818
386.425 123.979 75.6639
362.745 118.972 59.5574
382.307 152.71 76.8832
409.823 160.189 82.504
417.096 130.862 82.4808
389.274 124.67 76.8652
412.891 160.959 82.4923
440.323 168.609 76.7871
447.9 138.047 76.7629
420.164 131.633 82.469
443.148 169.336 75.5689
466.363 175.928 59.4236
474.204 144.334 59.4069
450.724 138.774 75.5447
468.524 176.493 57.1834
484.092 180.976 32.997
492.12 148.682 32.9902
476.365 144.9 57.1667
485.264 181.285 30.073
490.75 182.866 1.53891
498.85 150.305 1.54092
493.292 148.991 30.0661
490.75 182.866 -1.62276
485.26 181.279 -30.1338
493.29 148.984 -30.123
498.85 150.304 -1.62075
484.089 180.97 -33.0535
468.551 176.491 -57.1838
476.397 144.896 -57.1632
492.119 148.675 -33.0427
466.392 175.926 -59.4209
443.178 169.329 -75.5674
450.758 138.768 -75.5389
474.238 144.33 -59.4003
440.354 168.601 -76.7858
412.922 160.948 -82.4944
420.198 131.625 -82.4658
447.934 138.04 -76.7573
409.854 160.178 -82.5067
382.336 152.699 -76.8927
389.305 124.664 -76.8677
417.129 130.855 -82.478
379.486 152.008 -75.6922
356.063 145.84 -59.59
362.768 118.968 -59.5696
386.456 123.973 -75.6673
353.867 145.327 -57.3505
338.116 141.301 -33.1211
344.641 115.258 -33.1078
360.572 118.456 -57.3301
336.921 141.031 -30.1799
331.388 139.646 -1.56212
337.85 113.898 -1.55831
343.446 114.987 -30.1665
338.511 111.004 1.627
344.123 112.097 30.2111
349.535 85.7176 30.1543
343.881 84.9514 1.63015
345.328 112.303 33.1444
361.223 115.5 57.3152
366.751 88.2622 57.2041
350.74 85.9241 33.0876
363.437 115.9 59.5493
387.116 120.907 75.6558
392.807 92.4948 75.509
368.964 88.6629 59.4381
389.991 121.462 76.8556
417.812 127.655 82.4712
423.692 97.9639 82.3173
395.681 93.0497 76.7088
420.908 128.286 82.4598
448.644 134.7 76.7536
454.72 103.793 76.6185
426.788 98.5949 82.3059
451.495 135.303 75.5374
474.975 140.862 59.3996
481.233 108.937 59.3042
457.571 104.395 75.4023
477.157 141.332 57.162
492.912 145.115 32.9855
499.312 112.471 32.9381
483.416 109.406 57.0666
494.097 145.369 30.0644
499.655 146.682 1.53917
506.12 113.743 1.53955
500.497 112.725 30.017
499.655 146.681 -1.61878
494.096 145.361 -30.121
500.501 112.715 -30.0738
506.12 113.743 -1.6184
492.912 145.107 -33.0378
477.19 141.328 -57.1584
483.455 109.4 -57.0641
499.318 112.461 -32.9905
475.009 140.858 -59.3928
451.53 135.296 -75.5314
457.61 104.388 -75.3956
481.274 108.931 -59.2986
448.678 134.694 -76.7477
420.942 128.278 -82.4562
426.826 98.5908 -82.2995
454.759 103.786 -76.6119
417.846 127.648 -82.4679
390.022 121.457 -76.8576
395.717 93.0513 -76.7053
423.73 97.9601 -82.3112
387.147 120.902 -75.6584
363.46 115.898 -59.5608
368.993 88.673 -59.4412
392.842 92.4968 -75.5061
361.244 115.497 -57.3243
345.313 112.299 -33.102
350.729 85.9367 -33.0376
366.777 88.2726 -57.2047
344.107 112.093 -30.1643
338.51 111.004 -1.55611
343.88 84.9517 -1.55296
349.523 85.73 -30.0999
344.44 82.0351 1.61937
350.094 82.8014 30.1435
354.776 56.298 29.8142
349.142 55.8562 1.61956
351.302 82.9417 33.0564
367.313 85.2799 57.1729
371.938 57.9227 56.5572
355.984 56.4383 32.727
369.53 85.5669 59.3916
393.372 89.3988 75.4625
397.901 60.8516 74.6636
374.155 58.2096 58.7759
396.251 89.8158 76.6553
424.261 94.73 82.2638
428.683 64.8667 81.4316
400.779 61.2686 75.8564
427.363 95.2204 82.2547
455.295 100.418 76.5673
459.635 69.3024 75.8396
431.785 65.3571 81.4226
458.152 100.895 75.3609
481.814 105.437 59.2628
486.094 73.2909 58.7225
462.493 69.7794 74.6332
484.005 105.807 57.039
499.901 108.872 32.9105
504.169 75.8948 32.6335
488.284 73.661 56.4988
501.091 109.065 30.0075
506.714 110.083 1.53009
510.986 76.7577 1.53166
505.359 76.0878 29.7305
506.714 110.082 -1.60891
501.096 109.055 -30.0643
505.376 76.0748 -29.7895
510.986 76.7571 -1.60733
499.908 108.862 -32.9633
484.045 105.801 -57.0369
488.332 73.6504 -56.5045
504.188 75.8813 -32.6885
481.856 105.431 -59.2575
458.192 100.888 -75.3546
462.536 69.7713 -74.6291
486.143 73.2806 -58.7251
455.335 100.412 -76.5607
427.402 95.2165 -82.2482
431.826 65.3554 -81.4163
459.679 69.2946 -75.8352
424.3 94.7267 -82.2573
396.287 89.8178 -76.6514
400.819 61.2774 -75.8501
428.725 64.8656 -81.4254
393.408 89.4018 -75.4589
369.559 85.578 -59.3939
374.193 58.2315 -58.7682
397.94 60.8613 -74.6575
367.34 85.2919 -57.1727
351.292 82.956 -33.0055
355.986 56.4711 -32.6714
371.974 57.9455 -56.547
350.083 82.8147 -30.0886
344.44 82.0364 -1.54164
349.142 55.8574 -1.54145
354.777 56.3298 -29.7544
349.762 52.9935 1.56823
355.396 53.4353 29.7629
361.817 28.0628 28.4552
356.452 27.5351 1.56371
356.565 53.5495 32.5856
372.52 55.0338 56.4157
378.179 29.8418 54.0071
362.986 28.177 31.2779
374.674 55.2697 58.5736
398.42 57.9117 74.4612
402.963 32.7806 71.3191
380.332 30.0776 56.165
401.226 58.2555 75.6284
429.129 61.8535 81.2036
432.388 36.5474 77.815
405.769 33.1244 72.4862
432.16 62.2589 81.2037
460.01 66.2042 75.6206
462.016 40.5649 72.5131
435.418 36.9528 77.815
462.806 66.6002 74.4538
486.407 70.1116 58.5432
487.369 44.1415 56.1877
464.811 40.9609 71.3463
488.549 70.4178 56.3848
504.434 72.6517 32.5195
504.656 46.5523 31.244
489.512 44.4477 54.0293
505.6 72.8096 29.6928
511.226 73.4795 1.49405
511.148 47.3887 1.49868
505.822 46.7103 28.4173
511.227 73.4778 -1.56961
505.617 72.7954 -29.7518
505.831 46.659 -28.4656
511.149 47.387 -1.56497
504.454 72.6361 -32.5743
488.597 70.4052 -56.3903
489.553 44.4026 -54.029
504.667 46.4996 -31.2881
486.456 70.1003 -58.5457
462.849 66.591 -74.4497
464.85 40.9483 -71.3428
487.412 44.0977 -56.1845
460.054 66.1964 -75.6164
432.201 62.2572 -81.1975
435.455 36.9538 -77.8112
462.054 40.5537 -72.5096
429.171 61.853 -81.1975
401.265 58.2648 -75.6222
405.803 33.1416 -72.4835
432.425 36.5496 -77.8112
398.459 57.923 -74.4553
374.712 55.2932 -58.566
380.36 30.1331 -56.1649
402.997 32.7999 -71.3166
372.556 55.059 -56.4054
356.568 53.5846 -32.5298
362.978 28.2396 -31.232
378.204 29.8989 -54.0043
355.397 53.4684 -29.7033
349.762 52.996 -1.4903
356.452 27.5375 -1.49482
361.807 28.1234 -28.4054
357.24 24.7769 1.47853
362.605 25.3047 28.3701
370.107 0.978324 26.5919
365.106 0.420727 1.46574
363.708 25.4286 31.037
378.9 27.0934 53.7662
385.375 2.82071 50.508
371.21 1.10224 29.2589
380.933 27.336 55.8044
403.563 30.039 70.9586
408.54 5.7083 66.706
387.407 3.0633 52.5462
406.212 30.3718 72.0603
432.832 33.7948 77.389
436.061 9.23639 72.7635
411.19 6.04116 67.8078
435.694 34.17 77.3886
462.292 37.7822 72.0867
463.772 12.8679 67.7762
438.924 9.61161 72.763
464.934 38.1411 70.985
487.492 41.3217 55.8264
487.478 16.0876 52.5057
466.414 13.2268 66.6745
489.516 41.6018 53.7874
504.661 43.7064 31.0021
503.623 18.2888 29.204
489.503 16.3677 50.4667
505.759 43.8543 28.3321
511.086 44.5327 1.4135
509.681 19.0521 1.42868
504.722 18.4367 26.534
511.086 44.529 -1.47767
505.768 43.801 -28.3783
504.722 18.3502 -26.5548
509.682 19.0483 -1.46248
504.671 43.65 -31.0448
489.557 41.553 -53.7857
489.526 16.2956 -50.4573
503.625 18.1992 -29.2213
487.534 41.2764 -55.8229
464.972 38.127 -70.9812
466.434 13.219 -66.6734
487.503 16.0191 -52.4945
462.329 37.7711 -72.0834
435.73 34.1712 -77.385
438.943 9.61214 -72.7616
463.792 12.8631 -67.7756
432.867 33.7971 -77.3855
406.245 30.3891 -72.0578
411.207 6.05214 -67.807
436.08 9.23811 -72.762
403.596 30.0597 -70.9567
380.959 27.3928 -55.805
387.413 3.13655 -52.5555
408.558 5.72266 -66.7059
378.924 27.1535 -53.7649
363.699 25.4942 -30.9926
371.186 1.19292 -29.2369
385.379 2.89725 -50.5155
362.595 25.3668 -28.3221
357.239 24.7809 -1.41149
365.105 0.424694 -1.42428
370.082 1.06549 -26.5664
366.055 -2.03387 1.34107
371.056 -1.47627 26.4672
380.314 -21.4522 23.7745
375.892 -22.0737 1.32281
372.061 -1.34741 28.9106
386.226 0.371059 50.1597
393.919 -19.5642 45.2483
381.32 -21.3233 26.2179
388.084 0.611504 52.0285
409.218 3.2565 66.1883
414.659 -16.7935 59.7878
395.777 -19.3237 47.1171
411.642 3.57158 67.1962
436.514 6.76682 72.152
439.321 -13.5279 65.1875
417.084 -16.4784 60.7957
439.135 7.11032 72.1479
463.982 10.3666 67.1611
464.126 -10.2526 60.6588
441.942 -13.1844 65.1835
466.401 10.6878 66.1477
487.465 13.5485 51.9788
485.307 -7.4562 46.9254
466.544 -9.93146 59.6454
489.314 13.7973 50.1114
503.434 15.7183 28.8487
499.67 -5.55804 26.093
487.156 -7.20748 45.0579
504.435 15.851 26.4105
509.394 16.4664 1.30518
505.06 -4.84694 1.32001
500.671 -5.42535 23.6548
509.395 16.464 -1.33454
504.435 15.7659 -26.4269
500.671 -5.42796 -23.6545
505.061 -4.84938 -1.31971
503.435 15.631 -28.8652
489.336 13.7275 -50.1012
487.156 -7.2125 -45.058
499.67 -5.56285 -26.0928
487.487 13.4813 -51.9685
466.418 10.6812 -66.1474
466.544 -9.93395 -59.6455
485.307 -7.45863 -46.9253
464 10.362 -67.1606
439.151 7.1111 -72.1467
441.942 -13.185 -65.1833
464.127 -10.2532 -60.6587
436.531 6.768 -72.1507
411.659 3.58203 -67.1956
417.085 -16.4784 -60.7955
439.322 -13.5281 -65.1873
409.233 3.2688 -66.1876
388.088 0.682689 -52.0371
395.776 -19.3217 -47.1168
414.659 -16.7916 -59.7874
386.229 0.44485 -50.1681
372.036 -1.25948 -28.8896
381.319 -21.3186 -26.2174
393.918 -19.5595 -45.2478
371.031 -1.39055 -26.4463
366.055 -2.03134 -1.30409
375.891 -22.0712 -1.32236
380.314 -21.4497 -23.7741
-222.056 605.426 25.5528
-222.899 600.398 -0.165483
-222.085 605.41 -25.8914
-219.658 619.721 -47.7391
-215.86 641.173 -62.3631
-211.184 666.48 -67.4926
-206.361 691.747 -62.3437
-202.21 713.13 -47.7377
-199.426 727.404 -25.9188
-198.463 732.427 -0.200699
-199.456 727.432 25.5256
-202.244 713.165 47.3584
-206.386 691.777 61.9752
-211.19 666.501 67.1276
-215.838 641.194 61.999
-219.623 619.744 47.3866
382.635 -22.3855 1.31945e-05
387.058 -21.764 22.4517
399.656 -20.0048 41.4821
418.539 -17.4746 54.1528
440.776 -14.5241 58.5446
462.96 -11.5923 54.02
481.723 -9.11705 41.3
494.237 -7.4676 22.335
498.627 -6.88918 0.000239176
494.237 -7.46776 -22.3346
481.723 -9.11742 -41.2997
462.96 -11.5927 -54.0199
440.776 -14.5245 -58.5445
418.539 -17.4748 -54.1527
399.656 -20.0049 -41.4821
387.058 -21.764 -22.4517
</DataArray>
</Points>
<Cells>
<DataArray type="Int32" Name="connectivity" format="ascii">
0 1 529 528 1 17 530 529 17 16 531 530 16 0 528 531 1 2 533 532 2 18 534 533 18 17 535 534 17 1 532 535 2 3 537 536 3 19 538 537 19 18 539 538 18 2 536 539 3 4 541 540 4 20 542 541 20 19 543 542 19 3 540 543 4 5 545 544 5 21 546 545 21 20 547 546 20 4 544 547 5 6 549 548 6 22 550 549 22 21 551 550 21 5 548 551 6 7 553 552 7 23 554 553 23 22 555 554 22 6 552 555 7 8 557 556 8 24 558 557 24 23 559 558 23 7 556 559 8 9 561 560 9 25 562 561 25 24 563 562 24 8 560 563 9 10 565 564 10 26 566 565 26 25 567 566 25 9 564 567 10 11 569 568 11 27 570 569 27 26 571 570 26 10 568 571 11 12 573 572 12 28 574 573 28 27 575 574 27 11 572 575 12 13 577 576 13 29 578 577 29 28 579 578 28 12 576 579 13 14 581 580 14 30 582 581 30 29 583 582 29 13 580 583 14 15 585 584 15 31 586 585 31 30 587 586 30 14 584 587 15 0 589 588 0 16 590 589 16 31 591 590 31 15 588 591 16 17 593 592 17 33 594 593 33 32 595 594 32 16 592 595 18 34 597 596 34 33 598 597 33 17 599 598 17 18 596 599 19 35 601 600 35 34 602 601 34 18 603 602 18 19 600 603 20 36 605 604 36 35 606 605 35 19 607 606 19 20 604 607 21 37 609 608 37 36 610 609 36 20 611 610 20 21 608 611 22 38 613 612 38 37 614 613 37 21 615 614 21 22 612 615 23 39 617 616 39 38 618 617 38 22 619 618 22 23 616 619 24 40 621 620 40 39 622 621 39 23 623 622 23 24 620 623 25 41 625 624 41 40 626 625 40 24 627 626 24 25 624 627 26 42 629 628 42 41 630 629 41 25 631 630 25 26 628 631 27 43 633 632 43 42 634 633 42 26 635 634 26 27 632 635 28 44 637 636 44 43 638 637 43 27 639 638 27 28 636 639 29 45 641 640 45 44 642 641 44 28 643 642 28 29 640 643 30 46 645 644 46 45 646 645 45 29 647 646 29 30 644 647 31 47 649 648 47 46 650 649 46 30 651 650 30 31 648 651 31 16 653 652 16 32 654 653 32 47 655 654 47 31 652 655 32 33 657 656 33 49 658 657 49 48 659 658 48 32 656 659 33 34 661 660 34 50 662 661 50 49 663 662 49 33 660 663 34 35 665 664 35 51 666 665 51 50 667 666 50 34 664 667 35 36 669 668 36 52 670 669 52 51 671 670 51 35 668 671 36 37 673 672 37 53 674 673 53 52 675 674 52 36 672 675 37 38 677 676 38 54 678 677 54 53 679 678 53 37 676 679 38 39 681 680 39 55 682 681 55 54 683 682 54 38 680 683 39 40 685 684 40 56 686 685 56 55 687 686 55 39 684 687 40 41 689 688 41 57 690 689 57 56 691 690 56 40 688 691 41 42 693 692 42 58 694 693 58 57 695 694 57 41 692 695 42 43 697 696 43 59 698 697 59 58 699 698 58 42 696 699 43 44 701 700 44 60 702 701 60 59 703 702 59 43 700 703 44 45 705 704 45 61 706 705 61 60 707 706 60 44 704 707 45 46 709 708 46 62 710 709 62 61 711 710 61 45 708 711 46 47 713 712 47 63 714 713 63 62 715 714 62 46 712 715 47 32 717 716 32 48 718 717 48 63 719 718 63 47 716 719 48 49 721 720 49 65 722 721 65 64 723 722 64 48 720 723 49 50 725 724 50 66 726 725 66 65 727 726 65 49 724 727 50 51 729 728 51 67 730 729 67 66 731 730 66 50 728 731 51 52 733 732 52 68 734 733 68 67 735 734 67 51 732 735 52 53 737 736 53 69 738 737 69 68 739 738 68 52 736 739 53 54 741 740 54 70 742 741 70 69 743 742 69 53 740 743 54 55 745 744 55 71 746 745 71 70 747 746 70 54 744 747 55 56 749 748 56 72 750 749 72 71 751 750 71 55 748 751 56 57 753 752 57 73 754 753 73 72 755 754 72 56 752 755 57 58 757 756 58 74 758 757 74 73 759 758 73 57 756 759 58 59 761 760 59 75 762 761 75 74 763 762 74 58 760 763 59 60 765 764 60 76 766 765 76 75 767 766 75 59 764 767 60 61 769 768 61 77 770 769 77 76 771 770 76 60 768 771 61 62 773 772 62 78 774 773 78 77 775 774 77 61 772 775 62 63 777 776 63 79 778 777 79 78 779 778 78 62 776 779 63 48 781 780 48 64 782 781 64 79 783 782 79 63 780 783 64 65 785 784 65 81 786 785 81 80 787 786 80 64 784 787 65 66 789 788 66 82 790 789 82 81 791 790 81 65 788 791 66 67 793 792 67 83 794 793 83 82 795 794 82 66 792 795 67 68 797 796 68 84 798 797 84 83 799 798 83 67 796 799 68 69 801 800 69 85 802 801 85 84 803 802 84 68 800 803 69 70 805 804 70 86 806 805 86 85 807 806 85 69 804 807 70 71 809 808 71 87 810 809 87 86 811 810 86 70 808 811 71 72 813 812 72 88 814 813 88 87 815 814 87 71 812 815 72 73 817 816 73 89 818 817 89 88 819 818 88 72 816 819 73 74 821 820 74 90 822 821 90 89 823 822 89 73 820 823 74 75 825 824 75 91 826 825 91 90 827 826 90 74 824 827 75 76 829 828 76 92 830 829 92 91 831 830 91 75 828 831 76 77 833 832 77 93 834 833 93 92 835 834 92 76 832 835 77 78 837 836 78 94 838 837 94 93 839 838 93 77 836 839 78 79 841 840 79 95 842 841 95 94 843 842 94 78 840 843 79 64 845 844 64 80 846 845 80 95 847 846 95 79 844 847 80 81 849 848 81 97 850 849 97 96 851 850 96 80 848 851 81 82 853 852 82 98 854 853 98 97 855 854 97 81 852 855 82 83 857 856 83 99 858 857 99 98 859 858 98 82 856 859 83 84 861 860 84 100 862 861 100 99 863 862 99 83 860 863 84 85 865 864 85 101 866 865 101 100 867 866 100 84 864 867 85 86 869 868 86 102 870 869 102 101 871 870 101 85 868 871 86 87 873 872 87 103 874 873 103 102 875 874 102 86 872 875 87 88 877 876 88 104 878 877 104 103 879 878 103 87 876 879 88 89 881 880 89 105 882 881 105 104 883 882 104 88 880 883 89 90 885 884 90 106 886 885 106 105 887 886 105 89 884 887 90 91 889 888 91 107 890 889 107 106 891 890 106 90 888 891 91 92 893 892 92 108 894 893 108 107 895 894 107 91 892 895 92 93 897 896 93 109 898 897 109 108 899 898 108 92 896 899 93 94 901 900 94 110 902 901 110 109 903 902 109 93 900 903 94 95 905 904 95 111 906 905 111 110 907 906 110 94 904 907 95 80 909 908 80 96 910 909 96 111 911 910 111 95 908 911 96 97 913 912 97 113 914 913 113 112 915 914 112 96 912 915 97 98 917 916 98 114 918 917 114 113 919 918 113 97 916 919 98 99 921 920 99 115 922 921 115 114 923 922 114 98 920 923 99 100 925 924 100 116 926 925 116 115 927 926 115 99 924 927 100 101 929 928 101 117 930 929 117 116 931 930 116 100 928 931 101 102 933 932 102 118 934 933 118 117 935 934 117 101 932 935 102 103 937 936 103 119 938 937 119 118 939 938 118 102 936 939 103 104 941 940 104 120 942 941 120 119 943 942 119 103 940 943 104 105 945 944 105 121 946 945 121 120 947 946 120 104 944 947 105 106 949 948 106 122 950 949 122 121 951 950 121 105 948 951 106 107 953 952 107 123 954 953 123 122 955 954 122 106 952 955 107 108 957 956 108 124 958 957 124 123 959 958 123 107 956 959 108 109 961 960 109 125 962 961 125 124 963 962 124 108 960 963 109 110 965 964 110 126 966 965 126 125 967 966 125 109 964 967 110 111 969 968 111 127 970 969 127 126 971 970 126 110 968 971 111 96 973 972 96 112 974 973 112 127 975 974 127 111 972 975 112 113 977 976 113 129 978 977 129 128 979 978 128 112 976 979 113 114 981 980 114 130 982 981 130 129 983 982 129 113 980 983 114 115 985 984 115 131 986 985 131 130 987 986 130 114 984 987 115 116 989 988 116 132 990 989 132 131 991 990 131 115 988 991 116 117 993 992 117 133 994 993 133 132 995 994 132 116 992 995 117 118 997 996 118 134 998 997 134 133 999 998 133 117 996 999 118 119 1001 1000 119 135 1002 1001 135 134 1003 1002 134 118 1000 1003 119 120 1005 1004 120 136 1006 1005 136 135 1007 1006 135 119 1004 1007 120 121 1009 1008 121 137 1010 1009 137 136 1011 1010 136 120 1008 1011 121 122 1013 1012 122 138 1014 1013 138 137 1015 1014 137 121 1012 1015 122 123 1017 1016 123 139 1018 1017 139 138 1019 1018 138 122 1016 1019 123 124 1021 1020 124 140 1022 1021 140 139 1023 1022 139 123 1020 1023 124 125 1025 1024 125 141 1026 1025 141 140 1027 1026 140 124 1024 1027 125 126 1029 1028 126 142 1030 1029 142 141 1031 1030 141 125 1028 1031 126 127 1033 1032 127 143 1034 1033 143 142 1035 1034 142 126 1032 1035 127 112 1037 1036 112 128 1038 1037 128 143 1039 1038 143 127 1036 1039 128 129 1041 1040 129 145 1042 1041 145 144 1043 1042 144 128 1040 1043 129 130 1045 1044 130 146 1046 1045 146 145 1047 1046 145 129 1044 1047 130 131 1049 1048 131 147 1050 1049 147 146 1051 1050 146 130 1048 1051 131 132 1053 1052 132 148 1054 1053 148 147 1055 1054 147 131 1052 1055 132 133 1057 1056 133 149 1058 1057 149 148 1059 1058 148 132 1056 1059 133 134 1061 1060 134 150 1062 1061 150 149 1063 1062 149 133 1060 1063 134 135 1065 1064 135 151 1066 1065 151 150 1067 1066 150 134 1064 1067 135 136 1069 1068 136 152 1070 1069 152 151 1071 1070 151 135 1068 1071 136 137 1073 1072 137 153 1074 1073 153 152 1075 1074 152 136 1072 1075 137 138 1077 1076 138 154 1078 1077 154 153 1079 1078 153 137 1076 1079 138 139 1081 1080 139 155 1082 1081 155 154 1083 1082 154 138 1080 1083 139 140 1085 1084 140 156 1086 1085 156 155 1087 1086 155 139 1084 1087 140 141 1089 1088 141 157 1090 1089 157 156 1091 1090 156 140 1088 1091 141 142 1093 1092 142 158 1094 1093 158 157 1095 1094 157 141 1092 1095 142 143 1097 1096 143 159 1098 1097 159 158 1099 1098 158 142 1096 1099 143 128 1101 1100 128 144 1102 1101 144 159 1103 1102 159 143 1100 1103 144 145 1105 1104 145 161 1106 1105 161 160 1107 1106 160 144 1104 1107 145 146 1109 1108 146 162 1110 1109 162 161 1111 1110 161 145 1108 1111 146 147 1113 1112 147 163 1114 1113 163 162 1115 1114 162 146 1112 1115 147 148 1117 1116 148 164 1118 1117 164 163 1119 1118 163 147 1116 1119 148 149 1121 1120 149 165 1122 1121 165 164 1123 1122 164 148 1120 1123 149 150 1125 1124 150 166 1126 1125 166 165 1127 1126 165 149 1124 1127 150 151 1129 1128 151 167 1130 1129 167 166 1131 1130 166 150 1128 1131 151 152 1133 1132 152 168 1134 1133 168 167 1135 1134 167 151 1132 1135 152 153 1137 1136 153 169 1138 1137 169 168 1139 1138 168 152 1136 1139 153 154 1141 1140 154 170 1142 1141 170 169 1143 1142 169 153 1140 1143 154 155 1145 1144 155 171 1146 1145 171 170 1147 1146 170 154 1144 1147 155 156 1149 1148 156 172 1150 1149 172 171 1151 1150 171 155 1148 1151 156 157 1153 1152 157 173 1154 1153 173 172 1155 1154 172 156 1152 1155 157 158 1157 1156 158 174 1158 1157 174 173 1159 1158 173 157 1156 1159 158 159 1161 1160 159 175 1162 1161 175 174 1163 1162 174 158 1160 1163 159 144 1165 1164 144 160 1166 1165 160 175 1167 1166 175 159 1164 1167 160 161 1169 1168 161 177 1170 1169 177 176 1171 1170 176 160 1168 1171 161 162 1173 1172 162 178 1174 1173 178 177 1175 1174 177 161 1172 1175 162 163 1177 1176 163 179 1178 1177 179 178 1179 1178 178 162 1176 1179 163 164 1181 1180 164 180 1182 1181 180 179 1183 1182 179 163 1180 1183 164 165 1185 1184 165 181 1186 1185 181 180 1187 1186 180 164 1184 1187 165 166 1189 1188 166 182 1190 1189 182 181 1191 1190 181 165 1188 1191 166 167 1193 1192 167 183 1194 1193 183 182 1195 1194 182 166 1192 1195 167 168 1197 1196 168 184 1198 1197 184 183 1199 1198 183 167 1196 1199 168 169 1201 1200 169 185 1202 1201 185 184 1203 1202 184 168 1200 1203 169 170 1205 1204 170 186 1206 1205 186 185 1207 1206 185 169 1204 1207 170 171 1209 1208 171 187 1210 1209 187 186 1211 1210 186 170 1208 1211 171 172 1213 1212 172 188 1214 1213 188 187 1215 1214 187 171 1212 1215 172 173 1217 1216 173 189 1218 1217 189 188 1219 1218 188 172 1216 1219 173 174 1221 1220 174 190 1222 1221 190 189 1223 1222 189 173 1220 1223 174 175 1225 1224 175 191 1226 1225 191 190 1227 1226 190 174 1224 1227 175 160 1229 1228 160 176 1230 1229 176 191 1231 1230 191 175 1228 1231 176 177 1233 1232 177 193 1234 1233 193 192 1235 1234 192 176 1232 1235 177 178 1237 1236 178 194 1238 1237 194 193 1239 1238 193 177 1236 1239 178 179 1241 1240 179 195 1242 1241 195 194 1243 1242 194 178 1240 1243 179 180 1245 1244 180 196 1246 1245 196 195 1247 1246 195 179 1244 1247 180 181 1249 1248 181 197 1250 1249 197 196 1251 1250 196 180 1248 1251 181 182 1253 1252 182 198 1254 1253 198 197 1255 1254 197 181 1252 1255 182 183 1257 1256 183 199 1258 1257 199 198 1259 1258 198 182 1256 1259 183 184 1261 1260 184 200 1262 1261 200 199 1263 1262 199 183 1260 1263 184 185 1265 1264 185 201 1266 1265 201 200 1267 1266 200 184 1264 1267 185 186 1269 1268 186 202 1270 1269 202 201 1271 1270 201 185 1268 1271 186 187 1273 1272 187 203 1274 1273 203 202 1275 1274 202 186 1272 1275 187 188 1277 1276 188 204 1278 1277 204 203 1279 1278 203 187 1276 1279 188 189 1281 1280 189 205 1282 1281 205 204 1283 1282 204 188 1280 1283 189 190 1285 1284 190 206 1286 1285 206 205 1287 1286 205 189 1284 1287 190 191 1289 1288 191 207 1290 1289 207 206 1291 1290 206 190 1288 1291 191 176 1293 1292 176 192 1294 1293 192 207 1295 1294 207 191 1292 1295 192 193 1297 1296 193 209 1298 1297 209 208 1299 1298 208 192 1296 1299 193 194 1301 1300 194 210 1302 1301 210 209 1303 1302 209 193 1300 1303 194 195 1305 1304 195 211 1306 1305 211 210 1307 1306 210 194 1304 1307 195 196 1309 1308 196 212 1310 1309 212 211 1311 1310 211 195 1308 1311 196 197 1313 1312 197 213 1314 1313 213 212 1315 1314 212 196 1312 1315 197 198 1317 1316 198 214 1318 1317 214 213 1319 1318 213 197 1316 1319 198 199 1321 1320 199 215 1322 1321 215 214 1323 1322 214 198 1320 1323 199 200 1325 1324 200 216 1326 1325 216 215 1327 1326 215 199 1324 1327 200 201 1329 1328 201 217 1330 1329 217 216 1331 1330 216 200 1328 1331 201 202 1333 1332 202 218 1334 1333 218 217 1335 1334 217 201 1332 1335 202 203 1337 1336 203 219 1338 1337 219 218 1339 1338 218 202 1336 1339 203 204 1341 1340 204 220 1342 1341 220 219 1343 1342 219 203 1340 1343 204 205 1345 1344 205 221 1346 1345 221 220 1347 1346 220 204 1344 1347 205 206 1349 1348 206 222 1350 1349 222 221 1351 1350 221 205 1348 1351 206 207 1353 1352 207 223 1354 1353 223 222 1355 1354 222 206 1352 1355 207 192 1357 1356 192 208 1358 1357 208 223 1359 1358 223 207 1356 1359 208 209 1361 1360 209 225 1362 1361 225 224 1363 1362 224 208 1360 1363 209 210 1365 1364 210 226 1366 1365 226 225 1367 1366 225 209 1364 1367 210 211 1369 1368 211 227 1370 1369 227 226 1371 1370 226 210 1368 1371 211 212 1373 1372 212 228 1374 1373 228 227 1375 1374 227 211 1372 1375 212 213 1377 1376 213 229 1378 1377 229 228 1379 1378 228 212 1376 1379 213 214 1381 1380 214 230 1382 1381 230 229 1383 1382 229 213 1380 1383 214 215 1385 1384 215 231 1386 1385 231 230 1387 1386 230 214 1384 1387 215 216 1389 1388 216 232 1390 1389 232 231 1391 1390 231 215 1388 1391 216 217 1393 1392 217 233 1394 1393 233 232 1395 1394 232 216 1392 1395 217 218 1397 1396 218 234 1398 1397 234 233 1399 1398 233 217 1396 1399 218 219 1401 1400 219 235 1402 1401 235 234 1403 1402 234 218 1400 1403 219 220 1405 1404 220 236 1406 1405 236 235 1407 1406 235 219 1404 1407 220 221 1409 1408 221 237 1410 1409 237 236 1411 1410 236 220 1408 1411 221 222 1413 1412 222 238 1414 1413 238 237 1415 1414 237 221 1412 1415 222 223 1417 1416 223 239 1418 1417 239 238 1419 1418 238 222 1416 1419 223 208 1421 1420 208 224 1422 1421 224 239 1423 1422 239 223 1420 1423 224 225 1425 1424 225 241 1426 1425 241 240 1427 1426 240 224 1424 1427 225 226 1429 1428 226 242 1430 1429 242 241 1431 1430 241 225 1428 1431 226 227 1433 1432 227 243 1434 1433 243 242 1435 1434 242 226 1432 1435 227 228 1437 1436 228 244 1438 1437 244 243 1439 1438 243 227 1436 1439 228 229 1441 1440 229 245 1442 1441 245 244 1443 1442 244 228 1440 1443 229 230 1445 1444 230 246 1446 1445 246 245 1447 1446 245 229 1444 1447 230 231 1449 1448 231 247 1450 1449 247 246 1451 1450 246 230 1448 1451 231 232 1453 1452 232 248 1454 1453 248 247 1455 1454 247 231 1452 1455 232 233 1457 1456 233 249 1458 1457 249 248 1459 1458 248 232 1456 1459 233 234 1461 1460 234 250 1462 1461 250 249 1463 1462 249 233 1460 1463 234 235 1465 1464 235 251 1466 1465 251 250 1467 1466 250 234 1464 1467 235 236 1469 1468 236 252 1470 1469 252 251 1471 1470 251 235 1468 1471 236 237 1473 1472 237 253 1474 1473 253 252 1475 1474 252 236 1472 1475 237 238 1477 1476 238 254 1478 1477 254 253 1479 1478 253 237 1476 1479 238 239 1481 1480 239 255 1482 1481 255 254 1483 1482 254 238 1480 1483 239 224 1485 1484 224 240 1486 1485 240 255 1487 1486 255 239 1484 1487 240 241 1489 1488 241 257 1490 1489 257 256 1491 1490 256 240 1488 1491 241 242 1493 1492 242 258 1494 1493 258 257 1495 1494 257 241 1492 1495 242 243 1497 1496 243 259 1498 1497 259 258 1499 1498 258 242 1496 1499 243 244 1501 1500 244 260 1502 1501 260 259 1503 1502 259 243 1500 1503 244 245 1505 1504 245 261 1506 1505 261 260 1507 1506 260 244 1504 1507 245 246 1509 1508 246 262 1510 1509 262 261 1511 1510 261 245 1508 1511 246 247 1513 1512 247 263 1514 1513 263 262 1515 1514 262 246 1512 1515 247 248 1517 1516 248 264 1518 1517 264 263 1519 1518 263 247 1516 1519 248 249 1521 1520 249 265 1522 1521 265 264 1523 1522 264 248 1520 1523 249 250 1525 1524 250 266 1526 1525 266 265 1527 1526 265 249 1524 1527 250 251 1529 1528 251 267 1530 1529 267 266 1531 1530 266 250 1528 1531 251 252 1533 1532 252 268 1534 1533 268 267 1535 1534 267 251 1532 1535 252 253 1537 1536 253 269 1538 1537 269 268 1539 1538 268 252 1536 1539 253 254 1541 1540 254 270 1542 1541 270 269 1543 1542 269 253 1540 1543 254 255 1545 1544 255 271 1546 1545 271 270 1547 1546 270 254 1544 1547 255 240 1549 1548 240 256 1550 1549 256 271 1551 1550 271 255 1548 1551 256 257 1553 1552 257 273 1554 1553 273 272 1555 1554 272 256 1552 1555 257 258 1557 1556 258 274 1558 1557 274 273 1559 1558 273 257 1556 1559 258 259 1561 1560 259 275 1562 1561 275 274 1563 1562 274 258 1560 1563 259 260 1565 1564 260 276 1566 1565 276 275 1567 1566 275 259 1564 1567 260 261 1569 1568 261 277 1570 1569 277 276 1571 1570 276 260 1568 1571 261 262 1573 1572 262 278 1574 1573 278 277 1575 1574 277 261 1572 1575 262 263 1577 1576 263 279 1578 1577 279 278 1579 1578 278 262 1576 1579 263 264 1581 1580 264 280 1582 1581 280 279 1583 1582 279 263 1580 1583 264 265 1585 1584 265 281 1586 1585 281 280 1587 1586 280 264 1584 1587 265 266 1589 1588 266 282 1590 1589 282 281 1591 1590 281 265 1588 1591 266 267 1593 1592 267 283 1594 1593 283 282 1595 1594 282 266 1592 1595 267 268 1597 1596 268 284 1598 1597 284 283 1599 1598 283 267 1596 1599 268 269 1601 1600 269 285 1602 1601 285 284 1603 1602 284 268 1600 1603 269 270 1605 1604 270 286 1606 1605 286 285 1607 1606 285 269 1604 1607 270 271 1609 1608 271 287 1610 1609 287 286 1611 1610 286 270 1608 1611 271 256 1613 1612 256 272 1614 1613 272 287 1615 1614 287 271 1612 1615 272 273 1617 1616 273 289 1618 1617 289 288 1619 1618 288 272 1616 1619 273 274 1621 1620 274 290 1622 1621 290 289 1623 1622 289 273 1620 1623 274 275 1625 1624 275 291 1626 1625 291 290 1627 1626 290 274 1624 1627 275 276 1629 1628 276 292 1630 1629 292 291 1631 1630 291 275 1628 1631 276 277 1633 1632 277 293 1634 1633 293 292 1635 1634 292 276 1632 1635 277 278 1637 1636 278 294 1638 1637 294 293 1639 1638 293 277 1636 1639 278 279 1641 1640 279 295 1642 1641 295 294 1643 1642 294 278 1640 1643 279 280 1645 1644 280 296 1646 1645 296 295 1647 1646 295 279 1644 1647 280 281 1649 1648 281 297 1650 1649 297 296 1651 1650 296 280 1648 1651 281 282 1653 1652 282 298 1654 1653 298 297 1655 1654 297 281 1652 1655 282 283 1657 1656 283 299 1658 1657 299 298 1659 1658 298 282 1656 1659 283 284 1661 1660 284 300 1662 1661 300 299 1663 1662 299 283 1660 1663 284 285 1665 1664 285 301 1666 1665 301 300 1667 1666 300 284 1664 1667 285 286 1669 1668 286 302 1670 1669 302 301 1671 1670 301 285 1668 1671 286 287 1673 1672 287 303 1674 1673 303 302 1675 1674 302 286 1672 1675 287 272 1677 1676 272 288 1678 1677 288 303 1679 1678 303 287 1676 1679 288 289 1681 1680 289 305 1682 1681 305 304 1683 1682 304 288 1680 1683 289 290 1685 1684 290 306 1686 1685 306 305 1687 1686 305 289 1684 1687 290 291 1689 1688 291 307 1690 1689 307 306 1691 1690 306 290 1688 1691 291 292 1693 1692 292 308 1694 1693 308 307 1695 1694 307 291 1692 1695 292 293 1697 1696 293 309 1698 1697 309 308 1699 1698 308 292 1696 1699 293 294 1701 1700 294 310 1702 1701 310 309 1703 1702 309 293 1700 1703 294 295 1705 1704 295 311 1706 1705 311 310 1707 1706 310 294 1704 1707 295 296 1709 1708 296 312 1710 1709 312 311 1711 1710 311 295 1708 1711 296 297 1713 1712 297 313 1714 1713 313 312 1715 1714 312 296 1712 1715 297 298 1717 1716 298 314 1718 1717 314 313 1719 1718 313 297 1716 1719 298 299 1721 1720 299 315 1722 1721 315 314 1723 1722 314 298 1720 1723 299 300 1725 1724 300 316 1726 1725 316 315 1727 1726 315 299 1724 1727 300 301 1729 1728 301 317 1730 1729 317 316 1731 1730 316 300 1728 1731 301 302 1733 1732 302 318 1734 1733 318 317 1735 1734 317 301 1732 1735 302 303 1737 1736 303 319 1738 1737 319 318 1739 1738 318 302 1736 1739 303 288 1741 1740 288 304 1742 1741 304 319 1743 1742 319 303 1740 1743 304 305 1745 1744 305 321 1746 1745 321 320 1747 1746 320 304 1744 1747 305 306 1749 1748 306 322 1750 1749 322 321 1751 1750 321 305 1748 1751 306 307 1753 1752 307 323 1754 1753 323 322 1755 1754 322 306 1752 1755 307 308 1757 1756 308 324 1758 1757 324 323 1759 1758 323 307 1756 1759 308 309 1761 1760 309 325 1762 1761 325 324 1763 1762 324 308 1760 1763 309 310 1765 1764 310 326 1766 1765 326 325 1767 1766 325 309 1764 1767 310 311 1769 1768 311 327 1770 1769 327 326 1771 1770 326 310 1768 1771 311 312 1773 1772 312 328 1774 1773 328 327 1775 1774 327 311 1772 1775 312 313 1777 1776 313 329 1778 1777 329 328 1779 1778 328 312 1776 1779 313 314 1781 1780 314 330 1782 1781 330 329 1783 1782 329 313 1780 1783 314 315 1785 1784 315 331 1786 1785 331 330 1787 1786 330 314 1784 1787 315 316 1789 1788 316 332 1790 1789 332 331 1791 1790 331 315 1788 1791 316 317 1793 1792 317 333 1794 1793 333 332 1795 1794 332 316 1792 1795 317 318 1797 1796 318 334 1798 1797 334 333 1799 1798 333 317 1796 1799 318 319 1801 1800 319 335 1802 1801 335 334 1803 1802 334 318 1800 1803 319 304 1805 1804 304 320 1806 1805 320 335 1807 1806 335 319 1804 1807 320 321 1809 1808 321 337 1810 1809 337 336 1811 1810 336 320 1808 1811 321 322 1813 1812 322 338 1814 1813 338 337 1815 1814 337 321 1812 1815 322 323 1817 1816 323 339 1818 1817 339 338 1819 1818 338 322 1816 1819 323 324 1821 1820 324 340 1822 1821 340 339 1823 1822 339 323 1820 1823 324 325 1825 1824 325 341 1826 1825 341 340 1827 1826 340 324 1824 1827 325 326 1829 1828 326 342 1830 1829 342 341 1831 1830 341 325 1828 1831 326 327 1833 1832 327 343 1834 1833 343 342 1835 1834 342 326 1832 1835 327 328 1837 1836 328 344 1838 1837 344 343 1839 1838 343 327 1836 1839 328 329 1841 1840 329 345 1842 1841 345 344 1843 1842 344 328 1840 1843 329 330 1845 1844 330 346 1846 1845 346 345 1847 1846 345 329 1844 1847 330 331 1849 1848 331 347 1850 1849 347 346 1851 1850 346 330 1848 1851 331 332 1853 1852 332 348 1854 1853 348 347 1855 1854 347 331 1852 1855 332 333 1857 1856 333 349 1858 1857 349 348 1859 1858 348 332 1856 1859 333 334 1861 1860 334 350 1862 1861 350 349 1863 1862 349 333 1860 1863 334 335 1865 1864 335 351 1866 1865 351 350 1867 1866 350 334 1864 1867 335 320 1869 1868 320 336 1870 1869 336 351 1871 1870 351 335 1868 1871 336 337 1873 1872 337 353 1874 1873 353 352 1875 1874 352 336 1872 1875 337 338 1877 1876 338 354 1878 1877 354 353 1879 1878 353 337 1876 1879 338 339 1881 1880 339 355 1882 1881 355 354 1883 1882 354 338 1880 1883 339 340 1885 1884 340 356 1886 1885 356 355 1887 1886 355 339 1884 1887 340 341 1889 1888 341 357 1890 1889 357 356 1891 1890 356 340 1888 1891 341 342 1893 1892 342 358 1894 1893 358 357 1895 1894 357 341 1892 1895 342 343 1897 1896 343 359 1898 1897 359 358 1899 1898 358 342 1896 1899 343 344 1901 1900 344 360 1902 1901 360 359 1903 1902 359 343 1900 1903 344 345 1905 1904 345 361 1906 1905 361 360 1907 1906 360 344 1904 1907 345 346 1909 1908 346 362 1910 1909 362 361 1911 1910 361 345 1908 1911 346 347 1913 1912 347 363 1914 1913 363 362 1915 1914 362 346 1912 1915 347 348 1917 1916 348 364 1918 1917 364 363 1919 1918 363 347 1916 1919 348 349 1921 1920 349 365 1922 1921 365 364 1923 1922 364 348 1920 1923 349 350 1925 1924 350 366 1926 1925 366 365 1927 1926 365 349 1924 1927 350 351 1929 1928 351 367 1930 1929 367 366 1931 1930 366 350 1928 1931 351 336 1933 1932 336 352 1934 1933 352 367 1935 1934 367 351 1932 1935 352 353 1937 1936 353 369 1938 1937 369 368 1939 1938 368 352 1936 1939 353 354 1941 1940 354 370 1942 1941 370 369 1943 1942 369 353 1940 1943 354 355 1945 1944 355 371 1946 1945 371 370 1947 1946 370 354 1944 1947 355 356 1949 1948 356 372 1950 1949 372 371 1951 1950 371 355 1948 1951 356 357 1953 1952 357 373 1954 1953 373 372 1955 1954 372 356 1952 1955 357 358 1957 1956 358 374 1958 1957 374 373 1959 1958 373 357 1956 1959 358 359 1961 1960 359 375 1962 1961 375 374 1963 1962 374 358 1960 1963 359 360 1965 1964 360 376 1966 1965 376 375 1967 1966 375 359 1964 1967 360 361 1969 1968 361 377 1970 1969 377 376 1971 1970 376 360 1968 1971 361 362 1973 1972 362 378 1974 1973 378 377 1975 1974 377 361 1972 1975 362 363 1977 1976 363 379 1978 1977 379 378 1979 1978 378 362 1976 1979 363 364 1981 1980 364 380 1982 1981 380 379 1983 1982 379 363 1980 1983 364 365 1985 1984 365 381 1986 1985 381 380 1987 1986 380 364 1984 1987 365 366 1989 1988 366 382 1990 1989 382 381 1991 1990 381 365 1988 1991 366 367 1993 1992 367 383 1994 1993 383 382 1995 1994 382 366 1992 1995 367 352 1997 1996 352 368 1998 1997 368 383 1999 1998 383 367 1996 1999 368 369 2001 2000 369 385 2002 2001 385 384 2003 2002 384 368 2000 2003 369 370 2005 2004 370 386 2006 2005 386 385 2007 2006 385 369 2004 2007 370 371 2009 2008 371 387 2010 2009 387 386 2011 2010 386 370 2008 2011 371 372 2013 2012 372 388 2014 2013 388 387 2015 2014 387 371 2012 2015 372 373 2017 2016 373 389 2018 2017 389 388 2019 2018 388 372 2016 2019 373 374 2021 2020 374 390 2022 2021 390 389 2023 2022 389 373 2020 2023 374 375 2025 2024 375 391 2026 2025 391 390 2027 2026 390 374 2024 2027 375 376 2029 2028 376 392 2030 2029 392 391 2031 2030 391 375 2028 2031 376 377 2033 2032 377 393 2034 2033 393 392 2035 2034 392 376 2032 2035 377 378 2037 2036 378 394 2038 2037 394 393 2039 2038 393 377 2036 2039 378 379 2041 2040 379 395 2042 2041 395 394 2043 2042 394 378 2040 2043 379 380 2045 2044 380 396 2046 2045 396 395 2047 2046 395 379 2044 2047 380 381 2049 2048 381 397 2050 2049 397 396 2051 2050 396 380 2048 2051 381 382 2053 2052 382 398 2054 2053 398 397 2055 2054 397 381 2052 2055 382 383 2057 2056 383 399 2058 2057 399 398 2059 2058 398 382 2056 2059 383 368 2061 2060 368 384 2062 2061 384 399 2063 2062 399 383 2060 2063 384 385 2065 2064 385 401 2066 2065 401 400 2067 2066 400 384 2064 2067 385 386 2069 2068 386 402 2070 2069 402 401 2071 2070 401 385 2068 2071 386 387 2073 2072 387 403 2074 2073 403 402 2075 2074 402 386 2072 2075 387 388 2077 2076 388 404 2078 2077 404 403 2079 2078 403 387 2076 2079 388 389 2081 2080 389 405 2082 2081 405 404 2083 2082 404 388 2080 2083 389 390 2085 2084 390 406 2086 2085 406 405 2087 2086 405 389 2084 2087 390 391 2089 2088 391 407 2090 2089 407 406 2091 2090 406 390 2088 2091 391 392 2093 2092 392 408 2094 2093 408 407 2095 2094 407 391 2092 2095 392 393 2097 2096 393 409 2098 2097 409 408 2099 2098 408 392 2096 2099 393 394 2101 2100 394 410 2102 2101 410 409 2103 2102 409 393 2100 2103 394 395 2105 2104 395 411 2106 2105 411 410 2107 2106 410 394 2104 2107 395 396 2109 2108 396 412 2110 2109 412 411 2111 2110 411 395 2108 2111 396 397 2113 2112 397 413 2114 2113 413 412 2115 2114 412 396 2112 2115 397 398 2117 2116 398 414 2118 2117 414 413 2119 2118 413 397 2116 2119 398 399 2121 2120 399 415 2122 2121 415 414 2123 2122 414 398 2120 2123 399 384 2125 2124 384 400 2126 2125 400 415 2127 2126 415 399 2124 2127 400 401 2129 2128 401 417 2130 2129 417 416 2131 2130 416 400 2128 2131 401 402 2133 2132 402 418 2134 2133 418 417 2135 2134 417 401 2132 2135 402 403 2137 2136 403 419 2138 2137 419 418 2139 2138 418 402 2136 2139 403 404 2141 2140 404 420 2142 2141 420 419 2143 2142 419 403 2140 2143 404 405 2145 2144 405 421 2146 2145 421 420 2147 2146 420 404 2144 2147 405 406 2149 2148 406 422 2150 2149 422 421 2151 2150 421 405 2148 2151 406 407 2153 2152 407 423 2154 2153 423 422 2155 2154 422 406 2152 2155 407 408 2157 2156 408 424 2158 2157 424 423 2159 2158 423 407 2156 2159 408 409 2161 2160 409 425 2162 2161 425 424 2163 2162 424 408 2160 2163 409 410 2165 2164 410 426 2166 2165 426 425 2167 2166 425 409 2164 2167 410 411 2169 2168 411 427 2170 2169 427 426 2171 2170 426 410 2168 2171 411 412 2173 2172 412 428 2174 2173 428 427 2175 2174 427 411 2172 2175 412 413 2177 2176 413 429 2178 2177 429 428 2179 2178 428 412 2176 2179 413 414 2181 2180 414 430 2182 2181 430 429 2183 2182 429 413 2180 2183 414 415 2185 2184 415 431 2186 2185 431 430 2187 2186 430 414 2184 2187 415 400 2189 2188 400 416 2190 2189 416 431 2191 2190 431 415 2188 2191 416 417 2193 2192 417 433 2194 2193 433 432 2195 2194 432 416 2192 2195 417 418 2197 2196 418 434 2198 2197 434 433 2199 2198 433 417 2196 2199 418 419 2201 2200 419 435 2202 2201 435 434 2203 2202 434 418 2200 2203 419 420 2205 2204 420 436 2206 2205 436 435 2207 2206 435 419 2204 2207 420 421 2209 2208 421 437 2210 2209 437 436 2211 2210 436 420 2208 2211 421 422 2213 2212 422 438 2214 2213 438 437 2215 2214 437 421 2212 2215 422 423 2217 2216 423 439 2218 2217 439 438 2219 2218 438 422 2216 2219 423 424 2221 2220 424 440 2222 2221 440 439 2223 2222 439 423 2220 2223 424 425 2225 2224 425 441 2226 2225 441 440 2227 2226 440 424 2224 2227 425 426 2229 2228 426 442 2230 2229 442 441 2231 2230 441 425 2228 2231 426 427 2233 2232 427 443 2234 2233 443 442 2235 2234 442 426 2232 2235 427 428 2237 2236 428 444 2238 2237 444 443 2239 2238 443 427 2236 2239 428 429 2241 2240 429 445 2242 2241 445 444 2243 2242 444 428 2240 2243 429 430 2245 2244 430 446 2246 2245 446 445 2247 2246 445 429 2244 2247 430 431 2249 2248 431 447 2250 2249 447 446 2251 2250 446 430 2248 2251 431 416 2253 2252 416 432 2254 2253 432 447 2255 2254 447 431 2252 2255 432 433 2257 2256 433 449 2258 2257 449 448 2259 2258 448 432 2256 2259 433 434 2261 2260 434 450 2262 2261 450 449 2263 2262 449 433 2260 2263 434 435 2265 2264 435 451 2266 2265 451 450 2267 2266 450 434 2264 2267 435 436 2269 2268 436 452 2270 2269 452 451 2271 2270 451 435 2268 2271 436 437 2273 2272 437 453 2274 2273 453 452 2275 2274 452 436 2272 2275 437 438 2277 2276 438 454 2278 2277 454 453 2279 2278 453 437 2276 2279 438 439 2281 2280 439 455 2282 2281 455 454 2283 2282 454 438 2280 2283 439 440 2285 2284 440 456 2286 2285 456 455 2287 2286 455 439 2284 2287 440 441 2289 2288 441 457 2290 2289 457 456 2291 2290 456 440 2288 2291 441 442 2293 2292 442 458 2294 2293 458 457 2295 2294 457 441 2292 2295 442 443 2297 2296 443 459 2298 2297 459 458 2299 2298 458 442 2296 2299 443 444 2301 2300 444 460 2302 2301 460 459 2303 2302 459 443 2300 2303 444 445 2305 2304 445 461 2306 2305 461 460 2307 2306 460 444 2304 2307 445 446 2309 2308 446 462 2310 2309 462 461 2311 2310 461 445 2308 2311 446 447 2313 2312 447 463 2314 2313 463 462 2315 2314 462 446 2312 2315 447 432 2317 2316 432 448 2318 2317 448 463 2319 2318 463 447 2316 2319 448 449 2321 2320 449 465 2322 2321 465 464 2323 2322 464 448 2320 2323 449 450 2325 2324 450 466 2326 2325 466 465 2327 2326 465 449 2324 2327 450 451 2329 2328 451 467 2330 2329 467 466 2331 2330 466 450 2328 2331 451 452 2333 2332 452 468 2334 2333 468 467 2335 2334 467 451 2332 2335 452 453 2337 2336 453 469 2338 2337 469 468 2339 2338 468 452 2336 2339 453 454 2341 2340 454 470 2342 2341 470 469 2343 2342 469 453 2340 2343 454 455 2345 2344 455 471 2346 2345 471 470 2347 2346 470 454 2344 2347 455 456 2349 2348 456 472 2350 2349 472 471 2351 2350 471 455 2348 2351 456 457 2353 2352 457 473 2354 2353 473 472 2355 2354 472 456 2352 2355 457 458 2357 2356 458 474 2358 2357 474 473 2359 2358 473 457 2356 2359 458 459 2361 2360 459 475 2362 2361 475 474 2363 2362 474 458 2360 2363 459 460 2365 2364 460 476 2366 2365 476 475 2367 2366 475 459 2364 2367 460 461 2369 2368 461 477 2370 2369 477 476 2371 2370 476 460 2368 2371 461 462 2373 2372 462 478 2374 2373 478 477 2375 2374 477 461 2372 2375 462 463 2377 2376 463 479 2378 2377 479 478 2379 2378 478 462 2376 2379 463 448 2381 2380 448 464 2382 2381 464 479 2383 2382 479 463 2380 2383 464 465 2385 2384 465 481 2386 2385 481 480 2387 2386 480 464 2384 2387 465 466 2389 2388 466 482 2390 2389 482 481 2391 2390 481 465 2388 2391 466 467 2393 2392 467 483 2394 2393 483 482 2395 2394 482 466 2392 2395 467 468 2397 2396 468 484 2398 2397 484 483 2399 2398 483 467 2396 2399 468 469 2401 2400 469 485 2402 2401 485 484 2403 2402 484 468 2400 2403 469 470 2405 2404 470 486 2406 2405 486 485 2407 2406 485 469 2404 2407 470 471 2409 2408 471 487 2410 2409 487 486 2411 2410 486 470 2408 2411 471 472 2413 2412 472 488 2414 2413 488 487 2415 2414 487 471 2412 2415 472 473 2417 2416 473 489 2418 2417 489 488 2419 2418 488 472 2416 2419 473 474 2421 2420 474 490 2422 2421 490 489 2423 2422 489 473 2420 2423 474 475 2425 2424 475 491 2426 2425 491 490 2427 2426 490 474 2424 2427 475 476 2429 2428 476 492 2430 2429 492 491 2431 2430 491 475 2428 2431 476 477 2433 2432 477 493 2434 2433 493 492 2435 2434 492 476 2432 2435 477 478 2437 2436 478 494 2438 2437 494 493 2439 2438 493 477 2436 2439 478 479 2441 2440 479 495 2442 2441 495 494 2443 2442 494 478 2440 2443 479 464 2445 2444 464 480 2446 2445 480 495 2447 2446 495 479 2444 2447 480 481 2449 2448 481 497 2450 2449 497 496 2451 2450 496 480 2448 2451 481 482 2453 2452 482 498 2454 2453 498 497 2455 2454 497 481 2452 2455 482 483 2457 2456 483 499 2458 2457 499 498 2459 2458 498 482 2456 2459 483 484 2461 2460 484 500 2462 2461 500 499 2463 2462 499 483 2460 2463 484 485 2465 2464 485 501 2466 2465 501 500 2467 2466 500 484 2464 2467 485 486 2469 2468 486 502 2470 2469 502 501 2471 2470 501 485 2468 2471 486 487 2473 2472 487 503 2474 2473 503 502 2475 2474 502 486 2472 2475 487 488 2477 2476 488 504 2478 2477 504 503 2479 2478 503 487 2476 2479 488 489 2481 2480 489 505 2482 2481 505 504 2483 2482 504 488 2480 2483 489 490 2485 2484 490 506 2486 2485 506 505 2487 2486 505 489 2484 2487 490 491 2489 2488 491 507 2490 2489 507 506 2491 2490 506 490 2488 2491 491 492 2493 2492 492 508 2494 2493 508 507 2495 2494 507 491 2492 2495 492 493 2497 2496 493 509 2498 2497 509 508 2499 2498 508 492 2496 2499 493 494 2501 2500 494 510 2502 2501 510 509 2503 2502 509 493 2500 2503 494 495 2505 2504 495 511 2506 2505 511 510 2507 2506 510 494 2504 2507 495 480 2509 2508 480 496 2510 2509 496 511 2511 2510 511 495 2508 2511 496 497 2513 2512 497 513 2514 2513 513 512 2515 2514 512 496 2512 2515 497 498 2517 2516 498 514 2518 2517 514 513 2519 2518 513 497 2516 2519 498 499 2521 2520 499 515 2522 2521 515 514 2523 2522 514 498 2520 2523 499 500 2525 2524 500 516 2526 2525 516 515 2527 2526 515 499 2524 2527 500 501 2529 2528 501 517 2530 2529 517 516 2531 2530 516 500 2528 2531 501 502 2533 2532 502 518 2534 2533 518 517 2535 2534 517 501 2532 2535 502 503 2537 2536 503 519 2538 2537 519 518 2539 2538 518 502 2536 2539 503 504 2541 2540 504 520 2542 2541 520 519 2543 2542 519 503 2540 2543 504 505 2545 2544 505 521 2546 2545 521 520 2547 2546 520 504 2544 2547 505 506 2549 2548 506 522 2550 2549 522 521 2551 2550 521 505 2548 2551 506 507 2553 2552 507 523 2554 2553 523 522 2555 2554 522 506 2552 2555 507 508 2557 2556 508 524 2558 2557 524 523 2559 2558 523 507 2556 2559 508 509 2561 2560 509 525 2562 2561 525 524 2563 2562 524 508 2560 2563 509 510 2565 2564 510 526 2566 2565 526 525 2567 2566 525 509 2564 2567 510 511 2569 2568 511 527 2570 2569 527 526 2571 2570 526 510 2568 2571 511 496 2573 2572 496 512 2574 2573 512 527 2575 2574 527 511 2572 2575 1 0 2577 2576 0 15 2578 2577 15 14 2579 2578 14 13 2580 2579 13 12 2581 2580 12 11 2582 2581 11 10 2583 2582 10 9 2584 2583 9 8 2585 2584 8 7 2586 2585 7 6 2587 2586 6 5 2588 2587 5 4 2589 2588 4 3 2590 2589 3 2 2591 2590 2 1 2576 2591 512 513 2593 2592 513 514 2594 2593 514 515 2595 2594 515 516 2596 2595 516 517 2597 2596 517 518 2598 2597 518 519 2599 2598 519 520 2600 2599 520 521 2601 2600 521 522 2602 2601 522 523 2603 2602 523 524 2604 2603 524 525 2605 2604 525 526 2606 2605 526 527 2607 2606 527 512 2592 2607 
</DataArray>
<DataArray type="Int32" Name="offsets" format="ascii">
4 8 12 16 20 24 28 32 36 40 44 48 52 56 60 64 68 72 76 80 84 88 92 96 100 104 108 112 116 120 124 128 132 136 140 144 148 152 156 160 164 168 172 176 180 184 188 192 196 200 204 208 212 216 220 224 228 232 236 240 244 248 252 256 260 264 268 272 276 280 284 288 292 296 300 304 308 312 316 320 324 328 332 336 340 344 348 352 356 360 364 368 372 376 380 384 388 392 396 400 404 408 412 416 420 424 428 432 436 440 444 448 452 456 460 464 468 472 476 480 484 488 492 496 500 504 508 512 516 520 524 528 532 536 540 544 548 552 556 560 564 568 572 576 580 584 588 592 596 600 604 608 612 616 620 624 628 632 636 640 644 648 652 656 660 664 668 672 676 680 684 688 692 696 700 704 708 712 716 720 724 728 732 736 740 744 748 752 756 760 764 768 772 776 780 784 788 792 796 800 804 808 812 816 820 824 828 832 836 840 844 848 852 856 860 864 868 872 876 880 884 888 892 896 900 904 908 912 916 920 924 928 932 936 940 944 948 952 956 960 964 968 972 976 980 984 988 992 996 1000 1004 1008 1012 1016 1020 1024 1028 1032 1036 1040 1044 1048 1052 1056 1060 1064 1068 1072 1076 1080 1084 1088 1092 1096 1100 1104 1108 1112 1116 1120 1124 1128 1132 1136 1140 1144 1148 1152 1156 1160 1164 1168 1172 1176 1180 1184 1188 1192 1196 1200 1204 1208 1212 1216 1220 1224 1228 1232 1236 1240 1244 1248 1252 1256 1260 1264 1268 1272 1276 1280 1284 1288 1292 1296 1300 1304 1308 1312 1316 1320 1324 1328 1332 1336 1340 1344 1348 1352 1356 1360 1364 1368 1372 1376 1380 1384 1388 1392 1396 1400 1404 1408 1412 1416 1420 1424 1428 1432 1436 1440 1444 1448 1452 1456 1460 1464 1468 1472 1476 1480 1484 1488 1492 1496 1500 1504 1508 1512 1516 1520 1524 1528 1532 1536 1540 1544 1548 1552 1556 1560 1564 1568 1572 1576 1580 1584 1588 1592 1596 1600 1604 1608 1612 1616 1620 1624 1628 1632 1636 1640 1644 1648 1652 1656 1660 1664 1668 1672 1676 1680 1684 1688 1692 1696 1700 1704 1708 1712 1716 1720 1724 1728 1732 1736 1740 1744 1748 1752 1756 1760 1764 1768 1772 1776 1780 1784 1788 1792 1796 1800 1804 1808 1812 1816 1820 1824 1828 1832 1836 1840 1844 1848 1852 1856 1860 1864 1868 1872 1876 1880 1884 1888 1892 1896 1900 1904 1908 1912 1916 1920 1924 1928 1932 1936 1940 1944 1948 1952 1956 1960 1964 1968 1972 1976 1980 1984 1988 1992 1996 2000 2004 2008 2012 2016 2020 2024 2028 2032 2036 2040 2044 2048 2052 2056 2060 2064 2068 2072 2076 2080 2084 2088 2092 2096 2100 2104 2108 2112 2116 2120 2124 2128 2132 2136 2140 2144 2148 2152 2156 2160 2164 2168 2172 2176 2180 2184 2188 2192 2196 2200 2204 2208 2212 2216 2220 2224 2228 2232 2236 2240 2244 2248 2252 2256 2260 2264 2268 2272 2276 2280 2284 2288 2292 2296 2300 2304 2308 2312 2316 2320 2324 2328 2332 2336 2340 2344 2348 2352 2356 2360 2364 2368 2372 2376 2380 2384 2388 2392 2396 2400 2404 2408 2412 2416 2420 2424 2428 2432 2436 2440 2444 2448 2452 2456 2460 2464 2468 2472 2476 2480 2484 2488 2492 2496 2500 2504 2508 2512 2516 2520 2524 2528 2532 2536 2540 2544 2548 2552 2556 2560 2564 2568 2572 2576 2580 2584 2588 2592 2596 2600 2604 2608 2612 2616 2620 2624 2628 2632 2636 2640 2644 2648 2652 2656 2660 2664 2668 2672 2676 2680 2684 2688 2692 2696 2700 2704 2708 2712 2716 2720 2724 2728 2732 2736 2740 2744 2748 2752 2756 2760 2764 2768 2772 2776 2780 2784 2788 2792 2796 2800 2804 2808 2812 2816 2820 2824 2828 2832 2836 2840 2844 2848 2852 2856 2860 2864 2868 2872 2876 2880 2884 2888 2892 2896 2900 2904 2908 2912 2916 2920 2924 2928 2932 2936 2940 2944 2948 2952 2956 2960 2964 2968 2972 2976 2980 2984 2988 2992 2996 3000 3004 3008 3012 3016 3020 3024 3028 3032 3036 3040 3044 3048 3052 3056 3060 3064 3068 3072 3076 3080 3084 3088 3092 3096 3100 3104 3108 3112 3116 3120 3124 3128 3132 3136 3140 3144 3148 3152 3156 3160 3164 3168 3172 3176 3180 3184 3188 3192 3196 3200 3204 3208 3212 3216 3220 3224 3228 3232 3236 3240 3244 3248 3252 3256 3260 3264 3268 3272 3276 3280 3284 3288 3292 3296 3300 3304 3308 3312 3316 3320 3324 3328 3332 3336 3340 3344 3348 3352 3356 3360 3364 3368 3372 3376 3380 3384 3388 3392 3396 3400 3404 3408 3412 3416 3420 3424 3428 3432 3436 3440 3444 3448 3452 3456 3460 3464 3468 3472 3476 3480 3484 3488 3492 3496 3500 3504 3508 3512 3516 3520 3524 3528 3532 3536 3540 3544 3548 3552 3556 3560 3564 3568 3572 3576 3580 3584 3588 3592 3596 3600 3604 3608 3612 3616 3620 3624 3628 3632 3636 3640 3644 3648 3652 3656 3660 3664 3668 3672 3676 3680 3684 3688 3692 3696 3700 3704 3708 3712 3716 3720 3724 3728 3732 3736 3740 3744 3748 3752 3756 3760 3764 3768 3772 3776 3780 3784 3788 3792 3796 3800 3804 3808 3812 3816 3820 3824 3828 3832 3836 3840 3844 3848 3852 3856 3860 3864 3868 3872 3876 3880 3884 3888 3892 3896 3900 3904 3908 3912 3916 3920 3924 3928 3932 3936 3940 3944 3948 3952 3956 3960 3964 3968 3972 3976 3980 3984 3988 3992 3996 4000 4004 4008 4012 4016 4020 4024 4028 4032 4036 4040 4044 4048 4052 4056 4060 4064 4068 4072 4076 4080 4084 4088 4092 4096 4100 4104 4108 4112 4116 4120 4124 4128 4132 4136 4140 4144 4148 4152 4156 4160 4164 4168 4172 4176 4180 4184 4188 4192 4196 4200 4204 4208 4212 4216 4220 4224 4228 4232 4236 4240 4244 4248 4252 4256 4260 4264 4268 4272 4276 4280 4284 4288 4292 4296 4300 4304 4308 4312 4316 4320 4324 4328 4332 4336 4340 4344 4348 4352 4356 4360 4364 4368 4372 4376 4380 4384 4388 4392 4396 4400 4404 4408 4412 4416 4420 4424 4428 4432 4436 4440 4444 4448 4452 4456 4460 4464 4468 4472 4476 4480 4484 4488 4492 4496 4500 4504 4508 4512 4516 4520 4524 4528 4532 4536 4540 4544 4548 4552 4556 4560 4564 4568 4572 4576 4580 4584 4588 4592 4596 4600 4604 4608 4612 4616 4620 4624 4628 4632 4636 4640 4644 4648 4652 4656 4660 4664 4668 4672 4676 4680 4684 4688 4692 4696 4700 4704 4708 4712 4716 4720 4724 4728 4732 4736 4740 4744 4748 4752 4756 4760 4764 4768 4772 4776 4780 4784 4788 4792 4796 4800 4804 4808 4812 4816 4820 4824 4828 4832 4836 4840 4844 4848 4852 4856 4860 4864 4868 4872 4876 4880 4884 4888 4892 4896 4900 4904 4908 4912 4916 4920 4924 4928 4932 4936 4940 4944 4948 4952 4956 4960 4964 4968 4972 4976 4980 4984 4988 4992 4996 5000 5004 5008 5012 5016 5020 5024 5028 5032 5036 5040 5044 5048 5052 5056 5060 5064 5068 5072 5076 5080 5084 5088 5092 5096 5100 5104 5108 5112 5116 5120 5124 5128 5132 5136 5140 5144 5148 5152 5156 5160 5164 5168 5172 5176 5180 5184 5188 5192 5196 5200 5204 5208 5212 5216 5220 5224 5228 5232 5236 5240 5244 5248 5252 5256 5260 5264 5268 5272 5276 5280 5284 5288 5292 5296 5300 5304 5308 5312 5316 5320 5324 5328 5332 5336 5340 5344 5348 5352 5356 5360 5364 5368 5372 5376 5380 5384 5388 5392 5396 5400 5404 5408 5412 5416 5420 5424 5428 5432 5436 5440 5444 5448 5452 5456 5460 5464 5468 5472 5476 5480 5484 5488 5492 5496 5500 5504 5508 5512 5516 5520 5524 5528 5532 5536 5540 5544 5548 5552 5556 5560 5564 5568 5572 5576 5580 5584 5588 5592 5596 5600 5604 5608 5612 5616 5620 5624 5628 5632 5636 5640 5644 5648 5652 5656 5660 5664 5668 5672 5676 5680 5684 5688 5692 5696 5700 5704 5708 5712 5716 5720 5724 5728 5732 5736 5740 5744 5748 5752 5756 5760 5764 5768 5772 5776 5780 5784 5788 5792 5796 5800 5804 5808 5812 5816 5820 5824 5828 5832 5836 5840 5844 5848 5852 5856 5860 5864 5868 5872 5876 5880 5884 5888 5892 5896 5900 5904 5908 5912 5916 5920 5924 5928 5932 5936 5940 5944 5948 5952 5956 5960 5964 5968 5972 5976 5980 5984 5988 5992 5996 6000 6004 6008 6012 6016 6020 6024 6028 6032 6036 6040 6044 6048 6052 6056 6060 6064 6068 6072 6076 6080 6084 6088 6092 6096 6100 6104 6108 6112 6116 6120 6124 6128 6132 6136 6140 6144 6148 6152 6156 6160 6164 6168 6172 6176 6180 6184 6188 6192 6196 6200 6204 6208 6212 6216 6220 6224 6228 6232 6236 6240 6244 6248 6252 6256 6260 6264 6268 6272 6276 6280 6284 6288 6292 6296 6300 6304 6308 6312 6316 6320 6324 6328 6332 6336 6340 6344 6348 6352 6356 6360 6364 6368 6372 6376 6380 6384 6388 6392 6396 6400 6404 6408 6412 6416 6420 6424 6428 6432 6436 6440 6444 6448 6452 6456 6460 6464 6468 6472 6476 6480 6484 6488 6492 6496 6500 6504 6508 6512 6516 6520 6524 6528 6532 6536 6540 6544 6548 6552 6556 6560 6564 6568 6572 6576 6580 6584 6588 6592 6596 6600 6604 6608 6612 6616 6620 6624 6628 6632 6636 6640 6644 6648 6652 6656 6660 6664 6668 6672 6676 6680 6684 6688 6692 6696 6700 6704 6708 6712 6716 6720 6724 6728 6732 6736 6740 6744 6748 6752 6756 6760 6764 6768 6772 6776 6780 6784 6788 6792 6796 6800 6804 6808 6812 6816 6820 6824 6828 6832 6836 6840 6844 6848 6852 6856 6860 6864 6868 6872 6876 6880 6884 6888 6892 6896 6900 6904 6908 6912 6916 6920 6924 6928 6932 6936 6940 6944 6948 6952 6956 6960 6964 6968 6972 6976 6980 6984 6988 6992 6996 7000 7004 7008 7012 7016 7020 7024 7028 7032 7036 7040 7044 7048 7052 7056 7060 7064 7068 7072 7076 7080 7084 7088 7092 7096 7100 7104 7108 7112 7116 7120 7124 7128 7132 7136 7140 7144 7148 7152 7156 7160 7164 7168 7172 7176 7180 7184 7188 7192 7196 7200 7204 7208 7212 7216 7220 7224 7228 7232 7236 7240 7244 7248 7252 7256 7260 7264 7268 7272 7276 7280 7284 7288 7292 7296 7300 7304 7308 7312 7316 7320 7324 7328 7332 7336 7340 7344 7348 7352 7356 7360 7364 7368 7372 7376 7380 7384 7388 7392 7396 7400 7404 7408 7412 7416 7420 7424 7428 7432 7436 7440 7444 7448 7452 7456 7460 7464 7468 7472 7476 7480 7484 7488 7492 7496 7500 7504 7508 7512 7516 7520 7524 7528 7532 7536 7540 7544 7548 7552 7556 7560 7564 7568 7572 7576 7580 7584 7588 7592 7596 7600 7604 7608 7612 7616 7620 7624 7628 7632 7636 7640 7644 7648 7652 7656 7660 7664 7668 7672 7676 7680 7684 7688 7692 7696 7700 7704 7708 7712 7716 7720 7724 7728 7732 7736 7740 7744 7748 7752 7756 7760 7764 7768 7772 7776 7780 7784 7788 7792 7796 7800 7804 7808 7812 7816 7820 7824 7828 7832 7836 7840 7844 7848 7852 7856 7860 7864 7868 7872 7876 7880 7884 7888 7892 7896 7900 7904 7908 7912 7916 7920 7924 7928 7932 7936 7940 7944 7948 7952 7956 7960 7964 7968 7972 7976 7980 7984 7988 7992 7996 8000 8004 8008 8012 8016 8020 8024 8028 8032 8036 8040 8044 8048 8052 8056 8060 8064 8068 8072 8076 8080 8084 8088 8092 8096 8100 8104 8108 8112 8116 8120 8124 8128 8132 8136 8140 8144 8148 8152 8156 8160 8164 8168 8172 8176 8180 8184 8188 8192 8196 8200 8204 8208 8212 8216 8220 8224 8228 8232 8236 8240 8244 8248 8252 8256 8260 8264 8268 8272 8276 8280 8284 8288 8292 8296 8300 8304 8308 8312 8316 8320 
</DataArray>
<DataArray type="UInt8" Name="types" format="ascii">
7 7 7 7 7 7 7 7 7 7 7 7 7 7 7 7 7 7 7 7 7 7 7 7 7 7 7 7 7 7 7 7 7 7 7 7 7 7 7 7 7 7 7 7 7 7 7 7 7 7 7 7 7 7 7 7 7 7 7 7 7 7 7 7 7 7 7 7 7 7 7 7 7 7 7 7 7 7 7 7 7 7 7 7 7 7 7 7 7 7 7 7 7 7 7 7 7 7 7 7 7 7 7 7 7 7 7 7 7 7 7 7 7 7 7 7 7 7 7 7 7 7 7 7 7 7 7 7 7 7 7 7 7 7 7 7 7 7 7 7 7 7 7 7 7 7 7 7 7 7 7 7 7 7 7 7 7 7 7 7 7 7 7 7 7 7 7 7 7 7 7 7 7 7 7 7 7 7 7 7 7 7 7 7 7 7 7 7 7 7 7 7 7 7 7 7 7 7 7 7 7 7 7 7 7 7 7 7 7 7 7 7 7 7 7 7 7 7 7 7 7 7 7 7 7 7 7 7 7 7 7 7 7 7 7 7 7 7 7 7 7 7 7 7 7 7 7 7 7 7 7 7 7 7 7 7 7 7 7 7 7 7 7 7 7 7 7 7 7 7 7 7 7 7 7 7 7 7 7 7 7 7 7 7 7 7 7 7 7 7 7 7 7 7 7 7 7 7 7 7 7 7 7 7 7 7 7 7 7 7 7 7 7 7 7 7 7 7 7 7 7 7 7 7 7 7 7 7 7 7 7 7 7 7 7 7 7 7 7 7 7 7 7 7 7 7 7 7 7 7 7 7 7 7 7 7 7 7 7 7 7 7 7 7 7 7 7 7 7 7 7 7 7 7 7 7 7 7 7 7 7 7 7 7 7 7 7 7 7 7 7 7 7 7 7 7 7 7 7 7 7 7 7 7 7 7 7 7 7 7 7 7 7 7 7 7 7 7 7 7 7 7 7 7 7 7 7 7 7 7 7 7 7 7 7 7 7 7 7 7 7 7 7 7 7 7 7 7 7 7 7 7 7 7 7 7 7 7 7 7 7 7 7 7 7 7 7 7 7 7 7 7 7 7 7 7 7 7 7 7 7 7 7 7 7 7 7 7 7 7 7 7 7 7 7 7 7 7 7 7 7 7 7 7 7 7 7 7 7 7 7 7 7 7 7 7 7 7 7 7 7 7 7 7 7 7 7 7 7 7 7 7 7 7 7 7 7 7 7 7 7 7 7 7 7 7 7 7 7 7 7 7 7 7 7 7 7 7 7 7 7 7 7 7 7 7 7 7 7 7 7 7 7 7 7 7 7 7 7 7 7 7 7 7 7 7 7 7 7 7 7 7 7 7 7 7 7 7 7 7 7 7 7 7 7 7 7 7 7 7 7 7 7 7 7 7 7 7 7 7 7 7 7 7 7 7 7 7 7 7 7 7 7 7 7 7 7 7 7 7 7 7 7 7 7 7 7 7 7 7 7 7 7 7 7 7 7 7 7 7 7 7 7 7 7 7 7 7 7 7 7 7 7 7 7 7 7 7 7 7 7 7 7 7 7 7 7 7 7 7 7 7 7 7 7 7 7 7 7 7 7 7 7 7 7 7 7 7 7 7 7 7 7 7 7 7 7 7 7 7 7 7 7 7 7 7 7 7 7 7 7 7 7 7 7 7 7 7 7 7 7 7 7 7 7 7 7 7 7 7 7 7 7 7 7 7 7 7 7 7 7 7 7 7 7 7 7 7 7 7 7 7 7 7 7 7 7 7 7 7 7 7 7 7 7 7 7 7 7 7 7 7 7 7 7 7 7 7 7 7 7 7 7 7 7 7 7 7 7 7 7 7 7 7 7 7 7 7 7 7 7 7 7 7 7 7 7 7 7 7 7 7 7 7 7 7 7 7 7 7 7 7 7 7 7 7 7 7 7 7 7 7 7 7 7 7 7 7 7 7 7 7 7 7 7 7 7 7 7 7 7 7 7 7 7 7 7 7 7 7 7 7 7 7 7 7 7 7 7 7 7 7 7 7 7 7 7 7 7 7 7 7 7 7 7 7 7 7 7 7 7 7 7 7 7 7 7 7 7 7 7 7 7 7 7 7 7 7 7 7 7 7 7 7 7 7 7 7 7 7 7 7 7 7 7 7 7 7 7 7 7 7 7 7 7 7 7 7 7 7 7 7 7 7 7 7 7 7 7 7 7 7 7 7 7 7 7 7 7 7 7 7 7 7 7 7 7 7 7 7 7 7 7 7 7 7 7 7 7 7 7 7 7 7 7 7 7 7 7 7 7 7 7 7 7 7 7 7 7 7 7 7 7 7 7 7 7 7 7 7 7 7 7 7 7 7 7 7 7 7 7 7 7 7 7 7 7 7 7 7 7 7 7 7 7 7 7 7 7 7 7 7 7 7 7 7 7 7 7 7 7 7 7 7 7 7 7 7 7 7 7 7 7 7 7 7 7 7 7 7 7 7 7 7 7 7 7 7 7 7 7 7 7 7 7 7 7 7 7 7 7 7 7 7 7 7 7 7 7 7 7 7 7 7 7 7 7 7 7 7 7 7 7 7 7 7 7 7 7 7 7 7 7 7 7 7 7 7 7 7 7 7 7 7 7 7 7 7 7 7 7 7 7 7 7 7 7 7 7 7 7 7 7 7 7 7 7 7 7 7 7 7 7 7 7 7 7 7 7 7 7 7 7 7 7 7 7 7 7 7 7 7 7 7 7 7 7 7 7 7 7 7 7 7 7 7 7 7 7 7 7 7 7 7 7 7 7 7 7 7 7 7 7 7 7 7 7 7 7 7 7 7 7 7 7 7 7 7 7 7 7 7 7 7 7 7 7 7 7 7 7 7 7 7 7 7 7 7 7 7 7 7 7 7 7 7 7 7 7 7 7 7 7 7 7 7 7 7 7 7 7 7 7 7 7 7 7 7 7 7 7 7 7 7 7 7 7 7 7 7 7 7 7 7 7 7 7 7 7 7 7 7 7 7 7 7 7 7 7 7 7 7 7 7 7 7 7 7 7 7 7 7 7 7 7 7 7 7 7 7 7 7 7 7 7 7 7 7 7 7 7 7 7 7 7 7 7 7 7 7 7 7 7 7 7 7 7 7 7 7 7 7 7 7 7 7 7 7 7 7 7 7 7 7 7 7 7 7 7 7 7 7 7 7 7 7 7 7 7 7 7 7 7 7 7 7 7 7 7 7 7 7 7 7 7 7 7 7 7 7 7 7 7 7 7 7 7 7 7 7 7 7 7 7 7 7 7 7 7 7 7 7 7 7 7 7 7 7 7 7 7 7 7 7 7 7 7 7 7 7 7 7 7 7 7 7 7 7 7 7 7 7 7 7 7 7 7 7 7 7 7 7 7 7 7 7 7 7 7 7 7 7 7 7 7 7 7 7 7 7 7 7 7 7 7 7 7 7 7 7 7 7 7 7 7 7 7 7 7 7 7 7 7 7 7 7 7 7 7 7 7 7 7 7 7 7 7 7 7 7 7 7 7 7 7 7 7 7 7 7 7 7 7 7 7 7 7 7 7 7 7 7 7 7 7 7 7 7 7 7 7 7 7 7 7 7 7 7 7 7 7 7 7 7 7 7 7 7 7 7 7 7 7 7 7 7 7 7 7 7 7 7 7 7 7 7 7 7 7 7 7 7 7 7 7 7 7 7 7 7 7 7 7 7 7 7 7 7 7 7 7 7 7 7 7 7 7 7 7 7 7 7 7 7 7 7 7 7 7 7 7 7 7 7 7 7 7 7 7 7 7 7 7 7 7 7 7 7 7 7 7 7 7 7 7 7 7 7 7 7 7 7 7 7 7 7 7 7 7 7 7 7 7 7 7 7 7 7 7 7 7 7 7 7 7 7 7 7 7 7 7 7 7 7 7 7 7 7 7 7 7 7 7 7 7 7 7 7 7 7 7 7 7 7 7 7 7 7 7 7 7 7 7 7 7 7 7 7 7 7 7 7 7 7 7 7 7 7 7 7 7 7 7 7 7 7 7 7 7 7 7 7 7 7 7 7 7 7 7 7 7 7 7 7 7 7 7 7 7 7 7 7 7 7 7 7 7 7 7 7 7 7 7 7 7 7 7 7 7 7 7 7 7 7 7 7 7 7 7 7 7 7 7 7 7 7 7 7 7 7 7 7 7 7 7 7 7 7 7 7 7 7 7 7 7 7 7 7 7 7 7 7 7 7 7 7 7 7 7 7 7 7 7 7 7 7 7 7 7 7 7 7 7 7 7 7 7 7 7 7 7 7 7 7 7 7 7 7 7 7 7 7 7 7 7 7 7 7 7 7 7 7 7 7 7 7 7 7 7 7 7 7 7 7 7 7 7 7 7 7 7 7 7 7 7 7 7 7 7 7 7 7 7 7 7 7 7 7 7 7 7 7 7 7 7 7 7 7 7 7 7 7 7 7 7 7 7 7 7 7 7 7 7 7 7 7 7 7 7 7 7 7 7 7 7 7 7 7 7 7 7 7 7 7 7 7 7 7 7 7 7 7 7 7 7 7 7 7 7 7 7 7 7 7 7 7 7 7 7 7 7 7 7 7 7 7 7 7 7 7 7 7 7 7 7 7 7 7 7 7 7 7 7 7 7 7 7 7 7 7 7 7 7 7 7 7 7 7 7 7 7 7 7 7 7 7 7 7 7 7 7 7 7 7 7 7 7 7 7 7 
</DataArray>
</Cells>
<CellData Scalars="wall variable 0">
<DataArray type="Float64" Name="wall length" format="ascii">
29.5757 25.8578 29.5757 25.8634 29.5757 25.7969 29.5757 25.8578 29.5757 25.7395 29.5757 25.7969 29.5757 25.7421 29.5757 25.7395 29.5757 25.7689 29.5757 25.7421 29.5757 25.8038 29.5757 25.7689 29.5757 25.8413 29.5757 25.8038 29.5757 25.8629 29.5757 25.8413 29.5757 25.8695 29.5757 25.8629 29.5757 25.825 29.5757 25.8695 29.5757 25.765 29.5757 25.825 29.5757 25.7435 29.5757 25.765 29.5757 25.7458 29.5757 25.7435 29.5757 25.7741 29.5757 25.7458 29.5757 25.8242 29.5757 25.7741 29.5757 25.8634 29.5757 25.8242 29.5757 29.0775 29.5757 29.142 28.9772 29.5757 29.0775 29.5757 28.9114 29.5757 28.9772 29.5757 28.9029 29.5757 28.9114 29.5757 28.9586 29.5757 28.9029 29.5757 29.0371 29.5757 28.9586 29.5757 29.0669 29.5757 29.0371 29.5757 29.0418 29.5757 29.0669 29.5757 29.0336 29.5757 29.0418 29.5757 29.0084 29.5757 29.0336 29.5757 28.9551 29.5757 29.0084 29.5757 28.9041 29.5757 28.9551 29.5757 28.9165 29.5757 28.9041 29.5757 29.0068 29.5757 28.9165 29.5757 29.1105 29.5757 29.0068 29.5757 29.5757 29.142 29.5757 29.1105 29.5757 29.5515 29.5757 29.6643 29.5757 29.3313 29.5757 29.5515 29.5757 29.1709 29.5757 29.3313 29.5757 29.1603 29.5757 29.1709 29.5757 29.2718 29.5757 29.1603 29.5757 29.4229 29.5757 29.2718 29.5757 29.4884 29.5757 29.4229 29.5757 29.432 29.5757 29.4884 29.5757 29.4597 29.5757 29.432 29.5757 29.3976 29.5757 29.4597 29.5757 29.2664 29.5757 29.3976 29.5757 29.1639 29.5757 29.2664 29.5757 29.1827 29.5757 29.1639 29.5757 29.36 29.5757 29.1827 29.5757 29.5761 29.5757 29.36 29.5757 29.6643 29.5757 29.5761 29.5757 28.5314 29.5757 28.2134 29.5757 29.4248 29.5757 28.5314 29.5757 30.6629 29.5757 29.4248 29.5757 32.0185 29.5757 30.6629 29.5757 33.2959 29.5757 32.0185 29.5757 34.3171 29.5757 33.2959 29.5757 34.9595 29.5757 34.3171 29.5757 35.1769 29.5757 34.9595 29.5757 34.958 29.5757 35.1769 29.5757 34.3141 29.5757 34.958 29.5757 33.2946 29.5757 34.3141 29.5757 32.0209 29.5757 33.2946 29.5757 30.6709 29.5757 32.0209 29.5757 29.4416 29.5757 30.6709 29.5757 28.553 29.5757 29.4416 29.5757 28.2134 29.5757 28.553 29.5757 28.3383 29.5757 28.0081 29.5757 29.2538 29.5757 28.3383 29.5757 30.5316 29.5757 29.2538 29.5757 31.9352 29.5757 30.5316 29.5757 33.263 29.5757 31.9352 29.5757 34.3254 29.5757 33.263 29.5757 34.9755 29.5757 34.3254 29.5757 35.1862 29.5757 34.9755 29.5757 34.9745 29.5757 35.1862 29.5757 34.3236 29.5757 34.9745 29.5757 33.2629 29.5757 34.3236 29.5757 31.9381 29.5757 33.2629 29.5757 30.5385 29.5757 31.9381 29.5757 29.2654 29.5757 30.5385 29.5757 28.3498 29.5757 29.2654 29.5757 28.0081 29.5757 28.3498 29.5757 28.2131 29.5757 27.8893 29.5757 29.1179 29.5757 28.2131 29.5757 30.4089 29.5757 29.1179 29.5757 31.8513 29.5757 30.4089 29.5757 33.226 29.5757 31.8513 29.5757 34.3246 29.5757 33.226 29.5757 34.9861 29.5757 34.3246 29.5757 35.1948 29.5757 34.9861 29.5757 34.9854 29.5757 35.1948 29.5757 34.3235 29.5757 34.9854 29.5757 33.2265 29.5757 34.3235 29.5757 31.8541 29.5757 33.2265 29.5757 30.4144 29.5757 31.8541 29.5757 29.1258 29.5757 30.4144 29.5757 28.2197 29.5757 29.1258 29.5757 27.8893 29.5757 28.2197 29.5757 28.1115 29.5757 27.7919 29.5757 29.0093 29.5757 28.1115 29.5757 30.3078 29.5757 29.0093 29.5757 31.7789 29.5757 30.3078 29.5757 33.1917 29.5757 31.7789 29.5757 34.321 29.5757 33.1917 29.5757 34.994 29.5757 34.321 29.5757 35.2025 29.5757 34.994 29.5757 34.9935 29.5757 35.2025 29.5757 34.3204 29.5757 34.9935 29.5757 33.1925 29.5757 34.3204 29.5757 31.782 29.5757 33.1925 29.5757 30.3131 29.5757 31.782 29.5757 29.0149 29.5757 30.3131 29.5757 28.1156 29.5757 29.0149 29.5757 27.7919 29.5757 28.1156 29.5757 28.0251 29.5757 27.7079 29.5757 28.9195 29.5757 28.0251 29.5757 30.2257 29.5757 28.9195 29.5757 31.7188 29.5757 30.2257 29.5757 33.1618 29.5757 31.7188 29.5757 34.3167 29.5757 33.1618 29.5757 35.0001 29.5757 34.3167 29.5757 35.2092 29.5757 35.0001 29.5757 34.9998 29.5757 35.2092 29.5757 34.3163 29.5757 34.9998 29.5757 33.1626 29.5757 34.3163 29.5757 31.721 29.5757 33.1626 29.5757 30.2291 29.5757 31.721 29.5757 28.9236 29.5757 30.2291 29.5757 28.0278 29.5757 28.9236 29.5757 27.7079 29.5757 28.0278 29.5757 27.9518 29.5757 27.6355 29.5757 28.8442 29.5757 27.9518 29.5757 30.1569 29.5757 28.8442 29.5757 31.6674 29.5757 30.1569 29.5757 33.1347 29.5757 31.6674 29.5757 34.312 29.5757 33.1347 29.5757 35.005 29.5757 34.312 29.5757 35.2149 29.5757 35.005 29.5757 35.0048 29.5757 35.2149 29.5757 34.3118 29.5757 35.0048 29.5757 33.1356 29.5757 34.3118 29.5757 31.6695 29.5757 33.1356 29.5757 30.1597 29.5757 31.6695 29.5757 28.8471 29.5757 30.1597 29.5757 27.9535 29.5757 28.8471 29.5757 27.6355 29.5757 27.9535 29.5757 27.8913 29.5757 27.5742 29.5757 28.7819 29.5757 27.8913 29.5757 30.0976 29.5757 28.7819 29.5757 31.624 29.5757 30.0976 29.5757 33.1115 29.5757 31.624 29.5757 34.3077 29.5757 33.1115 29.5757 35.0091 29.5757 34.3077 29.5757 35.2195 29.5757 35.0091 29.5757 35.0089 29.5757 35.2195 29.5757 34.3077 29.5757 35.0089 29.5757 33.1122 29.5757 34.3077 29.5757 31.6254 29.5757 33.1122 29.5757 30.0996 29.5757 31.6254 29.5757 28.7839 29.5757 30.0996 29.5757 27.8922 29.5757 28.7839 29.5757 27.5742 29.5757 27.8922 29.5757 27.8438 29.5757 27.5257 29.5757 28.7412 29.5757 27.8438 29.5757 30.0657 29.5757 28.7412 29.5757 31.6007 29.5757 30.0657 29.5757 33.1001 29.5757 31.6007 29.5757 34.3065 29.5757 33.1001 29.5757 35.0124 29.5757 34.3065 29.5757 35.2233 29.5757 35.0124 29.5757 35.0122 29.5757 35.2233 29.5757 34.3065 29.5757 35.0122 29.5757 33.1006 29.5757 34.3065 29.5757 31.6018 29.5757 33.1006 29.5757 30.0672 29.5757 31.6018 29.5757 28.7425 29.5757 30.0672 29.5757 27.8441 29.5757 28.7425 29.5757 27.5257 29.5757 27.8441 29.5757 27.808 29.5757 27.4887 29.5757 28.7091 29.5757 27.808 29.5757 30.0391 29.5757 28.7091 29.5757 31.5815 29.5757 30.0391 29.5757 33.0907 29.5757 31.5815 29.5757 34.3057 29.5757 33.0907 29.5757 35.0152 29.5757 34.3057 29.5757 35.2263 29.5757 35.0152 29.5757 35.015 29.5757 35.2263 29.5757 34.3058 29.5757 35.015 29.5757 33.0911 29.5757 34.3058 29.5757 31.5822 29.5757 33.0911 29.5757 30.04 29.5757 31.5822 29.5757 28.7098 29.5757 30.04 29.5757 27.8077 29.5757 28.7098 29.5757 27.4887 29.5757 27.8077 29.5757 27.7824 29.5757 27.462 29.5757 28.6859 29.5757 27.7824 29.5757 30.0196 29.5757 28.6859 29.5757 31.5676 29.5757 30.0196 29.5757 33.0841 29.5757 31.5676 29.5757 34.3055 29.5757 33.0841 29.5757 35.0175 29.5757 34.3055 29.5757 35.2287 29.5757 35.0175 29.5757 35.0174 29.5757 35.2287 29.5757 34.3056 29.5757 35.0174 29.5757 33.0843 29.5757 34.3056 29.5757 31.568 29.5757 33.0843 29.5757 30.02 29.5757 31.568 29.5757 28.686 29.5757 30.02 29.5757 27.7815 29.5757 28.686 29.5757 27.462 29.5757 27.7815 29.5757 27.766 29.5757 27.4451 29.5757 28.6709 29.5757 27.766 29.5757 30.0072 29.5757 28.6709 29.5757 31.5591 29.5757 30.0072 29.5757 33.0803 29.5757 31.5591 29.5757 34.3059 29.5757 33.0803 29.5757 35.0195 29.5757 34.3059 29.5757 35.2306 29.5757 35.0195 29.5757 35.0194 29.5757 35.2306 29.5757 34.306 29.5757 35.0194 29.5757 33.0804 29.5757 34.306 29.5757 31.5592 29.5757 33.0804 29.5757 30.0072 29.5757 31.5592 29.5757 28.6706 29.5757 30.0072 29.5757 27.7647 29.5757 28.6706 29.5757 27.4451 29.5757 27.7647 29.5757 27.7586 29.5757 27.4372 29.5757 28.6644 29.5757 27.7586 29.5757 30.0019 29.5757 28.6644 29.5757 31.5557 29.5757 30.0019 29.5757 33.0793 29.5757 31.5557 29.5757 34.307 29.5757 33.0793 29.5757 35.0211 29.5757 34.307 29.5757 35.2321 29.5757 35.0211 29.5757 35.021 29.5757 35.2321 29.5757 34.307 29.5757 35.021 29.5757 33.0792 29.5757 34.307 29.5757 31.5555 29.5757 33.0792 29.5757 30.0016 29.5757 31.5555 29.5757 28.6637 29.5757 30.0016 29.5757 27.7571 29.5757 28.6637 29.5757 27.4372 29.5757 27.7571 29.5757 27.7607 29.5757 27.4394 29.5757 28.6664 29.5757 27.7607 29.5757 30.0038 29.5757 28.6664 29.5757 31.5575 29.5757 30.0038 29.5757 33.0811 29.5757 31.5575 29.5757 34.3087 29.5757 33.0811 29.5757 35.0225 29.5757 34.3087 29.5757 35.2332 29.5757 35.0225 29.5757 35.0224 29.5757 35.2332 29.5757 34.3087 29.5757 35.0224 29.5757 33.0808 29.5757 34.3087 29.5757 31.5569 29.5757 33.0808 29.5757 30.0031 29.5757 31.5569 29.5757 28.6655 29.5757 30.0031 29.5757 27.7592 29.5757 28.6655 29.5757 27.4394 29.5757 27.7592 29.5757 27.772 29.5757 27.4501 29.5757 28.6778 29.5757 27.772 29.5757 30.0139 29.5757 28.6778 29.5757 31.5652 29.5757 30.0139 29.5757 33.0862 29.5757 31.5652 29.5757 34.3114 29.5757 33.0862 29.5757 35.0237 29.5757 34.3114 29.5757 35.2339 29.5757 35.0237 29.5757 35.0235 29.5757 35.2339 29.5757 34.3113 29.5757 35.0235 29.5757 33.0857 29.5757 34.3113 29.5757 31.5643 29.5757 33.0857 29.5757 30.0127 29.5757 31.5643 29.5757 28.6765 29.5757 30.0127 29.5757 27.77 29.5757 28.6765 29.5757 27.4501 29.5757 27.77 29.5757 27.791 29.5757 27.4684 29.5757 28.6964 29.5757 27.791 29.5757 30.0303 29.5757 28.6964 29.5757 31.5777 29.5757 30.0303 29.5757 33.0939 29.5757 31.5777 29.5757 34.3146 29.5757 33.0939 29.5757 35.0246 29.5757 34.3146 29.5757 35.2342 29.5757 35.0246 29.5757 35.0244 29.5757 35.2342 29.5757 34.3146 29.5757 35.0244 29.5757 33.0932 29.5757 34.3146 29.5757 31.5765 29.5757 33.0932 29.5757 30.0286 29.5757 31.5765 29.5757 28.6944 29.5757 30.0286 29.5757 27.7883 29.5757 28.6944 29.5757 27.4684 29.5757 27.7883 29.5757 27.817 29.5757 27.4947 29.5757 28.721 29.5757 27.817 29.5757 30.0516 29.5757 28.721 29.5757 31.5937 29.5757 30.0516 29.5757 33.1033 29.5757 31.5937 29.5757 34.318 29.5757 33.1033 29.5757 35.025 29.5757 34.318 29.5757 35.2341 29.5757 35.025 29.5757 35.0248 29.5757 35.2341 29.5757 34.318 29.5757 35.0248 29.5757 33.1025 29.5757 34.318 29.5757 31.5922 29.5757 33.1025 29.5757 30.0495 29.5757 31.5922 29.5757 28.7183 29.5757 30.0495 29.5757 27.8137 29.5757 28.7183 29.5757 27.4947 29.5757 27.8137 29.5757 27.8495 29.5757 27.5274 29.5757 28.7517 29.5757 27.8495 29.5757 30.0779 29.5757 28.7517 29.5757 31.6133 29.5757 30.0779 29.5757 33.1146 29.5757 31.6133 29.5757 34.3216 29.5757 33.1146 29.5757 35.0248 29.5757 34.3216 29.5757 35.2334 29.5757 35.0248 29.5757 35.0247 29.5757 35.2334 29.5757 34.3216 29.5757 35.0247 29.5757 33.1137 29.5757 34.3216 29.5757 31.6115 29.5757 33.1137 29.5757 30.0754 29.5757 31.6115 29.5757 28.7484 29.5757 30.0754 29.5757 27.8456 29.5757 28.7484 29.5757 27.5274 29.5757 27.8456 29.5757 27.8886 29.5757 27.5669 29.5757 28.7883 29.5757 27.8886 29.5757 30.1097 29.5757 28.7883 29.5757 31.637 29.5757 30.1097 29.5757 33.1278 29.5757 31.637 29.5757 34.3252 29.5757 33.1278 29.5757 35.0241 29.5757 34.3252 29.5757 35.232 29.5757 35.0241 29.5757 35.024 29.5757 35.232 29.5757 34.3254 29.5757 35.024 29.5757 33.1268 29.5757 34.3254 29.5757 31.6349 29.5757 33.1268 29.5757 30.1068 29.5757 31.6349 29.5757 28.7846 29.5757 30.1068 29.5757 27.8841 29.5757 28.7846 29.5757 27.5669 29.5757 27.8841 29.5757 27.9347 29.5757 27.6133 29.5757 28.8322 29.5757 27.9347 29.5757 30.1478 29.5757 28.8322 29.5757 31.6653 29.5757 30.1478 29.5757 33.1434 29.5757 31.6653 29.5757 34.3291 29.5757 33.1434 29.5757 35.0227 29.5757 34.3291 29.5757 35.23 29.5757 35.0227 29.5757 35.0227 29.5757 35.23 29.5757 34.3293 29.5757 35.0227 29.5757 33.1423 29.5757 34.3293 29.5757 31.6629 29.5757 33.1423 29.5757 30.1445 29.5757 31.6629 29.5757 28.828 29.5757 30.1445 29.5757 27.9299 29.5757 28.828 29.5757 27.6133 29.5757 27.9299 29.5757 27.988 29.5757 27.6666 29.5757 28.8837 29.5757 27.988 29.5757 30.1933 29.5757 28.8837 29.5757 31.6992 29.5757 30.1933 29.5757 33.1617 29.5757 31.6992 29.5757 34.3332 29.5757 33.1617 29.5757 35.0204 29.5757 34.3332 29.5757 35.227 29.5757 35.0204 29.5757 35.0205 29.5757 35.227 29.5757 34.3334 29.5757 35.0205 29.5757 33.1605 29.5757 34.3334 29.5757 31.6966 29.5757 33.1605 29.5757 30.1896 29.5757 31.6966 29.5757 28.879 29.5757 30.1896 29.5757 27.9828 29.5757 28.879 29.5757 27.6666 29.5757 27.9828 29.5757 28.0492 29.5757 27.7273 29.5757 28.9442 29.5757 28.0492 29.5757 30.2479 29.5757 28.9442 29.5757 31.7398 29.5757 30.2479 29.5757 33.1832 29.5757 31.7398 29.5757 34.3374 29.5757 33.1832 29.5757 35.0172 29.5757 34.3374 29.5757 35.2231 29.5757 35.0172 29.5757 35.0173 29.5757 35.2231 29.5757 34.3377 29.5757 35.0173 29.5757 33.182 29.5757 34.3377 29.5757 31.7371 29.5757 33.182 29.5757 30.2439 29.5757 31.7371 29.5757 28.9391 29.5757 30.2439 29.5757 28.0435 29.5757 28.9391 29.5757 27.7273 29.5757 28.0435 29.5757 28.1183 29.5757 27.794 29.5757 29.0156 29.5757 28.1183 29.5757 30.3139 29.5757 29.0156 29.5757 31.7889 29.5757 30.3139 29.5757 33.2084 29.5757 31.7889 29.5757 34.3417 29.5757 33.2084 29.5757 35.0128 29.5757 34.3417 29.5757 35.218 29.5757 35.0128 29.5757 35.0129 29.5757 35.218 29.5757 34.3422 29.5757 35.0129 29.5757 33.2072 29.5757 34.3422 29.5757 31.786 29.5757 33.2072 29.5757 30.3095 29.5757 31.786 29.5757 29.0098 29.5757 30.3095 29.5757 28.1118 29.5757 29.0098 29.5757 27.794 29.5757 28.1118 29.5757 28.1955 29.5757 27.8654 29.5757 29.1003 29.5757 28.1955 29.5757 30.3942 29.5757 29.1003 29.5757 31.8478 29.5757 30.3942 29.5757 33.2374 29.5757 31.8478 29.5757 34.3456 29.5757 33.2374 29.5757 35.0067 29.5757 34.3456 29.5757 35.2117 29.5757 35.0067 29.5757 35.007 29.5757 35.2117 29.5757 34.3463 29.5757 35.007 29.5757 33.2363 29.5757 34.3463 29.5757 31.8449 29.5757 33.2363 29.5757 30.3894 29.5757 31.8449 29.5757 29.0934 29.5757 30.3894 29.5757 28.1877 29.5757 29.0934 29.5757 27.8654 29.5757 28.1877 29.5757 28.2787 29.5757 27.9379 29.5757 29.199 29.5757 28.2787 29.5757 30.4895 29.5757 29.199 29.5757 31.9157 29.5757 30.4895 29.5757 33.2683 29.5757 31.9157 29.5757 34.3475 29.5757 33.2683 29.5757 34.9983 29.5757 34.3475 29.5757 35.2039 29.5757 34.9983 29.5757 34.9987 29.5757 35.2039 29.5757 34.3486 29.5757 34.9987 29.5757 33.2676 29.5757 34.3486 29.5757 31.9129 29.5757 33.2676 29.5757 30.4842 29.5757 31.9129 29.5757 29.1903 29.5757 30.4842 29.5757 28.2684 29.5757 29.1903 29.5757 27.9379 29.5757 28.2684 29.5757 28.3571 29.5757 28.001 29.5757 29.296 29.5757 28.3571 29.5757 30.5809 29.5757 29.296 29.5757 31.9763 29.5757 30.5809 29.5757 33.2901 29.5757 31.9763 29.5757 34.341 29.5757 33.2901 29.5757 34.985 29.5757 34.341 29.5757 35.1946 29.5757 34.985 29.5757 34.9857 29.5757 35.1946 29.5757 34.3428 29.5757 34.9857 29.5757 33.29 29.5757 34.3428 29.5757 31.9737 29.5757 33.29 29.5757 30.5752 29.5757 31.9737 29.5757 29.2852 29.5757 30.5752 29.5757 28.3426 29.5757 29.2852 29.5757 28.001 29.5757 28.3426 29.5757 28.3708 29.5757 28.0287 29.5757 29.2754 29.5757 28.3708 29.5757 30.5348 29.5757 29.2754 29.5757 31.9247 29.5757 30.5348 29.5757 33.2394 29.5757 31.9247 29.5757 34.2917 29.5757 33.2394 29.5757 34.9588 29.5757 34.2917 29.5757 35.1824 29.5757 34.9588 29.5757 34.9596 29.5757 35.1824 29.5757 34.2937 29.5757 34.9596 29.5757 33.2404 29.5757 34.2937 29.5757 31.9228 29.5757 33.2404 29.5757 30.5289 29.5757 31.9228 29.5757 29.2672 29.5757 30.5289 29.5757 28.3557 29.5757 29.2672 29.5757 28.0287 29.5757 28.3557 29.5757 27.6565 28.1955 27.7851 29.5757 27.3594 28.1955 27.6565 29.5757 27.1386 28.1955 27.3594 29.5757 27.1405 28.1955 27.1386 29.5757 27.3103 28.1955 27.1405 29.5757 27.5097 28.1955 27.3103 29.5757 27.607 28.1955 27.5097 29.5757 27.5958 28.1955 27.607 29.5757 27.6453 28.1955 27.5958 29.5757 27.5423 28.1955 27.6453 29.5757 27.3131 28.1955 27.5423 29.5757 27.1366 28.1955 27.3131 29.5757 27.1292 28.1955 27.1366 29.5757 27.3253 28.1955 27.1292 29.5757 27.627 28.1955 27.3253 29.5757 27.7851 28.1955 27.627 28.1955 27.023 26.8153 27.1071 28.1955 26.8176 26.8153 27.023 28.1955 26.6655 26.8153 26.8176 28.1955 26.663 26.8153 26.6655 28.1955 26.8018 26.8153 26.663 28.1955 26.9471 26.8153 26.8018 28.1955 27.0339 26.8153 26.9471 28.1955 27.0697 26.8153 27.0339 28.1955 27.0701 26.8153 27.0697 28.1955 26.9717 26.8153 27.0701 28.1955 26.7941 26.8153 26.9717 28.1955 26.6609 26.8153 26.7941 28.1955 26.6682 26.8153 26.6609 28.1955 26.7952 26.8153 26.6682 28.1955 26.9928 26.8153 26.7952 28.1955 27.1071 26.8153 26.9928 26.8153 23.8376 25.4351 23.986 26.8153 23.5727 25.4351 23.8376 26.8153 23.3858 25.4351 23.5727 26.8153 23.2941 25.4351 23.3858 26.8153 23.2899 25.4351 23.2941 26.8153 23.4053 25.4351 23.2899 26.8153 23.5024 25.4351 23.4053 26.8153 23.4796 25.4351 23.5024 26.8153 23.4201 25.4351 23.4796 26.8153 23.3399 25.4351 23.4201 26.8153 23.2865 25.4351 23.3399 26.8153 23.2929 25.4351 23.2865 26.8153 23.391 25.4351 23.2929 26.8153 23.6387 25.4351 23.391 26.8153 23.9238 25.4351 23.6387 26.8153 23.986 25.4351 23.9238 29.5757 29.5757 29.5757 29.5757 29.5757 29.5757 29.5757 29.5757 29.5757 29.5757 29.5757 29.5757 29.5757 29.5757 29.5757 29.5757 25.4351 25.4351 25.4351 25.4351 25.4351 25.4351 25.4351 25.4351 25.4351 25.4351 25.4351 25.4351 25.4351 25.4351 25.4351 25.4351 
</DataArray>
<DataArray type="Float64" Name="wall variable 0" format="ascii">
0 1 0 1 0 1 0 1 0 1 0 1 0 1 0 1 0 1 0 1 0 1 0 1 0 1 0 1 0 1 0 1 0 1 0 1 0 1 0 1 0 1 0 1 0 1 0 1 0 1 0 1 0 1 0 1 0 1 0 1 0 1 0 1 0 1 0 1 1 0 1 0 1 0 1 0 1 0 1 0 1 0 1 0 1 0 1 0 1 0 1 0 1 0 1 0 1 0 1 0 1 0 1 0 1 0 1 0 1 0 1 0 1 0 1 0 1 0 1 0 1 0 1 0 0 1 0 1 0 1 0 1 0 1 0 1 0 1 0 1 0 1 0 1 0 1 0 1 0 1 0 1 0 1 0 1 0 1 0 1 0 1 0 1 0 1 0 1 0 1 0 1 0 1 0 1 0 1 0 1 0 1 0 1 0 1 0 1 0 1 0 1 0 1 0 1 0 1 0 1 0 1 0 1 0 1 0 1 0 1 0 1 0 1 0 1 0 1 0 1 0 1 0 1 0 1 0 1 0 1 0 1 0 1 0 1 0 1 0 1 0 1 0 1 0 1 0 1 0 1 0 1 0 1 0 1 0 1 0 1 0 1 0 1 0 1 0 1 0 1 0 1 0 1 0 1 0 1 0 1 0 1 0 1 0 1 0 1 0 1 0 1 0 1 0 1 0 1 0 1 0 1 0 1 0 1 0 1 0 1 0 1 0 1 0 1 0 1 0 1 0 1 0 1 0 1 0 1 0 1 0 1 0 1 0 1 0 1 0 1 0 1 0 1 0 1 0 1 0 1 0 1 0 1 0 1 0 1 0 1 0 1 0 1 0 1 0 1 0 1 0 1 0 1 0 1 0 1 0 1 0 1 0 1 0 1 0 1 0 1 0 1 0 1 0 1 0 1 0 1 0 1 0 1 0 1 0 1 0 1 0 1 0 1 0 1 0 1 0 1 0 1 0 1 0 1 0 1 0 1 0 1 0 1 0 1 0 1 0 1 0 1 0 1 0 1 0 1 0 1 0 1 0 1 0 1 0 1 0 1 0 1 0 1 0 1 0 1 0 1 0 1 0 1 0 1 0 1 0 1 0 1 0 1 0 1 0 1 0 1 0 1 0 1 0 1 0 1 0 1 0 1 0 1 0 1 0 1 0 1 0 1 0 1 0 1 0 1 0 1 0 1 0 1 0 1 0 1 0 1 0 1 0 1 0 1 0 1 0 1 0 1 0 1 0 1 0 1 0 1 0 1 0 1 0 1 0 1 0 1 0 1 0 1 0 1 0 1 0 1 0 1 0 1 0 1 0 1 0 1 0 1 0 1 0 1 0 1 0 1 0 1 0 1 0 1 0 1 0 1 0 1 0 1 0 1 0 1 0 1 0 1 0 1 0 1 0 1 0 1 0 1 0 1 0 1 0 1 0 1 0 1 0 1 0 1 0 1 0 1 0 1 0 1 0 1 0 1 0 1 0 1 0 1 0 1 0 1 0 1 0 1 0 1 0 1 0 1 0 1 0 1 0 1 0 1 0 1 0 1 0 1 0 1 0 1 0 1 0 1 0 1 0 1 0 1 0 1 0 1 0 1 0 1 0 1 0 1 0 1 0 1 0 1 0 1 0 1 0 1 0 1 0 1 0 1 0 1 0 1 0 1 0 1 0 1 0 1 0 1 0 1 0 1 0 1 0 1 0 1 0 1 0 1 0 1 0 1 0 1 0 1 0 1 0 1 0 1 0 1 0 1 0 1 0 1 0 1 0 1 0 1 0 1 0 1 0 1 0 1 0 1 0 1 0 1 0 1 0 1 0 1 0 1 0 1 0 1 0 1 0 1 0 1 0 1 0 1 0 1 0 1 0 1 0 1 0 1 0 1 0 1 0 1 0 1 0 1 0 1 0 1 0 1 0 1 0 1 0 1 0 1 0 1 0 1 0 1 0 1 0 1 0 1 0 1 0 1 0 1 0 1 0 1 0 1 0 1 0 1 0 1 0 1 0 1 0 1 0 1 0 1 0 1 0 1 0 1 0 1 0 1 0 1 0 1 0 1 0 1 0 1 0 1 0 1 0 1 0 1 0 1 0 1 0 1 0 1 0 1 0 1 0 1 0 1 0 1 0 1 0 1 0 1 0 1 0 1 0 1 0 1 0 1 0 1 0 1 0 1 0 1 0 1 0 1 0 1 0 1 0 1 0 1 0 1 0 1 0 1 0 1 0 1 0 1 0 1 0 1 0 1 0 1 0 1 0 1 0 1 0 1 0 1 0 1 0 1 0 1 0 1 0 1 0 1 0 1 0 1 0 1 0 1 0 1 0 1 0 1 0 1 0 1 0 1 0 1 0 1 0 1 0 1 0 1 0 1 0 1 0 1 0 1 0 1 0 1 0 1 0 1 0 1 0 1 0 1 0 1 0 1 0 1 0 1 0 1 0 1 0 1 0 1 0 1 0 1 0 1 0 1 0 1 0 1 0 1 0 1 0 1 0 1 0 1 0 1 0 1 0 1 0 1 0 1 0 1 0 1 0 1 0 1 0 1 0 1 0 1 0 1 0 1 0 1 0 1 0 1 0 1 0 1 0 1 0 1 0 1 0 1 0 1 0 1 0 1 0 1 0 1 0 1 0 1 0 1 0 1 0 1 0 1 0 1 0 1 0 1 0 1 0 1 0 1 0 1 0 1 0 1 0 1 0 1 0 1 0 1 0 1 0 1 0 1 0 1 0 1 0 1 0 1 0 1 0 1 0 1 0 1 0 1 0 1 0 1 0 1 0 1 0 1 0 1 0 1 0 1 0 1 0 1 0 1 0 1 0 1 0 1 0 1 0 1 0 1 0 1 0 1 0 1 0 1 0 1 0 1 0 1 0 1 0 1 0 1 0 1 0 1 0 1 0 1 0 1 0 1 0 1 0 1 0 1 0 1 0 1 0 1 0 1 0 1 0 1 0 1 0 1 0 1 0 1 0 1 0 1 0 1 0 1 0 1 0 1 0 1 0 1 0 1 0 1 0 1 0 1 0 1 0 1 0 1 0 1 0 1 0 1 0 1 0 1 0 1 0 1 0 1 0 1 0 1 0 1 0 1 0 1 0 1 0 1 0 1 0 1 0 1 0 1 0 1 0 1 0 1 0 1 0 1 0 1 0 1 0 1 0 1 0 1 0 1 0 1 0 1 0 1 0 1 0 1 0 1 0 1 0 1 0 1 0 1 0 1 0 1 0 1 0 1 0 1 0 1 0 1 0 1 0 1 0 1 0 1 0 1 0 1 0 1 0 1 0 1 0 1 0 1 0 1 0 1 0 1 0 1 0 1 0 1 0 1 0 1 0 1 0 1 0 1 0 1 0 1 0 1 0 1 0 1 0 1 0 1 0 1 0 1 0 1 0 1 0 1 0 1 0 1 0 1 0 1 0 1 0 1 0 1 0 1 0 1 0 1 0 1 0 1 0 1 0 1 0 1 0 1 0 1 0 1 0 1 0 1 0 1 0 1 0 1 0 1 0 1 0 1 0 1 0 1 0 1 0 1 0 1 0 1 0 1 0 1 0 1 0 1 0 1 0 1 0 1 0 1 0 1 0 1 0 1 0 1 0 1 0 1 0 1 0 1 0 1 0 1 0 1 0 1 0 1 0 1 0 1 0 1 0 1 0 1 0 1 0 1 0 1 0 1 0 1 0 1 0 1 0 1 0 1 0 1 0 1 0 1 0 1 0 1 0 1 0 1 0 1 0 1 0 1 0 1 0 1 0 1 0 1 0 1 0 1 0 1 0 1 0 1 0 1 0 1 0 1 0 1 0 1 0 1 0 1 0 1 0 1 0 1 0 1 0 1 0 1 0 1 0 1 0 1 0 1 0 1 0 1 0 1 0 1 0 1 0 1 0 1 0 1 0 1 0 1 0 1 0 1 0 1 0 1 0 1 0 1 0 1 0 1 0 1 0 1 0 1 0 1 0 1 0 1 0 1 0 1 0 1 0 1 0 1 0 1 0 1 0 1 0 1 0 1 0 1 0 1 0 1 0 1 0 1 0 1 0 1 0 1 0 1 0 1 0 1 0 1 0 1 0 1 0 1 0 1 0 1 0 1 0 1 0 1 0 1 0 1 0 1 0 1 0 1 0 1 0 1 0 1 0 1 0 1 0 1 0 1 0 1 0 1 0 1 0 1 0 1 0 1 0 1 0 1 0 1 0 1 0 1 0 1 0 1 0 1 0 1 0 1 0 1 0 1 0 1 0 1 0 1 0 1 0 1 0 1 0 1 0 1 0 1 0 1 0 1 0 1 0 1 0 1 0 1 0 1 0 1 0 1 0 1 0 1 0 1 0 1 0 1 0 1 0 1 0 1 0 1 0 1 0 1 0 1 0 1 0 1 0 1 0 1 0 1 0 1 0 1 0 1 0 1 0 1 0 1 0 1 0 1 0 1 0 1 0 1 0 1 0 1 0 1 0 1 0 1 0 1 0 1 0 1 0 1 0 1 0 1 0 1 0 1 0 1 0 1 0 1 0 1 0 1 0 1 0 1 0 1 0 1 0 1 0 1 0 1 0 1 0 1 0 1 0 1 0 1 0 1 0 1 0 1 0 1 0 1 0 1 0 1 0 0 0 0 0 0 0 0 0 0 0 0 0 0 0 0 0 0 0 0 0 0 0 0 0 0 0 0 0 0 0 0 
</DataArray>
<DataArray type="Float64" Name="wall variable 1" format="ascii">
0 1 0 1 0 1 0 1 0 1 0 1 0 1 0 1 0 1 0 1 0 1 0 1 0 1 0 1 0 1 0 1 0 1 0 1 0 1 0 1 0 1 0 1 0 1 0 1 0 1 0 1 0 1 0 1 0 1 0 1 0 1 0 1 0 1 0 1 1 0 1 0 1 0 1 0 1 0 1 0 1 0 1 0 1 0 1 0 1 0 1 0 1 0 1 0 1 0 1 0 1 0 1 0 1 0 1 0 1 0 1 0 1 0 1 0 1 0 1 0 1 0 1 0 0 1 0 1 0 1 0 1 0 1 0 1 0 1 0 1 0 1 0 1 0 1 0 1 0 1 0 1 0 1 0 1 0 1 0 1 0 1 0 1 0 1 0 1 0 1 0 1 0 1 0 1 0 1 0 1 0 1 0 1 0 1 0 1 0 1 0 1 0 1 0 1 0 1 0 1 0 1 0 1 0 1 0 1 0 1 0 1 0 1 0 1 0 1 0 1 0 1 0 1 0 1 0 1 0 1 0 1 0 1 0 1 0 1 0 1 0 1 0 1 0 1 0 1 0 1 0 1 0 1 0 1 0 1 0 1 0 1 0 1 0 1 0 1 0 1 0 1 0 1 0 1 0 1 0 1 0 1 0 1 0 1 0 1 0 1 0 1 0 1 0 1 0 1 0 1 0 1 0 1 0 1 0 1 0 1 0 1 0 1 0 1 0 1 0 1 0 1 0 1 0 1 0 1 0 1 0 1 0 1 0 1 0 1 0 1 0 1 0 1 0 1 0 1 0 1 0 1 0 1 0 1 0 1 0 1 0 1 0 1 0 1 0 1 0 1 0 1 0 1 0 1 0 1 0 1 0 1 0 1 0 1 0 1 0 1 0 1 0 1 0 1 0 1 0 1 0 1 0 1 0 1 0 1 0 1 0 1 0 1 0 1 0 1 0 1 0 1 0 1 0 1 0 1 0 1 0 1 0 1 0 1 0 1 0 1 0 1 0 1 0 1 0 1 0 1 0 1 0 1 0 1 0 1 0 1 0 1 0 1 0 1 0 1 0 1 0 1 0 1 0 1 0 1 0 1 0 1 0 1 0 1 0 1 0 1 0 1 0 1 0 1 0 1 0 1 0 1 0 1 0 1 0 1 0 1 0 1 0 1 0 1 0 1 0 1 0 1 0 1 0 1 0 1 0 1 0 1 0 1 0 1 0 1 0 1 0 1 0 1 0 1 0 1 0 1 0 1 0 1 0 1 0 1 0 1 0 1 0 1 0 1 0 1 0 1 0 1 0 1 0 1 0 1 0 1 0 1 0 1 0 1 0 1 0 1 0 1 0 1 0 1 0 1 0 1 0 1 0 1 0 1 0 1 0 1 0 1 0 1 0 1 0 1 0 1 0 1 0 1 0 1 0 1 0 1 0 1 0 1 0 1 0 1 0 1 0 1 0 1 0 1 0 1 0 1 0 1 0 1 0 1 0 1 0 1 0 1 0 1 0 1 0 1 0 1 0 1 0 1 0 1 0 1 0 1 0 1 0 1 0 1 0 1 0 1 0 1 0 1 0 1 0 1 0 1 0 1 0 1 0 1 0 1 0 1 0 1 0 1 0 1 0 1 0 1 0 1 0 1 0 1 0 1 0 1 0 1 0 1 0 1 0 1 0 1 0 1 0 1 0 1 0 1 0 1 0 1 0 1 0 1 0 1 0 1 0 1 0 1 0 1 0 1 0 1 0 1 0 1 0 1 0 1 0 1 0 1 0 1 0 1 0 1 0 1 0 1 0 1 0 1 0 1 0 1 0 1 0 1 0 1 0 1 0 1 0 1 0 1 0 1 0 1 0 1 0 1 0 1 0 1 0 1 0 1 0 1 0 1 0 1 0 1 0 1 0 1 0 1 0 1 0 1 0 1 0 1 0 1 0 1 0 1 0 1 0 1 0 1 0 1 0 1 0 1 0 1 0 1 0 1 0 1 0 1 0 1 0 1 0 1 0 1 0 1 0 1 0 1 0 1 0 1 0 1 0 1 0 1 0 1 0 1 0 1 0 1 0 1 0 1 0 1 0 1 0 1 0 1 0 1 0 1 0 1 0 1 0 1 0 1 0 1 0 1 0 1 0 1 0 1 0 1 0 1 0 1 0 1 0 1 0 1 0 1 0 1 0 1 0 1 0 1 0 1 0 1 0 1 0 1 0 1 0 1 0 1 0 1 0 1 0 1 0 1 0 1 0 1 0 1 0 1 0 1 0 1 0 1 0 1 0 1 0 1 0 1 0 1 0 1 0 1 0 1 0 1 0 1 0 1 0 1 0 1 0 1 0 1 0 1 0 1 0 1 0 1 0 1 0 1 0 1 0 1 0 1 0 1 0 1 0 1 0 1 0 1 0 1 0 1 0 1 0 1 0 1 0 1 0 1 0 1 0 1 0 1 0 1 0 1 0 1 0 1 0 1 0 1 0 1 0 1 0 1 0 1 0 1 0 1 0 1 0 1 0 1 0 1 0 1 0 1 0 1 0 1 0 1 0 1 0 1 0 1 0 1 0 1 0 1 0 1 0 1 0 1 0 1 0 1 0 1 0 1 0 1 0 1 0 1 0 1 0 1 0 1 0 1 0 1 0 1 0 1 0 1 0 1 0 1 0 1 0 1 0 1 0 1 0 1 0 1 0 1 0 1 0 1 0 1 0 1 0 1 0 1 0 1 0 1 0 1 0 1 0 1 0 1 0 1 0 1 0 1 0 1 0 1 0 1 0 1 0 1 0 1 0 1 0 1 0 1 0 1 0 1 0 1 0 1 0 1 0 1 0 1 0 1 0 1 0 1 0 1 0 1 0 1 0 1 0 1 0 1 0 1 0 1 0 1 0 1 0 1 0 1 0 1 0 1 0 1 0 1 0 1 0 1 0 1 0 1 0 1 0 1 0 1 0 1 0 1 0 1 0 1 0 1 0 1 0 1 0 1 0 1 0 1 0 1 0 1 0 1 0 1 0 1 0 1 0 1 0 1 0 1 0 1 0 1 0 1 0 1 0 1 0 1 0 1 0 1 0 1 0 1 0 1 0 1 0 1 0 1 0 1 0 1 0 1 0 1 0 1 0 1 0 1 0 1 0 1 0 1 0 1 0 1 0 1 0 1 0 1 0 1 0 1 0 1 0 1 0 1 0 1 0 1 0 1 0 1 0 1 0 1 0 1 0 1 0 1 0 1 0 1 0 1 0 1 0 1 0 1 0 1 0 1 0 1 0 1 0 1 0 1 0 1 0 1 0 1 0 1 0 1 0 1 0 1 0 1 0 1 0 1 0 1 0 1 0 1 0 1 0 1 0 1 0 1 0 1 0 1 0 1 0 1 0 1 0 1 0 1 0 1 0 1 0 1 0 1 0 1 0 1 0 1 0 1 0 1 0 1 0 1 0 1 0 1 0 1 0 1 0 1 0 1 0 1 0 1 0 1 0 1 0 1 0 1 0 1 0 1 0 1 0 1 0 1 0 1 0 1 0 1 0 1 0 1 0 1 0 1 0 1 0 1 0 1 0 1 0 1 0 1 0 1 0 1 0 1 0 1 0 1 0 1 0 1 0 1 0 1 0 1 0 1 0 1 0 1 0 1 0 1 0 1 0 1 0 1 0 1 0 1 0 1 0 1 0 1 0 1 0 1 0 1 0 1 0 1 0 1 0 1 0 1 0 1 0 1 0 1 0 1 0 1 0 1 0 1 0 1 0 1 0 1 0 1 0 1 0 1 0 1 0 1 0 1 0 1 0 1 0 1 0 1 0 1 0 1 0 1 0 1 0 1 0 1 0 1 0 1 0 1 0 1 0 1 0 1 0 1 0 1 0 1 0 1 0 1 0 1 0 1 0 1 0 1 0 1 0 1 0 1 0 1 0 1 0 1 0 1 0 1 0 1 0 1 0 1 0 1 0 1 0 1 0 1 0 1 0 1 0 1 0 1 0 1 0 1 0 1 0 1 0 1 0 1 0 1 0 1 0 1 0 1 0 1 0 1 0 1 0 1 0 1 0 1 0 1 0 1 0 1 0 1 0 1 0 1 0 1 0 1 0 1 0 1 0 1 0 1 0 1 0 1 0 1 0 1 0 1 0 1 0 1 0 1 0 1 0 1 0 1 0 1 0 1 0 1 0 1 0 1 0 1 0 1 0 1 0 1 0 1 0 1 0 1 0 1 0 1 0 1 0 1 0 1 0 1 0 1 0 1 0 1 0 1 0 1 0 1 0 1 0 1 0 1 0 1 0 1 0 1 0 1 0 1 0 1 0 1 0 1 0 1 0 1 0 1 0 1 0 1 0 1 0 1 0 1 0 1 0 1 0 1 0 1 0 1 0 1 0 1 0 1 0 1 0 1 0 1 0 1 0 1 0 1 0 1 0 1 0 1 0 1 0 1 0 1 0 1 0 1 0 1 0 1 0 1 0 1 0 1 0 1 0 1 0 1 0 1 0 1 0 1 0 1 0 1 0 1 0 1 0 1 0 1 0 1 0 1 0 1 0 1 0 1 0 1 0 1 0 1 0 1 0 1 0 1 0 1 0 1 0 1 0 1 0 1 0 1 0 1 0 1 0 1 0 1 0 0 0 0 0 0 0 0 0 0 0 0 0 0 0 0 0 0 0 0 0 0 0 0 0 0 0 0 0 0 0 0 
</DataArray>
<DataArray type="Float64" Name="wall variable 2" format="ascii">
0 35.6354 0 35.6354 0 35.6354 0 35.6354 0 35.6354 0 35.6354 0 35.6354 0 35.6354 0 35.6354 0 35.6354 0 35.6354 0 35.6354 0 35.6354 0 35.6354 0 35.6354 0 35.6354 0 35.6354 0 35.6354 0 35.6354 0 35.6354 0 35.6354 0 35.6354 0 35.6354 0 35.6354 0 35.6354 0 35.6354 0 35.6354 0 35.6354 0 35.6354 0 35.6354 0 35.6354 0 35.6354 0 35.6354 0 35.6354 35.6354 0 35.6354 0 35.6354 0 35.6354 0 35.6354 0 35.6354 0 35.6354 0 35.6354 0 35.6354 0 35.6354 0 35.6354 0 35.6354 0 35.6354 0 35.6354 0 35.6354 0 35.6354 0 35.6354 0 35.6354 0 35.6354 0 35.6354 0 35.6354 0 35.6354 0 35.6354 0 35.6354 0 35.6354 0 35.6354 0 35.6354 0 35.6354 0 0 35.6354 0 35.6354 0 35.6354 0 35.6354 0 35.6354 0 35.6354 0 35.6354 0 35.6354 0 35.6354 0 35.6354 0 35.6354 0 35.6354 0 35.6354 0 35.6354 0 35.6354 0 35.6354 0 35.6354 0 35.6354 0 35.6354 0 35.6354 0 35.6354 0 35.6354 0 35.6354 0 35.6354 0 35.6354 0 35.6354 0 35.6354 0 35.6354 0 35.6354 0 35.6354 0 35.6354 0 35.6354 0 35.6354 0 35.6354 0 35.6354 0 35.6354 0 35.6354 0 35.6354 0 35.6354 0 35.6354 0 35.6354 0 35.6354 0 35.6354 0 35.6354 0 35.6354 0 35.6354 0 35.6354 0 35.6354 0 35.6354 0 35.6354 0 35.6354 0 35.6354 0 35.6354 0 35.6354 0 35.6354 0 35.6354 0 35.6354 0 35.6354 0 35.6354 0 35.6354 0 35.6354 0 35.6354 0 35.6354 0 35.6354 0 35.6354 0 35.6354 0 35.6354 0 35.6354 0 35.6354 0 35.6354 0 35.6354 0 35.6354 0 35.6354 0 35.6354 0 35.6354 0 35.6354 0 35.6354 0 35.6354 0 35.6354 0 35.6354 0 35.6354 0 35.6354 0 35.6354 0 35.6354 0 35.6354 0 35.6354 0 35.6354 0 35.6354 0 35.6354 0 35.6354 0 35.6354 0 35.6354 0 35.6354 0 35.6354 0 35.6354 0 35.6354 0 35.6354 0 35.6354 0 35.6354 0 35.6354 0 35.6354 0 35.6354 0 35.6354 0 35.6354 0 35.6354 0 35.6354 0 35.6354 0 35.6354 0 35.6354 0 35.6354 0 35.6354 0 35.6354 0 35.6354 0 35.6354 0 35.6354 0 35.6354 0 35.6354 0 35.6354 0 35.6354 0 35.6354 0 35.6354 0 35.6354 0 35.6354 0 35.6354 0 35.6354 0 35.6354 0 35.6354 0 35.6354 0 35.6354 0 35.6354 0 35.6354 0 35.6354 0 35.6354 0 35.6354 0 35.6354 0 35.6354 0 35.6354 0 35.6354 0 35.6354 0 35.6354 0 35.6354 0 35.6354 0 35.6354 0 35.6354 0 35.6354 0 35.6354 0 35.6354 0 35.6354 0 35.6354 0 35.6354 0 35.6354 0 35.6354 0 35.6354 0 35.6354 0 35.6354 0 35.6354 0 35.6354 0 35.6354 0 35.6354 0 35.6354 0 35.6354 0 35.6354 0 35.6354 0 35.6354 0 35.6354 0 35.6354 0 35.6354 0 35.6354 0 35.6354 0 35.6354 0 35.6354 0 35.6354 0 35.6354 0 35.6354 0 35.6354 0 35.6354 0 35.6354 0 35.6354 0 35.6354 0 35.6354 0 35.6354 0 35.6354 0 35.6354 0 35.6354 0 35.6354 0 35.6354 0 35.6354 0 35.6354 0 35.6354 0 35.6354 0 35.6354 0 35.6354 0 35.6354 0 35.6354 0 35.6354 0 35.6354 0 35.6354 0 35.6354 0 35.6354 0 35.6354 0 35.6354 0 35.6354 0 35.6354 0 35.6354 0 35.6354 0 35.6354 0 35.6354 0 35.6354 0 35.6354 0 35.6354 0 35.6354 0 35.6354 0 35.6354 0 35.6354 0 35.6354 0 35.6354 0 35.6354 0 35.6354 0 35.6354 0 35.6354 0 35.6354 0 35.6354 0 35.6354 0 35.6354 0 35.6354 0 35.6354 0 35.6354 0 35.6354 0 35.6354 0 35.6354 0 35.6354 0 35.6354 0 35.6354 0 35.6354 0 35.6354 0 35.6354 0 35.6354 0 35.6354 0 35.6354 0 35.6354 0 35.6354 0 35.6354 0 35.6354 0 35.6354 0 35.6354 0 35.6354 0 35.6354 0 35.6354 0 35.6354 0 35.6354 0 35.6354 0 35.6354 0 35.6354 0 35.6354 0 35.6354 0 35.6354 0 35.6354 0 35.6354 0 35.6354 0 35.6354 0 35.6354 0 35.6354 0 35.6354 0 35.6354 0 35.6354 0 35.6354 0 35.6354 0 35.6354 0 35.6354 0 35.6354 0 35.6354 0 35.6354 0 35.6354 0 35.6354 0 35.6354 0 35.6354 0 35.6354 0 35.6354 0 35.6354 0 35.6354 0 35.6354 0 35.6354 0 35.6354 0 35.6354 0 35.6354 0 35.6354 0 35.6354 0 35.6354 0 35.6354 0 35.6354 0 35.6354 0 35.6354 0 35.6354 0 35.6354 0 35.6354 0 35.6354 0 35.6354 0 35.6354 0 35.6354 0 35.6354 0 35.6354 0 35.6354 0 35.6354 0 35.6354 0 35.6354 0 35.6354 0 35.6354 0 35.6354 0 35.6354 0 35.6354 0 35.6354 0 35.6354 0 35.6354 0 35.6354 0 35.6354 0 35.6354 0 35.6354 0 35.6354 0 35.6354 0 35.6354 0 35.6354 0 35.6354 0 35.6354 0 35.6354 0 35.6354 0 35.6354 0 35.6354 0 35.6354 0 35.6354 0 35.6354 0 35.6354 0 35.6354 0 35.6354 0 35.6354 0 35.6354 0 35.6354 0 35.6354 0 35.6354 0 35.6354 0 35.6354 0 35.6354 0 35.6354 0 35.6354 0 35.6354 0 35.6354 0 35.6354 0 35.6354 0 35.6354 0 35.6354 0 35.6354 0 35.6354 0 35.6354 0 35.6354 0 35.6354 0 35.6354 0 35.6354 0 35.6354 0 35.6354 0 35.6354 0 35.6354 0 35.6354 0 35.6354 0 35.6354 0 35.6354 0 35.6354 0 35.6354 0 35.6354 0 35.6354 0 35.6354 0 35.6354 0 35.6354 0 35.6354 0 35.6354 0 35.6354 0 35.6354 0 35.6354 0 35.6354 0 35.6354 0 35.6354 0 35.6354 0 35.6354 0 35.6354 0 35.6354 0 35.6354 0 35.6354 0 35.6354 0 35.6354 0 35.6354 0 35.6354 0 35.6354 0 35.6354 0 35.6354 0 35.6354 0 35.6354 0 35.6354 0 35.6354 0 35.6354 0 35.6354 0 35.6354 0 35.6354 0 35.6354 0 35.6354 0 35.6354 0 35.6354 0 35.6354 0 35.6354 0 35.6354 0 35.6354 0 35.6354 0 35.6354 0 35.6354 0 35.6354 0 35.6354 0 35.6354 0 35.6354 0 35.6354 0 35.6354 0 35.6354 0 35.6354 0 35.6354 0 35.6354 0 35.6354 0 35.6354 0 35.6354 0 35.6354 0 35.6354 0 35.6354 0 35.6354 0 35.6354 0 35.6354 0 35.6354 0 35.6354 0 35.6354 0 35.6354 0 35.6354 0 35.6354 0 35.6354 0 35.6354 0 35.6354 0 35.6354 0 35.6354 0 35.6354 0 35.6354 0 35.6354 0 35.6354 0 35.6354 0 35.6354 0 35.6354 0 35.6354 0 35.6354 0 35.6354 0 35.6354 0 35.6354 0 35.6354 0 35.6354 0 35.6354 0 35.6354 0 35.6354 0 35.6354 0 35.6354 0 35.6354 0 35.6354 0 35.6354 0 35.6354 0 35.6354 0 35.6354 0 35.6354 0 35.6354 0 35.6354 0 35.6354 0 35.6354 0 35.6354 0 35.6354 0 35.6354 0 35.6354 0 35.6354 0 35.6354 0 35.6354 0 35.6354 0 35.6354 0 35.6354 0 35.6354 0 35.6354 0 35.6354 0 35.6354 0 35.6354 0 35.6354 0 35.6354 0 35.6354 0 35.6354 0 35.6354 0 35.6354 0 35.6354 0 35.6354 0 35.6354 0 35.6354 0 35.6354 0 35.6354 0 35.6354 0 35.6354 0 35.6354 0 35.6354 0 35.6354 0 35.6354 0 35.6354 0 35.6354 0 35.6354 0 35.6354 0 35.6354 0 35.6354 0 35.6354 0 35.6354 0 35.6354 0 35.6354 0 35.6354 0 35.6354 0 35.6354 0 35.6354 0 35.6354 0 35.6354 0 35.6354 0 35.6354 0 35.6354 0 35.6354 0 35.6354 0 35.6354 0 35.6354 0 35.6354 0 35.6354 0 35.6354 0 35.6354 0 35.6354 0 35.6354 0 35.6354 0 35.6354 0 35.6354 0 35.6354 0 35.6354 0 35.6354 0 35.6354 0 35.6354 0 35.6354 0 35.6354 0 35.6354 0 35.6354 0 35.6354 0 35.6354 0 35.6354 0 35.6354 0 35.6354 0 35.6354 0 35.6354 0 35.6354 0 35.6354 0 35.6354 0 35.6354 0 35.6354 0 35.6354 0 35.6354 0 35.6354 0 35.6354 0 35.6354 0 35.6354 0 35.6354 0 35.6354 0 35.6354 0 35.6354 0 35.6354 0 35.6354 0 35.6354 0 35.6354 0 35.6354 0 35.6354 0 35.6354 0 35.6354 0 35.6354 0 35.6354 0 35.6354 0 35.6354 0 35.6354 0 35.6354 0 35.6354 0 35.6354 0 35.6354 0 35.6354 0 35.6354 0 35.6354 0 35.6354 0 35.6354 0 35.6354 0 35.6354 0 35.6354 0 35.6354 0 35.6354 0 35.6354 0 35.6354 0 35.6354 0 35.6354 0 35.6354 0 35.6354 0 35.6354 0 35.6354 0 35.6354 0 35.6354 0 35.6354 0 35.6354 0 35.6354 0 35.6354 0 35.6354 0 35.6354 0 35.6354 0 35.6354 0 35.6354 0 35.6354 0 35.6354 0 35.6354 0 35.6354 0 35.6354 0 35.6354 0 35.6354 0 35.6354 0 35.6354 0 35.6354 0 35.6354 0 35.6354 0 35.6354 0 35.6354 0 35.6354 0 35.6354 0 35.6354 0 35.6354 0 35.6354 0 35.6354 0 35.6354 0 35.6354 0 35.6354 0 35.6354 0 35.6354 0 35.6354 0 35.6354 0 35.6354 0 35.6354 0 35.6354 0 35.6354 0 35.6354 0 35.6354 0 35.6354 0 35.6354 0 35.6354 0 35.6354 0 35.6354 0 35.6354 0 35.6354 0 35.6354 0 35.6354 0 35.6354 0 35.6354 0 35.6354 0 35.6354 0 35.6354 0 35.6354 0 35.6354 0 35.6354 0 35.6354 0 35.6354 0 35.6354 0 35.6354 0 35.6354 0 35.6354 0 35.6354 0 35.6354 0 35.6354 0 35.6354 0 35.6354 0 35.6354 0 35.6354 0 35.6354 0 35.6354 0 35.6354 0 35.6354 0 35.6354 0 35.6354 0 35.6354 0 35.6354 0 35.6354 0 35.6354 0 35.6354 0 35.6354 0 35.6354 0 35.6354 0 35.6354 0 35.6354 0 35.6354 0 35.6354 0 35.6354 0 35.6354 0 35.6354 0 35.6354 0 35.6354 0 35.6354 0 35.6354 0 35.6354 0 35.6354 0 35.6354 0 35.6354 0 35.6354 0 35.6354 0 35.6354 0 35.6354 0 35.6354 0 35.6354 0 35.6354 0 35.6354 0 35.6354 0 35.6354 0 35.6354 0 35.6354 0 35.6354 0 35.6354 0 35.6354 0 35.6354 0 35.6354 0 35.6354 0 35.6354 0 35.6354 0 35.6354 0 35.6354 0 35.6354 0 35.6354 0 35.6354 0 35.6354 0 35.6354 0 35.6354 0 35.6354 0 35.6354 0 35.6354 0 35.6354 0 35.6354 0 35.6354 0 35.6354 0 35.6354 0 35.6354 0 35.6354 0 35.6354 0 35.6354 0 35.6354 0 35.6354 0 35.6354 0 35.6354 0 35.6354 0 35.6354 0 35.6354 0 35.6354 0 35.6354 0 35.6354 0 35.6354 0 35.6354 0 35.6354 0 35.6354 0 35.6354 0 35.6354 0 35.6354 0 35.6354 0 35.6354 0 35.6354 0 35.6354 0 35.6354 0 35.6354 0 35.6354 0 35.6354 0 35.6354 0 35.6354 0 35.6354 0 35.6354 0 35.6354 0 35.6354 0 35.6354 0 35.6354 0 35.6354 0 35.6354 0 35.6354 0 35.6354 0 35.6354 0 35.6354 0 35.6354 0 35.6354 0 35.6354 0 35.6354 0 35.6354 0 35.6354 0 35.6354 0 35.6354 0 35.6354 0 35.6354 0 35.6354 0 35.6354 0 35.6354 0 35.6354 0 35.6354 0 35.6354 0 35.6354 0 35.6354 0 35.6354 0 35.6354 0 35.6354 0 35.6354 0 35.6354 0 35.6354 0 35.6354 0 35.6354 0 35.6354 0 35.6354 0 35.6354 0 35.6354 0 35.6354 0 35.6354 0 35.6354 0 35.6354 0 35.6354 0 35.6354 0 35.6354 0 35.6354 0 35.6354 0 35.6354 0 35.6354 0 35.6354 0 35.6354 0 35.6354 0 35.6354 0 35.6354 0 35.6354 0 35.6354 0 35.6354 0 35.6354 0 35.6354 0 35.6354 0 35.6354 0 35.6354 0 35.6354 0 35.6354 0 35.6354 0 35.6354 0 35.6354 0 35.6354 0 35.6354 0 35.6354 0 35.6354 0 35.6354 0 35.6354 0 35.6354 0 35.6354 0 35.6354 0 35.6354 0 35.6354 0 35.6354 0 35.6354 0 35.6354 0 35.6354 0 35.6354 0 35.6354 0 35.6354 0 35.6354 0 35.6354 0 35.6354 0 35.6354 0 35.6354 0 35.6354 0 35.6354 0 35.6354 0 35.6354 0 35.6354 0 35.6354 0 35.6354 0 35.6354 0 35.6354 0 35.6354 0 35.6354 0 35.6354 0 35.6354 0 35.6354 0 35.6354 0 35.6354 0 35.6354 0 35.6354 0 35.6354 0 35.6354 0 35.6354 0 35.6354 0 35.6354 0 35.6354 0 35.6354 0 35.6354 0 35.6354 0 35.6354 0 35.6354 0 35.6354 0 35.6354 0 35.6354 0 35.6354 0 35.6354 0 35.6354 0 35.6354 0 35.6354 0 35.6354 0 35.6354 0 35.6354 0 35.6354 0 35.6354 0 35.6354 0 35.6354 0 35.6354 0 35.6354 0 35.6354 0 35.6354 0 35.6354 0 35.6354 0 35.6354 0 35.6354 0 35.6354 0 35.6354 0 35.6354 0 35.6354 0 35.6354 0 35.6354 0 35.6354 0 35.6354 0 35.6354 0 35.6354 0 35.6354 0 35.6354 0 35.6354 0 35.6354 0 35.6354 0 35.6354 0 35.6354 0 35.6354 0 35.6354 0 35.6354 0 35.6354 0 35.6354 0 35.6354 0 35.6354 0 35.6354 0 35.6354 0 35.6354 0 35.6354 0 35.6354 0 35.6354 0 35.6354 0 35.6354 0 35.6354 0 35.6354 0 35.6354 0 35.6354 0 35.6354 0 35.6354 0 35.6354 0 35.6354 0 35.6354 0 35.6354 0 35.6354 0 35.6354 0 0 0 0 0 0 0 0 0 0 0 0 0 0 0 0 0 0 0 0 0 0 0 0 0 0 0 0 0 0 0 0 
</DataArray>
</CellData>
</Piece>
</UnstructuredGrid>
</VTKFile>
