<VTKFile type="UnstructuredGrid" version="0.1">
<UnstructuredGrid>
<Piece  NumberOfPoints="    2080" NumberOfCells="     514">
<Points>
<DataArray type="Float64" NumberOfComponents="3" format="ascii">
-162.656 796.432 1.45325
-160.032 800.8 27.1951
-141.321 783.195 29.2896
-144.186 778.461 1.46682
-159.442 801.772 29.9458
-151.888 814.194 51.79
-132.558 797.634 55.6018
-140.731 784.168 32.0403
-150.79 815.987 53.8956
-139.347 834.536 68.499
-119.116 819.488 73.4402
-131.459 799.427 57.7074
-137.898 836.872 69.6385
-124.272 858.692 74.7575
-102.953 845.375 80.1067
-117.667 821.823 74.5798
-122.691 861.211 74.7568
-108.975 882.965 69.6111
-86.5617 871.385 74.5828
-101.372 847.894 80.106
-107.509 885.288 68.4711
-95.871 903.709 53.8744
-72.5038 893.623 57.7021
-85.0949 873.709 73.4428
-94.7489 905.49 51.7694
-87.0058 917.831 29.951
-62.9947 908.77 32.0264
-71.3817 895.403 55.5971
-86.4007 918.798 27.2003
-83.6899 923.143 1.45796
-59.4595 914.448 1.45013
-62.3895 909.737 29.2756
-83.6896 923.143 -1.52066
-86.3988 918.796 -27.2638
-62.3773 909.739 -29.3554
-59.4592 914.448 -1.52849
-87.0039 917.83 -30.0144
-94.7542 905.495 -51.8367
-71.3727 895.412 -55.6695
-62.9825 908.773 -32.106
-95.8767 903.716 -53.9415
-107.514 885.294 -68.5397
-85.099 873.723 -73.5131
-72.4953 893.633 -57.7743
-108.981 882.97 -69.68
-122.696 861.215 -74.8267
-101.374 847.907 -80.1832
-86.5662 871.399 -74.6534
-124.277 858.696 -74.8278
-137.903 836.876 -69.7105
-117.664 821.833 -74.6643
-102.955 845.388 -80.1843
-139.352 834.541 -68.5713
-150.778 815.984 -53.9647
-131.464 799.45 -57.7875
-119.112 819.499 -73.5251
-151.876 814.191 -51.8581
-159.425 801.769 -30.0164
-140.745 784.186 -32.0925
-132.562 797.656 -55.6809
-160.015 800.796 -27.2642
-162.656 796.432 -1.52466
-144.186 778.461 -1.51109
-141.335 783.213 -29.3403
-141.818 776.545 1.54093
-138.952 781.279 29.3638
-114.651 764.379 29.9771
-117.565 759.518 1.54291
-130.16 795.769 55.8112
-105.704 779.19 56.937
-114.032 765.402 32.8631
-138.334 782.303 32.2497
-116.665 817.714 73.7512
-91.9471 801.58 75.218
-104.552 781.074 59.1442
-129.009 797.653 58.0184
-100.432 843.716 80.4724
-75.377 828.084 82.064
-90.427 804.029 76.4123
-115.145 820.164 74.9454
-83.9611 869.849 74.9496
-58.54 854.703 76.4346
-73.7169 830.725 82.0645
-98.7718 846.357 80.4729
-69.8296 892.199 58.0153
-44.1174 877.468 59.1677
-56.9997 857.139 75.2409
-82.4207 872.285 73.756
-60.2665 907.435 32.2378
-34.4549 893.049 32.8588
-42.9413 879.337 56.961
-68.6535 894.068 55.8086
-56.7046 913.164 1.52434
-30.8949 898.903 1.51458
-33.823 894.067 29.9708
-59.6346 908.453 29.3498
-59.6225 908.455 -29.431
-33.8235 894.066 -30.0622
-30.8946 898.903 -1.6139
-56.7044 913.165 -1.60414
-68.6445 894.078 -55.8817
-42.938 879.352 -57.0302
-34.4552 893.049 -32.9493
-60.2542 907.438 -32.3182
-82.4246 872.299 -73.8266
-56.9993 857.159 -75.314
-44.1144 877.484 -59.2363
-69.8209 892.209 -58.0878
-98.7729 846.371 -80.5504
-73.7143 830.745 -82.1427
-58.5399 854.723 -76.508
-83.9652 869.863 -75.0206
-115.142 820.175 -75.0305
-90.4225 804.047 -76.495
-75.3741 828.103 -82.1428
-100.433 843.729 -80.5505
-129.014 797.676 -58.0988
-104.554 781.094 -59.2287
-91.9428 801.597 -75.3009
-116.662 817.725 -73.8364
-138.349 782.321 -32.3016
-114.046 765.409 -32.9158
-105.706 779.209 -57.0198
-130.166 795.792 -55.89
-138.968 781.297 -29.4137
-141.819 776.546 -1.58451
-117.566 759.518 -1.58253
-114.665 764.384 -30.0278
-114.816 757.681 1.56335
-111.902 762.542 29.9976
-86.6112 746.397 30.1374
-89.4934 741.476 1.56227
-111.28 763.582 32.9213
-102.951 777.37 56.9952
-77.7063 761.359 57.2484
-85.9892 747.438 33.0612
-101.789 779.283 59.2313
-89.184 799.789 75.3051
-63.923 783.922 75.6206
-76.5441 763.272 59.4844
-87.6436 802.272 76.5143
-72.5936 826.326 82.166
-47.2265 810.561 82.4798
-62.3827 786.405 76.8299
-70.9064 829 82.1653
-55.7295 852.978 76.5354
-30.1994 837.257 76.7942
-45.5392 813.235 82.479
-54.1621 855.441 75.3254
-41.2798 875.769 59.2521
-15.5977 860.069 59.4337
-28.632 839.72 75.5842
-40.0937 877.664 57.0192
-31.6073 891.376 32.9171
-6.05638 875.877 33.021
-14.4116 861.964 57.2007
-30.9786 892.417 29.9914
-28.0504 897.252 1.53519
-2.58546 881.872 1.5328
-5.42767 876.917 30.0954
-28.0507 897.253 -1.63558
-30.9796 892.416 -30.0838
-5.43987 876.923 -30.1938
-2.58578 881.872 -1.63796
-31.6084 891.376 -33.0081
-40.0913 877.68 -57.089
-14.4176 861.985 -57.2766
-6.0687 875.884 -33.1181
-41.2771 875.786 -59.321
-54.162 855.461 -75.3987
-28.6325 839.742 -75.6624
-15.6035 860.091 -59.5086
-55.7291 852.998 -76.609
-70.9036 829.02 -82.2438
-45.5351 813.255 -82.5606
-30.1995 837.279 -76.8728
-72.5905 826.346 -82.2449
-87.6389 802.29 -76.5971
-62.3755 786.422 -76.9149
-47.222 810.581 -82.5617
-89.1794 799.806 -75.3882
-101.791 779.303 -59.316
-76.5376 763.285 -59.5737
-63.916 783.939 -75.7059
-102.954 777.389 -57.0784
-111.294 763.588 -32.9743
-85.9969 747.434 -33.1181
-77.7006 761.371 -57.3362
-111.916 762.546 -30.0484
-114.816 757.681 -1.60308
-89.4939 741.476 -1.60416
-86.619 746.393 -30.1922
-86.723 739.693 1.57084
-83.8409 744.614 30.146
-59.176 728.61 30.1898
-62.2399 723.787 1.56821
-83.1996 745.653 33.0832
-74.9167 759.574 57.2704
-49.75 743.299 57.3479
-58.5348 729.65 33.127
-73.72 761.481 59.5109
-61.099 782.13 75.6471
-35.2476 765.483 75.7275
-48.5533 745.206 59.5885
-59.5151 784.6 76.853
-44.3589 808.756 82.5029
-17.7732 791.691 82.5515
-33.6637 767.952 76.9334
-42.6257 811.409 82.4947
-27.2859 835.431 76.8099
-0.0158472 817.957 76.8187
-16.0399 794.344 82.5433
-25.676 837.873 75.5927
-12.6417 858.222 59.4421
15.2094 840.416 59.44
1.59397 820.399 75.6014
-11.421 860.104 57.1979
-3.06579 874.017 33.0182
25.4205 855.841 33.0045
16.4301 842.299 57.1958
-2.42167 875.048 30.0923
0.420546 880.002 1.52972
29.1666 861.7 1.52641
26.0646 856.871 30.0786
0.419837 880.003 -1.6357
-2.43426 875.054 -30.1915
26.05 856.879 -30.1847
29.1659 861.7 -1.63902
-3.07877 874.025 -33.1158
-11.4277 860.126 -57.2744
16.4224 842.323 -57.2767
25.4055 855.85 -33.109
-12.6477 858.245 -59.5176
-25.6767 837.895 -75.6714
1.59381 820.423 -75.6839
15.2024 840.441 -59.5198
-27.2859 835.453 -76.889
-42.6215 811.429 -82.5767
-16.0347 794.365 -82.6294
-0.0154079 817.981 -76.9015
-44.3543 808.776 -82.5853
-59.5078 784.617 -76.9384
-33.6543 767.968 -77.024
-17.7676 791.712 -82.638
-61.0915 782.147 -75.733
-73.7131 761.493 -59.6008
-48.5406 745.214 -59.6851
-35.238 765.499 -75.8186
-74.9103 759.586 -57.3588
-83.2066 745.649 -33.1407
-58.5339 729.638 -33.1907
-49.7379 743.306 -57.443
-83.8483 744.609 -30.2012
-86.7232 739.692 -1.61324
-62.2401 723.787 -1.61586
-59.1756 728.598 -30.2512
-59.5419 721.979 1.56947
-56.478 726.802 30.1911
-32.3897 710.157 30.1941
-35.632 705.446 1.56784
-55.7991 727.82 33.1307
-47.0143 741.469 57.3516
-22.4378 724.508 57.3549
-31.7108 711.174 33.1337
-45.7521 743.337 59.5932
-32.4464 763.614 75.7323
-7.19739 746.206 75.7323
-21.1757 726.375 59.5964
-30.7838 766.035 76.937
-14.8934 789.774 82.5551
11.0883 771.868 82.552
-5.53485 748.627 76.9371
-13.0808 792.377 82.5446
2.94328 815.991 76.8199
29.6265 797.599 76.8163
12.9009 774.471 82.5414
4.62451 818.387 75.6008
18.2399 838.403 59.4394
45.5307 819.585 59.4345
31.3077 799.995 75.5972
19.5252 840.243 57.1964
28.5156 853.785 33.0051
56.3297 834.622 33.0057
46.8159 821.425 57.1915
29.2056 854.789 30.0784
32.3076 859.618 1.52622
60.3333 840.311 1.52184
57.0198 835.626 30.079
32.3068 859.618 -1.63964
29.1909 854.797 -30.1853
57.0035 835.634 -30.192
60.3325 840.312 -1.64401
28.5004 853.795 -33.1101
19.5173 840.268 -57.2778
46.8084 821.451 -57.2738
56.3131 834.632 -33.1168
18.233 838.429 -59.5195
4.62439 818.41 -75.6836
31.3084 800.019 -75.6814
45.5241 819.612 -59.5155
2.94382 816.014 -76.9031
-13.0755 792.398 -82.631
12.9076 774.491 -82.6304
29.6278 797.622 -76.9009
-14.8876 789.795 -82.642
-30.7743 766.051 -77.028
-5.52288 748.642 -77.0322
11.0956 771.888 -82.6415
-32.4364 763.63 -75.8239
-45.739 743.345 -59.6904
-21.1584 726.379 -59.6989
-7.18498 746.22 -75.828
-47.0016 741.476 -57.4474
-55.7976 727.807 -33.195
-31.7054 711.157 -33.202
-22.4209 724.51 -57.4559
-56.4773 726.789 -30.2529
-59.5417 721.979 -1.61757
-35.6318 705.446 -1.61921
-32.3851 710.139 -30.2599
-32.9993 703.564 1.5678
-29.757 708.274 30.194
-6.28173 690.916 30.1941
-9.69318 686.325 1.56704
-29.0417 709.267 33.1338
-19.7688 722.6 57.355
4.1746 704.906 57.3537
-5.56649 691.909 33.1338
-18.4427 724.424 59.5966
-4.46446 744.254 75.7325
20.1421 726.073 75.7311
5.50066 706.73 59.5953
-2.72369 746.621 76.9371
13.8995 769.862 82.552
39.2462 751.129 82.5534
21.8829 728.44 76.9357
15.7924 772.407 82.5413
32.518 795.535 76.8161
58.5822 776.262 76.8187
41.1391 753.674 82.5426
34.2725 797.877 75.5967
48.4954 817.468 59.4341
75.1752 797.723 59.4335
60.3367 778.605 75.5993
49.8416 819.263 57.1919
59.3554 832.46 33.0061
86.4984 812.371 33.006
76.5214 799.519 57.1913
60.0839 833.438 30.0791
63.3974 838.123 1.52196
90.7237 817.896 1.51834
87.2269 813.348 30.079
63.3965 838.123 -1.64489
60.0676 833.445 -30.1928
87.21 813.356 -30.1975
90.7228 817.896 -1.64852
59.3387 832.47 -33.1175
49.8341 819.289 -57.2745
76.5149 799.545 -57.2746
86.4812 812.38 -33.1222
48.4889 817.494 -59.5152
34.2732 797.901 -75.6811
60.3385 778.629 -75.6846
75.1697 797.75 -59.5153
32.5195 795.559 -76.9009
15.7993 772.428 -82.6304
41.1477 753.694 -82.6335
58.5848 776.286 -76.9044
13.907 769.882 -82.6418
-2.7115 746.635 -77.0325
21.8975 728.453 -77.0339
39.2554 751.149 -82.6449
-4.45171 744.268 -75.8286
-18.4251 724.428 -59.6995
5.52133 706.73 -59.7017
20.1573 726.085 -75.83
-19.7515 722.603 -57.4564
-29.036 709.249 -33.2025
-5.55903 691.889 -33.2047
4.19492 704.905 -57.4587
-29.7523 708.256 -30.2601
-32.999 703.563 -1.61944
-9.69288 686.324 -1.6202
-6.27526 690.896 -30.2623
-7.12967 684.363 1.56701
-3.71822 688.954 30.1941
19.1152 670.87 30.1947
15.5418 666.403 1.56712
-2.96811 689.921 33.1338
6.77298 702.918 57.3537
30.0587 684.479 57.3543
19.8654 671.837 33.1345
8.16138 704.694 59.5955
22.8029 724.038 75.7312
46.7414 705.081 75.7336
31.4471 686.256 59.5961
24.6216 726.345 76.936
41.9849 749.034 82.5537
66.6652 729.484 82.5592
48.5601 707.388 76.9385
43.959 751.517 82.543
61.4021 774.104 76.819
86.8062 753.97 76.8241
68.6393 731.966 82.5484
63.2305 776.388 75.5994
78.069 795.507 59.4336
104.087 774.869 59.4349
88.6347 756.254 75.6046
79.4739 797.256 57.1915
89.4509 810.108 33.0062
115.901 789.119 33.0056
105.492 776.618 57.1928
90.2139 811.059 30.079
93.7107 815.606 1.51837
120.325 794.483 1.51569
116.664 790.07 30.0785
93.7098 815.606 -1.64913
90.197 811.066 -30.1981
116.647 790.077 -30.2011
120.324 794.484 -1.65181
89.4338 810.117 -33.1227
79.4675 797.282 -57.2751
105.486 776.644 -57.2768
115.883 789.127 -33.1256
78.0637 795.534 -59.5155
63.2325 776.412 -75.6848
88.6379 756.277 -75.6904
104.083 774.896 -59.5172
61.4048 774.128 -76.9049
43.9677 751.536 -82.634
68.6499 731.985 -82.6403
86.8102 753.993 -76.9105
41.9942 749.053 -82.6454
24.6364 726.358 -77.0344
48.5774 707.399 -77.0383
66.6765 729.502 -82.6517
22.8183 724.05 -75.8304
8.18234 704.695 -59.7021
31.4703 686.253 -59.7045
46.7593 705.091 -75.8343
6.79351 702.917 -57.4589
-2.96044 689.9 -33.2049
19.8737 671.813 -33.206
30.0814 684.475 -57.4613
-3.71168 688.933 -30.2624
-7.1293 684.362 -1.62027
15.5422 666.402 -1.62016
19.1224 670.847 -30.2635
18.0329 664.361 1.56719
21.6064 668.827 30.1948
43.7725 650.017 30.1959
40.0427 645.681 1.56803
22.3902 669.767 33.1346
32.5835 682.409 57.3544
55.1883 663.229 57.3559
44.5563 650.957 33.1357
34.0328 684.136 59.5964
49.3272 702.962 75.7339
72.5731 683.235 75.7373
56.6376 664.955 59.5978
51.223 705.205 76.939
69.3281 727.301 82.5597
93.3102 706.944 82.5652
74.469 685.478 76.9423
71.3834 729.716 82.549
89.5503 751.719 76.8247
114.254 730.74 76.8293
95.3656 709.359 82.5545
91.4526 753.941 75.6048
106.905 772.556 59.4352
132.215 751.046 59.4368
116.156 732.961 75.6095
108.367 774.256 57.1929
118.776 786.758 33.0057
144.5 764.886 33.0051
133.677 752.747 57.1946
119.571 787.681 30.0784
123.232 792.095 1.51566
149.108 770.091 1.51381
145.295 765.809 30.0778
123.231 792.095 -1.65219
119.554 787.688 -30.2014
145.278 765.816 -30.2032
149.107 770.091 -1.65404
118.759 786.766 -33.1259
108.362 774.283 -57.2771
133.673 752.773 -57.2786
144.483 764.894 -33.1276
106.901 772.583 -59.5175
91.456 753.964 -75.6907
116.161 732.984 -75.6951
132.212 751.073 -59.519
89.5545 751.742 -76.911
71.3942 729.734 -82.6408
95.378 709.376 -82.6463
114.259 730.762 -76.9154
69.3396 727.319 -82.6523
51.2406 705.215 -77.0389
74.4883 685.486 -77.0425
93.3234 706.96 -82.6578
49.3453 702.971 -75.8347
34.0562 684.133 -59.7049
56.6626 664.95 -59.7069
72.5931 683.242 -75.8383
32.6064 682.405 -57.4615
22.3986 669.743 -33.2062
44.5647 650.931 -33.2064
55.2127 663.222 -57.4634
21.6136 668.804 -30.2635
18.0333 664.36 -1.62015
40.0431 645.68 -1.61931
43.7797 649.992 -30.2637
42.4587 643.558 1.56816
46.1884 647.895 30.1961
67.6633 628.367 30.1976
63.7821 624.166 1.56956
47.0049 648.806 33.1359
57.6369 661.078 57.356
79.5374 641.164 57.3575
68.4798 629.278 33.1374
59.1456 662.752 59.5981
75.0811 681.032 75.7376
97.6088 660.547 75.74
81.0462 642.839 59.5996
77.053 683.208 76.9428
95.8942 704.674 82.5657
119.147 683.524 82.5694
99.5806 662.723 76.9452
98.03 707.017 82.5549
116.918 728.398 76.8297
140.883 706.592 76.8326
121.282 685.868 82.5586
118.894 730.554 75.6097
134.952 748.639 59.437
159.514 726.277 59.4381
142.858 708.748 75.6126
136.47 750.289 57.1946
147.293 762.428 33.0052
172.256 739.691 33.0045
161.032 727.926 57.1957
148.119 763.324 30.0778
151.932 767.605 1.51375
177.04 744.734 1.51258
173.082 740.587 30.0771
151.932 767.606 -1.65425
148.102 763.33 -30.2034
173.065 740.593 -30.204
177.039 744.734 -1.65542
147.276 762.436 -33.1277
136.467 750.315 -57.2787
161.03 727.952 -57.279
172.239 739.699 -33.1284
134.95 748.666 -59.5191
118.898 730.577 -75.6953
142.864 708.77 -75.6972
159.513 726.303 -59.5194
116.924 728.42 -76.9158
98.0426 707.034 -82.6467
121.297 685.883 -82.6496
140.89 706.613 -76.9178
95.9076 704.69 -82.6582
77.0725 683.216 -77.0429
99.6017 662.729 -77.0446
119.162 683.539 -82.661
75.1013 681.039 -75.8386
59.1708 662.747 -59.7072
81.0724 642.831 -59.7081
97.6304 660.551 -75.8403
57.6614 661.07 -57.4635
47.0134 648.78 -33.2065
68.4878 629.25 -33.2059
79.563 641.154 -57.4644
46.1956 647.869 -30.2636
42.459 643.557 -1.61923
63.7824 624.165 -1.61783
67.67 628.339 -30.2631
66.1202 621.965 1.56976
70.0014 626.165 30.1978
90.7621 605.932 30.1995
86.7337 601.873 1.57164
70.8496 627.047 33.1376
81.9072 638.933 57.3577
103.08 618.3 57.3591
91.6102 606.814 33.1393
83.4737 640.553 59.5998
100.036 658.261 75.7403
121.818 637.033 75.7421
104.646 619.92 59.6012
102.083 660.367 76.9456
121.649 681.169 82.5697
144.14 659.245 82.5721
123.864 639.139 76.9474
123.863 683.437 82.5589
143.464 704.162 76.8328
166.654 681.549 76.8346
146.355 661.513 82.5613
145.511 706.249 75.6127
162.167 723.777 59.4382
185.943 700.582 59.439
168.701 683.636 75.6144
163.74 725.374 57.1957
174.964 737.139 33.0045
199.13 713.554 33.0042
187.515 702.179 57.1965
175.819 738.006 30.0771
179.777 742.153 1.51253
204.081 718.431 1.51195
199.986 714.421 30.0767
179.776 742.153 -1.65551
175.803 738.012 -30.2041
199.969 714.427 -30.204
204.08 718.432 -1.65609
174.947 737.146 -33.1283
163.738 725.4 -57.279
187.515 702.204 -57.2783
199.114 713.562 -33.1283
162.166 723.804 -59.5194
145.517 706.27 -75.6972
168.709 683.656 -75.6973
185.943 700.608 -59.5187
143.471 704.183 -76.9179
123.878 683.452 -82.6497
146.371 661.526 -82.6504
166.663 681.568 -76.918
121.664 681.183 -82.6612
102.104 660.373 -77.0448
123.887 639.142 -77.045
144.157 659.257 -82.6619
100.058 658.266 -75.8404
83.5001 640.545 -59.7082
104.673 619.91 -59.7081
121.841 637.035 -75.8406
81.9328 638.923 -57.4644
70.8576 627.019 -33.2059
91.6174 606.784 -33.2046
103.106 618.288 -57.4643
70.0081 626.138 -30.2629
66.1205 621.964 -1.6177
86.734 601.871 -1.61581
90.7679 605.903 -30.2617
88.9915 599.594 1.57186
93.0199 603.654 30.1997
113.044 582.729 30.2016
108.873 578.817 1.57412
93.8987 604.504 33.1395
105.368 615.99 57.3593
125.793 594.649 57.3605
113.923 583.58 33.1414
106.991 617.554 59.6014
124.163 634.667 75.7423
145.18 612.705 75.7437
127.416 596.212 59.6026
126.281 636.7 76.9476
146.557 656.805 82.5723
168.264 634.12 82.5738
147.299 614.738 76.949
148.849 658.995 82.5615
169.148 679.031 76.8348
191.534 655.629 76.836
170.556 636.31 82.563
171.266 681.046 75.6145
188.507 697.993 59.4391
211.463 673.987 59.4399
193.652 657.644 75.6157
190.133 699.535 57.1965
201.748 710.91 33.0042
225.082 686.5 33.0042
213.088 675.529 57.1973
202.632 711.747 30.0767
206.728 715.757 1.51192
230.196 691.206 1.51183
225.967 687.337 30.0767
206.727 715.758 -1.6561
202.616 711.753 -30.204
225.951 687.343 -30.2035
230.195 691.206 -1.65619
201.731 710.917 -33.1282
190.132 699.56 -57.2782
213.089 675.553 -57.2769
225.066 686.507 -33.1277
188.508 698.018 -59.5186
171.274 681.067 -75.6972
193.661 657.663 -75.6961
211.465 674.011 -59.5172
169.157 679.051 -76.9179
148.865 659.009 -82.6503
170.573 636.321 -82.6494
191.545 655.647 -76.9168
146.574 656.818 -82.6619
126.304 636.703 -77.045
147.322 614.74 -77.044
168.282 634.131 -82.661
124.186 634.669 -75.8406
107.018 617.544 -59.708
127.443 596.2 -59.7069
145.204 612.706 -75.8396
105.394 615.978 -57.4642
93.9059 604.475 -33.2046
113.929 583.549 -33.2026
125.82 594.635 -57.4631
93.0256 603.625 -30.2615
88.9918 599.593 -1.61562
108.874 578.815 -1.61336
113.049 582.699 -30.2595
111.048 576.463 1.57437
115.219 580.375 30.2018
134.487 558.778 30.2039
130.178 555.018 1.57695
116.128 581.194 33.1416
127.998 592.263 57.3607
147.653 570.233 57.3618
135.395 559.597 33.1437
129.675 593.768 59.6028
147.44 610.261 75.7438
167.667 587.589 75.7445
149.33 571.738 59.6038
149.628 612.217 76.9491
170.594 631.599 82.574
191.488 608.177 82.5745
169.856 589.545 76.9497
172.96 633.708 82.5631
193.939 653.027 76.8361
215.491 628.861 76.8366
193.855 610.285 82.5637
196.124 654.967 75.6158
213.935 671.31 59.44
236.038 646.518 59.4407
217.677 630.801 75.6163
215.613 672.795 57.1974
227.607 683.766 33.0042
250.077 658.557 33.0045
237.716 648.003 57.1981
228.519 684.573 30.0767
232.748 688.441 1.51184
255.347 663.085 1.51217
250.99 659.364 30.077
232.747 688.441 -1.65614
228.503 684.579 -30.2035
250.974 659.369 -30.2024
255.346 663.086 -1.65581
227.591 683.773 -33.1275
215.614 672.819 -57.2767
237.719 648.026 -57.2746
250.061 658.564 -33.1264
213.937 671.334 -59.517
196.134 654.986 -75.6958
217.688 630.819 -75.6934
236.042 646.542 -59.5149
193.949 653.045 -76.9166
172.978 633.719 -82.6492
193.873 610.295 -82.6468
215.503 628.878 -76.9141
170.612 631.61 -82.6609
149.652 612.219 -77.0438
169.88 589.545 -77.0414
191.507 608.186 -82.6584
147.464 610.261 -75.8394
129.703 593.755 -59.7068
149.357 571.724 -59.7049
167.692 587.587 -75.837
128.025 592.248 -57.4629
116.134 581.163 -33.2025
135.4 559.565 -33.2001
147.679 570.217 -57.461
115.224 580.345 -30.2593
111.049 576.461 -1.61311
130.178 555.016 -1.61054
134.49 558.747 -30.2569
132.268 552.591 1.57723
136.577 556.351 30.2042
155.066 534.102 30.2065
150.625 530.499 1.58006
137.514 557.137 33.1439
149.772 567.773 57.362
168.634 545.077 57.3632
156.004 534.888 33.1462
151.501 569.217 59.604
169.839 585.067 75.7446
189.252 561.708 75.745
170.364 546.521 59.6051
172.095 586.945 76.9498
193.727 605.577 82.5746
213.783 581.442 82.5749
191.509 563.586 76.9503
196.166 607.601 82.5637
217.802 626.176 76.8366
238.492 601.273 76.837
216.222 583.466 82.564
220.054 628.04 75.6164
238.416 643.756 59.4407
259.637 618.206 59.4416
240.744 603.136 75.6167
240.143 645.182 57.1981
252.504 655.737 33.0046
274.08 629.755 33.0052
261.365 619.632 57.199
253.444 656.511 30.0771
257.801 660.233 1.51221
279.501 634.101 1.51291
275.02 630.53 30.0777
257.8 660.233 -1.6557
253.428 656.517 -30.2023
275.004 630.535 -30.2009
279.5 634.101 -1.65501
252.489 655.743 -33.1262
240.146 645.206 -57.2744
261.369 619.654 -57.2718
274.065 629.762 -33.1248
238.42 643.78 -59.5146
220.065 628.057 -75.6931
240.756 603.152 -75.6899
259.643 618.229 -59.512
217.814 626.193 -76.9138
196.185 607.61 -82.6464
216.241 583.473 -82.6431
238.505 601.288 -76.9106
193.746 605.585 -82.6581
172.119 586.944 -77.0411
191.534 563.583 -77.0379
213.803 581.449 -82.6547
169.864 585.065 -75.8368
151.529 569.202 -59.7046
170.391 546.505 -59.7022
189.278 561.704 -75.8336
149.798 567.757 -57.4607
137.519 557.104 -33.1999
156.007 534.855 -33.1972
168.66 545.06 -57.4583
136.58 556.32 -30.2567
132.268 552.589 -1.61026
150.625 530.498 -1.60743
155.068 534.07 -30.254
152.628 528.001 1.58036
157.069 531.604 30.2068
174.76 508.726 30.2094
170.192 505.285 1.58341
158.034 532.355 33.1464
170.665 542.545 57.3634
188.713 519.206 57.3647
175.725 509.477 33.149
172.444 543.926 59.6052
191.333 559.113 75.7451
209.91 535.09 75.7456
190.493 520.587 59.6066
193.654 560.909 76.9503
215.929 578.765 82.5749
235.121 553.943 82.5751
212.231 536.887 76.9508
218.437 580.702 82.564
240.707 598.509 76.837
260.509 572.895 76.8374
237.63 555.88 82.5642
243.022 600.293 75.6168
261.916 615.363 59.4416
282.227 589.083 59.4427
262.823 574.679 75.6172
263.692 616.728 57.199
276.407 626.851 33.0053
297.059 600.128 33.0062
284.003 590.448 57.2001
277.372 627.593 30.0778
281.854 631.164 1.513
302.625 604.285 1.51401
298.024 600.87 30.0787
281.853 631.164 -1.65487
277.357 627.599 -30.2008
298.009 600.875 -30.1991
302.624 604.285 -1.65385
276.392 626.858 -33.1246
263.696 616.751 -57.2716
284.008 590.47 -57.2687
297.044 600.134 -33.1229
261.921 615.385 -59.5117
243.035 600.309 -75.6895
262.837 574.694 -75.6858
282.234 589.105 -59.5088
240.721 598.524 -76.9102
218.457 580.71 -82.6427
237.65 555.886 -82.6387
260.523 572.909 -76.9065
215.949 578.772 -82.6543
193.68 560.907 -77.0375
212.257 536.882 -77.0338
235.142 553.948 -82.6504
191.358 559.109 -75.8333
172.472 543.91 -59.7018
190.52 520.57 -59.699
209.936 535.084 -75.8296
170.691 542.527 -57.458
158.037 532.322 -33.1969
175.727 509.444 -33.1941
188.739 519.187 -57.4552
157.071 531.572 -30.2537
152.628 527.999 -1.60711
170.192 505.283 -1.60406
174.76 508.693 -30.2508
172.105 502.718 1.58373
176.674 506.159 30.2097
193.548 482.675 30.2124
188.857 479.401 1.58698
177.665 506.875 33.1492
190.653 516.604 57.365
207.867 492.647 57.3665
194.539 483.391 33.1519
192.481 517.921 59.6067
211.898 532.424 75.7457
229.616 507.763 75.7464
209.695 493.963 59.6082
214.281 534.137 76.9508
237.171 551.193 82.5752
255.478 525.712 82.5756
232 509.476 76.9515
239.746 553.041 82.5642
262.625 570.056 76.8375
281.513 543.761 76.8381
258.053 527.559 82.5646
265.001 571.758 75.6173
284.405 586.161 59.4428
303.78 559.183 59.4441
283.888 545.463 75.6179
286.226 587.465 57.2002
299.282 597.144 33.0063
318.983 569.71 33.0076
305.602 560.486 57.2016
300.272 597.852 30.0788
304.873 601.267 1.51414
324.688 573.673 1.51545
319.973 570.418 30.0801
304.872 601.268 -1.65369
300.257 597.857 -30.1989
319.958 570.423 -30.1971
324.687 573.674 -1.65237
299.267 597.15 -33.1227
286.232 587.486 -57.2684
305.608 560.506 -57.2654
318.968 569.715 -33.1208
284.412 586.183 -59.5084
265.014 571.772 -75.6855
283.903 545.476 -75.6816
303.788 559.203 -59.5054
262.639 570.069 -76.9061
239.767 553.046 -82.6383
258.074 527.564 -82.6341
281.528 543.774 -76.9022
237.192 551.198 -82.65
214.307 534.132 -77.0334
232.026 509.47 -77.0294
255.499 525.715 -82.6457
211.924 532.418 -75.8292
192.508 517.903 -59.6987
209.721 493.944 -59.6956
229.642 507.756 -75.8252
190.678 516.585 -57.4549
177.666 506.842 -33.1938
194.538 483.357 -33.1907
207.892 492.626 -57.4518
176.674 506.126 -30.2505
172.105 502.717 -1.60372
188.857 479.399 -1.60048
193.546 482.642 -30.2474
190.679 476.768 1.58732
195.369 480.042 30.2128
211.408 455.976 30.2157
206.602 452.873 1.59073
196.386 480.722 33.1522
209.714 489.978 57.3667
226.076 465.427 57.3685
212.424 456.656 33.1551
211.588 491.229 59.6083
231.509 505.029 75.7465
248.35 479.758 75.7475
227.95 466.678 59.6101
233.952 506.656 76.9516
257.43 522.892 82.5756
274.828 496.78 82.5764
250.792 481.385 76.9525
260.068 524.647 82.5647
283.528 540.849 76.8382
301.479 513.904 76.8391
277.467 498.535 82.5654
285.962 542.466 75.618
305.853 556.186 59.4443
324.268 528.541 59.4459
303.913 515.522 75.6189
307.719 557.426 57.2017
321.1 566.649 33.0078
339.825 538.538 33.0094
326.134 529.781 57.2034
322.114 567.323 30.0803
326.829 570.578 1.51561
345.662 542.304 1.51719
340.839 539.212 30.0819
326.828 570.579 -1.65218
322.099 567.328 -30.1969
340.824 539.216 -30.1948
345.661 542.304 -1.6506
321.086 566.655 -33.1205
307.726 557.446 -57.2651
326.142 529.8 -57.2619
339.811 538.543 -33.1184
305.862 556.207 -59.505
285.976 542.479 -75.6812
303.928 515.533 -75.6771
324.278 528.561 -59.5018
283.543 540.861 -76.9017
260.089 524.651 -82.6336
277.488 498.538 -82.6293
301.495 513.915 -76.8977
257.451 522.895 -82.6453
233.978 506.65 -77.029
250.818 481.377 -77.0248
274.851 496.781 -82.6409
231.535 505.021 -75.8248
211.614 491.21 -59.6952
227.975 466.658 -59.6919
248.375 479.749 -75.8207
209.739 489.958 -57.4515
196.385 480.688 -33.1903
212.422 456.622 -33.187
226.1 465.406 -57.4481
195.367 480.009 -30.247
190.679 476.767 -1.60012
206.602 452.871 -1.5967
211.404 455.943 -30.2437
208.33 450.178 1.59109
213.136 453.281 30.216
228.322 428.658 30.2191
223.407 425.731 1.59461
214.176 453.924 33.1553
227.828 462.695 57.3687
243.32 437.577 57.3707
229.362 429.302 33.1584
229.746 463.878 59.6102
250.145 476.958 75.7476
266.09 451.104 75.7488
245.237 438.759 59.6122
252.644 478.497 76.9526
276.68 493.892 82.5765
293.152 467.179 82.5775
268.588 452.643 76.9538
279.378 495.553 82.5655
303.391 510.922 76.8392
320.385 483.359 76.8405
295.851 468.84 82.5665
305.879 512.454 75.6191
326.235 525.474 59.4461
343.668 497.196 59.4481
322.874 484.891 75.6204
328.142 526.648 57.2036
341.833 535.405 33.0096
359.559 506.651 33.0115
345.575 498.37 57.2056
342.87 536.043 30.0821
347.693 539.135 1.51739
365.522 510.215 1.51923
360.596 507.29 30.084
347.692 539.135 -1.65038
342.855 536.048 -30.1946
360.581 507.294 -30.1923
365.521 510.215 -1.64855
341.819 535.41 -33.1181
328.15 526.667 -57.2617
345.585 498.388 -57.2584
359.545 506.656 -33.1159
326.245 525.493 -59.5014
305.895 512.465 -75.6768
322.89 484.901 -75.6727
343.679 497.214 -59.4982
303.407 510.933 -76.8973
279.4 495.556 -82.6288
295.873 468.842 -82.6244
320.402 483.369 -76.8932
276.702 493.893 -82.6405
252.67 478.489 -77.0243
268.614 452.634 -77.0202
293.175 467.179 -82.6361
250.171 476.949 -75.8202
229.771 463.857 -59.6914
245.262 438.738 -59.688
266.115 451.094 -75.8161
227.852 462.673 -57.4478
214.174 453.89 -33.1866
229.358 429.267 -33.1832
243.343 437.554 -57.4443
213.132 453.248 -30.2433
208.33 450.176 -1.59632
223.407 425.729 -1.59281
228.316 428.625 -30.2399
225.04 422.975 1.59498
229.955 425.903 30.2194
244.273 400.752 30.2226
239.255 398.004 1.59854
231.018 426.508 33.1586
244.976 434.783 57.371
259.581 409.126 57.3731
245.336 401.357 33.1618
246.934 435.897 59.6124
267.786 448.241 75.749
282.817 421.833 75.7504
261.54 410.239 59.6145
270.338 449.691 76.954
294.902 464.227 82.5776
310.429 436.944 82.5787
285.369 423.283 76.9553
297.657 465.793 82.5667
322.192 480.312 76.8406
338.21 452.164 76.8421
313.184 438.51 82.5678
324.732 481.756 75.6206
345.526 494.061 59.4483
361.957 465.186 59.4505
340.75 453.608 75.6221
347.473 495.168 57.2058
361.457 503.449 33.0117
378.164 474.09 33.0139
363.904 466.293 57.2081
362.514 504.052 30.0842
367.44 506.977 1.51946
384.244 477.448 1.5215
379.222 474.693 30.0864
367.44 506.977 -1.64832
362.5 504.056 -30.1921
379.208 474.697 -30.1898
384.244 477.449 -1.64628
361.443 503.454 -33.1156
347.482 495.186 -57.2581
363.915 466.31 -57.2549
378.15 474.095 -33.1132
345.537 494.079 -59.4978
324.748 481.766 -75.6723
340.767 453.616 -75.6682
361.969 465.203 -59.4946
322.209 480.321 -76.8927
297.679 465.794 -82.624
313.207 438.51 -82.6195
338.228 452.172 -76.8886
294.924 464.227 -82.6356
270.363 449.682 -77.0197
285.394 423.273 -77.0154
310.452 436.943 -82.6311
267.812 448.231 -75.8156
246.958 435.875 -59.6876
261.563 410.217 -59.6841
282.843 421.822 -75.8113
244.999 434.761 -57.4439
231.013 426.474 -33.1828
245.329 401.323 -33.1793
259.603 409.103 -57.4404
229.949 425.87 -30.2395
225.04 422.974 -1.59242
239.255 398.002 -1.58885
244.265 400.719 -30.236
240.792 395.191 1.59891
245.809 397.94 30.2229
259.245 372.288 30.226
254.131 369.722 1.6025
246.893 398.506 33.1621
261.139 406.275 57.3734
274.844 380.107 57.3754
260.329 372.854 33.1652
263.136 407.317 59.6147
284.413 418.912 75.7506
298.516 391.981 75.7518
276.841 381.15 59.6167
287.015 420.271 76.9555
312.075 433.932 82.5789
326.642 406.112 82.5799
301.117 393.34 76.9567
314.883 435.4 82.568
339.909 449.054 76.8422
354.935 420.355 76.8437
329.449 407.58 82.569
342.497 450.409 75.6223
363.704 461.987 59.4508
379.116 432.551 59.453
357.523 421.71 75.6237
365.688 463.027 57.2084
379.948 470.824 33.0142
395.618 440.897 33.0166
381.1 433.591 57.2106
381.026 471.39 30.0867
386.048 474.145 1.52175
401.809 444.046 1.52395
396.696 441.463 30.089
386.048 474.145 -1.64604
381.012 471.394 -30.1895
396.682 441.466 -30.187
401.809 444.047 -1.64384
379.934 470.828 -33.1129
365.699 463.043 -57.2546
381.112 433.606 -57.2512
395.605 440.901 -33.1104
363.716 462.003 -59.4942
342.515 450.417 -75.6678
357.541 421.718 -75.6635
379.13 432.566 -59.4907
339.926 449.061 -76.8882
314.905 435.4 -82.619
329.472 407.579 -82.6142
354.953 420.362 -76.8838
312.098 433.931 -82.6306
287.04 420.261 -77.0149
301.142 393.329 -77.0103
326.665 406.11 -82.6258
284.438 418.901 -75.8109
263.159 407.296 -59.6836
276.863 381.128 -59.6798
298.541 391.97 -75.8063
261.161 406.252 -57.44
246.887 398.473 -33.1789
260.321 372.822 -33.1753
274.865 380.084 -57.4363
245.802 397.907 -30.2356
240.791 395.19 -1.58845
254.13 369.721 -1.58487
259.236 372.256 -30.2321
255.569 366.856 1.60286
260.683 369.421 30.2264
273.223 343.298 30.2294
268.019 340.919 1.60642
261.786 369.949 33.1654
276.301 377.202 57.3757
289.092 350.554 57.3775
274.327 343.825 33.1685
278.334 378.172 59.6168
300.01 389.004 75.752
313.17 361.582 75.7529
291.125 351.525 59.6187
302.657 390.27 76.9568
328.181 403.042 82.58
341.773 374.719 82.5806
315.818 362.848 76.9577
331.039 404.412 82.5692
356.524 417.187 76.8438
370.542 387.974 76.8449
344.63 376.089 82.5698
359.158 418.452 75.6239
380.751 429.292 59.4533
395.128 399.333 59.4554
373.176 389.239 75.625
382.769 430.264 57.2109
397.287 437.569 33.0168
411.905 407.113 33.0193
397.146 400.304 57.2131
398.384 438.099 30.0893
403.497 440.682 1.52422
418.199 410.052 1.52653
413.001 407.642 30.0917
403.496 440.682 -1.64359
398.37 438.102 -30.1868
412.988 407.645 -30.1842
418.199 410.052 -1.64128
397.274 437.573 -33.1101
382.781 430.279 -57.2508
397.159 400.318 -57.2472
411.892 407.117 -33.1075
380.764 429.307 -59.4903
359.176 418.459 -75.663
373.195 389.245 -75.6583
395.143 399.347 -59.4866
356.542 417.193 -76.8833
331.061 404.41 -82.6137
344.653 376.087 -82.6084
370.561 387.979 -76.8785
328.204 403.04 -82.6253
302.682 390.26 -77.0097
315.842 362.837 -77.0047
341.796 374.716 -82.62
300.034 388.992 -75.8058
278.356 378.151 -59.6793
291.146 351.504 -59.6753
313.195 361.57 -75.8008
276.322 377.179 -57.4358
261.778 369.916 -33.1749
274.316 343.794 -33.1712
289.112 350.532 -57.4318
260.673 369.39 -30.2317
255.568 366.855 -1.58446
268.019 340.917 -1.5809
273.212 343.268 -30.228
269.358 338.002 1.60678
274.561 340.381 30.2298
286.195 313.815 30.2328
280.908 311.625 1.61028
275.683 340.869 33.1687
290.449 347.597 57.3778
302.313 320.5 57.3794
287.316 314.303 33.1717
292.514 348.495 59.6188
314.56 358.553 75.753
326.766 330.671 75.7534
304.379 321.398 59.6204
317.25 359.725 76.9578
343.205 371.596 82.5807
355.809 342.803 82.5805
329.456 331.844 76.9581
346.108 372.865 82.5699
372.02 384.751 76.8449
385.018 355.059 76.8454
358.712 344.073 82.5697
374.696 385.924 75.6252
396.648 396.018 59.4556
409.977 365.573 59.4576
387.694 356.233 75.6257
398.698 396.92 57.2134
413.457 403.73 33.0195
427.009 372.783 33.022
412.028 366.475 57.2153
414.571 404.221 30.092
419.769 406.631 1.5268
433.399 375.508 1.52918
428.123 373.275 30.0944
419.768 406.631 -1.64102
414.558 404.224 -30.1839
428.11 373.277 -30.1812
433.398 375.508 -1.63864
413.444 403.733 -33.1072
398.712 396.934 -57.2468
412.042 366.487 -57.2429
426.997 372.786 -33.1045
396.663 396.032 -59.4862
374.715 385.93 -75.6578
387.713 356.237 -75.6524
409.993 365.585 -59.4823
372.04 384.756 -76.8779
346.131 372.863 -82.6079
358.735 344.07 -82.6018
385.038 355.063 -76.8725
343.228 371.593 -82.6194
317.275 359.714 -77.0041
329.48 331.833 -76.9985
355.832 342.8 -82.6133
314.584 358.541 -75.8002
292.536 348.474 -59.6748
304.399 321.378 -59.6705
326.79 330.659 -75.7947
290.468 347.575 -57.4313
275.673 340.838 -33.1708
287.304 314.273 -33.1671
302.332 320.479 -57.4271
274.55 340.351 -30.2276
269.357 338 -1.58049
280.907 311.623 -1.57699
286.182 313.787 -30.2239
282.145 308.661 1.61063
287.432 310.851 30.2331
298.148 283.871 30.2358
292.786 281.873 1.61402
288.57 311.298 33.1719
303.567 317.495 57.3796
314.496 289.978 57.3807
299.287 284.319 33.1746
305.664 318.32 59.6205
328.05 327.593 75.7534
339.292 299.284 75.7527
316.592 290.803 59.6216
330.78 328.671 76.9581
357.133 339.63 82.5805
368.738 310.402 82.5789
342.022 300.361 76.9574
360.078 340.799 82.5697
386.384 351.785 76.8454
398.35 321.652 76.8448
371.684 311.571 82.5682
389.098 352.867 75.6259
411.382 362.207 59.4577
423.652 331.316 59.4592
401.064 322.733 75.6252
413.462 363.04 57.2156
428.443 369.347 33.0222
440.918 337.951 33.0246
425.732 332.148 57.217
429.573 369.802 30.0947
434.849 372.035 1.52945
447.397 340.46 1.53185
442.048 338.405 30.097
434.848 372.035 -1.63836
429.56 369.804 -30.1809
442.036 338.406 -30.1781
447.396 340.46 -1.63597
428.431 369.35 -33.1042
413.476 363.052 -57.2426
425.748 332.158 -57.2382
440.907 337.952 -33.1013
411.398 362.219 -59.4817
389.118 352.871 -75.6519
401.085 322.737 -75.6455
423.67 331.326 -59.4773
386.404 351.789 -76.8718
360.101 340.796 -82.6011
371.707 311.567 -82.5937
398.371 321.654 -76.8654
357.156 339.627 -82.6126
330.804 328.66 -76.9978
342.045 300.351 -76.9912
368.762 310.398 -82.6052
328.074 327.581 -75.794
305.684 318.3 -59.6699
316.612 290.784 -59.6651
339.315 299.272 -75.7875
303.586 317.474 -57.4266
288.558 311.269 -33.1666
299.273 284.292 -33.1629
314.513 289.959 -57.4219
287.419 310.823 -30.2235
282.145 308.659 -1.57659
292.785 281.872 -1.5732
298.134 283.846 -30.2198
293.921 278.865 1.61434
299.284 280.863 30.2362
309.075 253.499 30.2385
303.643 251.695 1.61759
300.437 281.269 33.1748
315.647 286.929 57.3809
325.631 259.022 57.3812
310.229 253.905 33.1772
317.771 287.679 59.6215
340.47 296.16 75.7526
350.739 267.454 75.7503
327.756 259.772 59.6218
343.236 297.142 76.9571
369.953 307.183 82.5787
380.551 277.554 82.575
353.505 268.436 76.9548
372.936 308.25 82.568
399.602 318.331 76.8446
410.528 287.793 76.8421
383.535 278.621 82.5643
402.352 319.32 75.6253
424.94 327.903 59.4592
436.143 296.604 59.4596
413.278 288.783 75.6227
427.047 328.665 57.2172
442.233 334.467 33.0248
453.623 302.66 33.0267
438.25 297.366 57.2177
443.378 334.884 30.0972
448.726 336.939 1.5321
460.183 304.951 1.53448
454.768 303.076 30.0992
448.726 336.939 -1.63566
443.365 334.884 -30.1777
454.756 303.076 -30.1746
460.183 304.951 -1.63329
442.222 334.469 -33.1009
427.063 328.675 -57.2378
438.267 297.374 -57.2325
453.613 302.66 -33.0977
424.958 327.912 -59.4767
402.373 319.323 -75.6448
413.299 288.784 -75.6367
436.162 296.611 -59.4715
399.624 318.333 -76.8646
372.96 308.246 -82.5929
383.559 278.616 -82.5835
410.55 287.794 -76.8564
369.976 307.179 -82.6043
343.26 297.132 -76.9903
353.528 268.427 -76.9823
380.576 277.549 -82.5949
340.494 296.149 -75.7867
317.79 287.66 -59.6644
327.774 259.755 -59.6589
350.763 267.444 -75.7787
315.664 286.91 -57.4213
300.424 281.243 -33.1624
310.214 253.881 -33.1585
325.648 259.004 -57.4159
299.269 280.837 -30.2194
293.92 278.863 -1.57279
303.642 251.694 -1.56955
309.059 253.476 -30.2155
304.676 248.646 1.61788
310.108 250.45 30.2388
318.968 222.73 30.2408
313.473 221.122 1.62093
311.275 250.815 33.1772
326.678 255.931 57.3812
335.713 227.662 57.3806
320.136 223.095 33.1792
328.827 256.606 59.6215
351.811 264.288 75.7501
361.101 235.217 75.7459
337.862 228.337 59.6209
354.609 265.175 76.9543
381.655 274.292 82.5745
391.241 244.296 82.5679
363.899 236.103 76.9501
384.674 275.257 82.5638
411.666 284.43 76.8416
421.545 253.526 76.8364
394.259 245.261 82.5572
414.448 285.327 75.6226
437.313 293.148 59.4595
447.442 261.482 59.4585
424.327 254.423 75.6174
439.445 293.839 57.2178
454.818 299.134 33.0268
465.118 266.956 33.0282
449.574 262.174 57.2168
455.977 299.511 30.0994
461.392 301.386 1.53467
471.753 269.023 1.53698
466.276 267.333 30.1008
461.391 301.386 -1.63294
455.965 299.511 -30.1743
466.266 267.332 -30.1707
471.752 269.023 -1.63063
454.808 299.133 -33.0973
439.462 293.847 -57.232
449.593 262.179 -57.2256
465.109 266.954 -33.0937
437.332 293.155 -59.4707
414.47 285.328 -75.6359
424.35 254.423 -75.6253
447.463 261.487 -59.4642
411.689 284.431 -76.8553
384.698 275.253 -82.5824
394.284 245.257 -82.5703
421.569 253.526 -76.8447
381.68 274.287 -82.5938
354.632 265.165 -76.9811
363.922 236.095 -76.9713
391.266 244.291 -82.5817
351.834 264.278 -75.7778
328.846 256.589 -59.6581
337.88 228.323 -59.6518
361.124 235.208 -75.768
326.694 255.914 -57.4153
311.26 250.791 -33.158
320.119 223.074 -33.154
335.728 227.648 -57.4091
310.091 250.427 -30.2151
304.675 248.644 -1.56915
313.473 221.121 -1.56611
318.95 222.71 -30.2111
314.403 218.035 1.6212
319.897 219.642 30.241
327.824 191.594 30.2423
322.274 190.187 1.624
321.078 219.965 33.1792
336.654 224.533 57.3806
344.735 195.93 57.3789
329.004 191.917 33.1805
338.826 225.133 59.6204
362.065 232.012 75.7454
370.373 202.604 75.7392
346.907 196.53 59.6188
364.892 232.802 76.9493
392.234 240.995 82.5671
400.803 210.666 82.5572
373.2 203.394 76.9431
395.283 241.859 82.5564
422.569 250.124 76.8356
431.396 218.894 76.8269
403.852 211.529 82.5465
425.379 250.928 75.617
448.494 257.987 59.4581
457.545 225.997 59.455
434.206 219.698 75.6083
450.648 258.608 57.2167
466.193 263.39 33.0282
475.399 230.881 33.0285
459.699 226.618 57.2137
467.363 263.729 30.1009
472.84 265.419 1.53708
482.103 232.717 1.53924
476.569 231.22 30.1012
472.839 265.419 -1.63022
467.353 263.727 -30.1702
476.56 231.216 -30.1659
482.102 232.717 -1.62805
466.183 263.389 -33.093
450.668 258.613 -57.225
459.72 226.62 -57.2169
475.39 230.877 -33.0886
448.516 257.992 -59.4632
425.402 250.928 -75.6243
434.231 219.696 -75.6108
457.568 225.999 -59.4552
422.593 250.123 -76.8434
395.308 241.854 -82.5689
403.878 211.525 -82.554
431.422 218.892 -76.8298
392.259 240.99 -82.5803
364.916 232.794 -76.9699
373.224 203.388 -76.9584
400.829 210.661 -82.5653
362.089 232.004 -75.767
338.844 225.119 -59.6508
346.925 196.52 -59.6438
370.397 202.597 -75.7554
336.67 224.519 -57.4085
321.061 219.946 -33.1534
328.986 191.902 -33.1491
344.751 195.92 -57.4014
319.88 219.623 -30.2108
314.402 218.034 -1.56572
322.273 190.186 -1.56292
327.805 191.579 -30.2065
323.1 187.065 1.62423
328.65 188.472 30.2426
335.643 160.123 30.2426
330.045 158.922 1.62676
329.841 188.753 33.1804
345.572 192.766 57.3788
352.7 163.854 57.3756
336.834 160.404 33.1805
347.764 193.289 59.6181
371.23 199.363 75.7386
378.554 169.645 75.7302
354.892 164.377 59.615
374.081 200.058 76.9419
401.685 207.329 82.556
409.234 176.701 82.542
381.406 170.34 76.9335
404.76 208.093 82.5452
432.305 215.457 76.8257
440.077 183.941 76.8117
412.31 177.464 82.5312
435.14 216.17 75.6075
458.479 222.469 59.4542
466.447 190.197 59.4473
442.912 184.654 75.5935
460.653 223.019 57.2133
476.353 227.282 33.028
484.46 194.479 33.0259
468.621 190.747 57.2064
477.534 227.581 30.1011
483.068 229.078 1.53915
491.229 196.069 1.54105
485.642 194.778 30.0989
483.067 229.078 -1.62751
477.525 227.576 -30.1653
485.634 194.771 -30.1591
491.229 196.069 -1.62561
476.344 227.278 -33.0877
460.674 223.02 -57.216
468.645 190.745 -57.205
484.453 194.472 -33.0815
458.503 222.471 -59.4539
435.165 216.168 -75.6094
442.94 184.65 -75.5915
466.473 190.196 -59.4429
432.33 215.455 -76.8281
404.787 208.089 -82.5522
412.338 177.461 -82.5338
440.104 183.938 -76.8101
401.711 207.325 -82.5637
374.106 200.052 -76.9567
381.431 170.337 -76.9433
409.262 176.697 -82.5452
371.254 199.357 -75.7542
347.782 193.28 -59.6426
354.91 164.373 -59.6342
378.579 169.642 -75.7408
345.588 192.756 -57.4008
329.823 188.738 -33.1484
336.817 160.395 -33.1433
352.716 163.849 -57.3924
328.631 188.458 -30.2061
323.099 187.064 -1.56253
330.044 158.921 -1.55999
335.625 160.115 -30.2009
330.769 155.768 1.62683
336.367 156.97 30.2427
342.441 128.351 30.237
336.805 127.364 1.62913
337.567 157.207 33.18
353.433 160.657 57.3751
359.616 131.462 57.3629
343.641 128.588 33.1743
355.641 161.104 59.6137
379.303 166.372 75.7289
385.646 136.371 75.7097
361.824 131.909 59.6014
382.176 166.972 76.9315
410.004 173.333 82.5401
416.529 142.44 82.5135
388.518 136.971 76.9123
413.102 173.997 82.529
440.87 180.474 76.8095
447.574 148.716 76.7813
419.627 143.104 82.5024
443.726 181.097 75.5917
467.261 186.64 59.4456
474.128 154.136 59.4269
450.431 149.339 75.5635
469.452 187.118 57.2051
485.291 190.85 33.0246
492.281 157.787 33.0153
476.32 154.614 57.1865
486.483 191.107 30.0985
492.071 192.398 1.54056
499.113 159.107 1.54196
493.473 158.043 30.0892
492.07 192.398 -1.62477
486.475 191.1 -30.1583
493.468 158.033 -30.1462
499.113 159.107 -1.62337
485.285 190.843 -33.0799
469.477 187.116 -57.2033
476.348 154.608 -57.1824
492.278 157.776 -33.0678
467.287 186.638 -59.4407
443.754 181.093 -75.5893
450.462 149.333 -75.5586
474.159 154.13 -59.4198
440.897 180.471 -76.8074
413.131 173.994 -82.5311
419.658 143.101 -82.5011
447.606 148.711 -76.7767
410.032 173.33 -82.5428
382.201 166.969 -76.9408
388.546 136.972 -76.9171
416.56 142.437 -82.5128
379.328 166.369 -75.739
355.66 161.1 -59.6324
361.845 131.913 -59.6148
385.673 136.373 -75.7152
353.449 160.653 -57.3913
337.549 157.199 -33.1422
343.625 128.589 -33.1314
359.634 131.466 -57.3737
336.348 156.962 -30.2004
330.768 155.768 -1.55947
336.804 127.364 -1.55717
342.424 128.352 -30.1896
337.431 124.185 1.62804
343.066 125.171 30.2359
348.288 96.332 30.1928
342.63 95.5743 1.63003
344.273 125.364 33.1705
360.248 128.238 57.3591
365.533 98.8041 57.2783
349.495 96.5243 33.1273
362.468 128.607 59.5954
386.289 133.07 75.7036
391.665 102.829 75.5999
367.753 99.1737 59.5146
389.177 133.575 76.905
417.188 139.044 82.5062
422.667 107.929 82.3968
394.552 103.335 76.8014
420.302 139.612 82.4952
448.249 145.224 76.774
453.834 113.272 76.6729
425.781 108.497 82.3858
451.121 145.759 75.5575
474.818 150.556 59.4209
480.506 117.876 59.3455
456.706 113.807 75.4564
477.023 150.961 57.1819
492.985 154.133 33.0108
498.768 120.828 32.9721
482.711 118.28 57.1065
494.185 154.343 30.0875
499.826 155.407 1.54029
505.657 121.842 1.54106
499.968 121.038 30.0489
499.826 155.406 -1.62152
494.181 154.332 -30.1444
499.969 121.022 -30.1051
505.657 121.841 -1.62076
492.982 154.122 -33.0631
477.053 150.953 -57.1777
482.747 118.268 -57.1034
498.771 120.812 -33.0238
474.849 150.549 -59.4136
451.152 145.753 -75.5524
456.743 113.799 -75.451
480.543 117.863 -59.3394
448.28 145.219 -76.7692
420.333 139.609 -82.4936
425.816 108.495 -82.3823
453.871 113.265 -76.6677
417.219 139.042 -82.5051
389.205 133.577 -76.9094
394.584 103.341 -76.8019
422.702 107.928 -82.3938
386.317 133.072 -75.7086
362.489 128.612 -59.6082
367.779 99.1894 -59.5215
391.697 102.836 -75.6011
360.267 128.243 -57.3693
344.258 125.366 -33.127
349.483 96.5409 -33.0787
365.556 98.8201 -57.2826
343.05 125.173 -30.1879
337.43 124.185 -1.55549
342.629 95.5748 -1.55351
348.275 96.3481 -30.1396
343.182 92.383 1.62132
348.84 93.1408 30.184
353.567 64.2506 29.9136
347.937 63.7247 1.62083
350.046 93.2869 33.1024
366.085 95.5667 57.2535
370.733 66.0774 56.7576
354.773 64.3967 32.832
368.303 95.8576 59.4783
392.215 99.513 75.5635
396.74 69.2004 74.9356
372.952 66.3682 58.9824
395.101 99.9239 76.7604
423.216 104.518 82.3558
427.603 73.3062 81.7196
399.626 69.6113 76.1325
426.328 104.99 82.3472
454.381 109.766 76.6344
458.646 77.7057 76.0887
430.715 73.7782 81.711
457.252 110.213 75.4254
481.052 114.283 59.3145
485.197 81.5131 58.9041
461.517 78.1533 74.8796
483.26 114.607 57.0846
499.317 117.155 32.9502
503.441 83.577 32.7498
487.406 81.8379 56.6743
500.519 117.309 30.0419
506.207 118.113 1.53405
510.305 84.2271 1.53627
504.643 83.731 29.8414
506.208 118.112 -1.61362
500.521 117.293 -30.0979
504.655 83.7075 -29.898
510.306 84.226 -1.6114
499.321 117.138 -33.0021
483.297 114.594 -57.0817
487.448 81.8188 -56.6763
503.455 83.5527 -32.8022
481.089 114.27 -59.3085
457.289 110.205 -75.4201
461.557 78.1432 -74.8752
485.241 81.4947 -58.9031
454.418 109.758 -76.6291
426.364 104.989 -82.3438
430.754 73.7778 -81.7076
458.686 77.6963 -76.0842
423.251 104.518 -82.3526
395.133 99.9308 -76.7607
399.662 69.6232 -76.1313
427.641 73.3067 -81.7165
392.247 99.521 -75.5642
368.329 95.8742 -59.4846
372.986 66.3956 -58.9811
396.776 69.2134 -74.9347
366.109 95.5842 -57.2572
350.035 93.3051 -33.0533
354.772 64.4324 -32.7799
370.765 66.1056 -56.7537
348.827 93.1578 -30.1306
343.181 92.3844 -1.54446
347.937 63.726 -1.54494
353.564 64.2851 -29.8572
348.578 60.5912 1.57335
354.208 61.1171 29.8661
360.96 33.2527 28.5614
355.592 32.6895 1.56883
355.379 61.2425 32.7004
371.339 62.9231 56.626
377.339 35.1242 54.2223
362.13 33.3781 31.3957
373.496 63.1743 58.7926
397.285 66.0065 74.7458
402.174 38.1593 71.6186
379.496 35.3755 56.3889
400.097 66.3617 75.9172
428.074 70.0566 81.5043
431.678 41.9803 78.1478
404.986 38.5145 72.79
431.112 70.4647 81.5035
459.042 74.3922 75.8812
461.393 45.9818 72.819
434.716 42.3885 78.147
461.846 74.7797 74.7091
485.526 78.1394 58.7336
486.82 49.4368 56.416
464.196 46.3693 71.6469
487.677 78.4177 56.5696
503.712 80.1568 32.6451
504.171 51.5825 31.369
488.971 49.7152 54.252
504.887 80.2868 29.8062
510.549 80.7829 1.50109
510.679 52.2848 1.5056
505.345 51.7125 28.5301
510.55 80.7808 -1.57589
504.899 80.2623 -29.8625
505.349 51.6579 -28.5764
510.679 52.2827 -1.57137
503.726 80.1306 -32.6973
487.719 78.3967 -56.5713
489.008 49.6659 -54.248
504.177 51.5262 -31.4112
485.57 78.1199 -58.7324
461.885 74.7684 -74.7045
464.232 46.3546 -71.6422
486.858 49.3891 -56.4091
459.082 74.3827 -75.8768
431.15 70.4642 -81.5002
434.75 42.3894 -78.1452
461.428 45.9689 -72.8146
428.112 70.0574 -81.5013
400.132 66.374 -75.9161
405.017 38.5327 -72.7919
431.712 41.9827 -78.1462
397.32 66.0209 -74.745
373.53 63.203 -58.7914
379.52 35.4312 -56.395
402.205 38.1796 -71.6208
371.37 62.9535 -56.6222
355.377 61.2803 -32.6484
362.119 33.4398 -31.3535
377.361 35.1817 -54.2257
354.205 61.1528 -29.8101
348.578 60.5937 -1.49778
355.591 32.692 -1.5023
360.947 33.3122 -28.5152
356.415 29.6573 1.48316
361.783 30.2206 28.4757
369.591 3.40338 26.6848
364.579 2.8398 1.47204
362.888 30.3482 31.1532
378.097 32.0944 53.9798
384.895 5.25867 50.6872
370.696 3.53104 29.3623
380.134 32.342 56.026
402.811 35.1258 71.2558
408.121 8.15743 66.9454
386.932 5.50627 52.7334
405.466 35.4622 72.3617
432.159 38.9281 77.7195
435.716 11.6881 73.0223
410.776 8.49387 68.0513
435.029 39.3035 77.7188
461.706 42.8968 72.3908
463.496 15.305 68.0119
438.586 12.0635 73.0217
464.354 43.25 71.2847
486.978 46.3175 56.0538
487.258 18.462 52.6824
466.145 15.6582 66.9058
489.008 46.5834 54.0076
504.208 48.4507 31.1246
503.442 20.5473 29.2996
489.288 18.7279 50.6362
505.31 48.5851 28.444
510.644 49.1573 1.41952
509.511 21.2498 1.43291
504.544 20.6816 26.619
510.644 49.1535 -1.48341
505.314 48.5288 -28.4885
504.542 20.5961 -26.6412
509.511 21.246 -1.47003
504.213 48.3912 -31.1655
489.044 46.531 -54.0023
489.309 18.6545 -50.625
503.441 20.4586 -29.3182
487.015 46.2685 -56.0466
464.389 43.234 -71.2798
466.166 15.6469 -66.9029
487.281 18.392 -52.6693
461.74 42.8839 -72.3866
435.062 39.3044 -77.7172
438.605 12.0637 -73.0207
463.517 15.2968 -68.0097
432.192 38.9304 -77.7181
405.496 35.4805 -72.3637
410.794 8.50725 -68.0532
435.735 11.6897 -73.0216
402.841 35.1474 -71.2585
380.156 32.399 -56.0326
386.937 5.57865 -52.7454
408.138 8.17414 -66.9479
378.117 32.1545 -53.9845
362.875 30.4126 -31.1122
370.671 3.61798 -29.3404
384.898 5.33415 -50.6973
361.769 30.2814 -28.4312
356.414 29.6611 -1.41829
364.578 2.84364 -1.42941
369.566 3.48682 -26.6593
365.57 0.135026 1.3444
370.581 0.698605 26.5572
380.289 -21.3351 23.7772
375.866 -21.9567 1.32547
371.588 0.827839 29.0052
385.787 2.55546 50.3301
393.894 -19.4467 45.2556
381.295 -21.2059 26.2252
387.648 2.79625 52.2023
408.837 5.44741 66.4143
414.638 -16.6757 59.7985
395.755 -19.2059 47.1278
411.265 5.76253 67.424
436.204 8.95674 72.395
439.303 -13.4101 65.2
417.066 -16.3606 60.8082
438.828 9.29971 72.3908
463.739 12.5412 67.381
464.111 -10.1353 60.6712
441.926 -13.0671 65.1958
466.159 12.8603 66.3659
487.272 15.6641 52.1425
485.295 -7.34099 46.9361
466.531 -9.81625 59.6561
489.124 15.9085 50.2723
503.278 17.7279 28.9357
499.66 -5.44715 26.1009
487.146 -7.09659 45.0658
504.28 17.8566 26.4925
509.246 18.4248 1.30641
505.052 -4.74005 1.32291
500.662 -5.31847 23.6577
509.246 18.4223 -1.33928
504.278 17.7725 -26.5104
500.662 -5.32107 -23.6576
505.052 -4.74249 -1.32279
503.275 17.6415 -28.9535
489.144 15.8375 -50.2603
487.146 -7.10167 -45.0659
499.66 -5.45202 -26.1007
487.293 15.5956 -52.1304
466.177 12.8505 -66.364
466.532 -9.81886 -59.6561
485.295 -7.34354 -46.9359
463.757 12.5334 -67.379
438.845 9.3002 -72.39
441.927 -13.0678 -65.1956
464.111 -10.136 -60.671
436.222 8.95779 -72.3942
411.281 5.77535 -67.4258
417.067 -16.3605 -60.8081
439.303 -13.4102 -65.1999
408.852 5.46207 -66.416
387.651 2.86657 -52.2135
395.755 -19.2039 -47.1277
414.638 -16.6738 -59.7983
385.789 2.62826 -50.341
371.563 0.912096 -28.9841
381.295 -21.2013 -26.2249
393.893 -19.4422 -45.2552
370.556 0.780649 -26.5359
365.569 0.137468 -1.30595
375.866 -21.9542 -1.32489
380.288 -21.3327 -23.7766
-157.299 807.906 25.7054
-159.923 803.539 -0.0364314
-157.282 807.902 -25.776
-149.733 820.325 -47.6176
-138.307 838.881 -62.2242
-124.681 860.701 -67.3415
-110.966 882.456 -62.1948
-99.3285 900.878 -47.5966
-91.5782 913.213 -25.7742
-88.869 917.56 -0.0311436
-91.5798 913.215 25.7111
-99.3229 900.873 47.5295
-110.961 882.452 62.1262
-124.676 860.698 67.2719
-138.302 838.878 62.153
-149.744 820.328 47.5496
382.635 -22.3855 1.31945e-05
387.058 -21.764 22.4517
399.656 -20.0048 41.4821
418.539 -17.4746 54.1528
440.776 -14.5241 58.5446
462.96 -11.5923 54.02
481.723 -9.11705 41.3
494.237 -7.4676 22.335
498.627 -6.88918 0.000239176
494.237 -7.46776 -22.3346
481.723 -9.11742 -41.2997
462.96 -11.5927 -54.0199
440.776 -14.5245 -58.5445
418.539 -17.4748 -54.1527
399.656 -20.0049 -41.4821
387.058 -21.764 -22.4517
</DataArray>
</Points>
<Cells>
<DataArray type="Int32" Name="connectivity" format="ascii">
0 1 2 3 
4 5 6 7 
8 9 10 11 
12 13 14 15 
16 17 18 19 
20 21 22 23 
24 25 26 27 
28 29 30 31 
32 33 34 35 
36 37 38 39 
40 41 42 43 
44 45 46 47 
48 49 50 51 
52 53 54 55 
56 57 58 59 
60 61 62 63 
64 65 66 67 
68 69 70 71 
72 73 74 75 
76 77 78 79 
80 81 82 83 
84 85 86 87 
88 89 90 91 
92 93 94 95 
96 97 98 99 
100 101 102 103 
104 105 106 107 
108 109 110 111 
112 113 114 115 
116 117 118 119 
120 121 122 123 
124 125 126 127 
128 129 130 131 
132 133 134 135 
136 137 138 139 
140 141 142 143 
144 145 146 147 
148 149 150 151 
152 153 154 155 
156 157 158 159 
160 161 162 163 
164 165 166 167 
168 169 170 171 
172 173 174 175 
176 177 178 179 
180 181 182 183 
184 185 186 187 
188 189 190 191 
192 193 194 195 
196 197 198 199 
200 201 202 203 
204 205 206 207 
208 209 210 211 
212 213 214 215 
216 217 218 219 
220 221 222 223 
224 225 226 227 
228 229 230 231 
232 233 234 235 
236 237 238 239 
240 241 242 243 
244 245 246 247 
248 249 250 251 
252 253 254 255 
256 257 258 259 
260 261 262 263 
264 265 266 267 
268 269 270 271 
272 273 274 275 
276 277 278 279 
280 281 282 283 
284 285 286 287 
288 289 290 291 
292 293 294 295 
296 297 298 299 
300 301 302 303 
304 305 306 307 
308 309 310 311 
312 313 314 315 
316 317 318 319 
320 321 322 323 
324 325 326 327 
328 329 330 331 
332 333 334 335 
336 337 338 339 
340 341 342 343 
344 345 346 347 
348 349 350 351 
352 353 354 355 
356 357 358 359 
360 361 362 363 
364 365 366 367 
368 369 370 371 
372 373 374 375 
376 377 378 379 
380 381 382 383 
384 385 386 387 
388 389 390 391 
392 393 394 395 
396 397 398 399 
400 401 402 403 
404 405 406 407 
408 409 410 411 
412 413 414 415 
416 417 418 419 
420 421 422 423 
424 425 426 427 
428 429 430 431 
432 433 434 435 
436 437 438 439 
440 441 442 443 
444 445 446 447 
448 449 450 451 
452 453 454 455 
456 457 458 459 
460 461 462 463 
464 465 466 467 
468 469 470 471 
472 473 474 475 
476 477 478 479 
480 481 482 483 
484 485 486 487 
488 489 490 491 
492 493 494 495 
496 497 498 499 
500 501 502 503 
504 505 506 507 
508 509 510 511 
512 513 514 515 
516 517 518 519 
520 521 522 523 
524 525 526 527 
528 529 530 531 
532 533 534 535 
536 537 538 539 
540 541 542 543 
544 545 546 547 
548 549 550 551 
552 553 554 555 
556 557 558 559 
560 561 562 563 
564 565 566 567 
568 569 570 571 
572 573 574 575 
576 577 578 579 
580 581 582 583 
584 585 586 587 
588 589 590 591 
592 593 594 595 
596 597 598 599 
600 601 602 603 
604 605 606 607 
608 609 610 611 
612 613 614 615 
616 617 618 619 
620 621 622 623 
624 625 626 627 
628 629 630 631 
632 633 634 635 
636 637 638 639 
640 641 642 643 
644 645 646 647 
648 649 650 651 
652 653 654 655 
656 657 658 659 
660 661 662 663 
664 665 666 667 
668 669 670 671 
672 673 674 675 
676 677 678 679 
680 681 682 683 
684 685 686 687 
688 689 690 691 
692 693 694 695 
696 697 698 699 
700 701 702 703 
704 705 706 707 
708 709 710 711 
712 713 714 715 
716 717 718 719 
720 721 722 723 
724 725 726 727 
728 729 730 731 
732 733 734 735 
736 737 738 739 
740 741 742 743 
744 745 746 747 
748 749 750 751 
752 753 754 755 
756 757 758 759 
760 761 762 763 
764 765 766 767 
768 769 770 771 
772 773 774 775 
776 777 778 779 
780 781 782 783 
784 785 786 787 
788 789 790 791 
792 793 794 795 
796 797 798 799 
800 801 802 803 
804 805 806 807 
808 809 810 811 
812 813 814 815 
816 817 818 819 
820 821 822 823 
824 825 826 827 
828 829 830 831 
832 833 834 835 
836 837 838 839 
840 841 842 843 
844 845 846 847 
848 849 850 851 
852 853 854 855 
856 857 858 859 
860 861 862 863 
864 865 866 867 
868 869 870 871 
872 873 874 875 
876 877 878 879 
880 881 882 883 
884 885 886 887 
888 889 890 891 
892 893 894 895 
896 897 898 899 
900 901 902 903 
904 905 906 907 
908 909 910 911 
912 913 914 915 
916 917 918 919 
920 921 922 923 
924 925 926 927 
928 929 930 931 
932 933 934 935 
936 937 938 939 
940 941 942 943 
944 945 946 947 
948 949 950 951 
952 953 954 955 
956 957 958 959 
960 961 962 963 
964 965 966 967 
968 969 970 971 
972 973 974 975 
976 977 978 979 
980 981 982 983 
984 985 986 987 
988 989 990 991 
992 993 994 995 
996 997 998 999 
1000 1001 1002 1003 
1004 1005 1006 1007 
1008 1009 1010 1011 
1012 1013 1014 1015 
1016 1017 1018 1019 
1020 1021 1022 1023 
1024 1025 1026 1027 
1028 1029 1030 1031 
1032 1033 1034 1035 
1036 1037 1038 1039 
1040 1041 1042 1043 
1044 1045 1046 1047 
1048 1049 1050 1051 
1052 1053 1054 1055 
1056 1057 1058 1059 
1060 1061 1062 1063 
1064 1065 1066 1067 
1068 1069 1070 1071 
1072 1073 1074 1075 
1076 1077 1078 1079 
1080 1081 1082 1083 
1084 1085 1086 1087 
1088 1089 1090 1091 
1092 1093 1094 1095 
1096 1097 1098 1099 
1100 1101 1102 1103 
1104 1105 1106 1107 
1108 1109 1110 1111 
1112 1113 1114 1115 
1116 1117 1118 1119 
1120 1121 1122 1123 
1124 1125 1126 1127 
1128 1129 1130 1131 
1132 1133 1134 1135 
1136 1137 1138 1139 
1140 1141 1142 1143 
1144 1145 1146 1147 
1148 1149 1150 1151 
1152 1153 1154 1155 
1156 1157 1158 1159 
1160 1161 1162 1163 
1164 1165 1166 1167 
1168 1169 1170 1171 
1172 1173 1174 1175 
1176 1177 1178 1179 
1180 1181 1182 1183 
1184 1185 1186 1187 
1188 1189 1190 1191 
1192 1193 1194 1195 
1196 1197 1198 1199 
1200 1201 1202 1203 
1204 1205 1206 1207 
1208 1209 1210 1211 
1212 1213 1214 1215 
1216 1217 1218 1219 
1220 1221 1222 1223 
1224 1225 1226 1227 
1228 1229 1230 1231 
1232 1233 1234 1235 
1236 1237 1238 1239 
1240 1241 1242 1243 
1244 1245 1246 1247 
1248 1249 1250 1251 
1252 1253 1254 1255 
1256 1257 1258 1259 
1260 1261 1262 1263 
1264 1265 1266 1267 
1268 1269 1270 1271 
1272 1273 1274 1275 
1276 1277 1278 1279 
1280 1281 1282 1283 
1284 1285 1286 1287 
1288 1289 1290 1291 
1292 1293 1294 1295 
1296 1297 1298 1299 
1300 1301 1302 1303 
1304 1305 1306 1307 
1308 1309 1310 1311 
1312 1313 1314 1315 
1316 1317 1318 1319 
1320 1321 1322 1323 
1324 1325 1326 1327 
1328 1329 1330 1331 
1332 1333 1334 1335 
1336 1337 1338 1339 
1340 1341 1342 1343 
1344 1345 1346 1347 
1348 1349 1350 1351 
1352 1353 1354 1355 
1356 1357 1358 1359 
1360 1361 1362 1363 
1364 1365 1366 1367 
1368 1369 1370 1371 
1372 1373 1374 1375 
1376 1377 1378 1379 
1380 1381 1382 1383 
1384 1385 1386 1387 
1388 1389 1390 1391 
1392 1393 1394 1395 
1396 1397 1398 1399 
1400 1401 1402 1403 
1404 1405 1406 1407 
1408 1409 1410 1411 
1412 1413 1414 1415 
1416 1417 1418 1419 
1420 1421 1422 1423 
1424 1425 1426 1427 
1428 1429 1430 1431 
1432 1433 1434 1435 
1436 1437 1438 1439 
1440 1441 1442 1443 
1444 1445 1446 1447 
1448 1449 1450 1451 
1452 1453 1454 1455 
1456 1457 1458 1459 
1460 1461 1462 1463 
1464 1465 1466 1467 
1468 1469 1470 1471 
1472 1473 1474 1475 
1476 1477 1478 1479 
1480 1481 1482 1483 
1484 1485 1486 1487 
1488 1489 1490 1491 
1492 1493 1494 1495 
1496 1497 1498 1499 
1500 1501 1502 1503 
1504 1505 1506 1507 
1508 1509 1510 1511 
1512 1513 1514 1515 
1516 1517 1518 1519 
1520 1521 1522 1523 
1524 1525 1526 1527 
1528 1529 1530 1531 
1532 1533 1534 1535 
1536 1537 1538 1539 
1540 1541 1542 1543 
1544 1545 1546 1547 
1548 1549 1550 1551 
1552 1553 1554 1555 
1556 1557 1558 1559 
1560 1561 1562 1563 
1564 1565 1566 1567 
1568 1569 1570 1571 
1572 1573 1574 1575 
1576 1577 1578 1579 
1580 1581 1582 1583 
1584 1585 1586 1587 
1588 1589 1590 1591 
1592 1593 1594 1595 
1596 1597 1598 1599 
1600 1601 1602 1603 
1604 1605 1606 1607 
1608 1609 1610 1611 
1612 1613 1614 1615 
1616 1617 1618 1619 
1620 1621 1622 1623 
1624 1625 1626 1627 
1628 1629 1630 1631 
1632 1633 1634 1635 
1636 1637 1638 1639 
1640 1641 1642 1643 
1644 1645 1646 1647 
1648 1649 1650 1651 
1652 1653 1654 1655 
1656 1657 1658 1659 
1660 1661 1662 1663 
1664 1665 1666 1667 
1668 1669 1670 1671 
1672 1673 1674 1675 
1676 1677 1678 1679 
1680 1681 1682 1683 
1684 1685 1686 1687 
1688 1689 1690 1691 
1692 1693 1694 1695 
1696 1697 1698 1699 
1700 1701 1702 1703 
1704 1705 1706 1707 
1708 1709 1710 1711 
1712 1713 1714 1715 
1716 1717 1718 1719 
1720 1721 1722 1723 
1724 1725 1726 1727 
1728 1729 1730 1731 
1732 1733 1734 1735 
1736 1737 1738 1739 
1740 1741 1742 1743 
1744 1745 1746 1747 
1748 1749 1750 1751 
1752 1753 1754 1755 
1756 1757 1758 1759 
1760 1761 1762 1763 
1764 1765 1766 1767 
1768 1769 1770 1771 
1772 1773 1774 1775 
1776 1777 1778 1779 
1780 1781 1782 1783 
1784 1785 1786 1787 
1788 1789 1790 1791 
1792 1793 1794 1795 
1796 1797 1798 1799 
1800 1801 1802 1803 
1804 1805 1806 1807 
1808 1809 1810 1811 
1812 1813 1814 1815 
1816 1817 1818 1819 
1820 1821 1822 1823 
1824 1825 1826 1827 
1828 1829 1830 1831 
1832 1833 1834 1835 
1836 1837 1838 1839 
1840 1841 1842 1843 
1844 1845 1846 1847 
1848 1849 1850 1851 
1852 1853 1854 1855 
1856 1857 1858 1859 
1860 1861 1862 1863 
1864 1865 1866 1867 
1868 1869 1870 1871 
1872 1873 1874 1875 
1876 1877 1878 1879 
1880 1881 1882 1883 
1884 1885 1886 1887 
1888 1889 1890 1891 
1892 1893 1894 1895 
1896 1897 1898 1899 
1900 1901 1902 1903 
1904 1905 1906 1907 
1908 1909 1910 1911 
1912 1913 1914 1915 
1916 1917 1918 1919 
1920 1921 1922 1923 
1924 1925 1926 1927 
1928 1929 1930 1931 
1932 1933 1934 1935 
1936 1937 1938 1939 
1940 1941 1942 1943 
1944 1945 1946 1947 
1948 1949 1950 1951 
1952 1953 1954 1955 
1956 1957 1958 1959 
1960 1961 1962 1963 
1964 1965 1966 1967 
1968 1969 1970 1971 
1972 1973 1974 1975 
1976 1977 1978 1979 
1980 1981 1982 1983 
1984 1985 1986 1987 
1988 1989 1990 1991 
1992 1993 1994 1995 
1996 1997 1998 1999 
2000 2001 2002 2003 
2004 2005 2006 2007 
2008 2009 2010 2011 
2012 2013 2014 2015 
2016 2017 2018 2019 
2020 2021 2022 2023 
2024 2025 2026 2027 
2028 2029 2030 2031 
2032 2033 2034 2035 
2036 2037 2038 2039 
2040 2041 2042 2043 
2044 2045 2046 2047 
2048 2049 2050 2051 2052 2053 2054 2055 2056 2057 2058 2059 2060 2061 2062 2063 
2064 2065 2066 2067 2068 2069 2070 2071 2072 2073 2074 2075 2076 2077 2078 2079 
</DataArray>
<DataArray type="Int32" Name="offsets" format="ascii">
4 8 12 16 20 24 28 32 36 40 44 48 52 56 60 64 68 72 76 80 84 88 92 96 100 104 108 112 116 120 124 128 132 136 140 144 148 152 156 160 164 168 172 176 180 184 188 192 196 200 204 208 212 216 220 224 228 232 236 240 244 248 252 256 260 264 268 272 276 280 284 288 292 296 300 304 308 312 316 320 324 328 332 336 340 344 348 352 356 360 364 368 372 376 380 384 388 392 396 400 404 408 412 416 420 424 428 432 436 440 444 448 452 456 460 464 468 472 476 480 484 488 492 496 500 504 508 512 516 520 524 528 532 536 540 544 548 552 556 560 564 568 572 576 580 584 588 592 596 600 604 608 612 616 620 624 628 632 636 640 644 648 652 656 660 664 668 672 676 680 684 688 692 696 700 704 708 712 716 720 724 728 732 736 740 744 748 752 756 760 764 768 772 776 780 784 788 792 796 800 804 808 812 816 820 824 828 832 836 840 844 848 852 856 860 864 868 872 876 880 884 888 892 896 900 904 908 912 916 920 924 928 932 936 940 944 948 952 956 960 964 968 972 976 980 984 988 992 996 1000 1004 1008 1012 1016 1020 1024 1028 1032 1036 1040 1044 1048 1052 1056 1060 1064 1068 1072 1076 1080 1084 1088 1092 1096 1100 1104 1108 1112 1116 1120 1124 1128 1132 1136 1140 1144 1148 1152 1156 1160 1164 1168 1172 1176 1180 1184 1188 1192 1196 1200 1204 1208 1212 1216 1220 1224 1228 1232 1236 1240 1244 1248 1252 1256 1260 1264 1268 1272 1276 1280 1284 1288 1292 1296 1300 1304 1308 1312 1316 1320 1324 1328 1332 1336 1340 1344 1348 1352 1356 1360 1364 1368 1372 1376 1380 1384 1388 1392 1396 1400 1404 1408 1412 1416 1420 1424 1428 1432 1436 1440 1444 1448 1452 1456 1460 1464 1468 1472 1476 1480 1484 1488 1492 1496 1500 1504 1508 1512 1516 1520 1524 1528 1532 1536 1540 1544 1548 1552 1556 1560 1564 1568 1572 1576 1580 1584 1588 1592 1596 1600 1604 1608 1612 1616 1620 1624 1628 1632 1636 1640 1644 1648 1652 1656 1660 1664 1668 1672 1676 1680 1684 1688 1692 1696 1700 1704 1708 1712 1716 1720 1724 1728 1732 1736 1740 1744 1748 1752 1756 1760 1764 1768 1772 1776 1780 1784 1788 1792 1796 1800 1804 1808 1812 1816 1820 1824 1828 1832 1836 1840 1844 1848 1852 1856 1860 1864 1868 1872 1876 1880 1884 1888 1892 1896 1900 1904 1908 1912 1916 1920 1924 1928 1932 1936 1940 1944 1948 1952 1956 1960 1964 1968 1972 1976 1980 1984 1988 1992 1996 2000 2004 2008 2012 2016 2020 2024 2028 2032 2036 2040 2044 2048 2064 2080 
</DataArray>
<DataArray type="UInt8" Name="types" format="ascii">
7 7 7 7 7 7 7 7 7 7 7 7 7 7 7 7 7 7 7 7 7 7 7 7 7 7 7 7 7 7 7 7 7 7 7 7 7 7 7 7 7 7 7 7 7 7 7 7 7 7 7 7 7 7 7 7 7 7 7 7 7 7 7 7 7 7 7 7 7 7 7 7 7 7 7 7 7 7 7 7 7 7 7 7 7 7 7 7 7 7 7 7 7 7 7 7 7 7 7 7 7 7 7 7 7 7 7 7 7 7 7 7 7 7 7 7 7 7 7 7 7 7 7 7 7 7 7 7 7 7 7 7 7 7 7 7 7 7 7 7 7 7 7 7 7 7 7 7 7 7 7 7 7 7 7 7 7 7 7 7 7 7 7 7 7 7 7 7 7 7 7 7 7 7 7 7 7 7 7 7 7 7 7 7 7 7 7 7 7 7 7 7 7 7 7 7 7 7 7 7 7 7 7 7 7 7 7 7 7 7 7 7 7 7 7 7 7 7 7 7 7 7 7 7 7 7 7 7 7 7 7 7 7 7 7 7 7 7 7 7 7 7 7 7 7 7 7 7 7 7 7 7 7 7 7 7 7 7 7 7 7 7 7 7 7 7 7 7 7 7 7 7 7 7 7 7 7 7 7 7 7 7 7 7 7 7 7 7 7 7 7 7 7 7 7 7 7 7 7 7 7 7 7 7 7 7 7 7 7 7 7 7 7 7 7 7 7 7 7 7 7 7 7 7 7 7 7 7 7 7 7 7 7 7 7 7 7 7 7 7 7 7 7 7 7 7 7 7 7 7 7 7 7 7 7 7 7 7 7 7 7 7 7 7 7 7 7 7 7 7 7 7 7 7 7 7 7 7 7 7 7 7 7 7 7 7 7 7 7 7 7 7 7 7 7 7 7 7 7 7 7 7 7 7 7 7 7 7 7 7 7 7 7 7 7 7 7 7 7 7 7 7 7 7 7 7 7 7 7 7 7 7 7 7 7 7 7 7 7 7 7 7 7 7 7 7 7 7 7 7 7 7 7 7 7 7 7 7 7 7 7 7 7 7 7 7 7 7 7 7 7 7 7 7 7 7 7 7 7 7 7 7 7 7 7 7 7 7 7 7 7 7 7 7 7 7 7 7 7 7 7 7 7 7 7 7 7 7 7 7 7 7 7 7 
</DataArray>
</Cells>
<CellData Scalars="cell variable 4" Vectors="cell vector">
<DataArray type="Float64" NumberOfComponents="3" Name="cell vector" format="ascii">
0.114164 0.1541 0.981438
0.422903 0.341923 0.839191
0.673071 0.457046 0.581451
0.688809 0.685534 0.235765
0.583797 0.791739 -0.179808
0.205175 0.787143 -0.581643
0.0654717 -0.575574 0.815124
0.0834981 -0.230771 0.969419
-0.0424353 0.216972 0.975255
-0.0735636 0.576835 0.813541
0.169152 0.795169 0.582317
0.572156 0.799455 0.183056
0.678511 0.69655 -0.233326
0.631357 0.512329 -0.582157
-0.363354 -0.40378 0.839605
-0.147943 -0.121481 0.981507
0.104748 0.16449 0.980801
0.30507 0.463706 0.83181
0.459548 0.692098 0.556612
0.538687 0.819272 0.196491
0.524775 0.82866 -0.194766
0.420311 0.716593 -0.556627
-0.248332 -0.49699 0.831464
-0.0807089 -0.178065 0.980703
0.0839591 0.176249 0.980759
0.247179 0.497584 0.831452
0.417998 0.717839 0.556763
0.522906 0.829772 0.19506
0.536317 0.820896 -0.196198
0.456486 0.694177 -0.556543
-0.304241 -0.464119 0.831884
-0.108839 -0.161552 0.980844
0.105062 0.164876 0.980703
0.30189 0.467087 0.831079
0.452663 0.697807 0.555123
0.533443 0.82307 0.194922
0.529316 0.825696 -0.195067
0.43239 0.710149 -0.555633
-0.239606 -0.504742 0.829352
-0.0811965 -0.179307 0.980437
0.0834018 0.178101 0.980471
0.238643 0.505247 0.829322
0.431127 0.710817 0.55576
0.527577 0.826773 0.195214
0.531606 0.824287 -0.194797
0.451422 0.698692 -0.55502
-0.30167 -0.467175 0.83111
-0.106897 -0.163386 0.980754
0.107562 0.163436 0.980673
0.308337 0.463259 0.830855
0.463027 0.691565 0.554386
0.546857 0.81452 0.193662
0.544465 0.815541 -0.196089
0.446149 0.701729 -0.555452
-0.217475 -0.519317 0.826447
-0.0483259 -0.201584 0.978278
0.0515845 0.199671 0.978504
0.214912 0.520725 0.826232
0.445081 0.702329 0.555551
0.5431 0.816425 0.196194
0.545596 0.815392 -0.193548
0.462365 0.69214 -0.554221
-0.308094 -0.46342 0.830855
-0.108517 -0.162358 0.980747
0.112811 0.159996 0.98065
0.322264 0.454 0.83068
0.482652 0.678412 0.553899
0.568057 0.800063 0.192899
0.563018 0.802704 -0.196665
0.462274 0.691385 -0.555238
-0.267693 -0.491791 0.828542
-0.072188 -0.18913 0.979295
0.0742843 0.187868 0.979381
0.26566 0.493092 0.828423
0.461317 0.691952 0.555328
0.56208 0.803331 0.196789
0.567272 0.800658 -0.19274
0.482276 0.678852 -0.553687
-0.322054 -0.454165 0.830672
-0.113334 -0.159097 0.980736
0.117587 0.156631 0.980633
0.335285 0.444626 0.830597
0.501535 0.664632 0.553829
0.589976 0.784041 0.192892
0.585445 0.786496 -0.196665
0.485764 0.674983 -0.555366
-0.305045 -0.468143 0.829331
-0.0933102 -0.17578 0.979997
0.0950597 0.174739 0.980015
0.303546 0.469244 0.829259
0.484853 0.675556 0.555465
0.584713 0.787002 0.196819
0.589454 0.784485 -0.192687
0.501325 0.664994 -0.553586
-0.335122 -0.444759 0.830592
-0.11789 -0.155812 0.980727
0.122254 0.153054 0.980627
0.348297 0.434502 0.830601
0.520834 0.649545 0.553916
0.612958 0.766177 0.193017
0.609661 0.767873 -0.196685
0.510541 0.65625 -0.555593
-0.332827 -0.448196 0.829667
-0.109104 -0.164657 0.980298
0.110662 0.16374 0.980277
0.331837 0.449034 0.82961
0.509734 0.65679 0.555696
0.609059 0.768306 0.196858
0.612575 0.766542 -0.192783
0.520702 0.649875 -0.553654
-0.348191 -0.434589 0.830599
-0.122442 -0.152252 0.980728
0.126967 0.149161 0.980628
0.361571 0.423436 0.830643
0.540695 0.632999 0.554041
0.636705 0.746529 0.193133
0.634523 0.747445 -0.19674
0.534649 0.636579 -0.555804
-0.354708 -0.430756 0.829838
-0.120696 -0.155671 0.980408
0.122093 0.154858 0.980363
0.354112 0.431356 0.829781
0.533958 0.637069 0.555906
0.634017 0.747827 0.196922
0.636403 0.746851 -0.192883
0.540603 0.633318 -0.553766
-0.361515 -0.423477 0.830647
-0.127083 -0.148345 0.980736
0.131734 0.144949 0.98063
0.37505 0.411455 0.830687
0.560884 0.615087 0.554145
0.660796 0.72527 0.193215
0.659401 0.725576 -0.196799
0.55761 0.616422 -0.555963
-0.372968 -0.414845 0.829939
-0.12942 -0.148254 0.980444
0.130672 0.14754 0.980386
0.372642 0.415268 0.829874
0.557026 0.616861 0.556062
0.658966 0.72592 0.196984
0.660545 0.725567 -0.192958
0.560825 0.615396 -0.553862
-0.375029 -0.411456 0.830697
-0.131791 -0.144113 0.980746
0.136491 0.140468 0.980632
0.38854 0.398672 0.830721
0.581107 0.595951 0.554217
0.68484 0.702596 0.193267
0.683973 0.702447 -0.196849
0.579504 0.595782 -0.556074
-0.389057 -0.399663 0.830003
-0.136346 -0.141823 0.980457
0.137474 0.141197 0.98039
0.388906 0.399963 0.829929
0.579002 0.596182 0.556168
0.683595 0.702763 0.197034
0.684627 0.702876 -0.193006
0.581076 0.596249 -0.55393
-0.388544 -0.398637 0.830736
-0.136491 -0.139608 0.980755
0.141202 0.135731 0.980632
0.401893 0.385152 0.830747
0.601124 0.575704 0.55427
0.708566 0.678654 0.193297
0.708003 0.67821 -0.196884
0.600401 0.574645 -0.55615
-0.403665 -0.384808 0.830047
-0.142109 -0.136007 0.980463
0.143135 0.135456 0.98039
0.403624 0.385032 0.829963
0.59996 0.575019 0.556238
0.707668 0.678506 0.197068
0.708385 0.678917 -0.193033
0.601118 0.57599 -0.553979
-0.401912 -0.385086 0.830768
-0.141146 -0.134851 0.980761
0.145833 0.130752 0.980631
0.414989 0.370972 0.830761
0.620722 0.554485 0.554302
0.731752 0.653581 0.193313
0.731308 0.653006 -0.196906
0.62034 0.553012 -0.556198
-0.41715 -0.37008 0.830076
-0.147109 -0.130552 0.980467
0.148051 0.130069 0.980389
0.417164 0.370273 0.829983
0.619948 0.553369 0.55628
0.73101 0.653285 0.197088
0.7316 0.65383 -0.193049
0.620741 0.554756 -0.554009
-0.415019 -0.370878 0.830788
-0.14572 -0.129857 0.980766
0.150329 0.125576 0.980628
0.427703 0.356233 0.830764
0.639738 0.532419 0.554316
0.75422 0.627518 0.193321
0.753818 0.626882 -0.196919
0.639439 0.530784 -0.556225
-0.429848 -0.355208 0.830095
-0.151643 -0.125231 0.98047
0.152514 0.124808 0.980389
0.429891 0.355392 0.829994
0.639085 0.53113 0.556302
0.75355 0.627147 0.197099
0.754094 0.627751 -0.193057
0.639783 0.532672 -0.554021
-0.427739 -0.356111 0.830797
-0.150157 -0.124671 0.98077
0.154671 0.120213 0.980625
0.439974 0.340969 0.83076
0.658079 0.509571 0.554319
0.775863 0.600552 0.193324
0.775453 0.599911 -0.196926
0.657707 0.507957 -0.556239
-0.441887 -0.340086 0.830107
-0.155849 -0.119934 0.980473
0.156658 0.119569 0.980388
0.441946 0.340275 0.829998
0.657384 0.508296 0.556311
0.775212 0.600164 0.197103
0.775761 0.600769 -0.19306
0.658148 0.509804 -0.554022
-0.440015 -0.340823 0.830799
-0.154437 -0.119305 0.980773
0.158839 0.114679 0.980622
0.451749 0.325224 0.830754
0.675667 0.486011 0.554318
0.796599 0.572762 0.193325
0.796152 0.572154 -0.196929
0.675138 0.484542 -0.556245
-0.453326 -0.324664 0.830114
-0.159806 -0.11459 0.980475
0.160557 0.114286 0.980388
0.453394 0.324864 0.829998
0.674843 0.484875 0.556312
0.795936 0.572396 0.197103
0.796519 0.572961 -0.193061
0.67576 0.486222 -0.554019
-0.451792 -0.325054 0.830797
-0.158544 -0.113773 0.980775
0.162817 0.108989 0.980618
0.46298 0.309048 0.830746
0.692436 0.461811 0.554313
0.816359 0.544227 0.193324
0.815866 0.543674 -0.196929
0.691721 0.460557 -0.556245
-0.464194 -0.308917 0.830117
-0.163557 -0.109154 0.980477
0.164257 0.108913 0.980387
0.46427 0.309132 0.829995
0.691453 0.460885 0.556308
0.815672 0.543904 0.1971
0.816301 0.544408 -0.193061
0.692552 0.461999 -0.554012
-0.463024 -0.308855 0.830793
-0.162459 -0.108093 0.980777
0.166588 0.103163 0.980615
0.473626 0.292495 0.830738
0.708331 0.437049 0.554306
0.83509 0.515026 0.193322
0.83455 0.514534 -0.196927
0.70744 0.436032 -0.556241
-0.474505 -0.292832 0.830117
-0.16712 -0.103606 0.980478
0.16778 0.103419 0.980385
0.474585 0.293066 0.829989
0.707196 0.436353 0.5563
0.834377 0.514751 0.197095
0.83505 0.515188 -0.19306
0.708467 0.437211 -0.554004
-0.473668 -0.292278 0.83079
-0.166169 -0.102284 0.980778
0.170142 0.0972206 0.980612
0.483658 0.275617 0.830729
0.72331 0.411795 0.554298
0.852743 0.485239 0.19332
0.852167 0.484802 -0.196922
0.722276 0.411003 -0.556232
-0.484266 -0.276402 0.830114
-0.170501 -0.0979403 0.980478
0.17113 0.0977966 0.980383
0.484347 0.276659 0.829981
0.722057 0.411313 0.556288
0.852014 0.485004 0.197088
0.852721 0.485381 -0.193057
0.723465 0.411931 -0.553995
-0.483698 -0.275377 0.830785
-0.169665 -0.0963647 0.980779
0.173471 0.0911804 0.980609
0.493053 0.258468 0.830718
0.737338 0.386132 0.554287
0.86928 0.454953 0.193316
0.868685 0.454545 -0.196914
0.736222 0.385486 -0.556218
-0.493488 -0.259604 0.830106
-0.173713 -0.0921277 0.980478
0.174314 0.0920282 0.98038
0.493575 0.259875 0.829969
0.736027 0.385781 0.556271
0.868554 0.454724 0.197079
0.869276 0.455071 -0.193054
0.737509 0.386243 -0.553983
-0.493091 -0.258207 0.830777
-0.172938 -0.0903559 0.980779
0.17657 0.0850631 0.980606
0.501794 0.24111 0.830704
0.750386 0.360147 0.55427
0.884667 0.424259 0.193309
0.884083 0.423825 -0.196902
0.749277 0.359488 -0.556194
-0.502188 -0.242392 0.830092
-0.176781 -0.0861052 0.980477
0.177355 0.0860539 0.980377
0.502292 0.242654 0.829953
0.749107 0.359763 0.556246
0.883973 0.423977 0.197065
0.884681 0.42435 -0.193047
0.75057 0.360234 -0.553963
-0.501829 -0.240826 0.830765
-0.175984 -0.0842773 0.980779
0.179434 0.0788919 0.980602
0.509867 0.223611 0.830683
0.762431 0.333939 0.554241
0.898876 0.393266 0.193296
0.898337 0.392719 -0.196883
0.761447 0.332999 -0.556157
-0.510396 -0.224674 0.830071
-0.17974 -0.0797643 0.980475
0.180287 0.0797667 0.980374
0.51053 0.22489 0.82993
0.761301 0.333245 0.556209
0.898252 0.392832 0.197046
0.898907 0.393324 -0.193034
0.762627 0.334004 -0.553933
-0.5099 -0.223302 0.830745
-0.178798 -0.0781539 0.980777
0.182058 0.0726968 0.980597
0.517259 0.206059 0.830652
0.773449 0.307643 0.554195
0.911877 0.362114 0.193272
0.911428 0.361313 -0.196855
0.772744 0.305976 -0.556099
-0.518162 -0.206265 0.830038
-0.182642 -0.0729048 0.980473
0.183162 0.0729677 0.980371
0.518344 0.206378 0.829896
0.772626 0.306177 0.556151
0.911369 0.361374 0.197017
0.911926 0.362131 -0.193011
0.773655 0.307683 -0.553885
-0.517292 -0.205723 0.830715
-0.181377 -0.0720183 0.980773
0.184439 0.066517 0.980591
0.523957 0.188572 0.830608
0.783418 0.281431 0.554123
0.923637 0.330992 0.193231
0.923334 0.329723 -0.196816
0.783193 0.278323 -0.556009
-0.525565 -0.186829 0.829986
-0.185564 -0.0651716 0.980469
0.186057 0.0653013 0.980366
0.525817 0.186742 0.829846
0.783106 0.278455 0.556064
0.923304 0.329711 0.196976
0.923705 0.330955 -0.192971
0.783634 0.281445 -0.553811
-0.523993 -0.188201 0.830669
-0.183716 -0.065914 0.980767
0.186572 0.0604 0.980583
0.529949 0.171304 0.830548
0.792314 0.255544 0.554017
0.934127 0.300161 0.193161
0.934032 0.298107 -0.196764
0.792818 0.249883 -0.555875
-0.532707 -0.165772 0.829906
-0.188611 -0.0559676 0.980456
0.189079 0.0561647 0.980354
0.533062 0.165323 0.829767
0.792769 0.24991 0.555934
0.934035 0.297994 0.196923
0.934215 0.300051 -0.192905
0.79254 0.255525 -0.553703
-0.529992 -0.170885 0.830606
-0.185814 -0.0598947 0.980758
0.188447 0.0544026 0.980575
0.535218 0.154448 0.830475
0.800121 0.230287 0.553873
0.94332 0.269961 0.193051
0.943489 0.266708 -0.196708
0.801626 0.22047 -0.555688
-0.53971 -0.142086 0.829774
-0.191903 -0.0443456 0.980412
0.192347 0.0445961 0.980313
0.540211 0.140996 0.829634
0.801619 0.220335 0.555751
0.943527 0.266461 0.196863
0.943429 0.26976 -0.1928
0.800356 0.230223 -0.553559
-0.535276 -0.153957 0.830528
-0.187666 -0.0540266 0.980746
0.190049 0.0485758 0.980572
0.539745 0.138196 0.830408
0.806834 0.205989 0.553704
0.951213 0.240806 0.192887
0.951661 0.235925 -0.196677
0.809543 0.190041 -0.55545
-0.546678 -0.114074 0.829536
-0.19554 -0.0289222 0.980269
0.195963 0.0291844 0.980177
0.547375 0.111866 0.829378
0.809586 0.189662 0.555517
0.951732 0.235515 0.196822
0.95134 0.240497 -0.19265
0.807078 0.20586 -0.553396
-0.539828 -0.137591 0.830454
-0.189262 -0.0483768 0.980734
0.191367 0.0428879 0.980581
0.543531 0.122587 0.83039
0.812484 0.182839 0.55357
0.957842 0.213094 0.192692
0.958469 0.206489 -0.196721
0.816316 0.159281 -0.555209
-0.553604 -0.0789257 0.829031
-0.199526 -0.00789648 0.979861
0.199913 0.00809671 0.97978
0.554532 0.0747877 0.828795
0.816417 0.158549 0.555271
0.958571 0.205898 0.196845
0.95798 0.21266 -0.192484
0.812734 0.182604 -0.553281
-0.54365 -0.121802 0.830427
-0.190608 -0.0429493 0.980726
0.192435 0.0370647 0.98061
0.546651 0.10714 0.830478
0.817129 0.160556 0.553644
0.963226 0.187254 0.192695
0.963757 0.180144 -0.196775
0.82136 0.131235 -0.555108
-0.560131 -0.0316837 0.827798
-0.203573 0.0212305 0.97883
0.203868 -0.0211835 0.978769
0.561251 0.0241873 0.827292
0.82153 0.130038 0.555139
0.963888 0.179349 0.196861
0.963374 0.186652 -0.192538
0.817376 0.160112 -0.553408
-0.546814 -0.106096 0.830505
-0.191761 -0.0375617 0.980723
0.193245 0.0310825 0.980658
0.549012 0.091919 0.830745
0.820494 0.139618 0.554343
0.966987 0.165461 0.193801
0.967052 0.162565 -0.195917
0.823471 0.115662 -0.555444
-0.564487 0.0469273 0.824107
-0.206888 0.076806 0.975345
0.207002 -0.0775811 0.97526
0.565431 -0.063145 0.822375
0.823779 0.113582 0.555417
0.967223 0.16146 0.195983
0.967151 0.164624 -0.193697
0.820718 0.138689 -0.554245
-0.549234 -0.0904576 0.830758
-0.192755 -0.0323484 0.980713
0.193153 0.0271018 0.980794
0.549069 0.0810236 0.831841
0.821596 0.122834 0.556679
0.969645 0.145186 0.196746
0.970802 0.141148 -0.193962
0.824806 0.0995425 -0.556584
-0.554672 -0.000807366 0.832069
-0.195078 0.00173097 0.980786
0.194944 0.000356068 0.980814
0.554676 -0.00460479 0.832054
0.824997 0.0973746 0.556685
0.970954 0.139865 0.194129
0.969844 0.144077 -0.196583
0.821885 0.121376 -0.556573
-0.549374 -0.0796725 0.83177
-0.192631 -0.0291739 0.980837
0.193428 0.0262378 0.980764
0.549233 0.0795844 0.831871
0.821703 0.120666 0.556995
0.970036 0.141654 0.197395
0.971703 0.135238 -0.193662
0.824935 0.0941006 -0.55734
-0.551019 -0.0296765 0.833965
-0.192934 -0.00433568 0.981202
0.193039 0.00741368 0.981163
0.550865 0.0262452 0.834182
0.825021 0.0913282 0.557674
0.97192 0.133156 0.194012
0.970369 0.139812 -0.197071
0.822162 0.118704 -0.55674
-0.549492 -0.0787297 0.831781
-0.192482 -0.0292782 0.980864
0.193885 0.0243469 0.980722
0.548004 0.0799456 0.832646
0.819908 0.123301 0.559059
0.970322 0.138816 0.198006
0.973015 0.117283 -0.198712
0.821396 0.0624356 -0.56693
-0.542921 -0.0120832 0.839697
-0.188591 0.00537808 0.982041
0.189373 0.000998812 0.981905
0.541415 0.00305108 0.84075
0.820936 0.055606 0.568306
0.973183 0.114521 0.199501
0.970832 0.136278 -0.197265
0.821535 0.117849 -0.557845
-0.548827 -0.0778512 0.832303
-0.190789 -0.0318659 0.981114
0.025653 0.0411361 0.998824
0.00257188 0.000343963 0.999997
</DataArray>
<DataArray type="Float64" Name="cell vector length" format="ascii">
0.0493679 0.0310289 0.0262385 0.0339647 0.041476 0.0315265 0.0615228 0.0680643 0.0678282 0.0603767 0.0343654 0.043017 0.0341456 0.0226952 0.0485175 0.0563815 0.383052 0.368731 0.355722 0.347057 0.342811 0.34329 0.37939 0.403802 0.400966 0.370439 0.342013 0.342876 0.347781 0.357247 0.383028 0.387731 0.477769 0.466744 0.454144 0.441252 0.429316 0.422915 0.467701 0.506216 0.503954 0.459579 0.422291 0.429263 0.441868 0.455511 0.477679 0.481154 0.503018 0.490515 0.47459 0.456516 0.436533 0.411776 0.346174 0.240055 0.237853 0.337918 0.411676 0.436468 0.456964 0.475418 0.500573 0.506056 0.511343 0.498951 0.48241 0.461844 0.435722 0.397449 0.337667 0.253344 0.25068 0.327497 0.397262 0.435689 0.462103 0.482884 0.508865 0.514299 0.514367 0.501603 0.48403 0.460972 0.430017 0.385377 0.332717 0.264015 0.260513 0.320547 0.385161 0.429974 0.461099 0.484274 0.51164 0.517343 0.516192 0.502789 0.484002 0.458821 0.424731 0.377605 0.33033 0.270535 0.266367 0.316736 0.377346 0.42463 0.458842 0.484101 0.513054 0.519233 0.517271 0.503239 0.483436 0.456751 0.420809 0.372837 0.329247 0.274303 0.269654 0.314624 0.372549 0.420647 0.456686 0.483448 0.513806 0.520406 0.517812 0.50324 0.482667 0.45501 0.418067 0.369908 0.328745 0.276228 0.271221 0.313317 0.3696 0.417853 0.454881 0.482622 0.514147 0.521058 0.51798 0.502968 0.481844 0.453597 0.416166 0.368058 0.328423 0.276956 0.271663 0.312318 0.367739 0.415913 0.453425 0.481763 0.514234 0.521346 0.517868 0.502481 0.481017 0.452457 0.414828 0.366854 0.328294 0.277182 0.271649 0.311592 0.36653 0.414548 0.452254 0.480911 0.514113 0.52136 0.517602 0.501907 0.480231 0.451521 0.413839 0.365997 0.328215 0.277134 0.271384 0.310966 0.36567 0.41354 0.451296 0.480108 0.513902 0.521222 0.517274 0.501311 0.479486 0.45071 0.413037 0.365291 0.328094 0.276885 0.270932 0.31033 0.36496 0.412726 0.45047 0.47935 0.51366 0.52102 0.516925 0.50072 0.478789 0.449988 0.412335 0.364639 0.327934 0.27656 0.270412 0.30968 0.364304 0.412014 0.449736 0.478644 0.513411 0.520795 0.516577 0.500152 0.478143 0.449332 0.411685 0.363991 0.327733 0.276225 0.269888 0.309012 0.363651 0.411355 0.449072 0.477991 0.513171 0.520567 0.51624 0.499617 0.477547 0.44873 0.41106 0.363319 0.32749 0.275911 0.269398 0.308332 0.362975 0.410723 0.448463 0.477391 0.512947 0.520346 0.515921 0.499117 0.477 0.448173 0.410448 0.362613 0.327193 0.275624 0.268959 0.307637 0.362264 0.410105 0.447902 0.476841 0.512741 0.520138 0.515625 0.498655 0.476502 0.447661 0.409848 0.361872 0.326836 0.275356 0.268535 0.306894 0.361516 0.409498 0.447387 0.476343 0.512554 0.519946 0.515347 0.498228 0.476051 0.447196 0.409265 0.361106 0.326449 0.275124 0.268142 0.306125 0.360736 0.408908 0.44692 0.475895 0.512385 0.519767 0.515073 0.497826 0.475645 0.446787 0.408728 0.360343 0.326032 0.274894 0.267749 0.305335 0.359951 0.408363 0.446513 0.475495 0.512224 0.519587 0.514773 0.497427 0.475281 0.446464 0.408293 0.359639 0.325593 0.2746 0.267291 0.30453 0.359217 0.407916 0.446196 0.475145 0.512053 0.519376 0.514397 0.496994 0.474954 0.446267 0.408053 0.359098 0.325148 0.274126 0.266646 0.30372 0.358631 0.407665 0.446012 0.474841 0.511841 0.519087 0.513874 0.496474 0.474651 0.44626 0.408164 0.358896 0.324736 0.273268 0.2656 0.302933 0.358367 0.407762 0.446029 0.474578 0.511538 0.518649 0.513091 0.495778 0.474346 0.44653 0.408861 0.359335 0.32443 0.271689 0.263799 0.302231 0.358721 0.408446 0.446336 0.474333 0.511065 0.517956 0.511887 0.494764 0.473967 0.447155 0.410463 0.360905 0.324374 0.26884 0.260674 0.30175 0.360177 0.410039 0.447018 0.474044 0.510297 0.516853 0.509995 0.493157 0.473281 0.448057 0.413244 0.364314 0.324792 0.263796 0.255268 0.301718 0.363447 0.412826 0.447998 0.473486 0.508983 0.515086 0.50669 0.490076 0.471266 0.448244 0.416681 0.37013 0.325702 0.254655 0.245628 0.302195 0.369112 0.416293 0.448284 0.471643 0.506307 0.511958 0.498233 0.481175 0.462863 0.442232 0.415739 0.375893 0.324218 0.235037 0.225252 0.300403 0.374739 0.415406 0.442366 0.463458 0.498125 0.503815 0.461297 0.442302 0.422889 0.403258 0.381657 0.354857 0.28977 0.16481 0.153784 0.265466 0.353798 0.381391 0.403398 0.423595 0.461002 0.46757 0.434862 0.417816 0.402283 0.38755 0.373189 0.365301 0.428607 0.471693 0.465273 0.408583 0.364357 0.372995 0.387635 0.403147 0.437801 0.441609 0.392697 0.374291 0.357068 0.340718 0.327818 0.328736 0.383942 0.413404 0.406443 0.362637 0.328427 0.327879 0.340509 0.357459 0.395477 0.399918 0.158576 0.148354 0.140233 0.128673 0.119577 0.123548 0.176468 0.202597 0.197739 0.159324 0.126708 0.120407 0.127712 0.137462 0.167378 0.164415 0.0114232 0.0152124 
</DataArray>
<DataArray type="Float64" Name="cell variable 4" format="ascii">
767.136 756.435 749.173 746.45 750.359 749.541 770.526 771.365 770.16 767.004 750.874 750.873 746.478 745.485 765.33 769.196 1161.21 1144.3 1134.57 1133.06 1136.82 1136.31 1165.04 1170.81 1167.81 1152.86 1136.69 1137.37 1133.11 1133.45 1165.06 1167.37 1373.95 1355.92 1343.25 1335.4 1332.66 1336.35 1376.15 1380.31 1375.17 1357.49 1336.52 1332.81 1335.5 1343.63 1380.96 1381.54 1443.22 1418.46 1393.53 1369.12 1348.42 1334.18 1354.65 1339.34 1335.02 1336.69 1334.03 1348.37 1369.32 1394.12 1445.14 1451.34 1462.83 1436.34 1409.44 1384.03 1362.96 1347.26 1360.24 1338.04 1333.17 1339.6 1347.22 1362.98 1384.27 1409.97 1463.97 1471.2 1467.75 1439.74 1411.34 1385.34 1363.68 1346.11 1360.29 1339.71 1333.49 1336.46 1346.24 1363.84 1385.64 1411.8 1468.19 1476.36 1470.77 1440.89 1410.44 1383.39 1361.32 1343.19 1359.93 1340.76 1333.36 1333.7 1343.41 1361.56 1383.72 1410.85 1470.14 1479.64 1473.04 1441.43 1409 1380.93 1358.6 1340.39 1359.57 1341.32 1333.03 1331.53 1340.66 1358.89 1381.27 1409.39 1471.52 1482.21 1474.8 1441.66 1407.46 1378.53 1356.08 1337.93 1359.22 1341.51 1332.54 1329.73 1338.24 1356.4 1378.88 1407.84 1472.62 1484.28 1476.14 1441.71 1406.07 1376.46 1353.95 1335.84 1358.87 1341.45 1331.95 1328.16 1336.17 1354.29 1376.82 1406.44 1473.53 1485.93 1477.05 1441.52 1404.89 1374.76 1352.15 1334.05 1358.51 1341.32 1331.39 1326.74 1334.4 1352.5 1375.13 1405.27 1474.18 1487.16 1477.64 1441.2 1403.92 1373.43 1350.72 1332.56 1358.19 1341.13 1330.82 1325.46 1332.93 1351.09 1373.81 1404.3 1474.67 1488.07 1478.06 1440.81 1403.03 1372.3 1349.5 1331.26 1357.91 1340.91 1330.26 1324.3 1331.65 1349.89 1372.68 1403.41 1475.06 1488.79 1478.32 1440.38 1402.22 1371.32 1348.45 1330.11 1357.68 1340.71 1329.75 1323.25 1330.51 1348.85 1371.71 1402.6 1475.36 1489.35 1478.43 1439.91 1401.49 1370.5 1347.56 1329.1 1357.51 1340.56 1329.3 1322.31 1329.51 1347.97 1370.9 1401.87 1475.58 1489.75 1478.37 1439.4 1400.86 1369.85 1346.83 1328.23 1357.4 1340.47 1328.93 1321.49 1328.65 1347.25 1370.24 1401.23 1475.73 1489.97 1478.16 1438.85 1400.31 1369.35 1346.25 1327.5 1357.37 1340.44 1328.64 1320.79 1327.93 1346.67 1369.75 1400.68 1475.77 1490.01 1477.8 1438.24 1399.82 1368.99 1345.81 1326.89 1357.39 1340.47 1328.42 1320.19 1327.33 1346.23 1369.4 1400.2 1475.71 1489.87 1477.27 1437.57 1399.37 1368.73 1345.47 1326.39 1357.46 1340.55 1328.26 1319.68 1326.83 1345.9 1369.14 1399.75 1475.52 1489.56 1476.57 1436.82 1398.93 1368.55 1345.22 1325.98 1357.58 1340.67 1328.14 1319.25 1326.43 1345.66 1368.96 1399.31 1475.22 1489.05 1475.68 1435.98 1398.5 1368.44 1345.07 1325.67 1357.73 1340.79 1328.04 1318.88 1326.12 1345.52 1368.86 1398.88 1474.78 1488.34 1474.54 1435 1398.08 1368.44 1345.05 1325.48 1357.91 1340.89 1327.91 1318.57 1325.92 1345.5 1368.86 1398.46 1474.17 1487.37 1473.12 1433.87 1397.68 1368.57 1345.19 1325.41 1358.1 1340.89 1327.69 1318.28 1325.85 1345.63 1369 1398.07 1473.38 1486.08 1471.3 1432.56 1397.31 1368.88 1345.53 1325.51 1358.26 1340.7 1327.25 1317.99 1325.93 1345.97 1369.31 1397.71 1472.37 1484.4 1468.99 1430.97 1396.94 1369.34 1346.07 1325.77 1358.32 1340.14 1326.43 1317.61 1326.18 1346.51 1369.77 1397.34 1471.04 1482.19 1465.87 1428.82 1396.23 1369.54 1346.4 1325.9 1357.99 1338.82 1324.83 1316.9 1326.3 1346.84 1369.98 1396.63 1469.09 1479.15 1460.33 1424.25 1392.95 1367.01 1344.12 1324.04 1355.76 1335.26 1320.98 1314.47 1324.41 1344.55 1367.44 1393.35 1464.63 1473.66 1441.71 1405.87 1374.72 1348.87 1326.89 1309.43 1342.73 1321.52 1307.06 1302.04 1309.73 1327.27 1349.27 1375.13 1445.94 1454.96 1347.95 1313.86 1283.67 1257.85 1235.5 1219.19 1260.59 1247.92 1234.43 1223.57 1219.4 1235.69 1258.07 1283.91 1351.06 1360.29 1259.07 1232.73 1215.6 1207.22 1204.39 1207.67 1266.61 1276.7 1264.96 1232.62 1207.74 1204.31 1207.21 1215.6 1267.08 1270.55 1118.56 1094.24 1077.07 1066.72 1061.67 1063.48 1111.95 1121.13 1111.29 1082.62 1063.71 1061.62 1066.55 1076.91 1124.32 1128.75 786.641 778.377 776.915 779.589 782.393 786.885 815.935 818.737 812.55 797.737 787.564 782.513 779.461 775.668 796.136 792.103 598.57 745.326 
</DataArray>
<DataArray type="Float64" Name="cell variable 5" format="ascii">
0.0301153 0.0301153 0.0301153 0.0301153 0.0301153 0.0301153 0.0301153 0.0301153 0.0301153 0.0301153 0.0301153 0.0301153 0.0301153 0.0301153 0.0301153 0.0301153 0.0301153 0.0301153 0.0301153 0.0301153 0.0301153 0.0301153 0.0301153 0.0301153 0.0301153 0.0301153 0.0301153 0.0301153 0.0301153 0.0301153 0.0301153 0.0301153 0.0301153 0.0301153 0.0301153 0.0301153 0.0301153 0.0301153 0.0301153 0.0301153 0.0301153 0.0301153 0.0301153 0.0301153 0.0301153 0.0301153 0.0301153 0.0301153 0.0455143 0.0421347 0.0366804 0.0314805 0.0301153 0.0301153 0.0301153 0.0301153 0.0301153 0.0301153 0.0301153 0.0301153 0.0314805 0.0366804 0.0421347 0.0455143 0.0514972 0.0468059 0.0392302 0.0320092 0.0301153 0.0301153 0.0301153 0.0301153 0.0301153 0.0301153 0.0301153 0.0301153 0.0320092 0.0392302 0.0468059 0.0514972 0.0549638 0.0495162 0.0407092 0.0323171 0.0301153 0.0301153 0.0301153 0.0301153 0.0301153 0.0301153 0.0301153 0.0301153 0.0323171 0.0407092 0.0495162 0.0549638 0.0574868 0.0514771 0.0417867 0.0325446 0.0301153 0.0301153 0.0301153 0.0301153 0.0301153 0.0301153 0.0301153 0.0301153 0.0325446 0.0417867 0.0514771 0.0574868 0.0594543 0.0530163 0.0426232 0.0327186 0.0301153 0.0301153 0.0301153 0.0301153 0.0301153 0.0301153 0.0301153 0.0301153 0.0327186 0.0426232 0.0530163 0.0594543 0.0610404 0.0542544 0.0432991 0.0328591 0.0301153 0.0301153 0.0301153 0.0301153 0.0301153 0.0301153 0.0301153 0.0301153 0.0328591 0.0432991 0.0542544 0.0610404 0.0623387 0.0552649 0.0438546 0.0329729 0.0301153 0.0301153 0.0301153 0.0301153 0.0301153 0.0301153 0.0301153 0.0301153 0.0329729 0.0438546 0.0552649 0.0623387 0.0633894 0.0560881 0.044303 0.0330666 0.0301153 0.0301153 0.0301153 0.0301153 0.0301153 0.0301153 0.0301153 0.0301153 0.0330666 0.044303 0.0560881 0.0633894 0.0642326 0.0567506 0.0446643 0.0331402 0.0301153 0.0301153 0.0301153 0.0301153 0.0301153 0.0301153 0.0301153 0.0301153 0.0331402 0.0446643 0.0567506 0.0642326 0.0648884 0.0572592 0.0449387 0.0332004 0.0301153 0.0301153 0.0301153 0.0301153 0.0301153 0.0301153 0.0301153 0.0301153 0.0332004 0.0449387 0.0572592 0.0648884 0.0653703 0.057634 0.0451462 0.0332406 0.0301153 0.0301153 0.0301153 0.0301153 0.0301153 0.0301153 0.0301153 0.0301153 0.0332406 0.0451462 0.057634 0.0653703 0.0656915 0.0578816 0.04528 0.0332741 0.0301153 0.0301153 0.0301153 0.0301153 0.0301153 0.0301153 0.0301153 0.0301153 0.0332741 0.04528 0.0578816 0.0656915 0.0658454 0.0580088 0.045347 0.0332874 0.0301153 0.0301153 0.0301153 0.0301153 0.0301153 0.0301153 0.0301153 0.0301153 0.0332874 0.045347 0.0580088 0.0658454 0.0658454 0.0580088 0.045347 0.0332874 0.0301153 0.0301153 0.0301153 0.0301153 0.0301153 0.0301153 0.0301153 0.0301153 0.0332874 0.045347 0.0580088 0.0658454 0.0656915 0.0578816 0.04528 0.0332741 0.0301153 0.0301153 0.0301153 0.0301153 0.0301153 0.0301153 0.0301153 0.0301153 0.0332741 0.04528 0.0578816 0.0656915 0.0653703 0.057634 0.0451462 0.0332406 0.0301153 0.0301153 0.0301153 0.0301153 0.0301153 0.0301153 0.0301153 0.0301153 0.0332406 0.0451462 0.057634 0.0653703 0.0648884 0.0572592 0.0449387 0.0332004 0.0301153 0.0301153 0.0301153 0.0301153 0.0301153 0.0301153 0.0301153 0.0301153 0.0332004 0.0449387 0.0572592 0.0648884 0.0642326 0.0567506 0.0446643 0.0331402 0.0301153 0.0301153 0.0301153 0.0301153 0.0301153 0.0301153 0.0301153 0.0301153 0.0331402 0.0446643 0.0567506 0.0642326 0.0633894 0.0560881 0.044303 0.0330666 0.0301153 0.0301153 0.0301153 0.0301153 0.0301153 0.0301153 0.0301153 0.0301153 0.0330666 0.044303 0.0560881 0.0633894 0.0623387 0.0552649 0.0438546 0.0329729 0.0301153 0.0301153 0.0301153 0.0301153 0.0301153 0.0301153 0.0301153 0.0301153 0.0329729 0.0438546 0.0552649 0.0623387 0.0610404 0.0542544 0.0432991 0.0328591 0.0301153 0.0301153 0.0301153 0.0301153 0.0301153 0.0301153 0.0301153 0.0301153 0.0328591 0.0432991 0.0542544 0.0610404 0.0594543 0.0530163 0.0426232 0.0327186 0.0301153 0.0301153 0.0301153 0.0301153 0.0301153 0.0301153 0.0301153 0.0301153 0.0327186 0.0426232 0.0530163 0.0594543 0.0574868 0.0514771 0.0417867 0.0325446 0.0301153 0.0301153 0.0301153 0.0301153 0.0301153 0.0301153 0.0301153 0.0301153 0.0325446 0.0417867 0.0514771 0.0574868 0.0549638 0.0495162 0.0407092 0.0323171 0.0301153 0.0301153 0.0301153 0.0301153 0.0301153 0.0301153 0.0301153 0.0301153 0.0323171 0.0407092 0.0495162 0.0549638 0.0514972 0.0468059 0.0392302 0.0320092 0.0301153 0.0301153 0.0301153 0.0301153 0.0301153 0.0301153 0.0301153 0.0301153 0.0320092 0.0392302 0.0468059 0.0514972 0.0455143 0.0421347 0.0366804 0.0314805 0.0301153 0.0301153 0.0301153 0.0301153 0.0301153 0.0301153 0.0301153 0.0301153 0.0314805 0.0366804 0.0421347 0.0455143 0.0301153 0.0301153 0.0301153 0.0301153 0.0301153 0.0301153 0.0301153 0.0301153 0.0301153 0.0301153 0.0301153 0.0301153 0.0301153 0.0301153 0.0301153 0.0301153 0.0301153 0.0301153 0.0301153 0.0301153 0.0301153 0.0301153 0.0301153 0.0301153 0.0301153 0.0301153 0.0301153 0.0301153 0.0301153 0.0301153 0.0301153 0.0301153 0.0301153 0.0301153 0.0301153 0.0301153 0.0301153 0.0301153 0.0301153 0.0301153 0.0301153 0.0301153 0.0301153 0.0301153 0.0301153 0.0301153 0.0301153 0.0301153 0.0301153 0.0301153 
</DataArray>
<DataArray type="Float64" Name="cell variable 6" format="ascii">
0.999985 0.999985 0.999985 0.999985 0.999985 0.999985 0.999985 0.999985 0.999985 0.999985 0.999985 0.999985 0.999985 0.999985 0.999985 0.999985 0.999985 0.999985 0.999985 0.999985 0.999985 0.999985 0.999985 0.999985 0.999985 0.999985 0.999985 0.999985 0.999985 0.999985 0.999985 0.999985 0.999985 0.999985 0.999985 0.999985 0.999985 0.999985 0.999985 0.999985 0.999985 0.999985 0.999985 0.999985 0.999985 0.999985 0.999985 0.999985 0.999983 0.999984 0.999984 0.999985 0.999985 0.999985 0.999985 0.999985 0.999985 0.999985 0.999985 0.999985 0.999985 0.999984 0.999984 0.999983 0.999983 0.999983 0.999984 0.999984 0.999985 0.999985 0.999985 0.999985 0.999985 0.999985 0.999985 0.999985 0.999984 0.999984 0.999983 0.999983 0.999982 0.999983 0.999983 0.999984 0.999985 0.999985 0.999985 0.999985 0.999985 0.999985 0.999985 0.999985 0.999984 0.999983 0.999983 0.999982 0.999982 0.999982 0.999983 0.999984 0.999985 0.999985 0.999985 0.999985 0.999985 0.999985 0.999985 0.999985 0.999984 0.999983 0.999982 0.999982 0.999982 0.999982 0.999983 0.999984 0.999985 0.999985 0.999985 0.999985 0.999985 0.999985 0.999985 0.999985 0.999984 0.999983 0.999982 0.999982 0.999982 0.999982 0.999983 0.999984 0.999985 0.999985 0.999985 0.999985 0.999985 0.999985 0.999985 0.999985 0.999984 0.999983 0.999982 0.999982 0.999981 0.999982 0.999983 0.999984 0.999985 0.999985 0.999985 0.999985 0.999985 0.999985 0.999985 0.999985 0.999984 0.999983 0.999982 0.999981 0.999981 0.999982 0.999983 0.999984 0.999985 0.999985 0.999985 0.999985 0.999985 0.999985 0.999985 0.999985 0.999984 0.999983 0.999982 0.999981 0.999981 0.999982 0.999983 0.999984 0.999985 0.999985 0.999985 0.999985 0.999985 0.999985 0.999985 0.999985 0.999984 0.999983 0.999982 0.999981 0.999981 0.999982 0.999983 0.999984 0.999985 0.999985 0.999985 0.999985 0.999985 0.999985 0.999985 0.999985 0.999984 0.999983 0.999982 0.999981 0.999981 0.999982 0.999983 0.999984 0.999985 0.999985 0.999985 0.999985 0.999985 0.999985 0.999985 0.999985 0.999984 0.999983 0.999982 0.999981 0.999981 0.999982 0.999983 0.999984 0.999985 0.999985 0.999985 0.999985 0.999985 0.999985 0.999985 0.999985 0.999984 0.999983 0.999982 0.999981 0.999981 0.999982 0.999983 0.999984 0.999985 0.999985 0.999985 0.999985 0.999985 0.999985 0.999985 0.999985 0.999984 0.999983 0.999982 0.999981 0.999981 0.999982 0.999983 0.999984 0.999985 0.999985 0.999985 0.999985 0.999985 0.999985 0.999985 0.999985 0.999984 0.999983 0.999982 0.999981 0.999981 0.999982 0.999983 0.999984 0.999985 0.999985 0.999985 0.999985 0.999985 0.999985 0.999985 0.999985 0.999984 0.999983 0.999982 0.999981 0.999981 0.999982 0.999983 0.999984 0.999985 0.999985 0.999985 0.999985 0.999985 0.999985 0.999985 0.999985 0.999984 0.999983 0.999982 0.999981 0.999981 0.999982 0.999983 0.999984 0.999985 0.999985 0.999985 0.999985 0.999985 0.999985 0.999985 0.999985 0.999984 0.999983 0.999982 0.999981 0.999981 0.999982 0.999983 0.999984 0.999985 0.999985 0.999985 0.999985 0.999985 0.999985 0.999985 0.999985 0.999984 0.999983 0.999982 0.999981 0.999981 0.999982 0.999983 0.999984 0.999985 0.999985 0.999985 0.999985 0.999985 0.999985 0.999985 0.999985 0.999984 0.999983 0.999982 0.999981 0.999981 0.999982 0.999983 0.999984 0.999985 0.999985 0.999985 0.999985 0.999985 0.999985 0.999985 0.999985 0.999984 0.999983 0.999982 0.999981 0.999982 0.999982 0.999983 0.999984 0.999985 0.999985 0.999985 0.999985 0.999985 0.999985 0.999985 0.999985 0.999984 0.999983 0.999982 0.999982 0.999982 0.999982 0.999983 0.999984 0.999985 0.999985 0.999985 0.999985 0.999985 0.999985 0.999985 0.999985 0.999984 0.999983 0.999982 0.999982 0.999982 0.999982 0.999983 0.999984 0.999985 0.999985 0.999985 0.999985 0.999985 0.999985 0.999985 0.999985 0.999984 0.999983 0.999982 0.999982 0.999982 0.999983 0.999983 0.999984 0.999985 0.999985 0.999985 0.999985 0.999985 0.999985 0.999985 0.999985 0.999984 0.999983 0.999983 0.999982 0.999983 0.999983 0.999984 0.999984 0.999985 0.999985 0.999985 0.999985 0.999985 0.999985 0.999985 0.999985 0.999984 0.999984 0.999983 0.999983 0.999983 0.999984 0.999984 0.999985 0.999985 0.999985 0.999985 0.999985 0.999985 0.999985 0.999985 0.999985 0.999985 0.999984 0.999984 0.999983 0.999985 0.999985 0.999985 0.999985 0.999985 0.999985 0.999985 0.999985 0.999985 0.999985 0.999985 0.999985 0.999985 0.999985 0.999985 0.999985 0.999985 0.999985 0.999985 0.999985 0.999985 0.999985 0.999985 0.999985 0.999985 0.999985 0.999985 0.999985 0.999985 0.999985 0.999985 0.999985 0.999985 0.999985 0.999985 0.999985 0.999985 0.999985 0.999985 0.999985 0.999985 0.999985 0.999985 0.999985 0.999985 0.999985 0.999985 0.999985 0.999985 0.999985 
</DataArray>
<DataArray type="Float64" Name="cell variable 7" format="ascii">
0 0 0 0 0 0 0 0 0 0 0 0 0 0 0 0 0 0 0 0 0 0 0 0 0 0 0 0 0 0 0 0 0 0 0 0 0 0 0 0 0 0 0 0 0 0 0 0 0 0 0 0 0 0 0 0 0 0 0 0 0 0 0 0 0 0 0 0 0 0 0 0 0 0 0 0 0 0 0 0 0 0 0 0 0 0 0 0 0 0 0 0 0 0 0 0 0 0 0 0 0 0 0 0 0 0 0 0 0 0 0 0 0 0 0 0 0 0 0 0 0 0 0 0 0 0 0 0 0 0 0 0 0 0 0 0 0 0 0 0 0 0 0 0 0 0 0 0 0 0 0 0 0 0 0 0 0 0 0 0 0 0 0 0 0 0 0 0 0 0 0 0 0 0 0 0 0 0 0 0 0 0 0 0 0 0 0 0 0 0 0 0 0 0 0 0 0 0 0 0 0 0 0 0 0 0 0 0 0 0 0 0 0 0 0 0 0 0 0 0 0 0 0 0 0 0 0 0 0 0 0 0 0 0 0 0 0 0 0 0 0 0 0 0 0 0 0 0 0 0 0 0 0 0 0 0 0 0 0 0 0 0 0 0 0 0 0 0 0 0 0 0 0 0 0 0 0 0 0 0 0 0 0 0 0 0 0 0 0 0 0 0 0 0 0 0 0 0 0 0 0 0 0 0 0 0 0 0 0 0 0 0 0 0 0 0 0 0 0 0 0 0 0 0 0 0 0 0 0 0 0 0 0 0 0 0 0 0 0 0 0 0 0 0 0 0 0 0 0 0 0 0 0 0 0 0 0 0 0 0 0 0 0 0 0 0 0 0 0 0 0 0 0 0 0 0 0 0 0 0 0 0 0 0 0 0 0 0 0 0 0 0 0 0 0 0 0 0 0 0 0 0 0 0 0 0 0 0 0 0 0 0 0 0 0 0 0 0 0 0 0 0 0 0 0 0 0 0 0 0 0 0 0 0 0 0 0 0 0 0 0 0 0 0 0 0 0 0 0 0 0 0 0 0 0 0 0 0 0 0 0 0 0 0 0 0 0 0 0 0 0 0 0 0 0 0 0 0 0 0 0 0 0 0 0 0 0 0 0 0 0 0 0 0 0 0 0 0 0 0 0 0 0 0 0 0 0 0 0 0 0 0 1 1 
</DataArray>
<DataArray type="Float64" Name="cell variable 8" format="ascii">
11.25 33.75 56.25 78.75 101.25 123.75 146.25 168.75 191.25 213.75 236.25 258.75 281.25 303.75 326.25 348.75 11.25 33.75 56.25 78.75 101.25 123.75 146.25 168.75 191.25 213.75 236.25 258.75 281.25 303.75 326.25 348.75 11.25 33.75 56.25 78.75 101.25 123.75 146.25 168.75 191.25 213.75 236.25 258.75 281.25 303.75 326.25 348.75 11.25 33.75 56.25 78.75 101.25 123.75 146.25 168.75 191.25 213.75 236.25 258.75 281.25 303.75 326.25 348.75 11.25 33.75 56.25 78.75 101.25 123.75 146.25 168.75 191.25 213.75 236.25 258.75 281.25 303.75 326.25 348.75 11.25 33.75 56.25 78.75 101.25 123.75 146.25 168.75 191.25 213.75 236.25 258.75 281.25 303.75 326.25 348.75 11.25 33.75 56.25 78.75 101.25 123.75 146.25 168.75 191.25 213.75 236.25 258.75 281.25 303.75 326.25 348.75 11.25 33.75 56.25 78.75 101.25 123.75 146.25 168.75 191.25 213.75 236.25 258.75 281.25 303.75 326.25 348.75 11.25 33.75 56.25 78.75 101.25 123.75 146.25 168.75 191.25 213.75 236.25 258.75 281.25 303.75 326.25 348.75 11.25 33.75 56.25 78.75 101.25 123.75 146.25 168.75 191.25 213.75 236.25 258.75 281.25 303.75 326.25 348.75 11.25 33.75 56.25 78.75 101.25 123.75 146.25 168.75 191.25 213.75 236.25 258.75 281.25 303.75 326.25 348.75 11.25 33.75 56.25 78.75 101.25 123.75 146.25 168.75 191.25 213.75 236.25 258.75 281.25 303.75 326.25 348.75 11.25 33.75 56.25 78.75 101.25 123.75 146.25 168.75 191.25 213.75 236.25 258.75 281.25 303.75 326.25 348.75 11.25 33.75 56.25 78.75 101.25 123.75 146.25 168.75 191.25 213.75 236.25 258.75 281.25 303.75 326.25 348.75 11.25 33.75 56.25 78.75 101.25 123.75 146.25 168.75 191.25 213.75 236.25 258.75 281.25 303.75 326.25 348.75 11.25 33.75 56.25 78.75 101.25 123.75 146.25 168.75 191.25 213.75 236.25 258.75 281.25 303.75 326.25 348.75 11.25 33.75 56.25 78.75 101.25 123.75 146.25 168.75 191.25 213.75 236.25 258.75 281.25 303.75 326.25 348.75 11.25 33.75 56.25 78.75 101.25 123.75 146.25 168.75 191.25 213.75 236.25 258.75 281.25 303.75 326.25 348.75 11.25 33.75 56.25 78.75 101.25 123.75 146.25 168.75 191.25 213.75 236.25 258.75 281.25 303.75 326.25 348.75 11.25 33.75 56.25 78.75 101.25 123.75 146.25 168.75 191.25 213.75 236.25 258.75 281.25 303.75 326.25 348.75 11.25 33.75 56.25 78.75 101.25 123.75 146.25 168.75 191.25 213.75 236.25 258.75 281.25 303.75 326.25 348.75 11.25 33.75 56.25 78.75 101.25 123.75 146.25 168.75 191.25 213.75 236.25 258.75 281.25 303.75 326.25 348.75 11.25 33.75 56.25 78.75 101.25 123.75 146.25 168.75 191.25 213.75 236.25 258.75 281.25 303.75 326.25 348.75 11.25 33.75 56.25 78.75 101.25 123.75 146.25 168.75 191.25 213.75 236.25 258.75 281.25 303.75 326.25 348.75 11.25 33.75 56.25 78.75 101.25 123.75 146.25 168.75 191.25 213.75 236.25 258.75 281.25 303.75 326.25 348.75 11.25 33.75 56.25 78.75 101.25 123.75 146.25 168.75 191.25 213.75 236.25 258.75 281.25 303.75 326.25 348.75 11.25 33.75 56.25 78.75 101.25 123.75 146.25 168.75 191.25 213.75 236.25 258.75 281.25 303.75 326.25 348.75 11.25 33.75 56.25 78.75 101.25 123.75 146.25 168.75 191.25 213.75 236.25 258.75 281.25 303.75 326.25 348.75 11.25 33.75 56.25 78.75 101.25 123.75 146.25 168.75 191.25 213.75 236.25 258.75 281.25 303.75 326.25 348.75 11.25 33.75 56.25 78.75 101.25 123.75 146.25 168.75 191.25 213.75 236.25 258.75 281.25 303.75 326.25 348.75 11.25 33.75 56.25 78.75 101.25 123.75 146.25 168.75 191.25 213.75 236.25 258.75 281.25 303.75 326.25 348.75 11.25 33.75 56.25 78.75 101.25 123.75 146.25 168.75 191.25 213.75 236.25 258.75 281.25 303.75 326.25 348.75 0 0 
</DataArray>
</CellData>
</Piece>
</UnstructuredGrid>
</VTKFile>
