<VTKFile type="UnstructuredGrid" version="0.1">
<UnstructuredGrid>
<Piece  NumberOfPoints="    2608" NumberOfCells="    2080">
<Points>
<DataArray type="Float64" NumberOfComponents="3" format="ascii">
-95.5521 932.796 0.13405 
-91.5394 936.791 28.7485 
-80.0005 948.12 53.0203 
-62.6117 964.996 69.2306 
-42.0319 984.833 74.9042 
-21.4319 1004.63 69.189 
-4.01923 1021.47 52.99 
7.54153 1032.86 28.7644 
11.5782 1036.91 0.151439 
7.52403 1032.89 -28.4658 
-4.04587 1021.52 -52.6997 
-21.4521 1004.68 -68.9024 
-42.0438 984.875 -74.6224 
-62.6138 965.026 -68.9546 
-79.9635 948.115 -52.7399 
-91.4909 936.774 -28.4741 
-79.1956 907.091 0.15006 
-74.8148 911.413 31.1057 
-62.3055 923.687 57.3131 
-43.5084 941.947 74.8026 
-21.2504 963.372 80.9356 
1.02211 984.774 74.789 
19.8645 1003.02 57.3049 
32.3582 1015.4 31.0901 
36.7078 1019.81 0.130735 
32.3463 1015.44 -30.8258 
19.852 1003.08 -57.0278 
1.01099 984.84 -74.516 
-21.2513 963.431 -80.6739 
-43.4944 941.99 -74.5511 
-62.2777 923.72 -57.0591 
-74.8 911.425 -30.816 
-56.2728 880.976 0.144329 
-51.7876 885.397 31.7786 
-38.9975 897.926 58.5582 
-19.776 916.544 76.4384 
2.99252 938.381 82.7236 
25.7827 960.197 76.4585 
44.9921 978.85 58.5998 
57.5715 991.637 31.7733 
61.9233 996.183 0.113005 
57.5556 991.662 -31.5351 
44.985 978.912 -58.3304 
25.7779 960.266 -76.2003 
2.99512 938.446 -82.4766 
-19.7639 916.596 -76.2011 
-38.9799 897.964 -58.3283 
-51.7891 885.405 -31.5064 
-32.1042 855.578 0.134061 
-27.6069 860.036 31.899 
-14.7698 872.643 58.7828 
4.56251 891.329 76.7176 
27.5007 913.188 82.9981 
50.4797 934.98 76.6854 
69.7508 953.698 58.7516 
82.1117 966.881 31.8756 
86.3816 971.594 0.109527 
82.0939 966.908 -31.6533 
69.7411 953.757 -58.5044 
50.4729 935.047 -76.4489 
27.5005 913.251 -82.7718 
4.57016 891.381 -76.5014 
-14.7572 872.678 -58.5773 
-27.6143 860.039 -31.6497 
-8.42902 830.506 0.121821 
-3.81135 834.865 31.9185 
9.34824 847.201 58.8149 
29.1124 865.517 76.7301 
52.5057 886.965 82.9671 
75.9177 908.355 76.6259 
95.6748 926.625 58.6868 
108.623 939.295 31.8325 
113.122 943.843 0.101171 
108.602 939.326 -31.6324 
95.6613 926.686 -58.4643 
75.9099 908.42 -76.4127 
52.5041 887.027 -82.7644 
29.1176 865.568 -76.5385 
9.35864 847.234 -58.6356 
-3.8194 834.863 -31.6947 
14.6602 805.043 0.110565 
19.3901 809.289 31.9114 
32.8519 821.311 58.8066 
53.0287 839.186 76.7164 
76.8728 860.14 82.9474 
100.731 881.034 76.6003 
120.932 898.828 58.6745 
134.338 911.024 31.8206 
139.014 915.393 0.0855133 
134.314 911.057 -31.6459 
120.918 898.89 -58.4704 
100.723 881.099 -76.4063 
76.8712 860.202 -82.7655 
53.0333 839.236 -76.5476 
32.8617 821.341 -58.6511 
19.3818 809.284 -31.7106 
37.1047 779.112 0.100209 
41.9393 783.239 31.9034 
55.6895 794.926 58.801 
76.2759 812.322 76.7148 
100.582 832.733 82.9484 
124.901 853.081 76.597 
145.525 870.374 58.6688 
159.309 882.136 31.8094 
164.132 886.332 0.0695871 
159.283 882.168 -31.6609 
145.512 870.437 -58.4842 
124.894 853.146 -76.4225 
100.582 832.794 -82.7868 
76.281 812.371 -76.5674 
55.6997 794.955 -58.6674 
41.9309 783.232 -31.7238 
58.8748 752.691 0.0906905 
63.8098 756.694 31.8959 
77.8406 768.034 58.7976 
98.8352 784.924 76.718 
123.611 804.755 82.9556 
148.397 824.524 76.5999 
169.432 841.3 58.6632 
183.546 852.654 31.7984 
188.496 856.69 0.0546598 
183.52 852.684 -31.6754 
169.421 841.362 -58.4989 
148.392 824.588 -76.4453 
123.612 804.815 -82.8139 
98.8414 784.972 -76.5907 
77.8516 768.06 -58.6842 
63.8013 756.687 -31.7358 
79.9532 725.777 0.0818973 
84.9858 729.653 31.8885 
99.2913 740.634 58.794 
120.691 756.997 76.7205 
145.937 776.22 82.9617 
171.19 795.383 76.602 
192.625 811.628 58.6568 
207.038 822.591 31.7877 
212.102 826.476 0.0409928 
207.013 822.619 -31.689 
192.616 811.688 -58.5128 
171.186 795.446 -76.4673 
145.939 776.279 -82.8394 
120.698 757.043 -76.6125 
99.303 740.658 -58.6998 
84.977 729.644 -31.7465 
100.327 698.373 0.0737528 
105.455 702.119 31.8815 
120.029 712.732 58.7897 
141.828 728.551 76.7207 
167.539 747.143 82.9644 
193.252 765.677 76.6013 
215.08 781.377 58.6496 
229.771 791.957 31.7771 
234.938 795.7 0.0285239 
229.747 791.983 -31.7012 
215.073 781.436 -58.5254 
193.25 765.737 -76.4858 
167.542 747.199 -82.8609 
141.836 728.594 -76.6311 
120.042 712.753 -58.7135 
105.446 702.108 -31.7563 
119.985 670.487 0.0662648 
125.206 674.1 31.8746 
140.042 684.337 58.7848 
162.23 699.598 76.719 
188.398 717.537 82.9642 
214.563 735.423 76.5984 
236.772 750.569 58.6419 
251.727 760.766 31.767 
256.99 764.37 0.0171748 
251.703 760.79 -31.7123 
236.767 750.625 -58.5367 
214.562 735.481 -76.5012 
188.402 717.591 -82.8783 
162.24 699.639 -76.6464 
140.055 684.356 -58.7252 
125.196 674.088 -31.765 
138.916 642.128 0.0594121 
144.227 645.606 31.868 
159.319 655.457 58.7793 
181.887 670.146 76.7156 
208.499 687.416 82.9618 
235.103 704.637 76.5942 
257.681 719.22 58.6342 
272.889 729.032 31.7576 
278.242 732.498 0.00684149 
272.866 729.055 -31.7225 
257.678 719.273 -58.5467 
235.104 704.692 -76.514 
208.505 687.466 -82.8924 
181.897 670.183 -76.659 
159.332 655.473 -58.7351 
144.217 645.593 -31.7726 
157.11 613.311 0.053215 
162.51 616.649 31.8619 
177.849 626.106 58.7737 
200.785 640.21 76.7112 
227.827 656.797 82.9578 
254.856 673.34 76.5888 
277.791 687.348 58.6266 
293.239 696.773 31.7488 
298.678 700.102 -0.00253755 
293.217 696.794 -31.7316 
277.79 687.398 -58.5554 
254.859 673.391 -76.5244 
227.834 656.843 -82.9035 
200.796 640.244 -76.6691 
177.863 626.121 -58.7436 
162.499 616.636 -31.7794 
174.559 584.048 0.047681 
180.043 587.245 31.8563 
195.622 596.3 58.7681 
218.912 609.808 76.7061 
246.367 625.698 82.9529 
273.807 641.549 76.5829 
297.085 654.974 58.6194 
312.763 664.008 31.7407 
318.284 667.198 -0.0110159 
312.742 664.027 -31.7398 
297.086 655.021 -58.5631 
273.811 641.597 -76.5328 
246.376 625.74 -82.9124 
218.924 609.838 -76.6773 
195.635 596.312 -58.7508 
180.031 587.23 -31.7855 
191.252 554.354 0.0428239 
196.817 557.407 31.8513 
212.625 566.055 58.7628 
236.255 578.955 76.7009 
264.108 594.136 82.9476 
291.94 609.285 76.5768 
315.549 622.118 58.6126 
331.447 630.755 31.7333 
337.045 633.806 -0.0186245 
331.427 630.773 -31.747 
315.551 622.162 -58.5698 
291.946 609.329 -76.5397 
264.118 594.175 -82.9194 
236.268 578.983 -76.6839 
212.639 566.064 -58.7568 
196.805 557.392 -31.7907 
207.179 524.246 0.0386626 
212.823 527.153 31.8469 
228.85 535.386 58.7579 
252.805 547.671 76.6957 
281.037 562.132 82.9421 
309.245 576.567 76.5709 
333.169 588.799 58.6064 
349.278 597.036 31.7267 
354.949 599.946 -0.025374 
349.258 597.053 -31.7534 
333.172 588.84 -58.5755 
309.252 576.608 -76.5452 
281.049 562.167 -82.9248 
252.819 547.695 -76.689 
228.864 535.392 -58.7617 
212.809 527.137 -31.7951 
222.332 493.739 0.0352011 
228.05 496.498 31.8431 
244.286 504.311 58.7534 
268.55 515.972 76.6907 
297.144 529.704 82.9368 
325.709 543.417 76.5653 
349.933 555.041 58.6009 
366.242 562.872 31.7208 
371.985 565.64 -0.0312578 
366.223 562.887 -31.7589 
349.938 555.079 -58.5803 
325.718 543.453 -76.5494 
297.156 529.735 -82.9288 
268.565 515.992 -76.6928 
244.3 504.315 -58.7656 
228.036 496.481 -31.7987 
236.703 462.85 0.0324042 
242.492 465.459 31.8399 
258.925 472.847 58.7494 
283.483 483.877 76.6859 
312.419 496.871 82.9316 
341.323 509.854 76.5601 
365.831 520.864 58.5959 
382.331 528.285 31.7158 
388.14 530.909 -0.0362849 
382.312 528.299 -31.7635 
365.838 520.899 -58.5841 
341.332 509.886 -76.5524 
312.432 496.898 -82.9313 
283.498 483.894 -76.6953 
258.939 472.849 -58.7684 
242.476 465.442 -31.8015 
250.284 431.597 0.0302426 
256.139 434.054 31.8373 
272.76 441.012 58.7456 
297.594 451.405 76.6812 
326.853 463.655 82.9264 
356.076 475.9 76.555 
380.853 486.291 58.5916 
397.534 493.298 31.7116 
403.406 495.776 -0.0404841 
397.515 493.31 -31.7673 
380.862 486.322 -58.5869 
356.087 475.929 -76.5541 
326.867 463.678 -82.9324 
297.61 451.418 -76.6964 
272.774 441.012 -58.7702 
256.123 434.037 -31.8036 
263.069 399.998 0.0287119 
268.987 402.302 31.8351 
285.783 408.826 58.7422 
310.877 418.576 76.6765 
340.439 430.076 82.9209 
369.962 441.579 76.55 
394.993 451.345 58.5878 
411.843 457.934 31.7081 
417.775 460.265 -0.0438817 
411.825 457.945 -31.7701 
395.002 451.373 -58.5886 
369.975 441.603 -76.5544 
340.454 430.095 -82.9318 
310.894 418.586 -76.6961 
285.797 408.824 -58.7709 
268.97 402.284 -31.8049 
275.051 368.072 0.0277965 
281.028 370.221 31.8335 
297.989 376.308 58.739 
323.325 385.41 76.6713 
353.17 396.155 82.9148 
382.973 406.911 76.5446 
408.241 416.049 58.5842 
425.251 422.217 31.7052 
431.24 424.399 -0.0465031 
425.234 422.226 -31.7721 
408.252 416.073 -58.5892 
382.987 406.932 -76.5528 
353.186 396.171 -82.9291 
323.342 385.418 -76.694 
298.003 376.304 -58.7704 
281.01 370.203 -31.8054 
286.224 335.835 0.0274693 
292.256 337.828 31.8324 
309.37 343.476 58.7357 
334.933 351.928 76.6654 
365.039 361.916 82.9075 
395.104 371.922 76.5384 
420.593 380.428 58.5808 
437.753 386.17 31.7028 
443.795 388.2 -0.0483685 
437.736 386.177 -31.7729 
420.606 380.449 -58.5883 
395.119 371.939 -76.5489 
365.057 361.928 -82.9238 
334.95 351.934 -76.6897 
309.384 343.471 -58.7686 
292.238 337.811 -31.8051 
296.585 303.307 0.0276923 
302.668 305.143 31.8315 
319.924 310.35 58.732 
345.695 318.151 76.6581 
376.043 327.38 82.8982 
406.348 336.636 76.5307 
432.043 344.508 58.5771 
449.344 349.817 31.7007 
455.437 351.692 -0.0494932 
449.329 349.821 -31.7726 
432.058 344.523 -58.5857 
406.365 336.649 -76.5422 
376.062 327.389 -82.9151 
345.713 318.154 -76.6827 
319.938 310.345 -58.7651 
302.648 305.127 -31.8041 
306.128 270.503 0.0284119 
312.258 272.181 31.8309 
329.646 276.947 58.7277 
355.609 284.097 76.6488 
386.178 292.57 82.886 
416.703 301.077 76.5207 
442.589 308.313 58.5729 
460.022 313.181 31.6989 
466.163 314.894 -0.0498829 
460.008 313.182 -31.771 
442.605 308.323 -58.5811 
416.721 301.086 -76.5317 
386.198 292.576 -82.9022 
355.627 284.099 -76.6725 
329.66 276.942 -58.7598 
312.239 272.167 -31.8021 
314.852 237.439 0.0295471 
321.026 238.96 31.8302 
338.535 243.285 58.7223 
364.672 249.787 76.6367 
395.441 257.51 82.8697 
426.165 265.274 76.5073 
452.227 271.872 58.5675 
469.786 276.285 31.6971 
475.974 277.827 -0.0495213 
469.772 276.282 -31.7678 
452.246 271.877 -58.5741 
426.186 265.278 -76.5167 
395.462 257.513 -82.8842 
364.691 249.788 -76.6584 
338.549 243.281 -58.7525 
321.006 238.948 -31.7993 
322.756 204.132 0.0309829 
328.97 205.494 31.8293 
346.588 209.378 58.7156 
372.883 215.239 76.6213 
403.831 222.223 82.8488 
434.734 229.253 76.4897 
460.957 235.214 58.5602 
478.635 239.15 31.6948 
484.869 240.507 -0.0483531 
478.623 239.142 -31.7625 
460.978 235.213 -58.564 
434.756 229.253 -76.4965 
403.854 222.224 -82.8606 
372.904 215.24 -76.6402 
346.603 209.377 -58.7429 
328.949 205.486 -31.7955 
329.844 170.595 0.0325865 
336.093 171.797 31.8275 
353.809 175.242 58.7071 
380.244 180.471 76.6028 
411.348 186.735 82.8231 
442.407 193.048 76.4672 
468.774 198.372 58.5488 
486.567 201.793 31.6914 
492.849 202.945 -0.0462426 
486.557 201.78 -31.7546 
468.799 198.364 -58.5494 
442.432 193.044 -76.471 
411.373 186.734 -82.8318 
380.265 180.473 -76.6184 
353.825 175.244 -58.7309 
336.073 171.794 -31.7903 
336.134 136.846 0.0342755 
342.411 137.884 31.8209 
360.207 140.888 58.6916 
386.756 145.499 76.5765 
417.989 151.071 82.7887 
449.177 156.693 76.4357 
475.664 161.382 58.5265 
493.564 164.227 31.6842 
499.893 165.148 -0.0427055 
493.559 164.206 -31.7423 
475.691 161.366 -58.525 
449.205 156.685 -76.4375 
418.016 151.069 -82.7951 
386.78 145.504 -76.5889 
360.225 140.897 -58.7114 
342.392 137.889 -31.7799 
341.709 102.921 0.0359868 
347.998 103.786 31.7829 
365.832 106.347 58.6226 
392.437 110.355 76.4884 
423.735 115.265 82.6948 
454.993 120.229 76.3532 
481.547 124.274 58.459 
499.535 126.448 31.6589 
505.898 127.106 -0.0342633 
499.537 126.418 -31.7142 
481.579 124.251 -58.462 
455.025 120.218 -76.3571 
423.766 115.264 -82.7006 
392.465 110.363 -76.4976 
365.854 106.366 -58.6369 
347.983 103.804 -31.7372 
347.003 68.96 0.0356168 
353.251 69.6486 31.5339 
370.976 71.7613 58.1775 
397.421 75.1599 75.9405 
428.544 79.408 82.1497 
459.633 83.7332 75.8812 
486.064 87.0461 58.1265 
503.976 88.3946 31.4902 
510.288 88.7588 -0.0311029 
503.986 88.3637 -31.5441 
486.102 87.0196 -58.1302 
459.667 83.7199 -75.8825 
428.577 79.4068 -82.1533 
397.452 75.1724 -75.947 
371.005 71.7916 -58.1838 
353.245 69.6845 -31.4851 
355.037 35.795 0.031527 
360.996 36.4735 30.094 
377.892 38.5342 55.5302 
403.107 41.7533 72.5135 
432.811 45.6748 78.492 
462.511 49.6173 72.549 
487.728 52.7788 55.5827 
504.646 54.487 30.0638 
510.578 54.9831 -0.0324498 
504.645 54.4296 -30.1066 
487.762 52.7273 -55.5735 
462.542 49.6013 -72.5448 
432.842 45.6748 -78.4937 
403.134 41.7709 -72.521 
377.911 38.5882 -55.5426 
360.98 36.5312 -30.0541 
364.296 3.68206 0.0215075 
369.871 4.32824 28.1159 
385.672 6.28707 51.8836 
409.26 9.27318 67.7284 
437.032 12.8423 73.2704 
464.775 16.4101 67.6837 
488.297 19.3864 51.8283 
504.048 21.2026 28.0369 
509.566 21.7506 -0.0192839 
504.043 21.117 -28.0578 
488.317 19.3144 -51.8143 
464.795 16.3975 -67.681 
437.051 12.8419 -73.2711 
409.277 9.28797 -67.7334 
385.676 6.35672 -51.8981 
369.845 4.40739 -28.0925 
376.193 -23.2524 0 
381.107 -22.5618 24.9464 
395.105 -20.6072 46.0912 
416.086 -17.7958 60.1698 
440.794 -14.5175 65.0496 
465.443 -11.2599 60.0222 
486.291 -8.50965 45.8888 
500.195 -6.67694 24.8167 
505.072 -6.03425 0.00025109 
500.195 -6.67712 -24.8162 
486.29 -8.51007 -45.8886 
465.443 -11.2604 -60.0221 
440.794 -14.518 -65.0494 
416.086 -17.7961 -60.1696 
395.105 -20.6073 -46.0912 
381.107 -22.5618 -24.9464 
-94.5082 931.693 1.62548
-90.8968 935.289 27.3785
-75.8445 912.449 29.4999
-79.7873 908.559 1.63989
-90.0854 936.088 30.1314
-79.7003 946.284 51.976
-63.7748 924.294 55.8396
-75.0331 913.248 32.2529
-78.1935 947.753 54.082
-62.5435 962.942 68.6714
-45.3506 942.198 73.6861
-62.2679 925.764 57.9456
-60.566 964.854 69.8101
-42.0442 982.707 74.9162
-23.3409 963.392 80.3445
-43.3731 944.11 74.8248
-39.8999 984.77 74.9148
-21.3599 1002.59 69.7712
-1.15131 984.717 74.8112
-21.1966 965.455 80.3431
-19.3802 1004.49 68.6319
-3.70879 1019.65 54.0527
17.7865 1003.05 57.9362
0.828418 986.625 73.6719
-2.19984 1021.12 51.9486
8.20485 1031.37 30.1455
30.5399 1015.66 32.2387
19.2955 1004.52 55.832
9.01654 1032.18 27.3928
12.6495 1035.83 1.64121
35.2662 1020.43 1.62258
31.3516 1016.47 29.486
12.6487 1035.83 -1.34056
8.99997 1032.21 -27.0961
31.34 1016.51 -29.2201
35.2654 1020.43 -1.35919
8.18715 1031.41 -29.8486
-2.22576 1021.18 -51.6591
19.2823 1004.58 -55.5544
30.5272 1015.7 -31.9726
-3.73446 1019.71 -53.7632
-19.4001 1004.55 -68.3456
0.816715 986.691 -73.3979
17.7736 1003.11 -57.6585
-21.3792 1002.64 -69.4856
-39.9117 984.814 -74.6336
-21.1985 965.513 -80.08
-1.16242 984.782 -74.5379
-42.055 982.75 -74.6359
-60.568 964.885 -69.5349
-43.3606 944.153 -74.5717
-23.3418 963.449 -80.0822
-62.5432 962.972 -68.3967
-78.1579 947.752 -53.8034
-62.2408 925.796 -57.6907
-45.3358 942.239 -73.4335
-79.6634 946.28 -51.6964
-90.0381 936.073 -29.8572
-75.0163 913.259 -31.9649
-63.7462 924.324 -55.5837
-90.8515 935.273 -27.1026
-94.5066 931.693 -1.35532
-79.7857 908.559 -1.34091
-75.8297 912.46 -29.2104
-77.8218 905.997 1.71462
-73.8791 909.887 29.5747
-53.1546 886.472 30.1803
-57.1913 882.493 1.70947
-61.7665 921.772 56.0511
-40.7894 898.587 57.1717
-52.3004 887.311 33.07
-73.0249 910.726 32.4644
-43.266 939.749 74.0008
-21.9068 916.886 75.473
-39.2062 900.13 59.3808
-60.1833 923.314 58.2603
-21.1574 961.035 80.7151
0.661255 938.543 82.3243
-19.8304 918.89 76.6677
-41.1896 941.752 75.1954
1.14026 982.459 75.1831
23.4248 960.34 76.6856
2.91363 940.705 82.3242
-18.905 963.197 80.715
20.1755 1000.88 58.2539
42.7904 979.129 59.4192
25.5019 962.342 75.4921
3.21735 984.461 73.9896
32.9976 1013.58 32.4529
55.6896 992.188 33.0678
44.3681 980.68 57.2116
21.7532 1002.43 56.0462
37.7576 1018.39 1.69665
60.4515 997.134 1.68069
56.5349 993.042 30.175
33.8429 1014.43 29.5601
33.8315 1014.47 -29.2976
56.5199 993.067 -29.9359
60.4507 997.136 -1.45261
37.7568 1018.4 -1.43666
21.7405 1002.5 -55.7706
44.3602 980.741 -56.9429
55.6739 992.216 -32.8272
32.9855 1013.62 -32.1888
3.20648 984.527 -73.7169
25.4967 962.411 -75.2327
42.783 979.192 -59.1498
20.1633 1000.95 -57.9775
-18.9061 963.256 -80.4534
2.91565 940.77 -82.0759
23.4201 960.409 -76.4272
1.12993 982.525 -74.9114
-41.1762 941.797 -74.9442
-19.8188 918.942 -76.4291
0.664361 938.607 -82.0771
-21.1574 961.093 -80.4546
-60.1565 923.348 -58.0073
-39.1885 900.168 -59.1496
-21.8941 916.936 -75.2351
-43.2516 939.791 -73.7502
-73.0101 910.739 -32.1775
-52.3002 887.32 -32.7988
-40.772 898.623 -56.9385
-61.74 921.804 -55.7963
-73.8655 909.898 -29.2851
-77.8215 905.997 -1.41567
-57.191 882.494 -1.42083
-53.1556 886.48 -29.9065
-54.8386 879.927 1.72858
-50.8019 883.906 30.1994
-29.0393 861.081 30.3078
-33.0869 857.068 1.71934
-49.9367 884.756 33.126
-38.4257 896.032 57.2276
-16.6207 873.277 57.4297
-28.1741 861.931 33.2343
-36.8209 897.593 59.465
-19.5215 914.35 75.5572
2.38317 891.656 75.8085
-15.0159 874.838 59.6671
-17.4143 916.375 76.7668
3.07734 936.029 82.4235
25.1347 913.354 82.6705
4.49034 893.682 77.0181
5.36457 938.212 82.4226
25.8757 957.846 76.784
48.103 935.151 76.9882
27.422 915.538 82.6696
27.9806 959.869 75.5751
45.2691 976.657 59.5022
67.5518 954.02 59.6389
50.2079 937.174 75.7793
46.8526 978.238 57.2691
58.1741 989.747 33.1254
80.2602 967.466 33.2174
69.1354 955.601 57.4058
59.0149 990.629 30.1949
62.9314 994.721 1.70057
84.9439 972.59 1.69744
81.101 968.349 30.2869
62.9307 994.722 -1.4745
58.9998 990.653 -29.9578
81.0842 968.375 -30.0642
84.9431 972.592 -1.47763
58.1586 989.774 -32.8866
46.8449 978.298 -57.0023
69.1255 955.659 -57.1589
80.243 967.495 -32.993
45.2619 976.719 -59.2345
27.9755 959.938 -75.3174
50.2011 937.241 -75.5411
67.5424 954.08 -59.3911
25.8712 957.915 -76.5274
5.3667 938.276 -82.1761
27.4216 915.601 -82.4417
48.0967 935.218 -76.7511
3.08026 936.092 -82.178
-17.4029 916.427 -76.53
4.4978 893.734 -76.8003
25.1351 913.417 -82.4437
-19.5094 914.4 -75.3214
-36.8038 897.632 -59.2358
-15.0033 874.874 -59.4599
2.39129 891.707 -75.5917
-38.4093 896.068 -56.9967
-49.9376 884.765 -32.857
-28.1802 861.936 -32.9861
-16.6089 873.31 -57.2209
-50.8035 883.913 -29.9275
-54.8389 879.927 -1.44183
-33.0871 857.069 -1.45107
-29.0462 861.083 -30.0565
-30.692 854.545 1.72432
-26.6444 858.557 30.3128
-5.22843 835.903 30.3303
-9.38434 831.98 1.7133
-25.7648 859.403 33.2487
-14.2114 870.749 57.4441
7.49476 847.851 57.473
-4.34887 836.749 33.2662
-12.582 872.299 59.6844
4.81702 889.117 75.8257
26.9119 865.886 75.8369
9.12418 849.402 59.7133
6.95387 891.126 77.0326
27.5983 910.798 82.685
50.1028 887.198 82.6571
29.0488 867.895 77.0438
29.9161 912.96 82.6788
50.5972 932.574 76.9974
73.4915 908.611 76.9438
52.4206 889.36 82.6509
52.7323 934.578 75.7813
70.0763 951.423 59.641
93.4079 927.058 59.5826
75.6265 910.615 75.7278
71.6832 952.994 57.3977
82.8081 964.859 33.2092
106.668 940.031 33.1705
95.0149 928.629 57.3393
83.6566 965.734 30.2829
87.4995 969.975 1.69344
111.566 945 1.68591
107.517 940.906 30.2441
87.4986 969.977 -1.47513
83.6397 965.76 -30.0617
107.497 940.936 -30.0428
111.565 945.001 -1.48265
82.7906 964.888 -32.987
71.673 953.052 -57.1529
95.0012 928.688 -57.1168
106.648 940.064 -32.9681
70.0666 951.483 -59.3955
52.7253 934.644 -75.5455
75.6185 910.68 -75.513
93.3948 927.119 -59.3594
50.5907 932.64 -76.7626
29.9156 913.023 -82.4532
52.4187 889.422 -82.4465
73.484 908.676 -76.7301
27.5984 910.861 -82.4604
6.96104 891.178 -76.8171
29.0537 867.947 -76.8505
50.1015 887.259 -82.4537
4.82479 889.167 -75.6113
-12.5698 872.335 -59.4796
9.13443 849.435 -59.5321
26.9175 865.937 -75.6447
-14.2 870.782 -57.2376
-25.7713 859.407 -33.0028
-4.35593 836.749 -33.0433
7.50431 847.882 -57.2901
-26.6514 858.559 -30.0638
-30.6924 854.545 -1.45843
-9.38472 831.98 -1.46944
-5.23605 835.901 -30.1043
-7.04055 829.448 1.71309
-2.88464 833.372 30.3301
17.9966 810.353 30.3237
13.7397 806.531 1.70296
-1.98354 834.197 33.2673
9.86009 845.3 57.4741
31.0134 821.998 57.4666
18.8977 811.179 33.2609
11.5264 846.815 59.7141
29.3142 863.3 75.8377
50.8389 839.602 75.8255
32.6797 823.514 59.7066
31.495 865.266 77.0426
52.549 884.569 82.6559
74.4793 860.427 82.6382
53.0197 841.568 77.0303
54.9116 886.686 82.6473
75.9824 905.937 76.9403
98.3142 881.348 76.9172
76.842 862.544 82.6297
78.162 907.895 75.7238
95.9434 924.338 59.5786
118.675 899.32 59.5675
100.494 883.306 75.7008
97.5996 925.86 57.3372
109.253 937.262 33.1683
132.397 911.819 33.1576
120.331 900.842 57.3261
110.139 938.105 30.2424
114.188 942.198 1.68422
137.49 916.593 1.67013
133.282 912.661 30.2317
114.186 942.2 -1.48338
110.118 938.135 -30.0436
133.259 912.692 -30.0558
137.489 916.594 -1.49747
109.232 937.296 -32.9682
97.5856 925.919 -57.1169
120.317 900.903 -57.1225
132.373 911.853 -32.9804
95.9302 924.399 -59.3575
78.1539 907.96 -75.5111
100.486 883.371 -75.5053
118.661 899.383 -59.3631
75.9749 906.002 -76.7287
54.9096 886.748 -82.4451
76.8401 862.606 -82.4462
98.3069 881.413 -76.7229
52.5476 884.63 -82.4549
31.4998 865.318 -76.8516
53.024 841.619 -76.8598
74.4781 860.488 -82.4559
29.3196 863.35 -75.648
11.5366 846.849 -59.5353
32.6893 823.546 -59.5493
50.8438 839.651 -75.6562
9.86956 845.33 -57.2937
-1.99068 834.197 -33.0469
18.8904 811.176 -33.0612
31.0224 822.027 -57.3076
-2.89229 833.369 -30.1065
-7.04095 829.448 -1.4716
13.7393 806.531 -1.48173
17.9888 810.348 -30.1208
16.0218 803.956 1.70204
20.2787 807.777 30.3228
40.573 784.332 30.3156
36.2219 780.618 1.69272
21.2001 808.581 33.2602
33.3157 819.401 57.4659
53.8696 795.655 57.4609
41.4944 785.136 33.2531
35.0176 820.878 59.7061
53.1767 836.965 75.8249
74.0992 812.787 75.8235
55.5715 797.132 59.7011
55.4011 838.882 77.0296
76.8608 857.741 82.6375
98.1995 833.074 82.6384
76.3236 814.705 77.0281
79.2689 859.806 82.6284
100.741 878.611 76.9159
122.494 853.453 76.913
100.608 835.139 82.6293
102.965 880.518 75.6996
121.146 896.532 59.5663
143.28 870.924 59.5612
124.718 855.36 75.6966
122.844 898.006 57.3259
134.91 908.984 33.1573
157.384 882.984 33.1473
144.978 872.399 57.3208
135.824 909.794 30.2306
140.032 913.726 1.66904
162.639 887.571 1.65471
158.298 883.795 30.2206
140.031 913.728 -1.49928
135.801 909.825 -30.0576
158.274 883.825 -30.071
162.637 887.573 -1.51361
134.886 909.017 -32.9824
122.83 898.067 -57.1244
144.964 872.46 -57.1369
157.358 883.017 -32.9958
121.132 896.595 -59.3638
102.957 880.583 -75.506
124.711 855.425 -75.5207
143.267 870.987 -59.3762
100.734 878.676 -76.7236
79.2671 859.868 -82.4469
100.606 835.201 -82.466
122.488 853.518 -76.7382
76.8596 857.802 -82.4573
55.4054 838.933 -76.8612
76.3283 814.755 -76.8789
98.199 833.135 -82.4764
53.1816 837.015 -75.6579
35.0272 820.909 -59.551
55.5814 797.161 -59.5656
74.1045 812.836 -75.6756
33.3247 819.429 -57.3092
21.1928 808.578 -33.0628
41.4869 785.131 -33.0747
53.8789 795.682 -57.3239
20.2709 807.773 -30.1221
16.0214 803.955 -1.48299
36.2214 780.618 -1.49231
40.5651 784.326 -30.1339
38.4377 777.994 1.69184
42.7889 781.708 30.3147
62.4724 757.818 30.3079
58.0309 754.216 1.68327
43.7297 782.489 33.2525
56.1049 793.008 57.4604
76.0408 768.805 57.4572
63.4131 758.599 33.2457
57.8416 794.443 59.701
76.3693 810.099 75.8234
96.6727 785.441 75.8263
77.7775 770.24 59.6979
78.6376 811.964 77.0285
100.513 830.333 82.6387
121.24 805.154 82.6452
98.941 787.305 77.0313
102.968 832.342 82.6294
124.855 850.656 76.9131
146.001 824.955 76.9157
123.694 807.162 82.6359
127.122 852.509 75.6963
145.684 868.073 59.5609
167.2 841.906 59.5559
148.269 826.808 75.6988
147.421 869.501 57.3204
159.826 880.086 33.147
181.639 853.553 33.1371
168.937 843.334 57.3154
160.766 880.868 30.2195
165.106 884.644 1.65363
187.034 857.966 1.6402
182.579 854.334 30.2096
165.105 884.646 -1.51539
160.741 880.898 -30.0728
182.554 854.363 -30.0859
187.032 857.968 -1.52882
159.801 880.119 -32.9978
147.407 869.562 -57.1388
168.924 843.394 -57.152
181.614 853.584 -33.0109
145.671 868.136 -59.3778
127.115 852.574 -75.5223
148.263 826.872 -75.5428
167.189 841.968 -59.391
124.849 850.72 -76.7403
102.967 832.404 -82.4681
123.694 807.223 -82.4925
145.996 825.019 -76.7608
100.513 830.394 -82.4788
78.6425 812.014 -76.8813
98.9469 787.354 -76.9023
121.24 805.213 -82.5032
76.3747 810.147 -75.6777
57.8516 794.472 -59.5677
77.7882 770.267 -59.5829
96.6791 785.488 -75.6987
56.1142 793.035 -57.3254
43.7223 782.484 -33.0762
63.4056 758.593 -33.087
76.0508 768.83 -57.3406
42.7809 781.702 -30.1351
38.4373 777.994 -1.49344
58.0305 754.215 -1.50201
62.4643 757.811 -30.1458
60.1783 751.543 1.68246
64.6197 755.145 30.3071
83.6781 730.808 30.3005
79.1488 727.32 1.67454
65.5794 755.902 33.2452
78.2071 766.108 57.4567
97.5127 741.447 57.4535
84.6378 731.565 33.2386
79.9782 767.499 59.698
98.8733 782.7 75.8263
118.543 757.566 75.8286
99.2838 742.839 59.6947
101.186 784.509 77.0318
123.484 802.358 82.6457
143.577 776.676 82.6511
120.856 759.375 77.0341
125.986 804.307 82.6363
148.293 822.099 76.9161
168.806 795.872 76.918
146.079 778.626 82.6417
150.604 823.897 75.6986
169.535 838.995 59.5557
190.409 812.29 59.5499
171.117 797.67 75.7006
171.307 840.376 57.3149
184.01 850.595 33.1365
205.153 823.538 33.1269
192.181 813.671 57.3091
184.971 851.349 30.2085
189.426 854.981 1.63913
210.672 827.789 1.62683
206.114 824.292 30.1989
189.425 854.983 -1.53043
184.946 851.378 -30.0875
206.09 824.319 -30.0997
210.67 827.791 -1.54273
183.984 850.626 -33.0126
171.295 840.437 -57.1537
192.171 813.73 -57.1663
205.128 823.568 -33.0248
169.524 839.057 -59.3928
150.598 823.961 -75.5446
171.112 797.732 -75.5644
190.4 812.35 -59.4054
148.288 822.163 -76.7632
125.986 804.367 -82.4949
146.08 778.685 -82.5178
168.802 795.935 -76.7829
123.485 802.417 -82.5057
101.192 784.558 -76.9048
120.863 759.422 -76.9244
143.579 776.734 -82.5286
98.8798 782.747 -75.7007
79.989 767.527 -59.5849
99.2953 742.864 -59.5989
118.551 757.611 -75.7204
78.2171 766.132 -57.342
65.5719 755.896 -33.0884
84.63 731.558 -33.0981
97.5234 741.47 -57.356
64.6117 755.138 -30.1468
60.1778 751.542 -1.50304
79.1484 727.319 -1.51095
83.6698 730.8 -30.1565
81.2263 724.597 1.67377
85.7555 728.086 30.2997
104.178 703.305 30.2934
99.5628 699.934 1.66644
86.7337 728.818 33.2381
99.6086 738.7 57.453
118.273 713.589 57.4492
105.156 704.037 33.2318
101.414 740.047 59.6947
120.673 754.774 75.8285
139.696 729.173 75.8288
120.078 714.935 59.6909
123.029 756.525 77.0344
145.751 773.827 82.6515
165.192 747.657 82.6539
142.052 730.924 77.0346
148.298 775.714 82.6419
171.026 792.961 76.9182
190.882 766.225 76.9176
167.74 749.544 82.6444
173.379 794.7 75.7002
192.672 809.32 59.5496
212.881 782.095 59.5431
193.236 767.964 75.6996
194.478 810.655 57.3084
207.45 820.522 33.1262
227.909 792.952 33.1167
214.688 783.43 57.3019
208.431 821.25 30.1978
212.988 824.747 1.62577
233.541 797.048 1.61455
228.891 793.68 30.1883
212.987 824.748 -1.54416
208.407 821.276 -30.1011
228.867 793.705 -30.1122
233.54 797.05 -1.55539
207.425 820.552 -33.0263
194.468 810.714 -57.1678
214.68 783.487 -57.1791
227.886 792.98 -33.0373
192.663 809.381 -59.407
173.375 794.763 -75.566
193.233 768.025 -75.5827
212.874 782.154 -59.4184
171.022 793.023 -76.7851
148.3 775.773 -82.52
167.743 749.601 -82.5393
190.88 766.285 -76.8018
145.753 773.884 -82.5309
123.036 756.572 -76.9267
142.06 730.968 -76.9433
165.196 747.712 -82.5502
120.681 754.819 -75.7222
101.425 740.072 -59.6007
120.09 714.958 -59.613
139.705 729.215 -75.7389
99.6194 738.723 -57.3573
86.726 728.81 -33.0994
105.148 704.029 -33.1082
118.284 713.609 -57.3696
85.7472 728.077 -30.1575
81.2258 724.597 -1.5119
99.5623 699.933 -1.51923
104.169 703.295 -30.1663
101.569 697.162 1.66572
106.184 700.534 30.2927
123.96 675.317 30.2865
119.261 672.065 1.65898
107.18 701.241 33.2312
120.297 710.792 57.4486
138.309 685.237 57.4442
124.956 676.024 33.2251
122.135 712.093 59.6907
141.754 726.33 75.8285
160.116 700.273 75.8269
140.146 686.537 59.6862
144.152 728.022 77.0347
167.292 744.755 82.654
186.065 718.11 82.6538
162.514 701.964 77.0331
169.886 746.578 82.6444
193.028 763.259 76.9176
212.208 736.03 76.915
188.659 719.933 82.6442
195.424 764.939 75.6992
215.069 779.07 59.5426
234.592 751.342 59.5357
214.604 737.71 75.6966
216.909 780.358 57.3011
230.13 789.88 33.1159
249.891 761.808 33.1068
236.431 752.631 57.2942
231.13 790.581 30.1873
235.781 793.95 1.61352
255.627 765.753 1.60331
250.891 762.509 30.1782
235.779 793.951 -1.55665
231.107 790.606 -30.1134
250.868 762.532 -30.1234
255.626 765.754 -1.56686
230.107 789.907 -33.0386
216.901 780.415 -57.1804
236.425 752.685 -57.1905
249.868 761.834 -33.0485
215.063 779.128 -59.4198
195.422 764.999 -75.5842
214.603 737.768 -75.598
234.587 751.398 -59.4299
193.026 763.319 -76.8036
169.889 746.634 -82.5411
188.663 719.987 -82.5568
212.207 736.088 -76.8174
167.296 744.81 -82.552
144.161 728.066 -76.9452
162.524 702.006 -76.959
186.07 718.163 -82.5677
141.762 726.372 -75.7404
122.147 712.116 -59.6145
140.159 686.558 -59.6251
160.125 700.312 -75.7542
120.309 710.812 -57.3707
107.172 701.232 -33.1093
124.947 676.014 -33.1171
138.32 685.255 -57.3813
106.175 700.524 -30.1671
101.569 697.162 -1.5201
119.26 672.065 -1.52684
123.951 675.306 -30.175
121.195 669.246 1.6583
125.894 672.498 30.2858
143.013 646.853 30.2799
138.233 643.724 1.65213
126.908 673.179 33.2245
140.26 682.392 57.4437
157.609 656.4 57.4387
144.027 647.534 33.2185
142.13 683.645 59.6859
162.1 697.38 75.8266
179.791 670.873 75.8236
159.48 657.653 59.6809
164.54 699.011 77.0329
188.091 715.156 82.6536
206.182 688.047 82.6515
182.231 672.504 77.0299
190.73 716.914 82.6439
214.278 733.011 76.9147
232.765 705.304 76.9109
208.82 689.805 82.6417
216.715 734.63 75.696
236.703 748.262 59.5351
255.522 720.048 59.5282
235.201 706.924 75.6921
238.574 749.504 57.2934
252.034 758.68 33.1059
271.079 730.12 33.0975
257.393 721.289 57.2864
253.051 759.356 30.1772
257.788 762.6 1.60232
276.914 733.915 1.59302
272.096 730.796 30.1687
257.787 762.601 -1.56798
253.028 759.379 -30.1245
272.074 730.817 -30.1337
276.913 733.917 -1.57728
252.011 758.706 -33.0497
238.568 749.558 -57.1916
257.388 721.341 -57.2006
271.057 730.145 -33.0588
236.698 748.318 -59.4311
216.714 734.688 -75.5992
235.202 706.978 -75.6107
255.519 720.101 -59.4401
214.278 733.068 -76.8189
190.734 716.967 -82.5583
208.826 689.855 -82.571
232.766 705.359 -76.8304
188.096 715.209 -82.5692
164.549 699.052 -76.9605
182.241 672.542 -76.9719
206.188 688.097 -82.5819
162.109 697.42 -75.7555
142.143 683.665 -59.6264
159.493 657.671 -59.6353
179.801 670.91 -75.7668
140.272 682.41 -57.3823
126.899 673.169 -33.1181
144.018 647.523 -33.125
157.622 656.416 -57.3912
125.885 672.487 -30.1757
121.194 669.246 -1.52762
138.232 643.723 -1.53379
143.003 646.841 -30.1826
140.094 640.858 1.6515
144.874 643.988 30.2792
161.328 617.927 30.2737
156.469 614.922 1.64592
145.905 644.642 33.218
159.487 653.508 57.4381
176.165 627.093 57.433
162.359 618.581 33.2124
161.389 654.713 59.6805
181.7 667.933 75.8232
198.708 640.991 75.8191
178.066 628.297 59.6754
184.181 669.5 77.0296
208.132 685.044 82.6511
225.527 657.487 82.6475
201.189 642.558 77.0256
210.814 686.734 82.6413
234.758 702.233 76.9105
252.535 674.066 76.9056
228.209 659.177 82.6377
237.234 703.791 75.6915
257.555 716.915 59.5276
275.653 688.231 59.5207
255.012 675.623 75.6866
259.456 718.109 57.2856
273.142 726.94 33.0967
291.458 697.907 33.0887
277.555 689.424 57.2788
274.176 727.589 30.1678
278.994 730.709 1.5921
297.387 701.552 1.58366
292.492 698.556 30.1599
278.993 730.71 -1.57829
274.154 727.611 -30.1347
292.47 698.576 -30.1429
297.385 701.553 -1.58673
273.12 726.964 -33.0598
259.452 718.16 -57.2016
277.552 689.473 -57.2095
291.436 697.93 -33.068
257.552 716.968 -59.4411
237.235 703.845 -75.6117
255.014 675.674 -75.6211
275.652 688.281 -59.449
234.759 702.288 -76.8316
210.819 686.784 -82.5722
228.216 659.224 -82.5822
252.538 674.117 -76.8409
208.138 685.093 -82.5831
184.191 669.538 -76.9731
201.2 642.593 -76.9822
225.534 657.533 -82.5931
181.711 667.969 -75.7679
161.402 654.73 -59.6364
178.08 628.313 -59.644
198.72 641.024 -75.777
159.499 653.523 -57.3921
145.896 644.631 -33.1258
162.349 618.569 -33.1319
176.177 627.106 -57.3997
144.864 643.976 -30.1833
140.093 640.858 -1.53448
156.468 614.922 -1.54006
161.318 617.914 -30.1894
158.255 612.011 1.64534
163.115 615.016 30.2731
178.895 588.552 30.2681
173.959 585.675 1.64036
164.162 615.643 33.2119
177.968 624.155 57.4325
193.963 597.329 57.4275
179.942 589.179 33.2069
179.899 625.31 59.6749
200.542 638.003 75.8186
216.856 610.641 75.8141
195.895 598.484 59.6699
203.062 639.507 77.0251
227.399 654.435 82.6471
244.086 626.446 82.6426
219.376 612.145 77.0206
230.123 656.057 82.6372
254.45 670.945 76.9051
271.505 642.334 76.8998
246.81 628.067 82.6328
256.965 672.439 75.686
277.606 685.047 59.52
294.971 655.91 59.5135
274.02 643.828 75.6807
279.537 686.193 57.278
293.44 694.675 33.088
311.012 665.186 33.0806
296.901 657.056 57.2715
294.49 695.298 30.159
299.385 698.294 1.58281
317.03 668.681 1.57518
312.062 665.809 30.1517
299.383 698.295 -1.58762
294.468 695.318 -30.1438
312.041 665.828 -30.1511
317.029 668.682 -1.59525
293.418 694.698 -33.0688
279.534 686.241 -57.2103
296.901 657.102 -57.2172
310.991 665.207 -33.0762
277.605 685.097 -59.4499
256.967 672.491 -75.6219
274.024 643.876 -75.6296
294.972 655.958 -59.4568
254.453 670.996 -76.8419
230.13 656.103 -82.5832
246.818 628.11 -82.5911
271.51 642.381 -76.8495
227.407 654.481 -82.5941
203.073 639.541 -76.9831
219.388 612.176 -76.9905
244.095 626.488 -82.6021
200.553 638.036 -75.7779
179.913 625.325 -59.6449
195.908 598.497 -59.6513
216.868 610.671 -75.7852
177.98 624.168 -57.4004
164.152 615.631 -33.1327
179.932 589.166 -33.1381
193.975 597.34 -57.4069
163.104 615.003 -30.19
158.255 612.011 -1.54068
173.958 585.674 -1.54566
178.884 588.538 -30.1955
175.67 582.72 1.63984
180.606 585.597 30.2676
195.703 558.743 30.2631
190.693 555.995 1.63547
181.669 586.197 33.2064
195.69 594.347 57.427
210.993 567.126 57.4222
196.766 559.343 33.2019
197.651 595.452 59.6694
218.612 607.608 75.8136
234.221 579.841 75.8089
212.954 568.231 59.6646
221.17 609.046 77.0201
245.88 623.347 82.6421
261.847 594.942 82.6374
236.779 581.28 77.0154
248.644 624.899 82.6322
273.34 639.166 76.8992
289.66 610.128 76.8938
264.611 596.494 82.6274
275.891 640.596 75.68
296.842 652.678 59.5129
313.459 623.107 59.5068
292.212 611.558 75.6746
298.8 653.774 57.2708
312.911 661.905 33.0799
329.726 631.977 33.0733
315.418 624.204 57.2647
313.976 662.501 30.1509
318.944 665.373 1.5744
335.829 635.32 1.56755
330.791 632.574 30.1443
318.943 665.374 -1.59605
313.955 662.52 -30.1519
330.772 632.591 -30.1585
335.828 635.321 -1.6029
312.89 661.926 -33.077
298.8 653.82 -57.218
315.419 624.246 -57.224
329.707 631.997 -33.0835
296.843 652.725 -59.4576
275.895 640.643 -75.6303
292.217 611.602 -75.6365
313.461 623.151 -59.4636
273.344 639.213 -76.8503
248.653 624.942 -82.5919
264.621 596.533 -82.5982
289.666 610.172 -76.8565
245.889 623.389 -82.6029
221.182 609.078 -76.9913
236.792 581.308 -76.9972
261.857 594.981 -82.6092
218.624 607.638 -75.7859
197.665 595.464 -59.652
212.968 568.241 -59.6574
234.234 579.868 -75.7918
195.702 594.357 -57.4075
181.659 586.184 -33.1387
196.755 559.329 -33.1434
211.006 567.134 -57.4129
180.595 585.583 -30.196
175.669 582.719 -1.54621
190.693 555.995 -1.55058
195.691 558.729 -30.2007
192.328 552.998 1.63501
197.338 555.746 30.2626
211.742 528.517 30.2587
206.663 525.901 1.63127
198.416 556.318 33.2014
212.643 564.101 57.4217
227.245 536.499 57.4173
212.821 529.089 33.1974
214.632 565.154 59.6641
235.899 576.765 75.8084
250.794 548.609 75.8037
229.234 537.552 59.6597
238.493 578.137 77.0148
263.561 591.8 82.6368
278.797 562.996 82.632
253.388 549.981 77.0102
266.364 593.28 82.6269
291.413 606.914 76.8932
306.987 577.468 76.8879
281.6 564.476 82.622
294 608.279 75.674
315.247 619.828 59.5061
331.105 589.842 59.5006
309.574 578.833 75.6687
317.233 620.875 57.264
331.541 628.649 33.0726
347.589 598.301 33.0666
333.09 590.889 57.2584
332.621 629.218 30.1436
337.659 631.964 1.56685
353.773 601.49 1.56077
348.668 598.871 30.1376
337.658 631.965 -1.6036
332.601 629.236 -30.1592
348.649 598.887 -30.1649
353.772 601.491 -1.60968
331.522 628.668 -33.0842
317.234 620.918 -57.2247
333.093 590.928 -57.2298
347.57 598.32 -33.0899
315.25 619.872 -59.4642
294.005 608.323 -75.6371
309.581 578.873 -75.6421
331.109 589.883 -59.4694
291.419 606.957 -76.8571
266.374 593.319 -82.5988
281.611 564.512 -82.6037
306.994 577.508 -76.862
263.571 591.838 -82.6098
238.506 578.164 -76.9978
253.402 550.005 -77.0024
278.808 563.03 -82.6146
235.912 576.791 -75.7924
214.646 565.164 -59.658
229.248 537.56 -59.6625
250.808 548.632 -75.797
212.656 564.109 -57.4134
198.405 556.304 -33.144
212.809 529.074 -33.148
227.258 536.504 -57.4179
197.326 555.731 -30.2012
192.328 552.997 -1.55105
206.662 525.9 -1.55479
211.73 528.502 -30.2052
208.221 522.862 1.63087
213.3 525.479 30.2583
227.005 497.889 30.2549
221.859 495.406 1.62775
214.393 526.023 33.197
228.818 533.432 57.4169
242.71 505.465 57.4128
228.098 498.433 33.1936
230.833 534.434 59.6592
252.393 545.49 75.8032
266.564 516.961 75.7987
244.726 506.466 59.6552
255.021 546.795 77.0097
280.431 559.81 82.6314
294.927 530.625 82.6266
269.192 518.266 77.0052
283.27 561.218 82.6214
308.657 574.21 76.8874
323.475 544.375 76.8823
297.766 532.033 82.6166
311.278 575.509 75.6681
332.809 586.518 59.5
347.897 556.136 59.495
326.095 545.673 75.663
334.82 587.515 57.2578
349.318 594.927 33.066
364.586 564.18 33.0608
349.908 557.132 57.2528
350.412 595.47 30.137
355.516 598.089 1.56015
370.848 567.213 1.55485
365.68 564.722 30.1317
355.515 598.09 -1.61029
350.392 595.486 -30.1655
365.661 564.737 -30.1705
370.847 567.214 -1.61559
349.299 594.945 -33.0905
334.823 587.554 -57.2304
349.912 557.169 -57.2347
364.568 564.196 -33.0954
332.813 586.559 -59.4699
311.285 575.549 -75.6426
326.104 545.71 -75.6464
347.902 556.173 -59.4742
308.665 574.25 -76.8625
283.281 561.254 -82.6042
297.778 532.065 -82.6077
323.484 544.411 -76.8663
280.442 559.844 -82.6151
255.035 546.819 -77.0028
269.206 518.287 -77.0062
294.939 530.655 -82.6186
252.407 545.513 -75.7974
230.847 534.441 -59.6629
244.74 506.471 -59.6664
266.578 516.981 -75.8008
228.83 533.438 -57.4183
214.381 526.008 -33.1484
228.085 498.417 -33.1516
242.723 505.468 -57.4218
213.287 525.463 -30.2056
208.22 522.862 -1.55519
221.858 495.405 -1.5583
226.991 497.873 -30.2088
223.339 492.329 1.62743
228.485 494.812 30.2546
241.482 466.877 30.2517
236.272 464.529 1.62491
229.592 495.327 33.1932
244.204 502.359 57.4124
257.379 474.041 57.4088
242.589 467.392 33.1903
246.244 503.308 59.6547
268.083 513.803 75.7983
281.522 484.917 75.794
259.42 474.99 59.651
270.744 515.039 77.0046
296.478 527.398 82.6261
310.225 497.849 82.6214
284.183 486.154 77.0003
299.353 528.733 82.6161
325.061 541.075 76.8818
339.114 510.868 76.8771
313.1 499.184 82.6114
327.714 542.307 75.6625
349.515 552.769 59.4945
363.823 522.01 59.49
341.766 512.101 75.6578
351.551 553.715 57.2523
366.229 560.763 33.0603
380.709 529.634 33.0558
365.859 522.956 57.2479
367.336 561.278 30.1312
372.504 563.769 1.55431
387.044 532.511 1.54979
381.816 530.149 30.1267
372.503 563.769 -1.61611
367.317 561.292 -30.171
381.797 530.163 -30.1752
387.043 532.511 -1.62064
366.211 560.779 -33.0959
351.555 553.751 -57.2351
365.864 522.989 -57.2386
380.691 529.649 -33.1
349.521 552.807 -59.4746
327.722 542.343 -75.6468
341.776 512.133 -75.6495
363.83 522.045 -59.478
325.07 541.111 -76.8667
299.365 528.765 -82.6081
313.113 499.212 -82.6104
339.123 510.901 -76.8694
296.49 527.428 -82.619
270.758 515.06 -77.0065
284.198 486.171 -77.0088
310.239 497.876 -82.6213
268.097 513.822 -75.8012
246.259 503.313 -59.6667
259.434 474.993 -59.6693
281.537 484.934 -75.8034
244.216 502.362 -57.4221
229.579 495.311 -33.152
242.575 467.376 -33.1545
257.392 474.042 -57.4247
228.471 494.796 -30.2092
223.338 492.328 -1.55862
236.272 464.528 -1.56114
241.468 466.86 -30.2117
237.674 461.414 1.62464
242.883 463.762 30.2514
255.166 435.498 30.249
249.897 433.287 1.6227
244.003 464.249 33.1899
258.793 470.898 57.4084
271.245 442.247 57.4051
256.286 435.985 33.1876
260.858 471.794 59.6506
282.96 481.72 75.7935
295.66 452.496 75.7893
273.309 443.142 59.6473
285.652 482.888 76.9998
311.694 494.583 82.6209
324.685 464.688 82.6162
298.352 453.663 76.9956
314.602 495.845 82.6109
340.616 507.529 76.8765
353.894 476.971 76.872
327.593 465.95 82.6062
343.298 508.694 75.6573
365.356 518.603 59.4896
378.876 487.487 59.4857
356.577 478.136 75.6528
367.414 519.498 57.2474
382.264 526.176 33.0553
395.947 494.688 33.0515
380.934 488.382 57.2435
383.383 526.664 30.1262
388.612 529.025 1.54933
402.351 497.406 1.54555
397.066 495.175 30.1224
388.611 529.025 -1.62108
383.365 526.677 -30.1756
397.048 495.187 -30.179
402.35 497.406 -1.62486
382.246 526.191 -33.1004
367.42 519.531 -57.2389
380.941 488.412 -57.2415
395.929 494.701 -33.1038
365.363 518.637 -59.4783
343.308 508.726 -75.6498
356.588 478.165 -75.6513
378.884 487.519 -59.4808
340.626 507.561 -76.8696
314.615 495.872 -82.6106
327.607 465.974 -82.6116
353.905 477 -76.8711
311.708 494.61 -82.6215
285.667 482.905 -77.009
298.368 453.678 -77.01
324.699 464.711 -82.6224
282.975 481.736 -75.8036
260.872 471.796 -59.6695
273.324 443.143 -59.6711
295.676 452.509 -75.8047
258.806 470.898 -57.4249
243.989 464.232 -33.1547
256.272 435.968 -33.1566
271.257 442.245 -57.4266
242.869 463.746 -30.2119
237.673 461.413 -1.56138
249.896 433.286 -1.56333
255.151 435.481 -30.2138
251.218 430.137 1.62248
256.488 432.348 30.2488
268.051 403.771 30.2469
262.724 401.698 1.6211
257.62 432.805 33.1873
272.579 439.067 57.4048
284.3 410.1 57.4017
269.183 404.228 33.1854
274.666 439.909 59.6468
297.017 449.262 75.7889
308.971 419.716 75.7846
286.387 410.942 59.6438
299.738 450.361 76.9951
326.07 461.386 82.6157
338.298 431.164 82.6108
311.692 420.814 76.9908
329.009 462.573 82.6057
355.31 473.594 76.8715
367.808 442.704 76.867
341.237 432.352 82.6008
358.022 474.691 75.6523
380.321 484.042 59.4852
393.046 452.591 59.4817
370.519 443.801 75.6478
382.401 484.885 57.2431
397.414 491.191 33.0511
410.292 459.364 33.0479
395.127 453.433 57.2396
398.545 491.65 30.122
403.83 493.881 1.54516
416.762 461.921 1.5421
411.423 459.823 30.1189
403.829 493.881 -1.62522
398.527 491.662 -30.1793
411.406 459.833 -30.1819
416.761 461.921 -1.62827
397.396 491.204 -33.1041
382.408 484.915 -57.2418
395.135 453.46 -57.2433
410.275 459.375 -33.1067
380.33 484.073 -59.481
358.033 474.719 -75.6515
370.532 443.826 -75.6517
393.056 452.619 -59.4825
355.322 473.622 -76.8712
329.024 462.596 -82.6116
341.252 432.372 -82.6111
367.82 442.729 -76.8714
326.085 461.408 -82.6225
299.753 450.375 -77.0101
311.709 420.826 -77.0097
338.313 431.184 -82.6219
297.032 449.275 -75.8047
274.68 439.909 -59.6712
286.401 410.94 -59.6718
308.988 419.726 -75.8044
272.591 439.066 -57.4267
257.606 432.788 -33.1567
269.168 404.211 -33.1579
284.312 410.097 -57.4273
256.473 432.331 -30.214
251.217 430.136 -1.5635
262.724 401.697 -1.56487
268.035 403.754 -30.2151
263.966 398.514 1.62095
269.292 400.587 30.2467
280.129 371.714 30.2453
274.749 369.78 1.62012
270.436 401.014 33.1851
285.553 406.886 57.4015
296.537 377.62 57.3985
281.273 372.141 33.1836
287.661 407.674 59.6433
310.245 416.449 75.7841
321.449 386.6 75.7795
298.646 378.407 59.6404
312.994 417.477 76.9902
339.599 427.827 82.6103
351.057 397.298 82.6048
324.197 387.628 76.9856
342.567 428.939 82.6002
369.138 439.292 76.8664
380.848 408.092 76.8616
354.025 398.411 82.5947
371.876 440.32 75.6473
394.404 449.11 59.4813
406.327 417.344 59.4781
383.586 409.12 75.6425
396.504 449.9 57.2393
411.669 455.831 33.0476
423.737 423.685 33.045
408.428 418.134 57.2361
412.811 456.261 30.1186
418.15 458.359 1.54179
430.269 426.08 1.53943
424.879 424.116 30.1159
418.15 458.36 -1.62854
412.795 456.271 -30.1822
424.863 424.124 -30.1839
430.268 426.08 -1.6309
411.653 455.842 -33.1068
396.513 449.927 -57.2435
408.438 418.157 -57.244
423.721 423.695 -33.1086
394.414 449.137 -59.4826
371.889 440.345 -75.6517
383.6 409.141 -75.6503
406.339 417.368 -59.483
369.151 439.316 -76.8713
342.582 428.959 -82.611
354.041 398.427 -82.6085
380.862 408.112 -76.8698
339.614 427.846 -82.6217
313.01 417.488 -77.0096
324.214 387.636 -77.0077
351.073 397.314 -82.6193
310.262 416.459 -75.8044
287.675 407.672 -59.6717
298.66 378.405 -59.6713
321.465 386.607 -75.8025
285.565 406.883 -57.4274
270.42 400.997 -33.1579
281.256 372.124 -33.1584
296.55 377.615 -57.4269
269.276 400.57 -30.2152
263.965 398.513 -1.56498
274.749 369.779 -1.5658
280.112 371.697 -30.2157
275.91 366.564 1.62002
281.289 368.498 30.2452
291.395 339.345 30.2441
285.966 337.551 1.61972
282.444 368.895 33.1834
297.709 374.374 57.3983
307.952 344.825 57.3953
292.55 339.742 33.1823
299.837 375.107 59.6399
322.64 383.299 75.779
333.086 353.166 75.7737
310.08 345.559 59.637
325.413 384.257 76.985
352.273 393.928 82.6041
362.956 363.113 82.5976
335.86 354.124 76.9797
355.268 394.965 82.5941
382.092 404.646 76.861
393.009 373.156 76.8554
365.951 364.15 82.5876
384.855 405.605 75.6421
407.596 413.829 59.4777
418.712 381.771 59.4746
395.772 374.115 75.6365
409.716 414.567 57.2358
425.025 420.118 33.0447
436.276 387.676 33.0425
420.832 382.508 57.2327
426.177 420.52 30.1157
431.567 422.484 1.53917
442.867 389.905 1.53749
437.429 388.078 30.1135
431.566 422.484 -1.63107
426.161 420.528 -30.1841
437.413 388.084 -30.1849
442.866 389.905 -1.63275
425.009 420.127 -33.1086
409.725 414.59 -57.244
420.844 382.528 -57.2432
436.261 387.683 -33.1094
407.607 413.853 -59.4829
384.869 405.626 -75.6502
395.787 374.132 -75.6467
418.725 381.791 -59.4821
382.106 404.666 -76.8695
355.285 394.981 -82.6082
365.969 364.163 -82.6034
393.025 373.173 -76.8661
352.29 393.943 -82.6189
325.43 384.266 -77.0073
335.877 354.13 -77.0035
362.973 363.125 -82.6142
322.656 383.307 -75.8022
299.851 375.104 -59.671
310.094 345.555 -59.6694
333.104 353.171 -75.7984
297.721 374.37 -57.4268
282.428 368.879 -33.1583
292.533 339.726 -33.1581
307.965 344.82 -57.4252
281.272 368.481 -30.2157
275.909 366.563 -1.56583
285.965 337.55 -1.56612
291.377 339.328 -30.2155
287.046 334.305 1.61966
292.474 336.098 30.2441
301.844 306.682 30.2433
296.37 305.029 1.61986
293.639 336.466 33.1821
309.042 341.549 57.395
318.54 311.736 57.3918
303.009 307.049 33.1813
311.188 342.228 59.6364
334.194 349.835 75.7732
343.88 319.435 75.7666
320.686 312.414 59.6331
336.991 350.723 76.9789
364.087 359.712 82.5968
373.991 328.629 82.5884
346.677 320.323 76.9723
367.108 360.674 82.5868
394.165 369.679 76.8546
404.285 337.922 76.8477
377.011 329.591 82.5784
396.952 370.57 75.636
419.892 378.225 59.4741
430.197 345.896 59.4708
407.072 338.812 75.6291
422.03 378.91 57.2324
437.474 384.077 33.0422
447.906 351.359 33.0404
432.335 346.581 57.2291
438.636 384.45 30.1133
444.074 386.277 1.53727
454.551 353.42 1.53626
449.068 351.732 30.1115
444.073 386.278 -1.63281
438.621 384.456 -30.1849
449.054 351.736 -30.1847
454.551 353.42 -1.63382
437.459 384.084 -33.1093
422.041 378.929 -57.2431
432.348 346.596 -57.2408
447.892 351.364 -33.1091
419.905 378.245 -59.4818
396.967 370.586 -75.6464
407.088 338.825 -75.6403
430.212 345.912 -59.4795
394.181 369.696 -76.8655
367.125 360.686 -82.6028
377.03 329.601 -82.595
404.302 337.934 -76.8594
364.105 359.723 -82.6135
337.009 350.728 -77.0028
346.695 320.327 -76.9966
374.009 328.638 -82.6057
334.211 349.84 -75.7979
311.202 342.224 -59.6689
320.701 312.41 -59.6658
343.898 319.438 -75.7917
309.054 341.544 -57.425
293.622 336.45 -33.1579
302.992 307.034 -33.1569
318.553 311.73 -57.4219
292.457 336.082 -30.2154
287.045 334.304 -1.56608
296.369 305.028 -1.56588
301.826 306.666 -30.2145
297.368 301.754 1.61984
302.842 303.407 30.2433
311.474 273.742 30.2427
305.957 272.231 1.62049
304.016 303.745 33.181
319.547 308.431 57.3915
328.297 278.369 57.3876
312.648 274.08 33.1805
321.71 309.055 59.6325
344.904 316.076 75.766
353.826 285.428 75.7576
330.46 278.993 59.6286
347.722 316.893 76.9714
375.036 325.2 82.5875
384.157 293.871 82.5764
356.645 286.245 76.963
378.08 326.086 82.5775
405.354 334.417 76.8468
414.673 302.414 76.8377
387.201 294.757 82.5665
408.161 335.238 75.6284
431.287 342.322 59.4702
440.778 309.747 59.4664
417.481 303.235 75.6194
433.442 342.953 57.2287
449.012 347.732 33.04
458.623 314.759 33.0384
442.932 310.378 57.2249
450.184 348.075 30.1113
455.667 349.762 1.53607
465.321 316.644 1.53572
459.794 315.103 30.1096
455.667 349.762 -1.63376
450.17 348.079 -30.1846
459.781 315.104 -30.1831
465.32 316.645 -1.63411
448.999 347.736 -33.1088
433.455 342.968 -57.2405
442.948 310.388 -57.2364
458.61 314.761 -33.1073
431.302 342.337 -59.4789
408.178 335.25 -75.6397
417.499 303.244 -75.6303
440.795 309.757 -59.4748
405.371 334.429 -76.8584
378.098 326.095 -82.5941
387.22 294.764 -82.5825
414.692 302.422 -76.849
375.055 325.208 -82.6047
347.741 316.897 -76.9956
356.664 286.247 -76.9864
384.177 293.877 -82.5931
344.922 316.079 -75.791
321.724 309.051 -59.6651
330.474 278.988 -59.6604
353.845 285.429 -75.7818
319.559 308.426 -57.4215
303.999 303.73 -33.1566
312.63 274.066 -33.1548
328.31 278.363 -57.4168
302.824 303.392 -30.2144
297.367 301.754 -1.56577
305.956 272.23 -1.56512
311.455 273.728 -30.2126
306.872 268.929 1.6205
312.39 270.441 30.2427
320.28 240.541 30.2421
314.724 239.172 1.62152
313.572 270.748 33.1801
329.221 275.037 57.3873
337.221 244.741 57.3825
321.463 240.849 33.1796
331.4 275.607 59.6278
354.766 282.042 75.7567
362.922 251.163 75.7458
339.399 245.311 59.623
357.604 282.789 76.9617
385.117 290.415 82.5752
393.453 258.86 82.5606
365.761 251.91 76.9508
388.181 291.226 82.5652
415.653 298.883 76.8365
424.169 266.659 76.8244
396.518 259.672 82.5506
418.481 299.635 75.6186
441.778 306.146 59.4655
450.453 273.349 59.4607
426.997 267.411 75.6066
443.948 306.723 57.2245
459.638 311.105 33.0379
468.426 277.898 33.0363
452.623 273.926 57.2197
460.819 311.418 30.1095
466.346 312.959 1.53553
475.175 279.599 1.53585
469.606 278.211 30.1078
466.345 312.959 -1.6339
460.805 311.419 -30.1829
469.594 278.209 -30.18
475.174 279.599 -1.63358
459.626 311.106 -33.1068
443.964 306.734 -57.2359
452.64 273.932 -57.2295
468.414 277.897 -33.1038
441.795 306.157 -59.4738
418.499 299.643 -75.6294
427.017 267.416 -75.6158
450.472 273.355 -59.4675
415.672 298.891 -76.8476
388.201 291.232 -82.5811
396.539 259.676 -82.5649
424.19 266.663 -76.8341
385.136 290.42 -82.5917
357.623 282.791 -76.985
365.78 251.911 -76.9723
393.474 258.864 -82.5755
354.784 282.044 -75.7808
331.414 275.602 -59.6594
339.414 245.307 -59.6528
362.942 251.164 -75.7681
329.234 275.032 -57.4163
313.554 270.735 -33.1544
321.445 240.838 -33.1518
337.233 244.737 -57.4097
312.371 270.427 -30.2124
306.871 268.929 -1.56494
314.723 239.172 -1.56392
320.261 240.53 -30.2099
315.558 235.846 1.62154
321.114 237.215 30.2422
328.263 207.096 30.2414
322.671 205.869 1.62284
322.304 237.493 33.1792
338.062 241.385 57.3821
345.31 210.869 57.3761
329.454 207.373 33.1784
340.254 241.9 59.6219
363.778 247.752 75.7448
371.168 216.659 75.731
347.503 211.384 59.6158
366.634 248.429 76.9491
394.326 255.38 82.5589
401.877 223.622 82.5401
374.024 217.336 76.9353
397.41 256.118 82.5489
425.061 263.105 76.8227
432.773 230.687 76.8069
404.961 224.359 82.5301
427.907 263.788 75.6055
451.362 269.726 59.4597
459.219 236.734 59.4531
435.618 231.37 75.5896
453.547 270.248 57.2191
469.35 274.22 33.0356
477.314 240.798 33.0336
461.404 237.256 57.2125
470.539 274.501 30.1076
476.108 275.889 1.53564
484.114 242.3 1.53669
478.503 241.079 30.1055
476.108 275.888 -1.63319
470.527 274.498 -30.1796
478.492 241.072 -30.1749
484.114 242.3 -1.63213
469.339 274.218 -33.103
453.565 270.253 -57.2287
461.424 237.255 -57.2196
477.304 240.792 -33.0983
451.382 269.731 -59.4662
427.927 263.792 -75.6145
435.641 231.37 -75.5964
459.241 236.734 -59.4571
425.082 263.109 -76.8322
397.431 256.121 -82.563
404.983 224.361 -82.5417
432.796 230.686 -76.814
394.347 255.383 -82.5736
366.653 248.43 -76.9704
374.045 217.337 -76.954
401.9 223.623 -82.5523
363.797 247.753 -75.7668
340.269 241.896 -59.6515
347.518 211.383 -59.6429
371.188 216.66 -75.7505
338.075 241.38 -57.409
322.286 237.482 -33.1512
329.435 207.365 -33.1478
345.324 210.867 -57.4005
321.095 237.204 -30.2097
315.557 235.845 -1.56367
322.67 205.869 -1.56238
328.244 207.087 -30.2063
323.423 202.519 1.62285
329.015 203.745 30.2414
335.426 173.418 30.2397
329.802 172.336 1.62429
330.212 203.993 33.1779
346.069 207.489 57.3756
352.568 176.766 57.3679
336.623 173.666 33.1763
348.274 207.95 59.6145
371.939 213.225 75.7296
378.564 181.933 75.7129
354.773 177.227 59.6068
374.811 213.834 76.9333
402.664 220.119 82.538
409.43 188.18 82.5149
381.435 182.542 76.9166
405.764 220.784 82.528
433.576 227.111 76.8048
440.483 194.527 76.7845
412.53 188.844 82.5048
436.438 227.727 75.5882
460.039 233.091 59.4516
467.075 199.934 59.4414
443.344 195.142 75.5679
462.238 233.556 57.2115
478.148 237.099 33.0326
485.287 203.478 33.0296
469.274 200.399 57.2013
479.345 237.345 30.1052
484.956 238.566 1.53641
492.137 204.76 1.53831
486.484 203.724 30.1022
484.955 238.565 -1.63152
479.333 237.337 -30.1742
486.474 203.711 -30.1671
492.137 204.76 -1.62962
478.138 237.091 -33.097
462.258 233.555 -57.2183
469.296 200.391 -57.2052
485.279 203.465 -33.0899
460.061 233.09 -59.4554
436.461 227.726 -75.5946
443.369 195.138 -75.5717
467.099 199.926 -59.4423
433.599 227.111 -76.8116
405.787 220.785 -82.5393
412.554 188.844 -82.5134
440.508 194.522 -76.7887
402.687 220.12 -82.55
374.832 213.835 -76.9517
381.457 182.544 -76.932
409.454 188.179 -82.5241
371.96 213.226 -75.7488
348.289 207.949 -59.6412
354.789 177.229 -59.6305
378.585 181.935 -75.7292
346.082 207.487 -57.3997
330.194 203.985 -33.147
336.605 173.662 -33.1423
352.582 176.768 -57.3889
328.995 203.737 -30.2059
323.422 202.519 -1.56207
329.801 172.336 -1.56063
335.406 173.415 -30.2012
330.472 168.964 1.6242
336.096 170.046 30.2396
341.782 139.523 30.2337
336.133 138.59 1.62572
337.3 170.263 33.1754
353.244 173.363 57.367
359.003 142.445 57.3531
342.986 139.741 33.1695
355.46 173.771 59.605
379.251 178.477 75.7111
385.112 147.003 75.6875
361.218 142.853 59.5911
382.136 179.019 76.9139
410.13 184.657 82.5122
416.107 152.56 82.4812
387.997 147.545 76.8903
413.244 185.251 82.502
441.197 190.934 76.7817
447.29 158.214 76.7534
419.221 153.154 82.4711
444.073 191.482 75.5658
467.804 196.274 59.4392
474.004 162.982 59.4191
450.166 158.762 75.5374
470.015 196.68 57.1996
486.028 199.759 33.0279
492.326 165.949 33.0215
476.215 163.389 57.1795
487.232 199.967 30.1017
492.886 201.003 1.5379
499.226 166.986 1.54108
493.53 166.157 30.0953
492.886 201.003 -1.62871
487.223 199.954 -30.1662
493.525 166.138 -30.1552
499.226 166.985 -1.62553
486.02 199.745 -33.0878
470.038 196.672 -57.2031
476.241 163.373 -57.1812
492.322 165.929 -33.0768
467.828 196.266 -59.4398
444.098 191.477 -75.5693
450.194 158.754 -75.5392
474.032 162.967 -59.4179
441.222 190.929 -76.7856
413.269 185.251 -82.5104
419.248 153.152 -82.4773
447.318 158.206 -76.7555
410.154 184.657 -82.5211
382.158 179.022 -76.929
388.021 147.55 -76.9025
416.134 152.559 -82.488
379.273 178.48 -75.727
355.476 173.774 -59.6283
361.236 142.861 -59.6107
385.136 147.008 -75.7004
353.258 173.366 -57.3877
337.281 170.261 -33.1411
342.969 139.746 -33.1317
359.018 142.453 -57.3701
336.077 170.043 -30.2007
330.471 168.964 -1.56015
336.132 138.59 -1.55863
341.764 139.528 -30.1913
336.728 135.198 1.62474
342.377 136.132 30.2327
347.405 105.444 30.1985
341.745 104.666 1.62628
343.584 136.319 33.1662
359.601 139.023 57.3499
364.663 107.936 57.2877
348.612 105.631 33.132
361.823 139.378 59.5859
385.717 143.528 75.6824
390.83 111.898 75.603
366.886 108.291 59.5238
388.611 144.006 76.8841
416.721 149.02 82.4751
421.892 116.795 82.3905
393.724 112.376 76.8048
419.845 149.547 82.4651
447.914 154.607 76.7474
453.149 121.789 76.6732
425.017 117.322 82.3806
450.8 155.09 75.5323
474.638 159.31 59.414
479.933 125.912 59.3533
456.035 122.272 75.4581
476.859 159.653 57.1756
492.97 162.214 33.0176
498.343 128.212 32.9947
482.154 126.256 57.1149
494.181 162.378 30.0945
499.877 163.207 1.54025
505.281 128.969 1.54785
499.554 128.377 30.0717
499.877 163.205 -1.62391
494.176 162.358 -30.1536
499.556 128.349 -30.1283
505.281 128.967 -1.61632
492.967 162.192 -33.0727
476.886 159.637 -57.1771
482.185 126.233 -57.1204
498.347 128.183 -33.0474
474.666 159.294 -59.4128
450.828 155.081 -75.5341
456.066 122.261 -75.4617
479.965 125.891 -59.3561
447.942 154.599 -76.7495
419.872 149.545 -82.4713
425.047 117.32 -82.3863
453.18 121.779 -76.6771
416.748 149.019 -82.4816
388.636 144.011 -76.8961
393.751 112.384 -76.8139
421.922 116.795 -82.3967
385.741 143.534 -75.6949
361.842 139.387 -59.6052
366.908 108.309 -59.5381
390.857 111.907 -75.6128
359.617 139.032 -57.3664
343.567 136.325 -33.128
348.599 105.649 -33.0896
364.683 107.954 -57.2993
342.359 136.137 -30.1899
336.727 135.199 -1.55722
341.744 104.666 -1.55568
347.39 105.461 -30.1515
342.287 101.265 1.61911
347.947 102.044 30.1913
352.675 71.3199 29.9673
347.052 70.7002 1.61878
349.152 102.2 33.1119
365.203 104.504 57.2675
369.832 73.3774 56.867
353.88 71.4759 32.8878
367.421 104.807 59.4949
391.365 108.414 75.5742
395.851 76.7386 75.0811
372.05 73.6799 59.0944
394.254 108.829 76.7729
422.422 113.248 82.3586
426.749 80.9764 81.868
398.739 77.1531 76.2798
425.541 113.709 82.3509
453.673 118.177 76.6435
457.848 85.3303 76.2187
429.868 81.4377 81.8603
456.556 118.593 75.4339
480.454 122.233 59.3291
484.52 88.7279 59.0298
460.732 85.7463 75.009
482.675 122.504 57.0988
498.864 124.461 32.9786
502.861 90.2127 32.8269
486.741 88.999 56.7995
500.074 124.573 30.0669
505.801 125.165 1.54307
509.752 90.6531 1.54592
504.071 90.3253 29.9151
505.802 125.164 -1.61077
500.076 124.545 -30.1228
504.08 90.296 -29.9696
509.752 90.6516 -1.60793
498.868 124.431 -33.0314
482.706 122.481 -57.1044
486.777 88.9724 -56.8058
502.872 90.1821 -32.8783
480.487 122.211 -59.332
456.588 118.581 -75.4376
460.766 85.7326 -75.0105
484.558 88.7023 -59.0334
453.705 118.166 -76.6474
425.572 113.707 -82.3566
429.902 81.436 -81.864
457.883 85.3178 -76.2202
422.453 113.247 -82.3645
394.282 108.837 -76.7818
398.77 77.1649 -76.2863
426.782 80.9759 -81.872
391.393 108.424 -75.5834
367.443 104.825 -59.5088
372.079 73.7089 -59.101
395.882 76.7517 -75.0879
365.223 104.524 -57.2786
349.139 102.219 -33.0689
353.875 71.5109 -32.842
369.859 73.4073 -56.8708
347.933 102.062 -30.1441
342.287 101.267 -1.5482
347.051 70.7016 -1.54854
352.669 71.3536 -29.9172
347.706 67.3544 1.57453
353.329 67.9742 29.923
360.299 38.1166 28.6271
354.936 37.506 1.57085
354.499 68.1127 32.7645
370.452 70.0142 56.7437
376.676 40.1097 54.3612
361.47 38.2551 31.4686
372.61 70.2841 58.9156
396.411 73.3428 74.9023
401.528 43.2769 71.818
378.834 40.3797 56.5331
399.225 73.7129 76.0762
427.235 77.5361 81.6644
431.076 47.1762 78.3725
404.342 43.6469 72.9918
430.277 77.9473 81.663
458.257 81.8399 76.0213
460.847 51.1357 73.0223
434.118 47.5874 78.3711
461.067 82.2082 74.8481
484.855 85.1898 58.8689
486.353 54.3492 56.5795
463.657 51.5039 71.8491
487.014 85.4279 56.7011
503.135 86.6415 32.7284
503.738 56.1247 31.4446
488.512 54.5873 54.4117
504.315 86.7397 29.8808
509.996 87.0675 1.51164
510.257 56.6694 1.51043
504.918 56.2229 28.597
509.996 87.0655 -1.57355
504.324 86.7099 -29.9353
504.918 56.1691 -28.6415
510.257 56.6674 -1.57476
503.146 86.6097 -32.7792
487.051 85.4 -56.7067
488.544 54.5369 -54.4057
503.74 56.0689 -31.4855
484.893 85.1633 -58.8719
461.101 82.1936 -74.849
463.689 51.4869 -71.845
486.387 54.3002 -56.5709
458.291 81.8273 -76.0226
430.31 77.9455 -81.6663
434.148 47.5866 -78.3727
460.879 51.1205 -73.0186
427.268 77.5358 -81.6682
399.256 73.7249 -76.0825
404.37 43.6634 -72.9991
431.106 47.177 -78.3745
396.441 73.357 -74.9092
372.639 70.3143 -58.9222
378.855 40.4312 -56.5452
401.555 43.2956 -71.8257
370.478 70.0459 -56.7476
354.494 68.1494 -32.7188
361.456 38.3115 -31.4309
376.694 40.1628 -54.3706
353.322 68.0088 -29.8732
347.705 67.3568 -1.50456
354.935 37.5083 -1.50824
360.284 38.1709 -28.5853
355.781 34.248 1.48557
361.144 34.8586 28.5418
369.132 5.92792 26.7615
364.115 5.34636 1.47655
362.251 34.9922 31.2271
377.456 36.8468 54.1197
384.459 7.82443 50.8377
370.238 6.06148 29.4468
379.495 37.1027 56.1721
402.189 39.9999 71.4571
407.727 10.7678 67.1505
386.498 8.08028 52.8901
404.849 40.3427 72.5665
431.582 43.8721 77.9471
435.381 14.3228 73.2477
410.387 11.1106 68.2599
434.457 44.2475 77.9464
461.187 47.7958 72.5977
463.225 17.9093 68.2189
438.256 14.6983 73.247
463.841 48.1372 71.4888
486.537 50.9825 56.2192
487.049 20.9294 52.8402
465.879 18.2507 67.1101
488.572 51.2245 54.1671
503.798 52.7619 31.2
503.26 22.8059 29.3759
489.084 21.1714 50.7881
504.903 52.8763 28.5106
510.242 53.3229 1.42405
509.331 23.4136 1.4359
504.365 22.9203 26.6865
510.242 53.3192 -1.48699
504.902 52.821 -28.5537
504.36 22.8397 -26.7098
509.331 23.41 -1.47514
503.799 52.7033 -31.2395
488.603 51.1713 -54.1598
489.103 21.0997 -50.7764
503.256 22.722 -29.3956
486.57 50.9324 -56.21
463.872 48.1191 -71.4842
465.9 18.2356 -67.1067
487.07 20.8608 -52.8267
461.218 47.7807 -72.5938
434.487 44.2468 -77.9479
438.276 14.6972 -73.2475
463.245 17.8972 -68.2164
431.612 43.8729 -77.9491
404.876 40.3594 -72.5736
410.404 11.1248 -68.2648
435.401 14.3233 -73.2487
402.216 40.0196 -71.4649
379.515 37.1552 -56.1844
386.503 8.14689 -52.9043
407.744 10.785 -67.1561
377.474 36.9021 -54.13
362.236 35.0508 -31.1904
370.214 6.13941 -29.4249
384.462 7.89381 -50.8499
361.129 34.9141 -28.5014
355.78 34.2515 -1.42429
364.114 5.34983 -1.43331
369.108 6.00262 -26.736
365.137 2.40704 1.3472
370.154 2.9886 26.6322
380.266 -21.2125 23.7796
375.843 -21.834 1.32784
371.162 3.11932 29.0843
385.382 4.88227 50.4751
393.872 -19.3226 45.2621
381.274 -21.0817 26.2317
387.245 5.12502 52.3503
408.474 7.81252 66.6107
414.618 -16.5496 59.8079
395.735 -19.0798 47.1372
410.905 8.12908 67.6218
435.9 11.3413 72.6096
439.285 -13.2825 65.2109
417.048 -16.233 60.8191
438.526 11.6837 72.6055
463.494 14.8948 67.5774
464.096 -10.0082 60.6821
441.911 -12.9401 65.2068
465.917 15.2094 66.5615
487.087 17.8881 52.2916
485.282 -7.21837 46.9461
466.519 -9.69363 59.6662
488.941 18.1239 50.4192
503.117 19.7584 29.007
499.649 -5.33316 26.1087
487.135 -6.9826 45.0737
504.121 19.8799 26.5587
509.087 20.3732 1.30808
505.043 -4.63322 1.32566
500.653 -5.21164 23.6604
509.087 20.3708 -1.34331
504.116 19.8006 -26.578
500.653 -5.21414 -23.6605
505.043 -4.63556 -1.32573
503.112 19.6768 -29.026
488.959 18.0545 -50.4067
487.135 -6.98754 -45.0737
499.649 -5.33788 -26.1085
487.106 17.821 -52.279
465.936 15.1958 -66.559
466.519 -9.6963 -59.666
485.282 -7.22098 -46.9459
463.513 14.8831 -67.575
438.544 11.6831 -72.6061
441.912 -12.9408 -65.2066
464.096 -10.009 -60.682
435.917 11.3413 -72.6104
410.921 8.14272 -67.6265
417.049 -16.2329 -60.8191
439.286 -13.2826 -65.2109
408.489 7.8279 -66.6153
387.248 5.18978 -52.3635
395.735 -19.0778 -47.1373
414.618 -16.5478 -59.8079
385.385 4.94926 -50.4879
371.138 3.19486 -29.0629
381.273 -21.0774 -26.2314
393.872 -19.3184 -45.2617
370.13 3.06206 -26.6104
365.136 2.40926 -1.30773
375.843 -21.8318 -1.32708
380.265 -21.2102 -23.7788
-86.5864 941.595 25.8879
-90.1978 937.999 0.134844
-86.5427 941.58 -25.6125
-76.168 951.787 -47.4517
-60.5533 967.006 -62.0449
-42.0403 984.871 -67.1459
-23.5078 1002.69 -61.9979
-7.84221 1017.85 -47.4155
2.5707 1028.09 -25.605
6.21941 1031.7 0.150494
2.58645 1028.05 25.9021
-7.81824 1017.8 47.7052
-23.4897 1002.65 62.2843
-42.0296 984.833 67.4279
-60.5514 966.979 62.3218
-76.2014 951.791 47.7325
382.635 -22.3855 1.31945e-05
387.058 -21.764 22.4517
399.656 -20.0048 41.4821
418.539 -17.4746 54.1528
440.776 -14.5241 58.5446
462.96 -11.5923 54.02
481.723 -9.11705 41.3
494.237 -7.4676 22.335
498.627 -6.88918 0.000239176
494.237 -7.46776 -22.3346
481.723 -9.11742 -41.2997
462.96 -11.5927 -54.0199
440.776 -14.5245 -58.5445
418.539 -17.4748 -54.1527
399.656 -20.0049 -41.4821
387.058 -21.764 -22.4517
</DataArray>
</Points>
<Cells>
<DataArray type="Int32" Name="connectivity" format="ascii">
0 1 529 528 1 17 530 529 17 16 531 530 16 0 528 531 1 2 533 532 2 18 534 533 18 17 535 534 17 1 532 535 2 3 537 536 3 19 538 537 19 18 539 538 18 2 536 539 3 4 541 540 4 20 542 541 20 19 543 542 19 3 540 543 4 5 545 544 5 21 546 545 21 20 547 546 20 4 544 547 5 6 549 548 6 22 550 549 22 21 551 550 21 5 548 551 6 7 553 552 7 23 554 553 23 22 555 554 22 6 552 555 7 8 557 556 8 24 558 557 24 23 559 558 23 7 556 559 8 9 561 560 9 25 562 561 25 24 563 562 24 8 560 563 9 10 565 564 10 26 566 565 26 25 567 566 25 9 564 567 10 11 569 568 11 27 570 569 27 26 571 570 26 10 568 571 11 12 573 572 12 28 574 573 28 27 575 574 27 11 572 575 12 13 577 576 13 29 578 577 29 28 579 578 28 12 576 579 13 14 581 580 14 30 582 581 30 29 583 582 29 13 580 583 14 15 585 584 15 31 586 585 31 30 587 586 30 14 584 587 15 0 589 588 0 16 590 589 16 31 591 590 31 15 588 591 16 17 593 592 17 33 594 593 33 32 595 594 32 16 592 595 18 34 597 596 34 33 598 597 33 17 599 598 17 18 596 599 19 35 601 600 35 34 602 601 34 18 603 602 18 19 600 603 20 36 605 604 36 35 606 605 35 19 607 606 19 20 604 607 21 37 609 608 37 36 610 609 36 20 611 610 20 21 608 611 22 38 613 612 38 37 614 613 37 21 615 614 21 22 612 615 23 39 617 616 39 38 618 617 38 22 619 618 22 23 616 619 24 40 621 620 40 39 622 621 39 23 623 622 23 24 620 623 25 41 625 624 41 40 626 625 40 24 627 626 24 25 624 627 26 42 629 628 42 41 630 629 41 25 631 630 25 26 628 631 27 43 633 632 43 42 634 633 42 26 635 634 26 27 632 635 28 44 637 636 44 43 638 637 43 27 639 638 27 28 636 639 29 45 641 640 45 44 642 641 44 28 643 642 28 29 640 643 30 46 645 644 46 45 646 645 45 29 647 646 29 30 644 647 31 47 649 648 47 46 650 649 46 30 651 650 30 31 648 651 31 16 653 652 16 32 654 653 32 47 655 654 47 31 652 655 32 33 657 656 33 49 658 657 49 48 659 658 48 32 656 659 33 34 661 660 34 50 662 661 50 49 663 662 49 33 660 663 34 35 665 664 35 51 666 665 51 50 667 666 50 34 664 667 35 36 669 668 36 52 670 669 52 51 671 670 51 35 668 671 36 37 673 672 37 53 674 673 53 52 675 674 52 36 672 675 37 38 677 676 38 54 678 677 54 53 679 678 53 37 676 679 38 39 681 680 39 55 682 681 55 54 683 682 54 38 680 683 39 40 685 684 40 56 686 685 56 55 687 686 55 39 684 687 40 41 689 688 41 57 690 689 57 56 691 690 56 40 688 691 41 42 693 692 42 58 694 693 58 57 695 694 57 41 692 695 42 43 697 696 43 59 698 697 59 58 699 698 58 42 696 699 43 44 701 700 44 60 702 701 60 59 703 702 59 43 700 703 44 45 705 704 45 61 706 705 61 60 707 706 60 44 704 707 45 46 709 708 46 62 710 709 62 61 711 710 61 45 708 711 46 47 713 712 47 63 714 713 63 62 715 714 62 46 712 715 47 32 717 716 32 48 718 717 48 63 719 718 63 47 716 719 48 49 721 720 49 65 722 721 65 64 723 722 64 48 720 723 49 50 725 724 50 66 726 725 66 65 727 726 65 49 724 727 50 51 729 728 51 67 730 729 67 66 731 730 66 50 728 731 51 52 733 732 52 68 734 733 68 67 735 734 67 51 732 735 52 53 737 736 53 69 738 737 69 68 739 738 68 52 736 739 53 54 741 740 54 70 742 741 70 69 743 742 69 53 740 743 54 55 745 744 55 71 746 745 71 70 747 746 70 54 744 747 55 56 749 748 56 72 750 749 72 71 751 750 71 55 748 751 56 57 753 752 57 73 754 753 73 72 755 754 72 56 752 755 57 58 757 756 58 74 758 757 74 73 759 758 73 57 756 759 58 59 761 760 59 75 762 761 75 74 763 762 74 58 760 763 59 60 765 764 60 76 766 765 76 75 767 766 75 59 764 767 60 61 769 768 61 77 770 769 77 76 771 770 76 60 768 771 61 62 773 772 62 78 774 773 78 77 775 774 77 61 772 775 62 63 777 776 63 79 778 777 79 78 779 778 78 62 776 779 63 48 781 780 48 64 782 781 64 79 783 782 79 63 780 783 64 65 785 784 65 81 786 785 81 80 787 786 80 64 784 787 65 66 789 788 66 82 790 789 82 81 791 790 81 65 788 791 66 67 793 792 67 83 794 793 83 82 795 794 82 66 792 795 67 68 797 796 68 84 798 797 84 83 799 798 83 67 796 799 68 69 801 800 69 85 802 801 85 84 803 802 84 68 800 803 69 70 805 804 70 86 806 805 86 85 807 806 85 69 804 807 70 71 809 808 71 87 810 809 87 86 811 810 86 70 808 811 71 72 813 812 72 88 814 813 88 87 815 814 87 71 812 815 72 73 817 816 73 89 818 817 89 88 819 818 88 72 816 819 73 74 821 820 74 90 822 821 90 89 823 822 89 73 820 823 74 75 825 824 75 91 826 825 91 90 827 826 90 74 824 827 75 76 829 828 76 92 830 829 92 91 831 830 91 75 828 831 76 77 833 832 77 93 834 833 93 92 835 834 92 76 832 835 77 78 837 836 78 94 838 837 94 93 839 838 93 77 836 839 78 79 841 840 79 95 842 841 95 94 843 842 94 78 840 843 79 64 845 844 64 80 846 845 80 95 847 846 95 79 844 847 80 81 849 848 81 97 850 849 97 96 851 850 96 80 848 851 81 82 853 852 82 98 854 853 98 97 855 854 97 81 852 855 82 83 857 856 83 99 858 857 99 98 859 858 98 82 856 859 83 84 861 860 84 100 862 861 100 99 863 862 99 83 860 863 84 85 865 864 85 101 866 865 101 100 867 866 100 84 864 867 85 86 869 868 86 102 870 869 102 101 871 870 101 85 868 871 86 87 873 872 87 103 874 873 103 102 875 874 102 86 872 875 87 88 877 876 88 104 878 877 104 103 879 878 103 87 876 879 88 89 881 880 89 105 882 881 105 104 883 882 104 88 880 883 89 90 885 884 90 106 886 885 106 105 887 886 105 89 884 887 90 91 889 888 91 107 890 889 107 106 891 890 106 90 888 891 91 92 893 892 92 108 894 893 108 107 895 894 107 91 892 895 92 93 897 896 93 109 898 897 109 108 899 898 108 92 896 899 93 94 901 900 94 110 902 901 110 109 903 902 109 93 900 903 94 95 905 904 95 111 906 905 111 110 907 906 110 94 904 907 95 80 909 908 80 96 910 909 96 111 911 910 111 95 908 911 96 97 913 912 97 113 914 913 113 112 915 914 112 96 912 915 97 98 917 916 98 114 918 917 114 113 919 918 113 97 916 919 98 99 921 920 99 115 922 921 115 114 923 922 114 98 920 923 99 100 925 924 100 116 926 925 116 115 927 926 115 99 924 927 100 101 929 928 101 117 930 929 117 116 931 930 116 100 928 931 101 102 933 932 102 118 934 933 118 117 935 934 117 101 932 935 102 103 937 936 103 119 938 937 119 118 939 938 118 102 936 939 103 104 941 940 104 120 942 941 120 119 943 942 119 103 940 943 104 105 945 944 105 121 946 945 121 120 947 946 120 104 944 947 105 106 949 948 106 122 950 949 122 121 951 950 121 105 948 951 106 107 953 952 107 123 954 953 123 122 955 954 122 106 952 955 107 108 957 956 108 124 958 957 124 123 959 958 123 107 956 959 108 109 961 960 109 125 962 961 125 124 963 962 124 108 960 963 109 110 965 964 110 126 966 965 126 125 967 966 125 109 964 967 110 111 969 968 111 127 970 969 127 126 971 970 126 110 968 971 111 96 973 972 96 112 974 973 112 127 975 974 127 111 972 975 112 113 977 976 113 129 978 977 129 128 979 978 128 112 976 979 113 114 981 980 114 130 982 981 130 129 983 982 129 113 980 983 114 115 985 984 115 131 986 985 131 130 987 986 130 114 984 987 115 116 989 988 116 132 990 989 132 131 991 990 131 115 988 991 116 117 993 992 117 133 994 993 133 132 995 994 132 116 992 995 117 118 997 996 118 134 998 997 134 133 999 998 133 117 996 999 118 119 1001 1000 119 135 1002 1001 135 134 1003 1002 134 118 1000 1003 119 120 1005 1004 120 136 1006 1005 136 135 1007 1006 135 119 1004 1007 120 121 1009 1008 121 137 1010 1009 137 136 1011 1010 136 120 1008 1011 121 122 1013 1012 122 138 1014 1013 138 137 1015 1014 137 121 1012 1015 122 123 1017 1016 123 139 1018 1017 139 138 1019 1018 138 122 1016 1019 123 124 1021 1020 124 140 1022 1021 140 139 1023 1022 139 123 1020 1023 124 125 1025 1024 125 141 1026 1025 141 140 1027 1026 140 124 1024 1027 125 126 1029 1028 126 142 1030 1029 142 141 1031 1030 141 125 1028 1031 126 127 1033 1032 127 143 1034 1033 143 142 1035 1034 142 126 1032 1035 127 112 1037 1036 112 128 1038 1037 128 143 1039 1038 143 127 1036 1039 128 129 1041 1040 129 145 1042 1041 145 144 1043 1042 144 128 1040 1043 129 130 1045 1044 130 146 1046 1045 146 145 1047 1046 145 129 1044 1047 130 131 1049 1048 131 147 1050 1049 147 146 1051 1050 146 130 1048 1051 131 132 1053 1052 132 148 1054 1053 148 147 1055 1054 147 131 1052 1055 132 133 1057 1056 133 149 1058 1057 149 148 1059 1058 148 132 1056 1059 133 134 1061 1060 134 150 1062 1061 150 149 1063 1062 149 133 1060 1063 134 135 1065 1064 135 151 1066 1065 151 150 1067 1066 150 134 1064 1067 135 136 1069 1068 136 152 1070 1069 152 151 1071 1070 151 135 1068 1071 136 137 1073 1072 137 153 1074 1073 153 152 1075 1074 152 136 1072 1075 137 138 1077 1076 138 154 1078 1077 154 153 1079 1078 153 137 1076 1079 138 139 1081 1080 139 155 1082 1081 155 154 1083 1082 154 138 1080 1083 139 140 1085 1084 140 156 1086 1085 156 155 1087 1086 155 139 1084 1087 140 141 1089 1088 141 157 1090 1089 157 156 1091 1090 156 140 1088 1091 141 142 1093 1092 142 158 1094 1093 158 157 1095 1094 157 141 1092 1095 142 143 1097 1096 143 159 1098 1097 159 158 1099 1098 158 142 1096 1099 143 128 1101 1100 128 144 1102 1101 144 159 1103 1102 159 143 1100 1103 144 145 1105 1104 145 161 1106 1105 161 160 1107 1106 160 144 1104 1107 145 146 1109 1108 146 162 1110 1109 162 161 1111 1110 161 145 1108 1111 146 147 1113 1112 147 163 1114 1113 163 162 1115 1114 162 146 1112 1115 147 148 1117 1116 148 164 1118 1117 164 163 1119 1118 163 147 1116 1119 148 149 1121 1120 149 165 1122 1121 165 164 1123 1122 164 148 1120 1123 149 150 1125 1124 150 166 1126 1125 166 165 1127 1126 165 149 1124 1127 150 151 1129 1128 151 167 1130 1129 167 166 1131 1130 166 150 1128 1131 151 152 1133 1132 152 168 1134 1133 168 167 1135 1134 167 151 1132 1135 152 153 1137 1136 153 169 1138 1137 169 168 1139 1138 168 152 1136 1139 153 154 1141 1140 154 170 1142 1141 170 169 1143 1142 169 153 1140 1143 154 155 1145 1144 155 171 1146 1145 171 170 1147 1146 170 154 1144 1147 155 156 1149 1148 156 172 1150 1149 172 171 1151 1150 171 155 1148 1151 156 157 1153 1152 157 173 1154 1153 173 172 1155 1154 172 156 1152 1155 157 158 1157 1156 158 174 1158 1157 174 173 1159 1158 173 157 1156 1159 158 159 1161 1160 159 175 1162 1161 175 174 1163 1162 174 158 1160 1163 159 144 1165 1164 144 160 1166 1165 160 175 1167 1166 175 159 1164 1167 160 161 1169 1168 161 177 1170 1169 177 176 1171 1170 176 160 1168 1171 161 162 1173 1172 162 178 1174 1173 178 177 1175 1174 177 161 1172 1175 162 163 1177 1176 163 179 1178 1177 179 178 1179 1178 178 162 1176 1179 163 164 1181 1180 164 180 1182 1181 180 179 1183 1182 179 163 1180 1183 164 165 1185 1184 165 181 1186 1185 181 180 1187 1186 180 164 1184 1187 165 166 1189 1188 166 182 1190 1189 182 181 1191 1190 181 165 1188 1191 166 167 1193 1192 167 183 1194 1193 183 182 1195 1194 182 166 1192 1195 167 168 1197 1196 168 184 1198 1197 184 183 1199 1198 183 167 1196 1199 168 169 1201 1200 169 185 1202 1201 185 184 1203 1202 184 168 1200 1203 169 170 1205 1204 170 186 1206 1205 186 185 1207 1206 185 169 1204 1207 170 171 1209 1208 171 187 1210 1209 187 186 1211 1210 186 170 1208 1211 171 172 1213 1212 172 188 1214 1213 188 187 1215 1214 187 171 1212 1215 172 173 1217 1216 173 189 1218 1217 189 188 1219 1218 188 172 1216 1219 173 174 1221 1220 174 190 1222 1221 190 189 1223 1222 189 173 1220 1223 174 175 1225 1224 175 191 1226 1225 191 190 1227 1226 190 174 1224 1227 175 160 1229 1228 160 176 1230 1229 176 191 1231 1230 191 175 1228 1231 176 177 1233 1232 177 193 1234 1233 193 192 1235 1234 192 176 1232 1235 177 178 1237 1236 178 194 1238 1237 194 193 1239 1238 193 177 1236 1239 178 179 1241 1240 179 195 1242 1241 195 194 1243 1242 194 178 1240 1243 179 180 1245 1244 180 196 1246 1245 196 195 1247 1246 195 179 1244 1247 180 181 1249 1248 181 197 1250 1249 197 196 1251 1250 196 180 1248 1251 181 182 1253 1252 182 198 1254 1253 198 197 1255 1254 197 181 1252 1255 182 183 1257 1256 183 199 1258 1257 199 198 1259 1258 198 182 1256 1259 183 184 1261 1260 184 200 1262 1261 200 199 1263 1262 199 183 1260 1263 184 185 1265 1264 185 201 1266 1265 201 200 1267 1266 200 184 1264 1267 185 186 1269 1268 186 202 1270 1269 202 201 1271 1270 201 185 1268 1271 186 187 1273 1272 187 203 1274 1273 203 202 1275 1274 202 186 1272 1275 187 188 1277 1276 188 204 1278 1277 204 203 1279 1278 203 187 1276 1279 188 189 1281 1280 189 205 1282 1281 205 204 1283 1282 204 188 1280 1283 189 190 1285 1284 190 206 1286 1285 206 205 1287 1286 205 189 1284 1287 190 191 1289 1288 191 207 1290 1289 207 206 1291 1290 206 190 1288 1291 191 176 1293 1292 176 192 1294 1293 192 207 1295 1294 207 191 1292 1295 192 193 1297 1296 193 209 1298 1297 209 208 1299 1298 208 192 1296 1299 193 194 1301 1300 194 210 1302 1301 210 209 1303 1302 209 193 1300 1303 194 195 1305 1304 195 211 1306 1305 211 210 1307 1306 210 194 1304 1307 195 196 1309 1308 196 212 1310 1309 212 211 1311 1310 211 195 1308 1311 196 197 1313 1312 197 213 1314 1313 213 212 1315 1314 212 196 1312 1315 197 198 1317 1316 198 214 1318 1317 214 213 1319 1318 213 197 1316 1319 198 199 1321 1320 199 215 1322 1321 215 214 1323 1322 214 198 1320 1323 199 200 1325 1324 200 216 1326 1325 216 215 1327 1326 215 199 1324 1327 200 201 1329 1328 201 217 1330 1329 217 216 1331 1330 216 200 1328 1331 201 202 1333 1332 202 218 1334 1333 218 217 1335 1334 217 201 1332 1335 202 203 1337 1336 203 219 1338 1337 219 218 1339 1338 218 202 1336 1339 203 204 1341 1340 204 220 1342 1341 220 219 1343 1342 219 203 1340 1343 204 205 1345 1344 205 221 1346 1345 221 220 1347 1346 220 204 1344 1347 205 206 1349 1348 206 222 1350 1349 222 221 1351 1350 221 205 1348 1351 206 207 1353 1352 207 223 1354 1353 223 222 1355 1354 222 206 1352 1355 207 192 1357 1356 192 208 1358 1357 208 223 1359 1358 223 207 1356 1359 208 209 1361 1360 209 225 1362 1361 225 224 1363 1362 224 208 1360 1363 209 210 1365 1364 210 226 1366 1365 226 225 1367 1366 225 209 1364 1367 210 211 1369 1368 211 227 1370 1369 227 226 1371 1370 226 210 1368 1371 211 212 1373 1372 212 228 1374 1373 228 227 1375 1374 227 211 1372 1375 212 213 1377 1376 213 229 1378 1377 229 228 1379 1378 228 212 1376 1379 213 214 1381 1380 214 230 1382 1381 230 229 1383 1382 229 213 1380 1383 214 215 1385 1384 215 231 1386 1385 231 230 1387 1386 230 214 1384 1387 215 216 1389 1388 216 232 1390 1389 232 231 1391 1390 231 215 1388 1391 216 217 1393 1392 217 233 1394 1393 233 232 1395 1394 232 216 1392 1395 217 218 1397 1396 218 234 1398 1397 234 233 1399 1398 233 217 1396 1399 218 219 1401 1400 219 235 1402 1401 235 234 1403 1402 234 218 1400 1403 219 220 1405 1404 220 236 1406 1405 236 235 1407 1406 235 219 1404 1407 220 221 1409 1408 221 237 1410 1409 237 236 1411 1410 236 220 1408 1411 221 222 1413 1412 222 238 1414 1413 238 237 1415 1414 237 221 1412 1415 222 223 1417 1416 223 239 1418 1417 239 238 1419 1418 238 222 1416 1419 223 208 1421 1420 208 224 1422 1421 224 239 1423 1422 239 223 1420 1423 224 225 1425 1424 225 241 1426 1425 241 240 1427 1426 240 224 1424 1427 225 226 1429 1428 226 242 1430 1429 242 241 1431 1430 241 225 1428 1431 226 227 1433 1432 227 243 1434 1433 243 242 1435 1434 242 226 1432 1435 227 228 1437 1436 228 244 1438 1437 244 243 1439 1438 243 227 1436 1439 228 229 1441 1440 229 245 1442 1441 245 244 1443 1442 244 228 1440 1443 229 230 1445 1444 230 246 1446 1445 246 245 1447 1446 245 229 1444 1447 230 231 1449 1448 231 247 1450 1449 247 246 1451 1450 246 230 1448 1451 231 232 1453 1452 232 248 1454 1453 248 247 1455 1454 247 231 1452 1455 232 233 1457 1456 233 249 1458 1457 249 248 1459 1458 248 232 1456 1459 233 234 1461 1460 234 250 1462 1461 250 249 1463 1462 249 233 1460 1463 234 235 1465 1464 235 251 1466 1465 251 250 1467 1466 250 234 1464 1467 235 236 1469 1468 236 252 1470 1469 252 251 1471 1470 251 235 1468 1471 236 237 1473 1472 237 253 1474 1473 253 252 1475 1474 252 236 1472 1475 237 238 1477 1476 238 254 1478 1477 254 253 1479 1478 253 237 1476 1479 238 239 1481 1480 239 255 1482 1481 255 254 1483 1482 254 238 1480 1483 239 224 1485 1484 224 240 1486 1485 240 255 1487 1486 255 239 1484 1487 240 241 1489 1488 241 257 1490 1489 257 256 1491 1490 256 240 1488 1491 241 242 1493 1492 242 258 1494 1493 258 257 1495 1494 257 241 1492 1495 242 243 1497 1496 243 259 1498 1497 259 258 1499 1498 258 242 1496 1499 243 244 1501 1500 244 260 1502 1501 260 259 1503 1502 259 243 1500 1503 244 245 1505 1504 245 261 1506 1505 261 260 1507 1506 260 244 1504 1507 245 246 1509 1508 246 262 1510 1509 262 261 1511 1510 261 245 1508 1511 246 247 1513 1512 247 263 1514 1513 263 262 1515 1514 262 246 1512 1515 247 248 1517 1516 248 264 1518 1517 264 263 1519 1518 263 247 1516 1519 248 249 1521 1520 249 265 1522 1521 265 264 1523 1522 264 248 1520 1523 249 250 1525 1524 250 266 1526 1525 266 265 1527 1526 265 249 1524 1527 250 251 1529 1528 251 267 1530 1529 267 266 1531 1530 266 250 1528 1531 251 252 1533 1532 252 268 1534 1533 268 267 1535 1534 267 251 1532 1535 252 253 1537 1536 253 269 1538 1537 269 268 1539 1538 268 252 1536 1539 253 254 1541 1540 254 270 1542 1541 270 269 1543 1542 269 253 1540 1543 254 255 1545 1544 255 271 1546 1545 271 270 1547 1546 270 254 1544 1547 255 240 1549 1548 240 256 1550 1549 256 271 1551 1550 271 255 1548 1551 256 257 1553 1552 257 273 1554 1553 273 272 1555 1554 272 256 1552 1555 257 258 1557 1556 258 274 1558 1557 274 273 1559 1558 273 257 1556 1559 258 259 1561 1560 259 275 1562 1561 275 274 1563 1562 274 258 1560 1563 259 260 1565 1564 260 276 1566 1565 276 275 1567 1566 275 259 1564 1567 260 261 1569 1568 261 277 1570 1569 277 276 1571 1570 276 260 1568 1571 261 262 1573 1572 262 278 1574 1573 278 277 1575 1574 277 261 1572 1575 262 263 1577 1576 263 279 1578 1577 279 278 1579 1578 278 262 1576 1579 263 264 1581 1580 264 280 1582 1581 280 279 1583 1582 279 263 1580 1583 264 265 1585 1584 265 281 1586 1585 281 280 1587 1586 280 264 1584 1587 265 266 1589 1588 266 282 1590 1589 282 281 1591 1590 281 265 1588 1591 266 267 1593 1592 267 283 1594 1593 283 282 1595 1594 282 266 1592 1595 267 268 1597 1596 268 284 1598 1597 284 283 1599 1598 283 267 1596 1599 268 269 1601 1600 269 285 1602 1601 285 284 1603 1602 284 268 1600 1603 269 270 1605 1604 270 286 1606 1605 286 285 1607 1606 285 269 1604 1607 270 271 1609 1608 271 287 1610 1609 287 286 1611 1610 286 270 1608 1611 271 256 1613 1612 256 272 1614 1613 272 287 1615 1614 287 271 1612 1615 272 273 1617 1616 273 289 1618 1617 289 288 1619 1618 288 272 1616 1619 273 274 1621 1620 274 290 1622 1621 290 289 1623 1622 289 273 1620 1623 274 275 1625 1624 275 291 1626 1625 291 290 1627 1626 290 274 1624 1627 275 276 1629 1628 276 292 1630 1629 292 291 1631 1630 291 275 1628 1631 276 277 1633 1632 277 293 1634 1633 293 292 1635 1634 292 276 1632 1635 277 278 1637 1636 278 294 1638 1637 294 293 1639 1638 293 277 1636 1639 278 279 1641 1640 279 295 1642 1641 295 294 1643 1642 294 278 1640 1643 279 280 1645 1644 280 296 1646 1645 296 295 1647 1646 295 279 1644 1647 280 281 1649 1648 281 297 1650 1649 297 296 1651 1650 296 280 1648 1651 281 282 1653 1652 282 298 1654 1653 298 297 1655 1654 297 281 1652 1655 282 283 1657 1656 283 299 1658 1657 299 298 1659 1658 298 282 1656 1659 283 284 1661 1660 284 300 1662 1661 300 299 1663 1662 299 283 1660 1663 284 285 1665 1664 285 301 1666 1665 301 300 1667 1666 300 284 1664 1667 285 286 1669 1668 286 302 1670 1669 302 301 1671 1670 301 285 1668 1671 286 287 1673 1672 287 303 1674 1673 303 302 1675 1674 302 286 1672 1675 287 272 1677 1676 272 288 1678 1677 288 303 1679 1678 303 287 1676 1679 288 289 1681 1680 289 305 1682 1681 305 304 1683 1682 304 288 1680 1683 289 290 1685 1684 290 306 1686 1685 306 305 1687 1686 305 289 1684 1687 290 291 1689 1688 291 307 1690 1689 307 306 1691 1690 306 290 1688 1691 291 292 1693 1692 292 308 1694 1693 308 307 1695 1694 307 291 1692 1695 292 293 1697 1696 293 309 1698 1697 309 308 1699 1698 308 292 1696 1699 293 294 1701 1700 294 310 1702 1701 310 309 1703 1702 309 293 1700 1703 294 295 1705 1704 295 311 1706 1705 311 310 1707 1706 310 294 1704 1707 295 296 1709 1708 296 312 1710 1709 312 311 1711 1710 311 295 1708 1711 296 297 1713 1712 297 313 1714 1713 313 312 1715 1714 312 296 1712 1715 297 298 1717 1716 298 314 1718 1717 314 313 1719 1718 313 297 1716 1719 298 299 1721 1720 299 315 1722 1721 315 314 1723 1722 314 298 1720 1723 299 300 1725 1724 300 316 1726 1725 316 315 1727 1726 315 299 1724 1727 300 301 1729 1728 301 317 1730 1729 317 316 1731 1730 316 300 1728 1731 301 302 1733 1732 302 318 1734 1733 318 317 1735 1734 317 301 1732 1735 302 303 1737 1736 303 319 1738 1737 319 318 1739 1738 318 302 1736 1739 303 288 1741 1740 288 304 1742 1741 304 319 1743 1742 319 303 1740 1743 304 305 1745 1744 305 321 1746 1745 321 320 1747 1746 320 304 1744 1747 305 306 1749 1748 306 322 1750 1749 322 321 1751 1750 321 305 1748 1751 306 307 1753 1752 307 323 1754 1753 323 322 1755 1754 322 306 1752 1755 307 308 1757 1756 308 324 1758 1757 324 323 1759 1758 323 307 1756 1759 308 309 1761 1760 309 325 1762 1761 325 324 1763 1762 324 308 1760 1763 309 310 1765 1764 310 326 1766 1765 326 325 1767 1766 325 309 1764 1767 310 311 1769 1768 311 327 1770 1769 327 326 1771 1770 326 310 1768 1771 311 312 1773 1772 312 328 1774 1773 328 327 1775 1774 327 311 1772 1775 312 313 1777 1776 313 329 1778 1777 329 328 1779 1778 328 312 1776 1779 313 314 1781 1780 314 330 1782 1781 330 329 1783 1782 329 313 1780 1783 314 315 1785 1784 315 331 1786 1785 331 330 1787 1786 330 314 1784 1787 315 316 1789 1788 316 332 1790 1789 332 331 1791 1790 331 315 1788 1791 316 317 1793 1792 317 333 1794 1793 333 332 1795 1794 332 316 1792 1795 317 318 1797 1796 318 334 1798 1797 334 333 1799 1798 333 317 1796 1799 318 319 1801 1800 319 335 1802 1801 335 334 1803 1802 334 318 1800 1803 319 304 1805 1804 304 320 1806 1805 320 335 1807 1806 335 319 1804 1807 320 321 1809 1808 321 337 1810 1809 337 336 1811 1810 336 320 1808 1811 321 322 1813 1812 322 338 1814 1813 338 337 1815 1814 337 321 1812 1815 322 323 1817 1816 323 339 1818 1817 339 338 1819 1818 338 322 1816 1819 323 324 1821 1820 324 340 1822 1821 340 339 1823 1822 339 323 1820 1823 324 325 1825 1824 325 341 1826 1825 341 340 1827 1826 340 324 1824 1827 325 326 1829 1828 326 342 1830 1829 342 341 1831 1830 341 325 1828 1831 326 327 1833 1832 327 343 1834 1833 343 342 1835 1834 342 326 1832 1835 327 328 1837 1836 328 344 1838 1837 344 343 1839 1838 343 327 1836 1839 328 329 1841 1840 329 345 1842 1841 345 344 1843 1842 344 328 1840 1843 329 330 1845 1844 330 346 1846 1845 346 345 1847 1846 345 329 1844 1847 330 331 1849 1848 331 347 1850 1849 347 346 1851 1850 346 330 1848 1851 331 332 1853 1852 332 348 1854 1853 348 347 1855 1854 347 331 1852 1855 332 333 1857 1856 333 349 1858 1857 349 348 1859 1858 348 332 1856 1859 333 334 1861 1860 334 350 1862 1861 350 349 1863 1862 349 333 1860 1863 334 335 1865 1864 335 351 1866 1865 351 350 1867 1866 350 334 1864 1867 335 320 1869 1868 320 336 1870 1869 336 351 1871 1870 351 335 1868 1871 336 337 1873 1872 337 353 1874 1873 353 352 1875 1874 352 336 1872 1875 337 338 1877 1876 338 354 1878 1877 354 353 1879 1878 353 337 1876 1879 338 339 1881 1880 339 355 1882 1881 355 354 1883 1882 354 338 1880 1883 339 340 1885 1884 340 356 1886 1885 356 355 1887 1886 355 339 1884 1887 340 341 1889 1888 341 357 1890 1889 357 356 1891 1890 356 340 1888 1891 341 342 1893 1892 342 358 1894 1893 358 357 1895 1894 357 341 1892 1895 342 343 1897 1896 343 359 1898 1897 359 358 1899 1898 358 342 1896 1899 343 344 1901 1900 344 360 1902 1901 360 359 1903 1902 359 343 1900 1903 344 345 1905 1904 345 361 1906 1905 361 360 1907 1906 360 344 1904 1907 345 346 1909 1908 346 362 1910 1909 362 361 1911 1910 361 345 1908 1911 346 347 1913 1912 347 363 1914 1913 363 362 1915 1914 362 346 1912 1915 347 348 1917 1916 348 364 1918 1917 364 363 1919 1918 363 347 1916 1919 348 349 1921 1920 349 365 1922 1921 365 364 1923 1922 364 348 1920 1923 349 350 1925 1924 350 366 1926 1925 366 365 1927 1926 365 349 1924 1927 350 351 1929 1928 351 367 1930 1929 367 366 1931 1930 366 350 1928 1931 351 336 1933 1932 336 352 1934 1933 352 367 1935 1934 367 351 1932 1935 352 353 1937 1936 353 369 1938 1937 369 368 1939 1938 368 352 1936 1939 353 354 1941 1940 354 370 1942 1941 370 369 1943 1942 369 353 1940 1943 354 355 1945 1944 355 371 1946 1945 371 370 1947 1946 370 354 1944 1947 355 356 1949 1948 356 372 1950 1949 372 371 1951 1950 371 355 1948 1951 356 357 1953 1952 357 373 1954 1953 373 372 1955 1954 372 356 1952 1955 357 358 1957 1956 358 374 1958 1957 374 373 1959 1958 373 357 1956 1959 358 359 1961 1960 359 375 1962 1961 375 374 1963 1962 374 358 1960 1963 359 360 1965 1964 360 376 1966 1965 376 375 1967 1966 375 359 1964 1967 360 361 1969 1968 361 377 1970 1969 377 376 1971 1970 376 360 1968 1971 361 362 1973 1972 362 378 1974 1973 378 377 1975 1974 377 361 1972 1975 362 363 1977 1976 363 379 1978 1977 379 378 1979 1978 378 362 1976 1979 363 364 1981 1980 364 380 1982 1981 380 379 1983 1982 379 363 1980 1983 364 365 1985 1984 365 381 1986 1985 381 380 1987 1986 380 364 1984 1987 365 366 1989 1988 366 382 1990 1989 382 381 1991 1990 381 365 1988 1991 366 367 1993 1992 367 383 1994 1993 383 382 1995 1994 382 366 1992 1995 367 352 1997 1996 352 368 1998 1997 368 383 1999 1998 383 367 1996 1999 368 369 2001 2000 369 385 2002 2001 385 384 2003 2002 384 368 2000 2003 369 370 2005 2004 370 386 2006 2005 386 385 2007 2006 385 369 2004 2007 370 371 2009 2008 371 387 2010 2009 387 386 2011 2010 386 370 2008 2011 371 372 2013 2012 372 388 2014 2013 388 387 2015 2014 387 371 2012 2015 372 373 2017 2016 373 389 2018 2017 389 388 2019 2018 388 372 2016 2019 373 374 2021 2020 374 390 2022 2021 390 389 2023 2022 389 373 2020 2023 374 375 2025 2024 375 391 2026 2025 391 390 2027 2026 390 374 2024 2027 375 376 2029 2028 376 392 2030 2029 392 391 2031 2030 391 375 2028 2031 376 377 2033 2032 377 393 2034 2033 393 392 2035 2034 392 376 2032 2035 377 378 2037 2036 378 394 2038 2037 394 393 2039 2038 393 377 2036 2039 378 379 2041 2040 379 395 2042 2041 395 394 2043 2042 394 378 2040 2043 379 380 2045 2044 380 396 2046 2045 396 395 2047 2046 395 379 2044 2047 380 381 2049 2048 381 397 2050 2049 397 396 2051 2050 396 380 2048 2051 381 382 2053 2052 382 398 2054 2053 398 397 2055 2054 397 381 2052 2055 382 383 2057 2056 383 399 2058 2057 399 398 2059 2058 398 382 2056 2059 383 368 2061 2060 368 384 2062 2061 384 399 2063 2062 399 383 2060 2063 384 385 2065 2064 385 401 2066 2065 401 400 2067 2066 400 384 2064 2067 385 386 2069 2068 386 402 2070 2069 402 401 2071 2070 401 385 2068 2071 386 387 2073 2072 387 403 2074 2073 403 402 2075 2074 402 386 2072 2075 387 388 2077 2076 388 404 2078 2077 404 403 2079 2078 403 387 2076 2079 388 389 2081 2080 389 405 2082 2081 405 404 2083 2082 404 388 2080 2083 389 390 2085 2084 390 406 2086 2085 406 405 2087 2086 405 389 2084 2087 390 391 2089 2088 391 407 2090 2089 407 406 2091 2090 406 390 2088 2091 391 392 2093 2092 392 408 2094 2093 408 407 2095 2094 407 391 2092 2095 392 393 2097 2096 393 409 2098 2097 409 408 2099 2098 408 392 2096 2099 393 394 2101 2100 394 410 2102 2101 410 409 2103 2102 409 393 2100 2103 394 395 2105 2104 395 411 2106 2105 411 410 2107 2106 410 394 2104 2107 395 396 2109 2108 396 412 2110 2109 412 411 2111 2110 411 395 2108 2111 396 397 2113 2112 397 413 2114 2113 413 412 2115 2114 412 396 2112 2115 397 398 2117 2116 398 414 2118 2117 414 413 2119 2118 413 397 2116 2119 398 399 2121 2120 399 415 2122 2121 415 414 2123 2122 414 398 2120 2123 399 384 2125 2124 384 400 2126 2125 400 415 2127 2126 415 399 2124 2127 400 401 2129 2128 401 417 2130 2129 417 416 2131 2130 416 400 2128 2131 401 402 2133 2132 402 418 2134 2133 418 417 2135 2134 417 401 2132 2135 402 403 2137 2136 403 419 2138 2137 419 418 2139 2138 418 402 2136 2139 403 404 2141 2140 404 420 2142 2141 420 419 2143 2142 419 403 2140 2143 404 405 2145 2144 405 421 2146 2145 421 420 2147 2146 420 404 2144 2147 405 406 2149 2148 406 422 2150 2149 422 421 2151 2150 421 405 2148 2151 406 407 2153 2152 407 423 2154 2153 423 422 2155 2154 422 406 2152 2155 407 408 2157 2156 408 424 2158 2157 424 423 2159 2158 423 407 2156 2159 408 409 2161 2160 409 425 2162 2161 425 424 2163 2162 424 408 2160 2163 409 410 2165 2164 410 426 2166 2165 426 425 2167 2166 425 409 2164 2167 410 411 2169 2168 411 427 2170 2169 427 426 2171 2170 426 410 2168 2171 411 412 2173 2172 412 428 2174 2173 428 427 2175 2174 427 411 2172 2175 412 413 2177 2176 413 429 2178 2177 429 428 2179 2178 428 412 2176 2179 413 414 2181 2180 414 430 2182 2181 430 429 2183 2182 429 413 2180 2183 414 415 2185 2184 415 431 2186 2185 431 430 2187 2186 430 414 2184 2187 415 400 2189 2188 400 416 2190 2189 416 431 2191 2190 431 415 2188 2191 416 417 2193 2192 417 433 2194 2193 433 432 2195 2194 432 416 2192 2195 417 418 2197 2196 418 434 2198 2197 434 433 2199 2198 433 417 2196 2199 418 419 2201 2200 419 435 2202 2201 435 434 2203 2202 434 418 2200 2203 419 420 2205 2204 420 436 2206 2205 436 435 2207 2206 435 419 2204 2207 420 421 2209 2208 421 437 2210 2209 437 436 2211 2210 436 420 2208 2211 421 422 2213 2212 422 438 2214 2213 438 437 2215 2214 437 421 2212 2215 422 423 2217 2216 423 439 2218 2217 439 438 2219 2218 438 422 2216 2219 423 424 2221 2220 424 440 2222 2221 440 439 2223 2222 439 423 2220 2223 424 425 2225 2224 425 441 2226 2225 441 440 2227 2226 440 424 2224 2227 425 426 2229 2228 426 442 2230 2229 442 441 2231 2230 441 425 2228 2231 426 427 2233 2232 427 443 2234 2233 443 442 2235 2234 442 426 2232 2235 427 428 2237 2236 428 444 2238 2237 444 443 2239 2238 443 427 2236 2239 428 429 2241 2240 429 445 2242 2241 445 444 2243 2242 444 428 2240 2243 429 430 2245 2244 430 446 2246 2245 446 445 2247 2246 445 429 2244 2247 430 431 2249 2248 431 447 2250 2249 447 446 2251 2250 446 430 2248 2251 431 416 2253 2252 416 432 2254 2253 432 447 2255 2254 447 431 2252 2255 432 433 2257 2256 433 449 2258 2257 449 448 2259 2258 448 432 2256 2259 433 434 2261 2260 434 450 2262 2261 450 449 2263 2262 449 433 2260 2263 434 435 2265 2264 435 451 2266 2265 451 450 2267 2266 450 434 2264 2267 435 436 2269 2268 436 452 2270 2269 452 451 2271 2270 451 435 2268 2271 436 437 2273 2272 437 453 2274 2273 453 452 2275 2274 452 436 2272 2275 437 438 2277 2276 438 454 2278 2277 454 453 2279 2278 453 437 2276 2279 438 439 2281 2280 439 455 2282 2281 455 454 2283 2282 454 438 2280 2283 439 440 2285 2284 440 456 2286 2285 456 455 2287 2286 455 439 2284 2287 440 441 2289 2288 441 457 2290 2289 457 456 2291 2290 456 440 2288 2291 441 442 2293 2292 442 458 2294 2293 458 457 2295 2294 457 441 2292 2295 442 443 2297 2296 443 459 2298 2297 459 458 2299 2298 458 442 2296 2299 443 444 2301 2300 444 460 2302 2301 460 459 2303 2302 459 443 2300 2303 444 445 2305 2304 445 461 2306 2305 461 460 2307 2306 460 444 2304 2307 445 446 2309 2308 446 462 2310 2309 462 461 2311 2310 461 445 2308 2311 446 447 2313 2312 447 463 2314 2313 463 462 2315 2314 462 446 2312 2315 447 432 2317 2316 432 448 2318 2317 448 463 2319 2318 463 447 2316 2319 448 449 2321 2320 449 465 2322 2321 465 464 2323 2322 464 448 2320 2323 449 450 2325 2324 450 466 2326 2325 466 465 2327 2326 465 449 2324 2327 450 451 2329 2328 451 467 2330 2329 467 466 2331 2330 466 450 2328 2331 451 452 2333 2332 452 468 2334 2333 468 467 2335 2334 467 451 2332 2335 452 453 2337 2336 453 469 2338 2337 469 468 2339 2338 468 452 2336 2339 453 454 2341 2340 454 470 2342 2341 470 469 2343 2342 469 453 2340 2343 454 455 2345 2344 455 471 2346 2345 471 470 2347 2346 470 454 2344 2347 455 456 2349 2348 456 472 2350 2349 472 471 2351 2350 471 455 2348 2351 456 457 2353 2352 457 473 2354 2353 473 472 2355 2354 472 456 2352 2355 457 458 2357 2356 458 474 2358 2357 474 473 2359 2358 473 457 2356 2359 458 459 2361 2360 459 475 2362 2361 475 474 2363 2362 474 458 2360 2363 459 460 2365 2364 460 476 2366 2365 476 475 2367 2366 475 459 2364 2367 460 461 2369 2368 461 477 2370 2369 477 476 2371 2370 476 460 2368 2371 461 462 2373 2372 462 478 2374 2373 478 477 2375 2374 477 461 2372 2375 462 463 2377 2376 463 479 2378 2377 479 478 2379 2378 478 462 2376 2379 463 448 2381 2380 448 464 2382 2381 464 479 2383 2382 479 463 2380 2383 464 465 2385 2384 465 481 2386 2385 481 480 2387 2386 480 464 2384 2387 465 466 2389 2388 466 482 2390 2389 482 481 2391 2390 481 465 2388 2391 466 467 2393 2392 467 483 2394 2393 483 482 2395 2394 482 466 2392 2395 467 468 2397 2396 468 484 2398 2397 484 483 2399 2398 483 467 2396 2399 468 469 2401 2400 469 485 2402 2401 485 484 2403 2402 484 468 2400 2403 469 470 2405 2404 470 486 2406 2405 486 485 2407 2406 485 469 2404 2407 470 471 2409 2408 471 487 2410 2409 487 486 2411 2410 486 470 2408 2411 471 472 2413 2412 472 488 2414 2413 488 487 2415 2414 487 471 2412 2415 472 473 2417 2416 473 489 2418 2417 489 488 2419 2418 488 472 2416 2419 473 474 2421 2420 474 490 2422 2421 490 489 2423 2422 489 473 2420 2423 474 475 2425 2424 475 491 2426 2425 491 490 2427 2426 490 474 2424 2427 475 476 2429 2428 476 492 2430 2429 492 491 2431 2430 491 475 2428 2431 476 477 2433 2432 477 493 2434 2433 493 492 2435 2434 492 476 2432 2435 477 478 2437 2436 478 494 2438 2437 494 493 2439 2438 493 477 2436 2439 478 479 2441 2440 479 495 2442 2441 495 494 2443 2442 494 478 2440 2443 479 464 2445 2444 464 480 2446 2445 480 495 2447 2446 495 479 2444 2447 480 481 2449 2448 481 497 2450 2449 497 496 2451 2450 496 480 2448 2451 481 482 2453 2452 482 498 2454 2453 498 497 2455 2454 497 481 2452 2455 482 483 2457 2456 483 499 2458 2457 499 498 2459 2458 498 482 2456 2459 483 484 2461 2460 484 500 2462 2461 500 499 2463 2462 499 483 2460 2463 484 485 2465 2464 485 501 2466 2465 501 500 2467 2466 500 484 2464 2467 485 486 2469 2468 486 502 2470 2469 502 501 2471 2470 501 485 2468 2471 486 487 2473 2472 487 503 2474 2473 503 502 2475 2474 502 486 2472 2475 487 488 2477 2476 488 504 2478 2477 504 503 2479 2478 503 487 2476 2479 488 489 2481 2480 489 505 2482 2481 505 504 2483 2482 504 488 2480 2483 489 490 2485 2484 490 506 2486 2485 506 505 2487 2486 505 489 2484 2487 490 491 2489 2488 491 507 2490 2489 507 506 2491 2490 506 490 2488 2491 491 492 2493 2492 492 508 2494 2493 508 507 2495 2494 507 491 2492 2495 492 493 2497 2496 493 509 2498 2497 509 508 2499 2498 508 492 2496 2499 493 494 2501 2500 494 510 2502 2501 510 509 2503 2502 509 493 2500 2503 494 495 2505 2504 495 511 2506 2505 511 510 2507 2506 510 494 2504 2507 495 480 2509 2508 480 496 2510 2509 496 511 2511 2510 511 495 2508 2511 496 497 2513 2512 497 513 2514 2513 513 512 2515 2514 512 496 2512 2515 497 498 2517 2516 498 514 2518 2517 514 513 2519 2518 513 497 2516 2519 498 499 2521 2520 499 515 2522 2521 515 514 2523 2522 514 498 2520 2523 499 500 2525 2524 500 516 2526 2525 516 515 2527 2526 515 499 2524 2527 500 501 2529 2528 501 517 2530 2529 517 516 2531 2530 516 500 2528 2531 501 502 2533 2532 502 518 2534 2533 518 517 2535 2534 517 501 2532 2535 502 503 2537 2536 503 519 2538 2537 519 518 2539 2538 518 502 2536 2539 503 504 2541 2540 504 520 2542 2541 520 519 2543 2542 519 503 2540 2543 504 505 2545 2544 505 521 2546 2545 521 520 2547 2546 520 504 2544 2547 505 506 2549 2548 506 522 2550 2549 522 521 2551 2550 521 505 2548 2551 506 507 2553 2552 507 523 2554 2553 523 522 2555 2554 522 506 2552 2555 507 508 2557 2556 508 524 2558 2557 524 523 2559 2558 523 507 2556 2559 508 509 2561 2560 509 525 2562 2561 525 524 2563 2562 524 508 2560 2563 509 510 2565 2564 510 526 2566 2565 526 525 2567 2566 525 509 2564 2567 510 511 2569 2568 511 527 2570 2569 527 526 2571 2570 526 510 2568 2571 511 496 2573 2572 496 512 2574 2573 512 527 2575 2574 527 511 2572 2575 1 0 2577 2576 0 15 2578 2577 15 14 2579 2578 14 13 2580 2579 13 12 2581 2580 12 11 2582 2581 11 10 2583 2582 10 9 2584 2583 9 8 2585 2584 8 7 2586 2585 7 6 2587 2586 6 5 2588 2587 5 4 2589 2588 4 3 2590 2589 3 2 2591 2590 2 1 2576 2591 512 513 2593 2592 513 514 2594 2593 514 515 2595 2594 515 516 2596 2595 516 517 2597 2596 517 518 2598 2597 518 519 2599 2598 519 520 2600 2599 520 521 2601 2600 521 522 2602 2601 522 523 2603 2602 523 524 2604 2603 524 525 2605 2604 525 526 2606 2605 526 527 2607 2606 527 512 2592 2607 
</DataArray>
<DataArray type="Int32" Name="offsets" format="ascii">
4 8 12 16 20 24 28 32 36 40 44 48 52 56 60 64 68 72 76 80 84 88 92 96 100 104 108 112 116 120 124 128 132 136 140 144 148 152 156 160 164 168 172 176 180 184 188 192 196 200 204 208 212 216 220 224 228 232 236 240 244 248 252 256 260 264 268 272 276 280 284 288 292 296 300 304 308 312 316 320 324 328 332 336 340 344 348 352 356 360 364 368 372 376 380 384 388 392 396 400 404 408 412 416 420 424 428 432 436 440 444 448 452 456 460 464 468 472 476 480 484 488 492 496 500 504 508 512 516 520 524 528 532 536 540 544 548 552 556 560 564 568 572 576 580 584 588 592 596 600 604 608 612 616 620 624 628 632 636 640 644 648 652 656 660 664 668 672 676 680 684 688 692 696 700 704 708 712 716 720 724 728 732 736 740 744 748 752 756 760 764 768 772 776 780 784 788 792 796 800 804 808 812 816 820 824 828 832 836 840 844 848 852 856 860 864 868 872 876 880 884 888 892 896 900 904 908 912 916 920 924 928 932 936 940 944 948 952 956 960 964 968 972 976 980 984 988 992 996 1000 1004 1008 1012 1016 1020 1024 1028 1032 1036 1040 1044 1048 1052 1056 1060 1064 1068 1072 1076 1080 1084 1088 1092 1096 1100 1104 1108 1112 1116 1120 1124 1128 1132 1136 1140 1144 1148 1152 1156 1160 1164 1168 1172 1176 1180 1184 1188 1192 1196 1200 1204 1208 1212 1216 1220 1224 1228 1232 1236 1240 1244 1248 1252 1256 1260 1264 1268 1272 1276 1280 1284 1288 1292 1296 1300 1304 1308 1312 1316 1320 1324 1328 1332 1336 1340 1344 1348 1352 1356 1360 1364 1368 1372 1376 1380 1384 1388 1392 1396 1400 1404 1408 1412 1416 1420 1424 1428 1432 1436 1440 1444 1448 1452 1456 1460 1464 1468 1472 1476 1480 1484 1488 1492 1496 1500 1504 1508 1512 1516 1520 1524 1528 1532 1536 1540 1544 1548 1552 1556 1560 1564 1568 1572 1576 1580 1584 1588 1592 1596 1600 1604 1608 1612 1616 1620 1624 1628 1632 1636 1640 1644 1648 1652 1656 1660 1664 1668 1672 1676 1680 1684 1688 1692 1696 1700 1704 1708 1712 1716 1720 1724 1728 1732 1736 1740 1744 1748 1752 1756 1760 1764 1768 1772 1776 1780 1784 1788 1792 1796 1800 1804 1808 1812 1816 1820 1824 1828 1832 1836 1840 1844 1848 1852 1856 1860 1864 1868 1872 1876 1880 1884 1888 1892 1896 1900 1904 1908 1912 1916 1920 1924 1928 1932 1936 1940 1944 1948 1952 1956 1960 1964 1968 1972 1976 1980 1984 1988 1992 1996 2000 2004 2008 2012 2016 2020 2024 2028 2032 2036 2040 2044 2048 2052 2056 2060 2064 2068 2072 2076 2080 2084 2088 2092 2096 2100 2104 2108 2112 2116 2120 2124 2128 2132 2136 2140 2144 2148 2152 2156 2160 2164 2168 2172 2176 2180 2184 2188 2192 2196 2200 2204 2208 2212 2216 2220 2224 2228 2232 2236 2240 2244 2248 2252 2256 2260 2264 2268 2272 2276 2280 2284 2288 2292 2296 2300 2304 2308 2312 2316 2320 2324 2328 2332 2336 2340 2344 2348 2352 2356 2360 2364 2368 2372 2376 2380 2384 2388 2392 2396 2400 2404 2408 2412 2416 2420 2424 2428 2432 2436 2440 2444 2448 2452 2456 2460 2464 2468 2472 2476 2480 2484 2488 2492 2496 2500 2504 2508 2512 2516 2520 2524 2528 2532 2536 2540 2544 2548 2552 2556 2560 2564 2568 2572 2576 2580 2584 2588 2592 2596 2600 2604 2608 2612 2616 2620 2624 2628 2632 2636 2640 2644 2648 2652 2656 2660 2664 2668 2672 2676 2680 2684 2688 2692 2696 2700 2704 2708 2712 2716 2720 2724 2728 2732 2736 2740 2744 2748 2752 2756 2760 2764 2768 2772 2776 2780 2784 2788 2792 2796 2800 2804 2808 2812 2816 2820 2824 2828 2832 2836 2840 2844 2848 2852 2856 2860 2864 2868 2872 2876 2880 2884 2888 2892 2896 2900 2904 2908 2912 2916 2920 2924 2928 2932 2936 2940 2944 2948 2952 2956 2960 2964 2968 2972 2976 2980 2984 2988 2992 2996 3000 3004 3008 3012 3016 3020 3024 3028 3032 3036 3040 3044 3048 3052 3056 3060 3064 3068 3072 3076 3080 3084 3088 3092 3096 3100 3104 3108 3112 3116 3120 3124 3128 3132 3136 3140 3144 3148 3152 3156 3160 3164 3168 3172 3176 3180 3184 3188 3192 3196 3200 3204 3208 3212 3216 3220 3224 3228 3232 3236 3240 3244 3248 3252 3256 3260 3264 3268 3272 3276 3280 3284 3288 3292 3296 3300 3304 3308 3312 3316 3320 3324 3328 3332 3336 3340 3344 3348 3352 3356 3360 3364 3368 3372 3376 3380 3384 3388 3392 3396 3400 3404 3408 3412 3416 3420 3424 3428 3432 3436 3440 3444 3448 3452 3456 3460 3464 3468 3472 3476 3480 3484 3488 3492 3496 3500 3504 3508 3512 3516 3520 3524 3528 3532 3536 3540 3544 3548 3552 3556 3560 3564 3568 3572 3576 3580 3584 3588 3592 3596 3600 3604 3608 3612 3616 3620 3624 3628 3632 3636 3640 3644 3648 3652 3656 3660 3664 3668 3672 3676 3680 3684 3688 3692 3696 3700 3704 3708 3712 3716 3720 3724 3728 3732 3736 3740 3744 3748 3752 3756 3760 3764 3768 3772 3776 3780 3784 3788 3792 3796 3800 3804 3808 3812 3816 3820 3824 3828 3832 3836 3840 3844 3848 3852 3856 3860 3864 3868 3872 3876 3880 3884 3888 3892 3896 3900 3904 3908 3912 3916 3920 3924 3928 3932 3936 3940 3944 3948 3952 3956 3960 3964 3968 3972 3976 3980 3984 3988 3992 3996 4000 4004 4008 4012 4016 4020 4024 4028 4032 4036 4040 4044 4048 4052 4056 4060 4064 4068 4072 4076 4080 4084 4088 4092 4096 4100 4104 4108 4112 4116 4120 4124 4128 4132 4136 4140 4144 4148 4152 4156 4160 4164 4168 4172 4176 4180 4184 4188 4192 4196 4200 4204 4208 4212 4216 4220 4224 4228 4232 4236 4240 4244 4248 4252 4256 4260 4264 4268 4272 4276 4280 4284 4288 4292 4296 4300 4304 4308 4312 4316 4320 4324 4328 4332 4336 4340 4344 4348 4352 4356 4360 4364 4368 4372 4376 4380 4384 4388 4392 4396 4400 4404 4408 4412 4416 4420 4424 4428 4432 4436 4440 4444 4448 4452 4456 4460 4464 4468 4472 4476 4480 4484 4488 4492 4496 4500 4504 4508 4512 4516 4520 4524 4528 4532 4536 4540 4544 4548 4552 4556 4560 4564 4568 4572 4576 4580 4584 4588 4592 4596 4600 4604 4608 4612 4616 4620 4624 4628 4632 4636 4640 4644 4648 4652 4656 4660 4664 4668 4672 4676 4680 4684 4688 4692 4696 4700 4704 4708 4712 4716 4720 4724 4728 4732 4736 4740 4744 4748 4752 4756 4760 4764 4768 4772 4776 4780 4784 4788 4792 4796 4800 4804 4808 4812 4816 4820 4824 4828 4832 4836 4840 4844 4848 4852 4856 4860 4864 4868 4872 4876 4880 4884 4888 4892 4896 4900 4904 4908 4912 4916 4920 4924 4928 4932 4936 4940 4944 4948 4952 4956 4960 4964 4968 4972 4976 4980 4984 4988 4992 4996 5000 5004 5008 5012 5016 5020 5024 5028 5032 5036 5040 5044 5048 5052 5056 5060 5064 5068 5072 5076 5080 5084 5088 5092 5096 5100 5104 5108 5112 5116 5120 5124 5128 5132 5136 5140 5144 5148 5152 5156 5160 5164 5168 5172 5176 5180 5184 5188 5192 5196 5200 5204 5208 5212 5216 5220 5224 5228 5232 5236 5240 5244 5248 5252 5256 5260 5264 5268 5272 5276 5280 5284 5288 5292 5296 5300 5304 5308 5312 5316 5320 5324 5328 5332 5336 5340 5344 5348 5352 5356 5360 5364 5368 5372 5376 5380 5384 5388 5392 5396 5400 5404 5408 5412 5416 5420 5424 5428 5432 5436 5440 5444 5448 5452 5456 5460 5464 5468 5472 5476 5480 5484 5488 5492 5496 5500 5504 5508 5512 5516 5520 5524 5528 5532 5536 5540 5544 5548 5552 5556 5560 5564 5568 5572 5576 5580 5584 5588 5592 5596 5600 5604 5608 5612 5616 5620 5624 5628 5632 5636 5640 5644 5648 5652 5656 5660 5664 5668 5672 5676 5680 5684 5688 5692 5696 5700 5704 5708 5712 5716 5720 5724 5728 5732 5736 5740 5744 5748 5752 5756 5760 5764 5768 5772 5776 5780 5784 5788 5792 5796 5800 5804 5808 5812 5816 5820 5824 5828 5832 5836 5840 5844 5848 5852 5856 5860 5864 5868 5872 5876 5880 5884 5888 5892 5896 5900 5904 5908 5912 5916 5920 5924 5928 5932 5936 5940 5944 5948 5952 5956 5960 5964 5968 5972 5976 5980 5984 5988 5992 5996 6000 6004 6008 6012 6016 6020 6024 6028 6032 6036 6040 6044 6048 6052 6056 6060 6064 6068 6072 6076 6080 6084 6088 6092 6096 6100 6104 6108 6112 6116 6120 6124 6128 6132 6136 6140 6144 6148 6152 6156 6160 6164 6168 6172 6176 6180 6184 6188 6192 6196 6200 6204 6208 6212 6216 6220 6224 6228 6232 6236 6240 6244 6248 6252 6256 6260 6264 6268 6272 6276 6280 6284 6288 6292 6296 6300 6304 6308 6312 6316 6320 6324 6328 6332 6336 6340 6344 6348 6352 6356 6360 6364 6368 6372 6376 6380 6384 6388 6392 6396 6400 6404 6408 6412 6416 6420 6424 6428 6432 6436 6440 6444 6448 6452 6456 6460 6464 6468 6472 6476 6480 6484 6488 6492 6496 6500 6504 6508 6512 6516 6520 6524 6528 6532 6536 6540 6544 6548 6552 6556 6560 6564 6568 6572 6576 6580 6584 6588 6592 6596 6600 6604 6608 6612 6616 6620 6624 6628 6632 6636 6640 6644 6648 6652 6656 6660 6664 6668 6672 6676 6680 6684 6688 6692 6696 6700 6704 6708 6712 6716 6720 6724 6728 6732 6736 6740 6744 6748 6752 6756 6760 6764 6768 6772 6776 6780 6784 6788 6792 6796 6800 6804 6808 6812 6816 6820 6824 6828 6832 6836 6840 6844 6848 6852 6856 6860 6864 6868 6872 6876 6880 6884 6888 6892 6896 6900 6904 6908 6912 6916 6920 6924 6928 6932 6936 6940 6944 6948 6952 6956 6960 6964 6968 6972 6976 6980 6984 6988 6992 6996 7000 7004 7008 7012 7016 7020 7024 7028 7032 7036 7040 7044 7048 7052 7056 7060 7064 7068 7072 7076 7080 7084 7088 7092 7096 7100 7104 7108 7112 7116 7120 7124 7128 7132 7136 7140 7144 7148 7152 7156 7160 7164 7168 7172 7176 7180 7184 7188 7192 7196 7200 7204 7208 7212 7216 7220 7224 7228 7232 7236 7240 7244 7248 7252 7256 7260 7264 7268 7272 7276 7280 7284 7288 7292 7296 7300 7304 7308 7312 7316 7320 7324 7328 7332 7336 7340 7344 7348 7352 7356 7360 7364 7368 7372 7376 7380 7384 7388 7392 7396 7400 7404 7408 7412 7416 7420 7424 7428 7432 7436 7440 7444 7448 7452 7456 7460 7464 7468 7472 7476 7480 7484 7488 7492 7496 7500 7504 7508 7512 7516 7520 7524 7528 7532 7536 7540 7544 7548 7552 7556 7560 7564 7568 7572 7576 7580 7584 7588 7592 7596 7600 7604 7608 7612 7616 7620 7624 7628 7632 7636 7640 7644 7648 7652 7656 7660 7664 7668 7672 7676 7680 7684 7688 7692 7696 7700 7704 7708 7712 7716 7720 7724 7728 7732 7736 7740 7744 7748 7752 7756 7760 7764 7768 7772 7776 7780 7784 7788 7792 7796 7800 7804 7808 7812 7816 7820 7824 7828 7832 7836 7840 7844 7848 7852 7856 7860 7864 7868 7872 7876 7880 7884 7888 7892 7896 7900 7904 7908 7912 7916 7920 7924 7928 7932 7936 7940 7944 7948 7952 7956 7960 7964 7968 7972 7976 7980 7984 7988 7992 7996 8000 8004 8008 8012 8016 8020 8024 8028 8032 8036 8040 8044 8048 8052 8056 8060 8064 8068 8072 8076 8080 8084 8088 8092 8096 8100 8104 8108 8112 8116 8120 8124 8128 8132 8136 8140 8144 8148 8152 8156 8160 8164 8168 8172 8176 8180 8184 8188 8192 8196 8200 8204 8208 8212 8216 8220 8224 8228 8232 8236 8240 8244 8248 8252 8256 8260 8264 8268 8272 8276 8280 8284 8288 8292 8296 8300 8304 8308 8312 8316 8320 
</DataArray>
<DataArray type="UInt8" Name="types" format="ascii">
7 7 7 7 7 7 7 7 7 7 7 7 7 7 7 7 7 7 7 7 7 7 7 7 7 7 7 7 7 7 7 7 7 7 7 7 7 7 7 7 7 7 7 7 7 7 7 7 7 7 7 7 7 7 7 7 7 7 7 7 7 7 7 7 7 7 7 7 7 7 7 7 7 7 7 7 7 7 7 7 7 7 7 7 7 7 7 7 7 7 7 7 7 7 7 7 7 7 7 7 7 7 7 7 7 7 7 7 7 7 7 7 7 7 7 7 7 7 7 7 7 7 7 7 7 7 7 7 7 7 7 7 7 7 7 7 7 7 7 7 7 7 7 7 7 7 7 7 7 7 7 7 7 7 7 7 7 7 7 7 7 7 7 7 7 7 7 7 7 7 7 7 7 7 7 7 7 7 7 7 7 7 7 7 7 7 7 7 7 7 7 7 7 7 7 7 7 7 7 7 7 7 7 7 7 7 7 7 7 7 7 7 7 7 7 7 7 7 7 7 7 7 7 7 7 7 7 7 7 7 7 7 7 7 7 7 7 7 7 7 7 7 7 7 7 7 7 7 7 7 7 7 7 7 7 7 7 7 7 7 7 7 7 7 7 7 7 7 7 7 7 7 7 7 7 7 7 7 7 7 7 7 7 7 7 7 7 7 7 7 7 7 7 7 7 7 7 7 7 7 7 7 7 7 7 7 7 7 7 7 7 7 7 7 7 7 7 7 7 7 7 7 7 7 7 7 7 7 7 7 7 7 7 7 7 7 7 7 7 7 7 7 7 7 7 7 7 7 7 7 7 7 7 7 7 7 7 7 7 7 7 7 7 7 7 7 7 7 7 7 7 7 7 7 7 7 7 7 7 7 7 7 7 7 7 7 7 7 7 7 7 7 7 7 7 7 7 7 7 7 7 7 7 7 7 7 7 7 7 7 7 7 7 7 7 7 7 7 7 7 7 7 7 7 7 7 7 7 7 7 7 7 7 7 7 7 7 7 7 7 7 7 7 7 7 7 7 7 7 7 7 7 7 7 7 7 7 7 7 7 7 7 7 7 7 7 7 7 7 7 7 7 7 7 7 7 7 7 7 7 7 7 7 7 7 7 7 7 7 7 7 7 7 7 7 7 7 7 7 7 7 7 7 7 7 7 7 7 7 7 7 7 7 7 7 7 7 7 7 7 7 7 7 7 7 7 7 7 7 7 7 7 7 7 7 7 7 7 7 7 7 7 7 7 7 7 7 7 7 7 7 7 7 7 7 7 7 7 7 7 7 7 7 7 7 7 7 7 7 7 7 7 7 7 7 7 7 7 7 7 7 7 7 7 7 7 7 7 7 7 7 7 7 7 7 7 7 7 7 7 7 7 7 7 7 7 7 7 7 7 7 7 7 7 7 7 7 7 7 7 7 7 7 7 7 7 7 7 7 7 7 7 7 7 7 7 7 7 7 7 7 7 7 7 7 7 7 7 7 7 7 7 7 7 7 7 7 7 7 7 7 7 7 7 7 7 7 7 7 7 7 7 7 7 7 7 7 7 7 7 7 7 7 7 7 7 7 7 7 7 7 7 7 7 7 7 7 7 7 7 7 7 7 7 7 7 7 7 7 7 7 7 7 7 7 7 7 7 7 7 7 7 7 7 7 7 7 7 7 7 7 7 7 7 7 7 7 7 7 7 7 7 7 7 7 7 7 7 7 7 7 7 7 7 7 7 7 7 7 7 7 7 7 7 7 7 7 7 7 7 7 7 7 7 7 7 7 7 7 7 7 7 7 7 7 7 7 7 7 7 7 7 7 7 7 7 7 7 7 7 7 7 7 7 7 7 7 7 7 7 7 7 7 7 7 7 7 7 7 7 7 7 7 7 7 7 7 7 7 7 7 7 7 7 7 7 7 7 7 7 7 7 7 7 7 7 7 7 7 7 7 7 7 7 7 7 7 7 7 7 7 7 7 7 7 7 7 7 7 7 7 7 7 7 7 7 7 7 7 7 7 7 7 7 7 7 7 7 7 7 7 7 7 7 7 7 7 7 7 7 7 7 7 7 7 7 7 7 7 7 7 7 7 7 7 7 7 7 7 7 7 7 7 7 7 7 7 7 7 7 7 7 7 7 7 7 7 7 7 7 7 7 7 7 7 7 7 7 7 7 7 7 7 7 7 7 7 7 7 7 7 7 7 7 7 7 7 7 7 7 7 7 7 7 7 7 7 7 7 7 7 7 7 7 7 7 7 7 7 7 7 7 7 7 7 7 7 7 7 7 7 7 7 7 7 7 7 7 7 7 7 7 7 7 7 7 7 7 7 7 7 7 7 7 7 7 7 7 7 7 7 7 7 7 7 7 7 7 7 7 7 7 7 7 7 7 7 7 7 7 7 7 7 7 7 7 7 7 7 7 7 7 7 7 7 7 7 7 7 7 7 7 7 7 7 7 7 7 7 7 7 7 7 7 7 7 7 7 7 7 7 7 7 7 7 7 7 7 7 7 7 7 7 7 7 7 7 7 7 7 7 7 7 7 7 7 7 7 7 7 7 7 7 7 7 7 7 7 7 7 7 7 7 7 7 7 7 7 7 7 7 7 7 7 7 7 7 7 7 7 7 7 7 7 7 7 7 7 7 7 7 7 7 7 7 7 7 7 7 7 7 7 7 7 7 7 7 7 7 7 7 7 7 7 7 7 7 7 7 7 7 7 7 7 7 7 7 7 7 7 7 7 7 7 7 7 7 7 7 7 7 7 7 7 7 7 7 7 7 7 7 7 7 7 7 7 7 7 7 7 7 7 7 7 7 7 7 7 7 7 7 7 7 7 7 7 7 7 7 7 7 7 7 7 7 7 7 7 7 7 7 7 7 7 7 7 7 7 7 7 7 7 7 7 7 7 7 7 7 7 7 7 7 7 7 7 7 7 7 7 7 7 7 7 7 7 7 7 7 7 7 7 7 7 7 7 7 7 7 7 7 7 7 7 7 7 7 7 7 7 7 7 7 7 7 7 7 7 7 7 7 7 7 7 7 7 7 7 7 7 7 7 7 7 7 7 7 7 7 7 7 7 7 7 7 7 7 7 7 7 7 7 7 7 7 7 7 7 7 7 7 7 7 7 7 7 7 7 7 7 7 7 7 7 7 7 7 7 7 7 7 7 7 7 7 7 7 7 7 7 7 7 7 7 7 7 7 7 7 7 7 7 7 7 7 7 7 7 7 7 7 7 7 7 7 7 7 7 7 7 7 7 7 7 7 7 7 7 7 7 7 7 7 7 7 7 7 7 7 7 7 7 7 7 7 7 7 7 7 7 7 7 7 7 7 7 7 7 7 7 7 7 7 7 7 7 7 7 7 7 7 7 7 7 7 7 7 7 7 7 7 7 7 7 7 7 7 7 7 7 7 7 7 7 7 7 7 7 7 7 7 7 7 7 7 7 7 7 7 7 7 7 7 7 7 7 7 7 7 7 7 7 7 7 7 7 7 7 7 7 7 7 7 7 7 7 7 7 7 7 7 7 7 7 7 7 7 7 7 7 7 7 7 7 7 7 7 7 7 7 7 7 7 7 7 7 7 7 7 7 7 7 7 7 7 7 7 7 7 7 7 7 7 7 7 7 7 7 7 7 7 7 7 7 7 7 7 7 7 7 7 7 7 7 7 7 7 7 7 7 7 7 7 7 7 7 7 7 7 7 7 7 7 7 7 7 7 7 7 7 7 7 7 7 7 7 7 7 7 7 7 7 7 7 7 7 7 7 7 7 7 7 7 7 7 7 7 7 7 7 7 7 7 7 7 7 7 7 7 7 7 7 7 7 7 7 7 7 7 7 7 7 7 7 7 7 7 7 7 7 7 7 7 7 7 7 7 7 7 7 7 7 7 7 7 7 7 7 7 7 7 7 7 7 7 7 7 7 7 7 7 7 7 7 7 7 7 7 7 7 7 7 7 7 7 7 7 7 7 7 7 7 7 7 7 7 7 7 7 7 7 7 7 7 7 7 7 7 7 7 7 7 7 7 7 7 7 7 7 7 7 7 7 7 7 7 7 7 7 7 7 7 7 7 7 7 7 7 7 7 7 7 7 7 7 7 7 7 7 7 7 7 7 7 7 7 7 7 7 7 7 7 7 7 7 7 7 7 7 7 7 7 7 7 7 7 7 7 7 7 7 7 7 7 7 7 7 7 7 7 7 7 7 7 7 7 7 7 7 7 7 7 7 7 7 7 7 7 7 7 7 7 7 7 7 7 7 7 7 7 7 7 7 7 7 7 7 7 7 7 7 7 7 7 7 7 7 7 7 7 7 7 7 7 7 7 7 7 7 7 7 7 7 7 7 7 7 7 7 7 7 7 7 7 7 7 7 7 7 7 7 7 7 7 7 7 7 7 7 7 7 7 7 7 7 7 7 7 7 7 7 7 7 7 7 7 7 7 7 7 7 7 7 7 7 7 7 7 7 7 7 7 7 7 7 7 7 7 7 7 7 7 7 7 7 7 7 7 7 7 7 7 7 7 7 7 7 7 7 7 7 7 7 7 7 7 7 7 7 7 7 7 7 7 7 7 7 7 7 7 7 7 7 7 7 7 7 7 7 7 7 7 7 7 7 7 7 7 7 7 7 7 7 7 7 7 7 7 7 7 7 7 7 7 7 7 7 7 7 7 7 7 7 7 7 7 7 7 7 7 7 7 7 7 7 7 7 7 7 7 
</DataArray>
</Cells>
<CellData Scalars="wall variable 0">
<DataArray type="Float64" Name="wall length" format="ascii">
29.5757 29.6509 29.5757 29.6383 29.5757 29.6295 29.5757 29.6509 29.5757 29.6006 29.5757 29.6295 29.5757 29.6173 29.5757 29.6006 29.5757 29.6313 29.5757 29.6173 29.5757 29.6368 29.5757 29.6313 29.5757 29.6077 29.5757 29.6368 29.5757 29.5883 29.5757 29.6077 29.5757 29.6151 29.5757 29.5883 29.5757 29.6456 29.5757 29.6151 29.5757 29.6303 29.5757 29.6456 29.5757 29.6171 29.5757 29.6303 29.5757 29.6051 29.5757 29.6171 29.5757 29.6012 29.5757 29.6051 29.5757 29.6112 29.5757 29.6012 29.5757 29.6383 29.5757 29.6112 29.5757 33.1612 29.5757 33.1729 33.1477 29.5757 33.1612 29.5757 33.1538 29.5757 33.1477 29.5757 33.1808 29.5757 33.1538 29.5757 33.2238 29.5757 33.1808 29.5757 33.2265 29.5757 33.2238 29.5757 33.1096 29.5757 33.2265 29.5757 33.046 29.5757 33.1096 29.5757 33.1072 29.5757 33.046 29.5757 33.2248 29.5757 33.1072 29.5757 33.2249 29.5757 33.2248 29.5757 33.1807 29.5757 33.2249 29.5757 33.1507 29.5757 33.1807 29.5757 33.1472 29.5757 33.1507 29.5757 33.1627 29.5757 33.1472 29.5757 29.5757 33.1729 29.5757 33.1627 29.5757 33.4215 29.5757 33.4532 29.5757 33.3653 29.5757 33.4215 29.5757 33.345 29.5757 33.3653 29.5757 33.3889 29.5757 33.345 29.5757 33.4787 29.5757 33.3889 29.5757 33.5345 29.5757 33.4787 29.5757 33.3143 29.5757 33.5345 29.5757 33.2018 29.5757 33.3143 29.5757 33.3072 29.5757 33.2018 29.5757 33.5301 29.5757 33.3072 29.5757 33.4784 29.5757 33.5301 29.5757 33.3892 29.5757 33.4784 29.5757 33.3453 29.5757 33.3892 29.5757 33.3697 29.5757 33.3453 29.5757 33.4259 29.5757 33.3697 29.5757 33.4532 29.5757 33.4259 29.5757 33.0355 29.5757 32.8979 29.5757 33.4088 29.5757 33.0355 29.5757 33.9058 29.5757 33.4088 29.5757 34.4253 29.5757 33.9058 29.5757 34.8914 29.5757 34.4253 29.5757 35.2532 29.5757 34.8914 29.5757 35.4875 29.5757 35.2532 29.5757 35.5475 29.5757 35.4875 29.5757 35.4869 29.5757 35.5475 29.5757 35.252 29.5757 35.4869 29.5757 34.8912 29.5757 35.252 29.5757 34.4256 29.5757 34.8912 29.5757 33.9066 29.5757 34.4256 29.5757 33.4122 29.5757 33.9066 29.5757 33.0411 29.5757 33.4122 29.5757 32.8979 29.5757 33.0411 29.5757 32.9492 29.5757 32.807 29.5757 33.335 29.5757 32.9492 29.5757 33.8568 29.5757 33.335 29.5757 34.4062 29.5757 33.8568 29.5757 34.9002 29.5757 34.4062 29.5757 35.2733 29.5757 34.9002 29.5757 35.4883 29.5757 35.2733 29.5757 35.546 29.5757 35.4883 29.5757 35.488 29.5757 35.546 29.5757 35.2728 29.5757 35.488 29.5757 34.9003 29.5757 35.2728 29.5757 34.407 29.5757 34.9003 29.5757 33.8582 29.5757 34.407 29.5757 33.3379 29.5757 33.8582 29.5757 32.9522 29.5757 33.3379 29.5757 32.807 29.5757 32.9522 29.5757 32.8875 29.5757 32.7468 29.5757 33.2745 29.5757 32.8875 29.5757 33.8117 29.5757 33.2745 29.5757 34.3864 29.5757 33.8117 29.5757 34.9019 29.5757 34.3864 29.5757 35.2823 29.5757 34.9019 29.5757 35.4889 29.5757 35.2823 29.5757 35.5451 29.5757 35.4889 29.5757 35.4888 29.5757 35.5451 29.5757 35.2822 29.5757 35.4888 29.5757 34.9023 29.5757 35.2822 29.5757 34.3873 29.5757 34.9023 29.5757 33.8134 29.5757 34.3873 29.5757 33.277 29.5757 33.8134 29.5757 32.8893 29.5757 33.277 29.5757 32.7468 29.5757 32.8893 29.5757 32.8384 29.5757 32.698 29.5757 33.2274 29.5757 32.8384 29.5757 33.7755 29.5757 33.2274 29.5757 34.3687 29.5757 33.7755 29.5757 34.9001 29.5757 34.3687 29.5757 35.2862 29.5757 34.9001 29.5757 35.4898 29.5757 35.2862 29.5757 35.5449 29.5757 35.4898 29.5757 35.4897 29.5757 35.5449 29.5757 35.2864 29.5757 35.4897 29.5757 34.9007 29.5757 35.2864 29.5757 34.37 29.5757 34.9007 29.5757 33.7776 29.5757 34.37 29.5757 33.2296 29.5757 33.7776 29.5757 32.8396 29.5757 33.2296 29.5757 32.698 29.5757 32.8396 29.5757 32.7987 29.5757 32.6581 29.5757 33.19 29.5757 32.7987 29.5757 33.7468 29.5757 33.19 29.5757 34.3534 29.5757 33.7468 29.5757 34.8965 29.5757 34.3534 29.5757 35.2876 29.5757 34.8965 29.5757 35.4906 29.5757 35.2876 29.5757 35.5453 29.5757 35.4906 29.5757 35.4906 29.5757 35.5453 29.5757 35.2879 29.5757 35.4906 29.5757 34.8972 29.5757 35.2879 29.5757 34.3547 29.5757 34.8972 29.5757 33.7485 29.5757 34.3547 29.5757 33.1919 29.5757 33.7485 29.5757 32.7995 29.5757 33.1919 29.5757 32.6581 29.5757 32.7995 29.5757 32.7667 29.5757 32.6257 29.5757 33.1599 29.5757 32.7667 29.5757 33.723 29.5757 33.1599 29.5757 34.3394 29.5757 33.723 29.5757 34.8915 29.5757 34.3394 29.5757 35.2876 29.5757 34.8915 29.5757 35.4915 29.5757 35.2876 29.5757 35.5459 29.5757 35.4915 29.5757 35.4915 29.5757 35.5459 29.5757 35.2879 29.5757 35.4915 29.5757 34.8924 29.5757 35.2879 29.5757 34.3409 29.5757 34.8924 29.5757 33.7248 29.5757 34.3409 29.5757 33.1616 29.5757 33.7248 29.5757 32.7673 29.5757 33.1616 29.5757 32.6257 29.5757 32.7673 29.5757 32.7416 29.5757 32.5997 29.5757 33.1358 29.5757 32.7416 29.5757 33.7026 29.5757 33.1358 29.5757 34.3271 29.5757 33.7026 29.5757 34.8863 29.5757 34.3271 29.5757 35.2869 29.5757 34.8863 29.5757 35.4923 29.5757 35.2869 29.5757 35.5467 29.5757 35.4923 29.5757 35.4923 29.5757 35.5467 29.5757 35.2873 29.5757 35.4923 29.5757 34.8872 29.5757 35.2873 29.5757 34.3285 29.5757 34.8872 29.5757 33.7044 29.5757 34.3285 29.5757 33.1374 29.5757 33.7044 29.5757 32.742 29.5757 33.1374 29.5757 32.5997 29.5757 32.742 29.5757 32.7229 29.5757 32.5802 29.5757 33.1207 29.5757 32.7229 29.5757 33.6922 29.5757 33.1207 29.5757 34.3207 29.5757 33.6922 29.5757 34.8838 29.5757 34.3207 29.5757 35.2869 29.5757 34.8838 29.5757 35.493 29.5757 35.2869 29.5757 35.5474 29.5757 35.493 29.5757 35.493 29.5757 35.5474 29.5757 35.2872 29.5757 35.493 29.5757 34.8847 29.5757 35.2872 29.5757 34.3222 29.5757 34.8847 29.5757 33.6939 29.5757 34.3222 29.5757 33.1222 29.5757 33.6939 29.5757 32.7232 29.5757 33.1222 29.5757 32.5802 29.5757 32.7232 29.5757 32.7094 29.5757 32.566 29.5757 33.1093 29.5757 32.7094 29.5757 33.6836 29.5757 33.1093 29.5757 34.3153 29.5757 33.6836 29.5757 34.8815 29.5757 34.3153 29.5757 35.2867 29.5757 34.8815 29.5757 35.4937 29.5757 35.2867 29.5757 35.548 29.5757 35.4937 29.5757 35.4937 29.5757 35.548 29.5757 35.2871 29.5757 35.4937 29.5757 34.8824 29.5757 35.2871 29.5757 34.3167 29.5757 34.8824 29.5757 33.6852 29.5757 34.3167 29.5757 33.1106 29.5757 33.6852 29.5757 32.7095 29.5757 33.1106 29.5757 32.566 29.5757 32.7095 29.5757 32.7002 29.5757 32.5564 29.5757 33.1014 29.5757 32.7002 29.5757 33.6775 29.5757 33.1014 29.5757 34.3114 29.5757 33.6775 29.5757 34.8798 29.5757 34.3114 29.5757 35.2867 29.5757 34.8798 29.5757 35.4942 29.5757 35.2867 29.5757 35.5486 29.5757 35.4942 29.5757 35.4943 29.5757 35.5486 29.5757 35.2871 29.5757 35.4943 29.5757 34.8807 29.5757 35.2871 29.5757 34.3128 29.5757 34.8807 29.5757 33.679 29.5757 34.3128 29.5757 33.1026 29.5757 33.679 29.5757 32.7002 29.5757 33.1026 29.5757 32.5564 29.5757 32.7002 29.5757 32.6948 29.5757 32.5507 29.5757 33.0966 29.5757 32.6948 29.5757 33.6739 29.5757 33.0966 29.5757 34.3092 29.5757 33.6739 29.5757 34.879 29.5757 34.3092 29.5757 35.2869 29.5757 34.879 29.5757 35.4947 29.5757 35.2869 29.5757 35.5491 29.5757 35.4947 29.5757 35.4948 29.5757 35.5491 29.5757 35.2873 29.5757 35.4948 29.5757 34.8799 29.5757 35.2873 29.5757 34.3105 29.5757 34.8799 29.5757 33.6754 29.5757 34.3105 29.5757 33.0977 29.5757 33.6754 29.5757 32.6946 29.5757 33.0977 29.5757 32.5507 29.5757 32.6946 29.5757 32.6928 29.5757 32.5485 29.5757 33.0951 29.5757 32.6928 29.5757 33.6728 29.5757 33.0951 29.5757 34.3086 29.5757 33.6728 29.5757 34.879 29.5757 34.3086 29.5757 35.2873 29.5757 34.879 29.5757 35.4952 29.5757 35.2873 29.5757 35.5495 29.5757 35.4952 29.5757 35.4952 29.5757 35.5495 29.5757 35.2877 29.5757 35.4952 29.5757 34.8798 29.5757 35.2877 29.5757 34.3099 29.5757 34.8798 29.5757 33.6742 29.5757 34.3099 29.5757 33.0961 29.5757 33.6742 29.5757 32.6926 29.5757 33.0961 29.5757 32.5485 29.5757 32.6926 29.5757 32.6945 29.5757 32.5503 29.5757 33.0966 29.5757 32.6945 29.5757 33.6742 29.5757 33.0966 29.5757 34.3098 29.5757 33.6742 29.5757 34.8799 29.5757 34.3098 29.5757 35.2879 29.5757 34.8799 29.5757 35.4956 29.5757 35.2879 29.5757 35.5498 29.5757 35.4956 29.5757 35.4957 29.5757 35.5498 29.5757 35.2883 29.5757 35.4957 29.5757 34.8807 29.5757 35.2883 29.5757 34.311 29.5757 34.8807 29.5757 33.6755 29.5757 34.311 29.5757 33.0976 29.5757 33.6755 29.5757 32.6943 29.5757 33.0976 29.5757 32.5503 29.5757 32.6943 29.5757 32.6996 29.5757 32.5552 29.5757 33.1017 29.5757 32.6996 29.5757 33.6786 29.5757 33.1017 29.5757 34.3131 29.5757 33.6786 29.5757 34.8819 29.5757 34.3131 29.5757 35.2889 29.5757 34.8819 29.5757 35.496 29.5757 35.2889 29.5757 35.55 29.5757 35.496 29.5757 35.496 29.5757 35.55 29.5757 35.2893 29.5757 35.496 29.5757 34.8827 29.5757 35.2893 29.5757 34.3142 29.5757 34.8827 29.5757 33.6798 29.5757 34.3142 29.5757 33.1025 29.5757 33.6798 29.5757 32.6993 29.5757 33.1025 29.5757 32.5552 29.5757 32.6993 29.5757 32.7076 29.5757 32.563 29.5757 33.1094 29.5757 32.7076 29.5757 33.6852 29.5757 33.1094 29.5757 34.3179 29.5757 33.6852 29.5757 34.8848 29.5757 34.3179 29.5757 35.2901 29.5757 34.8848 29.5757 35.4963 29.5757 35.2901 29.5757 35.5501 29.5757 35.4963 29.5757 35.4963 29.5757 35.5501 29.5757 35.2905 29.5757 35.4963 29.5757 34.8855 29.5757 35.2905 29.5757 34.319 29.5757 34.8855 29.5757 33.6862 29.5757 34.319 29.5757 33.11 29.5757 33.6862 29.5757 32.707 29.5757 33.11 29.5757 32.563 29.5757 32.707 29.5757 32.7182 29.5757 32.5737 29.5757 33.1193 29.5757 32.7182 29.5757 33.6936 29.5757 33.1193 29.5757 34.324 29.5757 33.6936 29.5757 34.8883 29.5757 34.324 29.5757 35.2914 29.5757 34.8883 29.5757 35.4965 29.5757 35.2914 29.5757 35.5501 29.5757 35.4965 29.5757 35.4966 29.5757 35.5501 29.5757 35.2918 29.5757 35.4966 29.5757 34.889 29.5757 35.2918 29.5757 34.3249 29.5757 34.889 29.5757 33.6944 29.5757 34.3249 29.5757 33.1196 29.5757 33.6944 29.5757 32.7174 29.5757 33.1196 29.5757 32.5737 29.5757 32.7174 29.5757 32.7313 29.5757 32.587 29.5757 33.1314 29.5757 32.7313 29.5757 33.7036 29.5757 33.1314 29.5757 34.3311 29.5757 33.7036 29.5757 34.8923 29.5757 34.3311 29.5757 35.2928 29.5757 34.8923 29.5757 35.4967 29.5757 35.2928 29.5757 35.5501 29.5757 35.4967 29.5757 35.4967 29.5757 35.5501 29.5757 35.2932 29.5757 35.4967 29.5757 34.893 29.5757 35.2932 29.5757 34.332 29.5757 34.893 29.5757 33.7043 29.5757 34.332 29.5757 33.1314 29.5757 33.7043 29.5757 32.7302 29.5757 33.1314 29.5757 32.587 29.5757 32.7302 29.5757 32.747 29.5757 32.6031 29.5757 33.1458 29.5757 32.747 29.5757 33.7155 29.5757 33.1458 29.5757 34.3395 29.5757 33.7155 29.5757 34.8968 29.5757 34.3395 29.5757 35.2942 29.5757 34.8968 29.5757 35.4966 29.5757 35.2942 29.5757 35.5498 29.5757 35.4966 29.5757 35.4967 29.5757 35.5498 29.5757 35.2947 29.5757 35.4967 29.5757 34.8975 29.5757 35.2947 29.5757 34.3403 29.5757 34.8975 29.5757 33.716 29.5757 34.3403 29.5757 33.1456 29.5757 33.716 29.5757 32.7457 29.5757 33.1456 29.5757 32.6031 29.5757 32.7457 29.5757 32.7659 29.5757 32.6223 29.5757 33.1631 29.5757 32.7659 29.5757 33.7296 29.5757 33.1631 29.5757 34.3491 29.5757 33.7296 29.5757 34.9018 29.5757 34.3491 29.5757 35.2956 29.5757 34.9018 29.5757 35.4965 29.5757 35.2956 29.5757 35.5495 29.5757 35.4965 29.5757 35.4966 29.5757 35.5495 29.5757 35.2961 29.5757 35.4966 29.5757 34.9025 29.5757 35.2961 29.5757 34.3498 29.5757 34.9025 29.5757 33.7299 29.5757 34.3498 29.5757 33.1626 29.5757 33.7299 29.5757 32.7644 29.5757 33.1626 29.5757 32.6223 29.5757 32.7644 29.5757 32.7883 29.5757 32.6449 29.5757 33.1836 29.5757 32.7883 29.5757 33.7463 29.5757 33.1836 29.5757 34.3601 29.5757 33.7463 29.5757 34.9071 29.5757 34.3601 29.5757 35.2968 29.5757 34.9071 29.5757 35.4962 29.5757 35.2968 29.5757 35.5491 29.5757 35.4962 29.5757 35.4964 29.5757 35.5491 29.5757 35.2975 29.5757 35.4964 29.5757 34.9078 29.5757 35.2975 29.5757 34.3606 29.5757 34.9078 29.5757 33.7462 29.5757 34.3606 29.5757 33.1827 29.5757 33.7462 29.5757 32.7864 29.5757 33.1827 29.5757 32.6449 29.5757 32.7864 29.5757 32.8149 29.5757 32.6719 29.5757 33.2083 29.5757 32.8149 29.5757 33.766 29.5757 33.2083 29.5757 34.3724 29.5757 33.766 29.5757 34.9124 29.5757 34.3724 29.5757 35.2978 29.5757 34.9124 29.5757 35.4958 29.5757 35.2978 29.5757 35.5487 29.5757 35.4958 29.5757 35.496 29.5757 35.5487 29.5757 35.2985 29.5757 35.496 29.5757 34.9131 29.5757 35.2985 29.5757 34.3728 29.5757 34.9131 29.5757 33.7657 29.5757 34.3728 29.5757 33.2069 29.5757 33.7657 29.5757 32.8126 29.5757 33.2069 29.5757 32.6719 29.5757 32.8126 29.5757 32.8465 29.5757 32.7032 29.5757 33.2382 29.5757 32.8465 29.5757 33.7899 29.5757 33.2382 29.5757 34.3863 29.5757 33.7899 29.5757 34.9173 29.5757 34.3863 29.5757 35.298 29.5757 34.9173 29.5757 35.4953 29.5757 35.298 29.5757 35.5484 29.5757 35.4953 29.5757 35.4956 29.5757 35.5484 29.5757 35.2989 29.5757 35.4956 29.5757 34.9181 29.5757 35.2989 29.5757 34.3866 29.5757 34.9181 29.5757 33.789 29.5757 34.3866 29.5757 33.2361 29.5757 33.789 29.5757 32.8435 29.5757 33.2361 29.5757 32.7032 29.5757 32.8435 29.5757 32.884 29.5757 32.7393 29.5757 33.275 29.5757 32.884 29.5757 33.8189 29.5757 33.275 29.5757 34.4018 29.5757 33.8189 29.5757 34.921 29.5757 34.4018 29.5757 35.2967 29.5757 34.921 29.5757 35.4946 29.5757 35.2967 29.5757 35.5483 29.5757 35.4946 29.5757 35.495 29.5757 35.5483 29.5757 35.2978 29.5757 35.495 29.5757 34.9218 29.5757 35.2978 29.5757 34.4019 29.5757 34.9218 29.5757 33.8174 29.5757 34.4019 29.5757 33.2717 29.5757 33.8174 29.5757 32.8798 29.5757 33.2717 29.5757 32.7393 29.5757 32.8798 29.5757 32.9269 29.5757 32.7788 29.5757 33.319 29.5757 32.9269 29.5757 33.8531 29.5757 33.319 29.5757 34.4179 29.5757 33.8531 29.5757 34.9217 29.5757 34.4179 29.5757 35.2922 29.5757 34.9217 29.5757 35.4939 29.5757 35.2922 29.5757 35.5488 29.5757 35.4939 29.5757 35.4945 29.5757 35.5488 29.5757 35.2936 29.5757 35.4945 29.5757 34.9226 29.5757 35.2936 29.5757 34.4178 29.5757 34.9226 29.5757 33.8511 29.5757 34.4178 29.5757 33.3141 29.5757 33.8511 29.5757 32.9205 29.5757 33.3141 29.5757 32.7788 29.5757 32.9205 29.5757 32.9668 29.5757 32.8128 29.5757 33.3614 29.5757 32.9668 29.5757 33.8838 29.5757 33.3614 29.5757 34.4277 29.5757 33.8838 29.5757 34.9141 29.5757 34.4277 29.5757 35.2805 29.5757 34.9141 29.5757 35.493 29.5757 35.2805 29.5757 35.5498 29.5757 35.493 29.5757 35.4937 29.5757 35.5498 29.5757 35.2822 29.5757 35.4937 29.5757 34.9151 29.5757 35.2822 29.5757 34.4274 29.5757 34.9151 29.5757 33.8812 29.5757 34.4274 29.5757 33.3544 29.5757 33.8812 29.5757 32.9571 29.5757 33.3544 29.5757 32.8128 29.5757 32.9571 29.5757 32.9496 29.5757 32.7981 29.5757 33.3338 29.5757 32.9496 29.5757 33.8467 29.5757 33.3338 29.5757 34.3861 29.5757 33.8467 29.5757 34.8702 29.5757 34.3861 29.5757 35.2479 29.5757 34.8702 29.5757 35.4918 29.5757 35.2479 29.5757 35.5519 29.5757 35.4918 29.5757 35.4927 29.5757 35.5519 29.5757 35.2496 29.5757 35.4927 29.5757 34.8713 29.5757 35.2496 29.5757 34.3858 29.5757 34.8713 29.5757 33.8439 29.5757 34.3858 29.5757 33.3268 29.5757 33.8439 29.5757 32.9377 29.5757 33.3268 29.5757 32.7981 29.5757 32.9377 29.5757 32.5551 28.1955 32.5932 29.5757 32.47 28.1955 32.5551 29.5757 32.4392 28.1955 32.47 29.5757 32.5152 28.1955 32.4392 29.5757 32.6552 28.1955 32.5152 29.5757 32.7244 28.1955 32.6552 29.5757 32.4573 28.1955 32.7244 29.5757 32.3462 28.1955 32.4573 29.5757 32.4796 28.1955 32.3462 29.5757 32.7449 28.1955 32.4796 29.5757 32.6575 28.1955 32.7449 29.5757 32.5139 28.1955 32.6575 29.5757 32.4343 28.1955 32.5139 29.5757 32.4486 28.1955 32.4343 29.5757 32.5357 28.1955 32.4486 29.5757 32.5932 28.1955 32.5357 28.1955 31.9912 26.8153 32.0152 28.1955 31.9338 26.8153 31.9912 28.1955 31.9251 26.8153 31.9338 28.1955 31.9907 26.8153 31.9251 28.1955 32.0926 26.8153 31.9907 28.1955 32.1081 26.8153 32.0926 28.1955 31.9623 26.8153 32.1081 28.1955 31.8988 26.8153 31.9623 28.1955 31.9869 26.8153 31.8988 28.1955 32.1251 26.8153 31.9869 28.1955 32.0885 26.8153 32.1251 28.1955 31.9899 26.8153 32.0885 28.1955 31.9265 26.8153 31.9899 28.1955 31.9179 26.8153 31.9265 28.1955 31.9706 26.8153 31.9179 28.1955 32.0152 26.8153 31.9706 26.8153 28.428 25.4351 28.5531 26.8153 28.2031 25.4351 28.428 26.8153 28.0411 25.4351 28.2031 26.8153 27.937 25.4351 28.0411 26.8153 27.8606 25.4351 27.937 26.8153 27.7855 25.4351 27.8606 26.8153 27.5985 25.4351 27.7855 26.8153 27.4509 25.4351 27.5985 26.8153 27.5203 25.4351 27.4509 26.8153 27.719 25.4351 27.5203 26.8153 27.8498 25.4351 27.719 26.8153 27.9353 25.4351 27.8498 26.8153 28.0514 25.4351 27.9353 26.8153 28.2652 25.4351 28.0514 26.8153 28.5034 25.4351 28.2652 26.8153 28.5531 25.4351 28.5034 29.5757 29.5757 29.5757 29.5757 29.5757 29.5757 29.5757 29.5757 29.5757 29.5757 29.5757 29.5757 29.5757 29.5757 29.5757 29.5757 25.4351 25.4351 25.4351 25.4351 25.4351 25.4351 25.4351 25.4351 25.4351 25.4351 25.4351 25.4351 25.4351 25.4351 25.4351 25.4351 
</DataArray>
<DataArray type="Float64" Name="wall variable 0" format="ascii">
0 1 0 1 0 1 0 1 0 1 0 1 0 1 0 1 0 1 0 1 0 1 0 1 0 1 0 1 0 1 0 1 0 1 0 1 0 1 0 1 0 1 0 1 0 1 0 1 0 1 0 1 0 1 0 1 0 1 0 1 0 1 0 1 0 1 0 1 1 0 1 0 1 0 1 0 1 0 1 0 1 0 1 0 1 0 1 0 1 0 1 0 1 0 1 0 1 0 1 0 1 0 1 0 1 0 1 0 1 0 1 0 1 0 1 0 1 0 1 0 1 0 1 0 0 1 0 1 0 1 0 1 0 1 0 1 0 1 0 1 0 1 0 1 0 1 0 1 0 1 0 1 0 1 0 1 0 1 0 1 0 1 0 1 0 1 0 1 0 1 0 1 0 1 0 1 0 1 0 1 0 1 0 1 0 1 0 1 0 1 0 1 0 1 0 1 0 1 0 1 0 1 0 1 0 1 0 1 0 1 0 1 0 1 0 1 0 1 0 1 0 1 0 1 0 1 0 1 0 1 0 1 0 1 0 1 0 1 0 1 0 1 0 1 0 1 0 1 0 1 0 1 0 1 0 1 0 1 0 1 0 1 0 1 0 1 0 1 0 1 0 1 0 1 0 1 0 1 0 1 0 1 0 1 0 1 0 1 0 1 0 1 0 1 0 1 0 1 0 1 0 1 0 1 0 1 0 1 0 1 0 1 0 1 0 1 0 1 0 1 0 1 0 1 0 1 0 1 0 1 0 1 0 1 0 1 0 1 0 1 0 1 0 1 0 1 0 1 0 1 0 1 0 1 0 1 0 1 0 1 0 1 0 1 0 1 0 1 0 1 0 1 0 1 0 1 0 1 0 1 0 1 0 1 0 1 0 1 0 1 0 1 0 1 0 1 0 1 0 1 0 1 0 1 0 1 0 1 0 1 0 1 0 1 0 1 0 1 0 1 0 1 0 1 0 1 0 1 0 1 0 1 0 1 0 1 0 1 0 1 0 1 0 1 0 1 0 1 0 1 0 1 0 1 0 1 0 1 0 1 0 1 0 1 0 1 0 1 0 1 0 1 0 1 0 1 0 1 0 1 0 1 0 1 0 1 0 1 0 1 0 1 0 1 0 1 0 1 0 1 0 1 0 1 0 1 0 1 0 1 0 1 0 1 0 1 0 1 0 1 0 1 0 1 0 1 0 1 0 1 0 1 0 1 0 1 0 1 0 1 0 1 0 1 0 1 0 1 0 1 0 1 0 1 0 1 0 1 0 1 0 1 0 1 0 1 0 1 0 1 0 1 0 1 0 1 0 1 0 1 0 1 0 1 0 1 0 1 0 1 0 1 0 1 0 1 0 1 0 1 0 1 0 1 0 1 0 1 0 1 0 1 0 1 0 1 0 1 0 1 0 1 0 1 0 1 0 1 0 1 0 1 0 1 0 1 0 1 0 1 0 1 0 1 0 1 0 1 0 1 0 1 0 1 0 1 0 1 0 1 0 1 0 1 0 1 0 1 0 1 0 1 0 1 0 1 0 1 0 1 0 1 0 1 0 1 0 1 0 1 0 1 0 1 0 1 0 1 0 1 0 1 0 1 0 1 0 1 0 1 0 1 0 1 0 1 0 1 0 1 0 1 0 1 0 1 0 1 0 1 0 1 0 1 0 1 0 1 0 1 0 1 0 1 0 1 0 1 0 1 0 1 0 1 0 1 0 1 0 1 0 1 0 1 0 1 0 1 0 1 0 1 0 1 0 1 0 1 0 1 0 1 0 1 0 1 0 1 0 1 0 1 0 1 0 1 0 1 0 1 0 1 0 1 0 1 0 1 0 1 0 1 0 1 0 1 0 1 0 1 0 1 0 1 0 1 0 1 0 1 0 1 0 1 0 1 0 1 0 1 0 1 0 1 0 1 0 1 0 1 0 1 0 1 0 1 0 1 0 1 0 1 0 1 0 1 0 1 0 1 0 1 0 1 0 1 0 1 0 1 0 1 0 1 0 1 0 1 0 1 0 1 0 1 0 1 0 1 0 1 0 1 0 1 0 1 0 1 0 1 0 1 0 1 0 1 0 1 0 1 0 1 0 1 0 1 0 1 0 1 0 1 0 1 0 1 0 1 0 1 0 1 0 1 0 1 0 1 0 1 0 1 0 1 0 1 0 1 0 1 0 1 0 1 0 1 0 1 0 1 0 1 0 1 0 1 0 1 0 1 0 1 0 1 0 1 0 1 0 1 0 1 0 1 0 1 0 1 0 1 0 1 0 1 0 1 0 1 0 1 0 1 0 1 0 1 0 1 0 1 0 1 0 1 0 1 0 1 0 1 0 1 0 1 0 1 0 1 0 1 0 1 0 1 0 1 0 1 0 1 0 1 0 1 0 1 0 1 0 1 0 1 0 1 0 1 0 1 0 1 0 1 0 1 0 1 0 1 0 1 0 1 0 1 0 1 0 1 0 1 0 1 0 1 0 1 0 1 0 1 0 1 0 1 0 1 0 1 0 1 0 1 0 1 0 1 0 1 0 1 0 1 0 1 0 1 0 1 0 1 0 1 0 1 0 1 0 1 0 1 0 1 0 1 0 1 0 1 0 1 0 1 0 1 0 1 0 1 0 1 0 1 0 1 0 1 0 1 0 1 0 1 0 1 0 1 0 1 0 1 0 1 0 1 0 1 0 1 0 1 0 1 0 1 0 1 0 1 0 1 0 1 0 1 0 1 0 1 0 1 0 1 0 1 0 1 0 1 0 1 0 1 0 1 0 1 0 1 0 1 0 1 0 1 0 1 0 1 0 1 0 1 0 1 0 1 0 1 0 1 0 1 0 1 0 1 0 1 0 1 0 1 0 1 0 1 0 1 0 1 0 1 0 1 0 1 0 1 0 1 0 1 0 1 0 1 0 1 0 1 0 1 0 1 0 1 0 1 0 1 0 1 0 1 0 1 0 1 0 1 0 1 0 1 0 1 0 1 0 1 0 1 0 1 0 1 0 1 0 1 0 1 0 1 0 1 0 1 0 1 0 1 0 1 0 1 0 1 0 1 0 1 0 1 0 1 0 1 0 1 0 1 0 1 0 1 0 1 0 1 0 1 0 1 0 1 0 1 0 1 0 1 0 1 0 1 0 1 0 1 0 1 0 1 0 1 0 1 0 1 0 1 0 1 0 1 0 1 0 1 0 1 0 1 0 1 0 1 0 1 0 1 0 1 0 1 0 1 0 1 0 1 0 1 0 1 0 1 0 1 0 1 0 1 0 1 0 1 0 1 0 1 0 1 0 1 0 1 0 1 0 1 0 1 0 1 0 1 0 1 0 1 0 1 0 1 0 1 0 1 0 1 0 1 0 1 0 1 0 1 0 1 0 1 0 1 0 1 0 1 0 1 0 1 0 1 0 1 0 1 0 1 0 1 0 1 0 1 0 1 0 1 0 1 0 1 0 1 0 1 0 1 0 1 0 1 0 1 0 1 0 1 0 1 0 1 0 1 0 1 0 1 0 1 0 1 0 1 0 1 0 1 0 1 0 1 0 1 0 1 0 1 0 1 0 1 0 1 0 1 0 1 0 1 0 1 0 1 0 1 0 1 0 1 0 1 0 1 0 1 0 1 0 1 0 1 0 1 0 1 0 1 0 1 0 1 0 1 0 1 0 1 0 1 0 1 0 1 0 1 0 1 0 1 0 1 0 1 0 1 0 1 0 1 0 1 0 1 0 1 0 1 0 1 0 1 0 1 0 1 0 1 0 1 0 1 0 1 0 1 0 1 0 1 0 1 0 1 0 1 0 1 0 1 0 1 0 1 0 1 0 1 0 1 0 1 0 1 0 1 0 1 0 1 0 1 0 1 0 1 0 1 0 1 0 1 0 1 0 1 0 1 0 1 0 1 0 1 0 1 0 1 0 1 0 1 0 1 0 1 0 1 0 1 0 1 0 1 0 1 0 1 0 1 0 1 0 1 0 1 0 1 0 1 0 1 0 1 0 1 0 1 0 1 0 1 0 1 0 1 0 1 0 1 0 1 0 1 0 1 0 1 0 1 0 1 0 1 0 1 0 1 0 1 0 1 0 1 0 1 0 1 0 1 0 1 0 1 0 1 0 1 0 1 0 1 0 1 0 1 0 1 0 1 0 1 0 1 0 1 0 1 0 1 0 1 0 1 0 1 0 1 0 1 0 1 0 1 0 1 0 1 0 1 0 1 0 1 0 1 0 1 0 1 0 1 0 1 0 1 0 1 0 1 0 1 0 1 0 1 0 1 0 1 0 1 0 1 0 1 0 1 0 1 0 1 0 1 0 1 0 1 0 1 0 1 0 1 0 1 0 1 0 1 0 1 0 1 0 1 0 1 0 1 0 1 0 1 0 1 0 1 0 1 0 1 0 1 0 1 0 1 0 1 0 1 0 1 0 1 0 1 0 1 0 1 0 1 0 1 0 1 0 1 0 1 0 1 0 1 0 1 0 1 0 1 0 1 0 1 0 1 0 1 0 1 0 1 0 1 0 1 0 1 0 1 0 1 0 1 0 1 0 1 0 1 0 1 0 1 0 1 0 1 0 1 0 1 0 1 0 1 0 1 0 1 0 1 0 1 0 1 0 1 0 1 0 1 0 0 0 0 0 0 0 0 0 0 0 0 0 0 0 0 0 0 0 0 0 0 0 0 0 0 0 0 0 0 0 0 
</DataArray>
<DataArray type="Float64" Name="wall variable 1" format="ascii">
0 1 0 1 0 1 0 1 0 1 0 1 0 1 0 1 0 1 0 1 0 1 0 1 0 1 0 1 0 1 0 1 0 1 0 1 0 1 0 1 0 1 0 1 0 1 0 1 0 1 0 1 0 1 0 1 0 1 0 1 0 1 0 1 0 1 0 1 1 0 1 0 1 0 1 0 1 0 1 0 1 0 1 0 1 0 1 0 1 0 1 0 1 0 1 0 1 0 1 0 1 0 1 0 1 0 1 0 1 0 1 0 1 0 1 0 1 0 1 0 1 0 1 0 0 1 0 1 0 1 0 1 0 1 0 1 0 1 0 1 0 1 0 1 0 1 0 1 0 1 0 1 0 1 0 1 0 1 0 1 0 1 0 1 0 1 0 1 0 1 0 1 0 1 0 1 0 1 0 1 0 1 0 1 0 1 0 1 0 1 0 1 0 1 0 1 0 1 0 1 0 1 0 1 0 1 0 1 0 1 0 1 0 1 0 1 0 1 0 1 0 1 0 1 0 1 0 1 0 1 0 1 0 1 0 1 0 1 0 1 0 1 0 1 0 1 0 1 0 1 0 1 0 1 0 1 0 1 0 1 0 1 0 1 0 1 0 1 0 1 0 1 0 1 0 1 0 1 0 1 0 1 0 1 0 1 0 1 0 1 0 1 0 1 0 1 0 1 0 1 0 1 0 1 0 1 0 1 0 1 0 1 0 1 0 1 0 1 0 1 0 1 0 1 0 1 0 1 0 1 0 1 0 1 0 1 0 1 0 1 0 1 0 1 0 1 0 1 0 1 0 1 0 1 0 1 0 1 0 1 0 1 0 1 0 1 0 1 0 1 0 1 0 1 0 1 0 1 0 1 0 1 0 1 0 1 0 1 0 1 0 1 0 1 0 1 0 1 0 1 0 1 0 1 0 1 0 1 0 1 0 1 0 1 0 1 0 1 0 1 0 1 0 1 0 1 0 1 0 1 0 1 0 1 0 1 0 1 0 1 0 1 0 1 0 1 0 1 0 1 0 1 0 1 0 1 0 1 0 1 0 1 0 1 0 1 0 1 0 1 0 1 0 1 0 1 0 1 0 1 0 1 0 1 0 1 0 1 0 1 0 1 0 1 0 1 0 1 0 1 0 1 0 1 0 1 0 1 0 1 0 1 0 1 0 1 0 1 0 1 0 1 0 1 0 1 0 1 0 1 0 1 0 1 0 1 0 1 0 1 0 1 0 1 0 1 0 1 0 1 0 1 0 1 0 1 0 1 0 1 0 1 0 1 0 1 0 1 0 1 0 1 0 1 0 1 0 1 0 1 0 1 0 1 0 1 0 1 0 1 0 1 0 1 0 1 0 1 0 1 0 1 0 1 0 1 0 1 0 1 0 1 0 1 0 1 0 1 0 1 0 1 0 1 0 1 0 1 0 1 0 1 0 1 0 1 0 1 0 1 0 1 0 1 0 1 0 1 0 1 0 1 0 1 0 1 0 1 0 1 0 1 0 1 0 1 0 1 0 1 0 1 0 1 0 1 0 1 0 1 0 1 0 1 0 1 0 1 0 1 0 1 0 1 0 1 0 1 0 1 0 1 0 1 0 1 0 1 0 1 0 1 0 1 0 1 0 1 0 1 0 1 0 1 0 1 0 1 0 1 0 1 0 1 0 1 0 1 0 1 0 1 0 1 0 1 0 1 0 1 0 1 0 1 0 1 0 1 0 1 0 1 0 1 0 1 0 1 0 1 0 1 0 1 0 1 0 1 0 1 0 1 0 1 0 1 0 1 0 1 0 1 0 1 0 1 0 1 0 1 0 1 0 1 0 1 0 1 0 1 0 1 0 1 0 1 0 1 0 1 0 1 0 1 0 1 0 1 0 1 0 1 0 1 0 1 0 1 0 1 0 1 0 1 0 1 0 1 0 1 0 1 0 1 0 1 0 1 0 1 0 1 0 1 0 1 0 1 0 1 0 1 0 1 0 1 0 1 0 1 0 1 0 1 0 1 0 1 0 1 0 1 0 1 0 1 0 1 0 1 0 1 0 1 0 1 0 1 0 1 0 1 0 1 0 1 0 1 0 1 0 1 0 1 0 1 0 1 0 1 0 1 0 1 0 1 0 1 0 1 0 1 0 1 0 1 0 1 0 1 0 1 0 1 0 1 0 1 0 1 0 1 0 1 0 1 0 1 0 1 0 1 0 1 0 1 0 1 0 1 0 1 0 1 0 1 0 1 0 1 0 1 0 1 0 1 0 1 0 1 0 1 0 1 0 1 0 1 0 1 0 1 0 1 0 1 0 1 0 1 0 1 0 1 0 1 0 1 0 1 0 1 0 1 0 1 0 1 0 1 0 1 0 1 0 1 0 1 0 1 0 1 0 1 0 1 0 1 0 1 0 1 0 1 0 1 0 1 0 1 0 1 0 1 0 1 0 1 0 1 0 1 0 1 0 1 0 1 0 1 0 1 0 1 0 1 0 1 0 1 0 1 0 1 0 1 0 1 0 1 0 1 0 1 0 1 0 1 0 1 0 1 0 1 0 1 0 1 0 1 0 1 0 1 0 1 0 1 0 1 0 1 0 1 0 1 0 1 0 1 0 1 0 1 0 1 0 1 0 1 0 1 0 1 0 1 0 1 0 1 0 1 0 1 0 1 0 1 0 1 0 1 0 1 0 1 0 1 0 1 0 1 0 1 0 1 0 1 0 1 0 1 0 1 0 1 0 1 0 1 0 1 0 1 0 1 0 1 0 1 0 1 0 1 0 1 0 1 0 1 0 1 0 1 0 1 0 1 0 1 0 1 0 1 0 1 0 1 0 1 0 1 0 1 0 1 0 1 0 1 0 1 0 1 0 1 0 1 0 1 0 1 0 1 0 1 0 1 0 1 0 1 0 1 0 1 0 1 0 1 0 1 0 1 0 1 0 1 0 1 0 1 0 1 0 1 0 1 0 1 0 1 0 1 0 1 0 1 0 1 0 1 0 1 0 1 0 1 0 1 0 1 0 1 0 1 0 1 0 1 0 1 0 1 0 1 0 1 0 1 0 1 0 1 0 1 0 1 0 1 0 1 0 1 0 1 0 1 0 1 0 1 0 1 0 1 0 1 0 1 0 1 0 1 0 1 0 1 0 1 0 1 0 1 0 1 0 1 0 1 0 1 0 1 0 1 0 1 0 1 0 1 0 1 0 1 0 1 0 1 0 1 0 1 0 1 0 1 0 1 0 1 0 1 0 1 0 1 0 1 0 1 0 1 0 1 0 1 0 1 0 1 0 1 0 1 0 1 0 1 0 1 0 1 0 1 0 1 0 1 0 1 0 1 0 1 0 1 0 1 0 1 0 1 0 1 0 1 0 1 0 1 0 1 0 1 0 1 0 1 0 1 0 1 0 1 0 1 0 1 0 1 0 1 0 1 0 1 0 1 0 1 0 1 0 1 0 1 0 1 0 1 0 1 0 1 0 1 0 1 0 1 0 1 0 1 0 1 0 1 0 1 0 1 0 1 0 1 0 1 0 1 0 1 0 1 0 1 0 1 0 1 0 1 0 1 0 1 0 1 0 1 0 1 0 1 0 1 0 1 0 1 0 1 0 1 0 1 0 1 0 1 0 1 0 1 0 1 0 1 0 1 0 1 0 1 0 1 0 1 0 1 0 1 0 1 0 1 0 1 0 1 0 1 0 1 0 1 0 1 0 1 0 1 0 1 0 1 0 1 0 1 0 1 0 1 0 1 0 1 0 1 0 1 0 1 0 1 0 1 0 1 0 1 0 1 0 1 0 1 0 1 0 1 0 1 0 1 0 1 0 1 0 1 0 1 0 1 0 1 0 1 0 1 0 1 0 1 0 1 0 1 0 1 0 1 0 1 0 1 0 1 0 1 0 1 0 1 0 1 0 1 0 1 0 1 0 1 0 1 0 1 0 1 0 1 0 1 0 1 0 1 0 1 0 1 0 1 0 1 0 1 0 1 0 1 0 1 0 1 0 1 0 1 0 1 0 1 0 1 0 1 0 1 0 1 0 1 0 1 0 1 0 1 0 1 0 1 0 1 0 1 0 1 0 1 0 1 0 1 0 1 0 1 0 1 0 1 0 1 0 1 0 1 0 1 0 1 0 1 0 1 0 1 0 1 0 1 0 1 0 1 0 1 0 1 0 1 0 1 0 1 0 1 0 1 0 1 0 1 0 1 0 1 0 1 0 1 0 1 0 1 0 1 0 1 0 1 0 1 0 1 0 1 0 1 0 1 0 1 0 1 0 1 0 1 0 1 0 1 0 1 0 1 0 1 0 1 0 1 0 1 0 1 0 1 0 1 0 1 0 1 0 1 0 1 0 1 0 1 0 1 0 1 0 1 0 1 0 1 0 1 0 1 0 1 0 1 0 1 0 1 0 1 0 1 0 1 0 1 0 1 0 1 0 1 0 1 0 1 0 1 0 1 0 1 0 1 0 1 0 1 0 1 0 1 0 1 0 1 0 1 0 1 0 1 0 1 0 1 0 1 0 1 0 1 0 1 0 1 0 1 0 1 0 1 0 1 0 1 0 1 0 1 0 1 0 1 0 1 0 1 0 1 0 1 0 1 0 1 0 1 0 1 0 1 0 1 0 0 0 0 0 0 0 0 0 0 0 0 0 0 0 0 0 0 0 0 0 0 0 0 0 0 0 0 0 0 0 0 
</DataArray>
<DataArray type="Float64" Name="wall variable 2" format="ascii">
0 35.6354 0 35.6354 0 35.6354 0 35.6354 0 35.6354 0 35.6354 0 35.6354 0 35.6354 0 35.6354 0 35.6354 0 35.6354 0 35.6354 0 35.6354 0 35.6354 0 35.6354 0 35.6354 0 35.6354 0 35.6354 0 35.6354 0 35.6354 0 35.6354 0 35.6354 0 35.6354 0 35.6354 0 35.6354 0 35.6354 0 35.6354 0 35.6354 0 35.6354 0 35.6354 0 35.6354 0 35.6354 0 35.6354 0 35.6354 35.6354 0 35.6354 0 35.6354 0 35.6354 0 35.6354 0 35.6354 0 35.6354 0 35.6354 0 35.6354 0 35.6354 0 35.6354 0 35.6354 0 35.6354 0 35.6354 0 35.6354 0 35.6354 0 35.6354 0 35.6354 0 35.6354 0 35.6354 0 35.6354 0 35.6354 0 35.6354 0 35.6354 0 35.6354 0 35.6354 0 35.6354 0 35.6354 0 0 35.6354 0 35.6354 0 35.6354 0 35.6354 0 35.6354 0 35.6354 0 35.6354 0 35.6354 0 35.6354 0 35.6354 0 35.6354 0 35.6354 0 35.6354 0 35.6354 0 35.6354 0 35.6354 0 35.6354 0 35.6354 0 35.6354 0 35.6354 0 35.6354 0 35.6354 0 35.6354 0 35.6354 0 35.6354 0 35.6354 0 35.6354 0 35.6354 0 35.6354 0 35.6354 0 35.6354 0 35.6354 0 35.6354 0 35.6354 0 35.6354 0 35.6354 0 35.6354 0 35.6354 0 35.6354 0 35.6354 0 35.6354 0 35.6354 0 35.6354 0 35.6354 0 35.6354 0 35.6354 0 35.6354 0 35.6354 0 35.6354 0 35.6354 0 35.6354 0 35.6354 0 35.6354 0 35.6354 0 35.6354 0 35.6354 0 35.6354 0 35.6354 0 35.6354 0 35.6354 0 35.6354 0 35.6354 0 35.6354 0 35.6354 0 35.6354 0 35.6354 0 35.6354 0 35.6354 0 35.6354 0 35.6354 0 35.6354 0 35.6354 0 35.6354 0 35.6354 0 35.6354 0 35.6354 0 35.6354 0 35.6354 0 35.6354 0 35.6354 0 35.6354 0 35.6354 0 35.6354 0 35.6354 0 35.6354 0 35.6354 0 35.6354 0 35.6354 0 35.6354 0 35.6354 0 35.6354 0 35.6354 0 35.6354 0 35.6354 0 35.6354 0 35.6354 0 35.6354 0 35.6354 0 35.6354 0 35.6354 0 35.6354 0 35.6354 0 35.6354 0 35.6354 0 35.6354 0 35.6354 0 35.6354 0 35.6354 0 35.6354 0 35.6354 0 35.6354 0 35.6354 0 35.6354 0 35.6354 0 35.6354 0 35.6354 0 35.6354 0 35.6354 0 35.6354 0 35.6354 0 35.6354 0 35.6354 0 35.6354 0 35.6354 0 35.6354 0 35.6354 0 35.6354 0 35.6354 0 35.6354 0 35.6354 0 35.6354 0 35.6354 0 35.6354 0 35.6354 0 35.6354 0 35.6354 0 35.6354 0 35.6354 0 35.6354 0 35.6354 0 35.6354 0 35.6354 0 35.6354 0 35.6354 0 35.6354 0 35.6354 0 35.6354 0 35.6354 0 35.6354 0 35.6354 0 35.6354 0 35.6354 0 35.6354 0 35.6354 0 35.6354 0 35.6354 0 35.6354 0 35.6354 0 35.6354 0 35.6354 0 35.6354 0 35.6354 0 35.6354 0 35.6354 0 35.6354 0 35.6354 0 35.6354 0 35.6354 0 35.6354 0 35.6354 0 35.6354 0 35.6354 0 35.6354 0 35.6354 0 35.6354 0 35.6354 0 35.6354 0 35.6354 0 35.6354 0 35.6354 0 35.6354 0 35.6354 0 35.6354 0 35.6354 0 35.6354 0 35.6354 0 35.6354 0 35.6354 0 35.6354 0 35.6354 0 35.6354 0 35.6354 0 35.6354 0 35.6354 0 35.6354 0 35.6354 0 35.6354 0 35.6354 0 35.6354 0 35.6354 0 35.6354 0 35.6354 0 35.6354 0 35.6354 0 35.6354 0 35.6354 0 35.6354 0 35.6354 0 35.6354 0 35.6354 0 35.6354 0 35.6354 0 35.6354 0 35.6354 0 35.6354 0 35.6354 0 35.6354 0 35.6354 0 35.6354 0 35.6354 0 35.6354 0 35.6354 0 35.6354 0 35.6354 0 35.6354 0 35.6354 0 35.6354 0 35.6354 0 35.6354 0 35.6354 0 35.6354 0 35.6354 0 35.6354 0 35.6354 0 35.6354 0 35.6354 0 35.6354 0 35.6354 0 35.6354 0 35.6354 0 35.6354 0 35.6354 0 35.6354 0 35.6354 0 35.6354 0 35.6354 0 35.6354 0 35.6354 0 35.6354 0 35.6354 0 35.6354 0 35.6354 0 35.6354 0 35.6354 0 35.6354 0 35.6354 0 35.6354 0 35.6354 0 35.6354 0 35.6354 0 35.6354 0 35.6354 0 35.6354 0 35.6354 0 35.6354 0 35.6354 0 35.6354 0 35.6354 0 35.6354 0 35.6354 0 35.6354 0 35.6354 0 35.6354 0 35.6354 0 35.6354 0 35.6354 0 35.6354 0 35.6354 0 35.6354 0 35.6354 0 35.6354 0 35.6354 0 35.6354 0 35.6354 0 35.6354 0 35.6354 0 35.6354 0 35.6354 0 35.6354 0 35.6354 0 35.6354 0 35.6354 0 35.6354 0 35.6354 0 35.6354 0 35.6354 0 35.6354 0 35.6354 0 35.6354 0 35.6354 0 35.6354 0 35.6354 0 35.6354 0 35.6354 0 35.6354 0 35.6354 0 35.6354 0 35.6354 0 35.6354 0 35.6354 0 35.6354 0 35.6354 0 35.6354 0 35.6354 0 35.6354 0 35.6354 0 35.6354 0 35.6354 0 35.6354 0 35.6354 0 35.6354 0 35.6354 0 35.6354 0 35.6354 0 35.6354 0 35.6354 0 35.6354 0 35.6354 0 35.6354 0 35.6354 0 35.6354 0 35.6354 0 35.6354 0 35.6354 0 35.6354 0 35.6354 0 35.6354 0 35.6354 0 35.6354 0 35.6354 0 35.6354 0 35.6354 0 35.6354 0 35.6354 0 35.6354 0 35.6354 0 35.6354 0 35.6354 0 35.6354 0 35.6354 0 35.6354 0 35.6354 0 35.6354 0 35.6354 0 35.6354 0 35.6354 0 35.6354 0 35.6354 0 35.6354 0 35.6354 0 35.6354 0 35.6354 0 35.6354 0 35.6354 0 35.6354 0 35.6354 0 35.6354 0 35.6354 0 35.6354 0 35.6354 0 35.6354 0 35.6354 0 35.6354 0 35.6354 0 35.6354 0 35.6354 0 35.6354 0 35.6354 0 35.6354 0 35.6354 0 35.6354 0 35.6354 0 35.6354 0 35.6354 0 35.6354 0 35.6354 0 35.6354 0 35.6354 0 35.6354 0 35.6354 0 35.6354 0 35.6354 0 35.6354 0 35.6354 0 35.6354 0 35.6354 0 35.6354 0 35.6354 0 35.6354 0 35.6354 0 35.6354 0 35.6354 0 35.6354 0 35.6354 0 35.6354 0 35.6354 0 35.6354 0 35.6354 0 35.6354 0 35.6354 0 35.6354 0 35.6354 0 35.6354 0 35.6354 0 35.6354 0 35.6354 0 35.6354 0 35.6354 0 35.6354 0 35.6354 0 35.6354 0 35.6354 0 35.6354 0 35.6354 0 35.6354 0 35.6354 0 35.6354 0 35.6354 0 35.6354 0 35.6354 0 35.6354 0 35.6354 0 35.6354 0 35.6354 0 35.6354 0 35.6354 0 35.6354 0 35.6354 0 35.6354 0 35.6354 0 35.6354 0 35.6354 0 35.6354 0 35.6354 0 35.6354 0 35.6354 0 35.6354 0 35.6354 0 35.6354 0 35.6354 0 35.6354 0 35.6354 0 35.6354 0 35.6354 0 35.6354 0 35.6354 0 35.6354 0 35.6354 0 35.6354 0 35.6354 0 35.6354 0 35.6354 0 35.6354 0 35.6354 0 35.6354 0 35.6354 0 35.6354 0 35.6354 0 35.6354 0 35.6354 0 35.6354 0 35.6354 0 35.6354 0 35.6354 0 35.6354 0 35.6354 0 35.6354 0 35.6354 0 35.6354 0 35.6354 0 35.6354 0 35.6354 0 35.6354 0 35.6354 0 35.6354 0 35.6354 0 35.6354 0 35.6354 0 35.6354 0 35.6354 0 35.6354 0 35.6354 0 35.6354 0 35.6354 0 35.6354 0 35.6354 0 35.6354 0 35.6354 0 35.6354 0 35.6354 0 35.6354 0 35.6354 0 35.6354 0 35.6354 0 35.6354 0 35.6354 0 35.6354 0 35.6354 0 35.6354 0 35.6354 0 35.6354 0 35.6354 0 35.6354 0 35.6354 0 35.6354 0 35.6354 0 35.6354 0 35.6354 0 35.6354 0 35.6354 0 35.6354 0 35.6354 0 35.6354 0 35.6354 0 35.6354 0 35.6354 0 35.6354 0 35.6354 0 35.6354 0 35.6354 0 35.6354 0 35.6354 0 35.6354 0 35.6354 0 35.6354 0 35.6354 0 35.6354 0 35.6354 0 35.6354 0 35.6354 0 35.6354 0 35.6354 0 35.6354 0 35.6354 0 35.6354 0 35.6354 0 35.6354 0 35.6354 0 35.6354 0 35.6354 0 35.6354 0 35.6354 0 35.6354 0 35.6354 0 35.6354 0 35.6354 0 35.6354 0 35.6354 0 35.6354 0 35.6354 0 35.6354 0 35.6354 0 35.6354 0 35.6354 0 35.6354 0 35.6354 0 35.6354 0 35.6354 0 35.6354 0 35.6354 0 35.6354 0 35.6354 0 35.6354 0 35.6354 0 35.6354 0 35.6354 0 35.6354 0 35.6354 0 35.6354 0 35.6354 0 35.6354 0 35.6354 0 35.6354 0 35.6354 0 35.6354 0 35.6354 0 35.6354 0 35.6354 0 35.6354 0 35.6354 0 35.6354 0 35.6354 0 35.6354 0 35.6354 0 35.6354 0 35.6354 0 35.6354 0 35.6354 0 35.6354 0 35.6354 0 35.6354 0 35.6354 0 35.6354 0 35.6354 0 35.6354 0 35.6354 0 35.6354 0 35.6354 0 35.6354 0 35.6354 0 35.6354 0 35.6354 0 35.6354 0 35.6354 0 35.6354 0 35.6354 0 35.6354 0 35.6354 0 35.6354 0 35.6354 0 35.6354 0 35.6354 0 35.6354 0 35.6354 0 35.6354 0 35.6354 0 35.6354 0 35.6354 0 35.6354 0 35.6354 0 35.6354 0 35.6354 0 35.6354 0 35.6354 0 35.6354 0 35.6354 0 35.6354 0 35.6354 0 35.6354 0 35.6354 0 35.6354 0 35.6354 0 35.6354 0 35.6354 0 35.6354 0 35.6354 0 35.6354 0 35.6354 0 35.6354 0 35.6354 0 35.6354 0 35.6354 0 35.6354 0 35.6354 0 35.6354 0 35.6354 0 35.6354 0 35.6354 0 35.6354 0 35.6354 0 35.6354 0 35.6354 0 35.6354 0 35.6354 0 35.6354 0 35.6354 0 35.6354 0 35.6354 0 35.6354 0 35.6354 0 35.6354 0 35.6354 0 35.6354 0 35.6354 0 35.6354 0 35.6354 0 35.6354 0 35.6354 0 35.6354 0 35.6354 0 35.6354 0 35.6354 0 35.6354 0 35.6354 0 35.6354 0 35.6354 0 35.6354 0 35.6354 0 35.6354 0 35.6354 0 35.6354 0 35.6354 0 35.6354 0 35.6354 0 35.6354 0 35.6354 0 35.6354 0 35.6354 0 35.6354 0 35.6354 0 35.6354 0 35.6354 0 35.6354 0 35.6354 0 35.6354 0 35.6354 0 35.6354 0 35.6354 0 35.6354 0 35.6354 0 35.6354 0 35.6354 0 35.6354 0 35.6354 0 35.6354 0 35.6354 0 35.6354 0 35.6354 0 35.6354 0 35.6354 0 35.6354 0 35.6354 0 35.6354 0 35.6354 0 35.6354 0 35.6354 0 35.6354 0 35.6354 0 35.6354 0 35.6354 0 35.6354 0 35.6354 0 35.6354 0 35.6354 0 35.6354 0 35.6354 0 35.6354 0 35.6354 0 35.6354 0 35.6354 0 35.6354 0 35.6354 0 35.6354 0 35.6354 0 35.6354 0 35.6354 0 35.6354 0 35.6354 0 35.6354 0 35.6354 0 35.6354 0 35.6354 0 35.6354 0 35.6354 0 35.6354 0 35.6354 0 35.6354 0 35.6354 0 35.6354 0 35.6354 0 35.6354 0 35.6354 0 35.6354 0 35.6354 0 35.6354 0 35.6354 0 35.6354 0 35.6354 0 35.6354 0 35.6354 0 35.6354 0 35.6354 0 35.6354 0 35.6354 0 35.6354 0 35.6354 0 35.6354 0 35.6354 0 35.6354 0 35.6354 0 35.6354 0 35.6354 0 35.6354 0 35.6354 0 35.6354 0 35.6354 0 35.6354 0 35.6354 0 35.6354 0 35.6354 0 35.6354 0 35.6354 0 35.6354 0 35.6354 0 35.6354 0 35.6354 0 35.6354 0 35.6354 0 35.6354 0 35.6354 0 35.6354 0 35.6354 0 35.6354 0 35.6354 0 35.6354 0 35.6354 0 35.6354 0 35.6354 0 35.6354 0 35.6354 0 35.6354 0 35.6354 0 35.6354 0 35.6354 0 35.6354 0 35.6354 0 35.6354 0 35.6354 0 35.6354 0 35.6354 0 35.6354 0 35.6354 0 35.6354 0 35.6354 0 35.6354 0 35.6354 0 35.6354 0 35.6354 0 35.6354 0 35.6354 0 35.6354 0 35.6354 0 35.6354 0 35.6354 0 35.6354 0 35.6354 0 35.6354 0 35.6354 0 35.6354 0 35.6354 0 35.6354 0 35.6354 0 35.6354 0 35.6354 0 35.6354 0 35.6354 0 35.6354 0 35.6354 0 35.6354 0 35.6354 0 35.6354 0 35.6354 0 35.6354 0 35.6354 0 35.6354 0 35.6354 0 35.6354 0 35.6354 0 35.6354 0 35.6354 0 35.6354 0 35.6354 0 35.6354 0 35.6354 0 35.6354 0 35.6354 0 35.6354 0 35.6354 0 35.6354 0 35.6354 0 35.6354 0 35.6354 0 35.6354 0 35.6354 0 35.6354 0 35.6354 0 35.6354 0 35.6354 0 35.6354 0 35.6354 0 35.6354 0 35.6354 0 35.6354 0 35.6354 0 35.6354 0 35.6354 0 35.6354 0 35.6354 0 35.6354 0 35.6354 0 35.6354 0 35.6354 0 35.6354 0 35.6354 0 35.6354 0 35.6354 0 35.6354 0 35.6354 0 35.6354 0 35.6354 0 35.6354 0 35.6354 0 35.6354 0 35.6354 0 35.6354 0 35.6354 0 35.6354 0 35.6354 0 35.6354 0 35.6354 0 35.6354 0 35.6354 0 35.6354 0 35.6354 0 35.6354 0 35.6354 0 35.6354 0 35.6354 0 35.6354 0 35.6354 0 35.6354 0 35.6354 0 35.6354 0 35.6354 0 35.6354 0 35.6354 0 35.6354 0 35.6354 0 35.6354 0 35.6354 0 35.6354 0 35.6354 0 35.6354 0 35.6354 0 35.6354 0 35.6354 0 35.6354 0 35.6354 0 35.6354 0 35.6354 0 35.6354 0 35.6354 0 35.6354 0 35.6354 0 35.6354 0 35.6354 0 35.6354 0 35.6354 0 35.6354 0 35.6354 0 35.6354 0 35.6354 0 35.6354 0 35.6354 0 35.6354 0 35.6354 0 35.6354 0 35.6354 0 35.6354 0 35.6354 0 35.6354 0 35.6354 0 0 0 0 0 0 0 0 0 0 0 0 0 0 0 0 0 0 0 0 0 0 0 0 0 0 0 0 0 0 0 0 
</DataArray>
</CellData>
</Piece>
</UnstructuredGrid>
</VTKFile>
