<VTKFile type="UnstructuredGrid" version="0.1">
<UnstructuredGrid>
<Piece  NumberOfPoints="    2080" NumberOfCells="     514">
<Points>
<DataArray type="Float64" NumberOfComponents="3" format="ascii">
-25.1241 -1.31784 1.49095
-29.9868 0.0785797 27.076
-20.5611 16.4313 28.8607
-15.31 14.9157 1.46243
-31.0698 0.385887 29.8
-44.9706 4.32713 51.5989
-36.5928 20.9654 54.8231
-21.6441 16.7386 31.5847
-46.9731 4.90466 53.6897
-67.8575 11.023 68.3416
-60.8901 28.069 72.4413
-38.5953 21.5429 56.9139
-70.4721 11.8057 69.4755
-95.122 19.3187 74.6318
-89.7136 36.8643 79.0299
-63.5047 28.8518 73.5752
-97.945 20.1945 74.6314
-122.521 27.9355 69.4668
-118.665 45.9846 73.5742
-92.5366 37.7401 79.0295
-125.12 28.7649 68.3329
-145.83 35.4659 53.6871
-143.347 53.9579 56.9113
-121.264 46.814 72.4404
-147.81 36.1131 51.597
-161.536 40.6598 29.7948
-160.032 59.4733 31.5944
-145.326 54.6051 54.8212
-162.601 41.0162 27.0705
-167.374 42.6427 1.47049
-166.234 61.5815 1.48174
-161.097 59.8297 28.8701
-167.371 42.6455 -1.47482
-162.558 41.059 -27.0633
-161.05 59.8877 -28.8539
-166.231 61.5843 -1.46357
-161.49 40.7044 -29.787
-147.769 36.1449 -51.5757
-145.268 54.6403 -54.8172
-159.982 59.5331 -31.5776
-145.791 35.4933 -53.6659
-125.106 28.7447 -68.312
-121.23 46.78 -72.4395
-143.29 53.9887 -56.9074
-122.509 27.9099 -69.4461
-97.9486 20.1306 -74.6136
-92.5161 37.6652 -79.0278
-118.633 45.9452 -73.5736
-95.1268 19.251 -74.6141
-70.4842 11.7047 -69.4614
-63.4943 28.7449 -73.5726
-89.6943 36.7856 -79.0283
-67.8707 10.918 -68.3278
-46.9851 4.76493 -53.678
-38.5975 21.3857 -56.9155
-60.8807 27.9582 -72.439
-44.983 4.18594 -51.5874
-31.0739 0.265028 -29.7757
-21.6567 16.5988 -31.6019
-36.5954 20.8067 -54.8249
-29.9903 -0.0345852 -27.0513
-25.1245 -1.32445 -1.45422
-15.3104 14.9091 -1.48273
-20.5731 16.2992 -28.8775
-14.3786 16.8482 1.52346
-19.6298 18.3638 28.9217
-12.4184 37.068 29.4489
-7.00522 35.5673 1.50122
-35.7158 22.9102 55.0004
-28.9051 41.6541 55.9526
-13.5558 37.3876 32.2891
-20.7671 18.6834 31.762
-60.1044 30.0373 72.7011
-53.7637 48.8819 73.9054
-30.9988 42.2551 58.1259
-37.8095 23.5112 57.1737
-89.0355 38.8649 79.3321
-83.187 57.8697 80.6486
-56.486 49.697 75.0816
-62.8267 30.8524 73.8774
-118.1 48.0229 73.8779
-112.732 67.2321 75.1297
-86.1225 58.7832 80.6497
-91.971 39.7784 79.3331
-142.886 56.0322 57.1735
-137.933 75.4159 58.1588
-115.435 68.0975 73.9544
-120.803 48.8883 72.7026
-159.654 61.5752 31.7743
-154.988 81.0532 32.3214
-139.996 76.0907 55.9864
-144.949 56.707 55.0011
-165.904 63.698 1.54699
-161.349 83.1897 1.55138
-156.102 81.4242 29.4825
-160.767 61.9462 28.9354
-160.721 62.0035 -28.9172
-156.07 81.4433 -29.4647
-161.347 83.1918 -1.52244
-165.902 63.7001 -1.52684
-144.891 56.7405 -54.9981
-139.937 76.0852 -56.0043
-154.953 81.0731 -32.306
-159.604 61.6333 -31.7585
-120.767 48.8523 -72.7042
-115.388 68.0484 -73.9748
-137.873 75.4057 -58.1783
-142.827 56.061 -57.1721
-91.9486 39.7023 -79.3335
-86.0859 58.7028 -80.669
-112.686 67.1785 -75.1499
-118.066 47.9823 -73.8793
-62.814 30.7451 -73.8765
-56.457 49.5939 -75.0987
-83.1514 57.7862 -80.6678
-89.014 38.7858 -79.3322
-37.8092 23.3543 -57.1765
-30.9784 42.1314 -58.1408
-53.7354 48.7757 -73.9222
-60.0924 29.9268 -72.7
-20.7788 18.5447 -31.7819
-13.5639 37.2904 -32.342
-28.8867 41.5297 -55.9692
-35.7175 22.7526 -55.0049
-19.642 18.2324 -28.9443
-14.3793 16.8423 -1.54953
-7.00593 35.5614 -1.57177
-12.4271 36.9781 -29.5044
-6.2325 37.6774 1.52053
-11.6457 39.1781 29.4682
-5.07439 58.4628 29.7043
0.472959 57.0503 1.51128
-12.8092 39.4914 32.3455
-28.1585 43.7579 56.009
-21.8725 62.8941 56.4003
-6.23792 58.7762 32.5816
-30.2913 44.3568 58.2089
-53.0562 50.9836 73.9883
-47.0272 70.0492 74.4685
-24.0052 63.4929 58.6001
-55.8191 51.8064 75.179
-82.5202 59.9791 80.746
-76.6845 79.1254 81.2596
-49.7902 70.872 75.6592
-85.4924 60.9095 80.7475
-112.101 69.3583 75.2274
-106.397 88.6666 75.6836
-79.6568 80.0557 81.2611
-114.835 70.242 74.0374
-137.333 77.5604 58.2418
-131.703 96.9963 58.564
-109.131 89.5503 74.4935
-139.418 78.2474 56.0416
-154.411 83.2099 32.3767
-148.813 102.699 32.5347
-133.788 97.6833 56.3638
-155.536 83.585 29.5017
-160.783 85.3505 1.57058
-155.199 104.838 1.56278
-149.938 103.074 29.6597
-160.782 85.3505 -1.54239
-155.505 83.6021 -29.4846
-149.921 103.058 -29.6597
-155.198 104.838 -1.55019
-154.377 83.2256 -32.3628
-139.36 78.2377 -56.0611
-133.739 97.6419 -56.403
-148.792 102.681 -32.5379
-137.274 77.5477 -58.2634
-114.788 70.1903 -74.0599
-109.085 89.4888 -74.5342
-131.653 96.9519 -58.6053
-112.055 69.304 -75.2497
-85.455 60.8283 -80.7689
-79.6169 79.9759 -81.3014
-106.352 88.6024 -75.724
-82.4835 59.896 -80.7672
-55.7891 51.7037 -75.1981
-49.7553 70.7815 -75.6973
-76.6454 79.0436 -81.2996
-53.0267 50.8797 -74.0069
-30.2698 44.2354 -58.2255
-23.9782 63.4063 -58.6305
-46.993 69.9575 -74.5061
-28.1394 43.6378 -56.0277
-12.8165 39.3985 -32.4005
-6.24754 58.7186 -32.6515
-21.8478 62.8087 -56.4326
-11.6543 39.0904 -29.5266
-6.23311 37.6737 -1.59402
0.472348 57.0466 -1.60328
-5.08526 58.4105 -29.7776
1.20278 59.0693 1.53347
-4.34457 60.4818 29.7265
2.26867 77.8027 29.87
7.6842 75.796 1.52873
-5.51909 60.8554 32.636
-21.1536 64.9732 56.4546
-14.1185 83.9405 56.695
1.09416 78.1763 32.7795
-23.2855 65.6817 58.6622
-46.3075 72.238 74.5306
-38.5753 93.5229 74.8445
-16.2503 84.649 58.9026
-49.0457 73.201 75.7131
-75.9401 81.4544 81.3135
-67.3594 105.35 81.6593
-41.3135 94.4859 76.027
-78.8689 82.5331 81.2986
-105.609 91.1439 75.7211
-96.1513 117.561 76.0132
-70.2882 106.428 81.6444
-108.291 92.1598 74.5121
-130.864 99.6058 58.5826
-120.617 128.107 58.7637
-98.8332 118.577 74.8042
-132.901 100.389 56.3684
-147.926 105.405 32.5393
-137.12 135.268 32.6108
-122.654 128.89 56.5495
-149.023 105.829 29.6588
-154.284 107.592 1.56187
-143.275 137.926 1.54787
-138.217 135.692 29.7304
-154.283 107.591 -1.55225
-149.006 105.811 -29.6617
-138.205 135.671 -29.7615
-143.275 137.925 -1.56624
-147.907 105.385 -32.5449
-132.853 100.345 -56.4101
-122.613 128.839 -56.6202
-137.106 135.244 -32.6447
-130.814 99.56 -58.6262
-108.246 92.0969 -74.5551
-98.7931 118.511 -74.8722
-120.574 128.054 -58.8364
-105.564 91.0795 -75.7638
-78.8293 82.453 -81.3411
-70.2515 106.352 -81.7081
-96.1116 117.494 -76.0809
-75.9009 81.3734 -81.3557
-49.0109 73.1113 -75.7534
-41.2803 94.4074 -76.0844
-67.3231 105.272 -81.7227
-46.2733 72.1485 -74.57
-23.2584 65.5973 -58.6944
-16.2262 84.5848 -58.9456
-38.5428 93.4447 -74.9011
-21.129 64.8911 -56.4882
-5.52872 60.801 -32.7071
1.08031 78.1471 -32.8587
-14.0967 83.8786 -56.7394
-4.35559 60.4312 -29.801
1.20202 59.0673 -1.62672
7.68344 75.794 -1.63146
2.25344 77.7773 -29.9527
8.48395 77.6324 1.53404
3.06843 79.6392 29.8753
11.0383 95.9893 29.9054
16.2279 93.3808 1.5309
1.9341 80.139 32.7932
-13.2785 85.9033 56.7087
-4.63665 103.895 56.7414
9.90401 96.4891 32.8233
-15.3318 86.8326 58.9212
-37.6567 95.7066 74.863
-27.987 115.98 74.9125
-6.68993 104.824 58.9539
-40.2896 96.9415 76.0492
-66.3356 107.805 81.6815
-55.4639 130.629 81.7626
-30.62 117.215 76.0987
-69.1498 109.165 81.6663
-95.0129 120.298 76.0352
-82.9471 145.589 76.116
-58.2781 131.99 81.7474
-97.5868 121.566 74.8202
-119.37 131.096 58.7797
-106.274 158.423 58.8209
-85.5209 146.856 74.9011
-121.322 132.066 56.5573
-135.788 138.444 32.6186
-121.979 167.1 32.6207
-108.226 159.394 56.5985
-136.837 138.968 29.7315
-141.895 141.202 1.549
-127.831 170.316 1.53594
-123.028 167.624 29.7336
-141.895 141.201 -1.57038
-136.825 138.946 -29.7657
-123.02 167.6 -29.7931
-127.831 170.314 -1.58344
-135.774 138.42 -32.6555
-121.282 132.015 -56.631
-108.192 159.338 -56.6956
-121.969 167.073 -32.6829
-119.329 131.042 -58.8552
-97.5473 121.499 -74.8909
-85.4867 146.789 -74.9937
-106.238 158.365 -58.9197
-94.9736 120.231 -76.1053
-69.1136 109.089 -81.7325
-58.2456 131.917 -81.8324
-82.9131 145.521 -76.2081
-66.2996 107.728 -81.7469
-40.2569 96.8637 -76.1086
-30.5896 117.147 -76.1721
-55.4316 130.557 -81.8468
-37.6245 95.6299 -74.9211
-15.3079 86.77 -58.9656
-6.66811 104.776 -59.0075
-27.9573 115.913 -74.9846
-13.2571 85.8435 -56.754
1.91998 80.112 -32.8734
9.88939 96.4783 -32.9096
-4.61723 103.849 -56.7959
3.05309 79.6149 -29.9587
8.48309 77.6316 -1.63749
16.2271 93.38 -1.64063
11.0225 95.9812 -29.9949
17.1805 95.1073 1.5316
11.9909 97.7157 29.9061
21.4283 113.032 29.9027
26.3248 109.849 1.52949
10.914 98.3389 32.8244
-3.62665 105.744 56.7425
6.66484 122.626 56.7147
20.3514 113.656 32.821
-5.57284 106.889 58.955
-26.87 118.045 74.9135
-15.2979 137.111 74.8837
4.71865 123.77 58.9271
-29.3639 119.544 76.1017
-54.2079 132.958 81.7656
-41.1458 154.48 81.7652
-17.7918 138.61 76.0718
-56.8735 134.592 81.7523
-81.5425 148.191 76.1209
-67.0121 172.1 76.1399
-43.8115 156.114 81.7518
-83.9795 149.703 74.9048
-104.732 161.27 58.8246
-88.958 187.156 58.8325
-69.4491 173.613 74.9238
-106.578 162.424 56.5993
-120.332 170.13 32.6215
-103.716 197.304 32.6121
-90.8041 188.309 56.6072
-121.323 170.751 29.7326
-126.126 173.442 1.53491
-109.212 201.061 1.5235
-104.707 197.925 29.7232
-126.125 173.441 -1.5851
-121.314 170.726 -29.7947
-104.702 197.899 -29.807
-109.211 201.06 -1.59651
-120.322 170.103 -32.6861
-106.545 162.368 -56.6988
-90.777 188.252 -56.7259
-103.71 197.276 -32.6984
-104.698 161.213 -58.9257
-83.946 149.636 -74.9997
-69.4203 173.547 -75.0367
-88.9297 187.097 -58.9527
-81.509 148.123 -76.215
-56.8414 134.52 -81.8393
-43.7822 156.046 -81.854
-66.9833 172.034 -76.2519
-54.1759 132.886 -81.8515
-29.3339 119.477 -76.1768
-17.7633 138.55 -76.1582
-41.1167 154.413 -81.8662
-26.8404 117.979 -74.9868
-5.55122 106.842 -59.0097
4.74009 123.733 -58.9901
-15.2698 137.053 -74.9682
-3.60724 105.701 -56.7978
10.8994 98.3295 -32.9115
20.3395 113.657 -32.9131
6.68407 122.592 -56.7782
11.9752 97.7085 -29.9962
17.1797 95.1072 -1.64187
26.324 109.849 -1.64398
21.4152 113.036 -29.9978
27.4343 111.456 1.52896
22.5378 114.64 29.9022
33.3946 128.806 29.89
37.9375 125.085 1.52775
21.5317 115.379 32.8186
7.84523 124.349 56.7123
19.7213 139.977 56.6701
32.3886 129.545 32.8065
6.02943 125.697 58.9231
-13.9871 139.038 74.8797
-0.601066 156.718 74.8299
17.9055 141.324 58.8809
-16.3132 140.788 76.0691
-39.6672 156.658 81.7624
-24.527 176.662 81.7373
-2.92714 158.468 76.0193
-42.1542 158.554 81.7514
-65.3549 174.54 76.1395
-48.4868 196.815 76.1383
-27.0141 178.557 81.7263
-67.6288 176.288 74.9241
-87.1376 189.831 58.8329
-68.8179 213.99 58.8317
-50.7606 198.563 74.9229
-88.8591 191.16 56.6065
-101.772 200.156 32.6115
-82.4819 225.543 32.6011
-70.5394 215.319 56.6054
-102.695 200.869 29.722
-107.199 204.005 1.52225
-87.5674 229.817 1.51257
-83.4051 226.257 29.7116
-107.199 204.004 -1.59753
-102.69 200.843 -29.808
-83.4026 226.23 -29.8158
-87.5672 229.816 -1.60721
-101.765 200.127 -32.6998
-88.8326 191.103 -56.7272
-70.5185 215.262 -56.7411
-82.4781 225.514 -32.7076
-87.1099 189.772 -58.9549
-67.6005 176.223 -75.0389
-50.7363 198.5 -75.0516
-68.7958 213.931 -58.9687
-65.3265 174.474 -76.2532
-42.1254 158.487 -81.8553
-26.9872 178.495 -81.8419
-48.4622 196.751 -76.2659
-39.6382 156.592 -81.8648
-16.2848 140.729 -76.1568
-2.89927 158.415 -76.1159
-24.5001 176.599 -81.8513
-13.9591 138.98 -74.9653
6.05084 125.661 -58.9871
17.9283 141.296 -58.9523
-0.573498 156.666 -74.9244
7.86472 124.317 -56.7766
21.5201 115.382 -32.9115
32.3818 129.554 -32.9033
19.7421 139.951 -56.7417
22.525 114.644 -29.9977
27.4338 111.456 -1.64385
37.937 125.085 -1.64507
33.3867 128.817 -29.9895
39.1964 126.56 1.52699
34.6535 130.28 29.8893
46.8369 143.17 29.8769
50.9676 138.961 1.52668
33.7308 131.127 32.8037
21.0635 141.559 56.6672
34.4308 155.78 56.6305
45.9142 144.017 32.7913
19.3999 143.095 58.8768
0.893405 158.489 74.8259
15.983 174.605 74.8029
32.7672 157.316 58.84
-1.23844 160.474 76.017
-22.8383 178.668 81.735
-5.759 196.947 81.7434
13.8512 176.59 75.994
-25.1192 180.81 81.7264
-46.5919 199.068 76.1383
-27.551 219.475 76.1601
-8.03987 199.09 81.7348
-48.6779 201.038 74.9232
-66.7352 216.465 58.8321
-46.0476 238.635 58.8341
-29.6371 221.446 74.945
-68.314 217.959 56.6046
-80.2565 228.184 32.6004
-58.4622 251.492 32.5918
-47.6264 240.129 56.6067
-81.1022 228.985 29.7105
-85.2646 232.545 1.51143
-63.0801 256.248 1.50341
-59.308 252.293 29.7019
-85.2645 232.544 -1.60798
-81.0998 228.959 -29.8165
-59.3078 252.267 -29.8226
-63.0801 256.246 -1.616
-80.2532 228.154 -32.7084
-68.2936 217.902 -56.7419
-47.611 240.074 -56.7551
-58.4611 251.463 -32.7145
-66.7136 216.406 -58.9704
-48.654 200.975 -75.0533
-29.6163 221.385 -75.0852
-46.031 238.578 -58.9836
-46.5676 199.005 -76.2672
-25.0926 180.748 -81.8431
-8.0147 199.031 -81.8601
-27.5299 219.415 -76.2991
-22.8115 178.606 -81.85
-1.21067 160.422 -76.1146
13.8792 176.542 -76.0985
-5.73355 196.889 -81.8669
0.921065 158.438 -74.9212
19.4228 143.067 -58.949
32.7925 157.293 -58.9186
16.0109 174.558 -74.9051
21.0848 141.534 -56.7394
33.7245 131.137 -32.901
45.9141 144.031 -32.8913
34.4546 155.759 -56.709
34.6459 130.292 -29.989
39.1962 126.561 -1.64456
50.9674 138.962 -1.64487
46.8355 143.185 -29.9793
52.3639 140.291 1.52596
48.2332 144.5 29.8762
61.6175 156.001 29.8636
65.2856 151.356 1.52657
47.4052 145.443 32.7883
35.9218 157.206 56.6275
50.6115 169.885 56.5919
60.7895 156.944 32.7757
34.4293 158.913 58.8367
17.6452 176.201 74.7996
34.2398 190.576 74.7765
49.119 171.592 58.8012
15.7313 178.402 75.9932
-3.87882 198.759 81.7426
14.9325 215.092 81.7465
32.326 192.776 75.9701
-5.92772 201.129 81.7361
-25.4389 221.515 76.1614
-4.43012 239.786 76.1776
12.8836 217.462 81.7401
-27.3131 223.691 74.9457
-43.7236 240.88 58.8348
-20.8586 260.771 58.8346
-6.30437 241.962 74.9619
-45.1409 242.528 56.6059
-55.9767 253.89 32.591
-31.8693 274.829 32.583
-22.2758 262.419 56.6057
-56.7349 254.772 29.7009
-60.5071 258.727 1.50246
-35.9672 280.025 1.49603
-32.6276 275.711 29.693
-60.5072 258.726 -1.61657
-56.7349 254.746 -29.8231
-32.6295 275.686 -29.8266
-35.9672 280.023 -1.62299
-55.976 253.862 -32.7149
-45.1258 242.473 -56.7555
-22.2652 262.366 -56.7627
-31.8706 274.801 -32.7183
-43.7075 240.823 -58.9852
-27.2928 223.631 -75.0869
-6.28632 241.905 -75.1098
-20.8468 260.717 -58.9924
-25.418 221.455 -76.3013
-5.90276 201.071 -81.8622
12.908 217.407 -81.8717
-4.4115 239.729 -76.3242
-3.85342 198.702 -81.8668
15.7593 178.354 -76.0984
32.3546 192.732 -76.0801
14.9573 215.038 -81.8763
17.6732 176.155 -74.9024
34.4548 158.89 -58.916
49.1473 171.571 -58.8856
34.2685 190.533 -74.8841
35.946 157.186 -56.7065
47.4055 145.457 -32.8888
60.7965 156.959 -32.8774
50.6385 169.867 -56.6761
48.2321 144.515 -29.9787
52.364 140.292 -1.64423
65.2857 151.356 -1.64363
61.623 156.017 -29.9673
66.8048 152.528 1.52597
63.1367 157.174 29.863
77.5784 167.187 29.8524
80.7412 162.158 1.52742
62.4123 158.202 32.773
52.2343 171.142 56.5892
68.0868 182.189 56.555
76.8541 168.216 32.7624
50.9291 173 58.7973
36.0499 191.984 74.7727
53.9798 204.507 74.7278
66.7816 184.047 58.7631
34.3766 194.376 75.9675
16.9831 216.691 81.7439
37.3533 230.925 81.7109
52.3065 206.899 75.9226
15.1917 219.264 81.7393
-2.122 241.588 76.1768
20.6754 257.519 76.1631
35.5619 233.498 81.7062
-3.76047 243.949 74.9616
-18.3147 262.758 58.8343
6.52676 280.115 58.83
19.0369 259.88 74.9479
-19.5526 264.544 56.605
-29.146 276.954 32.5823
-2.95616 295.246 32.5759
5.28888 281.901 56.6006
-29.8081 277.909 29.6922
-33.1477 282.223 1.49524
-6.48922 300.838 1.49023
-3.61825 296.202 29.6858
-33.1479 282.222 -1.62338
-29.8102 277.884 -29.827
-3.62209 296.178 -29.8291
-6.48939 300.837 -1.62838
-29.1477 276.926 -32.7185
-19.5422 264.492 -56.7629
5.29527 281.852 -56.7626
-2.9596 295.22 -32.7206
-18.3033 262.704 -58.9928
-3.74278 243.892 -75.1101
19.0525 259.826 -75.0998
6.53421 280.064 -58.9925
-2.10355 241.531 -76.3239
15.2159 219.209 -81.8714
35.5855 233.446 -81.8412
20.6917 257.466 -76.3136
17.0079 216.637 -81.8742
34.4052 194.332 -76.078
52.3358 206.857 -76.0359
37.3775 230.874 -81.844
36.0787 191.942 -74.8808
50.9575 172.98 -58.8823
66.8127 184.027 -58.8519
54.0094 204.467 -74.8387
52.2618 171.125 -56.6737
62.4198 158.217 -32.875
76.8678 168.229 -32.8642
68.117 182.173 -56.6433
63.1426 157.19 -29.9666
66.8053 152.529 -1.64293
80.7416 162.159 -1.64148
77.5906 167.202 -29.9558
82.3675 163.163 1.52708
79.2048 168.192 29.852
94.5586 176.618 29.8465
97.1761 171.264 1.52927
78.5924 169.294 32.7605
69.8251 183.267 56.553
86.7025 192.568 56.53
93.9462 177.72 32.7549
68.7228 185.255 58.7595
55.9209 205.715 74.7242
75.0365 216.264 74.6929
85.6002 194.555 58.7365
54.5091 208.271 75.919
39.5559 232.297 81.7073
61.2923 244.289 81.6864
73.6246 218.819 75.8877
38.0447 235.044 81.7041
23.1581 259.066 76.161
47.5035 272.493 76.1547
59.7811 247.036 81.6832
21.7761 261.586 74.9472
9.26599 281.821 58.8292
35.8059 296.454 58.8294
46.1215 275.013 74.9408
8.2221 283.727 56.6002
-0.0229514 297.072 32.5754
27.9635 312.499 32.572
34.762 298.36 56.6004
-0.581325 298.092 29.6852
-3.45229 302.728 1.48967
25.037 318.428 1.48592
27.4051 313.518 29.6819
-3.45255 302.727 -1.62871
-0.585258 298.068 -29.8295
27.3998 313.496 -29.832
25.0368 318.427 -1.63246
-0.0266866 297.046 -32.7207
8.22818 283.678 -56.7627
34.7649 298.315 -56.7639
27.9584 312.474 -32.7232
9.27314 281.77 -58.992
21.7914 261.533 -75.0993
46.1351 274.964 -75.0936
35.8098 296.407 -58.9933
23.1743 259.013 -76.3117
38.0681 234.993 -81.8394
59.804 246.988 -81.819
47.518 272.444 -76.306
39.58 232.247 -81.8407
54.5383 208.23 -76.0325
73.6545 218.78 -76.0023
61.3159 244.242 -81.8203
55.9507 205.676 -74.8354
68.754 185.236 -58.8486
85.6338 194.536 -58.8281
75.0668 216.226 -74.8052
69.8557 183.251 -56.6415
78.6066 169.308 -32.8624
93.9659 177.73 -32.8552
86.7355 192.551 -56.6211
79.2173 168.207 -29.9552
82.3683 163.163 -1.64087
97.177 171.265 -1.63867
94.5766 176.629 -29.948
98.8931 172.091 1.52922
96.2756 177.445 29.8464
112.386 184.192 29.8435
114.424 178.579 1.53208
95.783 178.607 32.7537
88.5394 193.456 56.5288
106.267 200.906 56.513
111.894 185.355 32.7508
87.6539 195.55 58.734
77.0902 217.259 74.6905
97.185 225.713 74.6697
105.381 203.001 58.7183
75.9569 219.95 75.8854
63.6246 245.419 81.6841
86.4879 255.035 81.6719
96.0517 228.404 75.8647
62.4119 248.311 81.6821
50.1342 273.768 76.1535
75.7553 284.54 76.152
85.2752 257.927 81.6698
49.0255 276.42 74.9406
38.7099 297.86 58.8292
66.6508 309.602 58.8317
74.6465 287.191 74.939
37.8725 299.866 56.6002
31.0739 314.004 32.5719
60.5437 326.384 32.5698
65.8134 311.607 56.6027
30.626 315.076 29.6815
28.2579 319.987 1.48556
58.2593 332.588 1.48303
60.0957 327.456 29.6794
28.2576 319.986 -1.63271
30.6206 315.055 -29.8322
60.0895 327.436 -29.8336
58.259 332.587 -1.63524
31.0686 313.98 -32.7233
37.8752 299.821 -56.764
65.8136 311.566 -56.7649
60.5375 326.362 -32.7247
38.7136 297.814 -58.993
49.0389 276.37 -75.0933
74.6587 287.145 -75.0899
66.6521 309.559 -58.9939
50.1487 273.719 -76.3048
62.4347 248.263 -81.8178
85.2977 257.881 -81.804
75.7686 284.494 -76.3014
63.6482 245.372 -81.8179
75.9868 219.911 -76
96.082 228.367 -75.9787
86.5112 254.991 -81.8041
77.1207 217.221 -74.8029
87.6877 195.531 -58.8258
105.417 202.981 -58.8114
97.2159 225.677 -74.7816
88.5728 193.439 -56.6198
95.8031 178.618 -32.8539
111.918 185.361 -32.8481
106.302 200.889 -56.6054
96.2939 177.456 -29.9475
98.8942 172.092 -1.63819
114.425 178.579 -1.63533
112.409 184.199 -29.9416
116.214 179.219 1.53218
114.176 184.832 29.8436
130.875 189.831 29.8426
132.305 184.023 1.5356
113.81 186.042 32.75
108.183 201.594 56.5123
126.571 207.115 56.5021
130.509 191.041 32.749
107.525 203.772 58.7167
99.3291 226.484 74.6681
120.183 232.751 74.6552
125.913 209.293 58.7065
98.4881 229.28 75.8633
88.9243 255.911 81.6705
112.662 263.042 81.6648
119.342 235.547 75.8504
88.0248 258.915 81.6693
78.5049 285.528 76.1515
105.117 293.518 76.1537
111.763 266.045 81.6636
77.6828 288.282 74.9392
69.6871 310.692 58.8319
98.7164 319.403 58.8365
104.295 296.272 74.9414
69.0664 312.775 56.6028
63.7967 327.552 32.5699
94.4193 336.737 32.5693
98.0957 321.486 56.6074
63.4645 328.665 29.6792
61.6281 333.797 1.48282
92.8049 343.147 1.48152
94.0872 337.851 29.6786
61.6277 333.796 -1.63538
63.4583 328.645 -29.8338
94.0806 337.833 -29.8342
92.8046 343.146 -1.63667
63.7903 327.53 -32.7247
69.0664 312.734 -56.765
98.0943 321.449 -56.7656
94.4127 336.717 -32.7252
69.6882 310.65 -58.9937
77.6948 288.236 -75.0897
104.306 296.23 -75.0879
98.716 319.365 -58.9943
78.5181 285.482 -76.3006
88.0472 258.87 -81.8032
111.785 266.003 -81.7939
105.129 293.476 -76.2987
88.9476 255.867 -81.8025
98.5184 229.243 -75.9771
119.373 235.511 -75.9622
112.685 263 -81.7933
99.3601 226.448 -74.78
107.561 203.752 -58.8098
125.95 209.271 -58.7998
120.215 232.716 -74.765
108.219 201.576 -56.6045
113.835 186.048 -32.8472
130.537 191.041 -32.842
126.607 207.095 -56.5945
114.199 184.839 -29.9411
116.215 179.219 -1.63487
132.307 184.023 -1.63145
130.901 189.832 -29.9359
134.15 184.469 1.53581
132.719 190.277 29.8428
149.828 193.474 29.8432
150.632 187.54 1.5396
132.484 191.521 32.7486
128.546 207.595 56.5017
147.393 211.127 56.496
149.593 194.717 32.749
128.124 209.831 58.7056
122.394 233.289 74.6543
143.778 237.299 74.6475
146.971 213.363 58.6999
121.856 236.158 75.8497
115.176 263.653 81.664
139.525 268.217 81.663
143.24 240.169 75.8429
114.601 266.735 81.6636
107.955 294.208 76.1537
135.259 299.322 76.1584
138.949 271.299 81.6625
107.429 297.034 74.9418
101.851 320.164 58.837
131.642 325.739 58.8431
134.734 302.148 74.9466
101.455 322.301 56.6077
97.7782 337.553 32.5696
129.208 343.431 32.5704
131.246 327.876 56.6138
97.5659 338.695 29.6786
96.2837 343.991 1.48147
128.284 349.975 1.48145
128.996 344.574 29.6794
96.2833 343.99 -1.63669
97.5594 338.677 -29.8342
128.99 344.558 -29.8336
128.284 349.974 -1.63671
97.7714 337.533 -32.7252
101.453 322.265 -56.7655
131.243 327.844 -56.7655
129.202 343.413 -32.7246
101.85 320.127 -58.9942
107.441 296.992 -75.0877
134.745 302.109 -75.0865
131.641 325.706 -58.9942
107.967 294.166 -76.2982
114.623 266.693 -81.7934
138.972 271.259 -81.7871
135.272 299.283 -76.2969
115.199 263.611 -81.7922
121.887 236.123 -75.9611
143.271 240.133 -75.9507
139.548 268.177 -81.7859
122.426 233.254 -74.7639
128.161 209.809 -58.7987
147.009 213.339 -58.7919
143.81 237.265 -74.7536
128.583 207.575 -56.5938
132.512 191.52 -32.8413
149.622 194.71 -32.8366
147.43 211.105 -56.587
132.745 190.278 -29.9355
134.151 184.469 -1.63099
150.634 187.54 -1.6272
149.856 193.468 -29.9308
152.511 187.788 1.53988
151.707 193.722 29.8435
169.041 195.084 29.8449
169.208 189.093 1.54383
151.606 194.984 32.7488
149.405 211.394 56.4959
168.505 212.9 56.4932
168.94 196.345 32.7503
149.225 213.662 58.6994
146.032 237.598 74.647
167.708 239.308 74.6439
168.325 215.169 58.6967
145.803 240.509 75.8426
142.088 268.557 81.6628
166.775 270.5 81.6638
167.478 242.218 75.8395
141.844 271.682 81.6628
138.154 299.706 76.1587
165.843 301.881 76.1636
166.531 273.625 81.6638
137.932 302.571 74.9471
134.839 326.162 58.8437
165.055 328.53 58.8495
165.621 304.746 74.9521
134.672 328.329 56.6142
132.635 343.885 32.5707
164.516 346.381 32.5725
164.887 330.697 56.62
132.545 345.043 29.6795
131.833 350.444 1.48154
164.293 352.984 1.48282
164.426 347.539 29.6813
131.833 350.443 -1.63659
132.539 345.027 -29.8335
164.42 347.525 -29.8316
164.293 352.984 -1.63531
132.628 343.867 -32.7244
134.67 328.298 -56.7654
164.885 330.671 -56.7636
164.51 346.365 -32.7225
134.838 326.13 -58.994
137.942 302.533 -75.0863
165.632 304.711 -75.0838
165.054 328.502 -58.9922
138.166 299.667 -76.2965
141.866 271.643 -81.7867
166.553 273.587 -81.781
165.855 301.845 -76.294
142.111 268.517 -81.7851
145.834 240.474 -75.9499
167.509 242.184 -75.9417
166.798 270.462 -81.7794
146.064 237.564 -74.7528
149.262 213.639 -58.791
168.362 215.143 -58.7857
167.739 239.274 -74.7446
149.443 211.371 -56.5865
151.635 194.977 -32.836
168.969 196.333 -32.8316
168.542 212.875 -56.5811
151.734 193.716 -29.9303
152.512 187.788 -1.62674
169.209 189.093 -1.62278
169.069 195.072 -29.9259
171.101 189.141 1.54416
170.934 195.131 29.8452
188.306 194.647 29.8477
187.834 188.669 1.54839
170.968 196.397 32.7502
170.533 212.952 56.4932
189.676 212.42 56.4915
188.34 195.912 32.7527
170.596 215.227 58.6964
169.979 239.366 74.6436
191.706 238.757 74.6395
189.739 214.695 58.6947
170.062 242.284 75.8392
169.358 270.565 81.6635
194.106 269.864 81.6606
191.788 241.675 75.8352
169.449 273.698 81.6639
168.761 301.954 76.1637
196.522 301.159 76.1642
194.196 272.997 81.661
168.845 304.826 74.9525
168.279 328.61 58.8499
198.575 327.737 58.8537
196.606 304.032 74.953
168.343 330.783 56.6203
167.972 346.466 32.5729
199.94 345.543 32.5753
198.639 329.909 56.6241
168.006 347.627 29.6815
167.873 353.072 1.48303
200.422 352.132 1.48529
199.974 346.704 29.684
167.873 353.072 -1.63505
168 347.613 -29.8313
199.968 346.692 -29.8281
200.422 352.132 -1.63279
167.965 346.451 -32.7221
168.341 330.756 -56.7632
198.637 329.887 -56.7578
199.933 345.53 -32.7189
168.278 328.583 -58.9917
168.856 304.791 -75.0833
196.617 304 -75.0747
198.574 327.714 -58.9863
168.773 301.918 -76.2932
169.471 273.661 -81.7802
194.219 272.961 -81.7692
196.534 301.127 -76.2847
169.381 270.527 -81.7784
170.093 242.249 -75.9407
191.82 241.641 -75.9303
194.129 269.828 -81.7674
170.011 239.331 -74.7437
170.634 215.201 -58.7849
189.777 214.666 -58.7794
191.738 238.723 -74.7334
170.571 212.926 -56.5806
170.997 196.384 -32.8311
188.369 195.893 -32.827
189.713 212.392 -56.5751
170.961 195.119 -29.9255
171.102 189.14 -1.62232
187.835 188.669 -1.61809
188.333 194.629 -29.9214
189.721 188.516 1.54883
190.193 194.493 29.8481
207.417 192.167 29.8519
206.311 186.272 1.55367
190.361 195.748 32.7528
191.698 212.255 56.4916
210.679 209.69 56.4914
207.586 193.422 32.7566
192.004 214.51 58.6945
193.97 238.573 74.6392
215.513 235.652 74.6348
210.985 211.945 58.6943
194.364 241.465 75.8347
196.682 269.653 81.6602
221.218 266.314 81.6541
215.907 238.544 75.8303
197.105 272.758 81.6607
199.431 300.92 76.1639
226.953 297.163 76.1607
221.642 269.419 81.6546
199.821 303.767 74.9531
201.789 327.472 58.8538
231.822 323.365 58.8566
227.342 300.01 74.9499
202.084 329.625 56.6245
203.385 345.258 32.5757
235.074 340.924 32.5786
232.117 325.517 56.6272
203.543 346.409 29.6843
203.991 351.838 1.48559
236.256 347.426 1.48829
235.232 342.075 29.6872
203.991 351.837 -1.63247
203.536 346.398 -29.8278
235.225 342.066 -29.824
236.255 347.425 -1.62976
203.378 345.246 -32.7184
202.082 329.603 -56.7573
232.115 325.5 -56.749
235.068 340.914 -32.7146
201.788 327.449 -58.9853
199.832 303.735 -75.0738
227.353 299.981 -75.0601
231.821 323.346 -58.9771
199.443 300.888 -76.2833
197.128 272.722 -81.7678
221.664 269.385 -81.7525
226.965 297.134 -76.2697
196.705 269.617 -81.7661
194.395 241.43 -75.929
215.938 238.509 -75.9175
221.241 266.28 -81.7507
194.002 238.539 -74.7325
192.041 214.481 -58.7785
211.022 211.913 -58.7741
215.545 235.618 -74.721
191.735 212.227 -56.5746
190.391 195.728 -32.8265
207.615 193.396 -32.8228
210.717 209.659 -56.5702
190.22 194.475 -29.9209
189.722 188.515 -1.61764
206.312 186.271 -1.61281
207.444 192.143 -29.9172
208.171 185.919 1.55423
209.278 191.814 29.8525
226.168 187.668 29.8579
224.439 181.926 1.55969
209.58 193.044 32.757
212.673 209.311 56.4918
231.285 204.734 56.4953
226.47 188.898 32.7624
213.218 211.52 58.6942
217.746 235.227 74.6348
238.867 230.021 74.635
231.831 206.943 58.6977
218.446 238.059 75.8299
223.757 265.83 81.6537
247.808 259.888 81.6506
239.567 232.853 75.8301
224.509 268.871 81.6542
229.82 296.615 76.1604
256.791 289.939 76.1582
248.56 262.929 81.6512
230.51 299.403 74.95
234.99 322.758 58.8566
264.416 315.466 58.8598
257.481 292.727 74.9479
235.512 324.867 56.6276
238.47 340.273 32.579
269.517 332.582 32.5823
264.939 317.575 56.6308
238.749 341.401 29.6875
239.773 346.752 1.48864
271.383 338.922 1.49161
269.796 333.709 29.6909
239.773 346.751 -1.6294
238.743 341.392 -29.8237
269.79 333.702 -29.8197
271.383 338.922 -1.62643
238.463 340.263 -32.7139
235.511 324.849 -56.7484
264.938 317.562 -56.7396
269.511 332.573 -32.7099
234.989 322.739 -58.9759
230.522 299.374 -75.0589
257.493 292.702 -75.0454
264.417 315.452 -58.9671
229.833 296.586 -76.2682
224.532 268.837 -81.7509
248.583 262.897 -81.7379
256.804 289.913 -76.2546
223.781 265.796 -81.7494
218.477 238.025 -75.9162
239.598 232.82 -75.9087
247.832 259.856 -81.7363
217.778 235.193 -74.7203
213.255 211.488 -58.7734
231.867 206.909 -58.7722
238.899 229.988 -74.7128
212.71 209.28 -56.5699
209.608 193.017 -32.8225
226.497 188.865 -32.8195
231.322 204.701 -56.5687
209.304 191.789 -29.9168
208.173 185.918 -1.61234
224.44 181.924 -1.60688
226.193 187.637 -29.9137
226.253 181.377 1.56035
227.982 187.119 29.8586
244.356 181.195 29.8655
242.023 175.673 1.5662
228.414 188.309 32.7631
233.229 204.145 56.496
251.267 197.604 56.504
244.787 182.385 32.77
234.007 206.282 58.6982
241.044 229.36 74.6354
261.506 221.924 74.6419
252.045 199.741 58.7063
242.042 232.1 75.8302
250.283 259.135 81.6507
273.577 250.656 81.6523
262.505 224.664 75.8367
251.354 262.077 81.6511
259.585 289.088 76.1581
285.7 279.57 76.1579
274.649 253.599 81.6526
260.567 291.785 74.948
267.503 314.524 58.86
295.988 304.136 58.8638
286.682 282.268 74.9478
268.246 316.566 56.6312
272.824 331.572 32.5828
302.875 320.615 32.5867
296.731 306.177 56.6351
273.222 332.664 29.6913
274.809 337.877 1.49201
305.404 326.724 1.4953
303.273 321.707 29.6952
274.808 337.876 -1.62604
273.215 332.656 -29.8193
303.267 321.702 -29.8152
305.404 326.723 -1.62275
272.818 331.564 -32.7093
268.245 316.553 -56.7389
296.732 306.169 -56.7301
302.869 320.609 -32.7052
267.503 314.511 -58.9659
260.579 291.76 -75.0442
286.695 282.247 -75.032
295.99 304.127 -58.9571
259.598 289.062 -76.2533
251.377 262.046 -81.7366
274.672 253.57 -81.7276
285.714 279.548 -76.2411
250.307 259.103 -81.7354
242.073 232.067 -75.9078
262.536 224.631 -75.906
273.601 250.627 -81.7264
241.075 229.326 -74.7126
234.044 206.248 -58.772
252.081 199.705 -58.7747
261.538 221.891 -74.7108
233.266 204.111 -56.5686
228.441 188.276 -32.8194
244.81 182.346 -32.8172
251.302 197.568 -56.5713
228.007 187.088 -29.9133
226.254 181.375 -1.60642
242.024 175.671 -1.60057
244.377 181.158 -29.9111
243.771 174.934 1.56696
246.104 180.455 29.8663
261.781 172.814 29.8747
258.873 167.579 1.57298
246.66 181.591 32.771
253.14 196.81 56.505
270.403 188.373 56.5182
262.337 173.949 32.7795
254.141 198.85 58.7074
263.603 221.033 74.643
283.179 211.447 74.6567
271.405 190.412 58.7206
264.887 223.65 75.8374
275.96 249.643 81.6531
298.236 238.722 81.6602
284.463 214.064 75.8512
277.337 252.453 81.6529
288.389 278.425 76.1582
313.352 266.177 76.1604
299.613 241.533 81.66
289.651 281.003 74.9482
298.957 302.87 58.8642
326.178 289.508 58.8688
314.614 268.754 74.9504
299.912 304.821 56.6356
306.056 319.259 32.5872
334.769 305.169 32.5917
327.133 291.459 56.6402
306.567 320.303 29.6956
308.698 325.32 1.49575
337.931 310.978 1.49935
335.28 306.213 29.7001
308.698 325.319 -1.62236
306.561 320.298 -29.8148
335.275 306.209 -29.8107
337.93 310.978 -1.61875
306.05 319.253 -32.7045
299.913 304.813 -56.7295
327.137 291.455 -56.7211
334.764 305.164 -32.7004
298.959 302.861 -58.9561
289.664 280.981 -75.031
314.628 268.736 -75.0209
326.183 289.503 -58.9478
288.403 278.403 -76.2401
277.361 252.425 -81.7266
299.637 241.506 -81.7228
313.367 266.158 -76.23
275.984 249.613 -81.7261
264.918 223.618 -75.9057
284.494 214.033 -75.9107
298.26 238.695 -81.7223
263.634 221.001 -74.7111
254.177 198.815 -58.775
271.438 190.376 -58.7824
283.21 211.416 -74.7162
253.174 196.774 -56.5715
246.682 181.552 -32.8174
262.354 173.906 -32.8163
270.436 188.336 -56.5789
246.124 180.418 -29.9106
243.772 174.931 -1.60014
258.874 167.577 -1.59412
261.796 172.773 -29.9096
260.536 166.657 1.57382
263.444 171.891 29.8756
278.254 162.612 29.8857
274.808 157.728 1.57984
264.117 172.959 32.7808
272.184 187.383 56.5196
288.483 177.138 56.5386
278.928 163.68 32.791
273.397 189.302 58.7224
285.171 210.337 74.6586
303.643 198.705 74.6804
289.696 179.058 58.7414
286.727 212.801 75.8527
300.499 237.459 81.6617
321.508 224.219 81.6749
305.199 201.169 75.8745
302.167 240.107 81.6608
315.905 264.751 76.1612
339.436 249.912 76.1661
323.175 226.867 81.6741
317.432 267.179 74.9509
328.996 287.933 58.8693
354.646 271.754 58.8746
340.963 252.341 74.9558
330.152 289.772 56.6408
337.788 303.482 32.5924
364.84 286.426 32.5974
355.802 273.593 56.6461
338.406 304.467 29.7006
341.057 309.232 1.49985
368.597 291.873 1.5037
365.458 287.411 29.7057
341.057 309.232 -1.61836
338.401 304.463 -29.8103
365.455 287.409 -29.8064
368.597 291.873 -1.61451
337.783 303.478 -32.6998
330.156 289.768 -56.7205
355.81 273.593 -56.7128
364.837 286.424 -32.6959
329.001 287.929 -58.9469
317.447 267.162 -75.02
340.98 252.326 -75.0126
354.655 271.753 -58.9392
315.921 264.732 -76.2295
302.191 240.081 -81.7223
323.2 226.843 -81.7246
339.454 249.896 -76.2221
300.524 237.432 -81.7227
286.757 212.77 -75.9112
305.229 201.14 -75.924
321.533 224.195 -81.725
285.202 210.306 -74.7172
273.431 189.266 -58.7834
289.727 179.022 -58.7962
303.674 198.675 -74.73
272.216 187.346 -56.5794
264.135 172.916 -32.8168
278.94 163.634 -32.8174
288.513 177.101 -56.5922
263.459 171.85 -29.9092
260.537 166.654 -1.59375
274.809 157.725 -1.58773
278.264 162.568 -29.9098
276.368 156.632 1.58078
279.815 161.516 29.8866
293.6 150.696 29.8985
289.659 146.222 1.58665
280.598 162.504 32.7928
290.152 175.963 56.5404
305.309 164.019 56.5662
294.384 151.684 32.8046
291.563 177.74 58.7441
305.51 197.387 74.683
322.675 183.835 74.7139
306.72 165.797 58.7698
307.318 199.67 75.8768
323.627 222.72 81.6773
343.137 207.308 81.697
324.483 186.118 75.9077
325.565 225.176 81.6754
341.826 248.222 76.1674
363.664 230.963 76.1748
345.074 209.764 81.6951
343.6 250.475 74.9566
357.282 269.889 58.8754
381.077 251.084 58.8813
365.438 233.217 74.964
358.625 271.597 56.6468
367.663 284.43 32.5982
392.753 264.612 32.6038
382.419 252.792 56.6528
368.381 285.344 29.7063
371.52 289.806 1.50425
397.062 269.638 1.50821
393.471 265.526 29.7119
371.52 289.806 -1.61413
368.378 285.342 -29.806
393.47 265.525 -29.8025
397.062 269.638 -1.61017
367.66 284.427 -32.6954
358.633 271.596 -56.7123
382.431 252.794 -56.7056
392.752 264.611 -32.6919
357.291 269.888 -58.9386
343.616 250.461 -75.012
365.457 233.205 -75.0075
381.09 251.086 -58.9318
341.843 248.206 -76.2221
325.589 225.153 -81.7246
345.1 209.743 -81.7335
363.684 230.951 -76.2176
323.653 222.697 -81.7262
307.348 199.642 -75.9252
324.513 186.091 -75.9471
343.163 207.287 -81.7351
305.54 197.357 -74.7318
291.594 177.703 -58.798
306.748 165.761 -58.8172
322.705 183.807 -74.7537
290.182 175.925 -56.5931
280.609 162.458 -32.8183
294.388 151.637 -32.8207
305.336 163.983 -56.6124
279.824 161.472 -29.9095
276.369 156.63 -1.58746
289.659 146.219 -1.58158
293.603 150.651 -29.9119
291.099 144.964 1.58767
295.041 149.438 29.8995
307.656 137.189 29.9131
303.269 133.179 1.59329
295.924 150.335 32.8069
306.85 162.67 56.5685
320.701 149.153 56.6013
308.539 138.085 32.8205
308.44 164.285 58.7734
324.395 182.323 74.7174
340.067 166.996 74.7581
322.292 150.768 58.8062
326.435 184.401 75.9109
345.088 205.591 81.7002
362.886 188.177 81.7267
342.106 169.074 75.9515
347.273 207.829 81.6969
365.863 229.028 76.1766
385.771 209.547 76.1863
365.071 190.415 81.7234
367.863 231.083 74.965
383.501 248.95 58.8823
405.181 227.74 58.8883
387.771 211.602 74.9746
385.015 250.508 56.6535
395.349 262.328 32.6046
418.204 239.985 32.6106
406.694 229.298 56.6596
396.159 263.163 29.7125
399.75 267.275 1.5088
423.016 244.54 1.5127
419.014 240.82 29.7185
399.75 267.275 -1.60982
396.157 263.162 -29.8021
419.014 240.82 -29.7992
423.016 244.54 -1.60592
395.348 262.327 -32.6915
385.027 250.511 -56.7052
406.71 229.302 -56.6993
418.205 239.985 -32.6886
383.515 248.952 -58.9315
367.882 231.072 -75.0071
387.792 211.593 -75.0056
405.198 227.744 -58.9256
365.883 229.015 -76.2182
347.299 207.808 -81.7341
365.098 190.397 -81.7503
385.793 209.537 -76.2166
345.115 205.57 -81.7372
326.464 184.374 -75.9492
342.135 169.05 -75.981
362.913 188.158 -81.7534
324.425 182.295 -74.7563
308.468 164.249 -58.8199
322.317 150.734 -58.8461
340.096 166.971 -74.7882
306.876 162.634 -56.6138
295.928 150.288 -32.8221
308.536 138.039 -32.8264
320.725 149.118 -56.64
295.043 149.393 -29.9117
291.099 144.962 -1.58143
303.269 133.177 -1.57581
307.651 137.144 -29.916
304.575 131.773 1.59438
308.962 135.782 29.9142
320.274 122.227 29.929
315.499 118.732 1.59967
309.934 136.576 32.8233
322.096 147.644 56.6041
334.496 132.692 56.6437
321.246 123.02 32.8381
323.848 149.078 58.8107
341.623 165.306 74.7625
355.634 148.365 74.8121
336.248 134.125 58.8503
343.869 167.156 75.9556
364.65 186.259 81.7307
380.547 167.034 81.7624
357.881 150.216 76.0051
367.056 188.256 81.7256
387.756 207.388 76.1885
405.521 185.906 76.1988
382.953 169.031 81.7573
389.958 209.224 74.9757
407.368 225.362 58.8894
426.702 201.994 58.8947
407.723 187.742 74.986
409.035 226.755 56.6604
420.545 237.442 32.6114
440.924 212.839 32.6174
428.369 203.387 56.6658
421.438 238.189 29.7191
425.44 241.909 1.5133
446.185 216.879 1.51692
441.817 213.586 29.7251
425.44 241.909 -1.60563
421.438 238.189 -29.7989
441.819 213.586 -29.7967
446.185 216.879 -1.60201
420.546 237.442 -32.6883
409.052 226.759 -56.6991
428.39 203.393 -56.6937
440.927 212.839 -32.6861
407.386 225.366 -58.9254
389.98 209.215 -75.0054
407.747 187.736 -75.0056
426.724 201.999 -58.9201
387.778 207.378 -76.2177
367.083 188.238 -81.7513
382.981 169.016 -81.7736
405.546 185.899 -76.2179
364.677 186.241 -81.7565
343.899 167.132 -75.984
357.91 150.194 -76.0252
380.575 167.019 -81.7787
341.652 165.281 -74.7917
323.873 149.044 -58.8497
336.27 134.095 -58.8825
355.663 148.343 -74.8329
322.119 147.609 -56.6419
309.93 136.53 -32.8283
321.236 122.978 -32.8342
334.516 132.66 -56.6747
308.957 135.738 -29.916
304.574 131.77 -1.57577
315.498 118.73 -1.57048
320.263 122.185 -29.9218
316.657 117.191 1.60078
321.433 120.685 29.9301
331.329 105.958 29.9444
326.228 103.023 1.60568
322.481 121.367 32.8412
335.731 131.038 56.6468
346.552 114.8 56.69
332.377 106.64 32.8555
337.623 132.275 58.8554
357.009 146.515 74.8172
369.216 128.134 74.8716
348.443 116.036 58.8985
359.437 148.118 76.0097
382.103 164.937 81.767
395.935 144.106 81.7992
371.644 129.737 76.064
384.703 166.672 81.7596
407.271 183.548 76.2011
422.711 160.306 76.2081
398.535 145.842 81.7918
409.651 185.147 74.9869
428.629 199.399 58.8956
445.422 174.146 58.8982
425.09 161.905 74.9939
430.431 200.614 56.6665
442.986 210.066 32.6181
460.685 183.494 32.6235
447.223 175.361 56.669
443.951 210.719 29.7257
448.32 214.012 1.5175
466.339 186.984 1.52057
461.65 184.147 29.731
448.32 214.012 -1.6018
443.954 210.719 -29.7965
461.655 184.148 -29.7948
466.339 186.984 -1.59872
442.989 210.066 -32.6859
430.452 200.62 -56.6935
447.249 175.367 -56.687
460.69 183.495 -32.6841
428.652 199.404 -58.9199
409.675 185.14 -75.0054
425.118 161.901 -75.004
445.449 174.152 -58.9134
407.296 183.54 -76.2192
384.731 166.657 -81.7749
398.564 145.83 -81.799
422.738 160.301 -76.2178
382.131 164.921 -81.7824
359.466 148.097 -76.0288
371.673 129.72 -76.0753
395.964 144.094 -81.8064
357.038 146.493 -74.8372
337.645 132.244 -58.8867
348.464 116.01 -58.923
369.245 128.116 -74.8837
335.751 131.007 -56.6769
322.471 121.324 -32.8364
332.362 106.603 -32.8419
346.57 114.773 -56.7132
321.422 120.644 -29.9219
316.657 117.188 -1.57052
326.227 103.021 -1.56562
331.313 105.922 -29.9274
327.227 101.361 1.60655
332.329 104.296 29.9452
340.717 88.5391 29.952
335.358 86.2022 1.61101
333.441 104.858 32.8582
347.615 113.018 56.6927
356.752 95.6513 56.7272
341.829 89.1008 32.865
349.624 114.044 58.9033
370.397 126.141 74.8763
380.678 106.505 74.9201
358.762 96.6769 58.9378
372.977 127.482 76.068
397.269 141.85 81.8031
408.898 119.633 81.8207
383.259 107.845 76.1118
400.033 143.309 81.7932
424.209 157.773 76.2095
437.172 133.028 76.2019
411.662 121.092 81.8108
426.738 159.122 74.994
447.07 171.363 58.8983
461.16 144.514 58.8916
439.701 134.377 74.9864
448.986 172.391 56.6694
462.447 180.524 32.6238
477.302 152.295 32.6258
463.076 145.541 56.6626
463.475 181.077 29.7315
468.164 183.914 1.52102
483.29 155.207 1.52328
478.33 152.848 29.7334
468.164 183.914 -1.59853
463.48 181.077 -29.7946
478.337 152.848 -29.7913
483.29 155.207 -1.59626
462.453 180.524 -32.6837
449.012 172.397 -56.6865
463.107 145.547 -56.6732
477.31 152.295 -32.6804
447.097 171.369 -58.9127
426.766 159.118 -75.0033
439.732 134.375 -74.9896
461.192 144.519 -58.8994
424.237 157.768 -76.2185
400.062 143.298 -81.7997
411.694 121.084 -81.8109
437.203 133.025 -76.2047
397.298 141.838 -81.8096
373.007 127.465 -76.0785
383.289 107.832 -76.1153
408.929 119.625 -81.8209
370.425 126.124 -74.8877
349.645 114.018 -58.927
358.782 96.6575 -58.9543
380.708 106.491 -74.9245
347.633 112.992 -56.715
333.425 104.822 -32.8438
341.811 89.0721 -32.842
356.77 95.6309 -56.7423
332.312 104.261 -29.9273
327.226 101.36 -1.56548
335.357 86.2006 -1.56102
340.698 88.5116 -29.9254
336.191 84.4366 1.61076
341.55 86.7735 29.9518
348.381 70.1341 29.9272
342.839 68.4272 1.61463
342.711 87.2079 32.865
357.635 93.7583 56.7272
365.022 75.4294 56.7103
349.542 70.5685 32.8404
359.737 94.5617 58.9388
381.653 104.389 74.9211
389.92 83.6897 74.902
367.125 76.2328 58.9219
384.357 105.454 76.1115
409.996 117.242 81.8204
419.311 93.8686 81.7732
392.624 84.7541 76.0923
412.893 118.413 81.8082
438.402 130.349 76.1993
448.761 104.369 76.1385
422.207 95.039 81.761
441.053 131.438 74.9835
462.513 141.575 58.8887
473.767 113.428 58.8483
451.412 105.457 74.9227
464.523 142.407 56.6613
478.748 149.16 32.6245
490.62 119.592 32.6115
475.777 114.261 56.621
479.828 149.61 29.7333
484.788 151.969 1.52318
496.883 121.907 1.52446
491.7 120.041 29.7203
484.789 151.969 -1.59575
479.835 149.61 -29.7908
491.71 120.041 -29.775
496.883 121.907 -1.59446
478.757 149.161 -32.6786
464.554 142.413 -56.6713
475.813 114.265 -56.6275
490.632 119.592 -32.6628
462.545 141.58 -58.896
441.085 131.436 -74.9861
451.447 105.457 -74.9219
473.804 113.433 -58.8521
438.433 130.346 -76.2015
412.924 118.405 -81.8078
422.241 95.0346 -81.7564
448.795 104.367 -76.1373
410.028 117.234 -81.8199
384.388 105.442 -76.1144
392.656 84.7472 -76.0895
419.345 93.8638 -81.7686
381.683 104.377 -74.9248
359.758 94.5429 -58.9545
367.147 76.2221 -58.9299
389.952 83.6824 -74.8999
357.653 93.7389 -56.7414
342.693 87.1801 -32.8411
349.525 70.5516 -32.8079
365.042 75.4181 -56.7168
341.531 86.7465 -29.9242
336.19 84.4355 -1.55981
342.838 68.4261 -1.55594
348.363 70.1179 -29.8911
343.508 66.5747 1.61023
349.05 68.2816 29.9228
354.392 50.9195 29.7866
348.758 49.8618 1.61292
350.243 68.5835 32.8292
365.723 73.4445 56.6991
371.388 54.3433 56.4826
355.585 51.2214 32.693
367.89 74.0172 58.907
390.685 81.4741 74.8871
396.904 59.9347 74.6159
373.554 54.9161 58.6906
393.477 82.2537 76.0744
420.164 91.3682 81.7552
427.068 67.0897 81.4524
399.696 60.7144 75.8032
423.157 92.2423 81.7421
449.71 101.572 76.1196
457.318 74.6333 75.8456
430.061 67.9638 81.4393
452.452 102.394 74.9075
474.807 110.365 58.8331
483.042 81.2162 58.6444
460.06 75.4556 74.6335
476.889 110.998 56.6121
491.732 116.329 32.6027
500.416 85.7256 32.5151
485.125 81.8491 56.4234
492.853 116.672 29.7177
498.036 118.538 1.52185
506.887 87.429 1.52254
501.536 86.0682 29.6302
498.036 118.538 -1.59166
492.863 116.671 -29.7722
501.552 86.0664 -29.6846
506.888 87.4289 -1.59097
491.745 116.328 -32.6539
476.926 111.002 -56.6185
485.168 81.851 -56.4313
500.434 85.7239 -32.5663
474.845 110.369 -58.8367
452.488 102.394 -74.9065
460.099 75.4555 -74.6321
483.087 81.2181 -58.6494
449.746 101.571 -76.1182
423.192 92.2382 -81.7373
430.098 67.9627 -81.4329
457.356 74.6329 -75.8438
420.198 91.3639 -81.7502
393.51 82.2473 -76.0711
399.731 60.7137 -75.796
427.104 67.0885 -81.4458
390.718 81.4676 -74.8843
367.913 74.0074 -58.9143
373.583 54.9166 -58.6889
396.939 59.9339 -74.6091
365.743 73.4343 -56.7047
350.227 68.5679 -32.7958
355.576 51.22 -32.6511
371.413 54.3436 -56.4793
349.032 68.2661 -29.8858
343.507 66.5742 -1.55067
348.758 49.8613 -1.54797
354.381 50.9183 -29.7411
349.295 47.9415 1.59425
354.928 48.9992 29.7679
359.287 31.0965 29.2609
353.691 30.6571 1.59399
356.13 49.1695 32.6418
371.933 52.2914 56.4314
376.261 32.7111 55.5058
360.489 31.2668 32.1347
374.124 52.6328 58.6163
397.474 57.6514 74.5416
401.822 35.6486 73.3103
378.452 33.0525 57.6907
400.303 58.142 75.7155
427.674 64.5174 81.3647
432.074 39.7229 80.0112
404.651 36.1392 74.4842
430.71 65.0885 81.3517
457.967 71.7579 75.758
462.451 44.2178 74.5171
435.11 40.294 79.9982
460.751 72.3065 74.5606
483.734 78.0671 58.5715
488.32 48.2263 57.6329
465.235 44.7664 73.3196
485.851 78.494 56.3763
501.143 82.3705 32.468
505.812 51.0064 31.9717
490.437 48.6532 55.4377
502.283 82.6028 29.6142
507.634 83.9636 1.50658
512.347 52.0713 1.50911
506.953 51.2387 29.1179
507.635 83.9635 -1.57485
502.3 82.601 -29.6685
506.985 51.238 -29.1738
512.349 52.0712 -1.57233
501.162 82.3686 -32.5196
485.895 78.4956 -56.3846
490.489 48.6518 -55.4571
505.846 51.0056 -32.0249
483.779 78.0688 -58.577
460.791 72.3062 -74.5596
465.275 44.7645 -73.3203
488.373 48.225 -57.6495
458.006 71.7576 -75.7561
430.747 65.0875 -81.3453
435.147 40.2948 -79.9922
462.49 44.2159 -74.5168
427.711 64.5166 -81.3579
400.338 58.1417 -75.7081
404.686 36.1447 -74.4753
432.111 39.7239 -80.0049
397.509 57.6515 -74.5341
374.152 52.6341 -58.6139
378.488 33.0639 -57.6765
401.857 35.6544 -73.3014
371.96 52.2931 -56.4271
356.122 49.1696 -32.5989
360.498 31.2831 -32.0859
376.295 32.723 -55.4897
354.919 48.9989 -29.7219
349.295 47.9419 -1.52876
353.691 30.6576 -1.52903
359.294 31.1124 -29.2089
354.228 28.7513 1.53277
359.824 29.1906 29.1997
365.056 12.3888 27.9327
359.768 11.8544 1.52878
360.978 29.3033 31.97
376.75 30.7476 55.3411
381.185 14.153 53.0367
366.21 12.5015 30.7031
378.873 30.9799 57.4621
402.243 33.5761 73.0818
405.595 17.0667 70.0809
383.308 14.3853 55.1577
405.006 33.9175 74.2328
432.429 37.5011 79.7598
434.567 20.8299 76.5115
408.357 17.4081 71.2319
435.409 37.9054 79.7623
462.749 41.8292 74.2812
463.723 24.8492 71.3016
437.547 21.2341 76.5141
465.492 42.2229 73.1318
488.578 45.6828 57.4451
488.616 28.4175 55.2017
466.466 25.2429 70.1523
490.671 45.9925 55.3188
506.047 48.3456 31.8528
505.492 30.8866 30.6592
490.709 28.7272 53.0754
507.178 48.5149 29.0774
512.572 49.3475 1.46861
511.812 31.8042 1.47247
506.623 31.0559 27.8838
512.573 49.3467 -1.5317
507.209 48.5135 -29.1332
506.647 31.0279 -27.9298
511.814 31.8035 -1.52784
506.081 48.3436 -31.9057
490.723 45.9898 -55.338
490.752 28.7033 -53.0865
505.518 30.858 -30.7023
488.63 45.6808 -57.4616
465.532 42.2202 -73.1324
466.5 25.2374 -70.1526
488.659 28.3943 -55.2101
462.788 41.8272 -74.281
435.445 37.9061 -79.7564
437.576 21.2359 -76.5095
463.756 24.8444 -71.3012
432.465 37.5025 -79.7535
405.041 33.9233 -74.224
408.386 17.4185 -71.2255
434.597 20.8322 -76.5066
402.278 33.5831 -73.0728
378.909 30.9926 -57.4479
383.336 14.4199 -55.1495
405.624 17.0783 -70.0743
376.785 30.7613 -55.3248
360.987 29.3215 -31.921
366.215 12.5426 -30.6615
381.211 14.1886 -53.0264
359.831 29.2076 -29.1478
354.229 28.7528 -1.46788
359.769 11.8559 -1.47187
365.059 12.4287 -27.8883
360.417 10.0191 1.44883
365.705 10.5535 27.8528
371.856 -5.67641 26.2237
366.942 -6.25536 1.43392
366.791 10.6784 30.4788
381.766 12.3299 52.8125
386.915 -3.81087 49.864
372.943 -5.55159 28.8498
383.77 12.5725 54.8241
406.058 15.2539 69.7473
409.811 -0.906781 65.9202
388.919 -3.56825 51.8756
408.673 15.5873 70.8379
434.882 19.0091 76.1176
437.042 2.6484 71.9475
412.426 -0.57339 67.0109
437.708 19.386 76.1189
463.884 23.001 70.9064
464.455 6.31476 67.0058
439.867 3.02526 71.9488
466.489 23.3609 69.8169
488.638 26.5355 54.8663
487.858 9.53978 51.85
467.059 6.67459 65.9162
490.627 26.8175 52.8521
505.41 28.977 30.4359
503.718 11.7605 28.8062
489.847 9.82185 49.8359
506.485 29.1299 27.8064
511.674 29.8782 1.39498
509.661 12.5668 1.4098
504.793 11.9134 26.1766
511.675 29.876 -1.44837
506.508 29.1005 -27.8503
504.809 11.8616 -26.1977
509.662 12.5645 -1.43355
505.435 28.9458 -30.4778
490.669 26.791 -52.8619
489.872 9.77835 -49.8427
503.736 11.7069 -28.8251
488.68 26.5111 -54.8744
466.522 23.3542 -69.8169
467.076 6.66874 -65.9186
487.883 9.49843 -51.8552
463.916 22.9961 -70.9061
437.737 19.3877 -76.1145
439.881 3.02591 -71.9465
464.471 6.31067 -67.0079
434.911 19.0115 -76.1128
408.701 15.5977 -70.8316
412.439 -0.565879 -67.0049
437.055 2.64975 -71.9448
406.086 15.2665 -69.741
383.797 12.6081 -54.8162
388.928 -3.51927 -51.8696
409.824 -0.897114 -65.9142
381.791 12.3679 -52.8032
366.795 10.7218 -30.4384
372.939 -5.48923 -28.8308
386.922 -3.75951 -49.8567
365.708 10.5947 -27.8102
360.417 10.0219 -1.39379
366.942 -6.25263 -1.40869
371.852 -5.61639 -26.2027
367.733 -7.95295 1.32368
372.647 -7.374 26.1135
380.403 -21.7718 23.7648
375.98 -22.3934 1.31304
373.644 -7.24343 28.5406
387.616 -5.50271 49.5548
393.999 -19.8821 45.2223
381.4 -21.6413 26.1919
389.462 -5.26078 51.4138
410.353 -2.59931 65.4584
414.728 -17.1099 59.752
395.845 -19.6401 47.0813
412.764 -2.28287 66.4624
437.38 0.938917 71.399
439.376 -13.843 65.1478
417.139 -16.7934 60.756
439.986 1.28399 71.3952
464.574 4.57349 66.4522
464.166 -10.5661 60.6194
441.982 -13.4979 65.144
466.976 4.89539 65.4427
487.775 7.76058 51.3765
485.332 -7.76895 46.8898
466.569 -10.2442 59.6099
489.609 8.0092 49.5184
503.479 9.94788 28.4886
499.68 -5.8709 26.0667
487.166 -7.52034 45.0317
504.47 10.0819 26.0666
509.338 10.7352 1.2998
505.06 -5.15849 1.30993
500.67 -5.73691 23.6447
509.339 10.7338 -1.31998
504.486 10.0309 -26.0841
500.67 -5.7385 -23.6446
505.06 -5.15992 -1.30985
503.496 9.89562 -28.5064
489.632 7.96706 -49.524
487.166 -7.52342 -45.0322
499.68 -5.87376 -26.067
487.798 7.71985 -51.382
466.991 4.89017 -65.4454
466.569 -10.2459 -59.6103
485.332 -7.77062 -46.8901
464.588 4.56946 -66.4544
439.999 1.2847 -71.393
441.982 -13.4985 -65.1438
464.167 -10.5667 -60.6192
437.393 0.939937 -71.3966
412.776 -2.2757 -66.4567
417.14 -16.7935 -60.7556
439.376 -13.8432 -65.1474
410.364 -2.5909 -65.4523
389.469 -5.21306 -51.4077
395.845 -19.6388 -47.0806
414.728 -17.1087 -59.7512
387.623 -5.45336 -49.5486
373.639 -7.18308 -28.5227
381.4 -21.6382 -26.1911
393.999 -19.8791 -45.2215
372.642 -7.31503 -26.0961
367.733 -7.95127 -1.3021
375.98 -22.3917 -1.31274
380.403 -21.7701 -23.7645
-37.3918 1.22828 25.6039
-32.5291 -0.168136 0.0188466
-37.3949 1.12173 -25.5782
-51.304 5.04264 -47.3899
-72.1895 11.1957 -62.0397
-96.8321 18.742 -67.1924
-121.393 26.5213 -62.0249
-142.077 33.27 -47.3788
-155.799 37.8295 -25.5901
-160.612 39.416 -0.00164755
-155.84 37.7895 25.5984
-142.113 33.2428 47.4006
-121.403 26.5418 62.0464
-96.8269 18.8008 67.211
-72.177 11.2879 62.0547
-51.2926 5.16952 47.4028
382.635 -22.3855 1.31945e-05
387.058 -21.764 22.4517
399.656 -20.0048 41.4821
418.539 -17.4746 54.1528
440.776 -14.5241 58.5446
462.96 -11.5923 54.02
481.723 -9.11705 41.3
494.237 -7.4676 22.335
498.627 -6.88918 0.000239176
494.237 -7.46776 -22.3346
481.723 -9.11742 -41.2997
462.96 -11.5927 -54.0199
440.776 -14.5245 -58.5445
418.539 -17.4748 -54.1527
399.656 -20.0049 -41.4821
387.058 -21.764 -22.4517
</DataArray>
</Points>
<Cells>
<DataArray type="Int32" Name="connectivity" format="ascii">
0 1 2 3 
4 5 6 7 
8 9 10 11 
12 13 14 15 
16 17 18 19 
20 21 22 23 
24 25 26 27 
28 29 30 31 
32 33 34 35 
36 37 38 39 
40 41 42 43 
44 45 46 47 
48 49 50 51 
52 53 54 55 
56 57 58 59 
60 61 62 63 
64 65 66 67 
68 69 70 71 
72 73 74 75 
76 77 78 79 
80 81 82 83 
84 85 86 87 
88 89 90 91 
92 93 94 95 
96 97 98 99 
100 101 102 103 
104 105 106 107 
108 109 110 111 
112 113 114 115 
116 117 118 119 
120 121 122 123 
124 125 126 127 
128 129 130 131 
132 133 134 135 
136 137 138 139 
140 141 142 143 
144 145 146 147 
148 149 150 151 
152 153 154 155 
156 157 158 159 
160 161 162 163 
164 165 166 167 
168 169 170 171 
172 173 174 175 
176 177 178 179 
180 181 182 183 
184 185 186 187 
188 189 190 191 
192 193 194 195 
196 197 198 199 
200 201 202 203 
204 205 206 207 
208 209 210 211 
212 213 214 215 
216 217 218 219 
220 221 222 223 
224 225 226 227 
228 229 230 231 
232 233 234 235 
236 237 238 239 
240 241 242 243 
244 245 246 247 
248 249 250 251 
252 253 254 255 
256 257 258 259 
260 261 262 263 
264 265 266 267 
268 269 270 271 
272 273 274 275 
276 277 278 279 
280 281 282 283 
284 285 286 287 
288 289 290 291 
292 293 294 295 
296 297 298 299 
300 301 302 303 
304 305 306 307 
308 309 310 311 
312 313 314 315 
316 317 318 319 
320 321 322 323 
324 325 326 327 
328 329 330 331 
332 333 334 335 
336 337 338 339 
340 341 342 343 
344 345 346 347 
348 349 350 351 
352 353 354 355 
356 357 358 359 
360 361 362 363 
364 365 366 367 
368 369 370 371 
372 373 374 375 
376 377 378 379 
380 381 382 383 
384 385 386 387 
388 389 390 391 
392 393 394 395 
396 397 398 399 
400 401 402 403 
404 405 406 407 
408 409 410 411 
412 413 414 415 
416 417 418 419 
420 421 422 423 
424 425 426 427 
428 429 430 431 
432 433 434 435 
436 437 438 439 
440 441 442 443 
444 445 446 447 
448 449 450 451 
452 453 454 455 
456 457 458 459 
460 461 462 463 
464 465 466 467 
468 469 470 471 
472 473 474 475 
476 477 478 479 
480 481 482 483 
484 485 486 487 
488 489 490 491 
492 493 494 495 
496 497 498 499 
500 501 502 503 
504 505 506 507 
508 509 510 511 
512 513 514 515 
516 517 518 519 
520 521 522 523 
524 525 526 527 
528 529 530 531 
532 533 534 535 
536 537 538 539 
540 541 542 543 
544 545 546 547 
548 549 550 551 
552 553 554 555 
556 557 558 559 
560 561 562 563 
564 565 566 567 
568 569 570 571 
572 573 574 575 
576 577 578 579 
580 581 582 583 
584 585 586 587 
588 589 590 591 
592 593 594 595 
596 597 598 599 
600 601 602 603 
604 605 606 607 
608 609 610 611 
612 613 614 615 
616 617 618 619 
620 621 622 623 
624 625 626 627 
628 629 630 631 
632 633 634 635 
636 637 638 639 
640 641 642 643 
644 645 646 647 
648 649 650 651 
652 653 654 655 
656 657 658 659 
660 661 662 663 
664 665 666 667 
668 669 670 671 
672 673 674 675 
676 677 678 679 
680 681 682 683 
684 685 686 687 
688 689 690 691 
692 693 694 695 
696 697 698 699 
700 701 702 703 
704 705 706 707 
708 709 710 711 
712 713 714 715 
716 717 718 719 
720 721 722 723 
724 725 726 727 
728 729 730 731 
732 733 734 735 
736 737 738 739 
740 741 742 743 
744 745 746 747 
748 749 750 751 
752 753 754 755 
756 757 758 759 
760 761 762 763 
764 765 766 767 
768 769 770 771 
772 773 774 775 
776 777 778 779 
780 781 782 783 
784 785 786 787 
788 789 790 791 
792 793 794 795 
796 797 798 799 
800 801 802 803 
804 805 806 807 
808 809 810 811 
812 813 814 815 
816 817 818 819 
820 821 822 823 
824 825 826 827 
828 829 830 831 
832 833 834 835 
836 837 838 839 
840 841 842 843 
844 845 846 847 
848 849 850 851 
852 853 854 855 
856 857 858 859 
860 861 862 863 
864 865 866 867 
868 869 870 871 
872 873 874 875 
876 877 878 879 
880 881 882 883 
884 885 886 887 
888 889 890 891 
892 893 894 895 
896 897 898 899 
900 901 902 903 
904 905 906 907 
908 909 910 911 
912 913 914 915 
916 917 918 919 
920 921 922 923 
924 925 926 927 
928 929 930 931 
932 933 934 935 
936 937 938 939 
940 941 942 943 
944 945 946 947 
948 949 950 951 
952 953 954 955 
956 957 958 959 
960 961 962 963 
964 965 966 967 
968 969 970 971 
972 973 974 975 
976 977 978 979 
980 981 982 983 
984 985 986 987 
988 989 990 991 
992 993 994 995 
996 997 998 999 
1000 1001 1002 1003 
1004 1005 1006 1007 
1008 1009 1010 1011 
1012 1013 1014 1015 
1016 1017 1018 1019 
1020 1021 1022 1023 
1024 1025 1026 1027 
1028 1029 1030 1031 
1032 1033 1034 1035 
1036 1037 1038 1039 
1040 1041 1042 1043 
1044 1045 1046 1047 
1048 1049 1050 1051 
1052 1053 1054 1055 
1056 1057 1058 1059 
1060 1061 1062 1063 
1064 1065 1066 1067 
1068 1069 1070 1071 
1072 1073 1074 1075 
1076 1077 1078 1079 
1080 1081 1082 1083 
1084 1085 1086 1087 
1088 1089 1090 1091 
1092 1093 1094 1095 
1096 1097 1098 1099 
1100 1101 1102 1103 
1104 1105 1106 1107 
1108 1109 1110 1111 
1112 1113 1114 1115 
1116 1117 1118 1119 
1120 1121 1122 1123 
1124 1125 1126 1127 
1128 1129 1130 1131 
1132 1133 1134 1135 
1136 1137 1138 1139 
1140 1141 1142 1143 
1144 1145 1146 1147 
1148 1149 1150 1151 
1152 1153 1154 1155 
1156 1157 1158 1159 
1160 1161 1162 1163 
1164 1165 1166 1167 
1168 1169 1170 1171 
1172 1173 1174 1175 
1176 1177 1178 1179 
1180 1181 1182 1183 
1184 1185 1186 1187 
1188 1189 1190 1191 
1192 1193 1194 1195 
1196 1197 1198 1199 
1200 1201 1202 1203 
1204 1205 1206 1207 
1208 1209 1210 1211 
1212 1213 1214 1215 
1216 1217 1218 1219 
1220 1221 1222 1223 
1224 1225 1226 1227 
1228 1229 1230 1231 
1232 1233 1234 1235 
1236 1237 1238 1239 
1240 1241 1242 1243 
1244 1245 1246 1247 
1248 1249 1250 1251 
1252 1253 1254 1255 
1256 1257 1258 1259 
1260 1261 1262 1263 
1264 1265 1266 1267 
1268 1269 1270 1271 
1272 1273 1274 1275 
1276 1277 1278 1279 
1280 1281 1282 1283 
1284 1285 1286 1287 
1288 1289 1290 1291 
1292 1293 1294 1295 
1296 1297 1298 1299 
1300 1301 1302 1303 
1304 1305 1306 1307 
1308 1309 1310 1311 
1312 1313 1314 1315 
1316 1317 1318 1319 
1320 1321 1322 1323 
1324 1325 1326 1327 
1328 1329 1330 1331 
1332 1333 1334 1335 
1336 1337 1338 1339 
1340 1341 1342 1343 
1344 1345 1346 1347 
1348 1349 1350 1351 
1352 1353 1354 1355 
1356 1357 1358 1359 
1360 1361 1362 1363 
1364 1365 1366 1367 
1368 1369 1370 1371 
1372 1373 1374 1375 
1376 1377 1378 1379 
1380 1381 1382 1383 
1384 1385 1386 1387 
1388 1389 1390 1391 
1392 1393 1394 1395 
1396 1397 1398 1399 
1400 1401 1402 1403 
1404 1405 1406 1407 
1408 1409 1410 1411 
1412 1413 1414 1415 
1416 1417 1418 1419 
1420 1421 1422 1423 
1424 1425 1426 1427 
1428 1429 1430 1431 
1432 1433 1434 1435 
1436 1437 1438 1439 
1440 1441 1442 1443 
1444 1445 1446 1447 
1448 1449 1450 1451 
1452 1453 1454 1455 
1456 1457 1458 1459 
1460 1461 1462 1463 
1464 1465 1466 1467 
1468 1469 1470 1471 
1472 1473 1474 1475 
1476 1477 1478 1479 
1480 1481 1482 1483 
1484 1485 1486 1487 
1488 1489 1490 1491 
1492 1493 1494 1495 
1496 1497 1498 1499 
1500 1501 1502 1503 
1504 1505 1506 1507 
1508 1509 1510 1511 
1512 1513 1514 1515 
1516 1517 1518 1519 
1520 1521 1522 1523 
1524 1525 1526 1527 
1528 1529 1530 1531 
1532 1533 1534 1535 
1536 1537 1538 1539 
1540 1541 1542 1543 
1544 1545 1546 1547 
1548 1549 1550 1551 
1552 1553 1554 1555 
1556 1557 1558 1559 
1560 1561 1562 1563 
1564 1565 1566 1567 
1568 1569 1570 1571 
1572 1573 1574 1575 
1576 1577 1578 1579 
1580 1581 1582 1583 
1584 1585 1586 1587 
1588 1589 1590 1591 
1592 1593 1594 1595 
1596 1597 1598 1599 
1600 1601 1602 1603 
1604 1605 1606 1607 
1608 1609 1610 1611 
1612 1613 1614 1615 
1616 1617 1618 1619 
1620 1621 1622 1623 
1624 1625 1626 1627 
1628 1629 1630 1631 
1632 1633 1634 1635 
1636 1637 1638 1639 
1640 1641 1642 1643 
1644 1645 1646 1647 
1648 1649 1650 1651 
1652 1653 1654 1655 
1656 1657 1658 1659 
1660 1661 1662 1663 
1664 1665 1666 1667 
1668 1669 1670 1671 
1672 1673 1674 1675 
1676 1677 1678 1679 
1680 1681 1682 1683 
1684 1685 1686 1687 
1688 1689 1690 1691 
1692 1693 1694 1695 
1696 1697 1698 1699 
1700 1701 1702 1703 
1704 1705 1706 1707 
1708 1709 1710 1711 
1712 1713 1714 1715 
1716 1717 1718 1719 
1720 1721 1722 1723 
1724 1725 1726 1727 
1728 1729 1730 1731 
1732 1733 1734 1735 
1736 1737 1738 1739 
1740 1741 1742 1743 
1744 1745 1746 1747 
1748 1749 1750 1751 
1752 1753 1754 1755 
1756 1757 1758 1759 
1760 1761 1762 1763 
1764 1765 1766 1767 
1768 1769 1770 1771 
1772 1773 1774 1775 
1776 1777 1778 1779 
1780 1781 1782 1783 
1784 1785 1786 1787 
1788 1789 1790 1791 
1792 1793 1794 1795 
1796 1797 1798 1799 
1800 1801 1802 1803 
1804 1805 1806 1807 
1808 1809 1810 1811 
1812 1813 1814 1815 
1816 1817 1818 1819 
1820 1821 1822 1823 
1824 1825 1826 1827 
1828 1829 1830 1831 
1832 1833 1834 1835 
1836 1837 1838 1839 
1840 1841 1842 1843 
1844 1845 1846 1847 
1848 1849 1850 1851 
1852 1853 1854 1855 
1856 1857 1858 1859 
1860 1861 1862 1863 
1864 1865 1866 1867 
1868 1869 1870 1871 
1872 1873 1874 1875 
1876 1877 1878 1879 
1880 1881 1882 1883 
1884 1885 1886 1887 
1888 1889 1890 1891 
1892 1893 1894 1895 
1896 1897 1898 1899 
1900 1901 1902 1903 
1904 1905 1906 1907 
1908 1909 1910 1911 
1912 1913 1914 1915 
1916 1917 1918 1919 
1920 1921 1922 1923 
1924 1925 1926 1927 
1928 1929 1930 1931 
1932 1933 1934 1935 
1936 1937 1938 1939 
1940 1941 1942 1943 
1944 1945 1946 1947 
1948 1949 1950 1951 
1952 1953 1954 1955 
1956 1957 1958 1959 
1960 1961 1962 1963 
1964 1965 1966 1967 
1968 1969 1970 1971 
1972 1973 1974 1975 
1976 1977 1978 1979 
1980 1981 1982 1983 
1984 1985 1986 1987 
1988 1989 1990 1991 
1992 1993 1994 1995 
1996 1997 1998 1999 
2000 2001 2002 2003 
2004 2005 2006 2007 
2008 2009 2010 2011 
2012 2013 2014 2015 
2016 2017 2018 2019 
2020 2021 2022 2023 
2024 2025 2026 2027 
2028 2029 2030 2031 
2032 2033 2034 2035 
2036 2037 2038 2039 
2040 2041 2042 2043 
2044 2045 2046 2047 
2048 2049 2050 2051 2052 2053 2054 2055 2056 2057 2058 2059 2060 2061 2062 2063 
2064 2065 2066 2067 2068 2069 2070 2071 2072 2073 2074 2075 2076 2077 2078 2079 
</DataArray>
<DataArray type="Int32" Name="offsets" format="ascii">
4 8 12 16 20 24 28 32 36 40 44 48 52 56 60 64 68 72 76 80 84 88 92 96 100 104 108 112 116 120 124 128 132 136 140 144 148 152 156 160 164 168 172 176 180 184 188 192 196 200 204 208 212 216 220 224 228 232 236 240 244 248 252 256 260 264 268 272 276 280 284 288 292 296 300 304 308 312 316 320 324 328 332 336 340 344 348 352 356 360 364 368 372 376 380 384 388 392 396 400 404 408 412 416 420 424 428 432 436 440 444 448 452 456 460 464 468 472 476 480 484 488 492 496 500 504 508 512 516 520 524 528 532 536 540 544 548 552 556 560 564 568 572 576 580 584 588 592 596 600 604 608 612 616 620 624 628 632 636 640 644 648 652 656 660 664 668 672 676 680 684 688 692 696 700 704 708 712 716 720 724 728 732 736 740 744 748 752 756 760 764 768 772 776 780 784 788 792 796 800 804 808 812 816 820 824 828 832 836 840 844 848 852 856 860 864 868 872 876 880 884 888 892 896 900 904 908 912 916 920 924 928 932 936 940 944 948 952 956 960 964 968 972 976 980 984 988 992 996 1000 1004 1008 1012 1016 1020 1024 1028 1032 1036 1040 1044 1048 1052 1056 1060 1064 1068 1072 1076 1080 1084 1088 1092 1096 1100 1104 1108 1112 1116 1120 1124 1128 1132 1136 1140 1144 1148 1152 1156 1160 1164 1168 1172 1176 1180 1184 1188 1192 1196 1200 1204 1208 1212 1216 1220 1224 1228 1232 1236 1240 1244 1248 1252 1256 1260 1264 1268 1272 1276 1280 1284 1288 1292 1296 1300 1304 1308 1312 1316 1320 1324 1328 1332 1336 1340 1344 1348 1352 1356 1360 1364 1368 1372 1376 1380 1384 1388 1392 1396 1400 1404 1408 1412 1416 1420 1424 1428 1432 1436 1440 1444 1448 1452 1456 1460 1464 1468 1472 1476 1480 1484 1488 1492 1496 1500 1504 1508 1512 1516 1520 1524 1528 1532 1536 1540 1544 1548 1552 1556 1560 1564 1568 1572 1576 1580 1584 1588 1592 1596 1600 1604 1608 1612 1616 1620 1624 1628 1632 1636 1640 1644 1648 1652 1656 1660 1664 1668 1672 1676 1680 1684 1688 1692 1696 1700 1704 1708 1712 1716 1720 1724 1728 1732 1736 1740 1744 1748 1752 1756 1760 1764 1768 1772 1776 1780 1784 1788 1792 1796 1800 1804 1808 1812 1816 1820 1824 1828 1832 1836 1840 1844 1848 1852 1856 1860 1864 1868 1872 1876 1880 1884 1888 1892 1896 1900 1904 1908 1912 1916 1920 1924 1928 1932 1936 1940 1944 1948 1952 1956 1960 1964 1968 1972 1976 1980 1984 1988 1992 1996 2000 2004 2008 2012 2016 2020 2024 2028 2032 2036 2040 2044 2048 2064 2080 
</DataArray>
<DataArray type="UInt8" Name="types" format="ascii">
7 7 7 7 7 7 7 7 7 7 7 7 7 7 7 7 7 7 7 7 7 7 7 7 7 7 7 7 7 7 7 7 7 7 7 7 7 7 7 7 7 7 7 7 7 7 7 7 7 7 7 7 7 7 7 7 7 7 7 7 7 7 7 7 7 7 7 7 7 7 7 7 7 7 7 7 7 7 7 7 7 7 7 7 7 7 7 7 7 7 7 7 7 7 7 7 7 7 7 7 7 7 7 7 7 7 7 7 7 7 7 7 7 7 7 7 7 7 7 7 7 7 7 7 7 7 7 7 7 7 7 7 7 7 7 7 7 7 7 7 7 7 7 7 7 7 7 7 7 7 7 7 7 7 7 7 7 7 7 7 7 7 7 7 7 7 7 7 7 7 7 7 7 7 7 7 7 7 7 7 7 7 7 7 7 7 7 7 7 7 7 7 7 7 7 7 7 7 7 7 7 7 7 7 7 7 7 7 7 7 7 7 7 7 7 7 7 7 7 7 7 7 7 7 7 7 7 7 7 7 7 7 7 7 7 7 7 7 7 7 7 7 7 7 7 7 7 7 7 7 7 7 7 7 7 7 7 7 7 7 7 7 7 7 7 7 7 7 7 7 7 7 7 7 7 7 7 7 7 7 7 7 7 7 7 7 7 7 7 7 7 7 7 7 7 7 7 7 7 7 7 7 7 7 7 7 7 7 7 7 7 7 7 7 7 7 7 7 7 7 7 7 7 7 7 7 7 7 7 7 7 7 7 7 7 7 7 7 7 7 7 7 7 7 7 7 7 7 7 7 7 7 7 7 7 7 7 7 7 7 7 7 7 7 7 7 7 7 7 7 7 7 7 7 7 7 7 7 7 7 7 7 7 7 7 7 7 7 7 7 7 7 7 7 7 7 7 7 7 7 7 7 7 7 7 7 7 7 7 7 7 7 7 7 7 7 7 7 7 7 7 7 7 7 7 7 7 7 7 7 7 7 7 7 7 7 7 7 7 7 7 7 7 7 7 7 7 7 7 7 7 7 7 7 7 7 7 7 7 7 7 7 7 7 7 7 7 7 7 7 7 7 7 7 7 7 7 7 7 7 7 7 7 7 7 7 7 7 7 7 7 7 7 7 7 7 7 7 7 7 7 7 7 7 7 7 7 7 7 7 7 7 7 7 
</DataArray>
</Cells>
<CellData Scalars="cell variable 4" Vectors="cell vector">
<DataArray type="Float64" NumberOfComponents="3" Name="cell vector" format="ascii">
0.513545 0.858063 -0.000560726
0.546835 0.837236 -0.00263808
0.528188 0.843206 0.100105
0.361171 0.906957 0.21676
0.16042 0.965318 0.205977
0.0651089 0.990525 0.120919
0.0504502 0.997631 0.0467564
0.060736 0.998151 0.00252282
0.0648268 0.997634 -0.0228885
0.0489432 0.997845 -0.0437002
0.0548497 0.991996 -0.113731
0.156665 0.965966 -0.205829
0.354712 0.908935 -0.219126
0.514303 0.850177 -0.112658
0.543768 0.839219 -0.00533666
0.517605 0.855289 0.0237774
-0.20389 0.0144006 0.978888
-0.566764 0.0595895 0.821722
0.822369 -0.153538 -0.547846
0.9443 -0.265787 -0.19405
0.923243 -0.332985 0.191685
0.767821 -0.33035 0.548927
0.506556 -0.248365 0.825661
0.176117 -0.0960036 0.979676
-0.179814 0.0844734 0.980067
-0.508475 0.242477 0.826231
0.76582 -0.335777 -0.548429
0.921968 -0.336658 -0.191406
0.943036 -0.270029 0.194337
0.820687 -0.160221 0.548455
0.568997 -0.051556 0.820722
0.209364 0.00269352 0.977834
-0.20342 0.0149693 0.978977
-0.562059 0.0742822 0.823755
0.815522 -0.17737 -0.550876
0.939583 -0.281181 -0.195245
0.922432 -0.334345 0.193216
0.770788 -0.315871 0.553273
0.510108 -0.226025 0.829881
0.177951 -0.0826871 0.980559
-0.17972 0.0789672 0.980543
-0.511776 0.221672 0.830028
0.770346 -0.317142 -0.553162
0.921541 -0.336864 -0.193092
0.938677 -0.284095 0.195385
0.814806 -0.179656 0.551194
0.563257 -0.0687269 0.823419
0.20604 -0.00606864 0.978525
-0.202576 0.0256402 0.978931
-0.556149 0.107873 0.824052
0.802231 -0.227211 -0.552088
0.921038 -0.336613 -0.195908
0.899757 -0.390587 0.194624
0.745799 -0.367645 0.555536
0.489639 -0.263941 0.831017
0.170328 -0.0959796 0.980702
-0.171497 0.0944428 0.980647
-0.492126 0.258582 0.831232
0.74589 -0.367684 -0.555389
0.899066 -0.392253 -0.19447
0.920354 -0.338379 0.19608
0.801787 -0.227703 0.552529
0.556995 -0.103714 0.824015
0.204289 -0.0213037 0.978679
-0.198047 0.0485625 0.978989
-0.539011 0.17202 0.824546
0.772067 -0.313124 -0.553051
0.884793 -0.422482 -0.196597
0.863989 -0.463825 0.195933
0.713477 -0.422822 0.558724
0.465362 -0.29814 0.833397
0.161134 -0.107475 0.981063
-0.162009 0.106886 0.980983
-0.467519 0.294644 0.833433
0.713475 -0.423132 -0.558492
0.863626 -0.464595 -0.195705
0.884472 -0.423013 0.1969
0.771849 -0.312603 0.55365
0.539969 -0.168383 0.82467
0.199342 -0.0466766 0.978818
-0.18991 0.0737635 0.979027
-0.513142 0.238362 0.824541
0.731341 -0.398697 -0.553337
0.837909 -0.508795 -0.197573
0.819069 -0.539262 0.195759
0.675371 -0.479617 0.560216
0.438399 -0.332796 0.834897
0.15123 -0.118953 0.981315
-0.151587 0.119385 0.981208
-0.440225 0.330524 0.834839
0.675437 -0.479818 -0.559964
0.818988 -0.539498 -0.19545
0.837908 -0.508622 0.198025
0.731383 -0.397614 0.554059
0.514121 -0.235409 0.82478
0.190663 -0.0734755 0.978902
-0.178525 0.0983964 0.979003
-0.479449 0.301547 0.824135
0.68137 -0.479303 -0.553176
0.781333 -0.59172 -0.198461
0.76509 -0.613668 0.195061
0.631094 -0.535897 0.560834
0.408599 -0.366584 0.835861
0.140474 -0.130163 0.981491
-0.140211 0.131388 0.981365
-0.410034 0.365254 0.83574
0.631296 -0.535941 -0.560565
0.765259 -0.613579 -0.194677
0.781595 -0.591182 0.19903
0.681673 -0.477948 0.553974
0.480362 -0.299228 0.824448
0.178607 -0.0991781 0.978909
-0.164453 0.120984 0.978937
-0.439691 0.358261 0.823602
0.623707 -0.552424 -0.553007
0.715667 -0.669402 -0.199305
0.701781 -0.68538 0.194312
0.579009 -0.591488 0.561151
0.37378 -0.400663 0.836515
0.128077 -0.141517 0.981616
-0.127185 0.143256 0.981479
-0.374893 0.399953 0.836357
0.579353 -0.591428 -0.56086
0.702157 -0.685121 -0.193867
0.716156 -0.668686 0.199949
0.624241 -0.550988 0.553837
0.440509 -0.356437 0.823956
0.16382 -0.122407 0.978866
-0.147819 0.141323 0.978865
-0.393273 0.409501 0.823192
-0.557762 0.618933 0.553012
-0.642094 0.74005 0.200102
-0.631432 0.750847 -0.193707
-0.522002 0.642023 -0.561534
0.336258 -0.4314 0.837153
0.115139 -0.151457 0.981735
-0.113594 0.153512 0.981596
-0.336986 0.431201 0.836963
-0.522512 0.641882 0.561221
-0.631965 0.750524 0.193218
-0.6427 0.739339 -0.200786
-0.558461 0.61756 -0.553842
0.393943 -0.408093 0.823571
0.146467 -0.143067 0.978815
-0.128722 0.159437 0.97878
-0.342523 0.453817 0.822635
-0.486355 0.676705 0.552746
-0.561033 0.803111 0.200635
-0.553194 0.810371 -0.193069
-0.458259 0.688963 -0.561541
0.295598 -0.459589 0.837496
0.10185 -0.160206 0.981815
-0.099703 0.16236 0.981682
-0.295962 0.459742 0.837283
-0.458923 0.688796 0.561204
-0.553852 0.810044 0.192551
-0.561728 0.802451 -0.201331
-0.487205 0.675435 -0.553552
0.343072 -0.452702 0.823021
0.12669 -0.161252 0.978748
-0.108434 0.174471 0.978673
-0.289775 0.490242 0.822006
-0.411093 0.725205 0.552341
-0.473054 0.857804 0.200979
-0.466623 0.863262 -0.19246
-0.386281 0.731939 -0.561295
0.249167 -0.486197 0.837573
0.0864502 -0.168846 0.981844
-0.0838365 0.170893 0.981716
-0.249312 0.486514 0.837346
-0.387044 0.731809 0.560939
-0.467374 0.862974 0.19193
-0.473863 0.857196 -0.201663
-0.412071 0.724071 -0.553099
0.290238 -0.489332 0.822384
0.105846 -0.176128 0.97866
-0.087701 0.186274 0.978576
-0.233562 0.520123 0.821536
-0.330436 0.765509 0.552094
-0.379608 0.902982 0.201296
-0.374111 0.907287 -0.192019
-0.30945 0.767692 -0.56115
0.199623 -0.508431 0.837644
0.0696184 -0.176355 0.981862
-0.0666357 0.178175 0.98174
-0.199577 0.508842 0.837406
-0.310322 0.76761 0.56078
-0.374935 0.907059 0.19149
-0.380481 0.902469 -0.201951
-0.331515 0.764539 -0.552791
0.233938 -0.519379 0.821899
0.0847015 -0.18761 0.978585
-0.0660263 0.195385 0.978502
-0.174399 0.543335 0.821202
-0.245733 0.796845 0.551953
-0.281649 0.938107 0.201566
-0.277117 0.94152 -0.191695
-0.228697 0.795548 -0.561071
0.147319 -0.525865 0.837713
0.0518076 -0.182308 0.981876
-0.0485725 0.183813 0.98176
-0.147123 0.526313 0.837466
-0.229637 0.795543 0.560694
-0.277999 0.941364 0.19118
-0.282566 0.9377 -0.202177
-0.246871 0.796062 -0.552575
0.174682 -0.542725 0.821545
0.0627447 -0.196297 0.978535
-0.0435743 0.20185 0.978447
-0.113074 0.559658 0.820973
-0.158064 0.818805 0.551882
-0.180314 0.962687 0.201792
-0.176745 0.965456 -0.191456
-0.145076 0.814981 -0.561033
0.0930203 -0.538029 0.837778
0.0332059 -0.186538 0.981886
-0.0298145 0.187676 0.981778
-0.0927002 0.538477 0.837526
-0.146051 0.815069 0.560654
-0.177677 0.965383 0.190962
-0.18127 0.962391 -0.202348
-0.159227 0.818216 -0.552421
0.113269 -0.559153 0.82129
0.0401306 -0.202283 0.978505
-0.0206517 0.20565 0.978408
-0.0503969 0.568945 0.82083
-0.0684763 0.83112 0.551862
-0.0767881 0.976377 0.201969
-0.0741898 0.978726 -0.191289
-0.0596185 0.825649 -0.561025
0.0374815 -0.544632 0.837837
0.0141523 -0.188901 0.981894
-0.0106295 0.189646 0.981795
-0.0370749 0.545049 0.837584
-0.0606273 0.825834 0.560644
-0.0751644 0.978743 0.19082
-0.077776 0.976196 -0.202465
-0.0696538 0.830722 -0.552312
0.0505356 -0.568519 0.821117
0.0171175 -0.205588 0.978489
0.00250425 0.206798 0.97838
0.0129053 0.571147 0.820746
0.021972 0.833649 0.551857
0.0276865 0.978977 0.202081
0.0292305 0.981119 -0.191181
0.0264628 0.827382 -0.561015
-0.0184516 -0.545552 0.837874
-0.00504863 -0.189352 0.981896
0.00858885 0.189677 0.981809
0.0188769 0.545922 0.837623
0.0254505 0.827672 0.560635
0.0282478 0.981234 0.190738
0.0266945 0.978915 -0.202514
0.0208183 0.83344 -0.552217
-0.0127916 -0.570787 0.820998
-0.00603053 -0.206237 0.978483
0.0256474 0.205304 0.978362
0.0760585 0.566266 0.820706
0.112173 0.826366 0.551848
0.131887 0.97044 0.202119
0.132383 0.972599 -0.191118
0.112309 0.820179 -0.560976
-0.0742219 -0.540803 0.837868
-0.024176 -0.187895 0.981892
0.0276579 0.187811 0.981816
0.0746063 0.541131 0.837622
0.111298 0.820572 0.560601
0.131432 0.972808 0.190709
0.130929 0.970494 -0.202481
0.111042 0.826344 -0.55211
-0.0759378 -0.565971 0.82092
-0.0291115 -0.204246 0.978487
0.048581 0.201143 0.978356
0.138419 0.554295 0.82073
0.201121 0.809319 0.551863
0.234634 0.950843 0.202098
0.234098 0.953244 -0.191114
0.196938 0.804096 -0.560932
-0.12913 -0.53043 0.837836
-0.0429632 -0.184563 0.981881
0.0463949 0.184075 0.981817
0.129455 0.530732 0.837595
0.195918 0.804598 0.560569
0.233184 0.953541 0.190749
0.233715 0.95101 -0.20238
0.199982 0.809493 -0.552021
-0.138255 -0.554077 0.820904
-0.051976 -0.199581 0.978502
0.0711318 0.194262 0.978367
0.199388 0.535222 0.820842
0.287869 0.782626 0.551932
0.33469 0.920418 0.202025
0.332992 0.923343 -0.191191
0.27902 0.779438 -0.560914
-0.18228 -0.514666 0.83779
-0.0611732 -0.179432 0.981867
0.064448 0.17857 0.981814
0.18253 0.514959 0.837556
0.278041 0.780037 0.560568
0.332112 0.923725 0.190874
0.333797 0.920698 -0.202225
0.286754 0.782998 -0.551984
-0.199171 -0.5351 0.820974
-0.0743594 -0.192215 0.978532
0.0930577 0.184605 0.978397
0.258249 0.509098 0.821052
0.371359 0.746542 0.552058
0.43082 0.879564 0.201892
0.42782 0.883375 -0.19136
0.357532 0.746681 -0.560926
-0.23305 -0.493861 0.837729
-0.0785994 -0.172626 0.981847
0.0815989 0.171451 0.981808
0.233183 0.494181 0.837503
0.356636 0.747356 0.560597
0.426987 0.883837 0.191089
0.429968 0.879954 -0.202012
0.370315 0.7471 -0.552005
-0.257974 -0.509095 0.82114
-0.0959757 -0.182141 0.978577
0.114088 0.17212 0.978447
0.314249 0.476029 0.821367
0.450578 0.701432 0.552244
0.52188 0.828832 0.201687
0.517424 0.833997 -0.191631
0.43151 0.706482 -0.560965
-0.280846 -0.468488 0.837642
-0.0950529 -0.164305 0.981819
0.0976608 0.162919 0.981794
0.280804 0.468898 0.837427
0.430726 0.707206 0.560656
0.516658 0.834523 0.191405
0.521091 0.829318 -0.201734
0.449651 0.702148 -0.552089
-0.313908 -0.476178 0.821411
-0.116554 -0.169355 0.978639
0.133921 0.156752 0.978516
0.366626 0.436165 0.821794
0.524567 0.647749 0.552495
0.606806 0.768912 0.201397
0.600742 0.776039 -0.192022
0.500093 0.659662 -0.561029
-0.325167 -0.439125 0.837517
-0.110377 -0.154665 0.981782
0.112502 0.153199 0.981771
0.324895 0.439721 0.837311
0.49944 0.660402 0.560739
0.600067 0.776607 0.191836
0.606106 0.76947 -0.201375
0.523794 0.648587 -0.552245
-0.366209 -0.43651 0.821797
-0.135819 -0.153843 0.978716
0.152205 0.138469 0.978601
0.414616 0.389689 0.822336
0.592423 0.586029 0.552816
0.684626 0.700632 0.201002
0.676824 0.710517 -0.19255
0.562548 0.607208 -0.561104
-0.365623 -0.406439 0.837333
-0.124461 -0.143923 0.981731
0.126044 0.142534 0.981732
0.36508 0.407339 0.837133
0.562042 0.607925 0.560835
0.676261 0.711093 0.192398
0.684038 0.701229 -0.200922
0.591832 0.586941 -0.552481
-0.414118 -0.390288 0.822303
-0.153456 -0.135615 0.978805
0.168508 0.117324 0.978693
0.457445 0.336828 0.822977
0.65334 0.516834 0.5532
0.754475 0.62496 0.200482
0.744837 0.638657 -0.193224
0.618297 0.550278 -0.561161
-0.40199 -0.371133 0.837057
-0.137272 -0.132279 0.981661
0.138289 0.131143 0.981671
0.401158 0.372484 0.836856
0.617942 0.55093 0.560914
0.744403 0.6392 0.193099
0.754019 0.62555 -0.200358
0.652949 0.51776 -0.552796
-0.45687 -0.337754 0.822917
-0.16908 -0.114753 0.978899
0.182371 0.0934625 0.978778
0.494309 0.277887 0.823673
0.706556 0.440771 0.553623
0.815601 0.543018 0.199817
0.80411 0.561925 -0.194028
0.666958 0.490201 -0.561132
-0.434186 -0.333952 0.836635
-0.148818 -0.119925 0.981566
0.149284 0.119227 0.98158
0.433077 0.335913 0.836425
0.666748 0.490745 0.560907
0.803821 0.562376 0.193919
0.815292 0.543535 -0.199672
0.706373 0.441633 -0.553171
-0.493678 -0.279226 0.823599
-0.182291 -0.0914365 0.978984
0.193326 0.0672093 0.97883
0.524331 0.213441 0.82433
0.751289 0.358622 0.554036
0.867339 0.456196 0.199019
0.854175 0.482089 -0.194873
0.708421 0.428436 -0.560876
-0.46233 -0.295591 0.835988
-0.159165 -0.107011 0.981435
0.159136 0.106935 0.981448
0.46099 0.29833 0.835755
0.70834 0.428832 0.560676
0.854039 0.482372 0.194768
0.867189 0.456541 -0.19888
0.751306 0.35931 -0.553566
-0.523686 -0.215279 0.824262
-0.19269 -0.0660155 0.979037
0.200913 0.0393294 0.978819
0.546619 0.144781 0.82477
0.786663 0.271791 0.554339
0.909049 0.366537 0.198192
0.894776 0.401457 -0.195468
0.742864 0.366694 -0.560079
-0.486678 -0.256854 0.834968
-0.168383 -0.0937723 0.981251
0.167951 0.094472 0.981258
0.485179 0.260574 0.834687
0.742884 0.366932 0.559897
0.89479 0.401482 0.195354
0.909058 0.366569 -0.198093
0.786851 0.272141 -0.5539
-0.546025 -0.147175 0.82474
-0.199909 -0.0392689 0.979027
0.205194 0.010774 0.978662
0.560873 0.0743963 0.824553
0.811899 0.183413 0.554237
0.939986 0.27812 0.197675
0.92554 0.324603 -0.194961
0.770263 0.308983 -0.557875
-0.507217 -0.220539 0.833123
-0.176401 -0.08152 0.980937
0.175689 0.0829455 0.980945
0.505614 0.225696 0.832716
0.770344 0.30916 0.557665
0.925675 0.324296 0.194827
0.940124 0.277677 -0.197641
0.812173 0.183211 -0.553903
-0.560384 -0.0773373 0.824614
-0.204111 -0.0121504 0.978872
0.208685 -0.0209886 0.977758
0.570243 0.00224257 0.821473
0.8276 0.100598 0.55223
0.958322 0.205773 0.198184
0.942854 0.273642 -0.190124
0.786336 0.282416 -0.54947
-0.521182 -0.211257 0.826885
-0.182355 -0.0828649 0.979735
0.181427 0.0845405 0.979764
0.518946 0.22178 0.825535
0.786332 0.283341 0.548998
0.943075 0.272971 0.18999
0.958562 0.204654 -0.198179
0.827785 0.099767 -0.552104
-0.569758 -0.00605937 0.82179
-0.207767 0.0176494 0.978019
0.215092 -0.0394435 0.975797
0.580675 -0.0372196 0.813284
0.838122 0.0421744 0.543849
0.972116 0.128321 0.196274
0.965792 0.18133 -0.18538
0.817603 0.186576 -0.544715
-0.547334 -0.135965 0.825796
-0.192997 -0.0502813 0.97991
0.192225 0.0527382 0.979933
0.54736 0.141353 0.824873
0.817947 0.18663 0.54418
0.965844 0.181262 0.185176
0.972224 0.127554 -0.196242
0.838365 0.0400243 -0.543638
-0.579563 0.0323206 0.814286
-0.213278 0.0322825 0.976458
0.212415 -0.0229805 0.976909
0.578094 -0.0102967 0.815905
0.838291 0.0518475 0.542752
0.974432 0.11541 0.192775
0.969492 0.157274 -0.188018
0.821871 0.170578 -0.543536
-0.551814 -0.131076 0.823602
-0.194879 -0.046879 0.979706
0.194702 0.0528096 0.97944
0.552035 0.133264 0.823102
0.82233 0.167248 0.543876
0.969322 0.159138 0.187324
0.974205 0.11658 -0.193222
0.839119 0.0471286 -0.541903
-0.577391 0.00825371 0.816426
-0.209355 0.013375 0.977748
-0.494578 0.869118 0.00510875
-0.539702 0.841677 0.0173675
-0.666785 0.744866 0.0239048
-0.593797 0.764778 0.250039
-0.0188933 0.929983 0.367118
0.203498 0.950399 0.235225
0.246641 0.961111 0.124232
0.250869 0.966673 0.0510764
0.25423 0.966378 -0.038481
0.243313 0.960741 -0.133324
0.194892 0.950219 -0.243109
0.0147742 0.93285 -0.359963
-0.580371 0.773327 -0.255216
-0.656782 0.753358 -0.0329936
-0.541423 0.840685 -0.0104547
-0.490468 0.871103 -0.0249247
0.955532 -0.29389 0.0242306
0.00257188 0.000343963 0.999997
</DataArray>
<DataArray type="Float64" Name="cell vector length" format="ascii">
0.333572 0.300128 0.259391 0.222696 0.236343 0.273179 0.313505 0.34049 0.339761 0.309726 0.27958 0.237885 0.222321 0.252224 0.30368 0.335368 0.322188 0.351909 0.35152 0.350677 0.340612 0.326978 0.317726 0.319937 0.328389 0.339527 0.331431 0.341 0.349472 0.346281 0.329316 0.313369 0.420631 0.460954 0.47186 0.473171 0.455288 0.431119 0.414665 0.414317 0.422101 0.435085 0.43427 0.455605 0.471636 0.467729 0.441266 0.413134 0.483429 0.516739 0.519046 0.504557 0.462675 0.415009 0.378382 0.364761 0.371125 0.396979 0.416429 0.462732 0.503019 0.516063 0.500678 0.47742 0.490615 0.533867 0.550692 0.541377 0.490928 0.428635 0.379344 0.358208 0.364193 0.397052 0.429216 0.490493 0.539966 0.548418 0.519662 0.485252 0.481496 0.536715 0.569066 0.56543 0.508609 0.432902 0.370826 0.341891 0.347501 0.387538 0.433018 0.507901 0.564145 0.567297 0.523619 0.476455 0.470366 0.537086 0.583337 0.584539 0.523022 0.43618 0.362991 0.326813 0.332001 0.378615 0.436033 0.522221 0.583403 0.581914 0.524999 0.46565 0.460561 0.536886 0.59688 0.602319 0.538146 0.442898 0.356787 0.31421 0.318909 0.371132 0.442627 0.53736 0.60135 0.595711 0.525868 0.456239 0.45247 0.540102 0.620562 0.633122 0.568632 0.463581 0.355172 0.303695 0.307886 0.368015 0.463265 0.567951 0.632354 0.619684 0.530419 0.448636 0.446393 0.539765 0.628314 0.643013 0.57752 0.468109 0.351804 0.29594 0.299582 0.363048 0.467805 0.576926 0.642379 0.627606 0.531418 0.44314 0.442371 0.540112 0.632875 0.648889 0.582144 0.469215 0.350516 0.290724 0.293727 0.359863 0.468913 0.581642 0.648376 0.632324 0.533198 0.439733 0.439671 0.54033 0.63625 0.653293 0.585515 0.469967 0.350194 0.287077 0.289388 0.357459 0.469671 0.585107 0.652898 0.635854 0.534942 0.437665 0.437674 0.540436 0.638868 0.656746 0.588099 0.470494 0.350523 0.284445 0.286044 0.355616 0.470212 0.587784 0.656462 0.638619 0.536636 0.436306 0.436188 0.54052 0.640846 0.659354 0.590046 0.470903 0.351297 0.282627 0.283547 0.354267 0.47066 0.589828 0.659168 0.640723 0.538275 0.435428 0.435139 0.540564 0.642174 0.661091 0.591327 0.4711 0.35213 0.281381 0.28172 0.353275 0.470943 0.591212 0.660996 0.642147 0.539675 0.434878 0.434374 0.540262 0.642443 0.661418 0.59123 0.47026 0.352283 0.280382 0.280307 0.35206 0.470313 0.59124 0.66143 0.642444 0.54032 0.43436 0.433324 0.53842 0.640208 0.658765 0.58802 0.466971 0.35146 0.279597 0.279002 0.349586 0.467149 0.588147 0.658871 0.640272 0.539608 0.433676 0.432549 0.536061 0.636779 0.654647 0.583409 0.462831 0.350882 0.279555 0.278307 0.346963 0.463057 0.583635 0.654845 0.636961 0.538714 0.433457 0.432199 0.533531 0.632599 0.649595 0.578084 0.45849 0.350783 0.280333 0.278376 0.34467 0.458734 0.578398 0.649896 0.632926 0.537803 0.43375 0.432471 0.531032 0.627817 0.643772 0.572288 0.454235 0.351291 0.282093 0.279423 0.343004 0.454488 0.572687 0.644186 0.628301 0.536934 0.434688 0.433582 0.528694 0.622431 0.637149 0.566054 0.450215 0.352543 0.285047 0.281694 0.342214 0.450482 0.566539 0.63768 0.623069 0.536153 0.436447 0.435803 0.526598 0.61632 0.629552 0.559289 0.446497 0.354682 0.289428 0.285444 0.342511 0.446788 0.559864 0.630199 0.617103 0.535488 0.439276 0.439491 0.524829 0.609294 0.620693 0.551781 0.4431 0.357918 0.295564 0.291014 0.34414 0.443424 0.552452 0.621457 0.610213 0.53499 0.443505 0.444958 0.52341 0.601046 0.610151 0.543229 0.440015 0.362478 0.303803 0.298761 0.347345 0.440364 0.543988 0.611029 0.602097 0.534665 0.449427 0.452435 0.522288 0.591114 0.597335 0.533233 0.437199 0.368578 0.314462 0.309002 0.352333 0.437546 0.534056 0.598321 0.592304 0.534463 0.45726 0.461461 0.520937 0.578689 0.581337 0.521175 0.434414 0.376193 0.327584 0.32177 0.359052 0.434704 0.522022 0.582417 0.580043 0.533887 0.466538 0.469044 0.51697 0.561671 0.560158 0.505439 0.430225 0.383838 0.341572 0.335462 0.365972 0.430392 0.506244 0.561307 0.563223 0.530637 0.474293 0.463188 0.500406 0.531975 0.526365 0.478639 0.416393 0.382111 0.346167 0.339824 0.363675 0.416434 0.479329 0.52755 0.533733 0.515036 0.468657 0.393721 0.42568 0.448568 0.439856 0.397779 0.342366 0.311128 0.274269 0.267583 0.292087 0.342491 0.398287 0.441084 0.45042 0.442767 0.400009 0.312528 0.36014 0.405275 0.418018 0.397153 0.360861 0.346841 0.323424 0.315202 0.325992 0.359436 0.39778 0.41899 0.407975 0.379608 0.320115 0.264929 0.307217 0.354249 0.372117 0.356601 0.323439 0.306019 0.279754 0.272403 0.287133 0.322517 0.357681 0.372336 0.355948 0.32536 0.27207 0.155379 0.112438 0.0715191 0.0449141 0.0588935 0.119749 0.162909 0.193455 0.191415 0.163404 0.112221 0.0580061 0.0432828 0.0805522 0.114833 0.158067 0.0958024 0.0152124 
</DataArray>
<DataArray type="Float64" Name="cell variable 4" format="ascii">
708.573 700.749 687.873 679.249 690.425 704.709 714.028 716.989 718.064 714.615 707.42 690.373 680.012 685.165 699.562 707.619 1141.81 1154.65 1132.91 1127.78 1122.58 1119.67 1120.17 1127.55 1134.2 1140.31 1120.27 1122.46 1127.62 1132 1132.69 1134.38 1406.32 1421.74 1379.48 1363.09 1347.68 1339.88 1343.58 1359.85 1370.07 1374.28 1340.28 1347.59 1362.65 1378.01 1387.84 1394.67 1672.46 1630.14 1497.18 1407.32 1347.74 1309.96 1293.22 1299.93 1310.87 1326.23 1310.35 1347.89 1406.62 1495.16 1591.69 1658.93 1804.99 1729.19 1556.91 1443.36 1374.04 1335.35 1322.74 1332.92 1343.58 1355.74 1335.38 1373.95 1442.46 1554.83 1689.9 1791.04 1861.96 1767.34 1576.24 1450.95 1376.15 1335.66 1324.3 1335.39 1345.36 1355.53 1335.45 1375.73 1449.91 1574.35 1729.17 1848.39 1892.78 1788.61 1588.85 1455.94 1376.84 1334 1322.59 1333.21 1342.32 1351.6 1333.61 1376.23 1454.88 1587.17 1752.52 1880.1 1912.73 1802.59 1607.96 1470.01 1387.8 1341.92 1320.78 1330.6 1338.77 1347.23 1341.42 1387.12 1468.98 1606.49 1769.32 1901.24 1926.37 1811.08 1632.08 1490.98 1405.98 1356.47 1318.34 1327.9 1335.09 1341.92 1355.93 1405.32 1490.03 1630.82 1781.25 1916.29 1936.06 1819.14 1646.67 1503.24 1416.22 1363.67 1318.37 1325.69 1331.85 1338.79 1363.15 1415.59 1502.4 1645.58 1793.2 1927.55 1944.62 1827.57 1651.55 1505.23 1416.36 1362.18 1320.15 1324.86 1329.92 1337.08 1361.73 1415.8 1504.52 1650.66 1805.89 1937.76 1952.47 1834.21 1654.4 1505.2 1415.49 1360.92 1322.55 1324.85 1328.76 1335.72 1360.55 1415.03 1504.63 1653.7 1817.14 1947.23 1958.53 1839 1656.32 1504.96 1414.53 1359.7 1325.33 1325.02 1327.78 1334.62 1359.43 1414.19 1504.53 1655.8 1826.75 1954.87 1962.81 1842.38 1657.66 1504.61 1413.64 1358.63 1328.24 1325.35 1327.01 1333.72 1358.47 1413.42 1504.32 1657.31 1834.91 1960.62 1965.42 1844.24 1658.02 1503.82 1412.45 1357.4 1330.66 1325.65 1326.29 1332.77 1357.35 1412.37 1503.71 1657.88 1841.13 1964.5 1966.29 1843.94 1656.27 1501.11 1409.52 1354.84 1331.96 1325.81 1325.5 1331.07 1354.91 1409.6 1501.21 1656.42 1844.75 1966.48 1965.81 1841.06 1651.69 1495.6 1403.95 1350.19 1332.34 1325.93 1324.65 1328.24 1350.4 1404.18 1495.9 1652.06 1845.95 1967.14 1963.86 1835.93 1645.01 1488.35 1396.85 1344.37 1332.55 1326.18 1323.84 1324.76 1344.72 1397.23 1488.8 1645.55 1845.42 1966.56 1960.26 1829.29 1637.48 1480.88 1389.83 1338.67 1333 1326.64 1323.15 1321.33 1339.12 1390.34 1481.47 1638.18 1843.69 1964.5 1955.12 1821.43 1629.64 1473.95 1383.54 1333.58 1333.74 1327.36 1322.7 1318.25 1334.12 1384.15 1474.66 1630.51 1840.69 1961 1948.35 1812.51 1621.83 1467.76 1378.28 1329.41 1334.86 1328.41 1322.62 1315.76 1330.01 1378.97 1468.59 1622.87 1836.37 1955.87 1939.85 1802.5 1614.03 1462.48 1374.2 1326.35 1336.47 1329.88 1323.01 1314.05 1327.01 1374.97 1463.42 1615.24 1830.55 1948.96 1929.39 1791.45 1606.29 1458.04 1371.36 1324.56 1338.68 1331.85 1323.97 1313.26 1325.25 1372.19 1459.09 1607.66 1823.17 1939.99 1916.35 1779.09 1598.4 1454.36 1369.74 1324.12 1341.59 1334.39 1325.56 1313.51 1324.82 1370.6 1455.48 1599.91 1813.91 1928.27 1899.36 1764.54 1589.88 1451.09 1369.2 1325.01 1345.16 1337.38 1327.69 1314.78 1325.67 1370.05 1452.27 1591.53 1801.83 1912.39 1874.07 1744.9 1579.02 1447.15 1368.97 1326.55 1348.66 1340.01 1329.55 1316.31 1327.14 1369.76 1448.35 1580.8 1783.95 1887.89 1827.07 1710.39 1558.99 1437.44 1364.68 1324.53 1347.64 1337.74 1326.68 1313.83 1325.04 1365.36 1438.57 1560.83 1750.15 1841.16 1716.82 1625.6 1501.7 1397.87 1333.8 1296.63 1318.34 1306.63 1295.46 1284.66 1297.23 1334.38 1398.85 1503.36 1663.99 1730.25 1424.11 1374.47 1297.51 1224.38 1172.39 1134.49 1141.33 1123.41 1113.88 1113.49 1135.26 1172.98 1225 1298.63 1406.42 1435.18 1169.34 1173.46 1173.64 1163.81 1147.49 1134.82 1157.69 1152.13 1143.75 1133.25 1135.79 1148.42 1164.04 1173.9 1199.8 1178.34 1034.18 1041.26 1049.92 1048.17 1038.01 1027.59 1038.93 1030.3 1024.67 1021.48 1028.33 1038.83 1048.2 1049.72 1059.45 1040.14 726.534 678.611 631.558 607.444 609.526 644.547 683.889 710.16 703.501 674.682 637.621 608.961 607.121 638.342 689.267 733.358 592.992 745.326 
</DataArray>
<DataArray type="Float64" Name="cell variable 5" format="ascii">
0.249062 0.249062 0.249062 0.249062 0.249062 0.249062 0.249062 0.249062 0.249062 0.249062 0.249062 0.249062 0.249062 0.249062 0.249062 0.249062 0.249062 0.249062 0.249062 0.249062 0.249062 0.249062 0.249062 0.249062 0.249062 0.249062 0.249062 0.249062 0.249062 0.249062 0.249062 0.249062 0.249062 0.249062 0.249062 0.249062 0.249062 0.249062 0.249062 0.249062 0.249062 0.249062 0.249062 0.249062 0.249062 0.249062 0.249062 0.249062 0.376415 0.348465 0.303357 0.260353 0.249062 0.249062 0.249062 0.249062 0.249062 0.249062 0.249062 0.249062 0.260353 0.303357 0.348465 0.376415 0.425896 0.387097 0.324444 0.264725 0.249062 0.249062 0.249062 0.249062 0.249062 0.249062 0.249062 0.249062 0.264725 0.324444 0.387097 0.425896 0.454565 0.409513 0.336676 0.267271 0.249062 0.249062 0.249062 0.249062 0.249062 0.249062 0.249062 0.249062 0.267271 0.336676 0.409513 0.454565 0.475431 0.425729 0.345587 0.269153 0.249062 0.249062 0.249062 0.249062 0.249062 0.249062 0.249062 0.249062 0.269153 0.345587 0.425729 0.475431 0.491703 0.438459 0.352505 0.270592 0.249062 0.249062 0.249062 0.249062 0.249062 0.249062 0.249062 0.249062 0.270592 0.352505 0.438459 0.491703 0.50482 0.448699 0.358095 0.271754 0.249062 0.249062 0.249062 0.249062 0.249062 0.249062 0.249062 0.249062 0.271754 0.358095 0.448699 0.50482 0.515558 0.457056 0.362689 0.272695 0.249062 0.249062 0.249062 0.249062 0.249062 0.249062 0.249062 0.249062 0.272695 0.362689 0.457056 0.515558 0.524247 0.463864 0.366397 0.27347 0.249062 0.249062 0.249062 0.249062 0.249062 0.249062 0.249062 0.249062 0.27347 0.366397 0.463864 0.524247 0.531221 0.469343 0.369386 0.274079 0.249062 0.249062 0.249062 0.249062 0.249062 0.249062 0.249062 0.249062 0.274079 0.369386 0.469343 0.531221 0.536645 0.473549 0.371655 0.274577 0.249062 0.249062 0.249062 0.249062 0.249062 0.249062 0.249062 0.249062 0.274577 0.371655 0.473549 0.536645 0.54063 0.476649 0.373371 0.274909 0.249062 0.249062 0.249062 0.249062 0.249062 0.249062 0.249062 0.249062 0.274909 0.373371 0.476649 0.54063 0.543287 0.478697 0.374478 0.275186 0.249062 0.249062 0.249062 0.249062 0.249062 0.249062 0.249062 0.249062 0.275186 0.374478 0.478697 0.543287 0.54456 0.479748 0.375032 0.275296 0.249062 0.249062 0.249062 0.249062 0.249062 0.249062 0.249062 0.249062 0.275296 0.375032 0.479748 0.54456 0.54456 0.479748 0.375032 0.275296 0.249062 0.249062 0.249062 0.249062 0.249062 0.249062 0.249062 0.249062 0.275296 0.375032 0.479748 0.54456 0.543287 0.478697 0.374478 0.275186 0.249062 0.249062 0.249062 0.249062 0.249062 0.249062 0.249062 0.249062 0.275186 0.374478 0.478697 0.543287 0.54063 0.476649 0.373371 0.274909 0.249062 0.249062 0.249062 0.249062 0.249062 0.249062 0.249062 0.249062 0.274909 0.373371 0.476649 0.54063 0.536645 0.473549 0.371655 0.274577 0.249062 0.249062 0.249062 0.249062 0.249062 0.249062 0.249062 0.249062 0.274577 0.371655 0.473549 0.536645 0.531221 0.469343 0.369386 0.274079 0.249062 0.249062 0.249062 0.249062 0.249062 0.249062 0.249062 0.249062 0.274079 0.369386 0.469343 0.531221 0.524247 0.463864 0.366397 0.27347 0.249062 0.249062 0.249062 0.249062 0.249062 0.249062 0.249062 0.249062 0.27347 0.366397 0.463864 0.524247 0.515558 0.457056 0.362689 0.272695 0.249062 0.249062 0.249062 0.249062 0.249062 0.249062 0.249062 0.249062 0.272695 0.362689 0.457056 0.515558 0.50482 0.448699 0.358095 0.271754 0.249062 0.249062 0.249062 0.249062 0.249062 0.249062 0.249062 0.249062 0.271754 0.358095 0.448699 0.50482 0.491703 0.438459 0.352505 0.270592 0.249062 0.249062 0.249062 0.249062 0.249062 0.249062 0.249062 0.249062 0.270592 0.352505 0.438459 0.491703 0.475431 0.425729 0.345587 0.269153 0.249062 0.249062 0.249062 0.249062 0.249062 0.249062 0.249062 0.249062 0.269153 0.345587 0.425729 0.475431 0.454565 0.409513 0.336676 0.267271 0.249062 0.249062 0.249062 0.249062 0.249062 0.249062 0.249062 0.249062 0.267271 0.336676 0.409513 0.454565 0.425896 0.387097 0.324444 0.264725 0.249062 0.249062 0.249062 0.249062 0.249062 0.249062 0.249062 0.249062 0.264725 0.324444 0.387097 0.425896 0.376415 0.348465 0.303357 0.260353 0.249062 0.249062 0.249062 0.249062 0.249062 0.249062 0.249062 0.249062 0.260353 0.303357 0.348465 0.376415 0.249062 0.249062 0.249062 0.249062 0.249062 0.249062 0.249062 0.249062 0.249062 0.249062 0.249062 0.249062 0.249062 0.249062 0.249062 0.249062 0.249062 0.249062 0.249062 0.249062 0.249062 0.249062 0.249062 0.249062 0.249062 0.249062 0.249062 0.249062 0.249062 0.249062 0.249062 0.249062 0.249062 0.249062 0.249062 0.249062 0.249062 0.249062 0.249062 0.249062 0.249062 0.249062 0.249062 0.249062 0.249062 0.249062 0.249062 0.249062 0.249062 0.249062 
</DataArray>
<DataArray type="Float64" Name="cell variable 6" format="ascii">
0.929611 0.929611 0.929611 0.929611 0.929611 0.929611 0.929611 0.929611 0.929611 0.929611 0.929611 0.929611 0.929611 0.929611 0.929611 0.929611 0.929611 0.929611 0.929611 0.929611 0.929611 0.929611 0.929611 0.929611 0.929611 0.929611 0.929611 0.929611 0.929611 0.929611 0.929611 0.929611 0.929611 0.929611 0.929611 0.929611 0.929611 0.929611 0.929611 0.929611 0.929611 0.929611 0.929611 0.929611 0.929611 0.929611 0.929611 0.929611 0.921681 0.922891 0.925116 0.928034 0.929611 0.929611 0.929611 0.929611 0.929611 0.929611 0.929611 0.929611 0.928034 0.925116 0.922891 0.921681 0.918602 0.920273 0.92337 0.927424 0.929611 0.929611 0.929611 0.929611 0.929611 0.929611 0.929611 0.929611 0.927424 0.92337 0.920273 0.918602 0.916819 0.918762 0.922366 0.927068 0.929611 0.929611 0.929611 0.929611 0.929611 0.929611 0.929611 0.929611 0.927068 0.922366 0.918762 0.916819 0.915515 0.917664 0.921624 0.926805 0.929611 0.929611 0.929611 0.929611 0.929611 0.929611 0.929611 0.929611 0.926805 0.921624 0.917664 0.915515 0.914501 0.9168 0.921052 0.926608 0.929611 0.929611 0.929611 0.929611 0.929611 0.929611 0.929611 0.929611 0.926608 0.921052 0.9168 0.914501 0.913685 0.916115 0.920592 0.926439 0.929611 0.929611 0.929611 0.929611 0.929611 0.929611 0.929611 0.929611 0.926439 0.920592 0.916115 0.913685 0.913018 0.915543 0.920217 0.926308 0.929611 0.929611 0.929611 0.929611 0.929611 0.929611 0.929611 0.929611 0.926308 0.920217 0.915543 0.913018 0.912474 0.915083 0.919907 0.926204 0.929611 0.929611 0.929611 0.929611 0.929611 0.929611 0.929611 0.929611 0.926204 0.919907 0.915083 0.912474 0.912042 0.914717 0.919663 0.92612 0.929611 0.929611 0.929611 0.929611 0.929611 0.929611 0.929611 0.929611 0.92612 0.919663 0.914717 0.912042 0.911704 0.914426 0.919466 0.926045 0.929611 0.929611 0.929611 0.929611 0.929611 0.929611 0.929611 0.929611 0.926045 0.919466 0.914426 0.911704 0.91146 0.914219 0.919325 0.925998 0.929611 0.929611 0.929611 0.929611 0.929611 0.929611 0.929611 0.929611 0.925998 0.919325 0.914219 0.91146 0.911291 0.914079 0.919231 0.92597 0.929611 0.929611 0.929611 0.929611 0.929611 0.929611 0.929611 0.929611 0.92597 0.919231 0.914079 0.911291 0.911216 0.914013 0.919184 0.925951 0.929611 0.929611 0.929611 0.929611 0.929611 0.929611 0.929611 0.929611 0.925951 0.919184 0.914013 0.911216 0.911216 0.914013 0.919184 0.925951 0.929611 0.929611 0.929611 0.929611 0.929611 0.929611 0.929611 0.929611 0.925951 0.919184 0.914013 0.911216 0.911291 0.914079 0.919231 0.92597 0.929611 0.929611 0.929611 0.929611 0.929611 0.929611 0.929611 0.929611 0.92597 0.919231 0.914079 0.911291 0.91146 0.914219 0.919325 0.925998 0.929611 0.929611 0.929611 0.929611 0.929611 0.929611 0.929611 0.929611 0.925998 0.919325 0.914219 0.91146 0.911704 0.914426 0.919466 0.926045 0.929611 0.929611 0.929611 0.929611 0.929611 0.929611 0.929611 0.929611 0.926045 0.919466 0.914426 0.911704 0.912042 0.914717 0.919663 0.92612 0.929611 0.929611 0.929611 0.929611 0.929611 0.929611 0.929611 0.929611 0.92612 0.919663 0.914717 0.912042 0.912474 0.915083 0.919907 0.926204 0.929611 0.929611 0.929611 0.929611 0.929611 0.929611 0.929611 0.929611 0.926204 0.919907 0.915083 0.912474 0.913018 0.915543 0.920217 0.926308 0.929611 0.929611 0.929611 0.929611 0.929611 0.929611 0.929611 0.929611 0.926308 0.920217 0.915543 0.913018 0.913685 0.916115 0.920592 0.926439 0.929611 0.929611 0.929611 0.929611 0.929611 0.929611 0.929611 0.929611 0.926439 0.920592 0.916115 0.913685 0.914501 0.9168 0.921052 0.926608 0.929611 0.929611 0.929611 0.929611 0.929611 0.929611 0.929611 0.929611 0.926608 0.921052 0.9168 0.914501 0.915515 0.917664 0.921624 0.926805 0.929611 0.929611 0.929611 0.929611 0.929611 0.929611 0.929611 0.929611 0.926805 0.921624 0.917664 0.915515 0.916819 0.918762 0.922366 0.927068 0.929611 0.929611 0.929611 0.929611 0.929611 0.929611 0.929611 0.929611 0.927068 0.922366 0.918762 0.916819 0.918602 0.920273 0.92337 0.927424 0.929611 0.929611 0.929611 0.929611 0.929611 0.929611 0.929611 0.929611 0.927424 0.92337 0.920273 0.918602 0.921681 0.922891 0.925116 0.928034 0.929611 0.929611 0.929611 0.929611 0.929611 0.929611 0.929611 0.929611 0.928034 0.925116 0.922891 0.921681 0.929611 0.929611 0.929611 0.929611 0.929611 0.929611 0.929611 0.929611 0.929611 0.929611 0.929611 0.929611 0.929611 0.929611 0.929611 0.929611 0.929611 0.929611 0.929611 0.929611 0.929611 0.929611 0.929611 0.929611 0.929611 0.929611 0.929611 0.929611 0.929611 0.929611 0.929611 0.929611 0.929611 0.929611 0.929611 0.929611 0.929611 0.929611 0.929611 0.929611 0.929611 0.929611 0.929611 0.929611 0.929611 0.929611 0.929611 0.929611 0.929611 0.929611 
</DataArray>
<DataArray type="Float64" Name="cell variable 7" format="ascii">
0 0 0 0 0 0 0 0 0 0 0 0 0 0 0 0 0 0 0 0 0 0 0 0 0 0 0 0 0 0 0 0 0 0 0 0 0 0 0 0 0 0 0 0 0 0 0 0 0 0 0 0 0 0 0 0 0 0 0 0 0 0 0 0 0 0 0 0 0 0 0 0 0 0 0 0 0 0 0 0 0 0 0 0 0 0 0 0 0 0 0 0 0 0 0 0 0 0 0 0 0 0 0 0 0 0 0 0 0 0 0 0 0 0 0 0 0 0 0 0 0 0 0 0 0 0 0 0 0 0 0 0 0 0 0 0 0 0 0 0 0 0 0 0 0 0 0 0 0 0 0 0 0 0 0 0 0 0 0 0 0 0 0 0 0 0 0 0 0 0 0 0 0 0 0 0 0 0 0 0 0 0 0 0 0 0 0 0 0 0 0 0 0 0 0 0 0 0 0 0 0 0 0 0 0 0 0 0 0 0 0 0 0 0 0 0 0 0 0 0 0 0 0 0 0 0 0 0 0 0 0 0 0 0 0 0 0 0 0 0 0 0 0 0 0 0 0 0 0 0 0 0 0 0 0 0 0 0 0 0 0 0 0 0 0 0 0 0 0 0 0 0 0 0 0 0 0 0 0 0 0 0 0 0 0 0 0 0 0 0 0 0 0 0 0 0 0 0 0 0 0 0 0 0 0 0 0 0 0 0 0 0 0 0 0 0 0 0 0 0 0 0 0 0 0 0 0 0 0 0 0 0 0 0 0 0 0 0 0 0 0 0 0 0 0 0 0 0 0 0 0 0 0 0 0 0 0 0 0 0 0 0 0 0 0 0 0 0 0 0 0 0 0 0 0 0 0 0 0 0 0 0 0 0 0 0 0 0 0 0 0 0 0 0 0 0 0 0 0 0 0 0 0 0 0 0 0 0 0 0 0 0 0 0 0 0 0 0 0 0 0 0 0 0 0 0 0 0 0 0 0 0 0 0 0 0 0 0 0 0 0 0 0 0 0 0 0 0 0 0 0 0 0 0 0 0 0 0 0 0 0 0 0 0 0 0 0 0 0 0 0 0 0 0 0 0 0 0 0 0 0 0 0 0 0 0 0 0 0 0 0 0 0 0 0 0 0 0 0 0 0 0 0 0 0 0 0 0 0 0 0 0 1 1 
</DataArray>
<DataArray type="Float64" Name="cell variable 8" format="ascii">
11.25 33.75 56.25 78.75 101.25 123.75 146.25 168.75 191.25 213.75 236.25 258.75 281.25 303.75 326.25 348.75 11.25 33.75 56.25 78.75 101.25 123.75 146.25 168.75 191.25 213.75 236.25 258.75 281.25 303.75 326.25 348.75 11.25 33.75 56.25 78.75 101.25 123.75 146.25 168.75 191.25 213.75 236.25 258.75 281.25 303.75 326.25 348.75 11.25 33.75 56.25 78.75 101.25 123.75 146.25 168.75 191.25 213.75 236.25 258.75 281.25 303.75 326.25 348.75 11.25 33.75 56.25 78.75 101.25 123.75 146.25 168.75 191.25 213.75 236.25 258.75 281.25 303.75 326.25 348.75 11.25 33.75 56.25 78.75 101.25 123.75 146.25 168.75 191.25 213.75 236.25 258.75 281.25 303.75 326.25 348.75 11.25 33.75 56.25 78.75 101.25 123.75 146.25 168.75 191.25 213.75 236.25 258.75 281.25 303.75 326.25 348.75 11.25 33.75 56.25 78.75 101.25 123.75 146.25 168.75 191.25 213.75 236.25 258.75 281.25 303.75 326.25 348.75 11.25 33.75 56.25 78.75 101.25 123.75 146.25 168.75 191.25 213.75 236.25 258.75 281.25 303.75 326.25 348.75 11.25 33.75 56.25 78.75 101.25 123.75 146.25 168.75 191.25 213.75 236.25 258.75 281.25 303.75 326.25 348.75 11.25 33.75 56.25 78.75 101.25 123.75 146.25 168.75 191.25 213.75 236.25 258.75 281.25 303.75 326.25 348.75 11.25 33.75 56.25 78.75 101.25 123.75 146.25 168.75 191.25 213.75 236.25 258.75 281.25 303.75 326.25 348.75 11.25 33.75 56.25 78.75 101.25 123.75 146.25 168.75 191.25 213.75 236.25 258.75 281.25 303.75 326.25 348.75 11.25 33.75 56.25 78.75 101.25 123.75 146.25 168.75 191.25 213.75 236.25 258.75 281.25 303.75 326.25 348.75 11.25 33.75 56.25 78.75 101.25 123.75 146.25 168.75 191.25 213.75 236.25 258.75 281.25 303.75 326.25 348.75 11.25 33.75 56.25 78.75 101.25 123.75 146.25 168.75 191.25 213.75 236.25 258.75 281.25 303.75 326.25 348.75 11.25 33.75 56.25 78.75 101.25 123.75 146.25 168.75 191.25 213.75 236.25 258.75 281.25 303.75 326.25 348.75 11.25 33.75 56.25 78.75 101.25 123.75 146.25 168.75 191.25 213.75 236.25 258.75 281.25 303.75 326.25 348.75 11.25 33.75 56.25 78.75 101.25 123.75 146.25 168.75 191.25 213.75 236.25 258.75 281.25 303.75 326.25 348.75 11.25 33.75 56.25 78.75 101.25 123.75 146.25 168.75 191.25 213.75 236.25 258.75 281.25 303.75 326.25 348.75 11.25 33.75 56.25 78.75 101.25 123.75 146.25 168.75 191.25 213.75 236.25 258.75 281.25 303.75 326.25 348.75 11.25 33.75 56.25 78.75 101.25 123.75 146.25 168.75 191.25 213.75 236.25 258.75 281.25 303.75 326.25 348.75 11.25 33.75 56.25 78.75 101.25 123.75 146.25 168.75 191.25 213.75 236.25 258.75 281.25 303.75 326.25 348.75 11.25 33.75 56.25 78.75 101.25 123.75 146.25 168.75 191.25 213.75 236.25 258.75 281.25 303.75 326.25 348.75 11.25 33.75 56.25 78.75 101.25 123.75 146.25 168.75 191.25 213.75 236.25 258.75 281.25 303.75 326.25 348.75 11.25 33.75 56.25 78.75 101.25 123.75 146.25 168.75 191.25 213.75 236.25 258.75 281.25 303.75 326.25 348.75 11.25 33.75 56.25 78.75 101.25 123.75 146.25 168.75 191.25 213.75 236.25 258.75 281.25 303.75 326.25 348.75 11.25 33.75 56.25 78.75 101.25 123.75 146.25 168.75 191.25 213.75 236.25 258.75 281.25 303.75 326.25 348.75 11.25 33.75 56.25 78.75 101.25 123.75 146.25 168.75 191.25 213.75 236.25 258.75 281.25 303.75 326.25 348.75 11.25 33.75 56.25 78.75 101.25 123.75 146.25 168.75 191.25 213.75 236.25 258.75 281.25 303.75 326.25 348.75 11.25 33.75 56.25 78.75 101.25 123.75 146.25 168.75 191.25 213.75 236.25 258.75 281.25 303.75 326.25 348.75 11.25 33.75 56.25 78.75 101.25 123.75 146.25 168.75 191.25 213.75 236.25 258.75 281.25 303.75 326.25 348.75 0 0 
</DataArray>
</CellData>
</Piece>
</UnstructuredGrid>
</VTKFile>
