<VTKFile type="UnstructuredGrid" version="0.1">
<UnstructuredGrid>
<Piece  NumberOfPoints="    2608" NumberOfCells="    2080">
<Points>
<DataArray type="Float64" NumberOfComponents="3" format="ascii">
-72.469 1003.4 -0.484854 
-68.0756 1007.02 28.1445 
-55.4377 1017.19 52.3977 
-36.468 1032.32 68.5561 
-14.1374 1050.16 74.1829 
8.08474 1068.09 68.4688 
26.7795 1083.52 52.3133 
39.1752 1094.08 28.1088 
43.5137 1097.85 -0.524931 
39.1783 1094.07 -29.1591 
26.7953 1083.48 -53.3585 
8.122 1068 -69.4983 
-14.0862 1050.05 -75.1966 
-36.4092 1032.21 -69.5545 
-55.3456 1017.06 -53.3708 
-67.9893 1006.93 -29.1109 
-57.2108 974.75 -0.431669 
-52.4152 978.649 30.5311 
-38.7051 989.641 56.7222 
-18.165 1006 74.1675 
6.03482 1025.25 80.2474 
30.1005 1044.65 74.0869 
50.3263 1061.47 56.663 
63.6766 1072.99 30.4536 
68.3305 1077.09 -0.515193 
63.6826 1072.98 -31.4746 
50.3573 1061.42 -57.656 
30.1545 1044.57 -75.0662 
6.10445 1025.15 -81.214 
-18.0839 1005.88 -75.1197 
-38.6157 989.539 -57.6539 
-52.3624 978.578 -31.4121 
-35.6956 945.682 -0.400236 
-30.78 949.644 31.2291 
-16.7569 960.806 57.9921 
4.24798 977.411 75.8446 
29.0052 996.971 82.0992 
53.6097 1016.71 75.8172 
74.1059 1033.99 57.9953 
87.5045 1045.92 31.162 
92.1679 1050.15 -0.494731 
87.5132 1045.88 -32.1328 
74.1485 1033.93 -58.919 
53.6696 1016.62 -76.7328 
29.0771 996.866 -83.0041 
4.32593 977.303 -76.7373 
-16.6822 960.712 -58.8738 
-30.7488 949.575 -32.0524 
-13.0511 917.341 -0.373307 
-8.09806 921.301 31.3672 
6.02746 932.45 58.2217 
27.201 949.013 76.1253 
52.1703 968.495 82.3797 
76.9777 988.146 76.0598 
97.3138 1005.77 58.1717 
110.531 1018.11 31.3055 
115.144 1022.49 -0.455667 
110.55 1018.06 -32.2057 
97.3588 1005.7 -59.044 
77.033 988.056 -76.9232 
52.2352 968.388 -83.2316 
27.2696 948.905 -76.9655 
6.08954 932.358 -59.0535 
-8.07877 921.233 -32.1389 
9.31213 889.153 -0.349096 
14.3464 893.044 31.4116 
28.6819 904.005 58.2635 
50.1344 920.306 76.1337 
75.4011 939.486 82.3449 
100.525 958.823 76.0231 
121.488 975.749 58.108 
135.258 987.591 31.303 
140.075 991.809 -0.416952 
135.278 987.555 -32.1345 
121.525 975.681 -58.9328 
100.575 958.73 -76.8377 
75.4597 939.379 -83.1479 
50.1952 920.2 -76.9256 
28.7352 903.916 -59.0483 
14.3592 892.977 -32.1356 
31.1341 860.679 -0.324709 
36.2401 864.482 31.4403 
50.766 875.202 58.2928 
72.4836 891.159 76.1602 
98.0544 909.938 82.367 
123.519 928.823 76.0361 
144.962 945.154 58.1445 
159.157 956.486 31.3339 
164.131 960.526 -0.388 
159.173 956.454 -32.1081 
144.994 945.088 -58.9135 
123.566 928.73 -76.7969 
98.1091 909.832 -83.1184 
72.5393 891.055 -76.9026 
50.8137 875.115 -59.0292 
36.2489 864.417 -32.1159 
52.3303 831.838 -0.30046 
57.5034 835.543 31.468 
72.2152 845.99 58.3282 
94.2062 861.553 76.2067 
120.105 879.87 82.4181 
145.93 898.246 76.0761 
167.775 914.027 58.1897 
182.32 924.885 31.3659 
187.426 928.748 -0.361071 
182.334 924.855 -32.0865 
167.804 913.965 -58.9057 
145.974 898.156 -76.7849 
120.156 879.767 -83.1188 
94.2578 861.451 -76.8998 
72.2589 845.905 -59.0162 
57.5096 835.478 -32.0952 
72.8693 802.602 -0.276544 
78.1091 806.202 31.495 
93.009 816.356 58.3645 
115.284 831.49 76.2567 
141.526 849.304 82.4739 
167.719 867.141 76.1221 
189.924 882.392 58.2311 
204.772 892.812 31.3964 
209.99 896.511 -0.335295 
204.783 892.784 -32.0656 
189.95 882.333 -58.8963 
167.76 867.054 -76.7808 
141.574 849.203 -83.1253 
115.332 831.391 -76.9014 
93.0497 816.273 -59.0048 
78.1131 806.139 -32.0744 
92.7388 772.966 -0.253123 
98.0459 776.456 31.5209 
113.137 786.301 58.3986 
135.703 800.98 76.3028 
162.296 818.258 82.5252 
188.855 835.537 76.1658 
211.397 850.267 58.2677 
226.511 860.28 31.425 
231.83 863.825 -0.31048 
226.521 860.253 -32.0447 
211.42 850.21 -58.884 
188.893 835.452 -76.776 
162.341 818.16 -83.1288 
135.747 800.884 -76.9005 
113.175 786.22 -58.9924 
98.0479 776.393 -32.0536 
111.932 742.93 -0.230311 
117.307 746.306 31.5457 
132.592 755.831 58.4299 
155.45 770.035 76.3434 
182.395 786.753 82.5698 
209.315 803.457 76.2046 
232.175 817.669 58.3 
247.532 827.296 31.4516 
252.94 830.696 -0.286585 
247.541 827.271 -32.0238 
232.197 817.615 -58.869 
209.349 803.376 -76.7681 
182.436 786.658 -83.1271 
155.492 769.942 -76.8954 
132.627 755.751 -58.9785 
117.308 746.245 -32.033 
130.444 712.501 -0.208167 
135.887 715.76 31.5692 
151.364 724.954 58.4583 
174.513 738.668 76.3786 
201.807 754.807 82.608 
229.079 770.923 76.2387 
252.244 784.619 58.3288 
267.824 793.87 31.4766 
273.314 797.133 -0.26358 
267.832 793.846 -32.0029 
252.263 784.566 -58.8523 
229.11 770.845 -76.7571 
201.844 754.715 -83.1207 
174.552 738.577 -76.8864 
151.397 724.877 -58.9631 
135.886 715.7 -32.0124 
148.27 681.687 -0.18677 
153.78 684.826 31.5915 
169.447 693.681 58.484 
192.883 706.889 76.4093 
220.517 722.435 82.6408 
248.131 737.953 76.2686 
271.589 751.129 58.3549 
287.377 760.014 31.5001 
292.943 763.146 -0.241458 
287.385 759.992 -31.9823 
271.607 751.079 -58.8346 
248.16 737.877 -76.7436 
220.551 722.346 -83.1105 
192.918 706.802 -76.8744 
169.477 693.605 -58.9464 
153.777 684.767 -31.9921 
165.404 650.498 -0.166153 
170.98 653.514 31.6128 
186.833 662.022 58.5075 
210.549 674.715 76.4362 
238.514 689.654 82.6693 
266.459 704.564 76.2951 
290.198 717.218 58.3788 
306.182 725.742 31.5223 
311.818 728.744 -0.220205 
306.189 725.721 -31.9621 
290.214 717.17 -58.8164 
266.485 704.492 -76.7284 
238.545 689.569 -83.0975 
210.581 674.631 -76.8603 
186.861 661.949 -58.9292 
170.975 653.457 -31.9723 
181.84 618.946 -0.146352 
187.481 621.837 31.633 
203.515 629.992 58.5291 
227.502 642.16 76.4601 
255.786 656.482 82.6942 
284.051 670.776 76.3188 
308.06 682.903 58.4009 
324.228 691.068 31.5433 
329.931 693.942 -0.199848 
324.235 691.047 -31.9424 
308.074 682.857 -58.7981 
284.075 670.706 -76.7121 
255.815 656.4 -83.0828 
227.532 642.078 -76.8447 
203.541 629.922 -58.9117 
187.473 621.782 -31.9532 
197.572 587.044 -0.127389 
203.276 589.808 31.6521 
219.485 597.604 58.549 
243.734 609.238 76.4814 
272.325 622.934 82.7162 
300.896 636.604 76.34 
325.163 648.201 58.4213 
341.507 656.006 31.5631 
347.272 658.753 -0.180377 
341.513 655.986 -31.9234 
325.176 648.157 -58.78 
300.917 636.538 -76.695 
272.351 622.856 -83.0667 
243.76 609.16 -76.8283 
219.508 597.537 -58.8942 
203.266 589.754 -31.9346 
212.594 554.804 -0.109274 
218.358 557.439 31.6703 
234.736 564.873 58.5674 
259.235 575.966 76.5004 
288.121 589.028 82.7355 
316.985 602.067 76.3591 
341.499 613.128 58.4402 
358.01 620.573 31.5818 
363.834 623.192 -0.161798 
358.016 620.554 -31.905 
341.511 613.087 -58.7622 
317.004 602.004 -76.6775 
288.144 588.954 -83.0498 
259.259 575.892 -76.8113 
234.757 564.808 -58.8768 
218.347 557.388 -31.9167 
226.901 522.24 -0.0920286 
232.722 524.745 31.6874 
249.261 531.812 58.5842 
273.999 542.359 76.5173 
303.166 554.78 82.7525 
332.309 567.181 76.3762 
357.058 577.704 58.4578 
373.729 584.784 31.5994 
379.609 587.276 -0.144166 
373.734 584.766 -31.8874 
357.069 577.664 -58.7447 
332.326 567.121 -76.6598 
303.187 554.71 -83.0323 
274.021 542.288 -76.794 
249.279 531.75 -58.8597 
232.709 524.696 -31.8995 
240.485 489.366 -0.0757335 
246.361 491.739 31.7033 
263.053 498.436 58.5995 
288.019 508.432 76.5321 
317.453 520.207 82.7672 
346.86 531.965 76.3913 
371.834 541.943 58.474 
388.656 548.657 31.6161 
394.589 551.02 -0.127333 
388.661 548.64 -31.8705 
371.843 541.906 -58.7276 
346.875 531.908 -76.642 
317.471 520.14 -83.0143 
288.038 508.365 -76.7763 
263.069 498.377 -58.8429 
246.346 491.693 -31.883 
253.341 456.196 -0.0604236 
259.269 458.437 31.7182 
276.107 464.76 58.6133 
301.289 474.201 76.5446 
330.974 485.325 82.7794 
360.632 496.436 76.4044 
385.818 505.866 58.4888 
402.785 512.209 31.6316 
408.769 514.441 -0.111431 
402.789 512.192 -31.8544 
385.827 505.83 -58.711 
360.645 496.383 -76.6239 
330.99 485.263 -82.9957 
301.305 474.139 -76.7584 
276.121 464.705 -58.8264 
259.252 458.393 -31.8674 
265.464 422.743 -0.0461033 
271.441 424.851 31.7318 
288.417 430.8 58.6253 
313.801 439.684 76.5548 
343.724 450.154 82.7889 
373.618 460.612 76.4151 
399.006 469.489 58.5019 
416.109 475.456 31.6459 
422.142 477.555 -0.096621 
416.113 475.44 -31.8391 
399.013 469.455 -58.6947 
373.629 460.563 -76.6055 
343.737 450.096 -82.9763 
313.815 439.626 -76.74 
288.429 430.748 -58.8101 
271.423 424.81 -31.8526 
276.848 389.023 -0.0328276 
282.872 390.997 31.7443 
299.977 396.571 58.6354 
325.552 404.896 76.5621 
355.696 414.71 82.7951 
385.812 424.513 76.4231 
411.39 432.832 58.5133 
428.625 438.417 31.6589 
434.703 440.379 -0.0827469 
428.628 438.402 -31.8244 
411.397 432.8 -58.6787 
385.822 424.467 -76.5863 
355.708 414.656 -82.9556 
325.564 404.843 -76.7208 
299.987 396.523 -58.794 
282.852 390.959 -31.8386 
287.489 355.048 -0.0206332 
293.557 356.889 31.7554 
310.783 362.088 58.6434 
336.536 369.855 76.566 
366.886 379.013 82.7974 
397.209 388.159 76.428 
422.967 395.914 58.5226 
440.326 401.108 31.6706 
446.449 402.929 -0.0698446 
440.329 401.093 -31.8104 
422.973 395.884 -58.6626 
397.218 388.116 -76.566 
366.896 378.964 -82.9332 
336.546 369.806 -76.7003 
310.792 362.044 -58.7778 
293.536 356.854 -31.8255 
297.382 320.831 -0.00955523 
303.491 322.539 31.765 
320.831 327.365 58.6487 
346.748 334.578 76.5658 
377.289 343.082 82.7949 
407.805 351.57 76.429 
433.731 358.755 58.5295 
451.21 363.546 31.6808 
457.377 365.221 -0.0579588 
451.213 363.532 -31.797 
433.737 358.727 -58.646 
407.812 351.531 -76.5439 
377.298 343.038 -82.9079 
346.756 334.534 -76.6777 
320.838 327.327 -58.7612 
303.468 322.508 -31.8131 
306.523 286.383 0.000357388 
312.671 287.96 31.7731 
330.116 292.418 58.6511 
356.185 299.082 76.5603 
386.901 306.938 82.7862 
417.594 314.769 76.4252 
443.68 321.377 58.5332 
461.274 325.748 31.6892 
467.484 327.267 -0.0470851 
461.277 325.734 -31.7838 
443.685 321.352 -58.6285 
417.6 314.734 -76.5191 
386.909 306.899 -82.8787 
356.193 299.044 -76.6522 
330.122 292.384 -58.7438 
312.647 287.933 -31.8014 
314.908 251.715 0.00905724 
321.093 253.163 31.7795 
338.637 257.259 58.6498 
364.845 263.385 76.5486 
395.719 270.604 82.77 
426.574 277.781 76.4154 
452.811 283.803 58.5328 
470.517 287.728 31.6957 
476.769 289.08 -0.0372678 
470.521 287.715 -31.7709 
452.816 283.779 -58.609 
426.581 277.75 -76.4906 
395.726 270.57 -82.8443 
364.852 263.353 -76.6227 
338.641 257.231 -58.7251 
321.068 253.14 -31.7904 
322.536 216.834 0.0165023 
328.755 218.156 31.784 
346.39 221.9 58.6446 
372.725 227.505 76.5295 
403.741 234.105 82.7447 
434.744 240.635 76.3986 
461.121 246.055 58.5268 
478.938 249.501 31.6998 
485.234 250.671 -0.0285766 
478.943 249.488 -31.7578 
461.126 246.034 -58.5862 
434.75 240.608 -76.4575 
403.748 234.076 -82.8033 
372.732 227.478 -76.5883 
346.395 221.878 -58.7048 
328.73 218.137 -31.7799 
329.409 181.748 0.0226725 
335.659 182.945 31.7862 
353.377 186.351 58.6353 
379.825 191.458 76.5033 
410.965 197.467 82.7099 
442.099 203.364 76.3739 
468.608 208.157 58.5126 
486.535 211.076 31.7008 
492.873 212.046 -0.021099 
486.54 211.064 -31.7441 
468.614 208.139 -58.5578 
442.106 203.341 -76.4192 
410.973 197.444 -82.7552 
379.832 191.438 -76.5489 
353.382 186.336 -58.6827 
335.634 182.934 -31.7695 
335.545 146.461 0.027634 
341.818 147.539 31.7835 
359.605 150.621 58.6197 
386.146 155.263 76.4694 
417.387 160.724 82.6641 
448.631 166.012 76.3386 
475.257 170.132 58.4844 
493.291 172.458 31.6958 
499.668 173.208 -0.0151542 
493.298 172.448 -31.7277 
475.266 170.116 -58.5186 
448.641 165.993 -76.3731 
417.397 160.705 -82.6987 
386.156 155.25 -76.504 
359.612 150.615 -58.6559 
341.795 147.536 -31.7563 
341.031 110.996 0.0315772 
347.311 111.954 31.7548 
365.124 114.729 58.5653 
391.705 118.943 76.3956 
422.992 123.91 82.5782 
454.29 128.639 76.2621 
481.007 131.988 58.4208 
499.111 133.64 31.6714 
505.508 134.145 -0.0116053 
499.121 133.632 -31.6961 
481.02 131.976 -58.4478 
454.306 128.623 -76.2881 
423.007 123.896 -82.6036 
391.719 118.936 -76.4205 
365.136 114.735 -58.5908 
347.292 111.963 -31.7185 
346.328 75.4556 0.0333527 
352.56 76.2948 31.5475 
370.249 78.7697 58.2025 
396.661 82.5734 75.9583 
427.762 87.0876 82.1388 
458.865 91.3472 75.8532 
485.505 93.6851 58.1779 
503.473 94.5557 31.5231 
509.804 94.7895 -0.0209138 
503.478 94.5513 -31.5558 
485.529 93.6772 -58.1868 
458.889 91.3331 -75.8628 
427.786 87.0774 -82.1513 
396.683 82.5732 -75.9729 
370.271 78.7882 -58.2151 
352.55 76.3197 -31.5037 
354.529 40.6012 0.031376 
360.47 41.3769 30.1218 
377.328 43.6674 55.5942 
402.515 47.1491 72.6107 
432.215 51.2429 78.6001 
461.94 55.1001 72.6377 
487.249 57.6989 55.6589 
504.184 58.9499 30.0882 
510.122 59.3042 -0.0324373 
504.179 58.9136 -30.1302 
487.277 57.6656 -55.6485 
461.97 55.0866 -72.6333 
432.244 51.2376 -78.6028 
402.541 47.1567 -72.6195 
377.346 43.7055 -55.6074 
360.454 41.4194 -30.0822 
363.838 6.50425 0.0234394 
369.41 7.20944 28.1931 
385.216 9.30072 52.0333 
408.829 12.4438 67.9344 
436.648 16.1222 73.4971 
464.454 19.6371 67.8867 
488.063 22.2799 51.9822 
503.832 23.749 28.0994 
509.347 24.1779 -0.0213955 
503.824 23.6842 -28.1236 
488.081 22.2245 -51.9692 
464.475 19.6241 -67.8832 
436.669 16.119 -73.4981 
408.848 12.454 -67.94 
385.223 9.35345 -52.0456 
369.389 7.26892 -28.1657 
376.193 -23.2524 0 
381.107 -22.5618 24.9464 
395.105 -20.6072 46.0912 
416.086 -17.7958 60.1698 
440.794 -14.5175 65.0496 
465.443 -11.2599 60.0222 
486.291 -8.50965 45.8888 
500.195 -6.67694 24.8167 
505.072 -6.03425 0.00025109 
500.195 -6.67712 -24.8162 
486.29 -8.51007 -45.8886 
465.443 -11.2604 -60.0221 
440.794 -14.518 -65.0494 
416.086 -17.7961 -60.1696 
395.105 -20.6073 -46.0912 
381.107 -22.5618 -24.9464 
-71.4617 1002.13 1.00912
-67.5076 1005.39 26.7756
-53.4133 979.853 28.9235
-57.7293 976.343 1.05699
-66.6185 1006.1 29.5284
-55.2444 1015.26 51.3562
-40.1851 990.463 55.2483
-52.5242 980.571 31.6763
-53.5966 1016.57 53.4589
-36.5239 1030.19 68.0015
-20.0512 1006.5 73.0517
-38.5372 991.781 57.351
-34.3707 1031.91 69.1351
-14.2732 1047.96 74.1991
3.88186 1025.55 79.6573
-17.898 1008.22 74.1853
-11.9513 1049.82 74.1947
8.04865 1065.96 69.0521
27.8628 1044.87 74.1084
6.20372 1027.41 79.6529
10.1797 1067.7 67.9156
27.005 1081.59 53.3756
48.1972 1061.74 57.2904
29.9939 1046.61 72.9719
28.6229 1082.95 51.2751
39.779 1092.45 29.4911
61.8302 1073.47 31.6013
49.815 1063.1 55.1898
40.6484 1093.2 26.7378
44.553 1096.59 0.967436
66.8881 1077.91 0.9762
62.6996 1074.22 28.8481
44.5531 1096.59 -2.01613
40.6512 1093.2 -27.7869
62.7051 1074.21 -29.8709
66.8883 1077.91 -2.00737
39.7829 1092.44 -30.5389
28.6382 1082.91 -52.3184
49.8441 1063.06 -56.1862
61.8368 1073.46 -32.6229
27.0227 1081.55 -54.4174
10.2168 1067.61 -68.9433
30.046 1046.52 -73.9543
48.2286 1061.69 -58.2852
8.0875 1065.87 -70.0783
-11.8999 1049.72 -75.2068
6.2717 1027.3 -80.6224
27.9168 1044.78 -75.0894
-14.2206 1047.85 -75.2097
-34.3112 1031.79 -70.1318
-17.8185 1008.1 -75.1405
3.95101 1025.44 -80.6254
-36.4626 1030.08 -68.9965
-53.5054 1016.45 -54.4312
-38.4485 991.677 -58.2861
-19.9699 1006.39 -74.0052
-55.1532 1015.13 -52.3259
-66.5324 1006.01 -30.492
-52.4683 980.496 -32.5631
-40.0962 990.361 -56.1808
-67.4264 1005.3 -27.7367
-71.4582 1002.13 -1.97329
-57.7258 976.339 -1.92542
-53.3622 979.784 -29.8078
-55.8868 973.486 1.13512
-51.5708 976.995 29.0017
-32.0991 950.891 29.6298
-36.5232 947.325 1.16341
-38.2953 987.639 55.4628
-18.5419 961.687 56.6057
-31.1627 951.642 32.5189
-50.6344 977.746 31.8908
-18.0769 1003.74 73.3699
2.09485 978.01 74.8793
-16.8096 963.066 58.8121
-36.5629 989.017 57.6692
5.96586 1022.86 80.0324
26.6392 997.408 81.6989
4.3577 979.805 76.0698
-15.814 1005.53 74.5604
30.0653 1042.27 74.4847
51.2236 1017.12 76.042
29.0796 999.357 81.6958
8.40624 1024.81 80.0292
50.5013 1059.23 57.6124
71.903 1034.5 58.8115
53.4564 1018.95 74.8511
32.2981 1044.1 73.2939
64.2038 1071.05 31.8181
85.649 1046.68 32.4557
73.5903 1035.94 56.6057
52.1886 1060.67 55.4066
69.2954 1075.53 1.05272
90.749 1051.28 1.07114
86.5519 1047.47 29.5622
65.1068 1071.84 28.9246
65.1125 1071.83 -29.944
86.56 1047.44 -30.5364
90.7493 1051.28 -2.06213
69.2957 1075.53 -2.08054
52.2185 1060.63 -56.398
73.6306 1035.89 -57.5347
85.6588 1046.64 -33.4271
64.2113 1071.03 -32.8347
32.3515 1044.02 -74.2705
53.5151 1018.86 -75.7704
71.9461 1034.45 -59.738
50.5341 1059.19 -58.6013
8.47535 1024.71 -80.9932
29.1507 999.254 -82.6044
51.284 1017.03 -76.9601
30.1204 1042.18 -75.4602
-15.7334 1005.42 -75.5103
4.43544 979.697 -76.9662
26.7115 997.304 -82.6063
6.0361 1022.76 -80.9951
-36.4743 988.915 -58.5992
-16.7341 962.971 -59.6972
2.17315 977.902 -75.7743
-17.9957 1003.63 -74.3184
-50.5806 977.673 -32.7716
-31.1284 951.571 -33.3478
-18.4684 961.594 -57.4872
-38.2086 987.538 -56.3892
-51.5212 976.927 -29.8785
-55.8847 973.482 -1.99613
-36.5211 947.321 -1.96784
-32.0689 950.825 -30.4547
-34.3157 944.462 1.18565
-29.8916 948.028 29.652
-9.47788 922.519 29.7764
-13.9356 918.955 1.20988
-28.9408 948.784 32.5772
-16.3201 958.83 56.6639
4.18587 933.309 56.8705
-8.5271 923.275 32.7015
-14.5612 960.217 58.8984
4.34321 975.162 74.9656
25.0009 949.603 75.2183
5.94475 934.696 59.105
6.64152 976.968 76.1718
28.923 994.571 81.8009
49.7716 968.943 82.0534
27.2993 951.409 76.4244
31.4014 996.532 81.7977
53.5455 1014.29 76.1439
74.5767 988.59 76.3623
52.25 970.903 82.0502
55.7972 1016.15 74.9389
74.2438 1031.7 58.8993
95.1309 1006.3 59.0579
76.8284 990.443 75.1573
75.9305 1033.18 56.6659
87.9892 1043.92 32.5159
108.713 1018.89 32.645
96.8176 1007.78 56.8246
88.8885 1044.74 29.5855
93.0856 1048.55 1.09442
113.764 1023.66 1.12957
109.613 1019.71 29.7146
93.0863 1048.55 -2.07936
88.897 1044.71 -30.5537
109.631 1019.67 -30.6192
113.765 1023.65 -2.0442
88.0001 1043.88 -33.4813
75.9719 1033.13 -57.5889
96.8612 1007.71 -57.7013
108.734 1018.84 -33.5469
74.2873 1031.65 -59.8198
55.8563 1016.06 -75.8522
76.8833 990.355 -76.0236
95.1765 1006.23 -59.9323
53.6057 1014.21 -77.0563
31.4725 996.428 -82.7006
52.3148 970.798 -82.9052
74.6328 988.499 -77.2277
28.9949 994.466 -82.7026
6.7188 976.859 -77.0625
27.3681 951.301 -77.2678
49.8372 968.836 -82.9073
4.42048 975.054 -75.8553
-14.4868 960.123 -59.7782
6.00772 934.604 -59.9399
25.0698 949.496 -76.0606
-16.2481 958.737 -57.5402
-28.9081 948.714 -33.4008
-8.50504 923.206 -33.4787
4.24643 933.219 -57.7019
-29.8623 947.963 -30.4714
-34.3145 944.459 -1.98452
-13.9344 918.951 -1.96029
-9.45927 922.455 -30.5493
-11.6829 916.127 1.21665
-7.22513 919.692 29.7831
12.9749 894.261 29.823
8.44404 890.759 1.23844
-6.26266 920.442 32.7148
6.45032 930.475 56.8838
26.8393 904.876 56.9214
13.9374 895.011 32.7547
8.22903 931.851 59.1206
27.2852 946.758 75.2338
47.9252 920.922 75.2414
28.618 906.251 59.1582
29.6078 948.547 76.4383
52.0801 966.08 82.0672
72.9878 939.973 82.036
50.2478 922.711 76.4458
54.5846 968.021 82.0609
76.9112 985.708 76.373
98.1041 959.317 76.3399
75.4923 941.914 82.0296
79.1948 987.549 75.157
97.4972 1003.41 59.0576
119.254 976.392 59.0004
100.388 961.158 75.1239
99.2006 1004.87 56.8198
111.096 1015.98 32.6402
133.351 988.515 32.638
120.958 977.858 56.7625
112.004 1016.8 29.7155
116.155 1020.74 1.13047
138.593 993.129 1.16532
134.258 989.332 29.7133
116.156 1020.74 -2.03753
112.022 1016.76 -30.6125
134.276 989.298 -30.5485
138.594 993.127 -2.00269
111.117 1015.93 -33.5361
99.2443 1004.81 -57.6906
120.994 977.791 -57.5905
133.371 988.477 -33.472
97.5424 1003.34 -59.9271
79.2492 987.46 -76.0184
100.437 961.066 -75.9414
119.292 976.322 -59.827
76.9667 985.617 -77.2333
54.6487 967.916 -82.9109
75.5507 941.807 -82.8356
98.1547 959.223 -77.1564
52.1449 965.973 -82.9161
29.6759 948.439 -77.2766
50.3089 922.604 -77.2408
73.0469 939.865 -82.8408
27.3531 946.651 -76.0712
8.29103 931.759 -59.9505
28.6721 906.161 -59.9458
47.9862 920.816 -76.0353
6.50986 930.385 -57.7103
-6.24161 920.373 -33.4871
13.9525 894.943 -33.4842
26.891 904.787 -57.7056
-7.20697 919.627 -30.5511
-11.6821 916.124 -1.96206
8.44483 890.755 -1.94027
12.9872 894.197 -30.5482
10.657 887.922 1.24158
15.1879 891.424 29.8262
34.8921 865.718 29.8521
30.2968 862.295 1.26353
16.1643 892.159 32.7586
29.0662 902.024 56.9253
48.942 876.101 56.9517
35.8686 866.454 32.7845
30.8688 903.374 59.1612
50.176 918.045 75.2444
70.2904 891.812 75.2683
50.7445 877.451 59.1876
52.5274 919.801 76.4466
75.2675 937.063 82.0367
95.6554 910.47 82.0566
72.6417 893.569 76.4705
77.8036 938.968 82.0284
100.415 956.371 76.3388
121.11 929.371 76.3504
98.1916 912.375 82.0483
102.741 958.159 75.1237
121.608 973.393 59.0002
142.734 945.857 59.033
123.435 931.159 75.1354
123.364 974.801 56.7632
135.758 985.459 32.6387
157.266 957.465 32.6665
144.491 947.265 56.7961
136.699 986.242 29.7159
141.034 990.039 1.16791
162.684 961.884 1.19396
158.207 958.248 29.7436
141.034 990.037 -1.99876
136.717 986.208 -30.5445
158.222 958.217 -30.5208
162.685 961.882 -1.9727
135.777 985.422 -33.467
123.4 974.735 -57.5855
144.522 947.201 -57.5682
157.283 957.43 -33.4433
121.644 973.323 -59.8217
102.79 958.067 -75.9361
123.482 931.068 -75.8994
142.767 945.79 -59.8044
100.466 956.278 -77.1502
77.8616 938.862 -82.8294
98.246 912.27 -82.8028
121.157 929.278 -77.1135
75.326 936.956 -82.8366
52.5879 919.695 -77.2365
72.6976 893.464 -77.2158
95.7104 910.364 -82.8101
50.2362 917.939 -76.0335
30.9222 903.284 -59.9439
50.7928 877.363 -59.9267
70.3459 891.709 -76.0128
29.1173 901.936 -57.7047
16.1788 892.091 -33.4833
35.8796 866.387 -33.4655
48.9879 876.015 -57.6875
15.1999 891.36 -30.5465
10.6575 887.919 -1.9386
30.2973 862.292 -1.91665
34.9006 865.656 -30.5287
32.4511 859.425 1.26623
37.0465 862.848 29.8548
56.1835 836.802 29.8797
51.5277 833.468 1.28805
38.036 863.566 32.7878
51.1093 873.214 56.955
70.4136 846.923 56.9868
57.173 837.52 32.8127
52.935 874.532 59.1913
72.4808 888.893 75.272
92.0311 862.248 75.3139
72.2392 848.241 59.2232
74.8617 890.61 76.4743
97.8754 907.511 82.0604
117.721 880.45 82.1064
94.412 863.964 76.5161
100.445 909.371 82.0513
123.363 926.367 76.3535
143.533 898.848 76.3895
120.29 882.309 82.0973
125.727 928.101 75.1393
145.026 942.798 59.0369
165.557 914.785 59.0776
145.897 900.582 75.1753
146.824 944.154 56.8004
159.6 954.354 32.6708
180.447 925.912 32.6996
167.356 916.141 56.841
160.567 955.104 29.7468
165.045 958.739 1.19714
186.009 930.14 1.22138
181.415 926.663 29.7757
165.045 958.738 -1.97033
160.582 955.073 -30.5184
181.427 926.634 -30.499
186.01 930.138 -1.94609
159.616 954.32 -33.4421
146.855 944.091 -57.567
167.384 916.08 -57.5599
180.461 925.881 -33.4226
145.058 942.732 -59.8029
125.773 928.01 -75.8979
145.94 900.493 -75.8871
165.587 914.721 -59.7958
123.41 926.274 -77.1113
100.499 909.265 -82.8006
120.341 882.206 -82.801
143.577 898.757 -77.1005
97.9299 907.406 -82.8088
74.9171 890.506 -77.2146
94.4638 863.863 -77.2121
117.772 880.347 -82.8092
72.5359 888.79 -76.0116
52.9829 874.445 -59.9256
72.2836 848.155 -59.9139
92.0826 862.147 -76.0091
51.1549 873.128 -57.6859
38.0466 863.499 -33.4639
57.1812 837.455 -33.4453
70.4556 846.839 -57.6742
37.0548 862.785 -30.5266
32.4515 859.422 -1.9145
51.5281 833.464 -1.89268
56.1894 836.741 -30.508
53.6178 830.559 1.29068
58.2736 833.893 29.8823
76.8187 807.487 29.9066
72.1029 804.247 1.31221
59.2759 834.592 32.816
72.5165 843.994 56.9902
91.2309 817.324 57.0228
77.821 808.186 32.8403
74.3656 845.278 59.2276
94.1576 859.285 75.3183
113.127 832.229 75.3633
93.0801 818.608 59.2603
96.5693 860.957 76.5213
119.878 877.443 82.1116
139.157 849.933 82.1618
115.539 833.9 76.5663
122.482 879.252 82.1021
145.725 895.79 76.3943
165.335 867.795 76.4357
141.762 851.742 82.1523
148.126 897.471 75.1799
167.786 911.673 59.0821
187.721 883.202 59.1194
167.736 869.476 75.2213
169.62 912.979 56.8453
182.711 922.751 32.7039
202.917 893.886 32.7313
189.554 884.508 56.8826
183.701 923.47 29.7788
188.296 926.948 1.22447
208.604 897.934 1.24767
203.908 894.605 29.8062
188.297 926.946 -1.94393
183.714 923.442 -30.4968
203.919 894.579 -30.478
208.605 897.933 -1.92073
182.725 922.72 -33.4217
169.648 912.919 -57.559
189.58 884.45 -57.5505
202.929 893.856 -33.4029
167.815 911.61 -59.7953
148.169 897.382 -75.8865
167.776 869.389 -75.8828
187.747 883.141 -59.7868
145.769 895.699 -77.1002
122.533 879.149 -82.8007
141.809 851.641 -82.8065
165.376 867.707 -77.0965
119.929 877.339 -82.8094
96.6208 860.855 -77.2123
115.588 833.801 -77.2138
139.205 849.832 -82.8153
94.2086 859.184 -76.0087
74.4096 845.193 -59.9135
93.1213 818.524 -59.9032
113.175 832.13 -76.0102
72.5582 843.911 -57.6728
59.2838 834.527 -33.4439
77.827 808.121 -33.4252
91.2699 817.242 -57.6625
58.2794 833.832 -30.5058
53.618 830.555 -1.8905
72.1032 804.244 -1.86898
76.8226 807.427 -30.4871
74.1267 801.298 1.31477
78.8425 804.538 29.9091
96.7856 777.766 29.9324
92.0092 774.625 1.33585
79.8577 805.216 32.8435
93.2676 814.354 57.0261
111.383 787.305 57.0568
97.8008 778.444 32.8668
95.1408 815.601 59.2646
115.188 829.222 75.3676
133.565 801.763 75.4091
113.256 788.552 59.2953
117.632 830.846 76.5714
141.25 846.878 82.1669
159.943 818.937 82.2131
136.009 803.387 76.613
143.89 848.633 82.1572
167.463 864.687 76.4406
186.486 836.243 76.4799
162.583 820.693 82.2033
169.899 866.314 75.2257
189.884 880.04 59.1238
209.209 851.127 59.1567
188.922 837.87 75.265
191.75 881.299 56.8864
205.112 890.677 32.7352
224.678 861.397 32.7609
211.075 852.386 56.9194
206.122 891.367 29.8091
210.819 894.696 1.25059
230.475 865.278 1.27293
225.688 862.087 29.8348
210.82 894.694 -1.91861
206.133 891.34 -30.4759
225.698 862.063 -30.4571
230.475 865.277 -1.89628
205.124 890.647 -33.4017
191.775 881.241 -57.5494
211.098 852.33 -57.5382
224.688 861.369 -33.3829
189.911 879.979 -59.7862
169.939 866.228 -75.8822
188.959 837.786 -75.8779
209.234 851.069 -59.7751
167.504 864.599 -77.0965
143.937 848.533 -82.8065
162.627 820.595 -82.8097
186.524 836.158 -77.0922
141.298 846.778 -82.8156
117.68 830.747 -77.2141
136.054 803.291 -77.2133
159.987 818.839 -82.8188
115.236 829.124 -76.0098
95.1817 815.518 -59.9028
113.294 788.47 -59.8917
133.61 801.668 -76.0089
93.3063 814.273 -57.661
79.8634 805.152 -33.4237
97.8048 778.381 -33.405
111.419 787.225 -57.6499
78.8463 804.478 -30.4849
74.1269 801.295 -1.86681
92.0094 774.622 -1.84573
96.7876 777.707 -30.4662
93.9658 771.636 1.33831
98.7422 774.777 29.9349
116.077 747.642 29.9572
111.24 744.604 1.35884
99.7704 775.434 32.8698
113.353 784.294 57.0598
130.862 756.871 57.088
117.106 748.299 32.8922
115.25 785.502 59.2993
135.559 798.714 75.4131
153.332 770.863 75.4496
132.759 758.079 59.3275
138.035 800.287 76.6176
161.969 815.837 82.2177
180.058 787.483 82.2578
155.807 772.436 76.6541
164.644 817.537 82.2078
188.548 833.087 76.4843
206.961 804.216 76.5193
182.734 789.182 82.2479
191.018 834.66 75.2688
211.305 847.917 59.1606
230.006 818.579 59.1896
209.432 805.788 75.3038
213.2 849.13 56.9228
226.803 858.141 32.7643
245.721 828.455 32.7883
231.901 819.792 56.9518
227.831 858.804 29.8376
232.617 861.995 1.27567
251.617 832.179 1.29718
246.749 829.119 29.8616
232.618 861.993 -1.89417
227.84 858.779 -30.455
246.758 829.095 -30.4361
251.617 832.178 -1.87266
226.813 858.113 -33.3815
213.223 849.074 -57.5368
231.922 819.739 -57.5233
245.731 828.429 -33.3626
211.33 847.858 -59.7741
191.055 834.576 -75.877
209.466 805.708 -75.8699
230.029 818.523 -59.7607
188.585 833.002 -77.0919
164.688 817.44 -82.8094
182.775 789.088 -82.8079
206.996 804.133 -77.0848
162.013 815.739 -82.8187
138.079 800.191 -77.2132
155.849 772.343 -77.2086
180.099 787.388 -82.8172
135.603 798.619 -76.0082
115.288 785.42 -59.891
132.795 757.999 -59.8785
153.373 770.77 -76.0036
113.389 784.214 -57.6483
99.7742 775.371 -33.4034
117.108 748.237 -33.3848
130.895 756.793 -57.6358
98.7441 774.718 -30.464
93.9658 771.633 -1.84358
111.24 744.601 -1.82305
116.078 747.584 -30.4454
113.129 741.575 1.36121
117.966 744.613 29.9596
134.688 717.122 29.9808
129.79 714.189 1.38114
119.008 745.248 32.8949
132.763 753.82 57.0908
149.658 726.031 57.1163
135.73 717.757 32.9162
134.685 754.988 59.3309
155.258 767.772 75.453
172.415 739.541 75.4848
151.58 727.199 59.3565
157.766 769.292 76.6581
182.016 784.339 82.2618
199.487 755.587 82.2962
174.923 741.062 76.6898
184.727 785.98 82.2518
208.955 801.014 76.5232
226.743 771.734 76.5538
202.197 757.229 82.2862
211.459 802.531 75.3072
232.033 815.322 59.193
250.095 785.576 59.2189
229.246 773.251 75.3378
233.955 816.49 56.9548
247.775 825.154 32.7913
266.038 795.071 32.8138
252.016 786.744 56.9807
248.819 825.791 29.8642
253.687 828.852 1.29976
272.024 798.645 1.32046
267.082 795.708 29.8866
253.687 828.85 -1.87056
248.827 825.768 -30.434
267.09 795.686 -30.4152
272.024 798.644 -1.84985
247.785 825.128 -33.361
233.975 816.437 -57.5217
252.035 786.693 -57.5066
266.047 795.046 -33.3422
232.055 815.266 -59.7594
211.492 802.451 -75.8687
229.277 773.173 -75.8587
250.115 785.523 -59.7444
208.99 800.932 -77.0841
184.768 785.886 -82.8072
202.235 757.137 -82.8014
226.774 771.654 -77.0742
182.057 784.244 -82.8167
157.807 769.199 -77.2081
174.961 740.971 -77.2
199.525 755.495 -82.8109
155.299 767.679 -76.0026
134.721 754.908 -59.8775
151.613 727.121 -59.8636
172.453 739.451 -75.9945
132.797 753.742 -57.6341
119.009 745.186 -33.3831
135.73 717.696 -33.3646
149.69 725.955 -57.6202
117.966 744.555 -30.4433
113.129 741.572 -1.82094
129.79 714.186 -1.80101
134.687 717.065 -30.4249
131.61 711.121 1.3834
136.509 714.053 29.9831
152.612 686.212 30.0031
147.653 683.388 1.40266
137.563 714.666 32.9187
151.492 722.941 57.1189
167.766 694.794 57.142
153.666 686.825 32.9388
153.438 724.066 59.3595
174.272 736.409 75.4878
190.805 707.808 75.5154
169.712 695.92 59.3826
176.812 737.875 76.6932
201.376 752.4 82.2996
218.215 723.265 82.3292
193.344 709.274 76.7208
204.121 753.983 82.2895
228.666 768.488 76.5571
245.813 738.814 76.5841
220.96 724.848 82.3191
231.202 769.949 75.3408
252.051 782.275 59.2219
269.461 752.135 59.2454
248.349 740.276 75.3678
253.998 783.399 56.9834
268.02 791.725 32.8165
285.618 761.255 32.8377
271.408 753.258 57.0069
269.078 792.337 29.8891
274.02 795.274 1.32288
291.686 764.685 1.34279
286.676 761.867 29.9102
274.02 795.273 -1.84777
269.086 792.315 -30.4131
286.683 761.846 -30.3946
291.686 764.684 -1.82786
268.028 791.7 -33.3404
254.017 783.348 -57.5048
271.426 753.209 -57.4889
285.626 761.231 -33.3219
252.071 782.222 -59.7429
231.233 769.872 -75.8573
248.378 740.202 -75.8452
269.48 752.083 -59.727
228.698 768.409 -77.0731
204.158 753.892 -82.8004
220.995 724.76 -82.7912
245.842 738.738 -77.061
201.413 752.308 -82.81
176.85 737.784 -77.1991
193.38 709.186 -77.1883
218.25 723.176 -82.8008
174.31 736.319 -75.9933
153.47 723.989 -59.8623
169.743 695.844 -59.8473
190.84 707.721 -75.9825
151.523 722.864 -57.6184
137.563 714.605 -33.3629
153.665 686.765 -33.3446
167.795 694.72 -57.6034
136.507 713.997 -30.4228
131.61 711.118 -1.79892
147.653 683.385 -1.77966
152.609 686.157 -30.4045
149.404 680.282 1.40482
154.363 683.106 30.0053
169.843 654.926 30.0244
164.824 652.212 1.42338
155.431 683.695 32.9412
169.531 691.665 57.1443
185.178 663.172 57.1655
170.91 655.515 32.9603
171.5 692.748 59.3853
192.593 704.636 75.5181
208.492 675.679 75.5424
187.148 664.255 59.4065
195.163 706.047 76.7238
220.033 720.037 82.3322
236.231 690.535 82.3578
211.063 677.09 76.7481
222.812 721.56 82.322
247.666 735.526 76.587
264.161 705.477 76.6109
239.01 692.058 82.3476
250.233 736.932 75.3704
271.345 748.791 59.2481
288.093 718.271 59.2696
266.728 706.882 75.3943
273.316 749.87 57.0094
287.525 757.867 32.8402
304.45 727.022 32.8601
290.064 719.35 57.0309
288.598 758.454 29.9125
293.607 761.272 1.34507
310.595 730.311 1.3642
305.522 727.609 29.9325
293.608 761.271 -1.82582
288.605 758.433 -30.3925
305.528 727.589 -30.3744
310.595 730.31 -1.80669
287.533 757.843 -33.32
273.333 749.821 -57.4871
290.08 719.304 -57.4708
304.457 726.999 -33.3019
271.363 748.739 -59.7254
250.261 736.858 -75.8436
266.754 706.811 -75.8299
288.109 718.222 -59.7091
247.695 735.45 -77.0597
222.847 721.472 -82.7899
239.041 691.973 -82.7782
264.187 705.404 -77.046
220.068 719.949 -82.7996
195.198 705.959 -77.1871
211.095 677.005 -77.1744
236.263 690.45 -82.7879
192.628 704.549 -75.981
171.53 692.672 -59.8458
187.176 664.182 -59.8304
208.524 675.595 -75.9683
169.559 691.59 -57.6016
155.428 683.636 -33.3428
170.907 655.457 -33.325
185.204 663.1 -57.5861
154.36 683.051 -30.4024
149.404 680.279 -1.77763
164.824 652.209 -1.75907
169.838 654.872 -30.3847
166.506 649.068 1.42544
171.525 651.783 30.0265
186.376 623.273 30.0447
181.299 620.672 1.44326
172.605 652.348 32.9625
186.873 660.005 57.1677
201.886 631.178 57.1871
187.455 623.839 32.9807
188.865 661.045 59.4089
210.209 672.469 75.5448
225.467 643.169 75.5663
203.879 632.218 59.4284
212.81 673.823 76.7507
237.978 687.268 82.3604
253.524 657.412 82.3828
228.068 644.523 76.7721
240.789 688.729 82.3502
265.941 702.148 76.6135
281.773 671.739 76.6348
256.335 658.874 82.3726
268.538 703.497 75.3967
289.903 714.886 59.272
305.978 684.002 59.2919
284.37 673.087 75.418
291.897 715.921 57.0332
306.283 723.593 32.8624
322.525 692.386 32.8813
307.973 685.037 57.0531
307.368 724.156 29.9347
312.441 726.857 1.36636
328.742 695.535 1.38468
323.61 692.949 29.9535
312.441 726.856 -1.80469
307.374 724.135 -30.3724
323.616 692.929 -30.3547
328.742 695.534 -1.78637
306.29 723.57 -33.3
291.913 715.874 -57.4689
307.987 684.993 -57.4525
322.531 692.364 -33.2823
289.919 714.837 -59.7074
268.563 703.426 -75.8282
284.393 673.019 -75.8135
305.993 683.955 -59.691
265.967 702.076 -77.0445
240.821 688.645 -82.7767
256.364 658.793 -82.7634
281.797 671.668 -77.0298
238.01 687.183 -82.7865
212.842 673.738 -77.1729
228.097 644.441 -77.159
253.552 657.331 -82.7732
210.241 672.385 -75.9667
188.893 660.972 -59.8288
203.904 632.147 -59.813
225.497 643.088 -75.9528
186.898 659.933 -57.5843
172.601 652.29 -33.3232
187.449 623.783 -33.3059
201.91 631.109 -57.5686
171.52 651.729 -30.3827
166.506 649.066 -1.7571
181.298 620.669 -1.73928
186.368 623.221 -30.3654
182.91 617.493 1.44522
187.987 620.094 30.0466
202.202 591.268 30.0639
197.069 588.781 1.46229
189.079 620.635 32.9827
203.51 627.975 57.1892
217.883 598.826 57.2071
203.294 591.809 32.9999
205.525 628.97 59.4305
227.113 639.921 75.5685
241.721 610.292 75.5876
219.898 599.821 59.4485
229.743 641.218 76.7744
255.199 654.107 82.3851
270.084 623.915 82.4049
244.351 611.588 76.7936
258.041 655.507 82.3749
283.48 668.371 76.6371
298.64 637.617 76.6562
272.926 625.314 82.3947
286.105 669.663 75.4202
307.713 680.577 59.2941
323.106 649.345 59.3125
301.266 638.908 75.4393
309.73 681.568 57.0552
324.282 688.917 32.8834
339.833 657.361 32.9013
325.123 650.336 57.0736
325.379 689.455 29.9556
330.512 692.042 1.38672
346.119 660.372 1.40425
340.93 657.9 29.9734
330.512 692.041 -1.78443
325.385 689.436 -30.3527
340.936 657.881 -30.3356
346.119 660.371 -1.76691
324.288 688.895 -33.2805
309.744 681.524 -57.4506
325.136 650.294 -57.4343
339.839 657.34 -33.2634
307.728 680.531 -59.6892
286.128 669.595 -75.8117
301.287 638.843 -75.7964
323.12 649.3 -59.6729
283.503 668.302 -77.0282
258.07 655.426 -82.7618
272.952 625.237 -82.7474
298.662 637.55 -77.0128
255.227 654.026 -82.7716
229.772 641.137 -77.1574
244.378 611.51 -77.1426
270.11 623.837 -82.7572
227.142 639.841 -75.9511
205.55 628.9 -59.8114
219.921 599.753 -59.7956
241.748 610.214 -75.9363
203.534 627.906 -57.5668
189.073 620.58 -33.3041
203.287 591.755 -33.2874
217.904 598.759 -57.5511
187.98 620.042 -30.3635
182.91 617.49 -1.73738
197.069 588.778 -1.72031
202.194 591.217 -30.3468
198.61 585.567 1.46415
203.743 588.054 30.0657
217.317 558.923 30.082
212.13 556.551 1.48046
204.847 588.571 33.0018
219.435 595.588 57.209
233.161 566.13 57.2255
218.421 559.439 33.0182
221.472 596.538 59.4504
243.295 607.009 75.5896
257.247 577.064 75.6067
235.198 567.08 59.467
245.953 608.247 76.7956
271.685 620.573 82.4069
285.902 590.058 82.4244
259.904 578.302 76.8127
274.558 621.91 82.3967
300.272 634.213 76.6582
314.752 603.129 76.6754
288.774 591.394 82.4142
302.925 635.446 75.4413
324.765 645.883 59.3144
339.468 614.318 59.3315
317.405 604.362 75.4585
326.804 646.83 57.0756
341.514 653.854 32.9032
356.366 621.964 32.9201
341.506 615.264 57.0926
342.623 654.369 29.9753
347.811 656.841 1.40617
362.717 624.836 1.4229
357.475 622.479 29.9922
347.811 656.84 -1.76504
342.628 654.35 -30.3338
357.48 622.461 -30.3172
362.717 624.835 -1.74832
341.52 653.833 -33.2616
326.816 646.787 -57.4325
341.517 615.224 -57.4165
356.372 621.944 -33.245
324.779 645.838 -59.6711
302.946 635.381 -75.7946
317.424 604.3 -75.7789
339.48 614.275 -59.6551
300.293 634.146 -77.0111
274.584 621.833 -82.7457
288.797 591.321 -82.7305
314.771 603.065 -76.9954
271.711 620.496 -82.7555
245.979 608.169 -77.141
259.928 578.228 -77.1257
285.925 589.983 -82.7403
243.322 606.932 -75.9346
221.495 596.47 -59.7939
235.218 567.014 -59.7783
257.271 576.99 -75.9193
219.457 595.521 -57.5493
204.839 588.517 -33.2856
218.411 559.387 -33.2695
233.18 566.065 -57.5337
203.734 588.004 -30.345
198.61 585.565 -1.71848
212.13 556.549 -1.70217
217.307 558.874 -30.3288
213.6 553.305 1.48222
218.787 555.676 30.0838
231.714 526.251 30.0992
226.475 523.997 1.49774
219.901 556.168 33.0199
234.642 562.858 57.2273
247.714 533.103 57.2425
232.829 526.743 33.0353
236.699 563.763 59.4687
258.748 573.747 75.6085
272.036 543.501 75.6237
249.771 534.008 59.4839
261.432 574.926 76.8145
287.43 586.682 82.4262
300.97 555.859 82.4415
274.72 544.68 76.8297
290.331 587.955 82.416
316.308 599.689 76.6772
330.1 568.293 76.6926
303.871 557.132 82.4313
318.988 600.864 75.4603
341.05 610.82 59.3333
355.054 578.937 59.3491
332.779 569.467 75.4757
343.109 611.721 57.0945
357.969 618.421 32.9219
372.116 586.212 32.9377
357.112 579.839 57.1102
359.089 618.911 29.994
364.331 621.269 1.42471
378.528 588.944 1.44058
373.236 586.702 30.0098
364.331 621.268 -1.74652
359.094 618.893 -30.3154
373.241 586.684 -30.2996
378.528 588.943 -1.73065
357.975 618.401 -33.2433
343.12 611.681 -57.4147
357.122 579.8 -57.3989
372.121 586.192 -33.2274
341.062 610.777 -59.6533
319.006 600.802 -75.7771
332.796 569.408 -75.7612
355.065 578.896 -59.6376
316.327 599.626 -76.9937
290.354 587.881 -82.7287
303.892 557.062 -82.713
330.117 568.232 -76.9777
287.453 586.608 -82.7386
261.456 574.852 -77.124
274.741 544.609 -77.1083
300.991 555.788 -82.7228
258.771 573.674 -75.9176
236.719 563.698 -59.7766
249.79 533.946 -59.7612
272.057 543.43 -75.902
234.661 562.794 -57.5319
219.892 556.116 -33.2678
232.817 526.694 -33.2523
247.731 533.042 -57.5165
218.776 555.628 -30.3271
213.599 553.302 -1.70041
226.475 523.994 -1.68489
231.702 526.205 -30.3116
227.873 520.719 1.49941
233.111 522.973 30.1009
245.387 493.268 30.1152
240.098 491.132 1.51408
234.237 523.44 33.0369
249.122 529.8 57.2441
261.535 499.761 57.2579
246.512 493.735 33.0513
251.199 530.659 59.4855
273.463 540.151 75.6253
286.081 509.617 75.6386
263.612 500.62 59.4993
276.173 541.271 76.8313
302.423 552.45 82.4431
315.281 521.334 82.4563
288.791 510.736 76.8446
305.352 553.658 82.4329
331.58 564.819 76.6942
344.676 533.125 76.7078
318.209 522.542 82.4461
334.285 565.935 75.4773
356.559 575.405 59.3508
369.857 543.221 59.3654
347.381 534.24 75.491
358.637 576.261 57.1119
373.64 582.634 32.9394
387.075 550.12 32.9544
371.935 544.077 57.1265
374.771 583.099 30.0115
380.063 585.342 1.4423
393.545 552.711 1.45745
388.205 550.585 30.0265
380.063 585.341 -1.72893
374.776 583.082 -30.2979
388.21 550.569 -30.2826
393.545 552.71 -1.71378
373.646 582.615 -33.2257
358.647 576.223 -57.3972
371.944 544.04 -57.3818
387.079 550.101 -33.2105
356.57 575.364 -59.6358
334.301 565.876 -75.7595
347.396 534.185 -75.7434
369.867 543.182 -59.6205
331.597 564.759 -76.976
305.372 553.589 -82.7112
318.227 522.476 -82.695
344.691 533.067 -76.9599
302.443 552.379 -82.7211
276.194 541.2 -77.1066
288.81 510.669 -77.0907
315.299 521.267 -82.7048
273.484 540.081 -75.9003
251.217 530.597 -59.7594
263.628 500.561 -59.7443
286.1 509.55 -75.8844
249.139 529.739 -57.5148
234.225 523.39 -33.2506
246.499 493.688 -33.2358
261.55 499.703 -57.4997
233.099 522.927 -30.3099
227.872 520.716 -1.68321
240.097 491.129 -1.66855
245.372 493.224 -30.2951
241.423 487.823 1.51564
246.711 489.959 30.1168
258.329 459.987 30.1302
252.993 457.97 1.52941
247.847 490.401 33.0528
262.87 496.427 57.2594
274.619 466.119 57.2718
259.464 460.428 33.0662
264.965 497.24 59.5007
287.435 506.237 75.64
299.377 475.429 75.6513
276.714 466.932 59.5131
290.168 507.296 76.846
316.658 517.893 82.4577
328.827 486.5 82.4687
302.111 476.488 76.8573
319.613 519.037 82.4475
346.08 529.62 76.7092
358.474 497.643 76.7209
331.782 487.644 82.4585
348.808 530.676 75.4924
371.284 539.656 59.3668
383.87 507.186 59.3801
361.203 498.7 75.5042
373.38 540.467 57.1281
388.52 546.509 32.956
401.236 513.706 32.97
385.966 507.997 57.1414
389.661 546.95 30.0281
395.001 549.076 1.45907
407.762 516.155 1.47338
402.377 514.146 30.0421
395.001 549.075 -1.71212
389.665 546.933 -30.281
402.381 514.131 -30.2664
407.762 516.154 -1.69781
388.525 546.491 -33.2088
373.389 540.43 -57.3802
385.974 507.962 -57.3652
401.24 513.688 -33.1942
371.294 539.618 -59.6187
348.823 530.62 -75.7416
361.216 498.647 -75.7254
383.879 507.15 -59.6037
346.094 529.563 -76.9581
319.63 518.971 -82.6932
331.797 487.582 -82.6764
358.487 497.59 -76.9418
316.676 517.827 -82.703
290.187 507.229 -77.0889
302.127 476.426 -77.0728
328.843 486.437 -82.6863
287.453 506.17 -75.8827
264.981 497.181 -59.7426
276.728 466.876 -59.7277
299.393 475.367 -75.8666
262.885 496.369 -57.498
247.833 490.354 -33.2342
259.449 460.384 -33.2201
274.631 466.064 -57.4832
246.697 489.915 -30.2935
241.422 487.821 -1.66695
252.993 457.967 -1.65317
258.313 459.945 -30.2795
254.245 454.632 1.53086
259.58 456.649 30.1316
270.535 426.422 30.1439
265.156 424.525 1.54375
260.725 457.065 33.0675
275.88 462.756 57.2731
286.959 432.192 57.2839
271.68 426.838 33.0798
277.992 463.522 59.5143
300.656 472.019 75.6525
311.917 440.954 75.6616
289.071 432.958 59.5251
303.412 473.018 76.8584
330.129 483.03 82.4698
341.603 451.375 82.4783
314.673 441.952 76.8676
333.108 484.109 82.4596
359.8 494.108 76.7221
371.487 461.867 76.7317
344.582 452.454 82.4681
362.551 495.104 75.5055
385.219 503.591 59.3814
397.087 470.852 59.3932
374.239 462.863 75.5151
387.332 504.356 57.1428
402.602 510.064 32.9714
414.594 476.987 32.9842
399.201 471.616 57.1547
403.752 510.48 30.0436
409.137 512.488 1.47488
421.173 479.291 1.48821
415.744 477.402 30.0564
409.138 512.487 -1.69624
403.756 510.464 -30.2649
415.748 477.387 -30.2511
421.173 479.29 -1.68292
402.606 510.047 -33.1926
387.34 504.321 -57.3636
399.208 471.584 -57.3489
414.598 476.97 -33.1788
385.227 503.555 -59.602
362.564 495.052 -75.7236
374.25 462.814 -75.707
397.095 470.817 -59.5874
359.813 494.055 -76.9399
333.123 484.047 -82.6746
344.596 452.396 -82.6571
371.499 461.817 -76.9234
330.144 482.968 -82.6844
303.428 472.956 -77.0709
314.688 441.894 -77.0543
341.617 451.317 -82.667
300.672 471.957 -75.8648
278.006 463.467 -59.726
289.083 432.906 -59.7114
311.931 440.896 -75.8482
275.892 462.702 -57.4816
260.71 457.021 -33.2185
271.664 426.796 -33.2052
286.969 432.141 -57.467
259.564 456.607 -30.278
254.244 454.63 -1.65167
265.155 424.523 -1.63878
270.518 426.383 -30.2646
266.333 421.16 1.54509
271.713 423.057 30.1452
282.001 392.588 30.1564
276.579 390.811 1.55703
272.867 423.447 33.081
288.145 428.801 57.2851
298.55 397.995 57.2942
283.155 392.979 33.0922
290.274 429.521 59.5261
313.12 437.516 75.6626
323.696 406.207 75.6692
300.679 398.714 59.5352
315.898 438.454 76.8684
342.828 447.877 82.4791
353.603 415.978 82.4847
326.474 407.145 76.875
345.83 448.891 82.469
372.735 458.303 76.7326
383.71 425.814 76.7398
356.605 416.991 82.4746
375.507 459.239 75.5162
398.356 467.228 59.3943
409.502 434.236 59.4046
386.482 426.75 75.5234
400.486 467.946 57.1559
415.879 473.316 32.9855
427.143 439.981 32.9972
411.632 434.954 57.1661
417.038 473.706 30.0578
422.467 475.595 1.48958
433.773 442.137 1.50207
428.302 440.371 30.0695
422.468 475.594 -1.68143
417.042 473.691 -30.2496
428.305 440.356 -30.2365
433.773 442.136 -1.66894
415.883 473.3 -33.1773
400.493 467.913 -57.3473
411.638 434.923 -57.3329
427.147 439.965 -33.1641
398.364 467.194 -59.5856
375.518 459.19 -75.7053
386.492 426.704 -75.6881
409.509 434.204 -59.5712
372.746 458.253 -76.9214
345.843 448.833 -82.6552
356.617 416.938 -82.6366
383.72 425.768 -76.9042
342.842 447.819 -82.665
315.912 438.396 -77.0524
326.486 407.091 -77.0351
353.615 415.924 -82.6465
313.134 437.458 -75.8465
290.286 429.469 -59.7096
300.689 398.666 -59.6951
323.708 406.154 -75.8292
288.156 428.75 -57.4654
272.85 423.406 -33.2036
283.137 392.94 -33.1911
298.558 397.948 -57.4509
271.696 423.018 -30.2632
266.332 421.158 -1.63736
276.578 390.809 -1.62541
281.982 392.552 -30.2506
277.683 387.42 1.55825
283.104 389.197 30.1576
292.721 358.499 30.1676
287.259 356.842 1.56922
284.267 389.562 33.0932
299.662 394.578 57.2952
309.387 363.543 57.3024
293.883 358.865 33.1032
301.806 395.251 59.5359
324.823 402.744 75.6699
334.709 371.207 75.6734
311.532 364.216 59.543
327.621 403.621 76.8754
354.751 412.453 82.4852
364.822 380.326 82.4872
337.506 372.084 76.879
357.774 413.401 82.4751
384.879 422.224 76.7404
395.136 389.505 76.7447
367.845 381.274 82.4772
387.671 423.099 75.5243
410.691 430.586 59.4054
421.11 397.359 59.4138
397.928 390.38 75.5286
412.836 431.256 57.1672
428.347 436.283 32.9983
438.878 402.705 33.0088
423.255 398.03 57.1756
429.515 436.646 30.0708
434.986 438.412 1.50331
445.557 404.707 1.51492
440.046 403.068 30.0813
434.986 438.411 -1.66752
429.518 436.632 -30.235
440.049 403.054 -30.2224
445.557 404.707 -1.6559
428.351 436.267 -33.1625
412.843 431.225 -57.3313
423.261 398.001 -57.3169
438.882 402.689 -33.1499
410.698 430.553 -59.5694
387.681 423.054 -75.6863
397.937 390.338 -75.668
421.116 397.329 -59.5549
384.888 422.178 -76.9021
357.786 413.348 -82.6345
367.855 381.225 -82.6143
395.145 389.462 -76.8839
354.762 412.4 -82.6444
327.633 403.567 -77.033
337.516 372.035 -77.0145
364.832 380.277 -82.6241
324.835 402.69 -75.8274
301.816 395.203 -59.6933
311.54 364.172 -59.6787
334.719 371.158 -75.8089
299.67 394.531 -57.4494
284.249 389.524 -33.1895
293.864 358.829 -33.1777
309.394 363.5 -57.4348
283.086 389.161 -30.2493
277.682 387.418 -1.62408
287.258 356.84 -1.61311
292.7 358.466 -30.2374
288.288 353.426 1.57031
293.75 355.083 30.1687
302.69 324.168 30.1774
297.192 322.631 1.58028
294.92 355.423 33.104
310.424 360.102 57.3032
319.467 328.851 57.308
303.861 324.508 33.1127
312.583 360.728 59.5434
335.76 367.718 75.6738
344.951 335.969 75.6735
321.626 329.477 59.5482
338.576 368.535 76.879
365.891 376.777 82.4873
375.254 344.439 82.485
347.767 336.786 76.8788
368.935 377.659 82.4774
396.226 385.891 76.7449
405.761 352.961 76.7458
378.297 345.321 82.4751
399.037 386.704 75.5292
422.218 393.684 59.4143
431.906 360.241 59.4205
408.572 353.774 75.5301
424.379 394.306 57.1765
440.002 398.981 33.0096
449.797 365.175 33.0188
434.067 360.863 57.1826
441.178 399.317 30.0824
446.689 400.957 1.51603
456.523 367.019 1.52673
450.973 365.512 30.0916
446.689 400.956 -1.65454
441.181 399.303 -30.2211
450.976 365.498 -30.2089
456.524 367.018 -1.64384
440.005 398.966 -33.1483
424.384 394.277 -57.3153
434.072 360.836 -57.3004
449.801 365.16 -33.1362
422.224 393.654 -59.553
399.045 386.663 -75.6661
408.58 353.736 -75.6462
431.912 360.213 -59.5381
396.234 385.848 -76.8816
368.944 377.611 -82.6121
378.306 345.277 -82.5893
405.769 352.921 -76.8617
365.901 376.728 -82.6218
338.586 368.486 -77.0123
347.776 336.742 -76.9919
375.263 344.395 -82.5991
335.77 367.67 -75.8069
312.591 360.684 -59.6767
321.633 329.438 -59.6618
344.959 335.925 -75.7866
310.431 360.059 -57.4333
294.9 355.388 -33.1762
303.84 324.476 -33.165
319.472 328.813 -57.4184
293.729 355.05 -30.2362
288.287 353.424 -1.61187
297.191 322.629 -1.60189
302.669 324.138 -30.225
298.146 319.191 1.58122
303.644 320.728 30.1784
311.906 289.607 30.1856
306.372 288.188 1.59014
304.822 321.043 33.1133
320.428 325.386 57.3086
328.785 293.934 57.3107
313.084 289.922 33.1205
322.6 325.966 59.5482
345.925 332.458 75.6735
354.419 300.511 75.6686
330.957 294.514 59.5503
348.759 333.214 76.8784
376.246 340.868 82.4846
384.897 308.338 82.4768
357.252 301.268 76.8735
379.307 341.685 82.4747
406.771 349.324 76.7454
415.582 316.203 76.742
387.958 309.155 82.4669
409.6 350.076 75.5302
432.934 356.543 59.4207
441.888 322.903 59.424
418.41 316.955 75.5268
435.108 357.116 57.1832
450.839 361.428 33.0194
459.896 327.41 33.027
444.062 323.476 57.1866
452.023 361.736 30.0925
457.573 363.243 1.52767
466.669 329.085 1.53746
461.08 327.718 30.1001
457.573 363.243 -1.64252
452.026 361.723 -30.2076
461.084 327.705 -30.1958
466.669 329.084 -1.63273
450.842 361.413 -33.1345
435.113 357.089 -57.2987
444.067 323.451 -57.2829
459.9 327.395 -33.1227
432.939 356.515 -59.5361
409.607 350.038 -75.6442
418.417 316.921 -75.6218
441.893 322.877 -59.5203
406.779 349.285 -76.8592
379.316 341.641 -82.5868
387.966 309.116 -82.5606
415.588 316.168 -76.8369
376.254 340.824 -82.5965
348.767 333.171 -76.9894
357.26 301.229 -76.9664
384.904 308.299 -82.5703
345.934 332.415 -75.7845
322.607 325.928 -59.6597
330.963 294.479 -59.644
354.426 300.473 -75.7616
320.433 325.348 -57.4168
304.801 321.012 -33.1635
313.062 289.894 -33.153
328.789 293.9 -57.4012
303.622 320.699 -30.2239
298.144 319.189 -1.60074
306.371 288.187 -1.59182
311.883 289.581 -30.2134
307.251 284.726 1.59094
312.784 286.145 30.1864
320.363 254.827 30.1922
314.798 253.524 1.59877
313.969 286.435 33.1208
329.67 290.447 57.311
337.338 258.803 57.3099
321.549 255.117 33.1266
331.855 290.981 59.5498
355.317 296.979 75.6681
363.11 264.851 75.6576
339.523 259.338 59.5487
358.165 297.676 76.8724
385.81 304.746 82.4757
393.746 272.046 82.4611
365.959 265.549 76.8618
388.888 305.498 82.466
416.512 312.546 76.741
424.594 279.257 76.7322
396.825 272.798 82.4514
419.357 313.236 75.5265
442.834 319.184 59.4237
451.052 285.367 59.4234
427.439 279.947 75.5177
445.022 319.707 57.1868
460.856 323.64 33.0273
469.175 289.423 33.0331
453.24 285.89 57.1865
462.048 323.919 30.1009
467.637 325.286 1.53823
475.994 290.918 1.54706
470.367 289.701 30.1067
467.637 325.285 -1.63144
462.051 323.906 -30.1945
470.37 289.688 -30.1828
475.994 290.917 -1.6226
460.86 323.626 -33.1209
445.027 319.682 -57.2811
453.244 285.867 -57.2636
469.179 289.408 -33.1092
442.839 319.158 -59.518
419.363 313.202 -75.6195
427.445 279.917 -75.5938
451.057 285.343 -59.5004
416.518 312.511 -76.834
388.896 305.46 -82.5576
396.831 272.764 -82.5266
424.6 279.226 -76.8083
385.817 304.708 -82.5673
358.173 297.638 -76.9634
365.966 265.516 -76.9368
393.753 272.012 -82.5363
355.324 296.941 -75.7592
331.86 290.947 -59.6416
339.528 259.309 -59.6248
363.117 264.819 -75.7326
329.674 290.414 -57.3996
313.947 286.407 -33.1514
321.525 255.093 -33.1415
337.342 258.775 -57.3828
312.761 286.119 -30.2123
307.249 284.724 -1.59075
314.796 253.523 -1.58292
320.34 254.805 -30.2024
315.6 250.04 1.5994
321.166 251.343 30.1928
328.062 219.837 30.1968
322.465 218.648 1.6061
322.357 251.609 33.1266
338.147 255.295 57.3099
345.126 223.472 57.3052
329.253 220.103 33.1306
340.343 255.785 59.5476
363.931 261.299 75.6565
371.023 229.006 75.6394
347.321 223.962 59.543
366.793 261.938 76.8599
394.58 268.435 82.4592
401.8 235.586 82.4365
373.886 229.646 76.8428
397.674 269.123 82.4497
425.444 275.583 76.7306
432.796 242.151 76.7154
404.894 236.274 82.427
428.304 276.211 75.5168
451.917 281.631 59.4225
459.396 247.657 59.4171
435.656 242.779 75.5017
454.118 282.1 57.1863
470.053 285.633 33.0329
477.632 251.229 33.0366
461.597 248.127 57.1809
471.252 285.88 30.1073
476.879 287.097 1.54763
484.497 252.529 1.55545
478.831 251.476 30.111
476.88 287.096 -1.62133
471.256 285.867 -30.1816
478.835 251.463 -30.1698
484.497 252.528 -1.61351
470.057 285.619 -33.1072
454.122 282.077 -57.2615
461.602 248.106 -57.241
477.637 251.215 -33.0955
451.922 281.607 -59.4977
428.31 276.181 -75.5912
435.663 242.752 -75.5614
459.401 247.636 -59.4773
425.45 275.552 -76.8049
397.681 269.09 -82.5232
404.901 236.245 -82.4863
432.803 242.124 -76.7751
394.587 268.402 -82.5327
366.8 261.906 -76.9333
373.892 229.619 -76.9023
401.807 235.557 -82.4958
363.937 261.267 -75.7299
340.348 255.757 -59.6221
347.326 223.939 -59.6039
371.029 228.98 -75.6989
338.15 255.268 -57.3812
322.334 251.586 -33.1399
329.23 220.084 -33.1305
345.128 223.45 -57.3629
321.142 251.321 -30.2014
315.599 250.039 -1.58193
322.464 218.647 -1.57523
328.038 219.819 -30.192
323.192 215.143 1.60656
328.788 216.332 30.1973
335.002 184.643 30.1993
329.378 183.565 1.61212
329.986 216.574 33.1303
345.858 219.944 57.3048
352.146 187.95 57.2965
336.199 184.885 33.1322
348.064 220.391 59.5413
371.766 225.435 75.6377
378.155 192.994 75.6141
354.352 188.397 59.5329
374.641 226.019 76.8401
402.555 231.959 82.4338
409.057 198.985 82.4024
381.031 193.577 76.8165
405.663 232.585 82.4245
433.565 238.462 76.7129
440.185 204.918 76.6908
412.164 199.611 82.3931
436.439 239.027 75.5
460.179 243.906 59.4154
466.917 209.798 59.4025
443.059 205.484 75.4778
462.392 244.32 57.1801
478.428 247.421 33.0358
485.265 212.839 33.0366
469.13 210.212 57.1672
479.634 247.633 30.1113
485.3 248.686 1.55579
492.176 213.924 1.56252
486.472 213.051 30.1122
485.3 248.686 -1.61224
479.638 247.621 -30.1686
486.477 213.039 -30.1562
492.176 213.924 -1.60551
478.432 247.408 -33.0931
462.398 244.299 -57.2387
469.137 210.194 -57.2131
485.27 212.826 -33.0808
460.185 243.884 -59.4741
436.446 239.001 -75.5582
443.067 205.461 -75.5237
466.924 209.779 -59.4485
433.572 238.435 -76.7711
405.67 232.556 -82.4823
412.172 199.587 -82.4391
440.192 204.895 -76.7367
402.562 231.931 -82.4917
374.647 225.993 -76.8982
381.038 193.556 -76.8628
409.065 198.961 -82.4484
371.772 225.41 -75.6959
348.069 220.369 -59.6008
354.357 188.382 -59.5809
378.163 192.973 -75.6605
345.861 219.922 -57.3612
329.962 216.556 -33.1288
336.176 184.873 -33.1194
352.15 187.935 -57.3413
328.765 216.315 -30.1911
323.191 215.142 -1.57431
329.376 183.564 -1.56876
334.978 184.632 -30.1817
330.03 180.04 1.61233
335.654 181.118 30.1995
341.198 149.253 30.197
335.551 148.283 1.6168
336.856 181.338 33.1314
352.803 184.403 57.2957
358.408 152.246 57.2816
342.4 149.472 33.129
355.018 184.809 59.5306
378.821 189.406 75.6117
384.51 156.83 75.5812
360.623 152.652 59.5165
381.707 189.936 76.8129
409.733 195.344 82.3988
415.513 162.275 82.3576
387.396 157.361 76.7824
412.852 195.911 82.3896
440.873 201.218 76.6873
446.751 167.601 76.6555
418.632 162.842 82.3485
443.76 201.72 75.475
467.618 206.034 59.3997
473.603 171.811 59.3744
449.639 168.103 75.4431
469.843 206.388 57.1655
485.978 209.015 33.0349
492.058 174.259 33.0304
475.828 172.165 57.1402
487.191 209.188 30.1122
492.896 210.062 1.56254
499.011 175.107 1.56789
493.271 174.433 30.1078
492.896 210.061 -1.60419
487.196 209.177 -30.1549
493.278 174.423 -30.1401
499.012 175.107 -1.59884
485.983 209.002 -33.0778
469.849 206.37 -57.2101
475.836 172.149 -57.1748
492.065 174.248 -33.0629
467.625 206.016 -59.4444
443.768 201.698 -75.5196
449.649 168.084 -75.4782
473.612 171.795 -59.4092
440.881 201.195 -76.732
412.861 195.888 -82.4344
418.643 162.823 -82.3836
446.762 167.582 -76.6906
409.741 195.321 -82.4436
381.714 189.916 -76.858
387.405 157.347 -76.8175
415.523 162.256 -82.3928
378.828 189.386 -75.6569
355.023 184.794 -59.5773
360.63 152.646 -59.5532
384.519 156.816 -75.6165
352.807 184.388 -57.3393
336.833 181.326 -33.1174
342.378 149.468 -33.1055
358.414 152.24 -57.3152
335.63 181.107 -30.1808
330.028 180.04 -1.56782
335.55 148.282 -1.56335
341.175 149.249 -30.1689
336.133 144.74 1.61619
341.779 145.709 30.1964
346.723 113.683 30.1707
341.07 112.82 1.61974
342.985 145.907 33.1262
358.993 148.681 57.2788
363.96 116.378 57.2298
347.928 113.881 33.1004
361.213 149.049 59.5118
385.1 153.227 75.5765
390.103 120.539 75.5101
366.18 116.747 59.4628
387.993 153.709 76.7762
416.109 158.624 82.3515
421.154 125.492 82.2742
392.995 121.021 76.7099
419.237 159.135 82.3425
447.356 163.894 76.6495
452.45 130.259 76.5807
424.281 126.003 82.2652
450.254 164.331 75.4374
474.218 168.039 59.3687
479.393 133.71 59.3115
455.348 130.696 75.3686
476.452 168.325 57.1364
492.683 170.419 33.0267
497.921 135.482 33.0047
481.627 133.996 57.0792
493.902 170.549 30.1071
499.642 171.224 1.56717
504.897 136.067 1.57037
499.14 135.612 30.0851
499.642 171.224 -1.59717
493.908 170.539 -30.1384
499.149 135.605 -30.11
504.898 136.067 -1.59398
492.69 170.408 -33.0583
476.461 168.31 -57.1702
481.64 133.984 -57.1064
497.93 135.474 -33.0299
474.228 168.024 -59.4026
450.265 164.312 -75.4716
455.363 130.68 -75.3951
479.406 133.698 -59.3388
447.367 163.875 -76.6836
419.248 159.116 -82.3767
424.297 125.988 -82.2911
452.465 130.243 -76.6071
416.12 158.605 -82.3856
388.003 153.696 -76.8104
393.01 121.014 -76.7352
421.169 125.477 -82.3
385.11 153.214 -75.6107
361.221 149.043 -59.5474
366.192 116.751 -59.4888
390.117 120.532 -75.5355
358.999 148.676 -57.3114
342.963 145.904 -33.1017
347.91 113.889 -33.0677
363.97 116.383 -57.2528
341.757 145.707 -30.1673
336.132 144.74 -1.56177
341.069 112.821 -1.55822
346.704 113.691 -30.1333
341.608 109.267 1.6139
347.261 110.129 30.1648
351.985 78.0358 29.9782
346.376 77.2804 1.6155
348.463 110.306 33.0839
364.494 112.803 57.2132
369.107 80.4396 56.8868
353.186 78.2122 32.8973
366.708 113.136 59.4393
390.631 116.928 75.4866
395.092 84.1951 75.0931
371.321 80.7717 59.1128
393.516 117.366 76.6838
421.675 121.836 82.2482
425.968 88.6958 81.8527
397.977 84.633 76.2903
424.795 122.298 82.2403
452.964 126.554 76.5557
457.08 92.9913 76.1877
429.088 89.1577 81.8448
455.862 126.921 75.3474
479.907 129.935 59.2903
483.955 95.4624 59.0717
459.979 93.3583 74.9795
482.138 130.139 57.0665
498.432 131.625 32.992
502.357 96.4497 32.8585
486.186 95.6662 56.8478
499.648 131.706 30.0804
505.405 132.161 1.56572
509.272 96.7409 1.55734
503.573 96.5305 29.947
505.405 132.161 -1.58963
499.657 131.699 -30.1057
503.578 96.5264 -29.9794
509.272 96.7407 -1.598
498.442 131.618 -33.0166
482.151 130.128 -57.0931
486.209 95.6586 -56.8582
502.363 96.4454 -32.8903
479.921 129.923 -59.3164
455.878 126.905 -75.3727
460.003 93.3443 -74.9899
483.979 95.4539 -59.0815
452.979 126.538 -76.581
424.811 122.284 -82.2649
429.112 89.1471 -81.8579
457.105 92.9772 -76.1982
421.691 121.822 -82.2729
393.532 117.359 -76.7081
397.999 84.6319 -76.3053
425.992 88.6857 -81.8659
390.646 116.922 -75.511
366.721 113.141 -59.4643
371.342 80.7888 -59.1262
395.114 84.1953 -75.1081
364.505 112.809 -57.2352
348.445 110.315 -33.0501
353.178 78.2361 -32.8568
369.126 80.4578 -56.8971
347.242 110.138 -30.1267
341.607 109.267 -1.55165
346.375 77.2813 -1.55005
351.975 78.059 -29.9334
347.038 73.7721 1.57404
352.647 74.5274 29.9368
359.766 43.1013 28.6536
354.419 42.4031 1.57226
353.816 74.6871 32.7812
369.736 76.9145 56.7707
376.107 45.3224 54.4232
360.935 43.261 31.498
371.891 77.216 58.944
395.662 80.6393 74.9243
400.931 48.7575 71.9114
378.262 45.6239 56.5965
398.474 81.037 76.0976
426.464 85.0998 81.66
430.472 52.8395 78.4752
403.743 49.1551 73.0847
429.506 85.518 81.657
457.498 89.3516 75.9999
460.266 56.7292 73.106
433.514 53.2578 78.4722
460.312 89.6775 74.8302
484.288 91.7816 58.9224
485.858 59.394 56.6554
463.08 57.0551 71.9363
486.461 91.9581 56.752
502.632 92.7416 32.7627
503.273 60.6964 31.4712
488.03 59.5705 54.4849
503.814 92.8096 29.912
509.513 93.02 1.52231
509.799 61.0833 1.51194
504.455 60.7644 28.6205
509.513 93.0191 -1.56484
503.819 92.8048 -29.9463
504.45 60.7308 -28.6632
509.799 61.0824 -1.57521
502.638 92.7361 -32.7939
486.484 91.9493 -56.7618
488.057 59.539 -54.4773
503.269 60.6621 -31.5108
484.313 91.7728 -58.9304
460.337 89.6631 -74.8388
463.11 57.0413 -71.9322
485.886 59.3624 -56.6459
457.523 89.3379 -76.009
429.531 85.5077 -81.6688
433.543 53.2519 -78.475
460.296 56.716 -73.1025
426.489 85.0904 -81.6723
398.496 81.0365 -76.1116
403.768 49.1617 -73.0936
430.501 52.8345 -78.4785
395.684 80.6407 -74.9387
371.913 77.2343 -58.9567
378.281 45.6598 -56.6097
400.956 48.7659 -71.9207
369.756 76.9342 -56.7806
353.807 74.7126 -32.7403
360.921 43.3023 -31.461
376.124 45.3597 -54.4337
352.637 74.5515 -29.8918
347.037 73.7738 -1.50847
354.418 42.4048 -1.51025
359.751 43.1412 -28.6125
355.275 38.959 1.48849
360.623 39.6572 28.5698
368.669 8.90647 26.834
363.654 8.2718 1.48135
361.728 39.8039 31.2609
376.9 41.8653 54.186
383.999 10.9353 50.9812
369.774 9.05311 29.525
378.939 42.1408 56.2431
401.607 45.2743 71.5579
407.29 14.0395 67.3493
386.038 11.2108 53.0383
404.267 45.6347 72.6697
430.997 49.3191 78.0603
434.987 17.7105 73.4675
409.95 14.3999 68.4611
433.873 49.698 78.0592
460.626 53.1695 72.693
462.889 21.2528 68.417
437.864 18.0894 73.4664
463.285 53.4848 71.5829
486.063 55.8237 56.302
486.796 23.9466 52.9929
465.548 21.5681 67.3069
488.105 56.0234 54.2444
503.347 57.1493 31.2307
503.03 25.4685 29.4408
488.837 24.1463 50.9353
504.453 57.2371 28.5349
509.797 57.556 1.42632
509.1 25.9423 1.43626
504.136 25.5563 26.745
509.797 57.5534 -1.4894
504.448 57.2018 -28.5774
504.129 25.4954 -26.7715
509.099 25.9397 -1.47946
503.343 57.1117 -31.2695
488.131 55.9885 -54.236
488.854 24.0915 -50.9246
503.024 25.4053 -29.4636
486.091 55.791 -56.2916
463.315 53.4699 -71.578
465.569 21.5536 -67.3029
486.814 23.894 -52.9803
460.655 53.1565 -72.6889
433.902 49.6924 -78.0614
437.885 18.0856 -73.4672
462.91 21.2402 -68.4138
431.025 49.3146 -78.0631
404.292 45.6418 -72.6782
409.968 14.4093 -68.4666
435.008 17.7078 -73.4689
401.632 45.2839 -71.567
378.957 42.1778 -56.2561
386.046 11.2609 -53.0504
407.308 14.0514 -67.3554
376.916 41.9045 -54.1969
361.713 39.8471 -31.2242
369.754 9.11163 -29.4994
384.005 10.9877 -50.9913
360.607 39.698 -28.5296
355.274 38.9616 -1.42738
363.653 8.27439 -1.43453
368.648 8.96259 -26.8047
364.701 5.09259 1.35167
369.716 5.72726 26.7043
380.243 -21.0669 23.7823
375.82 -21.6884 1.33057
370.725 5.86288 29.1608
384.95 7.74503 50.6169
393.85 -19.1721 45.2691
381.251 -20.9313 26.2387
386.813 7.99514 52.495
408.066 10.8239 66.806
414.597 -16.3917 59.8178
395.714 -18.922 47.1471
410.498 11.1471 67.8182
435.535 14.4577 72.8246
439.266 -13.1181 65.2219
417.029 -16.0685 60.8301
438.162 14.8013 72.8202
463.187 17.9647 67.7708
464.077 -9.84266 60.6929
441.893 -12.7745 65.2175
465.611 18.2693 66.7551
486.859 20.6478 52.4411
485.264 -7.06277 46.9571
466.501 -9.53803 59.6771
488.716 20.8666 50.5664
502.909 22.1888 29.0719
499.635 -5.19459 26.1174
487.121 -6.84403 45.0823
503.915 22.2986 26.6177
508.878 22.6846 1.30899
505.031 -4.50632 1.32848
500.642 -5.08474 23.6633
508.878 22.6827 -1.34849
503.908 22.2385 -26.6405
500.641 -5.08674 -23.6638
505.031 -4.50816 -1.329
502.902 22.1268 -29.0939
488.732 20.8131 -50.5549
487.121 -6.84806 -45.0824
499.635 -5.1984 -26.1172
486.876 20.5962 -52.4292
465.631 18.2558 -66.7519
466.502 -9.54027 -59.6769
485.264 -7.06495 -46.9567
463.207 17.9525 -67.7677
438.182 14.7979 -72.8211
441.894 -12.7753 -65.2173
464.078 -9.84354 -60.6927
435.554 14.4549 -72.8257
410.515 11.1564 -67.8234
417.03 -16.0687 -60.8301
439.266 -13.1184 -65.2219
408.082 10.8346 -66.8112
386.82 8.04414 -52.5063
395.714 -18.9205 -47.1473
414.597 -16.3905 -59.8179
384.956 7.79591 -50.6276
370.705 5.91983 -29.1357
381.251 -20.9279 -26.2383
393.85 -19.1688 -45.2687
369.696 5.78252 -26.6785
364.701 5.09431 -1.30825
375.82 -21.6867 -1.32935
380.242 -21.0652 -23.7811
-62.6978 1011.35 25.2795
-66.6519 1008.1 -0.486919
-62.6201 1011.27 -26.2503
-51.2409 1020.39 -48.0842
-34.198 1034.02 -62.6496
-14.1074 1050.08 -67.7275
5.88002 1066.23 -62.5991
22.686 1080.16 -48.0732
33.8306 1089.7 -26.2937
37.7325 1093.09 -0.522988
33.8279 1089.71 25.2474
22.6718 1080.2 47.0314
5.84648 1066.31 61.5714
-14.1535 1050.18 66.714
-34.251 1034.12 61.65
-51.3237 1020.5 47.1074
382.635 -22.3855 1.31945e-05
387.058 -21.764 22.4517
399.656 -20.0048 41.4821
418.539 -17.4746 54.1528
440.776 -14.5241 58.5446
462.96 -11.5923 54.02
481.723 -9.11705 41.3
494.237 -7.4676 22.335
498.627 -6.88918 0.000239176
494.237 -7.46776 -22.3346
481.723 -9.11742 -41.2997
462.96 -11.5927 -54.0199
440.776 -14.5245 -58.5445
418.539 -17.4748 -54.1527
399.656 -20.0049 -41.4821
387.058 -21.764 -22.4517
</DataArray>
</Points>
<Cells>
<DataArray type="Int32" Name="connectivity" format="ascii">
0 1 529 528 1 17 530 529 17 16 531 530 16 0 528 531 1 2 533 532 2 18 534 533 18 17 535 534 17 1 532 535 2 3 537 536 3 19 538 537 19 18 539 538 18 2 536 539 3 4 541 540 4 20 542 541 20 19 543 542 19 3 540 543 4 5 545 544 5 21 546 545 21 20 547 546 20 4 544 547 5 6 549 548 6 22 550 549 22 21 551 550 21 5 548 551 6 7 553 552 7 23 554 553 23 22 555 554 22 6 552 555 7 8 557 556 8 24 558 557 24 23 559 558 23 7 556 559 8 9 561 560 9 25 562 561 25 24 563 562 24 8 560 563 9 10 565 564 10 26 566 565 26 25 567 566 25 9 564 567 10 11 569 568 11 27 570 569 27 26 571 570 26 10 568 571 11 12 573 572 12 28 574 573 28 27 575 574 27 11 572 575 12 13 577 576 13 29 578 577 29 28 579 578 28 12 576 579 13 14 581 580 14 30 582 581 30 29 583 582 29 13 580 583 14 15 585 584 15 31 586 585 31 30 587 586 30 14 584 587 15 0 589 588 0 16 590 589 16 31 591 590 31 15 588 591 16 17 593 592 17 33 594 593 33 32 595 594 32 16 592 595 18 34 597 596 34 33 598 597 33 17 599 598 17 18 596 599 19 35 601 600 35 34 602 601 34 18 603 602 18 19 600 603 20 36 605 604 36 35 606 605 35 19 607 606 19 20 604 607 21 37 609 608 37 36 610 609 36 20 611 610 20 21 608 611 22 38 613 612 38 37 614 613 37 21 615 614 21 22 612 615 23 39 617 616 39 38 618 617 38 22 619 618 22 23 616 619 24 40 621 620 40 39 622 621 39 23 623 622 23 24 620 623 25 41 625 624 41 40 626 625 40 24 627 626 24 25 624 627 26 42 629 628 42 41 630 629 41 25 631 630 25 26 628 631 27 43 633 632 43 42 634 633 42 26 635 634 26 27 632 635 28 44 637 636 44 43 638 637 43 27 639 638 27 28 636 639 29 45 641 640 45 44 642 641 44 28 643 642 28 29 640 643 30 46 645 644 46 45 646 645 45 29 647 646 29 30 644 647 31 47 649 648 47 46 650 649 46 30 651 650 30 31 648 651 31 16 653 652 16 32 654 653 32 47 655 654 47 31 652 655 32 33 657 656 33 49 658 657 49 48 659 658 48 32 656 659 33 34 661 660 34 50 662 661 50 49 663 662 49 33 660 663 34 35 665 664 35 51 666 665 51 50 667 666 50 34 664 667 35 36 669 668 36 52 670 669 52 51 671 670 51 35 668 671 36 37 673 672 37 53 674 673 53 52 675 674 52 36 672 675 37 38 677 676 38 54 678 677 54 53 679 678 53 37 676 679 38 39 681 680 39 55 682 681 55 54 683 682 54 38 680 683 39 40 685 684 40 56 686 685 56 55 687 686 55 39 684 687 40 41 689 688 41 57 690 689 57 56 691 690 56 40 688 691 41 42 693 692 42 58 694 693 58 57 695 694 57 41 692 695 42 43 697 696 43 59 698 697 59 58 699 698 58 42 696 699 43 44 701 700 44 60 702 701 60 59 703 702 59 43 700 703 44 45 705 704 45 61 706 705 61 60 707 706 60 44 704 707 45 46 709 708 46 62 710 709 62 61 711 710 61 45 708 711 46 47 713 712 47 63 714 713 63 62 715 714 62 46 712 715 47 32 717 716 32 48 718 717 48 63 719 718 63 47 716 719 48 49 721 720 49 65 722 721 65 64 723 722 64 48 720 723 49 50 725 724 50 66 726 725 66 65 727 726 65 49 724 727 50 51 729 728 51 67 730 729 67 66 731 730 66 50 728 731 51 52 733 732 52 68 734 733 68 67 735 734 67 51 732 735 52 53 737 736 53 69 738 737 69 68 739 738 68 52 736 739 53 54 741 740 54 70 742 741 70 69 743 742 69 53 740 743 54 55 745 744 55 71 746 745 71 70 747 746 70 54 744 747 55 56 749 748 56 72 750 749 72 71 751 750 71 55 748 751 56 57 753 752 57 73 754 753 73 72 755 754 72 56 752 755 57 58 757 756 58 74 758 757 74 73 759 758 73 57 756 759 58 59 761 760 59 75 762 761 75 74 763 762 74 58 760 763 59 60 765 764 60 76 766 765 76 75 767 766 75 59 764 767 60 61 769 768 61 77 770 769 77 76 771 770 76 60 768 771 61 62 773 772 62 78 774 773 78 77 775 774 77 61 772 775 62 63 777 776 63 79 778 777 79 78 779 778 78 62 776 779 63 48 781 780 48 64 782 781 64 79 783 782 79 63 780 783 64 65 785 784 65 81 786 785 81 80 787 786 80 64 784 787 65 66 789 788 66 82 790 789 82 81 791 790 81 65 788 791 66 67 793 792 67 83 794 793 83 82 795 794 82 66 792 795 67 68 797 796 68 84 798 797 84 83 799 798 83 67 796 799 68 69 801 800 69 85 802 801 85 84 803 802 84 68 800 803 69 70 805 804 70 86 806 805 86 85 807 806 85 69 804 807 70 71 809 808 71 87 810 809 87 86 811 810 86 70 808 811 71 72 813 812 72 88 814 813 88 87 815 814 87 71 812 815 72 73 817 816 73 89 818 817 89 88 819 818 88 72 816 819 73 74 821 820 74 90 822 821 90 89 823 822 89 73 820 823 74 75 825 824 75 91 826 825 91 90 827 826 90 74 824 827 75 76 829 828 76 92 830 829 92 91 831 830 91 75 828 831 76 77 833 832 77 93 834 833 93 92 835 834 92 76 832 835 77 78 837 836 78 94 838 837 94 93 839 838 93 77 836 839 78 79 841 840 79 95 842 841 95 94 843 842 94 78 840 843 79 64 845 844 64 80 846 845 80 95 847 846 95 79 844 847 80 81 849 848 81 97 850 849 97 96 851 850 96 80 848 851 81 82 853 852 82 98 854 853 98 97 855 854 97 81 852 855 82 83 857 856 83 99 858 857 99 98 859 858 98 82 856 859 83 84 861 860 84 100 862 861 100 99 863 862 99 83 860 863 84 85 865 864 85 101 866 865 101 100 867 866 100 84 864 867 85 86 869 868 86 102 870 869 102 101 871 870 101 85 868 871 86 87 873 872 87 103 874 873 103 102 875 874 102 86 872 875 87 88 877 876 88 104 878 877 104 103 879 878 103 87 876 879 88 89 881 880 89 105 882 881 105 104 883 882 104 88 880 883 89 90 885 884 90 106 886 885 106 105 887 886 105 89 884 887 90 91 889 888 91 107 890 889 107 106 891 890 106 90 888 891 91 92 893 892 92 108 894 893 108 107 895 894 107 91 892 895 92 93 897 896 93 109 898 897 109 108 899 898 108 92 896 899 93 94 901 900 94 110 902 901 110 109 903 902 109 93 900 903 94 95 905 904 95 111 906 905 111 110 907 906 110 94 904 907 95 80 909 908 80 96 910 909 96 111 911 910 111 95 908 911 96 97 913 912 97 113 914 913 113 112 915 914 112 96 912 915 97 98 917 916 98 114 918 917 114 113 919 918 113 97 916 919 98 99 921 920 99 115 922 921 115 114 923 922 114 98 920 923 99 100 925 924 100 116 926 925 116 115 927 926 115 99 924 927 100 101 929 928 101 117 930 929 117 116 931 930 116 100 928 931 101 102 933 932 102 118 934 933 118 117 935 934 117 101 932 935 102 103 937 936 103 119 938 937 119 118 939 938 118 102 936 939 103 104 941 940 104 120 942 941 120 119 943 942 119 103 940 943 104 105 945 944 105 121 946 945 121 120 947 946 120 104 944 947 105 106 949 948 106 122 950 949 122 121 951 950 121 105 948 951 106 107 953 952 107 123 954 953 123 122 955 954 122 106 952 955 107 108 957 956 108 124 958 957 124 123 959 958 123 107 956 959 108 109 961 960 109 125 962 961 125 124 963 962 124 108 960 963 109 110 965 964 110 126 966 965 126 125 967 966 125 109 964 967 110 111 969 968 111 127 970 969 127 126 971 970 126 110 968 971 111 96 973 972 96 112 974 973 112 127 975 974 127 111 972 975 112 113 977 976 113 129 978 977 129 128 979 978 128 112 976 979 113 114 981 980 114 130 982 981 130 129 983 982 129 113 980 983 114 115 985 984 115 131 986 985 131 130 987 986 130 114 984 987 115 116 989 988 116 132 990 989 132 131 991 990 131 115 988 991 116 117 993 992 117 133 994 993 133 132 995 994 132 116 992 995 117 118 997 996 118 134 998 997 134 133 999 998 133 117 996 999 118 119 1001 1000 119 135 1002 1001 135 134 1003 1002 134 118 1000 1003 119 120 1005 1004 120 136 1006 1005 136 135 1007 1006 135 119 1004 1007 120 121 1009 1008 121 137 1010 1009 137 136 1011 1010 136 120 1008 1011 121 122 1013 1012 122 138 1014 1013 138 137 1015 1014 137 121 1012 1015 122 123 1017 1016 123 139 1018 1017 139 138 1019 1018 138 122 1016 1019 123 124 1021 1020 124 140 1022 1021 140 139 1023 1022 139 123 1020 1023 124 125 1025 1024 125 141 1026 1025 141 140 1027 1026 140 124 1024 1027 125 126 1029 1028 126 142 1030 1029 142 141 1031 1030 141 125 1028 1031 126 127 1033 1032 127 143 1034 1033 143 142 1035 1034 142 126 1032 1035 127 112 1037 1036 112 128 1038 1037 128 143 1039 1038 143 127 1036 1039 128 129 1041 1040 129 145 1042 1041 145 144 1043 1042 144 128 1040 1043 129 130 1045 1044 130 146 1046 1045 146 145 1047 1046 145 129 1044 1047 130 131 1049 1048 131 147 1050 1049 147 146 1051 1050 146 130 1048 1051 131 132 1053 1052 132 148 1054 1053 148 147 1055 1054 147 131 1052 1055 132 133 1057 1056 133 149 1058 1057 149 148 1059 1058 148 132 1056 1059 133 134 1061 1060 134 150 1062 1061 150 149 1063 1062 149 133 1060 1063 134 135 1065 1064 135 151 1066 1065 151 150 1067 1066 150 134 1064 1067 135 136 1069 1068 136 152 1070 1069 152 151 1071 1070 151 135 1068 1071 136 137 1073 1072 137 153 1074 1073 153 152 1075 1074 152 136 1072 1075 137 138 1077 1076 138 154 1078 1077 154 153 1079 1078 153 137 1076 1079 138 139 1081 1080 139 155 1082 1081 155 154 1083 1082 154 138 1080 1083 139 140 1085 1084 140 156 1086 1085 156 155 1087 1086 155 139 1084 1087 140 141 1089 1088 141 157 1090 1089 157 156 1091 1090 156 140 1088 1091 141 142 1093 1092 142 158 1094 1093 158 157 1095 1094 157 141 1092 1095 142 143 1097 1096 143 159 1098 1097 159 158 1099 1098 158 142 1096 1099 143 128 1101 1100 128 144 1102 1101 144 159 1103 1102 159 143 1100 1103 144 145 1105 1104 145 161 1106 1105 161 160 1107 1106 160 144 1104 1107 145 146 1109 1108 146 162 1110 1109 162 161 1111 1110 161 145 1108 1111 146 147 1113 1112 147 163 1114 1113 163 162 1115 1114 162 146 1112 1115 147 148 1117 1116 148 164 1118 1117 164 163 1119 1118 163 147 1116 1119 148 149 1121 1120 149 165 1122 1121 165 164 1123 1122 164 148 1120 1123 149 150 1125 1124 150 166 1126 1125 166 165 1127 1126 165 149 1124 1127 150 151 1129 1128 151 167 1130 1129 167 166 1131 1130 166 150 1128 1131 151 152 1133 1132 152 168 1134 1133 168 167 1135 1134 167 151 1132 1135 152 153 1137 1136 153 169 1138 1137 169 168 1139 1138 168 152 1136 1139 153 154 1141 1140 154 170 1142 1141 170 169 1143 1142 169 153 1140 1143 154 155 1145 1144 155 171 1146 1145 171 170 1147 1146 170 154 1144 1147 155 156 1149 1148 156 172 1150 1149 172 171 1151 1150 171 155 1148 1151 156 157 1153 1152 157 173 1154 1153 173 172 1155 1154 172 156 1152 1155 157 158 1157 1156 158 174 1158 1157 174 173 1159 1158 173 157 1156 1159 158 159 1161 1160 159 175 1162 1161 175 174 1163 1162 174 158 1160 1163 159 144 1165 1164 144 160 1166 1165 160 175 1167 1166 175 159 1164 1167 160 161 1169 1168 161 177 1170 1169 177 176 1171 1170 176 160 1168 1171 161 162 1173 1172 162 178 1174 1173 178 177 1175 1174 177 161 1172 1175 162 163 1177 1176 163 179 1178 1177 179 178 1179 1178 178 162 1176 1179 163 164 1181 1180 164 180 1182 1181 180 179 1183 1182 179 163 1180 1183 164 165 1185 1184 165 181 1186 1185 181 180 1187 1186 180 164 1184 1187 165 166 1189 1188 166 182 1190 1189 182 181 1191 1190 181 165 1188 1191 166 167 1193 1192 167 183 1194 1193 183 182 1195 1194 182 166 1192 1195 167 168 1197 1196 168 184 1198 1197 184 183 1199 1198 183 167 1196 1199 168 169 1201 1200 169 185 1202 1201 185 184 1203 1202 184 168 1200 1203 169 170 1205 1204 170 186 1206 1205 186 185 1207 1206 185 169 1204 1207 170 171 1209 1208 171 187 1210 1209 187 186 1211 1210 186 170 1208 1211 171 172 1213 1212 172 188 1214 1213 188 187 1215 1214 187 171 1212 1215 172 173 1217 1216 173 189 1218 1217 189 188 1219 1218 188 172 1216 1219 173 174 1221 1220 174 190 1222 1221 190 189 1223 1222 189 173 1220 1223 174 175 1225 1224 175 191 1226 1225 191 190 1227 1226 190 174 1224 1227 175 160 1229 1228 160 176 1230 1229 176 191 1231 1230 191 175 1228 1231 176 177 1233 1232 177 193 1234 1233 193 192 1235 1234 192 176 1232 1235 177 178 1237 1236 178 194 1238 1237 194 193 1239 1238 193 177 1236 1239 178 179 1241 1240 179 195 1242 1241 195 194 1243 1242 194 178 1240 1243 179 180 1245 1244 180 196 1246 1245 196 195 1247 1246 195 179 1244 1247 180 181 1249 1248 181 197 1250 1249 197 196 1251 1250 196 180 1248 1251 181 182 1253 1252 182 198 1254 1253 198 197 1255 1254 197 181 1252 1255 182 183 1257 1256 183 199 1258 1257 199 198 1259 1258 198 182 1256 1259 183 184 1261 1260 184 200 1262 1261 200 199 1263 1262 199 183 1260 1263 184 185 1265 1264 185 201 1266 1265 201 200 1267 1266 200 184 1264 1267 185 186 1269 1268 186 202 1270 1269 202 201 1271 1270 201 185 1268 1271 186 187 1273 1272 187 203 1274 1273 203 202 1275 1274 202 186 1272 1275 187 188 1277 1276 188 204 1278 1277 204 203 1279 1278 203 187 1276 1279 188 189 1281 1280 189 205 1282 1281 205 204 1283 1282 204 188 1280 1283 189 190 1285 1284 190 206 1286 1285 206 205 1287 1286 205 189 1284 1287 190 191 1289 1288 191 207 1290 1289 207 206 1291 1290 206 190 1288 1291 191 176 1293 1292 176 192 1294 1293 192 207 1295 1294 207 191 1292 1295 192 193 1297 1296 193 209 1298 1297 209 208 1299 1298 208 192 1296 1299 193 194 1301 1300 194 210 1302 1301 210 209 1303 1302 209 193 1300 1303 194 195 1305 1304 195 211 1306 1305 211 210 1307 1306 210 194 1304 1307 195 196 1309 1308 196 212 1310 1309 212 211 1311 1310 211 195 1308 1311 196 197 1313 1312 197 213 1314 1313 213 212 1315 1314 212 196 1312 1315 197 198 1317 1316 198 214 1318 1317 214 213 1319 1318 213 197 1316 1319 198 199 1321 1320 199 215 1322 1321 215 214 1323 1322 214 198 1320 1323 199 200 1325 1324 200 216 1326 1325 216 215 1327 1326 215 199 1324 1327 200 201 1329 1328 201 217 1330 1329 217 216 1331 1330 216 200 1328 1331 201 202 1333 1332 202 218 1334 1333 218 217 1335 1334 217 201 1332 1335 202 203 1337 1336 203 219 1338 1337 219 218 1339 1338 218 202 1336 1339 203 204 1341 1340 204 220 1342 1341 220 219 1343 1342 219 203 1340 1343 204 205 1345 1344 205 221 1346 1345 221 220 1347 1346 220 204 1344 1347 205 206 1349 1348 206 222 1350 1349 222 221 1351 1350 221 205 1348 1351 206 207 1353 1352 207 223 1354 1353 223 222 1355 1354 222 206 1352 1355 207 192 1357 1356 192 208 1358 1357 208 223 1359 1358 223 207 1356 1359 208 209 1361 1360 209 225 1362 1361 225 224 1363 1362 224 208 1360 1363 209 210 1365 1364 210 226 1366 1365 226 225 1367 1366 225 209 1364 1367 210 211 1369 1368 211 227 1370 1369 227 226 1371 1370 226 210 1368 1371 211 212 1373 1372 212 228 1374 1373 228 227 1375 1374 227 211 1372 1375 212 213 1377 1376 213 229 1378 1377 229 228 1379 1378 228 212 1376 1379 213 214 1381 1380 214 230 1382 1381 230 229 1383 1382 229 213 1380 1383 214 215 1385 1384 215 231 1386 1385 231 230 1387 1386 230 214 1384 1387 215 216 1389 1388 216 232 1390 1389 232 231 1391 1390 231 215 1388 1391 216 217 1393 1392 217 233 1394 1393 233 232 1395 1394 232 216 1392 1395 217 218 1397 1396 218 234 1398 1397 234 233 1399 1398 233 217 1396 1399 218 219 1401 1400 219 235 1402 1401 235 234 1403 1402 234 218 1400 1403 219 220 1405 1404 220 236 1406 1405 236 235 1407 1406 235 219 1404 1407 220 221 1409 1408 221 237 1410 1409 237 236 1411 1410 236 220 1408 1411 221 222 1413 1412 222 238 1414 1413 238 237 1415 1414 237 221 1412 1415 222 223 1417 1416 223 239 1418 1417 239 238 1419 1418 238 222 1416 1419 223 208 1421 1420 208 224 1422 1421 224 239 1423 1422 239 223 1420 1423 224 225 1425 1424 225 241 1426 1425 241 240 1427 1426 240 224 1424 1427 225 226 1429 1428 226 242 1430 1429 242 241 1431 1430 241 225 1428 1431 226 227 1433 1432 227 243 1434 1433 243 242 1435 1434 242 226 1432 1435 227 228 1437 1436 228 244 1438 1437 244 243 1439 1438 243 227 1436 1439 228 229 1441 1440 229 245 1442 1441 245 244 1443 1442 244 228 1440 1443 229 230 1445 1444 230 246 1446 1445 246 245 1447 1446 245 229 1444 1447 230 231 1449 1448 231 247 1450 1449 247 246 1451 1450 246 230 1448 1451 231 232 1453 1452 232 248 1454 1453 248 247 1455 1454 247 231 1452 1455 232 233 1457 1456 233 249 1458 1457 249 248 1459 1458 248 232 1456 1459 233 234 1461 1460 234 250 1462 1461 250 249 1463 1462 249 233 1460 1463 234 235 1465 1464 235 251 1466 1465 251 250 1467 1466 250 234 1464 1467 235 236 1469 1468 236 252 1470 1469 252 251 1471 1470 251 235 1468 1471 236 237 1473 1472 237 253 1474 1473 253 252 1475 1474 252 236 1472 1475 237 238 1477 1476 238 254 1478 1477 254 253 1479 1478 253 237 1476 1479 238 239 1481 1480 239 255 1482 1481 255 254 1483 1482 254 238 1480 1483 239 224 1485 1484 224 240 1486 1485 240 255 1487 1486 255 239 1484 1487 240 241 1489 1488 241 257 1490 1489 257 256 1491 1490 256 240 1488 1491 241 242 1493 1492 242 258 1494 1493 258 257 1495 1494 257 241 1492 1495 242 243 1497 1496 243 259 1498 1497 259 258 1499 1498 258 242 1496 1499 243 244 1501 1500 244 260 1502 1501 260 259 1503 1502 259 243 1500 1503 244 245 1505 1504 245 261 1506 1505 261 260 1507 1506 260 244 1504 1507 245 246 1509 1508 246 262 1510 1509 262 261 1511 1510 261 245 1508 1511 246 247 1513 1512 247 263 1514 1513 263 262 1515 1514 262 246 1512 1515 247 248 1517 1516 248 264 1518 1517 264 263 1519 1518 263 247 1516 1519 248 249 1521 1520 249 265 1522 1521 265 264 1523 1522 264 248 1520 1523 249 250 1525 1524 250 266 1526 1525 266 265 1527 1526 265 249 1524 1527 250 251 1529 1528 251 267 1530 1529 267 266 1531 1530 266 250 1528 1531 251 252 1533 1532 252 268 1534 1533 268 267 1535 1534 267 251 1532 1535 252 253 1537 1536 253 269 1538 1537 269 268 1539 1538 268 252 1536 1539 253 254 1541 1540 254 270 1542 1541 270 269 1543 1542 269 253 1540 1543 254 255 1545 1544 255 271 1546 1545 271 270 1547 1546 270 254 1544 1547 255 240 1549 1548 240 256 1550 1549 256 271 1551 1550 271 255 1548 1551 256 257 1553 1552 257 273 1554 1553 273 272 1555 1554 272 256 1552 1555 257 258 1557 1556 258 274 1558 1557 274 273 1559 1558 273 257 1556 1559 258 259 1561 1560 259 275 1562 1561 275 274 1563 1562 274 258 1560 1563 259 260 1565 1564 260 276 1566 1565 276 275 1567 1566 275 259 1564 1567 260 261 1569 1568 261 277 1570 1569 277 276 1571 1570 276 260 1568 1571 261 262 1573 1572 262 278 1574 1573 278 277 1575 1574 277 261 1572 1575 262 263 1577 1576 263 279 1578 1577 279 278 1579 1578 278 262 1576 1579 263 264 1581 1580 264 280 1582 1581 280 279 1583 1582 279 263 1580 1583 264 265 1585 1584 265 281 1586 1585 281 280 1587 1586 280 264 1584 1587 265 266 1589 1588 266 282 1590 1589 282 281 1591 1590 281 265 1588 1591 266 267 1593 1592 267 283 1594 1593 283 282 1595 1594 282 266 1592 1595 267 268 1597 1596 268 284 1598 1597 284 283 1599 1598 283 267 1596 1599 268 269 1601 1600 269 285 1602 1601 285 284 1603 1602 284 268 1600 1603 269 270 1605 1604 270 286 1606 1605 286 285 1607 1606 285 269 1604 1607 270 271 1609 1608 271 287 1610 1609 287 286 1611 1610 286 270 1608 1611 271 256 1613 1612 256 272 1614 1613 272 287 1615 1614 287 271 1612 1615 272 273 1617 1616 273 289 1618 1617 289 288 1619 1618 288 272 1616 1619 273 274 1621 1620 274 290 1622 1621 290 289 1623 1622 289 273 1620 1623 274 275 1625 1624 275 291 1626 1625 291 290 1627 1626 290 274 1624 1627 275 276 1629 1628 276 292 1630 1629 292 291 1631 1630 291 275 1628 1631 276 277 1633 1632 277 293 1634 1633 293 292 1635 1634 292 276 1632 1635 277 278 1637 1636 278 294 1638 1637 294 293 1639 1638 293 277 1636 1639 278 279 1641 1640 279 295 1642 1641 295 294 1643 1642 294 278 1640 1643 279 280 1645 1644 280 296 1646 1645 296 295 1647 1646 295 279 1644 1647 280 281 1649 1648 281 297 1650 1649 297 296 1651 1650 296 280 1648 1651 281 282 1653 1652 282 298 1654 1653 298 297 1655 1654 297 281 1652 1655 282 283 1657 1656 283 299 1658 1657 299 298 1659 1658 298 282 1656 1659 283 284 1661 1660 284 300 1662 1661 300 299 1663 1662 299 283 1660 1663 284 285 1665 1664 285 301 1666 1665 301 300 1667 1666 300 284 1664 1667 285 286 1669 1668 286 302 1670 1669 302 301 1671 1670 301 285 1668 1671 286 287 1673 1672 287 303 1674 1673 303 302 1675 1674 302 286 1672 1675 287 272 1677 1676 272 288 1678 1677 288 303 1679 1678 303 287 1676 1679 288 289 1681 1680 289 305 1682 1681 305 304 1683 1682 304 288 1680 1683 289 290 1685 1684 290 306 1686 1685 306 305 1687 1686 305 289 1684 1687 290 291 1689 1688 291 307 1690 1689 307 306 1691 1690 306 290 1688 1691 291 292 1693 1692 292 308 1694 1693 308 307 1695 1694 307 291 1692 1695 292 293 1697 1696 293 309 1698 1697 309 308 1699 1698 308 292 1696 1699 293 294 1701 1700 294 310 1702 1701 310 309 1703 1702 309 293 1700 1703 294 295 1705 1704 295 311 1706 1705 311 310 1707 1706 310 294 1704 1707 295 296 1709 1708 296 312 1710 1709 312 311 1711 1710 311 295 1708 1711 296 297 1713 1712 297 313 1714 1713 313 312 1715 1714 312 296 1712 1715 297 298 1717 1716 298 314 1718 1717 314 313 1719 1718 313 297 1716 1719 298 299 1721 1720 299 315 1722 1721 315 314 1723 1722 314 298 1720 1723 299 300 1725 1724 300 316 1726 1725 316 315 1727 1726 315 299 1724 1727 300 301 1729 1728 301 317 1730 1729 317 316 1731 1730 316 300 1728 1731 301 302 1733 1732 302 318 1734 1733 318 317 1735 1734 317 301 1732 1735 302 303 1737 1736 303 319 1738 1737 319 318 1739 1738 318 302 1736 1739 303 288 1741 1740 288 304 1742 1741 304 319 1743 1742 319 303 1740 1743 304 305 1745 1744 305 321 1746 1745 321 320 1747 1746 320 304 1744 1747 305 306 1749 1748 306 322 1750 1749 322 321 1751 1750 321 305 1748 1751 306 307 1753 1752 307 323 1754 1753 323 322 1755 1754 322 306 1752 1755 307 308 1757 1756 308 324 1758 1757 324 323 1759 1758 323 307 1756 1759 308 309 1761 1760 309 325 1762 1761 325 324 1763 1762 324 308 1760 1763 309 310 1765 1764 310 326 1766 1765 326 325 1767 1766 325 309 1764 1767 310 311 1769 1768 311 327 1770 1769 327 326 1771 1770 326 310 1768 1771 311 312 1773 1772 312 328 1774 1773 328 327 1775 1774 327 311 1772 1775 312 313 1777 1776 313 329 1778 1777 329 328 1779 1778 328 312 1776 1779 313 314 1781 1780 314 330 1782 1781 330 329 1783 1782 329 313 1780 1783 314 315 1785 1784 315 331 1786 1785 331 330 1787 1786 330 314 1784 1787 315 316 1789 1788 316 332 1790 1789 332 331 1791 1790 331 315 1788 1791 316 317 1793 1792 317 333 1794 1793 333 332 1795 1794 332 316 1792 1795 317 318 1797 1796 318 334 1798 1797 334 333 1799 1798 333 317 1796 1799 318 319 1801 1800 319 335 1802 1801 335 334 1803 1802 334 318 1800 1803 319 304 1805 1804 304 320 1806 1805 320 335 1807 1806 335 319 1804 1807 320 321 1809 1808 321 337 1810 1809 337 336 1811 1810 336 320 1808 1811 321 322 1813 1812 322 338 1814 1813 338 337 1815 1814 337 321 1812 1815 322 323 1817 1816 323 339 1818 1817 339 338 1819 1818 338 322 1816 1819 323 324 1821 1820 324 340 1822 1821 340 339 1823 1822 339 323 1820 1823 324 325 1825 1824 325 341 1826 1825 341 340 1827 1826 340 324 1824 1827 325 326 1829 1828 326 342 1830 1829 342 341 1831 1830 341 325 1828 1831 326 327 1833 1832 327 343 1834 1833 343 342 1835 1834 342 326 1832 1835 327 328 1837 1836 328 344 1838 1837 344 343 1839 1838 343 327 1836 1839 328 329 1841 1840 329 345 1842 1841 345 344 1843 1842 344 328 1840 1843 329 330 1845 1844 330 346 1846 1845 346 345 1847 1846 345 329 1844 1847 330 331 1849 1848 331 347 1850 1849 347 346 1851 1850 346 330 1848 1851 331 332 1853 1852 332 348 1854 1853 348 347 1855 1854 347 331 1852 1855 332 333 1857 1856 333 349 1858 1857 349 348 1859 1858 348 332 1856 1859 333 334 1861 1860 334 350 1862 1861 350 349 1863 1862 349 333 1860 1863 334 335 1865 1864 335 351 1866 1865 351 350 1867 1866 350 334 1864 1867 335 320 1869 1868 320 336 1870 1869 336 351 1871 1870 351 335 1868 1871 336 337 1873 1872 337 353 1874 1873 353 352 1875 1874 352 336 1872 1875 337 338 1877 1876 338 354 1878 1877 354 353 1879 1878 353 337 1876 1879 338 339 1881 1880 339 355 1882 1881 355 354 1883 1882 354 338 1880 1883 339 340 1885 1884 340 356 1886 1885 356 355 1887 1886 355 339 1884 1887 340 341 1889 1888 341 357 1890 1889 357 356 1891 1890 356 340 1888 1891 341 342 1893 1892 342 358 1894 1893 358 357 1895 1894 357 341 1892 1895 342 343 1897 1896 343 359 1898 1897 359 358 1899 1898 358 342 1896 1899 343 344 1901 1900 344 360 1902 1901 360 359 1903 1902 359 343 1900 1903 344 345 1905 1904 345 361 1906 1905 361 360 1907 1906 360 344 1904 1907 345 346 1909 1908 346 362 1910 1909 362 361 1911 1910 361 345 1908 1911 346 347 1913 1912 347 363 1914 1913 363 362 1915 1914 362 346 1912 1915 347 348 1917 1916 348 364 1918 1917 364 363 1919 1918 363 347 1916 1919 348 349 1921 1920 349 365 1922 1921 365 364 1923 1922 364 348 1920 1923 349 350 1925 1924 350 366 1926 1925 366 365 1927 1926 365 349 1924 1927 350 351 1929 1928 351 367 1930 1929 367 366 1931 1930 366 350 1928 1931 351 336 1933 1932 336 352 1934 1933 352 367 1935 1934 367 351 1932 1935 352 353 1937 1936 353 369 1938 1937 369 368 1939 1938 368 352 1936 1939 353 354 1941 1940 354 370 1942 1941 370 369 1943 1942 369 353 1940 1943 354 355 1945 1944 355 371 1946 1945 371 370 1947 1946 370 354 1944 1947 355 356 1949 1948 356 372 1950 1949 372 371 1951 1950 371 355 1948 1951 356 357 1953 1952 357 373 1954 1953 373 372 1955 1954 372 356 1952 1955 357 358 1957 1956 358 374 1958 1957 374 373 1959 1958 373 357 1956 1959 358 359 1961 1960 359 375 1962 1961 375 374 1963 1962 374 358 1960 1963 359 360 1965 1964 360 376 1966 1965 376 375 1967 1966 375 359 1964 1967 360 361 1969 1968 361 377 1970 1969 377 376 1971 1970 376 360 1968 1971 361 362 1973 1972 362 378 1974 1973 378 377 1975 1974 377 361 1972 1975 362 363 1977 1976 363 379 1978 1977 379 378 1979 1978 378 362 1976 1979 363 364 1981 1980 364 380 1982 1981 380 379 1983 1982 379 363 1980 1983 364 365 1985 1984 365 381 1986 1985 381 380 1987 1986 380 364 1984 1987 365 366 1989 1988 366 382 1990 1989 382 381 1991 1990 381 365 1988 1991 366 367 1993 1992 367 383 1994 1993 383 382 1995 1994 382 366 1992 1995 367 352 1997 1996 352 368 1998 1997 368 383 1999 1998 383 367 1996 1999 368 369 2001 2000 369 385 2002 2001 385 384 2003 2002 384 368 2000 2003 369 370 2005 2004 370 386 2006 2005 386 385 2007 2006 385 369 2004 2007 370 371 2009 2008 371 387 2010 2009 387 386 2011 2010 386 370 2008 2011 371 372 2013 2012 372 388 2014 2013 388 387 2015 2014 387 371 2012 2015 372 373 2017 2016 373 389 2018 2017 389 388 2019 2018 388 372 2016 2019 373 374 2021 2020 374 390 2022 2021 390 389 2023 2022 389 373 2020 2023 374 375 2025 2024 375 391 2026 2025 391 390 2027 2026 390 374 2024 2027 375 376 2029 2028 376 392 2030 2029 392 391 2031 2030 391 375 2028 2031 376 377 2033 2032 377 393 2034 2033 393 392 2035 2034 392 376 2032 2035 377 378 2037 2036 378 394 2038 2037 394 393 2039 2038 393 377 2036 2039 378 379 2041 2040 379 395 2042 2041 395 394 2043 2042 394 378 2040 2043 379 380 2045 2044 380 396 2046 2045 396 395 2047 2046 395 379 2044 2047 380 381 2049 2048 381 397 2050 2049 397 396 2051 2050 396 380 2048 2051 381 382 2053 2052 382 398 2054 2053 398 397 2055 2054 397 381 2052 2055 382 383 2057 2056 383 399 2058 2057 399 398 2059 2058 398 382 2056 2059 383 368 2061 2060 368 384 2062 2061 384 399 2063 2062 399 383 2060 2063 384 385 2065 2064 385 401 2066 2065 401 400 2067 2066 400 384 2064 2067 385 386 2069 2068 386 402 2070 2069 402 401 2071 2070 401 385 2068 2071 386 387 2073 2072 387 403 2074 2073 403 402 2075 2074 402 386 2072 2075 387 388 2077 2076 388 404 2078 2077 404 403 2079 2078 403 387 2076 2079 388 389 2081 2080 389 405 2082 2081 405 404 2083 2082 404 388 2080 2083 389 390 2085 2084 390 406 2086 2085 406 405 2087 2086 405 389 2084 2087 390 391 2089 2088 391 407 2090 2089 407 406 2091 2090 406 390 2088 2091 391 392 2093 2092 392 408 2094 2093 408 407 2095 2094 407 391 2092 2095 392 393 2097 2096 393 409 2098 2097 409 408 2099 2098 408 392 2096 2099 393 394 2101 2100 394 410 2102 2101 410 409 2103 2102 409 393 2100 2103 394 395 2105 2104 395 411 2106 2105 411 410 2107 2106 410 394 2104 2107 395 396 2109 2108 396 412 2110 2109 412 411 2111 2110 411 395 2108 2111 396 397 2113 2112 397 413 2114 2113 413 412 2115 2114 412 396 2112 2115 397 398 2117 2116 398 414 2118 2117 414 413 2119 2118 413 397 2116 2119 398 399 2121 2120 399 415 2122 2121 415 414 2123 2122 414 398 2120 2123 399 384 2125 2124 384 400 2126 2125 400 415 2127 2126 415 399 2124 2127 400 401 2129 2128 401 417 2130 2129 417 416 2131 2130 416 400 2128 2131 401 402 2133 2132 402 418 2134 2133 418 417 2135 2134 417 401 2132 2135 402 403 2137 2136 403 419 2138 2137 419 418 2139 2138 418 402 2136 2139 403 404 2141 2140 404 420 2142 2141 420 419 2143 2142 419 403 2140 2143 404 405 2145 2144 405 421 2146 2145 421 420 2147 2146 420 404 2144 2147 405 406 2149 2148 406 422 2150 2149 422 421 2151 2150 421 405 2148 2151 406 407 2153 2152 407 423 2154 2153 423 422 2155 2154 422 406 2152 2155 407 408 2157 2156 408 424 2158 2157 424 423 2159 2158 423 407 2156 2159 408 409 2161 2160 409 425 2162 2161 425 424 2163 2162 424 408 2160 2163 409 410 2165 2164 410 426 2166 2165 426 425 2167 2166 425 409 2164 2167 410 411 2169 2168 411 427 2170 2169 427 426 2171 2170 426 410 2168 2171 411 412 2173 2172 412 428 2174 2173 428 427 2175 2174 427 411 2172 2175 412 413 2177 2176 413 429 2178 2177 429 428 2179 2178 428 412 2176 2179 413 414 2181 2180 414 430 2182 2181 430 429 2183 2182 429 413 2180 2183 414 415 2185 2184 415 431 2186 2185 431 430 2187 2186 430 414 2184 2187 415 400 2189 2188 400 416 2190 2189 416 431 2191 2190 431 415 2188 2191 416 417 2193 2192 417 433 2194 2193 433 432 2195 2194 432 416 2192 2195 417 418 2197 2196 418 434 2198 2197 434 433 2199 2198 433 417 2196 2199 418 419 2201 2200 419 435 2202 2201 435 434 2203 2202 434 418 2200 2203 419 420 2205 2204 420 436 2206 2205 436 435 2207 2206 435 419 2204 2207 420 421 2209 2208 421 437 2210 2209 437 436 2211 2210 436 420 2208 2211 421 422 2213 2212 422 438 2214 2213 438 437 2215 2214 437 421 2212 2215 422 423 2217 2216 423 439 2218 2217 439 438 2219 2218 438 422 2216 2219 423 424 2221 2220 424 440 2222 2221 440 439 2223 2222 439 423 2220 2223 424 425 2225 2224 425 441 2226 2225 441 440 2227 2226 440 424 2224 2227 425 426 2229 2228 426 442 2230 2229 442 441 2231 2230 441 425 2228 2231 426 427 2233 2232 427 443 2234 2233 443 442 2235 2234 442 426 2232 2235 427 428 2237 2236 428 444 2238 2237 444 443 2239 2238 443 427 2236 2239 428 429 2241 2240 429 445 2242 2241 445 444 2243 2242 444 428 2240 2243 429 430 2245 2244 430 446 2246 2245 446 445 2247 2246 445 429 2244 2247 430 431 2249 2248 431 447 2250 2249 447 446 2251 2250 446 430 2248 2251 431 416 2253 2252 416 432 2254 2253 432 447 2255 2254 447 431 2252 2255 432 433 2257 2256 433 449 2258 2257 449 448 2259 2258 448 432 2256 2259 433 434 2261 2260 434 450 2262 2261 450 449 2263 2262 449 433 2260 2263 434 435 2265 2264 435 451 2266 2265 451 450 2267 2266 450 434 2264 2267 435 436 2269 2268 436 452 2270 2269 452 451 2271 2270 451 435 2268 2271 436 437 2273 2272 437 453 2274 2273 453 452 2275 2274 452 436 2272 2275 437 438 2277 2276 438 454 2278 2277 454 453 2279 2278 453 437 2276 2279 438 439 2281 2280 439 455 2282 2281 455 454 2283 2282 454 438 2280 2283 439 440 2285 2284 440 456 2286 2285 456 455 2287 2286 455 439 2284 2287 440 441 2289 2288 441 457 2290 2289 457 456 2291 2290 456 440 2288 2291 441 442 2293 2292 442 458 2294 2293 458 457 2295 2294 457 441 2292 2295 442 443 2297 2296 443 459 2298 2297 459 458 2299 2298 458 442 2296 2299 443 444 2301 2300 444 460 2302 2301 460 459 2303 2302 459 443 2300 2303 444 445 2305 2304 445 461 2306 2305 461 460 2307 2306 460 444 2304 2307 445 446 2309 2308 446 462 2310 2309 462 461 2311 2310 461 445 2308 2311 446 447 2313 2312 447 463 2314 2313 463 462 2315 2314 462 446 2312 2315 447 432 2317 2316 432 448 2318 2317 448 463 2319 2318 463 447 2316 2319 448 449 2321 2320 449 465 2322 2321 465 464 2323 2322 464 448 2320 2323 449 450 2325 2324 450 466 2326 2325 466 465 2327 2326 465 449 2324 2327 450 451 2329 2328 451 467 2330 2329 467 466 2331 2330 466 450 2328 2331 451 452 2333 2332 452 468 2334 2333 468 467 2335 2334 467 451 2332 2335 452 453 2337 2336 453 469 2338 2337 469 468 2339 2338 468 452 2336 2339 453 454 2341 2340 454 470 2342 2341 470 469 2343 2342 469 453 2340 2343 454 455 2345 2344 455 471 2346 2345 471 470 2347 2346 470 454 2344 2347 455 456 2349 2348 456 472 2350 2349 472 471 2351 2350 471 455 2348 2351 456 457 2353 2352 457 473 2354 2353 473 472 2355 2354 472 456 2352 2355 457 458 2357 2356 458 474 2358 2357 474 473 2359 2358 473 457 2356 2359 458 459 2361 2360 459 475 2362 2361 475 474 2363 2362 474 458 2360 2363 459 460 2365 2364 460 476 2366 2365 476 475 2367 2366 475 459 2364 2367 460 461 2369 2368 461 477 2370 2369 477 476 2371 2370 476 460 2368 2371 461 462 2373 2372 462 478 2374 2373 478 477 2375 2374 477 461 2372 2375 462 463 2377 2376 463 479 2378 2377 479 478 2379 2378 478 462 2376 2379 463 448 2381 2380 448 464 2382 2381 464 479 2383 2382 479 463 2380 2383 464 465 2385 2384 465 481 2386 2385 481 480 2387 2386 480 464 2384 2387 465 466 2389 2388 466 482 2390 2389 482 481 2391 2390 481 465 2388 2391 466 467 2393 2392 467 483 2394 2393 483 482 2395 2394 482 466 2392 2395 467 468 2397 2396 468 484 2398 2397 484 483 2399 2398 483 467 2396 2399 468 469 2401 2400 469 485 2402 2401 485 484 2403 2402 484 468 2400 2403 469 470 2405 2404 470 486 2406 2405 486 485 2407 2406 485 469 2404 2407 470 471 2409 2408 471 487 2410 2409 487 486 2411 2410 486 470 2408 2411 471 472 2413 2412 472 488 2414 2413 488 487 2415 2414 487 471 2412 2415 472 473 2417 2416 473 489 2418 2417 489 488 2419 2418 488 472 2416 2419 473 474 2421 2420 474 490 2422 2421 490 489 2423 2422 489 473 2420 2423 474 475 2425 2424 475 491 2426 2425 491 490 2427 2426 490 474 2424 2427 475 476 2429 2428 476 492 2430 2429 492 491 2431 2430 491 475 2428 2431 476 477 2433 2432 477 493 2434 2433 493 492 2435 2434 492 476 2432 2435 477 478 2437 2436 478 494 2438 2437 494 493 2439 2438 493 477 2436 2439 478 479 2441 2440 479 495 2442 2441 495 494 2443 2442 494 478 2440 2443 479 464 2445 2444 464 480 2446 2445 480 495 2447 2446 495 479 2444 2447 480 481 2449 2448 481 497 2450 2449 497 496 2451 2450 496 480 2448 2451 481 482 2453 2452 482 498 2454 2453 498 497 2455 2454 497 481 2452 2455 482 483 2457 2456 483 499 2458 2457 499 498 2459 2458 498 482 2456 2459 483 484 2461 2460 484 500 2462 2461 500 499 2463 2462 499 483 2460 2463 484 485 2465 2464 485 501 2466 2465 501 500 2467 2466 500 484 2464 2467 485 486 2469 2468 486 502 2470 2469 502 501 2471 2470 501 485 2468 2471 486 487 2473 2472 487 503 2474 2473 503 502 2475 2474 502 486 2472 2475 487 488 2477 2476 488 504 2478 2477 504 503 2479 2478 503 487 2476 2479 488 489 2481 2480 489 505 2482 2481 505 504 2483 2482 504 488 2480 2483 489 490 2485 2484 490 506 2486 2485 506 505 2487 2486 505 489 2484 2487 490 491 2489 2488 491 507 2490 2489 507 506 2491 2490 506 490 2488 2491 491 492 2493 2492 492 508 2494 2493 508 507 2495 2494 507 491 2492 2495 492 493 2497 2496 493 509 2498 2497 509 508 2499 2498 508 492 2496 2499 493 494 2501 2500 494 510 2502 2501 510 509 2503 2502 509 493 2500 2503 494 495 2505 2504 495 511 2506 2505 511 510 2507 2506 510 494 2504 2507 495 480 2509 2508 480 496 2510 2509 496 511 2511 2510 511 495 2508 2511 496 497 2513 2512 497 513 2514 2513 513 512 2515 2514 512 496 2512 2515 497 498 2517 2516 498 514 2518 2517 514 513 2519 2518 513 497 2516 2519 498 499 2521 2520 499 515 2522 2521 515 514 2523 2522 514 498 2520 2523 499 500 2525 2524 500 516 2526 2525 516 515 2527 2526 515 499 2524 2527 500 501 2529 2528 501 517 2530 2529 517 516 2531 2530 516 500 2528 2531 501 502 2533 2532 502 518 2534 2533 518 517 2535 2534 517 501 2532 2535 502 503 2537 2536 503 519 2538 2537 519 518 2539 2538 518 502 2536 2539 503 504 2541 2540 504 520 2542 2541 520 519 2543 2542 519 503 2540 2543 504 505 2545 2544 505 521 2546 2545 521 520 2547 2546 520 504 2544 2547 505 506 2549 2548 506 522 2550 2549 522 521 2551 2550 521 505 2548 2551 506 507 2553 2552 507 523 2554 2553 523 522 2555 2554 522 506 2552 2555 507 508 2557 2556 508 524 2558 2557 524 523 2559 2558 523 507 2556 2559 508 509 2561 2560 509 525 2562 2561 525 524 2563 2562 524 508 2560 2563 509 510 2565 2564 510 526 2566 2565 526 525 2567 2566 525 509 2564 2567 510 511 2569 2568 511 527 2570 2569 527 526 2571 2570 526 510 2568 2571 511 496 2573 2572 496 512 2574 2573 512 527 2575 2574 527 511 2572 2575 1 0 2577 2576 0 15 2578 2577 15 14 2579 2578 14 13 2580 2579 13 12 2581 2580 12 11 2582 2581 11 10 2583 2582 10 9 2584 2583 9 8 2585 2584 8 7 2586 2585 7 6 2587 2586 6 5 2588 2587 5 4 2589 2588 4 3 2590 2589 3 2 2591 2590 2 1 2576 2591 512 513 2593 2592 513 514 2594 2593 514 515 2595 2594 515 516 2596 2595 516 517 2597 2596 517 518 2598 2597 518 519 2599 2598 519 520 2600 2599 520 521 2601 2600 521 522 2602 2601 522 523 2603 2602 523 524 2604 2603 524 525 2605 2604 525 526 2606 2605 526 527 2607 2606 527 512 2592 2607 
</DataArray>
<DataArray type="Int32" Name="offsets" format="ascii">
4 8 12 16 20 24 28 32 36 40 44 48 52 56 60 64 68 72 76 80 84 88 92 96 100 104 108 112 116 120 124 128 132 136 140 144 148 152 156 160 164 168 172 176 180 184 188 192 196 200 204 208 212 216 220 224 228 232 236 240 244 248 252 256 260 264 268 272 276 280 284 288 292 296 300 304 308 312 316 320 324 328 332 336 340 344 348 352 356 360 364 368 372 376 380 384 388 392 396 400 404 408 412 416 420 424 428 432 436 440 444 448 452 456 460 464 468 472 476 480 484 488 492 496 500 504 508 512 516 520 524 528 532 536 540 544 548 552 556 560 564 568 572 576 580 584 588 592 596 600 604 608 612 616 620 624 628 632 636 640 644 648 652 656 660 664 668 672 676 680 684 688 692 696 700 704 708 712 716 720 724 728 732 736 740 744 748 752 756 760 764 768 772 776 780 784 788 792 796 800 804 808 812 816 820 824 828 832 836 840 844 848 852 856 860 864 868 872 876 880 884 888 892 896 900 904 908 912 916 920 924 928 932 936 940 944 948 952 956 960 964 968 972 976 980 984 988 992 996 1000 1004 1008 1012 1016 1020 1024 1028 1032 1036 1040 1044 1048 1052 1056 1060 1064 1068 1072 1076 1080 1084 1088 1092 1096 1100 1104 1108 1112 1116 1120 1124 1128 1132 1136 1140 1144 1148 1152 1156 1160 1164 1168 1172 1176 1180 1184 1188 1192 1196 1200 1204 1208 1212 1216 1220 1224 1228 1232 1236 1240 1244 1248 1252 1256 1260 1264 1268 1272 1276 1280 1284 1288 1292 1296 1300 1304 1308 1312 1316 1320 1324 1328 1332 1336 1340 1344 1348 1352 1356 1360 1364 1368 1372 1376 1380 1384 1388 1392 1396 1400 1404 1408 1412 1416 1420 1424 1428 1432 1436 1440 1444 1448 1452 1456 1460 1464 1468 1472 1476 1480 1484 1488 1492 1496 1500 1504 1508 1512 1516 1520 1524 1528 1532 1536 1540 1544 1548 1552 1556 1560 1564 1568 1572 1576 1580 1584 1588 1592 1596 1600 1604 1608 1612 1616 1620 1624 1628 1632 1636 1640 1644 1648 1652 1656 1660 1664 1668 1672 1676 1680 1684 1688 1692 1696 1700 1704 1708 1712 1716 1720 1724 1728 1732 1736 1740 1744 1748 1752 1756 1760 1764 1768 1772 1776 1780 1784 1788 1792 1796 1800 1804 1808 1812 1816 1820 1824 1828 1832 1836 1840 1844 1848 1852 1856 1860 1864 1868 1872 1876 1880 1884 1888 1892 1896 1900 1904 1908 1912 1916 1920 1924 1928 1932 1936 1940 1944 1948 1952 1956 1960 1964 1968 1972 1976 1980 1984 1988 1992 1996 2000 2004 2008 2012 2016 2020 2024 2028 2032 2036 2040 2044 2048 2052 2056 2060 2064 2068 2072 2076 2080 2084 2088 2092 2096 2100 2104 2108 2112 2116 2120 2124 2128 2132 2136 2140 2144 2148 2152 2156 2160 2164 2168 2172 2176 2180 2184 2188 2192 2196 2200 2204 2208 2212 2216 2220 2224 2228 2232 2236 2240 2244 2248 2252 2256 2260 2264 2268 2272 2276 2280 2284 2288 2292 2296 2300 2304 2308 2312 2316 2320 2324 2328 2332 2336 2340 2344 2348 2352 2356 2360 2364 2368 2372 2376 2380 2384 2388 2392 2396 2400 2404 2408 2412 2416 2420 2424 2428 2432 2436 2440 2444 2448 2452 2456 2460 2464 2468 2472 2476 2480 2484 2488 2492 2496 2500 2504 2508 2512 2516 2520 2524 2528 2532 2536 2540 2544 2548 2552 2556 2560 2564 2568 2572 2576 2580 2584 2588 2592 2596 2600 2604 2608 2612 2616 2620 2624 2628 2632 2636 2640 2644 2648 2652 2656 2660 2664 2668 2672 2676 2680 2684 2688 2692 2696 2700 2704 2708 2712 2716 2720 2724 2728 2732 2736 2740 2744 2748 2752 2756 2760 2764 2768 2772 2776 2780 2784 2788 2792 2796 2800 2804 2808 2812 2816 2820 2824 2828 2832 2836 2840 2844 2848 2852 2856 2860 2864 2868 2872 2876 2880 2884 2888 2892 2896 2900 2904 2908 2912 2916 2920 2924 2928 2932 2936 2940 2944 2948 2952 2956 2960 2964 2968 2972 2976 2980 2984 2988 2992 2996 3000 3004 3008 3012 3016 3020 3024 3028 3032 3036 3040 3044 3048 3052 3056 3060 3064 3068 3072 3076 3080 3084 3088 3092 3096 3100 3104 3108 3112 3116 3120 3124 3128 3132 3136 3140 3144 3148 3152 3156 3160 3164 3168 3172 3176 3180 3184 3188 3192 3196 3200 3204 3208 3212 3216 3220 3224 3228 3232 3236 3240 3244 3248 3252 3256 3260 3264 3268 3272 3276 3280 3284 3288 3292 3296 3300 3304 3308 3312 3316 3320 3324 3328 3332 3336 3340 3344 3348 3352 3356 3360 3364 3368 3372 3376 3380 3384 3388 3392 3396 3400 3404 3408 3412 3416 3420 3424 3428 3432 3436 3440 3444 3448 3452 3456 3460 3464 3468 3472 3476 3480 3484 3488 3492 3496 3500 3504 3508 3512 3516 3520 3524 3528 3532 3536 3540 3544 3548 3552 3556 3560 3564 3568 3572 3576 3580 3584 3588 3592 3596 3600 3604 3608 3612 3616 3620 3624 3628 3632 3636 3640 3644 3648 3652 3656 3660 3664 3668 3672 3676 3680 3684 3688 3692 3696 3700 3704 3708 3712 3716 3720 3724 3728 3732 3736 3740 3744 3748 3752 3756 3760 3764 3768 3772 3776 3780 3784 3788 3792 3796 3800 3804 3808 3812 3816 3820 3824 3828 3832 3836 3840 3844 3848 3852 3856 3860 3864 3868 3872 3876 3880 3884 3888 3892 3896 3900 3904 3908 3912 3916 3920 3924 3928 3932 3936 3940 3944 3948 3952 3956 3960 3964 3968 3972 3976 3980 3984 3988 3992 3996 4000 4004 4008 4012 4016 4020 4024 4028 4032 4036 4040 4044 4048 4052 4056 4060 4064 4068 4072 4076 4080 4084 4088 4092 4096 4100 4104 4108 4112 4116 4120 4124 4128 4132 4136 4140 4144 4148 4152 4156 4160 4164 4168 4172 4176 4180 4184 4188 4192 4196 4200 4204 4208 4212 4216 4220 4224 4228 4232 4236 4240 4244 4248 4252 4256 4260 4264 4268 4272 4276 4280 4284 4288 4292 4296 4300 4304 4308 4312 4316 4320 4324 4328 4332 4336 4340 4344 4348 4352 4356 4360 4364 4368 4372 4376 4380 4384 4388 4392 4396 4400 4404 4408 4412 4416 4420 4424 4428 4432 4436 4440 4444 4448 4452 4456 4460 4464 4468 4472 4476 4480 4484 4488 4492 4496 4500 4504 4508 4512 4516 4520 4524 4528 4532 4536 4540 4544 4548 4552 4556 4560 4564 4568 4572 4576 4580 4584 4588 4592 4596 4600 4604 4608 4612 4616 4620 4624 4628 4632 4636 4640 4644 4648 4652 4656 4660 4664 4668 4672 4676 4680 4684 4688 4692 4696 4700 4704 4708 4712 4716 4720 4724 4728 4732 4736 4740 4744 4748 4752 4756 4760 4764 4768 4772 4776 4780 4784 4788 4792 4796 4800 4804 4808 4812 4816 4820 4824 4828 4832 4836 4840 4844 4848 4852 4856 4860 4864 4868 4872 4876 4880 4884 4888 4892 4896 4900 4904 4908 4912 4916 4920 4924 4928 4932 4936 4940 4944 4948 4952 4956 4960 4964 4968 4972 4976 4980 4984 4988 4992 4996 5000 5004 5008 5012 5016 5020 5024 5028 5032 5036 5040 5044 5048 5052 5056 5060 5064 5068 5072 5076 5080 5084 5088 5092 5096 5100 5104 5108 5112 5116 5120 5124 5128 5132 5136 5140 5144 5148 5152 5156 5160 5164 5168 5172 5176 5180 5184 5188 5192 5196 5200 5204 5208 5212 5216 5220 5224 5228 5232 5236 5240 5244 5248 5252 5256 5260 5264 5268 5272 5276 5280 5284 5288 5292 5296 5300 5304 5308 5312 5316 5320 5324 5328 5332 5336 5340 5344 5348 5352 5356 5360 5364 5368 5372 5376 5380 5384 5388 5392 5396 5400 5404 5408 5412 5416 5420 5424 5428 5432 5436 5440 5444 5448 5452 5456 5460 5464 5468 5472 5476 5480 5484 5488 5492 5496 5500 5504 5508 5512 5516 5520 5524 5528 5532 5536 5540 5544 5548 5552 5556 5560 5564 5568 5572 5576 5580 5584 5588 5592 5596 5600 5604 5608 5612 5616 5620 5624 5628 5632 5636 5640 5644 5648 5652 5656 5660 5664 5668 5672 5676 5680 5684 5688 5692 5696 5700 5704 5708 5712 5716 5720 5724 5728 5732 5736 5740 5744 5748 5752 5756 5760 5764 5768 5772 5776 5780 5784 5788 5792 5796 5800 5804 5808 5812 5816 5820 5824 5828 5832 5836 5840 5844 5848 5852 5856 5860 5864 5868 5872 5876 5880 5884 5888 5892 5896 5900 5904 5908 5912 5916 5920 5924 5928 5932 5936 5940 5944 5948 5952 5956 5960 5964 5968 5972 5976 5980 5984 5988 5992 5996 6000 6004 6008 6012 6016 6020 6024 6028 6032 6036 6040 6044 6048 6052 6056 6060 6064 6068 6072 6076 6080 6084 6088 6092 6096 6100 6104 6108 6112 6116 6120 6124 6128 6132 6136 6140 6144 6148 6152 6156 6160 6164 6168 6172 6176 6180 6184 6188 6192 6196 6200 6204 6208 6212 6216 6220 6224 6228 6232 6236 6240 6244 6248 6252 6256 6260 6264 6268 6272 6276 6280 6284 6288 6292 6296 6300 6304 6308 6312 6316 6320 6324 6328 6332 6336 6340 6344 6348 6352 6356 6360 6364 6368 6372 6376 6380 6384 6388 6392 6396 6400 6404 6408 6412 6416 6420 6424 6428 6432 6436 6440 6444 6448 6452 6456 6460 6464 6468 6472 6476 6480 6484 6488 6492 6496 6500 6504 6508 6512 6516 6520 6524 6528 6532 6536 6540 6544 6548 6552 6556 6560 6564 6568 6572 6576 6580 6584 6588 6592 6596 6600 6604 6608 6612 6616 6620 6624 6628 6632 6636 6640 6644 6648 6652 6656 6660 6664 6668 6672 6676 6680 6684 6688 6692 6696 6700 6704 6708 6712 6716 6720 6724 6728 6732 6736 6740 6744 6748 6752 6756 6760 6764 6768 6772 6776 6780 6784 6788 6792 6796 6800 6804 6808 6812 6816 6820 6824 6828 6832 6836 6840 6844 6848 6852 6856 6860 6864 6868 6872 6876 6880 6884 6888 6892 6896 6900 6904 6908 6912 6916 6920 6924 6928 6932 6936 6940 6944 6948 6952 6956 6960 6964 6968 6972 6976 6980 6984 6988 6992 6996 7000 7004 7008 7012 7016 7020 7024 7028 7032 7036 7040 7044 7048 7052 7056 7060 7064 7068 7072 7076 7080 7084 7088 7092 7096 7100 7104 7108 7112 7116 7120 7124 7128 7132 7136 7140 7144 7148 7152 7156 7160 7164 7168 7172 7176 7180 7184 7188 7192 7196 7200 7204 7208 7212 7216 7220 7224 7228 7232 7236 7240 7244 7248 7252 7256 7260 7264 7268 7272 7276 7280 7284 7288 7292 7296 7300 7304 7308 7312 7316 7320 7324 7328 7332 7336 7340 7344 7348 7352 7356 7360 7364 7368 7372 7376 7380 7384 7388 7392 7396 7400 7404 7408 7412 7416 7420 7424 7428 7432 7436 7440 7444 7448 7452 7456 7460 7464 7468 7472 7476 7480 7484 7488 7492 7496 7500 7504 7508 7512 7516 7520 7524 7528 7532 7536 7540 7544 7548 7552 7556 7560 7564 7568 7572 7576 7580 7584 7588 7592 7596 7600 7604 7608 7612 7616 7620 7624 7628 7632 7636 7640 7644 7648 7652 7656 7660 7664 7668 7672 7676 7680 7684 7688 7692 7696 7700 7704 7708 7712 7716 7720 7724 7728 7732 7736 7740 7744 7748 7752 7756 7760 7764 7768 7772 7776 7780 7784 7788 7792 7796 7800 7804 7808 7812 7816 7820 7824 7828 7832 7836 7840 7844 7848 7852 7856 7860 7864 7868 7872 7876 7880 7884 7888 7892 7896 7900 7904 7908 7912 7916 7920 7924 7928 7932 7936 7940 7944 7948 7952 7956 7960 7964 7968 7972 7976 7980 7984 7988 7992 7996 8000 8004 8008 8012 8016 8020 8024 8028 8032 8036 8040 8044 8048 8052 8056 8060 8064 8068 8072 8076 8080 8084 8088 8092 8096 8100 8104 8108 8112 8116 8120 8124 8128 8132 8136 8140 8144 8148 8152 8156 8160 8164 8168 8172 8176 8180 8184 8188 8192 8196 8200 8204 8208 8212 8216 8220 8224 8228 8232 8236 8240 8244 8248 8252 8256 8260 8264 8268 8272 8276 8280 8284 8288 8292 8296 8300 8304 8308 8312 8316 8320 
</DataArray>
<DataArray type="UInt8" Name="types" format="ascii">
7 7 7 7 7 7 7 7 7 7 7 7 7 7 7 7 7 7 7 7 7 7 7 7 7 7 7 7 7 7 7 7 7 7 7 7 7 7 7 7 7 7 7 7 7 7 7 7 7 7 7 7 7 7 7 7 7 7 7 7 7 7 7 7 7 7 7 7 7 7 7 7 7 7 7 7 7 7 7 7 7 7 7 7 7 7 7 7 7 7 7 7 7 7 7 7 7 7 7 7 7 7 7 7 7 7 7 7 7 7 7 7 7 7 7 7 7 7 7 7 7 7 7 7 7 7 7 7 7 7 7 7 7 7 7 7 7 7 7 7 7 7 7 7 7 7 7 7 7 7 7 7 7 7 7 7 7 7 7 7 7 7 7 7 7 7 7 7 7 7 7 7 7 7 7 7 7 7 7 7 7 7 7 7 7 7 7 7 7 7 7 7 7 7 7 7 7 7 7 7 7 7 7 7 7 7 7 7 7 7 7 7 7 7 7 7 7 7 7 7 7 7 7 7 7 7 7 7 7 7 7 7 7 7 7 7 7 7 7 7 7 7 7 7 7 7 7 7 7 7 7 7 7 7 7 7 7 7 7 7 7 7 7 7 7 7 7 7 7 7 7 7 7 7 7 7 7 7 7 7 7 7 7 7 7 7 7 7 7 7 7 7 7 7 7 7 7 7 7 7 7 7 7 7 7 7 7 7 7 7 7 7 7 7 7 7 7 7 7 7 7 7 7 7 7 7 7 7 7 7 7 7 7 7 7 7 7 7 7 7 7 7 7 7 7 7 7 7 7 7 7 7 7 7 7 7 7 7 7 7 7 7 7 7 7 7 7 7 7 7 7 7 7 7 7 7 7 7 7 7 7 7 7 7 7 7 7 7 7 7 7 7 7 7 7 7 7 7 7 7 7 7 7 7 7 7 7 7 7 7 7 7 7 7 7 7 7 7 7 7 7 7 7 7 7 7 7 7 7 7 7 7 7 7 7 7 7 7 7 7 7 7 7 7 7 7 7 7 7 7 7 7 7 7 7 7 7 7 7 7 7 7 7 7 7 7 7 7 7 7 7 7 7 7 7 7 7 7 7 7 7 7 7 7 7 7 7 7 7 7 7 7 7 7 7 7 7 7 7 7 7 7 7 7 7 7 7 7 7 7 7 7 7 7 7 7 7 7 7 7 7 7 7 7 7 7 7 7 7 7 7 7 7 7 7 7 7 7 7 7 7 7 7 7 7 7 7 7 7 7 7 7 7 7 7 7 7 7 7 7 7 7 7 7 7 7 7 7 7 7 7 7 7 7 7 7 7 7 7 7 7 7 7 7 7 7 7 7 7 7 7 7 7 7 7 7 7 7 7 7 7 7 7 7 7 7 7 7 7 7 7 7 7 7 7 7 7 7 7 7 7 7 7 7 7 7 7 7 7 7 7 7 7 7 7 7 7 7 7 7 7 7 7 7 7 7 7 7 7 7 7 7 7 7 7 7 7 7 7 7 7 7 7 7 7 7 7 7 7 7 7 7 7 7 7 7 7 7 7 7 7 7 7 7 7 7 7 7 7 7 7 7 7 7 7 7 7 7 7 7 7 7 7 7 7 7 7 7 7 7 7 7 7 7 7 7 7 7 7 7 7 7 7 7 7 7 7 7 7 7 7 7 7 7 7 7 7 7 7 7 7 7 7 7 7 7 7 7 7 7 7 7 7 7 7 7 7 7 7 7 7 7 7 7 7 7 7 7 7 7 7 7 7 7 7 7 7 7 7 7 7 7 7 7 7 7 7 7 7 7 7 7 7 7 7 7 7 7 7 7 7 7 7 7 7 7 7 7 7 7 7 7 7 7 7 7 7 7 7 7 7 7 7 7 7 7 7 7 7 7 7 7 7 7 7 7 7 7 7 7 7 7 7 7 7 7 7 7 7 7 7 7 7 7 7 7 7 7 7 7 7 7 7 7 7 7 7 7 7 7 7 7 7 7 7 7 7 7 7 7 7 7 7 7 7 7 7 7 7 7 7 7 7 7 7 7 7 7 7 7 7 7 7 7 7 7 7 7 7 7 7 7 7 7 7 7 7 7 7 7 7 7 7 7 7 7 7 7 7 7 7 7 7 7 7 7 7 7 7 7 7 7 7 7 7 7 7 7 7 7 7 7 7 7 7 7 7 7 7 7 7 7 7 7 7 7 7 7 7 7 7 7 7 7 7 7 7 7 7 7 7 7 7 7 7 7 7 7 7 7 7 7 7 7 7 7 7 7 7 7 7 7 7 7 7 7 7 7 7 7 7 7 7 7 7 7 7 7 7 7 7 7 7 7 7 7 7 7 7 7 7 7 7 7 7 7 7 7 7 7 7 7 7 7 7 7 7 7 7 7 7 7 7 7 7 7 7 7 7 7 7 7 7 7 7 7 7 7 7 7 7 7 7 7 7 7 7 7 7 7 7 7 7 7 7 7 7 7 7 7 7 7 7 7 7 7 7 7 7 7 7 7 7 7 7 7 7 7 7 7 7 7 7 7 7 7 7 7 7 7 7 7 7 7 7 7 7 7 7 7 7 7 7 7 7 7 7 7 7 7 7 7 7 7 7 7 7 7 7 7 7 7 7 7 7 7 7 7 7 7 7 7 7 7 7 7 7 7 7 7 7 7 7 7 7 7 7 7 7 7 7 7 7 7 7 7 7 7 7 7 7 7 7 7 7 7 7 7 7 7 7 7 7 7 7 7 7 7 7 7 7 7 7 7 7 7 7 7 7 7 7 7 7 7 7 7 7 7 7 7 7 7 7 7 7 7 7 7 7 7 7 7 7 7 7 7 7 7 7 7 7 7 7 7 7 7 7 7 7 7 7 7 7 7 7 7 7 7 7 7 7 7 7 7 7 7 7 7 7 7 7 7 7 7 7 7 7 7 7 7 7 7 7 7 7 7 7 7 7 7 7 7 7 7 7 7 7 7 7 7 7 7 7 7 7 7 7 7 7 7 7 7 7 7 7 7 7 7 7 7 7 7 7 7 7 7 7 7 7 7 7 7 7 7 7 7 7 7 7 7 7 7 7 7 7 7 7 7 7 7 7 7 7 7 7 7 7 7 7 7 7 7 7 7 7 7 7 7 7 7 7 7 7 7 7 7 7 7 7 7 7 7 7 7 7 7 7 7 7 7 7 7 7 7 7 7 7 7 7 7 7 7 7 7 7 7 7 7 7 7 7 7 7 7 7 7 7 7 7 7 7 7 7 7 7 7 7 7 7 7 7 7 7 7 7 7 7 7 7 7 7 7 7 7 7 7 7 7 7 7 7 7 7 7 7 7 7 7 7 7 7 7 7 7 7 7 7 7 7 7 7 7 7 7 7 7 7 7 7 7 7 7 7 7 7 7 7 7 7 7 7 7 7 7 7 7 7 7 7 7 7 7 7 7 7 7 7 7 7 7 7 7 7 7 7 7 7 7 7 7 7 7 7 7 7 7 7 7 7 7 7 7 7 7 7 7 7 7 7 7 7 7 7 7 7 7 7 7 7 7 7 7 7 7 7 7 7 7 7 7 7 7 7 7 7 7 7 7 7 7 7 7 7 7 7 7 7 7 7 7 7 7 7 7 7 7 7 7 7 7 7 7 7 7 7 7 7 7 7 7 7 7 7 7 7 7 7 7 7 7 7 7 7 7 7 7 7 7 7 7 7 7 7 7 7 7 7 7 7 7 7 7 7 7 7 7 7 7 7 7 7 7 7 7 7 7 7 7 7 7 7 7 7 7 7 7 7 7 7 7 7 7 7 7 7 7 7 7 7 7 7 7 7 7 7 7 7 7 7 7 7 7 7 7 7 7 7 7 7 7 7 7 7 7 7 7 7 7 7 7 7 7 7 7 7 7 7 7 7 7 7 7 7 7 7 7 7 7 7 7 7 7 7 7 7 7 7 7 7 7 7 7 7 7 7 7 7 7 7 7 7 7 7 7 7 7 7 7 7 7 7 7 7 7 7 7 7 7 7 7 7 7 7 7 7 7 7 7 7 7 7 7 7 7 7 7 7 7 7 7 7 7 7 7 7 7 7 7 7 7 7 7 7 7 7 7 7 7 7 7 7 7 7 7 7 7 7 7 7 7 7 7 7 7 7 7 7 7 7 7 7 7 7 7 7 7 7 7 7 7 7 7 7 7 7 7 7 7 7 7 7 7 7 7 7 7 7 7 7 7 7 7 7 7 7 7 7 7 7 7 7 7 7 7 7 7 7 7 7 7 7 7 7 7 7 7 7 7 7 7 7 7 7 7 7 7 7 7 7 7 7 7 7 7 7 7 7 7 7 7 7 7 7 7 7 7 7 7 7 7 7 7 7 7 7 7 7 7 7 7 7 7 7 7 7 7 7 7 7 7 7 7 7 7 7 7 7 7 7 7 7 7 7 7 7 7 7 7 7 7 7 7 7 7 7 7 7 7 7 7 7 7 7 7 7 7 7 7 7 7 7 7 7 7 7 7 7 7 7 7 7 7 7 7 7 7 7 7 7 7 7 7 7 7 7 7 7 7 7 7 7 7 7 7 7 7 7 7 7 7 7 7 7 7 7 7 7 7 7 7 7 7 7 7 7 7 7 7 7 7 7 7 7 7 7 7 7 7 7 7 7 7 7 7 7 7 7 7 7 7 7 7 7 7 7 7 7 7 7 7 7 7 7 7 7 7 7 7 7 7 
</DataArray>
</Cells>
<CellData Scalars="wall variable 0">
<DataArray type="Float64" Name="wall length" format="ascii">
29.5757 31.6867 29.5757 31.6639 29.5757 31.6986 29.5757 31.6867 29.5757 31.7106 29.5757 31.6986 29.5757 31.758 29.5757 31.7106 29.5757 31.775 29.5757 31.758 29.5757 31.724 29.5757 31.775 29.5757 31.6206 29.5757 31.724 29.5757 31.5778 29.5757 31.6206 29.5757 31.6255 29.5757 31.5778 29.5757 31.7288 29.5757 31.6255 29.5757 31.7748 29.5757 31.7288 29.5757 31.757 29.5757 31.7748 29.5757 31.7133 29.5757 31.757 29.5757 31.6723 29.5757 31.7133 29.5757 31.6493 29.5757 31.6723 29.5757 31.6639 29.5757 31.6493 29.5757 34.6152 29.5757 34.6089 34.6335 29.5757 34.6152 29.5757 34.6671 29.5757 34.6335 29.5757 34.7093 29.5757 34.6671 29.5757 34.7427 29.5757 34.7093 29.5757 34.6932 29.5757 34.7427 29.5757 34.5591 29.5757 34.6932 29.5757 34.5025 29.5757 34.5591 29.5757 34.5649 29.5757 34.5025 29.5757 34.6979 29.5757 34.5649 29.5757 34.7439 29.5757 34.6979 29.5757 34.7086 29.5757 34.7439 29.5757 34.6634 29.5757 34.7086 29.5757 34.6271 29.5757 34.6634 29.5757 34.6096 29.5757 34.6271 29.5757 29.5757 34.6089 29.5757 34.6096 29.5757 34.7297 29.5757 34.7314 29.5757 34.7356 29.5757 34.7297 29.5757 34.7693 29.5757 34.7356 29.5757 34.8334 29.5757 34.7693 29.5757 34.906 29.5757 34.8334 29.5757 34.8442 29.5757 34.906 29.5757 34.6333 29.5757 34.8442 29.5757 34.5431 29.5757 34.6333 29.5757 34.6352 29.5757 34.5431 29.5757 34.8465 29.5757 34.6352 29.5757 34.9063 29.5757 34.8465 29.5757 34.8326 29.5757 34.9063 29.5757 34.7671 29.5757 34.8326 29.5757 34.7334 29.5757 34.7671 29.5757 34.7281 29.5757 34.7334 29.5757 34.7314 29.5757 34.7281 29.5757 34.5535 29.5757 34.4797 29.5757 34.7448 29.5757 34.5535 29.5757 34.9857 29.5757 34.7448 29.5757 35.218 29.5757 34.9857 29.5757 35.4071 29.5757 35.218 29.5757 35.5515 29.5757 35.4071 29.5757 35.6132 29.5757 35.5515 29.5757 35.624 29.5757 35.6132 29.5757 35.6131 29.5757 35.624 29.5757 35.5509 29.5757 35.6131 29.5757 35.407 29.5757 35.5509 29.5757 35.2177 29.5757 35.407 29.5757 34.9845 29.5757 35.2177 29.5757 34.7436 29.5757 34.9845 29.5757 34.5534 29.5757 34.7436 29.5757 34.4797 29.5757 34.5534 29.5757 34.4964 29.5757 34.4174 29.5757 34.7033 29.5757 34.4964 29.5757 34.9679 29.5757 34.7033 29.5757 35.223 29.5757 34.9679 29.5757 35.4264 29.5757 35.223 29.5757 35.5576 29.5757 35.4264 29.5757 35.6127 29.5757 35.5576 29.5757 35.6233 29.5757 35.6127 29.5757 35.6126 29.5757 35.6233 29.5757 35.5573 29.5757 35.6126 29.5757 35.4262 29.5757 35.5573 29.5757 35.2228 29.5757 35.4262 29.5757 34.9672 29.5757 35.2228 29.5757 34.7027 29.5757 34.9672 29.5757 34.4962 29.5757 34.7027 29.5757 34.4174 29.5757 34.4962 29.5757 34.4528 29.5757 34.3712 29.5757 34.6696 29.5757 34.4528 29.5757 34.9523 29.5757 34.6696 29.5757 35.2255 29.5757 34.9523 29.5757 35.4361 29.5757 35.2255 29.5757 35.5611 29.5757 35.4361 29.5757 35.6123 29.5757 35.5611 29.5757 35.6227 29.5757 35.6123 29.5757 35.6122 29.5757 35.6227 29.5757 35.561 29.5757 35.6122 29.5757 35.4359 29.5757 35.561 29.5757 35.2253 29.5757 35.4359 29.5757 34.952 29.5757 35.2253 29.5757 34.6693 29.5757 34.952 29.5757 34.4525 29.5757 34.6693 29.5757 34.3712 29.5757 34.4525 29.5757 34.4186 29.5757 34.3345 29.5757 34.6438 29.5757 34.4186 29.5757 34.9404 29.5757 34.6438 29.5757 35.2263 29.5757 34.9404 29.5757 35.4411 29.5757 35.2263 29.5757 35.5632 29.5757 35.4411 29.5757 35.612 29.5757 35.5632 29.5757 35.6223 29.5757 35.612 29.5757 35.612 29.5757 35.6223 29.5757 35.5632 29.5757 35.612 29.5757 35.441 29.5757 35.5632 29.5757 35.2263 29.5757 35.441 29.5757 34.9403 29.5757 35.2263 29.5757 34.6437 29.5757 34.9403 29.5757 34.4184 29.5757 34.6437 29.5757 34.3345 29.5757 34.4184 29.5757 34.392 29.5757 34.3057 29.5757 34.624 29.5757 34.392 29.5757 34.931 29.5757 34.624 29.5757 35.2259 29.5757 34.931 29.5757 35.4436 29.5757 35.2259 29.5757 35.5644 29.5757 35.4436 29.5757 35.6119 29.5757 35.5644 29.5757 35.6221 29.5757 35.6119 29.5757 35.6119 29.5757 35.6221 29.5757 35.5644 29.5757 35.6119 29.5757 35.4436 29.5757 35.5644 29.5757 35.2259 29.5757 35.4436 29.5757 34.9309 29.5757 35.2259 29.5757 34.624 29.5757 34.9309 29.5757 34.3918 29.5757 34.624 29.5757 34.3057 29.5757 34.3918 29.5757 34.3715 29.5757 34.2833 29.5757 34.6086 29.5757 34.3715 29.5757 34.9232 29.5757 34.6086 29.5757 35.2246 29.5757 34.9232 29.5757 35.4446 29.5757 35.2246 29.5757 35.5651 29.5757 35.4446 29.5757 35.6119 29.5757 35.5651 29.5757 35.622 29.5757 35.6119 29.5757 35.6119 29.5757 35.622 29.5757 35.5651 29.5757 35.6119 29.5757 35.4447 29.5757 35.5651 29.5757 35.2248 29.5757 35.4447 29.5757 34.9232 29.5757 35.2248 29.5757 34.6086 29.5757 34.9232 29.5757 34.3712 29.5757 34.6086 29.5757 34.2833 29.5757 34.3712 29.5757 34.356 29.5757 34.2661 29.5757 34.5967 29.5757 34.356 29.5757 34.9164 29.5757 34.5967 29.5757 35.2228 29.5757 34.9164 29.5757 35.4448 29.5757 35.2228 29.5757 35.5653 29.5757 35.4448 29.5757 35.6119 29.5757 35.5653 29.5757 35.622 29.5757 35.6119 29.5757 35.6119 29.5757 35.622 29.5757 35.5654 29.5757 35.6119 29.5757 35.445 29.5757 35.5654 29.5757 35.2231 29.5757 35.445 29.5757 34.9166 29.5757 35.2231 29.5757 34.5968 29.5757 34.9166 29.5757 34.3556 29.5757 34.5968 29.5757 34.2661 29.5757 34.3556 29.5757 34.3447 29.5757 34.2536 29.5757 34.5893 29.5757 34.3447 29.5757 34.9132 29.5757 34.5893 29.5757 35.2223 29.5757 34.9132 29.5757 35.4452 29.5757 35.2223 29.5757 35.5655 29.5757 35.4452 29.5757 35.612 29.5757 35.5655 29.5757 35.622 29.5757 35.612 29.5757 35.612 29.5757 35.622 29.5757 35.5657 29.5757 35.612 29.5757 35.4454 29.5757 35.5657 29.5757 35.2226 29.5757 35.4454 29.5757 34.9135 29.5757 35.2226 29.5757 34.5894 29.5757 34.9135 29.5757 34.3443 29.5757 34.5894 29.5757 34.2536 29.5757 34.3443 29.5757 34.3367 29.5757 34.2447 29.5757 34.5838 29.5757 34.3367 29.5757 34.9106 29.5757 34.5838 29.5757 35.2216 29.5757 34.9106 29.5757 35.4453 29.5757 35.2216 29.5757 35.5657 29.5757 35.4453 29.5757 35.612 29.5757 35.5657 29.5757 35.6221 29.5757 35.612 29.5757 35.612 29.5757 35.6221 29.5757 35.5659 29.5757 35.612 29.5757 35.4455 29.5757 35.5659 29.5757 35.222 29.5757 35.4455 29.5757 34.9109 29.5757 35.222 29.5757 34.5839 29.5757 34.9109 29.5757 34.3363 29.5757 34.5839 29.5757 34.2447 29.5757 34.3363 29.5757 34.3313 29.5757 34.2386 29.5757 34.5801 29.5757 34.3313 29.5757 34.9087 29.5757 34.5801 29.5757 35.2211 29.5757 34.9087 29.5757 35.4453 29.5757 35.2211 29.5757 35.5658 29.5757 35.4453 29.5757 35.6121 29.5757 35.5658 29.5757 35.6221 29.5757 35.6121 29.5757 35.6121 29.5757 35.6221 29.5757 35.566 29.5757 35.6121 29.5757 35.4456 29.5757 35.566 29.5757 35.2216 29.5757 35.4456 29.5757 34.9091 29.5757 35.2216 29.5757 34.5802 29.5757 34.9091 29.5757 34.3308 29.5757 34.5802 29.5757 34.2386 29.5757 34.3308 29.5757 34.3281 29.5757 34.235 29.5757 34.5779 29.5757 34.3281 29.5757 34.9077 29.5757 34.5779 29.5757 35.221 29.5757 34.9077 29.5757 35.4454 29.5757 35.221 29.5757 35.566 29.5757 35.4454 29.5757 35.6122 29.5757 35.566 29.5757 35.6222 29.5757 35.6122 29.5757 35.6122 29.5757 35.6222 29.5757 35.5661 29.5757 35.6122 29.5757 35.4458 29.5757 35.5661 29.5757 35.2214 29.5757 35.4458 29.5757 34.9081 29.5757 35.2214 29.5757 34.5779 29.5757 34.9081 29.5757 34.3276 29.5757 34.5779 29.5757 34.235 29.5757 34.3276 29.5757 34.3267 29.5757 34.2334 29.5757 34.5771 29.5757 34.3267 29.5757 34.9076 29.5757 34.5771 29.5757 35.2211 29.5757 34.9076 29.5757 35.4456 29.5757 35.2211 29.5757 35.5661 29.5757 35.4456 29.5757 35.6123 29.5757 35.5661 29.5757 35.6222 29.5757 35.6123 29.5757 35.6123 29.5757 35.6222 29.5757 35.5663 29.5757 35.6123 29.5757 35.446 29.5757 35.5663 29.5757 35.2216 29.5757 35.446 29.5757 34.9079 29.5757 35.2216 29.5757 34.5772 29.5757 34.9079 29.5757 34.3262 29.5757 34.5772 29.5757 34.2334 29.5757 34.3262 29.5757 34.3273 29.5757 34.2339 29.5757 34.5778 29.5757 34.3273 29.5757 34.9083 29.5757 34.5778 29.5757 35.2218 29.5757 34.9083 29.5757 35.446 29.5757 35.2218 29.5757 35.5663 29.5757 35.446 29.5757 35.6123 29.5757 35.5663 29.5757 35.6223 29.5757 35.6123 29.5757 35.6124 29.5757 35.6223 29.5757 35.5664 29.5757 35.6124 29.5757 35.4464 29.5757 35.5664 29.5757 35.2222 29.5757 35.4464 29.5757 34.9087 29.5757 35.2222 29.5757 34.5778 29.5757 34.9087 29.5757 34.3268 29.5757 34.5778 29.5757 34.2339 29.5757 34.3268 29.5757 34.3295 29.5757 34.236 29.5757 34.58 29.5757 34.3295 29.5757 34.9101 29.5757 34.58 29.5757 35.2229 29.5757 34.9101 29.5757 35.4466 29.5757 35.2229 29.5757 35.5665 29.5757 35.4466 29.5757 35.6124 29.5757 35.5665 29.5757 35.6223 29.5757 35.6124 29.5757 35.6124 29.5757 35.6223 29.5757 35.5667 29.5757 35.6124 29.5757 35.447 29.5757 35.5667 29.5757 35.2234 29.5757 35.447 29.5757 34.9104 29.5757 35.2234 29.5757 34.58 29.5757 34.9104 29.5757 34.329 29.5757 34.58 29.5757 34.236 29.5757 34.329 29.5757 34.3333 29.5757 34.2398 29.5757 34.5833 29.5757 34.3333 29.5757 34.9126 29.5757 34.5833 29.5757 35.2245 29.5757 34.9126 29.5757 35.4474 29.5757 35.2245 29.5757 35.5668 29.5757 35.4474 29.5757 35.6125 29.5757 35.5668 29.5757 35.6223 29.5757 35.6125 29.5757 35.6125 29.5757 35.6223 29.5757 35.5669 29.5757 35.6125 29.5757 35.4477 29.5757 35.5669 29.5757 35.2249 29.5757 35.4477 29.5757 34.9129 29.5757 35.2249 29.5757 34.5832 29.5757 34.9129 29.5757 34.3326 29.5757 34.5832 29.5757 34.2398 29.5757 34.3326 29.5757 34.3384 29.5757 34.2452 29.5757 34.5877 29.5757 34.3384 29.5757 34.9157 29.5757 34.5877 29.5757 35.2263 29.5757 34.9157 29.5757 35.4482 29.5757 35.2263 29.5757 35.5671 29.5757 35.4482 29.5757 35.6125 29.5757 35.5671 29.5757 35.6224 29.5757 35.6125 29.5757 35.6126 29.5757 35.6224 29.5757 35.5672 29.5757 35.6126 29.5757 35.4485 29.5757 35.5672 29.5757 35.2267 29.5757 35.4485 29.5757 34.9159 29.5757 35.2267 29.5757 34.5874 29.5757 34.9159 29.5757 34.3376 29.5757 34.5874 29.5757 34.2452 29.5757 34.3376 29.5757 34.3451 29.5757 34.2522 29.5757 34.5931 29.5757 34.3451 29.5757 34.9194 29.5757 34.5931 29.5757 35.2283 29.5757 34.9194 29.5757 35.4491 29.5757 35.2283 29.5757 35.5673 29.5757 35.4491 29.5757 35.6126 29.5757 35.5673 29.5757 35.6224 29.5757 35.6126 29.5757 35.6126 29.5757 35.6224 29.5757 35.5675 29.5757 35.6126 29.5757 35.4494 29.5757 35.5675 29.5757 35.2286 29.5757 35.4494 29.5757 34.9195 29.5757 35.2286 29.5757 34.5927 29.5757 34.9195 29.5757 34.3441 29.5757 34.5927 29.5757 34.2522 29.5757 34.3441 29.5757 34.3534 29.5757 34.2611 29.5757 34.5997 29.5757 34.3534 29.5757 34.9237 29.5757 34.5997 29.5757 35.2304 29.5757 34.9237 29.5757 35.4499 29.5757 35.2304 29.5757 35.5675 29.5757 35.4499 29.5757 35.6126 29.5757 35.5675 29.5757 35.6224 29.5757 35.6126 29.5757 35.6127 29.5757 35.6224 29.5757 35.5678 29.5757 35.6127 29.5757 35.4502 29.5757 35.5678 29.5757 35.2307 29.5757 35.4502 29.5757 34.9236 29.5757 35.2307 29.5757 34.5991 29.5757 34.9236 29.5757 34.3522 29.5757 34.5991 29.5757 34.2611 29.5757 34.3522 29.5757 34.3639 29.5757 34.2723 29.5757 34.6078 29.5757 34.3639 29.5757 34.9286 29.5757 34.6078 29.5757 35.2326 29.5757 34.9286 29.5757 35.4506 29.5757 35.2326 29.5757 35.5677 29.5757 35.4506 29.5757 35.6127 29.5757 35.5677 29.5757 35.6224 29.5757 35.6127 29.5757 35.6127 29.5757 35.6224 29.5757 35.5679 29.5757 35.6127 29.5757 35.4509 29.5757 35.5679 29.5757 35.2328 29.5757 35.4509 29.5757 34.9283 29.5757 35.2328 29.5757 34.607 29.5757 34.9283 29.5757 34.3625 29.5757 34.607 29.5757 34.2723 29.5757 34.3625 29.5757 34.377 29.5757 34.2864 29.5757 34.6178 29.5757 34.377 29.5757 34.9343 29.5757 34.6178 29.5757 35.2347 29.5757 34.9343 29.5757 35.451 29.5757 35.2347 29.5757 35.5677 29.5757 35.451 29.5757 35.6127 29.5757 35.5677 29.5757 35.6225 29.5757 35.6127 29.5757 35.6128 29.5757 35.6225 29.5757 35.568 29.5757 35.6128 29.5757 35.4513 29.5757 35.568 29.5757 35.2348 29.5757 35.4513 29.5757 34.9338 29.5757 35.2348 29.5757 34.6166 29.5757 34.9338 29.5757 34.3754 29.5757 34.6166 29.5757 34.2864 29.5757 34.3754 29.5757 34.3934 29.5757 34.3043 29.5757 34.6301 29.5757 34.3934 29.5757 34.941 29.5757 34.6301 29.5757 35.2365 29.5757 34.941 29.5757 35.4509 29.5757 35.2365 29.5757 35.5675 29.5757 35.4509 29.5757 35.6128 29.5757 35.5675 29.5757 35.6226 29.5757 35.6128 29.5757 35.6129 29.5757 35.6226 29.5757 35.5678 29.5757 35.6129 29.5757 35.4511 29.5757 35.5678 29.5757 35.2365 29.5757 35.4511 29.5757 34.9402 29.5757 35.2365 29.5757 34.6286 29.5757 34.9402 29.5757 34.3916 29.5757 34.6286 29.5757 34.3043 29.5757 34.3916 29.5757 34.4142 29.5757 34.3265 29.5757 34.6456 29.5757 34.4142 29.5757 34.9488 29.5757 34.6456 29.5757 35.2379 29.5757 34.9488 29.5757 35.4499 29.5757 35.2379 29.5757 35.5669 29.5757 35.4499 29.5757 35.6129 29.5757 35.5669 29.5757 35.6227 29.5757 35.6129 29.5757 35.613 29.5757 35.6227 29.5757 35.5672 29.5757 35.613 29.5757 35.4501 29.5757 35.5672 29.5757 35.2377 29.5757 35.4501 29.5757 34.9478 29.5757 35.2377 29.5757 34.6437 29.5757 34.9478 29.5757 34.4118 29.5757 34.6437 29.5757 34.3265 29.5757 34.4118 29.5757 34.4404 29.5757 34.3542 29.5757 34.6654 29.5757 34.4404 29.5757 34.9583 29.5757 34.6654 29.5757 35.2382 29.5757 34.9583 29.5757 35.4473 29.5757 35.2382 29.5757 35.5658 29.5757 35.4473 29.5757 35.6131 29.5757 35.5658 29.5757 35.623 29.5757 35.6131 29.5757 35.6132 29.5757 35.623 29.5757 35.5661 29.5757 35.6132 29.5757 35.4476 29.5757 35.5661 29.5757 35.238 29.5757 35.4476 29.5757 34.957 29.5757 35.238 29.5757 34.6627 29.5757 34.957 29.5757 34.4372 29.5757 34.6627 29.5757 34.3542 29.5757 34.4372 29.5757 34.4724 29.5757 34.3875 29.5757 34.69 29.5757 34.4724 29.5757 34.9694 29.5757 34.69 29.5757 35.2367 29.5757 34.9694 29.5757 35.442 29.5757 35.2367 29.5757 35.5636 29.5757 35.442 29.5757 35.6134 29.5757 35.5636 29.5757 35.6235 29.5757 35.6134 29.5757 35.6135 29.5757 35.6235 29.5757 35.5639 29.5757 35.6135 29.5757 35.4422 29.5757 35.5639 29.5757 35.2364 29.5757 35.4422 29.5757 34.9678 29.5757 35.2364 29.5757 34.6864 29.5757 34.9678 29.5757 34.4678 29.5757 34.6864 29.5757 34.3875 29.5757 34.4678 29.5757 34.5066 29.5757 34.4224 29.5757 34.7157 29.5757 34.5066 29.5757 34.9785 29.5757 34.7157 29.5757 35.2301 29.5757 34.9785 29.5757 35.4303 29.5757 35.2301 29.5757 35.5595 29.5757 35.4303 29.5757 35.6138 29.5757 35.5595 29.5757 35.6241 29.5757 35.6138 29.5757 35.6139 29.5757 35.6241 29.5757 35.5599 29.5757 35.6139 29.5757 35.4305 29.5757 35.5599 29.5757 35.2297 29.5757 35.4305 29.5757 34.9767 29.5757 35.2297 29.5757 34.7108 29.5757 34.9767 29.5757 34.4999 29.5757 34.7108 29.5757 34.4224 29.5757 34.4999 29.5757 34.5127 29.5757 34.432 29.5757 34.7097 29.5757 34.5127 29.5757 34.9589 29.5757 34.7097 29.5757 35.2009 29.5757 34.9589 29.5757 35.3982 29.5757 35.2009 29.5757 35.5517 29.5757 35.3982 29.5757 35.6145 29.5757 35.5517 29.5757 35.625 29.5757 35.6145 29.5757 35.6146 29.5757 35.625 29.5757 35.5519 29.5757 35.6146 29.5757 35.3985 29.5757 35.5519 29.5757 35.2005 29.5757 35.3985 29.5757 34.9569 29.5757 35.2005 29.5757 34.7041 29.5757 34.9569 29.5757 34.5042 29.5757 34.7041 29.5757 34.432 29.5757 34.5042 29.5757 34.3206 28.1955 34.3216 29.5757 34.3246 28.1955 34.3206 29.5757 34.3737 28.1955 34.3246 29.5757 34.4747 28.1955 34.3737 29.5757 34.5849 28.1955 34.4747 29.5757 34.489 28.1955 34.5849 29.5757 34.22 28.1955 34.489 29.5757 34.1193 28.1955 34.22 29.5757 34.2387 28.1955 34.1193 29.5757 34.5038 28.1955 34.2387 29.5757 34.5859 28.1955 34.5038 29.5757 34.4735 28.1955 34.5859 29.5757 34.3702 28.1955 34.4735 29.5757 34.3114 28.1955 34.3702 29.5757 34.308 28.1955 34.3114 29.5757 34.3216 28.1955 34.308 28.1955 33.9643 26.8153 33.9599 28.1955 33.9782 26.8153 33.9643 28.1955 34.0362 26.8153 33.9782 28.1955 34.1276 26.8153 34.0362 28.1955 34.1958 26.8153 34.1276 28.1955 34.1115 26.8153 34.1958 28.1955 33.9108 26.8153 34.1115 28.1955 33.8335 26.8153 33.9108 28.1955 33.9308 26.8153 33.8335 28.1955 34.1252 26.8153 33.9308 28.1955 34.1944 26.8153 34.1252 28.1955 34.1264 26.8153 34.1944 28.1955 34.0353 26.8153 34.1264 28.1955 33.9667 26.8153 34.0353 28.1955 33.9505 26.8153 33.9667 28.1955 33.9599 26.8153 33.9505 26.8153 31.1873 25.4351 31.2625 26.8153 31.0695 25.4351 31.1873 26.8153 31.0247 25.4351 31.0695 26.8153 30.9947 25.4351 31.0247 26.8153 30.8736 25.4351 30.9947 26.8153 30.5525 25.4351 30.8736 26.8153 30.0768 25.4351 30.5525 26.8153 29.8246 25.4351 30.0768 26.8153 30.0159 25.4351 29.8246 26.8153 30.4998 25.4351 30.0159 26.8153 30.8619 25.4351 30.4998 26.8153 30.9912 25.4351 30.8619 26.8153 31.0322 25.4351 30.9912 26.8153 31.1164 25.4351 31.0322 26.8153 31.244 25.4351 31.1164 26.8153 31.2625 25.4351 31.244 29.5757 29.5757 29.5757 29.5757 29.5757 29.5757 29.5757 29.5757 29.5757 29.5757 29.5757 29.5757 29.5757 29.5757 29.5757 29.5757 25.4351 25.4351 25.4351 25.4351 25.4351 25.4351 25.4351 25.4351 25.4351 25.4351 25.4351 25.4351 25.4351 25.4351 25.4351 25.4351 
</DataArray>
<DataArray type="Float64" Name="wall variable 0" format="ascii">
0 1 0 1 0 1 0 1 0 1 0 1 0 1 0 1 0 1 0 1 0 1 0 1 0 1 0 1 0 1 0 1 0 1 0 1 0 1 0 1 0 1 0 1 0 1 0 1 0 1 0 1 0 1 0 1 0 1 0 1 0 1 0 1 0 1 0 1 1 0 1 0 1 0 1 0 1 0 1 0 1 0 1 0 1 0 1 0 1 0 1 0 1 0 1 0 1 0 1 0 1 0 1 0 1 0 1 0 1 0 1 0 1 0 1 0 1 0 1 0 1 0 1 0 0 1 0 1 0 1 0 1 0 1 0 1 0 1 0 1 0 1 0 1 0 1 0 1 0 1 0 1 0 1 0 1 0 1 0 1 0 1 0 1 0 1 0 1 0 1 0 1 0 1 0 1 0 1 0 1 0 1 0 1 0 1 0 1 0 1 0 1 0 1 0 1 0 1 0 1 0 1 0 1 0 1 0 1 0 1 0 1 0 1 0 1 0 1 0 1 0 1 0 1 0 1 0 1 0 1 0 1 0 1 0 1 0 1 0 1 0 1 0 1 0 1 0 1 0 1 0 1 0 1 0 1 0 1 0 1 0 1 0 1 0 1 0 1 0 1 0 1 0 1 0 1 0 1 0 1 0 1 0 1 0 1 0 1 0 1 0 1 0 1 0 1 0 1 0 1 0 1 0 1 0 1 0 1 0 1 0 1 0 1 0 1 0 1 0 1 0 1 0 1 0 1 0 1 0 1 0 1 0 1 0 1 0 1 0 1 0 1 0 1 0 1 0 1 0 1 0 1 0 1 0 1 0 1 0 1 0 1 0 1 0 1 0 1 0 1 0 1 0 1 0 1 0 1 0 1 0 1 0 1 0 1 0 1 0 1 0 1 0 1 0 1 0 1 0 1 0 1 0 1 0 1 0 1 0 1 0 1 0 1 0 1 0 1 0 1 0 1 0 1 0 1 0 1 0 1 0 1 0 1 0 1 0 1 0 1 0 1 0 1 0 1 0 1 0 1 0 1 0 1 0 1 0 1 0 1 0 1 0 1 0 1 0 1 0 1 0 1 0 1 0 1 0 1 0 1 0 1 0 1 0 1 0 1 0 1 0 1 0 1 0 1 0 1 0 1 0 1 0 1 0 1 0 1 0 1 0 1 0 1 0 1 0 1 0 1 0 1 0 1 0 1 0 1 0 1 0 1 0 1 0 1 0 1 0 1 0 1 0 1 0 1 0 1 0 1 0 1 0 1 0 1 0 1 0 1 0 1 0 1 0 1 0 1 0 1 0 1 0 1 0 1 0 1 0 1 0 1 0 1 0 1 0 1 0 1 0 1 0 1 0 1 0 1 0 1 0 1 0 1 0 1 0 1 0 1 0 1 0 1 0 1 0 1 0 1 0 1 0 1 0 1 0 1 0 1 0 1 0 1 0 1 0 1 0 1 0 1 0 1 0 1 0 1 0 1 0 1 0 1 0 1 0 1 0 1 0 1 0 1 0 1 0 1 0 1 0 1 0 1 0 1 0 1 0 1 0 1 0 1 0 1 0 1 0 1 0 1 0 1 0 1 0 1 0 1 0 1 0 1 0 1 0 1 0 1 0 1 0 1 0 1 0 1 0 1 0 1 0 1 0 1 0 1 0 1 0 1 0 1 0 1 0 1 0 1 0 1 0 1 0 1 0 1 0 1 0 1 0 1 0 1 0 1 0 1 0 1 0 1 0 1 0 1 0 1 0 1 0 1 0 1 0 1 0 1 0 1 0 1 0 1 0 1 0 1 0 1 0 1 0 1 0 1 0 1 0 1 0 1 0 1 0 1 0 1 0 1 0 1 0 1 0 1 0 1 0 1 0 1 0 1 0 1 0 1 0 1 0 1 0 1 0 1 0 1 0 1 0 1 0 1 0 1 0 1 0 1 0 1 0 1 0 1 0 1 0 1 0 1 0 1 0 1 0 1 0 1 0 1 0 1 0 1 0 1 0 1 0 1 0 1 0 1 0 1 0 1 0 1 0 1 0 1 0 1 0 1 0 1 0 1 0 1 0 1 0 1 0 1 0 1 0 1 0 1 0 1 0 1 0 1 0 1 0 1 0 1 0 1 0 1 0 1 0 1 0 1 0 1 0 1 0 1 0 1 0 1 0 1 0 1 0 1 0 1 0 1 0 1 0 1 0 1 0 1 0 1 0 1 0 1 0 1 0 1 0 1 0 1 0 1 0 1 0 1 0 1 0 1 0 1 0 1 0 1 0 1 0 1 0 1 0 1 0 1 0 1 0 1 0 1 0 1 0 1 0 1 0 1 0 1 0 1 0 1 0 1 0 1 0 1 0 1 0 1 0 1 0 1 0 1 0 1 0 1 0 1 0 1 0 1 0 1 0 1 0 1 0 1 0 1 0 1 0 1 0 1 0 1 0 1 0 1 0 1 0 1 0 1 0 1 0 1 0 1 0 1 0 1 0 1 0 1 0 1 0 1 0 1 0 1 0 1 0 1 0 1 0 1 0 1 0 1 0 1 0 1 0 1 0 1 0 1 0 1 0 1 0 1 0 1 0 1 0 1 0 1 0 1 0 1 0 1 0 1 0 1 0 1 0 1 0 1 0 1 0 1 0 1 0 1 0 1 0 1 0 1 0 1 0 1 0 1 0 1 0 1 0 1 0 1 0 1 0 1 0 1 0 1 0 1 0 1 0 1 0 1 0 1 0 1 0 1 0 1 0 1 0 1 0 1 0 1 0 1 0 1 0 1 0 1 0 1 0 1 0 1 0 1 0 1 0 1 0 1 0 1 0 1 0 1 0 1 0 1 0 1 0 1 0 1 0 1 0 1 0 1 0 1 0 1 0 1 0 1 0 1 0 1 0 1 0 1 0 1 0 1 0 1 0 1 0 1 0 1 0 1 0 1 0 1 0 1 0 1 0 1 0 1 0 1 0 1 0 1 0 1 0 1 0 1 0 1 0 1 0 1 0 1 0 1 0 1 0 1 0 1 0 1 0 1 0 1 0 1 0 1 0 1 0 1 0 1 0 1 0 1 0 1 0 1 0 1 0 1 0 1 0 1 0 1 0 1 0 1 0 1 0 1 0 1 0 1 0 1 0 1 0 1 0 1 0 1 0 1 0 1 0 1 0 1 0 1 0 1 0 1 0 1 0 1 0 1 0 1 0 1 0 1 0 1 0 1 0 1 0 1 0 1 0 1 0 1 0 1 0 1 0 1 0 1 0 1 0 1 0 1 0 1 0 1 0 1 0 1 0 1 0 1 0 1 0 1 0 1 0 1 0 1 0 1 0 1 0 1 0 1 0 1 0 1 0 1 0 1 0 1 0 1 0 1 0 1 0 1 0 1 0 1 0 1 0 1 0 1 0 1 0 1 0 1 0 1 0 1 0 1 0 1 0 1 0 1 0 1 0 1 0 1 0 1 0 1 0 1 0 1 0 1 0 1 0 1 0 1 0 1 0 1 0 1 0 1 0 1 0 1 0 1 0 1 0 1 0 1 0 1 0 1 0 1 0 1 0 1 0 1 0 1 0 1 0 1 0 1 0 1 0 1 0 1 0 1 0 1 0 1 0 1 0 1 0 1 0 1 0 1 0 1 0 1 0 1 0 1 0 1 0 1 0 1 0 1 0 1 0 1 0 1 0 1 0 1 0 1 0 1 0 1 0 1 0 1 0 1 0 1 0 1 0 1 0 1 0 1 0 1 0 1 0 1 0 1 0 1 0 1 0 1 0 1 0 1 0 1 0 1 0 1 0 1 0 1 0 1 0 1 0 1 0 1 0 1 0 1 0 1 0 1 0 1 0 1 0 1 0 1 0 1 0 1 0 1 0 1 0 1 0 1 0 1 0 1 0 1 0 1 0 1 0 1 0 1 0 1 0 1 0 1 0 1 0 1 0 1 0 1 0 1 0 1 0 1 0 1 0 1 0 1 0 1 0 1 0 1 0 1 0 1 0 1 0 1 0 1 0 1 0 1 0 1 0 1 0 1 0 1 0 1 0 1 0 1 0 1 0 1 0 1 0 1 0 1 0 1 0 1 0 1 0 1 0 1 0 1 0 1 0 1 0 1 0 1 0 1 0 1 0 1 0 1 0 1 0 1 0 1 0 1 0 1 0 1 0 1 0 1 0 1 0 1 0 1 0 1 0 1 0 1 0 1 0 1 0 1 0 1 0 1 0 1 0 1 0 1 0 1 0 1 0 1 0 1 0 1 0 1 0 1 0 1 0 1 0 1 0 1 0 1 0 1 0 1 0 1 0 1 0 1 0 1 0 1 0 1 0 1 0 1 0 1 0 1 0 1 0 1 0 1 0 1 0 1 0 1 0 1 0 1 0 1 0 1 0 1 0 1 0 1 0 1 0 1 0 1 0 1 0 1 0 1 0 1 0 1 0 1 0 1 0 1 0 1 0 1 0 1 0 1 0 1 0 1 0 1 0 1 0 1 0 1 0 1 0 1 0 1 0 1 0 1 0 1 0 1 0 1 0 1 0 1 0 1 0 1 0 1 0 1 0 1 0 1 0 1 0 1 0 1 0 1 0 1 0 1 0 1 0 1 0 1 0 1 0 1 0 1 0 1 0 1 0 1 0 0 0 0 0 0 0 0 0 0 0 0 0 0 0 0 0 0 0 0 0 0 0 0 0 0 0 0 0 0 0 0 
</DataArray>
<DataArray type="Float64" Name="wall variable 1" format="ascii">
0 1 0 1 0 1 0 1 0 1 0 1 0 1 0 1 0 1 0 1 0 1 0 1 0 1 0 1 0 1 0 1 0 1 0 1 0 1 0 1 0 1 0 1 0 1 0 1 0 1 0 1 0 1 0 1 0 1 0 1 0 1 0 1 0 1 0 1 1 0 1 0 1 0 1 0 1 0 1 0 1 0 1 0 1 0 1 0 1 0 1 0 1 0 1 0 1 0 1 0 1 0 1 0 1 0 1 0 1 0 1 0 1 0 1 0 1 0 1 0 1 0 1 0 0 1 0 1 0 1 0 1 0 1 0 1 0 1 0 1 0 1 0 1 0 1 0 1 0 1 0 1 0 1 0 1 0 1 0 1 0 1 0 1 0 1 0 1 0 1 0 1 0 1 0 1 0 1 0 1 0 1 0 1 0 1 0 1 0 1 0 1 0 1 0 1 0 1 0 1 0 1 0 1 0 1 0 1 0 1 0 1 0 1 0 1 0 1 0 1 0 1 0 1 0 1 0 1 0 1 0 1 0 1 0 1 0 1 0 1 0 1 0 1 0 1 0 1 0 1 0 1 0 1 0 1 0 1 0 1 0 1 0 1 0 1 0 1 0 1 0 1 0 1 0 1 0 1 0 1 0 1 0 1 0 1 0 1 0 1 0 1 0 1 0 1 0 1 0 1 0 1 0 1 0 1 0 1 0 1 0 1 0 1 0 1 0 1 0 1 0 1 0 1 0 1 0 1 0 1 0 1 0 1 0 1 0 1 0 1 0 1 0 1 0 1 0 1 0 1 0 1 0 1 0 1 0 1 0 1 0 1 0 1 0 1 0 1 0 1 0 1 0 1 0 1 0 1 0 1 0 1 0 1 0 1 0 1 0 1 0 1 0 1 0 1 0 1 0 1 0 1 0 1 0 1 0 1 0 1 0 1 0 1 0 1 0 1 0 1 0 1 0 1 0 1 0 1 0 1 0 1 0 1 0 1 0 1 0 1 0 1 0 1 0 1 0 1 0 1 0 1 0 1 0 1 0 1 0 1 0 1 0 1 0 1 0 1 0 1 0 1 0 1 0 1 0 1 0 1 0 1 0 1 0 1 0 1 0 1 0 1 0 1 0 1 0 1 0 1 0 1 0 1 0 1 0 1 0 1 0 1 0 1 0 1 0 1 0 1 0 1 0 1 0 1 0 1 0 1 0 1 0 1 0 1 0 1 0 1 0 1 0 1 0 1 0 1 0 1 0 1 0 1 0 1 0 1 0 1 0 1 0 1 0 1 0 1 0 1 0 1 0 1 0 1 0 1 0 1 0 1 0 1 0 1 0 1 0 1 0 1 0 1 0 1 0 1 0 1 0 1 0 1 0 1 0 1 0 1 0 1 0 1 0 1 0 1 0 1 0 1 0 1 0 1 0 1 0 1 0 1 0 1 0 1 0 1 0 1 0 1 0 1 0 1 0 1 0 1 0 1 0 1 0 1 0 1 0 1 0 1 0 1 0 1 0 1 0 1 0 1 0 1 0 1 0 1 0 1 0 1 0 1 0 1 0 1 0 1 0 1 0 1 0 1 0 1 0 1 0 1 0 1 0 1 0 1 0 1 0 1 0 1 0 1 0 1 0 1 0 1 0 1 0 1 0 1 0 1 0 1 0 1 0 1 0 1 0 1 0 1 0 1 0 1 0 1 0 1 0 1 0 1 0 1 0 1 0 1 0 1 0 1 0 1 0 1 0 1 0 1 0 1 0 1 0 1 0 1 0 1 0 1 0 1 0 1 0 1 0 1 0 1 0 1 0 1 0 1 0 1 0 1 0 1 0 1 0 1 0 1 0 1 0 1 0 1 0 1 0 1 0 1 0 1 0 1 0 1 0 1 0 1 0 1 0 1 0 1 0 1 0 1 0 1 0 1 0 1 0 1 0 1 0 1 0 1 0 1 0 1 0 1 0 1 0 1 0 1 0 1 0 1 0 1 0 1 0 1 0 1 0 1 0 1 0 1 0 1 0 1 0 1 0 1 0 1 0 1 0 1 0 1 0 1 0 1 0 1 0 1 0 1 0 1 0 1 0 1 0 1 0 1 0 1 0 1 0 1 0 1 0 1 0 1 0 1 0 1 0 1 0 1 0 1 0 1 0 1 0 1 0 1 0 1 0 1 0 1 0 1 0 1 0 1 0 1 0 1 0 1 0 1 0 1 0 1 0 1 0 1 0 1 0 1 0 1 0 1 0 1 0 1 0 1 0 1 0 1 0 1 0 1 0 1 0 1 0 1 0 1 0 1 0 1 0 1 0 1 0 1 0 1 0 1 0 1 0 1 0 1 0 1 0 1 0 1 0 1 0 1 0 1 0 1 0 1 0 1 0 1 0 1 0 1 0 1 0 1 0 1 0 1 0 1 0 1 0 1 0 1 0 1 0 1 0 1 0 1 0 1 0 1 0 1 0 1 0 1 0 1 0 1 0 1 0 1 0 1 0 1 0 1 0 1 0 1 0 1 0 1 0 1 0 1 0 1 0 1 0 1 0 1 0 1 0 1 0 1 0 1 0 1 0 1 0 1 0 1 0 1 0 1 0 1 0 1 0 1 0 1 0 1 0 1 0 1 0 1 0 1 0 1 0 1 0 1 0 1 0 1 0 1 0 1 0 1 0 1 0 1 0 1 0 1 0 1 0 1 0 1 0 1 0 1 0 1 0 1 0 1 0 1 0 1 0 1 0 1 0 1 0 1 0 1 0 1 0 1 0 1 0 1 0 1 0 1 0 1 0 1 0 1 0 1 0 1 0 1 0 1 0 1 0 1 0 1 0 1 0 1 0 1 0 1 0 1 0 1 0 1 0 1 0 1 0 1 0 1 0 1 0 1 0 1 0 1 0 1 0 1 0 1 0 1 0 1 0 1 0 1 0 1 0 1 0 1 0 1 0 1 0 1 0 1 0 1 0 1 0 1 0 1 0 1 0 1 0 1 0 1 0 1 0 1 0 1 0 1 0 1 0 1 0 1 0 1 0 1 0 1 0 1 0 1 0 1 0 1 0 1 0 1 0 1 0 1 0 1 0 1 0 1 0 1 0 1 0 1 0 1 0 1 0 1 0 1 0 1 0 1 0 1 0 1 0 1 0 1 0 1 0 1 0 1 0 1 0 1 0 1 0 1 0 1 0 1 0 1 0 1 0 1 0 1 0 1 0 1 0 1 0 1 0 1 0 1 0 1 0 1 0 1 0 1 0 1 0 1 0 1 0 1 0 1 0 1 0 1 0 1 0 1 0 1 0 1 0 1 0 1 0 1 0 1 0 1 0 1 0 1 0 1 0 1 0 1 0 1 0 1 0 1 0 1 0 1 0 1 0 1 0 1 0 1 0 1 0 1 0 1 0 1 0 1 0 1 0 1 0 1 0 1 0 1 0 1 0 1 0 1 0 1 0 1 0 1 0 1 0 1 0 1 0 1 0 1 0 1 0 1 0 1 0 1 0 1 0 1 0 1 0 1 0 1 0 1 0 1 0 1 0 1 0 1 0 1 0 1 0 1 0 1 0 1 0 1 0 1 0 1 0 1 0 1 0 1 0 1 0 1 0 1 0 1 0 1 0 1 0 1 0 1 0 1 0 1 0 1 0 1 0 1 0 1 0 1 0 1 0 1 0 1 0 1 0 1 0 1 0 1 0 1 0 1 0 1 0 1 0 1 0 1 0 1 0 1 0 1 0 1 0 1 0 1 0 1 0 1 0 1 0 1 0 1 0 1 0 1 0 1 0 1 0 1 0 1 0 1 0 1 0 1 0 1 0 1 0 1 0 1 0 1 0 1 0 1 0 1 0 1 0 1 0 1 0 1 0 1 0 1 0 1 0 1 0 1 0 1 0 1 0 1 0 1 0 1 0 1 0 1 0 1 0 1 0 1 0 1 0 1 0 1 0 1 0 1 0 1 0 1 0 1 0 1 0 1 0 1 0 1 0 1 0 1 0 1 0 1 0 1 0 1 0 1 0 1 0 1 0 1 0 1 0 1 0 1 0 1 0 1 0 1 0 1 0 1 0 1 0 1 0 1 0 1 0 1 0 1 0 1 0 1 0 1 0 1 0 1 0 1 0 1 0 1 0 1 0 1 0 1 0 1 0 1 0 1 0 1 0 1 0 1 0 1 0 1 0 1 0 1 0 1 0 1 0 1 0 1 0 1 0 1 0 1 0 1 0 1 0 1 0 1 0 1 0 1 0 1 0 1 0 1 0 1 0 1 0 1 0 1 0 1 0 1 0 1 0 1 0 1 0 1 0 1 0 1 0 1 0 1 0 1 0 1 0 1 0 1 0 1 0 1 0 1 0 1 0 1 0 1 0 1 0 1 0 1 0 1 0 1 0 1 0 1 0 1 0 1 0 1 0 1 0 1 0 1 0 1 0 1 0 1 0 1 0 1 0 1 0 1 0 1 0 1 0 1 0 1 0 1 0 1 0 1 0 1 0 1 0 1 0 1 0 1 0 1 0 1 0 1 0 1 0 1 0 1 0 1 0 1 0 1 0 1 0 1 0 1 0 1 0 1 0 1 0 1 0 1 0 1 0 1 0 1 0 1 0 1 0 1 0 1 0 1 0 1 0 0 0 0 0 0 0 0 0 0 0 0 0 0 0 0 0 0 0 0 0 0 0 0 0 0 0 0 0 0 0 0 
</DataArray>
<DataArray type="Float64" Name="wall variable 2" format="ascii">
0 35.6354 0 35.6354 0 35.6354 0 35.6354 0 35.6354 0 35.6354 0 35.6354 0 35.6354 0 35.6354 0 35.6354 0 35.6354 0 35.6354 0 35.6354 0 35.6354 0 35.6354 0 35.6354 0 35.6354 0 35.6354 0 35.6354 0 35.6354 0 35.6354 0 35.6354 0 35.6354 0 35.6354 0 35.6354 0 35.6354 0 35.6354 0 35.6354 0 35.6354 0 35.6354 0 35.6354 0 35.6354 0 35.6354 0 35.6354 35.6354 0 35.6354 0 35.6354 0 35.6354 0 35.6354 0 35.6354 0 35.6354 0 35.6354 0 35.6354 0 35.6354 0 35.6354 0 35.6354 0 35.6354 0 35.6354 0 35.6354 0 35.6354 0 35.6354 0 35.6354 0 35.6354 0 35.6354 0 35.6354 0 35.6354 0 35.6354 0 35.6354 0 35.6354 0 35.6354 0 35.6354 0 35.6354 0 0 35.6354 0 35.6354 0 35.6354 0 35.6354 0 35.6354 0 35.6354 0 35.6354 0 35.6354 0 35.6354 0 35.6354 0 35.6354 0 35.6354 0 35.6354 0 35.6354 0 35.6354 0 35.6354 0 35.6354 0 35.6354 0 35.6354 0 35.6354 0 35.6354 0 35.6354 0 35.6354 0 35.6354 0 35.6354 0 35.6354 0 35.6354 0 35.6354 0 35.6354 0 35.6354 0 35.6354 0 35.6354 0 35.6354 0 35.6354 0 35.6354 0 35.6354 0 35.6354 0 35.6354 0 35.6354 0 35.6354 0 35.6354 0 35.6354 0 35.6354 0 35.6354 0 35.6354 0 35.6354 0 35.6354 0 35.6354 0 35.6354 0 35.6354 0 35.6354 0 35.6354 0 35.6354 0 35.6354 0 35.6354 0 35.6354 0 35.6354 0 35.6354 0 35.6354 0 35.6354 0 35.6354 0 35.6354 0 35.6354 0 35.6354 0 35.6354 0 35.6354 0 35.6354 0 35.6354 0 35.6354 0 35.6354 0 35.6354 0 35.6354 0 35.6354 0 35.6354 0 35.6354 0 35.6354 0 35.6354 0 35.6354 0 35.6354 0 35.6354 0 35.6354 0 35.6354 0 35.6354 0 35.6354 0 35.6354 0 35.6354 0 35.6354 0 35.6354 0 35.6354 0 35.6354 0 35.6354 0 35.6354 0 35.6354 0 35.6354 0 35.6354 0 35.6354 0 35.6354 0 35.6354 0 35.6354 0 35.6354 0 35.6354 0 35.6354 0 35.6354 0 35.6354 0 35.6354 0 35.6354 0 35.6354 0 35.6354 0 35.6354 0 35.6354 0 35.6354 0 35.6354 0 35.6354 0 35.6354 0 35.6354 0 35.6354 0 35.6354 0 35.6354 0 35.6354 0 35.6354 0 35.6354 0 35.6354 0 35.6354 0 35.6354 0 35.6354 0 35.6354 0 35.6354 0 35.6354 0 35.6354 0 35.6354 0 35.6354 0 35.6354 0 35.6354 0 35.6354 0 35.6354 0 35.6354 0 35.6354 0 35.6354 0 35.6354 0 35.6354 0 35.6354 0 35.6354 0 35.6354 0 35.6354 0 35.6354 0 35.6354 0 35.6354 0 35.6354 0 35.6354 0 35.6354 0 35.6354 0 35.6354 0 35.6354 0 35.6354 0 35.6354 0 35.6354 0 35.6354 0 35.6354 0 35.6354 0 35.6354 0 35.6354 0 35.6354 0 35.6354 0 35.6354 0 35.6354 0 35.6354 0 35.6354 0 35.6354 0 35.6354 0 35.6354 0 35.6354 0 35.6354 0 35.6354 0 35.6354 0 35.6354 0 35.6354 0 35.6354 0 35.6354 0 35.6354 0 35.6354 0 35.6354 0 35.6354 0 35.6354 0 35.6354 0 35.6354 0 35.6354 0 35.6354 0 35.6354 0 35.6354 0 35.6354 0 35.6354 0 35.6354 0 35.6354 0 35.6354 0 35.6354 0 35.6354 0 35.6354 0 35.6354 0 35.6354 0 35.6354 0 35.6354 0 35.6354 0 35.6354 0 35.6354 0 35.6354 0 35.6354 0 35.6354 0 35.6354 0 35.6354 0 35.6354 0 35.6354 0 35.6354 0 35.6354 0 35.6354 0 35.6354 0 35.6354 0 35.6354 0 35.6354 0 35.6354 0 35.6354 0 35.6354 0 35.6354 0 35.6354 0 35.6354 0 35.6354 0 35.6354 0 35.6354 0 35.6354 0 35.6354 0 35.6354 0 35.6354 0 35.6354 0 35.6354 0 35.6354 0 35.6354 0 35.6354 0 35.6354 0 35.6354 0 35.6354 0 35.6354 0 35.6354 0 35.6354 0 35.6354 0 35.6354 0 35.6354 0 35.6354 0 35.6354 0 35.6354 0 35.6354 0 35.6354 0 35.6354 0 35.6354 0 35.6354 0 35.6354 0 35.6354 0 35.6354 0 35.6354 0 35.6354 0 35.6354 0 35.6354 0 35.6354 0 35.6354 0 35.6354 0 35.6354 0 35.6354 0 35.6354 0 35.6354 0 35.6354 0 35.6354 0 35.6354 0 35.6354 0 35.6354 0 35.6354 0 35.6354 0 35.6354 0 35.6354 0 35.6354 0 35.6354 0 35.6354 0 35.6354 0 35.6354 0 35.6354 0 35.6354 0 35.6354 0 35.6354 0 35.6354 0 35.6354 0 35.6354 0 35.6354 0 35.6354 0 35.6354 0 35.6354 0 35.6354 0 35.6354 0 35.6354 0 35.6354 0 35.6354 0 35.6354 0 35.6354 0 35.6354 0 35.6354 0 35.6354 0 35.6354 0 35.6354 0 35.6354 0 35.6354 0 35.6354 0 35.6354 0 35.6354 0 35.6354 0 35.6354 0 35.6354 0 35.6354 0 35.6354 0 35.6354 0 35.6354 0 35.6354 0 35.6354 0 35.6354 0 35.6354 0 35.6354 0 35.6354 0 35.6354 0 35.6354 0 35.6354 0 35.6354 0 35.6354 0 35.6354 0 35.6354 0 35.6354 0 35.6354 0 35.6354 0 35.6354 0 35.6354 0 35.6354 0 35.6354 0 35.6354 0 35.6354 0 35.6354 0 35.6354 0 35.6354 0 35.6354 0 35.6354 0 35.6354 0 35.6354 0 35.6354 0 35.6354 0 35.6354 0 35.6354 0 35.6354 0 35.6354 0 35.6354 0 35.6354 0 35.6354 0 35.6354 0 35.6354 0 35.6354 0 35.6354 0 35.6354 0 35.6354 0 35.6354 0 35.6354 0 35.6354 0 35.6354 0 35.6354 0 35.6354 0 35.6354 0 35.6354 0 35.6354 0 35.6354 0 35.6354 0 35.6354 0 35.6354 0 35.6354 0 35.6354 0 35.6354 0 35.6354 0 35.6354 0 35.6354 0 35.6354 0 35.6354 0 35.6354 0 35.6354 0 35.6354 0 35.6354 0 35.6354 0 35.6354 0 35.6354 0 35.6354 0 35.6354 0 35.6354 0 35.6354 0 35.6354 0 35.6354 0 35.6354 0 35.6354 0 35.6354 0 35.6354 0 35.6354 0 35.6354 0 35.6354 0 35.6354 0 35.6354 0 35.6354 0 35.6354 0 35.6354 0 35.6354 0 35.6354 0 35.6354 0 35.6354 0 35.6354 0 35.6354 0 35.6354 0 35.6354 0 35.6354 0 35.6354 0 35.6354 0 35.6354 0 35.6354 0 35.6354 0 35.6354 0 35.6354 0 35.6354 0 35.6354 0 35.6354 0 35.6354 0 35.6354 0 35.6354 0 35.6354 0 35.6354 0 35.6354 0 35.6354 0 35.6354 0 35.6354 0 35.6354 0 35.6354 0 35.6354 0 35.6354 0 35.6354 0 35.6354 0 35.6354 0 35.6354 0 35.6354 0 35.6354 0 35.6354 0 35.6354 0 35.6354 0 35.6354 0 35.6354 0 35.6354 0 35.6354 0 35.6354 0 35.6354 0 35.6354 0 35.6354 0 35.6354 0 35.6354 0 35.6354 0 35.6354 0 35.6354 0 35.6354 0 35.6354 0 35.6354 0 35.6354 0 35.6354 0 35.6354 0 35.6354 0 35.6354 0 35.6354 0 35.6354 0 35.6354 0 35.6354 0 35.6354 0 35.6354 0 35.6354 0 35.6354 0 35.6354 0 35.6354 0 35.6354 0 35.6354 0 35.6354 0 35.6354 0 35.6354 0 35.6354 0 35.6354 0 35.6354 0 35.6354 0 35.6354 0 35.6354 0 35.6354 0 35.6354 0 35.6354 0 35.6354 0 35.6354 0 35.6354 0 35.6354 0 35.6354 0 35.6354 0 35.6354 0 35.6354 0 35.6354 0 35.6354 0 35.6354 0 35.6354 0 35.6354 0 35.6354 0 35.6354 0 35.6354 0 35.6354 0 35.6354 0 35.6354 0 35.6354 0 35.6354 0 35.6354 0 35.6354 0 35.6354 0 35.6354 0 35.6354 0 35.6354 0 35.6354 0 35.6354 0 35.6354 0 35.6354 0 35.6354 0 35.6354 0 35.6354 0 35.6354 0 35.6354 0 35.6354 0 35.6354 0 35.6354 0 35.6354 0 35.6354 0 35.6354 0 35.6354 0 35.6354 0 35.6354 0 35.6354 0 35.6354 0 35.6354 0 35.6354 0 35.6354 0 35.6354 0 35.6354 0 35.6354 0 35.6354 0 35.6354 0 35.6354 0 35.6354 0 35.6354 0 35.6354 0 35.6354 0 35.6354 0 35.6354 0 35.6354 0 35.6354 0 35.6354 0 35.6354 0 35.6354 0 35.6354 0 35.6354 0 35.6354 0 35.6354 0 35.6354 0 35.6354 0 35.6354 0 35.6354 0 35.6354 0 35.6354 0 35.6354 0 35.6354 0 35.6354 0 35.6354 0 35.6354 0 35.6354 0 35.6354 0 35.6354 0 35.6354 0 35.6354 0 35.6354 0 35.6354 0 35.6354 0 35.6354 0 35.6354 0 35.6354 0 35.6354 0 35.6354 0 35.6354 0 35.6354 0 35.6354 0 35.6354 0 35.6354 0 35.6354 0 35.6354 0 35.6354 0 35.6354 0 35.6354 0 35.6354 0 35.6354 0 35.6354 0 35.6354 0 35.6354 0 35.6354 0 35.6354 0 35.6354 0 35.6354 0 35.6354 0 35.6354 0 35.6354 0 35.6354 0 35.6354 0 35.6354 0 35.6354 0 35.6354 0 35.6354 0 35.6354 0 35.6354 0 35.6354 0 35.6354 0 35.6354 0 35.6354 0 35.6354 0 35.6354 0 35.6354 0 35.6354 0 35.6354 0 35.6354 0 35.6354 0 35.6354 0 35.6354 0 35.6354 0 35.6354 0 35.6354 0 35.6354 0 35.6354 0 35.6354 0 35.6354 0 35.6354 0 35.6354 0 35.6354 0 35.6354 0 35.6354 0 35.6354 0 35.6354 0 35.6354 0 35.6354 0 35.6354 0 35.6354 0 35.6354 0 35.6354 0 35.6354 0 35.6354 0 35.6354 0 35.6354 0 35.6354 0 35.6354 0 35.6354 0 35.6354 0 35.6354 0 35.6354 0 35.6354 0 35.6354 0 35.6354 0 35.6354 0 35.6354 0 35.6354 0 35.6354 0 35.6354 0 35.6354 0 35.6354 0 35.6354 0 35.6354 0 35.6354 0 35.6354 0 35.6354 0 35.6354 0 35.6354 0 35.6354 0 35.6354 0 35.6354 0 35.6354 0 35.6354 0 35.6354 0 35.6354 0 35.6354 0 35.6354 0 35.6354 0 35.6354 0 35.6354 0 35.6354 0 35.6354 0 35.6354 0 35.6354 0 35.6354 0 35.6354 0 35.6354 0 35.6354 0 35.6354 0 35.6354 0 35.6354 0 35.6354 0 35.6354 0 35.6354 0 35.6354 0 35.6354 0 35.6354 0 35.6354 0 35.6354 0 35.6354 0 35.6354 0 35.6354 0 35.6354 0 35.6354 0 35.6354 0 35.6354 0 35.6354 0 35.6354 0 35.6354 0 35.6354 0 35.6354 0 35.6354 0 35.6354 0 35.6354 0 35.6354 0 35.6354 0 35.6354 0 35.6354 0 35.6354 0 35.6354 0 35.6354 0 35.6354 0 35.6354 0 35.6354 0 35.6354 0 35.6354 0 35.6354 0 35.6354 0 35.6354 0 35.6354 0 35.6354 0 35.6354 0 35.6354 0 35.6354 0 35.6354 0 35.6354 0 35.6354 0 35.6354 0 35.6354 0 35.6354 0 35.6354 0 35.6354 0 35.6354 0 35.6354 0 35.6354 0 35.6354 0 35.6354 0 35.6354 0 35.6354 0 35.6354 0 35.6354 0 35.6354 0 35.6354 0 35.6354 0 35.6354 0 35.6354 0 35.6354 0 35.6354 0 35.6354 0 35.6354 0 35.6354 0 35.6354 0 35.6354 0 35.6354 0 35.6354 0 35.6354 0 35.6354 0 35.6354 0 35.6354 0 35.6354 0 35.6354 0 35.6354 0 35.6354 0 35.6354 0 35.6354 0 35.6354 0 35.6354 0 35.6354 0 35.6354 0 35.6354 0 35.6354 0 35.6354 0 35.6354 0 35.6354 0 35.6354 0 35.6354 0 35.6354 0 35.6354 0 35.6354 0 35.6354 0 35.6354 0 35.6354 0 35.6354 0 35.6354 0 35.6354 0 35.6354 0 35.6354 0 35.6354 0 35.6354 0 35.6354 0 35.6354 0 35.6354 0 35.6354 0 35.6354 0 35.6354 0 35.6354 0 35.6354 0 35.6354 0 35.6354 0 35.6354 0 35.6354 0 35.6354 0 35.6354 0 35.6354 0 35.6354 0 35.6354 0 35.6354 0 35.6354 0 35.6354 0 35.6354 0 35.6354 0 35.6354 0 35.6354 0 35.6354 0 35.6354 0 35.6354 0 35.6354 0 35.6354 0 35.6354 0 35.6354 0 35.6354 0 35.6354 0 35.6354 0 35.6354 0 35.6354 0 35.6354 0 35.6354 0 35.6354 0 35.6354 0 35.6354 0 35.6354 0 35.6354 0 35.6354 0 35.6354 0 35.6354 0 35.6354 0 35.6354 0 35.6354 0 35.6354 0 35.6354 0 35.6354 0 35.6354 0 35.6354 0 35.6354 0 35.6354 0 35.6354 0 35.6354 0 35.6354 0 35.6354 0 35.6354 0 35.6354 0 35.6354 0 35.6354 0 35.6354 0 35.6354 0 35.6354 0 35.6354 0 35.6354 0 35.6354 0 35.6354 0 35.6354 0 35.6354 0 35.6354 0 35.6354 0 35.6354 0 35.6354 0 35.6354 0 35.6354 0 35.6354 0 35.6354 0 35.6354 0 35.6354 0 35.6354 0 35.6354 0 35.6354 0 35.6354 0 35.6354 0 35.6354 0 35.6354 0 35.6354 0 35.6354 0 35.6354 0 35.6354 0 35.6354 0 35.6354 0 35.6354 0 35.6354 0 35.6354 0 35.6354 0 35.6354 0 35.6354 0 35.6354 0 35.6354 0 35.6354 0 35.6354 0 35.6354 0 35.6354 0 35.6354 0 35.6354 0 35.6354 0 35.6354 0 35.6354 0 35.6354 0 35.6354 0 35.6354 0 35.6354 0 35.6354 0 35.6354 0 35.6354 0 35.6354 0 35.6354 0 35.6354 0 35.6354 0 35.6354 0 35.6354 0 35.6354 0 35.6354 0 35.6354 0 35.6354 0 35.6354 0 35.6354 0 35.6354 0 35.6354 0 35.6354 0 35.6354 0 35.6354 0 35.6354 0 35.6354 0 35.6354 0 35.6354 0 35.6354 0 35.6354 0 35.6354 0 35.6354 0 35.6354 0 35.6354 0 35.6354 0 35.6354 0 35.6354 0 35.6354 0 35.6354 0 35.6354 0 35.6354 0 0 0 0 0 0 0 0 0 0 0 0 0 0 0 0 0 0 0 0 0 0 0 0 0 0 0 0 0 0 0 0 
</DataArray>
</CellData>
</Piece>
</UnstructuredGrid>
</VTKFile>
