<VTKFile type="UnstructuredGrid" version="0.1">
<UnstructuredGrid>
<Piece  NumberOfPoints="    2608" NumberOfCells="    2080">
<Points>
<DataArray type="Float64" NumberOfComponents="3" format="ascii">
-163.855 797.197 -0.0366812 
-160.94 802.05 28.5654 
-152.546 815.852 52.8367 
-139.832 836.463 69.0627 
-124.692 860.707 74.7504 
-109.452 884.878 69.033 
-96.5216 905.346 52.8143 
-87.9181 919.06 28.5717 
-84.9062 923.888 -0.0308057 
-87.9164 919.058 -28.6342 
-96.5278 905.352 -52.8813 
-109.458 884.883 -69.1015 
-124.697 860.711 -74.82 
-139.837 836.466 -69.1342 
-152.533 815.848 -52.9047 
-160.921 802.046 -28.6362 
-143.333 777.23 -0.0216033 
-140.149 782.49 30.8926 
-131.068 797.452 57.0721 
-117.353 819.742 74.5529 
-101.004 845.911 80.694 
-84.5482 872.012 74.557 
-70.558 894.139 57.0674 
-61.2391 908.992 30.8777 
-57.9836 914.227 -0.0395066 
-61.2259 908.994 -30.9583 
-70.5485 894.149 -57.14 
-84.5526 872.027 -74.6276 
-101.006 845.924 -80.7717 
-117.349 819.753 -74.6384 
-131.073 797.476 -57.1522 
-140.165 782.509 -30.943 
-116.385 758.31 -0.0194042 
-113.148 763.711 31.5742 
-103.894 779.031 58.323 
-89.888 801.815 76.1828 
-73.1658 828.542 82.4624 
-56.3025 855.184 76.207 
-41.9889 877.771 58.3478 
-32.5596 893.007 31.5677 
-29.306 898.38 -0.050354 
-32.5604 893.006 -31.6595 
-41.9857 877.787 -58.4161 
-56.3023 855.205 -76.2802 
-73.1628 828.562 -82.541 
-89.8833 801.833 -76.2656 
-103.896 779.051 -58.4076 
-113.162 763.717 -31.6253 
-88.2492 740.306 -0.0206101 
-85.0468 745.773 31.7296 
-75.8436 761.241 58.6042 
-61.8203 784.185 76.5333 
-44.9801 811.025 82.811 
-27.9358 837.716 76.4946 
-13.4532 860.326 58.5495 
-4.16967 875.785 31.6832 
-1.01166 881.29 -0.0530067 
-4.18288 875.792 -31.7817 
-13.4595 860.349 -58.6246 
-27.9361 837.739 -76.5732 
-44.9757 811.046 -82.893 
-61.8128 784.202 -76.6187 
-75.8369 761.254 -58.694 
-85.0549 745.768 -31.785 
-61.0458 722.633 -0.0235276 
-57.6414 727.992 31.7782 
-47.8806 743.158 58.6904 
-33.0964 765.688 76.6227 
-15.4404 792.065 82.865 
2.36418 818.302 76.5043 
17.4924 840.542 58.5472 
27.4818 855.589 31.668 
30.9284 860.954 -0.0566915 
27.4663 855.598 -31.7741 
17.4851 840.568 -58.6271 
2.3644 818.325 -76.5872 
-15.4349 792.085 -82.9515 
-33.0868 765.704 -76.7138 
-47.8675 743.165 -58.7876 
-57.6408 727.978 -31.8406 
-34.4792 704.263 -0.0253468 
-30.8767 709.496 31.7816 
-20.5734 724.311 58.694 
-5.042 746.345 76.6227 
13.4282 772.168 82.8615 
32.0122 797.866 76.5002 
47.8154 819.633 58.5418 
58.3864 834.297 31.6686 
62.0681 839.502 -0.061556 
58.3692 834.305 -31.7815 
47.8085 819.66 -58.6226 
32.0133 797.89 -76.5847 
13.4353 772.189 -82.9509 
-5.02965 746.36 -76.7184 
-20.5556 724.315 -58.7971 
-30.8718 709.478 -31.8483 
-8.58357 685.109 -0.0261943 
-4.79307 690.21 31.7816 
6.03037 704.651 58.6926 
22.2987 726.144 76.6212 
41.5912 751.355 82.8631 
60.9724 776.452 76.5031 
77.4597 797.695 58.5411 
88.5453 811.976 31.6685 
92.4306 817.028 -0.0655794 
88.5275 811.983 -31.7867 
77.4538 797.722 -58.6227 
60.9747 776.476 -76.5887 
41.6002 751.374 -82.9543 
22.3137 726.157 -76.7199 
6.0515 704.651 -58.7996 
-4.78622 690.188 -31.8508 
16.6069 665.154 -0.0260731 
20.5774 670.116 31.7823 
31.9033 684.164 58.6933 
48.8971 705.081 76.624 
69.0138 729.632 82.8692 
89.1993 754.08 76.5088 
106.368 774.764 58.5425 
117.934 788.654 31.6679 
122.002 793.558 -0.0685534 
117.916 788.662 -31.79 
106.364 774.791 -58.6247 
89.2029 754.104 -76.5949 
69.0249 729.65 -82.9614 
48.9148 705.091 -76.7243 
31.927 684.16 -58.8023 
20.585 670.092 -31.852 
41.0622 644.398 -0.0251394 
45.2064 649.216 31.7836 
57.0197 662.852 58.6949 
74.7259 683.162 76.6277 
95.6606 707.013 82.8753 
116.647 730.77 76.514 
134.491 750.864 58.5443 
146.516 764.352 31.6672 
150.753 769.11 -0.0706085 
146.498 764.359 -31.7918 
134.488 750.891 -58.6263 
116.653 730.792 -76.5998 
95.6735 707.03 -82.9675 
74.7457 683.17 -76.7283 
57.0451 662.846 -58.8045 
45.214 649.189 -31.8522 
64.7549 622.851 -0.0235815 
69.0674 627.519 31.7853 
81.3537 640.725 58.6965 
99.7566 660.401 76.6304 
121.497 683.514 82.8794 
143.275 706.541 76.5172 
161.782 726.017 58.5455 
174.253 739.089 31.6665 
178.65 743.697 -0.0719116 
174.235 739.096 -31.7925 
161.78 726.044 -58.6266 
143.282 706.562 -76.602 
121.511 683.529 -82.9706 
99.7781 660.406 -76.7302 
81.3802 640.717 -58.8055 
69.0744 627.49 -31.8516 
87.6588 600.527 -0.0214895 
92.1348 605.037 31.7873 
104.879 617.799 58.6981 
123.959 636.814 76.6324 
146.487 659.153 82.8821 
169.042 681.415 76.5191 
188.199 700.245 58.5464 
201.104 712.884 31.6661 
205.655 717.34 -0.0725586 
201.087 712.89 -31.7925 
188.199 700.271 -58.6258 
169.05 681.435 -76.6021 
146.504 659.166 -82.9714 
123.982 636.817 -76.7304 
104.906 617.788 -58.8053 
92.1408 605.007 -31.8502 
109.75 577.441 -0.0189831 
114.384 581.788 31.7893 
127.573 594.087 58.6995 
147.311 612.412 76.634 
170.606 633.948 82.8838 
193.915 655.413 76.5205 
213.705 673.571 58.5474 
227.032 685.762 31.6661 
231.73 690.06 -0.0726641 
227.015 685.768 -31.7919 
213.707 673.596 -58.6243 
193.925 655.432 -76.6008 
170.624 633.959 -82.9705 
147.335 612.413 -76.7293 
127.601 594.073 -58.8041 
114.389 581.756 -31.8481 
131.005 553.613 -0.0161257 
135.792 557.791 31.7916 
149.412 569.609 58.7007 
169.787 587.221 76.6347 
193.822 607.923 82.8844 
217.862 628.562 76.5211 
238.265 646.025 58.5481 
251.999 657.752 31.6664 
256.841 661.887 -0.0722966 
251.982 657.758 -31.7907 
238.268 646.049 -58.622 
217.874 628.579 -76.5981 
193.841 607.932 -82.9677 
169.811 587.22 -76.7266 
149.439 569.594 -58.802 
135.796 557.758 -31.8455 
151.401 529.067 -0.0129815 
156.336 533.07 31.7942 
170.37 544.392 58.7019 
191.357 561.266 76.6352 
216.106 581.106 82.8847 
240.851 600.892 76.5215 
261.844 617.636 58.5491 
275.972 628.884 31.6671 
280.952 632.851 -0.0715225 
275.956 628.889 -31.7892 
261.849 617.659 -58.6192 
240.864 600.907 -76.5946 
216.126 581.113 -82.964 
191.383 561.263 -76.7231 
170.397 544.375 -58.7993 
156.338 533.037 -31.8425 
170.917 503.827 -0.0095933 
175.993 507.65 31.797 
190.424 518.46 58.7034 
211.998 534.574 76.6357 
237.431 553.526 82.885 
262.853 572.432 76.5219 
284.412 588.436 58.5503 
298.919 599.191 31.6682 
304.03 602.985 -0.0703915 
298.903 599.196 -31.7873 
284.419 588.458 -58.616 
262.866 572.446 -76.5905 
237.452 553.531 -82.9596 
212.024 534.569 -76.719 
190.451 518.442 -58.7962 
175.993 507.616 -31.8393 
189.53 477.918 -0.00598844 
194.742 481.556 31.8001 
209.551 491.84 58.7051 
231.685 507.174 76.6365 
257.772 525.213 82.8854 
283.839 543.216 76.5226 
305.941 558.46 58.5518 
320.809 568.708 31.6696 
326.047 572.325 -0.0689354 
320.793 568.713 -31.7852 
305.948 558.481 -58.6126 
283.854 543.228 -76.5861 
257.793 525.217 -82.9549 
231.711 507.167 -76.7145 
209.577 491.821 -58.7927 
194.74 481.521 -31.8359 
207.222 451.368 -0.00219751 
212.562 454.816 31.8033 
227.731 464.562 58.7071 
250.397 479.095 76.6375 
277.104 496.2 82.8862 
303.784 513.277 76.5236 
326.402 527.743 58.5536 
341.614 537.473 31.6713 
346.973 540.909 -0.0671717 
341.598 537.478 -31.7829 
326.411 527.763 -58.6091 
303.8 513.288 -76.5817 
277.126 496.202 -82.9501 
250.423 479.087 -76.7099 
227.756 464.541 -58.789 
212.558 454.781 -31.8322 
223.974 424.205 0.00171066 
229.435 427.458 31.8067 
244.944 436.652 58.7092 
268.113 450.368 76.6389 
295.406 466.519 82.8873 
322.667 482.652 76.525 
345.772 496.324 58.5558 
361.31 505.525 31.6735 
366.783 508.775 -0.0651333 
361.294 505.529 -31.7804 
345.782 496.342 -58.6055 
322.684 482.661 -76.5772 
295.428 466.52 -82.9452 
268.138 450.359 -76.7053 
244.968 436.63 -58.7852 
229.429 427.423 -31.8284 
239.769 396.458 0.00567177 
245.344 399.512 31.8101 
261.172 408.144 58.7116 
284.814 421.026 76.6404 
312.659 436.205 82.8886 
340.466 451.376 76.5267 
364.029 464.241 58.5583 
379.873 472.904 31.6759 
385.454 475.966 -0.0628665 
379.858 472.908 -31.7778 
364.041 464.258 -58.6019 
340.483 451.384 -76.5726 
312.682 436.205 -82.9402 
284.84 421.016 -76.7005 
261.196 408.121 -58.7813 
245.336 399.478 -31.8245 
254.59 368.16 0.00965198 
260.272 371.01 31.8136 
276.4 379.068 58.7138 
300.484 391.103 76.6418 
328.844 405.295 82.8898 
357.161 419.489 76.5282 
381.153 431.534 58.5608 
397.285 439.652 31.6785 
402.966 442.522 -0.0604234 
397.27 439.655 -31.7751 
381.167 431.55 -58.5981 
357.18 419.496 -76.5678 
328.867 405.293 -82.9349 
300.509 391.092 -76.6954 
276.422 379.046 -58.7772 
260.262 370.977 -31.8206 
268.424 339.34 0.0136097 
274.206 341.984 31.817 
290.612 349.46 58.7159 
315.107 360.635 76.6428 
343.946 373.825 82.8905 
372.737 387.03 76.5294 
397.128 398.246 58.5632 
413.527 405.812 31.6812 
419.302 408.489 -0.0578583 
413.513 405.814 -31.7722 
397.143 398.26 -58.594 
372.756 387.036 -76.5625 
343.969 373.822 -82.9291 
315.131 360.623 -76.6899 
290.633 349.438 -58.7727 
274.194 341.952 -31.8165 
281.258 310.032 0.017497 
287.132 312.466 31.8203 
303.795 319.352 58.7177 
328.669 329.655 76.6432 
357.95 341.833 82.8903 
387.179 354.04 76.53 
411.938 364.418 58.5654 
428.584 371.427 31.6839 
434.447 373.908 -0.0552185 
428.571 371.429 -31.7692 
411.954 364.431 -58.5896 
387.199 354.044 -76.5565 
357.974 341.829 -82.9223 
328.693 329.644 -76.6837 
303.815 319.331 -58.7679 
287.118 312.436 -31.8124 
293.08 280.268 0.021267 
299.039 282.489 31.8233 
315.938 288.777 58.719 
341.16 298.2 76.6424 
370.845 309.357 82.8886 
400.474 320.558 76.5293 
425.572 330.094 58.567 
442.445 336.541 31.6865 
448.388 338.825 -0.0525528 
442.432 336.542 -31.766 
425.589 330.104 -58.5848 
400.495 320.561 -76.5493 
370.869 309.353 -82.9141 
341.184 298.189 -76.6764 
315.957 288.758 -58.7627 
299.023 282.461 -31.8083 
303.883 250.08 0.0248707 
309.918 252.084 31.8259 
327.032 257.769 58.7193 
352.57 266.305 76.6399 
382.621 276.435 82.8845 
412.614 286.627 76.5265 
438.019 295.317 58.5675 
455.101 301.2 31.6887 
461.118 303.283 -0.0499092 
455.089 301.2 -31.7625 
438.038 295.326 -58.5789 
412.636 286.629 -76.5403 
382.646 276.431 -82.9037 
352.593 266.295 -76.6674 
327.05 257.752 -58.7566 
309.901 252.06 -31.804 
313.658 219.498 0.028255 
319.763 221.284 31.8281 
337.071 226.359 58.7185 
362.892 234.003 76.6352 
393.272 243.106 82.8772 
423.59 252.29 76.5207 
449.274 260.133 58.5664 
466.546 265.447 31.6902 
472.631 267.324 -0.0473429 
466.534 265.445 -31.7585 
449.295 260.139 -58.5718 
423.613 252.29 -76.5285 
393.297 243.102 -82.8903 
362.916 233.995 -76.6565 
337.088 226.345 -58.7497 
319.745 221.264 -31.7996 
322.403 188.556 0.0313679 
328.57 190.119 31.8295 
346.05 194.578 58.7166 
372.123 201.327 76.6282 
402.793 209.407 82.8661 
433.398 217.59 76.5111 
459.33 224.588 58.5631 
476.775 229.325 31.6906 
482.923 230.989 -0.0449356 
476.764 229.321 -31.7536 
459.353 224.591 -58.5628 
433.423 217.588 -76.5135 
402.819 209.403 -82.8736 
372.147 201.321 -76.6436 
346.067 194.568 -58.7418 
328.551 190.104 -31.7948 
330.121 157.286 0.0341832 
336.341 158.62 31.8296 
353.969 162.454 58.7131 
380.261 168.307 76.6189 
411.181 175.375 82.8506 
442.033 182.572 76.4956 
468.183 188.731 58.5554 
485.783 192.878 31.6882 
491.991 194.313 -0.0428313 
485.774 192.871 -31.7467 
468.21 188.73 -58.5506 
442.061 182.568 -76.4935 
411.209 175.372 -82.8531 
380.286 168.304 -76.6287 
353.987 162.45 -58.7325 
336.321 158.612 -31.7891 
336.828 125.725 0.0367416 
343.09 126.821 31.8233 
360.839 130.015 58.6995 
387.308 134.973 76.5975 
418.431 141.049 82.821 
449.483 147.285 76.4642 
475.814 152.616 58.5347 
493.549 156.141 31.6778 
499.816 157.323 -0.0412827 
493.544 156.129 -31.7333 
475.845 152.609 -58.5273 
449.515 147.28 -76.4593 
418.462 141.047 -82.8198 
387.336 134.974 -76.6023 
360.86 130.019 -58.713 
343.072 126.823 -31.7771 
342.604 93.9356 0.0389464 
348.891 94.7776 31.7753 
366.711 97.3107 58.6098 
393.28 101.372 76.4823 
424.519 106.477 82.6995 
455.69 111.783 76.3519 
482.133 116.304 58.4509 
499.975 119.135 31.6349 
506.295 120.028 -0.0404353 
499.976 119.118 -31.6896 
482.171 116.292 -58.4448 
455.726 111.776 -76.3465 
424.555 106.476 -82.6961 
393.313 101.379 -76.4829 
366.737 97.3273 -58.6167 
348.877 94.7949 -31.7234 
347.888 62.093 0.0384103 
354.143 62.6774 31.4748 
371.877 64.5448 58.0588 
398.308 67.6916 75.7846 
429.394 71.797 81.9926 
460.428 76.1608 75.7455 
486.74 79.8939 57.9949 
504.557 81.8262 31.4121 
510.848 82.3774 -0.0379726 
504.569 81.8013 -31.4676 
486.784 79.8748 -57.9943 
460.468 76.1509 -75.7411 
429.432 71.797 -81.9892 
398.344 67.7043 -75.7835 
371.911 64.5733 -58.0572 
354.14 62.7142 -31.4197 
355.68 31.0911 0.033387 
361.645 31.717 30.0251 
378.544 33.6572 55.3881 
403.74 36.7502 72.31 
433.399 40.6012 78.263 
463.04 44.5938 72.343 
488.177 48.0021 55.4198 
505.066 50.077 29.9943 
510.992 50.7128 -0.0329513 
505.07 50.0187 -30.0386 
488.216 47.9517 -55.4128 
463.075 44.58 -72.3386 
433.433 40.6028 -78.2615 
403.771 36.7696 -72.3121 
378.567 33.7158 -55.3945 
361.631 31.7803 -29.9809 
364.752 1.29391 0.0210383 
370.321 1.9201 28.0353 
386.097 3.83969 51.7296 
409.641 6.78541 67.5207 
437.351 10.3345 73.044 
465.03 13.9362 67.4776 
488.488 17.0516 51.6738 
504.215 19.0731 27.9665 
509.733 19.7044 -0.0180802 
504.212 18.9824 -27.986 
488.511 16.9778 -51.6602 
465.049 13.9277 -67.4754 
437.37 10.3353 -73.0432 
409.658 6.79929 -67.5226 
386.101 3.9154 -51.7421 
370.294 2.00855 -28.0122 
376.193 -23.2524 0 
381.107 -22.5618 24.9464 
395.105 -20.6072 46.0912 
416.086 -17.7958 60.1698 
440.794 -14.5175 65.0496 
465.443 -11.2599 60.0222 
486.291 -8.50965 45.8888 
500.195 -6.67694 24.8167 
505.072 -6.03425 0.00025109 
500.195 -6.67712 -24.8162 
486.29 -8.51007 -45.8886 
465.443 -11.2604 -60.0221 
440.794 -14.518 -65.0494 
416.086 -17.7961 -60.1696 
395.105 -20.6073 -46.0912 
381.107 -22.5618 -24.9464 
-162.656 796.432 1.45325
-160.032 800.8 27.1951
-141.321 783.195 29.2896
-144.186 778.461 1.46682
-159.442 801.772 29.9458
-151.888 814.194 51.79
-132.558 797.634 55.6018
-140.731 784.168 32.0403
-150.79 815.987 53.8956
-139.347 834.536 68.499
-119.116 819.488 73.4402
-131.459 799.427 57.7074
-137.898 836.872 69.6385
-124.272 858.692 74.7575
-102.953 845.375 80.1067
-117.667 821.823 74.5798
-122.691 861.211 74.7568
-108.975 882.965 69.6111
-86.5617 871.385 74.5828
-101.372 847.894 80.106
-107.509 885.288 68.4711
-95.871 903.709 53.8744
-72.5038 893.623 57.7021
-85.0949 873.709 73.4428
-94.7489 905.49 51.7694
-87.0058 917.831 29.951
-62.9947 908.77 32.0264
-71.3817 895.403 55.5971
-86.4007 918.798 27.2003
-83.6899 923.143 1.45796
-59.4595 914.448 1.45013
-62.3895 909.737 29.2756
-83.6896 923.143 -1.52066
-86.3988 918.796 -27.2638
-62.3773 909.739 -29.3554
-59.4592 914.448 -1.52849
-87.0039 917.83 -30.0144
-94.7542 905.495 -51.8367
-71.3727 895.412 -55.6695
-62.9825 908.773 -32.106
-95.8767 903.716 -53.9415
-107.514 885.294 -68.5397
-85.099 873.723 -73.5131
-72.4953 893.633 -57.7743
-108.981 882.97 -69.68
-122.696 861.215 -74.8267
-101.374 847.907 -80.1832
-86.5662 871.399 -74.6534
-124.277 858.696 -74.8278
-137.903 836.876 -69.7105
-117.664 821.833 -74.6643
-102.955 845.388 -80.1843
-139.352 834.541 -68.5713
-150.778 815.984 -53.9647
-131.464 799.45 -57.7875
-119.112 819.499 -73.5251
-151.876 814.191 -51.8581
-159.425 801.769 -30.0164
-140.745 784.186 -32.0925
-132.562 797.656 -55.6809
-160.015 800.796 -27.2642
-162.656 796.432 -1.52466
-144.186 778.461 -1.51109
-141.335 783.213 -29.3403
-141.818 776.545 1.54093
-138.952 781.279 29.3638
-114.651 764.379 29.9771
-117.565 759.518 1.54291
-130.16 795.769 55.8112
-105.704 779.19 56.937
-114.032 765.402 32.8631
-138.334 782.303 32.2497
-116.665 817.714 73.7512
-91.9471 801.58 75.218
-104.552 781.074 59.1442
-129.009 797.653 58.0184
-100.432 843.716 80.4724
-75.377 828.084 82.064
-90.427 804.029 76.4123
-115.145 820.164 74.9454
-83.9611 869.849 74.9496
-58.54 854.703 76.4346
-73.7169 830.725 82.0645
-98.7718 846.357 80.4729
-69.8296 892.199 58.0153
-44.1174 877.468 59.1677
-56.9997 857.139 75.2409
-82.4207 872.285 73.756
-60.2665 907.435 32.2378
-34.4549 893.049 32.8588
-42.9413 879.337 56.961
-68.6535 894.068 55.8086
-56.7046 913.164 1.52434
-30.8949 898.903 1.51458
-33.823 894.067 29.9708
-59.6346 908.453 29.3498
-59.6225 908.455 -29.431
-33.8235 894.066 -30.0622
-30.8946 898.903 -1.6139
-56.7044 913.165 -1.60414
-68.6445 894.078 -55.8817
-42.938 879.352 -57.0302
-34.4552 893.049 -32.9493
-60.2542 907.438 -32.3182
-82.4246 872.299 -73.8266
-56.9993 857.159 -75.314
-44.1144 877.484 -59.2363
-69.8209 892.209 -58.0878
-98.7729 846.371 -80.5504
-73.7143 830.745 -82.1427
-58.5399 854.723 -76.508
-83.9652 869.863 -75.0206
-115.142 820.175 -75.0305
-90.4225 804.047 -76.495
-75.3741 828.103 -82.1428
-100.433 843.729 -80.5505
-129.014 797.676 -58.0988
-104.554 781.094 -59.2287
-91.9428 801.597 -75.3009
-116.662 817.725 -73.8364
-138.349 782.321 -32.3016
-114.046 765.409 -32.9158
-105.706 779.209 -57.0198
-130.166 795.792 -55.89
-138.968 781.297 -29.4137
-141.819 776.546 -1.58451
-117.566 759.518 -1.58253
-114.665 764.384 -30.0278
-114.816 757.681 1.56335
-111.902 762.542 29.9976
-86.6112 746.397 30.1374
-89.4934 741.476 1.56227
-111.28 763.582 32.9213
-102.951 777.37 56.9952
-77.7063 761.359 57.2484
-85.9892 747.438 33.0612
-101.789 779.283 59.2313
-89.184 799.789 75.3051
-63.923 783.922 75.6206
-76.5441 763.272 59.4844
-87.6436 802.272 76.5143
-72.5936 826.326 82.166
-47.2265 810.561 82.4798
-62.3827 786.405 76.8299
-70.9064 829 82.1653
-55.7295 852.978 76.5354
-30.1994 837.257 76.7942
-45.5392 813.235 82.479
-54.1621 855.441 75.3254
-41.2798 875.769 59.2521
-15.5977 860.069 59.4337
-28.632 839.72 75.5842
-40.0937 877.664 57.0192
-31.6073 891.376 32.9171
-6.05638 875.877 33.021
-14.4116 861.964 57.2007
-30.9786 892.417 29.9914
-28.0504 897.252 1.53519
-2.58546 881.872 1.5328
-5.42767 876.917 30.0954
-28.0507 897.253 -1.63558
-30.9796 892.416 -30.0838
-5.43987 876.923 -30.1938
-2.58578 881.872 -1.63796
-31.6084 891.376 -33.0081
-40.0913 877.68 -57.089
-14.4176 861.985 -57.2766
-6.0687 875.884 -33.1181
-41.2771 875.786 -59.321
-54.162 855.461 -75.3987
-28.6325 839.742 -75.6624
-15.6035 860.091 -59.5086
-55.7291 852.998 -76.609
-70.9036 829.02 -82.2438
-45.5351 813.255 -82.5606
-30.1995 837.279 -76.8728
-72.5905 826.346 -82.2449
-87.6389 802.29 -76.5971
-62.3755 786.422 -76.9149
-47.222 810.581 -82.5617
-89.1794 799.806 -75.3882
-101.791 779.303 -59.316
-76.5376 763.285 -59.5737
-63.916 783.939 -75.7059
-102.954 777.389 -57.0784
-111.294 763.588 -32.9743
-85.9969 747.434 -33.1181
-77.7006 761.371 -57.3362
-111.916 762.546 -30.0484
-114.816 757.681 -1.60308
-89.4939 741.476 -1.60416
-86.619 746.393 -30.1922
-86.723 739.693 1.57084
-83.8409 744.614 30.146
-59.176 728.61 30.1898
-62.2399 723.787 1.56821
-83.1996 745.653 33.0832
-74.9167 759.574 57.2704
-49.75 743.299 57.3479
-58.5348 729.65 33.127
-73.72 761.481 59.5109
-61.099 782.13 75.6471
-35.2476 765.483 75.7275
-48.5533 745.206 59.5885
-59.5151 784.6 76.853
-44.3589 808.756 82.5029
-17.7732 791.691 82.5515
-33.6637 767.952 76.9334
-42.6257 811.409 82.4947
-27.2859 835.431 76.8099
-0.0158472 817.957 76.8187
-16.0399 794.344 82.5433
-25.676 837.873 75.5927
-12.6417 858.222 59.4421
15.2094 840.416 59.44
1.59397 820.399 75.6014
-11.421 860.104 57.1979
-3.06579 874.017 33.0182
25.4205 855.841 33.0045
16.4301 842.299 57.1958
-2.42167 875.048 30.0923
0.420546 880.002 1.52972
29.1666 861.7 1.52641
26.0646 856.871 30.0786
0.419837 880.003 -1.6357
-2.43426 875.054 -30.1915
26.05 856.879 -30.1847
29.1659 861.7 -1.63902
-3.07877 874.025 -33.1158
-11.4277 860.126 -57.2744
16.4224 842.323 -57.2767
25.4055 855.85 -33.109
-12.6477 858.245 -59.5176
-25.6767 837.895 -75.6714
1.59381 820.423 -75.6839
15.2024 840.441 -59.5198
-27.2859 835.453 -76.889
-42.6215 811.429 -82.5767
-16.0347 794.365 -82.6294
-0.0154079 817.981 -76.9015
-44.3543 808.776 -82.5853
-59.5078 784.617 -76.9384
-33.6543 767.968 -77.024
-17.7676 791.712 -82.638
-61.0915 782.147 -75.733
-73.7131 761.493 -59.6008
-48.5406 745.214 -59.6851
-35.238 765.499 -75.8186
-74.9103 759.586 -57.3588
-83.2066 745.649 -33.1407
-58.5339 729.638 -33.1907
-49.7379 743.306 -57.443
-83.8483 744.609 -30.2012
-86.7232 739.692 -1.61324
-62.2401 723.787 -1.61586
-59.1756 728.598 -30.2512
-59.5419 721.979 1.56947
-56.478 726.802 30.1911
-32.3897 710.157 30.1941
-35.632 705.446 1.56784
-55.7991 727.82 33.1307
-47.0143 741.469 57.3516
-22.4378 724.508 57.3549
-31.7108 711.174 33.1337
-45.7521 743.337 59.5932
-32.4464 763.614 75.7323
-7.19739 746.206 75.7323
-21.1757 726.375 59.5964
-30.7838 766.035 76.937
-14.8934 789.774 82.5551
11.0883 771.868 82.552
-5.53485 748.627 76.9371
-13.0808 792.377 82.5446
2.94328 815.991 76.8199
29.6265 797.599 76.8163
12.9009 774.471 82.5414
4.62451 818.387 75.6008
18.2399 838.403 59.4394
45.5307 819.585 59.4345
31.3077 799.995 75.5972
19.5252 840.243 57.1964
28.5156 853.785 33.0051
56.3297 834.622 33.0057
46.8159 821.425 57.1915
29.2056 854.789 30.0784
32.3076 859.618 1.52622
60.3333 840.311 1.52184
57.0198 835.626 30.079
32.3068 859.618 -1.63964
29.1909 854.797 -30.1853
57.0035 835.634 -30.192
60.3325 840.312 -1.64401
28.5004 853.795 -33.1101
19.5173 840.268 -57.2778
46.8084 821.451 -57.2738
56.3131 834.632 -33.1168
18.233 838.429 -59.5195
4.62439 818.41 -75.6836
31.3084 800.019 -75.6814
45.5241 819.612 -59.5155
2.94382 816.014 -76.9031
-13.0755 792.398 -82.631
12.9076 774.491 -82.6304
29.6278 797.622 -76.9009
-14.8876 789.795 -82.642
-30.7743 766.051 -77.028
-5.52288 748.642 -77.0322
11.0956 771.888 -82.6415
-32.4364 763.63 -75.8239
-45.739 743.345 -59.6904
-21.1584 726.379 -59.6989
-7.18498 746.22 -75.828
-47.0016 741.476 -57.4474
-55.7976 727.807 -33.195
-31.7054 711.157 -33.202
-22.4209 724.51 -57.4559
-56.4773 726.789 -30.2529
-59.5417 721.979 -1.61757
-35.6318 705.446 -1.61921
-32.3851 710.139 -30.2599
-32.9993 703.564 1.5678
-29.757 708.274 30.194
-6.28173 690.916 30.1941
-9.69318 686.325 1.56704
-29.0417 709.267 33.1338
-19.7688 722.6 57.355
4.1746 704.906 57.3537
-5.56649 691.909 33.1338
-18.4427 724.424 59.5966
-4.46446 744.254 75.7325
20.1421 726.073 75.7311
5.50066 706.73 59.5953
-2.72369 746.621 76.9371
13.8995 769.862 82.552
39.2462 751.129 82.5534
21.8829 728.44 76.9357
15.7924 772.407 82.5413
32.518 795.535 76.8161
58.5822 776.262 76.8187
41.1391 753.674 82.5426
34.2725 797.877 75.5967
48.4954 817.468 59.4341
75.1752 797.723 59.4335
60.3367 778.605 75.5993
49.8416 819.263 57.1919
59.3554 832.46 33.0061
86.4984 812.371 33.006
76.5214 799.519 57.1913
60.0839 833.438 30.0791
63.3974 838.123 1.52196
90.7237 817.896 1.51834
87.2269 813.348 30.079
63.3965 838.123 -1.64489
60.0676 833.445 -30.1928
87.21 813.356 -30.1975
90.7228 817.896 -1.64852
59.3387 832.47 -33.1175
49.8341 819.289 -57.2745
76.5149 799.545 -57.2746
86.4812 812.38 -33.1222
48.4889 817.494 -59.5152
34.2732 797.901 -75.6811
60.3385 778.629 -75.6846
75.1697 797.75 -59.5153
32.5195 795.559 -76.9009
15.7993 772.428 -82.6304
41.1477 753.694 -82.6335
58.5848 776.286 -76.9044
13.907 769.882 -82.6418
-2.7115 746.635 -77.0325
21.8975 728.453 -77.0339
39.2554 751.149 -82.6449
-4.45171 744.268 -75.8286
-18.4251 724.428 -59.6995
5.52133 706.73 -59.7017
20.1573 726.085 -75.83
-19.7515 722.603 -57.4564
-29.036 709.249 -33.2025
-5.55903 691.889 -33.2047
4.19492 704.905 -57.4587
-29.7523 708.256 -30.2601
-32.999 703.563 -1.61944
-9.69288 686.324 -1.6202
-6.27526 690.896 -30.2623
-7.12967 684.363 1.56701
-3.71822 688.954 30.1941
19.1152 670.87 30.1947
15.5418 666.403 1.56712
-2.96811 689.921 33.1338
6.77298 702.918 57.3537
30.0587 684.479 57.3543
19.8654 671.837 33.1345
8.16138 704.694 59.5955
22.8029 724.038 75.7312
46.7414 705.081 75.7336
31.4471 686.256 59.5961
24.6216 726.345 76.936
41.9849 749.034 82.5537
66.6652 729.484 82.5592
48.5601 707.388 76.9385
43.959 751.517 82.543
61.4021 774.104 76.819
86.8062 753.97 76.8241
68.6393 731.966 82.5484
63.2305 776.388 75.5994
78.069 795.507 59.4336
104.087 774.869 59.4349
88.6347 756.254 75.6046
79.4739 797.256 57.1915
89.4509 810.108 33.0062
115.901 789.119 33.0056
105.492 776.618 57.1928
90.2139 811.059 30.079
93.7107 815.606 1.51837
120.325 794.483 1.51569
116.664 790.07 30.0785
93.7098 815.606 -1.64913
90.197 811.066 -30.1981
116.647 790.077 -30.2011
120.324 794.484 -1.65181
89.4338 810.117 -33.1227
79.4675 797.282 -57.2751
105.486 776.644 -57.2768
115.883 789.127 -33.1256
78.0637 795.534 -59.5155
63.2325 776.412 -75.6848
88.6379 756.277 -75.6904
104.083 774.896 -59.5172
61.4048 774.128 -76.9049
43.9677 751.536 -82.634
68.6499 731.985 -82.6403
86.8102 753.993 -76.9105
41.9942 749.053 -82.6454
24.6364 726.358 -77.0344
48.5774 707.399 -77.0383
66.6765 729.502 -82.6517
22.8183 724.05 -75.8304
8.18234 704.695 -59.7021
31.4703 686.253 -59.7045
46.7593 705.091 -75.8343
6.79351 702.917 -57.4589
-2.96044 689.9 -33.2049
19.8737 671.813 -33.206
30.0814 684.475 -57.4613
-3.71168 688.933 -30.2624
-7.1293 684.362 -1.62027
15.5422 666.402 -1.62016
19.1224 670.847 -30.2635
18.0329 664.361 1.56719
21.6064 668.827 30.1948
43.7725 650.017 30.1959
40.0427 645.681 1.56803
22.3902 669.767 33.1346
32.5835 682.409 57.3544
55.1883 663.229 57.3559
44.5563 650.957 33.1357
34.0328 684.136 59.5964
49.3272 702.962 75.7339
72.5731 683.235 75.7373
56.6376 664.955 59.5978
51.223 705.205 76.939
69.3281 727.301 82.5597
93.3102 706.944 82.5652
74.469 685.478 76.9423
71.3834 729.716 82.549
89.5503 751.719 76.8247
114.254 730.74 76.8293
95.3656 709.359 82.5545
91.4526 753.941 75.6048
106.905 772.556 59.4352
132.215 751.046 59.4368
116.156 732.961 75.6095
108.367 774.256 57.1929
118.776 786.758 33.0057
144.5 764.886 33.0051
133.677 752.747 57.1946
119.571 787.681 30.0784
123.232 792.095 1.51566
149.108 770.091 1.51381
145.295 765.809 30.0778
123.231 792.095 -1.65219
119.554 787.688 -30.2014
145.278 765.816 -30.2032
149.107 770.091 -1.65404
118.759 786.766 -33.1259
108.362 774.283 -57.2771
133.673 752.773 -57.2786
144.483 764.894 -33.1276
106.901 772.583 -59.5175
91.456 753.964 -75.6907
116.161 732.984 -75.6951
132.212 751.073 -59.519
89.5545 751.742 -76.911
71.3942 729.734 -82.6408
95.378 709.376 -82.6463
114.259 730.762 -76.9154
69.3396 727.319 -82.6523
51.2406 705.215 -77.0389
74.4883 685.486 -77.0425
93.3234 706.96 -82.6578
49.3453 702.971 -75.8347
34.0562 684.133 -59.7049
56.6626 664.95 -59.7069
72.5931 683.242 -75.8383
32.6064 682.405 -57.4615
22.3986 669.743 -33.2062
44.5647 650.931 -33.2064
55.2127 663.222 -57.4634
21.6136 668.804 -30.2635
18.0333 664.36 -1.62015
40.0431 645.68 -1.61931
43.7797 649.992 -30.2637
42.4587 643.558 1.56816
46.1884 647.895 30.1961
67.6633 628.367 30.1976
63.7821 624.166 1.56956
47.0049 648.806 33.1359
57.6369 661.078 57.356
79.5374 641.164 57.3575
68.4798 629.278 33.1374
59.1456 662.752 59.5981
75.0811 681.032 75.7376
97.6088 660.547 75.74
81.0462 642.839 59.5996
77.053 683.208 76.9428
95.8942 704.674 82.5657
119.147 683.524 82.5694
99.5806 662.723 76.9452
98.03 707.017 82.5549
116.918 728.398 76.8297
140.883 706.592 76.8326
121.282 685.868 82.5586
118.894 730.554 75.6097
134.952 748.639 59.437
159.514 726.277 59.4381
142.858 708.748 75.6126
136.47 750.289 57.1946
147.293 762.428 33.0052
172.256 739.691 33.0045
161.032 727.926 57.1957
148.119 763.324 30.0778
151.932 767.605 1.51375
177.04 744.734 1.51258
173.082 740.587 30.0771
151.932 767.606 -1.65425
148.102 763.33 -30.2034
173.065 740.593 -30.204
177.039 744.734 -1.65542
147.276 762.436 -33.1277
136.467 750.315 -57.2787
161.03 727.952 -57.279
172.239 739.699 -33.1284
134.95 748.666 -59.5191
118.898 730.577 -75.6953
142.864 708.77 -75.6972
159.513 726.303 -59.5194
116.924 728.42 -76.9158
98.0426 707.034 -82.6467
121.297 685.883 -82.6496
140.89 706.613 -76.9178
95.9076 704.69 -82.6582
77.0725 683.216 -77.0429
99.6017 662.729 -77.0446
119.162 683.539 -82.661
75.1013 681.039 -75.8386
59.1708 662.747 -59.7072
81.0724 642.831 -59.7081
97.6304 660.551 -75.8403
57.6614 661.07 -57.4635
47.0134 648.78 -33.2065
68.4878 629.25 -33.2059
79.563 641.154 -57.4644
46.1956 647.869 -30.2636
42.459 643.557 -1.61923
63.7824 624.165 -1.61783
67.67 628.339 -30.2631
66.1202 621.965 1.56976
70.0014 626.165 30.1978
90.7621 605.932 30.1995
86.7337 601.873 1.57164
70.8496 627.047 33.1376
81.9072 638.933 57.3577
103.08 618.3 57.3591
91.6102 606.814 33.1393
83.4737 640.553 59.5998
100.036 658.261 75.7403
121.818 637.033 75.7421
104.646 619.92 59.6012
102.083 660.367 76.9456
121.649 681.169 82.5697
144.14 659.245 82.5721
123.864 639.139 76.9474
123.863 683.437 82.5589
143.464 704.162 76.8328
166.654 681.549 76.8346
146.355 661.513 82.5613
145.511 706.249 75.6127
162.167 723.777 59.4382
185.943 700.582 59.439
168.701 683.636 75.6144
163.74 725.374 57.1957
174.964 737.139 33.0045
199.13 713.554 33.0042
187.515 702.179 57.1965
175.819 738.006 30.0771
179.777 742.153 1.51253
204.081 718.431 1.51195
199.986 714.421 30.0767
179.776 742.153 -1.65551
175.803 738.012 -30.2041
199.969 714.427 -30.204
204.08 718.432 -1.65609
174.947 737.146 -33.1283
163.738 725.4 -57.279
187.515 702.204 -57.2783
199.114 713.562 -33.1283
162.166 723.804 -59.5194
145.517 706.27 -75.6972
168.709 683.656 -75.6973
185.943 700.608 -59.5187
143.471 704.183 -76.9179
123.878 683.452 -82.6497
146.371 661.526 -82.6504
166.663 681.568 -76.918
121.664 681.183 -82.6612
102.104 660.373 -77.0448
123.887 639.142 -77.045
144.157 659.257 -82.6619
100.058 658.266 -75.8404
83.5001 640.545 -59.7082
104.673 619.91 -59.7081
121.841 637.035 -75.8406
81.9328 638.923 -57.4644
70.8576 627.019 -33.2059
91.6174 606.784 -33.2046
103.106 618.288 -57.4643
70.0081 626.138 -30.2629
66.1205 621.964 -1.6177
86.734 601.871 -1.61581
90.7679 605.903 -30.2617
88.9915 599.594 1.57186
93.0199 603.654 30.1997
113.044 582.729 30.2016
108.873 578.817 1.57412
93.8987 604.504 33.1395
105.368 615.99 57.3593
125.793 594.649 57.3605
113.923 583.58 33.1414
106.991 617.554 59.6014
124.163 634.667 75.7423
145.18 612.705 75.7437
127.416 596.212 59.6026
126.281 636.7 76.9476
146.557 656.805 82.5723
168.264 634.12 82.5738
147.299 614.738 76.949
148.849 658.995 82.5615
169.148 679.031 76.8348
191.534 655.629 76.836
170.556 636.31 82.563
171.266 681.046 75.6145
188.507 697.993 59.4391
211.463 673.987 59.4399
193.652 657.644 75.6157
190.133 699.535 57.1965
201.748 710.91 33.0042
225.082 686.5 33.0042
213.088 675.529 57.1973
202.632 711.747 30.0767
206.728 715.757 1.51192
230.196 691.206 1.51183
225.967 687.337 30.0767
206.727 715.758 -1.6561
202.616 711.753 -30.204
225.951 687.343 -30.2035
230.195 691.206 -1.65619
201.731 710.917 -33.1282
190.132 699.56 -57.2782
213.089 675.553 -57.2769
225.066 686.507 -33.1277
188.508 698.018 -59.5186
171.274 681.067 -75.6972
193.661 657.663 -75.6961
211.465 674.011 -59.5172
169.157 679.051 -76.9179
148.865 659.009 -82.6503
170.573 636.321 -82.6494
191.545 655.647 -76.9168
146.574 656.818 -82.6619
126.304 636.703 -77.045
147.322 614.74 -77.044
168.282 634.131 -82.661
124.186 634.669 -75.8406
107.018 617.544 -59.708
127.443 596.2 -59.7069
145.204 612.706 -75.8396
105.394 615.978 -57.4642
93.9059 604.475 -33.2046
113.929 583.549 -33.2026
125.82 594.635 -57.4631
93.0256 603.625 -30.2615
88.9918 599.593 -1.61562
108.874 578.815 -1.61336
113.049 582.699 -30.2595
111.048 576.463 1.57437
115.219 580.375 30.2018
134.487 558.778 30.2039
130.178 555.018 1.57695
116.128 581.194 33.1416
127.998 592.263 57.3607
147.653 570.233 57.3618
135.395 559.597 33.1437
129.675 593.768 59.6028
147.44 610.261 75.7438
167.667 587.589 75.7445
149.33 571.738 59.6038
149.628 612.217 76.9491
170.594 631.599 82.574
191.488 608.177 82.5745
169.856 589.545 76.9497
172.96 633.708 82.5631
193.939 653.027 76.8361
215.491 628.861 76.8366
193.855 610.285 82.5637
196.124 654.967 75.6158
213.935 671.31 59.44
236.038 646.518 59.4407
217.677 630.801 75.6163
215.613 672.795 57.1974
227.607 683.766 33.0042
250.077 658.557 33.0045
237.716 648.003 57.1981
228.519 684.573 30.0767
232.748 688.441 1.51184
255.347 663.085 1.51217
250.99 659.364 30.077
232.747 688.441 -1.65614
228.503 684.579 -30.2035
250.974 659.369 -30.2024
255.346 663.086 -1.65581
227.591 683.773 -33.1275
215.614 672.819 -57.2767
237.719 648.026 -57.2746
250.061 658.564 -33.1264
213.937 671.334 -59.517
196.134 654.986 -75.6958
217.688 630.819 -75.6934
236.042 646.542 -59.5149
193.949 653.045 -76.9166
172.978 633.719 -82.6492
193.873 610.295 -82.6468
215.503 628.878 -76.9141
170.612 631.61 -82.6609
149.652 612.219 -77.0438
169.88 589.545 -77.0414
191.507 608.186 -82.6584
147.464 610.261 -75.8394
129.703 593.755 -59.7068
149.357 571.724 -59.7049
167.692 587.587 -75.837
128.025 592.248 -57.4629
116.134 581.163 -33.2025
135.4 559.565 -33.2001
147.679 570.217 -57.461
115.224 580.345 -30.2593
111.049 576.461 -1.61311
130.178 555.016 -1.61054
134.49 558.747 -30.2569
132.268 552.591 1.57723
136.577 556.351 30.2042
155.066 534.102 30.2065
150.625 530.499 1.58006
137.514 557.137 33.1439
149.772 567.773 57.362
168.634 545.077 57.3632
156.004 534.888 33.1462
151.501 569.217 59.604
169.839 585.067 75.7446
189.252 561.708 75.745
170.364 546.521 59.6051
172.095 586.945 76.9498
193.727 605.577 82.5746
213.783 581.442 82.5749
191.509 563.586 76.9503
196.166 607.601 82.5637
217.802 626.176 76.8366
238.492 601.273 76.837
216.222 583.466 82.564
220.054 628.04 75.6164
238.416 643.756 59.4407
259.637 618.206 59.4416
240.744 603.136 75.6167
240.143 645.182 57.1981
252.504 655.737 33.0046
274.08 629.755 33.0052
261.365 619.632 57.199
253.444 656.511 30.0771
257.801 660.233 1.51221
279.501 634.101 1.51291
275.02 630.53 30.0777
257.8 660.233 -1.6557
253.428 656.517 -30.2023
275.004 630.535 -30.2009
279.5 634.101 -1.65501
252.489 655.743 -33.1262
240.146 645.206 -57.2744
261.369 619.654 -57.2718
274.065 629.762 -33.1248
238.42 643.78 -59.5146
220.065 628.057 -75.6931
240.756 603.152 -75.6899
259.643 618.229 -59.512
217.814 626.193 -76.9138
196.185 607.61 -82.6464
216.241 583.473 -82.6431
238.505 601.288 -76.9106
193.746 605.585 -82.6581
172.119 586.944 -77.0411
191.534 563.583 -77.0379
213.803 581.449 -82.6547
169.864 585.065 -75.8368
151.529 569.202 -59.7046
170.391 546.505 -59.7022
189.278 561.704 -75.8336
149.798 567.757 -57.4607
137.519 557.104 -33.1999
156.007 534.855 -33.1972
168.66 545.06 -57.4583
136.58 556.32 -30.2567
132.268 552.589 -1.61026
150.625 530.498 -1.60743
155.068 534.07 -30.254
152.628 528.001 1.58036
157.069 531.604 30.2068
174.76 508.726 30.2094
170.192 505.285 1.58341
158.034 532.355 33.1464
170.665 542.545 57.3634
188.713 519.206 57.3647
175.725 509.477 33.149
172.444 543.926 59.6052
191.333 559.113 75.7451
209.91 535.09 75.7456
190.493 520.587 59.6066
193.654 560.909 76.9503
215.929 578.765 82.5749
235.121 553.943 82.5751
212.231 536.887 76.9508
218.437 580.702 82.564
240.707 598.509 76.837
260.509 572.895 76.8374
237.63 555.88 82.5642
243.022 600.293 75.6168
261.916 615.363 59.4416
282.227 589.083 59.4427
262.823 574.679 75.6172
263.692 616.728 57.199
276.407 626.851 33.0053
297.059 600.128 33.0062
284.003 590.448 57.2001
277.372 627.593 30.0778
281.854 631.164 1.513
302.625 604.285 1.51401
298.024 600.87 30.0787
281.853 631.164 -1.65487
277.357 627.599 -30.2008
298.009 600.875 -30.1991
302.624 604.285 -1.65385
276.392 626.858 -33.1246
263.696 616.751 -57.2716
284.008 590.47 -57.2687
297.044 600.134 -33.1229
261.921 615.385 -59.5117
243.035 600.309 -75.6895
262.837 574.694 -75.6858
282.234 589.105 -59.5088
240.721 598.524 -76.9102
218.457 580.71 -82.6427
237.65 555.886 -82.6387
260.523 572.909 -76.9065
215.949 578.772 -82.6543
193.68 560.907 -77.0375
212.257 536.882 -77.0338
235.142 553.948 -82.6504
191.358 559.109 -75.8333
172.472 543.91 -59.7018
190.52 520.57 -59.699
209.936 535.084 -75.8296
170.691 542.527 -57.458
158.037 532.322 -33.1969
175.727 509.444 -33.1941
188.739 519.187 -57.4552
157.071 531.572 -30.2537
152.628 527.999 -1.60711
170.192 505.283 -1.60406
174.76 508.693 -30.2508
172.105 502.718 1.58373
176.674 506.159 30.2097
193.548 482.675 30.2124
188.857 479.401 1.58698
177.665 506.875 33.1492
190.653 516.604 57.365
207.867 492.647 57.3665
194.539 483.391 33.1519
192.481 517.921 59.6067
211.898 532.424 75.7457
229.616 507.763 75.7464
209.695 493.963 59.6082
214.281 534.137 76.9508
237.171 551.193 82.5752
255.478 525.712 82.5756
232 509.476 76.9515
239.746 553.041 82.5642
262.625 570.056 76.8375
281.513 543.761 76.8381
258.053 527.559 82.5646
265.001 571.758 75.6173
284.405 586.161 59.4428
303.78 559.183 59.4441
283.888 545.463 75.6179
286.226 587.465 57.2002
299.282 597.144 33.0063
318.983 569.71 33.0076
305.602 560.486 57.2016
300.272 597.852 30.0788
304.873 601.267 1.51414
324.688 573.673 1.51545
319.973 570.418 30.0801
304.872 601.268 -1.65369
300.257 597.857 -30.1989
319.958 570.423 -30.1971
324.687 573.674 -1.65237
299.267 597.15 -33.1227
286.232 587.486 -57.2684
305.608 560.506 -57.2654
318.968 569.715 -33.1208
284.412 586.183 -59.5084
265.014 571.772 -75.6855
283.903 545.476 -75.6816
303.788 559.203 -59.5054
262.639 570.069 -76.9061
239.767 553.046 -82.6383
258.074 527.564 -82.6341
281.528 543.774 -76.9022
237.192 551.198 -82.65
214.307 534.132 -77.0334
232.026 509.47 -77.0294
255.499 525.715 -82.6457
211.924 532.418 -75.8292
192.508 517.903 -59.6987
209.721 493.944 -59.6956
229.642 507.756 -75.8252
190.678 516.585 -57.4549
177.666 506.842 -33.1938
194.538 483.357 -33.1907
207.892 492.626 -57.4518
176.674 506.126 -30.2505
172.105 502.717 -1.60372
188.857 479.399 -1.60048
193.546 482.642 -30.2474
190.679 476.768 1.58732
195.369 480.042 30.2128
211.408 455.976 30.2157
206.602 452.873 1.59073
196.386 480.722 33.1522
209.714 489.978 57.3667
226.076 465.427 57.3685
212.424 456.656 33.1551
211.588 491.229 59.6083
231.509 505.029 75.7465
248.35 479.758 75.7475
227.95 466.678 59.6101
233.952 506.656 76.9516
257.43 522.892 82.5756
274.828 496.78 82.5764
250.792 481.385 76.9525
260.068 524.647 82.5647
283.528 540.849 76.8382
301.479 513.904 76.8391
277.467 498.535 82.5654
285.962 542.466 75.618
305.853 556.186 59.4443
324.268 528.541 59.4459
303.913 515.522 75.6189
307.719 557.426 57.2017
321.1 566.649 33.0078
339.825 538.538 33.0094
326.134 529.781 57.2034
322.114 567.323 30.0803
326.829 570.578 1.51561
345.662 542.304 1.51719
340.839 539.212 30.0819
326.828 570.579 -1.65218
322.099 567.328 -30.1969
340.824 539.216 -30.1948
345.661 542.304 -1.6506
321.086 566.655 -33.1205
307.726 557.446 -57.2651
326.142 529.8 -57.2619
339.811 538.543 -33.1184
305.862 556.207 -59.505
285.976 542.479 -75.6812
303.928 515.533 -75.6771
324.278 528.561 -59.5018
283.543 540.861 -76.9017
260.089 524.651 -82.6336
277.488 498.538 -82.6293
301.495 513.915 -76.8977
257.451 522.895 -82.6453
233.978 506.65 -77.029
250.818 481.377 -77.0248
274.851 496.781 -82.6409
231.535 505.021 -75.8248
211.614 491.21 -59.6952
227.975 466.658 -59.6919
248.375 479.749 -75.8207
209.739 489.958 -57.4515
196.385 480.688 -33.1903
212.422 456.622 -33.187
226.1 465.406 -57.4481
195.367 480.009 -30.247
190.679 476.767 -1.60012
206.602 452.871 -1.5967
211.404 455.943 -30.2437
208.33 450.178 1.59109
213.136 453.281 30.216
228.322 428.658 30.2191
223.407 425.731 1.59461
214.176 453.924 33.1553
227.828 462.695 57.3687
243.32 437.577 57.3707
229.362 429.302 33.1584
229.746 463.878 59.6102
250.145 476.958 75.7476
266.09 451.104 75.7488
245.237 438.759 59.6122
252.644 478.497 76.9526
276.68 493.892 82.5765
293.152 467.179 82.5775
268.588 452.643 76.9538
279.378 495.553 82.5655
303.391 510.922 76.8392
320.385 483.359 76.8405
295.851 468.84 82.5665
305.879 512.454 75.6191
326.235 525.474 59.4461
343.668 497.196 59.4481
322.874 484.891 75.6204
328.142 526.648 57.2036
341.833 535.405 33.0096
359.559 506.651 33.0115
345.575 498.37 57.2056
342.87 536.043 30.0821
347.693 539.135 1.51739
365.522 510.215 1.51923
360.596 507.29 30.084
347.692 539.135 -1.65038
342.855 536.048 -30.1946
360.581 507.294 -30.1923
365.521 510.215 -1.64855
341.819 535.41 -33.1181
328.15 526.667 -57.2617
345.585 498.388 -57.2584
359.545 506.656 -33.1159
326.245 525.493 -59.5014
305.895 512.465 -75.6768
322.89 484.901 -75.6727
343.679 497.214 -59.4982
303.407 510.933 -76.8973
279.4 495.556 -82.6288
295.873 468.842 -82.6244
320.402 483.369 -76.8932
276.702 493.893 -82.6405
252.67 478.489 -77.0243
268.614 452.634 -77.0202
293.175 467.179 -82.6361
250.171 476.949 -75.8202
229.771 463.857 -59.6914
245.262 438.738 -59.688
266.115 451.094 -75.8161
227.852 462.673 -57.4478
214.174 453.89 -33.1866
229.358 429.267 -33.1832
243.343 437.554 -57.4443
213.132 453.248 -30.2433
208.33 450.176 -1.59632
223.407 425.729 -1.59281
228.316 428.625 -30.2399
225.04 422.975 1.59498
229.955 425.903 30.2194
244.273 400.752 30.2226
239.255 398.004 1.59854
231.018 426.508 33.1586
244.976 434.783 57.371
259.581 409.126 57.3731
245.336 401.357 33.1618
246.934 435.897 59.6124
267.786 448.241 75.749
282.817 421.833 75.7504
261.54 410.239 59.6145
270.338 449.691 76.954
294.902 464.227 82.5776
310.429 436.944 82.5787
285.369 423.283 76.9553
297.657 465.793 82.5667
322.192 480.312 76.8406
338.21 452.164 76.8421
313.184 438.51 82.5678
324.732 481.756 75.6206
345.526 494.061 59.4483
361.957 465.186 59.4505
340.75 453.608 75.6221
347.473 495.168 57.2058
361.457 503.449 33.0117
378.164 474.09 33.0139
363.904 466.293 57.2081
362.514 504.052 30.0842
367.44 506.977 1.51946
384.244 477.448 1.5215
379.222 474.693 30.0864
367.44 506.977 -1.64832
362.5 504.056 -30.1921
379.208 474.697 -30.1898
384.244 477.449 -1.64628
361.443 503.454 -33.1156
347.482 495.186 -57.2581
363.915 466.31 -57.2549
378.15 474.095 -33.1132
345.537 494.079 -59.4978
324.748 481.766 -75.6723
340.767 453.616 -75.6682
361.969 465.203 -59.4946
322.209 480.321 -76.8927
297.679 465.794 -82.624
313.207 438.51 -82.6195
338.228 452.172 -76.8886
294.924 464.227 -82.6356
270.363 449.682 -77.0197
285.394 423.273 -77.0154
310.452 436.943 -82.6311
267.812 448.231 -75.8156
246.958 435.875 -59.6876
261.563 410.217 -59.6841
282.843 421.822 -75.8113
244.999 434.761 -57.4439
231.013 426.474 -33.1828
245.329 401.323 -33.1793
259.603 409.103 -57.4404
229.949 425.87 -30.2395
225.04 422.974 -1.59242
239.255 398.002 -1.58885
244.265 400.719 -30.236
240.792 395.191 1.59891
245.809 397.94 30.2229
259.245 372.288 30.226
254.131 369.722 1.6025
246.893 398.506 33.1621
261.139 406.275 57.3734
274.844 380.107 57.3754
260.329 372.854 33.1652
263.136 407.317 59.6147
284.413 418.912 75.7506
298.516 391.981 75.7518
276.841 381.15 59.6167
287.015 420.271 76.9555
312.075 433.932 82.5789
326.642 406.112 82.5799
301.117 393.34 76.9567
314.883 435.4 82.568
339.909 449.054 76.8422
354.935 420.355 76.8437
329.449 407.58 82.569
342.497 450.409 75.6223
363.704 461.987 59.4508
379.116 432.551 59.453
357.523 421.71 75.6237
365.688 463.027 57.2084
379.948 470.824 33.0142
395.618 440.897 33.0166
381.1 433.591 57.2106
381.026 471.39 30.0867
386.048 474.145 1.52175
401.809 444.046 1.52395
396.696 441.463 30.089
386.048 474.145 -1.64604
381.012 471.394 -30.1895
396.682 441.466 -30.187
401.809 444.047 -1.64384
379.934 470.828 -33.1129
365.699 463.043 -57.2546
381.112 433.606 -57.2512
395.605 440.901 -33.1104
363.716 462.003 -59.4942
342.515 450.417 -75.6678
357.541 421.718 -75.6635
379.13 432.566 -59.4907
339.926 449.061 -76.8882
314.905 435.4 -82.619
329.472 407.579 -82.6142
354.953 420.362 -76.8838
312.098 433.931 -82.6306
287.04 420.261 -77.0149
301.142 393.329 -77.0103
326.665 406.11 -82.6258
284.438 418.901 -75.8109
263.159 407.296 -59.6836
276.863 381.128 -59.6798
298.541 391.97 -75.8063
261.161 406.252 -57.44
246.887 398.473 -33.1789
260.321 372.822 -33.1753
274.865 380.084 -57.4363
245.802 397.907 -30.2356
240.791 395.19 -1.58845
254.13 369.721 -1.58487
259.236 372.256 -30.2321
255.569 366.856 1.60286
260.683 369.421 30.2264
273.223 343.298 30.2294
268.019 340.919 1.60642
261.786 369.949 33.1654
276.301 377.202 57.3757
289.092 350.554 57.3775
274.327 343.825 33.1685
278.334 378.172 59.6168
300.01 389.004 75.752
313.17 361.582 75.7529
291.125 351.525 59.6187
302.657 390.27 76.9568
328.181 403.042 82.58
341.773 374.719 82.5806
315.818 362.848 76.9577
331.039 404.412 82.5692
356.524 417.187 76.8438
370.542 387.974 76.8449
344.63 376.089 82.5698
359.158 418.452 75.6239
380.751 429.292 59.4533
395.128 399.333 59.4554
373.176 389.239 75.625
382.769 430.264 57.2109
397.287 437.569 33.0168
411.905 407.113 33.0193
397.146 400.304 57.2131
398.384 438.099 30.0893
403.497 440.682 1.52422
418.199 410.052 1.52653
413.001 407.642 30.0917
403.496 440.682 -1.64359
398.37 438.102 -30.1868
412.988 407.645 -30.1842
418.199 410.052 -1.64128
397.274 437.573 -33.1101
382.781 430.279 -57.2508
397.159 400.318 -57.2472
411.892 407.117 -33.1075
380.764 429.307 -59.4903
359.176 418.459 -75.663
373.195 389.245 -75.6583
395.143 399.347 -59.4866
356.542 417.193 -76.8833
331.061 404.41 -82.6137
344.653 376.087 -82.6084
370.561 387.979 -76.8785
328.204 403.04 -82.6253
302.682 390.26 -77.0097
315.842 362.837 -77.0047
341.796 374.716 -82.62
300.034 388.992 -75.8058
278.356 378.151 -59.6793
291.146 351.504 -59.6753
313.195 361.57 -75.8008
276.322 377.179 -57.4358
261.778 369.916 -33.1749
274.316 343.794 -33.1712
289.112 350.532 -57.4318
260.673 369.39 -30.2317
255.568 366.855 -1.58446
268.019 340.917 -1.5809
273.212 343.268 -30.228
269.358 338.002 1.60678
274.561 340.381 30.2298
286.195 313.815 30.2328
280.908 311.625 1.61028
275.683 340.869 33.1687
290.449 347.597 57.3778
302.313 320.5 57.3794
287.316 314.303 33.1717
292.514 348.495 59.6188
314.56 358.553 75.753
326.766 330.671 75.7534
304.379 321.398 59.6204
317.25 359.725 76.9578
343.205 371.596 82.5807
355.809 342.803 82.5805
329.456 331.844 76.9581
346.108 372.865 82.5699
372.02 384.751 76.8449
385.018 355.059 76.8454
358.712 344.073 82.5697
374.696 385.924 75.6252
396.648 396.018 59.4556
409.977 365.573 59.4576
387.694 356.233 75.6257
398.698 396.92 57.2134
413.457 403.73 33.0195
427.009 372.783 33.022
412.028 366.475 57.2153
414.571 404.221 30.092
419.769 406.631 1.5268
433.399 375.508 1.52918
428.123 373.275 30.0944
419.768 406.631 -1.64102
414.558 404.224 -30.1839
428.11 373.277 -30.1812
433.398 375.508 -1.63864
413.444 403.733 -33.1072
398.712 396.934 -57.2468
412.042 366.487 -57.2429
426.997 372.786 -33.1045
396.663 396.032 -59.4862
374.715 385.93 -75.6578
387.713 356.237 -75.6524
409.993 365.585 -59.4823
372.04 384.756 -76.8779
346.131 372.863 -82.6079
358.735 344.07 -82.6018
385.038 355.063 -76.8725
343.228 371.593 -82.6194
317.275 359.714 -77.0041
329.48 331.833 -76.9985
355.832 342.8 -82.6133
314.584 358.541 -75.8002
292.536 348.474 -59.6748
304.399 321.378 -59.6705
326.79 330.659 -75.7947
290.468 347.575 -57.4313
275.673 340.838 -33.1708
287.304 314.273 -33.1671
302.332 320.479 -57.4271
274.55 340.351 -30.2276
269.357 338 -1.58049
280.907 311.623 -1.57699
286.182 313.787 -30.2239
282.145 308.661 1.61063
287.432 310.851 30.2331
298.148 283.871 30.2358
292.786 281.873 1.61402
288.57 311.298 33.1719
303.567 317.495 57.3796
314.496 289.978 57.3807
299.287 284.319 33.1746
305.664 318.32 59.6205
328.05 327.593 75.7534
339.292 299.284 75.7527
316.592 290.803 59.6216
330.78 328.671 76.9581
357.133 339.63 82.5805
368.738 310.402 82.5789
342.022 300.361 76.9574
360.078 340.799 82.5697
386.384 351.785 76.8454
398.35 321.652 76.8448
371.684 311.571 82.5682
389.098 352.867 75.6259
411.382 362.207 59.4577
423.652 331.316 59.4592
401.064 322.733 75.6252
413.462 363.04 57.2156
428.443 369.347 33.0222
440.918 337.951 33.0246
425.732 332.148 57.217
429.573 369.802 30.0947
434.849 372.035 1.52945
447.397 340.46 1.53185
442.048 338.405 30.097
434.848 372.035 -1.63836
429.56 369.804 -30.1809
442.036 338.406 -30.1781
447.396 340.46 -1.63597
428.431 369.35 -33.1042
413.476 363.052 -57.2426
425.748 332.158 -57.2382
440.907 337.952 -33.1013
411.398 362.219 -59.4817
389.118 352.871 -75.6519
401.085 322.737 -75.6455
423.67 331.326 -59.4773
386.404 351.789 -76.8718
360.101 340.796 -82.6011
371.707 311.567 -82.5937
398.371 321.654 -76.8654
357.156 339.627 -82.6126
330.804 328.66 -76.9978
342.045 300.351 -76.9912
368.762 310.398 -82.6052
328.074 327.581 -75.794
305.684 318.3 -59.6699
316.612 290.784 -59.6651
339.315 299.272 -75.7875
303.586 317.474 -57.4266
288.558 311.269 -33.1666
299.273 284.292 -33.1629
314.513 289.959 -57.4219
287.419 310.823 -30.2235
282.145 308.659 -1.57659
292.785 281.872 -1.5732
298.134 283.846 -30.2198
293.921 278.865 1.61434
299.284 280.863 30.2362
309.075 253.499 30.2385
303.643 251.695 1.61759
300.437 281.269 33.1748
315.647 286.929 57.3809
325.631 259.022 57.3812
310.229 253.905 33.1772
317.771 287.679 59.6215
340.47 296.16 75.7526
350.739 267.454 75.7503
327.756 259.772 59.6218
343.236 297.142 76.9571
369.953 307.183 82.5787
380.551 277.554 82.575
353.505 268.436 76.9548
372.936 308.25 82.568
399.602 318.331 76.8446
410.528 287.793 76.8421
383.535 278.621 82.5643
402.352 319.32 75.6253
424.94 327.903 59.4592
436.143 296.604 59.4596
413.278 288.783 75.6227
427.047 328.665 57.2172
442.233 334.467 33.0248
453.623 302.66 33.0267
438.25 297.366 57.2177
443.378 334.884 30.0972
448.726 336.939 1.5321
460.183 304.951 1.53448
454.768 303.076 30.0992
448.726 336.939 -1.63566
443.365 334.884 -30.1777
454.756 303.076 -30.1746
460.183 304.951 -1.63329
442.222 334.469 -33.1009
427.063 328.675 -57.2378
438.267 297.374 -57.2325
453.613 302.66 -33.0977
424.958 327.912 -59.4767
402.373 319.323 -75.6448
413.299 288.784 -75.6367
436.162 296.611 -59.4715
399.624 318.333 -76.8646
372.96 308.246 -82.5929
383.559 278.616 -82.5835
410.55 287.794 -76.8564
369.976 307.179 -82.6043
343.26 297.132 -76.9903
353.528 268.427 -76.9823
380.576 277.549 -82.5949
340.494 296.149 -75.7867
317.79 287.66 -59.6644
327.774 259.755 -59.6589
350.763 267.444 -75.7787
315.664 286.91 -57.4213
300.424 281.243 -33.1624
310.214 253.881 -33.1585
325.648 259.004 -57.4159
299.269 280.837 -30.2194
293.92 278.863 -1.57279
303.642 251.694 -1.56955
309.059 253.476 -30.2155
304.676 248.646 1.61788
310.108 250.45 30.2388
318.968 222.73 30.2408
313.473 221.122 1.62093
311.275 250.815 33.1772
326.678 255.931 57.3812
335.713 227.662 57.3806
320.136 223.095 33.1792
328.827 256.606 59.6215
351.811 264.288 75.7501
361.101 235.217 75.7459
337.862 228.337 59.6209
354.609 265.175 76.9543
381.655 274.292 82.5745
391.241 244.296 82.5679
363.899 236.103 76.9501
384.674 275.257 82.5638
411.666 284.43 76.8416
421.545 253.526 76.8364
394.259 245.261 82.5572
414.448 285.327 75.6226
437.313 293.148 59.4595
447.442 261.482 59.4585
424.327 254.423 75.6174
439.445 293.839 57.2178
454.818 299.134 33.0268
465.118 266.956 33.0282
449.574 262.174 57.2168
455.977 299.511 30.0994
461.392 301.386 1.53467
471.753 269.023 1.53698
466.276 267.333 30.1008
461.391 301.386 -1.63294
455.965 299.511 -30.1743
466.266 267.332 -30.1707
471.752 269.023 -1.63063
454.808 299.133 -33.0973
439.462 293.847 -57.232
449.593 262.179 -57.2256
465.109 266.954 -33.0937
437.332 293.155 -59.4707
414.47 285.328 -75.6359
424.35 254.423 -75.6253
447.463 261.487 -59.4642
411.689 284.431 -76.8553
384.698 275.253 -82.5824
394.284 245.257 -82.5703
421.569 253.526 -76.8447
381.68 274.287 -82.5938
354.632 265.165 -76.9811
363.922 236.095 -76.9713
391.266 244.291 -82.5817
351.834 264.278 -75.7778
328.846 256.589 -59.6581
337.88 228.323 -59.6518
361.124 235.208 -75.768
326.694 255.914 -57.4153
311.26 250.791 -33.158
320.119 223.074 -33.154
335.728 227.648 -57.4091
310.091 250.427 -30.2151
304.675 248.644 -1.56915
313.473 221.121 -1.56611
318.95 222.71 -30.2111
314.403 218.035 1.6212
319.897 219.642 30.241
327.824 191.594 30.2423
322.274 190.187 1.624
321.078 219.965 33.1792
336.654 224.533 57.3806
344.735 195.93 57.3789
329.004 191.917 33.1805
338.826 225.133 59.6204
362.065 232.012 75.7454
370.373 202.604 75.7392
346.907 196.53 59.6188
364.892 232.802 76.9493
392.234 240.995 82.5671
400.803 210.666 82.5572
373.2 203.394 76.9431
395.283 241.859 82.5564
422.569 250.124 76.8356
431.396 218.894 76.8269
403.852 211.529 82.5465
425.379 250.928 75.617
448.494 257.987 59.4581
457.545 225.997 59.455
434.206 219.698 75.6083
450.648 258.608 57.2167
466.193 263.39 33.0282
475.399 230.881 33.0285
459.699 226.618 57.2137
467.363 263.729 30.1009
472.84 265.419 1.53708
482.103 232.717 1.53924
476.569 231.22 30.1012
472.839 265.419 -1.63022
467.353 263.727 -30.1702
476.56 231.216 -30.1659
482.102 232.717 -1.62805
466.183 263.389 -33.093
450.668 258.613 -57.225
459.72 226.62 -57.2169
475.39 230.877 -33.0886
448.516 257.992 -59.4632
425.402 250.928 -75.6243
434.231 219.696 -75.6108
457.568 225.999 -59.4552
422.593 250.123 -76.8434
395.308 241.854 -82.5689
403.878 211.525 -82.554
431.422 218.892 -76.8298
392.259 240.99 -82.5803
364.916 232.794 -76.9699
373.224 203.388 -76.9584
400.829 210.661 -82.5653
362.089 232.004 -75.767
338.844 225.119 -59.6508
346.925 196.52 -59.6438
370.397 202.597 -75.7554
336.67 224.519 -57.4085
321.061 219.946 -33.1534
328.986 191.902 -33.1491
344.751 195.92 -57.4014
319.88 219.623 -30.2108
314.402 218.034 -1.56572
322.273 190.186 -1.56292
327.805 191.579 -30.2065
323.1 187.065 1.62423
328.65 188.472 30.2426
335.643 160.123 30.2426
330.045 158.922 1.62676
329.841 188.753 33.1804
345.572 192.766 57.3788
352.7 163.854 57.3756
336.834 160.404 33.1805
347.764 193.289 59.6181
371.23 199.363 75.7386
378.554 169.645 75.7302
354.892 164.377 59.615
374.081 200.058 76.9419
401.685 207.329 82.556
409.234 176.701 82.542
381.406 170.34 76.9335
404.76 208.093 82.5452
432.305 215.457 76.8257
440.077 183.941 76.8117
412.31 177.464 82.5312
435.14 216.17 75.6075
458.479 222.469 59.4542
466.447 190.197 59.4473
442.912 184.654 75.5935
460.653 223.019 57.2133
476.353 227.282 33.028
484.46 194.479 33.0259
468.621 190.747 57.2064
477.534 227.581 30.1011
483.068 229.078 1.53915
491.229 196.069 1.54105
485.642 194.778 30.0989
483.067 229.078 -1.62751
477.525 227.576 -30.1653
485.634 194.771 -30.1591
491.229 196.069 -1.62561
476.344 227.278 -33.0877
460.674 223.02 -57.216
468.645 190.745 -57.205
484.453 194.472 -33.0815
458.503 222.471 -59.4539
435.165 216.168 -75.6094
442.94 184.65 -75.5915
466.473 190.196 -59.4429
432.33 215.455 -76.8281
404.787 208.089 -82.5522
412.338 177.461 -82.5338
440.104 183.938 -76.8101
401.711 207.325 -82.5637
374.106 200.052 -76.9567
381.431 170.337 -76.9433
409.262 176.697 -82.5452
371.254 199.357 -75.7542
347.782 193.28 -59.6426
354.91 164.373 -59.6342
378.579 169.642 -75.7408
345.588 192.756 -57.4008
329.823 188.738 -33.1484
336.817 160.395 -33.1433
352.716 163.849 -57.3924
328.631 188.458 -30.2061
323.099 187.064 -1.56253
330.044 158.921 -1.55999
335.625 160.115 -30.2009
330.769 155.768 1.62683
336.367 156.97 30.2427
342.441 128.351 30.237
336.805 127.364 1.62913
337.567 157.207 33.18
353.433 160.657 57.3751
359.616 131.462 57.3629
343.641 128.588 33.1743
355.641 161.104 59.6137
379.303 166.372 75.7289
385.646 136.371 75.7097
361.824 131.909 59.6014
382.176 166.972 76.9315
410.004 173.333 82.5401
416.529 142.44 82.5135
388.518 136.971 76.9123
413.102 173.997 82.529
440.87 180.474 76.8095
447.574 148.716 76.7813
419.627 143.104 82.5024
443.726 181.097 75.5917
467.261 186.64 59.4456
474.128 154.136 59.4269
450.431 149.339 75.5635
469.452 187.118 57.2051
485.291 190.85 33.0246
492.281 157.787 33.0153
476.32 154.614 57.1865
486.483 191.107 30.0985
492.071 192.398 1.54056
499.113 159.107 1.54196
493.473 158.043 30.0892
492.07 192.398 -1.62477
486.475 191.1 -30.1583
493.468 158.033 -30.1462
499.113 159.107 -1.62337
485.285 190.843 -33.0799
469.477 187.116 -57.2033
476.348 154.608 -57.1824
492.278 157.776 -33.0678
467.287 186.638 -59.4407
443.754 181.093 -75.5893
450.462 149.333 -75.5586
474.159 154.13 -59.4198
440.897 180.471 -76.8074
413.131 173.994 -82.5311
419.658 143.101 -82.5011
447.606 148.711 -76.7767
410.032 173.33 -82.5428
382.201 166.969 -76.9408
388.546 136.972 -76.9171
416.56 142.437 -82.5128
379.328 166.369 -75.739
355.66 161.1 -59.6324
361.845 131.913 -59.6148
385.673 136.373 -75.7152
353.449 160.653 -57.3913
337.549 157.199 -33.1422
343.625 128.589 -33.1314
359.634 131.466 -57.3737
336.348 156.962 -30.2004
330.768 155.768 -1.55947
336.804 127.364 -1.55717
342.424 128.352 -30.1896
337.431 124.185 1.62804
343.066 125.171 30.2359
348.288 96.332 30.1928
342.63 95.5743 1.63003
344.273 125.364 33.1705
360.248 128.238 57.3591
365.533 98.8041 57.2783
349.495 96.5243 33.1273
362.468 128.607 59.5954
386.289 133.07 75.7036
391.665 102.829 75.5999
367.753 99.1737 59.5146
389.177 133.575 76.905
417.188 139.044 82.5062
422.667 107.929 82.3968
394.552 103.335 76.8014
420.302 139.612 82.4952
448.249 145.224 76.774
453.834 113.272 76.6729
425.781 108.497 82.3858
451.121 145.759 75.5575
474.818 150.556 59.4209
480.506 117.876 59.3455
456.706 113.807 75.4564
477.023 150.961 57.1819
492.985 154.133 33.0108
498.768 120.828 32.9721
482.711 118.28 57.1065
494.185 154.343 30.0875
499.826 155.407 1.54029
505.657 121.842 1.54106
499.968 121.038 30.0489
499.826 155.406 -1.62152
494.181 154.332 -30.1444
499.969 121.022 -30.1051
505.657 121.841 -1.62076
492.982 154.122 -33.0631
477.053 150.953 -57.1777
482.747 118.268 -57.1034
498.771 120.812 -33.0238
474.849 150.549 -59.4136
451.152 145.753 -75.5524
456.743 113.799 -75.451
480.543 117.863 -59.3394
448.28 145.219 -76.7692
420.333 139.609 -82.4936
425.816 108.495 -82.3823
453.871 113.265 -76.6677
417.219 139.042 -82.5051
389.205 133.577 -76.9094
394.584 103.341 -76.8019
422.702 107.928 -82.3938
386.317 133.072 -75.7086
362.489 128.612 -59.6082
367.779 99.1894 -59.5215
391.697 102.836 -75.6011
360.267 128.243 -57.3693
344.258 125.366 -33.127
349.483 96.5409 -33.0787
365.556 98.8201 -57.2826
343.05 125.173 -30.1879
337.43 124.185 -1.55549
342.629 95.5748 -1.55351
348.275 96.3481 -30.1396
343.182 92.383 1.62132
348.84 93.1408 30.184
353.567 64.2506 29.9136
347.937 63.7247 1.62083
350.046 93.2869 33.1024
366.085 95.5667 57.2535
370.733 66.0774 56.7576
354.773 64.3967 32.832
368.303 95.8576 59.4783
392.215 99.513 75.5635
396.74 69.2004 74.9356
372.952 66.3682 58.9824
395.101 99.9239 76.7604
423.216 104.518 82.3558
427.603 73.3062 81.7196
399.626 69.6113 76.1325
426.328 104.99 82.3472
454.381 109.766 76.6344
458.646 77.7057 76.0887
430.715 73.7782 81.711
457.252 110.213 75.4254
481.052 114.283 59.3145
485.197 81.5131 58.9041
461.517 78.1533 74.8796
483.26 114.607 57.0846
499.317 117.155 32.9502
503.441 83.577 32.7498
487.406 81.8379 56.6743
500.519 117.309 30.0419
506.207 118.113 1.53405
510.305 84.2271 1.53627
504.643 83.731 29.8414
506.208 118.112 -1.61362
500.521 117.293 -30.0979
504.655 83.7075 -29.898
510.306 84.226 -1.6114
499.321 117.138 -33.0021
483.297 114.594 -57.0817
487.448 81.8188 -56.6763
503.455 83.5527 -32.8022
481.089 114.27 -59.3085
457.289 110.205 -75.4201
461.557 78.1432 -74.8752
485.241 81.4947 -58.9031
454.418 109.758 -76.6291
426.364 104.989 -82.3438
430.754 73.7778 -81.7076
458.686 77.6963 -76.0842
423.251 104.518 -82.3526
395.133 99.9308 -76.7607
399.662 69.6232 -76.1313
427.641 73.3067 -81.7165
392.247 99.521 -75.5642
368.329 95.8742 -59.4846
372.986 66.3956 -58.9811
396.776 69.2134 -74.9347
366.109 95.5842 -57.2572
350.035 93.3051 -33.0533
354.772 64.4324 -32.7799
370.765 66.1056 -56.7537
348.827 93.1578 -30.1306
343.181 92.3844 -1.54446
347.937 63.726 -1.54494
353.564 64.2851 -29.8572
348.578 60.5912 1.57335
354.208 61.1171 29.8661
360.96 33.2527 28.5614
355.592 32.6895 1.56883
355.379 61.2425 32.7004
371.339 62.9231 56.626
377.339 35.1242 54.2223
362.13 33.3781 31.3957
373.496 63.1743 58.7926
397.285 66.0065 74.7458
402.174 38.1593 71.6186
379.496 35.3755 56.3889
400.097 66.3617 75.9172
428.074 70.0566 81.5043
431.678 41.9803 78.1478
404.986 38.5145 72.79
431.112 70.4647 81.5035
459.042 74.3922 75.8812
461.393 45.9818 72.819
434.716 42.3885 78.147
461.846 74.7797 74.7091
485.526 78.1394 58.7336
486.82 49.4368 56.416
464.196 46.3693 71.6469
487.677 78.4177 56.5696
503.712 80.1568 32.6451
504.171 51.5825 31.369
488.971 49.7152 54.252
504.887 80.2868 29.8062
510.549 80.7829 1.50109
510.679 52.2848 1.5056
505.345 51.7125 28.5301
510.55 80.7808 -1.57589
504.899 80.2623 -29.8625
505.349 51.6579 -28.5764
510.679 52.2827 -1.57137
503.726 80.1306 -32.6973
487.719 78.3967 -56.5713
489.008 49.6659 -54.248
504.177 51.5262 -31.4112
485.57 78.1199 -58.7324
461.885 74.7684 -74.7045
464.232 46.3546 -71.6422
486.858 49.3891 -56.4091
459.082 74.3827 -75.8768
431.15 70.4642 -81.5002
434.75 42.3894 -78.1452
461.428 45.9689 -72.8146
428.112 70.0574 -81.5013
400.132 66.374 -75.9161
405.017 38.5327 -72.7919
431.712 41.9827 -78.1462
397.32 66.0209 -74.745
373.53 63.203 -58.7914
379.52 35.4312 -56.395
402.205 38.1796 -71.6208
371.37 62.9535 -56.6222
355.377 61.2803 -32.6484
362.119 33.4398 -31.3535
377.361 35.1817 -54.2257
354.205 61.1528 -29.8101
348.578 60.5937 -1.49778
355.591 32.692 -1.5023
360.947 33.3122 -28.5152
356.415 29.6573 1.48316
361.783 30.2206 28.4757
369.591 3.40338 26.6848
364.579 2.8398 1.47204
362.888 30.3482 31.1532
378.097 32.0944 53.9798
384.895 5.25867 50.6872
370.696 3.53104 29.3623
380.134 32.342 56.026
402.811 35.1258 71.2558
408.121 8.15743 66.9454
386.932 5.50627 52.7334
405.466 35.4622 72.3617
432.159 38.9281 77.7195
435.716 11.6881 73.0223
410.776 8.49387 68.0513
435.029 39.3035 77.7188
461.706 42.8968 72.3908
463.496 15.305 68.0119
438.586 12.0635 73.0217
464.354 43.25 71.2847
486.978 46.3175 56.0538
487.258 18.462 52.6824
466.145 15.6582 66.9058
489.008 46.5834 54.0076
504.208 48.4507 31.1246
503.442 20.5473 29.2996
489.288 18.7279 50.6362
505.31 48.5851 28.444
510.644 49.1573 1.41952
509.511 21.2498 1.43291
504.544 20.6816 26.619
510.644 49.1535 -1.48341
505.314 48.5288 -28.4885
504.542 20.5961 -26.6412
509.511 21.246 -1.47003
504.213 48.3912 -31.1655
489.044 46.531 -54.0023
489.309 18.6545 -50.625
503.441 20.4586 -29.3182
487.015 46.2685 -56.0466
464.389 43.234 -71.2798
466.166 15.6469 -66.9029
487.281 18.392 -52.6693
461.74 42.8839 -72.3866
435.062 39.3044 -77.7172
438.605 12.0637 -73.0207
463.517 15.2968 -68.0097
432.192 38.9304 -77.7181
405.496 35.4805 -72.3637
410.794 8.50725 -68.0532
435.735 11.6897 -73.0216
402.841 35.1474 -71.2585
380.156 32.399 -56.0326
386.937 5.57865 -52.7454
408.138 8.17414 -66.9479
378.117 32.1545 -53.9845
362.875 30.4126 -31.1122
370.671 3.61798 -29.3404
384.898 5.33415 -50.6973
361.769 30.2814 -28.4312
356.414 29.6611 -1.41829
364.578 2.84364 -1.42941
369.566 3.48682 -26.6593
365.57 0.135026 1.3444
370.581 0.698605 26.5572
380.289 -21.3351 23.7772
375.866 -21.9567 1.32547
371.588 0.827839 29.0052
385.787 2.55546 50.3301
393.894 -19.4467 45.2556
381.295 -21.2059 26.2252
387.648 2.79625 52.2023
408.837 5.44741 66.4143
414.638 -16.6757 59.7985
395.755 -19.2059 47.1278
411.265 5.76253 67.424
436.204 8.95674 72.395
439.303 -13.4101 65.2
417.066 -16.3606 60.8082
438.828 9.29971 72.3908
463.739 12.5412 67.381
464.111 -10.1353 60.6712
441.926 -13.0671 65.1958
466.159 12.8603 66.3659
487.272 15.6641 52.1425
485.295 -7.34099 46.9361
466.531 -9.81625 59.6561
489.124 15.9085 50.2723
503.278 17.7279 28.9357
499.66 -5.44715 26.1009
487.146 -7.09659 45.0658
504.28 17.8566 26.4925
509.246 18.4248 1.30641
505.052 -4.74005 1.32291
500.662 -5.31847 23.6577
509.246 18.4223 -1.33928
504.278 17.7725 -26.5104
500.662 -5.32107 -23.6576
505.052 -4.74249 -1.32279
503.275 17.6415 -28.9535
489.144 15.8375 -50.2603
487.146 -7.10167 -45.0659
499.66 -5.45202 -26.1007
487.293 15.5956 -52.1304
466.177 12.8505 -66.364
466.532 -9.81886 -59.6561
485.295 -7.34354 -46.9359
463.757 12.5334 -67.379
438.845 9.3002 -72.39
441.927 -13.0678 -65.1956
464.111 -10.136 -60.671
436.222 8.95779 -72.3942
411.281 5.77535 -67.4258
417.067 -16.3605 -60.8081
439.303 -13.4102 -65.1999
408.852 5.46207 -66.416
387.651 2.86657 -52.2135
395.755 -19.2039 -47.1277
414.638 -16.6738 -59.7983
385.789 2.62826 -50.341
371.563 0.912096 -28.9841
381.295 -21.2013 -26.2249
393.893 -19.4422 -45.2552
370.556 0.780649 -26.5359
365.569 0.137468 -1.30595
375.866 -21.9542 -1.32489
380.288 -21.3327 -23.7766
-157.299 807.906 25.7054
-159.923 803.539 -0.0364314
-157.282 807.902 -25.776
-149.733 820.325 -47.6176
-138.307 838.881 -62.2242
-124.681 860.701 -67.3415
-110.966 882.456 -62.1948
-99.3285 900.878 -47.5966
-91.5782 913.213 -25.7742
-88.869 917.56 -0.0311436
-91.5798 913.215 25.7111
-99.3229 900.873 47.5295
-110.961 882.452 62.1262
-124.676 860.698 67.2719
-138.302 838.878 62.153
-149.744 820.328 47.5496
382.635 -22.3855 1.31945e-05
387.058 -21.764 22.4517
399.656 -20.0048 41.4821
418.539 -17.4746 54.1528
440.776 -14.5241 58.5446
462.96 -11.5923 54.02
481.723 -9.11705 41.3
494.237 -7.4676 22.335
498.627 -6.88918 0.000239176
494.237 -7.46776 -22.3346
481.723 -9.11742 -41.2997
462.96 -11.5927 -54.0199
440.776 -14.5245 -58.5445
418.539 -17.4748 -54.1527
399.656 -20.0049 -41.4821
387.058 -21.764 -22.4517
</DataArray>
</Points>
<Cells>
<DataArray type="Int32" Name="connectivity" format="ascii">
0 1 529 528 1 17 530 529 17 16 531 530 16 0 528 531 1 2 533 532 2 18 534 533 18 17 535 534 17 1 532 535 2 3 537 536 3 19 538 537 19 18 539 538 18 2 536 539 3 4 541 540 4 20 542 541 20 19 543 542 19 3 540 543 4 5 545 544 5 21 546 545 21 20 547 546 20 4 544 547 5 6 549 548 6 22 550 549 22 21 551 550 21 5 548 551 6 7 553 552 7 23 554 553 23 22 555 554 22 6 552 555 7 8 557 556 8 24 558 557 24 23 559 558 23 7 556 559 8 9 561 560 9 25 562 561 25 24 563 562 24 8 560 563 9 10 565 564 10 26 566 565 26 25 567 566 25 9 564 567 10 11 569 568 11 27 570 569 27 26 571 570 26 10 568 571 11 12 573 572 12 28 574 573 28 27 575 574 27 11 572 575 12 13 577 576 13 29 578 577 29 28 579 578 28 12 576 579 13 14 581 580 14 30 582 581 30 29 583 582 29 13 580 583 14 15 585 584 15 31 586 585 31 30 587 586 30 14 584 587 15 0 589 588 0 16 590 589 16 31 591 590 31 15 588 591 16 17 593 592 17 33 594 593 33 32 595 594 32 16 592 595 18 34 597 596 34 33 598 597 33 17 599 598 17 18 596 599 19 35 601 600 35 34 602 601 34 18 603 602 18 19 600 603 20 36 605 604 36 35 606 605 35 19 607 606 19 20 604 607 21 37 609 608 37 36 610 609 36 20 611 610 20 21 608 611 22 38 613 612 38 37 614 613 37 21 615 614 21 22 612 615 23 39 617 616 39 38 618 617 38 22 619 618 22 23 616 619 24 40 621 620 40 39 622 621 39 23 623 622 23 24 620 623 25 41 625 624 41 40 626 625 40 24 627 626 24 25 624 627 26 42 629 628 42 41 630 629 41 25 631 630 25 26 628 631 27 43 633 632 43 42 634 633 42 26 635 634 26 27 632 635 28 44 637 636 44 43 638 637 43 27 639 638 27 28 636 639 29 45 641 640 45 44 642 641 44 28 643 642 28 29 640 643 30 46 645 644 46 45 646 645 45 29 647 646 29 30 644 647 31 47 649 648 47 46 650 649 46 30 651 650 30 31 648 651 31 16 653 652 16 32 654 653 32 47 655 654 47 31 652 655 32 33 657 656 33 49 658 657 49 48 659 658 48 32 656 659 33 34 661 660 34 50 662 661 50 49 663 662 49 33 660 663 34 35 665 664 35 51 666 665 51 50 667 666 50 34 664 667 35 36 669 668 36 52 670 669 52 51 671 670 51 35 668 671 36 37 673 672 37 53 674 673 53 52 675 674 52 36 672 675 37 38 677 676 38 54 678 677 54 53 679 678 53 37 676 679 38 39 681 680 39 55 682 681 55 54 683 682 54 38 680 683 39 40 685 684 40 56 686 685 56 55 687 686 55 39 684 687 40 41 689 688 41 57 690 689 57 56 691 690 56 40 688 691 41 42 693 692 42 58 694 693 58 57 695 694 57 41 692 695 42 43 697 696 43 59 698 697 59 58 699 698 58 42 696 699 43 44 701 700 44 60 702 701 60 59 703 702 59 43 700 703 44 45 705 704 45 61 706 705 61 60 707 706 60 44 704 707 45 46 709 708 46 62 710 709 62 61 711 710 61 45 708 711 46 47 713 712 47 63 714 713 63 62 715 714 62 46 712 715 47 32 717 716 32 48 718 717 48 63 719 718 63 47 716 719 48 49 721 720 49 65 722 721 65 64 723 722 64 48 720 723 49 50 725 724 50 66 726 725 66 65 727 726 65 49 724 727 50 51 729 728 51 67 730 729 67 66 731 730 66 50 728 731 51 52 733 732 52 68 734 733 68 67 735 734 67 51 732 735 52 53 737 736 53 69 738 737 69 68 739 738 68 52 736 739 53 54 741 740 54 70 742 741 70 69 743 742 69 53 740 743 54 55 745 744 55 71 746 745 71 70 747 746 70 54 744 747 55 56 749 748 56 72 750 749 72 71 751 750 71 55 748 751 56 57 753 752 57 73 754 753 73 72 755 754 72 56 752 755 57 58 757 756 58 74 758 757 74 73 759 758 73 57 756 759 58 59 761 760 59 75 762 761 75 74 763 762 74 58 760 763 59 60 765 764 60 76 766 765 76 75 767 766 75 59 764 767 60 61 769 768 61 77 770 769 77 76 771 770 76 60 768 771 61 62 773 772 62 78 774 773 78 77 775 774 77 61 772 775 62 63 777 776 63 79 778 777 79 78 779 778 78 62 776 779 63 48 781 780 48 64 782 781 64 79 783 782 79 63 780 783 64 65 785 784 65 81 786 785 81 80 787 786 80 64 784 787 65 66 789 788 66 82 790 789 82 81 791 790 81 65 788 791 66 67 793 792 67 83 794 793 83 82 795 794 82 66 792 795 67 68 797 796 68 84 798 797 84 83 799 798 83 67 796 799 68 69 801 800 69 85 802 801 85 84 803 802 84 68 800 803 69 70 805 804 70 86 806 805 86 85 807 806 85 69 804 807 70 71 809 808 71 87 810 809 87 86 811 810 86 70 808 811 71 72 813 812 72 88 814 813 88 87 815 814 87 71 812 815 72 73 817 816 73 89 818 817 89 88 819 818 88 72 816 819 73 74 821 820 74 90 822 821 90 89 823 822 89 73 820 823 74 75 825 824 75 91 826 825 91 90 827 826 90 74 824 827 75 76 829 828 76 92 830 829 92 91 831 830 91 75 828 831 76 77 833 832 77 93 834 833 93 92 835 834 92 76 832 835 77 78 837 836 78 94 838 837 94 93 839 838 93 77 836 839 78 79 841 840 79 95 842 841 95 94 843 842 94 78 840 843 79 64 845 844 64 80 846 845 80 95 847 846 95 79 844 847 80 81 849 848 81 97 850 849 97 96 851 850 96 80 848 851 81 82 853 852 82 98 854 853 98 97 855 854 97 81 852 855 82 83 857 856 83 99 858 857 99 98 859 858 98 82 856 859 83 84 861 860 84 100 862 861 100 99 863 862 99 83 860 863 84 85 865 864 85 101 866 865 101 100 867 866 100 84 864 867 85 86 869 868 86 102 870 869 102 101 871 870 101 85 868 871 86 87 873 872 87 103 874 873 103 102 875 874 102 86 872 875 87 88 877 876 88 104 878 877 104 103 879 878 103 87 876 879 88 89 881 880 89 105 882 881 105 104 883 882 104 88 880 883 89 90 885 884 90 106 886 885 106 105 887 886 105 89 884 887 90 91 889 888 91 107 890 889 107 106 891 890 106 90 888 891 91 92 893 892 92 108 894 893 108 107 895 894 107 91 892 895 92 93 897 896 93 109 898 897 109 108 899 898 108 92 896 899 93 94 901 900 94 110 902 901 110 109 903 902 109 93 900 903 94 95 905 904 95 111 906 905 111 110 907 906 110 94 904 907 95 80 909 908 80 96 910 909 96 111 911 910 111 95 908 911 96 97 913 912 97 113 914 913 113 112 915 914 112 96 912 915 97 98 917 916 98 114 918 917 114 113 919 918 113 97 916 919 98 99 921 920 99 115 922 921 115 114 923 922 114 98 920 923 99 100 925 924 100 116 926 925 116 115 927 926 115 99 924 927 100 101 929 928 101 117 930 929 117 116 931 930 116 100 928 931 101 102 933 932 102 118 934 933 118 117 935 934 117 101 932 935 102 103 937 936 103 119 938 937 119 118 939 938 118 102 936 939 103 104 941 940 104 120 942 941 120 119 943 942 119 103 940 943 104 105 945 944 105 121 946 945 121 120 947 946 120 104 944 947 105 106 949 948 106 122 950 949 122 121 951 950 121 105 948 951 106 107 953 952 107 123 954 953 123 122 955 954 122 106 952 955 107 108 957 956 108 124 958 957 124 123 959 958 123 107 956 959 108 109 961 960 109 125 962 961 125 124 963 962 124 108 960 963 109 110 965 964 110 126 966 965 126 125 967 966 125 109 964 967 110 111 969 968 111 127 970 969 127 126 971 970 126 110 968 971 111 96 973 972 96 112 974 973 112 127 975 974 127 111 972 975 112 113 977 976 113 129 978 977 129 128 979 978 128 112 976 979 113 114 981 980 114 130 982 981 130 129 983 982 129 113 980 983 114 115 985 984 115 131 986 985 131 130 987 986 130 114 984 987 115 116 989 988 116 132 990 989 132 131 991 990 131 115 988 991 116 117 993 992 117 133 994 993 133 132 995 994 132 116 992 995 117 118 997 996 118 134 998 997 134 133 999 998 133 117 996 999 118 119 1001 1000 119 135 1002 1001 135 134 1003 1002 134 118 1000 1003 119 120 1005 1004 120 136 1006 1005 136 135 1007 1006 135 119 1004 1007 120 121 1009 1008 121 137 1010 1009 137 136 1011 1010 136 120 1008 1011 121 122 1013 1012 122 138 1014 1013 138 137 1015 1014 137 121 1012 1015 122 123 1017 1016 123 139 1018 1017 139 138 1019 1018 138 122 1016 1019 123 124 1021 1020 124 140 1022 1021 140 139 1023 1022 139 123 1020 1023 124 125 1025 1024 125 141 1026 1025 141 140 1027 1026 140 124 1024 1027 125 126 1029 1028 126 142 1030 1029 142 141 1031 1030 141 125 1028 1031 126 127 1033 1032 127 143 1034 1033 143 142 1035 1034 142 126 1032 1035 127 112 1037 1036 112 128 1038 1037 128 143 1039 1038 143 127 1036 1039 128 129 1041 1040 129 145 1042 1041 145 144 1043 1042 144 128 1040 1043 129 130 1045 1044 130 146 1046 1045 146 145 1047 1046 145 129 1044 1047 130 131 1049 1048 131 147 1050 1049 147 146 1051 1050 146 130 1048 1051 131 132 1053 1052 132 148 1054 1053 148 147 1055 1054 147 131 1052 1055 132 133 1057 1056 133 149 1058 1057 149 148 1059 1058 148 132 1056 1059 133 134 1061 1060 134 150 1062 1061 150 149 1063 1062 149 133 1060 1063 134 135 1065 1064 135 151 1066 1065 151 150 1067 1066 150 134 1064 1067 135 136 1069 1068 136 152 1070 1069 152 151 1071 1070 151 135 1068 1071 136 137 1073 1072 137 153 1074 1073 153 152 1075 1074 152 136 1072 1075 137 138 1077 1076 138 154 1078 1077 154 153 1079 1078 153 137 1076 1079 138 139 1081 1080 139 155 1082 1081 155 154 1083 1082 154 138 1080 1083 139 140 1085 1084 140 156 1086 1085 156 155 1087 1086 155 139 1084 1087 140 141 1089 1088 141 157 1090 1089 157 156 1091 1090 156 140 1088 1091 141 142 1093 1092 142 158 1094 1093 158 157 1095 1094 157 141 1092 1095 142 143 1097 1096 143 159 1098 1097 159 158 1099 1098 158 142 1096 1099 143 128 1101 1100 128 144 1102 1101 144 159 1103 1102 159 143 1100 1103 144 145 1105 1104 145 161 1106 1105 161 160 1107 1106 160 144 1104 1107 145 146 1109 1108 146 162 1110 1109 162 161 1111 1110 161 145 1108 1111 146 147 1113 1112 147 163 1114 1113 163 162 1115 1114 162 146 1112 1115 147 148 1117 1116 148 164 1118 1117 164 163 1119 1118 163 147 1116 1119 148 149 1121 1120 149 165 1122 1121 165 164 1123 1122 164 148 1120 1123 149 150 1125 1124 150 166 1126 1125 166 165 1127 1126 165 149 1124 1127 150 151 1129 1128 151 167 1130 1129 167 166 1131 1130 166 150 1128 1131 151 152 1133 1132 152 168 1134 1133 168 167 1135 1134 167 151 1132 1135 152 153 1137 1136 153 169 1138 1137 169 168 1139 1138 168 152 1136 1139 153 154 1141 1140 154 170 1142 1141 170 169 1143 1142 169 153 1140 1143 154 155 1145 1144 155 171 1146 1145 171 170 1147 1146 170 154 1144 1147 155 156 1149 1148 156 172 1150 1149 172 171 1151 1150 171 155 1148 1151 156 157 1153 1152 157 173 1154 1153 173 172 1155 1154 172 156 1152 1155 157 158 1157 1156 158 174 1158 1157 174 173 1159 1158 173 157 1156 1159 158 159 1161 1160 159 175 1162 1161 175 174 1163 1162 174 158 1160 1163 159 144 1165 1164 144 160 1166 1165 160 175 1167 1166 175 159 1164 1167 160 161 1169 1168 161 177 1170 1169 177 176 1171 1170 176 160 1168 1171 161 162 1173 1172 162 178 1174 1173 178 177 1175 1174 177 161 1172 1175 162 163 1177 1176 163 179 1178 1177 179 178 1179 1178 178 162 1176 1179 163 164 1181 1180 164 180 1182 1181 180 179 1183 1182 179 163 1180 1183 164 165 1185 1184 165 181 1186 1185 181 180 1187 1186 180 164 1184 1187 165 166 1189 1188 166 182 1190 1189 182 181 1191 1190 181 165 1188 1191 166 167 1193 1192 167 183 1194 1193 183 182 1195 1194 182 166 1192 1195 167 168 1197 1196 168 184 1198 1197 184 183 1199 1198 183 167 1196 1199 168 169 1201 1200 169 185 1202 1201 185 184 1203 1202 184 168 1200 1203 169 170 1205 1204 170 186 1206 1205 186 185 1207 1206 185 169 1204 1207 170 171 1209 1208 171 187 1210 1209 187 186 1211 1210 186 170 1208 1211 171 172 1213 1212 172 188 1214 1213 188 187 1215 1214 187 171 1212 1215 172 173 1217 1216 173 189 1218 1217 189 188 1219 1218 188 172 1216 1219 173 174 1221 1220 174 190 1222 1221 190 189 1223 1222 189 173 1220 1223 174 175 1225 1224 175 191 1226 1225 191 190 1227 1226 190 174 1224 1227 175 160 1229 1228 160 176 1230 1229 176 191 1231 1230 191 175 1228 1231 176 177 1233 1232 177 193 1234 1233 193 192 1235 1234 192 176 1232 1235 177 178 1237 1236 178 194 1238 1237 194 193 1239 1238 193 177 1236 1239 178 179 1241 1240 179 195 1242 1241 195 194 1243 1242 194 178 1240 1243 179 180 1245 1244 180 196 1246 1245 196 195 1247 1246 195 179 1244 1247 180 181 1249 1248 181 197 1250 1249 197 196 1251 1250 196 180 1248 1251 181 182 1253 1252 182 198 1254 1253 198 197 1255 1254 197 181 1252 1255 182 183 1257 1256 183 199 1258 1257 199 198 1259 1258 198 182 1256 1259 183 184 1261 1260 184 200 1262 1261 200 199 1263 1262 199 183 1260 1263 184 185 1265 1264 185 201 1266 1265 201 200 1267 1266 200 184 1264 1267 185 186 1269 1268 186 202 1270 1269 202 201 1271 1270 201 185 1268 1271 186 187 1273 1272 187 203 1274 1273 203 202 1275 1274 202 186 1272 1275 187 188 1277 1276 188 204 1278 1277 204 203 1279 1278 203 187 1276 1279 188 189 1281 1280 189 205 1282 1281 205 204 1283 1282 204 188 1280 1283 189 190 1285 1284 190 206 1286 1285 206 205 1287 1286 205 189 1284 1287 190 191 1289 1288 191 207 1290 1289 207 206 1291 1290 206 190 1288 1291 191 176 1293 1292 176 192 1294 1293 192 207 1295 1294 207 191 1292 1295 192 193 1297 1296 193 209 1298 1297 209 208 1299 1298 208 192 1296 1299 193 194 1301 1300 194 210 1302 1301 210 209 1303 1302 209 193 1300 1303 194 195 1305 1304 195 211 1306 1305 211 210 1307 1306 210 194 1304 1307 195 196 1309 1308 196 212 1310 1309 212 211 1311 1310 211 195 1308 1311 196 197 1313 1312 197 213 1314 1313 213 212 1315 1314 212 196 1312 1315 197 198 1317 1316 198 214 1318 1317 214 213 1319 1318 213 197 1316 1319 198 199 1321 1320 199 215 1322 1321 215 214 1323 1322 214 198 1320 1323 199 200 1325 1324 200 216 1326 1325 216 215 1327 1326 215 199 1324 1327 200 201 1329 1328 201 217 1330 1329 217 216 1331 1330 216 200 1328 1331 201 202 1333 1332 202 218 1334 1333 218 217 1335 1334 217 201 1332 1335 202 203 1337 1336 203 219 1338 1337 219 218 1339 1338 218 202 1336 1339 203 204 1341 1340 204 220 1342 1341 220 219 1343 1342 219 203 1340 1343 204 205 1345 1344 205 221 1346 1345 221 220 1347 1346 220 204 1344 1347 205 206 1349 1348 206 222 1350 1349 222 221 1351 1350 221 205 1348 1351 206 207 1353 1352 207 223 1354 1353 223 222 1355 1354 222 206 1352 1355 207 192 1357 1356 192 208 1358 1357 208 223 1359 1358 223 207 1356 1359 208 209 1361 1360 209 225 1362 1361 225 224 1363 1362 224 208 1360 1363 209 210 1365 1364 210 226 1366 1365 226 225 1367 1366 225 209 1364 1367 210 211 1369 1368 211 227 1370 1369 227 226 1371 1370 226 210 1368 1371 211 212 1373 1372 212 228 1374 1373 228 227 1375 1374 227 211 1372 1375 212 213 1377 1376 213 229 1378 1377 229 228 1379 1378 228 212 1376 1379 213 214 1381 1380 214 230 1382 1381 230 229 1383 1382 229 213 1380 1383 214 215 1385 1384 215 231 1386 1385 231 230 1387 1386 230 214 1384 1387 215 216 1389 1388 216 232 1390 1389 232 231 1391 1390 231 215 1388 1391 216 217 1393 1392 217 233 1394 1393 233 232 1395 1394 232 216 1392 1395 217 218 1397 1396 218 234 1398 1397 234 233 1399 1398 233 217 1396 1399 218 219 1401 1400 219 235 1402 1401 235 234 1403 1402 234 218 1400 1403 219 220 1405 1404 220 236 1406 1405 236 235 1407 1406 235 219 1404 1407 220 221 1409 1408 221 237 1410 1409 237 236 1411 1410 236 220 1408 1411 221 222 1413 1412 222 238 1414 1413 238 237 1415 1414 237 221 1412 1415 222 223 1417 1416 223 239 1418 1417 239 238 1419 1418 238 222 1416 1419 223 208 1421 1420 208 224 1422 1421 224 239 1423 1422 239 223 1420 1423 224 225 1425 1424 225 241 1426 1425 241 240 1427 1426 240 224 1424 1427 225 226 1429 1428 226 242 1430 1429 242 241 1431 1430 241 225 1428 1431 226 227 1433 1432 227 243 1434 1433 243 242 1435 1434 242 226 1432 1435 227 228 1437 1436 228 244 1438 1437 244 243 1439 1438 243 227 1436 1439 228 229 1441 1440 229 245 1442 1441 245 244 1443 1442 244 228 1440 1443 229 230 1445 1444 230 246 1446 1445 246 245 1447 1446 245 229 1444 1447 230 231 1449 1448 231 247 1450 1449 247 246 1451 1450 246 230 1448 1451 231 232 1453 1452 232 248 1454 1453 248 247 1455 1454 247 231 1452 1455 232 233 1457 1456 233 249 1458 1457 249 248 1459 1458 248 232 1456 1459 233 234 1461 1460 234 250 1462 1461 250 249 1463 1462 249 233 1460 1463 234 235 1465 1464 235 251 1466 1465 251 250 1467 1466 250 234 1464 1467 235 236 1469 1468 236 252 1470 1469 252 251 1471 1470 251 235 1468 1471 236 237 1473 1472 237 253 1474 1473 253 252 1475 1474 252 236 1472 1475 237 238 1477 1476 238 254 1478 1477 254 253 1479 1478 253 237 1476 1479 238 239 1481 1480 239 255 1482 1481 255 254 1483 1482 254 238 1480 1483 239 224 1485 1484 224 240 1486 1485 240 255 1487 1486 255 239 1484 1487 240 241 1489 1488 241 257 1490 1489 257 256 1491 1490 256 240 1488 1491 241 242 1493 1492 242 258 1494 1493 258 257 1495 1494 257 241 1492 1495 242 243 1497 1496 243 259 1498 1497 259 258 1499 1498 258 242 1496 1499 243 244 1501 1500 244 260 1502 1501 260 259 1503 1502 259 243 1500 1503 244 245 1505 1504 245 261 1506 1505 261 260 1507 1506 260 244 1504 1507 245 246 1509 1508 246 262 1510 1509 262 261 1511 1510 261 245 1508 1511 246 247 1513 1512 247 263 1514 1513 263 262 1515 1514 262 246 1512 1515 247 248 1517 1516 248 264 1518 1517 264 263 1519 1518 263 247 1516 1519 248 249 1521 1520 249 265 1522 1521 265 264 1523 1522 264 248 1520 1523 249 250 1525 1524 250 266 1526 1525 266 265 1527 1526 265 249 1524 1527 250 251 1529 1528 251 267 1530 1529 267 266 1531 1530 266 250 1528 1531 251 252 1533 1532 252 268 1534 1533 268 267 1535 1534 267 251 1532 1535 252 253 1537 1536 253 269 1538 1537 269 268 1539 1538 268 252 1536 1539 253 254 1541 1540 254 270 1542 1541 270 269 1543 1542 269 253 1540 1543 254 255 1545 1544 255 271 1546 1545 271 270 1547 1546 270 254 1544 1547 255 240 1549 1548 240 256 1550 1549 256 271 1551 1550 271 255 1548 1551 256 257 1553 1552 257 273 1554 1553 273 272 1555 1554 272 256 1552 1555 257 258 1557 1556 258 274 1558 1557 274 273 1559 1558 273 257 1556 1559 258 259 1561 1560 259 275 1562 1561 275 274 1563 1562 274 258 1560 1563 259 260 1565 1564 260 276 1566 1565 276 275 1567 1566 275 259 1564 1567 260 261 1569 1568 261 277 1570 1569 277 276 1571 1570 276 260 1568 1571 261 262 1573 1572 262 278 1574 1573 278 277 1575 1574 277 261 1572 1575 262 263 1577 1576 263 279 1578 1577 279 278 1579 1578 278 262 1576 1579 263 264 1581 1580 264 280 1582 1581 280 279 1583 1582 279 263 1580 1583 264 265 1585 1584 265 281 1586 1585 281 280 1587 1586 280 264 1584 1587 265 266 1589 1588 266 282 1590 1589 282 281 1591 1590 281 265 1588 1591 266 267 1593 1592 267 283 1594 1593 283 282 1595 1594 282 266 1592 1595 267 268 1597 1596 268 284 1598 1597 284 283 1599 1598 283 267 1596 1599 268 269 1601 1600 269 285 1602 1601 285 284 1603 1602 284 268 1600 1603 269 270 1605 1604 270 286 1606 1605 286 285 1607 1606 285 269 1604 1607 270 271 1609 1608 271 287 1610 1609 287 286 1611 1610 286 270 1608 1611 271 256 1613 1612 256 272 1614 1613 272 287 1615 1614 287 271 1612 1615 272 273 1617 1616 273 289 1618 1617 289 288 1619 1618 288 272 1616 1619 273 274 1621 1620 274 290 1622 1621 290 289 1623 1622 289 273 1620 1623 274 275 1625 1624 275 291 1626 1625 291 290 1627 1626 290 274 1624 1627 275 276 1629 1628 276 292 1630 1629 292 291 1631 1630 291 275 1628 1631 276 277 1633 1632 277 293 1634 1633 293 292 1635 1634 292 276 1632 1635 277 278 1637 1636 278 294 1638 1637 294 293 1639 1638 293 277 1636 1639 278 279 1641 1640 279 295 1642 1641 295 294 1643 1642 294 278 1640 1643 279 280 1645 1644 280 296 1646 1645 296 295 1647 1646 295 279 1644 1647 280 281 1649 1648 281 297 1650 1649 297 296 1651 1650 296 280 1648 1651 281 282 1653 1652 282 298 1654 1653 298 297 1655 1654 297 281 1652 1655 282 283 1657 1656 283 299 1658 1657 299 298 1659 1658 298 282 1656 1659 283 284 1661 1660 284 300 1662 1661 300 299 1663 1662 299 283 1660 1663 284 285 1665 1664 285 301 1666 1665 301 300 1667 1666 300 284 1664 1667 285 286 1669 1668 286 302 1670 1669 302 301 1671 1670 301 285 1668 1671 286 287 1673 1672 287 303 1674 1673 303 302 1675 1674 302 286 1672 1675 287 272 1677 1676 272 288 1678 1677 288 303 1679 1678 303 287 1676 1679 288 289 1681 1680 289 305 1682 1681 305 304 1683 1682 304 288 1680 1683 289 290 1685 1684 290 306 1686 1685 306 305 1687 1686 305 289 1684 1687 290 291 1689 1688 291 307 1690 1689 307 306 1691 1690 306 290 1688 1691 291 292 1693 1692 292 308 1694 1693 308 307 1695 1694 307 291 1692 1695 292 293 1697 1696 293 309 1698 1697 309 308 1699 1698 308 292 1696 1699 293 294 1701 1700 294 310 1702 1701 310 309 1703 1702 309 293 1700 1703 294 295 1705 1704 295 311 1706 1705 311 310 1707 1706 310 294 1704 1707 295 296 1709 1708 296 312 1710 1709 312 311 1711 1710 311 295 1708 1711 296 297 1713 1712 297 313 1714 1713 313 312 1715 1714 312 296 1712 1715 297 298 1717 1716 298 314 1718 1717 314 313 1719 1718 313 297 1716 1719 298 299 1721 1720 299 315 1722 1721 315 314 1723 1722 314 298 1720 1723 299 300 1725 1724 300 316 1726 1725 316 315 1727 1726 315 299 1724 1727 300 301 1729 1728 301 317 1730 1729 317 316 1731 1730 316 300 1728 1731 301 302 1733 1732 302 318 1734 1733 318 317 1735 1734 317 301 1732 1735 302 303 1737 1736 303 319 1738 1737 319 318 1739 1738 318 302 1736 1739 303 288 1741 1740 288 304 1742 1741 304 319 1743 1742 319 303 1740 1743 304 305 1745 1744 305 321 1746 1745 321 320 1747 1746 320 304 1744 1747 305 306 1749 1748 306 322 1750 1749 322 321 1751 1750 321 305 1748 1751 306 307 1753 1752 307 323 1754 1753 323 322 1755 1754 322 306 1752 1755 307 308 1757 1756 308 324 1758 1757 324 323 1759 1758 323 307 1756 1759 308 309 1761 1760 309 325 1762 1761 325 324 1763 1762 324 308 1760 1763 309 310 1765 1764 310 326 1766 1765 326 325 1767 1766 325 309 1764 1767 310 311 1769 1768 311 327 1770 1769 327 326 1771 1770 326 310 1768 1771 311 312 1773 1772 312 328 1774 1773 328 327 1775 1774 327 311 1772 1775 312 313 1777 1776 313 329 1778 1777 329 328 1779 1778 328 312 1776 1779 313 314 1781 1780 314 330 1782 1781 330 329 1783 1782 329 313 1780 1783 314 315 1785 1784 315 331 1786 1785 331 330 1787 1786 330 314 1784 1787 315 316 1789 1788 316 332 1790 1789 332 331 1791 1790 331 315 1788 1791 316 317 1793 1792 317 333 1794 1793 333 332 1795 1794 332 316 1792 1795 317 318 1797 1796 318 334 1798 1797 334 333 1799 1798 333 317 1796 1799 318 319 1801 1800 319 335 1802 1801 335 334 1803 1802 334 318 1800 1803 319 304 1805 1804 304 320 1806 1805 320 335 1807 1806 335 319 1804 1807 320 321 1809 1808 321 337 1810 1809 337 336 1811 1810 336 320 1808 1811 321 322 1813 1812 322 338 1814 1813 338 337 1815 1814 337 321 1812 1815 322 323 1817 1816 323 339 1818 1817 339 338 1819 1818 338 322 1816 1819 323 324 1821 1820 324 340 1822 1821 340 339 1823 1822 339 323 1820 1823 324 325 1825 1824 325 341 1826 1825 341 340 1827 1826 340 324 1824 1827 325 326 1829 1828 326 342 1830 1829 342 341 1831 1830 341 325 1828 1831 326 327 1833 1832 327 343 1834 1833 343 342 1835 1834 342 326 1832 1835 327 328 1837 1836 328 344 1838 1837 344 343 1839 1838 343 327 1836 1839 328 329 1841 1840 329 345 1842 1841 345 344 1843 1842 344 328 1840 1843 329 330 1845 1844 330 346 1846 1845 346 345 1847 1846 345 329 1844 1847 330 331 1849 1848 331 347 1850 1849 347 346 1851 1850 346 330 1848 1851 331 332 1853 1852 332 348 1854 1853 348 347 1855 1854 347 331 1852 1855 332 333 1857 1856 333 349 1858 1857 349 348 1859 1858 348 332 1856 1859 333 334 1861 1860 334 350 1862 1861 350 349 1863 1862 349 333 1860 1863 334 335 1865 1864 335 351 1866 1865 351 350 1867 1866 350 334 1864 1867 335 320 1869 1868 320 336 1870 1869 336 351 1871 1870 351 335 1868 1871 336 337 1873 1872 337 353 1874 1873 353 352 1875 1874 352 336 1872 1875 337 338 1877 1876 338 354 1878 1877 354 353 1879 1878 353 337 1876 1879 338 339 1881 1880 339 355 1882 1881 355 354 1883 1882 354 338 1880 1883 339 340 1885 1884 340 356 1886 1885 356 355 1887 1886 355 339 1884 1887 340 341 1889 1888 341 357 1890 1889 357 356 1891 1890 356 340 1888 1891 341 342 1893 1892 342 358 1894 1893 358 357 1895 1894 357 341 1892 1895 342 343 1897 1896 343 359 1898 1897 359 358 1899 1898 358 342 1896 1899 343 344 1901 1900 344 360 1902 1901 360 359 1903 1902 359 343 1900 1903 344 345 1905 1904 345 361 1906 1905 361 360 1907 1906 360 344 1904 1907 345 346 1909 1908 346 362 1910 1909 362 361 1911 1910 361 345 1908 1911 346 347 1913 1912 347 363 1914 1913 363 362 1915 1914 362 346 1912 1915 347 348 1917 1916 348 364 1918 1917 364 363 1919 1918 363 347 1916 1919 348 349 1921 1920 349 365 1922 1921 365 364 1923 1922 364 348 1920 1923 349 350 1925 1924 350 366 1926 1925 366 365 1927 1926 365 349 1924 1927 350 351 1929 1928 351 367 1930 1929 367 366 1931 1930 366 350 1928 1931 351 336 1933 1932 336 352 1934 1933 352 367 1935 1934 367 351 1932 1935 352 353 1937 1936 353 369 1938 1937 369 368 1939 1938 368 352 1936 1939 353 354 1941 1940 354 370 1942 1941 370 369 1943 1942 369 353 1940 1943 354 355 1945 1944 355 371 1946 1945 371 370 1947 1946 370 354 1944 1947 355 356 1949 1948 356 372 1950 1949 372 371 1951 1950 371 355 1948 1951 356 357 1953 1952 357 373 1954 1953 373 372 1955 1954 372 356 1952 1955 357 358 1957 1956 358 374 1958 1957 374 373 1959 1958 373 357 1956 1959 358 359 1961 1960 359 375 1962 1961 375 374 1963 1962 374 358 1960 1963 359 360 1965 1964 360 376 1966 1965 376 375 1967 1966 375 359 1964 1967 360 361 1969 1968 361 377 1970 1969 377 376 1971 1970 376 360 1968 1971 361 362 1973 1972 362 378 1974 1973 378 377 1975 1974 377 361 1972 1975 362 363 1977 1976 363 379 1978 1977 379 378 1979 1978 378 362 1976 1979 363 364 1981 1980 364 380 1982 1981 380 379 1983 1982 379 363 1980 1983 364 365 1985 1984 365 381 1986 1985 381 380 1987 1986 380 364 1984 1987 365 366 1989 1988 366 382 1990 1989 382 381 1991 1990 381 365 1988 1991 366 367 1993 1992 367 383 1994 1993 383 382 1995 1994 382 366 1992 1995 367 352 1997 1996 352 368 1998 1997 368 383 1999 1998 383 367 1996 1999 368 369 2001 2000 369 385 2002 2001 385 384 2003 2002 384 368 2000 2003 369 370 2005 2004 370 386 2006 2005 386 385 2007 2006 385 369 2004 2007 370 371 2009 2008 371 387 2010 2009 387 386 2011 2010 386 370 2008 2011 371 372 2013 2012 372 388 2014 2013 388 387 2015 2014 387 371 2012 2015 372 373 2017 2016 373 389 2018 2017 389 388 2019 2018 388 372 2016 2019 373 374 2021 2020 374 390 2022 2021 390 389 2023 2022 389 373 2020 2023 374 375 2025 2024 375 391 2026 2025 391 390 2027 2026 390 374 2024 2027 375 376 2029 2028 376 392 2030 2029 392 391 2031 2030 391 375 2028 2031 376 377 2033 2032 377 393 2034 2033 393 392 2035 2034 392 376 2032 2035 377 378 2037 2036 378 394 2038 2037 394 393 2039 2038 393 377 2036 2039 378 379 2041 2040 379 395 2042 2041 395 394 2043 2042 394 378 2040 2043 379 380 2045 2044 380 396 2046 2045 396 395 2047 2046 395 379 2044 2047 380 381 2049 2048 381 397 2050 2049 397 396 2051 2050 396 380 2048 2051 381 382 2053 2052 382 398 2054 2053 398 397 2055 2054 397 381 2052 2055 382 383 2057 2056 383 399 2058 2057 399 398 2059 2058 398 382 2056 2059 383 368 2061 2060 368 384 2062 2061 384 399 2063 2062 399 383 2060 2063 384 385 2065 2064 385 401 2066 2065 401 400 2067 2066 400 384 2064 2067 385 386 2069 2068 386 402 2070 2069 402 401 2071 2070 401 385 2068 2071 386 387 2073 2072 387 403 2074 2073 403 402 2075 2074 402 386 2072 2075 387 388 2077 2076 388 404 2078 2077 404 403 2079 2078 403 387 2076 2079 388 389 2081 2080 389 405 2082 2081 405 404 2083 2082 404 388 2080 2083 389 390 2085 2084 390 406 2086 2085 406 405 2087 2086 405 389 2084 2087 390 391 2089 2088 391 407 2090 2089 407 406 2091 2090 406 390 2088 2091 391 392 2093 2092 392 408 2094 2093 408 407 2095 2094 407 391 2092 2095 392 393 2097 2096 393 409 2098 2097 409 408 2099 2098 408 392 2096 2099 393 394 2101 2100 394 410 2102 2101 410 409 2103 2102 409 393 2100 2103 394 395 2105 2104 395 411 2106 2105 411 410 2107 2106 410 394 2104 2107 395 396 2109 2108 396 412 2110 2109 412 411 2111 2110 411 395 2108 2111 396 397 2113 2112 397 413 2114 2113 413 412 2115 2114 412 396 2112 2115 397 398 2117 2116 398 414 2118 2117 414 413 2119 2118 413 397 2116 2119 398 399 2121 2120 399 415 2122 2121 415 414 2123 2122 414 398 2120 2123 399 384 2125 2124 384 400 2126 2125 400 415 2127 2126 415 399 2124 2127 400 401 2129 2128 401 417 2130 2129 417 416 2131 2130 416 400 2128 2131 401 402 2133 2132 402 418 2134 2133 418 417 2135 2134 417 401 2132 2135 402 403 2137 2136 403 419 2138 2137 419 418 2139 2138 418 402 2136 2139 403 404 2141 2140 404 420 2142 2141 420 419 2143 2142 419 403 2140 2143 404 405 2145 2144 405 421 2146 2145 421 420 2147 2146 420 404 2144 2147 405 406 2149 2148 406 422 2150 2149 422 421 2151 2150 421 405 2148 2151 406 407 2153 2152 407 423 2154 2153 423 422 2155 2154 422 406 2152 2155 407 408 2157 2156 408 424 2158 2157 424 423 2159 2158 423 407 2156 2159 408 409 2161 2160 409 425 2162 2161 425 424 2163 2162 424 408 2160 2163 409 410 2165 2164 410 426 2166 2165 426 425 2167 2166 425 409 2164 2167 410 411 2169 2168 411 427 2170 2169 427 426 2171 2170 426 410 2168 2171 411 412 2173 2172 412 428 2174 2173 428 427 2175 2174 427 411 2172 2175 412 413 2177 2176 413 429 2178 2177 429 428 2179 2178 428 412 2176 2179 413 414 2181 2180 414 430 2182 2181 430 429 2183 2182 429 413 2180 2183 414 415 2185 2184 415 431 2186 2185 431 430 2187 2186 430 414 2184 2187 415 400 2189 2188 400 416 2190 2189 416 431 2191 2190 431 415 2188 2191 416 417 2193 2192 417 433 2194 2193 433 432 2195 2194 432 416 2192 2195 417 418 2197 2196 418 434 2198 2197 434 433 2199 2198 433 417 2196 2199 418 419 2201 2200 419 435 2202 2201 435 434 2203 2202 434 418 2200 2203 419 420 2205 2204 420 436 2206 2205 436 435 2207 2206 435 419 2204 2207 420 421 2209 2208 421 437 2210 2209 437 436 2211 2210 436 420 2208 2211 421 422 2213 2212 422 438 2214 2213 438 437 2215 2214 437 421 2212 2215 422 423 2217 2216 423 439 2218 2217 439 438 2219 2218 438 422 2216 2219 423 424 2221 2220 424 440 2222 2221 440 439 2223 2222 439 423 2220 2223 424 425 2225 2224 425 441 2226 2225 441 440 2227 2226 440 424 2224 2227 425 426 2229 2228 426 442 2230 2229 442 441 2231 2230 441 425 2228 2231 426 427 2233 2232 427 443 2234 2233 443 442 2235 2234 442 426 2232 2235 427 428 2237 2236 428 444 2238 2237 444 443 2239 2238 443 427 2236 2239 428 429 2241 2240 429 445 2242 2241 445 444 2243 2242 444 428 2240 2243 429 430 2245 2244 430 446 2246 2245 446 445 2247 2246 445 429 2244 2247 430 431 2249 2248 431 447 2250 2249 447 446 2251 2250 446 430 2248 2251 431 416 2253 2252 416 432 2254 2253 432 447 2255 2254 447 431 2252 2255 432 433 2257 2256 433 449 2258 2257 449 448 2259 2258 448 432 2256 2259 433 434 2261 2260 434 450 2262 2261 450 449 2263 2262 449 433 2260 2263 434 435 2265 2264 435 451 2266 2265 451 450 2267 2266 450 434 2264 2267 435 436 2269 2268 436 452 2270 2269 452 451 2271 2270 451 435 2268 2271 436 437 2273 2272 437 453 2274 2273 453 452 2275 2274 452 436 2272 2275 437 438 2277 2276 438 454 2278 2277 454 453 2279 2278 453 437 2276 2279 438 439 2281 2280 439 455 2282 2281 455 454 2283 2282 454 438 2280 2283 439 440 2285 2284 440 456 2286 2285 456 455 2287 2286 455 439 2284 2287 440 441 2289 2288 441 457 2290 2289 457 456 2291 2290 456 440 2288 2291 441 442 2293 2292 442 458 2294 2293 458 457 2295 2294 457 441 2292 2295 442 443 2297 2296 443 459 2298 2297 459 458 2299 2298 458 442 2296 2299 443 444 2301 2300 444 460 2302 2301 460 459 2303 2302 459 443 2300 2303 444 445 2305 2304 445 461 2306 2305 461 460 2307 2306 460 444 2304 2307 445 446 2309 2308 446 462 2310 2309 462 461 2311 2310 461 445 2308 2311 446 447 2313 2312 447 463 2314 2313 463 462 2315 2314 462 446 2312 2315 447 432 2317 2316 432 448 2318 2317 448 463 2319 2318 463 447 2316 2319 448 449 2321 2320 449 465 2322 2321 465 464 2323 2322 464 448 2320 2323 449 450 2325 2324 450 466 2326 2325 466 465 2327 2326 465 449 2324 2327 450 451 2329 2328 451 467 2330 2329 467 466 2331 2330 466 450 2328 2331 451 452 2333 2332 452 468 2334 2333 468 467 2335 2334 467 451 2332 2335 452 453 2337 2336 453 469 2338 2337 469 468 2339 2338 468 452 2336 2339 453 454 2341 2340 454 470 2342 2341 470 469 2343 2342 469 453 2340 2343 454 455 2345 2344 455 471 2346 2345 471 470 2347 2346 470 454 2344 2347 455 456 2349 2348 456 472 2350 2349 472 471 2351 2350 471 455 2348 2351 456 457 2353 2352 457 473 2354 2353 473 472 2355 2354 472 456 2352 2355 457 458 2357 2356 458 474 2358 2357 474 473 2359 2358 473 457 2356 2359 458 459 2361 2360 459 475 2362 2361 475 474 2363 2362 474 458 2360 2363 459 460 2365 2364 460 476 2366 2365 476 475 2367 2366 475 459 2364 2367 460 461 2369 2368 461 477 2370 2369 477 476 2371 2370 476 460 2368 2371 461 462 2373 2372 462 478 2374 2373 478 477 2375 2374 477 461 2372 2375 462 463 2377 2376 463 479 2378 2377 479 478 2379 2378 478 462 2376 2379 463 448 2381 2380 448 464 2382 2381 464 479 2383 2382 479 463 2380 2383 464 465 2385 2384 465 481 2386 2385 481 480 2387 2386 480 464 2384 2387 465 466 2389 2388 466 482 2390 2389 482 481 2391 2390 481 465 2388 2391 466 467 2393 2392 467 483 2394 2393 483 482 2395 2394 482 466 2392 2395 467 468 2397 2396 468 484 2398 2397 484 483 2399 2398 483 467 2396 2399 468 469 2401 2400 469 485 2402 2401 485 484 2403 2402 484 468 2400 2403 469 470 2405 2404 470 486 2406 2405 486 485 2407 2406 485 469 2404 2407 470 471 2409 2408 471 487 2410 2409 487 486 2411 2410 486 470 2408 2411 471 472 2413 2412 472 488 2414 2413 488 487 2415 2414 487 471 2412 2415 472 473 2417 2416 473 489 2418 2417 489 488 2419 2418 488 472 2416 2419 473 474 2421 2420 474 490 2422 2421 490 489 2423 2422 489 473 2420 2423 474 475 2425 2424 475 491 2426 2425 491 490 2427 2426 490 474 2424 2427 475 476 2429 2428 476 492 2430 2429 492 491 2431 2430 491 475 2428 2431 476 477 2433 2432 477 493 2434 2433 493 492 2435 2434 492 476 2432 2435 477 478 2437 2436 478 494 2438 2437 494 493 2439 2438 493 477 2436 2439 478 479 2441 2440 479 495 2442 2441 495 494 2443 2442 494 478 2440 2443 479 464 2445 2444 464 480 2446 2445 480 495 2447 2446 495 479 2444 2447 480 481 2449 2448 481 497 2450 2449 497 496 2451 2450 496 480 2448 2451 481 482 2453 2452 482 498 2454 2453 498 497 2455 2454 497 481 2452 2455 482 483 2457 2456 483 499 2458 2457 499 498 2459 2458 498 482 2456 2459 483 484 2461 2460 484 500 2462 2461 500 499 2463 2462 499 483 2460 2463 484 485 2465 2464 485 501 2466 2465 501 500 2467 2466 500 484 2464 2467 485 486 2469 2468 486 502 2470 2469 502 501 2471 2470 501 485 2468 2471 486 487 2473 2472 487 503 2474 2473 503 502 2475 2474 502 486 2472 2475 487 488 2477 2476 488 504 2478 2477 504 503 2479 2478 503 487 2476 2479 488 489 2481 2480 489 505 2482 2481 505 504 2483 2482 504 488 2480 2483 489 490 2485 2484 490 506 2486 2485 506 505 2487 2486 505 489 2484 2487 490 491 2489 2488 491 507 2490 2489 507 506 2491 2490 506 490 2488 2491 491 492 2493 2492 492 508 2494 2493 508 507 2495 2494 507 491 2492 2495 492 493 2497 2496 493 509 2498 2497 509 508 2499 2498 508 492 2496 2499 493 494 2501 2500 494 510 2502 2501 510 509 2503 2502 509 493 2500 2503 494 495 2505 2504 495 511 2506 2505 511 510 2507 2506 510 494 2504 2507 495 480 2509 2508 480 496 2510 2509 496 511 2511 2510 511 495 2508 2511 496 497 2513 2512 497 513 2514 2513 513 512 2515 2514 512 496 2512 2515 497 498 2517 2516 498 514 2518 2517 514 513 2519 2518 513 497 2516 2519 498 499 2521 2520 499 515 2522 2521 515 514 2523 2522 514 498 2520 2523 499 500 2525 2524 500 516 2526 2525 516 515 2527 2526 515 499 2524 2527 500 501 2529 2528 501 517 2530 2529 517 516 2531 2530 516 500 2528 2531 501 502 2533 2532 502 518 2534 2533 518 517 2535 2534 517 501 2532 2535 502 503 2537 2536 503 519 2538 2537 519 518 2539 2538 518 502 2536 2539 503 504 2541 2540 504 520 2542 2541 520 519 2543 2542 519 503 2540 2543 504 505 2545 2544 505 521 2546 2545 521 520 2547 2546 520 504 2544 2547 505 506 2549 2548 506 522 2550 2549 522 521 2551 2550 521 505 2548 2551 506 507 2553 2552 507 523 2554 2553 523 522 2555 2554 522 506 2552 2555 507 508 2557 2556 508 524 2558 2557 524 523 2559 2558 523 507 2556 2559 508 509 2561 2560 509 525 2562 2561 525 524 2563 2562 524 508 2560 2563 509 510 2565 2564 510 526 2566 2565 526 525 2567 2566 525 509 2564 2567 510 511 2569 2568 511 527 2570 2569 527 526 2571 2570 526 510 2568 2571 511 496 2573 2572 496 512 2574 2573 512 527 2575 2574 527 511 2572 2575 1 0 2577 2576 0 15 2578 2577 15 14 2579 2578 14 13 2580 2579 13 12 2581 2580 12 11 2582 2581 11 10 2583 2582 10 9 2584 2583 9 8 2585 2584 8 7 2586 2585 7 6 2587 2586 6 5 2588 2587 5 4 2589 2588 4 3 2590 2589 3 2 2591 2590 2 1 2576 2591 512 513 2593 2592 513 514 2594 2593 514 515 2595 2594 515 516 2596 2595 516 517 2597 2596 517 518 2598 2597 518 519 2599 2598 519 520 2600 2599 520 521 2601 2600 521 522 2602 2601 522 523 2603 2602 523 524 2604 2603 524 525 2605 2604 525 526 2606 2605 526 527 2607 2606 527 512 2592 2607 
</DataArray>
<DataArray type="Int32" Name="offsets" format="ascii">
4 8 12 16 20 24 28 32 36 40 44 48 52 56 60 64 68 72 76 80 84 88 92 96 100 104 108 112 116 120 124 128 132 136 140 144 148 152 156 160 164 168 172 176 180 184 188 192 196 200 204 208 212 216 220 224 228 232 236 240 244 248 252 256 260 264 268 272 276 280 284 288 292 296 300 304 308 312 316 320 324 328 332 336 340 344 348 352 356 360 364 368 372 376 380 384 388 392 396 400 404 408 412 416 420 424 428 432 436 440 444 448 452 456 460 464 468 472 476 480 484 488 492 496 500 504 508 512 516 520 524 528 532 536 540 544 548 552 556 560 564 568 572 576 580 584 588 592 596 600 604 608 612 616 620 624 628 632 636 640 644 648 652 656 660 664 668 672 676 680 684 688 692 696 700 704 708 712 716 720 724 728 732 736 740 744 748 752 756 760 764 768 772 776 780 784 788 792 796 800 804 808 812 816 820 824 828 832 836 840 844 848 852 856 860 864 868 872 876 880 884 888 892 896 900 904 908 912 916 920 924 928 932 936 940 944 948 952 956 960 964 968 972 976 980 984 988 992 996 1000 1004 1008 1012 1016 1020 1024 1028 1032 1036 1040 1044 1048 1052 1056 1060 1064 1068 1072 1076 1080 1084 1088 1092 1096 1100 1104 1108 1112 1116 1120 1124 1128 1132 1136 1140 1144 1148 1152 1156 1160 1164 1168 1172 1176 1180 1184 1188 1192 1196 1200 1204 1208 1212 1216 1220 1224 1228 1232 1236 1240 1244 1248 1252 1256 1260 1264 1268 1272 1276 1280 1284 1288 1292 1296 1300 1304 1308 1312 1316 1320 1324 1328 1332 1336 1340 1344 1348 1352 1356 1360 1364 1368 1372 1376 1380 1384 1388 1392 1396 1400 1404 1408 1412 1416 1420 1424 1428 1432 1436 1440 1444 1448 1452 1456 1460 1464 1468 1472 1476 1480 1484 1488 1492 1496 1500 1504 1508 1512 1516 1520 1524 1528 1532 1536 1540 1544 1548 1552 1556 1560 1564 1568 1572 1576 1580 1584 1588 1592 1596 1600 1604 1608 1612 1616 1620 1624 1628 1632 1636 1640 1644 1648 1652 1656 1660 1664 1668 1672 1676 1680 1684 1688 1692 1696 1700 1704 1708 1712 1716 1720 1724 1728 1732 1736 1740 1744 1748 1752 1756 1760 1764 1768 1772 1776 1780 1784 1788 1792 1796 1800 1804 1808 1812 1816 1820 1824 1828 1832 1836 1840 1844 1848 1852 1856 1860 1864 1868 1872 1876 1880 1884 1888 1892 1896 1900 1904 1908 1912 1916 1920 1924 1928 1932 1936 1940 1944 1948 1952 1956 1960 1964 1968 1972 1976 1980 1984 1988 1992 1996 2000 2004 2008 2012 2016 2020 2024 2028 2032 2036 2040 2044 2048 2052 2056 2060 2064 2068 2072 2076 2080 2084 2088 2092 2096 2100 2104 2108 2112 2116 2120 2124 2128 2132 2136 2140 2144 2148 2152 2156 2160 2164 2168 2172 2176 2180 2184 2188 2192 2196 2200 2204 2208 2212 2216 2220 2224 2228 2232 2236 2240 2244 2248 2252 2256 2260 2264 2268 2272 2276 2280 2284 2288 2292 2296 2300 2304 2308 2312 2316 2320 2324 2328 2332 2336 2340 2344 2348 2352 2356 2360 2364 2368 2372 2376 2380 2384 2388 2392 2396 2400 2404 2408 2412 2416 2420 2424 2428 2432 2436 2440 2444 2448 2452 2456 2460 2464 2468 2472 2476 2480 2484 2488 2492 2496 2500 2504 2508 2512 2516 2520 2524 2528 2532 2536 2540 2544 2548 2552 2556 2560 2564 2568 2572 2576 2580 2584 2588 2592 2596 2600 2604 2608 2612 2616 2620 2624 2628 2632 2636 2640 2644 2648 2652 2656 2660 2664 2668 2672 2676 2680 2684 2688 2692 2696 2700 2704 2708 2712 2716 2720 2724 2728 2732 2736 2740 2744 2748 2752 2756 2760 2764 2768 2772 2776 2780 2784 2788 2792 2796 2800 2804 2808 2812 2816 2820 2824 2828 2832 2836 2840 2844 2848 2852 2856 2860 2864 2868 2872 2876 2880 2884 2888 2892 2896 2900 2904 2908 2912 2916 2920 2924 2928 2932 2936 2940 2944 2948 2952 2956 2960 2964 2968 2972 2976 2980 2984 2988 2992 2996 3000 3004 3008 3012 3016 3020 3024 3028 3032 3036 3040 3044 3048 3052 3056 3060 3064 3068 3072 3076 3080 3084 3088 3092 3096 3100 3104 3108 3112 3116 3120 3124 3128 3132 3136 3140 3144 3148 3152 3156 3160 3164 3168 3172 3176 3180 3184 3188 3192 3196 3200 3204 3208 3212 3216 3220 3224 3228 3232 3236 3240 3244 3248 3252 3256 3260 3264 3268 3272 3276 3280 3284 3288 3292 3296 3300 3304 3308 3312 3316 3320 3324 3328 3332 3336 3340 3344 3348 3352 3356 3360 3364 3368 3372 3376 3380 3384 3388 3392 3396 3400 3404 3408 3412 3416 3420 3424 3428 3432 3436 3440 3444 3448 3452 3456 3460 3464 3468 3472 3476 3480 3484 3488 3492 3496 3500 3504 3508 3512 3516 3520 3524 3528 3532 3536 3540 3544 3548 3552 3556 3560 3564 3568 3572 3576 3580 3584 3588 3592 3596 3600 3604 3608 3612 3616 3620 3624 3628 3632 3636 3640 3644 3648 3652 3656 3660 3664 3668 3672 3676 3680 3684 3688 3692 3696 3700 3704 3708 3712 3716 3720 3724 3728 3732 3736 3740 3744 3748 3752 3756 3760 3764 3768 3772 3776 3780 3784 3788 3792 3796 3800 3804 3808 3812 3816 3820 3824 3828 3832 3836 3840 3844 3848 3852 3856 3860 3864 3868 3872 3876 3880 3884 3888 3892 3896 3900 3904 3908 3912 3916 3920 3924 3928 3932 3936 3940 3944 3948 3952 3956 3960 3964 3968 3972 3976 3980 3984 3988 3992 3996 4000 4004 4008 4012 4016 4020 4024 4028 4032 4036 4040 4044 4048 4052 4056 4060 4064 4068 4072 4076 4080 4084 4088 4092 4096 4100 4104 4108 4112 4116 4120 4124 4128 4132 4136 4140 4144 4148 4152 4156 4160 4164 4168 4172 4176 4180 4184 4188 4192 4196 4200 4204 4208 4212 4216 4220 4224 4228 4232 4236 4240 4244 4248 4252 4256 4260 4264 4268 4272 4276 4280 4284 4288 4292 4296 4300 4304 4308 4312 4316 4320 4324 4328 4332 4336 4340 4344 4348 4352 4356 4360 4364 4368 4372 4376 4380 4384 4388 4392 4396 4400 4404 4408 4412 4416 4420 4424 4428 4432 4436 4440 4444 4448 4452 4456 4460 4464 4468 4472 4476 4480 4484 4488 4492 4496 4500 4504 4508 4512 4516 4520 4524 4528 4532 4536 4540 4544 4548 4552 4556 4560 4564 4568 4572 4576 4580 4584 4588 4592 4596 4600 4604 4608 4612 4616 4620 4624 4628 4632 4636 4640 4644 4648 4652 4656 4660 4664 4668 4672 4676 4680 4684 4688 4692 4696 4700 4704 4708 4712 4716 4720 4724 4728 4732 4736 4740 4744 4748 4752 4756 4760 4764 4768 4772 4776 4780 4784 4788 4792 4796 4800 4804 4808 4812 4816 4820 4824 4828 4832 4836 4840 4844 4848 4852 4856 4860 4864 4868 4872 4876 4880 4884 4888 4892 4896 4900 4904 4908 4912 4916 4920 4924 4928 4932 4936 4940 4944 4948 4952 4956 4960 4964 4968 4972 4976 4980 4984 4988 4992 4996 5000 5004 5008 5012 5016 5020 5024 5028 5032 5036 5040 5044 5048 5052 5056 5060 5064 5068 5072 5076 5080 5084 5088 5092 5096 5100 5104 5108 5112 5116 5120 5124 5128 5132 5136 5140 5144 5148 5152 5156 5160 5164 5168 5172 5176 5180 5184 5188 5192 5196 5200 5204 5208 5212 5216 5220 5224 5228 5232 5236 5240 5244 5248 5252 5256 5260 5264 5268 5272 5276 5280 5284 5288 5292 5296 5300 5304 5308 5312 5316 5320 5324 5328 5332 5336 5340 5344 5348 5352 5356 5360 5364 5368 5372 5376 5380 5384 5388 5392 5396 5400 5404 5408 5412 5416 5420 5424 5428 5432 5436 5440 5444 5448 5452 5456 5460 5464 5468 5472 5476 5480 5484 5488 5492 5496 5500 5504 5508 5512 5516 5520 5524 5528 5532 5536 5540 5544 5548 5552 5556 5560 5564 5568 5572 5576 5580 5584 5588 5592 5596 5600 5604 5608 5612 5616 5620 5624 5628 5632 5636 5640 5644 5648 5652 5656 5660 5664 5668 5672 5676 5680 5684 5688 5692 5696 5700 5704 5708 5712 5716 5720 5724 5728 5732 5736 5740 5744 5748 5752 5756 5760 5764 5768 5772 5776 5780 5784 5788 5792 5796 5800 5804 5808 5812 5816 5820 5824 5828 5832 5836 5840 5844 5848 5852 5856 5860 5864 5868 5872 5876 5880 5884 5888 5892 5896 5900 5904 5908 5912 5916 5920 5924 5928 5932 5936 5940 5944 5948 5952 5956 5960 5964 5968 5972 5976 5980 5984 5988 5992 5996 6000 6004 6008 6012 6016 6020 6024 6028 6032 6036 6040 6044 6048 6052 6056 6060 6064 6068 6072 6076 6080 6084 6088 6092 6096 6100 6104 6108 6112 6116 6120 6124 6128 6132 6136 6140 6144 6148 6152 6156 6160 6164 6168 6172 6176 6180 6184 6188 6192 6196 6200 6204 6208 6212 6216 6220 6224 6228 6232 6236 6240 6244 6248 6252 6256 6260 6264 6268 6272 6276 6280 6284 6288 6292 6296 6300 6304 6308 6312 6316 6320 6324 6328 6332 6336 6340 6344 6348 6352 6356 6360 6364 6368 6372 6376 6380 6384 6388 6392 6396 6400 6404 6408 6412 6416 6420 6424 6428 6432 6436 6440 6444 6448 6452 6456 6460 6464 6468 6472 6476 6480 6484 6488 6492 6496 6500 6504 6508 6512 6516 6520 6524 6528 6532 6536 6540 6544 6548 6552 6556 6560 6564 6568 6572 6576 6580 6584 6588 6592 6596 6600 6604 6608 6612 6616 6620 6624 6628 6632 6636 6640 6644 6648 6652 6656 6660 6664 6668 6672 6676 6680 6684 6688 6692 6696 6700 6704 6708 6712 6716 6720 6724 6728 6732 6736 6740 6744 6748 6752 6756 6760 6764 6768 6772 6776 6780 6784 6788 6792 6796 6800 6804 6808 6812 6816 6820 6824 6828 6832 6836 6840 6844 6848 6852 6856 6860 6864 6868 6872 6876 6880 6884 6888 6892 6896 6900 6904 6908 6912 6916 6920 6924 6928 6932 6936 6940 6944 6948 6952 6956 6960 6964 6968 6972 6976 6980 6984 6988 6992 6996 7000 7004 7008 7012 7016 7020 7024 7028 7032 7036 7040 7044 7048 7052 7056 7060 7064 7068 7072 7076 7080 7084 7088 7092 7096 7100 7104 7108 7112 7116 7120 7124 7128 7132 7136 7140 7144 7148 7152 7156 7160 7164 7168 7172 7176 7180 7184 7188 7192 7196 7200 7204 7208 7212 7216 7220 7224 7228 7232 7236 7240 7244 7248 7252 7256 7260 7264 7268 7272 7276 7280 7284 7288 7292 7296 7300 7304 7308 7312 7316 7320 7324 7328 7332 7336 7340 7344 7348 7352 7356 7360 7364 7368 7372 7376 7380 7384 7388 7392 7396 7400 7404 7408 7412 7416 7420 7424 7428 7432 7436 7440 7444 7448 7452 7456 7460 7464 7468 7472 7476 7480 7484 7488 7492 7496 7500 7504 7508 7512 7516 7520 7524 7528 7532 7536 7540 7544 7548 7552 7556 7560 7564 7568 7572 7576 7580 7584 7588 7592 7596 7600 7604 7608 7612 7616 7620 7624 7628 7632 7636 7640 7644 7648 7652 7656 7660 7664 7668 7672 7676 7680 7684 7688 7692 7696 7700 7704 7708 7712 7716 7720 7724 7728 7732 7736 7740 7744 7748 7752 7756 7760 7764 7768 7772 7776 7780 7784 7788 7792 7796 7800 7804 7808 7812 7816 7820 7824 7828 7832 7836 7840 7844 7848 7852 7856 7860 7864 7868 7872 7876 7880 7884 7888 7892 7896 7900 7904 7908 7912 7916 7920 7924 7928 7932 7936 7940 7944 7948 7952 7956 7960 7964 7968 7972 7976 7980 7984 7988 7992 7996 8000 8004 8008 8012 8016 8020 8024 8028 8032 8036 8040 8044 8048 8052 8056 8060 8064 8068 8072 8076 8080 8084 8088 8092 8096 8100 8104 8108 8112 8116 8120 8124 8128 8132 8136 8140 8144 8148 8152 8156 8160 8164 8168 8172 8176 8180 8184 8188 8192 8196 8200 8204 8208 8212 8216 8220 8224 8228 8232 8236 8240 8244 8248 8252 8256 8260 8264 8268 8272 8276 8280 8284 8288 8292 8296 8300 8304 8308 8312 8316 8320 
</DataArray>
<DataArray type="UInt8" Name="types" format="ascii">
7 7 7 7 7 7 7 7 7 7 7 7 7 7 7 7 7 7 7 7 7 7 7 7 7 7 7 7 7 7 7 7 7 7 7 7 7 7 7 7 7 7 7 7 7 7 7 7 7 7 7 7 7 7 7 7 7 7 7 7 7 7 7 7 7 7 7 7 7 7 7 7 7 7 7 7 7 7 7 7 7 7 7 7 7 7 7 7 7 7 7 7 7 7 7 7 7 7 7 7 7 7 7 7 7 7 7 7 7 7 7 7 7 7 7 7 7 7 7 7 7 7 7 7 7 7 7 7 7 7 7 7 7 7 7 7 7 7 7 7 7 7 7 7 7 7 7 7 7 7 7 7 7 7 7 7 7 7 7 7 7 7 7 7 7 7 7 7 7 7 7 7 7 7 7 7 7 7 7 7 7 7 7 7 7 7 7 7 7 7 7 7 7 7 7 7 7 7 7 7 7 7 7 7 7 7 7 7 7 7 7 7 7 7 7 7 7 7 7 7 7 7 7 7 7 7 7 7 7 7 7 7 7 7 7 7 7 7 7 7 7 7 7 7 7 7 7 7 7 7 7 7 7 7 7 7 7 7 7 7 7 7 7 7 7 7 7 7 7 7 7 7 7 7 7 7 7 7 7 7 7 7 7 7 7 7 7 7 7 7 7 7 7 7 7 7 7 7 7 7 7 7 7 7 7 7 7 7 7 7 7 7 7 7 7 7 7 7 7 7 7 7 7 7 7 7 7 7 7 7 7 7 7 7 7 7 7 7 7 7 7 7 7 7 7 7 7 7 7 7 7 7 7 7 7 7 7 7 7 7 7 7 7 7 7 7 7 7 7 7 7 7 7 7 7 7 7 7 7 7 7 7 7 7 7 7 7 7 7 7 7 7 7 7 7 7 7 7 7 7 7 7 7 7 7 7 7 7 7 7 7 7 7 7 7 7 7 7 7 7 7 7 7 7 7 7 7 7 7 7 7 7 7 7 7 7 7 7 7 7 7 7 7 7 7 7 7 7 7 7 7 7 7 7 7 7 7 7 7 7 7 7 7 7 7 7 7 7 7 7 7 7 7 7 7 7 7 7 7 7 7 7 7 7 7 7 7 7 7 7 7 7 7 7 7 7 7 7 7 7 7 7 7 7 7 7 7 7 7 7 7 7 7 7 7 7 7 7 7 7 7 7 7 7 7 7 7 7 7 7 7 7 7 7 7 7 7 7 7 7 7 7 7 7 7 7 7 7 7 7 7 7 7 7 7 7 7 7 7 7 7 7 7 7 7 7 7 7 7 7 7 7 7 7 7 7 7 7 7 7 7 7 7 7 7 7 7 7 7 7 7 7 7 7 7 7 7 7 7 7 7 7 7 7 7 7 7 7 7 7 7 7 7 7 7 7 7 7 7 7 7 7 7 7 7 7 7 7 7 7 7 7 7 7 7 7 7 7 7 7 7 7 7 7 7 7 7 7 7 7 7 7 7 7 7 7 7 7 7 7 7 7 7 7 7 7 7 7 7 7 7 7 7 7 7 7 7 7 7 7 7 7 7 7 7 7 7 7 7 7 7 7 7 7 7 7 7 7 7 7 7 7 7 7 7 7 7 7 7 7 7 7 7 7 7 7 7 7 7 7 7 7 7 7 7 7 7 7 7 7 7 7 7 7 7 7 7 7 7 7 7 7 7 7 7 7 7 7 7 7 7 7 7 7 7 7 7 7 7 7 7 7 7 7 7 7 7 7 7 7 7 7 7 7 7 7 7 7 7 7 7 7 7 7 7 7 7 7 7 7 7 7 7 7 7 7 7 7 7 7 7 7 7 7 7 7 7 7 7 7 7 7 7 7 7 7 7 7 7 7 7 7 7 7 7 7 7 7 7 7 7 7 7 7 7 7 7 7 7 7 7 7 7 7 7 7 7 7 7 7 7 7 7 7 7 7 7 7 7 7 7 7 7 7 7 7 7 7 7 7 7 7 7 7 7 7 7 7 7 7 7 7 7 7 7 7 7 7 7 7 7 7 7 7 7 7 7 7 7 7 7 7 7 7 7 7 7 7 7 7 7 7 7 7 7 7 7 7 7 7 7 7 7 7 7 7 7 7 7 7 7 7 7 7 7 7 7 7 7 7 7 7 7 7 7 7 7 7 7 7 7 7 7 7 7 7 7 7 7 7 7 7 7 7 7 7 7 7 7 7 7 7 7 7 7 7 7 7 7 7 7 7 7 7 7 7 7 7 7 7 7 7 7 7 7 7 7 7 7 7 7 7 7 7 7 7 7 7 7 7 7 7 7 7 7 7 7 7 7 7 7 7 7 7 7 7 7 7 7 7 7 7 7 7 7 7 7 7 7 7 7 7 7 7 7 7 7 7 7 7 7 7 7 7 7 7 7 7 7 7 7 7 7 7 7 7 7 7 7 7 7 7 7 7 7 7 7 7 7 7 7 7 7 7 7 7 7 7 7 7 7 7 7 7 7 7 7 7 7 7 7 7 7 7 7 7 7 7 7 7 7 7 7 7 7 7 7 7 7 7 7 7 7 7 7 7 7 7 7 7 7 7 7 7 7 7 7 7 7 7 7 7 7 7 7 7 7 7 7 7 7 7 7 7 7 7 7 7 7 7 7 7 7 7 7 7 7 7 7 7 7 7 7 7 7 7 7 7 7 7 7 7 7 7 7 7 7 7 7 7 7 7 7 7 7 7 7 7 7 7 7 7 7 7 7 7 7 7 7 7 7 7 7 7 7 7 7 7 7 7 7 7 7 7 7 7 7 7 7 7 7 7 7 7 7 7 7 7 7 7 7 7 7 7 7 7 7 7 7 7 7 7 7 7 7 7 7 7 7 7 7 7 7 7 7 7 7 7 7 7 7 7 7 7 7 7 7 7 7 7 7 7 7 7 7 7 7 7 7 7 7 7 7 7 7 7 7 7 7 7 7 7 7 7 7 7 7 7 7 7 7 7 7 7 7 7 7 7 7 7 7 7 7 7 7 7 7 7 7 7 7 7 7 7 7 7 7 7 7 7 7 7 7 7 7 7 7 7 7 7 7 7 7 7 7 7 7 7 7 7 7 7 7 7 7 7 7 7 7 7 7 7 7 7 7 7 7 7 7 7 7 7 7 7 7 7 7 7 7 7 7 7 7 7 7 7 7 7 7 7 7 7 7 7 7 7 7 7 7 7 7 7 7 7 7 7 7 7 7 7 7 7 7 7 7 7 7 7 7 7 7 7 7 7 7 7 7 7 7 7 7 7 7 7 7 7 7 7 7 7 7 7 7 7 7 7 7 7 7 7 7 7 7 7 7 7 7 7 7 7 7 7 7 7 7 7 7 7 7 7 7 7 7 7 7 7 7 7 7 7 7 7 7 7 7 7 7 7 7 7 7 7 7 7 7 7 7 7 7 7 7 7 7 7 7 7 7 7 7 7 7 7 7 7 7 7 7 7 7 7 7 7 7 7 7 7 7 7 7 7 7 7 7 7 7 7 7 7 7 7 7 7 7 7 7 7 7 7 7 7 7 7 7 7 7 7 7 7 7 7 7 7 7 7 7 7 7 7 7 7 7 7 7 7 7 7 7 7 7 7 7 7 7 7 7 7 7 7 7 7 7 7 7 7 7 7 7 7 7 7 7 7 7 7 7 7 7 7 7 7 7 7 7 7 7 7 7 7 7 7 7 7 7 7 7 7 7 7 7 7 7 7 7 7 7 7 7 7 7 7 7 7 7 7 7 7 7 7 7 7 7 7 7 7 7 7 7 7 7 7 7 7 7 7 7 7 7 7 7 7 7 7 7 7 7 7 7 7 7 7 7 7 7 7 7 7 7 7 7 7 7 7 7 7 7 7 7 7 7 7 7 7 7 7 7 7 7 7 7 7 7 7 7 7 7 7 7 7 7 7 7 7 7 7 7 7 7 7 7 7 7 7 7 7 7 7 7 7 7 7 7 7 7 7 7 7 7 7 7 7 7 7 7 7 7 7 7 7 7 7 7 7 7 7 7 7 7 7 7 7 7 7 7 7 7 7 7 7 7 7 7 7 7 7 7 7 7 7 7 7 7 7 7 7 7 7 7 7 7 7 7 7 7 7 7 7 7 7 7 7 7 7 7 7 7 7 7 7 7 7 7 7 7 7 7 7 7 7 7 7 7 7 7 7 7 7 7 7 7 7 7 7 7 7 7 7 7 7 7 7 7 7 7 7 7 7 7 7 7 7 7 7 7 7 7 7 7 7 7 7 7 7 7 7 7 7 7 7 7 7 7 7 7 7 7 7 7 7 7 7 7 7 7 7 7 7 7 7 7 7 7 7 7 7 7 7 7 7 7 7 7 7 7 7 7 7 7 7 7 7 7 7 7 7 7 7 7 7 7 7 7 7 7 7 7 7 7 7 7 7 7 7 7 7 7 7 7 7 7 7 7 7 7 7 7 7 7 7 7 7 7 7 7 7 7 7 7 7 7 7 7 7 7 7 7 7 7 7 7 7 7 7 7 7 7 7 7 7 7 7 7 7 7 7 7 7 7 7 7 7 7 7 7 7 7 7 7 7 7 7 7 7 7 7 7 7 7 7 7 7 7 7 7 7 7 7 7 7 7 7 7 7 7 7 7 7 7 7 7 7 7 7 7 7 7 7 7 7 7 7 7 7 7 7 7 7 7 7 7 7 7 7 7 7 7 7 7 7 7 7 
</DataArray>
</Cells>
<CellData Scalars="wall variable 0">
<DataArray type="Float64" Name="wall length" format="ascii">
29.5757 27.7939 29.5757 27.7916 29.5757 27.7445 29.5757 27.7939 29.5757 27.6904 29.5757 27.7445 29.5757 27.6894 29.5757 27.6904 29.5757 27.7101 29.5757 27.6894 29.5757 27.7472 29.5757 27.7101 29.5757 27.7718 29.5757 27.7472 29.5757 27.7746 29.5757 27.7718 29.5757 27.7848 29.5757 27.7746 29.5757 27.7629 29.5757 27.7848 29.5757 27.708 29.5757 27.7629 29.5757 27.6892 29.5757 27.708 29.5757 27.6954 29.5757 27.6892 29.5757 27.7188 29.5757 27.6954 29.5757 27.7577 29.5757 27.7188 29.5757 27.7916 29.5757 27.7577 29.5757 31.3466 29.5757 31.3837 31.2903 29.5757 31.3466 29.5757 31.2592 29.5757 31.2903 29.5757 31.266 29.5757 31.2592 29.5757 31.3139 29.5757 31.266 29.5757 31.3565 29.5757 31.3139 29.5757 31.3166 29.5757 31.3565 29.5757 31.2702 29.5757 31.3166 29.5757 31.3003 29.5757 31.2702 29.5757 31.3425 29.5757 31.3003 29.5757 31.3134 29.5757 31.3425 29.5757 31.2666 29.5757 31.3134 29.5757 31.2594 29.5757 31.2666 29.5757 31.3028 29.5757 31.2594 29.5757 31.3619 29.5757 31.3028 29.5757 29.5757 31.3837 29.5757 31.3619 29.5757 31.7333 29.5757 31.8035 29.5757 31.5984 29.5757 31.7333 29.5757 31.5087 29.5757 31.5984 29.5757 31.5229 29.5757 31.5087 29.5757 31.6206 29.5757 31.5229 29.5757 31.7351 29.5757 31.6206 29.5757 31.6517 29.5757 31.7351 29.5757 31.556 29.5757 31.6517 29.5757 31.635 29.5757 31.556 29.5757 31.7211 29.5757 31.635 29.5757 31.6182 29.5757 31.7211 29.5757 31.5246 29.5757 31.6182 29.5757 31.514 29.5757 31.5246 29.5757 31.6136 29.5757 31.514 29.5757 31.747 29.5757 31.6136 29.5757 31.8035 29.5757 31.747 29.5757 31.0712 29.5757 30.8538 29.5757 31.6744 29.5757 31.0712 29.5757 32.4966 29.5757 31.6744 29.5757 33.3812 29.5757 32.4966 29.5757 34.2009 29.5757 33.3812 29.5757 34.8469 29.5757 34.2009 29.5757 35.2666 29.5757 34.8469 29.5757 35.398 29.5757 35.2666 29.5757 35.2656 29.5757 35.398 29.5757 34.845 29.5757 35.2656 29.5757 34.2002 29.5757 34.845 29.5757 33.3824 29.5757 34.2002 29.5757 32.5005 29.5757 33.3824 29.5757 31.684 29.5757 32.5005 29.5757 31.0844 29.5757 31.684 29.5757 30.8538 29.5757 31.0844 29.5757 30.9436 29.5757 30.7194 29.5757 31.5604 29.5757 30.9436 29.5757 32.4113 29.5757 31.5604 29.5757 33.3324 29.5757 32.4113 29.5757 34.1901 29.5757 33.3324 29.5757 34.8664 29.5757 34.1901 29.5757 35.2741 29.5757 34.8664 29.5757 35.3998 29.5757 35.2741 29.5757 35.2735 29.5757 35.3998 29.5757 34.8653 29.5757 35.2735 29.5757 34.1901 29.5757 34.8653 29.5757 33.3341 29.5757 34.1901 29.5757 32.4152 29.5757 33.3341 29.5757 31.5674 29.5757 32.4152 29.5757 30.9505 29.5757 31.5674 29.5757 30.7194 29.5757 30.9505 29.5757 30.857 29.5757 30.6373 29.5757 31.4677 29.5757 30.857 29.5757 32.3314 29.5757 31.4677 29.5757 33.2832 29.5757 32.3314 29.5757 34.1745 29.5757 33.2832 29.5757 34.8721 29.5757 34.1745 29.5757 35.2791 29.5757 34.8721 29.5757 35.4021 29.5757 35.2791 29.5757 35.2787 29.5757 35.4021 29.5757 34.8716 29.5757 35.2787 29.5757 34.1748 29.5757 34.8716 29.5757 33.285 29.5757 34.1748 29.5757 32.3349 29.5757 33.285 29.5757 31.4727 29.5757 32.3349 29.5757 30.8609 29.5757 31.4727 29.5757 30.6373 29.5757 30.8609 29.5757 30.7869 29.5757 30.5698 29.5757 31.3944 29.5757 30.7869 29.5757 32.2665 29.5757 31.3944 29.5757 33.2408 29.5757 32.2665 29.5757 34.1579 29.5757 33.2408 29.5757 34.8725 29.5757 34.1579 29.5757 35.283 29.5757 34.8725 29.5757 35.4049 29.5757 35.283 29.5757 35.2827 29.5757 35.4049 29.5757 34.8723 29.5757 35.2827 29.5757 34.1585 29.5757 34.8723 29.5757 33.2429 29.5757 34.1585 29.5757 32.27 29.5757 33.2429 29.5757 31.3982 29.5757 32.27 29.5757 30.7893 29.5757 31.3982 29.5757 30.5698 29.5757 30.7893 29.5757 30.7285 29.5757 30.5127 29.5757 31.3349 29.5757 30.7285 29.5757 32.2142 29.5757 31.3349 29.5757 33.2051 29.5757 32.2142 29.5757 34.1419 29.5757 33.2051 29.5757 34.8709 29.5757 34.1419 29.5757 35.2862 29.5757 34.8709 29.5757 35.4079 29.5757 35.2862 29.5757 35.286 29.5757 35.4079 29.5757 34.8709 29.5757 35.286 29.5757 34.1427 29.5757 34.8709 29.5757 33.2068 29.5757 34.1427 29.5757 32.2167 29.5757 33.2068 29.5757 31.3378 29.5757 32.2167 29.5757 30.73 29.5757 31.3378 29.5757 30.5127 29.5757 30.73 29.5757 30.6799 29.5757 30.4644 29.5757 31.2858 29.5757 30.6799 29.5757 32.1706 29.5757 31.2858 29.5757 33.1742 29.5757 32.1706 29.5757 34.1265 29.5757 33.1742 29.5757 34.8684 29.5757 34.1265 29.5757 35.2888 29.5757 34.8684 29.5757 35.4107 29.5757 35.2888 29.5757 35.2887 29.5757 35.4107 29.5757 34.8685 29.5757 35.2887 29.5757 34.1274 29.5757 34.8685 29.5757 33.1759 29.5757 34.1274 29.5757 32.1728 29.5757 33.1759 29.5757 31.2879 29.5757 32.1728 29.5757 30.6808 29.5757 31.2879 29.5757 30.4644 29.5757 30.6808 29.5757 30.6406 29.5757 30.4245 29.5757 31.2457 29.5757 30.6406 29.5757 32.1331 29.5757 31.2457 29.5757 33.1476 29.5757 32.1331 29.5757 34.1127 29.5757 33.1476 29.5757 34.8658 29.5757 34.1127 29.5757 35.2911 29.5757 34.8658 29.5757 35.4132 29.5757 35.2911 29.5757 35.291 29.5757 35.4132 29.5757 34.866 29.5757 35.291 29.5757 34.1134 29.5757 34.866 29.5757 33.149 29.5757 34.1134 29.5757 32.1349 29.5757 33.149 29.5757 31.2473 29.5757 32.1349 29.5757 30.641 29.5757 31.2473 29.5757 30.4245 29.5757 30.641 29.5757 30.6105 29.5757 30.3937 29.5757 31.2201 29.5757 30.6105 29.5757 32.1134 29.5757 31.2201 29.5757 33.1334 29.5757 32.1134 29.5757 34.1057 29.5757 33.1334 29.5757 34.8649 29.5757 34.1057 29.5757 35.293 29.5757 34.8649 29.5757 35.4153 29.5757 35.293 29.5757 35.2929 29.5757 35.4153 29.5757 34.8651 29.5757 35.2929 29.5757 34.1064 29.5757 34.8651 29.5757 33.1346 29.5757 34.1064 29.5757 32.1149 29.5757 33.1346 29.5757 31.2213 29.5757 32.1149 29.5757 30.6105 29.5757 31.2213 29.5757 30.3937 29.5757 30.6105 29.5757 30.5883 29.5757 30.3708 29.5757 31.2003 29.5757 30.5883 29.5757 32.0971 29.5757 31.2003 29.5757 33.1217 29.5757 32.0971 29.5757 34.0998 29.5757 33.1217 29.5757 34.8642 29.5757 34.0998 29.5757 35.2946 29.5757 34.8642 29.5757 35.417 29.5757 35.2946 29.5757 35.2945 29.5757 35.417 29.5757 34.8645 29.5757 35.2945 29.5757 34.1004 29.5757 34.8645 29.5757 33.1227 29.5757 34.1004 29.5757 32.0982 29.5757 33.1227 29.5757 31.2011 29.5757 32.0982 29.5757 30.588 29.5757 31.2011 29.5757 30.3708 29.5757 30.588 29.5757 30.5729 29.5757 30.3548 29.5757 31.1863 29.5757 30.5729 29.5757 32.0853 29.5757 31.1863 29.5757 33.1132 29.5757 32.0853 29.5757 34.0957 29.5757 33.1132 29.5757 34.864 29.5757 34.0957 29.5757 35.2959 29.5757 34.864 29.5757 35.4185 29.5757 35.2959 29.5757 35.2959 29.5757 35.4185 29.5757 34.8642 29.5757 35.2959 29.5757 34.0962 29.5757 34.8642 29.5757 33.114 29.5757 34.0962 29.5757 32.0861 29.5757 33.114 29.5757 31.1868 29.5757 32.0861 29.5757 30.5722 29.5757 31.1868 29.5757 30.3548 29.5757 30.5722 29.5757 30.5635 29.5757 30.3451 29.5757 31.1776 29.5757 30.5635 29.5757 32.0781 29.5757 31.1776 29.5757 33.1082 29.5757 32.0781 29.5757 34.0934 29.5757 33.1082 29.5757 34.8642 29.5757 34.0934 29.5757 35.2971 29.5757 34.8642 29.5757 35.4196 29.5757 35.2971 29.5757 35.2971 29.5757 35.4196 29.5757 34.8644 29.5757 35.2971 29.5757 34.0939 29.5757 34.8644 29.5757 33.1088 29.5757 34.0939 29.5757 32.0787 29.5757 33.1088 29.5757 31.1778 29.5757 32.0787 29.5757 30.5626 29.5757 31.1778 29.5757 30.3451 29.5757 30.5626 29.5757 30.5599 29.5757 30.3413 29.5757 31.1744 29.5757 30.5599 29.5757 32.0754 29.5757 31.1744 29.5757 33.1065 29.5757 32.0754 29.5757 34.093 29.5757 33.1065 29.5757 34.8648 29.5757 34.093 29.5757 35.2982 29.5757 34.8648 29.5757 35.4205 29.5757 35.2982 29.5757 35.2981 29.5757 35.4205 29.5757 34.8651 29.5757 35.2981 29.5757 34.0933 29.5757 34.8651 29.5757 33.107 29.5757 34.0933 29.5757 32.0758 29.5757 33.107 29.5757 31.1744 29.5757 32.0758 29.5757 30.5589 29.5757 31.1744 29.5757 30.3413 29.5757 30.5589 29.5757 30.5624 29.5757 30.3439 29.5757 31.1767 29.5757 30.5624 29.5757 32.0775 29.5757 31.1767 29.5757 33.1082 29.5757 32.0775 29.5757 34.0944 29.5757 33.1082 29.5757 34.8661 29.5757 34.0944 29.5757 35.299 29.5757 34.8661 29.5757 35.4212 29.5757 35.299 29.5757 35.299 29.5757 35.4212 29.5757 34.8663 29.5757 35.299 29.5757 34.0946 29.5757 34.8663 29.5757 33.1085 29.5757 34.0946 29.5757 32.0776 29.5757 33.1085 29.5757 31.1765 29.5757 32.0776 29.5757 30.5614 29.5757 31.1765 29.5757 30.3439 29.5757 30.5614 29.5757 30.5708 29.5757 30.352 29.5757 31.185 29.5757 30.5708 29.5757 32.0847 29.5757 31.185 29.5757 33.1138 29.5757 32.0847 29.5757 34.098 29.5757 33.1138 29.5757 34.8679 29.5757 34.098 29.5757 35.2998 29.5757 34.8679 29.5757 35.4217 29.5757 35.2998 29.5757 35.2997 29.5757 35.4217 29.5757 34.8681 29.5757 35.2997 29.5757 34.0981 29.5757 34.8681 29.5757 33.1138 29.5757 34.0981 29.5757 32.0846 29.5757 33.1138 29.5757 31.1846 29.5757 32.0846 29.5757 30.5695 29.5757 31.1846 29.5757 30.352 29.5757 30.5695 29.5757 30.584 29.5757 30.3649 29.5757 31.198 29.5757 30.584 29.5757 32.0961 29.5757 31.198 29.5757 33.1224 29.5757 32.0961 29.5757 34.1033 29.5757 33.1224 29.5757 34.8702 29.5757 34.1033 29.5757 35.3005 29.5757 34.8702 29.5757 35.4219 29.5757 35.3005 29.5757 35.3004 29.5757 35.4219 29.5757 34.8704 29.5757 35.3004 29.5757 34.1034 29.5757 34.8704 29.5757 33.1222 29.5757 34.1034 29.5757 32.0957 29.5757 33.1222 29.5757 31.1971 29.5757 32.0957 29.5757 30.5823 29.5757 31.1971 29.5757 30.3649 29.5757 30.5823 29.5757 30.6018 29.5757 30.3827 29.5757 31.2147 29.5757 30.6018 29.5757 32.1106 29.5757 31.2147 29.5757 33.1333 29.5757 32.1106 29.5757 34.1099 29.5757 33.1333 29.5757 34.8727 29.5757 34.1099 29.5757 35.3008 29.5757 34.8727 29.5757 35.4219 29.5757 35.3008 29.5757 35.3007 29.5757 35.4219 29.5757 34.8729 29.5757 35.3007 29.5757 34.1099 29.5757 34.8729 29.5757 33.133 29.5757 34.1099 29.5757 32.1099 29.5757 33.133 29.5757 31.2134 29.5757 32.1099 29.5757 30.5996 29.5757 31.2134 29.5757 30.3827 29.5757 30.5996 29.5757 30.6235 29.5757 30.4046 29.5757 31.2353 29.5757 30.6235 29.5757 32.1283 29.5757 31.2353 29.5757 33.1466 29.5757 32.1283 29.5757 34.1177 29.5757 33.1466 29.5757 34.8754 29.5757 34.1177 29.5757 35.3009 29.5757 34.8754 29.5757 35.4215 29.5757 35.3009 29.5757 35.3008 29.5757 35.4215 29.5757 34.8756 29.5757 35.3008 29.5757 34.1176 29.5757 34.8756 29.5757 33.1461 29.5757 34.1176 29.5757 32.1273 29.5757 33.1461 29.5757 31.2336 29.5757 32.1273 29.5757 30.621 29.5757 31.2336 29.5757 30.4046 29.5757 30.621 29.5757 30.6495 29.5757 30.431 29.5757 31.2597 29.5757 30.6495 29.5757 32.1495 29.5757 31.2597 29.5757 33.1625 29.5757 32.1495 29.5757 34.1268 29.5757 33.1625 29.5757 34.8782 29.5757 34.1268 29.5757 35.3006 29.5757 34.8782 29.5757 35.4208 29.5757 35.3006 29.5757 35.3006 29.5757 35.4208 29.5757 34.8785 29.5757 35.3006 29.5757 34.1267 29.5757 34.8785 29.5757 33.1618 29.5757 34.1267 29.5757 32.1483 29.5757 33.1618 29.5757 31.2577 29.5757 32.1483 29.5757 30.6467 29.5757 31.2577 29.5757 30.431 29.5757 30.6467 29.5757 30.6802 29.5757 30.4618 29.5757 31.2888 29.5757 30.6802 29.5757 32.1748 29.5757 31.2888 29.5757 33.1812 29.5757 32.1748 29.5757 34.1374 29.5757 33.1812 29.5757 34.8812 29.5757 34.1374 29.5757 35.3 29.5757 34.8812 29.5757 35.4197 29.5757 35.3 29.5757 35.3 29.5757 35.4197 29.5757 34.8816 29.5757 35.3 29.5757 34.1372 29.5757 34.8816 29.5757 33.1804 29.5757 34.1372 29.5757 32.1732 29.5757 33.1804 29.5757 31.2865 29.5757 32.1732 29.5757 30.6771 29.5757 31.2865 29.5757 30.4618 29.5757 30.6771 29.5757 30.7158 29.5757 30.4974 29.5757 31.323 29.5757 30.7158 29.5757 32.2047 29.5757 31.323 29.5757 33.2032 29.5757 32.2047 29.5757 34.1494 29.5757 33.2032 29.5757 34.8842 29.5757 34.1494 29.5757 35.2989 29.5757 34.8842 29.5757 35.4183 29.5757 35.2989 29.5757 35.299 29.5757 35.4183 29.5757 34.8847 29.5757 35.299 29.5757 34.1492 29.5757 34.8847 29.5757 33.2023 29.5757 34.1492 29.5757 32.2029 29.5757 33.2023 29.5757 31.3203 29.5757 32.2029 29.5757 30.7123 29.5757 31.3203 29.5757 30.4974 29.5757 30.7123 29.5757 30.757 29.5757 30.5383 29.5757 31.3634 29.5757 30.757 29.5757 32.2404 29.5757 31.3634 29.5757 33.2291 29.5757 32.2404 29.5757 34.163 29.5757 33.2291 29.5757 34.8873 29.5757 34.163 29.5757 35.2974 29.5757 34.8873 29.5757 35.4163 29.5757 35.2974 29.5757 35.2976 29.5757 35.4163 29.5757 34.8879 29.5757 35.2976 29.5757 34.1628 29.5757 34.8879 29.5757 33.228 29.5757 34.1628 29.5757 32.2382 29.5757 33.228 29.5757 31.3602 29.5757 32.2382 29.5757 30.7531 29.5757 31.3602 29.5757 30.5383 29.5757 30.7531 29.5757 30.8041 29.5757 30.584 29.5757 31.4114 29.5757 30.8041 29.5757 32.2834 29.5757 31.4114 29.5757 33.2597 29.5757 32.2834 29.5757 34.178 29.5757 33.2597 29.5757 34.89 29.5757 34.178 29.5757 35.2953 29.5757 34.89 29.5757 35.4141 29.5757 35.2953 29.5757 35.2955 29.5757 35.4141 29.5757 34.8908 29.5757 35.2955 29.5757 34.1779 29.5757 34.8908 29.5757 33.2584 29.5757 34.1779 29.5757 32.2808 29.5757 33.2584 29.5757 31.4074 29.5757 32.2808 29.5757 30.7995 29.5757 31.4074 29.5757 30.584 29.5757 30.7995 29.5757 30.8578 29.5757 30.6339 29.5757 31.4689 29.5757 30.8578 29.5757 32.3356 29.5757 31.4689 29.5757 33.2954 29.5757 32.3356 29.5757 34.1939 29.5757 33.2954 29.5757 34.8918 29.5757 34.1939 29.5757 35.2924 29.5757 34.8918 29.5757 35.4115 29.5757 35.2924 29.5757 35.2927 29.5757 35.4115 29.5757 34.8927 29.5757 35.2927 29.5757 34.1939 29.5757 34.8927 29.5757 33.2941 29.5757 34.1939 29.5757 32.3325 29.5757 33.2941 29.5757 31.4638 29.5757 32.3325 29.5757 30.8519 29.5757 31.4638 29.5757 30.6339 29.5757 30.8519 29.5757 30.9162 29.5757 30.6849 29.5757 31.5363 29.5757 30.9162 29.5757 32.3974 29.5757 31.5363 29.5757 33.3353 29.5757 32.3974 29.5757 34.2086 29.5757 33.3353 29.5757 34.8905 29.5757 34.2086 29.5757 35.2883 29.5757 34.8905 29.5757 35.409 29.5757 35.2883 29.5757 35.2889 29.5757 35.409 29.5757 34.8919 29.5757 35.2889 29.5757 34.2089 29.5757 34.8919 29.5757 33.3339 29.5757 34.2089 29.5757 32.3938 29.5757 33.3339 29.5757 31.5295 29.5757 32.3938 29.5757 30.9078 29.5757 31.5295 29.5757 30.6849 29.5757 30.9078 29.5757 30.9679 29.5757 30.7248 29.5757 31.6005 29.5757 30.9679 29.5757 32.4547 29.5757 31.6005 29.5757 33.3679 29.5757 32.4547 29.5757 34.2138 29.5757 33.3679 29.5757 34.8799 29.5757 34.2138 29.5757 35.282 29.5757 34.8799 29.5757 35.4067 29.5757 35.282 29.5757 35.2829 29.5757 35.4067 29.5757 34.8819 29.5757 35.2829 29.5757 34.2144 29.5757 34.8819 29.5757 33.3667 29.5757 34.2144 29.5757 32.4505 29.5757 33.3667 29.5757 31.5914 29.5757 32.4505 29.5757 30.9554 29.5757 31.5914 29.5757 30.7248 29.5757 30.9554 29.5757 30.9455 29.5757 30.7075 29.5757 31.5624 29.5757 30.9455 29.5757 32.4054 29.5757 31.5624 29.5757 33.3181 29.5757 32.4054 29.5757 34.1647 29.5757 33.3181 29.5757 34.8311 29.5757 34.1647 29.5757 35.271 29.5757 34.8311 29.5757 35.4048 29.5757 35.271 29.5757 35.2722 29.5757 35.4048 29.5757 34.8333 29.5757 35.2722 29.5757 34.1658 29.5757 34.8333 29.5757 33.317 29.5757 34.1658 29.5757 32.401 29.5757 33.317 29.5757 31.5545 29.5757 32.401 29.5757 30.9314 29.5757 31.5545 29.5757 30.7075 29.5757 30.9314 29.5757 30.372 28.1955 30.4534 29.5757 30.1841 28.1955 30.372 29.5757 30.0593 28.1955 30.1841 29.5757 30.0963 28.1955 30.0593 29.5757 30.2491 28.1955 30.0963 29.5757 30.4033 28.1955 30.2491 29.5757 30.3083 28.1955 30.4033 29.5757 30.235 28.1955 30.3083 29.5757 30.3389 28.1955 30.235 29.5757 30.4306 28.1955 30.3389 29.5757 30.2519 28.1955 30.4306 29.5757 30.0938 28.1955 30.2519 29.5757 30.0521 28.1955 30.0938 29.5757 30.1556 28.1955 30.0521 29.5757 30.3469 28.1955 30.1556 29.5757 30.4534 28.1955 30.3469 28.1955 29.716 26.8153 29.7692 28.1955 29.5857 26.8153 29.716 28.1955 29.5054 26.8153 29.5857 28.1955 29.536 26.8153 29.5054 28.1955 29.657 26.8153 29.536 28.1955 29.7425 26.8153 29.657 28.1955 29.7164 26.8153 29.7425 28.1955 29.6994 26.8153 29.7164 28.1955 29.747 26.8153 29.6994 28.1955 29.7635 26.8153 29.747 28.1955 29.6508 26.8153 29.7635 28.1955 29.5347 26.8153 29.6508 28.1955 29.5079 26.8153 29.5347 28.1955 29.5662 26.8153 29.5079 28.1955 29.6901 26.8153 29.5662 28.1955 29.7692 26.8153 29.6901 26.8153 26.0954 25.4351 26.2383 26.8153 25.8369 25.4351 26.0954 26.8153 25.6465 25.4351 25.8369 26.8153 25.536 25.4351 25.6465 26.8153 25.4967 25.4351 25.536 26.8153 25.5413 25.4351 25.4967 26.8153 25.5353 25.4351 25.5413 26.8153 25.4639 25.4351 25.5353 26.8153 25.4531 25.4351 25.4639 26.8153 25.4737 25.4351 25.4531 26.8153 25.4897 25.4351 25.4737 26.8153 25.5347 25.4351 25.4897 26.8153 25.6547 25.4351 25.5347 26.8153 25.9035 25.4351 25.6547 26.8153 26.179 25.4351 25.9035 26.8153 26.2383 25.4351 26.179 29.5757 29.5757 29.5757 29.5757 29.5757 29.5757 29.5757 29.5757 29.5757 29.5757 29.5757 29.5757 29.5757 29.5757 29.5757 29.5757 25.4351 25.4351 25.4351 25.4351 25.4351 25.4351 25.4351 25.4351 25.4351 25.4351 25.4351 25.4351 25.4351 25.4351 25.4351 25.4351 
</DataArray>
<DataArray type="Float64" Name="wall variable 0" format="ascii">
0 1 0 1 0 1 0 1 0 1 0 1 0 1 0 1 0 1 0 1 0 1 0 1 0 1 0 1 0 1 0 1 0 1 0 1 0 1 0 1 0 1 0 1 0 1 0 1 0 1 0 1 0 1 0 1 0 1 0 1 0 1 0 1 0 1 0 1 1 0 1 0 1 0 1 0 1 0 1 0 1 0 1 0 1 0 1 0 1 0 1 0 1 0 1 0 1 0 1 0 1 0 1 0 1 0 1 0 1 0 1 0 1 0 1 0 1 0 1 0 1 0 1 0 0 1 0 1 0 1 0 1 0 1 0 1 0 1 0 1 0 1 0 1 0 1 0 1 0 1 0 1 0 1 0 1 0 1 0 1 0 1 0 1 0 1 0 1 0 1 0 1 0 1 0 1 0 1 0 1 0 1 0 1 0 1 0 1 0 1 0 1 0 1 0 1 0 1 0 1 0 1 0 1 0 1 0 1 0 1 0 1 0 1 0 1 0 1 0 1 0 1 0 1 0 1 0 1 0 1 0 1 0 1 0 1 0 1 0 1 0 1 0 1 0 1 0 1 0 1 0 1 0 1 0 1 0 1 0 1 0 1 0 1 0 1 0 1 0 1 0 1 0 1 0 1 0 1 0 1 0 1 0 1 0 1 0 1 0 1 0 1 0 1 0 1 0 1 0 1 0 1 0 1 0 1 0 1 0 1 0 1 0 1 0 1 0 1 0 1 0 1 0 1 0 1 0 1 0 1 0 1 0 1 0 1 0 1 0 1 0 1 0 1 0 1 0 1 0 1 0 1 0 1 0 1 0 1 0 1 0 1 0 1 0 1 0 1 0 1 0 1 0 1 0 1 0 1 0 1 0 1 0 1 0 1 0 1 0 1 0 1 0 1 0 1 0 1 0 1 0 1 0 1 0 1 0 1 0 1 0 1 0 1 0 1 0 1 0 1 0 1 0 1 0 1 0 1 0 1 0 1 0 1 0 1 0 1 0 1 0 1 0 1 0 1 0 1 0 1 0 1 0 1 0 1 0 1 0 1 0 1 0 1 0 1 0 1 0 1 0 1 0 1 0 1 0 1 0 1 0 1 0 1 0 1 0 1 0 1 0 1 0 1 0 1 0 1 0 1 0 1 0 1 0 1 0 1 0 1 0 1 0 1 0 1 0 1 0 1 0 1 0 1 0 1 0 1 0 1 0 1 0 1 0 1 0 1 0 1 0 1 0 1 0 1 0 1 0 1 0 1 0 1 0 1 0 1 0 1 0 1 0 1 0 1 0 1 0 1 0 1 0 1 0 1 0 1 0 1 0 1 0 1 0 1 0 1 0 1 0 1 0 1 0 1 0 1 0 1 0 1 0 1 0 1 0 1 0 1 0 1 0 1 0 1 0 1 0 1 0 1 0 1 0 1 0 1 0 1 0 1 0 1 0 1 0 1 0 1 0 1 0 1 0 1 0 1 0 1 0 1 0 1 0 1 0 1 0 1 0 1 0 1 0 1 0 1 0 1 0 1 0 1 0 1 0 1 0 1 0 1 0 1 0 1 0 1 0 1 0 1 0 1 0 1 0 1 0 1 0 1 0 1 0 1 0 1 0 1 0 1 0 1 0 1 0 1 0 1 0 1 0 1 0 1 0 1 0 1 0 1 0 1 0 1 0 1 0 1 0 1 0 1 0 1 0 1 0 1 0 1 0 1 0 1 0 1 0 1 0 1 0 1 0 1 0 1 0 1 0 1 0 1 0 1 0 1 0 1 0 1 0 1 0 1 0 1 0 1 0 1 0 1 0 1 0 1 0 1 0 1 0 1 0 1 0 1 0 1 0 1 0 1 0 1 0 1 0 1 0 1 0 1 0 1 0 1 0 1 0 1 0 1 0 1 0 1 0 1 0 1 0 1 0 1 0 1 0 1 0 1 0 1 0 1 0 1 0 1 0 1 0 1 0 1 0 1 0 1 0 1 0 1 0 1 0 1 0 1 0 1 0 1 0 1 0 1 0 1 0 1 0 1 0 1 0 1 0 1 0 1 0 1 0 1 0 1 0 1 0 1 0 1 0 1 0 1 0 1 0 1 0 1 0 1 0 1 0 1 0 1 0 1 0 1 0 1 0 1 0 1 0 1 0 1 0 1 0 1 0 1 0 1 0 1 0 1 0 1 0 1 0 1 0 1 0 1 0 1 0 1 0 1 0 1 0 1 0 1 0 1 0 1 0 1 0 1 0 1 0 1 0 1 0 1 0 1 0 1 0 1 0 1 0 1 0 1 0 1 0 1 0 1 0 1 0 1 0 1 0 1 0 1 0 1 0 1 0 1 0 1 0 1 0 1 0 1 0 1 0 1 0 1 0 1 0 1 0 1 0 1 0 1 0 1 0 1 0 1 0 1 0 1 0 1 0 1 0 1 0 1 0 1 0 1 0 1 0 1 0 1 0 1 0 1 0 1 0 1 0 1 0 1 0 1 0 1 0 1 0 1 0 1 0 1 0 1 0 1 0 1 0 1 0 1 0 1 0 1 0 1 0 1 0 1 0 1 0 1 0 1 0 1 0 1 0 1 0 1 0 1 0 1 0 1 0 1 0 1 0 1 0 1 0 1 0 1 0 1 0 1 0 1 0 1 0 1 0 1 0 1 0 1 0 1 0 1 0 1 0 1 0 1 0 1 0 1 0 1 0 1 0 1 0 1 0 1 0 1 0 1 0 1 0 1 0 1 0 1 0 1 0 1 0 1 0 1 0 1 0 1 0 1 0 1 0 1 0 1 0 1 0 1 0 1 0 1 0 1 0 1 0 1 0 1 0 1 0 1 0 1 0 1 0 1 0 1 0 1 0 1 0 1 0 1 0 1 0 1 0 1 0 1 0 1 0 1 0 1 0 1 0 1 0 1 0 1 0 1 0 1 0 1 0 1 0 1 0 1 0 1 0 1 0 1 0 1 0 1 0 1 0 1 0 1 0 1 0 1 0 1 0 1 0 1 0 1 0 1 0 1 0 1 0 1 0 1 0 1 0 1 0 1 0 1 0 1 0 1 0 1 0 1 0 1 0 1 0 1 0 1 0 1 0 1 0 1 0 1 0 1 0 1 0 1 0 1 0 1 0 1 0 1 0 1 0 1 0 1 0 1 0 1 0 1 0 1 0 1 0 1 0 1 0 1 0 1 0 1 0 1 0 1 0 1 0 1 0 1 0 1 0 1 0 1 0 1 0 1 0 1 0 1 0 1 0 1 0 1 0 1 0 1 0 1 0 1 0 1 0 1 0 1 0 1 0 1 0 1 0 1 0 1 0 1 0 1 0 1 0 1 0 1 0 1 0 1 0 1 0 1 0 1 0 1 0 1 0 1 0 1 0 1 0 1 0 1 0 1 0 1 0 1 0 1 0 1 0 1 0 1 0 1 0 1 0 1 0 1 0 1 0 1 0 1 0 1 0 1 0 1 0 1 0 1 0 1 0 1 0 1 0 1 0 1 0 1 0 1 0 1 0 1 0 1 0 1 0 1 0 1 0 1 0 1 0 1 0 1 0 1 0 1 0 1 0 1 0 1 0 1 0 1 0 1 0 1 0 1 0 1 0 1 0 1 0 1 0 1 0 1 0 1 0 1 0 1 0 1 0 1 0 1 0 1 0 1 0 1 0 1 0 1 0 1 0 1 0 1 0 1 0 1 0 1 0 1 0 1 0 1 0 1 0 1 0 1 0 1 0 1 0 1 0 1 0 1 0 1 0 1 0 1 0 1 0 1 0 1 0 1 0 1 0 1 0 1 0 1 0 1 0 1 0 1 0 1 0 1 0 1 0 1 0 1 0 1 0 1 0 1 0 1 0 1 0 1 0 1 0 1 0 1 0 1 0 1 0 1 0 1 0 1 0 1 0 1 0 1 0 1 0 1 0 1 0 1 0 1 0 1 0 1 0 1 0 1 0 1 0 1 0 1 0 1 0 1 0 1 0 1 0 1 0 1 0 1 0 1 0 1 0 1 0 1 0 1 0 1 0 1 0 1 0 1 0 1 0 1 0 1 0 1 0 1 0 1 0 1 0 1 0 1 0 1 0 1 0 1 0 1 0 1 0 1 0 1 0 1 0 1 0 1 0 1 0 1 0 1 0 1 0 1 0 1 0 1 0 1 0 1 0 1 0 1 0 1 0 1 0 1 0 1 0 1 0 1 0 1 0 1 0 1 0 1 0 1 0 1 0 1 0 1 0 1 0 1 0 1 0 1 0 1 0 1 0 1 0 1 0 1 0 1 0 1 0 1 0 1 0 1 0 1 0 1 0 1 0 1 0 1 0 1 0 1 0 1 0 1 0 1 0 1 0 1 0 1 0 1 0 1 0 1 0 1 0 1 0 1 0 1 0 1 0 1 0 1 0 1 0 1 0 1 0 1 0 1 0 1 0 1 0 1 0 1 0 1 0 1 0 1 0 1 0 1 0 1 0 1 0 1 0 1 0 1 0 1 0 1 0 1 0 1 0 1 0 1 0 1 0 1 0 1 0 1 0 1 0 1 0 1 0 1 0 1 0 1 0 1 0 1 0 1 0 1 0 1 0 1 0 1 0 1 0 1 0 1 0 1 0 1 0 1 0 1 0 1 0 0 0 0 0 0 0 0 0 0 0 0 0 0 0 0 0 0 0 0 0 0 0 0 0 0 0 0 0 0 0 0 
</DataArray>
<DataArray type="Float64" Name="wall variable 1" format="ascii">
0 1 0 1 0 1 0 1 0 1 0 1 0 1 0 1 0 1 0 1 0 1 0 1 0 1 0 1 0 1 0 1 0 1 0 1 0 1 0 1 0 1 0 1 0 1 0 1 0 1 0 1 0 1 0 1 0 1 0 1 0 1 0 1 0 1 0 1 1 0 1 0 1 0 1 0 1 0 1 0 1 0 1 0 1 0 1 0 1 0 1 0 1 0 1 0 1 0 1 0 1 0 1 0 1 0 1 0 1 0 1 0 1 0 1 0 1 0 1 0 1 0 1 0 0 1 0 1 0 1 0 1 0 1 0 1 0 1 0 1 0 1 0 1 0 1 0 1 0 1 0 1 0 1 0 1 0 1 0 1 0 1 0 1 0 1 0 1 0 1 0 1 0 1 0 1 0 1 0 1 0 1 0 1 0 1 0 1 0 1 0 1 0 1 0 1 0 1 0 1 0 1 0 1 0 1 0 1 0 1 0 1 0 1 0 1 0 1 0 1 0 1 0 1 0 1 0 1 0 1 0 1 0 1 0 1 0 1 0 1 0 1 0 1 0 1 0 1 0 1 0 1 0 1 0 1 0 1 0 1 0 1 0 1 0 1 0 1 0 1 0 1 0 1 0 1 0 1 0 1 0 1 0 1 0 1 0 1 0 1 0 1 0 1 0 1 0 1 0 1 0 1 0 1 0 1 0 1 0 1 0 1 0 1 0 1 0 1 0 1 0 1 0 1 0 1 0 1 0 1 0 1 0 1 0 1 0 1 0 1 0 1 0 1 0 1 0 1 0 1 0 1 0 1 0 1 0 1 0 1 0 1 0 1 0 1 0 1 0 1 0 1 0 1 0 1 0 1 0 1 0 1 0 1 0 1 0 1 0 1 0 1 0 1 0 1 0 1 0 1 0 1 0 1 0 1 0 1 0 1 0 1 0 1 0 1 0 1 0 1 0 1 0 1 0 1 0 1 0 1 0 1 0 1 0 1 0 1 0 1 0 1 0 1 0 1 0 1 0 1 0 1 0 1 0 1 0 1 0 1 0 1 0 1 0 1 0 1 0 1 0 1 0 1 0 1 0 1 0 1 0 1 0 1 0 1 0 1 0 1 0 1 0 1 0 1 0 1 0 1 0 1 0 1 0 1 0 1 0 1 0 1 0 1 0 1 0 1 0 1 0 1 0 1 0 1 0 1 0 1 0 1 0 1 0 1 0 1 0 1 0 1 0 1 0 1 0 1 0 1 0 1 0 1 0 1 0 1 0 1 0 1 0 1 0 1 0 1 0 1 0 1 0 1 0 1 0 1 0 1 0 1 0 1 0 1 0 1 0 1 0 1 0 1 0 1 0 1 0 1 0 1 0 1 0 1 0 1 0 1 0 1 0 1 0 1 0 1 0 1 0 1 0 1 0 1 0 1 0 1 0 1 0 1 0 1 0 1 0 1 0 1 0 1 0 1 0 1 0 1 0 1 0 1 0 1 0 1 0 1 0 1 0 1 0 1 0 1 0 1 0 1 0 1 0 1 0 1 0 1 0 1 0 1 0 1 0 1 0 1 0 1 0 1 0 1 0 1 0 1 0 1 0 1 0 1 0 1 0 1 0 1 0 1 0 1 0 1 0 1 0 1 0 1 0 1 0 1 0 1 0 1 0 1 0 1 0 1 0 1 0 1 0 1 0 1 0 1 0 1 0 1 0 1 0 1 0 1 0 1 0 1 0 1 0 1 0 1 0 1 0 1 0 1 0 1 0 1 0 1 0 1 0 1 0 1 0 1 0 1 0 1 0 1 0 1 0 1 0 1 0 1 0 1 0 1 0 1 0 1 0 1 0 1 0 1 0 1 0 1 0 1 0 1 0 1 0 1 0 1 0 1 0 1 0 1 0 1 0 1 0 1 0 1 0 1 0 1 0 1 0 1 0 1 0 1 0 1 0 1 0 1 0 1 0 1 0 1 0 1 0 1 0 1 0 1 0 1 0 1 0 1 0 1 0 1 0 1 0 1 0 1 0 1 0 1 0 1 0 1 0 1 0 1 0 1 0 1 0 1 0 1 0 1 0 1 0 1 0 1 0 1 0 1 0 1 0 1 0 1 0 1 0 1 0 1 0 1 0 1 0 1 0 1 0 1 0 1 0 1 0 1 0 1 0 1 0 1 0 1 0 1 0 1 0 1 0 1 0 1 0 1 0 1 0 1 0 1 0 1 0 1 0 1 0 1 0 1 0 1 0 1 0 1 0 1 0 1 0 1 0 1 0 1 0 1 0 1 0 1 0 1 0 1 0 1 0 1 0 1 0 1 0 1 0 1 0 1 0 1 0 1 0 1 0 1 0 1 0 1 0 1 0 1 0 1 0 1 0 1 0 1 0 1 0 1 0 1 0 1 0 1 0 1 0 1 0 1 0 1 0 1 0 1 0 1 0 1 0 1 0 1 0 1 0 1 0 1 0 1 0 1 0 1 0 1 0 1 0 1 0 1 0 1 0 1 0 1 0 1 0 1 0 1 0 1 0 1 0 1 0 1 0 1 0 1 0 1 0 1 0 1 0 1 0 1 0 1 0 1 0 1 0 1 0 1 0 1 0 1 0 1 0 1 0 1 0 1 0 1 0 1 0 1 0 1 0 1 0 1 0 1 0 1 0 1 0 1 0 1 0 1 0 1 0 1 0 1 0 1 0 1 0 1 0 1 0 1 0 1 0 1 0 1 0 1 0 1 0 1 0 1 0 1 0 1 0 1 0 1 0 1 0 1 0 1 0 1 0 1 0 1 0 1 0 1 0 1 0 1 0 1 0 1 0 1 0 1 0 1 0 1 0 1 0 1 0 1 0 1 0 1 0 1 0 1 0 1 0 1 0 1 0 1 0 1 0 1 0 1 0 1 0 1 0 1 0 1 0 1 0 1 0 1 0 1 0 1 0 1 0 1 0 1 0 1 0 1 0 1 0 1 0 1 0 1 0 1 0 1 0 1 0 1 0 1 0 1 0 1 0 1 0 1 0 1 0 1 0 1 0 1 0 1 0 1 0 1 0 1 0 1 0 1 0 1 0 1 0 1 0 1 0 1 0 1 0 1 0 1 0 1 0 1 0 1 0 1 0 1 0 1 0 1 0 1 0 1 0 1 0 1 0 1 0 1 0 1 0 1 0 1 0 1 0 1 0 1 0 1 0 1 0 1 0 1 0 1 0 1 0 1 0 1 0 1 0 1 0 1 0 1 0 1 0 1 0 1 0 1 0 1 0 1 0 1 0 1 0 1 0 1 0 1 0 1 0 1 0 1 0 1 0 1 0 1 0 1 0 1 0 1 0 1 0 1 0 1 0 1 0 1 0 1 0 1 0 1 0 1 0 1 0 1 0 1 0 1 0 1 0 1 0 1 0 1 0 1 0 1 0 1 0 1 0 1 0 1 0 1 0 1 0 1 0 1 0 1 0 1 0 1 0 1 0 1 0 1 0 1 0 1 0 1 0 1 0 1 0 1 0 1 0 1 0 1 0 1 0 1 0 1 0 1 0 1 0 1 0 1 0 1 0 1 0 1 0 1 0 1 0 1 0 1 0 1 0 1 0 1 0 1 0 1 0 1 0 1 0 1 0 1 0 1 0 1 0 1 0 1 0 1 0 1 0 1 0 1 0 1 0 1 0 1 0 1 0 1 0 1 0 1 0 1 0 1 0 1 0 1 0 1 0 1 0 1 0 1 0 1 0 1 0 1 0 1 0 1 0 1 0 1 0 1 0 1 0 1 0 1 0 1 0 1 0 1 0 1 0 1 0 1 0 1 0 1 0 1 0 1 0 1 0 1 0 1 0 1 0 1 0 1 0 1 0 1 0 1 0 1 0 1 0 1 0 1 0 1 0 1 0 1 0 1 0 1 0 1 0 1 0 1 0 1 0 1 0 1 0 1 0 1 0 1 0 1 0 1 0 1 0 1 0 1 0 1 0 1 0 1 0 1 0 1 0 1 0 1 0 1 0 1 0 1 0 1 0 1 0 1 0 1 0 1 0 1 0 1 0 1 0 1 0 1 0 1 0 1 0 1 0 1 0 1 0 1 0 1 0 1 0 1 0 1 0 1 0 1 0 1 0 1 0 1 0 1 0 1 0 1 0 1 0 1 0 1 0 1 0 1 0 1 0 1 0 1 0 1 0 1 0 1 0 1 0 1 0 1 0 1 0 1 0 1 0 1 0 1 0 1 0 1 0 1 0 1 0 1 0 1 0 1 0 1 0 1 0 1 0 1 0 1 0 1 0 1 0 1 0 1 0 1 0 1 0 1 0 1 0 1 0 1 0 1 0 1 0 1 0 1 0 1 0 1 0 1 0 1 0 1 0 1 0 1 0 1 0 1 0 1 0 1 0 1 0 1 0 1 0 1 0 1 0 1 0 1 0 1 0 1 0 1 0 1 0 1 0 1 0 1 0 1 0 1 0 1 0 1 0 1 0 1 0 1 0 1 0 1 0 1 0 1 0 1 0 1 0 1 0 1 0 1 0 1 0 1 0 1 0 1 0 1 0 1 0 1 0 1 0 1 0 1 0 1 0 1 0 1 0 1 0 1 0 1 0 1 0 1 0 1 0 1 0 1 0 1 0 1 0 0 0 0 0 0 0 0 0 0 0 0 0 0 0 0 0 0 0 0 0 0 0 0 0 0 0 0 0 0 0 0 
</DataArray>
<DataArray type="Float64" Name="wall variable 2" format="ascii">
0 35.6354 0 35.6354 0 35.6354 0 35.6354 0 35.6354 0 35.6354 0 35.6354 0 35.6354 0 35.6354 0 35.6354 0 35.6354 0 35.6354 0 35.6354 0 35.6354 0 35.6354 0 35.6354 0 35.6354 0 35.6354 0 35.6354 0 35.6354 0 35.6354 0 35.6354 0 35.6354 0 35.6354 0 35.6354 0 35.6354 0 35.6354 0 35.6354 0 35.6354 0 35.6354 0 35.6354 0 35.6354 0 35.6354 0 35.6354 35.6354 0 35.6354 0 35.6354 0 35.6354 0 35.6354 0 35.6354 0 35.6354 0 35.6354 0 35.6354 0 35.6354 0 35.6354 0 35.6354 0 35.6354 0 35.6354 0 35.6354 0 35.6354 0 35.6354 0 35.6354 0 35.6354 0 35.6354 0 35.6354 0 35.6354 0 35.6354 0 35.6354 0 35.6354 0 35.6354 0 35.6354 0 35.6354 0 0 35.6354 0 35.6354 0 35.6354 0 35.6354 0 35.6354 0 35.6354 0 35.6354 0 35.6354 0 35.6354 0 35.6354 0 35.6354 0 35.6354 0 35.6354 0 35.6354 0 35.6354 0 35.6354 0 35.6354 0 35.6354 0 35.6354 0 35.6354 0 35.6354 0 35.6354 0 35.6354 0 35.6354 0 35.6354 0 35.6354 0 35.6354 0 35.6354 0 35.6354 0 35.6354 0 35.6354 0 35.6354 0 35.6354 0 35.6354 0 35.6354 0 35.6354 0 35.6354 0 35.6354 0 35.6354 0 35.6354 0 35.6354 0 35.6354 0 35.6354 0 35.6354 0 35.6354 0 35.6354 0 35.6354 0 35.6354 0 35.6354 0 35.6354 0 35.6354 0 35.6354 0 35.6354 0 35.6354 0 35.6354 0 35.6354 0 35.6354 0 35.6354 0 35.6354 0 35.6354 0 35.6354 0 35.6354 0 35.6354 0 35.6354 0 35.6354 0 35.6354 0 35.6354 0 35.6354 0 35.6354 0 35.6354 0 35.6354 0 35.6354 0 35.6354 0 35.6354 0 35.6354 0 35.6354 0 35.6354 0 35.6354 0 35.6354 0 35.6354 0 35.6354 0 35.6354 0 35.6354 0 35.6354 0 35.6354 0 35.6354 0 35.6354 0 35.6354 0 35.6354 0 35.6354 0 35.6354 0 35.6354 0 35.6354 0 35.6354 0 35.6354 0 35.6354 0 35.6354 0 35.6354 0 35.6354 0 35.6354 0 35.6354 0 35.6354 0 35.6354 0 35.6354 0 35.6354 0 35.6354 0 35.6354 0 35.6354 0 35.6354 0 35.6354 0 35.6354 0 35.6354 0 35.6354 0 35.6354 0 35.6354 0 35.6354 0 35.6354 0 35.6354 0 35.6354 0 35.6354 0 35.6354 0 35.6354 0 35.6354 0 35.6354 0 35.6354 0 35.6354 0 35.6354 0 35.6354 0 35.6354 0 35.6354 0 35.6354 0 35.6354 0 35.6354 0 35.6354 0 35.6354 0 35.6354 0 35.6354 0 35.6354 0 35.6354 0 35.6354 0 35.6354 0 35.6354 0 35.6354 0 35.6354 0 35.6354 0 35.6354 0 35.6354 0 35.6354 0 35.6354 0 35.6354 0 35.6354 0 35.6354 0 35.6354 0 35.6354 0 35.6354 0 35.6354 0 35.6354 0 35.6354 0 35.6354 0 35.6354 0 35.6354 0 35.6354 0 35.6354 0 35.6354 0 35.6354 0 35.6354 0 35.6354 0 35.6354 0 35.6354 0 35.6354 0 35.6354 0 35.6354 0 35.6354 0 35.6354 0 35.6354 0 35.6354 0 35.6354 0 35.6354 0 35.6354 0 35.6354 0 35.6354 0 35.6354 0 35.6354 0 35.6354 0 35.6354 0 35.6354 0 35.6354 0 35.6354 0 35.6354 0 35.6354 0 35.6354 0 35.6354 0 35.6354 0 35.6354 0 35.6354 0 35.6354 0 35.6354 0 35.6354 0 35.6354 0 35.6354 0 35.6354 0 35.6354 0 35.6354 0 35.6354 0 35.6354 0 35.6354 0 35.6354 0 35.6354 0 35.6354 0 35.6354 0 35.6354 0 35.6354 0 35.6354 0 35.6354 0 35.6354 0 35.6354 0 35.6354 0 35.6354 0 35.6354 0 35.6354 0 35.6354 0 35.6354 0 35.6354 0 35.6354 0 35.6354 0 35.6354 0 35.6354 0 35.6354 0 35.6354 0 35.6354 0 35.6354 0 35.6354 0 35.6354 0 35.6354 0 35.6354 0 35.6354 0 35.6354 0 35.6354 0 35.6354 0 35.6354 0 35.6354 0 35.6354 0 35.6354 0 35.6354 0 35.6354 0 35.6354 0 35.6354 0 35.6354 0 35.6354 0 35.6354 0 35.6354 0 35.6354 0 35.6354 0 35.6354 0 35.6354 0 35.6354 0 35.6354 0 35.6354 0 35.6354 0 35.6354 0 35.6354 0 35.6354 0 35.6354 0 35.6354 0 35.6354 0 35.6354 0 35.6354 0 35.6354 0 35.6354 0 35.6354 0 35.6354 0 35.6354 0 35.6354 0 35.6354 0 35.6354 0 35.6354 0 35.6354 0 35.6354 0 35.6354 0 35.6354 0 35.6354 0 35.6354 0 35.6354 0 35.6354 0 35.6354 0 35.6354 0 35.6354 0 35.6354 0 35.6354 0 35.6354 0 35.6354 0 35.6354 0 35.6354 0 35.6354 0 35.6354 0 35.6354 0 35.6354 0 35.6354 0 35.6354 0 35.6354 0 35.6354 0 35.6354 0 35.6354 0 35.6354 0 35.6354 0 35.6354 0 35.6354 0 35.6354 0 35.6354 0 35.6354 0 35.6354 0 35.6354 0 35.6354 0 35.6354 0 35.6354 0 35.6354 0 35.6354 0 35.6354 0 35.6354 0 35.6354 0 35.6354 0 35.6354 0 35.6354 0 35.6354 0 35.6354 0 35.6354 0 35.6354 0 35.6354 0 35.6354 0 35.6354 0 35.6354 0 35.6354 0 35.6354 0 35.6354 0 35.6354 0 35.6354 0 35.6354 0 35.6354 0 35.6354 0 35.6354 0 35.6354 0 35.6354 0 35.6354 0 35.6354 0 35.6354 0 35.6354 0 35.6354 0 35.6354 0 35.6354 0 35.6354 0 35.6354 0 35.6354 0 35.6354 0 35.6354 0 35.6354 0 35.6354 0 35.6354 0 35.6354 0 35.6354 0 35.6354 0 35.6354 0 35.6354 0 35.6354 0 35.6354 0 35.6354 0 35.6354 0 35.6354 0 35.6354 0 35.6354 0 35.6354 0 35.6354 0 35.6354 0 35.6354 0 35.6354 0 35.6354 0 35.6354 0 35.6354 0 35.6354 0 35.6354 0 35.6354 0 35.6354 0 35.6354 0 35.6354 0 35.6354 0 35.6354 0 35.6354 0 35.6354 0 35.6354 0 35.6354 0 35.6354 0 35.6354 0 35.6354 0 35.6354 0 35.6354 0 35.6354 0 35.6354 0 35.6354 0 35.6354 0 35.6354 0 35.6354 0 35.6354 0 35.6354 0 35.6354 0 35.6354 0 35.6354 0 35.6354 0 35.6354 0 35.6354 0 35.6354 0 35.6354 0 35.6354 0 35.6354 0 35.6354 0 35.6354 0 35.6354 0 35.6354 0 35.6354 0 35.6354 0 35.6354 0 35.6354 0 35.6354 0 35.6354 0 35.6354 0 35.6354 0 35.6354 0 35.6354 0 35.6354 0 35.6354 0 35.6354 0 35.6354 0 35.6354 0 35.6354 0 35.6354 0 35.6354 0 35.6354 0 35.6354 0 35.6354 0 35.6354 0 35.6354 0 35.6354 0 35.6354 0 35.6354 0 35.6354 0 35.6354 0 35.6354 0 35.6354 0 35.6354 0 35.6354 0 35.6354 0 35.6354 0 35.6354 0 35.6354 0 35.6354 0 35.6354 0 35.6354 0 35.6354 0 35.6354 0 35.6354 0 35.6354 0 35.6354 0 35.6354 0 35.6354 0 35.6354 0 35.6354 0 35.6354 0 35.6354 0 35.6354 0 35.6354 0 35.6354 0 35.6354 0 35.6354 0 35.6354 0 35.6354 0 35.6354 0 35.6354 0 35.6354 0 35.6354 0 35.6354 0 35.6354 0 35.6354 0 35.6354 0 35.6354 0 35.6354 0 35.6354 0 35.6354 0 35.6354 0 35.6354 0 35.6354 0 35.6354 0 35.6354 0 35.6354 0 35.6354 0 35.6354 0 35.6354 0 35.6354 0 35.6354 0 35.6354 0 35.6354 0 35.6354 0 35.6354 0 35.6354 0 35.6354 0 35.6354 0 35.6354 0 35.6354 0 35.6354 0 35.6354 0 35.6354 0 35.6354 0 35.6354 0 35.6354 0 35.6354 0 35.6354 0 35.6354 0 35.6354 0 35.6354 0 35.6354 0 35.6354 0 35.6354 0 35.6354 0 35.6354 0 35.6354 0 35.6354 0 35.6354 0 35.6354 0 35.6354 0 35.6354 0 35.6354 0 35.6354 0 35.6354 0 35.6354 0 35.6354 0 35.6354 0 35.6354 0 35.6354 0 35.6354 0 35.6354 0 35.6354 0 35.6354 0 35.6354 0 35.6354 0 35.6354 0 35.6354 0 35.6354 0 35.6354 0 35.6354 0 35.6354 0 35.6354 0 35.6354 0 35.6354 0 35.6354 0 35.6354 0 35.6354 0 35.6354 0 35.6354 0 35.6354 0 35.6354 0 35.6354 0 35.6354 0 35.6354 0 35.6354 0 35.6354 0 35.6354 0 35.6354 0 35.6354 0 35.6354 0 35.6354 0 35.6354 0 35.6354 0 35.6354 0 35.6354 0 35.6354 0 35.6354 0 35.6354 0 35.6354 0 35.6354 0 35.6354 0 35.6354 0 35.6354 0 35.6354 0 35.6354 0 35.6354 0 35.6354 0 35.6354 0 35.6354 0 35.6354 0 35.6354 0 35.6354 0 35.6354 0 35.6354 0 35.6354 0 35.6354 0 35.6354 0 35.6354 0 35.6354 0 35.6354 0 35.6354 0 35.6354 0 35.6354 0 35.6354 0 35.6354 0 35.6354 0 35.6354 0 35.6354 0 35.6354 0 35.6354 0 35.6354 0 35.6354 0 35.6354 0 35.6354 0 35.6354 0 35.6354 0 35.6354 0 35.6354 0 35.6354 0 35.6354 0 35.6354 0 35.6354 0 35.6354 0 35.6354 0 35.6354 0 35.6354 0 35.6354 0 35.6354 0 35.6354 0 35.6354 0 35.6354 0 35.6354 0 35.6354 0 35.6354 0 35.6354 0 35.6354 0 35.6354 0 35.6354 0 35.6354 0 35.6354 0 35.6354 0 35.6354 0 35.6354 0 35.6354 0 35.6354 0 35.6354 0 35.6354 0 35.6354 0 35.6354 0 35.6354 0 35.6354 0 35.6354 0 35.6354 0 35.6354 0 35.6354 0 35.6354 0 35.6354 0 35.6354 0 35.6354 0 35.6354 0 35.6354 0 35.6354 0 35.6354 0 35.6354 0 35.6354 0 35.6354 0 35.6354 0 35.6354 0 35.6354 0 35.6354 0 35.6354 0 35.6354 0 35.6354 0 35.6354 0 35.6354 0 35.6354 0 35.6354 0 35.6354 0 35.6354 0 35.6354 0 35.6354 0 35.6354 0 35.6354 0 35.6354 0 35.6354 0 35.6354 0 35.6354 0 35.6354 0 35.6354 0 35.6354 0 35.6354 0 35.6354 0 35.6354 0 35.6354 0 35.6354 0 35.6354 0 35.6354 0 35.6354 0 35.6354 0 35.6354 0 35.6354 0 35.6354 0 35.6354 0 35.6354 0 35.6354 0 35.6354 0 35.6354 0 35.6354 0 35.6354 0 35.6354 0 35.6354 0 35.6354 0 35.6354 0 35.6354 0 35.6354 0 35.6354 0 35.6354 0 35.6354 0 35.6354 0 35.6354 0 35.6354 0 35.6354 0 35.6354 0 35.6354 0 35.6354 0 35.6354 0 35.6354 0 35.6354 0 35.6354 0 35.6354 0 35.6354 0 35.6354 0 35.6354 0 35.6354 0 35.6354 0 35.6354 0 35.6354 0 35.6354 0 35.6354 0 35.6354 0 35.6354 0 35.6354 0 35.6354 0 35.6354 0 35.6354 0 35.6354 0 35.6354 0 35.6354 0 35.6354 0 35.6354 0 35.6354 0 35.6354 0 35.6354 0 35.6354 0 35.6354 0 35.6354 0 35.6354 0 35.6354 0 35.6354 0 35.6354 0 35.6354 0 35.6354 0 35.6354 0 35.6354 0 35.6354 0 35.6354 0 35.6354 0 35.6354 0 35.6354 0 35.6354 0 35.6354 0 35.6354 0 35.6354 0 35.6354 0 35.6354 0 35.6354 0 35.6354 0 35.6354 0 35.6354 0 35.6354 0 35.6354 0 35.6354 0 35.6354 0 35.6354 0 35.6354 0 35.6354 0 35.6354 0 35.6354 0 35.6354 0 35.6354 0 35.6354 0 35.6354 0 35.6354 0 35.6354 0 35.6354 0 35.6354 0 35.6354 0 35.6354 0 35.6354 0 35.6354 0 35.6354 0 35.6354 0 35.6354 0 35.6354 0 35.6354 0 35.6354 0 35.6354 0 35.6354 0 35.6354 0 35.6354 0 35.6354 0 35.6354 0 35.6354 0 35.6354 0 35.6354 0 35.6354 0 35.6354 0 35.6354 0 35.6354 0 35.6354 0 35.6354 0 35.6354 0 35.6354 0 35.6354 0 35.6354 0 35.6354 0 35.6354 0 35.6354 0 35.6354 0 35.6354 0 35.6354 0 35.6354 0 35.6354 0 35.6354 0 35.6354 0 35.6354 0 35.6354 0 35.6354 0 35.6354 0 35.6354 0 35.6354 0 35.6354 0 35.6354 0 35.6354 0 35.6354 0 35.6354 0 35.6354 0 35.6354 0 35.6354 0 35.6354 0 35.6354 0 35.6354 0 35.6354 0 35.6354 0 35.6354 0 35.6354 0 35.6354 0 35.6354 0 35.6354 0 35.6354 0 35.6354 0 35.6354 0 35.6354 0 35.6354 0 35.6354 0 35.6354 0 35.6354 0 35.6354 0 35.6354 0 35.6354 0 35.6354 0 35.6354 0 35.6354 0 35.6354 0 35.6354 0 35.6354 0 35.6354 0 35.6354 0 35.6354 0 35.6354 0 35.6354 0 35.6354 0 35.6354 0 35.6354 0 35.6354 0 35.6354 0 35.6354 0 35.6354 0 35.6354 0 35.6354 0 35.6354 0 35.6354 0 35.6354 0 35.6354 0 35.6354 0 35.6354 0 35.6354 0 35.6354 0 35.6354 0 35.6354 0 35.6354 0 35.6354 0 35.6354 0 35.6354 0 35.6354 0 35.6354 0 35.6354 0 35.6354 0 35.6354 0 35.6354 0 35.6354 0 35.6354 0 35.6354 0 35.6354 0 35.6354 0 35.6354 0 35.6354 0 35.6354 0 35.6354 0 35.6354 0 35.6354 0 35.6354 0 35.6354 0 35.6354 0 35.6354 0 35.6354 0 35.6354 0 35.6354 0 35.6354 0 35.6354 0 35.6354 0 35.6354 0 35.6354 0 35.6354 0 35.6354 0 35.6354 0 35.6354 0 35.6354 0 35.6354 0 35.6354 0 35.6354 0 35.6354 0 35.6354 0 35.6354 0 35.6354 0 35.6354 0 35.6354 0 35.6354 0 35.6354 0 35.6354 0 35.6354 0 35.6354 0 35.6354 0 35.6354 0 35.6354 0 35.6354 0 35.6354 0 35.6354 0 35.6354 0 35.6354 0 35.6354 0 35.6354 0 35.6354 0 35.6354 0 35.6354 0 35.6354 0 0 0 0 0 0 0 0 0 0 0 0 0 0 0 0 0 0 0 0 0 0 0 0 0 0 0 0 0 0 0 0 
</DataArray>
</CellData>
</Piece>
</UnstructuredGrid>
</VTKFile>
