<VTKFile type="UnstructuredGrid" version="0.1">
<UnstructuredGrid>
<Piece  NumberOfPoints="    2608" NumberOfCells="    2080">
<Points>
<DataArray type="Float64" NumberOfComponents="3" format="ascii">
-198.968 705.866 -0.118447 
-196.896 711.139 28.4772 
-190.937 726.149 52.7459 
-181.865 748.595 68.976 
-170.99 775.028 74.6679 
-159.974 801.394 68.9472 
-150.591 823.706 52.7206 
-144.339 838.624 28.4726 
-142.139 843.858 -0.125617 
-144.32 838.604 -28.7216 
-150.58 823.688 -52.9705 
-159.968 801.376 -69.1953 
-170.989 775.011 -74.9126 
-181.871 748.581 -69.2181 
-190.943 726.138 -52.9835 
-196.902 711.134 -28.7146 
-176.241 689.98 -0.107178 
-173.98 695.698 30.7799 
-167.545 711.963 56.9408 
-157.77 736.218 74.4128 
-146.031 764.729 80.5536 
-134.15 793.179 74.4182 
-124.003 817.287 56.9291 
-117.218 833.417 30.7568 
-114.836 839.085 -0.126813 
-117.185 833.403 -31.0174 
-123.974 817.269 -57.1831 
-134.144 793.164 -74.6629 
-146.029 764.715 -80.8006 
-157.772 736.207 -74.6642 
-167.574 711.97 -57.1833 
-174.018 695.709 -30.9984 
-147.503 676.172 -0.101517 
-145.228 682.043 31.4594 
-138.705 698.704 58.1838 
-128.745 723.513 76.0281 
-116.74 752.652 82.3011 
-104.542 781.713 76.0462 
-94.1277 806.328 58.1967 
-87.2356 822.842 31.445 
-84.8583 828.649 -0.134401 
-87.2246 822.827 -31.7073 
-94.1137 806.317 -58.4404 
-104.535 781.703 -76.2894 
-116.734 752.642 -82.5446 
-128.744 723.507 -76.271 
-138.72 698.705 -58.4236 
-145.251 682.041 -31.6722 
-117.684 663.433 -0.0988639 
-115.476 669.375 31.6328 
-109.071 686.2 58.4948 
-99.158 711.197 76.4163 
-87.0722 740.488 82.6908 
-74.7011 769.64 76.3737 
-64.1038 794.308 58.4301 
-57.2714 810.961 31.5733 
-54.9892 816.871 -0.135751 
-57.2791 810.955 -31.8383 
-64.1051 794.306 -58.675 
-74.6956 769.635 -76.6166 
-87.0638 740.481 -82.931 
-99.1506 711.191 -76.654 
-109.068 686.194 -58.731 
-115.485 669.364 -31.8417 
-89.0742 650.904 -0.0975589 
-86.6085 656.754 31.6981 
-79.4861 673.323 58.6121 
-68.5857 697.97 76.5502 
-55.4306 726.86 82.7973 
-42.056 755.609 76.434 
-30.6255 779.946 58.4633 
-23.0361 796.3 31.5809 
-20.4316 802.1 -0.136355 
-23.0461 796.296 -31.8469 
-30.628 779.948 -58.7057 
-42.05 755.606 -76.6736 
-55.4202 726.854 -83.0343 
-68.5732 697.963 -76.7853 
-79.4713 673.314 -58.8473 
-86.6028 656.735 -31.9053 
-61.0641 637.465 -0.0950414 
-58.3411 643.204 31.7071 
-50.5095 659.459 58.6238 
-38.6262 683.657 76.5608 
-24.3954 712.041 82.8054 
-9.99313 740.296 76.4403 
2.30812 764.203 58.466 
10.5672 780.242 31.5861 
13.4452 785.913 -0.136688 
10.5557 780.239 -31.8503 
2.30562 764.208 -58.7017 
-9.98628 740.294 -76.6739 
-24.3826 712.036 -83.0373 
-38.6089 683.649 -76.7923 
-50.4867 659.446 -58.8567 
-58.3279 643.18 -31.9101 
-33.6727 623.023 -0.0915286 
-30.7034 628.641 31.7109 
-22.1878 644.55 58.6246 
-9.33244 668.244 76.5597 
5.98416 696.052 82.8065 
21.4351 723.742 76.4439 
34.6218 747.163 58.4686 
43.5078 762.865 31.5893 
46.6293 768.405 -0.135822 
43.4955 762.861 -31.8494 
34.6199 747.169 -58.6963 
21.4431 723.741 -76.67 
5.99948 696.047 -83.0318 
-9.31103 668.234 -76.7859 
-22.1595 644.534 -58.8532 
-30.6867 628.613 -31.9077 
-6.93927 607.563 -0.0870037 
-3.73289 613.05 31.7151 
5.44554 628.585 58.6266 
19.2582 651.727 76.561 
35.6618 678.901 82.8102 
52.1702 705.966 76.449 
66.2443 728.855 58.4728 
75.7356 744.194 31.5922 
79.0819 749.601 -0.133823 
75.7229 744.191 -31.8466 
66.2434 728.862 -58.6914 
52.1795 705.966 -76.6664 
35.6798 678.895 -83.0275 
19.2836 651.716 -76.7802 
5.47751 628.566 -58.849 
-3.71465 613.019 -31.9038 
19.0963 591.086 -0.0816247 
22.532 596.433 31.7201 
32.3545 611.566 58.6297 
47.108 634.114 76.5638 
64.5906 660.599 82.8145 
82.1537 686.984 76.4542 
97.1105 709.297 58.4776 
107.194 724.248 31.5956 
110.753 729.516 -0.130907 
107.181 724.245 -31.8427 
97.1107 709.305 -58.6862 
82.1646 686.984 -76.6617 
64.6107 660.592 -83.0226 
47.1361 634.101 -76.7744 
32.389 611.545 -58.8443 
22.5506 596.399 -31.899 
44.3949 573.604 -0.0756215 
48.0533 578.801 31.7254 
58.5016 593.507 58.6331 
74.1762 615.419 76.5662 
92.7222 641.163 82.8178 
111.329 666.816 76.4581 
127.159 688.51 58.4821 
137.824 703.047 31.5991 
141.589 708.169 -0.127274 
137.811 703.045 -31.8378 
127.161 688.518 -58.6798 
111.342 666.815 -76.655 
92.7444 641.155 -83.0157 
74.2063 615.404 -76.7673 
58.5376 593.483 -58.8388 
48.0714 578.765 -31.8933 
68.9183 555.133 -0.0691136 
72.7933 560.17 31.7312 
83.8479 574.424 58.637 
100.419 595.661 76.569 
120.009 620.614 82.8209 
139.642 645.483 76.462 
156.331 666.516 58.4869 
167.567 680.614 31.6031 
171.533 685.581 -0.123046 
167.554 680.611 -31.8323 
156.334 666.525 -58.6728 
139.656 645.482 -76.6473 
120.032 620.604 -83.0077 
100.451 595.644 -76.7595 
83.8848 574.398 -58.8327 
72.8104 560.132 -31.8871 
92.6304 535.692 -0.0622533 
96.7158 540.56 31.7371 
108.361 554.333 58.6411 
125.806 574.853 76.5722 
146.411 598.969 82.8241 
167.045 623.009 76.4659 
184.573 643.343 58.492 
196.366 656.975 31.6076 
200.526 661.778 -0.118363 
196.353 656.972 -31.8266 
184.578 643.352 -58.6656 
167.061 623.007 -76.6391 
146.436 598.959 -82.999 
125.839 574.835 -76.7513 
108.398 554.305 -58.826 
96.7314 540.52 -31.8803 
115.496 515.305 -0.0551357 
119.785 519.996 31.7432 
132.003 533.261 58.6451 
150.294 553.027 76.5749 
171.884 576.26 82.8267 
193.49 599.425 76.4694 
211.832 619.023 58.4969 
224.167 632.165 31.6123 
228.516 636.796 -0.113315 
224.154 632.163 -31.8204 
211.838 619.033 -58.6576 
193.506 599.423 -76.6298 
171.91 576.249 -82.9892 
150.327 553.007 -76.7421 
132.04 533.231 -58.8186 
119.799 519.954 -31.8731 
137.481 494 -0.047857 
141.967 498.504 31.7495 
154.737 511.237 58.6493 
173.843 530.212 76.5776 
196.383 552.52 82.8292 
218.928 574.768 76.4728 
238.058 593.594 58.502 
250.917 606.221 31.6174 
255.45 610.673 -0.10799 
250.904 606.219 -31.814 
238.065 593.603 -58.6495 
218.946 574.766 -76.6202 
196.41 552.508 -82.979 
173.877 530.19 -76.7325 
154.773 511.206 -58.811 
141.978 498.461 -31.8658 
158.551 471.807 -0.0404831 
163.225 476.115 31.7559 
176.525 488.293 58.6536 
196.415 506.442 76.5805 
219.867 527.784 82.832 
243.315 549.074 76.4765 
263.202 567.094 58.5072 
276.566 579.185 31.6227 
281.276 583.449 -0.102467 
276.553 579.183 -31.8075 
263.211 567.104 -58.6411 
243.334 549.072 -76.6104 
219.895 527.771 -82.9687 
196.448 506.419 -76.7228 
176.561 488.261 -58.8032 
163.234 476.072 -31.8584 
178.674 448.759 -0.0330663 
183.528 452.863 31.7625 
197.334 464.463 58.6583 
217.972 481.752 76.584 
242.297 502.091 82.8354 
266.608 522.386 76.4807 
287.221 539.568 58.5129 
301.068 551.102 31.6283 
305.947 555.169 -0.096792 
301.055 551.1 -31.8011 
287.231 539.578 -58.6331 
266.628 522.383 -76.6011 
242.325 502.077 -82.9589 
218.005 481.729 -76.7135 
197.368 464.429 -58.7956 
183.535 452.82 -31.851 
197.818 424.888 -0.0256553 
202.844 428.782 31.7691 
217.131 439.782 58.6634 
238.48 456.182 76.588 
263.635 475.481 82.8394 
288.768 494.746 76.4855 
310.071 511.062 58.519 
324.379 522.018 31.6342 
329.42 525.884 -0.0910089 
324.366 522.017 -31.7947 
310.082 511.071 -58.6254 
288.788 494.743 -76.5922 
263.664 475.467 -82.9496 
238.513 456.158 -76.7046 
217.164 439.748 -58.7882 
202.848 428.738 -31.8437 
215.957 400.232 -0.0183284 
221.145 403.907 31.7757 
235.886 414.288 58.6685 
257.908 429.77 76.5924 
283.848 447.997 82.8439 
309.758 466.201 76.4905 
331.714 481.624 58.5251 
346.458 491.986 31.6401 
351.652 495.643 -0.0851819 
346.446 491.985 -31.7884 
331.727 481.633 -58.6178 
309.779 466.197 -76.5837 
283.876 447.983 -82.9408 
257.941 429.746 -76.6962 
235.918 414.254 -58.7808 
221.146 403.863 -31.8364 
233.06 374.829 -0.0111739 
238.402 378.278 31.7822 
253.571 388.021 58.6737 
276.226 402.559 76.597 
302.904 419.684 82.8485 
329.544 436.799 76.4956 
352.115 451.306 58.5312 
367.269 461.058 31.6462 
372.607 464.502 -0.0793786 
367.257 461.057 -31.7822 
352.129 451.315 -58.6105 
329.566 436.795 -76.5756 
302.932 419.67 -82.9324 
276.257 402.535 -76.6881 
253.601 387.987 -58.7737 
238.4 378.235 -31.8292 
249.105 348.718 -0.0042506 
254.59 351.935 31.7885 
270.159 361.024 58.6788 
293.405 374.593 76.6016 
320.773 390.591 82.8533 
348.096 406.59 76.5008 
371.241 420.161 58.5373 
386.779 429.291 31.6521 
392.251 432.516 -0.0736705 
386.767 429.29 -31.7762 
371.256 420.17 -58.6034 
348.118 406.586 -76.5677 
320.801 390.577 -82.9244 
293.435 374.57 -76.6803 
270.187 360.99 -58.7669 
254.585 351.893 -31.8224 
264.067 321.942 0.00238509 
269.685 324.92 31.7946 
285.626 333.339 58.6839 
309.42 345.919 76.6062 
337.428 360.766 82.8579 
365.386 375.629 76.5058 
389.063 388.246 58.5433 
404.958 396.742 31.6581 
410.556 399.745 -0.06813 
404.946 396.741 -31.7705 
389.079 388.254 -58.5967 
365.408 375.624 -76.5603 
337.456 360.752 -82.9168 
309.45 345.897 -76.673 
285.652 333.307 -58.7603 
269.677 324.881 -31.8158 
277.926 294.542 0.00867471 
283.666 297.277 31.8003 
299.95 305.013 58.6886 
324.249 316.585 76.6102 
352.847 330.26 82.8618 
381.388 343.967 76.5102 
405.557 355.617 58.5488 
421.78 363.469 31.6637 
427.494 366.248 -0.0628243 
421.769 363.468 -31.765 
405.574 355.624 -58.5901 
381.411 343.963 -76.5528 
352.874 330.247 -82.909 
324.278 316.563 -76.6656 
299.974 304.983 -58.7539 
283.656 297.24 -31.8095 
290.664 266.562 0.0145547 
296.516 269.049 31.8056 
313.112 276.088 58.6926 
337.873 286.635 76.6132 
367.009 299.123 82.8644 
396.083 311.661 76.5134 
420.7 322.332 58.5535 
437.224 329.535 31.6689 
443.044 332.086 -0.0578241 
437.213 329.533 -31.7597 
420.719 322.338 -58.5834 
396.107 311.656 -76.5448 
367.036 299.111 -82.9007 
337.901 286.615 -76.6579 
313.134 276.06 -58.7475 
296.503 269.015 -31.8035 
302.264 238.044 0.0199679 
308.217 240.278 31.8103 
325.097 246.61 58.6958 
350.276 256.119 76.615 
379.898 267.406 82.8653 
409.453 278.765 76.5149 
434.476 288.45 58.5571 
451.273 294.998 31.6736 
457.19 297.319 -0.0531936 
451.263 294.996 -31.7547 
434.496 288.455 -58.5765 
409.477 278.76 -76.536 
379.925 267.395 -82.8915 
350.302 256.101 -76.6497 
325.117 246.586 -58.7409 
308.202 240.248 -31.7978 
312.715 209.032 0.0248631 
318.759 211.008 31.8143 
335.892 216.622 58.6982 
361.444 225.081 76.6152 
391.499 235.16 82.8638 
421.484 245.336 76.514 
446.87 254.031 58.5592 
463.914 259.921 31.6774 
469.918 262.008 -0.0490051 
463.904 259.918 -31.7497 
446.892 254.035 -58.5692 
421.509 245.331 -76.5259 
391.527 235.15 -82.8808 
361.47 225.066 -76.6407 
335.911 216.602 -58.7343 
318.742 210.983 -31.7923 
322.009 179.571 0.0292034 
328.133 181.283 31.8175 
345.488 186.167 58.6996 
371.369 193.566 76.6139 
401.805 202.435 82.8597 
432.166 211.43 76.5101 
457.873 219.138 58.5591 
475.137 224.366 31.68 
481.219 226.212 -0.0453736 
475.128 224.361 -31.7446 
457.898 219.139 -58.5611 
432.193 211.425 -76.5141 
401.833 202.426 -82.8687 
371.395 193.555 -76.6312 
345.507 186.151 -58.7275 
328.114 181.263 -31.7868 
330.144 149.705 0.0329975 
336.336 151.145 31.819 
353.883 155.284 58.6992 
380.045 161.615 76.6102 
410.807 169.28 82.8512 
441.49 177.106 76.5006 
467.475 183.832 58.5548 
484.931 188.391 31.6797 
491.086 189.986 -0.0424935 
484.925 188.384 -31.7383 
467.502 183.831 -58.5504 
441.519 177.101 -76.4985 
410.837 169.273 -82.8537 
380.073 161.608 -76.6202 
353.902 155.275 -58.7196 
336.317 151.133 -31.7807 
337.133 119.486 0.0363415 
343.379 120.642 31.8131 
361.081 124.013 58.6858 
387.472 129.271 76.5898 
418.496 135.744 82.8239 
449.439 142.423 76.4719 
475.653 148.178 58.5354 
493.275 152.053 31.6707 
499.496 153.376 -0.0406927 
493.271 152.043 -31.7257 
475.685 148.174 -58.5278 
449.472 142.417 -76.4661 
418.529 135.74 -82.8214 
387.502 129.269 -76.5935 
361.103 124.014 -58.6989 
343.361 120.64 -31.7675 
343.051 88.9926 0.0391457 
349.333 89.8433 31.7592 
367.133 92.4196 58.5819 
393.662 96.593 76.4536 
424.845 101.89 82.6802 
455.95 107.446 76.3427 
482.316 112.249 58.4419 
500.064 115.392 31.6231 
506.347 116.41 -0.0401658 
500.067 115.379 -31.678 
482.355 112.239 -58.4355 
455.988 107.439 -76.3364 
424.882 101.888 -82.6752 
393.696 96.5979 -76.4522 
367.16 92.4339 -58.5871 
349.319 89.8591 -31.7066 
348.344 58.4114 0.0389498 
354.601 58.9566 31.4314 
372.331 60.7356 57.9729 
398.741 63.8054 75.6697 
429.79 67.8889 81.8721 
460.781 72.2958 75.6418 
487.046 76.1478 57.9192 
504.773 78.3983 31.3601 
511.043 79.0534 -0.0381101 
504.789 78.3789 -31.4166 
487.092 76.133 -57.9199 
460.823 72.2869 -75.6372 
429.83 67.8884 -81.8673 
398.779 63.8168 -75.6661 
372.367 60.7618 -57.9685 
354.599 58.9924 -31.3747 
356.01 28.6681 0.0338968 
361.974 29.2788 29.9792 
378.866 31.1867 55.2963 
404.04 34.2539 72.1814 
433.662 38.1035 78.1185 
463.26 42.1315 72.2087 
488.36 45.6297 55.3195 
505.215 47.8649 29.9417 
511.136 48.5687 -0.0330386 
505.222 47.808 -29.9869 
488.4 45.581 -55.3141 
463.297 42.1187 -72.2046 
433.697 38.1053 -78.1159 
404.073 34.2729 -72.1814 
378.89 31.2457 -55.3001 
361.962 29.3431 -29.9335 
364.959 0.156829 0.0207216 
370.524 0.781763 27.9957 
386.288 2.70235 51.6533 
409.806 5.65397 67.416 
437.482 9.21544 72.9271 
465.125 12.8394 67.3677 
488.552 16.0029 51.5899 
504.254 18.0978 27.922 
509.767 18.7614 -0.0173212 
504.253 18.0061 -27.9408 
488.575 15.9296 -51.5771 
465.144 12.8327 -67.3661 
437.5 9.21641 -72.9259 
409.823 5.66669 -67.4168 
386.291 2.77892 -51.665 
370.497 0.872507 -27.9729 
376.193 -23.2524 0 
381.107 -22.5618 24.9464 
395.105 -20.6072 46.0912 
416.086 -17.7958 60.1698 
440.794 -14.5175 65.0496 
465.443 -11.2599 60.0222 
486.291 -8.50965 45.8888 
500.195 -6.67694 24.8167 
505.072 -6.03425 0.00025109 
500.195 -6.67712 -24.8162 
486.29 -8.51007 -45.8886 
465.443 -11.2604 -60.0221 
440.794 -14.518 -65.0494 
416.086 -17.7961 -60.1696 
395.105 -20.6073 -46.0912 
381.107 -22.5618 -24.9464 
-197.701 705.331 1.37034
-195.835 710.076 27.1065
-175.211 696.179 29.1789
-177.246 691.033 1.38049
-195.417 711.133 29.8558
-190.054 724.642 51.6976
-169.001 711.875 55.473
-174.793 697.236 31.9282
-189.273 726.593 53.8026
-181.108 746.795 68.4097
-159.422 735.656 73.3029
-168.22 713.826 57.578
-180.07 749.339 69.5493
-170.283 773.129 74.672
-147.82 763.859 79.9691
-158.385 738.2 74.4424
-169.145 775.875 74.6714
-159.23 799.604 69.5227
-135.988 792.21 74.4466
-146.681 766.605 79.9685
-158.168 802.137 68.3825
-149.723 822.218 53.7786
-125.795 816.44 57.5662
-134.926 794.743 73.3064
-148.908 824.156 51.6734
-143.282 837.582 29.8501
-118.873 832.895 31.9059
-124.98 818.378 55.461
-142.841 838.631 27.1008
-140.861 843.341 1.36243
-116.288 839.046 1.36135
-118.432 833.944 29.1566
-140.86 843.341 -1.61409
-142.823 838.612 -27.3505
-118.401 833.932 -29.4167
-116.287 839.046 -1.61517
-143.263 837.562 -30.0997
-148.897 824.138 -51.9237
-124.951 818.36 -55.7151
-118.841 832.882 -32.1659
-149.712 822.2 -54.0282
-158.161 802.119 -68.6305
-134.92 794.729 -73.5514
-125.766 816.423 -57.8196
-159.224 799.586 -69.7706
-169.144 775.857 -74.9162
-146.679 766.591 -80.2154
-135.983 792.196 -74.6915
-170.283 773.112 -74.9168
-180.076 749.325 -69.7918
-158.387 738.188 -74.6933
-147.818 763.845 -80.216
-181.115 746.782 -68.6522
-189.279 726.583 -54.0411
-168.247 713.832 -57.8208
-159.425 735.645 -73.5537
-190.061 724.633 -51.935
-195.425 711.129 -30.093
-174.829 697.247 -32.1483
-169.029 711.881 -55.7147
-195.842 710.072 -27.3423
-197.702 705.331 -1.60573
-177.248 691.033 -1.59559
-175.247 696.19 -29.3977
-174.683 689.575 1.45383
-172.648 694.721 29.2522
-146.771 682.432 29.8637
-148.819 677.148 1.45893
-166.419 710.473 55.6803
-140.463 698.54 56.799
-146.334 683.545 32.7471
-172.211 695.834 32.1355
-156.804 734.353 73.6108
-130.682 722.918 75.0646
-139.646 700.59 59.0047
-165.602 712.523 57.886
-145.152 762.68 80.3311
-118.79 751.811 81.9038
-129.594 725.587 76.2582
-155.717 737.021 74.8044
-133.263 791.165 74.8097
-106.616 780.846 76.2748
-117.594 754.691 81.9043
-143.956 765.56 80.3315
-123.015 815.518 57.876
-96.1273 805.656 59.0168
-105.5 783.502 75.0813
-132.147 793.821 73.6161
-116.053 832.068 32.1151
-89.0686 822.551 32.7345
-95.2714 807.689 56.811
-122.159 817.552 55.6702
-113.448 838.274 1.43519
-86.4679 828.881 1.42836
-88.6075 823.655 29.8499
-115.592 833.172 29.2304
-115.561 833.159 -29.4909
-88.5966 823.641 -30.1117
-86.4669 828.88 -1.69617
-113.447 838.273 -1.68934
-122.131 817.534 -55.9243
-95.2568 807.678 -57.0559
-89.0566 822.537 -32.996
-116.021 832.055 -32.3752
-132.141 793.807 -73.8611
-105.493 783.492 -75.325
-96.1134 805.644 -59.2609
-122.987 815.501 -58.1293
-143.954 765.547 -80.5783
-117.589 754.681 -82.1479
-106.609 780.836 -76.5182
-133.257 791.151 -75.0543
-155.719 737.01 -75.0553
-129.594 725.579 -76.5014
-118.785 751.802 -82.1476
-145.15 762.667 -80.578
-165.629 712.528 -58.1285
-139.66 700.591 -59.2448
-130.682 722.912 -75.3074
-156.807 734.342 -73.8613
-172.248 695.845 -32.3549
-146.358 683.544 -32.9614
-140.479 698.541 -57.0377
-166.448 710.479 -55.9214
-172.684 694.732 -29.4703
-174.685 689.576 -1.66819
-148.82 677.149 -1.6631
-146.794 682.431 -30.0767
-145.898 675.829 1.47985
-143.85 681.113 29.8847
-117.073 669.712 30.0408
-119.061 664.364 1.48224
-143.415 682.245 32.8059
-137.545 697.24 56.8579
-110.874 685.986 57.1379
-116.639 670.844 32.9621
-136.725 699.322 59.0927
-127.761 721.65 75.1526
-101.133 710.566 75.502
-110.054 688.068 59.3726
-126.661 724.358 76.3613
-115.857 750.582 82.0069
-89.1558 739.635 82.3577
-100.033 713.273 76.7107
-114.64 753.5 82.006
-103.662 779.655 76.3766
-76.8049 768.789 76.6714
-87.9389 742.552 82.3567
-102.522 782.342 75.1667
-93.1494 804.496 59.1022
-66.1279 793.677 59.3122
-75.6655 771.477 75.4615
-92.2819 806.555 56.8693
-86.0791 821.417 32.7928
-59.1113 810.725 32.9082
-65.2605 795.737 57.0793
-85.6194 822.54 29.8708
-83.4798 827.766 1.4493
-56.5977 817.167 1.44809
-58.6516 811.847 29.9862
-83.4797 827.766 -1.71766
-85.6094 822.526 -30.1332
-58.6585 811.841 -30.2512
-56.5976 817.166 -1.71888
-86.0688 821.403 -33.0542
-92.269 806.544 -57.1141
-65.2613 795.734 -57.3252
-59.1179 810.718 -33.1722
-93.1363 804.485 -59.346
-102.515 782.333 -75.4101
-75.66 771.471 -75.7045
-66.1286 793.675 -59.5571
-103.655 779.645 -76.6198
-114.634 753.49 -82.2494
-87.9308 742.545 -82.5971
-76.7994 768.783 -76.9142
-115.851 750.573 -82.2502
-126.66 724.351 -76.6039
-100.026 713.266 -76.9487
-89.1478 739.627 -82.5979
-127.76 721.644 -75.395
-136.738 699.323 -59.3324
-110.052 688.063 -59.6091
-101.126 710.559 -75.7397
-137.559 697.241 -57.0962
-143.438 682.243 -33.02
-116.648 670.833 -33.1725
-110.873 685.981 -57.3729
-143.872 681.112 -30.097
-145.899 675.829 -1.68335
-119.062 664.364 -1.68096
-117.082 669.702 -30.2495
-116.136 663.102 1.49278
-114.148 668.449 30.0513
-88.1677 657.09 30.11
-90.3868 651.825 1.49396
-113.691 669.583 32.9885
-107.927 684.725 57.1642
-81.3008 673.137 57.2698
-87.711 658.224 33.0472
-107.067 686.806 59.4044
-98.1449 709.305 75.5337
-70.6299 697.4 75.6542
-80.4401 675.218 59.5099
-96.9923 712.003 76.7388
-86.1151 738.364 82.3858
-57.6376 726.099 82.4816
-69.4773 700.098 76.8593
-84.8407 741.266 82.3766
-73.7068 767.503 76.6912
-44.3262 754.875 76.7454
-56.3633 729 82.4724
-72.514 770.172 75.473
-62.9764 792.372 59.3237
-32.8459 779.446 59.3536
-43.1334 757.544 75.5272
-62.0668 794.419 57.0803
-55.9176 809.408 32.9093
-25.1059 796.212 32.9161
-31.9363 781.493 57.1103
-55.437 810.522 29.9842
-53.3831 815.841 1.44602
-22.2812 802.546 1.44547
-24.6253 797.326 29.991
-53.3835 815.841 -1.71721
-55.4444 810.516 -30.2495
-24.6347 797.323 -30.2573
-22.2817 802.546 -1.71776
-55.9251 809.402 -33.1733
-62.0686 794.418 -57.3262
-31.9391 781.496 -57.3539
-25.1154 796.209 -33.181
-62.9774 792.371 -59.5684
-72.5088 770.166 -75.7158
-43.1278 757.541 -75.7671
-32.848 779.448 -59.596
-73.7011 767.497 -76.9338
-84.8325 741.258 -82.6167
-56.3531 728.994 -82.7097
-44.32 754.871 -76.9851
-86.1066 738.357 -82.6257
-96.9847 711.996 -76.9764
-69.4651 700.091 -77.0946
-57.6273 726.093 -82.7186
-98.1373 709.298 -75.7712
-107.063 686.801 -59.6405
-80.426 675.209 -59.7451
-70.6177 697.393 -75.8894
-107.924 684.72 -57.399
-113.699 669.572 -33.1986
-87.7055 658.206 -33.2558
-81.2872 673.128 -57.5036
-114.157 668.439 -30.2597
-116.136 663.101 -1.69117
-90.3869 651.825 -1.68999
-88.1626 657.073 -30.3169
-87.5436 650.522 1.49602
-85.3245 655.787 30.1121
-59.8838 643.592 30.1202
-62.3346 638.428 1.49828
-84.819 656.902 33.0524
-78.4087 671.814 57.2751
-52.3298 659.336 57.2856
-59.3782 644.707 33.0606
-77.4628 673.861 59.517
-67.6525 696.043 75.6613
-40.6889 683.161 75.6708
-51.3839 661.383 59.5276
-66.3969 698.699 76.8658
-54.5572 724.7 82.4882
-26.6256 711.363 82.4955
-39.4333 685.817 76.8754
-53.1785 727.556 82.4768
-41.1413 753.431 76.7498
-12.2847 739.648 76.7555
-25.2468 714.219 82.4841
-39.8554 756.058 75.5293
-29.5679 777.961 59.3557
0.0723745 763.792 59.3581
-10.9987 742.276 75.535
-28.5805 779.973 57.1122
-21.75 794.691 32.9181
8.49302 780.24 32.9227
1.05982 765.804 57.1146
-21.2185 795.784 29.9917
-18.8745 801.004 1.44619
11.6147 786.436 1.44589
9.02449 781.333 29.9964
-18.875 801.004 -1.71852
-21.2281 795.781 -30.258
9.01357 781.329 -30.2611
11.6141 786.436 -1.71882
-21.7597 794.688 -33.1827
-28.5834 779.975 -57.3556
1.05684 765.808 -57.352
8.48193 780.237 -33.1857
-29.5699 777.963 -59.5976
-39.8498 756.056 -75.7687
-10.9924 742.275 -75.769
0.0703116 763.797 -59.594
-41.135 753.427 -76.989
-53.1682 727.55 -82.7136
-25.2343 714.214 -82.7163
-12.2777 739.647 -76.9893
-54.5465 724.694 -82.7249
-66.3843 698.692 -77.1008
-39.4164 685.809 -77.1071
-26.6127 711.357 -82.7276
-67.6396 696.036 -75.8963
-77.4479 673.852 -59.752
-51.3617 661.371 -59.7605
-40.6717 683.153 -75.9025
-78.3941 671.805 -57.5087
-84.8124 656.883 -33.2609
-59.365 644.684 -33.2652
-52.3079 659.323 -57.5172
-85.3188 655.769 -30.3186
-87.5431 650.521 -1.69162
-62.3341 638.426 -1.68935
-59.8715 643.57 -30.3229
-59.5519 637.028 1.49868
-57.1012 642.192 30.1206
-32.2273 629.086 30.124
-34.8996 624.03 1.50184
-56.5481 643.285 33.0611
-49.4997 657.914 57.2862
-24.0101 644.496 57.2869
-31.6741 630.178 33.0645
-48.4698 659.921 59.5282
-37.7748 681.699 75.6715
-11.4104 667.827 75.6705
-22.9802 646.503 59.529
-36.416 684.304 76.8759
-23.6083 709.85 82.4961
3.73332 695.46 82.4971
-10.0516 670.432 76.8749
-22.1236 712.653 82.4844
-9.1615 738.082 76.7559
19.1239 723.184 76.7591
5.21806 698.263 82.4855
-7.77988 740.66 75.5351
3.29124 762.176 59.3582
32.3736 746.841 59.3606
20.5056 725.762 75.5384
4.35463 764.148 57.1152
11.7878 778.584 32.9233
41.4343 762.944 32.9262
33.4369 748.813 57.1176
12.3646 779.654 29.9969
14.9547 784.758 1.44641
44.8204 769.001 1.44719
42.0111 764.014 29.9998
14.9541 784.758 -1.71917
12.3536 779.651 -30.2614
41.9994 764.011 -30.2606
44.8198 769 -1.71839
11.7767 778.581 -33.1858
4.35162 764.153 -57.3521
33.4344 748.819 -57.3472
41.4225 762.941 -33.185
3.28924 762.181 -59.5934
-7.77347 740.659 -75.7684
20.513 725.761 -75.7649
32.3721 746.847 -59.5885
-9.15427 738.08 -76.989
-22.1109 712.647 -82.716
5.23292 698.257 -82.7112
19.1322 723.183 -76.9855
-23.5951 709.844 -82.7276
-36.3987 684.296 -77.1071
-10.0307 670.423 -77.1014
3.74877 695.454 -82.7227
-37.7569 681.691 -75.9028
-48.447 659.908 -59.7608
-22.9526 646.488 -59.7576
-11.3889 667.818 -75.897
-49.4771 657.901 -57.5173
-56.5342 643.261 -33.2654
-31.6571 630.151 -33.2632
-23.9826 644.48 -57.5142
-57.0886 642.17 -30.3227
-59.5512 637.026 -1.68914
-34.8989 624.028 -1.68598
-32.2115 629.059 -30.3205
-32.1813 622.528 1.5022
-29.5089 627.584 30.1244
-5.23548 613.552 30.1282
-8.12122 608.614 1.50628
-28.9099 628.652 33.0647
-21.2458 642.971 57.2871
3.62413 628.602 57.2889
-4.63646 614.62 33.0685
-20.1338 644.933 59.5291
-8.56398 666.257 75.6707
17.1676 651.392 75.6718
4.73621 630.564 59.5309
-7.10241 668.806 76.8751
6.68253 693.833 82.4973
33.3924 678.397 82.5006
18.6292 653.941 76.8763
8.27425 696.576 82.4857
22.1801 721.497 76.7594
49.8417 705.499 76.7639
34.9841 681.14 82.489
23.6585 724.02 75.5386
35.5265 745.099 59.3608
63.9868 728.621 59.3645
51.32 708.022 75.5432
36.6647 747.028 57.1179
44.6621 761.159 32.9266
73.6671 744.355 32.9293
65.125 730.55 57.1217
45.2812 762.205 30.0002
48.0905 767.192 1.44758
77.2979 750.268 1.44938
74.2862 745.402 30.0028
48.0899 767.191 -1.71841
45.2694 762.202 -30.2606
74.2741 745.399 -30.2581
77.2972 750.268 -1.71661
44.6502 761.156 -33.1847
36.6622 747.034 -57.3469
65.1233 730.557 -57.3425
73.6549 744.353 -33.1822
35.5251 745.105 -59.5879
23.666 724.02 -75.7643
51.3288 708.022 -75.761
63.9862 728.628 -59.5836
22.1886 721.496 -76.985
8.28929 696.571 -82.7106
35.0016 681.134 -82.7068
49.8514 705.498 -76.9817
6.69831 693.827 -82.7223
-7.08114 668.796 -77.1009
18.654 653.93 -77.0958
33.4106 678.391 -82.7184
-8.54204 666.247 -75.8966
-20.1057 644.917 -59.7572
4.76765 630.546 -59.7534
17.1931 651.38 -75.8915
-21.218 642.954 -57.5138
-28.8925 628.625 -33.2628
-4.61763 614.59 -33.2593
3.65532 628.582 -57.51
-29.493 627.558 -30.3201
-32.1804 622.527 -1.68556
-8.12033 608.612 -1.68148
-5.21817 613.523 -30.3166
-5.47109 607.01 1.50673
-2.58535 611.948 30.1286
21.0531 596.993 30.1331
17.9609 592.181 1.51157
-1.94182 612.99 33.0689
6.31876 626.972 57.2892
30.5369 611.655 57.292
21.6966 598.035 33.0733
7.51123 628.886 59.5312
19.9427 649.714 75.6721
45.0075 633.863 75.6746
31.7293 613.569 59.534
21.5061 652.201 76.8767
36.2693 676.658 82.5009
62.3051 660.186 82.5048
46.5709 636.349 76.8791
37.9679 679.335 82.4894
52.8255 703.694 76.7643
79.8107 686.61 76.769
64.0038 662.863 82.4932
54.4007 706.156 75.5435
67.0674 726.756 59.3649
94.8469 709.153 59.3693
81.3859 689.072 75.5482
68.2795 728.638 57.1221
76.8216 742.443 32.9296
105.134 724.492 32.9326
96.059 711.036 57.1265
77.4815 743.464 30.0032
80.4931 748.33 1.44974
108.997 730.254 1.45237
105.794 725.513 30.0062
80.4925 748.33 -1.7164
77.4693 743.461 -30.2579
105.781 725.51 -30.2544
108.997 730.254 -1.71377
76.8095 742.441 -33.1818
68.2779 728.645 -57.3421
96.0585 711.043 -57.3374
105.122 724.49 -33.1783
67.067 726.763 -59.583
54.4096 706.156 -75.7604
81.3961 689.072 -75.7563
94.8476 709.161 -59.5783
52.8353 703.693 -76.9812
37.9856 679.329 -82.7063
64.0234 662.856 -82.7018
79.8219 686.609 -76.9771
36.2878 676.651 -82.7179
21.5312 652.19 -77.0953
46.5984 636.336 -77.0902
62.3256 660.178 -82.7135
19.9685 649.702 -75.8911
7.543 628.867 -59.753
31.7633 613.548 -59.7488
45.0357 633.849 -75.8859
6.35015 626.952 -57.5095
-1.92279 612.96 -33.2588
21.716 598.002 -33.2545
30.5705 611.633 -57.5053
-2.568 611.919 -30.3161
-5.47015 607.009 -1.68099
17.9618 592.18 -1.67614
21.0708 596.961 -30.3117
20.5389 590.476 1.51211
23.6311 595.288 30.1336
46.6002 579.419 30.1385
43.3077 574.742 1.51751
24.3178 596.301 33.0738
33.1581 609.922 57.2924
56.6904 593.669 57.2955
47.287 580.433 33.0786
34.4291 611.785 59.5343
47.7073 632.078 75.675
72.0686 615.252 75.6772
57.9615 595.531 59.5374
49.371 634.498 76.8795
65.1052 658.334 82.5051
90.4237 640.842 82.5081
73.7323 617.672 76.8817
66.9099 660.941 82.4936
82.7168 684.687 76.7693
108.975 666.536 76.7729
92.2284 643.448 82.4966
84.3882 687.085 75.5485
97.8492 707.166 59.3696
124.893 688.457 59.3737
110.646 668.933 75.5521
99.1343 708.998 57.1268
108.209 722.455 32.933
135.776 703.374 32.9361
126.178 690.29 57.1309
108.909 723.448 30.0066
112.112 728.189 1.45272
139.865 708.977 1.45599
136.476 704.368 30.0097
112.112 728.189 -1.71341
108.896 723.445 -30.254
136.463 704.365 -30.2496
139.864 708.977 -1.71014
108.197 722.452 -33.1777
99.1338 709.006 -57.3369
126.179 690.298 -57.3311
135.764 703.372 -33.1733
97.85 707.174 -59.5776
84.3986 687.085 -75.7556
110.658 668.933 -75.7496
124.895 688.466 -59.5719
82.7282 684.687 -76.9764
66.9297 660.934 -82.7012
92.2501 643.44 -82.695
108.988 666.535 -76.9704
65.1259 658.327 -82.7129
49.3987 634.485 -77.0896
73.7619 617.657 -77.0831
90.4462 640.833 -82.7067
47.7357 632.064 -75.8854
34.4634 611.763 -59.7483
57.9971 595.508 -59.7433
72.0989 615.236 -75.8789
33.1918 609.899 -57.5048
24.3373 596.268 -33.254
47.306 580.398 -33.2489
56.7256 593.644 -57.4998
23.6488 595.256 -30.3112
20.5398 590.474 -1.67558
43.3086 574.741 -1.67018
46.6175 579.385 -30.3061
45.8098 572.937 1.51812
49.1023 577.614 30.1391
71.3684 560.847 30.1442
67.8808 556.313 1.52397
49.831 578.598 33.079
59.2345 591.833 57.296
82.0462 574.659 57.2995
72.097 561.83 33.0842
60.582 593.641 59.5377
74.6891 613.362 75.6775
98.3076 595.579 75.68
83.3937 576.466 59.5412
76.4511 615.711 76.882
93.1426 638.881 82.5084
117.7 620.386 82.5113
100.07 597.929 76.8846
95.0517 641.411 82.4969
111.798 664.498 76.7732
137.28 645.299 76.7767
119.609 622.916 82.4997
113.564 666.826 75.5524
127.811 686.35 59.374
154.066 666.556 59.3783
139.046 647.626 75.5559
129.168 688.129 57.1312
138.766 701.214 32.9364
165.535 681.023 32.94
155.423 668.335 57.1355
139.505 702.178 30.0101
142.894 706.788 1.45637
169.843 686.458 1.46018
166.274 681.988 30.0137
142.893 706.788 -1.70968
139.492 702.176 -30.2491
166.261 681.985 -30.2442
169.842 686.458 -1.70588
138.754 701.211 -33.1726
129.169 688.138 -57.3304
155.425 668.344 -57.3241
165.523 681.021 -33.1677
127.813 686.359 -59.5711
113.576 666.826 -75.7488
139.059 647.626 -75.7418
154.07 666.565 -59.5648
111.811 664.497 -76.9696
95.0735 641.403 -82.6942
119.633 622.907 -82.687
137.294 645.297 -76.9626
93.1653 638.872 -82.706
76.4809 615.696 -77.0824
100.101 597.912 -77.0754
117.724 620.377 -82.6988
74.7196 613.346 -75.8783
60.6178 593.617 -59.7427
83.4302 576.441 -59.7371
98.3395 595.562 -75.8713
59.2696 591.808 -57.4992
49.8501 578.562 -33.2483
72.1152 561.793 -33.2427
82.0821 574.632 -57.4937
49.1196 577.58 -30.3055
45.8107 572.935 -1.66957
67.8817 556.311 -1.66372
71.3847 560.81 -30.2999
70.3033 554.409 1.52461
73.7908 558.943 30.1449
95.3211 541.294 30.1502
91.6443 536.912 1.53079
74.5603 559.895 33.0848
84.5095 572.723 57.3
106.572 554.641 57.3037
96.0905 542.246 33.0901
85.9314 574.473 59.5416
100.845 593.586 75.6804
123.693 574.859 75.6833
107.993 556.391 59.5453
102.703 595.859 76.8849
120.334 618.317 82.5116
144.096 598.837 82.5145
125.551 577.133 76.8877
122.345 620.766 82.5001
140.015 643.148 76.777
164.678 622.921 76.7806
146.107 601.286 82.5029
141.874 645.402 75.5562
156.895 664.331 59.3787
182.312 643.475 59.3832
166.538 625.175 75.5598
158.322 666.054 57.1359
168.435 678.742 32.9405
194.354 657.467 32.9446
183.74 645.198 57.1405
169.211 679.676 30.0141
172.78 684.147 1.4606
198.874 662.725 1.46481
195.13 658.401 30.0182
172.779 684.146 -1.70536
169.198 679.674 -30.2437
195.117 658.399 -30.2386
198.873 662.724 -1.70114
168.422 678.74 -33.167
158.324 666.063 -57.3235
183.743 645.207 -57.3169
194.341 657.465 -33.1619
156.898 664.34 -59.564
141.888 645.401 -75.741
166.552 625.174 -75.7336
182.317 643.484 -59.5574
140.03 643.147 -76.9618
122.368 620.757 -82.6861
146.132 601.276 -82.6784
164.694 622.92 -76.9544
120.358 618.307 -82.698
102.735 595.843 -77.0746
125.584 577.115 -77.0673
144.121 598.826 -82.6902
100.877 593.568 -75.8706
85.968 574.447 -59.7365
108.03 556.363 -59.7305
123.726 574.84 -75.8633
84.5453 572.696 -57.4931
74.5784 559.857 -33.2421
96.1073 542.206 -33.236
106.608 554.612 -57.4871
73.8071 558.906 -30.2992
70.3041 554.407 -1.66306
91.6451 536.91 -1.65689
95.3359 541.256 -30.2931
93.9835 534.912 1.53145
97.6603 539.294 30.1509
118.423 520.785 30.1564
114.563 516.564 1.53786
98.4694 540.212 33.0907
108.95 552.608 57.3043
130.228 533.643 57.3079
119.232 521.704 33.0961
110.445 554.295 59.5457
126.145 572.764 75.6837
148.184 553.12 75.6861
131.723 535.331 59.5493
128.096 574.958 76.888
146.64 596.662 82.5148
169.566 576.224 82.5171
150.135 555.314 76.8905
148.751 599.025 82.5032
167.322 620.661 76.7809
191.122 599.436 76.784
171.676 578.587 82.5056
169.272 622.836 75.5602
185.047 641.136 59.3836
209.58 619.249 59.3881
193.072 601.611 75.5633
186.543 642.8 57.1409
197.156 655.068 32.945
222.177 632.739 32.9492
211.075 620.912 57.1453
197.969 655.97 30.0187
201.714 660.294 1.46527
226.905 637.81 1.46981
222.99 633.641 30.0229
201.713 660.294 -1.70059
197.957 655.968 -30.238
222.977 633.639 -30.2324
226.904 637.81 -1.69604
197.144 655.067 -33.1612
186.546 642.808 -57.3162
211.08 620.921 -57.309
222.164 632.738 -33.1556
185.052 641.145 -59.5566
169.286 622.835 -75.7327
193.088 601.61 -75.7244
209.586 619.258 -59.5494
167.338 620.659 -76.9535
148.776 599.015 -82.6774
171.702 578.576 -82.6686
191.139 599.434 -76.9451
146.666 596.651 -82.6893
128.128 574.939 -77.0664
150.168 555.294 -77.0581
169.592 576.212 -82.6805
126.178 572.745 -75.8625
110.482 554.267 -59.7297
131.759 535.301 -59.7231
148.218 553.099 -75.8542
108.986 552.578 -57.4864
98.4861 540.173 -33.2353
119.247 521.663 -33.2289
130.264 533.612 -57.4798
97.6751 539.256 -30.2924
93.9843 534.91 -1.6562
114.563 516.562 -1.64979
118.436 520.746 -30.286
116.815 514.47 1.53854
120.675 518.692 30.1571
140.639 499.349 30.1627
136.602 495.296 1.54509
121.523 519.575 33.0967
132.519 531.514 57.3084
152.979 511.692 57.3122
141.486 500.232 33.1023
134.083 533.137 59.5497
150.545 550.926 75.6864
171.739 530.392 75.6889
154.543 513.315 59.5534
152.586 553.036 76.8907
172.016 573.946 82.5174
194.066 552.58 82.5196
173.78 532.502 76.8932
174.223 576.219 82.5058
193.669 597.068 76.7843
216.563 574.877 76.7874
196.272 554.853 82.5081
195.706 599.161 75.5637
212.214 616.799 59.3885
235.817 593.912 59.3931
218.6 576.969 75.5668
213.776 618.399 57.1458
224.878 630.227 32.9497
248.953 606.878 32.9542
237.38 595.513 57.1504
225.727 631.095 30.0234
229.641 635.264 1.4703
253.881 611.752 1.4751
249.802 607.746 30.0279
229.641 635.263 -1.69545
225.714 631.093 -30.2319
249.789 607.744 -30.2261
253.881 611.752 -1.69066
224.866 630.225 -33.1548
213.781 618.408 -57.3083
237.386 595.522 -57.3009
248.941 606.876 -33.1491
212.221 616.808 -59.5485
195.722 599.159 -75.7235
218.617 576.967 -75.7148
235.825 593.921 -59.5412
193.686 597.066 -76.9442
174.249 576.209 -82.6676
196.299 554.842 -82.6584
216.581 574.874 -76.9355
172.043 573.934 -82.6795
152.619 553.016 -77.0571
173.813 532.482 -77.0485
194.093 552.567 -82.6703
150.578 550.905 -75.8534
134.12 533.107 -59.7222
154.579 513.284 -59.7154
171.773 530.371 -75.8447
132.555 531.483 -57.4791
121.538 519.534 -33.2281
141.499 500.19 -33.2216
153.014 511.66 -57.4722
120.688 518.652 -30.2853
116.816 514.468 -1.64907
136.602 495.293 -1.64252
140.65 499.309 -30.2787
138.764 493.111 1.54578
142.801 497.164 30.1634
161.934 477.015 30.1692
157.727 473.138 1.55241
143.685 498.011 33.1029
155.178 509.471 57.3127
174.788 488.821 57.3166
162.818 477.861 33.1086
156.81 511.026 59.5538
174.005 528.103 75.6892
194.32 506.71 75.6919
176.419 490.377 59.5577
176.133 530.125 76.8934
196.419 550.203 82.5199
217.555 527.94 82.5225
196.447 508.732 76.8961
198.718 552.382 82.5084
219.009 572.405 76.7877
240.957 549.281 76.791
219.854 530.12 82.511
221.131 574.412 75.5673
238.347 591.355 59.3935
260.977 567.506 59.3982
243.079 551.288 75.5705
239.974 592.89 57.1509
251.547 604.255 32.9547
274.632 579.922 32.9595
262.604 569.04 57.1556
252.431 605.088 30.0285
256.51 609.094 1.47561
279.754 584.592 1.48059
275.515 580.755 30.0332
256.51 609.094 -1.69006
252.418 605.086 -30.2255
275.503 580.754 -30.2196
279.753 584.592 -1.68509
251.535 604.253 -33.1483
239.98 592.899 -57.3002
262.612 569.05 -57.2927
274.62 579.921 -33.1424
238.355 591.364 -59.5403
221.148 574.41 -75.7139
243.097 551.286 -75.7051
260.987 567.515 -59.5328
219.027 572.403 -76.9345
198.745 552.371 -82.6574
219.881 530.108 -82.6482
240.976 549.278 -76.9257
196.446 550.19 -82.6693
176.167 530.105 -77.0475
196.481 508.711 -77.0388
217.583 527.927 -82.6601
174.039 528.081 -75.8439
156.846 510.995 -59.7145
176.455 490.345 -59.7075
194.354 506.688 -75.8352
155.213 509.439 -57.4715
143.698 497.969 -33.2208
162.829 477.819 -33.2141
174.822 488.788 -57.4645
142.812 497.124 -30.278
138.764 493.109 -1.64179
157.728 473.135 -1.63515
161.943 476.974 -30.2713
159.796 470.866 1.55311
164.003 474.743 30.1699
182.276 453.816 30.1758
177.906 450.122 1.55979
164.922 475.551 33.1092
176.892 486.511 57.3171
195.62 465.063 57.3214
183.195 454.624 33.1151
178.588 487.995 59.5581
196.488 504.329 75.6923
215.89 482.109 75.6954
197.316 466.548 59.5623
198.699 506.26 76.8964
219.806 525.468 82.5228
239.993 502.344 82.5258
218.101 484.039 76.8996
222.194 527.549 82.5113
243.297 546.711 76.7913
264.261 522.691 76.7951
242.381 504.425 82.5144
245.5 548.627 75.571
263.399 564.845 59.3986
285.015 540.072 59.4037
266.464 524.608 75.5748
265.087 566.312 57.1561
277.115 577.193 32.96
299.166 551.918 32.9651
286.704 541.538 57.1612
278.031 577.99 30.0337
282.27 581.827 1.48113
304.474 556.375 1.48624
300.083 552.714 30.0388
282.269 581.827 -1.68448
278.019 577.988 -30.219
300.071 552.713 -30.2132
304.474 556.375 -1.67937
277.103 577.192 -33.1417
265.095 566.321 -57.2919
286.713 541.547 -57.2847
299.155 551.917 -33.1359
263.408 564.854 -59.5319
245.518 548.625 -75.7042
266.483 524.605 -75.6958
285.026 540.081 -59.5247
243.316 546.707 -76.9247
222.222 527.537 -82.6472
242.409 504.412 -82.6384
264.281 522.687 -76.9163
219.834 525.454 -82.6591
198.733 506.238 -77.0378
218.134 484.017 -77.0294
240.022 502.33 -82.6503
196.522 504.306 -75.8343
178.623 487.963 -59.7067
197.35 466.515 -59.6998
215.923 482.085 -75.8259
176.926 486.478 -57.4637
164.932 475.508 -33.2134
183.203 454.581 -33.2068
195.653 465.03 -57.4569
164.011 474.702 -30.2705
159.796 470.863 -1.63442
177.907 450.12 -1.62774
182.282 453.775 -30.2639
179.878 447.766 1.56048
184.248 451.46 30.1765
201.632 429.786 30.1825
197.109 426.282 1.56715
185.201 452.228 33.1157
197.626 462.667 57.322
215.443 440.455 57.3265
202.585 430.554 33.1217
199.383 464.078 59.5628
217.957 479.639 75.6959
236.414 456.626 75.6995
217.2 441.866 59.5673
220.247 481.475 76.8999
242.139 499.779 82.5262
261.344 475.83 82.5298
238.704 458.462 76.9036
244.612 501.759 82.5148
266.492 520.025 76.7955
286.436 495.149 76.7998
263.817 477.81 82.5184
268.772 521.848 75.5753
287.324 537.312 59.4043
307.889 511.657 59.4097
288.716 496.972 75.5796
289.071 538.708 57.1618
301.534 549.088 32.9656
322.513 522.913 32.9709
309.636 513.053 57.1673
302.482 549.846 30.0394
306.873 553.507 1.48681
327.999 527.15 1.49201
323.462 523.671 30.0447
306.873 553.507 -1.67876
302.47 549.845 -30.2126
323.45 523.67 -30.2069
327.998 527.15 -1.67356
301.522 549.087 -33.1352
289.08 538.717 -57.284
309.646 513.061 -57.2771
322.502 522.912 -33.1294
287.334 537.321 -59.5238
268.792 521.846 -75.695
288.736 496.97 -75.687
307.901 511.665 -59.5169
266.512 520.021 -76.9154
244.64 501.746 -82.6374
263.845 477.797 -82.629
286.457 495.145 -76.9074
242.168 499.765 -82.6493
220.28 481.452 -77.0285
238.737 458.438 -77.0205
261.372 475.816 -82.6409
217.99 479.615 -75.8251
199.417 464.046 -59.699
217.233 441.832 -59.6923
236.448 456.602 -75.8171
197.659 462.633 -57.4561
185.208 452.185 -33.206
202.591 430.511 -33.1994
215.475 440.42 -57.4494
184.254 451.418 -30.2631
179.879 447.763 -1.627
197.109 426.28 -1.62033
201.636 429.744 -30.2566
198.981 423.845 1.56786
203.505 427.349 30.1832
219.975 404.962 30.1891
215.306 401.655 1.57445
204.49 428.076 33.1223
217.347 437.976 57.3271
234.227 415.032 57.3317
220.96 405.688 33.1282
219.163 439.311 59.5678
238.377 454.071 75.7
255.862 430.301 75.7039
236.042 416.367 59.5724
240.742 455.809 76.904
263.382 473.178 82.5302
281.573 448.442 82.5342
258.227 432.038 76.908
265.935 475.053 82.5188
288.554 492.391 76.8003
307.445 466.701 76.8048
284.126 450.317 82.5229
290.908 494.119 75.5801
310.08 508.803 59.4103
329.559 482.309 59.4158
309.799 468.428 75.5846
311.883 510.126 57.1679
324.761 519.986 32.9716
344.632 492.957 32.9769
331.362 483.632 57.1734
325.739 520.705 30.0453
330.276 524.184 1.49261
350.285 496.967 1.49785
345.611 493.676 30.0506
330.275 524.184 -1.67295
325.727 520.704 -30.2063
345.599 493.675 -30.2006
350.284 496.967 -1.66771
324.749 519.986 -33.1288
311.894 510.135 -57.2764
331.373 483.64 -57.2696
344.621 492.957 -33.1231
310.092 508.812 -59.5161
290.928 494.116 -75.6862
309.819 468.425 -75.6785
329.572 482.317 -59.5092
288.575 492.387 -76.9066
265.962 475.039 -82.6282
284.154 450.303 -82.6202
307.466 466.696 -76.8989
263.41 473.163 -82.64
240.775 455.786 -77.0196
258.259 432.015 -77.012
281.602 448.428 -82.6321
238.41 454.047 -75.8163
219.196 439.278 -59.6915
236.074 416.333 -59.6849
255.894 430.276 -75.8087
217.379 437.942 -57.4487
204.495 428.032 -33.1987
220.963 405.645 -33.1921
234.257 414.997 -57.4421
203.508 427.307 -30.2558
198.981 423.843 -1.6196
215.306 401.652 -1.613
219.976 404.92 -30.2493
217.076 399.14 1.57515
221.745 402.448 30.1898
237.276 379.381 30.1956
232.469 376.278 1.58159
222.76 403.132 33.1288
236.027 412.475 57.3323
251.944 388.834 57.3369
238.291 380.065 33.1346
237.897 413.732 59.5729
257.717 427.666 75.7044
274.203 403.175 75.7085
253.814 390.092 59.5775
260.153 429.302 76.9084
283.499 445.706 82.5347
300.649 420.225 82.5389
276.638 404.812 76.9125
286.128 447.473 82.5233
309.446 463.856 76.8053
327.254 437.394 76.8099
303.278 421.992 82.5275
311.869 465.485 75.5852
331.63 479.366 59.4164
349.99 452.08 59.4219
329.677 439.023 75.5899
333.485 480.614 57.174
346.755 489.939 32.9776
365.485 462.104 32.983
351.846 453.327 57.1796
347.763 490.617 30.0512
352.437 493.909 1.49845
371.296 465.882 1.50367
366.493 462.782 30.0567
352.436 493.909 -1.66711
347.751 490.616 -30.2
366.481 462.781 -30.1944
371.296 465.882 -1.66189
346.744 489.939 -33.1224
333.497 480.622 -57.2689
351.859 453.335 -57.2623
365.474 462.104 -33.1168
331.643 479.374 -59.5085
311.89 465.482 -75.6778
329.698 439.02 -75.6704
350.005 452.088 -59.5019
309.468 463.852 -76.898
286.155 447.459 -82.6194
303.305 421.978 -82.6119
327.276 437.39 -76.8907
283.527 445.692 -82.6313
260.185 429.279 -77.0111
276.67 404.789 -77.0038
300.677 420.21 -82.6237
257.749 427.641 -75.8079
237.929 413.698 -59.6841
253.844 390.058 -59.6777
274.234 403.151 -75.8006
236.057 412.44 -57.4414
222.763 403.088 -33.1914
238.291 380.023 -33.185
251.972 388.8 -57.435
221.746 402.406 -30.2485
217.076 399.138 -1.61228
232.469 376.275 -1.60584
237.275 379.341 -30.2421
234.134 373.69 1.58225
238.941 376.794 30.1963
253.51 353.086 30.2019
248.574 350.191 1.58849
239.984 377.434 33.1351
253.637 386.203 57.3375
268.566 361.906 57.3421
254.553 353.726 33.1408
255.558 387.38 59.578
275.947 400.464 75.7089
291.408 375.295 75.7131
270.487 363.082 59.5826
278.449 401.997 76.913
302.46 417.41 82.5393
318.542 391.226 82.5436
293.91 376.828 76.9171
305.159 419.066 82.528
329.136 434.468 76.8104
345.832 407.281 76.8151
321.241 392.882 82.5323
331.624 435.996 75.5905
351.937 449.052 59.4225
369.151 421.022 59.428
348.321 408.808 75.5951
353.842 450.223 57.1802
367.482 459 32.9836
385.04 430.41 32.989
371.056 422.193 57.1857
368.516 459.637 30.0573
373.32 462.736 1.50428
390.999 433.949 1.50941
386.074 431.046 30.0626
373.319 462.736 -1.66131
368.504 459.636 -30.1938
386.063 431.045 -30.1884
390.999 433.949 -1.65618
367.471 459 -33.1162
353.855 450.231 -57.2617
371.069 422.201 -57.2553
385.029 430.409 -33.1108
351.952 449.06 -59.5011
331.645 435.992 -75.6697
348.342 408.805 -75.6627
369.166 421.03 -59.4948
329.158 434.464 -76.8899
305.187 419.052 -82.6111
321.269 392.868 -82.6039
345.855 407.276 -76.8829
302.488 417.395 -82.6229
278.481 401.973 -77.003
293.941 376.805 -76.9961
318.57 391.211 -82.6157
275.979 400.44 -75.7998
255.588 387.347 -59.6769
270.515 363.05 -59.6708
291.439 375.271 -75.7929
253.665 386.169 -57.4343
239.984 377.392 -33.1842
254.551 353.684 -33.1781
268.592 361.872 -57.4281
238.94 376.753 -30.2414
234.134 373.688 -1.60513
248.574 350.189 -1.5989
253.506 353.046 -30.2352
250.131 347.535 1.58913
255.067 350.43 30.2026
268.653 326.117 30.2081
263.597 323.436 1.59511
256.137 351.024 33.1414
270.149 359.204 57.3427
284.069 334.288 57.3473
269.723 326.711 33.1469
272.119 360.299 59.5831
293.04 372.512 75.7136
307.454 346.705 75.7177
286.039 335.383 59.5876
295.604 373.938 76.9176
320.235 388.337 82.5441
335.225 361.494 82.5482
310.018 348.132 76.9217
323.001 389.879 82.5328
347.592 404.278 76.8156
363.152 376.413 76.8201
337.991 363.037 82.537
350.14 405.702 75.5957
370.97 417.916 59.4286
387.011 389.192 59.434
365.701 377.837 75.6003
372.922 419.009 57.1863
386.906 427.225 32.9896
403.267 397.931 32.995
388.962 390.285 57.1917
387.965 427.819 30.0632
392.89 430.722 1.51001
409.364 401.229 1.515
404.326 398.525 30.0686
392.89 430.722 -1.65562
387.954 427.818 -30.1879
404.315 398.524 -30.1827
409.364 401.228 -1.65063
386.895 427.224 -33.1102
372.936 419.016 -57.2547
388.977 390.292 -57.2486
403.257 397.93 -33.1051
370.986 417.924 -59.4941
350.162 405.699 -75.662
365.723 377.833 -75.6553
387.027 389.199 -59.488
347.614 404.274 -76.8821
323.028 389.865 -82.6031
338.018 363.023 -82.5963
363.175 376.408 -76.8754
320.263 388.322 -82.615
295.634 373.915 -76.9953
310.047 348.11 -76.9887
335.253 361.48 -82.6081
293.07 372.488 -75.7922
272.147 360.266 -59.67
286.065 335.351 -59.6642
307.483 346.682 -75.7856
270.176 359.171 -57.4274
256.134 350.983 -33.1774
269.717 326.672 -33.1715
284.094 334.256 -57.4216
255.063 350.39 -30.2345
250.131 347.533 -1.59822
263.597 323.434 -1.59225
268.646 326.079 -30.2286
265.045 320.715 1.59572
270.101 323.396 30.2087
282.684 298.517 30.2139
277.518 296.055 1.60138
271.194 323.945 33.1474
285.541 331.522 57.3478
298.433 306.028 57.352
283.778 299.066 33.1526
287.555 332.532 59.5881
308.97 343.854 75.7182
322.316 317.453 75.7217
300.446 307.038 59.5922
311.591 345.173 76.9221
336.798 358.535 82.5486
350.675 331.08 82.5521
324.937 318.771 76.9257
339.625 359.962 82.5374
364.787 373.338 76.8206
379.189 344.843 76.8245
353.502 332.507 82.5409
367.391 374.657 75.6008
388.701 386.013 59.4345
403.545 356.646 59.4395
381.794 346.162 75.6048
390.695 387.025 57.1923
405 394.671 32.9956
420.14 364.726 33.0007
405.539 357.659 57.1973
406.082 395.223 30.0691
411.12 397.926 1.51558
426.364 367.779 1.52035
421.222 365.278 30.0742
411.12 397.926 -1.65011
406.071 395.222 -30.1822
421.211 365.277 -30.1773
426.364 367.779 -1.64533
404.99 394.671 -33.1045
390.71 387.033 -57.2481
405.555 357.666 -57.2421
420.13 364.726 -33.0996
388.718 386.02 -59.4874
367.414 374.653 -75.6546
381.816 346.158 -75.6478
403.563 356.653 -59.4814
364.81 373.334 -76.8747
339.653 359.949 -82.5955
353.529 332.494 -82.5885
379.212 344.838 -76.8679
336.826 358.521 -82.6073
311.62 345.151 -76.9879
324.966 318.75 -76.9813
350.703 331.066 -82.6003
308.999 343.831 -75.7848
287.581 332.501 -59.6635
300.471 307.008 -59.6577
322.344 317.431 -75.7782
285.565 331.489 -57.4209
271.189 323.905 -33.1708
283.769 299.029 -33.1652
298.455 305.997 -57.4151
270.093 323.358 -30.228
265.044 320.713 -1.59159
277.517 296.053 -1.58593
282.674 298.482 -30.2223
278.854 293.274 1.60196
284.02 295.736 30.2145
295.584 270.33 30.2192
290.317 268.092 1.60725
285.136 296.237 33.153
299.791 303.199 57.3524
311.637 277.167 57.356
296.7 270.832 33.1578
301.845 304.124 59.5926
323.715 314.539 75.7221
335.976 287.585 75.7248
313.691 278.092 59.5962
326.388 315.748 76.926
352.126 328.056 82.5525
364.872 300.032 82.5548
338.65 288.793 76.9288
355.009 329.366 82.5413
380.696 341.702 76.8249
393.922 312.626 76.8278
367.755 301.342 82.5437
383.352 342.914 75.6053
405.104 353.399 59.44
418.733 323.442 59.4442
396.577 313.839 75.6081
407.137 354.331 57.1978
421.738 361.398 33.0012
435.638 330.857 33.0059
420.766 324.374 57.202
422.841 361.906 30.0748
427.983 364.407 1.5209
441.979 333.661 1.5254
436.741 331.365 30.0795
427.983 364.407 -1.64483
422.83 361.905 -30.1768
436.731 331.363 -30.172
441.978 333.661 -1.64033
421.728 361.397 -33.099
407.153 354.337 -57.2416
420.783 324.38 -57.2356
435.628 330.856 -33.0943
405.122 353.405 -59.4808
383.375 342.911 -75.6472
396.601 313.835 -75.64
418.752 323.448 -59.4748
380.72 341.697 -76.8671
355.037 329.353 -82.5878
367.782 301.33 -82.5803
393.945 312.621 -76.8599
352.154 328.042 -82.5996
326.417 315.727 -76.9805
338.677 288.774 -76.9735
364.899 300.019 -82.592
323.743 314.517 -75.7774
301.869 304.095 -59.6569
313.713 278.065 -59.6511
336.004 287.564 -75.7705
299.813 303.169 -57.4144
285.127 296.201 -33.1645
296.689 270.798 -33.1591
311.657 277.139 -57.4086
284.01 295.701 -30.2217
278.853 293.272 -1.58531
290.317 268.09 -1.58002
295.572 270.298 -30.2163
291.539 265.254 1.60778
296.806 267.492 30.2197
307.338 241.599 30.224
301.98 239.588 1.61265
297.943 267.946 33.1582
312.879 274.282 57.3565
323.665 247.752 57.3594
308.474 242.053 33.1624
314.97 275.12 59.5965
337.256 284.612 75.7251
348.418 257.148 75.7267
325.757 248.59 59.5994
339.977 285.71 76.9289
366.199 296.949 82.555
377.799 268.404 82.5558
351.139 258.245 76.9305
369.133 298.14 82.5439
395.3 309.424 76.828
407.332 279.818 76.8293
380.733 269.595 82.5447
398.002 310.529 75.6085
420.157 320.133 59.4446
432.556 289.639 59.4478
410.035 280.923 75.6099
422.226 320.983 57.2026
437.098 327.466 33.0065
449.742 296.383 33.0107
434.624 290.489 57.2058
438.221 327.93 30.08
443.458 330.226 1.5259
456.19 298.935 1.53007
450.865 296.847 30.0842
443.458 330.226 -1.63985
438.21 327.928 -30.1716
450.855 296.845 -30.167
456.189 298.935 -1.63568
437.089 327.464 -33.0937
422.244 320.989 -57.2351
434.643 290.494 -57.2289
449.733 296.381 -33.0892
420.177 320.138 -59.4741
398.026 310.525 -75.6393
410.059 280.918 -75.6314
432.576 289.643 -59.4679
395.324 309.419 -76.8591
369.16 298.128 -82.5794
380.76 269.584 -82.5711
407.357 279.813 -76.8512
366.226 296.936 -82.5912
340.004 285.69 -76.9726
351.166 258.227 -76.9653
377.826 268.392 -82.5829
337.283 284.592 -75.7697
314.993 275.093 -59.6504
325.778 248.565 -59.6445
348.444 257.129 -75.7623
312.9 274.254 -57.408
297.932 267.913 -33.1584
308.461 242.023 -33.1533
323.684 247.727 -57.4021
296.794 267.46 -30.2157
291.539 265.253 -1.57944
301.979 239.587 -1.57457
307.323 241.57 -30.2105
303.087 236.699 1.61313
308.445 238.709 30.2244
317.933 212.367 30.2281
312.493 210.588 1.61754
309.6 239.115 33.1628
324.791 244.814 57.3597
334.507 217.825 57.3618
319.087 212.772 33.1664
326.916 245.564 59.5995
349.577 254.122 75.7268
359.628 226.188 75.727
336.631 218.575 59.6017
352.341 255.106 76.9305
379 265.265 82.5558
389.442 236.244 82.5545
362.392 227.172 76.9307
381.98 266.337 82.5448
408.58 276.56 76.8294
419.408 246.474 76.8286
392.422 237.316 82.5434
411.324 277.557 75.6101
433.845 286.273 59.4481
445 255.296 59.4499
422.152 247.47 75.6093
435.946 287.041 57.2062
451.064 292.935 33.0111
462.44 261.366 33.0145
447.101 256.065 57.2081
452.204 293.355 30.0846
457.529 295.443 1.5305
468.984 263.663 1.53427
463.581 261.786 30.088
457.528 295.443 -1.63521
452.194 293.352 -30.1666
463.571 261.783 -30.1621
468.983 263.663 -1.63144
451.055 292.933 -33.0887
435.965 287.046 -57.2283
447.121 256.068 -57.2217
462.432 261.363 -33.0842
433.866 286.277 -59.4672
411.348 277.552 -75.6307
422.177 247.466 -75.6216
445.022 255.299 -59.4605
408.604 276.555 -76.8503
382.007 266.326 -82.5702
392.449 237.306 -82.5606
419.433 246.469 -76.8412
379.027 265.253 -82.5819
352.367 255.089 -76.9643
362.418 227.157 -76.9563
389.469 236.233 -82.5724
349.603 254.104 -75.7616
326.936 245.54 -59.6437
336.651 218.554 -59.6377
359.654 226.172 -75.7535
324.81 244.789 -57.4015
309.586 239.085 -33.1526
319.072 212.747 -33.1477
334.524 217.804 -57.3956
308.431 238.681 -30.21
303.086 236.698 -1.57402
312.492 210.587 -1.56962
317.917 212.342 -30.205
313.484 207.652 1.61797
318.924 209.43 30.2285
327.361 182.677 30.2313
321.849 181.136 1.62188
320.095 209.786 33.1667
335.514 214.839 57.3621
344.151 187.429 57.3634
328.532 183.033 33.1695
337.668 215.499 59.6017
360.665 223.112 75.727
369.598 194.749 75.7259
346.305 188.089 59.603
363.467 223.984 76.9305
390.517 233.055 82.5543
399.792 203.602 82.5505
372.4 195.62 76.9294
393.537 234.008 82.5432
420.523 243.165 76.8284
430.137 212.65 76.8248
402.812 204.555 82.5395
423.305 244.054 75.6093
446.153 251.88 59.45
456.055 220.476 59.45
432.919 213.538 75.6058
448.282 252.566 57.2084
463.622 257.867 33.0148
473.722 225.867 33.0171
458.185 221.162 57.2084
464.778 258.242 30.0884
470.181 260.12 1.5346
480.353 227.904 1.53786
474.878 226.242 30.0907
470.181 260.12 -1.63097
464.769 258.239 -30.1616
474.87 226.238 -30.157
480.352 227.903 -1.6277
463.614 257.864 -33.0836
448.303 252.569 -57.2211
458.208 221.163 -57.2138
473.715 225.863 -33.079
446.175 251.883 -59.4597
423.33 244.049 -75.6207
432.945 213.534 -75.6101
456.08 220.477 -59.4524
420.549 243.16 -76.8401
393.565 233.998 -82.5596
402.84 204.546 -82.5486
430.164 212.645 -76.8295
390.544 233.044 -82.5713
363.493 223.969 -76.9552
372.426 195.609 -76.9466
399.82 203.593 -82.5603
360.691 223.097 -75.7527
337.688 215.479 -59.6369
346.324 188.074 -59.6308
369.624 194.737 -75.7441
335.532 214.818 -57.395
320.08 209.761 -33.1471
328.515 183.013 -33.1422
344.168 187.413 -57.3889
318.908 209.406 -30.2045
313.484 207.65 -1.56913
321.848 181.135 -1.56522
327.343 182.658 -30.1997
322.724 178.156 1.62226
328.236 179.698 30.2317
335.619 152.573 30.2331
330.046 151.277 1.62567
329.421 180.003 33.1697
345.041 184.399 57.3636
352.596 156.604 57.3633
336.804 152.879 33.1711
347.22 184.969 59.6028
370.513 191.628 75.7257
378.322 162.873 75.7224
354.775 157.174 59.6025
373.347 192.386 76.9289
400.74 200.368 82.55
408.842 170.528 82.5424
381.156 163.63 76.9255
403.795 201.202 82.5389
431.12 209.297 76.8243
439.511 178.405 76.8157
411.897 171.362 82.5313
433.934 210.077 75.6055
457.071 217.014 59.4496
465.712 185.239 59.4457
442.326 179.186 75.597
459.226 217.619 57.2083
474.763 222.324 33.017
483.578 189.946 33.0168
467.867 185.843 57.2044
475.933 222.653 30.0908
481.407 224.315 1.53799
490.287 191.711 1.54058
484.748 190.276 30.0906
481.407 224.314 -1.62716
475.925 222.649 -30.1565
484.742 190.27 -30.1508
490.287 191.711 -1.62457
474.756 222.319 -33.0783
459.249 217.619 -57.2131
467.893 185.842 -57.2035
483.573 189.94 -33.0726
457.095 217.015 -59.4513
433.961 210.073 -75.6091
442.355 179.181 -75.5951
465.74 185.238 -59.4418
431.147 209.292 -76.8282
403.823 201.193 -82.5473
411.927 171.355 -82.5338
439.541 178.4 -76.8142
400.768 200.359 -82.5591
373.374 192.375 -76.9454
381.183 163.623 -76.9355
408.871 170.521 -82.5456
370.539 191.617 -75.7432
347.239 184.954 -59.6299
354.795 157.165 -59.6227
378.348 162.865 -75.7333
345.058 184.383 -57.3883
329.404 179.984 -33.1416
336.787 152.866 -33.1361
352.613 156.595 -57.3811
328.218 179.679 -30.1992
322.723 178.155 -1.56477
330.045 151.276 -1.56135
335.601 152.562 -30.1936
330.805 148.259 1.62586
336.378 149.555 30.2333
342.717 122.102 30.228
337.095 121.063 1.62887
337.575 149.809 33.1708
353.367 153.534 57.3629
359.845 125.39 57.3509
343.913 122.356 33.1654
355.567 154.012 59.6015
379.114 159.711 75.7214
385.798 130.601 75.703
362.046 125.869 59.5894
381.976 160.355 76.9239
409.661 167.253 82.5409
416.582 137.071 82.5163
388.659 131.245 76.9056
412.746 167.969 82.5295
440.36 175.013 76.814
447.514 143.798 76.7881
419.666 137.787 82.5049
443.202 175.686 75.5956
466.588 181.74 59.4443
473.948 149.651 59.4269
450.356 144.472 75.5697
468.765 182.261 57.2035
484.476 186.364 33.0159
491.985 153.66 33.0078
476.125 150.173 57.1861
485.659 186.647 30.0902
491.198 188.083 1.54026
498.767 155.134 1.54188
493.168 153.943 30.0821
491.198 188.082 -1.62379
485.652 186.641 -30.15
493.164 153.934 -30.1387
498.767 155.133 -1.62216
484.471 186.358 -33.0712
468.791 182.26 -57.2022
476.156 150.168 -57.1818
491.983 153.651 -33.0599
466.616 181.738 -59.4399
443.231 175.681 -75.5932
450.389 144.466 -75.564
473.981 149.647 -59.4196
440.39 175.007 -76.8119
412.776 167.963 -82.5315
419.699 137.783 -82.5025
447.547 143.792 -76.7827
409.691 167.247 -82.5434
382.003 160.348 -76.9333
388.689 131.243 -76.9092
416.614 137.067 -82.5144
379.141 159.704 -75.7316
355.587 154.004 -59.621
362.068 125.87 -59.6024
385.827 130.599 -75.7075
353.384 153.525 -57.38
337.558 149.797 -33.135
343.898 122.354 -33.1231
359.865 125.391 -57.3614
336.36 149.544 -30.1931
330.804 148.259 -1.56077
337.094 121.062 -1.55776
342.7 122.101 -30.1812
337.742 118.013 1.62772
343.364 119.052 30.2268
348.722 91.3339 30.1783
343.069 90.5682 1.63024
344.57 119.252 33.1612
360.501 122.286 57.3466
365.948 93.8522 57.2531
349.928 91.5336 33.1127
362.717 122.672 59.5825
386.469 127.404 75.6961
392.04 97.9938 75.5735
368.164 94.2378 59.489
389.35 127.934 76.8973
417.273 133.761 82.508
422.986 103.292 82.3787
394.921 98.5245 76.7747
420.378 134.361 82.4968
448.226 140.372 76.78
454.086 108.893 76.6638
426.091 103.892 82.3675
451.088 140.941 75.5632
474.681 146.121 59.4204
480.677 113.784 59.3362
456.948 109.462 75.4469
476.875 146.559 57.1815
492.735 150.046 33.0032
498.845 117.052 32.9604
482.871 114.222 57.0973
493.927 150.279 30.0804
499.527 151.47 1.54016
505.692 118.2 1.54063
500.038 117.285 30.0376
499.527 151.469 -1.62026
493.924 150.27 -30.1368
500.04 117.272 -30.0939
505.692 118.2 -1.61979
492.733 150.036 -33.0551
476.906 146.554 -57.1771
482.909 114.213 -57.094
498.849 117.039 -33.0123
474.713 146.116 -59.4128
451.121 140.935 -75.5573
456.986 109.455 -75.4406
480.716 113.775 -59.3298
448.259 140.366 -76.7743
420.411 134.356 -82.4941
426.128 103.889 -82.3625
454.124 108.886 -76.6576
417.305 133.757 -82.5057
389.381 127.933 -76.9005
394.956 98.5289 -76.7733
423.023 103.29 -82.374
386.499 127.403 -75.7
362.74 122.674 -59.5948
368.192 94.2511 -59.4942
392.074 97.9988 -75.5728
360.521 122.288 -57.3564
344.554 119.252 -33.1182
349.917 91.5485 -33.0634
365.973 93.8658 -57.2558
343.347 119.052 -30.1793
337.742 118.013 -1.55588
343.068 90.5686 -1.55336
348.71 91.3484 -30.1246
343.629 87.5025 1.62069
349.283 88.2682 30.1687
354.024 60.4702 29.8737
348.392 59.9795 1.62051
350.489 88.4125 33.0851
366.509 90.7312 57.2256
371.187 62.2156 56.6774
355.23 60.6145 32.7901
368.727 91.0219 59.4481
392.603 94.778 75.5326
397.174 65.2692 74.8271
373.405 62.5064 58.9
395.485 95.1941 76.728
423.55 99.9613 82.332
428 69.3605 81.6047
400.056 65.6854 76.0225
426.657 100.445 82.3231
454.651 105.446 76.6193
459 73.8103 75.9885
431.107 69.8441 81.5958
457.515 105.911 75.4111
481.245 110.233 59.3003
485.502 77.742 58.8299
461.864 74.2753 74.7802
483.444 110.583 57.0728
499.418 113.413 32.9359
503.656 80.118 32.6992
487.701 78.0925 56.6024
500.614 113.588 30.0294
506.268 114.504 1.53244
510.495 80.8832 1.53429
504.852 80.2935 29.7926
506.268 114.503 -1.61153
500.617 113.575 -30.0856
504.866 80.2752 -29.8504
510.495 80.8823 -1.60968
499.423 113.399 -32.988
483.483 110.573 -57.0698
487.746 78.0777 -56.6057
503.672 80.099 -32.7528
481.285 110.223 -59.2942
457.554 105.903 -75.405
461.905 74.2662 -74.7757
485.548 77.7277 -58.8302
454.69 105.439 -76.6131
426.694 100.443 -82.318
431.147 69.8432 -81.5909
459.041 73.8019 -75.9838
423.587 99.9598 -82.3271
395.52 95.199 -76.7264
400.094 65.696 -76.0189
428.04 69.3604 -81.6
392.637 94.7839 -75.5313
368.755 91.0362 -59.4527
373.441 62.5314 -58.896
397.212 65.2809 -74.8239
366.535 90.7464 -57.2276
350.478 88.4291 -33.0352
355.23 60.6491 -32.7364
371.221 62.2415 -56.6708
349.27 88.2837 -30.1146
343.629 87.5038 -1.54337
348.392 59.9808 -1.54355
354.022 60.5037 -29.8158
349.028 56.9708 1.57132
354.659 57.4615 29.8245
361.295 30.7514 28.5175
355.928 30.2019 1.56678
355.829 57.5824 32.654
371.786 59.1835 56.5414
377.668 32.5895 54.1324
362.465 30.8723 31.347
373.942 59.4291 58.7044
397.711 62.1919 74.6315
402.481 35.5955 71.492
379.824 32.8351 56.2954
400.521 62.544 75.801
428.464 66.2191 81.3832
431.949 39.4123 78.005
405.29 35.9476 72.6616
431.499 66.6287 81.3826
459.391 70.5949 75.7753
461.622 43.447 72.6855
434.984 39.8218 78.0044
462.19 70.9896 74.6052
485.828 74.4564 58.6549
487.011 46.9901 56.3152
464.421 43.8417 71.5155
487.975 74.752 56.4929
503.93 76.7774 32.5897
504.327 49.2974 31.3132
489.158 47.2857 54.1532
505.1 76.9236 29.7563
510.742 77.5132 1.49793
510.827 50.0769 1.5025
505.498 49.4436 28.4798
510.743 77.5113 -1.57311
505.114 76.9042 -29.8138
505.504 49.3904 -28.527
510.827 50.075 -1.56854
503.946 76.7565 -32.643
488.02 74.7352 -56.4959
489.197 47.2384 -54.1507
504.336 49.2427 -31.3562
485.875 74.441 -58.655
462.232 70.9796 -74.6006
464.459 43.8281 -71.5112
487.052 46.9442 -56.3098
459.432 70.5864 -75.7707
431.539 66.6278 -81.3778
435.019 39.823 -78.0016
461.659 43.435 -72.6814
428.504 66.2195 -81.3786
400.558 62.555 -75.7976
405.323 35.9655 -72.6613
431.985 39.4147 -78.0024
397.749 62.2051 -74.6284
373.978 59.4556 -58.7005
379.849 32.8911 -56.2989
402.513 35.6156 -71.4921
371.82 59.2117 -56.5348
355.829 57.6192 -32.6004
362.455 30.9348 -31.3033
377.691 32.6472 -54.1332
354.658 57.4962 -29.7669
349.027 56.9733 -1.49462
355.927 30.2044 -1.49917
361.283 30.8118 -28.4698
356.739 27.2976 1.4813
362.106 27.8471 28.4321
369.801 2.19982 26.6469
364.792 1.63738 1.46944
363.21 27.9736 31.1051
378.413 29.6907 53.8905
385.092 4.0548 50.6118
370.905 2.32627 29.32
380.448 29.937 55.9332
403.105 32.6975 71.1298
408.293 6.95755 66.841
387.127 4.3011 52.6545
405.757 33.0337 72.2336
432.417 36.4984 77.5771
435.855 10.4991 72.9048
410.946 7.29378 67.9448
435.283 36.8755 77.5762
461.922 40.5007 72.2573
463.6 14.1378 67.9004
438.721 10.8763 72.9038
464.567 40.8588 71.1529
487.157 44.0072 55.9526
487.33 17.3432 52.5959
466.245 14.4959 66.7959
489.184 44.2824 53.9095
504.353 46.2941 31.0695
503.489 19.5037 29.2517
489.357 17.6184 50.5528
505.454 46.4368 28.3939
510.783 47.0702 1.41662
509.55 20.2436 1.43077
504.589 19.6463 26.5761
510.783 47.0663 -1.48068
505.46 46.3818 -28.4391
504.588 19.56 -26.5977
509.55 20.2398 -1.46654
504.361 46.2359 -31.1111
489.222 44.2317 -53.9057
489.379 17.5454 -50.5423
503.49 19.4142 -29.2697
487.196 43.9599 -55.9469
464.603 40.8438 -71.1483
466.266 14.4864 -66.7937
487.354 17.2737 -52.5836
461.958 40.4887 -72.2534
435.318 36.8767 -77.5736
438.74 10.8767 -72.9025
463.62 14.1314 -67.8987
432.451 36.5009 -77.5746
405.789 33.0517 -72.2336
410.964 7.3061 -67.9455
435.874 10.5009 -72.9036
403.136 32.7188 -71.1304
380.472 29.9943 -55.9372
387.132 4.37425 -52.6656
408.311 6.97323 -66.8423
378.435 29.7512 -53.8927
363.199 28.0389 -31.0627
370.88 2.41538 -29.2982
385.095 4.13115 -50.6211
362.093 27.9089 -28.3861
356.737 27.3015 -1.41545
364.791 1.6413 -1.4273
369.775 2.28541 -26.6216
365.766 -0.946584 1.34304
370.775 -0.384144 26.5205
380.299 -21.3934 23.7761
375.877 -22.0149 1.32439
371.781 -0.254897 28.9666
385.968 1.47363 50.2585
393.904 -19.5049 45.2526
381.305 -21.2641 26.2222
387.828 1.71463 52.1291
408.994 4.37108 66.3156
414.647 -16.7337 59.7939
395.764 -19.264 47.1232
411.421 4.68671 67.3243
436.33 7.89203 72.2842
439.31 -13.4676 65.1944
417.073 -16.4181 60.8026
438.952 8.23591 72.2798
463.83 11.4974 67.2763
464.117 -10.1919 60.6654
441.932 -13.1238 65.19
466.25 11.8183 66.2618
487.334 14.6655 52.0618
485.299 -7.3958 46.9308
466.536 -9.87106 59.6509
489.184 14.9129 50.1927
503.316 16.7983 28.8916
499.663 -5.49896 26.0968
487.149 -7.14841 45.0618
504.318 16.9295 26.4509
509.279 17.5268 1.30557
505.054 -4.7893 1.32139
500.664 -5.36771 23.6562
509.279 17.5243 -1.33699
504.317 16.8446 -26.4681
500.664 -5.37033 -23.656
505.054 -4.79175 -1.32118
503.316 16.7111 -28.9088
489.205 14.8422 -50.1814
487.149 -7.15348 -45.0618
499.663 -5.50382 -26.0966
487.356 14.5974 -52.0503
466.268 11.8102 -66.2604
466.536 -9.87362 -59.6508
485.299 -7.39829 -46.9307
463.849 11.4913 -67.2748
438.969 8.23662 -72.2786
441.933 -13.1243 -65.1898
464.118 -10.1925 -60.6652
436.347 7.89322 -72.2831
411.437 4.69847 -67.3249
417.074 -16.418 -60.8025
439.311 -13.4677 -65.1943
409.009 4.38469 -66.3161
387.831 1.78571 -52.1395
395.764 -19.2619 -47.1231
414.646 -16.7318 -59.7937
385.97 1.54726 -50.2685
371.755 -0.168514 -28.9457
381.304 -21.2594 -26.2218
393.903 -19.5003 -45.2522
370.75 -0.29998 -26.4995
365.766 -0.944089 -1.30523
375.876 -22.0124 -1.32388
380.299 -21.3909 -23.7756
-194.283 717.518 25.6173
-196.148 712.773 -0.11881
-194.289 717.513 -25.8554
-188.925 731.017 -47.6974
-180.761 751.216 -62.3085
-170.967 775.003 -67.4335
-161.048 798.731 -62.2879
-152.599 818.813 -47.6857
-146.965 832.237 -25.8616
-145.002 836.965 -0.125264
-146.982 832.254 25.6131
-152.608 818.829 47.4363
-161.053 798.748 62.0403
-170.968 775.019 67.1889
-180.755 751.229 62.0662
-188.92 731.027 47.4591
382.635 -22.3855 1.31945e-05
387.058 -21.764 22.4517
399.656 -20.0048 41.4821
418.539 -17.4746 54.1528
440.776 -14.5241 58.5446
462.96 -11.5923 54.02
481.723 -9.11705 41.3
494.237 -7.4676 22.335
498.627 -6.88918 0.000239176
494.237 -7.46776 -22.3346
481.723 -9.11742 -41.2997
462.96 -11.5927 -54.0199
440.776 -14.5245 -58.5445
418.539 -17.4748 -54.1527
399.656 -20.0049 -41.4821
387.058 -21.764 -22.4517
</DataArray>
</Points>
<Cells>
<DataArray type="Int32" Name="connectivity" format="ascii">
0 1 529 528 1 17 530 529 17 16 531 530 16 0 528 531 1 2 533 532 2 18 534 533 18 17 535 534 17 1 532 535 2 3 537 536 3 19 538 537 19 18 539 538 18 2 536 539 3 4 541 540 4 20 542 541 20 19 543 542 19 3 540 543 4 5 545 544 5 21 546 545 21 20 547 546 20 4 544 547 5 6 549 548 6 22 550 549 22 21 551 550 21 5 548 551 6 7 553 552 7 23 554 553 23 22 555 554 22 6 552 555 7 8 557 556 8 24 558 557 24 23 559 558 23 7 556 559 8 9 561 560 9 25 562 561 25 24 563 562 24 8 560 563 9 10 565 564 10 26 566 565 26 25 567 566 25 9 564 567 10 11 569 568 11 27 570 569 27 26 571 570 26 10 568 571 11 12 573 572 12 28 574 573 28 27 575 574 27 11 572 575 12 13 577 576 13 29 578 577 29 28 579 578 28 12 576 579 13 14 581 580 14 30 582 581 30 29 583 582 29 13 580 583 14 15 585 584 15 31 586 585 31 30 587 586 30 14 584 587 15 0 589 588 0 16 590 589 16 31 591 590 31 15 588 591 16 17 593 592 17 33 594 593 33 32 595 594 32 16 592 595 18 34 597 596 34 33 598 597 33 17 599 598 17 18 596 599 19 35 601 600 35 34 602 601 34 18 603 602 18 19 600 603 20 36 605 604 36 35 606 605 35 19 607 606 19 20 604 607 21 37 609 608 37 36 610 609 36 20 611 610 20 21 608 611 22 38 613 612 38 37 614 613 37 21 615 614 21 22 612 615 23 39 617 616 39 38 618 617 38 22 619 618 22 23 616 619 24 40 621 620 40 39 622 621 39 23 623 622 23 24 620 623 25 41 625 624 41 40 626 625 40 24 627 626 24 25 624 627 26 42 629 628 42 41 630 629 41 25 631 630 25 26 628 631 27 43 633 632 43 42 634 633 42 26 635 634 26 27 632 635 28 44 637 636 44 43 638 637 43 27 639 638 27 28 636 639 29 45 641 640 45 44 642 641 44 28 643 642 28 29 640 643 30 46 645 644 46 45 646 645 45 29 647 646 29 30 644 647 31 47 649 648 47 46 650 649 46 30 651 650 30 31 648 651 31 16 653 652 16 32 654 653 32 47 655 654 47 31 652 655 32 33 657 656 33 49 658 657 49 48 659 658 48 32 656 659 33 34 661 660 34 50 662 661 50 49 663 662 49 33 660 663 34 35 665 664 35 51 666 665 51 50 667 666 50 34 664 667 35 36 669 668 36 52 670 669 52 51 671 670 51 35 668 671 36 37 673 672 37 53 674 673 53 52 675 674 52 36 672 675 37 38 677 676 38 54 678 677 54 53 679 678 53 37 676 679 38 39 681 680 39 55 682 681 55 54 683 682 54 38 680 683 39 40 685 684 40 56 686 685 56 55 687 686 55 39 684 687 40 41 689 688 41 57 690 689 57 56 691 690 56 40 688 691 41 42 693 692 42 58 694 693 58 57 695 694 57 41 692 695 42 43 697 696 43 59 698 697 59 58 699 698 58 42 696 699 43 44 701 700 44 60 702 701 60 59 703 702 59 43 700 703 44 45 705 704 45 61 706 705 61 60 707 706 60 44 704 707 45 46 709 708 46 62 710 709 62 61 711 710 61 45 708 711 46 47 713 712 47 63 714 713 63 62 715 714 62 46 712 715 47 32 717 716 32 48 718 717 48 63 719 718 63 47 716 719 48 49 721 720 49 65 722 721 65 64 723 722 64 48 720 723 49 50 725 724 50 66 726 725 66 65 727 726 65 49 724 727 50 51 729 728 51 67 730 729 67 66 731 730 66 50 728 731 51 52 733 732 52 68 734 733 68 67 735 734 67 51 732 735 52 53 737 736 53 69 738 737 69 68 739 738 68 52 736 739 53 54 741 740 54 70 742 741 70 69 743 742 69 53 740 743 54 55 745 744 55 71 746 745 71 70 747 746 70 54 744 747 55 56 749 748 56 72 750 749 72 71 751 750 71 55 748 751 56 57 753 752 57 73 754 753 73 72 755 754 72 56 752 755 57 58 757 756 58 74 758 757 74 73 759 758 73 57 756 759 58 59 761 760 59 75 762 761 75 74 763 762 74 58 760 763 59 60 765 764 60 76 766 765 76 75 767 766 75 59 764 767 60 61 769 768 61 77 770 769 77 76 771 770 76 60 768 771 61 62 773 772 62 78 774 773 78 77 775 774 77 61 772 775 62 63 777 776 63 79 778 777 79 78 779 778 78 62 776 779 63 48 781 780 48 64 782 781 64 79 783 782 79 63 780 783 64 65 785 784 65 81 786 785 81 80 787 786 80 64 784 787 65 66 789 788 66 82 790 789 82 81 791 790 81 65 788 791 66 67 793 792 67 83 794 793 83 82 795 794 82 66 792 795 67 68 797 796 68 84 798 797 84 83 799 798 83 67 796 799 68 69 801 800 69 85 802 801 85 84 803 802 84 68 800 803 69 70 805 804 70 86 806 805 86 85 807 806 85 69 804 807 70 71 809 808 71 87 810 809 87 86 811 810 86 70 808 811 71 72 813 812 72 88 814 813 88 87 815 814 87 71 812 815 72 73 817 816 73 89 818 817 89 88 819 818 88 72 816 819 73 74 821 820 74 90 822 821 90 89 823 822 89 73 820 823 74 75 825 824 75 91 826 825 91 90 827 826 90 74 824 827 75 76 829 828 76 92 830 829 92 91 831 830 91 75 828 831 76 77 833 832 77 93 834 833 93 92 835 834 92 76 832 835 77 78 837 836 78 94 838 837 94 93 839 838 93 77 836 839 78 79 841 840 79 95 842 841 95 94 843 842 94 78 840 843 79 64 845 844 64 80 846 845 80 95 847 846 95 79 844 847 80 81 849 848 81 97 850 849 97 96 851 850 96 80 848 851 81 82 853 852 82 98 854 853 98 97 855 854 97 81 852 855 82 83 857 856 83 99 858 857 99 98 859 858 98 82 856 859 83 84 861 860 84 100 862 861 100 99 863 862 99 83 860 863 84 85 865 864 85 101 866 865 101 100 867 866 100 84 864 867 85 86 869 868 86 102 870 869 102 101 871 870 101 85 868 871 86 87 873 872 87 103 874 873 103 102 875 874 102 86 872 875 87 88 877 876 88 104 878 877 104 103 879 878 103 87 876 879 88 89 881 880 89 105 882 881 105 104 883 882 104 88 880 883 89 90 885 884 90 106 886 885 106 105 887 886 105 89 884 887 90 91 889 888 91 107 890 889 107 106 891 890 106 90 888 891 91 92 893 892 92 108 894 893 108 107 895 894 107 91 892 895 92 93 897 896 93 109 898 897 109 108 899 898 108 92 896 899 93 94 901 900 94 110 902 901 110 109 903 902 109 93 900 903 94 95 905 904 95 111 906 905 111 110 907 906 110 94 904 907 95 80 909 908 80 96 910 909 96 111 911 910 111 95 908 911 96 97 913 912 97 113 914 913 113 112 915 914 112 96 912 915 97 98 917 916 98 114 918 917 114 113 919 918 113 97 916 919 98 99 921 920 99 115 922 921 115 114 923 922 114 98 920 923 99 100 925 924 100 116 926 925 116 115 927 926 115 99 924 927 100 101 929 928 101 117 930 929 117 116 931 930 116 100 928 931 101 102 933 932 102 118 934 933 118 117 935 934 117 101 932 935 102 103 937 936 103 119 938 937 119 118 939 938 118 102 936 939 103 104 941 940 104 120 942 941 120 119 943 942 119 103 940 943 104 105 945 944 105 121 946 945 121 120 947 946 120 104 944 947 105 106 949 948 106 122 950 949 122 121 951 950 121 105 948 951 106 107 953 952 107 123 954 953 123 122 955 954 122 106 952 955 107 108 957 956 108 124 958 957 124 123 959 958 123 107 956 959 108 109 961 960 109 125 962 961 125 124 963 962 124 108 960 963 109 110 965 964 110 126 966 965 126 125 967 966 125 109 964 967 110 111 969 968 111 127 970 969 127 126 971 970 126 110 968 971 111 96 973 972 96 112 974 973 112 127 975 974 127 111 972 975 112 113 977 976 113 129 978 977 129 128 979 978 128 112 976 979 113 114 981 980 114 130 982 981 130 129 983 982 129 113 980 983 114 115 985 984 115 131 986 985 131 130 987 986 130 114 984 987 115 116 989 988 116 132 990 989 132 131 991 990 131 115 988 991 116 117 993 992 117 133 994 993 133 132 995 994 132 116 992 995 117 118 997 996 118 134 998 997 134 133 999 998 133 117 996 999 118 119 1001 1000 119 135 1002 1001 135 134 1003 1002 134 118 1000 1003 119 120 1005 1004 120 136 1006 1005 136 135 1007 1006 135 119 1004 1007 120 121 1009 1008 121 137 1010 1009 137 136 1011 1010 136 120 1008 1011 121 122 1013 1012 122 138 1014 1013 138 137 1015 1014 137 121 1012 1015 122 123 1017 1016 123 139 1018 1017 139 138 1019 1018 138 122 1016 1019 123 124 1021 1020 124 140 1022 1021 140 139 1023 1022 139 123 1020 1023 124 125 1025 1024 125 141 1026 1025 141 140 1027 1026 140 124 1024 1027 125 126 1029 1028 126 142 1030 1029 142 141 1031 1030 141 125 1028 1031 126 127 1033 1032 127 143 1034 1033 143 142 1035 1034 142 126 1032 1035 127 112 1037 1036 112 128 1038 1037 128 143 1039 1038 143 127 1036 1039 128 129 1041 1040 129 145 1042 1041 145 144 1043 1042 144 128 1040 1043 129 130 1045 1044 130 146 1046 1045 146 145 1047 1046 145 129 1044 1047 130 131 1049 1048 131 147 1050 1049 147 146 1051 1050 146 130 1048 1051 131 132 1053 1052 132 148 1054 1053 148 147 1055 1054 147 131 1052 1055 132 133 1057 1056 133 149 1058 1057 149 148 1059 1058 148 132 1056 1059 133 134 1061 1060 134 150 1062 1061 150 149 1063 1062 149 133 1060 1063 134 135 1065 1064 135 151 1066 1065 151 150 1067 1066 150 134 1064 1067 135 136 1069 1068 136 152 1070 1069 152 151 1071 1070 151 135 1068 1071 136 137 1073 1072 137 153 1074 1073 153 152 1075 1074 152 136 1072 1075 137 138 1077 1076 138 154 1078 1077 154 153 1079 1078 153 137 1076 1079 138 139 1081 1080 139 155 1082 1081 155 154 1083 1082 154 138 1080 1083 139 140 1085 1084 140 156 1086 1085 156 155 1087 1086 155 139 1084 1087 140 141 1089 1088 141 157 1090 1089 157 156 1091 1090 156 140 1088 1091 141 142 1093 1092 142 158 1094 1093 158 157 1095 1094 157 141 1092 1095 142 143 1097 1096 143 159 1098 1097 159 158 1099 1098 158 142 1096 1099 143 128 1101 1100 128 144 1102 1101 144 159 1103 1102 159 143 1100 1103 144 145 1105 1104 145 161 1106 1105 161 160 1107 1106 160 144 1104 1107 145 146 1109 1108 146 162 1110 1109 162 161 1111 1110 161 145 1108 1111 146 147 1113 1112 147 163 1114 1113 163 162 1115 1114 162 146 1112 1115 147 148 1117 1116 148 164 1118 1117 164 163 1119 1118 163 147 1116 1119 148 149 1121 1120 149 165 1122 1121 165 164 1123 1122 164 148 1120 1123 149 150 1125 1124 150 166 1126 1125 166 165 1127 1126 165 149 1124 1127 150 151 1129 1128 151 167 1130 1129 167 166 1131 1130 166 150 1128 1131 151 152 1133 1132 152 168 1134 1133 168 167 1135 1134 167 151 1132 1135 152 153 1137 1136 153 169 1138 1137 169 168 1139 1138 168 152 1136 1139 153 154 1141 1140 154 170 1142 1141 170 169 1143 1142 169 153 1140 1143 154 155 1145 1144 155 171 1146 1145 171 170 1147 1146 170 154 1144 1147 155 156 1149 1148 156 172 1150 1149 172 171 1151 1150 171 155 1148 1151 156 157 1153 1152 157 173 1154 1153 173 172 1155 1154 172 156 1152 1155 157 158 1157 1156 158 174 1158 1157 174 173 1159 1158 173 157 1156 1159 158 159 1161 1160 159 175 1162 1161 175 174 1163 1162 174 158 1160 1163 159 144 1165 1164 144 160 1166 1165 160 175 1167 1166 175 159 1164 1167 160 161 1169 1168 161 177 1170 1169 177 176 1171 1170 176 160 1168 1171 161 162 1173 1172 162 178 1174 1173 178 177 1175 1174 177 161 1172 1175 162 163 1177 1176 163 179 1178 1177 179 178 1179 1178 178 162 1176 1179 163 164 1181 1180 164 180 1182 1181 180 179 1183 1182 179 163 1180 1183 164 165 1185 1184 165 181 1186 1185 181 180 1187 1186 180 164 1184 1187 165 166 1189 1188 166 182 1190 1189 182 181 1191 1190 181 165 1188 1191 166 167 1193 1192 167 183 1194 1193 183 182 1195 1194 182 166 1192 1195 167 168 1197 1196 168 184 1198 1197 184 183 1199 1198 183 167 1196 1199 168 169 1201 1200 169 185 1202 1201 185 184 1203 1202 184 168 1200 1203 169 170 1205 1204 170 186 1206 1205 186 185 1207 1206 185 169 1204 1207 170 171 1209 1208 171 187 1210 1209 187 186 1211 1210 186 170 1208 1211 171 172 1213 1212 172 188 1214 1213 188 187 1215 1214 187 171 1212 1215 172 173 1217 1216 173 189 1218 1217 189 188 1219 1218 188 172 1216 1219 173 174 1221 1220 174 190 1222 1221 190 189 1223 1222 189 173 1220 1223 174 175 1225 1224 175 191 1226 1225 191 190 1227 1226 190 174 1224 1227 175 160 1229 1228 160 176 1230 1229 176 191 1231 1230 191 175 1228 1231 176 177 1233 1232 177 193 1234 1233 193 192 1235 1234 192 176 1232 1235 177 178 1237 1236 178 194 1238 1237 194 193 1239 1238 193 177 1236 1239 178 179 1241 1240 179 195 1242 1241 195 194 1243 1242 194 178 1240 1243 179 180 1245 1244 180 196 1246 1245 196 195 1247 1246 195 179 1244 1247 180 181 1249 1248 181 197 1250 1249 197 196 1251 1250 196 180 1248 1251 181 182 1253 1252 182 198 1254 1253 198 197 1255 1254 197 181 1252 1255 182 183 1257 1256 183 199 1258 1257 199 198 1259 1258 198 182 1256 1259 183 184 1261 1260 184 200 1262 1261 200 199 1263 1262 199 183 1260 1263 184 185 1265 1264 185 201 1266 1265 201 200 1267 1266 200 184 1264 1267 185 186 1269 1268 186 202 1270 1269 202 201 1271 1270 201 185 1268 1271 186 187 1273 1272 187 203 1274 1273 203 202 1275 1274 202 186 1272 1275 187 188 1277 1276 188 204 1278 1277 204 203 1279 1278 203 187 1276 1279 188 189 1281 1280 189 205 1282 1281 205 204 1283 1282 204 188 1280 1283 189 190 1285 1284 190 206 1286 1285 206 205 1287 1286 205 189 1284 1287 190 191 1289 1288 191 207 1290 1289 207 206 1291 1290 206 190 1288 1291 191 176 1293 1292 176 192 1294 1293 192 207 1295 1294 207 191 1292 1295 192 193 1297 1296 193 209 1298 1297 209 208 1299 1298 208 192 1296 1299 193 194 1301 1300 194 210 1302 1301 210 209 1303 1302 209 193 1300 1303 194 195 1305 1304 195 211 1306 1305 211 210 1307 1306 210 194 1304 1307 195 196 1309 1308 196 212 1310 1309 212 211 1311 1310 211 195 1308 1311 196 197 1313 1312 197 213 1314 1313 213 212 1315 1314 212 196 1312 1315 197 198 1317 1316 198 214 1318 1317 214 213 1319 1318 213 197 1316 1319 198 199 1321 1320 199 215 1322 1321 215 214 1323 1322 214 198 1320 1323 199 200 1325 1324 200 216 1326 1325 216 215 1327 1326 215 199 1324 1327 200 201 1329 1328 201 217 1330 1329 217 216 1331 1330 216 200 1328 1331 201 202 1333 1332 202 218 1334 1333 218 217 1335 1334 217 201 1332 1335 202 203 1337 1336 203 219 1338 1337 219 218 1339 1338 218 202 1336 1339 203 204 1341 1340 204 220 1342 1341 220 219 1343 1342 219 203 1340 1343 204 205 1345 1344 205 221 1346 1345 221 220 1347 1346 220 204 1344 1347 205 206 1349 1348 206 222 1350 1349 222 221 1351 1350 221 205 1348 1351 206 207 1353 1352 207 223 1354 1353 223 222 1355 1354 222 206 1352 1355 207 192 1357 1356 192 208 1358 1357 208 223 1359 1358 223 207 1356 1359 208 209 1361 1360 209 225 1362 1361 225 224 1363 1362 224 208 1360 1363 209 210 1365 1364 210 226 1366 1365 226 225 1367 1366 225 209 1364 1367 210 211 1369 1368 211 227 1370 1369 227 226 1371 1370 226 210 1368 1371 211 212 1373 1372 212 228 1374 1373 228 227 1375 1374 227 211 1372 1375 212 213 1377 1376 213 229 1378 1377 229 228 1379 1378 228 212 1376 1379 213 214 1381 1380 214 230 1382 1381 230 229 1383 1382 229 213 1380 1383 214 215 1385 1384 215 231 1386 1385 231 230 1387 1386 230 214 1384 1387 215 216 1389 1388 216 232 1390 1389 232 231 1391 1390 231 215 1388 1391 216 217 1393 1392 217 233 1394 1393 233 232 1395 1394 232 216 1392 1395 217 218 1397 1396 218 234 1398 1397 234 233 1399 1398 233 217 1396 1399 218 219 1401 1400 219 235 1402 1401 235 234 1403 1402 234 218 1400 1403 219 220 1405 1404 220 236 1406 1405 236 235 1407 1406 235 219 1404 1407 220 221 1409 1408 221 237 1410 1409 237 236 1411 1410 236 220 1408 1411 221 222 1413 1412 222 238 1414 1413 238 237 1415 1414 237 221 1412 1415 222 223 1417 1416 223 239 1418 1417 239 238 1419 1418 238 222 1416 1419 223 208 1421 1420 208 224 1422 1421 224 239 1423 1422 239 223 1420 1423 224 225 1425 1424 225 241 1426 1425 241 240 1427 1426 240 224 1424 1427 225 226 1429 1428 226 242 1430 1429 242 241 1431 1430 241 225 1428 1431 226 227 1433 1432 227 243 1434 1433 243 242 1435 1434 242 226 1432 1435 227 228 1437 1436 228 244 1438 1437 244 243 1439 1438 243 227 1436 1439 228 229 1441 1440 229 245 1442 1441 245 244 1443 1442 244 228 1440 1443 229 230 1445 1444 230 246 1446 1445 246 245 1447 1446 245 229 1444 1447 230 231 1449 1448 231 247 1450 1449 247 246 1451 1450 246 230 1448 1451 231 232 1453 1452 232 248 1454 1453 248 247 1455 1454 247 231 1452 1455 232 233 1457 1456 233 249 1458 1457 249 248 1459 1458 248 232 1456 1459 233 234 1461 1460 234 250 1462 1461 250 249 1463 1462 249 233 1460 1463 234 235 1465 1464 235 251 1466 1465 251 250 1467 1466 250 234 1464 1467 235 236 1469 1468 236 252 1470 1469 252 251 1471 1470 251 235 1468 1471 236 237 1473 1472 237 253 1474 1473 253 252 1475 1474 252 236 1472 1475 237 238 1477 1476 238 254 1478 1477 254 253 1479 1478 253 237 1476 1479 238 239 1481 1480 239 255 1482 1481 255 254 1483 1482 254 238 1480 1483 239 224 1485 1484 224 240 1486 1485 240 255 1487 1486 255 239 1484 1487 240 241 1489 1488 241 257 1490 1489 257 256 1491 1490 256 240 1488 1491 241 242 1493 1492 242 258 1494 1493 258 257 1495 1494 257 241 1492 1495 242 243 1497 1496 243 259 1498 1497 259 258 1499 1498 258 242 1496 1499 243 244 1501 1500 244 260 1502 1501 260 259 1503 1502 259 243 1500 1503 244 245 1505 1504 245 261 1506 1505 261 260 1507 1506 260 244 1504 1507 245 246 1509 1508 246 262 1510 1509 262 261 1511 1510 261 245 1508 1511 246 247 1513 1512 247 263 1514 1513 263 262 1515 1514 262 246 1512 1515 247 248 1517 1516 248 264 1518 1517 264 263 1519 1518 263 247 1516 1519 248 249 1521 1520 249 265 1522 1521 265 264 1523 1522 264 248 1520 1523 249 250 1525 1524 250 266 1526 1525 266 265 1527 1526 265 249 1524 1527 250 251 1529 1528 251 267 1530 1529 267 266 1531 1530 266 250 1528 1531 251 252 1533 1532 252 268 1534 1533 268 267 1535 1534 267 251 1532 1535 252 253 1537 1536 253 269 1538 1537 269 268 1539 1538 268 252 1536 1539 253 254 1541 1540 254 270 1542 1541 270 269 1543 1542 269 253 1540 1543 254 255 1545 1544 255 271 1546 1545 271 270 1547 1546 270 254 1544 1547 255 240 1549 1548 240 256 1550 1549 256 271 1551 1550 271 255 1548 1551 256 257 1553 1552 257 273 1554 1553 273 272 1555 1554 272 256 1552 1555 257 258 1557 1556 258 274 1558 1557 274 273 1559 1558 273 257 1556 1559 258 259 1561 1560 259 275 1562 1561 275 274 1563 1562 274 258 1560 1563 259 260 1565 1564 260 276 1566 1565 276 275 1567 1566 275 259 1564 1567 260 261 1569 1568 261 277 1570 1569 277 276 1571 1570 276 260 1568 1571 261 262 1573 1572 262 278 1574 1573 278 277 1575 1574 277 261 1572 1575 262 263 1577 1576 263 279 1578 1577 279 278 1579 1578 278 262 1576 1579 263 264 1581 1580 264 280 1582 1581 280 279 1583 1582 279 263 1580 1583 264 265 1585 1584 265 281 1586 1585 281 280 1587 1586 280 264 1584 1587 265 266 1589 1588 266 282 1590 1589 282 281 1591 1590 281 265 1588 1591 266 267 1593 1592 267 283 1594 1593 283 282 1595 1594 282 266 1592 1595 267 268 1597 1596 268 284 1598 1597 284 283 1599 1598 283 267 1596 1599 268 269 1601 1600 269 285 1602 1601 285 284 1603 1602 284 268 1600 1603 269 270 1605 1604 270 286 1606 1605 286 285 1607 1606 285 269 1604 1607 270 271 1609 1608 271 287 1610 1609 287 286 1611 1610 286 270 1608 1611 271 256 1613 1612 256 272 1614 1613 272 287 1615 1614 287 271 1612 1615 272 273 1617 1616 273 289 1618 1617 289 288 1619 1618 288 272 1616 1619 273 274 1621 1620 274 290 1622 1621 290 289 1623 1622 289 273 1620 1623 274 275 1625 1624 275 291 1626 1625 291 290 1627 1626 290 274 1624 1627 275 276 1629 1628 276 292 1630 1629 292 291 1631 1630 291 275 1628 1631 276 277 1633 1632 277 293 1634 1633 293 292 1635 1634 292 276 1632 1635 277 278 1637 1636 278 294 1638 1637 294 293 1639 1638 293 277 1636 1639 278 279 1641 1640 279 295 1642 1641 295 294 1643 1642 294 278 1640 1643 279 280 1645 1644 280 296 1646 1645 296 295 1647 1646 295 279 1644 1647 280 281 1649 1648 281 297 1650 1649 297 296 1651 1650 296 280 1648 1651 281 282 1653 1652 282 298 1654 1653 298 297 1655 1654 297 281 1652 1655 282 283 1657 1656 283 299 1658 1657 299 298 1659 1658 298 282 1656 1659 283 284 1661 1660 284 300 1662 1661 300 299 1663 1662 299 283 1660 1663 284 285 1665 1664 285 301 1666 1665 301 300 1667 1666 300 284 1664 1667 285 286 1669 1668 286 302 1670 1669 302 301 1671 1670 301 285 1668 1671 286 287 1673 1672 287 303 1674 1673 303 302 1675 1674 302 286 1672 1675 287 272 1677 1676 272 288 1678 1677 288 303 1679 1678 303 287 1676 1679 288 289 1681 1680 289 305 1682 1681 305 304 1683 1682 304 288 1680 1683 289 290 1685 1684 290 306 1686 1685 306 305 1687 1686 305 289 1684 1687 290 291 1689 1688 291 307 1690 1689 307 306 1691 1690 306 290 1688 1691 291 292 1693 1692 292 308 1694 1693 308 307 1695 1694 307 291 1692 1695 292 293 1697 1696 293 309 1698 1697 309 308 1699 1698 308 292 1696 1699 293 294 1701 1700 294 310 1702 1701 310 309 1703 1702 309 293 1700 1703 294 295 1705 1704 295 311 1706 1705 311 310 1707 1706 310 294 1704 1707 295 296 1709 1708 296 312 1710 1709 312 311 1711 1710 311 295 1708 1711 296 297 1713 1712 297 313 1714 1713 313 312 1715 1714 312 296 1712 1715 297 298 1717 1716 298 314 1718 1717 314 313 1719 1718 313 297 1716 1719 298 299 1721 1720 299 315 1722 1721 315 314 1723 1722 314 298 1720 1723 299 300 1725 1724 300 316 1726 1725 316 315 1727 1726 315 299 1724 1727 300 301 1729 1728 301 317 1730 1729 317 316 1731 1730 316 300 1728 1731 301 302 1733 1732 302 318 1734 1733 318 317 1735 1734 317 301 1732 1735 302 303 1737 1736 303 319 1738 1737 319 318 1739 1738 318 302 1736 1739 303 288 1741 1740 288 304 1742 1741 304 319 1743 1742 319 303 1740 1743 304 305 1745 1744 305 321 1746 1745 321 320 1747 1746 320 304 1744 1747 305 306 1749 1748 306 322 1750 1749 322 321 1751 1750 321 305 1748 1751 306 307 1753 1752 307 323 1754 1753 323 322 1755 1754 322 306 1752 1755 307 308 1757 1756 308 324 1758 1757 324 323 1759 1758 323 307 1756 1759 308 309 1761 1760 309 325 1762 1761 325 324 1763 1762 324 308 1760 1763 309 310 1765 1764 310 326 1766 1765 326 325 1767 1766 325 309 1764 1767 310 311 1769 1768 311 327 1770 1769 327 326 1771 1770 326 310 1768 1771 311 312 1773 1772 312 328 1774 1773 328 327 1775 1774 327 311 1772 1775 312 313 1777 1776 313 329 1778 1777 329 328 1779 1778 328 312 1776 1779 313 314 1781 1780 314 330 1782 1781 330 329 1783 1782 329 313 1780 1783 314 315 1785 1784 315 331 1786 1785 331 330 1787 1786 330 314 1784 1787 315 316 1789 1788 316 332 1790 1789 332 331 1791 1790 331 315 1788 1791 316 317 1793 1792 317 333 1794 1793 333 332 1795 1794 332 316 1792 1795 317 318 1797 1796 318 334 1798 1797 334 333 1799 1798 333 317 1796 1799 318 319 1801 1800 319 335 1802 1801 335 334 1803 1802 334 318 1800 1803 319 304 1805 1804 304 320 1806 1805 320 335 1807 1806 335 319 1804 1807 320 321 1809 1808 321 337 1810 1809 337 336 1811 1810 336 320 1808 1811 321 322 1813 1812 322 338 1814 1813 338 337 1815 1814 337 321 1812 1815 322 323 1817 1816 323 339 1818 1817 339 338 1819 1818 338 322 1816 1819 323 324 1821 1820 324 340 1822 1821 340 339 1823 1822 339 323 1820 1823 324 325 1825 1824 325 341 1826 1825 341 340 1827 1826 340 324 1824 1827 325 326 1829 1828 326 342 1830 1829 342 341 1831 1830 341 325 1828 1831 326 327 1833 1832 327 343 1834 1833 343 342 1835 1834 342 326 1832 1835 327 328 1837 1836 328 344 1838 1837 344 343 1839 1838 343 327 1836 1839 328 329 1841 1840 329 345 1842 1841 345 344 1843 1842 344 328 1840 1843 329 330 1845 1844 330 346 1846 1845 346 345 1847 1846 345 329 1844 1847 330 331 1849 1848 331 347 1850 1849 347 346 1851 1850 346 330 1848 1851 331 332 1853 1852 332 348 1854 1853 348 347 1855 1854 347 331 1852 1855 332 333 1857 1856 333 349 1858 1857 349 348 1859 1858 348 332 1856 1859 333 334 1861 1860 334 350 1862 1861 350 349 1863 1862 349 333 1860 1863 334 335 1865 1864 335 351 1866 1865 351 350 1867 1866 350 334 1864 1867 335 320 1869 1868 320 336 1870 1869 336 351 1871 1870 351 335 1868 1871 336 337 1873 1872 337 353 1874 1873 353 352 1875 1874 352 336 1872 1875 337 338 1877 1876 338 354 1878 1877 354 353 1879 1878 353 337 1876 1879 338 339 1881 1880 339 355 1882 1881 355 354 1883 1882 354 338 1880 1883 339 340 1885 1884 340 356 1886 1885 356 355 1887 1886 355 339 1884 1887 340 341 1889 1888 341 357 1890 1889 357 356 1891 1890 356 340 1888 1891 341 342 1893 1892 342 358 1894 1893 358 357 1895 1894 357 341 1892 1895 342 343 1897 1896 343 359 1898 1897 359 358 1899 1898 358 342 1896 1899 343 344 1901 1900 344 360 1902 1901 360 359 1903 1902 359 343 1900 1903 344 345 1905 1904 345 361 1906 1905 361 360 1907 1906 360 344 1904 1907 345 346 1909 1908 346 362 1910 1909 362 361 1911 1910 361 345 1908 1911 346 347 1913 1912 347 363 1914 1913 363 362 1915 1914 362 346 1912 1915 347 348 1917 1916 348 364 1918 1917 364 363 1919 1918 363 347 1916 1919 348 349 1921 1920 349 365 1922 1921 365 364 1923 1922 364 348 1920 1923 349 350 1925 1924 350 366 1926 1925 366 365 1927 1926 365 349 1924 1927 350 351 1929 1928 351 367 1930 1929 367 366 1931 1930 366 350 1928 1931 351 336 1933 1932 336 352 1934 1933 352 367 1935 1934 367 351 1932 1935 352 353 1937 1936 353 369 1938 1937 369 368 1939 1938 368 352 1936 1939 353 354 1941 1940 354 370 1942 1941 370 369 1943 1942 369 353 1940 1943 354 355 1945 1944 355 371 1946 1945 371 370 1947 1946 370 354 1944 1947 355 356 1949 1948 356 372 1950 1949 372 371 1951 1950 371 355 1948 1951 356 357 1953 1952 357 373 1954 1953 373 372 1955 1954 372 356 1952 1955 357 358 1957 1956 358 374 1958 1957 374 373 1959 1958 373 357 1956 1959 358 359 1961 1960 359 375 1962 1961 375 374 1963 1962 374 358 1960 1963 359 360 1965 1964 360 376 1966 1965 376 375 1967 1966 375 359 1964 1967 360 361 1969 1968 361 377 1970 1969 377 376 1971 1970 376 360 1968 1971 361 362 1973 1972 362 378 1974 1973 378 377 1975 1974 377 361 1972 1975 362 363 1977 1976 363 379 1978 1977 379 378 1979 1978 378 362 1976 1979 363 364 1981 1980 364 380 1982 1981 380 379 1983 1982 379 363 1980 1983 364 365 1985 1984 365 381 1986 1985 381 380 1987 1986 380 364 1984 1987 365 366 1989 1988 366 382 1990 1989 382 381 1991 1990 381 365 1988 1991 366 367 1993 1992 367 383 1994 1993 383 382 1995 1994 382 366 1992 1995 367 352 1997 1996 352 368 1998 1997 368 383 1999 1998 383 367 1996 1999 368 369 2001 2000 369 385 2002 2001 385 384 2003 2002 384 368 2000 2003 369 370 2005 2004 370 386 2006 2005 386 385 2007 2006 385 369 2004 2007 370 371 2009 2008 371 387 2010 2009 387 386 2011 2010 386 370 2008 2011 371 372 2013 2012 372 388 2014 2013 388 387 2015 2014 387 371 2012 2015 372 373 2017 2016 373 389 2018 2017 389 388 2019 2018 388 372 2016 2019 373 374 2021 2020 374 390 2022 2021 390 389 2023 2022 389 373 2020 2023 374 375 2025 2024 375 391 2026 2025 391 390 2027 2026 390 374 2024 2027 375 376 2029 2028 376 392 2030 2029 392 391 2031 2030 391 375 2028 2031 376 377 2033 2032 377 393 2034 2033 393 392 2035 2034 392 376 2032 2035 377 378 2037 2036 378 394 2038 2037 394 393 2039 2038 393 377 2036 2039 378 379 2041 2040 379 395 2042 2041 395 394 2043 2042 394 378 2040 2043 379 380 2045 2044 380 396 2046 2045 396 395 2047 2046 395 379 2044 2047 380 381 2049 2048 381 397 2050 2049 397 396 2051 2050 396 380 2048 2051 381 382 2053 2052 382 398 2054 2053 398 397 2055 2054 397 381 2052 2055 382 383 2057 2056 383 399 2058 2057 399 398 2059 2058 398 382 2056 2059 383 368 2061 2060 368 384 2062 2061 384 399 2063 2062 399 383 2060 2063 384 385 2065 2064 385 401 2066 2065 401 400 2067 2066 400 384 2064 2067 385 386 2069 2068 386 402 2070 2069 402 401 2071 2070 401 385 2068 2071 386 387 2073 2072 387 403 2074 2073 403 402 2075 2074 402 386 2072 2075 387 388 2077 2076 388 404 2078 2077 404 403 2079 2078 403 387 2076 2079 388 389 2081 2080 389 405 2082 2081 405 404 2083 2082 404 388 2080 2083 389 390 2085 2084 390 406 2086 2085 406 405 2087 2086 405 389 2084 2087 390 391 2089 2088 391 407 2090 2089 407 406 2091 2090 406 390 2088 2091 391 392 2093 2092 392 408 2094 2093 408 407 2095 2094 407 391 2092 2095 392 393 2097 2096 393 409 2098 2097 409 408 2099 2098 408 392 2096 2099 393 394 2101 2100 394 410 2102 2101 410 409 2103 2102 409 393 2100 2103 394 395 2105 2104 395 411 2106 2105 411 410 2107 2106 410 394 2104 2107 395 396 2109 2108 396 412 2110 2109 412 411 2111 2110 411 395 2108 2111 396 397 2113 2112 397 413 2114 2113 413 412 2115 2114 412 396 2112 2115 397 398 2117 2116 398 414 2118 2117 414 413 2119 2118 413 397 2116 2119 398 399 2121 2120 399 415 2122 2121 415 414 2123 2122 414 398 2120 2123 399 384 2125 2124 384 400 2126 2125 400 415 2127 2126 415 399 2124 2127 400 401 2129 2128 401 417 2130 2129 417 416 2131 2130 416 400 2128 2131 401 402 2133 2132 402 418 2134 2133 418 417 2135 2134 417 401 2132 2135 402 403 2137 2136 403 419 2138 2137 419 418 2139 2138 418 402 2136 2139 403 404 2141 2140 404 420 2142 2141 420 419 2143 2142 419 403 2140 2143 404 405 2145 2144 405 421 2146 2145 421 420 2147 2146 420 404 2144 2147 405 406 2149 2148 406 422 2150 2149 422 421 2151 2150 421 405 2148 2151 406 407 2153 2152 407 423 2154 2153 423 422 2155 2154 422 406 2152 2155 407 408 2157 2156 408 424 2158 2157 424 423 2159 2158 423 407 2156 2159 408 409 2161 2160 409 425 2162 2161 425 424 2163 2162 424 408 2160 2163 409 410 2165 2164 410 426 2166 2165 426 425 2167 2166 425 409 2164 2167 410 411 2169 2168 411 427 2170 2169 427 426 2171 2170 426 410 2168 2171 411 412 2173 2172 412 428 2174 2173 428 427 2175 2174 427 411 2172 2175 412 413 2177 2176 413 429 2178 2177 429 428 2179 2178 428 412 2176 2179 413 414 2181 2180 414 430 2182 2181 430 429 2183 2182 429 413 2180 2183 414 415 2185 2184 415 431 2186 2185 431 430 2187 2186 430 414 2184 2187 415 400 2189 2188 400 416 2190 2189 416 431 2191 2190 431 415 2188 2191 416 417 2193 2192 417 433 2194 2193 433 432 2195 2194 432 416 2192 2195 417 418 2197 2196 418 434 2198 2197 434 433 2199 2198 433 417 2196 2199 418 419 2201 2200 419 435 2202 2201 435 434 2203 2202 434 418 2200 2203 419 420 2205 2204 420 436 2206 2205 436 435 2207 2206 435 419 2204 2207 420 421 2209 2208 421 437 2210 2209 437 436 2211 2210 436 420 2208 2211 421 422 2213 2212 422 438 2214 2213 438 437 2215 2214 437 421 2212 2215 422 423 2217 2216 423 439 2218 2217 439 438 2219 2218 438 422 2216 2219 423 424 2221 2220 424 440 2222 2221 440 439 2223 2222 439 423 2220 2223 424 425 2225 2224 425 441 2226 2225 441 440 2227 2226 440 424 2224 2227 425 426 2229 2228 426 442 2230 2229 442 441 2231 2230 441 425 2228 2231 426 427 2233 2232 427 443 2234 2233 443 442 2235 2234 442 426 2232 2235 427 428 2237 2236 428 444 2238 2237 444 443 2239 2238 443 427 2236 2239 428 429 2241 2240 429 445 2242 2241 445 444 2243 2242 444 428 2240 2243 429 430 2245 2244 430 446 2246 2245 446 445 2247 2246 445 429 2244 2247 430 431 2249 2248 431 447 2250 2249 447 446 2251 2250 446 430 2248 2251 431 416 2253 2252 416 432 2254 2253 432 447 2255 2254 447 431 2252 2255 432 433 2257 2256 433 449 2258 2257 449 448 2259 2258 448 432 2256 2259 433 434 2261 2260 434 450 2262 2261 450 449 2263 2262 449 433 2260 2263 434 435 2265 2264 435 451 2266 2265 451 450 2267 2266 450 434 2264 2267 435 436 2269 2268 436 452 2270 2269 452 451 2271 2270 451 435 2268 2271 436 437 2273 2272 437 453 2274 2273 453 452 2275 2274 452 436 2272 2275 437 438 2277 2276 438 454 2278 2277 454 453 2279 2278 453 437 2276 2279 438 439 2281 2280 439 455 2282 2281 455 454 2283 2282 454 438 2280 2283 439 440 2285 2284 440 456 2286 2285 456 455 2287 2286 455 439 2284 2287 440 441 2289 2288 441 457 2290 2289 457 456 2291 2290 456 440 2288 2291 441 442 2293 2292 442 458 2294 2293 458 457 2295 2294 457 441 2292 2295 442 443 2297 2296 443 459 2298 2297 459 458 2299 2298 458 442 2296 2299 443 444 2301 2300 444 460 2302 2301 460 459 2303 2302 459 443 2300 2303 444 445 2305 2304 445 461 2306 2305 461 460 2307 2306 460 444 2304 2307 445 446 2309 2308 446 462 2310 2309 462 461 2311 2310 461 445 2308 2311 446 447 2313 2312 447 463 2314 2313 463 462 2315 2314 462 446 2312 2315 447 432 2317 2316 432 448 2318 2317 448 463 2319 2318 463 447 2316 2319 448 449 2321 2320 449 465 2322 2321 465 464 2323 2322 464 448 2320 2323 449 450 2325 2324 450 466 2326 2325 466 465 2327 2326 465 449 2324 2327 450 451 2329 2328 451 467 2330 2329 467 466 2331 2330 466 450 2328 2331 451 452 2333 2332 452 468 2334 2333 468 467 2335 2334 467 451 2332 2335 452 453 2337 2336 453 469 2338 2337 469 468 2339 2338 468 452 2336 2339 453 454 2341 2340 454 470 2342 2341 470 469 2343 2342 469 453 2340 2343 454 455 2345 2344 455 471 2346 2345 471 470 2347 2346 470 454 2344 2347 455 456 2349 2348 456 472 2350 2349 472 471 2351 2350 471 455 2348 2351 456 457 2353 2352 457 473 2354 2353 473 472 2355 2354 472 456 2352 2355 457 458 2357 2356 458 474 2358 2357 474 473 2359 2358 473 457 2356 2359 458 459 2361 2360 459 475 2362 2361 475 474 2363 2362 474 458 2360 2363 459 460 2365 2364 460 476 2366 2365 476 475 2367 2366 475 459 2364 2367 460 461 2369 2368 461 477 2370 2369 477 476 2371 2370 476 460 2368 2371 461 462 2373 2372 462 478 2374 2373 478 477 2375 2374 477 461 2372 2375 462 463 2377 2376 463 479 2378 2377 479 478 2379 2378 478 462 2376 2379 463 448 2381 2380 448 464 2382 2381 464 479 2383 2382 479 463 2380 2383 464 465 2385 2384 465 481 2386 2385 481 480 2387 2386 480 464 2384 2387 465 466 2389 2388 466 482 2390 2389 482 481 2391 2390 481 465 2388 2391 466 467 2393 2392 467 483 2394 2393 483 482 2395 2394 482 466 2392 2395 467 468 2397 2396 468 484 2398 2397 484 483 2399 2398 483 467 2396 2399 468 469 2401 2400 469 485 2402 2401 485 484 2403 2402 484 468 2400 2403 469 470 2405 2404 470 486 2406 2405 486 485 2407 2406 485 469 2404 2407 470 471 2409 2408 471 487 2410 2409 487 486 2411 2410 486 470 2408 2411 471 472 2413 2412 472 488 2414 2413 488 487 2415 2414 487 471 2412 2415 472 473 2417 2416 473 489 2418 2417 489 488 2419 2418 488 472 2416 2419 473 474 2421 2420 474 490 2422 2421 490 489 2423 2422 489 473 2420 2423 474 475 2425 2424 475 491 2426 2425 491 490 2427 2426 490 474 2424 2427 475 476 2429 2428 476 492 2430 2429 492 491 2431 2430 491 475 2428 2431 476 477 2433 2432 477 493 2434 2433 493 492 2435 2434 492 476 2432 2435 477 478 2437 2436 478 494 2438 2437 494 493 2439 2438 493 477 2436 2439 478 479 2441 2440 479 495 2442 2441 495 494 2443 2442 494 478 2440 2443 479 464 2445 2444 464 480 2446 2445 480 495 2447 2446 495 479 2444 2447 480 481 2449 2448 481 497 2450 2449 497 496 2451 2450 496 480 2448 2451 481 482 2453 2452 482 498 2454 2453 498 497 2455 2454 497 481 2452 2455 482 483 2457 2456 483 499 2458 2457 499 498 2459 2458 498 482 2456 2459 483 484 2461 2460 484 500 2462 2461 500 499 2463 2462 499 483 2460 2463 484 485 2465 2464 485 501 2466 2465 501 500 2467 2466 500 484 2464 2467 485 486 2469 2468 486 502 2470 2469 502 501 2471 2470 501 485 2468 2471 486 487 2473 2472 487 503 2474 2473 503 502 2475 2474 502 486 2472 2475 487 488 2477 2476 488 504 2478 2477 504 503 2479 2478 503 487 2476 2479 488 489 2481 2480 489 505 2482 2481 505 504 2483 2482 504 488 2480 2483 489 490 2485 2484 490 506 2486 2485 506 505 2487 2486 505 489 2484 2487 490 491 2489 2488 491 507 2490 2489 507 506 2491 2490 506 490 2488 2491 491 492 2493 2492 492 508 2494 2493 508 507 2495 2494 507 491 2492 2495 492 493 2497 2496 493 509 2498 2497 509 508 2499 2498 508 492 2496 2499 493 494 2501 2500 494 510 2502 2501 510 509 2503 2502 509 493 2500 2503 494 495 2505 2504 495 511 2506 2505 511 510 2507 2506 510 494 2504 2507 495 480 2509 2508 480 496 2510 2509 496 511 2511 2510 511 495 2508 2511 496 497 2513 2512 497 513 2514 2513 513 512 2515 2514 512 496 2512 2515 497 498 2517 2516 498 514 2518 2517 514 513 2519 2518 513 497 2516 2519 498 499 2521 2520 499 515 2522 2521 515 514 2523 2522 514 498 2520 2523 499 500 2525 2524 500 516 2526 2525 516 515 2527 2526 515 499 2524 2527 500 501 2529 2528 501 517 2530 2529 517 516 2531 2530 516 500 2528 2531 501 502 2533 2532 502 518 2534 2533 518 517 2535 2534 517 501 2532 2535 502 503 2537 2536 503 519 2538 2537 519 518 2539 2538 518 502 2536 2539 503 504 2541 2540 504 520 2542 2541 520 519 2543 2542 519 503 2540 2543 504 505 2545 2544 505 521 2546 2545 521 520 2547 2546 520 504 2544 2547 505 506 2549 2548 506 522 2550 2549 522 521 2551 2550 521 505 2548 2551 506 507 2553 2552 507 523 2554 2553 523 522 2555 2554 522 506 2552 2555 507 508 2557 2556 508 524 2558 2557 524 523 2559 2558 523 507 2556 2559 508 509 2561 2560 509 525 2562 2561 525 524 2563 2562 524 508 2560 2563 509 510 2565 2564 510 526 2566 2565 526 525 2567 2566 525 509 2564 2567 510 511 2569 2568 511 527 2570 2569 527 526 2571 2570 526 510 2568 2571 511 496 2573 2572 496 512 2574 2573 512 527 2575 2574 527 511 2572 2575 1 0 2577 2576 0 15 2578 2577 15 14 2579 2578 14 13 2580 2579 13 12 2581 2580 12 11 2582 2581 11 10 2583 2582 10 9 2584 2583 9 8 2585 2584 8 7 2586 2585 7 6 2587 2586 6 5 2588 2587 5 4 2589 2588 4 3 2590 2589 3 2 2591 2590 2 1 2576 2591 512 513 2593 2592 513 514 2594 2593 514 515 2595 2594 515 516 2596 2595 516 517 2597 2596 517 518 2598 2597 518 519 2599 2598 519 520 2600 2599 520 521 2601 2600 521 522 2602 2601 522 523 2603 2602 523 524 2604 2603 524 525 2605 2604 525 526 2606 2605 526 527 2607 2606 527 512 2592 2607 
</DataArray>
<DataArray type="Int32" Name="offsets" format="ascii">
4 8 12 16 20 24 28 32 36 40 44 48 52 56 60 64 68 72 76 80 84 88 92 96 100 104 108 112 116 120 124 128 132 136 140 144 148 152 156 160 164 168 172 176 180 184 188 192 196 200 204 208 212 216 220 224 228 232 236 240 244 248 252 256 260 264 268 272 276 280 284 288 292 296 300 304 308 312 316 320 324 328 332 336 340 344 348 352 356 360 364 368 372 376 380 384 388 392 396 400 404 408 412 416 420 424 428 432 436 440 444 448 452 456 460 464 468 472 476 480 484 488 492 496 500 504 508 512 516 520 524 528 532 536 540 544 548 552 556 560 564 568 572 576 580 584 588 592 596 600 604 608 612 616 620 624 628 632 636 640 644 648 652 656 660 664 668 672 676 680 684 688 692 696 700 704 708 712 716 720 724 728 732 736 740 744 748 752 756 760 764 768 772 776 780 784 788 792 796 800 804 808 812 816 820 824 828 832 836 840 844 848 852 856 860 864 868 872 876 880 884 888 892 896 900 904 908 912 916 920 924 928 932 936 940 944 948 952 956 960 964 968 972 976 980 984 988 992 996 1000 1004 1008 1012 1016 1020 1024 1028 1032 1036 1040 1044 1048 1052 1056 1060 1064 1068 1072 1076 1080 1084 1088 1092 1096 1100 1104 1108 1112 1116 1120 1124 1128 1132 1136 1140 1144 1148 1152 1156 1160 1164 1168 1172 1176 1180 1184 1188 1192 1196 1200 1204 1208 1212 1216 1220 1224 1228 1232 1236 1240 1244 1248 1252 1256 1260 1264 1268 1272 1276 1280 1284 1288 1292 1296 1300 1304 1308 1312 1316 1320 1324 1328 1332 1336 1340 1344 1348 1352 1356 1360 1364 1368 1372 1376 1380 1384 1388 1392 1396 1400 1404 1408 1412 1416 1420 1424 1428 1432 1436 1440 1444 1448 1452 1456 1460 1464 1468 1472 1476 1480 1484 1488 1492 1496 1500 1504 1508 1512 1516 1520 1524 1528 1532 1536 1540 1544 1548 1552 1556 1560 1564 1568 1572 1576 1580 1584 1588 1592 1596 1600 1604 1608 1612 1616 1620 1624 1628 1632 1636 1640 1644 1648 1652 1656 1660 1664 1668 1672 1676 1680 1684 1688 1692 1696 1700 1704 1708 1712 1716 1720 1724 1728 1732 1736 1740 1744 1748 1752 1756 1760 1764 1768 1772 1776 1780 1784 1788 1792 1796 1800 1804 1808 1812 1816 1820 1824 1828 1832 1836 1840 1844 1848 1852 1856 1860 1864 1868 1872 1876 1880 1884 1888 1892 1896 1900 1904 1908 1912 1916 1920 1924 1928 1932 1936 1940 1944 1948 1952 1956 1960 1964 1968 1972 1976 1980 1984 1988 1992 1996 2000 2004 2008 2012 2016 2020 2024 2028 2032 2036 2040 2044 2048 2052 2056 2060 2064 2068 2072 2076 2080 2084 2088 2092 2096 2100 2104 2108 2112 2116 2120 2124 2128 2132 2136 2140 2144 2148 2152 2156 2160 2164 2168 2172 2176 2180 2184 2188 2192 2196 2200 2204 2208 2212 2216 2220 2224 2228 2232 2236 2240 2244 2248 2252 2256 2260 2264 2268 2272 2276 2280 2284 2288 2292 2296 2300 2304 2308 2312 2316 2320 2324 2328 2332 2336 2340 2344 2348 2352 2356 2360 2364 2368 2372 2376 2380 2384 2388 2392 2396 2400 2404 2408 2412 2416 2420 2424 2428 2432 2436 2440 2444 2448 2452 2456 2460 2464 2468 2472 2476 2480 2484 2488 2492 2496 2500 2504 2508 2512 2516 2520 2524 2528 2532 2536 2540 2544 2548 2552 2556 2560 2564 2568 2572 2576 2580 2584 2588 2592 2596 2600 2604 2608 2612 2616 2620 2624 2628 2632 2636 2640 2644 2648 2652 2656 2660 2664 2668 2672 2676 2680 2684 2688 2692 2696 2700 2704 2708 2712 2716 2720 2724 2728 2732 2736 2740 2744 2748 2752 2756 2760 2764 2768 2772 2776 2780 2784 2788 2792 2796 2800 2804 2808 2812 2816 2820 2824 2828 2832 2836 2840 2844 2848 2852 2856 2860 2864 2868 2872 2876 2880 2884 2888 2892 2896 2900 2904 2908 2912 2916 2920 2924 2928 2932 2936 2940 2944 2948 2952 2956 2960 2964 2968 2972 2976 2980 2984 2988 2992 2996 3000 3004 3008 3012 3016 3020 3024 3028 3032 3036 3040 3044 3048 3052 3056 3060 3064 3068 3072 3076 3080 3084 3088 3092 3096 3100 3104 3108 3112 3116 3120 3124 3128 3132 3136 3140 3144 3148 3152 3156 3160 3164 3168 3172 3176 3180 3184 3188 3192 3196 3200 3204 3208 3212 3216 3220 3224 3228 3232 3236 3240 3244 3248 3252 3256 3260 3264 3268 3272 3276 3280 3284 3288 3292 3296 3300 3304 3308 3312 3316 3320 3324 3328 3332 3336 3340 3344 3348 3352 3356 3360 3364 3368 3372 3376 3380 3384 3388 3392 3396 3400 3404 3408 3412 3416 3420 3424 3428 3432 3436 3440 3444 3448 3452 3456 3460 3464 3468 3472 3476 3480 3484 3488 3492 3496 3500 3504 3508 3512 3516 3520 3524 3528 3532 3536 3540 3544 3548 3552 3556 3560 3564 3568 3572 3576 3580 3584 3588 3592 3596 3600 3604 3608 3612 3616 3620 3624 3628 3632 3636 3640 3644 3648 3652 3656 3660 3664 3668 3672 3676 3680 3684 3688 3692 3696 3700 3704 3708 3712 3716 3720 3724 3728 3732 3736 3740 3744 3748 3752 3756 3760 3764 3768 3772 3776 3780 3784 3788 3792 3796 3800 3804 3808 3812 3816 3820 3824 3828 3832 3836 3840 3844 3848 3852 3856 3860 3864 3868 3872 3876 3880 3884 3888 3892 3896 3900 3904 3908 3912 3916 3920 3924 3928 3932 3936 3940 3944 3948 3952 3956 3960 3964 3968 3972 3976 3980 3984 3988 3992 3996 4000 4004 4008 4012 4016 4020 4024 4028 4032 4036 4040 4044 4048 4052 4056 4060 4064 4068 4072 4076 4080 4084 4088 4092 4096 4100 4104 4108 4112 4116 4120 4124 4128 4132 4136 4140 4144 4148 4152 4156 4160 4164 4168 4172 4176 4180 4184 4188 4192 4196 4200 4204 4208 4212 4216 4220 4224 4228 4232 4236 4240 4244 4248 4252 4256 4260 4264 4268 4272 4276 4280 4284 4288 4292 4296 4300 4304 4308 4312 4316 4320 4324 4328 4332 4336 4340 4344 4348 4352 4356 4360 4364 4368 4372 4376 4380 4384 4388 4392 4396 4400 4404 4408 4412 4416 4420 4424 4428 4432 4436 4440 4444 4448 4452 4456 4460 4464 4468 4472 4476 4480 4484 4488 4492 4496 4500 4504 4508 4512 4516 4520 4524 4528 4532 4536 4540 4544 4548 4552 4556 4560 4564 4568 4572 4576 4580 4584 4588 4592 4596 4600 4604 4608 4612 4616 4620 4624 4628 4632 4636 4640 4644 4648 4652 4656 4660 4664 4668 4672 4676 4680 4684 4688 4692 4696 4700 4704 4708 4712 4716 4720 4724 4728 4732 4736 4740 4744 4748 4752 4756 4760 4764 4768 4772 4776 4780 4784 4788 4792 4796 4800 4804 4808 4812 4816 4820 4824 4828 4832 4836 4840 4844 4848 4852 4856 4860 4864 4868 4872 4876 4880 4884 4888 4892 4896 4900 4904 4908 4912 4916 4920 4924 4928 4932 4936 4940 4944 4948 4952 4956 4960 4964 4968 4972 4976 4980 4984 4988 4992 4996 5000 5004 5008 5012 5016 5020 5024 5028 5032 5036 5040 5044 5048 5052 5056 5060 5064 5068 5072 5076 5080 5084 5088 5092 5096 5100 5104 5108 5112 5116 5120 5124 5128 5132 5136 5140 5144 5148 5152 5156 5160 5164 5168 5172 5176 5180 5184 5188 5192 5196 5200 5204 5208 5212 5216 5220 5224 5228 5232 5236 5240 5244 5248 5252 5256 5260 5264 5268 5272 5276 5280 5284 5288 5292 5296 5300 5304 5308 5312 5316 5320 5324 5328 5332 5336 5340 5344 5348 5352 5356 5360 5364 5368 5372 5376 5380 5384 5388 5392 5396 5400 5404 5408 5412 5416 5420 5424 5428 5432 5436 5440 5444 5448 5452 5456 5460 5464 5468 5472 5476 5480 5484 5488 5492 5496 5500 5504 5508 5512 5516 5520 5524 5528 5532 5536 5540 5544 5548 5552 5556 5560 5564 5568 5572 5576 5580 5584 5588 5592 5596 5600 5604 5608 5612 5616 5620 5624 5628 5632 5636 5640 5644 5648 5652 5656 5660 5664 5668 5672 5676 5680 5684 5688 5692 5696 5700 5704 5708 5712 5716 5720 5724 5728 5732 5736 5740 5744 5748 5752 5756 5760 5764 5768 5772 5776 5780 5784 5788 5792 5796 5800 5804 5808 5812 5816 5820 5824 5828 5832 5836 5840 5844 5848 5852 5856 5860 5864 5868 5872 5876 5880 5884 5888 5892 5896 5900 5904 5908 5912 5916 5920 5924 5928 5932 5936 5940 5944 5948 5952 5956 5960 5964 5968 5972 5976 5980 5984 5988 5992 5996 6000 6004 6008 6012 6016 6020 6024 6028 6032 6036 6040 6044 6048 6052 6056 6060 6064 6068 6072 6076 6080 6084 6088 6092 6096 6100 6104 6108 6112 6116 6120 6124 6128 6132 6136 6140 6144 6148 6152 6156 6160 6164 6168 6172 6176 6180 6184 6188 6192 6196 6200 6204 6208 6212 6216 6220 6224 6228 6232 6236 6240 6244 6248 6252 6256 6260 6264 6268 6272 6276 6280 6284 6288 6292 6296 6300 6304 6308 6312 6316 6320 6324 6328 6332 6336 6340 6344 6348 6352 6356 6360 6364 6368 6372 6376 6380 6384 6388 6392 6396 6400 6404 6408 6412 6416 6420 6424 6428 6432 6436 6440 6444 6448 6452 6456 6460 6464 6468 6472 6476 6480 6484 6488 6492 6496 6500 6504 6508 6512 6516 6520 6524 6528 6532 6536 6540 6544 6548 6552 6556 6560 6564 6568 6572 6576 6580 6584 6588 6592 6596 6600 6604 6608 6612 6616 6620 6624 6628 6632 6636 6640 6644 6648 6652 6656 6660 6664 6668 6672 6676 6680 6684 6688 6692 6696 6700 6704 6708 6712 6716 6720 6724 6728 6732 6736 6740 6744 6748 6752 6756 6760 6764 6768 6772 6776 6780 6784 6788 6792 6796 6800 6804 6808 6812 6816 6820 6824 6828 6832 6836 6840 6844 6848 6852 6856 6860 6864 6868 6872 6876 6880 6884 6888 6892 6896 6900 6904 6908 6912 6916 6920 6924 6928 6932 6936 6940 6944 6948 6952 6956 6960 6964 6968 6972 6976 6980 6984 6988 6992 6996 7000 7004 7008 7012 7016 7020 7024 7028 7032 7036 7040 7044 7048 7052 7056 7060 7064 7068 7072 7076 7080 7084 7088 7092 7096 7100 7104 7108 7112 7116 7120 7124 7128 7132 7136 7140 7144 7148 7152 7156 7160 7164 7168 7172 7176 7180 7184 7188 7192 7196 7200 7204 7208 7212 7216 7220 7224 7228 7232 7236 7240 7244 7248 7252 7256 7260 7264 7268 7272 7276 7280 7284 7288 7292 7296 7300 7304 7308 7312 7316 7320 7324 7328 7332 7336 7340 7344 7348 7352 7356 7360 7364 7368 7372 7376 7380 7384 7388 7392 7396 7400 7404 7408 7412 7416 7420 7424 7428 7432 7436 7440 7444 7448 7452 7456 7460 7464 7468 7472 7476 7480 7484 7488 7492 7496 7500 7504 7508 7512 7516 7520 7524 7528 7532 7536 7540 7544 7548 7552 7556 7560 7564 7568 7572 7576 7580 7584 7588 7592 7596 7600 7604 7608 7612 7616 7620 7624 7628 7632 7636 7640 7644 7648 7652 7656 7660 7664 7668 7672 7676 7680 7684 7688 7692 7696 7700 7704 7708 7712 7716 7720 7724 7728 7732 7736 7740 7744 7748 7752 7756 7760 7764 7768 7772 7776 7780 7784 7788 7792 7796 7800 7804 7808 7812 7816 7820 7824 7828 7832 7836 7840 7844 7848 7852 7856 7860 7864 7868 7872 7876 7880 7884 7888 7892 7896 7900 7904 7908 7912 7916 7920 7924 7928 7932 7936 7940 7944 7948 7952 7956 7960 7964 7968 7972 7976 7980 7984 7988 7992 7996 8000 8004 8008 8012 8016 8020 8024 8028 8032 8036 8040 8044 8048 8052 8056 8060 8064 8068 8072 8076 8080 8084 8088 8092 8096 8100 8104 8108 8112 8116 8120 8124 8128 8132 8136 8140 8144 8148 8152 8156 8160 8164 8168 8172 8176 8180 8184 8188 8192 8196 8200 8204 8208 8212 8216 8220 8224 8228 8232 8236 8240 8244 8248 8252 8256 8260 8264 8268 8272 8276 8280 8284 8288 8292 8296 8300 8304 8308 8312 8316 8320 
</DataArray>
<DataArray type="UInt8" Name="types" format="ascii">
7 7 7 7 7 7 7 7 7 7 7 7 7 7 7 7 7 7 7 7 7 7 7 7 7 7 7 7 7 7 7 7 7 7 7 7 7 7 7 7 7 7 7 7 7 7 7 7 7 7 7 7 7 7 7 7 7 7 7 7 7 7 7 7 7 7 7 7 7 7 7 7 7 7 7 7 7 7 7 7 7 7 7 7 7 7 7 7 7 7 7 7 7 7 7 7 7 7 7 7 7 7 7 7 7 7 7 7 7 7 7 7 7 7 7 7 7 7 7 7 7 7 7 7 7 7 7 7 7 7 7 7 7 7 7 7 7 7 7 7 7 7 7 7 7 7 7 7 7 7 7 7 7 7 7 7 7 7 7 7 7 7 7 7 7 7 7 7 7 7 7 7 7 7 7 7 7 7 7 7 7 7 7 7 7 7 7 7 7 7 7 7 7 7 7 7 7 7 7 7 7 7 7 7 7 7 7 7 7 7 7 7 7 7 7 7 7 7 7 7 7 7 7 7 7 7 7 7 7 7 7 7 7 7 7 7 7 7 7 7 7 7 7 7 7 7 7 7 7 7 7 7 7 7 7 7 7 7 7 7 7 7 7 7 7 7 7 7 7 7 7 7 7 7 7 7 7 7 7 7 7 7 7 7 7 7 7 7 7 7 7 7 7 7 7 7 7 7 7 7 7 7 7 7 7 7 7 7 7 7 7 7 7 7 7 7 7 7 7 7 7 7 7 7 7 7 7 7 7 7 7 7 7 7 7 7 7 7 7 7 7 7 7 7 7 7 7 7 7 7 7 7 7 7 7 7 7 7 7 7 7 7 7 7 7 7 7 7 7 7 7 7 7 7 7 7 7 7 7 7 7 7 7 7 7 7 7 7 7 7 7 7 7 7 7 7 7 7 7 7 7 7 7 7 7 7 7 7 7 7 7 7 7 7 7 7 7 7 7 7 7 7 7 7 7 7 7 7 7 7 7 7 7 7 7 7 7 7 7 7 7 7 7 7 7 7 7 7 7 7 7 7 7 7 7 7 7 7 7 7 7 7 7 7 7 7 7 7 7 7 7 7 7 7 7 7 7 7 7 7 7 7 7 7 7 7 7 7 7 7 7 7 7 7 7 7 7 7 7 7 7 7 7 7 7 7 7 7 7 7 7 7 7 7 7 7 7 7 7 7 7 7 7 7 7 7 7 7 7 7 7 7 7 7 7 7 7 7 7 7 7 7 7 7 7 7 7 7 7 7 7 7 7 7 7 7 7 7 7 7 7 7 7 7 7 7 7 7 7 7 7 7 7 7 7 7 7 7 7 7 7 7 7 7 7 7 7 7 7 7 7 7 7 7 7 7 7 7 7 7 7 7 7 7 7 7 7 7 7 7 7 7 7 7 7 7 7 7 7 7 7 7 7 7 7 7 7 7 7 7 7 7 7 7 7 7 7 7 7 7 7 7 7 7 7 7 7 7 7 7 7 7 7 7 7 7 7 7 7 7 7 7 7 7 7 7 7 7 7 7 7 7 7 7 7 7 7 7 7 7 7 7 7 7 7 7 7 7 7 7 7 7 7 7 7 7 7 7 7 7 7 7 7 7 7 7 7 7 7 7 7 7 7 7 7 7 7 7 7 7 7 7 7 7 7 7 7 7 7 7 7 7 7 7 7 7 7 7 7 7 7 7 7 7 7 7 7 7 7 7 7 7 7 7 7 7 7 7 7 7 7 7 7 7 7 7 7 7 7 7 7 7 7 7 7 7 7 7 7 7 7 7 7 7 7 7 7 7 7 7 7 7 7 7 7 7 7 7 7 7 7 7 7 7 7 7 7 7 7 7 7 7 7 7 7 7 7 7 7 7 7 7 7 7 7 7 7 7 7 7 7 7 7 7 7 7 7 7 7 7 7 7 7 7 7 7 7 7 7 7 7 7 7 7 7 7 7 7 7 7 7 7 7 7 7 7 7 7 7 7 7 7 7 7 7 7 7 7 7 7 7 7 7 7 7 7 7 7 7 7 7 7 7 7 7 7 7 7 7 7 7 7 7 7 7 7 7 7 7 7 7 7 7 7 7 7 7 7 7 7 7 7 7 7 7 7 7 7 7 7 7 7 7 7 7 7 7 7 7 7 7 7 7 7 7 7 7 7 7 7 7 7 7 7 7 7 7 7 7 7 7 7 7 7 7 7 7 7 7 7 7 7 7 7 7 7 7 7 7 7 7 7 7 7 7 7 7 7 7 7 7 7 7 7 7 7 7 7 7 7 7 7 7 7 7 7 7 7 7 7 7 7 7 7 7 7 7 7 7 7 7 7 7 7 7 7 7 7 7 7 7 7 7 7 7 7 7 7 7 7 7 7 7 7 7 7 7 7 7 7 7 7 7 7 7 7 7 7 7 7 7 7 7 7 7 7 7 7 7 7 7 7 7 7 7 7 7 7 7 7 7 7 7 7 7 7 7 7 7 7 7 7 7 7 7 7 7 7 7 7 7 7 7 7 7 7 7 7 7 7 7 7 7 7 7 7 7 7 7 7 7 7 7 7 7 7 7 7 7 7 7 7 7 7 7 7 7 7 7 7 7 7 7 7 7 7 7 7 7 7 7 7 7 7 7 7 7 7 7 7 7 7 7 7 7 7 7 7 7 7 7 7 7 7 7 7 7 7 7 7 7 7 7 7 7 7 7 7 7 7 7 7 7 7 7 7 7 7 7 7 7 7 7 7 7 7 7 7 7 7 7 7 7 7 7 7 7 7 7 7 7 7 7 7 7 7 7 7 7 7 7 7 7 7 7 7 7 7 7 7 7 7 7 7 7 7 7 7 7 7 7 7 7 7 7 7 7 7 7 7 7 7 7 7 7 7 7 7 7 7 7 7 7 7 7 7 7 7 7 7 7 7 7 7 7 7 7 7 7 7 7 7 7 7 7 7 7 7 7 7 7 7 7 7 7 7 7 7 7 7 7 7 7 7 7 7 7 7 7 7 7 7 7 7 7 7 7 7 7 7 7 7 7 7 7 7 7 7 7 7 7 7 7 7 7 7 7 7 7 7 7 7 7 7 7 7 7 7 7 7 7 7 7 7 7 7 7 7 7 7 7 7 7 7 7 7 7 7 7 7 7 7 7 7 7 7 7 7 7 7 7 7 7 7 7 7 7 7 7 7 7 7 7 7 7 7 7 7 7 7 7 7 7 7 7 7 7 7 7 7 7 7 7 7 7 7 7 7 7 7 7 7 7 7 7 7 7 7 7 7 7 7 7 7 7 7 7 7 7 7 7 7 7 7 7 7 7 7 7 7 7 7 7 7 7 7 7 7 7 7 7 7 7 7 7 7 7 7 7 7 7 7 7 7 7 7 7 7 7 7 7 7 7 7 7 7 7 7 7 7 7 7 7 7 7 7 7 7 7 7 7 7 7 7 7 7 7 7 7 7 7 7 7 7 7 7 7 7 7 7 7 7 7 7 7 7 7 7 7 7 7 7 7 7 7 7 7 7 7 7 7 7 7 7 7 7 7 7 7 7 7 7 7 7 7 7 7 7 7 7 7 7 7 7 7 7 7 7 7 7 7 7 7 7 7 7 7 7 7 7 7 7 7 7 7 7 7 7 7 7 7 7 7 7 7 7 7 7 7 7 7 7 7 7 7 7 7 7 7 7 7 7 7 7 7 7 7 7 7 7 7 7 7 7 7 7 7 7 7 7 7 7 7 7 7 7 7 7 7 7 7 7 7 7 7 7 7 7 7 7 7 7 7 7 7 7 7 7 7 7 7 7 7 7 7 7 7 7 7 7 7 7 7 7 7 7 7 7 7 7 7 7 7 7 7 7 7 7 7 7 7 7 7 7 7 7 7 7 7 7 7 7 7 7 7 7 7 7 7 7 7 7 7 7 7 7 7 7 7 7 7 7 7 7 7 7 7 7 7 7 7 7 7 7 7 7 7 7 7 7 7 7 7 7 7 7 7 7 7 7 7 7 7 7 7 7 7 7 7 7 7 7 7 7 7 7 7 7 7 7 7 7 7 7 7 7 7 7 7 7 7 7 7 7 7 7 7 7 7 7 7 7 7 7 7 7 7 7 7 7 7 7 7 7 7 7 7 7 7 7 7 7 7 7 7 7 7 7 7 7 7 7 7 7 7 7 7 7 7 7 7 7 7 7 7 7 7 7 7 7 7 7 7 7 7 7 7 7 7 7 7 7 7 7 7 7 7 7 7 7 7 7 7 7 7 7 7 7 7 7 7 7 7 7 7 7 7 7 7 7 7 7 7 7 7 7 7 7 7 7 7 7 7 7 7 7 7 7 7 7 7 7 7 7 7 7 7 7 7 7 7 7 7 7 7 7 7 7 7 7 7 7 7 7 7 7 7 7 7 7 7 7 7 7 7 7 7 7 7 7 7 7 7 7 7 7 7 7 7 7 7 7 7 7 7 7 7 7 7 7 7 7 7 7 7 7 7 7 7 7 7 7 7 7 7 7 7 7 7 7 7 7 7 7 7 7 7 7 7 7 7 7 7 7 7 7 7 7 7 7 7 7 7 7 7 7 7 7 7 7 7 7 7 7 7 7 7 7 7 7 7 7 7 7 7 7 7 7 7 7 7 7 7 7 7 7 7 7 7 7 7 7 7 7 7 7 7 7 7 7 7 7 7 7 7 7 7 7 7 7 7 7 7 7 7 7 7 7 7 7 
</DataArray>
</Cells>
<CellData Scalars="wall variable 0">
<DataArray type="Float64" Name="wall length" format="ascii">
29.5757 26.8774 29.5757 26.8832 29.5757 26.8203 29.5757 26.8774 29.5757 26.7675 29.5757 26.8203 29.5757 26.77 29.5757 26.7675 29.5757 26.7889 29.5757 26.77 29.5757 26.8242 29.5757 26.7889 29.5757 26.8625 29.5757 26.8242 29.5757 26.8771 29.5757 26.8625 29.5757 26.8837 29.5757 26.8771 29.5757 26.8452 29.5757 26.8837 29.5757 26.7863 29.5757 26.8452 29.5757 26.7701 29.5757 26.7863 29.5757 26.7727 29.5757 26.7701 29.5757 26.7982 29.5757 26.7727 29.5757 26.8466 29.5757 26.7982 29.5757 26.8832 29.5757 26.8466 29.5757 30.3186 29.5757 30.369 30.2401 29.5757 30.3186 29.5757 30.1907 29.5757 30.2401 29.5757 30.1889 29.5757 30.1907 29.5757 30.2404 29.5757 30.1889 29.5757 30.3016 29.5757 30.2404 29.5757 30.2991 29.5757 30.3016 29.5757 30.2633 29.5757 30.2991 29.5757 30.2745 29.5757 30.2633 29.5757 30.2803 29.5757 30.2745 29.5757 30.2385 29.5757 30.2803 29.5757 30.1899 29.5757 30.2385 29.5757 30.1933 29.5757 30.1899 29.5757 30.2607 29.5757 30.1933 29.5757 30.3422 29.5757 30.2607 29.5757 29.5757 30.369 29.5757 30.3422 29.5757 30.7537 29.5757 30.8443 29.5757 30.5775 29.5757 30.7537 29.5757 30.4524 29.5757 30.5775 29.5757 30.453 29.5757 30.4524 29.5757 30.5568 29.5757 30.453 29.5757 30.69 29.5757 30.5568 29.5757 30.6842 29.5757 30.69 29.5757 30.6049 29.5757 30.6842 29.5757 30.6618 29.5757 30.6049 29.5757 30.6705 29.5757 30.6618 29.5757 30.553 29.5757 30.6705 29.5757 30.4558 29.5757 30.553 29.5757 30.4609 29.5757 30.4558 29.5757 30.5991 29.5757 30.4609 29.5757 30.7725 29.5757 30.5991 29.5757 30.8443 29.5757 30.7725 29.5757 29.9301 29.5757 29.6671 29.5757 30.6645 29.5757 29.9301 29.5757 31.6741 29.5757 30.6645 29.5757 32.7705 29.5757 31.6741 29.5757 33.7961 29.5757 32.7705 29.5757 34.6107 29.5757 33.7961 29.5757 35.1298 29.5757 34.6107 29.5757 35.3008 29.5757 35.1298 29.5757 35.1286 29.5757 35.3008 29.5757 34.6083 29.5757 35.1286 29.5757 33.7951 29.5757 34.6083 29.5757 32.7724 29.5757 33.7951 29.5757 31.68 29.5757 32.7724 29.5757 30.6776 29.5757 31.68 29.5757 29.9474 29.5757 30.6776 29.5757 29.6671 29.5757 29.9474 29.5757 29.7746 29.5757 29.5028 29.5757 30.5257 29.5757 29.7746 29.5757 31.5682 29.5757 30.5257 29.5757 32.7057 29.5757 31.5682 29.5757 33.7746 29.5757 32.7057 29.5757 34.6247 29.5757 33.7746 29.5757 35.1414 29.5757 34.6247 29.5757 35.3058 29.5757 35.1414 29.5757 35.1406 29.5757 35.3058 29.5757 34.6233 29.5757 35.1406 29.5757 33.7745 29.5757 34.6233 29.5757 32.708 29.5757 33.7745 29.5757 31.5736 29.5757 32.708 29.5757 30.5349 29.5757 31.5736 29.5757 29.7838 29.5757 30.5349 29.5757 29.5028 29.5757 29.7838 29.5757 29.6717 29.5757 29.4055 29.5757 30.4139 29.5757 29.6717 29.5757 31.4688 29.5757 30.4139 29.5757 32.6403 29.5757 31.4688 29.5757 33.7485 29.5757 32.6403 29.5757 34.627 29.5757 33.7485 29.5757 35.149 29.5757 34.627 29.5757 35.3107 29.5757 35.149 29.5757 35.1485 29.5757 35.3107 29.5757 34.6262 29.5757 35.1485 29.5757 33.7489 29.5757 34.6262 29.5757 32.6426 29.5757 33.7489 29.5757 31.4733 29.5757 32.6426 29.5757 30.4203 29.5757 31.4733 29.5757 29.6768 29.5757 30.4203 29.5757 29.4055 29.5757 29.6768 29.5757 29.5881 29.5757 29.3254 29.5757 30.325 29.5757 29.5881 29.5757 31.3875 29.5757 30.325 29.5757 32.5839 29.5757 31.3875 29.5757 33.7234 29.5757 32.5839 29.5757 34.6253 29.5757 33.7234 29.5757 35.1548 29.5757 34.6253 29.5757 35.3158 29.5757 35.1548 29.5757 35.1544 29.5757 35.3158 29.5757 34.6249 29.5757 35.1544 29.5757 33.724 29.5757 34.6249 29.5757 32.5864 29.5757 33.724 29.5757 31.3918 29.5757 32.5864 29.5757 30.3297 29.5757 31.3918 29.5757 29.5913 29.5757 30.3297 29.5757 29.3254 29.5757 29.5913 29.5757 29.5177 29.5757 29.2568 29.5757 30.2521 29.5757 29.5177 29.5757 31.3217 29.5757 30.2521 29.5757 32.5369 29.5757 31.3217 29.5757 33.7006 29.5757 32.5369 29.5757 34.6222 29.5757 33.7006 29.5757 35.1593 29.5757 34.6222 29.5757 35.3205 29.5757 35.1593 29.5757 35.159 29.5757 35.3205 29.5757 34.622 29.5757 35.159 29.5757 33.7013 29.5757 34.622 29.5757 32.5387 29.5757 33.7013 29.5757 31.3246 29.5757 32.5387 29.5757 30.2555 29.5757 31.3246 29.5757 29.5196 29.5757 30.2555 29.5757 29.2568 29.5757 29.5196 29.5757 29.4584 29.5757 29.1981 29.5757 30.1914 29.5757 29.4584 29.5757 31.2667 29.5757 30.1914 29.5757 32.4964 29.5757 31.2667 29.5757 33.6795 29.5757 32.4964 29.5757 34.6185 29.5757 33.6795 29.5757 35.163 29.5757 34.6185 29.5757 35.3246 29.5757 35.163 29.5757 35.1628 29.5757 35.3246 29.5757 34.6184 29.5757 35.1628 29.5757 33.6804 29.5757 34.6184 29.5757 32.4982 29.5757 33.6804 29.5757 31.2691 29.5757 32.4982 29.5757 30.1939 29.5757 31.2691 29.5757 29.4595 29.5757 30.1939 29.5757 29.1981 29.5757 29.4595 29.5757 29.4098 29.5757 29.1491 29.5757 30.1415 29.5757 29.4098 29.5757 31.2193 29.5757 30.1415 29.5757 32.462 29.5757 31.2193 29.5757 33.6612 29.5757 32.462 29.5757 34.615 29.5757 33.6612 29.5757 35.1661 29.5757 34.615 29.5757 35.3281 29.5757 35.1661 29.5757 35.1659 29.5757 35.3281 29.5757 34.615 29.5757 35.1659 29.5757 33.6618 29.5757 34.615 29.5757 32.4633 29.5757 33.6618 29.5757 31.2212 29.5757 32.4633 29.5757 30.1433 29.5757 31.2212 29.5757 29.4104 29.5757 30.1433 29.5757 29.1491 29.5757 29.4104 29.5757 29.3723 29.5757 29.1107 29.5757 30.1093 29.5757 29.3723 29.5757 31.1942 29.5757 30.1093 29.5757 32.4435 29.5757 31.1942 29.5757 33.6519 29.5757 32.4435 29.5757 34.6138 29.5757 33.6519 29.5757 35.1686 29.5757 34.6138 29.5757 35.331 29.5757 35.1686 29.5757 35.1685 29.5757 35.331 29.5757 34.6139 29.5757 35.1685 29.5757 33.6525 29.5757 34.6139 29.5757 32.4446 29.5757 33.6525 29.5757 31.1956 29.5757 32.4446 29.5757 30.1105 29.5757 31.1956 29.5757 29.3723 29.5757 30.1105 29.5757 29.1107 29.5757 29.3723 29.5757 29.3443 29.5757 29.0818 29.5757 30.0842 29.5757 29.3443 29.5757 31.1732 29.5757 30.0842 29.5757 32.4283 29.5757 31.1732 29.5757 33.6443 29.5757 32.4283 29.5757 34.613 29.5757 33.6443 29.5757 35.1708 29.5757 34.613 29.5757 35.3334 29.5757 35.1708 29.5757 35.1707 29.5757 35.3334 29.5757 34.6131 29.5757 35.1707 29.5757 33.6448 29.5757 34.6131 29.5757 32.4291 29.5757 33.6448 29.5757 31.1742 29.5757 32.4291 29.5757 30.0849 29.5757 31.1742 29.5757 29.3439 29.5757 30.0849 29.5757 29.0818 29.5757 29.3439 29.5757 29.3246 29.5757 29.0613 29.5757 30.0663 29.5757 29.3246 29.5757 31.158 29.5757 30.0663 29.5757 32.4174 29.5757 31.158 29.5757 33.639 29.5757 32.4174 29.5757 34.6127 29.5757 33.639 29.5757 35.1726 29.5757 34.6127 29.5757 35.3353 29.5757 35.1726 29.5757 35.1725 29.5757 35.3353 29.5757 34.6129 29.5757 35.1725 29.5757 33.6393 29.5757 34.6129 29.5757 32.4179 29.5757 33.6393 29.5757 31.1586 29.5757 32.4179 29.5757 30.0665 29.5757 31.1586 29.5757 29.3237 29.5757 30.0665 29.5757 29.0613 29.5757 29.3237 29.5757 29.3123 29.5757 29.0487 29.5757 30.0549 29.5757 29.3123 29.5757 31.1486 29.5757 30.0549 29.5757 32.4108 29.5757 31.1486 29.5757 33.636 29.5757 32.4108 29.5757 34.613 29.5757 33.636 29.5757 35.1742 29.5757 34.613 29.5757 35.3368 29.5757 35.1742 29.5757 35.1741 29.5757 35.3368 29.5757 34.6132 29.5757 35.1741 29.5757 33.6362 29.5757 34.6132 29.5757 32.4111 29.5757 33.6362 29.5757 31.1488 29.5757 32.4111 29.5757 30.0548 29.5757 31.1488 29.5757 29.3112 29.5757 30.0548 29.5757 29.0487 29.5757 29.3112 29.5757 29.3072 29.5757 29.0433 29.5757 30.0504 29.5757 29.3072 29.5757 31.1449 29.5757 30.0504 29.5757 32.4084 29.5757 31.1449 29.5757 33.6353 29.5757 32.4084 29.5757 34.6139 29.5757 33.6353 29.5757 35.1755 29.5757 34.6139 29.5757 35.338 29.5757 35.1755 29.5757 35.1754 29.5757 35.338 29.5757 34.614 29.5757 35.1754 29.5757 33.6354 29.5757 34.614 29.5757 32.4084 29.5757 33.6354 29.5757 31.1448 29.5757 32.4084 29.5757 30.05 29.5757 31.1448 29.5757 29.3059 29.5757 30.05 29.5757 29.0433 29.5757 29.3059 29.5757 29.3098 29.5757 29.046 29.5757 30.0527 29.5757 29.3098 29.5757 31.147 29.5757 30.0527 29.5757 32.4102 29.5757 31.147 29.5757 33.6369 29.5757 32.4102 29.5757 34.6153 29.5757 33.6369 29.5757 35.1767 29.5757 34.6153 29.5757 35.3389 29.5757 35.1767 29.5757 35.1765 29.5757 35.3389 29.5757 34.6154 29.5757 35.1765 29.5757 33.6368 29.5757 34.6154 29.5757 32.41 29.5757 33.6368 29.5757 31.1466 29.5757 32.41 29.5757 30.0521 29.5757 31.1466 29.5757 29.3084 29.5757 30.0521 29.5757 29.046 29.5757 29.3084 29.5757 29.3197 29.5757 29.0555 29.5757 30.0626 29.5757 29.3197 29.5757 31.1556 29.5757 30.0626 29.5757 32.4169 29.5757 31.1556 29.5757 33.6413 29.5757 32.4169 29.5757 34.6176 29.5757 33.6413 29.5757 35.1777 29.5757 34.6176 29.5757 35.3395 29.5757 35.1777 29.5757 35.1775 29.5757 35.3395 29.5757 34.6177 29.5757 35.1775 29.5757 33.641 29.5757 34.6177 29.5757 32.4164 29.5757 33.641 29.5757 31.1549 29.5757 32.4164 29.5757 30.0617 29.5757 31.1549 29.5757 29.318 29.5757 30.0617 29.5757 29.0555 29.5757 29.318 29.5757 29.3357 29.5757 29.071 29.5757 30.0783 29.5757 29.3357 29.5757 31.1694 29.5757 30.0783 29.5757 32.4274 29.5757 31.1694 29.5757 33.6478 29.5757 32.4274 29.5757 34.6204 29.5757 33.6478 29.5757 35.1784 29.5757 34.6204 29.5757 35.3398 29.5757 35.1784 29.5757 35.1782 29.5757 35.3398 29.5757 34.6205 29.5757 35.1782 29.5757 33.6475 29.5757 34.6205 29.5757 32.4266 29.5757 33.6475 29.5757 31.1683 29.5757 32.4266 29.5757 30.0769 29.5757 31.1683 29.5757 29.3335 29.5757 30.0769 29.5757 29.071 29.5757 29.3335 29.5757 29.3573 29.5757 29.0928 29.5757 30.0987 29.5757 29.3573 29.5757 31.1872 29.5757 30.0987 29.5757 32.4408 29.5757 31.1872 29.5757 33.6559 29.5757 32.4408 29.5757 34.6234 29.5757 33.6559 29.5757 35.1788 29.5757 34.6234 29.5757 35.3397 29.5757 35.1788 29.5757 35.1787 29.5757 35.3397 29.5757 34.6235 29.5757 35.1787 29.5757 33.6554 29.5757 34.6235 29.5757 32.4398 29.5757 33.6554 29.5757 31.1857 29.5757 32.4398 29.5757 30.0967 29.5757 31.1857 29.5757 29.3546 29.5757 30.0967 29.5757 29.0928 29.5757 29.3546 29.5757 29.384 29.5757 29.1196 29.5757 30.124 29.5757 29.384 29.5757 31.209 29.5757 30.124 29.5757 32.4571 29.5757 31.209 29.5757 33.6654 29.5757 32.4571 29.5757 34.6266 29.5757 33.6654 29.5757 35.1788 29.5757 34.6266 29.5757 35.3392 29.5757 35.1788 29.5757 35.1787 29.5757 35.3392 29.5757 34.6268 29.5757 35.1787 29.5757 33.6649 29.5757 34.6268 29.5757 32.4559 29.5757 33.6649 29.5757 31.2072 29.5757 32.4559 29.5757 30.1215 29.5757 31.2072 29.5757 29.3808 29.5757 30.1215 29.5757 29.1196 29.5757 29.3808 29.5757 29.416 29.5757 29.1519 29.5757 30.1541 29.5757 29.416 29.5757 31.2352 29.5757 30.1541 29.5757 32.4768 29.5757 31.2352 29.5757 33.6767 29.5757 32.4768 29.5757 34.6299 29.5757 33.6767 29.5757 35.1783 29.5757 34.6299 29.5757 35.3382 29.5757 35.1783 29.5757 35.1783 29.5757 35.3382 29.5757 34.6302 29.5757 35.1783 29.5757 33.676 29.5757 34.6302 29.5757 32.4754 29.5757 33.676 29.5757 31.233 29.5757 32.4754 29.5757 30.1512 29.5757 31.233 29.5757 29.4124 29.5757 30.1512 29.5757 29.1519 29.5757 29.4124 29.5757 29.4537 29.5757 29.1898 29.5757 30.19 29.5757 29.4537 29.5757 31.2664 29.5757 30.19 29.5757 32.5002 29.5757 31.2664 29.5757 33.6898 29.5757 32.5002 29.5757 34.6335 29.5757 33.6898 29.5757 35.1774 29.5757 34.6335 29.5757 35.3366 29.5757 35.1774 29.5757 35.1774 29.5757 35.3366 29.5757 34.6338 29.5757 35.1774 29.5757 33.6891 29.5757 34.6338 29.5757 32.4985 29.5757 33.6891 29.5757 31.264 29.5757 32.4985 29.5757 30.1867 29.5757 31.264 29.5757 29.4497 29.5757 30.1867 29.5757 29.1898 29.5757 29.4497 29.5757 29.4972 29.5757 29.2332 29.5757 30.232 29.5757 29.4972 29.5757 31.3036 29.5757 30.232 29.5757 32.5279 29.5757 31.3036 29.5757 33.7051 29.5757 32.5279 29.5757 34.6372 29.5757 33.7051 29.5757 35.1758 29.5757 34.6372 29.5757 35.3345 29.5757 35.1758 29.5757 35.1759 29.5757 35.3345 29.5757 34.6376 29.5757 35.1759 29.5757 33.7043 29.5757 34.6376 29.5757 32.5261 29.5757 33.7043 29.5757 31.3009 29.5757 32.5261 29.5757 30.2284 29.5757 31.3009 29.5757 29.4929 29.5757 30.2284 29.5757 29.2332 29.5757 29.4929 29.5757 29.5473 29.5757 29.2829 29.5757 30.2816 29.5757 29.5473 29.5757 31.3481 29.5757 30.2816 29.5757 32.561 29.5757 31.3481 29.5757 33.7227 29.5757 32.561 29.5757 34.6411 29.5757 33.7227 29.5757 35.1735 29.5757 34.6411 29.5757 35.3316 29.5757 35.1735 29.5757 35.1737 29.5757 35.3316 29.5757 34.6415 29.5757 35.1737 29.5757 33.722 29.5757 34.6415 29.5757 32.559 29.5757 33.722 29.5757 31.345 29.5757 32.559 29.5757 30.2774 29.5757 31.345 29.5757 29.5425 29.5757 30.2774 29.5757 29.2829 29.5757 29.5425 29.5757 29.604 29.5757 29.3377 29.5757 30.3401 29.5757 29.604 29.5757 31.4018 29.5757 30.3401 29.5757 32.6004 29.5757 31.4018 29.5757 33.7429 29.5757 32.6004 29.5757 34.6449 29.5757 33.7429 29.5757 35.1704 29.5757 34.6449 29.5757 35.3281 29.5757 35.1704 29.5757 35.1706 29.5757 35.3281 29.5757 34.6454 29.5757 35.1706 29.5757 33.7422 29.5757 34.6454 29.5757 32.5983 29.5757 33.7422 29.5757 31.3983 29.5757 32.5983 29.5757 30.3352 29.5757 31.3983 29.5757 29.5985 29.5757 30.3352 29.5757 29.3377 29.5757 29.5985 29.5757 29.6679 29.5757 29.3967 29.5757 30.4098 29.5757 29.6679 29.5757 31.467 29.5757 30.4098 29.5757 32.6472 29.5757 31.467 29.5757 33.7654 29.5757 32.6472 29.5757 34.6479 29.5757 33.7654 29.5757 35.1661 29.5757 34.6479 29.5757 35.3238 29.5757 35.1661 29.5757 35.1664 29.5757 35.3238 29.5757 34.6487 29.5757 35.1664 29.5757 33.7649 29.5757 34.6487 29.5757 32.6451 29.5757 33.7649 29.5757 31.463 29.5757 32.6451 29.5757 30.4038 29.5757 31.463 29.5757 29.6611 29.5757 30.4038 29.5757 29.3967 29.5757 29.6611 29.5757 29.7366 29.5757 29.4563 29.5757 30.4911 29.5757 29.7366 29.5757 31.5443 29.5757 30.4911 29.5757 32.7004 29.5757 31.5443 29.5757 33.7882 29.5757 32.7004 29.5757 34.6486 29.5757 33.7882 29.5757 35.16 29.5757 34.6486 29.5757 35.319 29.5757 35.16 29.5757 35.1605 29.5757 35.319 29.5757 34.6498 29.5757 35.1605 29.5757 33.788 29.5757 34.6498 29.5757 32.6983 29.5757 33.788 29.5757 31.5398 29.5757 32.6983 29.5757 30.4833 29.5757 31.5398 29.5757 29.7273 29.5757 30.4833 29.5757 29.4563 29.5757 29.7273 29.5757 29.7985 29.5757 29.5042 29.5757 30.5693 29.5757 29.7985 29.5757 31.617 29.5757 30.5693 29.5757 32.7462 29.5757 31.617 29.5757 33.8016 29.5757 32.7462 29.5757 34.6403 29.5757 33.8016 29.5757 35.1505 29.5757 34.6403 29.5757 35.3137 29.5757 35.1505 29.5757 35.1513 29.5757 35.3137 29.5757 34.6421 29.5757 35.1513 29.5757 33.8018 29.5757 34.6421 29.5757 32.7443 29.5757 33.8018 29.5757 31.6121 29.5757 32.7443 29.5757 30.5593 29.5757 31.6121 29.5757 29.7849 29.5757 30.5593 29.5757 29.5042 29.5757 29.7849 29.5757 29.7865 29.5757 29.5006 29.5757 30.5348 29.5757 29.7865 29.5757 31.5666 29.5757 30.5348 29.5757 32.6945 29.5757 31.5666 29.5757 33.7515 29.5757 32.6945 29.5757 34.5911 29.5757 33.7515 29.5757 35.1326 29.5757 34.5911 29.5757 35.3076 29.5757 35.1326 29.5757 35.1336 29.5757 35.3076 29.5757 34.5932 29.5757 35.1336 29.5757 33.7526 29.5757 34.5932 29.5757 32.693 29.5757 33.7526 29.5757 31.5615 29.5757 32.693 29.5757 30.5267 29.5757 31.5615 29.5757 29.7718 29.5757 30.5267 29.5757 29.5006 29.5757 29.7718 29.5757 29.1391 28.1955 29.2429 29.5757 28.8989 28.1955 29.1391 29.5757 28.7275 28.1955 28.8989 29.5757 28.747 28.1955 28.7275 29.5757 28.9077 28.1955 28.747 29.5757 29.0846 28.1955 28.9077 29.5757 29.0895 28.1955 29.0846 29.5757 29.0437 28.1955 29.0895 29.5757 29.124 28.1955 29.0437 29.5757 29.1146 28.1955 29.124 29.5757 28.9106 28.1955 29.1146 29.5757 28.7439 28.1955 28.9106 29.5757 28.7192 28.1955 28.7439 29.5757 28.8674 28.1955 28.7192 29.5757 29.1117 28.1955 28.8674 29.5757 29.2429 28.1955 29.1117 28.1955 28.4791 26.8153 28.5469 28.1955 28.313 26.8153 28.4791 28.1955 28.1984 26.8153 28.313 28.1955 28.2129 26.8153 28.1984 28.1955 28.3425 26.8153 28.2129 28.1955 28.4577 26.8153 28.3425 28.1955 28.49 26.8153 28.4577 28.1955 28.499 26.8153 28.49 28.1955 28.5234 26.8153 28.499 28.1955 28.4805 26.8153 28.5234 28.1955 28.3354 26.8153 28.4805 28.1955 28.2112 26.8153 28.3354 28.1955 28.2011 26.8153 28.2112 28.1955 28.2921 26.8153 28.2011 28.1955 28.4509 26.8153 28.2921 28.1955 28.5469 26.8153 28.4509 26.8153 25.0121 25.4351 25.1586 26.8153 24.7486 25.4351 25.0121 26.8153 24.5578 25.4351 24.7486 26.8153 24.4547 25.4351 24.5578 26.8153 24.4328 25.4351 24.4547 26.8153 24.5164 25.4351 24.4328 26.8153 24.5688 25.4351 24.5164 26.8153 24.5242 25.4351 24.5688 26.8153 24.4862 25.4351 24.5242 26.8153 24.4497 25.4351 24.4862 26.8153 24.4276 25.4351 24.4497 26.8153 24.4535 25.4351 24.4276 26.8153 24.5646 25.4351 24.4535 26.8153 24.8155 25.4351 24.5646 26.8153 25.0976 25.4351 24.8155 26.8153 25.1586 25.4351 25.0976 29.5757 29.5757 29.5757 29.5757 29.5757 29.5757 29.5757 29.5757 29.5757 29.5757 29.5757 29.5757 29.5757 29.5757 29.5757 29.5757 25.4351 25.4351 25.4351 25.4351 25.4351 25.4351 25.4351 25.4351 25.4351 25.4351 25.4351 25.4351 25.4351 25.4351 25.4351 25.4351 
</DataArray>
<DataArray type="Float64" Name="wall variable 0" format="ascii">
0 1 0 1 0 1 0 1 0 1 0 1 0 1 0 1 0 1 0 1 0 1 0 1 0 1 0 1 0 1 0 1 0 1 0 1 0 1 0 1 0 1 0 1 0 1 0 1 0 1 0 1 0 1 0 1 0 1 0 1 0 1 0 1 0 1 0 1 1 0 1 0 1 0 1 0 1 0 1 0 1 0 1 0 1 0 1 0 1 0 1 0 1 0 1 0 1 0 1 0 1 0 1 0 1 0 1 0 1 0 1 0 1 0 1 0 1 0 1 0 1 0 1 0 0 1 0 1 0 1 0 1 0 1 0 1 0 1 0 1 0 1 0 1 0 1 0 1 0 1 0 1 0 1 0 1 0 1 0 1 0 1 0 1 0 1 0 1 0 1 0 1 0 1 0 1 0 1 0 1 0 1 0 1 0 1 0 1 0 1 0 1 0 1 0 1 0 1 0 1 0 1 0 1 0 1 0 1 0 1 0 1 0 1 0 1 0 1 0 1 0 1 0 1 0 1 0 1 0 1 0 1 0 1 0 1 0 1 0 1 0 1 0 1 0 1 0 1 0 1 0 1 0 1 0 1 0 1 0 1 0 1 0 1 0 1 0 1 0 1 0 1 0 1 0 1 0 1 0 1 0 1 0 1 0 1 0 1 0 1 0 1 0 1 0 1 0 1 0 1 0 1 0 1 0 1 0 1 0 1 0 1 0 1 0 1 0 1 0 1 0 1 0 1 0 1 0 1 0 1 0 1 0 1 0 1 0 1 0 1 0 1 0 1 0 1 0 1 0 1 0 1 0 1 0 1 0 1 0 1 0 1 0 1 0 1 0 1 0 1 0 1 0 1 0 1 0 1 0 1 0 1 0 1 0 1 0 1 0 1 0 1 0 1 0 1 0 1 0 1 0 1 0 1 0 1 0 1 0 1 0 1 0 1 0 1 0 1 0 1 0 1 0 1 0 1 0 1 0 1 0 1 0 1 0 1 0 1 0 1 0 1 0 1 0 1 0 1 0 1 0 1 0 1 0 1 0 1 0 1 0 1 0 1 0 1 0 1 0 1 0 1 0 1 0 1 0 1 0 1 0 1 0 1 0 1 0 1 0 1 0 1 0 1 0 1 0 1 0 1 0 1 0 1 0 1 0 1 0 1 0 1 0 1 0 1 0 1 0 1 0 1 0 1 0 1 0 1 0 1 0 1 0 1 0 1 0 1 0 1 0 1 0 1 0 1 0 1 0 1 0 1 0 1 0 1 0 1 0 1 0 1 0 1 0 1 0 1 0 1 0 1 0 1 0 1 0 1 0 1 0 1 0 1 0 1 0 1 0 1 0 1 0 1 0 1 0 1 0 1 0 1 0 1 0 1 0 1 0 1 0 1 0 1 0 1 0 1 0 1 0 1 0 1 0 1 0 1 0 1 0 1 0 1 0 1 0 1 0 1 0 1 0 1 0 1 0 1 0 1 0 1 0 1 0 1 0 1 0 1 0 1 0 1 0 1 0 1 0 1 0 1 0 1 0 1 0 1 0 1 0 1 0 1 0 1 0 1 0 1 0 1 0 1 0 1 0 1 0 1 0 1 0 1 0 1 0 1 0 1 0 1 0 1 0 1 0 1 0 1 0 1 0 1 0 1 0 1 0 1 0 1 0 1 0 1 0 1 0 1 0 1 0 1 0 1 0 1 0 1 0 1 0 1 0 1 0 1 0 1 0 1 0 1 0 1 0 1 0 1 0 1 0 1 0 1 0 1 0 1 0 1 0 1 0 1 0 1 0 1 0 1 0 1 0 1 0 1 0 1 0 1 0 1 0 1 0 1 0 1 0 1 0 1 0 1 0 1 0 1 0 1 0 1 0 1 0 1 0 1 0 1 0 1 0 1 0 1 0 1 0 1 0 1 0 1 0 1 0 1 0 1 0 1 0 1 0 1 0 1 0 1 0 1 0 1 0 1 0 1 0 1 0 1 0 1 0 1 0 1 0 1 0 1 0 1 0 1 0 1 0 1 0 1 0 1 0 1 0 1 0 1 0 1 0 1 0 1 0 1 0 1 0 1 0 1 0 1 0 1 0 1 0 1 0 1 0 1 0 1 0 1 0 1 0 1 0 1 0 1 0 1 0 1 0 1 0 1 0 1 0 1 0 1 0 1 0 1 0 1 0 1 0 1 0 1 0 1 0 1 0 1 0 1 0 1 0 1 0 1 0 1 0 1 0 1 0 1 0 1 0 1 0 1 0 1 0 1 0 1 0 1 0 1 0 1 0 1 0 1 0 1 0 1 0 1 0 1 0 1 0 1 0 1 0 1 0 1 0 1 0 1 0 1 0 1 0 1 0 1 0 1 0 1 0 1 0 1 0 1 0 1 0 1 0 1 0 1 0 1 0 1 0 1 0 1 0 1 0 1 0 1 0 1 0 1 0 1 0 1 0 1 0 1 0 1 0 1 0 1 0 1 0 1 0 1 0 1 0 1 0 1 0 1 0 1 0 1 0 1 0 1 0 1 0 1 0 1 0 1 0 1 0 1 0 1 0 1 0 1 0 1 0 1 0 1 0 1 0 1 0 1 0 1 0 1 0 1 0 1 0 1 0 1 0 1 0 1 0 1 0 1 0 1 0 1 0 1 0 1 0 1 0 1 0 1 0 1 0 1 0 1 0 1 0 1 0 1 0 1 0 1 0 1 0 1 0 1 0 1 0 1 0 1 0 1 0 1 0 1 0 1 0 1 0 1 0 1 0 1 0 1 0 1 0 1 0 1 0 1 0 1 0 1 0 1 0 1 0 1 0 1 0 1 0 1 0 1 0 1 0 1 0 1 0 1 0 1 0 1 0 1 0 1 0 1 0 1 0 1 0 1 0 1 0 1 0 1 0 1 0 1 0 1 0 1 0 1 0 1 0 1 0 1 0 1 0 1 0 1 0 1 0 1 0 1 0 1 0 1 0 1 0 1 0 1 0 1 0 1 0 1 0 1 0 1 0 1 0 1 0 1 0 1 0 1 0 1 0 1 0 1 0 1 0 1 0 1 0 1 0 1 0 1 0 1 0 1 0 1 0 1 0 1 0 1 0 1 0 1 0 1 0 1 0 1 0 1 0 1 0 1 0 1 0 1 0 1 0 1 0 1 0 1 0 1 0 1 0 1 0 1 0 1 0 1 0 1 0 1 0 1 0 1 0 1 0 1 0 1 0 1 0 1 0 1 0 1 0 1 0 1 0 1 0 1 0 1 0 1 0 1 0 1 0 1 0 1 0 1 0 1 0 1 0 1 0 1 0 1 0 1 0 1 0 1 0 1 0 1 0 1 0 1 0 1 0 1 0 1 0 1 0 1 0 1 0 1 0 1 0 1 0 1 0 1 0 1 0 1 0 1 0 1 0 1 0 1 0 1 0 1 0 1 0 1 0 1 0 1 0 1 0 1 0 1 0 1 0 1 0 1 0 1 0 1 0 1 0 1 0 1 0 1 0 1 0 1 0 1 0 1 0 1 0 1 0 1 0 1 0 1 0 1 0 1 0 1 0 1 0 1 0 1 0 1 0 1 0 1 0 1 0 1 0 1 0 1 0 1 0 1 0 1 0 1 0 1 0 1 0 1 0 1 0 1 0 1 0 1 0 1 0 1 0 1 0 1 0 1 0 1 0 1 0 1 0 1 0 1 0 1 0 1 0 1 0 1 0 1 0 1 0 1 0 1 0 1 0 1 0 1 0 1 0 1 0 1 0 1 0 1 0 1 0 1 0 1 0 1 0 1 0 1 0 1 0 1 0 1 0 1 0 1 0 1 0 1 0 1 0 1 0 1 0 1 0 1 0 1 0 1 0 1 0 1 0 1 0 1 0 1 0 1 0 1 0 1 0 1 0 1 0 1 0 1 0 1 0 1 0 1 0 1 0 1 0 1 0 1 0 1 0 1 0 1 0 1 0 1 0 1 0 1 0 1 0 1 0 1 0 1 0 1 0 1 0 1 0 1 0 1 0 1 0 1 0 1 0 1 0 1 0 1 0 1 0 1 0 1 0 1 0 1 0 1 0 1 0 1 0 1 0 1 0 1 0 1 0 1 0 1 0 1 0 1 0 1 0 1 0 1 0 1 0 1 0 1 0 1 0 1 0 1 0 1 0 1 0 1 0 1 0 1 0 1 0 1 0 1 0 1 0 1 0 1 0 1 0 1 0 1 0 1 0 1 0 1 0 1 0 1 0 1 0 1 0 1 0 1 0 1 0 1 0 1 0 1 0 1 0 1 0 1 0 1 0 1 0 1 0 1 0 1 0 1 0 1 0 1 0 1 0 1 0 1 0 1 0 1 0 1 0 1 0 1 0 1 0 1 0 1 0 1 0 1 0 1 0 1 0 1 0 1 0 1 0 1 0 1 0 1 0 1 0 1 0 1 0 1 0 1 0 1 0 1 0 1 0 1 0 1 0 1 0 1 0 1 0 1 0 1 0 1 0 1 0 1 0 1 0 1 0 1 0 1 0 1 0 1 0 1 0 1 0 1 0 1 0 1 0 1 0 1 0 1 0 1 0 1 0 1 0 1 0 1 0 1 0 1 0 1 0 1 0 1 0 1 0 1 0 1 0 1 0 1 0 1 0 0 0 0 0 0 0 0 0 0 0 0 0 0 0 0 0 0 0 0 0 0 0 0 0 0 0 0 0 0 0 0 
</DataArray>
<DataArray type="Float64" Name="wall variable 1" format="ascii">
0 1 0 1 0 1 0 1 0 1 0 1 0 1 0 1 0 1 0 1 0 1 0 1 0 1 0 1 0 1 0 1 0 1 0 1 0 1 0 1 0 1 0 1 0 1 0 1 0 1 0 1 0 1 0 1 0 1 0 1 0 1 0 1 0 1 0 1 1 0 1 0 1 0 1 0 1 0 1 0 1 0 1 0 1 0 1 0 1 0 1 0 1 0 1 0 1 0 1 0 1 0 1 0 1 0 1 0 1 0 1 0 1 0 1 0 1 0 1 0 1 0 1 0 0 1 0 1 0 1 0 1 0 1 0 1 0 1 0 1 0 1 0 1 0 1 0 1 0 1 0 1 0 1 0 1 0 1 0 1 0 1 0 1 0 1 0 1 0 1 0 1 0 1 0 1 0 1 0 1 0 1 0 1 0 1 0 1 0 1 0 1 0 1 0 1 0 1 0 1 0 1 0 1 0 1 0 1 0 1 0 1 0 1 0 1 0 1 0 1 0 1 0 1 0 1 0 1 0 1 0 1 0 1 0 1 0 1 0 1 0 1 0 1 0 1 0 1 0 1 0 1 0 1 0 1 0 1 0 1 0 1 0 1 0 1 0 1 0 1 0 1 0 1 0 1 0 1 0 1 0 1 0 1 0 1 0 1 0 1 0 1 0 1 0 1 0 1 0 1 0 1 0 1 0 1 0 1 0 1 0 1 0 1 0 1 0 1 0 1 0 1 0 1 0 1 0 1 0 1 0 1 0 1 0 1 0 1 0 1 0 1 0 1 0 1 0 1 0 1 0 1 0 1 0 1 0 1 0 1 0 1 0 1 0 1 0 1 0 1 0 1 0 1 0 1 0 1 0 1 0 1 0 1 0 1 0 1 0 1 0 1 0 1 0 1 0 1 0 1 0 1 0 1 0 1 0 1 0 1 0 1 0 1 0 1 0 1 0 1 0 1 0 1 0 1 0 1 0 1 0 1 0 1 0 1 0 1 0 1 0 1 0 1 0 1 0 1 0 1 0 1 0 1 0 1 0 1 0 1 0 1 0 1 0 1 0 1 0 1 0 1 0 1 0 1 0 1 0 1 0 1 0 1 0 1 0 1 0 1 0 1 0 1 0 1 0 1 0 1 0 1 0 1 0 1 0 1 0 1 0 1 0 1 0 1 0 1 0 1 0 1 0 1 0 1 0 1 0 1 0 1 0 1 0 1 0 1 0 1 0 1 0 1 0 1 0 1 0 1 0 1 0 1 0 1 0 1 0 1 0 1 0 1 0 1 0 1 0 1 0 1 0 1 0 1 0 1 0 1 0 1 0 1 0 1 0 1 0 1 0 1 0 1 0 1 0 1 0 1 0 1 0 1 0 1 0 1 0 1 0 1 0 1 0 1 0 1 0 1 0 1 0 1 0 1 0 1 0 1 0 1 0 1 0 1 0 1 0 1 0 1 0 1 0 1 0 1 0 1 0 1 0 1 0 1 0 1 0 1 0 1 0 1 0 1 0 1 0 1 0 1 0 1 0 1 0 1 0 1 0 1 0 1 0 1 0 1 0 1 0 1 0 1 0 1 0 1 0 1 0 1 0 1 0 1 0 1 0 1 0 1 0 1 0 1 0 1 0 1 0 1 0 1 0 1 0 1 0 1 0 1 0 1 0 1 0 1 0 1 0 1 0 1 0 1 0 1 0 1 0 1 0 1 0 1 0 1 0 1 0 1 0 1 0 1 0 1 0 1 0 1 0 1 0 1 0 1 0 1 0 1 0 1 0 1 0 1 0 1 0 1 0 1 0 1 0 1 0 1 0 1 0 1 0 1 0 1 0 1 0 1 0 1 0 1 0 1 0 1 0 1 0 1 0 1 0 1 0 1 0 1 0 1 0 1 0 1 0 1 0 1 0 1 0 1 0 1 0 1 0 1 0 1 0 1 0 1 0 1 0 1 0 1 0 1 0 1 0 1 0 1 0 1 0 1 0 1 0 1 0 1 0 1 0 1 0 1 0 1 0 1 0 1 0 1 0 1 0 1 0 1 0 1 0 1 0 1 0 1 0 1 0 1 0 1 0 1 0 1 0 1 0 1 0 1 0 1 0 1 0 1 0 1 0 1 0 1 0 1 0 1 0 1 0 1 0 1 0 1 0 1 0 1 0 1 0 1 0 1 0 1 0 1 0 1 0 1 0 1 0 1 0 1 0 1 0 1 0 1 0 1 0 1 0 1 0 1 0 1 0 1 0 1 0 1 0 1 0 1 0 1 0 1 0 1 0 1 0 1 0 1 0 1 0 1 0 1 0 1 0 1 0 1 0 1 0 1 0 1 0 1 0 1 0 1 0 1 0 1 0 1 0 1 0 1 0 1 0 1 0 1 0 1 0 1 0 1 0 1 0 1 0 1 0 1 0 1 0 1 0 1 0 1 0 1 0 1 0 1 0 1 0 1 0 1 0 1 0 1 0 1 0 1 0 1 0 1 0 1 0 1 0 1 0 1 0 1 0 1 0 1 0 1 0 1 0 1 0 1 0 1 0 1 0 1 0 1 0 1 0 1 0 1 0 1 0 1 0 1 0 1 0 1 0 1 0 1 0 1 0 1 0 1 0 1 0 1 0 1 0 1 0 1 0 1 0 1 0 1 0 1 0 1 0 1 0 1 0 1 0 1 0 1 0 1 0 1 0 1 0 1 0 1 0 1 0 1 0 1 0 1 0 1 0 1 0 1 0 1 0 1 0 1 0 1 0 1 0 1 0 1 0 1 0 1 0 1 0 1 0 1 0 1 0 1 0 1 0 1 0 1 0 1 0 1 0 1 0 1 0 1 0 1 0 1 0 1 0 1 0 1 0 1 0 1 0 1 0 1 0 1 0 1 0 1 0 1 0 1 0 1 0 1 0 1 0 1 0 1 0 1 0 1 0 1 0 1 0 1 0 1 0 1 0 1 0 1 0 1 0 1 0 1 0 1 0 1 0 1 0 1 0 1 0 1 0 1 0 1 0 1 0 1 0 1 0 1 0 1 0 1 0 1 0 1 0 1 0 1 0 1 0 1 0 1 0 1 0 1 0 1 0 1 0 1 0 1 0 1 0 1 0 1 0 1 0 1 0 1 0 1 0 1 0 1 0 1 0 1 0 1 0 1 0 1 0 1 0 1 0 1 0 1 0 1 0 1 0 1 0 1 0 1 0 1 0 1 0 1 0 1 0 1 0 1 0 1 0 1 0 1 0 1 0 1 0 1 0 1 0 1 0 1 0 1 0 1 0 1 0 1 0 1 0 1 0 1 0 1 0 1 0 1 0 1 0 1 0 1 0 1 0 1 0 1 0 1 0 1 0 1 0 1 0 1 0 1 0 1 0 1 0 1 0 1 0 1 0 1 0 1 0 1 0 1 0 1 0 1 0 1 0 1 0 1 0 1 0 1 0 1 0 1 0 1 0 1 0 1 0 1 0 1 0 1 0 1 0 1 0 1 0 1 0 1 0 1 0 1 0 1 0 1 0 1 0 1 0 1 0 1 0 1 0 1 0 1 0 1 0 1 0 1 0 1 0 1 0 1 0 1 0 1 0 1 0 1 0 1 0 1 0 1 0 1 0 1 0 1 0 1 0 1 0 1 0 1 0 1 0 1 0 1 0 1 0 1 0 1 0 1 0 1 0 1 0 1 0 1 0 1 0 1 0 1 0 1 0 1 0 1 0 1 0 1 0 1 0 1 0 1 0 1 0 1 0 1 0 1 0 1 0 1 0 1 0 1 0 1 0 1 0 1 0 1 0 1 0 1 0 1 0 1 0 1 0 1 0 1 0 1 0 1 0 1 0 1 0 1 0 1 0 1 0 1 0 1 0 1 0 1 0 1 0 1 0 1 0 1 0 1 0 1 0 1 0 1 0 1 0 1 0 1 0 1 0 1 0 1 0 1 0 1 0 1 0 1 0 1 0 1 0 1 0 1 0 1 0 1 0 1 0 1 0 1 0 1 0 1 0 1 0 1 0 1 0 1 0 1 0 1 0 1 0 1 0 1 0 1 0 1 0 1 0 1 0 1 0 1 0 1 0 1 0 1 0 1 0 1 0 1 0 1 0 1 0 1 0 1 0 1 0 1 0 1 0 1 0 1 0 1 0 1 0 1 0 1 0 1 0 1 0 1 0 1 0 1 0 1 0 1 0 1 0 1 0 1 0 1 0 1 0 1 0 1 0 1 0 1 0 1 0 1 0 1 0 1 0 1 0 1 0 1 0 1 0 1 0 1 0 1 0 1 0 1 0 1 0 1 0 1 0 1 0 1 0 1 0 1 0 1 0 1 0 1 0 1 0 1 0 1 0 1 0 1 0 1 0 1 0 1 0 1 0 1 0 1 0 1 0 1 0 1 0 1 0 1 0 1 0 1 0 1 0 1 0 1 0 1 0 1 0 1 0 1 0 1 0 1 0 1 0 1 0 1 0 1 0 1 0 1 0 1 0 1 0 1 0 1 0 1 0 1 0 1 0 1 0 1 0 1 0 1 0 1 0 1 0 1 0 1 0 1 0 1 0 1 0 1 0 1 0 1 0 1 0 1 0 1 0 1 0 1 0 1 0 1 0 1 0 1 0 1 0 1 0 1 0 0 0 0 0 0 0 0 0 0 0 0 0 0 0 0 0 0 0 0 0 0 0 0 0 0 0 0 0 0 0 0 
</DataArray>
<DataArray type="Float64" Name="wall variable 2" format="ascii">
0 35.6354 0 35.6354 0 35.6354 0 35.6354 0 35.6354 0 35.6354 0 35.6354 0 35.6354 0 35.6354 0 35.6354 0 35.6354 0 35.6354 0 35.6354 0 35.6354 0 35.6354 0 35.6354 0 35.6354 0 35.6354 0 35.6354 0 35.6354 0 35.6354 0 35.6354 0 35.6354 0 35.6354 0 35.6354 0 35.6354 0 35.6354 0 35.6354 0 35.6354 0 35.6354 0 35.6354 0 35.6354 0 35.6354 0 35.6354 35.6354 0 35.6354 0 35.6354 0 35.6354 0 35.6354 0 35.6354 0 35.6354 0 35.6354 0 35.6354 0 35.6354 0 35.6354 0 35.6354 0 35.6354 0 35.6354 0 35.6354 0 35.6354 0 35.6354 0 35.6354 0 35.6354 0 35.6354 0 35.6354 0 35.6354 0 35.6354 0 35.6354 0 35.6354 0 35.6354 0 35.6354 0 35.6354 0 0 35.6354 0 35.6354 0 35.6354 0 35.6354 0 35.6354 0 35.6354 0 35.6354 0 35.6354 0 35.6354 0 35.6354 0 35.6354 0 35.6354 0 35.6354 0 35.6354 0 35.6354 0 35.6354 0 35.6354 0 35.6354 0 35.6354 0 35.6354 0 35.6354 0 35.6354 0 35.6354 0 35.6354 0 35.6354 0 35.6354 0 35.6354 0 35.6354 0 35.6354 0 35.6354 0 35.6354 0 35.6354 0 35.6354 0 35.6354 0 35.6354 0 35.6354 0 35.6354 0 35.6354 0 35.6354 0 35.6354 0 35.6354 0 35.6354 0 35.6354 0 35.6354 0 35.6354 0 35.6354 0 35.6354 0 35.6354 0 35.6354 0 35.6354 0 35.6354 0 35.6354 0 35.6354 0 35.6354 0 35.6354 0 35.6354 0 35.6354 0 35.6354 0 35.6354 0 35.6354 0 35.6354 0 35.6354 0 35.6354 0 35.6354 0 35.6354 0 35.6354 0 35.6354 0 35.6354 0 35.6354 0 35.6354 0 35.6354 0 35.6354 0 35.6354 0 35.6354 0 35.6354 0 35.6354 0 35.6354 0 35.6354 0 35.6354 0 35.6354 0 35.6354 0 35.6354 0 35.6354 0 35.6354 0 35.6354 0 35.6354 0 35.6354 0 35.6354 0 35.6354 0 35.6354 0 35.6354 0 35.6354 0 35.6354 0 35.6354 0 35.6354 0 35.6354 0 35.6354 0 35.6354 0 35.6354 0 35.6354 0 35.6354 0 35.6354 0 35.6354 0 35.6354 0 35.6354 0 35.6354 0 35.6354 0 35.6354 0 35.6354 0 35.6354 0 35.6354 0 35.6354 0 35.6354 0 35.6354 0 35.6354 0 35.6354 0 35.6354 0 35.6354 0 35.6354 0 35.6354 0 35.6354 0 35.6354 0 35.6354 0 35.6354 0 35.6354 0 35.6354 0 35.6354 0 35.6354 0 35.6354 0 35.6354 0 35.6354 0 35.6354 0 35.6354 0 35.6354 0 35.6354 0 35.6354 0 35.6354 0 35.6354 0 35.6354 0 35.6354 0 35.6354 0 35.6354 0 35.6354 0 35.6354 0 35.6354 0 35.6354 0 35.6354 0 35.6354 0 35.6354 0 35.6354 0 35.6354 0 35.6354 0 35.6354 0 35.6354 0 35.6354 0 35.6354 0 35.6354 0 35.6354 0 35.6354 0 35.6354 0 35.6354 0 35.6354 0 35.6354 0 35.6354 0 35.6354 0 35.6354 0 35.6354 0 35.6354 0 35.6354 0 35.6354 0 35.6354 0 35.6354 0 35.6354 0 35.6354 0 35.6354 0 35.6354 0 35.6354 0 35.6354 0 35.6354 0 35.6354 0 35.6354 0 35.6354 0 35.6354 0 35.6354 0 35.6354 0 35.6354 0 35.6354 0 35.6354 0 35.6354 0 35.6354 0 35.6354 0 35.6354 0 35.6354 0 35.6354 0 35.6354 0 35.6354 0 35.6354 0 35.6354 0 35.6354 0 35.6354 0 35.6354 0 35.6354 0 35.6354 0 35.6354 0 35.6354 0 35.6354 0 35.6354 0 35.6354 0 35.6354 0 35.6354 0 35.6354 0 35.6354 0 35.6354 0 35.6354 0 35.6354 0 35.6354 0 35.6354 0 35.6354 0 35.6354 0 35.6354 0 35.6354 0 35.6354 0 35.6354 0 35.6354 0 35.6354 0 35.6354 0 35.6354 0 35.6354 0 35.6354 0 35.6354 0 35.6354 0 35.6354 0 35.6354 0 35.6354 0 35.6354 0 35.6354 0 35.6354 0 35.6354 0 35.6354 0 35.6354 0 35.6354 0 35.6354 0 35.6354 0 35.6354 0 35.6354 0 35.6354 0 35.6354 0 35.6354 0 35.6354 0 35.6354 0 35.6354 0 35.6354 0 35.6354 0 35.6354 0 35.6354 0 35.6354 0 35.6354 0 35.6354 0 35.6354 0 35.6354 0 35.6354 0 35.6354 0 35.6354 0 35.6354 0 35.6354 0 35.6354 0 35.6354 0 35.6354 0 35.6354 0 35.6354 0 35.6354 0 35.6354 0 35.6354 0 35.6354 0 35.6354 0 35.6354 0 35.6354 0 35.6354 0 35.6354 0 35.6354 0 35.6354 0 35.6354 0 35.6354 0 35.6354 0 35.6354 0 35.6354 0 35.6354 0 35.6354 0 35.6354 0 35.6354 0 35.6354 0 35.6354 0 35.6354 0 35.6354 0 35.6354 0 35.6354 0 35.6354 0 35.6354 0 35.6354 0 35.6354 0 35.6354 0 35.6354 0 35.6354 0 35.6354 0 35.6354 0 35.6354 0 35.6354 0 35.6354 0 35.6354 0 35.6354 0 35.6354 0 35.6354 0 35.6354 0 35.6354 0 35.6354 0 35.6354 0 35.6354 0 35.6354 0 35.6354 0 35.6354 0 35.6354 0 35.6354 0 35.6354 0 35.6354 0 35.6354 0 35.6354 0 35.6354 0 35.6354 0 35.6354 0 35.6354 0 35.6354 0 35.6354 0 35.6354 0 35.6354 0 35.6354 0 35.6354 0 35.6354 0 35.6354 0 35.6354 0 35.6354 0 35.6354 0 35.6354 0 35.6354 0 35.6354 0 35.6354 0 35.6354 0 35.6354 0 35.6354 0 35.6354 0 35.6354 0 35.6354 0 35.6354 0 35.6354 0 35.6354 0 35.6354 0 35.6354 0 35.6354 0 35.6354 0 35.6354 0 35.6354 0 35.6354 0 35.6354 0 35.6354 0 35.6354 0 35.6354 0 35.6354 0 35.6354 0 35.6354 0 35.6354 0 35.6354 0 35.6354 0 35.6354 0 35.6354 0 35.6354 0 35.6354 0 35.6354 0 35.6354 0 35.6354 0 35.6354 0 35.6354 0 35.6354 0 35.6354 0 35.6354 0 35.6354 0 35.6354 0 35.6354 0 35.6354 0 35.6354 0 35.6354 0 35.6354 0 35.6354 0 35.6354 0 35.6354 0 35.6354 0 35.6354 0 35.6354 0 35.6354 0 35.6354 0 35.6354 0 35.6354 0 35.6354 0 35.6354 0 35.6354 0 35.6354 0 35.6354 0 35.6354 0 35.6354 0 35.6354 0 35.6354 0 35.6354 0 35.6354 0 35.6354 0 35.6354 0 35.6354 0 35.6354 0 35.6354 0 35.6354 0 35.6354 0 35.6354 0 35.6354 0 35.6354 0 35.6354 0 35.6354 0 35.6354 0 35.6354 0 35.6354 0 35.6354 0 35.6354 0 35.6354 0 35.6354 0 35.6354 0 35.6354 0 35.6354 0 35.6354 0 35.6354 0 35.6354 0 35.6354 0 35.6354 0 35.6354 0 35.6354 0 35.6354 0 35.6354 0 35.6354 0 35.6354 0 35.6354 0 35.6354 0 35.6354 0 35.6354 0 35.6354 0 35.6354 0 35.6354 0 35.6354 0 35.6354 0 35.6354 0 35.6354 0 35.6354 0 35.6354 0 35.6354 0 35.6354 0 35.6354 0 35.6354 0 35.6354 0 35.6354 0 35.6354 0 35.6354 0 35.6354 0 35.6354 0 35.6354 0 35.6354 0 35.6354 0 35.6354 0 35.6354 0 35.6354 0 35.6354 0 35.6354 0 35.6354 0 35.6354 0 35.6354 0 35.6354 0 35.6354 0 35.6354 0 35.6354 0 35.6354 0 35.6354 0 35.6354 0 35.6354 0 35.6354 0 35.6354 0 35.6354 0 35.6354 0 35.6354 0 35.6354 0 35.6354 0 35.6354 0 35.6354 0 35.6354 0 35.6354 0 35.6354 0 35.6354 0 35.6354 0 35.6354 0 35.6354 0 35.6354 0 35.6354 0 35.6354 0 35.6354 0 35.6354 0 35.6354 0 35.6354 0 35.6354 0 35.6354 0 35.6354 0 35.6354 0 35.6354 0 35.6354 0 35.6354 0 35.6354 0 35.6354 0 35.6354 0 35.6354 0 35.6354 0 35.6354 0 35.6354 0 35.6354 0 35.6354 0 35.6354 0 35.6354 0 35.6354 0 35.6354 0 35.6354 0 35.6354 0 35.6354 0 35.6354 0 35.6354 0 35.6354 0 35.6354 0 35.6354 0 35.6354 0 35.6354 0 35.6354 0 35.6354 0 35.6354 0 35.6354 0 35.6354 0 35.6354 0 35.6354 0 35.6354 0 35.6354 0 35.6354 0 35.6354 0 35.6354 0 35.6354 0 35.6354 0 35.6354 0 35.6354 0 35.6354 0 35.6354 0 35.6354 0 35.6354 0 35.6354 0 35.6354 0 35.6354 0 35.6354 0 35.6354 0 35.6354 0 35.6354 0 35.6354 0 35.6354 0 35.6354 0 35.6354 0 35.6354 0 35.6354 0 35.6354 0 35.6354 0 35.6354 0 35.6354 0 35.6354 0 35.6354 0 35.6354 0 35.6354 0 35.6354 0 35.6354 0 35.6354 0 35.6354 0 35.6354 0 35.6354 0 35.6354 0 35.6354 0 35.6354 0 35.6354 0 35.6354 0 35.6354 0 35.6354 0 35.6354 0 35.6354 0 35.6354 0 35.6354 0 35.6354 0 35.6354 0 35.6354 0 35.6354 0 35.6354 0 35.6354 0 35.6354 0 35.6354 0 35.6354 0 35.6354 0 35.6354 0 35.6354 0 35.6354 0 35.6354 0 35.6354 0 35.6354 0 35.6354 0 35.6354 0 35.6354 0 35.6354 0 35.6354 0 35.6354 0 35.6354 0 35.6354 0 35.6354 0 35.6354 0 35.6354 0 35.6354 0 35.6354 0 35.6354 0 35.6354 0 35.6354 0 35.6354 0 35.6354 0 35.6354 0 35.6354 0 35.6354 0 35.6354 0 35.6354 0 35.6354 0 35.6354 0 35.6354 0 35.6354 0 35.6354 0 35.6354 0 35.6354 0 35.6354 0 35.6354 0 35.6354 0 35.6354 0 35.6354 0 35.6354 0 35.6354 0 35.6354 0 35.6354 0 35.6354 0 35.6354 0 35.6354 0 35.6354 0 35.6354 0 35.6354 0 35.6354 0 35.6354 0 35.6354 0 35.6354 0 35.6354 0 35.6354 0 35.6354 0 35.6354 0 35.6354 0 35.6354 0 35.6354 0 35.6354 0 35.6354 0 35.6354 0 35.6354 0 35.6354 0 35.6354 0 35.6354 0 35.6354 0 35.6354 0 35.6354 0 35.6354 0 35.6354 0 35.6354 0 35.6354 0 35.6354 0 35.6354 0 35.6354 0 35.6354 0 35.6354 0 35.6354 0 35.6354 0 35.6354 0 35.6354 0 35.6354 0 35.6354 0 35.6354 0 35.6354 0 35.6354 0 35.6354 0 35.6354 0 35.6354 0 35.6354 0 35.6354 0 35.6354 0 35.6354 0 35.6354 0 35.6354 0 35.6354 0 35.6354 0 35.6354 0 35.6354 0 35.6354 0 35.6354 0 35.6354 0 35.6354 0 35.6354 0 35.6354 0 35.6354 0 35.6354 0 35.6354 0 35.6354 0 35.6354 0 35.6354 0 35.6354 0 35.6354 0 35.6354 0 35.6354 0 35.6354 0 35.6354 0 35.6354 0 35.6354 0 35.6354 0 35.6354 0 35.6354 0 35.6354 0 35.6354 0 35.6354 0 35.6354 0 35.6354 0 35.6354 0 35.6354 0 35.6354 0 35.6354 0 35.6354 0 35.6354 0 35.6354 0 35.6354 0 35.6354 0 35.6354 0 35.6354 0 35.6354 0 35.6354 0 35.6354 0 35.6354 0 35.6354 0 35.6354 0 35.6354 0 35.6354 0 35.6354 0 35.6354 0 35.6354 0 35.6354 0 35.6354 0 35.6354 0 35.6354 0 35.6354 0 35.6354 0 35.6354 0 35.6354 0 35.6354 0 35.6354 0 35.6354 0 35.6354 0 35.6354 0 35.6354 0 35.6354 0 35.6354 0 35.6354 0 35.6354 0 35.6354 0 35.6354 0 35.6354 0 35.6354 0 35.6354 0 35.6354 0 35.6354 0 35.6354 0 35.6354 0 35.6354 0 35.6354 0 35.6354 0 35.6354 0 35.6354 0 35.6354 0 35.6354 0 35.6354 0 35.6354 0 35.6354 0 35.6354 0 35.6354 0 35.6354 0 35.6354 0 35.6354 0 35.6354 0 35.6354 0 35.6354 0 35.6354 0 35.6354 0 35.6354 0 35.6354 0 35.6354 0 35.6354 0 35.6354 0 35.6354 0 35.6354 0 35.6354 0 35.6354 0 35.6354 0 35.6354 0 35.6354 0 35.6354 0 35.6354 0 35.6354 0 35.6354 0 35.6354 0 35.6354 0 35.6354 0 35.6354 0 35.6354 0 35.6354 0 35.6354 0 35.6354 0 35.6354 0 35.6354 0 35.6354 0 35.6354 0 35.6354 0 35.6354 0 35.6354 0 35.6354 0 35.6354 0 35.6354 0 35.6354 0 35.6354 0 35.6354 0 35.6354 0 35.6354 0 35.6354 0 35.6354 0 35.6354 0 35.6354 0 35.6354 0 35.6354 0 35.6354 0 35.6354 0 35.6354 0 35.6354 0 35.6354 0 35.6354 0 35.6354 0 35.6354 0 35.6354 0 35.6354 0 35.6354 0 35.6354 0 35.6354 0 35.6354 0 35.6354 0 35.6354 0 35.6354 0 35.6354 0 35.6354 0 35.6354 0 35.6354 0 35.6354 0 35.6354 0 35.6354 0 35.6354 0 35.6354 0 35.6354 0 35.6354 0 35.6354 0 35.6354 0 35.6354 0 35.6354 0 35.6354 0 35.6354 0 35.6354 0 35.6354 0 35.6354 0 35.6354 0 35.6354 0 35.6354 0 35.6354 0 35.6354 0 35.6354 0 35.6354 0 35.6354 0 35.6354 0 35.6354 0 35.6354 0 35.6354 0 35.6354 0 35.6354 0 35.6354 0 35.6354 0 35.6354 0 35.6354 0 35.6354 0 35.6354 0 35.6354 0 35.6354 0 35.6354 0 35.6354 0 35.6354 0 35.6354 0 35.6354 0 35.6354 0 35.6354 0 35.6354 0 35.6354 0 35.6354 0 35.6354 0 35.6354 0 35.6354 0 35.6354 0 35.6354 0 35.6354 0 35.6354 0 35.6354 0 35.6354 0 35.6354 0 35.6354 0 35.6354 0 35.6354 0 35.6354 0 35.6354 0 35.6354 0 35.6354 0 35.6354 0 35.6354 0 35.6354 0 35.6354 0 35.6354 0 35.6354 0 35.6354 0 35.6354 0 35.6354 0 35.6354 0 35.6354 0 35.6354 0 35.6354 0 35.6354 0 35.6354 0 35.6354 0 35.6354 0 35.6354 0 35.6354 0 35.6354 0 35.6354 0 35.6354 0 35.6354 0 35.6354 0 0 0 0 0 0 0 0 0 0 0 0 0 0 0 0 0 0 0 0 0 0 0 0 0 0 0 0 0 0 0 0 
</DataArray>
</CellData>
</Piece>
</UnstructuredGrid>
</VTKFile>
