<VTKFile type="UnstructuredGrid" version="0.1">
<UnstructuredGrid>
<Piece  NumberOfPoints="    2080" NumberOfCells="     514">
<Points>
<DataArray type="Float64" NumberOfComponents="3" format="ascii">
-71.0474 39.5836 1.48455
-75.6176 41.7584 27.0871
-63.2047 56.8832 28.9281
-58.2637 54.522 1.4527
-76.637 42.2387 29.8157
-89.7078 48.3933 51.626
-78.3135 63.9798 54.9573
-64.2241 57.3635 31.6567
-91.591 49.2907 53.7201
-111.191 58.7413 68.3779
-101.166 74.9758 72.6174
-80.1967 64.8773 57.0514
-113.644 59.9431 69.5136
-136.723 71.4014 74.6706
-128.203 88.41 79.2212
-103.619 76.1776 73.7531
-139.367 72.7312 74.67
-162.329 84.4174 69.5008
-155.307 102.206 73.7504
-130.846 89.7399 79.2207
-164.758 85.666 68.3649
-184.073 95.7009 53.7101
-178.374 114.179 57.0431
-157.735 103.455 72.6145
-185.92 96.6683 51.6162
-198.7 103.43 29.8008
-193.942 122.406 31.6584
-180.221 115.146 54.9493
-199.693 103.959 27.0718
-204.126 106.358 1.45513
-199.716 125.526 1.46455
-194.934 122.936 28.9294
-204.123 106.36 -1.49536
-199.638 103.994 -27.0989
-194.873 122.989 -28.9522
-199.713 125.528 -1.48594
-198.642 103.466 -29.8271
-185.868 96.6878 -51.626
-180.15 115.169 -54.9816
-193.877 122.461 -31.6804
-184.023 95.7155 -53.7195
-164.744 85.6324 -68.3721
-157.702 103.402 -72.6459
-178.305 114.197 -57.0751
-162.318 84.378 -69.508
-139.38 72.6514 -74.6784
-130.835 89.6432 -79.2497
-155.277 102.148 -73.7818
-136.739 71.3175 -74.6789
-113.674 59.8234 -69.5242
-103.626 76.0469 -73.7802
-128.194 88.3093 -79.2501
-111.223 58.6175 -68.3887
-91.6282 49.1307 -53.7312
-80.2287 64.6935 -57.0802
-101.174 74.841 -72.6447
-89.7457 48.232 -51.637
-76.6627 42.1022 -29.8114
-64.2661 57.2051 -31.6992
-78.3463 63.7948 -54.9861
-75.6412 41.6307 -27.082
-71.0492 39.5761 -1.46598
-58.2654 54.5146 -1.49783
-63.2447 56.7336 -28.9698
-56.9758 56.3568 1.51493
-61.9169 58.7179 28.9903
-51.2228 76.9173 29.5186
-46.117 74.5556 1.49001
-77.0784 65.8354 55.1392
-66.7762 84.128 56.1015
-52.295 77.4185 32.3669
-62.989 59.2191 31.8387
-100.019 76.8698 72.8847
-90.1747 95.3386 74.1056
-68.748 85.0639 58.2809
-79.0502 66.7713 57.3187
-127.161 90.3549 79.5322
-117.791 109.068 80.8642
-92.7322 96.5913 75.285
-102.577 78.1225 74.0641
-154.373 104.209 74.0628
-145.458 123.216 75.3273
-120.543 110.456 80.8651
-129.912 91.7425 79.5331
-177.541 116.236 57.3128
-169.022 135.501 58.3088
-147.987 124.52 74.1486
-156.902 105.512 72.8841
-193.189 124.507 31.8433
-184.953 143.926 32.3959
-170.949 136.511 56.1302
-179.468 117.247 55.1342
-199.009 127.65 1.53142
-190.887 147.103 1.53277
-185.991 144.478 29.5489
-194.228 125.06 28.9962
-194.167 125.112 -29.0175
-185.954 144.49 -29.5758
-190.884 147.105 -1.54986
-199.007 127.652 -1.55121
-179.397 117.268 -55.1679
-170.887 136.488 -56.1898
-184.911 143.937 -32.4252
-193.124 124.56 -31.8668
-156.867 105.457 -72.9186
-147.944 124.448 -74.2074
-168.96 135.472 -58.3696
-177.47 116.252 -57.3478
-129.899 91.6441 -79.5647
-120.516 110.351 -80.921
-145.417 123.14 -75.3856
-154.341 104.149 -74.0968
-102.581 77.991 -74.0935
-92.7185 96.4626 -75.3374
-117.766 108.96 -80.9198
-127.15 90.2533 -79.5634
-79.0794 66.5874 -57.3491
-68.7483 84.9154 -58.3292
-90.1625 95.2066 -74.1576
-100.025 76.735 -72.9136
-63.0299 59.0618 -31.8844
-52.321 77.3073 -32.4515
-66.779 83.9794 -56.1513
-77.1101 65.6514 -55.1712
-61.9569 58.5692 -29.0387
-56.9777 56.3501 -1.56666
-46.1189 74.549 -1.59158
-51.2481 76.8147 -29.6058
-44.953 76.6197 1.5087
-50.0588 78.9814 29.5372
-39.9212 97.9503 29.7594
-34.6728 95.6801 1.4975
-51.1576 79.478 32.4226
-65.6388 86.1875 56.1572
-55.8018 105.012 56.5353
-41.02 98.4469 32.6448
-67.6498 87.1255 58.3638
-89.0765 97.4002 74.1885
-79.5085 116.172 74.6575
-57.8127 105.949 58.742
-91.6739 98.6666 75.3826
-116.733 111.144 80.9618
-107.346 130.024 81.4636
-82.1059 117.438 75.8516
-119.519 112.555 80.9631
-144.434 125.315 75.4253
-135.151 144.393 75.8761
-110.132 131.435 81.4649
-146.991 126.644 74.2321
-168.026 137.625 58.3922
-158.799 156.87 58.7178
-137.708 145.722 74.6828
-169.974 138.654 56.1859
-183.978 146.068 32.4516
-174.778 165.397 32.6132
-160.747 157.898 56.5115
-185.028 146.628 29.5681
-189.923 149.253 1.55195
-180.74 168.591 1.54065
-175.829 165.957 29.7296
-189.922 149.252 -1.5705
-184.991 146.637 -29.5965
-175.813 165.93 -29.7818
-180.739 168.59 -1.58179
-183.938 146.074 -32.4831
-169.913 138.626 -56.2477
-160.704 157.837 -56.5995
-174.76 165.368 -32.6684
-167.965 137.594 -58.4558
-146.949 126.57 -74.2936
-137.67 145.637 -74.7687
-158.755 156.805 -58.8076
-144.393 125.238 -75.4864
-119.492 112.449 -81.0218
-110.103 131.331 -81.5477
-135.114 144.306 -75.9615
-116.707 111.036 -81.02
-91.6591 98.5382 -75.4377
-82.0844 117.324 -75.9301
-107.318 129.918 -81.546
-89.0625 97.2707 -74.2429
-67.6484 86.9796 -58.4145
-57.7984 105.843 -58.8109
-79.4879 116.057 -74.7353
-65.6397 86.0436 -56.2097
-51.1818 79.3715 -32.5099
-41.0381 98.3793 -32.7514
-55.7897 104.907 -56.6061
-50.0834 78.8812 -29.6279
-44.9543 76.6155 -1.61371
-34.674 95.6759 -1.62491
-39.9398 97.8891 -29.8694
-33.5658 97.6705 1.51822
-38.8142 99.9407 29.7801
-28.9405 117.017 29.9115
-23.909 114.227 1.51201
-39.9143 100.492 32.6964
-54.6961 107.057 56.587
-44.1759 125.589 56.82
-30.0406 117.569 32.8277
-56.6904 108.094 58.8015
-78.3862 118.316 74.717
-66.8769 138.89 75.0232
-46.1702 126.626 59.0346
-80.9405 119.707 75.9037
-106.18 132.293 81.5157
-93.5036 155.142 81.8503
-69.4312 140.281 76.2098
-108.905 133.834 81.5023
-133.924 146.792 75.9134
-120.074 171.816 76.2054
-96.228 156.683 81.8369
-136.415 148.236 74.7033
-157.506 159.384 58.7383
-142.64 186.191 58.9323
-122.565 173.26 74.9953
-159.398 160.495 56.5185
-173.429 167.994 32.6203
-157.865 195.957 32.703
-144.532 187.302 56.7125
-174.448 168.596 29.7296
-179.359 171.229 1.54062
-163.547 199.59 1.52301
-158.884 196.559 29.8123
-179.359 171.228 -1.5856
-174.433 168.568 -29.7856
-158.875 196.529 -29.9036
-163.546 199.589 -1.60321
-173.413 167.962 -32.6787
-159.356 160.432 -56.6099
-144.498 187.234 -56.8395
-157.854 195.924 -32.7968
-157.463 159.318 -58.8312
-136.378 148.151 -74.7923
-122.534 173.173 -75.1157
-142.605 186.12 -59.0608
-133.888 146.705 -76.0018
-108.876 133.731 -81.588
-96.2031 156.584 -81.9494
-120.043 171.728 -76.3252
-106.153 132.188 -81.6008
-80.9189 119.594 -75.9849
-69.4102 140.182 -76.3125
-93.4792 155.041 -81.9621
-78.3651 118.204 -74.7972
-56.6756 107.99 -58.8727
-46.1542 126.547 -59.1207
-66.8564 138.791 -75.1247
-54.6833 106.956 -56.6594
-39.9317 100.428 -32.8046
-30.0558 117.534 -32.9478
-44.162 125.513 -56.9074
-38.8325 99.8814 -29.8918
-33.5668 97.6682 -1.6473
-23.91 114.225 -1.65351
-28.9566 116.988 -30.0349
-22.7612 116.029 1.51674
-27.7927 118.819 29.9162
-16.7366 134.715 29.9402
-12.0045 131.405 1.51267
-28.8364 119.481 32.8406
-42.9717 127.501 56.8329
-31.0501 144.82 56.8652
-17.7802 135.377 32.8646
-44.8605 128.731 59.0527
-65.5672 140.995 75.0413
-52.3669 160.286 75.0911
-32.9389 146.05 59.085
-67.9848 142.623 76.2313
-92.0572 157.483 81.8718
-77.3869 178.959 81.9448
-54.7845 161.913 76.2811
-94.6357 159.267 81.858
-118.481 174.4 76.2266
-102.366 197.973 76.298
-79.9654 180.743 81.9311
-120.838 176.059 75.0113
-140.912 188.99 58.9483
-123.569 214.282 58.9867
-104.722 199.631 75.0827
-142.7 190.26 56.7209
-156.033 198.915 32.7113
-137.856 225.321 32.7131
-125.357 215.552 56.7593
-156.994 199.6 29.8135
-161.658 202.631 1.52423
-143.183 229.421 1.50865
-138.817 226.007 29.8153
-161.657 202.63 -1.6081
-156.986 199.57 -29.9085
-138.811 225.975 -29.9403
-143.182 229.419 -1.62368
-156.023 198.881 -32.8087
-142.667 190.191 -56.8514
-125.329 215.481 -56.9169
-137.849 225.286 -32.8405
-140.878 188.918 -59.0801
-120.807 175.971 -75.135
-104.695 199.545 -75.2321
-123.54 214.208 -59.1457
-118.452 174.312 -76.3493
-94.6112 159.168 -81.9735
-79.944 180.649 -82.0688
-102.339 197.885 -76.4463
-92.0332 157.384 -81.9861
-67.9641 142.524 -76.3364
-54.7661 161.826 -76.4032
-77.366 178.865 -82.0814
-65.5468 140.898 -75.1447
-44.8447 128.654 -59.1406
-32.9226 145.992 -59.1857
-52.3487 160.2 -75.2115
-42.9576 127.428 -56.9216
-28.8514 119.449 -32.962
-17.7926 135.365 -32.9945
-31.0355 144.766 -56.9667
-27.8086 118.791 -30.0407
-22.762 116.028 -1.65924
-12.0053 131.404 -1.66331
-16.7498 134.707 -30.0732
-10.7232 133.074 1.51315
-15.4553 136.384 29.9407
-3.1207 151.029 29.9376
1.25869 147.231 1.51063
-16.4278 137.151 32.8658
-29.6977 146.594 56.8665
-16.3467 162.567 56.8516
-4.09326 151.796 32.8628
-31.4565 148.008 59.0871
-50.8844 162.244 75.0932
-36.036 180.068 75.0888
-18.1055 163.981 59.0722
-53.1367 164.097 76.2856
-75.7391 181.144 81.9492
-59.1932 201.055 81.9829
-38.2882 181.921 76.2812
-78.1435 183.16 81.937
-100.544 200.39 76.304
-82.336 222.318 76.3478
-61.5976 203.071 81.9707
-102.741 202.255 75.0868
-121.588 216.906 58.9908
-101.978 240.492 59.0027
-84.5332 224.184 75.1307
-123.254 218.329 56.76
-135.753 228.098 32.7138
-115.187 252.745 32.7044
-103.643 241.914 56.7718
-136.647 228.864 29.8141
-141.013 232.278 1.50745
-120.106 257.291 1.49455
-116.081 253.511 29.8046
-141.012 232.276 -1.62558
-136.641 228.832 -29.9422
-116.077 253.478 -29.9569
-120.106 257.289 -1.63848
-135.746 228.062 -32.844
-123.226 218.257 -56.9204
-103.619 241.841 -56.9512
-115.181 252.708 -32.8587
-121.56 216.832 -59.1521
-102.714 202.169 -75.2385
-84.5037 224.097 -75.2949
-101.952 240.416 -59.1829
-100.517 200.302 -76.4541
-78.1221 183.066 -82.0766
-61.5703 202.974 -82.1135
-82.3066 222.23 -76.5104
-75.7187 181.05 -82.0872
-53.1188 164.011 -76.409
-38.2828 181.852 -76.4102
-59.167 200.958 -82.1241
-50.8668 162.161 -75.2148
-31.4407 147.952 -59.189
-18.0921 163.943 -59.1808
-36.0308 180.002 -75.216
-29.683 146.542 -56.9689
-16.4401 137.141 -32.9967
-4.10187 151.799 -32.9992
-16.3344 162.533 -56.9607
-15.4683 136.376 -30.0743
-10.7238 133.074 -1.66447
1.25808 147.23 -1.667
-3.13011 151.034 -30.0768
2.676 148.757 1.51016
-1.7034 152.555 29.9372
11.8481 165.85 29.9275
15.8281 161.604 1.5086
-2.59402 153.42 32.8613
-14.8474 164.191 56.8501
-0.144588 178.701 56.8213
10.9575 166.715 32.8516
-16.4572 165.776 59.0705
-34.3876 181.862 75.0871
-18.0276 198.078 75.0745
-1.75432 180.285 59.0418
-36.4521 183.927 76.2822
-57.3571 203.06 81.984
-39.0912 221.205 82.0005
-20.0921 200.142 76.2696
-59.5634 205.297 81.9739
-80.3017 224.544 76.351
-60.1505 244.582 76.3778
-41.2975 223.442 81.9904
-82.3178 226.607 75.1325
-99.7622 242.915 59.0045
-78.0154 264.524 59.0078
-62.1665 246.644 75.1593
-101.288 244.484 56.7711
-112.832 255.314 32.7037
-90.0067 277.935 32.6934
-79.5415 266.093 56.7745
-113.65 256.157 29.8033
-117.675 259.936 1.49319
-94.472 282.902 1.48263
-90.8246 278.777 29.793
-117.675 259.935 -1.63965
-113.646 256.124 -29.9581
-90.8234 278.744 -29.9676
-94.4719 282.901 -1.65021
-112.827 255.277 -32.8602
-101.265 244.41 -56.9527
-79.5229 266.021 -56.9722
-90.0044 277.898 -32.8697
-99.737 242.839 -59.1864
-82.2885 226.52 -75.2984
-62.1396 246.562 -75.34
-77.9953 264.45 -59.2059
-80.2717 224.456 -76.5149
-59.5355 205.2 -82.118
-41.2582 223.362 -82.147
-60.1228 244.498 -76.5565
-57.3301 202.965 -82.1261
-36.4459 183.86 -76.4121
-20.0704 200.096 -76.4096
-39.0528 221.126 -82.1551
-34.3826 181.799 -75.2154
-16.4438 165.74 -59.1802
-1.73641 180.258 -59.1602
-18.007 198.035 -75.2129
-14.8348 164.158 -56.9599
-2.60227 153.424 -32.9984
10.9562 166.725 -32.9936
-0.127416 178.676 -56.94
-1.7125 152.561 -30.0768
2.67569 148.757 -1.66699
15.8278 161.604 -1.66856
11.8459 165.862 -30.072
17.3722 162.977 1.5079
13.3921 167.223 29.9268
28.0499 179.076 29.9144
31.5912 174.426 1.50735
12.5925 168.177 32.8489
1.49042 180.162 56.8186
17.3941 193.097 56.78
27.2503 180.029 32.8365
0.0447771 181.903 59.0387
-16.2285 199.695 75.0715
1.49576 214.182 75.0346
15.9484 194.838 59.0002
-18.0841 201.953 76.268
-37.0832 223.016 81.999
-17.2229 239.255 81.9694
-0.359842 216.44 76.2311
-39.0664 225.455 81.9903
-57.9194 246.595 76.3777
-35.9491 264.552 76.3641
-19.206 241.694 81.9607
-59.7316 248.84 75.1592
-75.5804 266.72 59.0078
-51.8351 286.11 59.0012
-37.7613 266.797 75.1457
-76.9509 268.425 56.7735
-87.416 280.267 32.6925
-62.494 300.596 32.6822
-53.2056 287.816 56.767
-88.1499 281.182 29.7918
-91.7973 285.307 1.4814
-66.4639 305.958 1.47295
-63.2279 301.51 29.7815
-91.7974 285.305 -1.65103
-88.1489 281.149 -29.9684
-63.2296 301.479 -29.9739
-66.464 305.956 -1.65947
-87.4142 280.231 -32.8706
-76.9327 268.354 -56.973
-53.1939 287.751 -56.9803
-62.495 300.561 -32.8761
-75.5609 266.647 -59.2076
-59.7052 248.758 -75.3417
-37.7411 266.726 -75.3467
-51.8221 286.043 -59.2149
-57.8921 246.512 -76.5582
-39.0275 225.376 -82.1488
-19.1765 241.628 -82.1426
-35.928 264.48 -76.5632
-37.0438 222.939 -82.1553
-18.0614 201.909 -76.4098
-0.32671 216.388 -76.3884
-17.1928 239.19 -82.1491
-16.2067 199.653 -75.211
0.0639782 181.876 -59.1583
15.9777 194.81 -59.131
1.52806 214.132 -75.1895
1.50845 180.139 -56.938
12.592 168.187 -32.9917
27.2591 180.041 -32.9834
17.4221 193.073 -56.9107
13.3904 167.235 -30.0716
17.3723 162.978 -1.66819
31.5914 174.427 -1.66874
28.0575 179.089 -30.0633
33.2491 175.637 1.50669
29.7078 180.287 29.9138
45.3452 190.611 29.9028
48.4116 185.605 1.50759
29.0065 181.319 32.8338
19.1503 194.387 56.7773
36.1301 205.663 56.7426
44.644 191.643 32.8228
17.8832 196.265 58.996
3.43052 215.61 75.0304
22.3965 228.238 74.9845
34.863 207.541 58.9613
1.80525 218.041 76.2272
-15.0578 240.856 81.9654
6.22891 255.032 81.9309
20.7712 230.669 76.1813
-16.7949 243.476 81.9581
-33.538 266.334 76.3614
-9.95037 282.036 76.347
4.49173 257.653 81.9236
-35.1255 268.744 75.1443
-49.1993 288.057 58.9998
-23.6764 305.034 58.9946
-11.5378 284.446 75.1299
-50.3995 289.886 56.7659
-59.6879 302.666 32.6811
-32.8854 320.478 32.6732
-24.8766 306.863 56.7607
-60.3304 303.646 29.7805
-63.5664 308.094 1.47194
-36.3177 326.193 1.46575
-33.5279 321.458 29.7726
-63.5666 308.092 -1.66002
-60.3323 303.616 -29.9744
-33.5319 321.43 -29.9776
-36.3179 326.191 -1.66621
-59.6893 302.632 -32.8763
-50.3882 289.822 -56.9806
-24.8698 306.805 -56.9823
-32.889 320.446 -32.8794
-49.1869 287.991 -59.2148
-35.1058 268.674 -75.3465
-11.5201 284.382 -75.3382
-23.6684 304.974 -59.2165
-33.5174 266.264 -76.562
-16.7659 243.411 -82.1414
4.51963 257.592 -82.1118
-9.93168 281.972 -76.5536
-15.028 240.791 -82.1465
1.83815 217.988 -76.3858
20.8056 230.618 -76.3444
6.25757 254.972 -82.1169
3.46362 215.56 -75.1863
17.9132 196.238 -59.1278
34.8989 207.515 -59.0976
22.4311 228.189 -75.145
19.1793 194.362 -56.9086
29.0163 181.33 -32.9813
44.6619 191.653 -32.9711
36.1649 205.639 -56.8783
29.7158 180.3 -30.0628
33.2497 175.638 -1.66817
48.4123 185.606 -1.66728
45.3615 190.622 -30.0526
50.1691 186.645 1.50725
47.1026 191.651 29.9025
63.5883 200.359 29.8973
66.1434 195.051 1.50943
46.507 192.75 32.8208
37.9931 206.77 56.7406
55.9119 216.282 56.7173
62.9926 201.459 32.8156
36.9184 208.767 58.9576
24.4519 229.464 74.9808
44.4888 240.12 74.9497
54.8372 218.28 58.9343
23.0748 232.044 76.1778
8.5325 256.408 81.9274
31.0549 268.384 81.9068
43.1117 242.701 76.1466
7.0611 259.187 81.9215
-7.38101 283.57 76.3449
17.6103 296.851 76.3393
29.5835 271.163 81.9009
-8.72547 286.124 75.1289
-20.864 306.712 58.9937
6.20578 321.086 58.9939
16.2658 299.405 75.1233
-21.8802 308.649 56.76
-29.889 322.263 32.6725
-1.44729 337.353 32.6681
5.18958 323.023 56.7602
-30.433 323.3 29.7719
-33.2228 328.036 1.46505
-4.30391 343.372 1.46098
-1.99128 338.39 29.7675
-33.2231 328.034 -1.66657
-30.4371 323.272 -29.9779
-1.99665 338.365 -29.9801
-4.30418 343.37 -1.67063
-29.8929 322.232 -32.8795
-21.8737 308.59 -56.9824
5.19329 322.97 -56.9843
-1.45242 337.324 -32.8816
-20.8563 306.652 -59.216
-8.70802 286.06 -75.3377
16.2821 299.346 -75.3332
6.21069 321.031 -59.218
-7.36244 283.506 -76.5518
7.08886 259.126 -82.11
29.6109 271.105 -82.09
17.6277 296.792 -76.5473
8.56117 256.348 -82.1137
23.1092 231.994 -76.3412
43.1472 242.653 -76.311
31.0832 268.327 -82.0936
24.4868 229.416 -75.1416
36.9546 208.741 -59.0942
54.8773 218.254 -59.0732
44.5248 240.074 -75.1115
38.0286 206.746 -56.8764
46.5256 192.76 -32.9692
63.0179 201.466 -32.9621
55.9513 216.259 -56.8554
47.1193 191.662 -30.052
50.1701 186.645 -1.66672
66.1445 195.052 -1.66454
63.6116 200.367 -30.045
67.9853 195.91 1.50948
65.4302 201.217 29.8973
82.6222 208.233 29.8967
84.6341 202.68 1.51267
64.947 202.373 32.8146
57.8663 217.197 56.7163
76.5796 224.866 56.7035
82.139 209.389 32.814
56.9961 219.293 58.9322
46.6477 241.134 74.9475
67.6001 249.732 74.9308
75.7094 226.963 58.9193
45.5343 243.839 76.1446
33.4775 269.522 81.9047
57.0481 279.189 81.8975
66.4867 252.436 76.1278
32.2885 272.433 81.9
20.3153 298.121 76.3384
46.489 308.848 76.3416
55.8591 282.1 81.8928
19.2292 300.795 75.1233
9.16921 322.476 58.9938
37.534 334.09 58.9992
45.403 311.522 75.1265
8.34856 324.503 56.76
1.71169 338.833 32.6679
31.5228 351.029 32.6667
36.7134 336.117 56.7654
1.27235 339.918 29.7671
-1.04028 344.9 1.46059
29.274 357.296 1.45834
31.0834 352.114 29.7658
-1.0406 344.899 -1.67086
1.26693 339.893 -29.9803
31.0774 352.091 -29.982
29.2737 357.295 -1.67312
1.70637 338.805 -32.8818
8.35208 324.451 -56.9844
36.715 336.069 -56.9877
31.5168 351.003 -32.8835
9.17393 322.422 -59.2179
19.2454 300.736 -75.3331
45.4185 311.468 -75.3341
37.5369 334.041 -59.2212
20.3327 298.062 -76.5464
32.3159 272.375 -82.089
55.8866 282.046 -82.0797
46.5058 308.794 -76.5473
33.5058 269.465 -82.0915
45.5699 243.791 -76.309
66.5234 252.391 -76.2911
57.0765 279.135 -82.0822
46.684 241.088 -75.1094
57.0364 219.268 -59.0711
75.7526 226.937 -59.0588
67.6375 249.687 -75.0915
57.9062 217.174 -56.8544
64.9728 202.38 -32.9611
82.1699 209.392 -32.9566
76.6224 224.843 -56.842
65.4538 201.226 -30.0445
67.9867 195.91 -1.6641
84.6355 202.68 -1.66091
82.6509 208.237 -30.0401
86.5444 203.35 1.51294
84.5324 208.903 29.897
102.278 214.16 29.8979
103.721 208.421 1.51694
84.1678 210.103 32.8136
78.6084 225.581 56.7031
97.9434 231.333 56.6947
101.914 215.36 32.8145
77.9532 227.755 58.9181
69.8438 250.524 74.9295
91.5104 256.976 74.9194
97.2882 233.507 58.9098
69.0067 253.326 76.1269
59.5681 280.079 81.8966
83.9585 287.339 81.8947
90.6732 259.779 76.1167
58.6748 283.094 81.8928
49.3048 309.842 76.3416
76.4053 317.902 76.3476
83.0652 290.354 81.8909
48.4893 312.61 75.127
40.6204 335.178 58.9997
70.0022 343.906 59.0067
75.5898 320.67 75.133
40.0046 337.276 56.7656
34.814 352.188 32.6669
65.7016 361.354 32.6672
69.3863 346.004 56.7726
34.4842 353.311 29.7657
32.6748 358.493 1.45818
64.0864 367.811 1.45754
65.3718 362.477 29.766
32.6745 358.492 -1.67321
34.4782 353.287 -29.9821
65.3656 362.456 -29.9822
64.0861 367.809 -1.67385
34.8079 352.162 -32.8836
40.0061 337.228 -56.9878
69.3868 345.961 -56.9896
65.6954 361.331 -32.8836
40.6231 335.129 -59.2213
48.5048 312.556 -75.3341
75.605 320.619 -75.3351
70.0038 343.862 -59.2231
49.3215 309.787 -76.5469
58.7023 283.04 -82.0793
83.093 290.302 -82.073
76.4218 317.851 -76.5479
59.5966 280.025 -82.081
69.0434 253.281 -76.2898
90.7109 259.735 -76.2766
83.9873 287.288 -82.0746
69.8814 250.48 -75.0902
77.9965 227.729 -59.0574
97.3335 233.48 -59.0479
91.5489 256.934 -75.0769
78.6516 225.557 -56.8413
84.1991 210.106 -32.9559
101.948 215.358 -32.9514
97.9885 231.308 -56.8318
84.5614 208.907 -30.0397
86.5461 203.35 -1.6605
103.723 208.421 -1.6565
102.311 214.159 -30.0351
105.683 208.896 1.51731
104.24 214.635 29.8983
122.376 218.087 29.9001
123.231 212.221 1.52191
103.998 215.868 32.8143
100.028 231.84 56.6945
119.802 235.621 56.6892
122.135 219.319 32.8161
99.5954 234.07 58.909
93.8177 257.539 74.9186
115.989 261.783 74.9127
119.37 237.851 58.9038
93.2662 260.412 76.1163
86.5515 287.972 81.8943
111.524 292.748 81.8956
115.438 264.655 76.1104
85.9642 291.06 81.8912
79.3042 318.608 76.348
107.065 323.912 76.3556
110.937 295.836 81.8925
78.7689 321.444 75.1338
73.1812 344.68 59.0074
103.289 350.423 59.0155
106.53 326.747 75.1414
72.7773 346.829 56.773
69.0925 362.179 32.6676
100.75 368.21 32.6694
102.885 352.572 56.7811
68.8762 363.329 29.766
67.5908 368.662 1.45757
99.7874 374.793 1.45849
100.534 369.36 29.7678
67.5905 368.661 -1.67377
68.87 363.308 -29.9821
100.528 369.341 -29.9806
99.787 374.792 -1.67285
69.0863 362.156 -32.8835
72.7777 346.786 -56.9896
102.885 352.534 -56.9899
100.744 368.189 -32.8821
73.1828 344.636 -59.2231
78.784 321.394 -75.3352
106.545 326.701 -75.3353
103.29 350.384 -59.2234
79.3208 318.558 -76.5476
85.992 291.009 -82.0727
110.965 295.787 -82.0673
107.082 323.865 -76.5478
86.5804 287.921 -82.0737
93.304 260.368 -76.2756
115.476 264.612 -76.2647
111.553 292.699 -82.0684
93.8563 257.496 -75.0758
99.6408 234.043 -59.0469
119.416 237.821 -59.0389
116.029 261.741 -75.065
100.073 231.815 -56.8312
104.033 215.865 -32.9507
122.172 219.31 -32.9457
119.848 235.594 -56.8232
104.272 214.634 -30.0347
105.684 208.896 -1.65603
123.233 212.221 -1.65143
122.411 218.079 -30.0297
125.226 212.498 1.52232
124.371 218.363 29.9005
142.728 219.978 29.9029
142.984 214.049 1.52729
124.256 219.614 32.816
121.923 235.916 56.6892
141.946 237.69 56.6862
142.613 221.229 32.8184
121.718 238.179 58.9033
118.338 262.111 74.9123
140.799 264.103 74.9091
141.741 239.953 58.9004
118.079 265.024 76.1103
114.165 293.116 81.8955
139.473 295.357 81.8979
140.539 267.016 76.1071
113.89 296.248 81.893
110.019 324.324 76.3561
138.164 326.81 76.3637
139.199 298.489 81.8955
109.77 327.199 75.1422
106.529 350.874 59.0163
137.062 353.563 59.0243
137.915 329.684 75.1498
106.342 353.052 56.7816
104.207 368.691 32.6699
136.316 371.512 32.6729
136.875 355.741 56.7895
104.107 369.856 29.768
103.36 375.288 1.45868
136.018 378.156 1.46112
136.216 372.678 29.771
103.36 375.288 -1.6726
104.101 369.837 -29.9804
136.21 372.661 -29.9773
136.018 378.155 -1.67017
104.201 368.67 -32.8818
106.342 353.014 -56.9896
136.875 355.708 -56.9878
136.31 371.493 -32.8788
106.531 350.835 -59.2233
109.785 327.152 -75.3352
137.93 329.641 -75.3332
137.063 353.528 -59.2214
110.035 324.277 -76.5474
113.919 296.2 -82.067
139.227 298.442 -82.0609
138.181 326.766 -76.5454
114.194 293.068 -82.0675
118.117 264.981 -76.2639
140.578 266.973 -76.2538
139.503 295.31 -82.0614
118.377 262.069 -75.064
121.764 238.149 -59.0379
141.788 239.921 -59.0305
140.838 264.061 -75.054
121.969 235.888 -56.8225
124.293 219.605 -32.9451
142.65 221.214 -32.9397
141.992 237.66 -56.8151
124.406 218.355 -30.0291
125.228 212.497 -1.65089
142.985 214.049 -1.64593
142.763 219.964 -30.0238
144.993 214.124 1.52772
144.738 220.053 29.9033
163.141 219.82 29.9061
162.793 213.89 1.53295
144.75 221.31 32.8184
144.083 237.771 56.6862
164.161 237.525 56.6833
163.154 221.077 32.8212
144.108 240.043 58.9
143.165 264.193 74.9087
165.695 263.915 74.9033
164.187 239.797 58.8971
143.202 267.117 76.1069
142.136 295.458 81.8977
167.528 295.137 81.8952
165.731 266.839 76.1014
142.178 298.601 81.8957
141.143 326.922 76.3639
169.389 326.557 76.3663
167.571 298.28 81.8932
141.184 329.807 75.1504
140.33 353.686 59.0249
170.979 353.281 59.0304
169.43 329.442 75.1527
140.363 355.871 56.79
139.804 371.642 32.6734
172.039 371.213 32.677
171.011 355.467 56.7956
139.821 372.812 29.7713
139.623 378.29 1.46146
172.41 377.851 1.4651
172.056 372.382 29.7749
139.623 378.289 -1.66976
139.816 372.795 -29.9769
172.051 372.367 -29.9722
172.41 377.85 -1.66611
139.798 371.624 -32.8783
140.363 355.838 -56.9873
171.012 355.437 -56.9811
172.033 371.196 -32.8736
140.332 353.651 -59.2209
141.199 329.764 -75.3327
169.445 329.401 -75.3236
170.981 353.251 -59.2146
141.159 326.879 -76.5446
142.206 298.555 -82.06
167.599 298.235 -82.0471
169.406 326.516 -76.5355
142.165 295.411 -82.0603
143.241 267.075 -76.2526
165.77 266.797 -76.2388
167.559 295.092 -82.0473
143.205 264.151 -75.0529
144.155 240.011 -59.0295
164.233 239.762 -59.0206
165.735 263.873 -75.039
144.129 237.74 -56.8144
144.787 221.295 -32.939
163.19 221.056 -32.9332
164.208 237.491 -56.8056
144.772 220.039 -30.0232
144.994 214.123 -1.64534
162.795 213.89 -1.64012
163.176 219.8 -30.0174
164.798 213.764 1.53344
165.146 219.693 29.9066
183.425 217.616 29.9103
182.477 211.748 1.53921
165.286 220.943 32.8213
166.294 237.391 56.6833
186.238 235.127 56.6808
183.564 218.866 32.8249
166.549 239.648 58.8966
168.057 263.767 74.9028
190.438 261.221 74.8955
186.494 237.385 58.894
168.389 266.672 76.1008
170.186 294.97 81.8946
195.414 292.088 81.8874
190.769 264.126 76.0935
170.545 298.092 81.8929
172.363 326.368 76.366
200.428 323.151 76.3636
195.773 295.21 81.8858
172.694 329.234 75.1529
174.243 353.073 59.0306
204.697 349.573 59.0345
200.759 326.016 75.1505
174.495 355.244 56.7961
175.523 370.99 32.6775
207.554 367.307 32.6816
204.949 351.743 56.8
175.657 372.152 29.7754
176.011 377.621 1.46554
208.591 373.874 1.4699
207.689 368.468 29.7795
176.011 377.62 -1.66559
175.652 372.137 -29.9717
207.683 368.455 -29.9658
208.591 373.873 -1.66123
175.517 370.974 -32.8728
174.495 355.215 -56.9803
204.949 351.719 -56.9701
207.549 367.292 -32.867
174.245 353.043 -59.2134
172.71 329.194 -75.3224
200.775 325.979 -75.3066
204.699 349.547 -59.2033
172.38 326.328 -76.5339
170.574 298.047 -82.0455
195.802 295.166 -82.0264
200.446 323.112 -76.5181
170.216 294.925 -82.0456
168.428 266.629 -76.237
190.808 264.083 -76.2201
195.445 292.044 -82.0265
168.097 263.725 -75.0377
166.596 239.613 -59.0193
186.54 237.347 -59.01
190.478 261.178 -75.0207
166.34 237.357 -56.8048
165.322 220.921 -32.9323
183.601 218.837 -32.9264
186.284 235.09 -56.7955
165.18 219.673 -30.0168
164.8 213.763 -1.6395
182.478 211.747 -1.63373
183.458 217.589 -30.0108
184.458 211.421 1.53982
185.406 217.289 29.9109
203.388 213.383 29.916
201.848 207.64 1.54637
185.672 218.518 32.8252
188.346 234.78 56.681
207.966 230.515 56.6815
203.654 214.613 32.8303
188.829 236.999 58.8937
192.773 260.835 74.8951
214.79 256.04 74.8912
208.45 232.735 58.8942
193.397 263.69 76.0929
198.042 291.652 81.8867
222.857 286.235 81.8814
215.413 258.896 76.0889
198.713 294.721 81.8853
203.369 322.662 76.3631
230.971 316.624 76.3611
223.528 289.304 81.88
203.986 325.479 75.1507
207.924 349.036 59.0347
237.873 342.476 59.0391
231.588 319.44 75.1486
208.393 351.17 56.8004
210.998 366.733 32.6821
242.498 359.833 32.687
238.342 344.609 56.8048
211.249 367.875 29.78
212.151 373.281 1.47041
244.189 366.264 1.47519
242.748 360.976 29.7849
212.151 373.281 -1.66065
211.243 367.862 -29.9653
242.742 360.964 -29.9591
244.189 366.264 -1.65587
210.992 366.719 -32.8661
208.393 351.145 -56.9692
238.343 344.589 -56.9581
242.492 359.821 -32.8599
207.926 349.01 -59.2018
204.002 325.442 -75.3051
231.605 319.406 -75.2884
237.875 342.454 -59.1907
203.386 322.624 -76.5162
198.743 294.678 -82.0245
223.557 289.263 -82.0062
230.989 316.589 -76.4995
198.072 291.609 -82.0246
193.436 263.648 -76.2182
215.452 258.853 -76.2039
222.887 286.194 -82.0063
192.813 260.792 -75.0194
188.875 236.961 -59.0087
208.496 232.694 -59.0019
214.83 255.998 -75.0051
188.392 234.742 -56.7948
185.708 218.489 -32.9256
203.689 214.577 -32.9199
208.012 230.475 -56.7879
185.44 217.262 -30.0101
184.46 211.419 -1.63308
201.85 207.639 -1.62653
203.42 213.35 -30.0044
203.788 207.115 1.54709
205.327 212.858 29.9167
222.84 207.158 29.9232
220.724 201.603 1.55422
205.717 214.054 32.8307
210.03 229.957 56.682
229.137 223.729 56.6861
223.23 208.354 32.8372
210.736 232.115 58.8942
217.076 255.421 74.8912
238.511 248.421 74.892
229.843 225.887 58.8983
217.985 258.197 76.0886
225.428 285.536 81.8811
249.583 277.636 81.8791
239.42 251.198 76.0894
226.405 288.521 81.8797
233.848 315.841 76.3608
260.709 307.043 76.3601
250.56 280.621 81.8777
234.745 318.58 75.1488
241.03 341.615 59.0393
270.169 332.064 59.0442
261.606 309.782 75.1481
241.71 343.691 56.8054
245.866 358.915 32.6875
276.511 348.872 32.693
270.849 334.14 56.8103
246.23 360.026 29.7855
247.671 365.315 1.47576
278.839 355.103 1.4809
276.875 349.984 29.7909
247.671 365.315 -1.65527
246.224 360.015 -29.9585
276.869 349.974 -29.9522
278.839 355.102 -1.65014
245.86 358.903 -32.859
241.712 343.671 -56.9572
270.852 334.125 -56.9458
276.505 348.862 -32.8527
241.032 341.594 -59.1892
234.762 318.546 -75.2869
261.623 309.752 -75.2708
270.172 332.048 -59.1778
233.866 315.806 -76.4976
226.434 288.48 -82.0043
250.589 280.582 -81.9887
260.727 307.012 -76.4815
225.459 285.495 -82.0046
218.024 258.155 -76.2022
239.459 251.156 -76.1918
249.613 277.597 -81.9889
217.115 255.378 -75.0041
210.782 232.074 -59.0009
229.888 225.844 -58.9969
238.551 248.379 -74.9937
210.075 229.916 -56.7873
205.752 214.018 -32.9194
223.261 208.312 -32.914
229.181 223.686 -56.7834
205.36 212.824 -30.0038
203.789 207.114 -1.62585
220.726 201.601 -1.61873
222.869 207.119 -29.9984
222.603 200.885 1.55501
224.719 206.44 29.924
241.595 198.997 29.9314
238.925 193.691 1.56241
225.228 207.589 32.8379
231.136 222.964 56.6868
249.542 214.83 56.6945
242.104 200.146 32.8453
232.057 225.039 58.8988
240.725 247.573 74.8925
261.368 238.436 74.8982
250.463 216.905 58.9065
241.91 250.242 76.0896
252.072 276.681 81.8793
275.324 266.377 81.8809
262.553 241.106 76.0953
253.344 279.551 81.8777
263.494 305.973 76.3601
289.342 294.508 76.3607
276.596 269.246 81.8793
264.661 308.608 75.1484
273.223 330.889 59.0445
301.256 318.449 59.0497
290.509 297.142 75.149
274.108 332.886 56.811
279.77 347.619 32.6936
309.248 334.541 32.6995
302.14 320.447 56.8162
280.244 348.688 29.7915
282.208 353.808 1.48153
312.188 340.51 1.487
309.721 335.611 29.7974
282.208 353.807 -1.64951
280.238 348.679 -29.9516
309.716 335.604 -29.9451
312.188 340.51 -1.64403
279.764 347.609 -32.8518
274.111 332.872 -56.9449
302.145 320.436 -56.9334
309.243 334.533 -32.8453
273.227 330.873 -59.1764
264.678 308.578 -75.2694
290.527 297.116 -75.2541
301.262 318.438 -59.1649
263.512 305.942 -76.4799
253.374 279.512 -81.987
276.626 269.211 -81.9744
289.361 294.48 -76.4647
252.103 276.642 -81.9877
241.949 250.201 -76.1905
262.591 241.065 -76.1845
275.355 266.34 -81.9751
240.765 247.531 -74.993
232.102 224.996 -58.9963
250.506 216.861 -58.9952
261.407 238.395 -74.987
231.18 222.921 -56.7829
225.26 207.547 -32.9136
242.131 200.1 -32.9087
249.584 214.786 -56.7819
224.748 206.4 -29.9977
222.605 200.883 -1.61802
238.927 193.688 -1.61062
241.62 198.952 -29.9928
240.726 192.786 1.56326
243.396 198.092 29.9323
259.473 188.975 29.9407
256.279 183.975 1.5707
244.019 199.183 32.8463
251.457 213.867 56.6955
268.983 203.904 56.7071
260.096 190.065 32.8547
252.583 215.836 58.9075
263.488 237.367 74.8992
283.133 226.182 74.9104
270.109 205.873 58.9192
264.936 239.903 76.0959
277.707 265.174 81.8815
299.825 252.569 81.8871
284.581 228.717 76.1071
279.261 267.9 81.8796
292.006 293.162 76.361
316.582 279.148 76.3631
301.378 255.296 81.8852
293.431 295.666 75.1495
304.178 316.973 59.0502
330.821 301.776 59.0558
318.007 281.652 75.1516
305.257 318.871 56.8169
312.364 332.966 32.7002
340.377 316.996 32.7066
331.901 303.675 56.8225
312.943 333.984 29.7981
315.409 338.883 1.48768
343.899 322.645 1.49343
340.956 318.013 29.8045
315.409 338.883 -1.64339
312.937 333.976 -29.9445
340.951 318.007 -29.938
343.899 322.645 -1.63764
312.359 332.959 -32.8444
305.262 318.861 -56.9325
331.909 303.668 -56.9211
340.374 316.99 -32.8379
304.184 316.961 -59.1635
293.449 295.64 -75.2528
318.026 281.629 -75.239
330.83 301.769 -59.1522
292.026 293.134 -76.4633
279.291 267.865 -81.973
301.408 255.263 -81.9642
316.603 279.124 -76.4495
277.738 265.137 -81.9742
264.974 239.863 -76.1837
284.618 228.679 -76.1827
299.856 252.536 -81.9654
263.527 237.327 -74.9868
252.626 215.792 -58.995
270.149 205.828 -58.9975
283.171 226.143 -74.9858
251.499 213.822 -56.7817
244.046 199.136 -32.9084
260.116 190.015 -32.9043
269.022 203.859 -56.7842
243.42 198.048 -29.9921
240.727 192.783 -1.60993
256.28 183.972 -1.60249
259.491 188.926 -29.988
257.984 182.892 1.57159
261.178 187.892 29.9415
276.303 177.183 29.9509
272.621 172.544 1.57887
261.909 188.912 32.8559
270.796 202.75 56.7083
287.271 191.052 56.7244
277.033 178.204 32.8652
272.115 204.594 58.9207
285.139 224.903 74.9119
303.593 211.777 74.9292
288.59 192.895 58.9367
286.834 227.279 76.1083
302.078 251.131 81.8882
322.843 236.353 81.8984
305.289 214.153 76.1256
303.896 253.688 81.8858
319.1 277.54 76.3638
342.16 261.122 76.3677
324.661 238.91 81.896
320.766 279.889 75.1522
333.581 300.013 59.0564
358.571 282.221 59.0623
343.826 263.471 75.1562
334.844 301.795 56.8233
343.32 315.116 32.7074
369.59 296.424 32.7142
359.834 284.004 56.8292
343.997 316.071 29.8052
346.941 320.703 1.49415
373.656 301.7 1.50004
370.267 297.379 29.812
346.941 320.703 -1.637
343.993 316.066 -29.9374
370.264 297.375 -29.9311
373.656 301.7 -1.63112
343.317 315.11 -32.837
334.852 301.789 -56.9203
359.845 284 -56.9094
369.588 296.419 -32.8308
333.59 300.006 -59.151
320.786 279.866 -75.2377
343.848 263.452 -75.2259
358.584 282.217 -59.1401
319.121 277.516 -76.4484
303.926 253.655 -81.9631
324.691 238.88 -81.9589
342.182 261.102 -76.4366
302.109 251.098 -81.9651
286.871 227.24 -76.1824
305.325 214.117 -76.1876
322.873 236.322 -81.9609
285.176 224.864 -74.9861
272.154 204.549 -58.9978
288.626 192.851 -59.0045
303.63 211.74 -74.9913
270.834 202.705 -56.7842
261.928 188.861 -32.9043
277.046 178.151 -32.9013
287.306 191.007 -56.7908
261.196 187.843 -29.9874
257.985 182.889 -1.60185
272.622 172.541 -1.59456
276.314 177.133 -29.9844
274.215 171.292 1.5798
277.897 175.932 29.9518
291.927 163.731 29.9622
287.8 159.503 1.58678
278.726 176.871 32.8667
288.964 189.719 56.7259
304.231 176.394 56.7469
292.756 164.67 32.8771
290.462 191.418 58.9388
305.465 210.301 74.9313
322.552 195.362 74.9557
305.73 178.094 58.9598
307.389 212.494 76.1274
324.943 234.693 81.9002
344.154 217.89 81.9156
324.476 197.555 76.1518
327.007 237.056 81.897
344.506 259.268 76.3688
365.825 240.617 76.3748
346.217 220.252 81.9124
346.397 261.44 75.157
361.141 280.19 59.063
384.233 259.992 59.0692
367.716 242.789 75.163
362.574 281.839 56.83
372.33 294.259 32.715
396.6 273.046 32.7221
385.666 261.641 56.8362
373.098 295.144 29.8127
376.488 299.464 1.50079
401.168 277.901 1.50663
397.368 273.931 29.8198
376.488 299.464 -1.6305
373.095 295.139 -29.9305
397.366 273.928 -29.9247
401.168 277.901 -1.62466
372.328 294.255 -32.83
362.586 281.836 -56.9086
385.682 261.64 -56.8987
396.599 273.043 -32.8241
361.154 280.186 -59.1391
346.418 261.421 -75.2249
367.739 242.773 -75.2157
384.25 259.991 -59.1291
344.528 259.248 -76.436
327.037 237.026 -81.9583
346.248 220.225 -81.9598
365.849 240.6 -76.4268
324.974 234.663 -81.9613
307.425 212.457 -76.1879
324.511 197.521 -76.2004
344.185 217.862 -81.9628
305.501 210.264 -74.9922
290.498 191.374 -59.0054
305.762 178.051 -59.017
322.586 195.327 -75.0047
288.998 189.674 -56.7911
278.738 176.819 -32.9016
292.761 164.617 -32.9
304.262 176.351 -56.8027
277.908 175.882 -29.9838
274.215 171.29 -1.594
287.8 159.5 -1.58702
291.931 163.68 -29.9822
289.267 158.094 1.58774
293.395 162.322 29.9632
306.2 148.739 29.9747
301.675 144.968 1.59431
294.313 163.17 32.879
305.789 174.895 56.7487
319.705 160.067 56.7752
307.119 149.587 32.8905
307.449 176.433 58.9626
324.271 193.701 74.9584
339.828 177.09 74.9906
321.365 161.605 58.989
326.405 195.69 76.1543
346.083 216.025 81.9181
363.557 197.361 81.9393
341.962 179.079 76.1865
348.369 218.171 81.9139
367.977 238.536 76.3763
387.353 217.843 76.3844
365.844 199.507 81.935
370.072 240.511 75.1639
386.59 257.714 59.0701
407.565 235.322 59.0764
389.448 219.818 75.172
388.178 259.215 56.8371
399.111 270.62 32.723
421.15 247.114 32.7302
409.153 236.822 56.8434
399.962 271.426 29.8206
403.763 275.396 1.5074
426.174 251.505 1.51298
422.001 247.92 29.8278
403.763 275.396 -1.6241
399.961 271.423 -29.9241
422.001 247.917 -29.919
426.174 251.505 -1.61852
399.11 270.617 -32.8235
388.193 259.214 -56.898
409.172 236.824 -56.8892
421.151 247.112 -32.8184
386.606 257.713 -59.1283
370.096 240.495 -75.2149
389.473 219.804 -75.2088
407.585 235.322 -59.1196
368.001 238.519 -76.4267
348.4 218.144 -81.9597
365.874 199.483 -81.9679
387.379 217.828 -76.4206
346.113 215.997 -81.9639
326.439 195.656 -76.2015
341.995 179.049 -76.2223
363.588 197.336 -81.972
324.306 193.667 -75.0063
307.481 176.39 -59.0186
321.393 161.565 -59.0359
339.861 177.059 -75.0271
305.819 174.851 -56.8034
294.318 163.118 -32.9007
307.116 149.537 -32.9008
319.731 160.026 -56.8207
293.398 162.272 -29.9818
289.267 158.091 -1.58657
301.675 144.965 -1.58
306.196 148.69 -29.9819
303.003 143.415 1.59531
307.528 147.186 29.9757
318.994 132.34 29.9883
314.123 129.067 1.60139
308.526 147.934 32.8928
321.112 158.414 56.7774
333.55 142.216 56.8093
319.992 133.088 32.9054
322.917 159.775 58.9925
341.38 175.261 74.9941
355.265 157.133 75.0341
335.355 143.577 59.0245
343.7 177.028 76.1897
365.295 195.309 81.9425
380.873 174.965 81.969
357.585 158.899 76.2297
367.782 197.219 81.9369
389.291 215.555 76.3863
406.546 193.028 76.3957
383.359 176.876 81.9634
391.568 217.316 75.173
409.685 232.821 59.0774
428.351 208.468 59.0832
408.823 194.789 75.1825
411.411 234.16 56.8443
423.408 244.452 32.7311
443.016 218.903 32.7381
430.077 209.808 56.8501
424.334 245.172 29.8285
428.507 248.757 1.51375
448.446 222.794 1.51881
443.942 219.623 29.8356
428.507 248.757 -1.61805
424.335 245.17 -29.9186
443.944 219.621 -29.9145
448.446 222.794 -1.61299
423.41 244.45 -32.8179
411.431 234.162 -56.8887
430.1 209.811 -56.8811
443.019 218.901 -32.8138
409.705 232.821 -59.1191
391.594 217.303 -75.2083
408.85 194.778 -75.2052
428.375 208.471 -59.1115
389.317 215.541 -76.421
367.812 197.196 -81.9683
383.39 176.856 -81.983
406.574 193.016 -76.4179
365.326 195.285 -81.9739
343.733 176.997 -76.2242
357.617 158.873 -76.2535
380.904 174.944 -81.9887
341.413 175.23 -75.0295
322.945 159.736 -59.0382
335.379 143.542 -59.0612
355.296 157.105 -75.0588
321.138 158.373 -56.8218
308.523 147.884 -32.9019
319.982 133.042 -32.9037
333.572 142.179 -56.8448
307.524 147.138 -29.9815
303.003 143.412 -1.57967
314.123 129.065 -1.57359
318.983 132.296 -29.9833
315.3 127.383 1.60241
320.17 130.656 29.9894
330.195 114.676 30.0019
325.036 111.938 1.60798
321.236 131.297 32.9079
334.794 140.425 56.8119
345.644 122.998 56.8471
331.261 115.317 32.9204
336.725 141.596 59.0286
356.635 155.151 75.0382
368.724 135.668 75.0827
347.574 124.17 59.0638
359.117 156.679 76.2334
382.405 172.745 81.9727
395.949 150.913 82.0009
371.206 137.196 76.278
385.065 174.404 81.9654
408.252 190.557 76.3978
423.236 166.419 76.4054
398.609 152.573 81.9936
410.689 192.09 75.1835
430.216 205.77 59.0842
446.412 179.709 59.0877
425.672 167.953 75.1911
432.063 206.938 56.8509
445.002 216.033 32.739
462.013 188.711 32.7451
448.259 180.878 56.8545
445.994 216.662 29.8363
450.498 219.833 1.51952
467.796 192.075 1.52376
463.004 189.34 29.8424
450.498 219.833 -1.61262
445.996 216.66 -29.9141
463.008 189.338 -29.9109
467.796 192.075 -1.60837
445.005 216.031 -32.8134
432.086 206.941 -56.8808
448.287 180.881 -56.8732
462.018 188.709 -32.8102
430.24 205.772 -59.1111
410.716 192.08 -75.2049
425.701 167.945 -75.2021
446.44 179.712 -59.1036
408.28 190.545 -76.4187
385.096 174.385 -81.9839
398.64 152.557 -82.002
423.265 166.411 -76.416
382.436 172.725 -81.9913
359.149 156.653 -76.2561
371.238 137.174 -76.2911
395.981 150.897 -82.0094
356.666 155.124 -75.0618
336.749 141.56 -59.0643
347.596 124.139 -59.0907
368.755 135.645 -75.0968
334.816 140.388 -56.8462
321.226 131.251 -32.9051
331.246 115.278 -32.9073
345.663 122.967 -56.8726
320.159 130.612 -29.983
315.299 127.381 -1.57336
325.035 111.936 -1.56778
330.178 114.639 -29.9852
326.051 110.138 1.60886
331.21 112.875 30.0027
339.713 95.895 30.0098
334.325 93.7252 1.61392
332.333 113.402 32.9227
346.715 121.083 56.8494
355.888 102.574 56.8773
340.836 96.4214 32.9297
348.751 122.053 59.0676
369.9 133.552 75.0865
380.094 112.882 75.1219
357.923 103.545 59.0956
372.519 134.829 76.2813
397.262 148.546 82.0042
408.658 125.427 82.0201
382.713 114.159 76.3167
400.069 149.942 81.995
424.696 163.788 76.4069
437.284 138.276 76.4021
411.465 126.822 82.0109
427.266 165.083 75.1915
448.006 176.84 59.0881
461.603 149.336 59.0831
439.854 139.571 75.1868
449.956 177.83 56.855
463.71 185.663 32.7456
477.991 156.852 32.7481
463.553 150.326 56.85
464.758 186.197 29.8429
469.549 188.931 1.52432
484.075 159.668 1.52741
479.039 157.386 29.8455
469.549 188.931 -1.60808
464.761 186.195 -29.9106
479.045 157.384 -29.9063
484.075 159.668 -1.60498
463.715 185.661 -32.8097
449.984 177.833 -56.8727
463.586 150.329 -56.8597
477.999 156.85 -32.8055
448.035 176.843 -59.1029
427.296 165.076 -75.2015
439.887 139.566 -75.1892
461.637 149.339 -59.0899
424.725 163.78 -76.4165
400.101 149.926 -82.0024
411.498 126.811 -82.0107
437.317 138.27 -76.4042
397.294 148.53 -82.0118
372.551 134.807 -76.2934
382.745 114.143 -76.3204
408.692 125.415 -82.02
369.931 133.53 -75.0996
348.772 122.024 -59.0935
357.944 103.522 -59.1128
380.125 112.866 -75.1266
346.735 121.053 -56.8739
332.317 113.363 -32.9085
340.818 96.3921 -32.9057
355.906 102.551 -56.8932
331.193 112.838 -29.9849
326.05 110.136 -1.56748
334.324 93.7234 -1.56242
339.694 95.867 -29.982
335.172 91.823 1.61388
340.56 93.9928 30.0098
347.497 76.151 29.9904
341.944 74.5761 1.61836
341.727 94.3988 32.9297
356.778 100.552 56.8773
364.217 81.1135 56.8582
348.664 76.5569 32.9103
358.897 101.311 59.0959
381.067 110.649 75.1223
389.291 88.9688 75.0974
366.335 81.873 59.0769
383.796 111.665 76.3159
409.742 122.932 82.0194
418.899 98.7325 81.9732
392.02 89.9846 76.291
412.667 124.056 82.0086
438.485 135.509 76.3997
448.575 108.863 76.3438
421.824 99.8561 81.9623
441.165 136.559 75.1843
462.914 146.324 59.0806
473.804 117.646 59.0424
451.255 109.913 75.1284
464.948 147.13 56.8488
479.386 153.656 32.747
490.83 123.645 32.7342
475.839 118.453 56.8107
480.481 154.092 29.8454
485.516 156.375 1.52739
497.161 125.901 1.52906
491.924 124.081 29.8326
485.517 156.375 -1.60441
480.487 154.091 -29.9058
491.933 124.079 -29.8894
497.161 125.901 -1.60274
479.394 153.655 -32.8037
464.981 147.134 -56.8579
475.877 118.456 -56.8158
490.841 123.643 -32.7874
462.948 146.328 -59.0867
441.198 136.554 -75.1861
451.292 109.911 -75.1262
473.843 117.649 -59.0446
438.518 135.504 -76.4012
412.7 124.045 -82.0077
421.86 99.8495 -81.9565
448.612 108.86 -76.3412
409.775 122.921 -82.0185
383.828 111.65 -76.3189
392.054 89.9757 -76.2871
418.935 98.7256 -81.9673
381.099 110.633 -75.1261
358.918 101.29 -59.1123
366.359 81.8614 -59.0842
389.325 88.9596 -75.0943
356.797 100.53 -56.892
341.709 94.3705 -32.9045
348.647 76.5409 -32.8754
364.238 81.1013 -56.864
340.541 93.9654 -29.9809
335.171 91.8218 -1.56127
341.943 74.5749 -1.55679
347.479 76.1358 -29.9517
342.624 72.5886 1.61456
348.177 74.1635 29.9866
353.609 55.6115 29.8639
347.968 54.6485 1.61787
349.373 74.4446 32.8998
364.926 79.0012 56.8477
370.659 58.8104 56.6373
354.805 55.8926 32.7771
367.103 79.5433 59.0619
390.059 86.6391 75.0824
396.288 64.1534 74.8099
372.836 59.3525 58.8515
392.865 87.3868 76.273
419.745 96.1348 81.9551
426.582 71.0846 81.6558
399.095 64.9012 76.0005
422.756 96.9806 81.9439
449.507 105.987 76.3254
456.971 78.4576 76.058
429.593 71.9304 81.6446
452.268 106.788 75.1136
474.817 114.522 59.0277
482.843 84.9356 58.8421
459.732 79.2586 74.8461
476.916 115.141 56.8021
491.907 120.334 32.7256
500.336 89.396 32.6383
484.942 85.5552 56.6165
493.038 120.67 29.83
498.274 122.49 1.5265
506.855 91.0846 1.52703
501.467 89.7326 29.7428
498.275 122.49 -1.59997
493.047 120.668 -29.8867
501.483 89.7305 -29.7999
506.855 91.0845 -1.59944
491.919 120.332 -32.7787
476.955 115.144 -56.8071
484.988 85.5568 -56.6235
500.354 89.3941 -32.6919
474.857 114.525 -59.0297
452.305 106.786 -75.1112
459.774 79.2575 -74.8436
482.89 84.9373 -58.8462
449.544 105.985 -76.3226
422.792 96.9744 -81.9378
429.632 71.9282 -81.6365
457.013 78.4562 -76.0549
419.781 96.1284 -81.9488
392.9 87.3786 -76.2685
399.133 64.9 -75.9912
426.621 71.0822 -81.6475
390.093 86.6308 -75.0785
367.127 79.5326 -59.0684
372.866 59.3542 -58.8481
396.325 64.1522 -74.8011
364.948 78.9904 -56.8524
349.357 74.4301 -32.8638
354.796 55.8943 -32.7315
370.687 58.812 -56.632
348.159 74.1492 -29.9469
342.623 72.5883 -1.55197
347.967 54.6482 -1.54866
353.599 55.6134 -29.8147
348.513 52.5951 1.60013
354.154 53.5581 29.8462
358.578 34.4862 29.3583
352.965 34.0999 1.60017
355.359 53.7157 32.7274
371.213 56.6334 56.5876
375.612 35.9909 55.6797
359.783 34.6438 32.2395
373.411 56.9582 58.7783
396.863 61.7591 74.7367
401.266 38.845 73.5222
377.81 36.3156 57.8704
399.702 62.2361 75.914
427.189 68.4195 81.5693
431.619 42.8982 80.239
404.105 39.3219 74.6994
430.237 68.9825 81.5585
457.616 75.5097 75.9719
462.106 47.4344 74.7544
434.667 43.4612 80.2283
460.414 76.056 74.7746
483.525 81.733 58.7706
488.099 51.5244 57.8495
464.904 47.9806 73.5572
485.655 82.1615 56.5702
501.049 86.0023 32.592
505.695 54.3873 32.1048
490.229 51.9529 55.6492
502.198 86.2368 29.7271
507.586 87.5888 1.51134
512.272 55.4884 1.51335
506.844 54.6218 29.2398
507.587 87.5887 -1.58367
502.214 86.2348 -29.7841
506.876 54.6216 -29.2996
512.273 55.4883 -1.58166
501.068 86.0002 -32.6461
485.701 82.1629 -56.5778
490.283 51.952 -55.669
505.73 54.387 -32.1616
483.572 81.7345 -58.7751
460.456 76.0548 -74.7726
464.948 47.9781 -73.558
488.154 51.5236 -57.8664
457.658 75.5085 -75.9689
430.277 68.9804 -81.5504
434.707 43.4616 -80.2206
462.149 47.4318 -74.7542
427.229 68.4177 -81.5607
399.74 62.2355 -75.9044
404.144 39.3284 -74.6877
431.659 42.8988 -80.2309
396.901 61.759 -74.7271
373.441 56.9609 -58.7741
377.849 36.33 -57.8536
401.305 38.8519 -73.5104
371.241 56.6367 -56.5814
355.351 53.7191 -32.6809
359.792 34.6653 -32.1865
375.649 36.0058 -55.6609
354.144 53.561 -29.7963
348.512 52.5957 -1.53029
352.965 34.1006 -1.53025
358.585 34.5072 -29.3019
353.514 32.0626 1.5397
359.127 32.4489 29.2978
364.528 14.4722 28.021
359.216 13.9621 1.53538
360.286 32.5556 32.0761
376.115 33.9027 55.5163
380.722 16.1906 53.1855
365.687 14.5789 30.7993
378.246 34.1286 57.6424
401.702 36.6579 73.2941
405.213 19.0728 70.2551
382.853 16.4165 55.3116
404.473 36.9966 74.4474
431.987 40.5729 79.987
434.267 22.8327 76.693
407.984 19.4114 71.4084
434.977 40.9791 79.9903
462.416 44.9522 74.5164
463.511 26.879 71.4829
437.257 23.239 76.6962
465.169 45.3517 73.3659
488.364 48.8955 57.6582
488.5 30.4981 55.3634
466.265 27.2785 70.3324
490.468 49.2122 55.527
505.934 51.6466 31.9826
505.462 33.0173 30.7589
490.604 30.8148 53.2322
507.071 51.8207 29.1979
512.5 52.6873 1.47144
511.818 33.9544 1.47562
506.599 33.1914 27.9742
512.501 52.6864 -1.53973
507.104 51.8196 -29.2577
506.623 33.1578 -28.0236
511.819 33.9535 -1.53554
505.969 51.6448 -32.0392
490.523 49.2098 -55.5466
490.65 30.7862 -53.244
505.488 32.983 -30.8051
488.42 48.8938 -57.6751
465.213 45.3483 -73.3666
466.303 27.2717 -70.3334
488.548 30.4702 -55.3725
462.458 44.9497 -74.5163
435.016 40.9795 -79.9827
437.29 23.2411 -76.6906
463.548 26.8731 -71.483
432.026 40.574 -79.979
404.512 37.0036 -74.4358
408.017 19.4247 -71.3996
434.3 22.8357 -76.6869
401.74 36.6664 -73.2823
378.285 34.1444 -57.6256
382.883 16.4593 -55.3016
405.245 19.0875 -70.2461
376.153 33.9198 -55.4972
360.295 32.5793 -32.0228
365.69 14.6291 -30.7544
380.75 16.2347 -53.1733
359.135 32.4711 -29.2415
353.514 32.0644 -1.46984
359.216 13.9639 -1.47416
364.53 14.5209 -27.9731
359.886 11.9999 1.45456
365.198 12.51 27.9402
371.562 -4.81375 26.2853
366.626 -5.38305 1.43786
366.289 12.6325 30.5723
381.324 14.2442 52.9585
386.672 -2.95812 49.9641
372.653 -4.69124 28.9174
383.335 14.4848 54.9735
405.695 17.141 69.917
409.623 -0.0557671 66.0344
388.683 -2.71754 51.979
408.317 17.4738 71.009
434.6 20.8952 76.2936
436.906 3.50137 72.0678
412.245 0.277052 67.1264
437.433 21.273 76.2952
463.688 24.9131 71.0819
464.376 7.1716 67.1275
439.739 3.87917 72.0694
466.3 25.2754 69.9913
488.535 28.495 55.0224
487.842 10.4142 51.9588
466.988 7.53392 66.0369
490.531 28.7804 53.0047
505.389 30.9829 30.5314
503.756 12.654 28.8734
489.838 10.6996 49.941
506.468 31.1378 27.8953
511.687 31.9008 1.39663
509.722 13.462 1.41302
504.836 12.8088 26.2373
511.688 31.8981 -1.45437
506.492 31.1024 -27.9424
504.852 12.7458 -26.2591
509.723 13.4593 -1.43798
505.414 30.9454 -30.5762
490.576 28.7485 -53.0151
489.864 10.6469 -49.948
503.774 12.5887 -28.8929
488.58 28.4657 -55.0312
466.336 25.2673 -69.9921
467.007 7.52746 -66.0403
487.869 10.3642 -51.9641
463.723 24.9071 -71.0823
437.465 21.2751 -76.2899
439.754 3.8804 -72.0663
464.394 7.16727 -67.1305
434.632 20.8982 -76.2877
408.348 17.4872 -71.0004
412.26 0.286665 -67.1183
436.921 3.50347 -72.0641
405.726 17.1571 -69.9084
383.364 14.5289 -54.9639
388.691 -2.65705 -51.9728
409.638 -0.0434934 -66.0263
381.351 14.2911 -52.9476
366.291 12.6856 -30.5288
372.645 -4.61528 -28.8988
386.678 -2.89479 -49.9566
365.199 12.5602 -27.8944
359.886 12.0032 -1.39543
366.626 -5.37973 -1.41213
371.554 -4.74068 -26.2644
367.443 -7.1817 1.32526
372.379 -6.6124 26.1727
380.388 -21.7302 23.7662
375.965 -22.3518 1.31449
373.378 -6.48239 28.6024
387.398 -4.74928 49.649
393.986 -19.8411 45.2263
381.387 -21.6002 26.1959
389.246 -4.5076 51.5094
410.186 -1.84583 65.5647
414.717 -17.0691 59.7573
395.834 -19.5994 47.0866
412.6 -1.52929 66.5692
437.261 1.69503 71.5106
439.368 -13.8021 65.1537
417.131 -16.7526 60.7619
439.87 2.0403 71.507
464.507 5.33273 66.5651
464.161 -10.5251 60.6255
441.977 -13.4569 65.1501
466.913 5.65523 65.5552
487.766 8.5355 51.4771
485.33 -7.72729 46.8955
466.567 -10.2026 59.6156
489.603 8.78504 49.6174
503.521 10.7394 28.5498
499.681 -5.82831 26.0709
487.167 -7.47775 45.0358
504.513 10.8739 26.1252
509.4 11.527 1.30098
505.063 -5.11547 1.31156
500.673 -5.69389 23.6463
509.4 11.5252 -1.32194
504.529 10.8118 -26.143
500.673 -5.69579 -23.6462
505.063 -5.11721 -1.31136
503.537 10.6758 -28.5681
489.628 8.73405 -49.6233
487.167 -7.48139 -45.0364
499.681 -5.83173 -26.0712
487.79 8.48622 -51.4828
466.928 5.64952 -65.559
466.567 -10.2045 -59.616
485.33 -7.72922 -46.8959
464.523 5.32848 -66.5683
439.883 2.04161 -71.504
441.977 -13.4574 -65.1499
464.162 -10.5256 -60.6253
437.274 1.6967 -71.5073
412.613 -1.5201 -66.5615
417.132 -16.7526 -60.7614
439.369 -13.8023 -65.1532
410.198 -1.83512 -65.5565
389.251 -4.44869 -51.503
395.834 -19.5977 -47.0858
414.717 -17.0676 -59.7564
387.402 -4.68842 -49.6426
373.369 -6.40891 -28.5849
381.387 -21.5965 -26.1951
393.986 -19.8374 -45.2254
372.37 -6.5406 -26.1559
367.443 -7.17966 -1.30363
375.965 -22.3497 -1.31439
380.388 -21.7282 -23.7661
-82.7576 44.0765 25.612
-78.1874 41.9017 0.00950273
-82.7795 43.9562 -25.6065
-95.8626 50.086 -47.4322
-115.457 59.5729 -62.0897
-138.522 71.0669 -67.2444
-161.46 82.7936 -62.074
-180.74 92.8767 -47.4214
-193.514 99.6546 -25.6225
-197.999 102.021 -0.0190216
-193.566 99.6229 25.5976
-180.785 92.8609 47.413
-161.47 82.8261 62.0678
-138.507 71.1399 67.2371
-115.428 59.6816 62.0801
-95.8284 50.231 47.4223
382.635 -22.3855 1.31945e-05
387.058 -21.764 22.4517
399.656 -20.0048 41.4821
418.539 -17.4746 54.1528
440.776 -14.5241 58.5446
462.96 -11.5923 54.02
481.723 -9.11705 41.3
494.237 -7.4676 22.335
498.627 -6.88918 0.000239176
494.237 -7.46776 -22.3346
481.723 -9.11742 -41.2997
462.96 -11.5927 -54.0199
440.776 -14.5245 -58.5445
418.539 -17.4748 -54.1527
399.656 -20.0049 -41.4821
387.058 -21.764 -22.4517
</DataArray>
</Points>
<Cells>
<DataArray type="Int32" Name="connectivity" format="ascii">
0 1 2 3 
4 5 6 7 
8 9 10 11 
12 13 14 15 
16 17 18 19 
20 21 22 23 
24 25 26 27 
28 29 30 31 
32 33 34 35 
36 37 38 39 
40 41 42 43 
44 45 46 47 
48 49 50 51 
52 53 54 55 
56 57 58 59 
60 61 62 63 
64 65 66 67 
68 69 70 71 
72 73 74 75 
76 77 78 79 
80 81 82 83 
84 85 86 87 
88 89 90 91 
92 93 94 95 
96 97 98 99 
100 101 102 103 
104 105 106 107 
108 109 110 111 
112 113 114 115 
116 117 118 119 
120 121 122 123 
124 125 126 127 
128 129 130 131 
132 133 134 135 
136 137 138 139 
140 141 142 143 
144 145 146 147 
148 149 150 151 
152 153 154 155 
156 157 158 159 
160 161 162 163 
164 165 166 167 
168 169 170 171 
172 173 174 175 
176 177 178 179 
180 181 182 183 
184 185 186 187 
188 189 190 191 
192 193 194 195 
196 197 198 199 
200 201 202 203 
204 205 206 207 
208 209 210 211 
212 213 214 215 
216 217 218 219 
220 221 222 223 
224 225 226 227 
228 229 230 231 
232 233 234 235 
236 237 238 239 
240 241 242 243 
244 245 246 247 
248 249 250 251 
252 253 254 255 
256 257 258 259 
260 261 262 263 
264 265 266 267 
268 269 270 271 
272 273 274 275 
276 277 278 279 
280 281 282 283 
284 285 286 287 
288 289 290 291 
292 293 294 295 
296 297 298 299 
300 301 302 303 
304 305 306 307 
308 309 310 311 
312 313 314 315 
316 317 318 319 
320 321 322 323 
324 325 326 327 
328 329 330 331 
332 333 334 335 
336 337 338 339 
340 341 342 343 
344 345 346 347 
348 349 350 351 
352 353 354 355 
356 357 358 359 
360 361 362 363 
364 365 366 367 
368 369 370 371 
372 373 374 375 
376 377 378 379 
380 381 382 383 
384 385 386 387 
388 389 390 391 
392 393 394 395 
396 397 398 399 
400 401 402 403 
404 405 406 407 
408 409 410 411 
412 413 414 415 
416 417 418 419 
420 421 422 423 
424 425 426 427 
428 429 430 431 
432 433 434 435 
436 437 438 439 
440 441 442 443 
444 445 446 447 
448 449 450 451 
452 453 454 455 
456 457 458 459 
460 461 462 463 
464 465 466 467 
468 469 470 471 
472 473 474 475 
476 477 478 479 
480 481 482 483 
484 485 486 487 
488 489 490 491 
492 493 494 495 
496 497 498 499 
500 501 502 503 
504 505 506 507 
508 509 510 511 
512 513 514 515 
516 517 518 519 
520 521 522 523 
524 525 526 527 
528 529 530 531 
532 533 534 535 
536 537 538 539 
540 541 542 543 
544 545 546 547 
548 549 550 551 
552 553 554 555 
556 557 558 559 
560 561 562 563 
564 565 566 567 
568 569 570 571 
572 573 574 575 
576 577 578 579 
580 581 582 583 
584 585 586 587 
588 589 590 591 
592 593 594 595 
596 597 598 599 
600 601 602 603 
604 605 606 607 
608 609 610 611 
612 613 614 615 
616 617 618 619 
620 621 622 623 
624 625 626 627 
628 629 630 631 
632 633 634 635 
636 637 638 639 
640 641 642 643 
644 645 646 647 
648 649 650 651 
652 653 654 655 
656 657 658 659 
660 661 662 663 
664 665 666 667 
668 669 670 671 
672 673 674 675 
676 677 678 679 
680 681 682 683 
684 685 686 687 
688 689 690 691 
692 693 694 695 
696 697 698 699 
700 701 702 703 
704 705 706 707 
708 709 710 711 
712 713 714 715 
716 717 718 719 
720 721 722 723 
724 725 726 727 
728 729 730 731 
732 733 734 735 
736 737 738 739 
740 741 742 743 
744 745 746 747 
748 749 750 751 
752 753 754 755 
756 757 758 759 
760 761 762 763 
764 765 766 767 
768 769 770 771 
772 773 774 775 
776 777 778 779 
780 781 782 783 
784 785 786 787 
788 789 790 791 
792 793 794 795 
796 797 798 799 
800 801 802 803 
804 805 806 807 
808 809 810 811 
812 813 814 815 
816 817 818 819 
820 821 822 823 
824 825 826 827 
828 829 830 831 
832 833 834 835 
836 837 838 839 
840 841 842 843 
844 845 846 847 
848 849 850 851 
852 853 854 855 
856 857 858 859 
860 861 862 863 
864 865 866 867 
868 869 870 871 
872 873 874 875 
876 877 878 879 
880 881 882 883 
884 885 886 887 
888 889 890 891 
892 893 894 895 
896 897 898 899 
900 901 902 903 
904 905 906 907 
908 909 910 911 
912 913 914 915 
916 917 918 919 
920 921 922 923 
924 925 926 927 
928 929 930 931 
932 933 934 935 
936 937 938 939 
940 941 942 943 
944 945 946 947 
948 949 950 951 
952 953 954 955 
956 957 958 959 
960 961 962 963 
964 965 966 967 
968 969 970 971 
972 973 974 975 
976 977 978 979 
980 981 982 983 
984 985 986 987 
988 989 990 991 
992 993 994 995 
996 997 998 999 
1000 1001 1002 1003 
1004 1005 1006 1007 
1008 1009 1010 1011 
1012 1013 1014 1015 
1016 1017 1018 1019 
1020 1021 1022 1023 
1024 1025 1026 1027 
1028 1029 1030 1031 
1032 1033 1034 1035 
1036 1037 1038 1039 
1040 1041 1042 1043 
1044 1045 1046 1047 
1048 1049 1050 1051 
1052 1053 1054 1055 
1056 1057 1058 1059 
1060 1061 1062 1063 
1064 1065 1066 1067 
1068 1069 1070 1071 
1072 1073 1074 1075 
1076 1077 1078 1079 
1080 1081 1082 1083 
1084 1085 1086 1087 
1088 1089 1090 1091 
1092 1093 1094 1095 
1096 1097 1098 1099 
1100 1101 1102 1103 
1104 1105 1106 1107 
1108 1109 1110 1111 
1112 1113 1114 1115 
1116 1117 1118 1119 
1120 1121 1122 1123 
1124 1125 1126 1127 
1128 1129 1130 1131 
1132 1133 1134 1135 
1136 1137 1138 1139 
1140 1141 1142 1143 
1144 1145 1146 1147 
1148 1149 1150 1151 
1152 1153 1154 1155 
1156 1157 1158 1159 
1160 1161 1162 1163 
1164 1165 1166 1167 
1168 1169 1170 1171 
1172 1173 1174 1175 
1176 1177 1178 1179 
1180 1181 1182 1183 
1184 1185 1186 1187 
1188 1189 1190 1191 
1192 1193 1194 1195 
1196 1197 1198 1199 
1200 1201 1202 1203 
1204 1205 1206 1207 
1208 1209 1210 1211 
1212 1213 1214 1215 
1216 1217 1218 1219 
1220 1221 1222 1223 
1224 1225 1226 1227 
1228 1229 1230 1231 
1232 1233 1234 1235 
1236 1237 1238 1239 
1240 1241 1242 1243 
1244 1245 1246 1247 
1248 1249 1250 1251 
1252 1253 1254 1255 
1256 1257 1258 1259 
1260 1261 1262 1263 
1264 1265 1266 1267 
1268 1269 1270 1271 
1272 1273 1274 1275 
1276 1277 1278 1279 
1280 1281 1282 1283 
1284 1285 1286 1287 
1288 1289 1290 1291 
1292 1293 1294 1295 
1296 1297 1298 1299 
1300 1301 1302 1303 
1304 1305 1306 1307 
1308 1309 1310 1311 
1312 1313 1314 1315 
1316 1317 1318 1319 
1320 1321 1322 1323 
1324 1325 1326 1327 
1328 1329 1330 1331 
1332 1333 1334 1335 
1336 1337 1338 1339 
1340 1341 1342 1343 
1344 1345 1346 1347 
1348 1349 1350 1351 
1352 1353 1354 1355 
1356 1357 1358 1359 
1360 1361 1362 1363 
1364 1365 1366 1367 
1368 1369 1370 1371 
1372 1373 1374 1375 
1376 1377 1378 1379 
1380 1381 1382 1383 
1384 1385 1386 1387 
1388 1389 1390 1391 
1392 1393 1394 1395 
1396 1397 1398 1399 
1400 1401 1402 1403 
1404 1405 1406 1407 
1408 1409 1410 1411 
1412 1413 1414 1415 
1416 1417 1418 1419 
1420 1421 1422 1423 
1424 1425 1426 1427 
1428 1429 1430 1431 
1432 1433 1434 1435 
1436 1437 1438 1439 
1440 1441 1442 1443 
1444 1445 1446 1447 
1448 1449 1450 1451 
1452 1453 1454 1455 
1456 1457 1458 1459 
1460 1461 1462 1463 
1464 1465 1466 1467 
1468 1469 1470 1471 
1472 1473 1474 1475 
1476 1477 1478 1479 
1480 1481 1482 1483 
1484 1485 1486 1487 
1488 1489 1490 1491 
1492 1493 1494 1495 
1496 1497 1498 1499 
1500 1501 1502 1503 
1504 1505 1506 1507 
1508 1509 1510 1511 
1512 1513 1514 1515 
1516 1517 1518 1519 
1520 1521 1522 1523 
1524 1525 1526 1527 
1528 1529 1530 1531 
1532 1533 1534 1535 
1536 1537 1538 1539 
1540 1541 1542 1543 
1544 1545 1546 1547 
1548 1549 1550 1551 
1552 1553 1554 1555 
1556 1557 1558 1559 
1560 1561 1562 1563 
1564 1565 1566 1567 
1568 1569 1570 1571 
1572 1573 1574 1575 
1576 1577 1578 1579 
1580 1581 1582 1583 
1584 1585 1586 1587 
1588 1589 1590 1591 
1592 1593 1594 1595 
1596 1597 1598 1599 
1600 1601 1602 1603 
1604 1605 1606 1607 
1608 1609 1610 1611 
1612 1613 1614 1615 
1616 1617 1618 1619 
1620 1621 1622 1623 
1624 1625 1626 1627 
1628 1629 1630 1631 
1632 1633 1634 1635 
1636 1637 1638 1639 
1640 1641 1642 1643 
1644 1645 1646 1647 
1648 1649 1650 1651 
1652 1653 1654 1655 
1656 1657 1658 1659 
1660 1661 1662 1663 
1664 1665 1666 1667 
1668 1669 1670 1671 
1672 1673 1674 1675 
1676 1677 1678 1679 
1680 1681 1682 1683 
1684 1685 1686 1687 
1688 1689 1690 1691 
1692 1693 1694 1695 
1696 1697 1698 1699 
1700 1701 1702 1703 
1704 1705 1706 1707 
1708 1709 1710 1711 
1712 1713 1714 1715 
1716 1717 1718 1719 
1720 1721 1722 1723 
1724 1725 1726 1727 
1728 1729 1730 1731 
1732 1733 1734 1735 
1736 1737 1738 1739 
1740 1741 1742 1743 
1744 1745 1746 1747 
1748 1749 1750 1751 
1752 1753 1754 1755 
1756 1757 1758 1759 
1760 1761 1762 1763 
1764 1765 1766 1767 
1768 1769 1770 1771 
1772 1773 1774 1775 
1776 1777 1778 1779 
1780 1781 1782 1783 
1784 1785 1786 1787 
1788 1789 1790 1791 
1792 1793 1794 1795 
1796 1797 1798 1799 
1800 1801 1802 1803 
1804 1805 1806 1807 
1808 1809 1810 1811 
1812 1813 1814 1815 
1816 1817 1818 1819 
1820 1821 1822 1823 
1824 1825 1826 1827 
1828 1829 1830 1831 
1832 1833 1834 1835 
1836 1837 1838 1839 
1840 1841 1842 1843 
1844 1845 1846 1847 
1848 1849 1850 1851 
1852 1853 1854 1855 
1856 1857 1858 1859 
1860 1861 1862 1863 
1864 1865 1866 1867 
1868 1869 1870 1871 
1872 1873 1874 1875 
1876 1877 1878 1879 
1880 1881 1882 1883 
1884 1885 1886 1887 
1888 1889 1890 1891 
1892 1893 1894 1895 
1896 1897 1898 1899 
1900 1901 1902 1903 
1904 1905 1906 1907 
1908 1909 1910 1911 
1912 1913 1914 1915 
1916 1917 1918 1919 
1920 1921 1922 1923 
1924 1925 1926 1927 
1928 1929 1930 1931 
1932 1933 1934 1935 
1936 1937 1938 1939 
1940 1941 1942 1943 
1944 1945 1946 1947 
1948 1949 1950 1951 
1952 1953 1954 1955 
1956 1957 1958 1959 
1960 1961 1962 1963 
1964 1965 1966 1967 
1968 1969 1970 1971 
1972 1973 1974 1975 
1976 1977 1978 1979 
1980 1981 1982 1983 
1984 1985 1986 1987 
1988 1989 1990 1991 
1992 1993 1994 1995 
1996 1997 1998 1999 
2000 2001 2002 2003 
2004 2005 2006 2007 
2008 2009 2010 2011 
2012 2013 2014 2015 
2016 2017 2018 2019 
2020 2021 2022 2023 
2024 2025 2026 2027 
2028 2029 2030 2031 
2032 2033 2034 2035 
2036 2037 2038 2039 
2040 2041 2042 2043 
2044 2045 2046 2047 
2048 2049 2050 2051 2052 2053 2054 2055 2056 2057 2058 2059 2060 2061 2062 2063 
2064 2065 2066 2067 2068 2069 2070 2071 2072 2073 2074 2075 2076 2077 2078 2079 
</DataArray>
<DataArray type="Int32" Name="offsets" format="ascii">
4 8 12 16 20 24 28 32 36 40 44 48 52 56 60 64 68 72 76 80 84 88 92 96 100 104 108 112 116 120 124 128 132 136 140 144 148 152 156 160 164 168 172 176 180 184 188 192 196 200 204 208 212 216 220 224 228 232 236 240 244 248 252 256 260 264 268 272 276 280 284 288 292 296 300 304 308 312 316 320 324 328 332 336 340 344 348 352 356 360 364 368 372 376 380 384 388 392 396 400 404 408 412 416 420 424 428 432 436 440 444 448 452 456 460 464 468 472 476 480 484 488 492 496 500 504 508 512 516 520 524 528 532 536 540 544 548 552 556 560 564 568 572 576 580 584 588 592 596 600 604 608 612 616 620 624 628 632 636 640 644 648 652 656 660 664 668 672 676 680 684 688 692 696 700 704 708 712 716 720 724 728 732 736 740 744 748 752 756 760 764 768 772 776 780 784 788 792 796 800 804 808 812 816 820 824 828 832 836 840 844 848 852 856 860 864 868 872 876 880 884 888 892 896 900 904 908 912 916 920 924 928 932 936 940 944 948 952 956 960 964 968 972 976 980 984 988 992 996 1000 1004 1008 1012 1016 1020 1024 1028 1032 1036 1040 1044 1048 1052 1056 1060 1064 1068 1072 1076 1080 1084 1088 1092 1096 1100 1104 1108 1112 1116 1120 1124 1128 1132 1136 1140 1144 1148 1152 1156 1160 1164 1168 1172 1176 1180 1184 1188 1192 1196 1200 1204 1208 1212 1216 1220 1224 1228 1232 1236 1240 1244 1248 1252 1256 1260 1264 1268 1272 1276 1280 1284 1288 1292 1296 1300 1304 1308 1312 1316 1320 1324 1328 1332 1336 1340 1344 1348 1352 1356 1360 1364 1368 1372 1376 1380 1384 1388 1392 1396 1400 1404 1408 1412 1416 1420 1424 1428 1432 1436 1440 1444 1448 1452 1456 1460 1464 1468 1472 1476 1480 1484 1488 1492 1496 1500 1504 1508 1512 1516 1520 1524 1528 1532 1536 1540 1544 1548 1552 1556 1560 1564 1568 1572 1576 1580 1584 1588 1592 1596 1600 1604 1608 1612 1616 1620 1624 1628 1632 1636 1640 1644 1648 1652 1656 1660 1664 1668 1672 1676 1680 1684 1688 1692 1696 1700 1704 1708 1712 1716 1720 1724 1728 1732 1736 1740 1744 1748 1752 1756 1760 1764 1768 1772 1776 1780 1784 1788 1792 1796 1800 1804 1808 1812 1816 1820 1824 1828 1832 1836 1840 1844 1848 1852 1856 1860 1864 1868 1872 1876 1880 1884 1888 1892 1896 1900 1904 1908 1912 1916 1920 1924 1928 1932 1936 1940 1944 1948 1952 1956 1960 1964 1968 1972 1976 1980 1984 1988 1992 1996 2000 2004 2008 2012 2016 2020 2024 2028 2032 2036 2040 2044 2048 2064 2080 
</DataArray>
<DataArray type="UInt8" Name="types" format="ascii">
7 7 7 7 7 7 7 7 7 7 7 7 7 7 7 7 7 7 7 7 7 7 7 7 7 7 7 7 7 7 7 7 7 7 7 7 7 7 7 7 7 7 7 7 7 7 7 7 7 7 7 7 7 7 7 7 7 7 7 7 7 7 7 7 7 7 7 7 7 7 7 7 7 7 7 7 7 7 7 7 7 7 7 7 7 7 7 7 7 7 7 7 7 7 7 7 7 7 7 7 7 7 7 7 7 7 7 7 7 7 7 7 7 7 7 7 7 7 7 7 7 7 7 7 7 7 7 7 7 7 7 7 7 7 7 7 7 7 7 7 7 7 7 7 7 7 7 7 7 7 7 7 7 7 7 7 7 7 7 7 7 7 7 7 7 7 7 7 7 7 7 7 7 7 7 7 7 7 7 7 7 7 7 7 7 7 7 7 7 7 7 7 7 7 7 7 7 7 7 7 7 7 7 7 7 7 7 7 7 7 7 7 7 7 7 7 7 7 7 7 7 7 7 7 7 7 7 7 7 7 7 7 7 7 7 7 7 7 7 7 7 7 7 7 7 7 7 7 7 7 7 7 7 7 7 7 7 7 7 7 7 7 7 7 7 7 7 7 7 7 7 7 7 7 7 7 7 7 7 7 7 7 7 7 7 7 7 7 7 7 7 7 7 7 7 7 7 7 7 7 7 7 7 7 7 7 7 7 7 7 7 7 7 7 7 7 7 7 7 7 7 7 7 7 7 7 7 7 7 7 7 7 7 7 7 7 7 7 7 7 7 7 7 7 7 7 7 7 7 7 7 7 7 7 7 7 7 7 7 7 7 7 7 7 7 7 7 7 7 7 7 7 7 7 7 7 7 7 7 7 7 7 7 7 7 7 7 7 7 7 7 7 7 7 7 7 7 7 7 7 7 7 7 7 7 7 7 7 7 7 7 7 7 7 7 7 7 7 7 7 7 7 7 7 7 7 7 7 7 7 7 7 7 7 7 7 7 7 7 7 7 7 7 7 7 7 7 7 7 7 7 7 7 7 7 7 7 7 7 7 7 7 7 7 7 7 7 7 7 7 7 7 7 7 7 7 7 7 7 7 7 7 7 7 7 7 7 7 7 7 7 7 7 7 7 7 7 7 7 7 7 7 7 7 7 7 7 7 7 7 7 7 7 7 
</DataArray>
</Cells>
<CellData Scalars="cell variable 4" Vectors="cell vector">
<DataArray type="Float64" NumberOfComponents="3" Name="cell vector" format="ascii">
0.64499 0.764153 0.00763338
0.66946 0.742773 0.0105403
0.648489 0.753398 0.108877
0.507403 0.834243 0.215826
0.331779 0.919847 0.209297
0.234916 0.963734 0.126614
0.214224 0.975641 0.0472578
0.223623 0.974676 7.47664e-05
0.228159 0.97333 -0.0239253
0.212774 0.976093 -0.0443743
0.223926 0.967357 -0.118653
0.326786 0.921725 -0.208889
0.49962 0.838178 -0.218719
0.633731 0.76367 -0.123257
0.666489 0.745274 -0.0189471
0.649276 0.760286 0.0201507
-0.189727 0.062573 0.979841
-0.534454 0.179869 0.825836
0.776878 -0.305746 -0.550436
0.887769 -0.417336 -0.194157
0.864121 -0.46476 0.193114
0.714641 -0.430151 0.551596
0.467801 -0.309406 0.827907
0.161076 -0.116066 0.980093
-0.166259 0.106534 0.98031
-0.469925 0.305694 0.828083
0.711903 -0.435353 -0.551054
0.862196 -0.468462 -0.192773
0.885708 -0.421532 0.194507
0.773875 -0.312152 0.551071
0.536799 -0.174526 0.825462
0.196798 -0.0482026 0.979258
-0.191469 0.0595629 0.97969
-0.531909 0.185276 0.826284
0.770054 -0.319883 -0.551988
0.88248 -0.427975 -0.195105
0.862367 -0.467761 0.193709
0.717172 -0.422752 0.554027
0.472058 -0.295845 0.830444
0.163907 -0.106981 0.980658
-0.166048 0.104415 0.980574
-0.473902 0.293085 0.830373
0.716612 -0.42399 -0.553805
0.861204 -0.469978 -0.193515
0.881186 -0.430537 0.195317
0.768923 -0.321918 0.552382
0.533233 -0.181447 0.826281
0.194805 -0.052119 0.979456
-0.189806 0.0663294 0.979579
-0.522246 0.210834 0.826322
0.751447 -0.360132 -0.552841
0.858402 -0.474193 -0.19567
0.834272 -0.515862 0.19462
0.687045 -0.468276 0.555596
0.447068 -0.330619 0.831157
0.15446 -0.119647 0.980728
-0.155522 0.119203 0.980614
-0.449753 0.326966 0.831153
0.687233 -0.468323 -0.555323
0.833529 -0.517157 -0.194364
0.857596 -0.475535 0.195948
0.750937 -0.360386 0.553367
0.523145 -0.20789 0.826499
0.191641 -0.0628654 0.97945
-0.181973 0.0852104 0.979605
-0.496032 0.2654 0.82675
0.710762 -0.433931 -0.553643
0.811999 -0.54968 -0.196239
0.78992 -0.581213 0.195496
0.650141 -0.515702 0.558004
0.421165 -0.35846 0.833143
0.144705 -0.128949 0.981036
-0.145281 0.129236 0.980914
-0.423208 0.35637 0.833004
0.650251 -0.515951 -0.557645
0.789623 -0.581737 -0.195134
0.811734 -0.549917 0.19667
0.710672 -0.433204 0.554328
0.496958 -0.262769 0.827034
0.182968 -0.0840032 0.979523
-0.171138 0.105468 0.979586
-0.462395 0.320491 0.826727
0.661086 -0.50607 -0.553948
0.757502 -0.622362 -0.197123
0.738145 -0.645792 0.19518
0.606298 -0.565549 0.559068
0.390619 -0.388995 0.834326
0.133506 -0.139064 0.981243
-0.133492 0.140047 0.981105
-0.392238 0.387778 0.834132
0.606508 -0.565704 -0.558683
0.738196 -0.64587 -0.194727
0.757642 -0.622006 0.197705
0.661351 -0.504844 0.55475
0.46323 -0.318354 0.827084
0.171355 -0.105623 0.979531
-0.158314 0.124472 0.979512
-0.424 0.370496 0.826412
0.604117 -0.572739 -0.554087
-0.692957 0.693234 0.198082
-0.677674 0.709166 -0.194527
-0.557966 0.612633 -0.559782
0.358152 -0.417061 0.835337
0.122063 -0.147962 0.981432
-0.121409 0.14948 0.981283
-0.359324 0.416521 0.835103
-0.558312 0.612687 0.559377
-0.677987 0.709012 0.193999
0.693383 -0.69261 0.198772
0.604671 -0.571315 0.554953
0.424736 -0.36876 0.826811
0.157781 -0.125416 0.979477
-0.143152 0.142211 0.97943
-0.380001 0.416225 0.826049
-0.540031 0.633563 0.554044
-0.621077 0.758171 0.198595
-0.609802 0.768412 -0.194125
-0.503762 0.657622 -0.56014
0.323536 -0.443193 0.836005
0.110537 -0.155867 0.981574
-0.10928 0.157691 0.981423
-0.324292 0.443138 0.835741
-0.504224 0.657631 0.559713
-0.610304 0.76816 0.193542
-0.6217 0.757462 -0.199351
-0.540771 0.632152 -0.554933
0.38058 -0.414849 0.826474
0.141893 -0.143569 0.979415
-0.125774 0.158411 0.97933
-0.331942 0.456509 0.825478
-0.471749 0.686214 0.553681
-0.544981 0.814515 0.1989
-0.536137 0.82163 -0.1936
-0.441884 0.70076 -0.560066
0.283246 -0.469477 0.836279
0.0971363 -0.16412 0.981646
-0.0953542 0.16605 0.981496
-0.283743 0.469677 0.835999
-0.4425 0.700728 0.55962
-0.536788 0.82135 0.192982
-0.545732 0.81382 -0.199683
-0.472647 0.684884 -0.554562
0.332389 -0.455396 0.825913
0.123838 -0.159912 0.979333
-0.107517 0.172034 0.979206
-0.283131 0.489419 0.824806
-0.400838 0.730212 0.553281
-0.461386 0.864535 0.199254
-0.453649 0.870039 -0.192965
-0.373828 0.739449 -0.559882
0.239336 -0.492997 0.836464
0.0822409 -0.171794 0.981694
-0.0800036 0.173684 0.981546
-0.239616 0.49336 0.83617
-0.374593 0.739411 0.55942
-0.454414 0.86978 0.192331
-0.462228 0.863905 -0.200036
-0.40187 0.729003 -0.554125
0.283514 -0.488472 0.825236
0.105016 -0.173449 0.979228
-0.0886276 0.18307 0.979097
-0.231671 0.516565 0.824311
-0.325549 0.7669 0.553066
-0.372677 0.906241 0.199596
-0.365545 0.910667 -0.192517
-0.30078 0.772117 -0.559792
0.192347 -0.5129 0.836622
0.066313 -0.178345 0.981731
-0.0637412 0.180064 0.981588
-0.192442 0.513361 0.836317
-0.301627 0.772128 0.55932
-0.366397 0.910458 0.191882
-0.373612 0.905688 -0.200356
-0.326683 0.765849 -0.553854
0.231981 -0.515759 0.824729
0.0856871 -0.184233 0.97914
-0.0686633 0.191877 0.979014
-0.176726 0.538361 0.823975
-0.245907 0.79608 0.552979
-0.280045 0.938942 0.199907
-0.273764 0.942396 -0.192206
-0.224547 0.797633 -0.559786
0.143193 -0.528495 0.836773
0.0495937 -0.183536 0.981761
-0.0467905 0.185003 0.981623
-0.143126 0.529006 0.836462
-0.225458 0.797709 0.559311
-0.274679 0.942257 0.191582
-0.281032 0.938493 -0.200627
-0.247106 0.795209 -0.553697
0.176945 -0.537677 0.824375
0.0654029 -0.192678 0.97908
-0.04751 0.198479 0.978953
-0.119167 0.554311 0.823734
-0.163303 0.817057 0.552946
-0.184396 0.962251 0.200176
-0.179123 0.964917 -0.191965
-0.145793 0.815697 -0.559806
0.0922058 -0.539525 0.836905
0.0321903 -0.187246 0.981786
-0.0292437 0.188412 0.981655
-0.092006 0.540046 0.836592
-0.146739 0.815852 0.559333
-0.18009 0.964856 0.191364
-0.185419 0.961916 -0.200842
-0.164524 0.81638 -0.553584
0.119289 -0.553727 0.82411
0.0440518 -0.198846 0.97904
-0.0255702 0.202702 0.978907
-0.0599513 0.564054 0.823559
-0.0787522 0.82949 0.552941
-0.0866803 0.975871 0.200404
-0.0824791 0.977967 -0.191776
-0.0653216 0.826025 -0.559835
0.0400085 -0.545711 0.837018
0.0143466 -0.189353 0.981804
-0.011261 0.190195 0.981682
-0.0397164 0.54621 0.836706
-0.0663109 0.826263 0.559368
-0.0834888 0.977993 0.191203
-0.0877246 0.975653 -0.20101
-0.0799646 0.829007 -0.553492
0.0599842 -0.563544 0.823905
0.022024 -0.202605 0.979013
-0.00320366 0.204457 0.97887
0.000142458 0.567425 0.823425
0.00682305 0.833197 0.552935
0.0120825 0.979604 0.200573
0.0150991 0.981352 -0.191628
0.0158289 0.828445 -0.559847
-0.0126043 -0.546913 0.837095
-0.00363229 -0.189805 0.981815
0.0067685 0.190292 0.981704
0.0129154 0.547373 0.836789
0.0148193 0.828775 0.559386
0.0140789 0.981472 0.191086
0.0110391 0.979506 -0.201114
0.00565151 0.8329 -0.553394
-0.000169309 -0.56697 0.823738
-0.000322495 -0.203892 0.978993
0.0191818 0.203724 0.97884
0.0602154 0.564377 0.823318
0.0923644 0.828111 0.552903
0.110858 0.973367 0.200669
0.112707 0.974999 -0.191507
0.0969935 0.822926 -0.559808
-0.0652247 -0.543122 0.837117
-0.0216049 -0.188598 0.981817
0.024687 0.188737 0.981717
0.0654976 0.543549 0.836818
0.0959876 0.823349 0.559359
0.111717 0.975211 0.191003
0.109852 0.973384 -0.201135
0.0912413 0.827994 -0.553264
-0.0602513 -0.563972 0.823593
-0.0226294 -0.202696 0.97898
0.04129 0.200511 0.978821
0.11957 0.554927 0.823261
0.176924 0.814263 0.552877
0.208594 0.957186 0.200707
0.209405 0.958908 -0.191428
0.177502 0.809432 -0.559743
-0.11741 -0.534306 0.837097
-0.0393806 -0.185733 0.981811
0.0424488 0.185526 0.981722
0.117641 0.534712 0.836806
0.176479 0.809953 0.559313
0.208455 0.959206 0.190974
0.207636 0.957314 -0.201088
0.175795 0.814335 -0.553131
-0.119563 -0.554581 0.823495
-0.0447036 -0.199006 0.978978
0.063062 0.194781 0.978817
0.177802 0.539071 0.823279
0.259725 0.791743 0.552889
0.304213 0.931222 0.200699
0.303953 0.93326 -0.191411
0.256128 0.78813 -0.559687
-0.168302 -0.520589 0.837055
-0.0567149 -0.181256 0.981799
0.0597331 0.180704 0.981722
0.168499 0.520979 0.836773
0.255121 0.788745 0.55928
0.303029 0.933642 0.191013
0.303274 0.931465 -0.200991
0.258576 0.792018 -0.553033
-0.177738 -0.538801 0.82347
-0.066413 -0.192791 0.97899
0.0842731 0.18652 0.97883
0.234262 0.516888 0.823376
0.339884 0.760749 0.552937
0.396643 0.895778 0.200639
0.395204 0.898419 -0.191463
0.331875 0.759379 -0.559644
-0.217316 -0.502215 0.836991
-0.0734717 -0.175235 0.981781
0.076316 0.174378 0.981717
0.217456 0.502604 0.836721
0.330934 0.760071 0.559263
0.394311 0.898884 0.19112
0.395724 0.896139 -0.200845
0.338777 0.761218 -0.552971
-0.23415 -0.516709 0.82352
-0.0874004 -0.184096 0.979015
0.104595 0.175771 0.978859
0.288211 0.488569 0.82355
0.416466 0.721613 0.55302
0.484867 0.851291 0.200519
0.482181 0.854866 -0.191586
0.403969 0.723631 -0.559613
-0.263971 -0.479496 0.836901
-0.0894745 -0.167772 0.981757
0.0920357 0.166682 0.981706
0.264007 0.479922 0.836645
0.40312 0.724378 0.559259
0.481341 0.855405 0.191296
0.483997 0.851756 -0.200644
0.41546 0.722248 -0.552947
-0.288051 -0.488499 0.823647
-0.107332 -0.173017 0.979053
0.1237 0.162625 0.978903
0.338924 0.454394 0.823806
0.4886 0.674762 0.553142
0.567958 0.798303 0.200339
0.56399 0.803202 -0.191789
0.471688 0.681444 -0.559594
-0.307825 -0.452815 0.836781
-0.104574 -0.158997 0.981725
0.106764 0.157771 0.981687
0.307709 0.453339 0.83654
0.47095 0.682221 0.559268
0.563226 0.803794 0.191549
0.567171 0.798851 -0.200385
0.487744 0.675526 -0.552966
-0.338714 -0.454459 0.823857
-0.125915 -0.15968 0.979105
0.141285 0.147201 0.978964
0.385729 0.414715 0.824151
0.555493 0.620707 0.553309
0.645067 0.737464 0.200091
0.6398 0.74415 -0.192085
0.534354 0.633501 -0.559591
-0.348459 -0.422651 0.836625
-0.118634 -0.149072 0.981684
0.120393 0.147825 0.981659
0.348159 0.423348 0.836398
0.533741 0.63428 0.559293
0.639135 0.744771 0.191892
0.644388 0.738064 -0.200064
0.554818 0.621552 -0.553037
-0.385469 -0.414942 0.824158
-0.142896 -0.144229 0.979172
0.157078 0.129639 0.97904
0.428053 0.369893 0.824591
0.616446 0.559996 0.553533
0.715428 0.669519 0.199768
0.708847 0.67859 -0.192489
0.59135 0.580642 -0.559608
-0.385522 -0.389571 0.836425
-0.131548 -0.138181 0.981632
0.132846 0.13704 0.981617
0.385022 0.390529 0.836208
0.590872 0.581389 0.559337
0.708298 0.679206 0.192338
0.714875 0.670136 -0.199679
0.615968 0.560873 -0.553176
-0.427745 -0.370316 0.824561
-0.158053 -0.126815 0.979253
0.170803 0.110126 0.979131
0.465389 0.320284 0.825125
0.670866 0.493176 0.553819
0.778371 0.59531 0.199361
0.770451 0.607577 -0.193018
0.642141 0.523896 -0.559633
-0.418739 -0.35425 0.83616
-0.143243 -0.126536 0.981565
0.144079 0.125636 0.981558
0.418036 0.355573 0.835951
0.6418 0.524572 0.559389
0.770028 0.60815 0.1929
0.777954 0.5959 -0.199223
0.670591 0.494029 -0.553393
-0.465042 -0.320944 0.825064
-0.171156 -0.107637 0.979347
0.182247 0.088836 0.979231
0.497299 0.266197 0.825731
0.718231 0.420778 0.554157
0.833309 0.515802 0.198858
0.824042 0.532398 -0.193666
0.686341 0.464492 -0.559628
-0.447972 -0.317442 0.835794
-0.153704 -0.114355 0.981478
0.154098 0.113836 0.981476
0.447076 0.31925 0.835585
0.686133 0.46506 0.559411
0.823755 0.532878 0.19357
0.833036 0.516305 -0.198695
0.718152 0.421536 -0.553684
-0.496929 -0.267144 0.825649
-0.182033 -0.0868861 0.979446
0.191258 0.0659181 0.979324
0.523384 0.207944 0.826335
0.758032 0.343393 0.554498
0.879723 0.432179 0.198265
0.869201 0.454654 -0.194369
0.723773 0.403897 -0.559482
-0.47325 -0.279978 0.835252
-0.162964 -0.101867 0.981359
0.162958 0.101872 0.98136
0.47218 0.282421 0.835036
0.723682 0.404325 0.55929
0.869056 0.454971 0.194277
0.879599 0.432502 -0.198108
0.758136 0.34395 -0.554011
-0.523015 -0.209231 0.826243
-0.190578 -0.0647481 0.979535
0.197691 0.0417148 0.979376
0.543252 0.146138 0.826754
0.789709 0.262014 0.554715
0.917107 0.34619 0.197654
0.905685 0.376508 -0.194875
0.754535 0.343942 -0.55891
-0.494787 -0.242876 0.834384
-0.171101 -0.0894092 0.981188
0.170752 0.0900632 0.981189
0.49357 0.246168 0.83414
0.754537 0.344223 0.558734
0.905684 0.376566 0.194767
0.917132 0.346188 -0.197543
0.789965 0.262202 -0.554261
-0.54292 -0.147812 0.826674
-0.196705 -0.0416202 0.979579
0.201648 0.0168577 0.979313
0.55677 0.0825155 0.826558
0.812699 0.179149 0.55446
0.94489 0.261293 0.197252
0.93329 0.301927 -0.19445
0.778773 0.288307 -0.557129
-0.512753 -0.208804 0.832757
-0.17815 -0.0782162 0.98089
0.177512 0.0795304 0.9809
0.511405 0.213426 0.832415
0.778847 0.288509 0.55692
0.93342 0.301617 0.194306
0.945038 0.260782 -0.197219
0.813031 0.178721 -0.554112
-0.556506 -0.0845592 0.826529
-0.200604 -0.0181957 0.979503
0.204535 -0.00863668 0.978821
0.565768 0.019913 0.824324
0.827274 0.101926 0.552475
0.961875 0.189353 0.197337
0.949856 0.247677 -0.190867
0.793935 0.25788 -0.550604
-0.525487 -0.197427 0.827578
-0.183629 -0.0785735 0.97985
0.182693 0.0803576 0.979881
0.523634 0.206601 0.826513
0.794 0.25863 0.550159
0.950089 0.246912 0.190697
0.962124 0.188067 -0.197351
0.827524 0.100713 -0.552323
-0.565517 -0.0223487 0.824434
-0.203683 0.00537978 0.979022
0.208533 -0.0205454 0.9778
0.573969 -0.0112472 0.8188
0.836496 0.0508139 0.545611
0.9735 0.120031 0.194656
0.968252 0.16446 -0.18826
0.819482 0.170839 -0.54705
-0.548103 -0.127831 0.826585
-0.193175 -0.0477783 0.98
0.192387 0.0505695 0.980015
0.548121 0.132165 0.825891
0.819858 0.170502 0.546592
0.968355 0.164096 0.188046
0.973646 0.118899 -0.194617
0.836819 0.0482601 -0.545349
-0.573272 0.00815135 0.819325
-0.206989 0.0139918 0.978243
0.205679 -0.00595253 0.978602
0.569813 0.0167032 0.821605
0.835201 0.0658691 0.545986
0.974758 0.113461 0.192285
0.970925 0.144494 -0.190854
0.822798 0.154718 -0.546869
-0.551712 -0.119504 0.825429
-0.194588 -0.0420243 0.979984
0.194453 0.0491946 0.979677
0.551869 0.120922 0.825117
0.823268 0.150523 0.547333
0.970886 0.145439 0.190334
0.974656 0.113824 -0.192588
0.836258 0.0602698 -0.545014
-0.569599 -0.0172802 0.821741
-0.202733 -0.00364201 0.979227
-0.488651 0.872479 0.000864517
-0.530749 0.847302 0.0196145
-0.699761 0.713989 -0.0235408
-0.692192 0.694663 0.195738
-0.138797 0.914542 0.379932
0.19641 0.95335 0.22923
0.247147 0.962956 0.107859
0.243079 0.968638 0.0515086
0.24881 0.968193 -0.0263875
0.241508 0.962839 -0.120889
0.173832 0.953201 -0.247369
-0.109781 0.920464 -0.375092
-0.6864 0.699717 -0.198118
-0.680653 0.732597 0.00363622
-0.533625 0.845658 -0.0103816
-0.481637 0.875584 -0.037114
0.894346 -0.446363 0.0300827
0.00257188 0.000343963 0.999997
</DataArray>
<DataArray type="Float64" Name="cell vector length" format="ascii">
0.280001 0.253997 0.226292 0.196241 0.204199 0.233035 0.266691 0.288837 0.288377 0.26315 0.239979 0.205884 0.195633 0.21872 0.257793 0.28151 0.335169 0.353756 0.346319 0.345941 0.339943 0.331513 0.326863 0.331141 0.338889 0.347361 0.335478 0.340303 0.344784 0.341548 0.331539 0.326539 0.429899 0.458827 0.46297 0.465439 0.453663 0.43628 0.423577 0.423298 0.430311 0.442518 0.439058 0.453874 0.463922 0.459161 0.439631 0.422771 0.48651 0.509062 0.5045 0.49171 0.459123 0.420937 0.389015 0.375253 0.38107 0.406452 0.421974 0.458983 0.49018 0.501733 0.493455 0.480893 0.49349 0.524868 0.532424 0.52433 0.486403 0.437225 0.393876 0.37185 0.377252 0.410213 0.437467 0.485796 0.522912 0.53033 0.511374 0.488691 0.485856 0.527775 0.54801 0.545068 0.507628 0.44785 0.388212 0.357016 0.36198 0.403314 0.447671 0.506781 0.543769 0.546395 0.515692 0.481535 0.476517 0.52825 0.561836 0.568092 0.541337 0.472176 0.38552 0.34248 0.346994 0.399257 0.471771 0.54046 0.566961 0.560557 0.517406 0.472613 0.468085 0.532181 0.587397 0.597037 0.556813 0.477859 0.380368 0.330767 0.334812 0.392761 0.477394 0.555978 0.59611 0.586458 0.522735 0.464631 0.461261 0.532373 0.595763 0.607727 0.563255 0.479832 0.377117 0.321704 0.325199 0.387899 0.479343 0.562497 0.606955 0.595016 0.52426 0.458317 0.456198 0.53326 0.600754 0.613729 0.568663 0.481575 0.374931 0.314619 0.317499 0.383901 0.481089 0.568003 0.613096 0.600169 0.526502 0.453769 0.4525 0.533933 0.604632 0.618427 0.572807 0.482955 0.37386 0.309287 0.311512 0.38087 0.482489 0.572254 0.617928 0.604202 0.528581 0.450597 0.44954 0.53444 0.607968 0.62247 0.576154 0.483957 0.373542 0.305264 0.306823 0.378525 0.48353 0.575716 0.622098 0.607688 0.530563 0.448184 0.447017 0.534817 0.610782 0.625856 0.578835 0.484651 0.373632 0.302145 0.303066 0.376629 0.484292 0.578516 0.625601 0.610635 0.532418 0.446209 0.44496 0.53509 0.612978 0.628466 0.580847 0.485085 0.37385 0.299737 0.300104 0.375119 0.484837 0.580651 0.628316 0.612934 0.534028 0.444638 0.443388 0.535124 0.614288 0.629932 0.58175 0.484724 0.373613 0.297759 0.297736 0.37359 0.484701 0.581693 0.629895 0.614288 0.53507 0.443374 0.44168 0.533576 0.612868 0.628186 0.579415 0.481838 0.372319 0.296021 0.295534 0.370811 0.481983 0.579498 0.628259 0.612897 0.534436 0.441894 0.440269 0.531261 0.610017 0.624809 0.575519 0.477983 0.371235 0.295084 0.29399 0.367842 0.478215 0.575726 0.624983 0.610152 0.533436 0.440943 0.439367 0.528635 0.606306 0.620486 0.570845 0.473831 0.370626 0.295019 0.293249 0.365155 0.474107 0.571156 0.620771 0.606585 0.532329 0.440616 0.439076 0.525903 0.601975 0.615493 0.565715 0.469664 0.37054 0.295877 0.293415 0.362969 0.469971 0.566123 0.6159 0.602415 0.531164 0.440935 0.439546 0.523207 0.597114 0.609905 0.560242 0.465627 0.371042 0.297753 0.294613 0.361452 0.465972 0.56075 0.610439 0.59771 0.529982 0.442003 0.440928 0.520652 0.591734 0.603684 0.55441 0.461792 0.372221 0.300793 0.297012 0.360762 0.462185 0.555024 0.604343 0.592472 0.528836 0.443946 0.443389 0.518301 0.585779 0.596713 0.548119 0.458166 0.374177 0.305189 0.300821 0.361043 0.458618 0.548839 0.59749 0.586642 0.527754 0.446909 0.44713 0.516226 0.579152 0.588784 0.541179 0.454707 0.37703 0.311184 0.306292 0.362439 0.455217 0.542 0.589671 0.580125 0.526794 0.451083 0.452357 0.514468 0.571672 0.579582 0.533309 0.451342 0.380937 0.319072 0.313728 0.365119 0.451901 0.534217 0.580568 0.572746 0.525997 0.456663 0.459236 0.513014 0.563024 0.568614 0.524103 0.447948 0.386052 0.329151 0.323427 0.369226 0.448527 0.525072 0.569687 0.564204 0.525366 0.463819 0.467432 0.511454 0.552522 0.555032 0.5129 0.444204 0.392326 0.341495 0.335458 0.374688 0.444745 0.513883 0.556172 0.553831 0.524534 0.472224 0.474526 0.507714 0.538137 0.536812 0.497977 0.438627 0.398361 0.354679 0.348392 0.380066 0.439054 0.498901 0.537991 0.539616 0.521529 0.479498 0.469813 0.492553 0.511914 0.506486 0.471997 0.423327 0.39544 0.359251 0.352772 0.376584 0.423602 0.472775 0.50767 0.513577 0.507407 0.475055 0.406897 0.422908 0.434412 0.42545 0.393873 0.350781 0.328168 0.293257 0.286435 0.30846 0.351035 0.394435 0.426637 0.436114 0.440229 0.41296 0.335521 0.364977 0.398234 0.410685 0.398544 0.37314 0.36621 0.344988 0.336988 0.345538 0.371795 0.3991 0.411602 0.400729 0.384603 0.342882 0.288706 0.313258 0.346359 0.361883 0.353186 0.329744 0.32043 0.297817 0.290623 0.301568 0.328934 0.354129 0.361972 0.347728 0.331481 0.295727 0.10442 0.0719117 0.0469844 0.0370051 0.0381909 0.084374 0.118468 0.145811 0.143888 0.119631 0.0766433 0.0370961 0.0363226 0.0564345 0.0739482 0.107161 0.0842815 0.0152124 
</DataArray>
<DataArray type="Float64" Name="cell variable 4" format="ascii">
704.158 696.784 686.586 679.027 687.858 700.214 709.432 712.641 713.763 709.914 703.032 687.831 679.86 683.849 695.76 703.038 1150.11 1155.3 1129.28 1125.03 1122.71 1123.51 1128.24 1138.21 1144.52 1147.81 1124.21 1122.76 1124.85 1128.41 1133.32 1142.63 1397.96 1407.62 1366.82 1355.41 1345.73 1342.61 1348.82 1364.76 1374.23 1378.13 1343.23 1345.76 1354.95 1365.39 1374.61 1386.72 1622.4 1587.6 1475.58 1401.69 1347.68 1310.58 1293.55 1298.62 1308.76 1325.1 1311.01 1347.8 1401.03 1473.8 1551.47 1609.98 1730.92 1671.11 1529.59 1437.06 1375.83 1338.67 1326.17 1334.97 1344.71 1357.26 1338.71 1375.73 1436.26 1527.84 1635.29 1718.63 1775.79 1702.5 1548.24 1446.3 1392.67 1351.55 1328.82 1337.8 1346.74 1357.75 1351.38 1392.29 1445.4 1546.67 1668.69 1764.24 1800.87 1718.89 1567.85 1459.94 1414.62 1367.91 1325.85 1335.45 1343.48 1352.18 1367.58 1414.08 1459.04 1566.48 1687.84 1790.36 1817.49 1728.02 1591.73 1482.26 1423.44 1374.94 1324.4 1332.6 1339.68 1347.89 1374.54 1422.87 1481.4 1590.55 1700.25 1808.21 1829.15 1735.94 1605.42 1494.92 1421.79 1371.74 1324.33 1330.03 1336.1 1344.65 1371.32 1421.25 1494.14 1604.41 1711.82 1821.23 1839.17 1744.35 1609.02 1495.52 1420.36 1368.51 1324.84 1328.27 1333.24 1341.65 1368.14 1419.87 1494.85 1608.18 1724.1 1832.67 1849.17 1751.45 1610.61 1494.27 1418.48 1366.2 1326.44 1327.65 1331.49 1339.54 1365.89 1418.07 1493.73 1609.95 1735.33 1844.09 1858.03 1757.12 1611.79 1493.02 1416.89 1364.61 1328.79 1327.63 1330.35 1338.1 1364.37 1416.58 1492.61 1611.3 1745.34 1854.36 1864.75 1761.34 1612.72 1492.1 1415.53 1363.16 1331.29 1327.69 1329.34 1336.89 1363.02 1415.33 1491.82 1612.4 1753.96 1862.46 1869.37 1764.24 1613.25 1491.1 1414.13 1361.7 1333.41 1327.75 1328.42 1335.7 1361.65 1414.04 1490.97 1613.1 1760.96 1868.35 1872.06 1765.22 1612.16 1488.69 1411.33 1359.12 1334.47 1327.66 1327.41 1333.85 1359.16 1411.38 1488.75 1612.27 1765.57 1872.1 1872.94 1763.8 1608.45 1483.58 1405.94 1354.47 1334.53 1327.47 1326.3 1330.85 1354.64 1406.13 1483.84 1608.79 1767.71 1873.97 1872.29 1760.25 1602.79 1476.74 1398.95 1348.55 1334.39 1327.4 1325.21 1327.18 1348.87 1399.3 1477.15 1603.27 1768.2 1874.48 1870.11 1755.2 1596.36 1469.67 1391.93 1342.68 1334.58 1327.61 1324.3 1323.56 1343.12 1392.41 1470.2 1596.96 1767.63 1873.72 1866.22 1749.08 1589.77 1463.07 1385.58 1337.36 1335.06 1328.07 1323.62 1320.23 1337.87 1386.15 1463.72 1590.53 1766.06 1871.35 1860.7 1742.04 1583.29 1457.33 1380.19 1332.82 1335.84 1328.78 1323.19 1317.36 1333.39 1380.84 1458.08 1584.22 1763.38 1867.36 1853.51 1734.21 1577.12 1452.49 1375.9 1329.22 1337 1329.8 1323.11 1315.08 1329.84 1376.61 1453.35 1578.21 1759.56 1861.63 1844.64 1725.54 1571.17 1448.56 1372.71 1326.67 1338.6 1331.21 1323.48 1313.55 1327.33 1373.49 1449.53 1572.4 1754.47 1854.12 1834.02 1716.08 1565.4 1445.42 1370.58 1325.23 1340.75 1333.1 1324.4 1312.89 1325.92 1371.41 1446.48 1566.77 1748.1 1844.71 1821.31 1705.65 1559.58 1442.9 1369.42 1324.93 1343.55 1335.56 1325.97 1313.21 1325.63 1370.29 1444.03 1561.06 1740.24 1833.03 1805.8 1693.59 1553.25 1440.59 1369.01 1325.71 1346.96 1338.53 1328.12 1314.47 1326.39 1369.88 1441.77 1554.84 1730.27 1818.37 1784.59 1677.7 1544.81 1437.35 1368.48 1326.87 1350.31 1341.24 1330.11 1315.99 1327.48 1369.3 1438.53 1546.5 1715.91 1797.77 1747.31 1649.85 1528.04 1428.23 1363.56 1324.33 1349.31 1339.37 1327.67 1313.66 1324.85 1364.28 1429.37 1529.8 1688.84 1760.76 1658.09 1578.93 1477.42 1390.84 1333.07 1297.04 1321.5 1310.1 1298.31 1285.96 1297.59 1333.67 1391.86 1479.05 1616.99 1671.08 1405.29 1357.55 1291.96 1229.06 1180.46 1143.55 1153.81 1136.01 1125.84 1123.89 1144.2 1181.06 1229.76 1293.12 1389.87 1416.23 1176.83 1173.49 1172.94 1167.86 1158.57 1151.94 1179.52 1174.43 1165.54 1153.45 1152.55 1159.34 1168.19 1173.37 1200.69 1185.95 1041.74 1040.96 1045.55 1045.26 1039.57 1033.51 1048.86 1041.27 1035.37 1030.41 1033.95 1040.16 1045.38 1045.43 1059.75 1047.83 710.741 673.887 636.835 619.925 616.937 644.939 678.857 702.364 695.587 669.614 637.811 616.402 620.07 643.956 684.561 717.331 594.136 745.326 
</DataArray>
<DataArray type="Float64" Name="cell variable 5" format="ascii">
0.210332 0.210332 0.210332 0.210332 0.210332 0.210332 0.210332 0.210332 0.210332 0.210332 0.210332 0.210332 0.210332 0.210332 0.210332 0.210332 0.210332 0.210332 0.210332 0.210332 0.210332 0.210332 0.210332 0.210332 0.210332 0.210332 0.210332 0.210332 0.210332 0.210332 0.210332 0.210332 0.210332 0.210332 0.210332 0.210332 0.210332 0.210332 0.210332 0.210332 0.210332 0.210332 0.210332 0.210332 0.210332 0.210332 0.210332 0.210332 0.317882 0.294278 0.256184 0.219867 0.210332 0.210332 0.210332 0.210332 0.210332 0.210332 0.210332 0.210332 0.219867 0.256184 0.294278 0.317882 0.359668 0.326903 0.273993 0.22356 0.210332 0.210332 0.210332 0.210332 0.210332 0.210332 0.210332 0.210332 0.22356 0.273993 0.326903 0.359668 0.383879 0.345833 0.284322 0.22571 0.210332 0.210332 0.210332 0.210332 0.210332 0.210332 0.210332 0.210332 0.22571 0.284322 0.345833 0.383879 0.4015 0.359528 0.291847 0.227299 0.210332 0.210332 0.210332 0.210332 0.210332 0.210332 0.210332 0.210332 0.227299 0.291847 0.359528 0.4015 0.415242 0.370278 0.29769 0.228514 0.210332 0.210332 0.210332 0.210332 0.210332 0.210332 0.210332 0.210332 0.228514 0.29769 0.370278 0.415242 0.42632 0.378925 0.302411 0.229496 0.210332 0.210332 0.210332 0.210332 0.210332 0.210332 0.210332 0.210332 0.229496 0.302411 0.378925 0.42632 0.435387 0.385983 0.30629 0.23029 0.210332 0.210332 0.210332 0.210332 0.210332 0.210332 0.210332 0.210332 0.23029 0.30629 0.385983 0.435387 0.442726 0.391732 0.309422 0.230945 0.210332 0.210332 0.210332 0.210332 0.210332 0.210332 0.210332 0.210332 0.230945 0.309422 0.391732 0.442726 0.448615 0.396359 0.311946 0.231459 0.210332 0.210332 0.210332 0.210332 0.210332 0.210332 0.210332 0.210332 0.231459 0.311946 0.396359 0.448615 0.453195 0.399911 0.313862 0.231879 0.210332 0.210332 0.210332 0.210332 0.210332 0.210332 0.210332 0.210332 0.231879 0.313862 0.399911 0.453195 0.456561 0.402529 0.315311 0.23216 0.210332 0.210332 0.210332 0.210332 0.210332 0.210332 0.210332 0.210332 0.23216 0.315311 0.402529 0.456561 0.458804 0.404258 0.316246 0.232394 0.210332 0.210332 0.210332 0.210332 0.210332 0.210332 0.210332 0.210332 0.232394 0.316246 0.404258 0.458804 0.459879 0.405146 0.316713 0.232487 0.210332 0.210332 0.210332 0.210332 0.210332 0.210332 0.210332 0.210332 0.232487 0.316713 0.405146 0.459879 0.459879 0.405146 0.316713 0.232487 0.210332 0.210332 0.210332 0.210332 0.210332 0.210332 0.210332 0.210332 0.232487 0.316713 0.405146 0.459879 0.458804 0.404258 0.316246 0.232394 0.210332 0.210332 0.210332 0.210332 0.210332 0.210332 0.210332 0.210332 0.232394 0.316246 0.404258 0.458804 0.456561 0.402529 0.315311 0.23216 0.210332 0.210332 0.210332 0.210332 0.210332 0.210332 0.210332 0.210332 0.23216 0.315311 0.402529 0.456561 0.453195 0.399911 0.313862 0.231879 0.210332 0.210332 0.210332 0.210332 0.210332 0.210332 0.210332 0.210332 0.231879 0.313862 0.399911 0.453195 0.448615 0.396359 0.311946 0.231459 0.210332 0.210332 0.210332 0.210332 0.210332 0.210332 0.210332 0.210332 0.231459 0.311946 0.396359 0.448615 0.442726 0.391732 0.309422 0.230945 0.210332 0.210332 0.210332 0.210332 0.210332 0.210332 0.210332 0.210332 0.230945 0.309422 0.391732 0.442726 0.435387 0.385983 0.30629 0.23029 0.210332 0.210332 0.210332 0.210332 0.210332 0.210332 0.210332 0.210332 0.23029 0.30629 0.385983 0.435387 0.42632 0.378925 0.302411 0.229496 0.210332 0.210332 0.210332 0.210332 0.210332 0.210332 0.210332 0.210332 0.229496 0.302411 0.378925 0.42632 0.415242 0.370278 0.29769 0.228514 0.210332 0.210332 0.210332 0.210332 0.210332 0.210332 0.210332 0.210332 0.228514 0.29769 0.370278 0.415242 0.4015 0.359528 0.291847 0.227299 0.210332 0.210332 0.210332 0.210332 0.210332 0.210332 0.210332 0.210332 0.227299 0.291847 0.359528 0.4015 0.383879 0.345833 0.284322 0.22571 0.210332 0.210332 0.210332 0.210332 0.210332 0.210332 0.210332 0.210332 0.22571 0.284322 0.345833 0.383879 0.359668 0.326903 0.273993 0.22356 0.210332 0.210332 0.210332 0.210332 0.210332 0.210332 0.210332 0.210332 0.22356 0.273993 0.326903 0.359668 0.317882 0.294278 0.256184 0.219867 0.210332 0.210332 0.210332 0.210332 0.210332 0.210332 0.210332 0.210332 0.219867 0.256184 0.294278 0.317882 0.210332 0.210332 0.210332 0.210332 0.210332 0.210332 0.210332 0.210332 0.210332 0.210332 0.210332 0.210332 0.210332 0.210332 0.210332 0.210332 0.210332 0.210332 0.210332 0.210332 0.210332 0.210332 0.210332 0.210332 0.210332 0.210332 0.210332 0.210332 0.210332 0.210332 0.210332 0.210332 0.210332 0.210332 0.210332 0.210332 0.210332 0.210332 0.210332 0.210332 0.210332 0.210332 0.210332 0.210332 0.210332 0.210332 0.210332 0.210332 0.210332 0.210332 
</DataArray>
<DataArray type="Float64" Name="cell variable 6" format="ascii">
0.964197 0.964197 0.964197 0.964197 0.964197 0.964197 0.964197 0.964197 0.964197 0.964197 0.964197 0.964197 0.964197 0.964197 0.964197 0.964197 0.964197 0.964197 0.964197 0.964197 0.964197 0.964197 0.964197 0.964197 0.964197 0.964197 0.964197 0.964197 0.964197 0.964197 0.964197 0.964197 0.964197 0.964197 0.964197 0.964197 0.964197 0.964197 0.964197 0.964197 0.964197 0.964197 0.964197 0.964197 0.964197 0.964197 0.964197 0.964197 0.960164 0.960779 0.961911 0.963395 0.964197 0.964197 0.964197 0.964197 0.964197 0.964197 0.964197 0.964197 0.963395 0.961911 0.960779 0.960164 0.958598 0.959447 0.961023 0.963085 0.964197 0.964197 0.964197 0.964197 0.964197 0.964197 0.964197 0.964197 0.963085 0.961023 0.959447 0.958598 0.957691 0.958679 0.960512 0.962904 0.964197 0.964197 0.964197 0.964197 0.964197 0.964197 0.964197 0.964197 0.962904 0.960512 0.958679 0.957691 0.957027 0.95812 0.960135 0.96277 0.964197 0.964197 0.964197 0.964197 0.964197 0.964197 0.964197 0.964197 0.96277 0.960135 0.95812 0.957027 0.956512 0.957681 0.959844 0.96267 0.964197 0.964197 0.964197 0.964197 0.964197 0.964197 0.964197 0.964197 0.96267 0.959844 0.957681 0.956512 0.956096 0.957333 0.95961 0.962584 0.964197 0.964197 0.964197 0.964197 0.964197 0.964197 0.964197 0.964197 0.962584 0.95961 0.957333 0.956096 0.955757 0.957042 0.959419 0.962517 0.964197 0.964197 0.964197 0.964197 0.964197 0.964197 0.964197 0.964197 0.962517 0.959419 0.957042 0.955757 0.955481 0.956808 0.959261 0.962464 0.964197 0.964197 0.964197 0.964197 0.964197 0.964197 0.964197 0.964197 0.962464 0.959261 0.956808 0.955481 0.955261 0.956621 0.959137 0.962421 0.964197 0.964197 0.964197 0.964197 0.964197 0.964197 0.964197 0.964197 0.962421 0.959137 0.956621 0.955261 0.955089 0.956473 0.959037 0.962383 0.964197 0.964197 0.964197 0.964197 0.964197 0.964197 0.964197 0.964197 0.962383 0.959037 0.956473 0.955089 0.954965 0.956368 0.958965 0.962359 0.964197 0.964197 0.964197 0.964197 0.964197 0.964197 0.964197 0.964197 0.962359 0.958965 0.956368 0.954965 0.954879 0.956297 0.958918 0.962345 0.964197 0.964197 0.964197 0.964197 0.964197 0.964197 0.964197 0.964197 0.962345 0.958918 0.956297 0.954879 0.954841 0.956263 0.958894 0.962336 0.964197 0.964197 0.964197 0.964197 0.964197 0.964197 0.964197 0.964197 0.962336 0.958894 0.956263 0.954841 0.954841 0.956263 0.958894 0.962336 0.964197 0.964197 0.964197 0.964197 0.964197 0.964197 0.964197 0.964197 0.962336 0.958894 0.956263 0.954841 0.954879 0.956297 0.958918 0.962345 0.964197 0.964197 0.964197 0.964197 0.964197 0.964197 0.964197 0.964197 0.962345 0.958918 0.956297 0.954879 0.954965 0.956368 0.958965 0.962359 0.964197 0.964197 0.964197 0.964197 0.964197 0.964197 0.964197 0.964197 0.962359 0.958965 0.956368 0.954965 0.955089 0.956473 0.959037 0.962383 0.964197 0.964197 0.964197 0.964197 0.964197 0.964197 0.964197 0.964197 0.962383 0.959037 0.956473 0.955089 0.955261 0.956621 0.959137 0.962421 0.964197 0.964197 0.964197 0.964197 0.964197 0.964197 0.964197 0.964197 0.962421 0.959137 0.956621 0.955261 0.955481 0.956808 0.959261 0.962464 0.964197 0.964197 0.964197 0.964197 0.964197 0.964197 0.964197 0.964197 0.962464 0.959261 0.956808 0.955481 0.955757 0.957042 0.959419 0.962517 0.964197 0.964197 0.964197 0.964197 0.964197 0.964197 0.964197 0.964197 0.962517 0.959419 0.957042 0.955757 0.956096 0.957333 0.95961 0.962584 0.964197 0.964197 0.964197 0.964197 0.964197 0.964197 0.964197 0.964197 0.962584 0.95961 0.957333 0.956096 0.956512 0.957681 0.959844 0.96267 0.964197 0.964197 0.964197 0.964197 0.964197 0.964197 0.964197 0.964197 0.96267 0.959844 0.957681 0.956512 0.957027 0.95812 0.960135 0.96277 0.964197 0.964197 0.964197 0.964197 0.964197 0.964197 0.964197 0.964197 0.96277 0.960135 0.95812 0.957027 0.957691 0.958679 0.960512 0.962904 0.964197 0.964197 0.964197 0.964197 0.964197 0.964197 0.964197 0.964197 0.962904 0.960512 0.958679 0.957691 0.958598 0.959447 0.961023 0.963085 0.964197 0.964197 0.964197 0.964197 0.964197 0.964197 0.964197 0.964197 0.963085 0.961023 0.959447 0.958598 0.960164 0.960779 0.961911 0.963395 0.964197 0.964197 0.964197 0.964197 0.964197 0.964197 0.964197 0.964197 0.963395 0.961911 0.960779 0.960164 0.964197 0.964197 0.964197 0.964197 0.964197 0.964197 0.964197 0.964197 0.964197 0.964197 0.964197 0.964197 0.964197 0.964197 0.964197 0.964197 0.964197 0.964197 0.964197 0.964197 0.964197 0.964197 0.964197 0.964197 0.964197 0.964197 0.964197 0.964197 0.964197 0.964197 0.964197 0.964197 0.964197 0.964197 0.964197 0.964197 0.964197 0.964197 0.964197 0.964197 0.964197 0.964197 0.964197 0.964197 0.964197 0.964197 0.964197 0.964197 0.964197 0.964197 
</DataArray>
<DataArray type="Float64" Name="cell variable 7" format="ascii">
0 0 0 0 0 0 0 0 0 0 0 0 0 0 0 0 0 0 0 0 0 0 0 0 0 0 0 0 0 0 0 0 0 0 0 0 0 0 0 0 0 0 0 0 0 0 0 0 0 0 0 0 0 0 0 0 0 0 0 0 0 0 0 0 0 0 0 0 0 0 0 0 0 0 0 0 0 0 0 0 0 0 0 0 0 0 0 0 0 0 0 0 0 0 0 0 0 0 0 0 0 0 0 0 0 0 0 0 0 0 0 0 0 0 0 0 0 0 0 0 0 0 0 0 0 0 0 0 0 0 0 0 0 0 0 0 0 0 0 0 0 0 0 0 0 0 0 0 0 0 0 0 0 0 0 0 0 0 0 0 0 0 0 0 0 0 0 0 0 0 0 0 0 0 0 0 0 0 0 0 0 0 0 0 0 0 0 0 0 0 0 0 0 0 0 0 0 0 0 0 0 0 0 0 0 0 0 0 0 0 0 0 0 0 0 0 0 0 0 0 0 0 0 0 0 0 0 0 0 0 0 0 0 0 0 0 0 0 0 0 0 0 0 0 0 0 0 0 0 0 0 0 0 0 0 0 0 0 0 0 0 0 0 0 0 0 0 0 0 0 0 0 0 0 0 0 0 0 0 0 0 0 0 0 0 0 0 0 0 0 0 0 0 0 0 0 0 0 0 0 0 0 0 0 0 0 0 0 0 0 0 0 0 0 0 0 0 0 0 0 0 0 0 0 0 0 0 0 0 0 0 0 0 0 0 0 0 0 0 0 0 0 0 0 0 0 0 0 0 0 0 0 0 0 0 0 0 0 0 0 0 0 0 0 0 0 0 0 0 0 0 0 0 0 0 0 0 0 0 0 0 0 0 0 0 0 0 0 0 0 0 0 0 0 0 0 0 0 0 0 0 0 0 0 0 0 0 0 0 0 0 0 0 0 0 0 0 0 0 0 0 0 0 0 0 0 0 0 0 0 0 0 0 0 0 0 0 0 0 0 0 0 0 0 0 0 0 0 0 0 0 0 0 0 0 0 0 0 0 0 0 0 0 0 0 0 0 0 0 0 0 0 0 0 0 0 0 0 0 0 0 0 0 0 0 0 0 0 0 0 0 0 0 0 0 0 0 0 0 0 0 0 0 0 0 0 0 0 0 0 0 0 1 1 
</DataArray>
<DataArray type="Float64" Name="cell variable 8" format="ascii">
11.25 33.75 56.25 78.75 101.25 123.75 146.25 168.75 191.25 213.75 236.25 258.75 281.25 303.75 326.25 348.75 11.25 33.75 56.25 78.75 101.25 123.75 146.25 168.75 191.25 213.75 236.25 258.75 281.25 303.75 326.25 348.75 11.25 33.75 56.25 78.75 101.25 123.75 146.25 168.75 191.25 213.75 236.25 258.75 281.25 303.75 326.25 348.75 11.25 33.75 56.25 78.75 101.25 123.75 146.25 168.75 191.25 213.75 236.25 258.75 281.25 303.75 326.25 348.75 11.25 33.75 56.25 78.75 101.25 123.75 146.25 168.75 191.25 213.75 236.25 258.75 281.25 303.75 326.25 348.75 11.25 33.75 56.25 78.75 101.25 123.75 146.25 168.75 191.25 213.75 236.25 258.75 281.25 303.75 326.25 348.75 11.25 33.75 56.25 78.75 101.25 123.75 146.25 168.75 191.25 213.75 236.25 258.75 281.25 303.75 326.25 348.75 11.25 33.75 56.25 78.75 101.25 123.75 146.25 168.75 191.25 213.75 236.25 258.75 281.25 303.75 326.25 348.75 11.25 33.75 56.25 78.75 101.25 123.75 146.25 168.75 191.25 213.75 236.25 258.75 281.25 303.75 326.25 348.75 11.25 33.75 56.25 78.75 101.25 123.75 146.25 168.75 191.25 213.75 236.25 258.75 281.25 303.75 326.25 348.75 11.25 33.75 56.25 78.75 101.25 123.75 146.25 168.75 191.25 213.75 236.25 258.75 281.25 303.75 326.25 348.75 11.25 33.75 56.25 78.75 101.25 123.75 146.25 168.75 191.25 213.75 236.25 258.75 281.25 303.75 326.25 348.75 11.25 33.75 56.25 78.75 101.25 123.75 146.25 168.75 191.25 213.75 236.25 258.75 281.25 303.75 326.25 348.75 11.25 33.75 56.25 78.75 101.25 123.75 146.25 168.75 191.25 213.75 236.25 258.75 281.25 303.75 326.25 348.75 11.25 33.75 56.25 78.75 101.25 123.75 146.25 168.75 191.25 213.75 236.25 258.75 281.25 303.75 326.25 348.75 11.25 33.75 56.25 78.75 101.25 123.75 146.25 168.75 191.25 213.75 236.25 258.75 281.25 303.75 326.25 348.75 11.25 33.75 56.25 78.75 101.25 123.75 146.25 168.75 191.25 213.75 236.25 258.75 281.25 303.75 326.25 348.75 11.25 33.75 56.25 78.75 101.25 123.75 146.25 168.75 191.25 213.75 236.25 258.75 281.25 303.75 326.25 348.75 11.25 33.75 56.25 78.75 101.25 123.75 146.25 168.75 191.25 213.75 236.25 258.75 281.25 303.75 326.25 348.75 11.25 33.75 56.25 78.75 101.25 123.75 146.25 168.75 191.25 213.75 236.25 258.75 281.25 303.75 326.25 348.75 11.25 33.75 56.25 78.75 101.25 123.75 146.25 168.75 191.25 213.75 236.25 258.75 281.25 303.75 326.25 348.75 11.25 33.75 56.25 78.75 101.25 123.75 146.25 168.75 191.25 213.75 236.25 258.75 281.25 303.75 326.25 348.75 11.25 33.75 56.25 78.75 101.25 123.75 146.25 168.75 191.25 213.75 236.25 258.75 281.25 303.75 326.25 348.75 11.25 33.75 56.25 78.75 101.25 123.75 146.25 168.75 191.25 213.75 236.25 258.75 281.25 303.75 326.25 348.75 11.25 33.75 56.25 78.75 101.25 123.75 146.25 168.75 191.25 213.75 236.25 258.75 281.25 303.75 326.25 348.75 11.25 33.75 56.25 78.75 101.25 123.75 146.25 168.75 191.25 213.75 236.25 258.75 281.25 303.75 326.25 348.75 11.25 33.75 56.25 78.75 101.25 123.75 146.25 168.75 191.25 213.75 236.25 258.75 281.25 303.75 326.25 348.75 11.25 33.75 56.25 78.75 101.25 123.75 146.25 168.75 191.25 213.75 236.25 258.75 281.25 303.75 326.25 348.75 11.25 33.75 56.25 78.75 101.25 123.75 146.25 168.75 191.25 213.75 236.25 258.75 281.25 303.75 326.25 348.75 11.25 33.75 56.25 78.75 101.25 123.75 146.25 168.75 191.25 213.75 236.25 258.75 281.25 303.75 326.25 348.75 11.25 33.75 56.25 78.75 101.25 123.75 146.25 168.75 191.25 213.75 236.25 258.75 281.25 303.75 326.25 348.75 11.25 33.75 56.25 78.75 101.25 123.75 146.25 168.75 191.25 213.75 236.25 258.75 281.25 303.75 326.25 348.75 0 0 
</DataArray>
</CellData>
</Piece>
</UnstructuredGrid>
</VTKFile>
