<VTKFile type="UnstructuredGrid" version="0.1">
<UnstructuredGrid>
<Piece  NumberOfPoints="    2080" NumberOfCells="     514">
<Points>
<DataArray type="Float64" NumberOfComponents="3" format="ascii">
43.978 -38.905 1.55066
38.8813 -38.3351 27.1709
44.2027 -22.1963 28.6289
49.5473 -22.7851 1.50814
37.7658 -38.2162 29.8782
23.3411 -36.7048 51.5699
27.8086 -20.4787 54.3173
43.0871 -22.0774 31.3361
21.2806 -36.49 53.6406
-0.293553 -34.2476 68.156
2.8861 -17.8784 71.71
25.7481 -20.2638 56.3881
-2.98613 -33.9662 69.2762
-28.4777 -31.2942 74.4051
-26.7593 -14.7549 78.178
0.19352 -17.5969 72.8303
-31.3936 -30.9867 74.4042
-56.9345 -28.2833 69.3216
-56.6125 -11.5836 72.7571
-29.6752 -14.4474 78.1771
-59.6295 -27.9962 68.1984
-81.2978 -25.6747 53.6455
-82.1406 -8.84601 56.2754
-59.3075 -11.2965 71.634
-83.3605 -25.4519 51.5703
-97.8167 -23.8721 29.7746
-99.4677 -6.95872 31.2326
-84.2032 -8.6232 54.2002
-98.9322 -23.7484 27.0642
-103.972 -23.1637 1.3878
-105.961 -6.22118 1.42826
-100.583 -6.83494 28.5221
-103.971 -23.1596 -1.54379
-98.87 -23.6758 -27.1627
-100.625 -6.7665 -28.6031
-105.96 -6.21704 -1.50333
-97.7558 -23.7942 -29.8691
-83.3397 -25.3503 -51.5591
-84.269 -8.53554 -54.284
-99.511 -6.8849 -31.3095
-81.2821 -25.5739 -53.6298
-59.7242 -27.9224 -68.1447
-59.388 -11.2427 -71.686
-82.2114 -8.75914 -56.3547
-57.0341 -28.2145 -69.2658
-31.5541 -30.9731 -74.3968
-29.7626 -14.4433 -78.172
-56.6979 -11.5348 -72.8071
-28.6389 -31.2872 -74.3971
-3.09926 -34.0255 -69.317
0.0997478 -17.6419 -72.7698
-26.8473 -14.7574 -78.1723
-0.402798 -34.3126 -68.1947
21.2735 -36.6024 -53.6424
25.6615 -20.3449 -56.2989
2.79621 -17.9291 -71.6474
23.3387 -36.8186 -51.5673
37.8081 -38.3113 -29.771
43.0298 -22.1463 -31.2503
27.7267 -20.5611 -54.2238
38.9261 -38.4247 -27.0597
43.9776 -38.9095 -1.38217
49.5469 -22.7895 -1.42468
44.1477 -22.2597 -28.5391
50.0076 -20.9614 1.558
44.663 -20.3726 28.6787
47.5301 -3.48176 29.1094
52.9776 -4.07564 1.5338
28.2277 -18.6513 54.4664
30.8047 -1.72626 55.2637
46.3734 -3.35913 31.9159
43.5062 -20.25 31.4852
3.22795 -16.0426 71.9324
5.42386 0.929525 72.9365
28.667 -1.50299 57.4077
26.0899 -18.428 56.6104
-26.5145 -12.9076 78.4357
-24.7314 4.11351 79.4952
2.63419 1.22246 74.0921
0.438273 -15.7496 73.088
-56.468 -9.72432 73.0105
-55.0703 7.34395 73.9718
-27.7476 4.43299 79.49
-29.5307 -12.5881 78.4304
-82.0855 -6.97648 56.4885
-80.9988 10.1252 57.2225
-57.8547 7.64128 72.8084
-59.2524 -9.42698 71.847
-99.4809 -5.08206 31.3764
-98.6036 12.0349 31.7873
-83.1298 10.3551 55.078
-84.2165 -6.74653 54.344
-106.013 -4.34117 1.48146
-105.216 12.7759 1.5033
-99.7585 12.1621 28.9863
-100.636 -4.95493 28.5753
-100.681 -4.88727 -28.6512
-99.8092 12.2177 -29.0317
-105.219 12.7793 -1.52961
-106.016 -4.3378 -1.55146
-84.2872 -6.66088 -54.4288
-83.1867 10.4267 -55.1596
-98.6575 12.0948 -31.8348
-99.5292 -5.01023 -31.4543
-59.3334 -9.37549 -71.9044
-57.9054 7.68484 -72.8666
-81.0564 10.1956 -57.3039
-82.1568 -6.89198 -56.5731
-29.6137 -12.5855 -78.4282
-27.7934 4.43124 -79.4881
-55.1211 7.38337 -74.0255
-56.5491 -9.67697 -73.0633
0.34911 -15.7943 -73.0248
2.5761 1.17864 -74.0304
-24.7776 4.10701 -79.4872
-26.598 -12.9097 -78.4273
26.0034 -18.5067 -56.5163
28.5981 -1.57063 -57.3203
5.36512 0.882001 -72.8704
3.13812 -16.0909 -71.8648
43.4446 -20.3159 -31.3988
46.3094 -3.41151 -31.8643
30.7363 -1.79468 -55.1763
28.1416 -18.7307 -54.3723
44.6053 -20.4346 -28.5945
50.0044 -20.9644 -1.48009
52.9744 -4.07866 -1.50428
47.47 -3.53019 -29.06
53.2694 -2.19438 1.55045
47.8219 -1.6005 29.1261
50.1223 15.4183 29.3347
55.6538 14.8226 1.53683
46.6468 -1.47653 31.965
31.0781 0.156338 55.3127
33.1906 17.1915 55.6499
48.9472 15.5423 32.1736
28.9111 0.382773 57.4766
5.66802 2.81528 73.0054
7.58332 19.8692 73.3578
31.0237 17.4179 57.8138
2.84666 3.11175 74.1669
-24.5189 6.0028 79.5699
-22.7507 23.0784 79.8527
4.76196 20.1656 74.5192
-27.563 6.32567 79.5584
-54.8858 9.23663 74.0403
-53.1784 26.3282 74.2105
-25.7949 23.4013 79.8412
-57.6908 9.53633 72.8621
-80.835 12.0202 57.2762
-79.118 29.1103 57.3517
-55.9835 26.6279 73.0323
-82.9791 12.2509 55.1125
-98.4529 13.9307 31.8218
-96.7 31.0083 31.8478
-81.2621 29.3409 55.188
-99.6142 14.0574 28.9993
-105.072 14.6712 1.51631
-103.296 31.7371 1.52726
-97.8612 31.1349 29.0253
-105.074 14.6738 -1.53932
-99.6646 14.1122 -29.0414
-97.8964 31.1757 -29.0443
-103.298 31.7397 -1.52837
-98.5055 13.9887 -31.867
-83.0347 12.3206 -55.1919
-81.2947 29.3946 -55.2449
-96.7372 31.0522 -31.87
-80.89 12.0892 -57.3566
-57.739 9.57845 -72.9193
-56.0079 26.6605 -73.075
-79.15 29.1632 -57.4096
-54.9334 9.27531 -74.0937
-27.6057 6.32318 -79.5562
-25.8142 23.3956 -79.8399
-53.2022 26.3574 -74.2494
-24.5619 5.99626 -79.5625
2.79187 3.06789 -74.1057
4.73292 20.125 -74.4758
-22.7704 23.0687 -79.8462
5.6121 2.76861 -72.9407
28.8451 0.315972 -57.3906
30.9845 17.3623 -57.7534
7.55315 19.8257 -73.3108
31.0114 0.089536 -55.2279
46.5845 -1.5273 -31.916
48.9016 15.5033 -32.152
33.1508 17.1359 -55.5907
47.7622 -1.64812 -29.0805
53.2666 -2.19659 -1.52475
55.6511 14.8204 -1.53836
50.0793 15.3825 -29.3165
55.9351 16.6175 1.55603
50.4036 17.2131 29.3539
53.1906 32.8274 29.4613
58.6734 31.6133 1.54854
49.2122 17.4062 32.2218
33.4556 19.0554 55.6981
36.4147 36.4312 55.858
51.9992 33.0205 32.3292
31.2725 19.4073 57.8652
7.83215 21.8586 73.4093
11.099 41.8373 73.5496
34.2316 36.7831 58.0251
5.01119 22.3145 74.5516
-22.5015 25.2273 79.885
-18.8088 48.2371 79.9508
8.27801 42.2932 74.692
-25.5222 25.718 79.8456
-52.9058 28.645 74.2149
-48.704 54.65 74.1824
-21.8295 48.7279 79.9114
-55.6705 29.0957 73.0157
-78.805 31.5781 57.3351
-74.1039 60.0984 57.248
-51.4687 55.1007 72.9831
-80.9071 31.9217 55.1673
-96.3449 33.589 31.8271
-91.2738 63.7757 31.7601
-76.206 60.442 55.0802
-97.4792 33.7753 29.0169
-102.914 34.3775 1.51887
-97.6968 65.1406 1.52853
-92.4081 63.9621 28.9499
-102.915 34.3792 -1.51756
-97.5132 33.8152 -29.0335
-92.4194 63.9854 -28.9423
-97.6981 65.1422 -1.5079
-96.3797 33.6309 -31.8465
-80.9372 31.9733 -55.2214
-76.2083 60.4717 -55.1056
-91.286 63.8011 -31.7553
-78.8343 31.6293 -57.3906
-55.6922 29.1266 -73.0561
-51.467 55.1173 -73.0042
-74.1054 60.1277 -57.2748
-52.9271 28.6733 -74.253
-25.5391 25.7116 -79.8435
-21.8272 48.7168 -79.9092
-48.7019 54.664 -74.2011
-22.5187 25.2176 -79.8796
4.98463 22.2739 -74.5092
8.27172 42.2561 -74.6673
-18.8068 48.2229 -79.9452
7.80456 21.8159 -73.3646
31.2359 19.3525 -57.8072
34.2159 36.7363 -57.9896
11.0917 41.7981 -73.5228
33.418 19.001 -55.6414
49.1688 17.3684 -32.2027
51.9697 32.9912 -32.3281
36.398 36.3848 -55.8239
50.3615 17.1779 -29.338
55.9332 16.6158 -1.55993
58.6715 31.6116 -1.56742
53.1624 32.8007 -29.4633
59.0601 33.2906 1.55154
53.5773 34.5047 29.4643
57.8536 49.7075 29.4723
63.1832 47.8883 1.5469
52.4091 34.8303 32.3372
36.8246 38.2409 55.866
41.5569 55.165 55.87
56.6854 50.0331 32.3452
34.6871 38.8349 58.0338
11.5545 43.8891 73.5583
16.9807 63.3598 73.5585
39.4193 55.759 58.0378
8.79622 44.6563 74.6979
-18.2906 50.6001 79.9567
-12.046 73.04 79.9632
14.2225 64.1269 74.6981
-21.2396 51.4225 79.9126
-48.1142 57.3446 74.1836
-41.0499 82.7229 74.19
-14.9951 73.8624 79.919
-50.8087 58.0976 72.98
-73.4439 63.0953 57.2448
-65.68 90.9447 57.2462
-43.7445 83.4759 72.9864
-75.4896 63.6678 55.0759
-90.5575 67.0015 31.7558
-82.3214 96.4916 31.7553
-67.7257 91.5172 55.0773
-91.6598 67.3106 28.9484
-96.9485 68.4891 1.52699
-88.5418 98.5493 1.53039
-83.4237 96.8007 28.9478
-96.9488 68.49 -1.50474
-91.6702 67.3331 -28.9391
-83.4237 96.8111 -28.9289
-88.5421 98.5501 -1.50134
-90.5675 67.025 -31.7488
-75.4898 63.6956 -55.0992
-67.7124 91.5271 -55.0871
-82.321 96.5029 -31.7387
-73.4433 63.1226 -57.2696
-50.8049 58.1122 -72.999
-43.7291 83.4772 -72.9952
-65.6659 90.9542 -57.2574
-48.1102 57.3575 -74.2015
-21.2356 51.4104 -79.9095
-14.9814 73.8454 -79.9164
-41.0344 82.7224 -74.1977
-18.287 50.5858 -79.9519
8.7916 44.619 -74.674
14.2292 64.0923 -74.6858
-12.0327 73.0208 -79.9589
11.5489 43.8505 -73.5333
34.6732 38.7887 -58.0001
39.4185 55.7195 -58.0194
16.9866 63.3238 -73.545
36.8095 38.1954 -55.8337
52.3812 34.8018 -32.3379
56.6676 50.0114 -32.3576
41.5548 55.1261 -55.853
53.5498 34.4784 -29.4678
59.0589 33.2894 -1.57188
63.182 47.8871 -1.57652
57.8362 49.6879 -29.4874
63.7374 49.5121 1.54668
58.4078 51.3313 29.4721
64.2982 65.9505 29.4615
69.3977 63.5486 1.54414
57.2819 51.7854 32.3447
42.1533 56.9174 55.8695
48.708 73.1934 55.8472
63.1722 66.4045 32.3341
40.0943 57.7462 58.0367
17.6557 65.3469 73.5574
25.2006 84.0769 73.5343
46.649 74.0222 58.0143
14.9994 66.4163 74.6975
-11.2691 75.3294 79.9625
-2.57051 96.9257 79.9544
22.5443 85.1462 74.6744
-14.109 76.474 79.9192
-40.1639 85.3345 74.1902
-30.3247 109.769 74.1929
-5.41043 98.0703 79.9111
-42.7582 86.3814 72.9868
-64.6937 93.8502 57.2465
-53.8916 120.67 57.2492
-32.919 110.816 72.9894
-66.6627 94.6453 55.0774
-81.2584 99.6197 31.7553
-69.8116 128.022 31.7551
-55.8606 121.465 55.08
-82.319 100.048 28.9479
-87.4371 101.797 1.53044
-75.7616 130.75 1.5302
-70.8722 128.45 28.9476
-87.437 101.797 -1.50094
-82.3186 100.058 -28.9285
-70.8675 128.451 -28.9269
-75.7615 130.75 -1.50117
-81.2572 99.6296 -31.7379
-66.6485 94.6538 -55.0863
-55.8416 121.46 -55.0845
-69.806 128.023 -31.7363
-64.6786 93.8581 -57.2569
-42.7419 86.3811 -72.9946
-32.8987 110.805 -72.9941
-53.8717 120.664 -57.255
-40.1476 85.3331 -74.1976
-14.0945 76.456 -79.9163
-5.39225 98.0485 -79.9105
-30.3044 109.757 -74.1971
-11.255 75.31 -79.9588
15.007 66.3816 -74.6858
22.5574 85.1139 -74.6705
-2.55273 96.9024 -79.953
17.6626 65.3115 -73.5452
40.0946 57.7071 -58.0195
46.6565 73.9889 -58.0069
25.213 84.0438 -73.5299
42.1523 56.8792 -55.8537
57.2651 51.7644 -32.3583
63.1621 66.3892 -32.3546
48.7142 73.1609 -55.8411
58.3908 51.3121 -29.4881
63.7366 49.5112 -1.57719
69.397 63.5478 -1.57973
64.2878 65.9369 -29.4845
70.1254 65.0993 1.54346
65.0258 67.5011 29.4609
72.495 81.3584 29.4497
77.2986 78.4033 1.54245
63.9572 68.0781 32.3323
49.493 74.867 55.8453
57.8098 90.2972 55.8224
71.4264 81.9354 32.3211
47.5394 75.9204 58.0118
26.091 85.9751 73.5318
35.6665 103.736 73.5069
55.8562 91.3506 57.9888
23.5704 87.3337 74.6725
-1.54439 99.1131 79.9526
9.499 119.599 79.9394
33.1459 105.095 74.6476
-4.23966 100.567 79.9106
-29.1539 112.265 74.1923
-16.6595 135.451 74.1897
6.80372 121.053 79.8974
-31.6162 113.594 72.9895
-52.5888 123.447 57.2492
-38.8735 148.901 57.2485
-19.1219 136.78 72.9868
-54.4575 124.456 55.08
-68.4084 131.013 31.7551
-53.8794 157.971 31.7528
-40.7422 149.91 55.0793
-69.4147 131.556 28.9475
-74.3041 133.855 1.53005
-59.489 161.338 1.5278
-54.8857 158.514 28.9452
-74.3039 133.855 -1.50123
-69.4099 131.556 -28.9269
-54.88 158.509 -28.9278
-59.4887 161.338 -1.50347
-68.4026 131.013 -31.7362
-54.4381 124.45 -55.0844
-40.7229 149.895 -55.0842
-53.8727 157.965 -31.737
-52.5687 123.441 -57.2549
-31.5957 113.582 -72.994
-19.1016 136.761 -72.9924
-38.8535 148.886 -57.2547
-29.1334 112.253 -74.1966
-4.22129 100.544 -79.91
6.82236 121.028 -79.9005
-16.6393 135.432 -74.195
-1.52631 99.0898 -79.9517
23.5838 87.3013 -74.6692
33.1614 105.065 -74.65
9.51734 119.574 -79.9422
26.1039 85.9424 -73.5282
47.5474 75.8874 -58.0052
55.8677 91.3227 -57.9884
35.6815 103.706 -73.5091
49.4998 74.8351 -55.84
63.9477 68.0633 -32.3535
71.4213 81.9255 -32.3458
57.8202 90.2704 -55.8232
65.0158 67.4879 -29.4843
70.1249 65.0987 -1.57952
77.2981 78.4028 -1.58053
72.4894 81.3501 -29.4765
78.1935 79.8618 1.54189
73.3899 82.8169 29.4491
82.3532 95.7419 29.4408
86.7994 92.2709 1.54195
72.3922 83.5095 32.3195
58.7756 91.8713 55.8207
68.7568 106.265 55.8032
81.3555 96.4345 32.3112
56.9518 93.1363 57.9865
36.7621 105.522 73.5045
48.2522 122.095 73.4848
66.933 107.53 57.969
34.4087 107.153 74.6457
10.7618 121.658 79.9375
24.0133 140.781 79.9255
45.8988 123.726 74.6259
8.24471 123.403 79.8965
-15.2185 137.801 74.1888
-0.223422 159.451 74.184
21.4963 142.526 79.8845
-17.5183 139.395 72.9865
-37.27 151.517 57.2482
-20.81 175.288 57.2459
-2.52322 161.045 72.9817
-39.0154 152.727 55.079
-52.1526 160.788 31.7526
-34.7192 185.968 31.7493
-22.5554 176.498 55.0767
-53.0925 161.439 28.9449
-57.6957 164.263 1.52748
-39.9206 189.935 1.52423
-35.6591 186.619 28.9417
-57.6955 164.263 -1.50371
-53.0868 161.434 -28.928
-35.6543 186.61 -28.9302
-39.9203 189.935 -1.50696
-52.146 160.782 -31.7371
-38.9962 152.711 -55.0843
-22.5389 176.477 -55.0851
-34.7135 185.958 -31.7393
-37.2501 151.501 -57.2546
-17.4982 139.376 -72.9923
-2.50556 161.022 -72.9907
-20.7928 175.267 -57.2554
-15.1984 137.781 -74.1945
8.26322 123.378 -79.8999
21.5133 142.5 -79.8921
-0.205779 159.427 -74.1928
10.7801 121.632 -79.9408
34.4242 107.123 -74.6486
45.9144 123.699 -74.6333
24.0302 140.755 -79.933
36.7773 105.492 -73.5073
56.9635 93.1089 -57.9866
66.9461 107.507 -57.9729
48.2675 122.068 -73.492
58.7863 91.845 -55.8219
72.3874 83.5001 -32.3446
81.3536 96.4294 -32.3374
68.7689 106.243 -55.8082
73.3845 82.8088 -29.4761
78.1932 79.8615 -1.58012
86.7992 92.2706 -1.58006
82.3507 95.738 -29.469
87.8509 93.6192 1.5416
83.4047 97.0903 29.4405
93.7513 108.924 29.4355
97.7824 104.983 1.54237
82.4906 97.8896 32.3101
69.8919 107.72 55.8022
81.4218 120.893 55.7945
92.8372 109.724 32.3051
68.2209 109.181 57.968
49.5401 123.746 73.4838
62.8097 138.919 73.4919
79.7509 122.354 57.9604
47.3829 125.631 74.6259
25.4974 142.685 79.9255
40.7923 160.207 79.9461
60.6525 140.804 74.634
23.1895 144.7 79.8851
1.46977 161.625 74.1846
18.7706 181.477 74.2023
38.4843 162.222 79.9058
-0.639252 163.466 72.9821
-18.926 177.71 57.2462
0.0636023 199.513 57.2485
16.6616 183.317 72.9998
-20.5266 179.106 55.0765
-32.6905 188.576 31.7491
-12.5696 211.667 31.746
-1.53701 200.909 55.0788
-33.5522 189.327 28.9413
-37.8136 192.643 1.52384
-17.2952 216.184 1.52021
-13.4313 212.418 28.9382
-37.8134 192.643 -1.50729
-33.5474 189.318 -28.9305
-13.4281 212.407 -28.9337
-17.295 216.184 -1.51092
-32.685 188.566 -31.7396
-20.5104 179.085 -55.0854
-1.52454 200.885 -55.0917
-12.5658 211.655 -31.7428
-18.9091 177.688 -57.2561
-0.621933 163.443 -72.9915
16.6756 183.292 -73.0132
0.0766897 199.489 -57.2624
1.48714 161.602 -74.1939
23.2062 144.674 -79.8931
38.4989 162.197 -79.9178
18.7847 181.451 -74.2156
25.5142 142.659 -79.9334
47.3984 125.603 -74.6337
60.6673 140.779 -74.6452
40.8068 160.181 -79.9581
49.5555 123.719 -73.4914
68.2341 109.159 -57.9723
79.7645 122.335 -57.9671
62.8243 138.895 -73.5028
69.9043 107.699 -55.8074
82.489 97.8848 -32.3365
92.8379 109.722 -32.3312
81.4346 120.875 -55.8022
83.4024 97.0865 -29.4686
87.8508 93.6191 -1.57967
97.7823 104.983 -1.5789
93.7513 108.924 -29.4632
98.9772 106.205 1.54222
94.9461 110.146 29.4353
106.543 120.749 29.4322
110.108 116.385 1.54345
94.1272 111.042 32.3044
82.7119 122.211 55.7939
95.6282 134.008 55.7895
105.724 121.645 32.3013
81.2143 123.849 57.9605
64.2732 140.414 73.4921
79.1347 153.999 73.5026
94.1306 135.646 57.9561
62.3385 142.529 74.6357
42.4782 161.932 79.9478
59.6137 177.624 79.9688
77.2 156.114 74.6463
40.4078 164.194 79.9079
20.6941 183.448 74.2044
40.0853 201.232 74.2215
57.5433 179.886 79.9289
18.8021 185.514 73.0008
2.20412 201.71 57.2494
23.5009 221.254 57.2516
38.1933 203.298 73.0178
0.768886 203.275 55.0786
-10.2637 214.033 31.7459
12.3071 234.738 31.7429
22.0656 222.82 55.0808
-11.036 214.875 28.9378
-14.8999 218.641 1.51983
8.11615 239.751 1.51624
11.5348 235.58 28.9348
-14.8998 218.641 -1.5113
-11.0329 214.864 -28.9341
11.5359 235.569 -28.9374
8.11624 239.751 -1.51489
-10.2602 214.021 -31.7432
0.781039 203.251 -55.0921
22.0738 222.795 -55.0983
12.3087 234.725 -31.7465
2.21681 201.685 -57.2638
18.8157 185.489 -73.0146
38.2037 203.273 -73.0354
23.5096 221.229 -57.2699
20.7078 183.423 -74.2181
40.422 164.168 -79.9203
57.5553 179.862 -79.9448
40.0958 201.208 -74.2389
42.4926 161.907 -79.9601
62.3531 142.504 -74.6472
77.2135 156.092 -74.6603
59.6259 177.6 -79.9846
64.2877 140.39 -73.5032
81.2279 123.831 -57.9676
94.1442 135.631 -57.9649
79.1482 153.978 -73.5163
82.7248 122.194 -55.8016
94.1281 111.041 -32.3306
105.727 121.646 -32.3263
95.6411 133.994 -55.799
94.9462 110.146 -29.4629
98.9772 106.205 -1.57858
110.108 116.385 -1.57735
106.545 120.751 -29.4586
111.431 117.466 1.54337
107.866 121.83 29.4321
120.564 131.075 29.4297
123.622 126.341 1.54488
107.152 122.811 32.3008
97.056 135.174 55.789
111.191 145.469 55.7815
119.85 132.056 32.2985
95.7499 136.969 57.9557
80.754 155.322 73.5022
97.0247 167.174 73.4903
109.885 147.263 57.9482
79.0663 157.64 74.6465
61.48 179.15 79.9691
80.2555 192.831 79.9583
95.337 169.492 74.6346
59.6737 181.629 79.9294
42.2158 202.976 74.222
63.4781 218.473 74.2151
78.4492 195.31 79.9187
40.5654 205.241 73.0181
25.8729 223.196 57.2519
49.2297 240.225 57.2491
61.8277 220.738 73.0111
24.6215 224.913 55.0806
14.8629 236.832 31.7427
39.6093 254.881 31.7396
47.9783 241.942 55.0778
14.1895 237.755 28.9344
10.7709 241.926 1.51586
36.0031 260.332 1.51251
38.9359 255.804 28.9313
10.7709 241.925 -1.51524
14.1906 237.743 -28.9377
38.9351 255.793 -28.9405
36.0031 260.331 -1.51859
14.8642 236.819 -31.7469
24.6294 224.889 -55.0986
47.9825 241.919 -55.0993
39.6088 254.868 -31.7496
25.8813 223.171 -57.2706
40.5754 205.216 -73.036
61.8348 220.715 -73.0322
49.2344 240.201 -57.2712
42.226 202.951 -74.2399
59.6855 181.605 -79.9457
78.459 195.288 -79.9377
63.4854 218.45 -74.236
61.492 179.126 -79.9852
79.0796 157.618 -74.6608
95.3493 169.473 -74.6508
80.2655 192.809 -79.9771
80.7674 155.301 -73.5162
95.7634 136.954 -57.9648
109.899 147.251 -57.9587
97.0371 167.156 -73.5061
97.069 135.161 -55.7985
107.155 122.812 -32.3258
119.855 132.059 -32.3218
111.204 145.458 -55.7924
107.868 121.832 -29.4583
111.431 117.466 -1.57703
123.622 126.341 -1.57552
120.568 131.078 -29.4543
125.056 127.267 1.54486
121.998 132.002 29.4297
135.641 139.775 29.4282
138.154 134.728 1.54654
121.398 133.057 32.298
112.739 146.469 55.781
127.928 155.125 55.7748
135.041 140.83 32.2965
111.641 148.398 57.9472
98.7804 168.309 73.4893
116.267 178.274 73.4792
126.83 157.054 57.941
97.3613 170.8 74.6334
82.2798 194.139 79.9572
102.462 205.64 79.9481
114.848 180.765 74.6233
80.7611 196.805 79.9178
65.7899 219.968 74.2142
88.6488 232.996 74.2092
100.943 208.306 79.9087
64.4024 222.403 73.0107
51.8045 241.89 57.2487
76.9165 256.204 57.2469
87.2613 235.431 73.0057
50.7524 243.736 55.0776
42.3834 256.675 31.7393
68.9911 271.847 31.7367
75.8644 258.05 55.0758
41.8171 257.668 28.931
38.8843 262.196 1.51217
66.0154 277.668 1.50918
68.4249 272.84 28.9284
38.8842 262.195 -1.51891
41.8162 257.657 -28.9408
68.4225 272.829 -28.9433
66.0153 277.667 -1.5219
42.3826 256.663 -31.7498
50.7563 243.713 -55.0994
75.8653 258.029 -55.1001
68.9889 271.835 -31.7523
51.8088 241.866 -57.2711
64.4092 222.38 -73.032
87.2658 235.41 -73.0292
76.9178 256.183 -57.2717
65.797 219.945 -74.2354
80.7707 196.783 -79.9371
100.952 208.286 -79.9298
88.6536 232.975 -74.2325
82.2897 194.118 -79.9762
97.3734 170.781 -74.6498
114.859 180.749 -74.6409
102.471 205.621 -79.9689
98.7927 168.291 -73.5053
111.654 148.386 -57.9578
126.843 157.044 -57.9527
116.279 178.258 -73.4963
112.752 146.458 -55.7919
121.403 133.059 -32.3213
135.048 140.832 -32.3178
127.941 155.116 -55.7868
122.002 132.005 -29.4539
125.056 127.268 -1.5752
138.154 134.729 -1.57352
135.647 139.778 -29.4505
139.682 135.489 1.54658
137.169 140.536 29.4282
151.59 146.74 29.4277
153.526 141.444 1.54834
136.69 141.651 32.2961
129.577 155.946 55.7745
145.633 162.854 55.7708
151.11 147.855 32.2956
128.701 157.985 57.9403
118.138 179.206 73.4784
136.625 187.158 73.4725
144.757 164.893 57.9366
117.005 181.84 74.6224
104.62 206.715 79.9473
125.957 215.893 79.9426
135.492 189.792 74.6165
103.408 209.533 79.9082
91.1129 234.223 74.2087
115.282 244.619 74.2066
124.745 218.711 79.9035
90.0058 236.798 73.0055
79.661 257.571 57.2466
106.213 268.993 57.2465
114.175 247.194 73.0034
78.8214 259.523 55.0756
71.9482 273.32 31.7365
100.083 285.426 31.7345
105.374 270.946 55.0754
71.4962 274.37 28.9281
69.0867 279.199 1.50889
97.7758 291.545 1.50633
99.6312 286.476 28.9261
69.0866 279.198 -1.52219
71.4938 274.36 -28.9436
99.6278 286.467 -28.9459
97.7756 291.544 -1.52475
71.9457 273.309 -31.7525
78.8221 259.503 -55.1003
105.372 270.928 -55.1016
100.08 285.416 -31.7548
79.662 257.55 -57.2717
90.01 236.777 -73.0291
114.178 247.176 -73.0282
106.212 268.975 -57.273
91.1176 234.202 -74.2321
103.415 209.514 -79.9294
124.752 218.694 -79.9256
115.285 244.601 -74.2312
104.628 206.696 -79.9682
117.017 181.823 -74.6402
135.502 189.777 -74.635
125.965 215.876 -79.9644
118.149 179.19 -73.4957
128.714 157.976 -57.9521
144.77 164.884 -57.9495
136.635 187.144 -73.4905
129.59 155.937 -55.7864
136.697 141.654 -32.3174
151.119 147.857 -32.3148
145.646 162.846 -55.7838
137.176 140.539 -29.4502
139.683 135.49 -1.57325
153.526 141.444 -1.57149
151.597 146.742 -29.4476
155.129 142.03 1.54843
153.193 147.326 29.4278
168.212 151.883 29.4281
169.547 146.404 1.55021
152.841 148.487 32.2955
147.363 163.486 55.7707
164.087 168.559 55.7694
167.86 153.045 32.2958
146.72 165.61 57.9363
138.587 187.875 73.4722
157.844 193.715 73.47
163.443 170.684 57.935
137.756 190.619 74.6161
128.221 216.72 79.9422
150.448 223.46 79.9411
157.012 196.459 74.614
127.331 219.656 79.9033
117.868 245.564 74.2064
143.045 253.199 74.2068
149.558 226.396 79.9021
117.055 248.246 73.0034
109.093 270.046 57.2464
136.754 278.434 57.2475
142.232 255.881 73.0038
108.477 272.08 55.0753
103.186 286.56 31.7344
132.497 295.45 31.733
136.138 280.467 55.0764
102.854 287.654 28.9258
100.999 292.723 1.50611
130.887 301.789 1.50405
132.165 296.544 28.9244
100.999 292.722 -1.52499
102.851 287.645 -28.9461
132.161 296.537 -28.948
130.887 301.788 -1.52705
103.182 286.55 -31.755
108.475 272.062 -55.1018
136.135 280.453 -55.1033
132.492 295.442 -31.7569
109.092 270.028 -57.273
117.057 248.228 -73.0283
142.234 255.866 -73.0289
136.751 278.419 -57.2746
117.871 245.546 -74.2311
127.338 219.639 -79.9255
149.564 226.382 -79.9245
143.047 253.184 -74.2317
128.228 216.703 -79.9641
137.766 190.605 -74.6347
157.022 196.446 -74.6327
150.455 223.446 -79.9631
138.598 187.861 -73.4902
146.733 165.602 -57.9492
163.456 170.676 -57.9488
157.854 193.703 -73.4883
147.377 163.478 -55.7836
152.849 148.489 -32.3146
167.869 153.045 -32.3128
164.1 168.552 -55.7832
153.2 147.328 -29.4474
155.129 142.03 -1.57127
169.547 146.404 -1.56949
168.221 151.884 -29.4455
171.205 146.808 1.55035
169.87 152.287 29.4282
185.302 155.14 29.4292
186.018 149.547 1.55208
169.649 153.48 32.2958
165.877 168.995 55.7694
183.06 172.171 55.7699
185.081 156.334 32.2967
165.474 171.178 57.9349
159.874 194.209 73.4699
179.661 197.865 73.4706
182.657 174.354 57.9354
159.354 197.028 74.6139
152.79 224.03 79.941
175.63 228.248 79.9426
179.14 200.684 74.6146
152.233 227.047 79.9022
145.72 253.849 74.2069
171.592 258.627 74.2091
175.073 231.265 79.9038
145.211 256.606 73.004
139.733 279.158 57.2477
168.157 284.406 57.2497
171.083 261.384 73.0062
139.348 281.248 55.0764
135.707 296.231 31.733
165.826 301.793 31.7322
167.772 286.496 55.0784
135.499 297.355 28.9243
134.221 302.6 1.50388
164.935 308.272 1.50236
165.619 302.917 28.9234
134.221 302.599 -1.52725
135.495 297.348 -28.9482
165.615 302.911 -28.9497
164.935 308.272 -1.52877
135.702 296.223 -31.7571
139.345 281.234 -55.1035
167.768 286.485 -55.1052
165.822 301.786 -31.7585
139.73 279.143 -57.2747
145.213 256.591 -73.0291
171.084 261.371 -73.0307
168.153 284.395 -57.2764
145.722 253.834 -74.2317
152.239 227.032 -79.9245
175.079 231.253 -79.9255
171.593 258.615 -74.2334
152.796 224.016 -79.963
159.364 197.016 -74.6326
179.15 200.673 -74.6329
175.636 228.236 -79.964
159.884 194.197 -73.4882
165.487 171.17 -57.9488
182.67 174.346 -57.9498
179.671 197.854 -73.4885
165.89 168.988 -55.7831
169.659 153.48 -32.3127
185.091 156.332 -32.3115
183.073 172.164 -55.7841
169.879 152.287 -29.4454
171.205 146.808 -1.56931
186.019 149.547 -1.56757
185.311 155.139 -29.4441
187.711 149.763 1.55224
186.994 155.357 29.4293
202.646 156.472 29.4306
202.736 150.835 1.5539
186.908 156.567 32.2968
184.887 172.404 55.77
202.317 173.645 55.7711
202.56 157.683 32.2981
184.73 174.618 57.9355
181.733 198.129 73.4707
201.803 199.555 73.472
202.16 175.859 57.9366
181.531 200.989 74.6147
178.02 228.553 79.9428
201.188 230.197 79.9447
201.601 202.415 74.6161
177.804 231.613 79.904
174.322 258.975 74.2093
200.565 260.836 74.2114
200.971 233.257 79.9059
174.125 261.771 73.0064
171.198 284.794 57.2499
200.03 286.835 57.2516
200.368 263.631 73.0085
171.049 286.914 55.0785
169.104 302.21 31.7322
199.656 304.373 31.7317
199.881 288.955 55.0802
169.023 303.351 28.9233
168.339 308.706 1.50225
199.495 310.912 1.50129
199.576 305.514 28.9227
168.339 308.705 -1.5289
169.019 303.345 -28.9498
199.571 305.51 -28.9507
199.495 310.912 -1.52985
169.099 302.204 -31.7587
171.045 286.903 -55.1053
199.877 288.948 -55.1064
199.652 304.369 -31.7595
171.195 284.783 -57.2766
174.125 261.759 -73.0309
200.368 263.622 -73.0321
200.027 286.827 -57.2776
174.324 258.963 -74.2336
177.809 231.601 -79.9256
200.976 233.247 -79.9265
200.566 260.826 -74.2347
178.026 228.541 -79.9641
181.54 200.978 -74.633
201.61 202.405 -74.6335
201.193 230.187 -79.9649
181.743 198.119 -73.4886
184.743 174.611 -57.9499
202.172 175.852 -57.951
201.813 199.546 -73.4891
184.9 172.397 -55.7841
186.918 156.565 -32.3115
202.57 157.679 -32.3106
202.33 173.638 -55.7852
187.003 155.355 -29.444
187.711 149.763 -1.56742
202.736 150.834 -1.56576
202.656 156.469 -29.4431
204.442 150.861 1.55407
204.352 156.499 29.4308
220.031 155.864 29.4322
219.492 150.251 1.55576
204.401 157.711 32.2982
204.158 173.673 55.7712
221.618 172.965 55.7712
220.08 157.077 32.2996
204.249 175.891 57.9366
203.893 199.587 73.472
223.997 198.767 73.4705
221.708 175.182 57.9366
204.01 202.451 74.616
203.597 230.233 79.9447
226.803 229.282 79.9425
224.114 201.631 74.6145
203.723 233.298 79.9059
203.318 260.876 74.2115
229.604 259.794 74.2102
226.93 232.347 79.9037
203.433 263.676 73.0086
203.096 286.88 57.2517
231.976 285.687 57.2518
229.72 262.594 73.0073
203.184 289.004 55.0802
202.96 304.422 31.7317
233.564 303.157 31.7311
232.064 287.81 55.0803
203.007 305.564 28.9227
202.926 310.962 1.50122
234.134 309.673 1.50058
233.611 304.299 28.9221
202.926 310.962 -1.52992
203.003 305.56 -28.9507
233.607 304.297 -28.9509
234.134 309.672 -1.53056
202.955 304.418 -31.7596
203.18 288.997 -55.1064
232.06 287.806 -55.1054
233.559 303.154 -31.7598
203.092 286.873 -57.2776
203.434 263.667 -73.032
229.721 262.587 -73.0293
231.972 285.682 -57.2766
203.319 260.867 -74.2346
203.729 233.288 -79.9263
226.935 232.338 -79.9227
229.606 259.786 -74.2318
203.603 230.223 -79.9648
204.02 202.442 -74.6334
224.124 201.623 -74.6307
226.809 229.273 -79.9611
203.903 199.578 -73.4891
204.261 175.884 -57.9509
221.721 175.175 -57.9508
224.007 198.759 -73.4864
204.171 173.666 -55.7852
204.411 157.707 -32.3106
220.09 157.071 -32.3097
221.63 172.958 -55.785
204.362 156.495 -29.4429
204.442 150.861 -1.56562
219.493 150.251 -1.56393
220.041 155.858 -29.442
221.191 150.087 1.55594
221.73 155.7 29.4324
237.241 153.322 29.4339
236.08 147.803 1.5578
221.914 156.899 32.2997
223.451 172.788 55.7712
240.724 170.138 55.7702
237.425 154.521 32.3012
223.788 174.981 57.9364
226.077 198.566 73.4703
245.967 195.51 73.4663
241.062 172.331 57.9354
226.513 201.399 74.6141
229.202 229.049 79.9421
252.16 225.513 79.9366
246.403 198.342 74.6101
229.669 232.08 79.9034
232.344 259.527 74.2098
258.348 255.514 74.2059
252.627 228.544 79.8979
232.772 262.296 73.0072
235.027 285.389 57.2517
263.595 280.976 57.2509
258.775 258.283 73.0033
235.352 287.489 55.0803
236.852 302.836 31.731
267.124 298.158 31.7303
263.919 283.076 55.0795
237.026 303.966 28.922
237.55 309.339 1.50052
268.419 304.57 1.49991
267.299 299.288 28.9213
237.549 309.339 -1.5306
237.022 303.964 -28.951
267.294 299.288 -28.9508
268.419 304.57 -1.5312
236.847 302.833 -31.7597
235.348 287.485 -55.1053
263.916 283.075 -55.1025
267.12 298.157 -31.7595
235.024 285.385 -57.2762
232.773 262.289 -73.0289
258.777 258.278 -73.0229
263.592 280.974 -57.2735
232.346 259.52 -74.2313
229.675 232.072 -79.9221
252.633 228.537 -79.9147
258.35 255.509 -74.2253
229.208 229.041 -79.9606
226.522 201.391 -74.6302
246.413 198.335 -74.6251
252.166 225.506 -79.9532
226.087 198.558 -73.4862
223.801 174.974 -57.9505
241.074 172.324 -57.9496
245.977 195.503 -73.4811
223.463 172.781 -55.785
221.923 156.893 -32.3096
237.434 154.513 -32.3087
240.737 170.131 -55.7841
221.739 155.694 -29.4419
221.191 150.086 -1.56379
236.08 147.802 -1.56194
237.25 153.313 -29.441
237.749 147.45 1.55801
238.911 152.969 29.4341
254.062 148.874 29.436
252.291 143.518 1.56
239.227 154.141 32.3012
242.527 169.758 55.7703
259.399 165.196 55.7698
254.378 150.046 32.3031
243.106 171.899 57.9352
248.011 195.077 73.4661
267.439 189.819 73.463
259.979 167.338 57.9347
248.761 197.843 74.6097
254.518 225.014 79.9361
276.941 218.936 79.9314
268.189 192.585 74.6066
255.321 227.973 79.8974
261.041 254.943 74.2054
286.437 248.051 74.202
277.744 221.895 79.8927
261.775 257.646 73.003
266.594 280.339 57.2506
294.492 272.762 57.2501
287.171 250.754 72.9996
267.151 282.389 55.0794
270.356 297.472 31.7303
299.917 289.443 31.7296
295.049 274.813 55.0789
270.656 298.575 28.9212
271.776 303.857 1.49984
301.92 295.67 1.49927
300.217 290.546 28.9206
271.776 303.857 -1.53123
270.652 298.575 -28.9508
300.213 290.547 -28.9506
301.92 295.67 -1.53181
270.352 297.471 -31.7593
267.148 282.389 -55.1024
295.047 274.815 -55.0995
299.913 289.443 -31.7591
266.591 280.338 -57.273
261.777 257.642 -73.0225
287.173 250.752 -73.0166
294.49 272.764 -57.2701
261.043 254.938 -74.2246
255.327 227.967 -79.914
277.75 221.89 -79.9072
286.44 248.048 -74.2187
254.524 225.007 -79.9525
248.771 197.836 -74.6244
268.199 192.579 -74.6201
276.948 218.931 -79.9457
248.021 195.071 -73.4808
243.119 171.892 -57.9494
259.991 167.33 -57.9492
267.45 189.814 -73.4765
242.539 169.75 -55.784
239.236 154.132 -32.3087
254.386 150.035 -32.308
259.411 165.188 -55.7838
238.919 152.961 -29.4408
237.75 147.449 -1.56179
252.292 143.517 -1.55979
254.069 148.863 -29.4402
253.911 142.981 1.56025
255.681 148.337 29.4362
270.283 142.575 29.4387
267.926 137.448 1.56232
256.127 149.466 32.3033
261.148 164.617 55.77
277.409 158.198 55.7708
270.728 143.704 32.3057
261.963 166.68 57.9346
269.423 189.162 73.4629
288.146 181.766 73.4619
278.224 160.261 57.9355
270.477 191.826 74.6062
279.229 218.176 79.9311
300.837 209.632 79.9282
289.199 184.43 74.6052
280.357 221.027 79.8923
289.05 247.183 74.2016
313.52 237.498 74.1993
301.964 212.482 79.8895
290.081 249.787 72.9994
297.402 271.795 57.25
324.281 261.15 57.2498
314.551 240.102 72.9971
298.184 273.77 55.0789
303.053 288.4 31.7296
331.534 277.12 31.7291
325.063 263.125 55.0788
303.474 289.463 28.9205
305.177 294.586 1.49921
334.219 283.084 1.49868
331.955 278.183 28.92
305.177 294.586 -1.53183
303.47 289.463 -28.9506
331.952 278.185 -28.9503
334.219 283.084 -1.53236
303.049 288.4 -31.7589
298.182 273.772 -55.0993
325.063 263.13 -55.0967
331.531 277.122 -31.7587
297.4 271.797 -57.2696
290.083 249.785 -73.0161
314.555 240.102 -73.0112
324.281 261.155 -57.267
289.053 247.18 -74.2181
280.363 221.022 -79.9066
301.972 212.479 -79.9016
313.524 237.497 -74.2131
279.236 218.172 -79.9452
270.487 191.82 -74.6196
289.21 184.425 -74.6174
300.844 209.629 -79.9402
269.434 189.156 -73.4764
261.975 166.672 -57.949
278.235 160.254 -57.9501
288.157 181.761 -73.4742
261.16 164.609 -55.7839
256.134 149.455 -32.308
270.734 143.69 -32.3079
277.42 158.19 -55.7849
255.689 148.327 -29.4401
253.912 142.98 -1.55966
267.926 137.448 -1.55758
270.288 142.562 -29.4399
269.476 136.734 1.5626
271.833 141.86 29.4389
285.702 134.5 29.4421
282.787 129.668 1.56469
272.401 142.932 32.306
279.082 157.427 55.7711
294.527 149.23 55.7737
286.271 135.572 32.3092
280.122 159.386 57.9356
290.045 180.89 73.462
307.828 171.447 73.4637
295.568 151.189 57.9383
291.389 183.419 74.6052
303.026 208.622 79.9282
323.548 197.716 79.9276
309.172 173.977 74.6068
304.464 211.327 79.8893
316.02 236.343 74.1991
339.259 223.985 74.198
324.986 200.422 79.8887
317.335 238.815 72.997
327.065 259.864 57.2498
352.589 246.285 57.2501
340.574 226.457 72.9959
328.063 261.739 55.0788
334.533 275.733 31.7291
361.578 261.344 31.7288
353.587 248.16 55.0791
335.07 276.743 28.92
337.335 281.644 1.49863
364.912 266.972 1.49817
362.115 262.354 28.9197
337.335 281.644 -1.53238
335.067 276.744 -28.9504
362.113 262.356 -28.9502
364.912 266.972 -1.53284
334.53 275.735 -31.7585
328.062 261.744 -55.0966
353.589 248.167 -55.0944
361.576 261.347 -31.7584
327.065 259.868 -57.2667
317.339 238.815 -73.0108
340.579 226.459 -73.0071
352.592 246.291 -57.2645
316.025 236.343 -74.2126
304.472 211.325 -79.9011
324.995 200.421 -79.8984
339.265 223.987 -74.2089
303.034 208.619 -79.9399
291.399 183.415 -74.6172
309.183 173.973 -74.6176
323.557 197.715 -79.9372
290.055 180.885 -73.4742
280.134 159.378 -57.9501
295.579 151.181 -57.9528
307.839 171.443 -73.4746
279.093 157.418 -55.785
272.407 142.919 -32.308
286.274 135.558 -32.3085
294.538 149.221 -55.7878
271.838 141.847 -29.4398
269.476 136.733 -1.55748
282.787 129.667 -1.55539
285.705 134.486 -29.4403
284.248 128.785 1.56501
287.163 133.617 29.4425
300.127 124.75 29.4465
296.69 120.273 1.56707
287.848 134.619 32.3096
296.104 148.276 55.7741
310.541 138.401 55.7789
300.812 125.752 32.3136
297.357 150.106 57.9386
309.618 170.365 73.464
326.239 158.992 73.4688
311.794 140.231 57.9434
311.235 172.728 74.607
325.611 196.467 79.9278
344.79 183.336 79.9297
327.857 161.355 74.6117
327.342 198.995 79.8887
341.615 222.559 74.198
363.331 207.683 74.198
346.521 185.864 79.8906
343.197 224.868 72.9959
355.212 244.695 57.2501
379.063 228.352 57.2507
364.913 209.992 72.9958
356.413 246.447 55.0791
364.404 259.631 31.7288
389.674 242.313 31.7287
380.263 230.104 55.0797
365.05 260.575 28.9197
367.848 265.193 1.49814
393.616 247.534 1.49776
390.321 243.257 28.9195
367.847 265.193 -1.53286
365.048 260.577 -28.9502
390.32 243.26 -28.9501
393.616 247.534 -1.53324
364.402 259.635 -31.7583
356.415 246.454 -55.0943
380.268 230.112 -55.0926
389.674 242.317 -31.7581
355.215 244.702 -57.2643
343.202 224.87 -73.0068
364.921 209.996 -73.0044
379.068 228.36 -57.2625
341.621 222.56 -74.2087
327.351 198.994 -79.8981
346.531 185.865 -79.8979
363.339 207.686 -74.2063
325.62 196.466 -79.9372
311.246 172.724 -74.6176
327.868 161.352 -74.621
344.8 183.336 -79.937
309.629 170.361 -73.4749
297.368 150.099 -57.9531
311.804 140.224 -57.9578
326.251 158.989 -73.4783
296.115 148.267 -55.788
287.851 134.604 -32.3088
300.812 125.736 -32.3102
310.552 138.393 -55.7927
287.166 133.602 -29.4403
284.248 128.784 -1.55532
296.69 120.272 -1.55327
300.127 124.735 -29.4417
298.043 119.231 1.56743
301.481 123.708 29.4469
313.377 113.444 29.4519
309.46 109.378 1.5694
302.273 124.627 32.3142
312.003 137.276 55.7795
325.25 125.846 55.7866
314.169 114.363 32.3192
313.451 138.956 57.9441
327.897 157.716 73.4694
343.148 144.554 73.4774
326.699 127.525 57.9512
329.768 159.883 74.6122
346.701 181.865 79.9302
364.298 166.672 79.9344
345.02 146.721 74.6202
348.704 184.183 79.8908
365.514 206.002 74.1982
385.436 188.794 74.1991
366.301 168.99 79.895
367.343 208.12 72.9959
381.492 226.479 57.2507
403.371 207.576 57.2516
387.266 190.912 72.9969
382.88 228.086 55.0797
392.292 240.296 31.7287
415.472 220.267 31.7288
404.759 209.183 55.0805
393.039 241.161 28.9195
396.334 245.439 1.49774
419.971 225.016 1.49744
416.22 221.132 28.9196
396.334 245.439 -1.53326
393.038 241.165 -28.9501
416.22 221.136 -28.9501
419.971 225.016 -1.53356
392.291 240.3 -31.7581
382.885 228.095 -55.0925
404.767 209.192 -55.0911
415.473 220.271 -31.7581
381.498 226.488 -57.2623
367.35 208.124 -73.0042
387.275 190.916 -73.0029
403.379 207.585 -57.261
365.521 206.005 -74.2062
348.714 184.184 -79.8979
366.312 168.992 -79.9001
385.446 188.798 -74.2049
346.712 181.865 -79.9373
329.78 159.881 -74.6213
345.032 146.72 -74.628
364.31 166.673 -79.9396
327.908 157.713 -73.4789
313.462 138.948 -57.9584
326.709 127.519 -57.9653
343.161 144.552 -73.4856
312.013 137.269 -55.7931
302.273 124.612 -32.3106
314.167 114.347 -32.313
325.26 125.839 -55.8
301.48 123.693 -29.4416
298.043 119.23 -1.55326
309.46 109.377 -1.55129
313.374 113.428 -29.4441
310.69 108.191 1.56981
314.606 112.257 29.4523
325.287 100.722 29.4582
320.94 97.1179 1.57164
315.496 113.082 32.32
326.577 124.565 55.7874
338.47 111.721 55.7972
326.177 101.547 32.3259
328.204 126.072 57.9522
344.654 143.1 73.4784
358.345 128.313 73.4898
340.098 113.228 57.962
346.755 145.045 74.621
366.034 164.996 79.9352
381.829 147.931 79.9415
360.446 130.257 74.6324
368.282 167.076 79.8953
387.417 186.879 74.1994
405.297 167.554 74.201
384.077 150.011 79.9016
389.471 188.78 72.997
405.576 205.444 57.2517
425.21 184.217 57.2526
407.351 169.454 72.9985
407.135 206.886 55.0806
417.848 217.97 31.7289
438.65 195.481 31.7292
426.769 185.66 55.0815
418.687 218.747 28.9196
422.439 222.63 1.49744
443.651 199.699 1.4972
439.489 196.258 28.9199
422.439 222.63 -1.53359
418.688 218.751 -28.9501
439.491 196.262 -28.9503
443.651 199.699 -1.53383
417.849 217.975 -31.758
407.143 206.895 -55.0911
426.78 185.669 -55.09
438.653 195.486 -31.7581
405.585 205.453 -57.2609
389.481 188.784 -73.0028
407.363 169.459 -73.0024
425.222 184.227 -57.2598
387.427 186.884 -74.2051
368.293 167.078 -79.9003
384.09 150.013 -79.9048
405.309 167.558 -74.2046
366.046 164.997 -79.9403
346.767 145.044 -74.6287
360.46 130.257 -74.6389
381.842 147.932 -79.9448
344.666 143.099 -73.4866
328.215 126.065 -57.9662
340.107 113.222 -57.9757
358.358 128.312 -73.4967
326.586 124.558 -55.8006
315.494 113.066 -32.3136
326.172 101.532 -32.3172
338.479 111.714 -55.8101
314.603 112.241 -29.4441
310.689 108.19 -1.55135
320.94 97.1171 -1.54951
325.281 100.707 -29.4476
322.03 95.8003 1.57206
326.377 99.4043 29.4586
335.71 86.7414 29.4647
330.988 83.6449 1.57373
327.353 100.125 32.3268
339.647 110.299 55.7981
350.038 96.1998 55.8095
336.687 87.462 32.3329
341.432 111.614 57.9633
359.679 126.7 73.4911
371.64 110.47 73.5051
351.823 97.5154 57.9747
361.984 128.397 74.6335
383.367 146.071 79.9425
397.163 127.345 79.95
373.945 112.168 74.6475
385.832 147.887 79.9021
407.053 165.43 74.2015
422.667 144.229 74.2029
399.628 129.161 79.9096
409.305 167.09 72.9987
427.164 181.853 57.2527
444.309 158.57 57.2534
424.92 145.888 73.0001
428.874 183.112 55.0816
440.755 192.934 31.7292
458.92 168.267 31.7296
446.018 159.829 55.0822
441.675 193.612 28.9199
445.837 197.053 1.49721
464.36 171.902 1.49703
459.841 168.945 28.9203
445.837 197.054 -1.53385
441.678 193.616 -28.9503
459.844 168.949 -28.9505
464.361 171.903 -1.53403
440.758 192.938 -31.7581
428.885 183.122 -55.09
446.033 159.838 -55.0889
458.924 168.271 -31.7583
427.176 181.862 -57.2597
409.317 167.095 -73.0023
424.934 145.893 -73.002
444.324 158.578 -57.2586
407.065 165.435 -74.2049
385.845 147.889 -79.9051
399.643 129.164 -79.9111
422.681 144.233 -74.2046
383.38 146.073 -79.9457
361.998 128.397 -74.6398
373.959 112.168 -74.6527
397.177 127.348 -79.9517
359.692 126.699 -73.4979
341.441 111.609 -57.9769
351.832 97.5111 -57.988
371.654 110.47 -73.5109
339.655 110.292 -55.8108
327.348 100.11 -32.3179
336.679 87.4481 -32.3217
350.046 96.1946 -55.8219
326.371 99.3894 -29.4477
322.029 95.7995 -1.54961
330.988 83.6441 -1.54794
335.702 86.7278 -29.4516
331.926 82.2132 1.57401
336.648 85.3097 29.465
344.528 71.6779 29.4666
339.492 69.1283 1.57545
337.698 85.9167 32.3335
351.049 94.6545 55.8102
359.814 79.4765 55.8172
345.578 72.2848 32.3351
352.97 95.7626 57.9759
372.787 108.717 73.5062
382.87 91.2469 73.5173
361.735 80.5846 57.9829
375.266 110.147 74.6485
398.484 125.325 79.951
410.109 105.172 79.9553
385.349 92.677 74.6596
401.136 126.855 79.9099
424.175 141.922 74.2032
437.33 119.11 74.2018
412.761 106.702 79.9142
426.598 143.32 73.0001
445.987 156.002 57.2534
460.43 130.953 57.2526
439.753 120.508 72.9987
447.826 157.063 55.0823
460.728 165.501 31.7297
476.031 138.966 31.7298
462.269 132.014 55.0814
461.718 166.073 28.9203
466.238 169.03 1.49704
481.844 141.974 1.49693
477.022 139.538 28.9204
466.238 169.03 -1.53405
461.722 166.077 -28.9505
477.027 139.541 -28.9503
481.844 141.974 -1.53415
460.733 165.505 -31.7582
447.841 157.072 -55.0888
462.286 132.022 -55.0863
476.037 138.969 -31.758
446.002 156.01 -57.2584
426.612 143.325 -73.0018
439.768 120.512 -72.9987
460.448 130.96 -57.2559
424.19 141.927 -74.2047
401.151 126.858 -79.9113
412.777 106.705 -79.9144
437.345 119.114 -74.2017
398.499 125.327 -79.9526
375.28 110.148 -74.6536
385.364 92.6785 -74.6639
410.125 105.175 -79.9557
372.8 108.718 -73.512
352.979 95.7584 -57.9891
361.744 80.5819 -57.9957
382.884 91.248 -73.5223
351.057 94.6495 -55.8225
337.69 85.903 -32.3223
345.568 72.2732 -32.3219
359.822 79.473 -55.8291
336.639 85.2962 -29.4516
331.925 82.2125 -1.54793
339.492 69.1276 -1.54649
344.517 71.6665 -29.4512
340.269 67.601 1.57492
345.304 70.1506 29.466
351.672 55.727 29.4441
346.396 53.7585 1.576
346.414 70.6361 32.334
360.65 77.8277 55.8161
367.704 61.7635 55.7897
352.782 56.2125 32.3121
362.681 78.7142 57.9821
383.815 89.3765 73.5165
391.904 70.8828 73.4958
369.735 62.65 57.9557
386.438 90.5211 74.6588
411.198 103.016 79.9546
420.505 81.6848 79.933
394.526 72.0274 74.6381
414.003 104.241 79.9132
438.571 116.649 74.2008
449.095 92.5079 74.1823
423.31 82.9101 79.8917
441.134 117.769 72.9979
461.812 128.214 57.2517
473.367 101.711 57.2422
451.658 93.628 72.9794
463.757 129.064 55.0811
477.519 136.016 31.7294
489.766 107.942 31.7264
475.313 102.561 55.0715
478.568 136.474 28.9203
483.39 138.91 1.49685
495.881 110.285 1.4969
490.815 108.4 28.9173
483.39 138.91 -1.53405
478.573 136.477 -28.9502
490.821 108.401 -28.9465
495.881 110.285 -1.53399
477.526 136.019 -31.7575
463.774 129.071 -55.0858
475.332 102.566 -55.0745
489.773 107.943 -31.7538
461.829 128.221 -57.2549
441.15 117.773 -72.9977
451.675 93.6311 -72.9776
473.387 101.715 -57.2436
438.587 116.653 -74.2005
414.019 104.244 -79.9132
423.327 82.9129 -79.8907
449.112 92.5108 -74.1803
411.214 103.019 -79.9548
386.452 90.5226 -74.6631
394.541 72.0296 -74.642
420.522 81.6876 -79.9324
383.83 89.3778 -73.5215
362.69 78.7116 -57.9948
369.744 62.6492 -57.9679
391.918 70.8848 -73.5004
360.658 77.8245 -55.8278
346.404 70.6247 -32.3206
352.771 56.2041 -32.2969
367.712 61.7621 -55.8009
345.293 70.1393 -29.4504
340.268 67.6004 -1.54571
346.396 53.758 -1.54463
351.66 55.7187 -29.4266
347.013 52.157 1.57211
352.289 54.1255 29.4402
357.221 39.1138 29.3233
351.802 37.7563 1.57249
353.441 54.4828 32.3023
368.363 60.0338 55.78
373.724 43.3007 55.5985
358.373 39.4712 32.1854
370.473 60.6866 57.944
392.642 68.9195 73.484
398.678 49.6398 73.2902
375.833 43.9535 57.7625
395.369 69.7634 74.6266
421.348 79.4208 79.9216
428.212 57.1738 79.7461
401.405 50.4837 74.4329
424.268 80.3255 79.8822
450.053 89.9234 74.1728
457.77 64.7433 74.0432
431.131 58.0785 79.7067
452.722 90.7513 72.973
474.431 98.8342 57.2358
482.894 71.1899 57.1598
460.44 65.5713 72.8434
476.459 99.463 55.0681
490.912 104.844 31.723
499.884 75.5596 31.6904
484.922 71.8187 54.9922
492.005 105.182 28.9163
497.071 107.067 1.49592
506.223 77.2077 1.4965
500.977 75.8983 28.8837
497.071 107.067 -1.53294
492.011 105.183 -28.9455
500.984 75.8963 -28.9117
506.224 77.2077 -1.53236
490.919 104.844 -31.7503
476.478 99.4671 -55.071
484.942 71.8191 -54.9935
499.892 75.5576 -31.7165
474.45 98.8384 -57.237
452.739 90.7541 -72.971
460.457 65.5727 -72.8398
482.915 71.1904 -57.1595
450.07 89.9262 -74.1707
424.285 80.3283 -79.8811
431.147 58.081 -79.7051
457.787 64.7447 -74.0395
421.365 79.4236 -79.9209
395.384 69.7656 -74.6306
401.42 50.4864 -74.4369
428.228 57.1764 -79.7449
392.657 68.9216 -73.4885
370.482 60.686 -57.956
375.843 43.9553 -57.7728
398.693 49.6424 -73.2948
368.371 60.0328 -55.791
353.43 54.4748 -32.2869
358.364 39.4675 -32.1681
373.732 43.302 -55.6077
352.277 54.1174 -29.4225
347.013 52.1567 -1.54055
351.801 37.756 -1.54018
357.211 39.1101 -29.3037
352.294 36.1075 1.55631
357.713 37.4651 29.3071
361.722 22.1214 28.8463
356.297 21.3955 1.55528
358.882 37.6891 32.1413
374.233 41.5186 55.5544
378.285 24.3946 54.7337
362.892 22.3455 31.6804
376.377 41.9282 57.7005
399.222 47.6145 73.2282
403.374 27.8462 72.193
380.43 24.8041 56.8798
401.998 48.145 74.3642
428.805 54.8351 79.6774
433.104 31.9697 78.601
406.15 28.3767 73.329
431.781 55.4051 79.6426
458.42 62.0699 73.9791
462.916 36.1307 73.0415
436.08 32.5397 78.5661
461.145 62.5923 72.7929
483.599 68.2109 57.1094
488.301 39.6839 56.4274
465.641 36.6531 71.8553
485.671 68.608 54.9606
500.633 72.3489 31.6588
505.487 42.0972 31.3052
490.373 40.081 54.2786
501.751 72.5626 28.8731
506.998 73.872 1.4859
511.912 43.0149 1.48884
506.605 42.3109 28.5195
506.998 73.8718 -1.52149
501.758 72.5603 -28.9008
506.618 42.3061 -28.5449
511.913 43.0147 -1.51855
500.642 72.3465 -31.6848
485.691 68.6079 -54.9618
490.394 40.077 -54.2832
505.501 42.0923 -31.329
483.62 68.2112 -57.109
461.162 62.5934 -72.7893
465.655 36.6531 -71.8506
488.322 39.6802 -56.4304
458.437 62.0712 -73.9753
431.797 55.4075 -79.6409
436.094 32.5416 -78.5648
462.93 36.1308 -73.0366
428.821 54.8376 -79.6763
402.013 48.1476 -74.3682
406.163 28.3794 -73.3337
433.118 31.9717 -78.6001
399.237 47.6172 -73.2327
376.388 41.9301 -57.7106
380.443 24.8088 -56.8846
403.387 27.849 -72.1982
374.242 41.5204 -55.5633
358.874 37.6859 -32.1238
362.891 22.3481 -31.6615
378.297 24.3991 -54.7373
357.703 37.4616 -29.2875
352.293 36.1075 -1.52394
356.296 21.3955 -1.52496
361.721 22.1238 -28.8252
356.781 19.8069 1.49886
362.206 20.5328 28.7898
366.865 6.83896 27.6029
361.704 6.14643 1.49664
363.335 20.6835 31.5281
378.729 22.7326 54.5813
382.672 8.9546 52.4454
367.995 6.98967 30.3411
380.812 23.0093 56.6711
403.756 26.0514 71.9844
406.699 12.1438 69.2722
384.755 9.23131 54.5352
406.471 26.4117 73.1086
433.425 30.0047 78.3807
435.26 15.9339 75.5323
409.414 12.5042 70.3964
436.355 30.3946 78.3709
463.191 33.9856 72.8462
463.988 19.7527 70.2936
438.19 16.3238 75.5226
465.889 34.3454 71.7081
488.549 37.3762 56.2802
488.517 23.0185 54.3787
466.687 20.1125 69.1555
490.61 37.6508 54.1891
505.724 39.667 31.2157
505.16 25.2326 30.2041
490.578 23.2932 52.2876
506.839 39.8152 28.4898
512.147 40.5192 1.45913
511.394 26.0563 1.46098
506.275 25.3808 27.4782
512.147 40.5188 -1.4884
506.853 39.8103 -28.5148
506.28 25.3722 -27.4976
511.394 26.0559 -1.48655
505.739 39.6619 -31.2392
490.631 37.6466 -54.1933
490.593 23.2866 -52.2855
505.166 25.2238 -30.2219
488.57 37.3723 -56.2831
465.903 34.3451 -71.7033
466.698 20.1119 -69.1512
488.532 23.0122 -54.3753
463.204 33.9857 -72.8414
436.368 30.3964 -78.3695
438.2 16.325 -75.5216
463.999 19.7526 -70.2892
433.438 30.0067 -78.3798
406.483 26.4144 -73.1134
409.424 12.5062 -70.4007
435.27 15.9353 -75.5319
403.768 26.0543 -71.9896
380.825 23.0141 -56.676
384.765 9.23853 -54.5424
406.709 12.1461 -69.2769
378.741 22.7375 -54.5849
363.335 20.6865 -31.5091
367.991 6.99659 -30.3257
382.681 8.96193 -52.4514
362.205 20.5355 -28.769
356.78 19.8071 -1.46876
361.704 6.14668 -1.47098
366.861 6.84557 -27.5857
362.279 4.64965 1.42157
367.44 5.34218 27.5278
372.879 -7.99826 26.0091
368.037 -8.6525 1.41566
368.509 5.48588 30.1306
383.187 7.45081 52.2349
387.747 -5.9897 49.4664
373.949 -7.85456 28.6119
385.163 7.71449 54.2254
407.108 10.627 68.9624
410.402 -2.9774 65.3715
389.723 -5.72601 51.457
409.688 10.9693 70.0364
435.534 14.3991 75.1723
437.359 0.591854 71.2986
412.983 -2.63509 66.4455
438.324 14.7688 75.1675
464.122 18.1978 69.9386
464.489 4.18284 66.3646
440.148 0.961647 71.2938
466.695 18.5394 68.8582
488.525 21.4454 54.0814
487.662 7.25883 51.3452
467.062 4.52439 65.2842
490.491 21.707 52.0908
505.073 23.6464 30.0073
503.383 9.34623 28.5316
489.628 7.52038 49.3547
506.138 23.7874 27.4098
511.257 24.4629 1.3925
509.276 10.1207 1.39842
504.447 9.48725 25.9341
511.257 24.4623 -1.41727
506.142 23.7786 -27.4283
504.452 9.47505 -25.9449
509.277 10.1202 -1.41135
505.079 23.6371 -30.0247
490.506 21.6999 -52.0883
489.638 7.51032 -49.3556
503.389 9.33354 -28.5413
488.54 21.439 -54.0779
466.706 18.5387 -68.8538
467.068 4.52352 -65.2826
487.672 7.24944 -51.3453
464.133 18.1976 -69.9343
438.334 14.7701 -75.1667
440.154 0.962132 -71.2933
464.495 4.18242 -66.3631
435.544 14.4004 -75.1718
409.698 10.9713 -70.0407
412.989 -2.63393 -66.4468
437.365 0.592431 -71.2984
407.117 10.6294 -68.9669
385.172 7.72179 -54.2324
389.73 -5.71613 -51.4582
410.408 -2.97585 -65.3731
383.196 7.45864 -52.2411
368.506 5.4933 -30.1155
373.949 -7.84229 -28.6031
387.753 -5.97928 -49.4669
367.436 5.34907 -27.5113
362.279 4.65017 -1.39665
368.037 -8.65198 -1.40256
372.879 -7.98652 -25.999
368.737 -10.0785 1.31423
373.579 -9.42424 25.9077
380.456 -21.8853 23.7603
376.033 -22.5069 1.30852
374.57 -9.28804 28.3252
388.369 -7.42317 49.1797
394.046 -19.99 45.2082
381.447 -21.7491 26.1778
390.204 -7.17546 51.0291
410.883 -4.42685 64.9436
414.764 -17.212 59.7283
395.881 -19.7422 47.0576
413.28 -4.1081 65.9404
437.656 -0.881159 70.7935
439.398 -13.9428 65.1169
417.161 -16.8932 60.725
440.246 -0.538098 70.7877
464.587 2.6831 65.8585
464.173 -10.6679 60.5865
441.989 -13.5997 65.1111
466.976 2.99924 64.854
487.576 5.73368 50.915
485.325 -7.8765 46.8619
466.562 -10.3518 59.5819
489.401 5.97547 49.0669
503.156 7.80133 28.2438
499.664 -5.98527 26.0488
487.15 -7.63471 45.0137
504.143 7.93175 25.8335
508.972 8.56525 1.29787
505.041 -5.27643 1.30369
500.651 -5.85485 23.6385
508.972 8.56489 -1.30947
504.148 7.91979 -25.843
500.651 -5.85537 -23.6384
505.041 -5.27679 -1.30365
503.161 7.78903 -28.2532
489.411 5.96581 -49.0674
487.15 -7.63578 -45.0138
499.664 -5.98612 -26.0486
487.585 5.72443 -50.9154
466.982 2.9985 -64.8527
466.562 -10.3525 -59.5818
485.325 -7.87717 -46.8617
464.593 2.68262 -65.8572
440.252 -0.537663 -70.7873
441.989 -13.6002 -65.1109
464.173 -10.6684 -60.5863
437.661 -0.880683 -70.7932
413.285 -4.10705 -65.9416
417.161 -16.8935 -60.7249
439.398 -13.9432 -65.1167
410.888 -4.42556 -64.9448
390.209 -7.16584 -51.0299
395.881 -19.7421 -47.0576
414.764 -17.212 -59.7282
388.374 -7.41315 -49.1803
374.57 -9.27615 -28.3165
381.447 -21.7485 -26.1776
394.046 -19.9894 -45.2079
373.579 -9.41268 -25.8988
368.737 -10.0781 -1.30239
376.033 -22.5065 -1.3081
380.456 -21.885 -23.7598
31.451 -38.4953 25.6992
36.5477 -39.0653 0.0789386
31.4962 -38.5805 -25.5986
17.0268 -37.0878 -47.395
-4.64951 -34.7981 -61.9472
-30.1891 -32.0598 -67.0273
-55.6691 -29.3012 -61.8963
-77.227 -26.9527 -47.3814
-91.6431 -25.3966 -25.6914
-96.7443 -24.8804 -0.0724674
-91.7049 -25.465 25.6039
-77.2486 -27.0448 47.3996
-55.5803 -29.3662 61.9525
-30.0394 -32.0696 67.0351
-4.54783 -34.7416 61.9063
17.0263 -36.984 47.3909
382.635 -22.3855 1.31945e-05
387.058 -21.764 22.4517
399.656 -20.0048 41.4821
418.539 -17.4746 54.1528
440.776 -14.5241 58.5446
462.96 -11.5923 54.02
481.723 -9.11705 41.3
494.237 -7.4676 22.335
498.627 -6.88918 0.000239176
494.237 -7.46776 -22.3346
481.723 -9.11742 -41.2997
462.96 -11.5927 -54.0199
440.776 -14.5245 -58.5445
418.539 -17.4748 -54.1527
399.656 -20.0049 -41.4821
387.058 -21.764 -22.4517
</DataArray>
</Points>
<Cells>
<DataArray type="Int32" Name="connectivity" format="ascii">
0 1 2 3 
4 5 6 7 
8 9 10 11 
12 13 14 15 
16 17 18 19 
20 21 22 23 
24 25 26 27 
28 29 30 31 
32 33 34 35 
36 37 38 39 
40 41 42 43 
44 45 46 47 
48 49 50 51 
52 53 54 55 
56 57 58 59 
60 61 62 63 
64 65 66 67 
68 69 70 71 
72 73 74 75 
76 77 78 79 
80 81 82 83 
84 85 86 87 
88 89 90 91 
92 93 94 95 
96 97 98 99 
100 101 102 103 
104 105 106 107 
108 109 110 111 
112 113 114 115 
116 117 118 119 
120 121 122 123 
124 125 126 127 
128 129 130 131 
132 133 134 135 
136 137 138 139 
140 141 142 143 
144 145 146 147 
148 149 150 151 
152 153 154 155 
156 157 158 159 
160 161 162 163 
164 165 166 167 
168 169 170 171 
172 173 174 175 
176 177 178 179 
180 181 182 183 
184 185 186 187 
188 189 190 191 
192 193 194 195 
196 197 198 199 
200 201 202 203 
204 205 206 207 
208 209 210 211 
212 213 214 215 
216 217 218 219 
220 221 222 223 
224 225 226 227 
228 229 230 231 
232 233 234 235 
236 237 238 239 
240 241 242 243 
244 245 246 247 
248 249 250 251 
252 253 254 255 
256 257 258 259 
260 261 262 263 
264 265 266 267 
268 269 270 271 
272 273 274 275 
276 277 278 279 
280 281 282 283 
284 285 286 287 
288 289 290 291 
292 293 294 295 
296 297 298 299 
300 301 302 303 
304 305 306 307 
308 309 310 311 
312 313 314 315 
316 317 318 319 
320 321 322 323 
324 325 326 327 
328 329 330 331 
332 333 334 335 
336 337 338 339 
340 341 342 343 
344 345 346 347 
348 349 350 351 
352 353 354 355 
356 357 358 359 
360 361 362 363 
364 365 366 367 
368 369 370 371 
372 373 374 375 
376 377 378 379 
380 381 382 383 
384 385 386 387 
388 389 390 391 
392 393 394 395 
396 397 398 399 
400 401 402 403 
404 405 406 407 
408 409 410 411 
412 413 414 415 
416 417 418 419 
420 421 422 423 
424 425 426 427 
428 429 430 431 
432 433 434 435 
436 437 438 439 
440 441 442 443 
444 445 446 447 
448 449 450 451 
452 453 454 455 
456 457 458 459 
460 461 462 463 
464 465 466 467 
468 469 470 471 
472 473 474 475 
476 477 478 479 
480 481 482 483 
484 485 486 487 
488 489 490 491 
492 493 494 495 
496 497 498 499 
500 501 502 503 
504 505 506 507 
508 509 510 511 
512 513 514 515 
516 517 518 519 
520 521 522 523 
524 525 526 527 
528 529 530 531 
532 533 534 535 
536 537 538 539 
540 541 542 543 
544 545 546 547 
548 549 550 551 
552 553 554 555 
556 557 558 559 
560 561 562 563 
564 565 566 567 
568 569 570 571 
572 573 574 575 
576 577 578 579 
580 581 582 583 
584 585 586 587 
588 589 590 591 
592 593 594 595 
596 597 598 599 
600 601 602 603 
604 605 606 607 
608 609 610 611 
612 613 614 615 
616 617 618 619 
620 621 622 623 
624 625 626 627 
628 629 630 631 
632 633 634 635 
636 637 638 639 
640 641 642 643 
644 645 646 647 
648 649 650 651 
652 653 654 655 
656 657 658 659 
660 661 662 663 
664 665 666 667 
668 669 670 671 
672 673 674 675 
676 677 678 679 
680 681 682 683 
684 685 686 687 
688 689 690 691 
692 693 694 695 
696 697 698 699 
700 701 702 703 
704 705 706 707 
708 709 710 711 
712 713 714 715 
716 717 718 719 
720 721 722 723 
724 725 726 727 
728 729 730 731 
732 733 734 735 
736 737 738 739 
740 741 742 743 
744 745 746 747 
748 749 750 751 
752 753 754 755 
756 757 758 759 
760 761 762 763 
764 765 766 767 
768 769 770 771 
772 773 774 775 
776 777 778 779 
780 781 782 783 
784 785 786 787 
788 789 790 791 
792 793 794 795 
796 797 798 799 
800 801 802 803 
804 805 806 807 
808 809 810 811 
812 813 814 815 
816 817 818 819 
820 821 822 823 
824 825 826 827 
828 829 830 831 
832 833 834 835 
836 837 838 839 
840 841 842 843 
844 845 846 847 
848 849 850 851 
852 853 854 855 
856 857 858 859 
860 861 862 863 
864 865 866 867 
868 869 870 871 
872 873 874 875 
876 877 878 879 
880 881 882 883 
884 885 886 887 
888 889 890 891 
892 893 894 895 
896 897 898 899 
900 901 902 903 
904 905 906 907 
908 909 910 911 
912 913 914 915 
916 917 918 919 
920 921 922 923 
924 925 926 927 
928 929 930 931 
932 933 934 935 
936 937 938 939 
940 941 942 943 
944 945 946 947 
948 949 950 951 
952 953 954 955 
956 957 958 959 
960 961 962 963 
964 965 966 967 
968 969 970 971 
972 973 974 975 
976 977 978 979 
980 981 982 983 
984 985 986 987 
988 989 990 991 
992 993 994 995 
996 997 998 999 
1000 1001 1002 1003 
1004 1005 1006 1007 
1008 1009 1010 1011 
1012 1013 1014 1015 
1016 1017 1018 1019 
1020 1021 1022 1023 
1024 1025 1026 1027 
1028 1029 1030 1031 
1032 1033 1034 1035 
1036 1037 1038 1039 
1040 1041 1042 1043 
1044 1045 1046 1047 
1048 1049 1050 1051 
1052 1053 1054 1055 
1056 1057 1058 1059 
1060 1061 1062 1063 
1064 1065 1066 1067 
1068 1069 1070 1071 
1072 1073 1074 1075 
1076 1077 1078 1079 
1080 1081 1082 1083 
1084 1085 1086 1087 
1088 1089 1090 1091 
1092 1093 1094 1095 
1096 1097 1098 1099 
1100 1101 1102 1103 
1104 1105 1106 1107 
1108 1109 1110 1111 
1112 1113 1114 1115 
1116 1117 1118 1119 
1120 1121 1122 1123 
1124 1125 1126 1127 
1128 1129 1130 1131 
1132 1133 1134 1135 
1136 1137 1138 1139 
1140 1141 1142 1143 
1144 1145 1146 1147 
1148 1149 1150 1151 
1152 1153 1154 1155 
1156 1157 1158 1159 
1160 1161 1162 1163 
1164 1165 1166 1167 
1168 1169 1170 1171 
1172 1173 1174 1175 
1176 1177 1178 1179 
1180 1181 1182 1183 
1184 1185 1186 1187 
1188 1189 1190 1191 
1192 1193 1194 1195 
1196 1197 1198 1199 
1200 1201 1202 1203 
1204 1205 1206 1207 
1208 1209 1210 1211 
1212 1213 1214 1215 
1216 1217 1218 1219 
1220 1221 1222 1223 
1224 1225 1226 1227 
1228 1229 1230 1231 
1232 1233 1234 1235 
1236 1237 1238 1239 
1240 1241 1242 1243 
1244 1245 1246 1247 
1248 1249 1250 1251 
1252 1253 1254 1255 
1256 1257 1258 1259 
1260 1261 1262 1263 
1264 1265 1266 1267 
1268 1269 1270 1271 
1272 1273 1274 1275 
1276 1277 1278 1279 
1280 1281 1282 1283 
1284 1285 1286 1287 
1288 1289 1290 1291 
1292 1293 1294 1295 
1296 1297 1298 1299 
1300 1301 1302 1303 
1304 1305 1306 1307 
1308 1309 1310 1311 
1312 1313 1314 1315 
1316 1317 1318 1319 
1320 1321 1322 1323 
1324 1325 1326 1327 
1328 1329 1330 1331 
1332 1333 1334 1335 
1336 1337 1338 1339 
1340 1341 1342 1343 
1344 1345 1346 1347 
1348 1349 1350 1351 
1352 1353 1354 1355 
1356 1357 1358 1359 
1360 1361 1362 1363 
1364 1365 1366 1367 
1368 1369 1370 1371 
1372 1373 1374 1375 
1376 1377 1378 1379 
1380 1381 1382 1383 
1384 1385 1386 1387 
1388 1389 1390 1391 
1392 1393 1394 1395 
1396 1397 1398 1399 
1400 1401 1402 1403 
1404 1405 1406 1407 
1408 1409 1410 1411 
1412 1413 1414 1415 
1416 1417 1418 1419 
1420 1421 1422 1423 
1424 1425 1426 1427 
1428 1429 1430 1431 
1432 1433 1434 1435 
1436 1437 1438 1439 
1440 1441 1442 1443 
1444 1445 1446 1447 
1448 1449 1450 1451 
1452 1453 1454 1455 
1456 1457 1458 1459 
1460 1461 1462 1463 
1464 1465 1466 1467 
1468 1469 1470 1471 
1472 1473 1474 1475 
1476 1477 1478 1479 
1480 1481 1482 1483 
1484 1485 1486 1487 
1488 1489 1490 1491 
1492 1493 1494 1495 
1496 1497 1498 1499 
1500 1501 1502 1503 
1504 1505 1506 1507 
1508 1509 1510 1511 
1512 1513 1514 1515 
1516 1517 1518 1519 
1520 1521 1522 1523 
1524 1525 1526 1527 
1528 1529 1530 1531 
1532 1533 1534 1535 
1536 1537 1538 1539 
1540 1541 1542 1543 
1544 1545 1546 1547 
1548 1549 1550 1551 
1552 1553 1554 1555 
1556 1557 1558 1559 
1560 1561 1562 1563 
1564 1565 1566 1567 
1568 1569 1570 1571 
1572 1573 1574 1575 
1576 1577 1578 1579 
1580 1581 1582 1583 
1584 1585 1586 1587 
1588 1589 1590 1591 
1592 1593 1594 1595 
1596 1597 1598 1599 
1600 1601 1602 1603 
1604 1605 1606 1607 
1608 1609 1610 1611 
1612 1613 1614 1615 
1616 1617 1618 1619 
1620 1621 1622 1623 
1624 1625 1626 1627 
1628 1629 1630 1631 
1632 1633 1634 1635 
1636 1637 1638 1639 
1640 1641 1642 1643 
1644 1645 1646 1647 
1648 1649 1650 1651 
1652 1653 1654 1655 
1656 1657 1658 1659 
1660 1661 1662 1663 
1664 1665 1666 1667 
1668 1669 1670 1671 
1672 1673 1674 1675 
1676 1677 1678 1679 
1680 1681 1682 1683 
1684 1685 1686 1687 
1688 1689 1690 1691 
1692 1693 1694 1695 
1696 1697 1698 1699 
1700 1701 1702 1703 
1704 1705 1706 1707 
1708 1709 1710 1711 
1712 1713 1714 1715 
1716 1717 1718 1719 
1720 1721 1722 1723 
1724 1725 1726 1727 
1728 1729 1730 1731 
1732 1733 1734 1735 
1736 1737 1738 1739 
1740 1741 1742 1743 
1744 1745 1746 1747 
1748 1749 1750 1751 
1752 1753 1754 1755 
1756 1757 1758 1759 
1760 1761 1762 1763 
1764 1765 1766 1767 
1768 1769 1770 1771 
1772 1773 1774 1775 
1776 1777 1778 1779 
1780 1781 1782 1783 
1784 1785 1786 1787 
1788 1789 1790 1791 
1792 1793 1794 1795 
1796 1797 1798 1799 
1800 1801 1802 1803 
1804 1805 1806 1807 
1808 1809 1810 1811 
1812 1813 1814 1815 
1816 1817 1818 1819 
1820 1821 1822 1823 
1824 1825 1826 1827 
1828 1829 1830 1831 
1832 1833 1834 1835 
1836 1837 1838 1839 
1840 1841 1842 1843 
1844 1845 1846 1847 
1848 1849 1850 1851 
1852 1853 1854 1855 
1856 1857 1858 1859 
1860 1861 1862 1863 
1864 1865 1866 1867 
1868 1869 1870 1871 
1872 1873 1874 1875 
1876 1877 1878 1879 
1880 1881 1882 1883 
1884 1885 1886 1887 
1888 1889 1890 1891 
1892 1893 1894 1895 
1896 1897 1898 1899 
1900 1901 1902 1903 
1904 1905 1906 1907 
1908 1909 1910 1911 
1912 1913 1914 1915 
1916 1917 1918 1919 
1920 1921 1922 1923 
1924 1925 1926 1927 
1928 1929 1930 1931 
1932 1933 1934 1935 
1936 1937 1938 1939 
1940 1941 1942 1943 
1944 1945 1946 1947 
1948 1949 1950 1951 
1952 1953 1954 1955 
1956 1957 1958 1959 
1960 1961 1962 1963 
1964 1965 1966 1967 
1968 1969 1970 1971 
1972 1973 1974 1975 
1976 1977 1978 1979 
1980 1981 1982 1983 
1984 1985 1986 1987 
1988 1989 1990 1991 
1992 1993 1994 1995 
1996 1997 1998 1999 
2000 2001 2002 2003 
2004 2005 2006 2007 
2008 2009 2010 2011 
2012 2013 2014 2015 
2016 2017 2018 2019 
2020 2021 2022 2023 
2024 2025 2026 2027 
2028 2029 2030 2031 
2032 2033 2034 2035 
2036 2037 2038 2039 
2040 2041 2042 2043 
2044 2045 2046 2047 
2048 2049 2050 2051 2052 2053 2054 2055 2056 2057 2058 2059 2060 2061 2062 2063 
2064 2065 2066 2067 2068 2069 2070 2071 2072 2073 2074 2075 2076 2077 2078 2079 
</DataArray>
<DataArray type="Int32" Name="offsets" format="ascii">
4 8 12 16 20 24 28 32 36 40 44 48 52 56 60 64 68 72 76 80 84 88 92 96 100 104 108 112 116 120 124 128 132 136 140 144 148 152 156 160 164 168 172 176 180 184 188 192 196 200 204 208 212 216 220 224 228 232 236 240 244 248 252 256 260 264 268 272 276 280 284 288 292 296 300 304 308 312 316 320 324 328 332 336 340 344 348 352 356 360 364 368 372 376 380 384 388 392 396 400 404 408 412 416 420 424 428 432 436 440 444 448 452 456 460 464 468 472 476 480 484 488 492 496 500 504 508 512 516 520 524 528 532 536 540 544 548 552 556 560 564 568 572 576 580 584 588 592 596 600 604 608 612 616 620 624 628 632 636 640 644 648 652 656 660 664 668 672 676 680 684 688 692 696 700 704 708 712 716 720 724 728 732 736 740 744 748 752 756 760 764 768 772 776 780 784 788 792 796 800 804 808 812 816 820 824 828 832 836 840 844 848 852 856 860 864 868 872 876 880 884 888 892 896 900 904 908 912 916 920 924 928 932 936 940 944 948 952 956 960 964 968 972 976 980 984 988 992 996 1000 1004 1008 1012 1016 1020 1024 1028 1032 1036 1040 1044 1048 1052 1056 1060 1064 1068 1072 1076 1080 1084 1088 1092 1096 1100 1104 1108 1112 1116 1120 1124 1128 1132 1136 1140 1144 1148 1152 1156 1160 1164 1168 1172 1176 1180 1184 1188 1192 1196 1200 1204 1208 1212 1216 1220 1224 1228 1232 1236 1240 1244 1248 1252 1256 1260 1264 1268 1272 1276 1280 1284 1288 1292 1296 1300 1304 1308 1312 1316 1320 1324 1328 1332 1336 1340 1344 1348 1352 1356 1360 1364 1368 1372 1376 1380 1384 1388 1392 1396 1400 1404 1408 1412 1416 1420 1424 1428 1432 1436 1440 1444 1448 1452 1456 1460 1464 1468 1472 1476 1480 1484 1488 1492 1496 1500 1504 1508 1512 1516 1520 1524 1528 1532 1536 1540 1544 1548 1552 1556 1560 1564 1568 1572 1576 1580 1584 1588 1592 1596 1600 1604 1608 1612 1616 1620 1624 1628 1632 1636 1640 1644 1648 1652 1656 1660 1664 1668 1672 1676 1680 1684 1688 1692 1696 1700 1704 1708 1712 1716 1720 1724 1728 1732 1736 1740 1744 1748 1752 1756 1760 1764 1768 1772 1776 1780 1784 1788 1792 1796 1800 1804 1808 1812 1816 1820 1824 1828 1832 1836 1840 1844 1848 1852 1856 1860 1864 1868 1872 1876 1880 1884 1888 1892 1896 1900 1904 1908 1912 1916 1920 1924 1928 1932 1936 1940 1944 1948 1952 1956 1960 1964 1968 1972 1976 1980 1984 1988 1992 1996 2000 2004 2008 2012 2016 2020 2024 2028 2032 2036 2040 2044 2048 2064 2080 
</DataArray>
<DataArray type="UInt8" Name="types" format="ascii">
7 7 7 7 7 7 7 7 7 7 7 7 7 7 7 7 7 7 7 7 7 7 7 7 7 7 7 7 7 7 7 7 7 7 7 7 7 7 7 7 7 7 7 7 7 7 7 7 7 7 7 7 7 7 7 7 7 7 7 7 7 7 7 7 7 7 7 7 7 7 7 7 7 7 7 7 7 7 7 7 7 7 7 7 7 7 7 7 7 7 7 7 7 7 7 7 7 7 7 7 7 7 7 7 7 7 7 7 7 7 7 7 7 7 7 7 7 7 7 7 7 7 7 7 7 7 7 7 7 7 7 7 7 7 7 7 7 7 7 7 7 7 7 7 7 7 7 7 7 7 7 7 7 7 7 7 7 7 7 7 7 7 7 7 7 7 7 7 7 7 7 7 7 7 7 7 7 7 7 7 7 7 7 7 7 7 7 7 7 7 7 7 7 7 7 7 7 7 7 7 7 7 7 7 7 7 7 7 7 7 7 7 7 7 7 7 7 7 7 7 7 7 7 7 7 7 7 7 7 7 7 7 7 7 7 7 7 7 7 7 7 7 7 7 7 7 7 7 7 7 7 7 7 7 7 7 7 7 7 7 7 7 7 7 7 7 7 7 7 7 7 7 7 7 7 7 7 7 7 7 7 7 7 7 7 7 7 7 7 7 7 7 7 7 7 7 7 7 7 7 7 7 7 7 7 7 7 7 7 7 7 7 7 7 7 7 7 7 7 7 7 7 7 7 7 7 7 7 7 7 7 7 7 7 7 7 7 7 7 7 7 7 7 7 7 7 7 7 7 7 7 7 7 7 7 7 7 7 7 7 7 7 7 7 7 7 7 7 7 7 7 7 7 7 7 7 7 7 7 7 7 7 7 7 7 7 7 7 7 7 7 7 7 7 7 7 7 7 7 7 7 7 7 7 7 7 7 7 7 7 7 7 7 7 7 7 7 7 7 7 7 7 7 7 7 7 7 7 7 7 7 7 7 7 7 7 7 7 7 7 7 7 7 7 7 7 7 7 7 7 7 7 7 7 7 7 7 7 7 7 7 7 7 7 7 7 7 7 7 7 7 7 7 7 7 7 7 7 7 7 7 7 7 7 7 7 7 7 7 7 7 7 7 7 7 7 7 7 7 7 7 7 7 7 7 7 7 7 7 7 7 7 7 7 
</DataArray>
</Cells>
<CellData Scalars="cell variable 4" Vectors="cell vector">
<DataArray type="Float64" NumberOfComponents="3" Name="cell vector" format="ascii">
0.322587 0.946486 0.0101308
0.308008 0.947435 0.0865951
0.239772 0.955439 0.172177
0.123311 0.96812 0.218034
0.0190083 0.979039 0.202784
-0.0456749 0.986542 0.157
-0.0816102 0.991046 0.105677
-0.103771 0.99329 0.0510526
-0.112474 0.993519 -0.0164482
-0.0951601 0.991067 -0.0934406
-0.0359674 0.984885 -0.169436
0.0619496 0.974919 -0.213763
0.167385 0.963833 -0.207382
0.251835 0.954692 -0.158561
0.295189 0.950337 -0.0986067
0.313537 0.948364 -0.0479584
-0.195145 0.0124141 0.980696
-0.556035 0.0397215 0.830209
0.82966 -0.0730108 -0.553475
0.974702 -0.111305 -0.193824
0.972475 -0.127419 0.195079
0.824316 -0.111727 0.554995
0.551387 -0.0736907 0.830989
0.19429 -0.0250143 0.980625
-0.192842 0.0261783 0.980881
-0.550689 0.0755408 0.831285
0.824515 -0.112837 -0.554475
0.973296 -0.123012 -0.193814
0.975048 -0.106028 0.195038
0.829469 -0.0722083 0.553865
0.556428 -0.0407891 0.829894
0.196145 -0.0145835 0.980466
-0.194774 0.0192109 0.98066
-0.555905 0.0513403 0.829659
0.829473 -0.0846618 -0.552093
0.974063 -0.120727 -0.191382
0.970861 -0.13486 0.198096
0.822061 -0.116858 0.557279
0.549303 -0.0786786 0.831911
0.193245 -0.0295308 0.980706
-0.192423 0.0244066 0.981009
-0.548947 0.0773772 0.832268
0.821962 -0.120085 -0.556738
0.970839 -0.137064 -0.196684
0.973617 -0.122173 0.192726
0.829015 -0.0859468 0.552583
0.556473 -0.0503186 0.829341
0.196517 -0.0162159 0.980366
-0.193767 0.0324962 0.980509
-0.552918 0.0868301 0.828699
0.824616 -0.132026 -0.550071
0.967184 -0.170712 -0.18818
0.962444 -0.181123 0.202226
0.813704 -0.153094 0.560756
0.542865 -0.101586 0.833653
0.190442 -0.037553 0.98098
-0.19056 0.0320485 0.981152
-0.542876 0.0995746 0.833889
0.813417 -0.155754 -0.560441
0.96193 -0.184837 -0.201309
0.96646 -0.173856 0.18902
0.824136 -0.133487 0.550437
0.553369 -0.0855103 0.828535
0.195273 -0.0293261 0.98031
-0.190137 0.052169 0.980371
-0.542382 0.143071 0.82786
0.808216 -0.213881 -0.548674
0.946474 -0.263367 -0.186615
0.940002 -0.273401 0.204077
0.793201 -0.233851 0.562269
0.528502 -0.156433 0.834395
0.185018 -0.0563904 0.981116
-0.185967 0.0519805 0.98118
-0.528982 0.154112 0.834523
0.792915 -0.235154 -0.562128
0.939061 -0.276971 -0.203597
0.945389 -0.266943 0.18703
0.807587 -0.215552 0.548945
0.542826 -0.141594 0.827823
0.191584 -0.0491006 0.980247
-0.183479 0.0730439 0.980306
-0.523228 0.203369 0.827571
0.779322 -0.303006 -0.548493
0.912233 -0.36457 -0.186866
0.905342 -0.372523 0.203918
0.763187 -0.318233 0.562382
0.508157 -0.212925 0.834529
0.177761 -0.0756962 0.981158
-0.179001 0.0726324 0.981164
-0.508926 0.210885 0.834579
0.763025 -0.318749 -0.56231
0.90426 -0.375275 -0.203675
0.910924 -0.367738 0.187045
0.778554 -0.304601 0.5487
0.523632 -0.202161 0.827611
0.184896 -0.0703816 0.980235
-0.17427 0.0932872 0.980269
-0.496667 0.262107 0.827419
0.739614 -0.390048 -0.548483
0.865898 -0.463845 -0.187264
0.859306 -0.469208 0.203561
0.724155 -0.399219 0.562337
0.482038 -0.266632 0.834594
0.168609 -0.0940844 0.981182
-0.169786 0.0922358 0.981155
-0.482881 0.265103 0.834594
0.724141 -0.399303 -0.562296
0.858296 -0.471108 -0.203435
0.864587 -0.466255 0.187337
0.738818 -0.391301 0.548664
0.496994 -0.261227 0.827501
0.175571 -0.0912617 0.980228
-0.162894 0.112175 0.980246
-0.463639 0.3172 0.827299
0.690204 -0.472057 -0.548434
0.808323 -0.558069 -0.187542
0.802271 -0.561293 0.20325
0.676439 -0.47574 0.562229
0.450388 -0.317175 0.834596
0.157518 -0.111573 0.981193
-0.158404 0.110712 0.981148
-0.45115 0.316166 0.834567
0.676569 -0.475588 -0.562201
0.801463 -0.562474 -0.203174
0.807193 -0.559687 0.187587
0.689515 -0.47285 0.548618
0.463875 -0.316584 0.827402
0.163956 -0.110858 0.980219
-0.149499 0.129505 0.980244
-0.425329 0.366943 0.827314
0.632538 -0.546812 -0.548537
0.740387 -0.645418 -0.187784
0.734448 -0.647563 0.203097
0.619086 -0.548268 0.562258
0.412238 -0.365246 0.834659
0.144218 -0.128189 0.981208
-0.144688 0.128067 0.981155
-0.41287 0.364631 0.834615
0.619362 -0.547981 -0.562234
0.73391 -0.648192 -0.203035
0.739552 -0.646358 0.187842
0.632065 -0.547157 0.548738
0.425495 -0.366495 0.827427
0.150228 -0.128823 0.980222
-0.133956 0.145437 0.980257
-0.380751 0.41272 0.827461
-0.566357 0.614846 0.54882
-0.663396 0.724257 0.188036
-0.6584 0.724751 -0.203091
-0.555078 0.612791 -0.562473
0.36965 -0.407963 0.83482
0.129485 -0.142893 0.981232
-0.129477 0.143283 0.981176
-0.370092 0.407669 0.834768
-0.555474 0.612456 0.562447
-0.658147 0.724998 0.203027
-0.662899 0.72469 -0.188119
-0.566147 0.614847 -0.549037
0.380838 -0.412406 0.827577
0.134298 -0.145251 0.980238
-0.116487 0.159757 0.980259
-0.330518 0.453891 0.827491
-0.492669 0.675278 0.548887
-0.578447 0.793724 0.188152
-0.57513 0.792467 -0.203032
-0.485436 0.669287 -0.562501
0.323545 -0.445356 0.834851
0.113636 -0.155762 0.981237
-0.113158 0.156448 0.981183
-0.323782 0.445291 0.834794
-0.485941 0.668949 0.562467
-0.575124 0.79249 0.20296
-0.578253 0.79384 -0.18826
-0.492713 0.675062 -0.549113
0.330523 -0.453676 0.827606
0.116434 -0.159901 0.980242
-0.0976836 0.171966 0.980248
-0.277317 0.48836 0.827406
-0.413841 0.726353 0.548768
-0.486235 0.853327 0.188173
-0.483785 0.851343 -0.202895
-0.408004 0.719218 -0.562368
0.272014 -0.478698 0.834779
0.0959344 -0.167312 0.981225
-0.0950466 0.168109 0.981176
-0.272104 0.478751 0.834719
-0.408616 0.718904 0.562325
-0.483992 0.851245 0.202813
-0.486304 0.85326 -0.188299
-0.414118 0.726025 -0.548993
0.277273 -0.488196 0.827517
0.0972744 -0.172278 0.980234
-0.0778825 0.181857 0.980236
-0.220997 0.51639 0.827346
-0.330001 0.768132 0.548701
-0.387847 0.902304 0.188209
-0.385893 0.899981 -0.202784
-0.325203 0.760314 -0.562286
0.216872 -0.506137 0.834741
0.0767707 -0.176973 0.981217
-0.0755574 0.177745 0.981172
-0.216839 0.506254 0.834678
-0.325901 0.760055 0.562233
-0.386278 0.899836 0.202694
-0.388138 0.902151 -0.188342
-0.330472 0.767778 -0.548912
0.220913 -0.516258 0.827451
0.0771801 -0.182202 0.980227
-0.0572465 0.189404 0.980229
-0.162125 0.537822 0.827323
-0.242106 0.800207 0.548683
-0.284535 0.940001 0.188249
-0.282966 0.937463 -0.202715
-0.2382 0.79192 -0.562249
0.158911 -0.527237 0.834727
0.0565447 -0.184459 0.981212
-0.0550966 0.185112 0.981172
-0.158773 0.527381 0.834662
-0.238947 0.79174 0.562186
-0.283495 0.937323 0.202622
-0.285006 0.939832 -0.188379
-0.242727 0.799892 -0.548868
0.162012 -0.537708 0.827419
0.056317 -0.189685 0.980229
-0.035965 0.194581 0.980227
-0.101333 0.552501 0.827329
-0.151217 0.822231 0.548698
-0.177639 0.965916 0.188286
-0.176433 0.96322 -0.20268
-0.148171 0.813587 -0.562246
0.0988979 -0.541703 0.834732
0.0355408 -0.189639 0.98121
-0.0339323 0.190119 0.981175
-0.0986673 0.541848 0.834665
-0.148937 0.813497 0.562174
-0.177076 0.963121 0.202586
-0.178251 0.965779 -0.188406
-0.151952 0.821995 -0.548849
0.101205 -0.552396 0.827415
0.034857 -0.194736 0.980236
-0.014227 0.197362 0.980228
-0.0392472 0.56031 0.827353
-0.0584185 0.833953 0.548734
-0.0685547 0.979712 0.188319
-0.0677664 0.976899 -0.202672
-0.0563662 0.82503 -0.562271
0.0376817 -0.549336 0.834751
0.01409 -0.192427 0.98121
-0.0123503 0.192699 0.98118
-0.037378 0.549459 0.834684
-0.0571536 0.825032 0.562189
-0.0684932 0.976868 0.202576
-0.0692639 0.979642 -0.188426
-0.059246 0.833819 -0.548849
0.0391261 -0.560208 0.827428
0.0129752 -0.197356 0.980246
0.00779631 0.197723 0.980227
0.0234803 0.561167 0.827369
0.0351974 0.835237 0.548762
0.0413234 0.981234 0.18834
0.0415505 0.978365 -0.202673
0.035917 0.826155 -0.562297
-0.0238466 -0.550082 0.83477
-0.00749828 -0.192803 0.981209
0.00928338 0.192837 0.981187
0.0241782 0.550167 0.834704
0.0351212 0.826253 0.562204
0.0407949 0.978417 0.202575
0.0405822 0.981247 -0.188433
0.0343463 0.835221 -0.548841
-0.0236043 -0.561069 0.827432
-0.00907899 -0.197535 0.980254
0.0297848 0.195647 0.980222
0.0859557 0.555049 0.827364
0.128395 0.826058 0.548765
0.150694 0.970473 0.188344
0.15031 0.967643 -0.202667
0.127689 0.817013 -0.562304
-0.0850287 -0.543982 0.834778
-0.0289898 -0.190769 0.981207
0.0307267 0.190576 0.981191
0.0853397 0.544033 0.834712
0.126897 0.817206 0.562202
0.149576 0.967776 0.202573
0.14998 0.97057 -0.188415
0.127594 0.826158 -0.548801
-0.0861013 -0.554951 0.827415
-0.0309808 -0.195275 0.980259
0.0513772 0.191158 0.980214
0.147312 0.542026 0.82735
0.220006 0.80651 0.548762
0.258259 0.947539 0.18834
0.257271 0.944849 -0.202664
0.217927 0.797697 -0.562306
-0.145155 -0.531099 0.834784
-0.0501038 -0.186349 0.981205
0.0517803 0.185944 0.981195
0.145433 0.531126 0.834718
0.217132 0.797989 0.562198
0.25658 0.945055 0.20258
0.257606 0.947709 -0.18838
0.219266 0.806721 -0.548747
-0.147459 -0.541927 0.827388
-0.0524617 -0.19061 0.980263
0.0723416 0.184295 0.980205
0.20688 0.522217 0.827339
0.308939 0.776794 0.54877
0.362652 0.912696 0.188331
0.36102 0.910267 -0.202678
0.305344 0.768478 -0.562322
-0.203339 -0.511632 0.834797
-0.0705483 -0.179613 0.981204
0.0721213 0.179014 0.9812
0.203586 0.511644 0.83473
0.304575 0.768866 0.562209
0.360384 0.910535 0.202608
0.362071 0.912926 -0.188338
0.308272 0.777106 -0.548703
-0.207014 -0.522123 0.827365
-0.0732944 -0.183588 0.980267
0.0924342 0.175126 0.980197
0.263944 0.49583 0.827337
0.394087 0.737241 0.54879
0.462528 0.866376 0.18831
0.460172 0.864376 -0.202719
0.388754 0.729812 -0.562356
-0.258802 -0.485907 0.834815
-0.0900562 -0.170671 0.981204
0.0914651 0.169915 0.981205
0.259015 0.485911 0.834747
0.388049 0.730278 0.562238
0.459605 0.864691 0.202664
0.462025 0.86665 -0.188282
0.39351 0.737636 -0.548673
-0.264055 -0.495748 0.82735
-0.0932272 -0.17429 0.980271
0.111421 0.163742 0.980191
0.3178 0.463146 0.827345
0.474376 0.688306 0.548818
0.556607 0.809163 0.188265
0.553453 0.807815 -0.202794
0.467125 0.682272 -0.562404
-0.310894 -0.454308 0.834835
-0.108408 -0.159647 0.981204
0.109599 0.158791 0.98121
0.311068 0.454314 0.834767
0.466519 0.682788 0.562282
0.552975 0.808153 0.202751
0.556194 0.80946 -0.188207
0.473908 0.688759 -0.548655
-0.317884 -0.463087 0.827345
-0.112025 -0.16282 0.980275
0.129065 0.150262 0.980186
0.367773 0.424519 0.827361
0.548775 0.630563 0.548851
0.643672 0.741802 0.188191
0.639684 0.741373 -0.202905
0.539524 0.626538 -0.562463
-0.359032 -0.417275 0.834852
-0.125396 -0.146689 0.981203
0.126326 0.145805 0.981215
0.359157 0.417302 0.834785
0.53904 0.627066 0.562338
0.639314 0.741701 0.202873
0.643363 0.742091 -0.188107
0.548431 0.631041 -0.548645
-0.367827 -0.424496 0.827349
-0.129458 -0.149307 0.98028
0.14513 0.134839 0.980182
0.413207 0.380379 0.827389
0.616313 0.564696 0.548886
0.722596 0.665194 0.188075
0.717784 0.665999 -0.203057
0.605103 0.563395 -0.562527
-0.402677 -0.375311 0.834861
-0.140826 -0.131964 0.9812
0.141468 0.131142 0.981218
0.402743 0.375385 0.834796
0.604755 0.563895 0.5624
0.717536 0.666273 0.203035
0.722399 0.665438 -0.187969
0.6161 0.565164 -0.548645
-0.413227 -0.38041 0.827365
-0.145298 -0.133912 0.980284
0.159364 0.117681 0.980181
0.45343 0.331283 0.827438
0.676053 0.491555 0.548932
0.792328 0.580435 0.187913
0.786786 0.582801 -0.20325
0.663143 0.493697 -0.562587
-0.4414 -0.32891 0.834856
-0.154555 -0.115622 0.981195
0.154897 0.114971 0.981218
0.441408 0.32906 0.834793
0.662938 0.494117 0.56246
0.786666 0.582968 0.203239
0.792242 0.580592 -0.187789
0.675969 0.491972 -0.548661
-0.453416 -0.331389 0.827403
-0.15931 -0.116847 0.980289
0.17149 0.099098 0.980189
0.48771 0.278046 0.827544
0.727029 0.412297 0.549036
0.851856 0.488977 0.187732
0.845787 0.493203 -0.203458
0.713 0.418442 -0.562616
-0.474821 -0.278591 0.834825
-0.16645 -0.0978026 0.981188
0.166499 0.0974612 0.981213
0.474786 0.278837 0.834762
0.712946 0.418705 0.56249
0.845784 0.493209 0.203458
0.851863 0.489019 -0.187591
0.727063 0.412623 -0.548745
-0.487672 -0.278239 0.827502
-0.17124 -0.0984173 0.980301
0.181134 0.0796928 0.980224
0.515107 0.222229 0.827816
0.768071 0.32903 0.549368
0.900027 0.393341 0.187706
0.893838 0.399543 -0.203518
0.754029 0.339155 -0.562508
-0.502555 -0.225083 0.834731
-0.176374 -0.0786853 0.981173
0.176162 0.0788291 0.9812
0.502518 0.225404 0.834667
0.754132 0.33913 0.562384
0.893909 0.399374 0.203539
0.900078 0.393301 -0.187546
0.768193 0.329233 -0.549076
-0.515068 -0.222475 0.827774
-0.180752 -0.0791951 0.980335
0.187799 0.0607981 0.980324
0.534379 0.167517 0.828479
0.79758 0.246952 0.550346
0.935251 0.299653 0.188448
0.929653 0.307632 -0.202751
0.785308 0.260113 -0.561811
-0.524017 -0.170799 0.834406
-0.184099 -0.0590262 0.981134
0.183701 0.0598363 0.981159
0.52402 0.17113 0.834337
0.785564 0.259601 0.56169
0.929703 0.307445 0.202805
0.935274 0.299697 -0.188268
0.797726 0.247033 -0.550098
-0.534383 -0.167633 0.828453
-0.187427 -0.0603992 0.98042
0.190822 0.0465809 0.980519
0.543773 0.125892 0.829736
0.812845 0.184453 0.552504
0.953768 0.231639 0.191496
0.949303 0.243571 -0.198739
0.803975 0.203499 -0.558759
-0.537629 -0.129265 0.833214
-0.189015 -0.0440529 0.980986
0.188648 0.0446816 0.981028
0.537582 0.130243 0.833092
0.804228 0.202986 0.558583
0.949168 0.244044 0.198803
0.953648 0.232272 -0.191324
0.812889 0.184581 -0.552396
-0.543976 -0.125034 0.829733
-0.190774 -0.0456883 0.98057
0.19225 0.0321629 0.980819
0.548876 0.0859312 0.831475
0.822698 0.122402 0.555144
0.967859 0.156229 0.197083
0.967559 0.164859 -0.191445
0.821412 0.136937 -0.553652
-0.549181 -0.0847635 0.831394
-0.19296 -0.0278926 0.98081
0.192718 0.0282304 0.980848
0.549302 0.0843463 0.831356
0.821609 0.135897 0.553616
0.967229 0.16719 0.191088
0.967458 0.158404 -0.197317
0.822838 0.12189 -0.55505
-0.549461 -0.0839217 0.831294
-0.192428 -0.0313685 0.98081
0.18906 0.03671 0.981279
0.544751 0.0907246 0.833676
0.82418 0.112297 0.555082
0.972438 0.129864 0.19365
0.972029 0.127377 -0.19732
0.823004 0.0999184 -0.559178
-0.54859 -0.0615725 0.833821
-0.192684 -0.0225732 0.981001
0.19167 0.0162136 0.981325
0.548453 0.0592906 0.834077
0.823168 0.102548 0.558461
0.971647 0.132015 0.19615
0.97168 0.133982 -0.194647
0.82362 0.114124 -0.555541
-0.545617 -0.0883178 0.833368
-0.191092 -0.0318978 0.981054
-0.479178 0.866892 0.137428
-0.340244 0.873864 0.347269
-0.370677 0.880761 0.294718
-0.316797 0.880606 0.35238
-0.161302 0.901317 0.402007
0.0112772 0.925899 0.377604
0.161129 0.948126 0.274032
0.25427 0.962551 0.094031
0.251133 0.961514 -0.111456
0.159098 0.947225 -0.278304
0.0180673 0.927378 -0.37369
-0.139919 0.906388 -0.398601
-0.285614 0.88813 -0.36007
-0.348826 0.884574 -0.309595
-0.348339 0.875059 -0.336054
-0.485004 0.86755 -0.110126
0.697103 -0.0738089 0.713162
0.00257188 0.000343963 0.999997
</DataArray>
<DataArray type="Float64" Name="cell vector length" format="ascii">
0.359404 0.37856 0.393498 0.385098 0.370855 0.358152 0.353181 0.358758 0.376887 0.396886 0.409892 0.391214 0.36219 0.341601 0.33555 0.341462 0.369792 0.369679 0.34989 0.341841 0.333592 0.328271 0.33171 0.34262 0.349451 0.348513 0.330746 0.333827 0.342211 0.347277 0.352237 0.36254 0.481619 0.480225 0.458812 0.445505 0.42552 0.409751 0.407351 0.416487 0.424336 0.427619 0.415856 0.427812 0.444207 0.453031 0.460544 0.473833 0.556822 0.546096 0.517173 0.49118 0.452963 0.428033 0.420176 0.42385 0.42932 0.435219 0.434562 0.456051 0.490032 0.512079 0.530811 0.550655 0.577641 0.564521 0.536932 0.507421 0.455085 0.419015 0.405026 0.405537 0.410328 0.418737 0.42484 0.458276 0.506614 0.532467 0.551537 0.572534 0.580551 0.566258 0.541938 0.515251 0.458335 0.418406 0.403019 0.402794 0.406931 0.415225 0.423086 0.461108 0.514738 0.53825 0.554817 0.576095 0.579926 0.565176 0.544 0.520966 0.461754 0.419056 0.40233 0.401262 0.404854 0.413168 0.422652 0.46394 0.52063 0.541098 0.555169 0.576059 0.578839 0.564025 0.54567 0.52605 0.4653 0.420217 0.402344 0.400185 0.403297 0.411916 0.422893 0.466911 0.525806 0.543466 0.555396 0.575541 0.577798 0.563018 0.54902 0.532994 0.471447 0.424108 0.402643 0.39923 0.401892 0.410994 0.426033 0.472561 0.532797 0.547399 0.555687 0.575038 0.576783 0.563425 0.559107 0.54927 0.488083 0.436218 0.404531 0.398214 0.400463 0.411672 0.437523 0.488785 0.549099 0.557982 0.557354 0.574521 0.576435 0.562931 0.561183 0.553679 0.492113 0.438956 0.405266 0.397949 0.399802 0.411258 0.439839 0.492537 0.55353 0.560407 0.558017 0.574648 0.576525 0.562839 0.561275 0.555063 0.493 0.439139 0.406384 0.398184 0.399641 0.411189 0.439697 0.493229 0.554935 0.560763 0.559016 0.575173 0.576804 0.56272 0.561077 0.555727 0.493465 0.439279 0.407409 0.398455 0.399523 0.411009 0.439587 0.493562 0.555622 0.560767 0.559922 0.575848 0.577147 0.56266 0.560857 0.556166 0.493812 0.439438 0.408469 0.398709 0.399402 0.410876 0.43956 0.493829 0.556082 0.560696 0.560822 0.576546 0.577491 0.562659 0.560725 0.556453 0.4941 0.439601 0.409498 0.398905 0.399258 0.410786 0.439602 0.494078 0.55639 0.560668 0.561683 0.577196 0.577793 0.562663 0.56058 0.556496 0.494166 0.439611 0.410242 0.39892 0.399014 0.410629 0.439559 0.494128 0.556457 0.560589 0.562384 0.57773 0.577983 0.56244 0.559926 0.555603 0.493256 0.43877 0.41024 0.398615 0.398559 0.409998 0.438756 0.49322 0.555604 0.559968 0.562676 0.578065 0.577977 0.561677 0.558175 0.552986 0.490509 0.43648 0.409532 0.398075 0.39779 0.408467 0.436458 0.490478 0.553012 0.55826 0.562549 0.578264 0.577861 0.560728 0.556085 0.54969 0.487061 0.433703 0.408717 0.397509 0.396915 0.406611 0.433626 0.487029 0.54973 0.556227 0.562393 0.578423 0.577682 0.559786 0.554048 0.546203 0.483518 0.430918 0.407965 0.397007 0.396071 0.404745 0.430756 0.483469 0.546253 0.55426 0.562318 0.578553 0.577466 0.558977 0.552198 0.542755 0.480067 0.428294 0.407321 0.396621 0.395338 0.403001 0.428029 0.479986 0.542815 0.552492 0.562392 0.578661 0.577238 0.558362 0.550625 0.53936 0.476775 0.425904 0.406837 0.396412 0.394793 0.401478 0.425528 0.47665 0.539432 0.551012 0.562645 0.578759 0.577039 0.557998 0.549329 0.535986 0.473635 0.423825 0.406594 0.396488 0.394548 0.400279 0.423331 0.473461 0.536076 0.549816 0.563108 0.578874 0.576871 0.557883 0.548251 0.532508 0.470603 0.422077 0.406635 0.396883 0.394642 0.399455 0.421457 0.470377 0.532624 0.548847 0.563778 0.579009 0.576601 0.557944 0.547179 0.528712 0.467579 0.420686 0.407011 0.397619 0.395093 0.399048 0.419924 0.467299 0.528864 0.547892 0.564582 0.579028 0.575504 0.557575 0.5455 0.524082 0.46438 0.419651 0.407703 0.398618 0.395809 0.399017 0.418724 0.464057 0.524281 0.546333 0.564936 0.578214 0.570647 0.554083 0.540887 0.516789 0.459977 0.418373 0.408206 0.399314 0.396195 0.398801 0.417272 0.459656 0.517035 0.541815 0.562209 0.57366 0.550493 0.536324 0.522899 0.497841 0.44711 0.410648 0.403155 0.394587 0.391084 0.392907 0.409497 0.446911 0.498101 0.523833 0.545497 0.553931 0.462072 0.449135 0.434951 0.409333 0.364834 0.331645 0.326411 0.317734 0.31359 0.31464 0.330597 0.364917 0.409539 0.435806 0.46098 0.466665 0.351552 0.34871 0.348449 0.333453 0.300334 0.270166 0.272524 0.263588 0.25691 0.25473 0.26974 0.300872 0.333249 0.349356 0.3655 0.357927 0.325398 0.335783 0.346502 0.338042 0.315095 0.292091 0.294252 0.286307 0.281075 0.280108 0.292432 0.315727 0.337492 0.346441 0.349335 0.330472 0.13195 0.099678 0.0691762 0.0948083 0.139169 0.187749 0.214014 0.230028 0.22849 0.213953 0.18265 0.137601 0.0940491 0.0742115 0.0996573 0.133613 0.0304408 0.0152124 
</DataArray>
<DataArray type="Float64" Name="cell variable 4" format="ascii">
700.138 696.354 693.513 695.768 701.655 705.676 707.276 707.219 705.901 703.022 700.071 698.059 697.676 698.827 700.889 701.583 1197.72 1192.31 1162.54 1155.68 1149.73 1145.81 1146.07 1151.61 1152.55 1152.06 1134.23 1145.18 1160.81 1174.26 1185 1196.17 1499.96 1484.18 1421.78 1390.6 1356.28 1329.82 1318.16 1323.25 1329.78 1339.49 1325.31 1354.61 1392.79 1426.75 1459.7 1492.16 1804.89 1738.84 1595 1497.49 1429.51 1384.39 1362.16 1363.95 1372.45 1388.08 1382.85 1429.1 1498.94 1597.61 1706.85 1794.21 1931.84 1843.02 1659.92 1524.05 1427.99 1363.73 1328.61 1323.07 1331.25 1353.78 1363.33 1428.15 1524.91 1661.02 1808.7 1920.24 1963.7 1868.55 1675.83 1529.22 1427.48 1361.74 1326.54 1320.67 1328.53 1350.99 1361.64 1427.81 1529.69 1675.89 1834.02 1951.99 1971.98 1875.98 1682.54 1531.75 1427.82 1361.87 1326.88 1320.57 1327.98 1350.22 1361.85 1428.11 1531.92 1681.97 1842.38 1960.62 1974.21 1879.41 1688.45 1535.59 1429.93 1363.22 1328.19 1320.76 1327.6 1350.04 1363.17 1430.11 1535.53 1687.55 1847.59 1963.56 1975.03 1880.58 1701.43 1547.95 1440.73 1372.16 1329.66 1321.01 1327.18 1349.68 1372.07 1440.78 1547.71 1700.4 1851.26 1965.36 1975.67 1879.11 1717.37 1563.82 1455.72 1385.6 1330.27 1321.33 1326.76 1348.14 1385.47 1455.66 1563.47 1716.31 1852.92 1967.19 1975.74 1879.62 1728.35 1575.11 1465.79 1393.62 1332.56 1321.82 1326.45 1348.03 1393.45 1465.64 1574.71 1727.37 1857.04 1968.58 1975.45 1880.77 1730.74 1577.24 1467 1393.94 1335.47 1322.47 1326.24 1348.27 1393.76 1466.82 1576.83 1729.88 1862.13 1969.69 1975.04 1881.1 1731.53 1577.77 1467.1 1393.83 1338.19 1323.17 1326.06 1348.11 1393.68 1466.92 1577.4 1730.82 1866.64 1970.67 1974.65 1881.14 1731.89 1577.85 1467.03 1393.67 1341.04 1323.93 1325.93 1347.98 1393.55 1466.88 1577.55 1731.33 1870.95 1971.62 1974.35 1880.97 1731.83 1577.73 1466.82 1393.47 1343.86 1324.68 1325.85 1347.87 1393.42 1466.74 1577.52 1731.41 1874.94 1972.56 1973.97 1880.33 1730.98 1576.8 1466.04 1392.88 1346.11 1325.26 1325.69 1347.56 1392.9 1466.02 1576.71 1730.77 1878.05 1973.28 1973.35 1878.57 1728.42 1573.98 1463.5 1390.96 1347.28 1325.61 1325.36 1346.45 1391.02 1463.55 1574.02 1728.48 1879.75 1973.71 1972.43 1875.51 1723.86 1568.85 1458.75 1387.25 1347.59 1325.75 1324.79 1344.28 1387.39 1458.89 1569.02 1724.12 1880.34 1973.86 1971.17 1871.5 1717.94 1562.23 1452.69 1382.46 1347.58 1325.79 1324.02 1341.43 1382.69 1452.93 1562.52 1718.33 1880.36 1973.77 1969.74 1867.12 1711.64 1555.62 1446.67 1377.65 1347.57 1325.84 1323.21 1338.48 1377.98 1446.99 1556 1712.14 1880.17 1973.61 1968.26 1862.69 1705.58 1549.47 1441.21 1373.21 1347.6 1325.93 1322.42 1335.64 1373.61 1441.61 1549.93 1706.19 1879.86 1973.43 1966.74 1858.31 1699.85 1544.09 1436.52 1369.32 1347.69 1326.07 1321.7 1333.05 1369.78 1436.99 1544.64 1700.56 1879.37 1973.21 1965.13 1854.04 1694.58 1539.49 1432.7 1366.09 1347.88 1326.28 1321.1 1330.8 1366.61 1433.22 1540.11 1695.4 1878.68 1972.85 1963.14 1849.74 1689.61 1535.68 1429.75 1363.57 1348.17 1326.56 1320.63 1328.93 1364.12 1430.31 1536.35 1690.53 1877.56 1972.03 1959.74 1844.61 1684.54 1532.37 1427.57 1361.71 1348.56 1326.86 1320.25 1327.45 1362.28 1428.16 1533.09 1685.52 1875.17 1969.68 1950.69 1835.37 1677.27 1528.44 1425.55 1360.18 1348.79 1326.95 1319.74 1326.09 1360.76 1426.15 1529.15 1678.25 1868.1 1961.49 1920.34 1809.46 1658.91 1518.28 1420.24 1356.67 1347.16 1325.42 1317.69 1323.21 1357.27 1420.86 1518.93 1659.73 1843.41 1931.63 1815.04 1719.23 1591.57 1472.89 1389.27 1333.41 1328.83 1309.03 1301.1 1304.34 1334.26 1389.95 1473.34 1591.93 1752.14 1825.94 1470.37 1404.37 1322.19 1246.47 1189.18 1149.36 1150.43 1136.92 1130.34 1130.28 1150.36 1189.88 1246.58 1322.04 1430.94 1479.23 1182.24 1157.14 1129.9 1098.83 1061.91 1031.54 1034.09 1023.1 1018.25 1018.07 1033.32 1062.64 1098.63 1128.71 1177.32 1188.7 1096.76 1087.42 1078.07 1063.69 1045.1 1027.72 1034.48 1027.46 1023.89 1021.86 1029.49 1045.57 1063.45 1076.7 1101.88 1101.01 696.574 662.346 632.259 634.069 647.331 667.911 685.726 693.252 688.697 678.158 663.659 646.756 633.914 636.156 669.653 700.985 549.146 745.326 
</DataArray>
<DataArray type="Float64" Name="cell variable 5" format="ascii">
0.413534 0.413534 0.413534 0.413534 0.413534 0.413534 0.413534 0.413534 0.413534 0.413534 0.413534 0.413534 0.413534 0.413534 0.413534 0.413534 0.413534 0.413534 0.413534 0.413534 0.413534 0.413534 0.413534 0.413534 0.413534 0.413534 0.413534 0.413534 0.413534 0.413534 0.413534 0.413534 0.413534 0.413534 0.413534 0.413534 0.413534 0.413534 0.413534 0.413534 0.413534 0.413534 0.413534 0.413534 0.413534 0.413534 0.413534 0.413534 0.624988 0.578581 0.503685 0.432281 0.413534 0.413534 0.413534 0.413534 0.413534 0.413534 0.413534 0.413534 0.432281 0.503685 0.578581 0.624988 0.707144 0.642724 0.538698 0.439541 0.413534 0.413534 0.413534 0.413534 0.413534 0.413534 0.413534 0.413534 0.439541 0.538698 0.642724 0.707144 0.754746 0.679943 0.559007 0.443768 0.413534 0.413534 0.413534 0.413534 0.413534 0.413534 0.413534 0.413534 0.443768 0.559007 0.679943 0.754746 0.789391 0.706868 0.573802 0.446893 0.413534 0.413534 0.413534 0.413534 0.413534 0.413534 0.413534 0.413534 0.446893 0.573802 0.706868 0.789391 0.816409 0.728004 0.585289 0.449282 0.413534 0.413534 0.413534 0.413534 0.413534 0.413534 0.413534 0.413534 0.449282 0.585289 0.728004 0.816409 0.838188 0.745005 0.594571 0.451212 0.413534 0.413534 0.413534 0.413534 0.413534 0.413534 0.413534 0.413534 0.451212 0.594571 0.745005 0.838188 0.856016 0.758882 0.602198 0.452774 0.413534 0.413534 0.413534 0.413534 0.413534 0.413534 0.413534 0.413534 0.452774 0.602198 0.758882 0.856016 0.870444 0.770185 0.608355 0.454061 0.413534 0.413534 0.413534 0.413534 0.413534 0.413534 0.413534 0.413534 0.454061 0.608355 0.770185 0.870444 0.882023 0.779283 0.613318 0.455072 0.413534 0.413534 0.413534 0.413534 0.413534 0.413534 0.413534 0.413534 0.455072 0.613318 0.779283 0.882023 0.891029 0.786267 0.617085 0.455899 0.413534 0.413534 0.413534 0.413534 0.413534 0.413534 0.413534 0.413534 0.455899 0.617085 0.786267 0.891029 0.897646 0.791413 0.619934 0.45645 0.413534 0.413534 0.413534 0.413534 0.413534 0.413534 0.413534 0.413534 0.45645 0.619934 0.791413 0.897646 0.902057 0.794813 0.621772 0.45691 0.413534 0.413534 0.413534 0.413534 0.413534 0.413534 0.413534 0.413534 0.45691 0.621772 0.794813 0.902057 0.90417 0.796559 0.622691 0.457093 0.413534 0.413534 0.413534 0.413534 0.413534 0.413534 0.413534 0.413534 0.457093 0.622691 0.796559 0.90417 0.90417 0.796559 0.622691 0.457093 0.413534 0.413534 0.413534 0.413534 0.413534 0.413534 0.413534 0.413534 0.457093 0.622691 0.796559 0.90417 0.902057 0.794813 0.621772 0.45691 0.413534 0.413534 0.413534 0.413534 0.413534 0.413534 0.413534 0.413534 0.45691 0.621772 0.794813 0.902057 0.897646 0.791413 0.619934 0.45645 0.413534 0.413534 0.413534 0.413534 0.413534 0.413534 0.413534 0.413534 0.45645 0.619934 0.791413 0.897646 0.891029 0.786267 0.617085 0.455899 0.413534 0.413534 0.413534 0.413534 0.413534 0.413534 0.413534 0.413534 0.455899 0.617085 0.786267 0.891029 0.882023 0.779283 0.613318 0.455072 0.413534 0.413534 0.413534 0.413534 0.413534 0.413534 0.413534 0.413534 0.455072 0.613318 0.779283 0.882023 0.870444 0.770185 0.608355 0.454061 0.413534 0.413534 0.413534 0.413534 0.413534 0.413534 0.413534 0.413534 0.454061 0.608355 0.770185 0.870444 0.856016 0.758882 0.602198 0.452774 0.413534 0.413534 0.413534 0.413534 0.413534 0.413534 0.413534 0.413534 0.452774 0.602198 0.758882 0.856016 0.838188 0.745005 0.594571 0.451212 0.413534 0.413534 0.413534 0.413534 0.413534 0.413534 0.413534 0.413534 0.451212 0.594571 0.745005 0.838188 0.816409 0.728004 0.585289 0.449282 0.413534 0.413534 0.413534 0.413534 0.413534 0.413534 0.413534 0.413534 0.449282 0.585289 0.728004 0.816409 0.789391 0.706868 0.573802 0.446893 0.413534 0.413534 0.413534 0.413534 0.413534 0.413534 0.413534 0.413534 0.446893 0.573802 0.706868 0.789391 0.754746 0.679943 0.559007 0.443768 0.413534 0.413534 0.413534 0.413534 0.413534 0.413534 0.413534 0.413534 0.443768 0.559007 0.679943 0.754746 0.707144 0.642724 0.538698 0.439541 0.413534 0.413534 0.413534 0.413534 0.413534 0.413534 0.413534 0.413534 0.439541 0.538698 0.642724 0.707144 0.624988 0.578581 0.503685 0.432281 0.413534 0.413534 0.413534 0.413534 0.413534 0.413534 0.413534 0.413534 0.432281 0.503685 0.578581 0.624988 0.413534 0.413534 0.413534 0.413534 0.413534 0.413534 0.413534 0.413534 0.413534 0.413534 0.413534 0.413534 0.413534 0.413534 0.413534 0.413534 0.413534 0.413534 0.413534 0.413534 0.413534 0.413534 0.413534 0.413534 0.413534 0.413534 0.413534 0.413534 0.413534 0.413534 0.413534 0.413534 0.413534 0.413534 0.413534 0.413534 0.413534 0.413534 0.413534 0.413534 0.413534 0.413534 0.413534 0.413534 0.413534 0.413534 0.413534 0.413534 0.413534 0.413534 
</DataArray>
<DataArray type="Float64" Name="cell variable 6" format="ascii">
0.465106 0.465106 0.465106 0.465106 0.465106 0.465106 0.465106 0.465106 0.465106 0.465106 0.465106 0.465106 0.465106 0.465106 0.465106 0.465106 0.465106 0.465106 0.465106 0.465106 0.465106 0.465106 0.465106 0.465106 0.465106 0.465106 0.465106 0.465106 0.465106 0.465106 0.465106 0.465106 0.465106 0.465106 0.465106 0.465106 0.465106 0.465106 0.465106 0.465106 0.465106 0.465106 0.465106 0.465106 0.465106 0.465106 0.465106 0.465106 0.404842 0.414042 0.430945 0.453125 0.465106 0.465106 0.465106 0.465106 0.465106 0.465106 0.465106 0.465106 0.453125 0.430945 0.414042 0.404842 0.381449 0.394144 0.417679 0.448489 0.465106 0.465106 0.465106 0.465106 0.465106 0.465106 0.465106 0.465106 0.448489 0.417679 0.394144 0.381449 0.367899 0.382662 0.410048 0.445779 0.465106 0.465106 0.465106 0.465106 0.465106 0.465106 0.465106 0.465106 0.445779 0.410048 0.382662 0.367899 0.357985 0.374317 0.404414 0.443782 0.465106 0.465106 0.465106 0.465106 0.465106 0.465106 0.465106 0.465106 0.443782 0.404414 0.374317 0.357985 0.350283 0.367756 0.400063 0.442284 0.465106 0.465106 0.465106 0.465106 0.465106 0.465106 0.465106 0.465106 0.442284 0.400063 0.367756 0.350283 0.344078 0.36255 0.396569 0.441001 0.465106 0.465106 0.465106 0.465106 0.465106 0.465106 0.465106 0.465106 0.441001 0.396569 0.36255 0.344078 0.339014 0.358199 0.393716 0.440002 0.465106 0.465106 0.465106 0.465106 0.465106 0.465106 0.465106 0.465106 0.440002 0.393716 0.358199 0.339014 0.334878 0.354704 0.391363 0.439218 0.465106 0.465106 0.465106 0.465106 0.465106 0.465106 0.465106 0.465106 0.439218 0.391363 0.354704 0.334878 0.331597 0.351923 0.389508 0.438576 0.465106 0.465106 0.465106 0.465106 0.465106 0.465106 0.465106 0.465106 0.438576 0.389508 0.351923 0.331597 0.32903 0.349712 0.388011 0.438005 0.465106 0.465106 0.465106 0.465106 0.465106 0.465106 0.465106 0.465106 0.438005 0.388011 0.349712 0.32903 0.327175 0.348143 0.386941 0.437649 0.465106 0.465106 0.465106 0.465106 0.465106 0.465106 0.465106 0.465106 0.437649 0.386941 0.348143 0.327175 0.325892 0.347073 0.386228 0.437435 0.465106 0.465106 0.465106 0.465106 0.465106 0.465106 0.465106 0.465106 0.437435 0.386228 0.347073 0.325892 0.325321 0.346574 0.385871 0.437292 0.465106 0.465106 0.465106 0.465106 0.465106 0.465106 0.465106 0.465106 0.437292 0.385871 0.346574 0.325321 0.325321 0.346574 0.385871 0.437292 0.465106 0.465106 0.465106 0.465106 0.465106 0.465106 0.465106 0.465106 0.437292 0.385871 0.346574 0.325321 0.325892 0.347073 0.386228 0.437435 0.465106 0.465106 0.465106 0.465106 0.465106 0.465106 0.465106 0.465106 0.437435 0.386228 0.347073 0.325892 0.327175 0.348143 0.386941 0.437649 0.465106 0.465106 0.465106 0.465106 0.465106 0.465106 0.465106 0.465106 0.437649 0.386941 0.348143 0.327175 0.32903 0.349712 0.388011 0.438005 0.465106 0.465106 0.465106 0.465106 0.465106 0.465106 0.465106 0.465106 0.438005 0.388011 0.349712 0.32903 0.331597 0.351923 0.389508 0.438576 0.465106 0.465106 0.465106 0.465106 0.465106 0.465106 0.465106 0.465106 0.438576 0.389508 0.351923 0.331597 0.334878 0.354704 0.391363 0.439218 0.465106 0.465106 0.465106 0.465106 0.465106 0.465106 0.465106 0.465106 0.439218 0.391363 0.354704 0.334878 0.339014 0.358199 0.393716 0.440002 0.465106 0.465106 0.465106 0.465106 0.465106 0.465106 0.465106 0.465106 0.440002 0.393716 0.358199 0.339014 0.344078 0.36255 0.396569 0.441001 0.465106 0.465106 0.465106 0.465106 0.465106 0.465106 0.465106 0.465106 0.441001 0.396569 0.36255 0.344078 0.350283 0.367756 0.400063 0.442284 0.465106 0.465106 0.465106 0.465106 0.465106 0.465106 0.465106 0.465106 0.442284 0.400063 0.367756 0.350283 0.357985 0.374317 0.404414 0.443782 0.465106 0.465106 0.465106 0.465106 0.465106 0.465106 0.465106 0.465106 0.443782 0.404414 0.374317 0.357985 0.367899 0.382662 0.410048 0.445779 0.465106 0.465106 0.465106 0.465106 0.465106 0.465106 0.465106 0.465106 0.445779 0.410048 0.382662 0.367899 0.381449 0.394144 0.417679 0.448489 0.465106 0.465106 0.465106 0.465106 0.465106 0.465106 0.465106 0.465106 0.448489 0.417679 0.394144 0.381449 0.404842 0.414042 0.430945 0.453125 0.465106 0.465106 0.465106 0.465106 0.465106 0.465106 0.465106 0.465106 0.453125 0.430945 0.414042 0.404842 0.465106 0.465106 0.465106 0.465106 0.465106 0.465106 0.465106 0.465106 0.465106 0.465106 0.465106 0.465106 0.465106 0.465106 0.465106 0.465106 0.465106 0.465106 0.465106 0.465106 0.465106 0.465106 0.465106 0.465106 0.465106 0.465106 0.465106 0.465106 0.465106 0.465106 0.465106 0.465106 0.465106 0.465106 0.465106 0.465106 0.465106 0.465106 0.465106 0.465106 0.465106 0.465106 0.465106 0.465106 0.465106 0.465106 0.465106 0.465106 0.465106 0.465106 
</DataArray>
<DataArray type="Float64" Name="cell variable 7" format="ascii">
0 0 0 0 0 0 0 0 0 0 0 0 0 0 0 0 0 0 0 0 0 0 0 0 0 0 0 0 0 0 0 0 0 0 0 0 0 0 0 0 0 0 0 0 0 0 0 0 0 0 0 0 0 0 0 0 0 0 0 0 0 0 0 0 0 0 0 0 0 0 0 0 0 0 0 0 0 0 0 0 0 0 0 0 0 0 0 0 0 0 0 0 0 0 0 0 0 0 0 0 0 0 0 0 0 0 0 0 0 0 0 0 0 0 0 0 0 0 0 0 0 0 0 0 0 0 0 0 0 0 0 0 0 0 0 0 0 0 0 0 0 0 0 0 0 0 0 0 0 0 0 0 0 0 0 0 0 0 0 0 0 0 0 0 0 0 0 0 0 0 0 0 0 0 0 0 0 0 0 0 0 0 0 0 0 0 0 0 0 0 0 0 0 0 0 0 0 0 0 0 0 0 0 0 0 0 0 0 0 0 0 0 0 0 0 0 0 0 0 0 0 0 0 0 0 0 0 0 0 0 0 0 0 0 0 0 0 0 0 0 0 0 0 0 0 0 0 0 0 0 0 0 0 0 0 0 0 0 0 0 0 0 0 0 0 0 0 0 0 0 0 0 0 0 0 0 0 0 0 0 0 0 0 0 0 0 0 0 0 0 0 0 0 0 0 0 0 0 0 0 0 0 0 0 0 0 0 0 0 0 0 0 0 0 0 0 0 0 0 0 0 0 0 0 0 0 0 0 0 0 0 0 0 0 0 0 0 0 0 0 0 0 0 0 0 0 0 0 0 0 0 0 0 0 0 0 0 0 0 0 0 0 0 0 0 0 0 0 0 0 0 0 0 0 0 0 0 0 0 0 0 0 0 0 0 0 0 0 0 0 0 0 0 0 0 0 0 0 0 0 0 0 0 0 0 0 0 0 0 0 0 0 0 0 0 0 0 0 0 0 0 0 0 0 0 0 0 0 0 0 0 0 0 0 0 0 0 0 0 0 0 0 0 0 0 0 0 0 0 0 0 0 0 0 0 0 0 0 0 0 0 0 0 0 0 0 0 0 0 0 0 0 0 0 0 0 0 0 0 0 0 0 0 0 0 0 0 0 0 0 0 0 0 0 0 0 0 0 0 0 0 0 0 0 0 0 0 0 0 0 0 0 1 1 
</DataArray>
<DataArray type="Float64" Name="cell variable 8" format="ascii">
11.25 33.75 56.25 78.75 101.25 123.75 146.25 168.75 191.25 213.75 236.25 258.75 281.25 303.75 326.25 348.75 11.25 33.75 56.25 78.75 101.25 123.75 146.25 168.75 191.25 213.75 236.25 258.75 281.25 303.75 326.25 348.75 11.25 33.75 56.25 78.75 101.25 123.75 146.25 168.75 191.25 213.75 236.25 258.75 281.25 303.75 326.25 348.75 11.25 33.75 56.25 78.75 101.25 123.75 146.25 168.75 191.25 213.75 236.25 258.75 281.25 303.75 326.25 348.75 11.25 33.75 56.25 78.75 101.25 123.75 146.25 168.75 191.25 213.75 236.25 258.75 281.25 303.75 326.25 348.75 11.25 33.75 56.25 78.75 101.25 123.75 146.25 168.75 191.25 213.75 236.25 258.75 281.25 303.75 326.25 348.75 11.25 33.75 56.25 78.75 101.25 123.75 146.25 168.75 191.25 213.75 236.25 258.75 281.25 303.75 326.25 348.75 11.25 33.75 56.25 78.75 101.25 123.75 146.25 168.75 191.25 213.75 236.25 258.75 281.25 303.75 326.25 348.75 11.25 33.75 56.25 78.75 101.25 123.75 146.25 168.75 191.25 213.75 236.25 258.75 281.25 303.75 326.25 348.75 11.25 33.75 56.25 78.75 101.25 123.75 146.25 168.75 191.25 213.75 236.25 258.75 281.25 303.75 326.25 348.75 11.25 33.75 56.25 78.75 101.25 123.75 146.25 168.75 191.25 213.75 236.25 258.75 281.25 303.75 326.25 348.75 11.25 33.75 56.25 78.75 101.25 123.75 146.25 168.75 191.25 213.75 236.25 258.75 281.25 303.75 326.25 348.75 11.25 33.75 56.25 78.75 101.25 123.75 146.25 168.75 191.25 213.75 236.25 258.75 281.25 303.75 326.25 348.75 11.25 33.75 56.25 78.75 101.25 123.75 146.25 168.75 191.25 213.75 236.25 258.75 281.25 303.75 326.25 348.75 11.25 33.75 56.25 78.75 101.25 123.75 146.25 168.75 191.25 213.75 236.25 258.75 281.25 303.75 326.25 348.75 11.25 33.75 56.25 78.75 101.25 123.75 146.25 168.75 191.25 213.75 236.25 258.75 281.25 303.75 326.25 348.75 11.25 33.75 56.25 78.75 101.25 123.75 146.25 168.75 191.25 213.75 236.25 258.75 281.25 303.75 326.25 348.75 11.25 33.75 56.25 78.75 101.25 123.75 146.25 168.75 191.25 213.75 236.25 258.75 281.25 303.75 326.25 348.75 11.25 33.75 56.25 78.75 101.25 123.75 146.25 168.75 191.25 213.75 236.25 258.75 281.25 303.75 326.25 348.75 11.25 33.75 56.25 78.75 101.25 123.75 146.25 168.75 191.25 213.75 236.25 258.75 281.25 303.75 326.25 348.75 11.25 33.75 56.25 78.75 101.25 123.75 146.25 168.75 191.25 213.75 236.25 258.75 281.25 303.75 326.25 348.75 11.25 33.75 56.25 78.75 101.25 123.75 146.25 168.75 191.25 213.75 236.25 258.75 281.25 303.75 326.25 348.75 11.25 33.75 56.25 78.75 101.25 123.75 146.25 168.75 191.25 213.75 236.25 258.75 281.25 303.75 326.25 348.75 11.25 33.75 56.25 78.75 101.25 123.75 146.25 168.75 191.25 213.75 236.25 258.75 281.25 303.75 326.25 348.75 11.25 33.75 56.25 78.75 101.25 123.75 146.25 168.75 191.25 213.75 236.25 258.75 281.25 303.75 326.25 348.75 11.25 33.75 56.25 78.75 101.25 123.75 146.25 168.75 191.25 213.75 236.25 258.75 281.25 303.75 326.25 348.75 11.25 33.75 56.25 78.75 101.25 123.75 146.25 168.75 191.25 213.75 236.25 258.75 281.25 303.75 326.25 348.75 11.25 33.75 56.25 78.75 101.25 123.75 146.25 168.75 191.25 213.75 236.25 258.75 281.25 303.75 326.25 348.75 11.25 33.75 56.25 78.75 101.25 123.75 146.25 168.75 191.25 213.75 236.25 258.75 281.25 303.75 326.25 348.75 11.25 33.75 56.25 78.75 101.25 123.75 146.25 168.75 191.25 213.75 236.25 258.75 281.25 303.75 326.25 348.75 11.25 33.75 56.25 78.75 101.25 123.75 146.25 168.75 191.25 213.75 236.25 258.75 281.25 303.75 326.25 348.75 11.25 33.75 56.25 78.75 101.25 123.75 146.25 168.75 191.25 213.75 236.25 258.75 281.25 303.75 326.25 348.75 0 0 
</DataArray>
</CellData>
</Piece>
</UnstructuredGrid>
</VTKFile>
