<VTKFile type="UnstructuredGrid" version="0.1">
<UnstructuredGrid>
<Piece  NumberOfPoints="    2608" NumberOfCells="    2080">
<Points>
<DataArray type="Float64" NumberOfComponents="3" format="ascii">
-308.856 716.844 -0.403603 
-307.515 722.404 28.2216 
-303.625 738.192 52.4435 
-297.838 761.776 68.5602 
-291.19 789.57 74.1687 
-284.893 817.437 68.5011 
-279.808 841.183 52.3742 
-276.455 857.092 28.1505 
-275.254 862.665 -0.473689 
-276.407 857.049 -29.0919 
-279.74 841.113 -53.3024 
-284.816 817.351 -69.409 
-291.108 789.478 -75.0498 
-297.764 761.69 -69.4148 
-303.55 738.125 -53.27 
-307.455 722.369 -29.0318 
-280.532 703.941 -0.364961 
-279.041 709.958 30.5864 
-274.799 727.045 56.7673 
-268.489 752.563 74.2085 
-261.266 782.659 80.3295 
-254.509 812.903 74.2421 
-249.061 838.614 56.732 
-245.438 855.801 30.498 
-244.137 861.826 -0.459461 
-245.381 855.764 -31.4117 
-248.979 838.546 -57.6275 
-254.425 812.817 -75.1102 
-261.177 782.568 -81.1724 
-268.404 752.479 -75.0255 
-274.745 726.992 -57.5524 
-279.027 709.932 -31.3298 
-246.65 694.448 -0.342864 
-245.105 700.571 31.3093 
-240.684 717.954 58.1147 
-234.081 743.943 75.9994 
-226.56 774.646 82.283 
-219.811 805.567 76.0201 
-214.438 831.845 58.0642 
-210.815 849.417 31.2224 
-209.503 855.577 -0.440279 
-210.769 849.376 -32.0932 
-214.364 831.779 -58.9089 
-219.724 805.482 -76.8403 
-226.469 774.554 -83.0747 
-233.997 743.858 -76.7619 
-240.628 717.893 -58.8512 
-245.086 700.534 -32.0084 
-212.288 686.181 -0.320714 
-210.702 692.314 31.4736 
-206.12 709.723 58.4152 
-199.198 735.75 76.4042 
-191.342 766.523 82.7001 
-184.913 797.678 76.4481 
-179.785 824.23 58.4454 
-176.222 841.956 31.4485 
-174.91 848.16 -0.414588 
-176.186 841.918 -32.27 
-179.719 824.164 -59.2456 
-184.827 797.591 -77.2223 
-191.251 766.429 -83.4459 
-199.117 735.663 -77.1217 
-206.061 709.658 -59.1086 
-210.678 692.271 -32.1294 
-178.634 677.61 -0.30127 
-176.842 683.706 31.5377 
-171.684 701.005 58.5113 
-163.94 726.872 76.5173 
-154.973 757.424 82.8114 
-146.792 788.241 76.5368 
-140.209 814.622 58.5734 
-135.744 832.233 31.5426 
-134.132 838.392 -0.385074 
-135.712 832.198 -32.3075 
-140.148 814.557 -59.3236 
-146.704 788.152 -77.2645 
-154.881 757.326 -83.5154 
-163.863 726.782 -77.1939 
-171.626 700.935 -59.1658 
-176.813 683.657 -32.1549 
-145.56 667.795 -0.282749 
-143.542 673.816 31.5674 
-137.752 690.902 58.555 
-129.066 716.465 76.5648 
-118.909 746.643 82.8599 
-109.159 777.017 76.5667 
-101.186 803.029 58.599 
-95.836 820.424 31.5752 
-93.9259 826.517 -0.358779 
-95.807 820.4 -32.2895 
-101.128 802.982 -59.3036 
-109.061 776.946 -77.2574 
-118.82 746.527 -83.5366 
-128.999 716.362 -77.2107 
-137.698 690.821 -59.177 
-143.513 673.76 -32.1489 
-113.118 656.559 -0.26462 
-110.863 662.486 31.5888 
-104.4 679.305 58.5877 
-94.6959 704.481 76.6094 
-83.2833 734.198 82.9022 
-72.0687 764.065 76.5986 
-62.7647 789.63 58.6186 
-56.5487 806.746 31.598 
-54.3434 812.75 -0.33515 
-56.52 806.736 -32.2677 
-62.708 789.608 -59.2844 
-71.9802 764.029 -77.2591 
-83.222 734.067 -83.5588 
-94.6423 704.364 -77.2299 
-104.352 679.211 -59.1807 
-110.836 662.422 -32.1359 
-81.3498 643.871 -0.245448 
-78.8503 649.689 31.6089 
-71.6861 666.198 58.6165 
-60.9211 690.921 76.6503 
-48.2138 720.101 82.9424 
-35.5918 749.403 76.6304 
-25.0182 774.469 58.638 
-17.9578 791.256 31.6179 
-15.4625 797.151 -0.31297 
-17.9317 791.251 -32.2442 
-24.9688 774.455 -59.2624 
-35.5252 749.385 -77.2525 
-48.1796 719.974 -83.5642 
-60.8779 690.803 -77.2359 
-71.6411 666.102 -59.1746 
-78.8241 649.622 -32.1186 
-50.2971 629.741 -0.224969 
-47.5489 635.433 31.6309 
-39.6721 651.59 58.6487 
-27.8279 675.793 76.6972 
-13.8121 704.354 82.9943 
0.19878 733.071 76.6692 
11.9803 757.582 58.6637 
19.8576 773.994 31.6396 
22.6336 779.757 -0.291658 
19.8754 773.981 -32.2217 
12.0135 757.555 -59.2412 
0.227943 733.042 -77.2401 
-13.796 704.258 -83.5601 
-27.7874 675.692 -77.2343 
-39.6261 651.504 -59.1635 
-47.5222 635.369 -32.0993 
-20.0063 614.191 -0.205052 
-17.0077 619.743 31.6524 
-8.415 635.51 58.6787 
4.50975 659.134 76.7395 
19.8084 687.016 83.0433 
35.1764 715.089 76.7036 
48.1433 738.982 58.688 
56.8111 754.982 31.6596 
59.8597 760.596 -0.272416 
56.8194 754.958 -32.2012 
48.16 738.938 -59.221 
35.1945 715.031 -77.2243 
19.8349 686.941 -83.5516 
4.55178 659.052 -77.2274 
-8.36755 635.436 -59.1508 
-16.9809 619.685 -32.0803 
9.47112 597.247 -0.187332 
12.7208 602.65 31.67 
22.0265 617.994 58.6987 
36.0238 640.987 76.7641 
52.5918 668.128 83.0708 
69.2649 695.451 76.723 
83.3767 718.684 58.7019 
92.8137 734.241 31.6738 
96.1302 739.702 -0.256392 
92.8186 734.219 -32.1835 
83.3886 718.64 -59.2028 
69.2834 695.39 -77.2084 
52.6206 668.057 -83.5412 
36.0636 640.912 -77.2178 
22.0715 617.926 -59.1379 
12.7452 602.594 -32.0631 
38.0822 578.943 -0.171045 
41.5804 584.185 31.6856 
51.59 599.069 58.7155 
66.6429 621.376 76.7846 
84.4581 647.709 83.0912 
102.399 674.214 76.7389 
117.61 696.739 58.7158 
127.787 711.821 31.688 
131.363 717.116 -0.240541 
127.791 711.8 -32.1662 
117.62 696.697 -59.1851 
102.418 674.154 -77.1932 
84.4864 647.638 -83.5295 
66.6799 621.303 -77.2073 
51.6314 599.003 -59.1252 
41.6012 584.129 -32.0472 
65.7718 559.316 -0.155371 
69.5134 564.384 31.7008 
80.2123 578.773 58.7312 
96.2973 600.339 76.8023 
115.33 625.8 83.108 
134.5 651.425 76.7532 
150.768 673.195 58.7289 
161.656 687.77 31.7021 
165.481 692.887 -0.224507 
161.658 687.75 -32.1483 
150.776 673.154 -59.1665 
134.518 651.365 -77.1767 
115.356 625.729 -83.5159 
96.3314 600.267 -77.1953 
80.2501 578.706 -59.1126 
69.5303 564.327 -32.0321 
92.4833 538.404 -0.139936 
96.4621 543.287 31.7158 
107.832 557.145 58.7458 
124.92 577.919 76.8168 
145.133 602.446 83.1205 
165.491 627.132 76.7644 
182.773 648.102 58.7401 
194.342 662.138 31.7154 
198.408 667.067 -0.208367 
194.344 662.119 -32.1294 
182.78 648.062 -59.146 
165.507 627.074 -77.1573 
145.158 602.376 -83.4984 
124.951 577.847 -77.1808 
107.866 557.079 -59.0993 
96.4752 543.229 -32.0172 
118.16 516.253 -0.124679 
122.369 520.938 31.7301 
134.389 534.233 58.758 
152.449 554.164 76.8255 
173.8 577.7 83.1218 
195.295 601.389 76.7641 
213.547 621.508 58.7432 
225.767 634.974 31.7241 
230.061 639.702 -0.192195 
225.768 634.955 -32.106 
213.553 621.469 -59.1173 
195.309 601.331 -77.1261 
173.822 577.631 -83.4698 
152.477 554.092 -77.1606 
134.421 534.167 -59.0839 
122.378 520.88 -32.0021 
142.743 492.904 -0.10967 
147.176 497.383 31.7416 
159.828 510.089 58.7601 
178.829 529.133 76.8109 
201.277 551.631 83.0805 
223.829 574.24 76.6977 
242.98 593.431 58.6823 
255.799 606.274 31.6945 
260.303 610.783 -0.176146 
255.8 606.256 -32.0444 
242.985 593.393 -59.0251 
223.842 574.184 -77.0292 
201.296 551.564 -83.399 
178.854 529.063 -77.1176 
159.856 510.022 -59.0586 
147.181 497.325 -31.9845 
166.174 468.405 -0.0949906 
170.822 472.667 31.7528 
184.078 484.752 58.7619 
203.981 502.863 76.7961 
227.495 524.25 83.0398 
251.081 545.705 76.6335 
271.096 563.917 58.6239 
284.491 576.105 31.6665 
289.198 580.384 -0.160447 
284.492 576.088 -31.9852 
271.1 563.881 -58.9361 
251.091 545.651 -76.9351 
227.512 524.185 -83.3294 
204.003 502.794 -77.075 
184.103 484.686 -59.0337 
170.823 472.609 -31.9673 
188.398 442.804 -0.0806974 
193.247 446.836 31.7663 
207.073 458.265 58.7725 
227.827 475.393 76.802 
252.345 495.615 83.0396 
276.936 515.901 76.6343 
297.805 533.123 58.6293 
311.769 544.65 31.6766 
316.675 548.697 -0.14516 
311.769 544.634 -31.9649 
297.808 533.088 -58.9116 
276.945 515.849 -76.9069 
252.36 495.552 -83.301 
227.847 475.325 -77.0538 
207.094 458.2 -59.018 
193.245 446.778 -31.953 
209.358 416.15 -0.0668055 
214.398 419.942 31.7795 
228.761 430.687 58.7834 
250.318 446.791 76.8102 
275.781 465.806 83.0468 
301.322 484.882 76.6445 
322.998 501.077 58.6417 
337.502 511.918 31.6907 
342.598 515.724 -0.130082 
337.502 511.903 -31.9491 
323 501.044 -58.8948 
301.329 484.832 -76.8887 
275.793 465.745 -83.2808 
250.335 446.726 -77.0353 
228.78 430.625 -59.0031 
214.392 419.886 -31.9392 
229.009 388.502 -0.0533691 
234.228 392.045 31.7919 
249.095 402.083 58.7928 
271.403 417.128 76.8169 
297.749 434.895 83.0537 
324.18 452.721 76.6547 
346.614 467.85 58.6544 
361.626 477.979 31.7048 
366.9 481.535 -0.115356 
361.626 477.965 -31.934 
346.616 467.819 -58.8788 
324.186 452.673 -76.871 
297.76 434.836 -83.2608 
271.417 417.066 -77.0161 
249.11 402.023 -58.9876 
234.218 391.991 -31.9254 
247.307 359.92 -0.0404868 
252.693 363.207 31.8034 
268.028 372.518 58.8005 
291.034 386.474 76.8209 
318.201 402.957 83.058 
345.458 419.495 76.663 
368.599 433.523 58.666 
384.086 442.912 31.7182 
389.528 446.208 -0.101085 
384.086 442.899 -31.9192 
368.6 433.494 -58.8629 
345.463 419.449 -76.8525 
318.21 402.901 -83.2391 
291.046 386.415 -76.9952 
268.041 372.461 -58.9713 
252.68 363.155 -31.9118 
264.213 330.466 -0.0283128 
269.753 333.491 31.814 
285.521 342.059 58.8063 
309.169 354.901 76.8216 
337.091 370.069 83.0589 
365.11 385.285 76.6689 
388.906 398.177 58.6765 
404.834 406.801 31.731 
410.431 409.828 -0.0872595 
404.834 406.789 -31.9044 
388.907 398.15 -58.8465 
365.114 385.242 -76.8325 
337.098 370.017 -83.2151 
309.179 354.845 -76.972 
285.531 342.005 -58.954 
269.737 333.442 -31.8987 
279.692 300.202 -0.016982 
285.373 302.961 31.8237 
301.537 310.774 58.8097 
325.77 322.484 76.8181 
354.378 336.313 83.0557 
383.093 350.176 76.6719 
407.492 361.897 58.6851 
423.826 369.729 31.7427 
429.566 372.478 -0.0742009 
423.826 369.719 -31.8903 
407.492 361.873 -58.83 
383.096 350.137 -76.8111 
354.384 336.264 -83.1886 
325.778 322.432 -76.9462 
301.544 310.724 -58.936 
285.353 302.916 -31.8861 
293.71 269.189 -0.00658671 
299.519 271.68 31.8321 
316.041 278.732 58.8103 
340.801 289.299 76.8097 
370.027 301.773 83.0479 
399.371 314.256 76.6715 
424.318 324.769 58.692 
441.024 331.783 31.7534 
446.894 334.245 -0.0619189 
441.024 331.773 -31.8767 
424.319 324.747 -58.8133 
399.374 314.219 -76.788 
370.032 301.728 -83.1591 
340.807 289.251 -76.9171 
316.046 278.686 -58.9168 
299.497 271.639 -31.8743 
306.24 237.487 0.0028379 
312.165 239.709 31.8395 
329.006 246.001 58.8076 
354.233 255.424 76.7954 
384.006 266.536 83.0351 
413.911 277.614 76.6673 
439.354 286.878 58.6972 
456.393 293.048 31.7632 
462.38 295.215 -0.0503558 
456.394 293.04 -31.8638 
439.355 286.859 -58.7965 
413.915 277.58 -76.7627 
384.01 266.495 -83.1262 
354.238 255.381 -76.8837 
329.009 245.96 -58.896 
312.14 239.673 -31.8631 
317.258 205.151 0.0112284 
323.285 207.107 31.8456 
340.408 212.647 58.8014 
366.042 220.94 76.7744 
396.289 230.697 83.017 
426.69 240.342 76.6587 
452.572 248.313 58.701 
469.906 253.611 31.7722 
475.994 255.477 -0.0398413 
469.907 253.606 -31.8521 
452.574 248.297 -58.7804 
426.694 240.311 -76.7351 
396.295 230.659 -83.0901 
366.047 220.903 -76.8454 
340.411 212.612 -58.8734 
323.259 207.077 -31.8526 
326.747 172.233 0.0185365 
332.864 173.929 31.8498 
350.231 178.735 58.7909 
376.21 185.93 76.7458 
406.859 194.354 82.9927 
437.688 202.533 76.6457 
463.952 209.157 58.7042 
481.534 213.561 31.7797 
487.708 215.12 -0.030534 
481.537 213.558 -31.8415 
463.956 209.144 -58.7663 
437.694 202.505 -76.7058 
406.866 194.321 -83.0502 
376.216 185.898 -76.8017 
350.234 178.708 -58.8481 
332.837 173.905 -31.8421 
334.711 138.783 0.0247668 
340.902 140.225 31.8475 
358.47 144.328 58.7698 
384.73 150.478 76.7055 
415.7 157.622 82.9548 
446.887 164.274 76.6286 
473.465 169.491 58.7064 
491.24 172.979 31.7831 
497.476 174.228 -0.0228823 
491.245 172.98 -31.8302 
473.473 169.482 -58.7548 
446.897 164.248 -76.6756 
415.71 157.593 -82.9991 
384.738 150.453 -76.7479 
358.475 144.311 -58.8137 
340.876 140.211 -31.8269 
341.234 104.866 0.0298655 
347.473 106.061 31.8095 
365.173 109.502 58.6893 
391.611 114.684 76.6013 
422.791 120.624 82.8447 
454.239 125.635 76.5807 
481.02 129.38 58.6767 
498.897 131.937 31.7595 
505.166 132.875 -0.0182417 
498.907 131.944 -31.7978 
481.034 129.375 -58.7165 
454.254 125.612 -76.6177 
422.805 120.599 -82.8778 
391.625 114.667 -76.6316 
365.183 109.498 -58.7199 
347.451 106.062 -31.7772 
346.858 70.6604 0.0320468 
353.068 71.6167 31.5659 
370.697 74.4395 58.2482 
397.032 78.7482 76.0371 
428.105 83.5036 82.2681 
459.479 86.6379 76.1466 
486.127 88.8387 58.3048 
503.928 90.4545 31.5371 
510.176 91.0793 -0.0283331 
503.937 90.4659 -31.5856 
486.155 88.84 -58.3277 
459.506 86.6174 -76.1658 
428.131 83.4831 -82.2872 
397.055 78.7394 -76.0558 
370.719 74.4513 -58.2638 
353.058 71.6377 -31.5248 
355.033 37.0977 0.0297751 
360.949 37.952 30.1233 
377.741 40.4653 55.612 
402.859 44.2238 72.6482 
432.533 48.3806 78.6628 
462.338 51.7191 72.6986 
487.604 54.195 55.6103 
504.524 55.8833 30.0624 
510.465 56.4802 -0.0389108 
504.522 55.848 -30.1179 
487.635 54.1608 -55.6117 
462.369 51.7008 -72.7025 
432.563 48.368 -78.671 
402.885 44.226 -72.6606 
377.759 40.5044 -55.6279 
360.932 37.9971 -30.0867 
364.275 4.40855 0.0212657 
369.823 5.15365 28.1511 
385.564 7.36143 51.9691 
409.101 10.6333 67.8692 
436.87 14.3101 73.4479 
464.679 17.5827 67.846 
488.225 20.1775 51.8867 
503.959 21.9146 28.0452 
509.475 22.4931 -0.0233431 
503.954 21.8433 -28.0743 
488.245 20.1163 -51.8787 
464.7 17.5683 -67.8471 
436.889 14.3025 -73.4512 
409.119 10.6393 -67.8759 
385.568 7.42091 -51.9841 
369.798 5.22291 -28.1279 
376.193 -23.2524 0 
381.107 -22.5618 24.9464 
395.105 -20.6074 46.0912 
416.087 -17.8 60.1681 
440.795 -14.5258 65.0461 
465.443 -11.271 60.018 
486.289 -8.52296 45.885 
500.191 -6.69204 24.8143 
505.068 -6.05022 0.000255892 
500.191 -6.69297 -24.8137 
486.288 -8.52386 -45.8846 
465.443 -11.2716 -60.0178 
440.795 -14.5263 -65.0459 
416.087 -17.8004 -60.168 
395.105 -20.6075 -46.0912 
381.107 -22.5618 -24.9464 
-307.341 716.476 1.0894
-306.135 721.48 26.8521
-280.508 710.279 28.9804
-281.85 704.864 1.12418
-305.861 722.592 29.6035
-302.359 736.802 51.4033
-276.415 726.77 55.2947
-280.233 711.391 31.7319
-301.853 738.853 53.5039
-296.644 760.078 68.009
-270.231 751.787 73.0925
-275.909 728.821 57.3954
-295.994 762.755 69.1418
-290.011 787.77 74.1894
-263.08 781.55 79.7341
-269.581 754.463 74.2253
-289.338 790.671 74.189
-283.67 815.751 69.0881
-256.325 811.67 74.255
-262.406 784.451 79.7337
-283.08 818.442 67.9528
-278.504 839.813 53.4386
-250.832 837.501 57.3606
-255.735 814.361 73.1197
-278.066 841.88 51.3342
-275.048 856.198 29.5329
-247.133 855.036 31.6456
-250.394 839.567 55.2562
-274.811 857.317 26.7795
-273.73 862.332 1.01776
-245.725 861.577 1.03056
-246.896 856.154 28.8923
-273.728 862.33 -1.96349
-274.766 857.276 -27.7198
-246.842 856.119 -29.8077
-245.723 861.575 -1.95068
-274.999 856.154 -30.4721
-277.999 841.812 -52.2615
-250.314 839.501 -56.1541
-247.076 854.997 -32.5599
-278.435 839.743 -54.3639
-283.003 818.357 -68.8598
-255.652 814.276 -73.9909
-250.75 837.433 -58.2565
-283.592 815.665 -69.9927
-289.256 790.579 -75.0694
-262.317 784.36 -80.5797
-256.241 811.584 -75.1238
-289.93 787.678 -75.0673
-295.919 762.669 -69.9958
-269.496 754.379 -75.0454
-262.991 781.459 -80.5776
-296.57 759.994 -68.8604
-301.778 738.786 -54.3301
-275.854 728.766 -58.1842
-270.147 751.704 -73.91
-302.287 736.737 -52.2265
-305.801 722.557 -30.4121
-280.215 711.363 -32.4803
-276.362 726.717 -56.0806
-306.078 721.447 -27.6579
-307.339 716.474 -1.89247
-281.848 704.862 -1.8577
-280.493 710.254 -29.726
-278.753 703.768 1.20169
-277.411 709.183 29.0579
-246.869 700.734 29.7085
-248.259 695.224 1.22157
-273.3 725.727 55.5114
-242.597 717.545 56.724
-246.577 701.9 32.5992
-277.118 710.349 31.9486
-267.082 750.844 73.4165
-236.115 743.085 75.0283
-242.057 719.696 58.9321
-272.761 727.878 57.7194
-259.891 780.738 80.1179
-228.655 773.526 81.876
-235.423 745.893 76.2208
-266.391 753.651 74.609
-253.104 811.003 74.6406
-221.875 804.401 76.2408
-227.95 776.572 81.8774
-259.185 783.784 80.1192
-247.592 836.972 57.687
-216.431 830.879 58.886
-221.266 807.23 75.0463
-252.495 813.832 73.4461
-243.879 854.611 31.8623
-212.718 848.865 32.5143
-215.979 833.05 56.6718
-247.14 839.142 55.4729
-242.461 861.207 1.10735
-211.291 855.583 1.12461
-212.471 850.039 29.6211
-243.632 855.785 28.9691
-243.579 855.75 -29.8808
-212.428 850 -30.4942
-211.288 855.581 -2.00657
-242.459 861.205 -2.02384
-247.06 839.076 -56.3669
-215.906 832.985 -57.5202
-212.67 848.823 -33.3861
-243.821 854.572 -32.7727
-252.412 813.747 -74.3132
-221.18 807.146 -75.8703
-216.356 830.812 -59.732
-247.51 836.903 -58.5787
-259.095 783.693 -80.9609
-227.859 776.48 -82.673
-221.788 804.316 -77.062
-253.019 810.917 -75.505
-266.306 753.567 -75.4246
-235.34 745.809 -76.9874
-228.564 773.435 -82.6689
-259.801 780.647 -80.9568
-272.706 727.823 -58.5035
-242 719.634 -59.6724
-236.033 743.002 -75.7921
-266.999 750.761 -74.2293
-277.102 710.321 -32.6917
-246.556 701.863 -33.3024
-242.543 717.486 -57.4609
-273.249 725.675 -56.292
-277.397 709.158 -29.7985
-278.752 703.766 -1.93014
-248.258 695.222 -1.91025
-246.851 700.7 -30.4092
-244.852 694.341 1.24485
-243.462 699.851 29.7318
-212.499 692.42 29.8797
-213.926 686.9 1.26478
-243.158 701.028 32.6627
-239.178 716.673 56.7875
-208.071 709.265 57.058
-212.195 693.598 32.8106
-238.615 718.845 59.0285
-232.672 742.235 75.1248
-201.278 734.862 75.4891
-207.507 711.437 59.2991
-231.949 745.073 76.3348
-225.181 772.706 81.9901
-193.485 765.395 82.3655
-200.555 737.699 76.6992
-224.469 775.787 81.9918
-218.394 803.616 76.3552
-186.987 796.516 76.7404
-192.772 768.476 82.3672
-217.801 806.49 75.1445
-212.966 830.14 58.9842
-181.778 823.287 59.3273
-186.394 799.39 75.5298
-212.523 832.345 56.7382
-209.262 848.161 32.5807
-178.129 841.445 32.7841
-181.336 825.492 57.0813
-209.017 849.353 29.6457
-207.836 854.896 1.14928
-176.703 848.221 1.1724
-177.883 842.637 29.8492
-207.834 854.894 -2.02671
-208.974 849.314 -30.5144
-177.849 842.601 -30.6735
-176.701 848.219 -2.00358
-209.215 848.118 -33.4478
-212.451 832.28 -57.5819
-181.271 825.428 -57.8849
-178.091 841.406 -33.6069
-212.891 830.072 -59.8255
-217.715 806.406 -75.9638
-186.308 799.303 -76.3075
-181.711 823.22 -60.1285
-218.307 803.531 -77.1717
-224.378 775.695 -82.7827
-192.681 768.383 -83.1167
-186.9 796.428 -77.5155
-225.09 772.614 -82.7781
-231.866 744.988 -77.0966
-200.473 737.613 -77.4204
-193.394 765.302 -83.1122
-232.59 742.152 -75.8838
-238.558 718.783 -59.7641
-207.447 711.371 -59.9958
-201.198 734.776 -76.2076
-239.124 716.614 -57.52
-243.137 700.99 -33.3614
-212.17 693.554 -33.4704
-208.014 709.201 -57.7517
-243.444 699.816 -30.4281
-244.851 694.339 -1.92912
-213.925 686.898 -1.90919
-212.476 692.38 -30.537
-210.52 686.058 1.27358
-209.093 691.579 29.8885
-178.618 683.831 29.9461
-180.232 678.344 1.29108
-208.764 692.755 32.8305
-204.64 708.423 57.078
-173.648 700.576 57.1644
-178.289 685.007 32.8882
-204.029 710.592 59.3254
-197.799 734.016 75.5155
-166.067 726.026 75.6173
-173.036 702.745 59.4118
-197.01 736.851 76.7272
-189.94 764.547 82.3935
-157.208 756.358 82.4937
-165.278 728.861 76.829
-189.153 767.637 82.3886
-183.367 795.676 76.7618
-149.057 787.183 76.8416
-156.421 759.447 82.4888
-182.71 798.543 75.5444
-178.095 822.44 59.342
-142.476 813.792 59.4572
-148.401 790.049 75.6242
-177.603 824.638 57.0929
-174.397 840.591 32.7956
-137.966 831.84 32.8803
-141.984 815.991 57.2081
-174.124 841.779 29.8552
-172.943 847.363 1.17842
-136.243 838.572 1.20498
-137.693 833.028 29.9399
-172.942 847.361 -2.00426
-174.09 841.743 -30.6742
-137.663 832.995 -30.7079
-136.241 838.57 -1.9777
-174.359 840.552 -33.6134
-177.539 824.574 -57.8914
-141.925 815.927 -57.9617
-137.933 831.804 -33.6472
-178.028 822.372 -60.1385
-182.625 798.456 -76.3175
-148.314 789.961 -76.3555
-142.414 813.726 -60.2087
-183.28 795.588 -77.5323
-189.062 767.543 -83.1336
-156.329 759.35 -83.1961
-148.969 787.094 -77.5703
-189.849 764.453 -83.1358
-196.929 736.764 -77.4441
-165.2 728.771 -77.509
-157.117 756.261 -83.1984
-197.719 733.931 -76.2298
-203.969 710.525 -60.018
-172.977 702.675 -60.0695
-165.991 725.937 -76.2948
-204.583 708.358 -57.7675
-208.738 692.711 -33.4862
-178.26 684.958 -33.5092
-173.591 700.508 -57.819
-209.07 691.537 -30.5416
-210.518 686.056 -1.91385
-180.23 678.342 -1.89636
-178.591 683.785 -30.5647
-176.885 677.422 1.2947
-175.272 682.909 29.9498
-145.302 674.008 29.9765
-147.118 668.589 1.31136
-174.901 684.075 32.8949
-170.26 699.644 57.1711
-139.721 690.552 57.2104
-144.932 675.174 32.9216
-169.574 701.794 59.4204
-162.604 725.075 75.6258
-131.217 715.709 75.6685
-139.035 692.702 59.4597
-161.714 727.883 76.8373
-153.644 755.38 82.502
-121.186 745.677 82.5455
-130.327 718.517 76.88
-152.716 758.432 82.4961
-145.353 786.168 76.8489
-111.484 776.066 76.8758
-120.258 748.729 82.5396
-144.542 789.003 75.6312
-138.618 812.745 59.4641
-103.497 802.312 59.4871
-110.673 778.901 75.6581
-138.01 814.923 57.215
-133.992 830.772 32.8873
-98.075 820.145 32.9166
-102.89 804.489 57.238
-133.66 831.949 29.9444
-132.209 837.493 1.20951
-96.0239 826.805 1.23317
-97.743 821.321 29.9737
-132.208 837.491 -1.97676
-133.63 831.917 -30.707
-97.7154 821.298 -30.6908
-96.0224 826.803 -1.95309
-133.959 830.737 -33.649
-137.952 814.86 -57.9635
-102.833 804.442 -57.9455
-98.0445 820.119 -33.6328
-138.556 812.68 -60.2112
-144.456 788.916 -76.3579
-110.577 778.831 -76.3515
-103.437 802.262 -60.1931
-145.264 786.078 -77.5738
-152.624 758.335 -83.1996
-120.169 748.615 -83.2187
-111.386 775.993 -77.5674
-153.553 755.282 -83.2031
-161.637 727.792 -77.5138
-130.258 718.415 -77.5289
-121.098 745.563 -83.2222
-162.529 724.985 -76.2997
-169.515 701.723 -60.0744
-138.98 692.621 -60.0845
-131.15 715.608 -76.3148
-170.203 699.575 -57.822
-174.872 684.025 -33.5122
-144.902 675.117 -33.5068
-139.668 690.472 -57.8321
-175.245 682.862 -30.5645
-176.884 677.42 -1.89618
-147.117 668.586 -1.87951
-145.275 673.955 -30.559
-143.831 667.532 1.31377
-142.015 672.951 29.9789
-112.604 662.755 29.9981
-114.633 657.42 1.33009
-141.6 674.102 32.9254
-136.389 689.479 57.2142
-106.372 679.042 57.2437
-112.189 663.905 32.9446
-135.621 691.601 59.4646
-127.804 714.607 75.6734
-96.8706 703.822 75.7136
-105.604 681.163 59.4941
-126.803 717.378 76.8847
-117.662 744.538 82.5503
-85.5988 733.337 82.5884
-95.8701 706.592 76.9249
-116.598 747.543 82.5436
-107.823 774.88 76.8798
-74.4415 763.223 76.9085
-84.5347 736.343 82.5818
-106.869 777.671 75.661
-99.6923 801.082 59.49
-65.1134 789.023 59.5076
-73.487 766.014 75.6896
-98.9736 803.227 57.2405
-94.1589 818.883 32.9191
-58.8004 806.572 32.9396
-64.3948 791.168 57.2582
-93.7685 820.043 29.9763
-92.0494 825.527 1.23577
-56.4252 813.136 1.25704
-58.4099 807.733 29.9968
-92.048 825.526 -1.95082
-93.741 820.021 -30.6885
-58.3827 807.723 -30.6689
-56.4237 813.136 -1.92956
-94.1286 818.858 -33.6308
-98.9172 803.182 -57.9435
-64.3395 791.146 -57.9262
-58.7702 806.561 -33.6112
-99.6326 801.035 -60.1921
-106.773 777.603 -76.3505
-73.3999 765.978 -76.352
-65.0549 788.999 -60.1748
-107.726 774.807 -77.5685
-116.509 747.43 -83.2198
-84.4704 736.215 -83.2398
-74.3528 763.182 -77.57
-117.575 744.422 -83.2244
-126.736 717.273 -77.5311
-95.8152 706.475 -77.5483
-85.5369 733.207 -83.2444
-127.737 714.505 -76.3167
-135.567 691.518 -60.0864
-105.555 681.069 -60.0897
-96.8168 703.706 -76.334
-136.336 689.399 -57.8326
-141.57 674.044 -33.5073
-112.161 663.84 -33.4956
-106.325 678.95 -57.8359
-141.988 672.898 -30.5578
-143.829 667.529 -1.87832
-114.631 657.417 -1.862
-112.578 662.694 -30.5462
-111.41 656.219 1.33222
-109.381 661.553 30.0003
-80.5695 650.036 30.0183
-82.8191 644.8 1.34948
-108.92 662.684 32.9476
-103.103 677.821 57.2467
-73.6606 666.025 57.2726
-80.1083 651.167 32.9657
-102.248 679.908 59.4982
-93.5147 702.566 75.7177
-63.1173 690.362 75.7545
-72.8058 668.112 59.5241
-92.3982 705.29 76.9293
-82.1268 732.036 82.5928
-50.5643 719.348 82.629
-62.0008 693.086 76.9661
-80.9275 734.988 82.5855
-70.8343 761.868 76.9122
-38.0052 748.673 76.9409
-49.365 722.3 82.6217
-69.7432 764.609 75.6924
-61.3695 787.618 59.5104
-27.3977 773.973 59.5278
-36.914 751.414 75.7211
-60.5434 789.725 57.2602
-54.949 805.129 32.9417
-20.2172 791.188 32.9596
-26.5716 776.079 57.2777
-54.5014 806.269 29.999
-52.5166 811.673 1.25923
-17.5239 797.634 1.27919
-19.7696 792.329 30.017
-52.5153 811.673 -1.92726
-54.4742 806.26 -30.6666
-19.7448 792.324 -30.6454
-17.5225 797.634 -1.9073
-54.9191 805.119 -33.6091
-60.4884 789.704 -57.924
-26.5231 776.066 -57.9043
-20.1897 791.182 -33.5879
-61.312 787.596 -60.1738
-69.657 764.575 -76.3511
-36.8475 751.395 -76.3452
-27.3467 773.959 -60.154
-70.7483 761.829 -77.5707
-80.8659 734.862 -83.2404
-49.3277 722.179 -83.2452
-37.9388 748.648 -77.5648
-82.0669 731.905 -83.2458
-92.3452 705.172 -77.5498
-61.9573 692.967 -77.5552
-50.5288 719.222 -83.2506
-93.4617 702.45 -76.335
-102.2 679.813 -60.0907
-72.7606 668.014 -60.0852
-63.0738 690.245 -76.3404
-103.056 677.729 -57.8355
-108.892 662.619 -33.4952
-80.0811 651.098 -33.4797
-73.6164 665.931 -57.83
-109.356 661.492 -30.5446
-111.409 656.216 -1.86047
-82.8178 644.796 -1.84322
-80.5447 649.972 -30.5291
-79.6657 643.453 1.35165
-77.4161 648.689 30.0205
-49.2449 635.859 30.0404
-51.7183 630.736 1.37008
-76.907 649.798 32.9686
-70.4592 664.656 57.2755
-41.6467 651.509 57.3044
-48.7358 636.967 32.9884
-69.5153 666.702 59.5281
-59.8268 688.952 75.7585
-30.043 675.337 75.8008
-40.7027 653.554 59.557
-58.5915 691.623 76.9707
-47.155 717.885 82.6336
-16.1934 703.713 82.6803
-28.8077 678.008 77.0129
-45.8203 720.779 82.6258
-34.4604 747.151 76.9449
-2.24892 732.453 76.9798
-14.8587 706.607 82.6724
-33.2383 749.838 75.7242
-23.7221 772.396 59.531
9.57664 757.198 59.5541
-1.02676 735.139 75.759
-22.7926 774.459 57.2799
-16.4382 789.568 32.9618
17.5956 774.032 32.9813
10.5061 759.261 57.303
-15.935 790.685 30.0191
-13.6892 795.991 1.28131
20.5972 780.335 1.30049
18.0988 775.149 30.0386
-13.6881 795.99 -1.90506
-15.9104 790.68 -30.6432
18.116 775.137 -30.6229
20.5984 780.335 -1.88588
-16.4115 789.562 -33.5858
-22.7449 774.446 -57.9021
10.5392 759.236 -57.883
17.6149 774.019 -33.5655
-23.673 772.382 -60.1527
-33.1738 749.819 -76.3438
-0.995946 735.11 -76.3327
9.61106 757.172 -60.1336
-34.3974 747.128 -77.5644
-45.7864 720.659 -83.2448
-14.8411 706.514 -83.2412
-2.21958 732.42 -77.5532
-47.1209 717.76 -83.2508
-58.5494 691.506 -77.5554
-28.7679 677.906 -77.554
-16.1756 703.615 -83.2472
-59.7836 688.836 -76.3404
-69.4705 666.605 -60.0852
-40.6569 653.467 -60.0753
-30.0021 675.236 -76.339
-70.4151 664.562 -57.829
-76.8799 649.729 -33.4786
-48.7081 636.902 -33.4612
-41.6016 651.423 -57.8191
-77.3913 648.625 -30.5273
-79.6644 643.45 -1.84142
-51.717 630.733 -1.82299
-49.2195 635.798 -30.5099
-48.6386 629.245 1.37228
-46.1652 634.368 30.0426
-18.6782 620.247 30.0619
-21.3769 615.25 1.39021
-45.6077 635.452 32.9913
-38.5185 649.993 57.3073
-10.3871 635.52 57.3343
-18.1206 621.331 33.0106
-37.4846 651.992 59.561
-26.8248 673.775 75.8047
2.27912 658.782 75.8428
-9.35316 637.52 59.588
-25.4707 676.386 77.0177
-12.8564 702.091 82.685
17.402 686.487 82.7291
3.63325 661.393 77.0557
-11.3882 704.922 82.6768
1.22158 730.767 76.9842
32.7015 714.583 77.0152
18.8702 689.317 82.7209
2.57203 733.394 75.7621
13.1754 755.453 59.5571
45.7221 738.713 59.5791
34.0519 717.209 75.7931
14.2046 757.467 57.3054
21.2941 772.238 32.9837
54.5522 755.127 33.0018
46.7512 740.727 57.3273
21.8512 773.329 30.0407
24.3496 778.515 1.30255
57.8531 761.27 1.31987
55.1093 756.217 30.0587
24.3502 778.514 -1.88379
21.8679 773.316 -30.6208
55.1175 756.196 -30.6024
57.8538 761.269 -1.86647
21.3121 772.224 -33.5634
14.2364 757.44 -57.881
46.7683 740.685 -57.8629
54.5617 755.103 -33.545
13.2077 755.425 -60.132
2.6007 733.363 -76.3311
34.0706 717.153 -76.3168
45.7396 738.67 -60.1139
1.24942 730.735 -77.5522
-11.3721 704.829 -83.2402
18.8957 689.244 -83.2325
32.7193 714.525 -77.538
-12.8387 701.996 -83.2467
-25.431 676.286 -77.5536
3.67427 661.311 -77.5473
17.4291 686.41 -83.2391
-26.7839 673.676 -76.3384
-37.4387 651.906 -60.0747
-9.30604 637.446 -60.0632
2.32135 658.7 -76.3322
-38.4734 649.908 -57.8177
-45.5799 635.387 -33.4599
-18.0928 621.271 -33.4428
-10.3407 635.447 -57.8062
-46.1398 634.308 -30.508
-48.6373 629.242 -1.82111
-21.3755 615.247 -1.80318
-18.6527 620.192 -30.4909
-18.3759 613.618 1.3922
-15.6772 618.615 30.0639
11.0785 603.232 30.0797
8.15378 598.369 1.40815
-15.0711 619.671 33.013
-7.33768 633.861 57.3366
20.0597 618.096 57.3546
11.6845 604.287 33.0288
-6.2138 635.81 59.5911
5.41848 657.072 75.8458
33.7812 640.74 75.8679
21.1835 620.045 59.6091
6.89049 659.617 77.0593
20.6592 684.711 82.7327
50.1644 667.712 82.7575
35.2532 643.285 77.0814
22.2571 687.471 82.7241
36.0884 712.736 77.0184
66.768 695.063 77.0358
51.7622 670.472 82.7489
37.564 715.296 75.7955
49.2341 736.8 59.5815
80.9442 718.531 59.5939
68.2436 697.622 75.8129
50.3603 738.761 57.3292
58.1613 753.16 33.0036
90.5636 734.494 33.0163
82.0703 720.493 57.3417
58.7706 754.222 30.0605
61.5144 759.275 1.32162
94.1579 740.47 1.33604
91.173 735.556 30.0732
61.5148 759.274 -1.86466
58.7785 754.2 -30.6006
91.1777 735.534 -30.5846
94.1582 740.469 -1.85024
58.1698 753.136 -33.5431
50.3764 738.718 -57.861
82.0821 720.45 -57.8446
90.5691 734.47 -33.5272
49.2508 736.755 -60.1122
37.5818 715.239 -76.3152
68.2618 697.562 -76.3008
80.9565 718.487 -60.0958
36.1068 712.678 -77.5367
22.2832 687.397 -83.2312
51.7903 670.401 -83.2219
66.7868 695.001 -77.5223
20.6865 684.635 -83.2382
6.93174 659.536 -77.5465
35.2924 643.21 -77.5378
50.1937 667.64 -83.2289
5.46066 656.991 -76.3313
-6.16673 635.737 -60.0623
21.2284 619.977 -60.0507
33.8213 640.665 -76.3226
-7.29133 633.789 -57.8048
-15.0434 619.612 -33.4414
11.7102 604.231 -33.4259
20.1038 618.029 -57.7932
-15.6518 618.56 -30.4891
-18.3746 613.615 -1.8014
8.15508 598.366 -1.78545
11.1018 603.178 -30.4737
11.0707 596.599 1.40987
13.9954 601.461 30.0815
39.969 584.843 30.0955
36.8207 580.125 1.42453
14.6496 602.487 33.0307
23.0248 616.296 57.3565
49.6319 599.264 57.3717
40.6232 585.869 33.0448
24.2376 618.19 59.6112
36.8352 638.885 75.8701
64.3923 621.235 75.8886
50.8447 601.158 59.6264
38.4235 641.358 77.0838
53.3347 665.785 82.7598
82.0143 647.408 82.7782
65.9806 623.708 77.1023
55.0596 668.467 82.7509
70.0654 693.058 77.0379
99.886 673.945 77.0523
83.7393 650.09 82.7693
71.6613 695.543 75.8145
84.3618 716.453 59.5956
115.172 696.703 59.6081
101.482 676.43 75.8289
85.5816 718.357 57.3431
94.0749 732.359 33.0178
125.551 712.181 33.0306
116.392 698.607 57.3556
94.735 733.39 30.0747
97.7199 738.304 1.33756
129.43 717.977 1.35182
126.211 713.212 30.0875
97.7201 738.303 -1.84859
94.7397 733.368 -30.583
126.215 713.192 -30.5674
129.43 717.976 -1.83432
94.0801 732.335 -33.5255
85.5931 718.315 -57.8429
116.401 698.566 -57.8269
125.555 712.159 -33.5099
84.374 716.408 -60.0942
71.6793 695.483 -76.2992
101.5 676.371 -76.2855
115.182 696.66 -60.0782
70.0844 692.996 -77.521
55.0879 668.396 -83.2205
83.7671 650.02 -83.21
99.9051 673.884 -77.5073
53.3639 665.713 -83.2279
38.4626 641.283 -77.5368
66.0173 623.635 -77.5274
82.0431 647.337 -83.2173
36.8751 638.81 -76.3216
24.2821 618.122 -60.0496
50.8861 601.091 -60.0383
64.4297 621.162 -76.3122
23.0686 616.229 -57.7919
14.675 602.431 -33.4246
40.6453 585.812 -33.4103
49.6725 599.198 -57.7805
14.0186 601.408 -30.472
11.0719 596.596 -1.78382
36.8219 580.122 -1.76917
39.9889 584.789 -30.4577
39.6481 578.22 1.42614
42.7964 582.938 30.0972
67.9362 565.117 30.1108
64.5687 560.555 1.44024
43.498 583.932 33.0465
52.5067 597.327 57.3733
78.2667 579.06 57.3875
68.6377 566.111 33.0601
53.8068 599.161 59.6282
67.3544 619.238 75.8904
94.0433 600.304 75.9063
79.5669 580.895 59.6424
69.0567 621.633 77.1042
85.0903 645.333 82.7801
112.875 625.614 82.7953
95.7456 602.7 77.1201
86.9392 647.931 82.771
103.086 671.785 77.0539
131.977 651.275 77.0668
114.724 628.212 82.7861
104.798 674.192 75.8304
118.488 694.465 59.6096
148.33 673.275 59.6214
133.689 653.682 75.8432
119.798 696.308 57.3571
128.957 709.882 33.0321
159.439 688.236 33.0448
149.639 675.118 57.3689
129.666 710.879 30.089
132.885 715.645 1.35334
163.591 693.839 1.36778
160.148 689.233 30.1017
132.885 715.644 -1.83266
129.669 710.859 -30.5657
160.15 689.214 -30.5496
163.591 693.838 -1.81823
128.961 709.86 -33.5082
119.807 696.267 -57.8252
149.648 675.078 -57.8085
159.441 688.215 -33.4921
118.498 694.422 -60.0766
104.816 674.132 -76.2838
133.706 653.623 -76.2691
148.339 673.233 -60.0598
103.105 671.724 -77.5059
86.967 647.861 -83.2086
114.75 628.143 -83.1963
131.995 651.215 -77.4911
85.119 645.262 -83.2162
69.0931 621.56 -77.5262
95.7795 602.627 -77.5154
112.902 625.544 -83.2039
67.3914 619.165 -76.3111
53.8478 599.095 -60.0371
79.6046 580.828 -60.0258
94.0778 600.232 -76.3002
52.5469 597.261 -57.7792
43.5197 583.875 -33.409
68.6559 566.053 -33.3954
78.3037 578.994 -57.7678
42.8161 582.885 -30.4562
39.6491 578.218 -1.76763
64.5696 560.553 -1.75352
67.9523 565.063 -30.4426
67.3008 558.519 1.4418
70.6683 563.081 30.1124
94.9221 544.094 30.1259
91.3412 539.699 1.4557
71.416 564.04 33.0617
81.0451 576.99 57.389
105.903 557.525 57.4022
95.6699 545.053 33.0752
82.4304 578.76 59.644
96.9068 598.17 75.908
122.667 577.991 75.921
107.288 559.295 59.6571
98.7201 600.481 77.1217
115.849 623.396 82.7968
142.673 602.377 82.8081
124.481 580.303 77.1347
117.819 625.903 82.7875
135.072 648.966 77.0681
162.963 627.103 77.0783
144.642 604.885 82.7987
136.896 651.288 75.8445
151.537 670.882 59.6227
180.341 648.297 59.6328
164.787 629.425 75.8546
152.933 672.66 57.3703
162.732 685.777 33.0461
192.15 662.709 33.0581
181.737 650.076 57.3803
163.488 686.74 30.1032
166.931 691.346 1.36928
196.565 668.107 1.38381
192.906 663.672 30.1152
166.931 691.345 -1.81653
163.49 686.721 -30.5479
192.907 663.653 -30.531
196.565 668.106 -1.802
162.734 685.756 -33.4902
152.941 672.62 -57.8066
181.744 650.037 -57.7882
192.152 662.689 -33.4733
151.545 670.84 -60.058
136.913 651.23 -76.2672
164.803 629.367 -76.2497
180.349 648.256 -60.0396
135.09 648.906 -77.4894
117.845 625.834 -83.1946
144.666 604.816 -83.1789
162.98 627.043 -77.4719
115.876 623.326 -83.2025
98.7537 600.409 -77.514
124.512 580.231 -77.5009
142.698 602.308 -83.1868
96.941 598.097 -76.299
82.4678 578.693 -60.0245
107.322 559.228 -60.0126
122.699 577.919 -76.2859
81.0817 576.924 -57.7665
71.4339 563.982 -33.394
95.6842 544.994 -33.3807
105.936 557.459 -57.7545
70.6842 563.027 -30.4411
67.3015 558.517 -1.75203
91.3419 539.696 -1.73813
94.9346 544.039 -30.4277
93.9723 537.536 1.45722
97.5532 541.931 30.1274
120.87 521.817 30.1403
117.081 517.6 1.47095
98.3459 542.853 33.0766
108.579 555.325 57.4036
132.481 534.705 57.4146
121.662 522.739 33.0895
110.047 557.027 59.6584
125.426 575.723 75.9223
150.202 554.343 75.9301
133.949 536.406 59.6694
127.347 577.946 77.1357
145.539 600.02 82.809
171.338 577.748 82.8101
152.123 556.566 77.1435
147.624 602.431 82.7993
165.946 624.649 77.0789
192.769 601.48 77.0786
173.424 580.159 82.8005
167.877 626.882 75.8553
183.431 645.754 59.6334
211.128 621.819 59.6361
194.701 603.713 75.855
184.909 647.464 57.3813
195.322 660.097 33.059
223.605 635.649 33.0669
212.607 623.529 57.384
196.123 661.022 30.1166
199.782 665.458 1.38518
228.27 640.829 1.39973
224.406 636.574 30.1244
199.782 665.457 -1.80015
196.124 661.004 -30.5291
224.406 636.556 -30.508
228.27 640.828 -1.7856
195.324 660.077 -33.471
184.916 647.425 -57.7859
212.613 623.491 -57.7601
223.606 635.629 -33.4499
183.438 645.713 -60.0371
167.893 626.824 -76.2472
194.715 603.656 -76.2192
211.134 621.78 -60.0113
165.962 624.59 -77.4695
147.648 602.362 -83.1765
173.445 580.091 -83.1508
192.784 601.422 -77.4414
145.564 599.951 -83.1848
127.378 577.874 -77.4989
152.151 556.495 -77.4808
171.361 577.68 -83.159
125.457 575.651 -76.2844
110.081 556.96 -60.011
133.98 536.339 -59.9971
150.231 554.272 -76.2662
108.612 555.259 -57.7531
98.3599 542.795 -33.3793
121.673 522.68 -33.3656
132.511 534.638 -57.7392
97.5656 541.876 -30.4262
93.9729 537.534 -1.73664
117.082 517.597 -1.72291
120.878 521.762 -30.4126
119.606 515.315 1.47237
123.394 519.532 30.1417
145.72 498.332 30.152
141.73 494.301 1.48588
124.23 520.415 33.0906
135.049 532.38 57.4157
157.943 510.65 57.4175
146.556 499.215 33.1009
136.597 534.01 59.6696
152.85 551.947 75.9304
176.592 529.42 75.9172
159.491 512.279 59.6715
154.875 554.076 77.1423
174.09 575.258 82.809
198.82 551.796 82.7718
178.617 531.548 77.1292
176.286 577.566 82.7978
195.632 598.887 77.0759
221.313 574.453 77.0162
201.015 554.105 82.7607
197.664 601.023 75.8518
214.092 619.13 59.633
240.581 593.861 59.5782
223.345 576.59 75.7921
215.648 620.766 57.382
226.646 632.885 33.0649
253.675 607.056 33.0383
242.137 595.497 57.3273
227.489 633.771 30.1247
231.353 638.026 1.40002
258.571 611.999 1.41447
254.517 607.941 30.0981
231.353 638.025 -1.78268
227.49 633.753 -30.5051
254.518 607.924 -30.4497
258.571 611.998 -1.76823
226.647 632.866 -33.4448
215.654 620.728 -57.755
242.142 595.46 -57.672
253.676 607.037 -33.3894
214.098 619.091 -60.005
197.678 600.967 -76.213
223.357 576.535 -76.1257
240.586 593.823 -59.922
195.646 598.829 -77.4358
176.307 577.499 -83.1451
201.034 554.038 -83.0813
221.325 574.397 -77.3485
174.113 575.189 -83.1549
154.903 554.004 -77.4767
178.642 531.478 -77.438
198.84 551.729 -83.0912
152.878 551.876 -76.2637
136.627 533.943 -59.9946
159.519 512.213 -59.9718
176.617 529.35 -76.225
135.078 532.314 -57.7374
124.24 520.356 -33.3638
146.563 499.157 -33.348
157.97 510.584 -57.7147
123.403 519.477 -30.411
119.606 515.312 -1.72135
141.731 494.298 -1.70784
145.725 498.277 -30.3952
144.142 491.898 1.48719
148.132 495.929 30.1533
169.413 473.685 30.1634
165.23 469.849 1.5004
149.01 496.771 33.1015
160.397 508.206 57.4182
182.222 485.403 57.4198
170.291 474.527 33.1116
162.022 509.76 59.6709
179.123 526.9 75.9166
201.76 503.257 75.9033
183.847 486.956 59.6725
181.248 528.929 77.1265
201.451 549.177 82.7691
225.048 524.535 82.7325
203.885 505.286 77.1131
203.753 551.376 82.7553
224.05 571.725 77.0108
248.577 546.043 76.953
227.35 526.734 82.7187
226.179 573.758 75.7858
243.415 591.029 59.5719
268.72 564.466 59.5194
250.706 548.076 75.728
245.045 592.585 57.3228
256.582 604.144 33.0338
282.405 576.992 33.0086
270.349 566.023 57.2703
257.464 604.986 30.0974
261.518 609.044 1.4138
287.523 581.685 1.42793
283.287 577.834 30.0722
261.518 609.043 -1.7644
257.465 604.969 -30.4459
283.287 577.818 -30.3925
287.523 581.684 -1.75027
256.583 604.125 -33.3818
245.049 592.549 -57.6644
270.353 565.987 -57.5843
282.405 576.974 -33.3285
243.42 590.991 -59.9126
226.191 573.703 -76.1164
250.716 548.023 -76.0316
268.724 564.429 -59.8325
224.063 571.668 -77.3402
203.772 551.31 -83.0729
227.367 526.668 -83.0103
248.588 545.988 -77.2554
201.471 549.11 -83.0856
181.273 528.859 -77.4324
203.907 505.217 -77.394
225.066 524.469 -83.023
179.148 526.83 -76.2216
162.05 509.693 -59.9685
183.872 486.89 -59.946
201.783 503.188 -76.1832
160.423 508.14 -57.7126
149.016 496.713 -33.3459
170.294 474.468 -33.3304
182.246 485.338 -57.6901
148.137 495.874 -30.3936
144.142 491.895 -1.70623
165.231 469.846 -1.69302
169.414 473.63 -30.3781
167.524 467.333 1.50175
171.706 471.169 30.1648
191.889 447.92 30.1769
187.525 444.291 1.51462
172.624 471.967 33.1126
184.555 482.843 57.4208
205.25 459.005 57.4303
192.807 448.719 33.1247
186.254 484.317 59.6726
204.167 500.617 75.9034
225.628 475.894 75.9088
206.949 460.478 59.6822
206.387 502.541 77.1119
227.55 521.79 82.7312
249.915 496.018 82.731
227.849 477.818 77.1172
229.955 523.874 82.7161
251.182 543.183 76.9504
274.452 516.359 76.9511
252.32 498.102 82.7158
253.405 545.109 75.7251
271.419 561.499 59.5165
295.457 533.785 59.5213
276.675 518.285 75.7258
273.12 562.974 57.2685
285.175 573.943 33.0068
309.725 545.633 33.0159
297.157 535.259 57.2733
286.096 574.741 30.0725
290.332 578.592 1.42826
315.061 550.073 1.44201
310.645 546.431 30.0816
290.332 578.591 -1.74751
286.096 574.725 -30.3898
310.645 546.416 -30.3715
315.061 550.073 -1.73375
285.176 573.925 -33.3236
273.123 562.938 -57.5794
297.16 535.225 -57.5574
309.725 545.616 -33.3054
271.423 561.462 -59.8266
253.415 545.056 -76.0257
276.684 518.234 -76.0004
295.46 533.749 -59.8046
251.193 543.128 -77.2499
229.972 523.809 -83.0048
252.334 498.039 -82.9793
274.461 516.306 -77.2246
227.567 521.724 -83.0189
206.409 502.473 -77.39
227.868 477.751 -77.3708
249.93 495.955 -82.9934
204.189 500.548 -76.1806
186.278 484.251 -59.9434
206.971 460.414 -59.9293
225.648 475.826 -76.1615
184.578 482.778 -57.6883
172.627 471.909 -33.3286
192.806 448.661 -33.3157
205.271 458.941 -57.6742
171.707 471.113 -30.3766
167.524 467.33 -1.69152
187.525 444.289 -1.67865
191.887 447.866 -30.3637
189.694 441.667 1.516
194.058 445.296 30.1783
213.094 421.091 30.1901
208.558 417.679 1.5285
195.014 446.049 33.1259
207.457 456.335 57.4315
226.977 431.516 57.4413
214.05 421.844 33.1378
209.225 457.725 59.6831
227.904 473.14 75.9096
248.146 447.399 75.917
228.745 432.905 59.6929
230.215 474.954 77.1177
252.281 493.155 82.7315
273.373 466.326 82.7381
250.457 449.213 77.1251
254.784 495.12 82.7163
276.916 513.377 76.9515
298.863 485.46 76.9607
275.876 468.291 82.7228
279.229 515.193 75.7265
298.011 530.693 59.522
320.685 501.851 59.5332
301.176 487.276 75.7357
299.78 532.083 57.2743
312.348 542.458 33.0169
335.508 512.998 33.0296
322.454 503.241 57.2855
313.306 543.21 30.0829
317.721 546.852 1.44337
341.052 517.177 1.45694
336.466 513.751 30.0957
317.721 546.851 -1.73208
313.306 543.195 -30.3699
336.466 513.737 -30.3556
341.052 517.176 -1.71851
312.348 542.441 -33.3034
299.783 532.049 -57.5555
322.456 503.209 -57.5403
335.508 512.982 -33.2892
298.014 530.657 -59.8024
279.237 515.142 -75.9982
301.183 487.227 -75.9817
320.687 501.817 -59.7873
276.925 513.324 -77.2222
254.798 495.057 -82.9769
275.888 468.23 -82.9587
298.871 485.409 -77.2058
252.296 493.091 -82.9911
230.234 474.887 -77.3686
250.473 449.148 -77.352
273.386 466.265 -82.9729
227.924 473.073 -76.1597
209.246 457.66 -59.9275
228.763 432.842 -59.9142
248.163 447.333 -76.1431
207.477 456.271 -57.6728
195.013 445.991 -33.3143
214.045 421.788 -33.3018
226.994 431.453 -57.6594
194.056 445.241 -30.3623
189.694 441.664 -1.67725
208.558 417.676 -1.66475
213.088 421.038 -30.3499
210.598 414.951 1.52982
215.134 418.364 30.1915
232.98 393.257 30.2026
228.284 390.068 1.54191
216.125 419.07 33.1389
229.052 428.741 57.4425
247.352 402.997 57.451
233.972 393.963 33.1501
230.885 430.043 59.6937
250.286 444.537 75.9178
269.262 417.84 75.9239
249.185 404.3 59.7022
252.682 446.238 77.1258
275.598 463.351 82.7388
295.37 435.531 82.745
271.658 419.541 77.1318
278.192 465.193 82.7237
301.179 482.362 76.9616
321.751 453.416 76.9708
297.964 437.373 82.7299
303.577 484.064 75.7368
323.086 498.639 59.5344
344.34 468.735 59.5457
324.149 455.119 75.746
324.921 499.943 57.2869
337.975 509.7 33.0309
359.686 479.154 33.0436
346.176 470.039 57.2982
338.968 510.405 30.0971
343.554 513.831 1.45838
365.426 483.06 1.47164
360.68 479.86 30.1098
343.554 513.83 -1.71698
338.968 510.391 -30.3541
360.679 479.847 -30.3405
365.426 483.06 -1.70373
337.975 509.684 -33.2876
324.923 499.911 -57.5387
346.177 470.009 -57.5243
359.686 479.14 -33.274
323.089 498.606 -59.7855
303.585 484.015 -75.98
324.155 455.072 -75.9642
344.342 468.704 -59.7712
301.187 482.311 -77.2039
278.204 465.132 -82.9568
297.974 437.315 -82.9388
321.758 453.368 -77.188
275.611 463.29 -82.9709
252.698 446.173 -77.35
271.672 419.479 -77.3327
295.381 435.472 -82.9529
250.303 444.472 -76.1414
230.903 429.981 -59.9125
249.2 404.239 -59.8985
269.277 417.778 -76.1241
229.069 428.679 -57.658
216.12 419.014 -33.3004
233.964 393.908 -33.288
247.366 402.937 -57.644
215.128 418.311 -30.3485
210.598 414.949 -1.66337
228.283 390.065 -1.65128
232.971 393.205 -30.3361
230.19 387.244 1.54316
234.886 390.432 30.2039
251.505 364.478 30.2142
246.658 361.52 1.55475
235.911 391.09 33.1511
249.291 400.125 57.4519
266.332 373.516 57.4589
252.529 365.135 33.1615
251.185 401.337 59.7029
271.262 414.878 75.9245
288.93 387.289 75.9281
268.225 374.728 59.7098
273.737 416.461 77.1323
297.449 432.451 82.7455
315.855 403.707 82.7494
291.405 388.873 77.136
300.128 434.166 82.7306
323.916 450.21 76.9715
343.066 420.306 76.979
318.535 405.422 82.7345
326.393 451.795 75.7471
346.584 465.411 59.5468
366.371 434.517 59.5573
345.544 421.892 75.7546
348.48 466.625 57.2995
361.991 475.74 33.0449
382.205 444.181 33.057
368.267 435.73 57.31
363.017 476.397 30.1112
367.764 479.597 1.47304
388.129 447.804 1.48588
383.232 444.837 30.1233
367.764 479.597 -1.70224
363.017 476.384 -30.339
383.231 444.825 -30.3257
388.129 447.803 -1.6894
361.991 475.725 -33.2724
348.482 466.595 -57.5228
368.268 435.702 -57.5084
382.205 444.167 -33.2591
346.586 465.38 -59.7695
326.399 451.748 -75.9625
345.548 421.847 -75.9457
366.372 434.487 -59.7551
323.922 450.162 -77.1861
300.139 434.108 -82.9368
318.544 405.366 -82.9173
343.071 420.26 -77.1694
297.459 432.392 -82.9509
273.751 416.399 -77.3307
291.417 388.813 -77.3119
315.864 403.651 -82.9314
271.276 414.815 -76.1223
251.2 401.277 -59.8967
268.238 374.671 -59.882
288.943 387.229 -76.1035
249.305 400.065 -57.6425
235.902 391.036 -33.2865
252.518 365.084 -33.2743
266.343 373.459 -57.6278
234.877 390.381 -30.3348
230.189 387.241 -1.64992
246.657 361.517 -1.63833
251.493 364.429 -30.3225
248.426 358.605 1.55591
253.273 361.563 30.2154
268.627 334.819 30.225
263.642 332.096 1.56687
254.328 362.171 33.1623
268.13 370.551 57.4597
283.874 343.138 57.4649
269.682 335.426 33.1719
270.08 371.672 59.7102
290.786 384.232 75.9285
307.107 355.816 75.9291
285.824 344.258 59.7154
293.333 385.695 77.1362
317.783 400.53 82.7496
334.784 370.931 82.7504
309.655 357.28 77.1368
320.542 402.115 82.735
345.073 416.999 76.9795
362.76 386.21 76.9848
337.543 372.516 82.7358
347.624 418.463 75.7555
368.452 431.089 59.5581
386.728 399.278 59.5675
365.311 387.675 75.7608
370.405 432.209 57.3111
384.343 440.659 33.0581
403.016 408.159 33.0696
388.681 400.398 57.3205
385.4 441.265 30.1246
390.298 444.232 1.48722
409.111 411.489 1.49966
404.073 408.765 30.1361
390.298 444.231 -1.68794
385.4 441.253 -30.3242
404.073 408.754 -30.311
409.111 411.489 -1.67549
384.343 440.645 -33.2575
370.406 432.181 -57.5068
388.682 400.371 -57.4921
403.016 408.146 -33.2442
368.453 431.059 -59.7533
347.629 418.419 -75.9439
365.315 387.633 -75.926
386.729 399.25 -59.7386
345.078 416.953 -77.1673
320.551 402.059 -82.9152
337.55 372.464 -82.8937
362.764 386.167 -77.1493
317.792 400.474 -82.9291
293.345 385.636 -77.3096
309.665 357.223 -77.2887
334.792 370.878 -82.9075
290.797 384.173 -76.1015
270.093 371.614 -59.88
285.834 344.204 -59.8644
307.117 355.76 -76.0806
268.141 370.494 -57.6262
254.316 362.119 -33.2727
269.668 335.378 -33.2609
283.883 343.084 -57.6107
253.261 361.515 -30.3212
248.425 358.603 -1.63701
263.641 332.094 -1.62605
268.612 334.773 -30.3094
265.268 329.097 1.56793
270.254 331.82 30.226
284.312 304.343 30.2347
279.199 301.86 1.57813
271.337 332.376 33.1725
285.529 340.088 57.4655
299.943 311.931 57.4686
285.395 304.9 33.1812
287.53 341.114 59.7155
308.814 352.672 75.9292
323.754 323.497 75.9261
301.944 312.958 59.7185
311.428 354.013 77.1366
336.557 367.664 82.7502
352.116 337.284 82.7474
326.368 324.837 77.1336
339.389 369.116 82.736
364.606 382.81 76.985
380.791 351.213 76.9877
354.948 338.736 82.7331
367.225 384.151 75.7615
388.641 395.754 59.5682
405.368 363.101 59.576
383.41 352.553 75.7641
390.647 396.777 57.3216
404.982 404.539 33.0706
422.075 371.174 33.0811
407.374 364.125 57.3294
406.068 405.092 30.1373
411.105 407.817 1.50092
428.327 374.202 1.51267
423.161 371.728 30.1479
411.105 407.816 -1.67408
406.068 405.081 -30.3095
423.161 371.717 -30.2968
428.327 374.201 -1.66232
404.982 404.526 -33.2426
390.648 396.751 -57.4905
407.374 364.101 -57.4756
422.075 371.163 -33.2299
388.642 395.726 -59.7367
367.228 384.109 -75.9241
383.413 352.514 -75.9048
405.369 363.076 -59.7218
364.61 382.767 -77.147
339.396 369.064 -82.8914
354.953 338.687 -82.8675
380.794 351.172 -77.1278
336.565 367.612 -82.905
311.437 353.957 -77.2862
326.376 324.785 -77.263
352.122 337.235 -82.8812
308.823 352.616 -76.0784
287.54 341.06 -59.8622
301.951 312.907 -59.846
323.762 323.444 -76.0552
285.537 340.034 -57.6091
271.322 332.328 -33.2592
285.377 304.854 -33.248
299.949 311.881 -57.5929
270.238 331.774 -30.3081
265.267 329.095 -1.62478
279.198 301.858 -1.61459
284.294 304.3 -30.2968
280.68 298.783 1.57908
285.793 301.266 30.2356
298.525 273.113 30.2433
293.297 270.871 1.58843
286.902 301.771 33.1816
301.45 308.803 57.469
314.504 279.965 57.4696
299.634 273.618 33.1893
303.498 309.734 59.7182
325.308 320.273 75.9258
338.836 290.406 75.9183
316.552 280.896 59.7187
327.983 321.489 77.1329
353.73 333.936 82.7468
367.814 302.85 82.7397
341.51 291.623 77.1254
356.628 335.252 82.7329
382.471 347.729 76.9875
397.121 315.4 76.9871
370.711 304.166 82.7259
385.152 348.941 75.7645
407.111 359.49 59.5764
422.254 326.074 59.5826
399.802 316.613 75.7641
409.164 360.414 57.3302
423.865 367.463 33.082
439.343 333.311 33.0916
424.308 326.999 57.3364
424.977 367.963 30.149
430.143 370.437 1.51384
445.738 336.026 1.5249
440.455 333.811 30.1586
430.143 370.436 -1.66097
424.977 367.952 -30.2955
440.455 333.802 -30.2832
445.738 336.026 -1.64992
423.865 367.452 -33.2283
409.165 360.39 -57.474
424.309 326.977 -57.459
439.343 333.301 -33.2161
407.111 359.465 -59.7198
385.155 348.902 -75.9028
399.805 316.577 -75.882
422.255 326.051 -59.7048
382.474 347.689 -77.1253
356.634 335.204 -82.865
370.717 304.121 -82.8385
397.124 315.363 -77.1045
353.736 333.887 -82.8784
327.99 321.437 -77.2602
341.517 291.575 -77.234
367.819 302.804 -82.8518
325.316 320.221 -76.0528
303.505 309.684 -59.8436
316.557 280.85 -59.8263
338.842 290.358 -76.0266
301.456 308.753 -57.5912
286.884 301.726 -33.2463
299.614 273.577 -33.2356
314.508 279.919 -57.5739
285.775 301.223 -30.2956
280.679 298.78 -1.61338
293.296 270.869 -1.60403
298.505 273.074 -30.2849
294.63 267.722 1.58925
299.859 269.964 30.2441
311.24 241.19 30.2507
305.907 239.19 1.59774
300.991 270.417 33.1894
315.86 276.764 57.4697
327.529 247.306 57.4674
312.372 241.644 33.1961
317.95 277.6 59.718
340.234 287.11 75.9175
352.323 256.623 75.9046
329.618 248.142 59.7156
342.963 288.201 77.1242
369.266 299.428 82.7386
381.847 267.715 82.7271
355.052 257.714 77.1114
372.223 300.607 82.7253
398.632 311.841 76.9865
411.719 278.863 76.9827
384.804 268.894 82.7137
401.369 312.923 75.7642
423.822 322.384 59.5827
437.354 288.283 59.5874
414.456 279.945 75.7604
425.919 323.206 57.3372
440.954 329.519 33.0924
454.786 294.657 33.1013
439.451 289.105 57.3418
442.089 329.962 30.1597
447.373 332.178 1.52599
461.31 297.051 1.53639
455.922 295.101 30.1686
447.373 332.177 -1.64864
442.09 329.953 -30.282
455.923 295.093 -30.2703
461.31 297.051 -1.63823
440.954 329.509 -33.2145
425.92 323.184 -57.4574
439.452 289.086 -57.4423
454.787 294.649 -33.2029
423.823 322.362 -59.7027
401.372 312.887 -75.8799
414.459 279.912 -75.8571
437.355 288.263 -59.6875
398.636 311.804 -77.1017
372.228 300.562 -82.8357
384.808 268.852 -82.8061
411.722 278.829 -77.0789
369.272 299.383 -82.8487
342.969 288.153 -77.2308
355.057 257.67 -77.2008
381.852 267.673 -82.8191
340.24 287.062 -76.0239
317.955 277.554 -59.8236
329.622 248.1 -59.8049
352.328 256.579 -75.9938
315.864 276.718 -57.5722
300.97 270.376 -33.2339
312.349 241.607 -33.2238
327.531 247.265 -57.5534
299.838 269.925 -30.2838
294.629 267.72 -1.60288
305.906 239.188 -1.5944
311.217 241.156 -30.2737
307.09 235.975 1.59843
312.422 237.975 30.2514
322.431 208.633 30.2569
317.006 206.872 1.60598
313.575 238.377 33.1959
328.732 244.039 57.4673
338.994 214.021 57.4617
323.583 209.035 33.2014
330.859 244.78 59.7143
353.563 253.261 75.9033
364.191 222.226 75.8844
341.121 214.762 59.7087
356.339 254.227 77.1097
383.135 264.228 82.7254
394.19 231.972 82.709
366.967 223.192 77.0907
386.143 265.268 82.7126
413.059 275.238 76.9816
424.559 241.693 76.9739
397.199 233.012 82.6963
415.846 276.185 75.7602
438.743 284.523 59.5872
450.64 249.815 59.5906
427.346 242.641 75.7525
440.879 285.239 57.3424
456.215 290.791 33.1019
468.376 255.298 33.1099
452.776 250.53 57.3459
457.371 291.177 30.1696
462.76 293.127 1.5374
475.012 257.363 1.54687
469.532 255.684 30.1777
462.76 293.127 -1.63705
457.372 291.17 -30.2692
469.534 255.679 -30.2586
475.012 257.363 -1.62758
456.216 290.783 -33.2013
440.881 285.22 -57.4407
452.778 250.514 -57.4263
468.378 255.292 -33.1908
438.745 284.503 -59.6852
415.849 276.152 -75.8548
427.35 242.61 -75.83
450.643 249.797 -59.6708
413.062 275.204 -77.0759
386.148 265.227 -82.8031
397.204 232.975 -82.7705
424.564 241.662 -77.0511
383.14 264.187 -82.8155
356.344 254.184 -77.1972
366.972 223.154 -77.1628
394.195 231.934 -82.7829
353.568 253.218 -75.9907
330.862 244.739 -59.8018
341.123 214.726 -59.7814
364.196 222.188 -75.9563
328.734 243.999 -57.5516
313.552 238.34 -33.222
323.559 209.004 -33.2125
338.995 213.986 -57.5312
312.399 237.941 -30.2726
307.089 235.973 -1.59331
317.005 206.871 -1.58576
322.406 208.604 -30.2632
318.036 203.597 1.60651
323.461 205.357 30.2574
332.082 175.496 30.2612
326.577 173.97 1.61309
324.631 205.709 33.2009
340.042 210.694 57.4612
348.882 180.174 57.4517
333.252 175.848 33.2047
342.2 211.342 59.7067
365.271 218.806 75.8824
374.423 187.296 75.8567
351.041 180.821 59.6972
368.088 219.649 77.0883
395.311 228.429 82.7066
404.823 195.721 82.6848
377.24 188.139 77.0626
398.365 229.33 82.6947
425.726 238.011 76.9722
435.623 203.982 76.9606
407.878 196.622 82.6729
428.556 238.82 75.7519
451.85 245.994 59.59
462.091 210.754 59.5928
438.454 204.792 75.7402
454.019 246.599 57.3464
469.62 251.368 33.1104
480.086 215.322 33.1172
464.261 211.359 57.3492
470.794 251.695 30.1786
476.274 253.374 1.54778
486.816 217.052 1.55615
481.26 215.649 30.1854
476.274 253.374 -1.62653
470.796 251.69 -30.2576
481.263 215.646 -30.248
486.817 217.052 -1.61815
469.621 251.362 -33.1894
454.022 246.584 -57.4249
464.265 211.347 -57.4122
480.089 215.319 -33.1799
451.853 245.977 -59.6684
428.56 238.79 -75.8277
438.46 204.764 -75.8013
462.096 210.74 -59.6557
425.73 237.98 -77.0478
398.37 229.293 -82.7672
407.884 196.589 -82.7313
435.63 203.954 -77.0214
395.316 228.392 -82.7789
368.093 219.611 -77.1587
377.246 188.107 -77.1193
404.83 195.688 -82.743
365.276 218.769 -75.9527
342.203 211.307 -59.7778
351.044 180.794 -59.7551
374.428 187.264 -75.9133
340.043 210.66 -57.5292
324.606 205.678 -33.2105
333.227 175.823 -33.2011
348.884 180.146 -57.5064
323.436 205.328 -30.2621
318.035 203.595 -1.58472
326.576 173.969 -1.57814
332.057 175.474 -30.2528
327.454 170.639 1.61334
332.959 172.165 30.2615
340.193 141.832 30.2594
334.621 140.534 1.61895
334.144 172.467 33.2035
349.774 176.794 57.4505
357.19 145.827 57.4315
341.378 142.134 33.2015
351.959 177.351 59.6942
375.341 183.826 75.8537
383.008 151.919 75.8173
359.374 146.385 59.6752
378.191 184.55 77.0592
405.775 192.132 82.6814
413.732 159.073 82.6473
385.859 152.643 77.0228
408.868 192.893 82.6705
436.614 200.253 76.9582
444.894 165.82 76.9428
416.825 159.833 82.6364
439.482 200.919 75.7393
463.119 206.881 59.592
471.681 171.181 59.594
447.761 166.486 75.7239
465.317 207.373 57.3496
481.141 211.336 33.1176
489.876 174.812 33.1206
473.879 171.673 57.3515
482.331 211.602 30.1861
487.887 213.005 1.55687
496.678 176.203 1.56376
491.065 175.078 30.1891
487.887 213.005 -1.61719
482.334 211.6 -30.2471
491.07 175.08 -30.2369
496.679 176.203 -1.61031
481.145 211.333 -33.1787
465.321 207.36 -57.411
473.887 171.664 -57.4006
489.882 174.813 -33.1684
463.124 206.867 -59.6533
439.488 200.892 -75.7989
447.771 166.461 -75.7717
471.689 171.171 -59.643
436.621 200.225 -77.0175
408.875 192.86 -82.7274
416.835 159.804 -82.6814
444.904 165.794 -76.9903
405.782 192.099 -82.7381
378.198 184.519 -77.1145
385.867 152.618 -77.0661
413.742 159.044 -82.6921
375.347 183.795 -75.9089
351.962 177.324 -59.7507
359.379 146.367 -59.7197
383.016 151.894 -75.8605
349.775 176.767 -57.5039
334.119 172.444 -33.1985
341.354 142.119 -33.1848
357.193 145.81 -57.4729
332.933 172.143 -30.2516
327.453 170.638 -1.57699
334.62 140.533 -1.57138
340.168 141.818 -30.2379
335.349 137.154 1.61806
340.92 138.451 30.2585
346.834 107.704 30.2243
341.219 106.629 1.62265
342.117 138.706 33.1974
357.928 142.4 57.4274
363.961 111.056 57.355
348.03 107.959 33.1632
360.132 142.873 59.6684
383.766 148.407 75.8105
389.959 116.193 75.7168
366.165 111.529 59.5959
386.641 149.019 77.0153
414.514 155.448 82.6397
420.896 122.15 82.5407
392.834 116.805 76.9216
417.639 156.068 82.6309
445.707 162.054 76.9373
452.323 127.28 76.8941
424.02 122.769 82.5318
448.602 162.569 75.7214
472.522 167.264 59.5914
479.322 131.164 59.5646
455.219 127.794 75.6782
474.74 167.638 57.3504
490.737 170.777 33.1194
497.628 133.84 33.0982
481.539 131.538 57.3236
491.936 170.982 30.189
497.549 172.107 1.5636
504.469 134.889 1.56778
498.827 134.045 30.1678
497.549 172.107 -1.60894
491.941 170.984 -30.2355
498.837 134.051 -30.2064
504.47 134.889 -1.60476
490.743 170.778 -33.1661
474.748 167.63 -57.3983
481.553 131.534 -57.3638
497.638 133.845 -33.137
472.531 167.255 -59.6393
448.612 162.544 -75.768
455.233 127.772 -75.7159
479.336 131.159 -59.6048
445.717 162.029 -76.9836
417.648 156.039 -82.6748
424.035 122.744 -82.5656
452.338 127.257 -76.9315
414.524 155.42 -82.6833
386.65 148.994 -77.0573
392.848 116.787 -76.9526
420.91 122.125 -82.5742
383.774 148.383 -75.8524
360.137 142.856 -59.7116
366.175 111.524 -59.6273
389.972 116.176 -75.7478
357.931 142.384 -57.4675
342.092 138.693 -33.1794
348.01 107.959 -33.1347
363.969 111.052 -57.3832
340.896 138.439 -30.2358
335.347 137.153 -1.56927
341.218 106.628 -1.56468
346.813 107.705 -30.1911
341.826 103.213 1.61555
347.441 104.288 30.2172
352.477 73.2885 29.998
346.888 72.4278 1.61751
348.639 104.499 33.1424
364.57 107.596 57.3342
369.541 76.0401 56.9372
353.675 73.4996 32.9231
366.776 107.991 59.5654
390.57 112.655 75.6862
395.449 80.3128 75.1784
371.748 76.435 59.1684
393.451 113.161 76.8876
421.513 118.507 82.5067
426.295 85.0985 81.9877
398.329 80.8186 76.3799
424.647 118.979 82.5023
452.95 123.489 76.8646
457.667 88.3913 76.474
429.43 85.5705 81.9833
455.85 123.84 75.656
479.953 127.21 59.5424
484.549 90.7226 59.2077
460.566 88.7419 75.2654
482.173 127.461 57.3075
498.262 129.763 33.0821
502.789 92.4281 32.882
486.769 90.9739 56.9729
499.462 129.906 30.1615
505.104 130.75 1.56156
509.613 93.1332 1.55248
503.989 92.5709 29.9614
505.104 130.75 -1.59884
499.471 129.912 -30.2005
503.998 92.5817 -30.0094
509.613 93.1338 -1.60792
498.272 129.769 -33.1204
482.187 127.458 -57.3472
486.795 90.9758 -56.9972
502.799 92.4392 -32.9293
479.968 127.204 -59.5813
455.866 123.818 -75.6924
460.592 88.7223 -75.2856
484.576 90.7226 -59.2313
452.966 123.466 -76.9007
424.662 118.954 -82.5347
429.455 85.5498 -82.0032
457.692 88.3706 -76.4939
421.528 118.482 -82.539
393.465 113.144 -76.9174
398.352 80.8089 -76.3992
426.32 85.0783 -82.0074
390.584 112.639 -75.7159
366.787 107.987 -59.5954
371.769 76.4453 -59.1849
395.472 80.3045 -75.1976
364.579 107.594 -57.3612
348.62 104.501 -33.1127
353.666 73.5193 -32.8855
369.561 76.0516 -56.9507
347.421 104.29 -30.183
341.825 103.214 -1.55666
346.888 72.4284 -1.55469
352.467 73.3079 -29.9558
347.566 69.0463 1.57373
353.155 69.9069 29.9542
360.247 39.6087 28.6559
354.924 38.8399 1.57168
354.32 70.0859 32.8011
370.186 72.6265 56.8151
376.525 42.0498 54.4425
361.412 39.7878 31.5027
372.336 72.9622 58.9912
396.037 76.8401 75.0013
401.281 45.7681 71.9512
378.675 42.3855 56.6186
398.843 77.2648 76.1767
426.81 81.5447 81.7845
430.795 49.934 78.5398
404.088 46.1929 73.1266
429.85 81.929 81.7885
458.086 84.7498 76.2792
460.659 53.323 73.176
433.835 50.3183 78.5438
460.915 85.0287 75.1055
484.898 87.0094 59.0479
486.227 55.8301 56.6228
463.488 53.6018 72.0023
487.067 87.2086 56.8651
503.088 88.6628 32.7742
503.624 57.5487 31.4469
488.397 56.0293 54.44
504.262 88.7761 29.9222
509.885 89.3384 1.51332
510.145 58.1992 1.5038
504.799 57.662 28.595
509.885 89.338 -1.57081
504.27 88.7858 -29.9723
504.797 57.6297 -28.6514
510.145 58.1988 -1.58033
503.098 88.6721 -32.8209
487.094 87.2088 -56.8888
488.426 55.9976 -54.4444
503.624 57.516 -31.5
484.926 87.0088 -59.0694
460.942 85.0085 -75.1237
463.518 53.5836 -72.0068
486.258 55.7976 -56.625
458.113 84.7297 -76.2977
429.875 81.9088 -81.807
433.865 50.3052 -78.5525
460.69 53.3047 -73.1808
426.835 81.5253 -81.8032
398.867 77.2559 -76.1949
404.115 46.1939 -73.1393
430.825 49.9217 -78.5487
396.06 76.8333 -75.0197
372.358 72.974 -59.007
378.694 42.4218 -56.6346
401.308 45.7712 -71.9641
370.206 72.6401 -56.8281
354.311 70.1078 -32.7629
361.398 39.8313 -31.4687
376.542 42.0878 -54.4557
353.145 69.9275 -29.9118
347.565 69.0479 -1.51072
354.923 38.8415 -1.51276
360.232 39.651 -28.6176
355.775 35.5289 1.48645
361.099 36.2978 28.5706
369.085 6.7793 26.7957
364.092 6.10871 1.47879
362.2 36.456 31.2613
377.313 38.718 54.201
384.354 8.92449 50.9225
370.187 6.93748 29.4863
379.345 39.0122 56.2584
401.952 42.3949 71.5909
407.57 12.1634 67.2899
386.386 9.21872 52.9798
404.605 42.7669 72.7035
431.312 46.508 78.1166
435.215 15.8445 73.4232
410.224 12.5354 68.4024
434.185 46.869 78.1172
461.01 49.8736 72.7494
463.117 19.1508 68.3822
438.088 16.2055 73.4238
463.671 50.1659 71.6353
486.411 52.3942 56.2558
486.969 21.7785 52.9046
465.778 19.4431 67.268
488.451 52.6072 54.1935
503.678 54.1267 31.2005
503.169 23.5549 29.385
489.009 21.9915 50.8423
504.783 54.2419 28.5085
510.129 54.7792 1.41729
509.239 24.1908 1.4313
504.274 23.6701 26.693
510.129 54.7765 -1.49301
504.781 54.2074 -28.5641
504.269 23.6032 -26.7249
509.239 24.188 -1.479
503.677 54.0897 -31.2523
488.479 52.5712 -54.1967
489.028 21.9312 -50.837
503.166 23.4855 -29.4131
486.441 52.3603 -56.2569
463.701 50.1463 -71.6386
465.799 19.427 -67.2687
486.99 21.7202 -52.8972
461.04 49.8558 -72.7534
434.215 46.8564 -78.1251
438.109 16.1974 -73.4272
463.138 19.1366 -68.3835
431.342 46.4964 -78.1248
404.632 42.7685 -72.7155
410.242 12.5405 -68.4092
435.235 15.8374 -73.4269
401.978 42.3995 -71.6035
379.364 39.05 -56.2741
386.392 9.27494 -52.9946
407.588 12.1714 -67.2972
377.329 38.7586 -54.2147
362.185 36.5021 -31.2277
370.164 7.00531 -29.4647
384.357 8.98352 -50.9353
361.083 36.3413 -28.5334
355.774 35.5318 -1.4285
364.091 6.11161 -1.43616
369.062 6.84454 -26.7704
365.116 3.10069 1.34912
370.109 3.77128 26.666
380.264 -21.1727 23.7817
375.842 -21.7942 1.32999
371.116 3.91094 29.1217
385.283 5.89795 50.5579
393.87 -19.274 45.2677
381.271 -21.033 26.2374
387.144 6.15423 52.435
408.328 9.09888 66.7451
414.615 -16.4911 59.8141
395.731 -19.0177 47.1448
410.755 9.42496 67.7567
435.747 12.7341 72.7775
439.279 -13.2182 65.216
417.043 -16.165 60.8257
438.37 13.0713 72.7743
463.398 16.0166 67.7326
464.085 -9.95172 60.6874
441.902 -12.881 65.2127
465.823 16.314 66.7156
487.014 18.6493 52.3522
485.271 -7.18109 46.9507
466.51 -9.65432 59.6704
488.871 18.8736 50.4741
503.031 20.437 29.0167
499.641 -5.309 26.109
487.128 -6.95684 45.0726
504.036 20.5571 26.5657
509.001 21.0777 1.30408
505.034 -4.61126 1.32532
500.645 -5.18889 23.658
509.001 21.0757 -1.34723
504.031 20.4909 -26.5931
500.645 -5.19173 -23.6586
505.034 -4.61326 -1.32599
503.027 20.3688 -29.0435
488.889 18.8146 -50.4674
487.128 -6.96162 -45.0728
499.64 -5.31381 -26.109
487.032 18.5923 -52.3452
465.842 16.299 -66.7167
466.51 -9.65691 -59.6704
485.272 -7.1839 -46.9505
463.418 16.003 -67.7337
438.388 13.0638 -72.7774
441.903 -12.8821 -65.2126
464.086 -9.95289 -60.6874
435.765 12.7272 -72.7807
410.772 9.43027 -67.7629
417.044 -16.1654 -60.8258
439.28 -13.2188 -65.216
408.343 9.10585 -66.7513
387.147 6.20935 -52.4487
395.731 -19.0162 -47.145
414.615 -16.4898 -59.8142
385.286 5.95529 -50.5711
371.093 3.97708 -29.1005
381.271 -21.0292 -26.2371
393.87 -19.2702 -45.2674
370.086 3.83558 -26.6442
365.115 3.10266 -1.30998
375.841 -21.7922 -1.32912
380.264 -21.1707 -23.7809
-305.928 729.128 25.3555
-307.134 724.124 -0.407175
-305.873 729.097 -26.1726
-302.359 743.277 -47.987
-297.151 764.485 -62.5173
-291.162 789.495 -67.5888
-285.498 814.581 -62.512
-280.931 835.967 -48.0161
-277.931 850.309 -26.2266
-276.892 855.363 -0.470252
-277.974 850.348 25.2915
-280.992 836.029 47.0928
-285.568 814.658 61.607
-291.235 789.578 66.7079
-297.218 764.563 61.6602
-302.427 743.337 47.1552
382.635 -22.3863 1.76393e-05
387.057 -21.7648 22.4517
399.656 -20.0058 41.4821
418.54 -17.4792 54.1513
440.777 -14.5323 58.5415
462.96 -11.603 54.0162
481.721 -9.1298 41.2965
494.234 -7.48197 22.3329
498.623 -6.90434 0.000247942
494.233 -7.48281 -22.3323
481.721 -9.13061 -41.2962
462.96 -11.6036 -54.016
440.777 -14.5328 -58.5413
418.54 -17.4795 -54.1511
399.656 -20.0059 -41.482
387.057 -21.7648 -22.4517
</DataArray>
</Points>
<Cells>
<DataArray type="Int32" Name="connectivity" format="ascii">
0 1 529 528 1 17 530 529 17 16 531 530 16 0 528 531 1 2 533 532 2 18 534 533 18 17 535 534 17 1 532 535 2 3 537 536 3 19 538 537 19 18 539 538 18 2 536 539 3 4 541 540 4 20 542 541 20 19 543 542 19 3 540 543 4 5 545 544 5 21 546 545 21 20 547 546 20 4 544 547 5 6 549 548 6 22 550 549 22 21 551 550 21 5 548 551 6 7 553 552 7 23 554 553 23 22 555 554 22 6 552 555 7 8 557 556 8 24 558 557 24 23 559 558 23 7 556 559 8 9 561 560 9 25 562 561 25 24 563 562 24 8 560 563 9 10 565 564 10 26 566 565 26 25 567 566 25 9 564 567 10 11 569 568 11 27 570 569 27 26 571 570 26 10 568 571 11 12 573 572 12 28 574 573 28 27 575 574 27 11 572 575 12 13 577 576 13 29 578 577 29 28 579 578 28 12 576 579 13 14 581 580 14 30 582 581 30 29 583 582 29 13 580 583 14 15 585 584 15 31 586 585 31 30 587 586 30 14 584 587 15 0 589 588 0 16 590 589 16 31 591 590 31 15 588 591 16 17 593 592 17 33 594 593 33 32 595 594 32 16 592 595 18 34 597 596 34 33 598 597 33 17 599 598 17 18 596 599 19 35 601 600 35 34 602 601 34 18 603 602 18 19 600 603 20 36 605 604 36 35 606 605 35 19 607 606 19 20 604 607 21 37 609 608 37 36 610 609 36 20 611 610 20 21 608 611 22 38 613 612 38 37 614 613 37 21 615 614 21 22 612 615 23 39 617 616 39 38 618 617 38 22 619 618 22 23 616 619 24 40 621 620 40 39 622 621 39 23 623 622 23 24 620 623 25 41 625 624 41 40 626 625 40 24 627 626 24 25 624 627 26 42 629 628 42 41 630 629 41 25 631 630 25 26 628 631 27 43 633 632 43 42 634 633 42 26 635 634 26 27 632 635 28 44 637 636 44 43 638 637 43 27 639 638 27 28 636 639 29 45 641 640 45 44 642 641 44 28 643 642 28 29 640 643 30 46 645 644 46 45 646 645 45 29 647 646 29 30 644 647 31 47 649 648 47 46 650 649 46 30 651 650 30 31 648 651 31 16 653 652 16 32 654 653 32 47 655 654 47 31 652 655 32 33 657 656 33 49 658 657 49 48 659 658 48 32 656 659 33 34 661 660 34 50 662 661 50 49 663 662 49 33 660 663 34 35 665 664 35 51 666 665 51 50 667 666 50 34 664 667 35 36 669 668 36 52 670 669 52 51 671 670 51 35 668 671 36 37 673 672 37 53 674 673 53 52 675 674 52 36 672 675 37 38 677 676 38 54 678 677 54 53 679 678 53 37 676 679 38 39 681 680 39 55 682 681 55 54 683 682 54 38 680 683 39 40 685 684 40 56 686 685 56 55 687 686 55 39 684 687 40 41 689 688 41 57 690 689 57 56 691 690 56 40 688 691 41 42 693 692 42 58 694 693 58 57 695 694 57 41 692 695 42 43 697 696 43 59 698 697 59 58 699 698 58 42 696 699 43 44 701 700 44 60 702 701 60 59 703 702 59 43 700 703 44 45 705 704 45 61 706 705 61 60 707 706 60 44 704 707 45 46 709 708 46 62 710 709 62 61 711 710 61 45 708 711 46 47 713 712 47 63 714 713 63 62 715 714 62 46 712 715 47 32 717 716 32 48 718 717 48 63 719 718 63 47 716 719 48 49 721 720 49 65 722 721 65 64 723 722 64 48 720 723 49 50 725 724 50 66 726 725 66 65 727 726 65 49 724 727 50 51 729 728 51 67 730 729 67 66 731 730 66 50 728 731 51 52 733 732 52 68 734 733 68 67 735 734 67 51 732 735 52 53 737 736 53 69 738 737 69 68 739 738 68 52 736 739 53 54 741 740 54 70 742 741 70 69 743 742 69 53 740 743 54 55 745 744 55 71 746 745 71 70 747 746 70 54 744 747 55 56 749 748 56 72 750 749 72 71 751 750 71 55 748 751 56 57 753 752 57 73 754 753 73 72 755 754 72 56 752 755 57 58 757 756 58 74 758 757 74 73 759 758 73 57 756 759 58 59 761 760 59 75 762 761 75 74 763 762 74 58 760 763 59 60 765 764 60 76 766 765 76 75 767 766 75 59 764 767 60 61 769 768 61 77 770 769 77 76 771 770 76 60 768 771 61 62 773 772 62 78 774 773 78 77 775 774 77 61 772 775 62 63 777 776 63 79 778 777 79 78 779 778 78 62 776 779 63 48 781 780 48 64 782 781 64 79 783 782 79 63 780 783 64 65 785 784 65 81 786 785 81 80 787 786 80 64 784 787 65 66 789 788 66 82 790 789 82 81 791 790 81 65 788 791 66 67 793 792 67 83 794 793 83 82 795 794 82 66 792 795 67 68 797 796 68 84 798 797 84 83 799 798 83 67 796 799 68 69 801 800 69 85 802 801 85 84 803 802 84 68 800 803 69 70 805 804 70 86 806 805 86 85 807 806 85 69 804 807 70 71 809 808 71 87 810 809 87 86 811 810 86 70 808 811 71 72 813 812 72 88 814 813 88 87 815 814 87 71 812 815 72 73 817 816 73 89 818 817 89 88 819 818 88 72 816 819 73 74 821 820 74 90 822 821 90 89 823 822 89 73 820 823 74 75 825 824 75 91 826 825 91 90 827 826 90 74 824 827 75 76 829 828 76 92 830 829 92 91 831 830 91 75 828 831 76 77 833 832 77 93 834 833 93 92 835 834 92 76 832 835 77 78 837 836 78 94 838 837 94 93 839 838 93 77 836 839 78 79 841 840 79 95 842 841 95 94 843 842 94 78 840 843 79 64 845 844 64 80 846 845 80 95 847 846 95 79 844 847 80 81 849 848 81 97 850 849 97 96 851 850 96 80 848 851 81 82 853 852 82 98 854 853 98 97 855 854 97 81 852 855 82 83 857 856 83 99 858 857 99 98 859 858 98 82 856 859 83 84 861 860 84 100 862 861 100 99 863 862 99 83 860 863 84 85 865 864 85 101 866 865 101 100 867 866 100 84 864 867 85 86 869 868 86 102 870 869 102 101 871 870 101 85 868 871 86 87 873 872 87 103 874 873 103 102 875 874 102 86 872 875 87 88 877 876 88 104 878 877 104 103 879 878 103 87 876 879 88 89 881 880 89 105 882 881 105 104 883 882 104 88 880 883 89 90 885 884 90 106 886 885 106 105 887 886 105 89 884 887 90 91 889 888 91 107 890 889 107 106 891 890 106 90 888 891 91 92 893 892 92 108 894 893 108 107 895 894 107 91 892 895 92 93 897 896 93 109 898 897 109 108 899 898 108 92 896 899 93 94 901 900 94 110 902 901 110 109 903 902 109 93 900 903 94 95 905 904 95 111 906 905 111 110 907 906 110 94 904 907 95 80 909 908 80 96 910 909 96 111 911 910 111 95 908 911 96 97 913 912 97 113 914 913 113 112 915 914 112 96 912 915 97 98 917 916 98 114 918 917 114 113 919 918 113 97 916 919 98 99 921 920 99 115 922 921 115 114 923 922 114 98 920 923 99 100 925 924 100 116 926 925 116 115 927 926 115 99 924 927 100 101 929 928 101 117 930 929 117 116 931 930 116 100 928 931 101 102 933 932 102 118 934 933 118 117 935 934 117 101 932 935 102 103 937 936 103 119 938 937 119 118 939 938 118 102 936 939 103 104 941 940 104 120 942 941 120 119 943 942 119 103 940 943 104 105 945 944 105 121 946 945 121 120 947 946 120 104 944 947 105 106 949 948 106 122 950 949 122 121 951 950 121 105 948 951 106 107 953 952 107 123 954 953 123 122 955 954 122 106 952 955 107 108 957 956 108 124 958 957 124 123 959 958 123 107 956 959 108 109 961 960 109 125 962 961 125 124 963 962 124 108 960 963 109 110 965 964 110 126 966 965 126 125 967 966 125 109 964 967 110 111 969 968 111 127 970 969 127 126 971 970 126 110 968 971 111 96 973 972 96 112 974 973 112 127 975 974 127 111 972 975 112 113 977 976 113 129 978 977 129 128 979 978 128 112 976 979 113 114 981 980 114 130 982 981 130 129 983 982 129 113 980 983 114 115 985 984 115 131 986 985 131 130 987 986 130 114 984 987 115 116 989 988 116 132 990 989 132 131 991 990 131 115 988 991 116 117 993 992 117 133 994 993 133 132 995 994 132 116 992 995 117 118 997 996 118 134 998 997 134 133 999 998 133 117 996 999 118 119 1001 1000 119 135 1002 1001 135 134 1003 1002 134 118 1000 1003 119 120 1005 1004 120 136 1006 1005 136 135 1007 1006 135 119 1004 1007 120 121 1009 1008 121 137 1010 1009 137 136 1011 1010 136 120 1008 1011 121 122 1013 1012 122 138 1014 1013 138 137 1015 1014 137 121 1012 1015 122 123 1017 1016 123 139 1018 1017 139 138 1019 1018 138 122 1016 1019 123 124 1021 1020 124 140 1022 1021 140 139 1023 1022 139 123 1020 1023 124 125 1025 1024 125 141 1026 1025 141 140 1027 1026 140 124 1024 1027 125 126 1029 1028 126 142 1030 1029 142 141 1031 1030 141 125 1028 1031 126 127 1033 1032 127 143 1034 1033 143 142 1035 1034 142 126 1032 1035 127 112 1037 1036 112 128 1038 1037 128 143 1039 1038 143 127 1036 1039 128 129 1041 1040 129 145 1042 1041 145 144 1043 1042 144 128 1040 1043 129 130 1045 1044 130 146 1046 1045 146 145 1047 1046 145 129 1044 1047 130 131 1049 1048 131 147 1050 1049 147 146 1051 1050 146 130 1048 1051 131 132 1053 1052 132 148 1054 1053 148 147 1055 1054 147 131 1052 1055 132 133 1057 1056 133 149 1058 1057 149 148 1059 1058 148 132 1056 1059 133 134 1061 1060 134 150 1062 1061 150 149 1063 1062 149 133 1060 1063 134 135 1065 1064 135 151 1066 1065 151 150 1067 1066 150 134 1064 1067 135 136 1069 1068 136 152 1070 1069 152 151 1071 1070 151 135 1068 1071 136 137 1073 1072 137 153 1074 1073 153 152 1075 1074 152 136 1072 1075 137 138 1077 1076 138 154 1078 1077 154 153 1079 1078 153 137 1076 1079 138 139 1081 1080 139 155 1082 1081 155 154 1083 1082 154 138 1080 1083 139 140 1085 1084 140 156 1086 1085 156 155 1087 1086 155 139 1084 1087 140 141 1089 1088 141 157 1090 1089 157 156 1091 1090 156 140 1088 1091 141 142 1093 1092 142 158 1094 1093 158 157 1095 1094 157 141 1092 1095 142 143 1097 1096 143 159 1098 1097 159 158 1099 1098 158 142 1096 1099 143 128 1101 1100 128 144 1102 1101 144 159 1103 1102 159 143 1100 1103 144 145 1105 1104 145 161 1106 1105 161 160 1107 1106 160 144 1104 1107 145 146 1109 1108 146 162 1110 1109 162 161 1111 1110 161 145 1108 1111 146 147 1113 1112 147 163 1114 1113 163 162 1115 1114 162 146 1112 1115 147 148 1117 1116 148 164 1118 1117 164 163 1119 1118 163 147 1116 1119 148 149 1121 1120 149 165 1122 1121 165 164 1123 1122 164 148 1120 1123 149 150 1125 1124 150 166 1126 1125 166 165 1127 1126 165 149 1124 1127 150 151 1129 1128 151 167 1130 1129 167 166 1131 1130 166 150 1128 1131 151 152 1133 1132 152 168 1134 1133 168 167 1135 1134 167 151 1132 1135 152 153 1137 1136 153 169 1138 1137 169 168 1139 1138 168 152 1136 1139 153 154 1141 1140 154 170 1142 1141 170 169 1143 1142 169 153 1140 1143 154 155 1145 1144 155 171 1146 1145 171 170 1147 1146 170 154 1144 1147 155 156 1149 1148 156 172 1150 1149 172 171 1151 1150 171 155 1148 1151 156 157 1153 1152 157 173 1154 1153 173 172 1155 1154 172 156 1152 1155 157 158 1157 1156 158 174 1158 1157 174 173 1159 1158 173 157 1156 1159 158 159 1161 1160 159 175 1162 1161 175 174 1163 1162 174 158 1160 1163 159 144 1165 1164 144 160 1166 1165 160 175 1167 1166 175 159 1164 1167 160 161 1169 1168 161 177 1170 1169 177 176 1171 1170 176 160 1168 1171 161 162 1173 1172 162 178 1174 1173 178 177 1175 1174 177 161 1172 1175 162 163 1177 1176 163 179 1178 1177 179 178 1179 1178 178 162 1176 1179 163 164 1181 1180 164 180 1182 1181 180 179 1183 1182 179 163 1180 1183 164 165 1185 1184 165 181 1186 1185 181 180 1187 1186 180 164 1184 1187 165 166 1189 1188 166 182 1190 1189 182 181 1191 1190 181 165 1188 1191 166 167 1193 1192 167 183 1194 1193 183 182 1195 1194 182 166 1192 1195 167 168 1197 1196 168 184 1198 1197 184 183 1199 1198 183 167 1196 1199 168 169 1201 1200 169 185 1202 1201 185 184 1203 1202 184 168 1200 1203 169 170 1205 1204 170 186 1206 1205 186 185 1207 1206 185 169 1204 1207 170 171 1209 1208 171 187 1210 1209 187 186 1211 1210 186 170 1208 1211 171 172 1213 1212 172 188 1214 1213 188 187 1215 1214 187 171 1212 1215 172 173 1217 1216 173 189 1218 1217 189 188 1219 1218 188 172 1216 1219 173 174 1221 1220 174 190 1222 1221 190 189 1223 1222 189 173 1220 1223 174 175 1225 1224 175 191 1226 1225 191 190 1227 1226 190 174 1224 1227 175 160 1229 1228 160 176 1230 1229 176 191 1231 1230 191 175 1228 1231 176 177 1233 1232 177 193 1234 1233 193 192 1235 1234 192 176 1232 1235 177 178 1237 1236 178 194 1238 1237 194 193 1239 1238 193 177 1236 1239 178 179 1241 1240 179 195 1242 1241 195 194 1243 1242 194 178 1240 1243 179 180 1245 1244 180 196 1246 1245 196 195 1247 1246 195 179 1244 1247 180 181 1249 1248 181 197 1250 1249 197 196 1251 1250 196 180 1248 1251 181 182 1253 1252 182 198 1254 1253 198 197 1255 1254 197 181 1252 1255 182 183 1257 1256 183 199 1258 1257 199 198 1259 1258 198 182 1256 1259 183 184 1261 1260 184 200 1262 1261 200 199 1263 1262 199 183 1260 1263 184 185 1265 1264 185 201 1266 1265 201 200 1267 1266 200 184 1264 1267 185 186 1269 1268 186 202 1270 1269 202 201 1271 1270 201 185 1268 1271 186 187 1273 1272 187 203 1274 1273 203 202 1275 1274 202 186 1272 1275 187 188 1277 1276 188 204 1278 1277 204 203 1279 1278 203 187 1276 1279 188 189 1281 1280 189 205 1282 1281 205 204 1283 1282 204 188 1280 1283 189 190 1285 1284 190 206 1286 1285 206 205 1287 1286 205 189 1284 1287 190 191 1289 1288 191 207 1290 1289 207 206 1291 1290 206 190 1288 1291 191 176 1293 1292 176 192 1294 1293 192 207 1295 1294 207 191 1292 1295 192 193 1297 1296 193 209 1298 1297 209 208 1299 1298 208 192 1296 1299 193 194 1301 1300 194 210 1302 1301 210 209 1303 1302 209 193 1300 1303 194 195 1305 1304 195 211 1306 1305 211 210 1307 1306 210 194 1304 1307 195 196 1309 1308 196 212 1310 1309 212 211 1311 1310 211 195 1308 1311 196 197 1313 1312 197 213 1314 1313 213 212 1315 1314 212 196 1312 1315 197 198 1317 1316 198 214 1318 1317 214 213 1319 1318 213 197 1316 1319 198 199 1321 1320 199 215 1322 1321 215 214 1323 1322 214 198 1320 1323 199 200 1325 1324 200 216 1326 1325 216 215 1327 1326 215 199 1324 1327 200 201 1329 1328 201 217 1330 1329 217 216 1331 1330 216 200 1328 1331 201 202 1333 1332 202 218 1334 1333 218 217 1335 1334 217 201 1332 1335 202 203 1337 1336 203 219 1338 1337 219 218 1339 1338 218 202 1336 1339 203 204 1341 1340 204 220 1342 1341 220 219 1343 1342 219 203 1340 1343 204 205 1345 1344 205 221 1346 1345 221 220 1347 1346 220 204 1344 1347 205 206 1349 1348 206 222 1350 1349 222 221 1351 1350 221 205 1348 1351 206 207 1353 1352 207 223 1354 1353 223 222 1355 1354 222 206 1352 1355 207 192 1357 1356 192 208 1358 1357 208 223 1359 1358 223 207 1356 1359 208 209 1361 1360 209 225 1362 1361 225 224 1363 1362 224 208 1360 1363 209 210 1365 1364 210 226 1366 1365 226 225 1367 1366 225 209 1364 1367 210 211 1369 1368 211 227 1370 1369 227 226 1371 1370 226 210 1368 1371 211 212 1373 1372 212 228 1374 1373 228 227 1375 1374 227 211 1372 1375 212 213 1377 1376 213 229 1378 1377 229 228 1379 1378 228 212 1376 1379 213 214 1381 1380 214 230 1382 1381 230 229 1383 1382 229 213 1380 1383 214 215 1385 1384 215 231 1386 1385 231 230 1387 1386 230 214 1384 1387 215 216 1389 1388 216 232 1390 1389 232 231 1391 1390 231 215 1388 1391 216 217 1393 1392 217 233 1394 1393 233 232 1395 1394 232 216 1392 1395 217 218 1397 1396 218 234 1398 1397 234 233 1399 1398 233 217 1396 1399 218 219 1401 1400 219 235 1402 1401 235 234 1403 1402 234 218 1400 1403 219 220 1405 1404 220 236 1406 1405 236 235 1407 1406 235 219 1404 1407 220 221 1409 1408 221 237 1410 1409 237 236 1411 1410 236 220 1408 1411 221 222 1413 1412 222 238 1414 1413 238 237 1415 1414 237 221 1412 1415 222 223 1417 1416 223 239 1418 1417 239 238 1419 1418 238 222 1416 1419 223 208 1421 1420 208 224 1422 1421 224 239 1423 1422 239 223 1420 1423 224 225 1425 1424 225 241 1426 1425 241 240 1427 1426 240 224 1424 1427 225 226 1429 1428 226 242 1430 1429 242 241 1431 1430 241 225 1428 1431 226 227 1433 1432 227 243 1434 1433 243 242 1435 1434 242 226 1432 1435 227 228 1437 1436 228 244 1438 1437 244 243 1439 1438 243 227 1436 1439 228 229 1441 1440 229 245 1442 1441 245 244 1443 1442 244 228 1440 1443 229 230 1445 1444 230 246 1446 1445 246 245 1447 1446 245 229 1444 1447 230 231 1449 1448 231 247 1450 1449 247 246 1451 1450 246 230 1448 1451 231 232 1453 1452 232 248 1454 1453 248 247 1455 1454 247 231 1452 1455 232 233 1457 1456 233 249 1458 1457 249 248 1459 1458 248 232 1456 1459 233 234 1461 1460 234 250 1462 1461 250 249 1463 1462 249 233 1460 1463 234 235 1465 1464 235 251 1466 1465 251 250 1467 1466 250 234 1464 1467 235 236 1469 1468 236 252 1470 1469 252 251 1471 1470 251 235 1468 1471 236 237 1473 1472 237 253 1474 1473 253 252 1475 1474 252 236 1472 1475 237 238 1477 1476 238 254 1478 1477 254 253 1479 1478 253 237 1476 1479 238 239 1481 1480 239 255 1482 1481 255 254 1483 1482 254 238 1480 1483 239 224 1485 1484 224 240 1486 1485 240 255 1487 1486 255 239 1484 1487 240 241 1489 1488 241 257 1490 1489 257 256 1491 1490 256 240 1488 1491 241 242 1493 1492 242 258 1494 1493 258 257 1495 1494 257 241 1492 1495 242 243 1497 1496 243 259 1498 1497 259 258 1499 1498 258 242 1496 1499 243 244 1501 1500 244 260 1502 1501 260 259 1503 1502 259 243 1500 1503 244 245 1505 1504 245 261 1506 1505 261 260 1507 1506 260 244 1504 1507 245 246 1509 1508 246 262 1510 1509 262 261 1511 1510 261 245 1508 1511 246 247 1513 1512 247 263 1514 1513 263 262 1515 1514 262 246 1512 1515 247 248 1517 1516 248 264 1518 1517 264 263 1519 1518 263 247 1516 1519 248 249 1521 1520 249 265 1522 1521 265 264 1523 1522 264 248 1520 1523 249 250 1525 1524 250 266 1526 1525 266 265 1527 1526 265 249 1524 1527 250 251 1529 1528 251 267 1530 1529 267 266 1531 1530 266 250 1528 1531 251 252 1533 1532 252 268 1534 1533 268 267 1535 1534 267 251 1532 1535 252 253 1537 1536 253 269 1538 1537 269 268 1539 1538 268 252 1536 1539 253 254 1541 1540 254 270 1542 1541 270 269 1543 1542 269 253 1540 1543 254 255 1545 1544 255 271 1546 1545 271 270 1547 1546 270 254 1544 1547 255 240 1549 1548 240 256 1550 1549 256 271 1551 1550 271 255 1548 1551 256 257 1553 1552 257 273 1554 1553 273 272 1555 1554 272 256 1552 1555 257 258 1557 1556 258 274 1558 1557 274 273 1559 1558 273 257 1556 1559 258 259 1561 1560 259 275 1562 1561 275 274 1563 1562 274 258 1560 1563 259 260 1565 1564 260 276 1566 1565 276 275 1567 1566 275 259 1564 1567 260 261 1569 1568 261 277 1570 1569 277 276 1571 1570 276 260 1568 1571 261 262 1573 1572 262 278 1574 1573 278 277 1575 1574 277 261 1572 1575 262 263 1577 1576 263 279 1578 1577 279 278 1579 1578 278 262 1576 1579 263 264 1581 1580 264 280 1582 1581 280 279 1583 1582 279 263 1580 1583 264 265 1585 1584 265 281 1586 1585 281 280 1587 1586 280 264 1584 1587 265 266 1589 1588 266 282 1590 1589 282 281 1591 1590 281 265 1588 1591 266 267 1593 1592 267 283 1594 1593 283 282 1595 1594 282 266 1592 1595 267 268 1597 1596 268 284 1598 1597 284 283 1599 1598 283 267 1596 1599 268 269 1601 1600 269 285 1602 1601 285 284 1603 1602 284 268 1600 1603 269 270 1605 1604 270 286 1606 1605 286 285 1607 1606 285 269 1604 1607 270 271 1609 1608 271 287 1610 1609 287 286 1611 1610 286 270 1608 1611 271 256 1613 1612 256 272 1614 1613 272 287 1615 1614 287 271 1612 1615 272 273 1617 1616 273 289 1618 1617 289 288 1619 1618 288 272 1616 1619 273 274 1621 1620 274 290 1622 1621 290 289 1623 1622 289 273 1620 1623 274 275 1625 1624 275 291 1626 1625 291 290 1627 1626 290 274 1624 1627 275 276 1629 1628 276 292 1630 1629 292 291 1631 1630 291 275 1628 1631 276 277 1633 1632 277 293 1634 1633 293 292 1635 1634 292 276 1632 1635 277 278 1637 1636 278 294 1638 1637 294 293 1639 1638 293 277 1636 1639 278 279 1641 1640 279 295 1642 1641 295 294 1643 1642 294 278 1640 1643 279 280 1645 1644 280 296 1646 1645 296 295 1647 1646 295 279 1644 1647 280 281 1649 1648 281 297 1650 1649 297 296 1651 1650 296 280 1648 1651 281 282 1653 1652 282 298 1654 1653 298 297 1655 1654 297 281 1652 1655 282 283 1657 1656 283 299 1658 1657 299 298 1659 1658 298 282 1656 1659 283 284 1661 1660 284 300 1662 1661 300 299 1663 1662 299 283 1660 1663 284 285 1665 1664 285 301 1666 1665 301 300 1667 1666 300 284 1664 1667 285 286 1669 1668 286 302 1670 1669 302 301 1671 1670 301 285 1668 1671 286 287 1673 1672 287 303 1674 1673 303 302 1675 1674 302 286 1672 1675 287 272 1677 1676 272 288 1678 1677 288 303 1679 1678 303 287 1676 1679 288 289 1681 1680 289 305 1682 1681 305 304 1683 1682 304 288 1680 1683 289 290 1685 1684 290 306 1686 1685 306 305 1687 1686 305 289 1684 1687 290 291 1689 1688 291 307 1690 1689 307 306 1691 1690 306 290 1688 1691 291 292 1693 1692 292 308 1694 1693 308 307 1695 1694 307 291 1692 1695 292 293 1697 1696 293 309 1698 1697 309 308 1699 1698 308 292 1696 1699 293 294 1701 1700 294 310 1702 1701 310 309 1703 1702 309 293 1700 1703 294 295 1705 1704 295 311 1706 1705 311 310 1707 1706 310 294 1704 1707 295 296 1709 1708 296 312 1710 1709 312 311 1711 1710 311 295 1708 1711 296 297 1713 1712 297 313 1714 1713 313 312 1715 1714 312 296 1712 1715 297 298 1717 1716 298 314 1718 1717 314 313 1719 1718 313 297 1716 1719 298 299 1721 1720 299 315 1722 1721 315 314 1723 1722 314 298 1720 1723 299 300 1725 1724 300 316 1726 1725 316 315 1727 1726 315 299 1724 1727 300 301 1729 1728 301 317 1730 1729 317 316 1731 1730 316 300 1728 1731 301 302 1733 1732 302 318 1734 1733 318 317 1735 1734 317 301 1732 1735 302 303 1737 1736 303 319 1738 1737 319 318 1739 1738 318 302 1736 1739 303 288 1741 1740 288 304 1742 1741 304 319 1743 1742 319 303 1740 1743 304 305 1745 1744 305 321 1746 1745 321 320 1747 1746 320 304 1744 1747 305 306 1749 1748 306 322 1750 1749 322 321 1751 1750 321 305 1748 1751 306 307 1753 1752 307 323 1754 1753 323 322 1755 1754 322 306 1752 1755 307 308 1757 1756 308 324 1758 1757 324 323 1759 1758 323 307 1756 1759 308 309 1761 1760 309 325 1762 1761 325 324 1763 1762 324 308 1760 1763 309 310 1765 1764 310 326 1766 1765 326 325 1767 1766 325 309 1764 1767 310 311 1769 1768 311 327 1770 1769 327 326 1771 1770 326 310 1768 1771 311 312 1773 1772 312 328 1774 1773 328 327 1775 1774 327 311 1772 1775 312 313 1777 1776 313 329 1778 1777 329 328 1779 1778 328 312 1776 1779 313 314 1781 1780 314 330 1782 1781 330 329 1783 1782 329 313 1780 1783 314 315 1785 1784 315 331 1786 1785 331 330 1787 1786 330 314 1784 1787 315 316 1789 1788 316 332 1790 1789 332 331 1791 1790 331 315 1788 1791 316 317 1793 1792 317 333 1794 1793 333 332 1795 1794 332 316 1792 1795 317 318 1797 1796 318 334 1798 1797 334 333 1799 1798 333 317 1796 1799 318 319 1801 1800 319 335 1802 1801 335 334 1803 1802 334 318 1800 1803 319 304 1805 1804 304 320 1806 1805 320 335 1807 1806 335 319 1804 1807 320 321 1809 1808 321 337 1810 1809 337 336 1811 1810 336 320 1808 1811 321 322 1813 1812 322 338 1814 1813 338 337 1815 1814 337 321 1812 1815 322 323 1817 1816 323 339 1818 1817 339 338 1819 1818 338 322 1816 1819 323 324 1821 1820 324 340 1822 1821 340 339 1823 1822 339 323 1820 1823 324 325 1825 1824 325 341 1826 1825 341 340 1827 1826 340 324 1824 1827 325 326 1829 1828 326 342 1830 1829 342 341 1831 1830 341 325 1828 1831 326 327 1833 1832 327 343 1834 1833 343 342 1835 1834 342 326 1832 1835 327 328 1837 1836 328 344 1838 1837 344 343 1839 1838 343 327 1836 1839 328 329 1841 1840 329 345 1842 1841 345 344 1843 1842 344 328 1840 1843 329 330 1845 1844 330 346 1846 1845 346 345 1847 1846 345 329 1844 1847 330 331 1849 1848 331 347 1850 1849 347 346 1851 1850 346 330 1848 1851 331 332 1853 1852 332 348 1854 1853 348 347 1855 1854 347 331 1852 1855 332 333 1857 1856 333 349 1858 1857 349 348 1859 1858 348 332 1856 1859 333 334 1861 1860 334 350 1862 1861 350 349 1863 1862 349 333 1860 1863 334 335 1865 1864 335 351 1866 1865 351 350 1867 1866 350 334 1864 1867 335 320 1869 1868 320 336 1870 1869 336 351 1871 1870 351 335 1868 1871 336 337 1873 1872 337 353 1874 1873 353 352 1875 1874 352 336 1872 1875 337 338 1877 1876 338 354 1878 1877 354 353 1879 1878 353 337 1876 1879 338 339 1881 1880 339 355 1882 1881 355 354 1883 1882 354 338 1880 1883 339 340 1885 1884 340 356 1886 1885 356 355 1887 1886 355 339 1884 1887 340 341 1889 1888 341 357 1890 1889 357 356 1891 1890 356 340 1888 1891 341 342 1893 1892 342 358 1894 1893 358 357 1895 1894 357 341 1892 1895 342 343 1897 1896 343 359 1898 1897 359 358 1899 1898 358 342 1896 1899 343 344 1901 1900 344 360 1902 1901 360 359 1903 1902 359 343 1900 1903 344 345 1905 1904 345 361 1906 1905 361 360 1907 1906 360 344 1904 1907 345 346 1909 1908 346 362 1910 1909 362 361 1911 1910 361 345 1908 1911 346 347 1913 1912 347 363 1914 1913 363 362 1915 1914 362 346 1912 1915 347 348 1917 1916 348 364 1918 1917 364 363 1919 1918 363 347 1916 1919 348 349 1921 1920 349 365 1922 1921 365 364 1923 1922 364 348 1920 1923 349 350 1925 1924 350 366 1926 1925 366 365 1927 1926 365 349 1924 1927 350 351 1929 1928 351 367 1930 1929 367 366 1931 1930 366 350 1928 1931 351 336 1933 1932 336 352 1934 1933 352 367 1935 1934 367 351 1932 1935 352 353 1937 1936 353 369 1938 1937 369 368 1939 1938 368 352 1936 1939 353 354 1941 1940 354 370 1942 1941 370 369 1943 1942 369 353 1940 1943 354 355 1945 1944 355 371 1946 1945 371 370 1947 1946 370 354 1944 1947 355 356 1949 1948 356 372 1950 1949 372 371 1951 1950 371 355 1948 1951 356 357 1953 1952 357 373 1954 1953 373 372 1955 1954 372 356 1952 1955 357 358 1957 1956 358 374 1958 1957 374 373 1959 1958 373 357 1956 1959 358 359 1961 1960 359 375 1962 1961 375 374 1963 1962 374 358 1960 1963 359 360 1965 1964 360 376 1966 1965 376 375 1967 1966 375 359 1964 1967 360 361 1969 1968 361 377 1970 1969 377 376 1971 1970 376 360 1968 1971 361 362 1973 1972 362 378 1974 1973 378 377 1975 1974 377 361 1972 1975 362 363 1977 1976 363 379 1978 1977 379 378 1979 1978 378 362 1976 1979 363 364 1981 1980 364 380 1982 1981 380 379 1983 1982 379 363 1980 1983 364 365 1985 1984 365 381 1986 1985 381 380 1987 1986 380 364 1984 1987 365 366 1989 1988 366 382 1990 1989 382 381 1991 1990 381 365 1988 1991 366 367 1993 1992 367 383 1994 1993 383 382 1995 1994 382 366 1992 1995 367 352 1997 1996 352 368 1998 1997 368 383 1999 1998 383 367 1996 1999 368 369 2001 2000 369 385 2002 2001 385 384 2003 2002 384 368 2000 2003 369 370 2005 2004 370 386 2006 2005 386 385 2007 2006 385 369 2004 2007 370 371 2009 2008 371 387 2010 2009 387 386 2011 2010 386 370 2008 2011 371 372 2013 2012 372 388 2014 2013 388 387 2015 2014 387 371 2012 2015 372 373 2017 2016 373 389 2018 2017 389 388 2019 2018 388 372 2016 2019 373 374 2021 2020 374 390 2022 2021 390 389 2023 2022 389 373 2020 2023 374 375 2025 2024 375 391 2026 2025 391 390 2027 2026 390 374 2024 2027 375 376 2029 2028 376 392 2030 2029 392 391 2031 2030 391 375 2028 2031 376 377 2033 2032 377 393 2034 2033 393 392 2035 2034 392 376 2032 2035 377 378 2037 2036 378 394 2038 2037 394 393 2039 2038 393 377 2036 2039 378 379 2041 2040 379 395 2042 2041 395 394 2043 2042 394 378 2040 2043 379 380 2045 2044 380 396 2046 2045 396 395 2047 2046 395 379 2044 2047 380 381 2049 2048 381 397 2050 2049 397 396 2051 2050 396 380 2048 2051 381 382 2053 2052 382 398 2054 2053 398 397 2055 2054 397 381 2052 2055 382 383 2057 2056 383 399 2058 2057 399 398 2059 2058 398 382 2056 2059 383 368 2061 2060 368 384 2062 2061 384 399 2063 2062 399 383 2060 2063 384 385 2065 2064 385 401 2066 2065 401 400 2067 2066 400 384 2064 2067 385 386 2069 2068 386 402 2070 2069 402 401 2071 2070 401 385 2068 2071 386 387 2073 2072 387 403 2074 2073 403 402 2075 2074 402 386 2072 2075 387 388 2077 2076 388 404 2078 2077 404 403 2079 2078 403 387 2076 2079 388 389 2081 2080 389 405 2082 2081 405 404 2083 2082 404 388 2080 2083 389 390 2085 2084 390 406 2086 2085 406 405 2087 2086 405 389 2084 2087 390 391 2089 2088 391 407 2090 2089 407 406 2091 2090 406 390 2088 2091 391 392 2093 2092 392 408 2094 2093 408 407 2095 2094 407 391 2092 2095 392 393 2097 2096 393 409 2098 2097 409 408 2099 2098 408 392 2096 2099 393 394 2101 2100 394 410 2102 2101 410 409 2103 2102 409 393 2100 2103 394 395 2105 2104 395 411 2106 2105 411 410 2107 2106 410 394 2104 2107 395 396 2109 2108 396 412 2110 2109 412 411 2111 2110 411 395 2108 2111 396 397 2113 2112 397 413 2114 2113 413 412 2115 2114 412 396 2112 2115 397 398 2117 2116 398 414 2118 2117 414 413 2119 2118 413 397 2116 2119 398 399 2121 2120 399 415 2122 2121 415 414 2123 2122 414 398 2120 2123 399 384 2125 2124 384 400 2126 2125 400 415 2127 2126 415 399 2124 2127 400 401 2129 2128 401 417 2130 2129 417 416 2131 2130 416 400 2128 2131 401 402 2133 2132 402 418 2134 2133 418 417 2135 2134 417 401 2132 2135 402 403 2137 2136 403 419 2138 2137 419 418 2139 2138 418 402 2136 2139 403 404 2141 2140 404 420 2142 2141 420 419 2143 2142 419 403 2140 2143 404 405 2145 2144 405 421 2146 2145 421 420 2147 2146 420 404 2144 2147 405 406 2149 2148 406 422 2150 2149 422 421 2151 2150 421 405 2148 2151 406 407 2153 2152 407 423 2154 2153 423 422 2155 2154 422 406 2152 2155 407 408 2157 2156 408 424 2158 2157 424 423 2159 2158 423 407 2156 2159 408 409 2161 2160 409 425 2162 2161 425 424 2163 2162 424 408 2160 2163 409 410 2165 2164 410 426 2166 2165 426 425 2167 2166 425 409 2164 2167 410 411 2169 2168 411 427 2170 2169 427 426 2171 2170 426 410 2168 2171 411 412 2173 2172 412 428 2174 2173 428 427 2175 2174 427 411 2172 2175 412 413 2177 2176 413 429 2178 2177 429 428 2179 2178 428 412 2176 2179 413 414 2181 2180 414 430 2182 2181 430 429 2183 2182 429 413 2180 2183 414 415 2185 2184 415 431 2186 2185 431 430 2187 2186 430 414 2184 2187 415 400 2189 2188 400 416 2190 2189 416 431 2191 2190 431 415 2188 2191 416 417 2193 2192 417 433 2194 2193 433 432 2195 2194 432 416 2192 2195 417 418 2197 2196 418 434 2198 2197 434 433 2199 2198 433 417 2196 2199 418 419 2201 2200 419 435 2202 2201 435 434 2203 2202 434 418 2200 2203 419 420 2205 2204 420 436 2206 2205 436 435 2207 2206 435 419 2204 2207 420 421 2209 2208 421 437 2210 2209 437 436 2211 2210 436 420 2208 2211 421 422 2213 2212 422 438 2214 2213 438 437 2215 2214 437 421 2212 2215 422 423 2217 2216 423 439 2218 2217 439 438 2219 2218 438 422 2216 2219 423 424 2221 2220 424 440 2222 2221 440 439 2223 2222 439 423 2220 2223 424 425 2225 2224 425 441 2226 2225 441 440 2227 2226 440 424 2224 2227 425 426 2229 2228 426 442 2230 2229 442 441 2231 2230 441 425 2228 2231 426 427 2233 2232 427 443 2234 2233 443 442 2235 2234 442 426 2232 2235 427 428 2237 2236 428 444 2238 2237 444 443 2239 2238 443 427 2236 2239 428 429 2241 2240 429 445 2242 2241 445 444 2243 2242 444 428 2240 2243 429 430 2245 2244 430 446 2246 2245 446 445 2247 2246 445 429 2244 2247 430 431 2249 2248 431 447 2250 2249 447 446 2251 2250 446 430 2248 2251 431 416 2253 2252 416 432 2254 2253 432 447 2255 2254 447 431 2252 2255 432 433 2257 2256 433 449 2258 2257 449 448 2259 2258 448 432 2256 2259 433 434 2261 2260 434 450 2262 2261 450 449 2263 2262 449 433 2260 2263 434 435 2265 2264 435 451 2266 2265 451 450 2267 2266 450 434 2264 2267 435 436 2269 2268 436 452 2270 2269 452 451 2271 2270 451 435 2268 2271 436 437 2273 2272 437 453 2274 2273 453 452 2275 2274 452 436 2272 2275 437 438 2277 2276 438 454 2278 2277 454 453 2279 2278 453 437 2276 2279 438 439 2281 2280 439 455 2282 2281 455 454 2283 2282 454 438 2280 2283 439 440 2285 2284 440 456 2286 2285 456 455 2287 2286 455 439 2284 2287 440 441 2289 2288 441 457 2290 2289 457 456 2291 2290 456 440 2288 2291 441 442 2293 2292 442 458 2294 2293 458 457 2295 2294 457 441 2292 2295 442 443 2297 2296 443 459 2298 2297 459 458 2299 2298 458 442 2296 2299 443 444 2301 2300 444 460 2302 2301 460 459 2303 2302 459 443 2300 2303 444 445 2305 2304 445 461 2306 2305 461 460 2307 2306 460 444 2304 2307 445 446 2309 2308 446 462 2310 2309 462 461 2311 2310 461 445 2308 2311 446 447 2313 2312 447 463 2314 2313 463 462 2315 2314 462 446 2312 2315 447 432 2317 2316 432 448 2318 2317 448 463 2319 2318 463 447 2316 2319 448 449 2321 2320 449 465 2322 2321 465 464 2323 2322 464 448 2320 2323 449 450 2325 2324 450 466 2326 2325 466 465 2327 2326 465 449 2324 2327 450 451 2329 2328 451 467 2330 2329 467 466 2331 2330 466 450 2328 2331 451 452 2333 2332 452 468 2334 2333 468 467 2335 2334 467 451 2332 2335 452 453 2337 2336 453 469 2338 2337 469 468 2339 2338 468 452 2336 2339 453 454 2341 2340 454 470 2342 2341 470 469 2343 2342 469 453 2340 2343 454 455 2345 2344 455 471 2346 2345 471 470 2347 2346 470 454 2344 2347 455 456 2349 2348 456 472 2350 2349 472 471 2351 2350 471 455 2348 2351 456 457 2353 2352 457 473 2354 2353 473 472 2355 2354 472 456 2352 2355 457 458 2357 2356 458 474 2358 2357 474 473 2359 2358 473 457 2356 2359 458 459 2361 2360 459 475 2362 2361 475 474 2363 2362 474 458 2360 2363 459 460 2365 2364 460 476 2366 2365 476 475 2367 2366 475 459 2364 2367 460 461 2369 2368 461 477 2370 2369 477 476 2371 2370 476 460 2368 2371 461 462 2373 2372 462 478 2374 2373 478 477 2375 2374 477 461 2372 2375 462 463 2377 2376 463 479 2378 2377 479 478 2379 2378 478 462 2376 2379 463 448 2381 2380 448 464 2382 2381 464 479 2383 2382 479 463 2380 2383 464 465 2385 2384 465 481 2386 2385 481 480 2387 2386 480 464 2384 2387 465 466 2389 2388 466 482 2390 2389 482 481 2391 2390 481 465 2388 2391 466 467 2393 2392 467 483 2394 2393 483 482 2395 2394 482 466 2392 2395 467 468 2397 2396 468 484 2398 2397 484 483 2399 2398 483 467 2396 2399 468 469 2401 2400 469 485 2402 2401 485 484 2403 2402 484 468 2400 2403 469 470 2405 2404 470 486 2406 2405 486 485 2407 2406 485 469 2404 2407 470 471 2409 2408 471 487 2410 2409 487 486 2411 2410 486 470 2408 2411 471 472 2413 2412 472 488 2414 2413 488 487 2415 2414 487 471 2412 2415 472 473 2417 2416 473 489 2418 2417 489 488 2419 2418 488 472 2416 2419 473 474 2421 2420 474 490 2422 2421 490 489 2423 2422 489 473 2420 2423 474 475 2425 2424 475 491 2426 2425 491 490 2427 2426 490 474 2424 2427 475 476 2429 2428 476 492 2430 2429 492 491 2431 2430 491 475 2428 2431 476 477 2433 2432 477 493 2434 2433 493 492 2435 2434 492 476 2432 2435 477 478 2437 2436 478 494 2438 2437 494 493 2439 2438 493 477 2436 2439 478 479 2441 2440 479 495 2442 2441 495 494 2443 2442 494 478 2440 2443 479 464 2445 2444 464 480 2446 2445 480 495 2447 2446 495 479 2444 2447 480 481 2449 2448 481 497 2450 2449 497 496 2451 2450 496 480 2448 2451 481 482 2453 2452 482 498 2454 2453 498 497 2455 2454 497 481 2452 2455 482 483 2457 2456 483 499 2458 2457 499 498 2459 2458 498 482 2456 2459 483 484 2461 2460 484 500 2462 2461 500 499 2463 2462 499 483 2460 2463 484 485 2465 2464 485 501 2466 2465 501 500 2467 2466 500 484 2464 2467 485 486 2469 2468 486 502 2470 2469 502 501 2471 2470 501 485 2468 2471 486 487 2473 2472 487 503 2474 2473 503 502 2475 2474 502 486 2472 2475 487 488 2477 2476 488 504 2478 2477 504 503 2479 2478 503 487 2476 2479 488 489 2481 2480 489 505 2482 2481 505 504 2483 2482 504 488 2480 2483 489 490 2485 2484 490 506 2486 2485 506 505 2487 2486 505 489 2484 2487 490 491 2489 2488 491 507 2490 2489 507 506 2491 2490 506 490 2488 2491 491 492 2493 2492 492 508 2494 2493 508 507 2495 2494 507 491 2492 2495 492 493 2497 2496 493 509 2498 2497 509 508 2499 2498 508 492 2496 2499 493 494 2501 2500 494 510 2502 2501 510 509 2503 2502 509 493 2500 2503 494 495 2505 2504 495 511 2506 2505 511 510 2507 2506 510 494 2504 2507 495 480 2509 2508 480 496 2510 2509 496 511 2511 2510 511 495 2508 2511 496 497 2513 2512 497 513 2514 2513 513 512 2515 2514 512 496 2512 2515 497 498 2517 2516 498 514 2518 2517 514 513 2519 2518 513 497 2516 2519 498 499 2521 2520 499 515 2522 2521 515 514 2523 2522 514 498 2520 2523 499 500 2525 2524 500 516 2526 2525 516 515 2527 2526 515 499 2524 2527 500 501 2529 2528 501 517 2530 2529 517 516 2531 2530 516 500 2528 2531 501 502 2533 2532 502 518 2534 2533 518 517 2535 2534 517 501 2532 2535 502 503 2537 2536 503 519 2538 2537 519 518 2539 2538 518 502 2536 2539 503 504 2541 2540 504 520 2542 2541 520 519 2543 2542 519 503 2540 2543 504 505 2545 2544 505 521 2546 2545 521 520 2547 2546 520 504 2544 2547 505 506 2549 2548 506 522 2550 2549 522 521 2551 2550 521 505 2548 2551 506 507 2553 2552 507 523 2554 2553 523 522 2555 2554 522 506 2552 2555 507 508 2557 2556 508 524 2558 2557 524 523 2559 2558 523 507 2556 2559 508 509 2561 2560 509 525 2562 2561 525 524 2563 2562 524 508 2560 2563 509 510 2565 2564 510 526 2566 2565 526 525 2567 2566 525 509 2564 2567 510 511 2569 2568 511 527 2570 2569 527 526 2571 2570 526 510 2568 2571 511 496 2573 2572 496 512 2574 2573 512 527 2575 2574 527 511 2572 2575 1 0 2577 2576 0 15 2578 2577 15 14 2579 2578 14 13 2580 2579 13 12 2581 2580 12 11 2582 2581 11 10 2583 2582 10 9 2584 2583 9 8 2585 2584 8 7 2586 2585 7 6 2587 2586 6 5 2588 2587 5 4 2589 2588 4 3 2590 2589 3 2 2591 2590 2 1 2576 2591 512 513 2593 2592 513 514 2594 2593 514 515 2595 2594 515 516 2596 2595 516 517 2597 2596 517 518 2598 2597 518 519 2599 2598 519 520 2600 2599 520 521 2601 2600 521 522 2602 2601 522 523 2603 2602 523 524 2604 2603 524 525 2605 2604 525 526 2606 2605 526 527 2607 2606 527 512 2592 2607 
</DataArray>
<DataArray type="Int32" Name="offsets" format="ascii">
4 8 12 16 20 24 28 32 36 40 44 48 52 56 60 64 68 72 76 80 84 88 92 96 100 104 108 112 116 120 124 128 132 136 140 144 148 152 156 160 164 168 172 176 180 184 188 192 196 200 204 208 212 216 220 224 228 232 236 240 244 248 252 256 260 264 268 272 276 280 284 288 292 296 300 304 308 312 316 320 324 328 332 336 340 344 348 352 356 360 364 368 372 376 380 384 388 392 396 400 404 408 412 416 420 424 428 432 436 440 444 448 452 456 460 464 468 472 476 480 484 488 492 496 500 504 508 512 516 520 524 528 532 536 540 544 548 552 556 560 564 568 572 576 580 584 588 592 596 600 604 608 612 616 620 624 628 632 636 640 644 648 652 656 660 664 668 672 676 680 684 688 692 696 700 704 708 712 716 720 724 728 732 736 740 744 748 752 756 760 764 768 772 776 780 784 788 792 796 800 804 808 812 816 820 824 828 832 836 840 844 848 852 856 860 864 868 872 876 880 884 888 892 896 900 904 908 912 916 920 924 928 932 936 940 944 948 952 956 960 964 968 972 976 980 984 988 992 996 1000 1004 1008 1012 1016 1020 1024 1028 1032 1036 1040 1044 1048 1052 1056 1060 1064 1068 1072 1076 1080 1084 1088 1092 1096 1100 1104 1108 1112 1116 1120 1124 1128 1132 1136 1140 1144 1148 1152 1156 1160 1164 1168 1172 1176 1180 1184 1188 1192 1196 1200 1204 1208 1212 1216 1220 1224 1228 1232 1236 1240 1244 1248 1252 1256 1260 1264 1268 1272 1276 1280 1284 1288 1292 1296 1300 1304 1308 1312 1316 1320 1324 1328 1332 1336 1340 1344 1348 1352 1356 1360 1364 1368 1372 1376 1380 1384 1388 1392 1396 1400 1404 1408 1412 1416 1420 1424 1428 1432 1436 1440 1444 1448 1452 1456 1460 1464 1468 1472 1476 1480 1484 1488 1492 1496 1500 1504 1508 1512 1516 1520 1524 1528 1532 1536 1540 1544 1548 1552 1556 1560 1564 1568 1572 1576 1580 1584 1588 1592 1596 1600 1604 1608 1612 1616 1620 1624 1628 1632 1636 1640 1644 1648 1652 1656 1660 1664 1668 1672 1676 1680 1684 1688 1692 1696 1700 1704 1708 1712 1716 1720 1724 1728 1732 1736 1740 1744 1748 1752 1756 1760 1764 1768 1772 1776 1780 1784 1788 1792 1796 1800 1804 1808 1812 1816 1820 1824 1828 1832 1836 1840 1844 1848 1852 1856 1860 1864 1868 1872 1876 1880 1884 1888 1892 1896 1900 1904 1908 1912 1916 1920 1924 1928 1932 1936 1940 1944 1948 1952 1956 1960 1964 1968 1972 1976 1980 1984 1988 1992 1996 2000 2004 2008 2012 2016 2020 2024 2028 2032 2036 2040 2044 2048 2052 2056 2060 2064 2068 2072 2076 2080 2084 2088 2092 2096 2100 2104 2108 2112 2116 2120 2124 2128 2132 2136 2140 2144 2148 2152 2156 2160 2164 2168 2172 2176 2180 2184 2188 2192 2196 2200 2204 2208 2212 2216 2220 2224 2228 2232 2236 2240 2244 2248 2252 2256 2260 2264 2268 2272 2276 2280 2284 2288 2292 2296 2300 2304 2308 2312 2316 2320 2324 2328 2332 2336 2340 2344 2348 2352 2356 2360 2364 2368 2372 2376 2380 2384 2388 2392 2396 2400 2404 2408 2412 2416 2420 2424 2428 2432 2436 2440 2444 2448 2452 2456 2460 2464 2468 2472 2476 2480 2484 2488 2492 2496 2500 2504 2508 2512 2516 2520 2524 2528 2532 2536 2540 2544 2548 2552 2556 2560 2564 2568 2572 2576 2580 2584 2588 2592 2596 2600 2604 2608 2612 2616 2620 2624 2628 2632 2636 2640 2644 2648 2652 2656 2660 2664 2668 2672 2676 2680 2684 2688 2692 2696 2700 2704 2708 2712 2716 2720 2724 2728 2732 2736 2740 2744 2748 2752 2756 2760 2764 2768 2772 2776 2780 2784 2788 2792 2796 2800 2804 2808 2812 2816 2820 2824 2828 2832 2836 2840 2844 2848 2852 2856 2860 2864 2868 2872 2876 2880 2884 2888 2892 2896 2900 2904 2908 2912 2916 2920 2924 2928 2932 2936 2940 2944 2948 2952 2956 2960 2964 2968 2972 2976 2980 2984 2988 2992 2996 3000 3004 3008 3012 3016 3020 3024 3028 3032 3036 3040 3044 3048 3052 3056 3060 3064 3068 3072 3076 3080 3084 3088 3092 3096 3100 3104 3108 3112 3116 3120 3124 3128 3132 3136 3140 3144 3148 3152 3156 3160 3164 3168 3172 3176 3180 3184 3188 3192 3196 3200 3204 3208 3212 3216 3220 3224 3228 3232 3236 3240 3244 3248 3252 3256 3260 3264 3268 3272 3276 3280 3284 3288 3292 3296 3300 3304 3308 3312 3316 3320 3324 3328 3332 3336 3340 3344 3348 3352 3356 3360 3364 3368 3372 3376 3380 3384 3388 3392 3396 3400 3404 3408 3412 3416 3420 3424 3428 3432 3436 3440 3444 3448 3452 3456 3460 3464 3468 3472 3476 3480 3484 3488 3492 3496 3500 3504 3508 3512 3516 3520 3524 3528 3532 3536 3540 3544 3548 3552 3556 3560 3564 3568 3572 3576 3580 3584 3588 3592 3596 3600 3604 3608 3612 3616 3620 3624 3628 3632 3636 3640 3644 3648 3652 3656 3660 3664 3668 3672 3676 3680 3684 3688 3692 3696 3700 3704 3708 3712 3716 3720 3724 3728 3732 3736 3740 3744 3748 3752 3756 3760 3764 3768 3772 3776 3780 3784 3788 3792 3796 3800 3804 3808 3812 3816 3820 3824 3828 3832 3836 3840 3844 3848 3852 3856 3860 3864 3868 3872 3876 3880 3884 3888 3892 3896 3900 3904 3908 3912 3916 3920 3924 3928 3932 3936 3940 3944 3948 3952 3956 3960 3964 3968 3972 3976 3980 3984 3988 3992 3996 4000 4004 4008 4012 4016 4020 4024 4028 4032 4036 4040 4044 4048 4052 4056 4060 4064 4068 4072 4076 4080 4084 4088 4092 4096 4100 4104 4108 4112 4116 4120 4124 4128 4132 4136 4140 4144 4148 4152 4156 4160 4164 4168 4172 4176 4180 4184 4188 4192 4196 4200 4204 4208 4212 4216 4220 4224 4228 4232 4236 4240 4244 4248 4252 4256 4260 4264 4268 4272 4276 4280 4284 4288 4292 4296 4300 4304 4308 4312 4316 4320 4324 4328 4332 4336 4340 4344 4348 4352 4356 4360 4364 4368 4372 4376 4380 4384 4388 4392 4396 4400 4404 4408 4412 4416 4420 4424 4428 4432 4436 4440 4444 4448 4452 4456 4460 4464 4468 4472 4476 4480 4484 4488 4492 4496 4500 4504 4508 4512 4516 4520 4524 4528 4532 4536 4540 4544 4548 4552 4556 4560 4564 4568 4572 4576 4580 4584 4588 4592 4596 4600 4604 4608 4612 4616 4620 4624 4628 4632 4636 4640 4644 4648 4652 4656 4660 4664 4668 4672 4676 4680 4684 4688 4692 4696 4700 4704 4708 4712 4716 4720 4724 4728 4732 4736 4740 4744 4748 4752 4756 4760 4764 4768 4772 4776 4780 4784 4788 4792 4796 4800 4804 4808 4812 4816 4820 4824 4828 4832 4836 4840 4844 4848 4852 4856 4860 4864 4868 4872 4876 4880 4884 4888 4892 4896 4900 4904 4908 4912 4916 4920 4924 4928 4932 4936 4940 4944 4948 4952 4956 4960 4964 4968 4972 4976 4980 4984 4988 4992 4996 5000 5004 5008 5012 5016 5020 5024 5028 5032 5036 5040 5044 5048 5052 5056 5060 5064 5068 5072 5076 5080 5084 5088 5092 5096 5100 5104 5108 5112 5116 5120 5124 5128 5132 5136 5140 5144 5148 5152 5156 5160 5164 5168 5172 5176 5180 5184 5188 5192 5196 5200 5204 5208 5212 5216 5220 5224 5228 5232 5236 5240 5244 5248 5252 5256 5260 5264 5268 5272 5276 5280 5284 5288 5292 5296 5300 5304 5308 5312 5316 5320 5324 5328 5332 5336 5340 5344 5348 5352 5356 5360 5364 5368 5372 5376 5380 5384 5388 5392 5396 5400 5404 5408 5412 5416 5420 5424 5428 5432 5436 5440 5444 5448 5452 5456 5460 5464 5468 5472 5476 5480 5484 5488 5492 5496 5500 5504 5508 5512 5516 5520 5524 5528 5532 5536 5540 5544 5548 5552 5556 5560 5564 5568 5572 5576 5580 5584 5588 5592 5596 5600 5604 5608 5612 5616 5620 5624 5628 5632 5636 5640 5644 5648 5652 5656 5660 5664 5668 5672 5676 5680 5684 5688 5692 5696 5700 5704 5708 5712 5716 5720 5724 5728 5732 5736 5740 5744 5748 5752 5756 5760 5764 5768 5772 5776 5780 5784 5788 5792 5796 5800 5804 5808 5812 5816 5820 5824 5828 5832 5836 5840 5844 5848 5852 5856 5860 5864 5868 5872 5876 5880 5884 5888 5892 5896 5900 5904 5908 5912 5916 5920 5924 5928 5932 5936 5940 5944 5948 5952 5956 5960 5964 5968 5972 5976 5980 5984 5988 5992 5996 6000 6004 6008 6012 6016 6020 6024 6028 6032 6036 6040 6044 6048 6052 6056 6060 6064 6068 6072 6076 6080 6084 6088 6092 6096 6100 6104 6108 6112 6116 6120 6124 6128 6132 6136 6140 6144 6148 6152 6156 6160 6164 6168 6172 6176 6180 6184 6188 6192 6196 6200 6204 6208 6212 6216 6220 6224 6228 6232 6236 6240 6244 6248 6252 6256 6260 6264 6268 6272 6276 6280 6284 6288 6292 6296 6300 6304 6308 6312 6316 6320 6324 6328 6332 6336 6340 6344 6348 6352 6356 6360 6364 6368 6372 6376 6380 6384 6388 6392 6396 6400 6404 6408 6412 6416 6420 6424 6428 6432 6436 6440 6444 6448 6452 6456 6460 6464 6468 6472 6476 6480 6484 6488 6492 6496 6500 6504 6508 6512 6516 6520 6524 6528 6532 6536 6540 6544 6548 6552 6556 6560 6564 6568 6572 6576 6580 6584 6588 6592 6596 6600 6604 6608 6612 6616 6620 6624 6628 6632 6636 6640 6644 6648 6652 6656 6660 6664 6668 6672 6676 6680 6684 6688 6692 6696 6700 6704 6708 6712 6716 6720 6724 6728 6732 6736 6740 6744 6748 6752 6756 6760 6764 6768 6772 6776 6780 6784 6788 6792 6796 6800 6804 6808 6812 6816 6820 6824 6828 6832 6836 6840 6844 6848 6852 6856 6860 6864 6868 6872 6876 6880 6884 6888 6892 6896 6900 6904 6908 6912 6916 6920 6924 6928 6932 6936 6940 6944 6948 6952 6956 6960 6964 6968 6972 6976 6980 6984 6988 6992 6996 7000 7004 7008 7012 7016 7020 7024 7028 7032 7036 7040 7044 7048 7052 7056 7060 7064 7068 7072 7076 7080 7084 7088 7092 7096 7100 7104 7108 7112 7116 7120 7124 7128 7132 7136 7140 7144 7148 7152 7156 7160 7164 7168 7172 7176 7180 7184 7188 7192 7196 7200 7204 7208 7212 7216 7220 7224 7228 7232 7236 7240 7244 7248 7252 7256 7260 7264 7268 7272 7276 7280 7284 7288 7292 7296 7300 7304 7308 7312 7316 7320 7324 7328 7332 7336 7340 7344 7348 7352 7356 7360 7364 7368 7372 7376 7380 7384 7388 7392 7396 7400 7404 7408 7412 7416 7420 7424 7428 7432 7436 7440 7444 7448 7452 7456 7460 7464 7468 7472 7476 7480 7484 7488 7492 7496 7500 7504 7508 7512 7516 7520 7524 7528 7532 7536 7540 7544 7548 7552 7556 7560 7564 7568 7572 7576 7580 7584 7588 7592 7596 7600 7604 7608 7612 7616 7620 7624 7628 7632 7636 7640 7644 7648 7652 7656 7660 7664 7668 7672 7676 7680 7684 7688 7692 7696 7700 7704 7708 7712 7716 7720 7724 7728 7732 7736 7740 7744 7748 7752 7756 7760 7764 7768 7772 7776 7780 7784 7788 7792 7796 7800 7804 7808 7812 7816 7820 7824 7828 7832 7836 7840 7844 7848 7852 7856 7860 7864 7868 7872 7876 7880 7884 7888 7892 7896 7900 7904 7908 7912 7916 7920 7924 7928 7932 7936 7940 7944 7948 7952 7956 7960 7964 7968 7972 7976 7980 7984 7988 7992 7996 8000 8004 8008 8012 8016 8020 8024 8028 8032 8036 8040 8044 8048 8052 8056 8060 8064 8068 8072 8076 8080 8084 8088 8092 8096 8100 8104 8108 8112 8116 8120 8124 8128 8132 8136 8140 8144 8148 8152 8156 8160 8164 8168 8172 8176 8180 8184 8188 8192 8196 8200 8204 8208 8212 8216 8220 8224 8228 8232 8236 8240 8244 8248 8252 8256 8260 8264 8268 8272 8276 8280 8284 8288 8292 8296 8300 8304 8308 8312 8316 8320 
</DataArray>
<DataArray type="UInt8" Name="types" format="ascii">
7 7 7 7 7 7 7 7 7 7 7 7 7 7 7 7 7 7 7 7 7 7 7 7 7 7 7 7 7 7 7 7 7 7 7 7 7 7 7 7 7 7 7 7 7 7 7 7 7 7 7 7 7 7 7 7 7 7 7 7 7 7 7 7 7 7 7 7 7 7 7 7 7 7 7 7 7 7 7 7 7 7 7 7 7 7 7 7 7 7 7 7 7 7 7 7 7 7 7 7 7 7 7 7 7 7 7 7 7 7 7 7 7 7 7 7 7 7 7 7 7 7 7 7 7 7 7 7 7 7 7 7 7 7 7 7 7 7 7 7 7 7 7 7 7 7 7 7 7 7 7 7 7 7 7 7 7 7 7 7 7 7 7 7 7 7 7 7 7 7 7 7 7 7 7 7 7 7 7 7 7 7 7 7 7 7 7 7 7 7 7 7 7 7 7 7 7 7 7 7 7 7 7 7 7 7 7 7 7 7 7 7 7 7 7 7 7 7 7 7 7 7 7 7 7 7 7 7 7 7 7 7 7 7 7 7 7 7 7 7 7 7 7 7 7 7 7 7 7 7 7 7 7 7 7 7 7 7 7 7 7 7 7 7 7 7 7 7 7 7 7 7 7 7 7 7 7 7 7 7 7 7 7 7 7 7 7 7 7 7 7 7 7 7 7 7 7 7 7 7 7 7 7 7 7 7 7 7 7 7 7 7 7 7 7 7 7 7 7 7 7 7 7 7 7 7 7 7 7 7 7 7 7 7 7 7 7 7 7 7 7 7 7 7 7 7 7 7 7 7 7 7 7 7 7 7 7 7 7 7 7 7 7 7 7 7 7 7 7 7 7 7 7 7 7 7 7 7 7 7 7 7 7 7 7 7 7 7 7 7 7 7 7 7 7 7 7 7 7 7 7 7 7 7 7 7 7 7 7 7 7 7 7 7 7 7 7 7 7 7 7 7 7 7 7 7 7 7 7 7 7 7 7 7 7 7 7 7 7 7 7 7 7 7 7 7 7 7 7 7 7 7 7 7 7 7 7 7 7 7 7 7 7 7 7 7 7 7 7 7 7 7 7 7 7 7 7 7 7 7 7 7 7 7 7 7 7 7 7 7 7 7 7 7 7 7 7 7 7 7 7 7 7 7 7 7 7 7 7 7 7 7 7 7 7 7 7 7 7 7 7 7 7 7 7 7 7 7 7 7 7 7 7 7 7 7 7 7 7 7 7 7 7 7 7 7 7 7 7 7 7 7 7 7 7 7 7 7 7 7 7 7 7 7 7 7 7 7 7 7 7 7 7 7 7 7 7 7 7 7 7 7 7 7 7 7 7 7 7 7 7 7 7 7 7 7 7 7 7 7 7 7 7 7 7 7 7 7 7 7 7 7 7 7 7 7 7 7 7 7 7 7 7 7 7 7 7 7 7 7 7 7 7 7 7 7 7 7 7 7 7 7 7 7 7 7 7 7 7 7 7 7 7 7 7 7 7 7 7 7 7 7 7 7 7 7 7 7 7 7 7 7 7 7 7 7 7 7 7 7 7 7 7 7 7 7 7 7 7 7 7 7 7 7 7 7 7 7 7 7 7 7 7 7 7 7 7 7 7 7 7 7 7 7 7 7 7 7 7 7 7 7 7 7 7 7 7 7 7 7 7 7 7 7 7 7 7 7 7 7 7 7 7 7 7 7 7 7 7 7 7 7 7 7 7 7 7 7 7 7 7 7 7 7 7 7 7 7 7 7 7 7 7 7 7 7 7 7 7 7 7 7 7 7 7 7 7 7 7 7 7 7 7 7 7 7 7 7 7 7 7 7 7 7 7 7 7 7 7 7 7 7 7 7 7 7 7 7 7 7 7 7 7 7 7 7 7 7 7 7 7 7 7 7 7 7 7 7 7 7 7 7 7 7 7 7 7 7 7 7 7 7 7 7 7 7 7 7 7 7 7 7 7 7 7 7 7 7 7 7 7 7 7 7 7 7 7 7 7 7 7 7 7 7 7 7 7 7 7 7 7 7 7 7 7 7 7 7 7 7 7 7 7 7 7 7 7 7 7 7 7 7 7 7 7 7 7 7 7 7 7 7 7 7 7 7 7 7 7 7 7 7 7 7 7 7 7 7 7 7 7 7 7 7 7 7 7 7 7 7 7 7 7 7 7 7 7 7 7 7 7 7 7 7 7 7 7 7 7 7 7 7 7 7 7 7 7 7 7 7 7 7 7 7 7 7 7 7 7 7 7 7 7 7 7 7 7 7 7 7 7 7 7 7 7 7 7 7 7 7 7 7 7 7 7 7 7 7 7 7 7 7 7 7 7 7 7 7 7 7 7 7 7 7 7 7 7 7 7 7 7 7 7 7 7 7 7 7 7 7 7 7 7 7 7 7 7 7 7 7 7 7 7 7 7 7 7 7 7 7 7 7 7 7 7 7 7 7 7 7 7 7 7 7 7 7 7 7 7 7 7 7 7 7 7 7 7 7 7 7 7 7 7 7 7 7 7 7 7 7 7 7 7 7 7 7 7 7 7 7 7 7 7 7 7 7 7 7 7 7 7 7 7 7 7 7 7 7 7 7 7 7 7 7 7 7 7 7 7 7 7 7 7 7 7 7 7 7 7 7 7 7 7 7 7 7 7 7 7 7 7 7 7 7 7 7 7 7 7 7 7 7 7 7 7 7 7 7 7 7 7 7 7 7 7 7 7 7 7 7 7 7 7 7 7 7 7 7 7 7 7 7 7 7 7 7 7 7 7 7 7 7 7 7 7 7 7 7 7 7 7 7 7 7 7 7 7 7 7 7 7 7 7 7 7 7 7 7 7 7 7 7 7 7 7 7 7 7 7 7 7 7 7 7 7 7 7 7 7 7 7 7 7 7 7 7 7 7 7 7 7 7 7 7 7 7 7 7 7 7 7 7 7 7 7 7 7 7 7 7 7 7 7 7 7 7 7 7 7 7 7 7 7 7 7 7 7 7 7 7 7 7 7 7 7 7 7 7 7 7 7 7 7 7 7 7 7 7 7 7 7 7 7 7 7 7 7 7 7 7 7 7 7 7 7 7 7 7 7 7 7 7 7 7 7 7 7 7 7 7 7 7 7 7 7 7 7 7 7 7 7 7 7 7 7 7 7 7 7 7 7 7 7 7 7 7 7 7 7 7 7 7 7 7 7 7 7 7 7 7 7 7 7 7 7 7 7 7 7 7 7 7 7 7 7 7 7 7 7 7 7 7 7 7 7 7 7 7 7 7 7 7 7 7 7 7 7 7 7 7 7 7 7 7 7 7 7 7 7 7 7 7 7 7 7 7 7 7 7 7 7 7 7 7 7 7 7 7 7 7 7 7 7 7 7 7 7 7 7 7 7 7 7 7 7 7 7 7 7 7 7 7 7 7 7 7 7 7 7 7 7 7 7 7 7 7 7 7 7 7 7 7 7 7 7 7 7 7 7 7 7 7 7 7 7 7 7 7 7 7 7 7 7 7 7 7 7 7 7 7 7 7 7 7 7 7 7 7 7 7 7 7 7 7 7 7 7 7 7 7 7 7 7 7 7 7 7 7 7 7 7 7 7 7 7 7 7 7 7 7 7 7 7 7 7 7 7 7 7 7 7 7 7 7 7 7 7 7 7 7 7 7 7 7 7 7 7 7 7 7 7 7 7 7 7 7 7 7 7 7 7 7 7 7 7 7 7 7 7 7 7 7 7 7 7 7 7 7 7 7 7 7 7 7 7 7 7 7 7 7 7 7 7 7 7 7 7 7 7 7 7 7 7 7 7 7 7 7 7 7 7 7 7 7 7 7 7 7 7 7 7 7 7 7 7 7 7 7 7 7 7 7 7 7 7 7 7 7 7 7 7 7 7 7 7 7 7 7 7 7 7 7 7 7 7 7 7 7 7 7 7 7 7 7 7 7 7 7 7 7 7 7 7 7 7 7 7 7 7 7 7 7 7 7 7 7 7 7 7 7 7 7 7 7 7 7 7 7 7 7 7 7 7 7 7 7 7 7 7 7 7 7 7 7 7 7 7 7 7 7 7 7 7 7 7 7 7 7 7 7 7 7 7 7 7 7 7 7 7 7 7 7 7 7 7 7 7 7 7 7 7 7 7 7 7 7 7 7 7 7 7 7 7 7 7 7 7 7 7 7 7 7 7 7 7 7 7 7 7 7 7 7 7 7 7 7 7 7 7 7 7 7 7 7 7 7 7 7 7 7 7 7 7 7 7 7 7 7 7 7 7 7 7 7 7 7 7 7 7 7 7 7 7 7 7 7 7 7 7 7 7 7 7 7 7 7 7 7 7 7 7 7 7 7 7 7 7 7 7 7 7 7 7 7 7 7 7 7 7 7 7 7 7 7 7 7 7 7 7 7 7 7 7 7 7 7 7 7 7 7 7 7 7 7 7 7 7 7 7 7 7 7 7 7 7 7 7 7 7 7 7 7 7 7 7 7 7 7 7 7 7 7 7 7 7 7 7 7 7 7 7 7 7 7 7 7 7 7 7 7 7 7 7 7 7 7 7 7 7 7 7 7 7 7 7 7 7 7 7 7 7 7 7 7 7 7 7 7 7 7 7 7 7 7 7 7 7 7 7 7 7 7 7 7 7 7 7 7 7 7 7 7 7 7 7 7 7 7 7 7 7 7 7 7 7 7 7 7 7 7 7 7 7 7 7 7 7 7 7 7 
</DataArray>
</Cells>
<CellData Scalars="wall variable 0">
<DataArray type="Float64" Name="wall length" format="ascii">
29.5757 30.3497 29.5757 30.3171 29.5757 30.3727 29.5757 30.3497 29.5757 30.4161 29.5757 30.3727 29.5757 30.4522 29.5757 30.4161 29.5757 30.4122 29.5757 30.4522 29.5757 30.3403 29.5757 30.4122 29.5757 30.3165 29.5757 30.3403 29.5757 30.3132 29.5757 30.3165 29.5757 30.324 29.5757 30.3132 29.5757 30.3496 29.5757 30.324 29.5757 30.4112 29.5757 30.3496 29.5757 30.4525 29.5757 30.4112 29.5757 30.4191 29.5757 30.4525 29.5757 30.3455 29.5757 30.4191 29.5757 30.3028 29.5757 30.3455 29.5757 30.3171 29.5757 30.3028 29.5757 33.6741 29.5757 33.6674 33.7216 29.5757 33.6741 29.5757 33.8136 29.5757 33.7216 29.5757 33.9084 29.5757 33.8136 29.5757 33.8624 29.5757 33.9084 29.5757 33.7287 29.5757 33.8624 29.5757 33.6575 29.5757 33.7287 29.5757 33.6368 29.5757 33.6575 29.5757 33.6453 29.5757 33.6368 29.5757 33.7182 29.5757 33.6453 29.5757 33.8612 29.5757 33.7182 29.5757 33.9077 29.5757 33.8612 29.5757 33.8122 29.5757 33.9077 29.5757 33.7277 29.5757 33.8122 29.5757 33.6837 29.5757 33.7277 29.5757 29.5757 33.6674 29.5757 33.6837 29.5757 33.843 29.5757 33.8412 29.5757 33.888 29.5757 33.843 29.5757 34.0179 29.5757 33.888 29.5757 34.2058 29.5757 34.0179 29.5757 34.1089 29.5757 34.2058 29.5757 33.8879 29.5757 34.1089 29.5757 33.8067 29.5757 33.8879 29.5757 33.7954 29.5757 33.8067 29.5757 33.7968 29.5757 33.7954 29.5757 33.8786 29.5757 33.7968 29.5757 34.1063 29.5757 33.8786 29.5757 34.2052 29.5757 34.1063 29.5757 34.0189 29.5757 34.2052 29.5757 33.8957 29.5757 34.0189 29.5757 33.8512 29.5757 33.8957 29.5757 33.8412 29.5757 33.8512 29.5757 33.4567 29.5757 33.2936 29.5757 33.893 29.5757 33.4567 29.5757 34.448 29.5757 33.893 29.5757 34.9815 29.5757 34.448 29.5757 35.4331 29.5757 34.9815 29.5757 35.5983 29.5757 35.4331 29.5757 35.6277 29.5757 35.5983 29.5757 35.6316 29.5757 35.6277 29.5757 35.6277 29.5757 35.6316 29.5757 35.598 29.5757 35.6277 29.5757 35.4327 29.5757 35.598 29.5757 34.9813 29.5757 35.4327 29.5757 34.449 29.5757 34.9813 29.5757 33.898 29.5757 34.449 29.5757 33.4647 29.5757 33.898 29.5757 33.2936 29.5757 33.4647 29.5757 33.3108 29.5757 33.128 29.5757 33.8009 29.5757 33.3108 29.5757 34.4351 29.5757 33.8009 29.5757 35.0316 29.5757 34.4351 29.5757 35.4439 29.5757 35.0316 29.5757 35.598 29.5757 35.4439 29.5757 35.6276 29.5757 35.598 29.5757 35.6316 29.5757 35.6276 29.5757 35.6276 29.5757 35.6316 29.5757 35.5977 29.5757 35.6276 29.5757 35.4435 29.5757 35.5977 29.5757 35.0314 29.5757 35.4435 29.5757 34.4361 29.5757 35.0314 29.5757 33.8045 29.5757 34.4361 29.5757 33.3153 29.5757 33.8045 29.5757 33.128 29.5757 33.3153 29.5757 33.2018 29.5757 33.0065 29.5757 33.7293 29.5757 33.2018 29.5757 34.4196 29.5757 33.7293 29.5757 35.0527 29.5757 34.4196 29.5757 35.4507 29.5757 35.0527 29.5757 35.5977 29.5757 35.4507 29.5757 35.6275 29.5757 35.5977 29.5757 35.6315 29.5757 35.6275 29.5757 35.6274 29.5757 35.6315 29.5757 35.5975 29.5757 35.6274 29.5757 35.4503 29.5757 35.5975 29.5757 35.0525 29.5757 35.4503 29.5757 34.4203 29.5757 35.0525 29.5757 33.7317 29.5757 34.4203 29.5757 33.2043 29.5757 33.7317 29.5757 33.0065 29.5757 33.2043 29.5757 33.1198 29.5757 32.9141 29.5757 33.6762 29.5757 33.1198 29.5757 34.4053 29.5757 33.6762 29.5757 35.0614 29.5757 34.4053 29.5757 35.455 29.5757 35.0614 29.5757 35.5976 29.5757 35.455 29.5757 35.6274 29.5757 35.5976 29.5757 35.6315 29.5757 35.6274 29.5757 35.6273 29.5757 35.6315 29.5757 35.5974 29.5757 35.6273 29.5757 35.4546 29.5757 35.5974 29.5757 35.0611 29.5757 35.4546 29.5757 34.4057 29.5757 35.0611 29.5757 33.6778 29.5757 34.4057 29.5757 33.1211 29.5757 33.6778 29.5757 32.9141 29.5757 33.1211 29.5757 33.0585 29.5757 32.8448 29.5757 33.6364 29.5757 33.0585 29.5757 34.3922 29.5757 33.6364 29.5757 35.0638 29.5757 34.3922 29.5757 35.4575 29.5757 35.0638 29.5757 35.5976 29.5757 35.4575 29.5757 35.6273 29.5757 35.5976 29.5757 35.6314 29.5757 35.6273 29.5757 35.6272 29.5757 35.6314 29.5757 35.5974 29.5757 35.6272 29.5757 35.4572 29.5757 35.5974 29.5757 35.0633 29.5757 35.4572 29.5757 34.392 29.5757 35.0633 29.5757 33.637 29.5757 34.392 29.5757 33.059 29.5757 33.637 29.5757 32.8448 29.5757 33.059 29.5757 33.0129 29.5757 32.7932 29.5757 33.6058 29.5757 33.0129 29.5757 34.3804 29.5757 33.6058 29.5757 35.0634 29.5757 34.3804 29.5757 35.4588 29.5757 35.0634 29.5757 35.5976 29.5757 35.4588 29.5757 35.6272 29.5757 35.5976 29.5757 35.6314 29.5757 35.6272 29.5757 35.6272 29.5757 35.6314 29.5757 35.5975 29.5757 35.6272 29.5757 35.4585 29.5757 35.5975 29.5757 35.0629 29.5757 35.4585 29.5757 34.3797 29.5757 35.0629 29.5757 33.6056 29.5757 34.3797 29.5757 33.0127 29.5757 33.6056 29.5757 32.7932 29.5757 33.0127 29.5757 32.9793 29.5757 32.755 29.5757 33.5823 29.5757 32.9793 29.5757 34.3694 29.5757 33.5823 29.5757 35.0619 29.5757 34.3694 29.5757 35.4587 29.5757 35.0619 29.5757 35.5975 29.5757 35.4587 29.5757 35.6272 29.5757 35.5975 29.5757 35.6314 29.5757 35.6272 29.5757 35.6272 29.5757 35.6314 29.5757 35.5975 29.5757 35.6272 29.5757 35.4583 29.5757 35.5975 29.5757 35.0609 29.5757 35.4583 29.5757 34.3684 29.5757 35.0609 29.5757 33.5815 29.5757 34.3684 29.5757 32.9785 29.5757 33.5815 29.5757 32.755 29.5757 32.9785 29.5757 32.9555 29.5757 32.7278 29.5757 33.568 29.5757 32.9555 29.5757 34.3649 29.5757 33.568 29.5757 35.062 29.5757 34.3649 29.5757 35.4595 29.5757 35.062 29.5757 35.5976 29.5757 35.4595 29.5757 35.6272 29.5757 35.5976 29.5757 35.6314 29.5757 35.6272 29.5757 35.6272 29.5757 35.6314 29.5757 35.5976 29.5757 35.6272 29.5757 35.4591 29.5757 35.5976 29.5757 35.0609 29.5757 35.4591 29.5757 34.3635 29.5757 35.0609 29.5757 33.5668 29.5757 34.3635 29.5757 32.9543 29.5757 33.5668 29.5757 32.7278 29.5757 32.9543 29.5757 32.9389 29.5757 32.7086 29.5757 33.5578 29.5757 32.9389 29.5757 34.3613 29.5757 33.5578 29.5757 35.0621 29.5757 34.3613 29.5757 35.4601 29.5757 35.0621 29.5757 35.5978 29.5757 35.4601 29.5757 35.6272 29.5757 35.5978 29.5757 35.6314 29.5757 35.6272 29.5757 35.6272 29.5757 35.6314 29.5757 35.5977 29.5757 35.6272 29.5757 35.4597 29.5757 35.5977 29.5757 35.0609 29.5757 35.4597 29.5757 34.3596 29.5757 35.0609 29.5757 33.5561 29.5757 34.3596 29.5757 32.9373 29.5757 33.5561 29.5757 32.7086 29.5757 32.9373 29.5757 32.9277 29.5757 32.6955 29.5757 33.551 29.5757 32.9277 29.5757 34.3592 29.5757 33.551 29.5757 35.0626 29.5757 34.3592 29.5757 35.4607 29.5757 35.0626 29.5757 35.5979 29.5757 35.4607 29.5757 35.6273 29.5757 35.5979 29.5757 35.6314 29.5757 35.6273 29.5757 35.6272 29.5757 35.6314 29.5757 35.5978 29.5757 35.6272 29.5757 35.4603 29.5757 35.5978 29.5757 35.0613 29.5757 35.4603 29.5757 34.3573 29.5757 35.0613 29.5757 33.549 29.5757 34.3573 29.5757 32.9257 29.5757 33.549 29.5757 32.6955 29.5757 32.9257 29.5757 32.9205 29.5757 32.6869 29.5757 33.547 29.5757 32.9205 29.5757 34.3587 29.5757 33.547 29.5757 35.0635 29.5757 34.3587 29.5757 35.4612 29.5757 35.0635 29.5757 35.598 29.5757 35.4612 29.5757 35.6273 29.5757 35.598 29.5757 35.6314 29.5757 35.6273 29.5757 35.6273 29.5757 35.6314 29.5757 35.5979 29.5757 35.6273 29.5757 35.4609 29.5757 35.5979 29.5757 35.0624 29.5757 35.4609 29.5757 34.3566 29.5757 35.0624 29.5757 33.5447 29.5757 34.3566 29.5757 32.9182 29.5757 33.5447 29.5757 32.6869 29.5757 32.9182 29.5757 32.9166 29.5757 32.6821 29.5757 33.5454 29.5757 32.9166 29.5757 34.3594 29.5757 33.5454 29.5757 35.065 29.5757 34.3594 29.5757 35.462 29.5757 35.065 29.5757 35.5981 29.5757 35.462 29.5757 35.6273 29.5757 35.5981 29.5757 35.6314 29.5757 35.6273 29.5757 35.6273 29.5757 35.6314 29.5757 35.598 29.5757 35.6273 29.5757 35.4615 29.5757 35.598 29.5757 35.0635 29.5757 35.4615 29.5757 34.3572 29.5757 35.0635 29.5757 33.5429 29.5757 34.3572 29.5757 32.9142 29.5757 33.5429 29.5757 32.6821 29.5757 32.9142 29.5757 32.9162 29.5757 32.6812 29.5757 33.546 29.5757 32.9162 29.5757 34.3615 29.5757 33.546 29.5757 35.0686 29.5757 34.3615 29.5757 35.4655 29.5757 35.0686 29.5757 35.5994 29.5757 35.4655 29.5757 35.6276 29.5757 35.5994 29.5757 35.6316 29.5757 35.6276 29.5757 35.6276 29.5757 35.6316 29.5757 35.5994 29.5757 35.6276 29.5757 35.4651 29.5757 35.5994 29.5757 35.0674 29.5757 35.4651 29.5757 34.3592 29.5757 35.0674 29.5757 33.5434 29.5757 34.3592 29.5757 32.9136 29.5757 33.5434 29.5757 32.6812 29.5757 32.9136 29.5757 32.9194 29.5757 32.684 29.5757 33.55 29.5757 32.9194 29.5757 34.3655 29.5757 33.55 29.5757 35.0716 29.5757 34.3655 29.5757 35.4667 29.5757 35.0716 29.5757 35.5998 29.5757 35.4667 29.5757 35.6278 29.5757 35.5998 29.5757 35.6317 29.5757 35.6278 29.5757 35.6278 29.5757 35.6317 29.5757 35.5998 29.5757 35.6278 29.5757 35.4663 29.5757 35.5998 29.5757 35.0702 29.5757 35.4663 29.5757 34.3631 29.5757 35.0702 29.5757 33.5472 29.5757 34.3631 29.5757 32.9167 29.5757 33.5472 29.5757 32.684 29.5757 32.9167 29.5757 32.9262 29.5757 32.6904 29.5757 33.5568 29.5757 32.9262 29.5757 34.3712 29.5757 33.5568 29.5757 35.075 29.5757 34.3712 29.5757 35.4678 29.5757 35.075 29.5757 35.6001 29.5757 35.4678 29.5757 35.6279 29.5757 35.6001 29.5757 35.6317 29.5757 35.6279 29.5757 35.6278 29.5757 35.6317 29.5757 35.6001 29.5757 35.6278 29.5757 35.4673 29.5757 35.6001 29.5757 35.0736 29.5757 35.4673 29.5757 34.3686 29.5757 35.0736 29.5757 33.5537 29.5757 34.3686 29.5757 32.9232 29.5757 33.5537 29.5757 32.6904 29.5757 32.9232 29.5757 32.9366 29.5757 32.7011 29.5757 33.5658 29.5757 32.9366 29.5757 34.3778 29.5757 33.5658 29.5757 35.0784 29.5757 34.3778 29.5757 35.4688 29.5757 35.0784 29.5757 35.6003 29.5757 35.4688 29.5757 35.6279 29.5757 35.6003 29.5757 35.6317 29.5757 35.6279 29.5757 35.6279 29.5757 35.6317 29.5757 35.6003 29.5757 35.6279 29.5757 35.4683 29.5757 35.6003 29.5757 35.0768 29.5757 35.4683 29.5757 34.3751 29.5757 35.0768 29.5757 33.5626 29.5757 34.3751 29.5757 32.9333 29.5757 33.5626 29.5757 32.7011 29.5757 32.9333 29.5757 32.9506 29.5757 32.7158 29.5757 33.5773 29.5757 32.9506 29.5757 34.3852 29.5757 33.5773 29.5757 35.0816 29.5757 34.3852 29.5757 35.4697 29.5757 35.0816 29.5757 35.6005 29.5757 35.4697 29.5757 35.6279 29.5757 35.6005 29.5757 35.6318 29.5757 35.6279 29.5757 35.6279 29.5757 35.6318 29.5757 35.6004 29.5757 35.6279 29.5757 35.4693 29.5757 35.6004 29.5757 35.0802 29.5757 35.4693 29.5757 34.3823 29.5757 35.0802 29.5757 33.5738 29.5757 34.3823 29.5757 32.947 29.5757 33.5738 29.5757 32.7158 29.5757 32.947 29.5757 32.9687 29.5757 32.7353 29.5757 33.5912 29.5757 32.9687 29.5757 34.3935 29.5757 33.5912 29.5757 35.085 29.5757 34.3935 29.5757 35.4706 29.5757 35.085 29.5757 35.6006 29.5757 35.4706 29.5757 35.6279 29.5757 35.6006 29.5757 35.6318 29.5757 35.6279 29.5757 35.6279 29.5757 35.6318 29.5757 35.6006 29.5757 35.6279 29.5757 35.4701 29.5757 35.6006 29.5757 35.0834 29.5757 35.4701 29.5757 34.3905 29.5757 35.0834 29.5757 33.5875 29.5757 34.3905 29.5757 32.9649 29.5757 33.5875 29.5757 32.7353 29.5757 32.9649 29.5757 32.9917 29.5757 32.7604 29.5757 33.6083 29.5757 32.9917 29.5757 34.4029 29.5757 33.6083 29.5757 35.0883 29.5757 34.4029 29.5757 35.4712 29.5757 35.0883 29.5757 35.6007 29.5757 35.4712 29.5757 35.628 29.5757 35.6007 29.5757 35.6318 29.5757 35.628 29.5757 35.628 29.5757 35.6318 29.5757 35.6007 29.5757 35.628 29.5757 35.4706 29.5757 35.6007 29.5757 35.0864 29.5757 35.4706 29.5757 34.3998 29.5757 35.0864 29.5757 33.6044 29.5757 34.3998 29.5757 32.9878 29.5757 33.6044 29.5757 32.7604 29.5757 32.9878 29.5757 33.021 29.5757 32.7927 29.5757 33.6292 29.5757 33.021 29.5757 34.4133 29.5757 33.6292 29.5757 35.0911 29.5757 34.4133 29.5757 35.4714 29.5757 35.0911 29.5757 35.6008 29.5757 35.4714 29.5757 35.628 29.5757 35.6008 29.5757 35.6318 29.5757 35.628 29.5757 35.628 29.5757 35.6318 29.5757 35.6008 29.5757 35.628 29.5757 35.471 29.5757 35.6008 29.5757 35.0895 29.5757 35.471 29.5757 34.4101 29.5757 35.0895 29.5757 33.6252 29.5757 34.4101 29.5757 33.0169 29.5757 33.6252 29.5757 32.7927 29.5757 33.0169 29.5757 33.0585 29.5757 32.8344 29.5757 33.6552 29.5757 33.0585 29.5757 34.425 29.5757 33.6552 29.5757 35.093 29.5757 34.425 29.5757 35.471 29.5757 35.093 29.5757 35.6008 29.5757 35.471 29.5757 35.628 29.5757 35.6008 29.5757 35.6318 29.5757 35.628 29.5757 35.628 29.5757 35.6318 29.5757 35.6008 29.5757 35.628 29.5757 35.4706 29.5757 35.6008 29.5757 35.0913 29.5757 35.4706 29.5757 34.4217 29.5757 35.0913 29.5757 33.6509 29.5757 34.4217 29.5757 33.0542 29.5757 33.6509 29.5757 32.8344 29.5757 33.0542 29.5757 33.1069 29.5757 32.8884 29.5757 33.6878 29.5757 33.1069 29.5757 34.4379 29.5757 33.6878 29.5757 35.0934 29.5757 34.4379 29.5757 35.4698 29.5757 35.0934 29.5757 35.6008 29.5757 35.4698 29.5757 35.6281 29.5757 35.6008 29.5757 35.6319 29.5757 35.6281 29.5757 35.6281 29.5757 35.6319 29.5757 35.6008 29.5757 35.6281 29.5757 35.4693 29.5757 35.6008 29.5757 35.0918 29.5757 35.4693 29.5757 34.4345 29.5757 35.0918 29.5757 33.6832 29.5757 34.4345 29.5757 33.1022 29.5757 33.6832 29.5757 32.8884 29.5757 33.1022 29.5757 33.1701 29.5757 32.9583 29.5757 33.7297 29.5757 33.1701 29.5757 34.4517 29.5757 33.7297 29.5757 35.0906 29.5757 34.4517 29.5757 35.467 29.5757 35.0906 29.5757 35.6008 29.5757 35.467 29.5757 35.6282 29.5757 35.6008 29.5757 35.6319 29.5757 35.6282 29.5757 35.6282 29.5757 35.6319 29.5757 35.6008 29.5757 35.6282 29.5757 35.4666 29.5757 35.6008 29.5757 35.0889 29.5757 35.4666 29.5757 34.4482 29.5757 35.0889 29.5757 33.7244 29.5757 34.4482 29.5757 33.1644 29.5757 33.7244 29.5757 32.9583 29.5757 33.1644 29.5757 33.251 29.5757 33.0471 29.5757 33.7831 29.5757 33.251 29.5757 34.4655 29.5757 33.7831 29.5757 35.0807 29.5757 34.4655 29.5757 35.4619 29.5757 35.0807 29.5757 35.6009 29.5757 35.4619 29.5757 35.6283 29.5757 35.6009 29.5757 35.632 29.5757 35.6283 29.5757 35.6283 29.5757 35.632 29.5757 35.6009 29.5757 35.6283 29.5757 35.4616 29.5757 35.6009 29.5757 35.0793 29.5757 35.4616 29.5757 34.4618 29.5757 35.0793 29.5757 33.7767 29.5757 34.4618 29.5757 33.2436 29.5757 33.7767 29.5757 33.0471 29.5757 33.2436 29.5757 33.3459 29.5757 33.1498 29.5757 33.8435 29.5757 33.3459 29.5757 34.472 29.5757 33.8435 29.5757 35.0539 29.5757 34.472 29.5757 35.4531 29.5757 35.0539 29.5757 35.6011 29.5757 35.4531 29.5757 35.6285 29.5757 35.6011 29.5757 35.6321 29.5757 35.6285 29.5757 35.6285 29.5757 35.6321 29.5757 35.6011 29.5757 35.6285 29.5757 35.4529 29.5757 35.6011 29.5757 35.0526 29.5757 35.4529 29.5757 34.4683 29.5757 35.0526 29.5757 33.8355 29.5757 34.4683 29.5757 33.3355 29.5757 33.8355 29.5757 33.1498 29.5757 33.3355 29.5757 33.4045 29.5757 33.2227 29.5757 33.8567 29.5757 33.4045 29.5757 34.4254 29.5757 33.8567 29.5757 34.9699 29.5757 34.4254 29.5757 35.438 29.5757 34.9699 29.5757 35.6019 29.5757 35.438 29.5757 35.6288 29.5757 35.6019 29.5757 35.6322 29.5757 35.6288 29.5757 35.6288 29.5757 35.6322 29.5757 35.6018 29.5757 35.6288 29.5757 35.4379 29.5757 35.6018 29.5757 34.9688 29.5757 35.4379 29.5757 34.4217 29.5757 34.9688 29.5757 33.8483 29.5757 34.4217 29.5757 33.3919 29.5757 33.8483 29.5757 33.2227 29.5757 33.3919 29.5757 33.1206 28.1955 33.0992 29.5757 33.2007 28.1955 33.1206 29.5757 33.3991 28.1955 33.2007 29.5757 33.6767 28.1955 33.3991 29.5757 33.5541 28.1955 33.6767 29.5757 33.2371 28.1955 33.5541 29.5757 33.0941 28.1955 33.2371 29.5757 33.0862 28.1955 33.0941 29.5757 33.1297 28.1955 33.0862 29.5757 33.2657 28.1955 33.1297 29.5757 33.5548 28.1955 33.2657 29.5757 33.6736 28.1955 33.5548 29.5757 33.3928 28.1955 33.6736 29.5757 33.1798 28.1955 33.3928 29.5757 33.1011 28.1955 33.1798 29.5757 33.0992 28.1955 33.1011 28.1955 32.6468 26.8153 32.6134 28.1955 32.7402 26.8153 32.6468 28.1955 32.9166 26.8153 32.7402 28.1955 33.091 26.8153 32.9166 28.1955 33.0326 26.8153 33.091 28.1955 32.7986 26.8153 33.0326 28.1955 32.6436 26.8153 32.7986 28.1955 32.6167 26.8153 32.6436 28.1955 32.674 26.8153 32.6167 28.1955 32.8211 26.8153 32.674 28.1955 33.03 26.8153 32.8211 28.1955 33.0885 26.8153 33.03 28.1955 32.915 26.8153 33.0885 28.1955 32.7228 26.8153 32.915 28.1955 32.6257 26.8153 32.7228 28.1955 32.6134 26.8153 32.6257 26.8153 29.2057 25.4351 29.2435 26.8153 29.2004 25.4351 29.2057 26.8153 29.2943 25.4351 29.2004 26.8153 29.3066 25.4351 29.2943 26.8153 29.0235 25.4351 29.3066 26.8153 28.6061 25.4351 29.0235 26.8153 28.3141 25.4351 28.6061 26.8153 28.1813 25.4351 28.3141 26.8153 28.2504 25.4351 28.1813 26.8153 28.5511 25.4351 28.2504 26.8153 29.0137 25.4351 28.5511 26.8153 29.3015 25.4351 29.0137 26.8153 29.2995 25.4351 29.3015 26.8153 29.2554 25.4351 29.2995 26.8153 29.2734 25.4351 29.2554 26.8153 29.2435 25.4351 29.2734 29.5757 29.5757 29.5757 29.5757 29.5757 29.5757 29.5757 29.5757 29.5757 29.5757 29.5757 29.5757 29.5757 29.5757 29.5757 29.5757 25.4351 25.4351 25.4351 25.4351 25.4351 25.4351 25.4351 25.4351 25.4351 25.4351 25.4351 25.4351 25.4351 25.4351 25.4351 25.4351 
</DataArray>
<DataArray type="Float64" Name="wall variable 0" format="ascii">
0 1 0 1 0 1 0 1 0 1 0 1 0 1 0 1 0 1 0 1 0 1 0 1 0 1 0 1 0 1 0 1 0 1 0 1 0 1 0 1 0 1 0 1 0 1 0 1 0 1 0 1 0 1 0 1 0 1 0 1 0 1 0 1 0 1 0 1 1 0 1 0 1 0 1 0 1 0 1 0 1 0 1 0 1 0 1 0 1 0 1 0 1 0 1 0 1 0 1 0 1 0 1 0 1 0 1 0 1 0 1 0 1 0 1 0 1 0 1 0 1 0 1 0 0 1 0 1 0 1 0 1 0 1 0 1 0 1 0 1 0 1 0 1 0 1 0 1 0 1 0 1 0 1 0 1 0 1 0 1 0 1 0 1 0 1 0 1 0 1 0 1 0 1 0 1 0 1 0 1 0 1 0 1 0 1 0 1 0 1 0 1 0 1 0 1 0 1 0 1 0 1 0 1 0 1 0 1 0 1 0 1 0 1 0 1 0 1 0 1 0 1 0 1 0 1 0 1 0 1 0 1 0 1 0 1 0 1 0 1 0 1 0 1 0 1 0 1 0 1 0 1 0 1 0 1 0 1 0 1 0 1 0 1 0 1 0 1 0 1 0 1 0 1 0 1 0 1 0 1 0 1 0 1 0 1 0 1 0 1 0 1 0 1 0 1 0 1 0 1 0 1 0 1 0 1 0 1 0 1 0 1 0 1 0 1 0 1 0 1 0 1 0 1 0 1 0 1 0 1 0 1 0 1 0 1 0 1 0 1 0 1 0 1 0 1 0 1 0 1 0 1 0 1 0 1 0 1 0 1 0 1 0 1 0 1 0 1 0 1 0 1 0 1 0 1 0 1 0 1 0 1 0 1 0 1 0 1 0 1 0 1 0 1 0 1 0 1 0 1 0 1 0 1 0 1 0 1 0 1 0 1 0 1 0 1 0 1 0 1 0 1 0 1 0 1 0 1 0 1 0 1 0 1 0 1 0 1 0 1 0 1 0 1 0 1 0 1 0 1 0 1 0 1 0 1 0 1 0 1 0 1 0 1 0 1 0 1 0 1 0 1 0 1 0 1 0 1 0 1 0 1 0 1 0 1 0 1 0 1 0 1 0 1 0 1 0 1 0 1 0 1 0 1 0 1 0 1 0 1 0 1 0 1 0 1 0 1 0 1 0 1 0 1 0 1 0 1 0 1 0 1 0 1 0 1 0 1 0 1 0 1 0 1 0 1 0 1 0 1 0 1 0 1 0 1 0 1 0 1 0 1 0 1 0 1 0 1 0 1 0 1 0 1 0 1 0 1 0 1 0 1 0 1 0 1 0 1 0 1 0 1 0 1 0 1 0 1 0 1 0 1 0 1 0 1 0 1 0 1 0 1 0 1 0 1 0 1 0 1 0 1 0 1 0 1 0 1 0 1 0 1 0 1 0 1 0 1 0 1 0 1 0 1 0 1 0 1 0 1 0 1 0 1 0 1 0 1 0 1 0 1 0 1 0 1 0 1 0 1 0 1 0 1 0 1 0 1 0 1 0 1 0 1 0 1 0 1 0 1 0 1 0 1 0 1 0 1 0 1 0 1 0 1 0 1 0 1 0 1 0 1 0 1 0 1 0 1 0 1 0 1 0 1 0 1 0 1 0 1 0 1 0 1 0 1 0 1 0 1 0 1 0 1 0 1 0 1 0 1 0 1 0 1 0 1 0 1 0 1 0 1 0 1 0 1 0 1 0 1 0 1 0 1 0 1 0 1 0 1 0 1 0 1 0 1 0 1 0 1 0 1 0 1 0 1 0 1 0 1 0 1 0 1 0 1 0 1 0 1 0 1 0 1 0 1 0 1 0 1 0 1 0 1 0 1 0 1 0 1 0 1 0 1 0 1 0 1 0 1 0 1 0 1 0 1 0 1 0 1 0 1 0 1 0 1 0 1 0 1 0 1 0 1 0 1 0 1 0 1 0 1 0 1 0 1 0 1 0 1 0 1 0 1 0 1 0 1 0 1 0 1 0 1 0 1 0 1 0 1 0 1 0 1 0 1 0 1 0 1 0 1 0 1 0 1 0 1 0 1 0 1 0 1 0 1 0 1 0 1 0 1 0 1 0 1 0 1 0 1 0 1 0 1 0 1 0 1 0 1 0 1 0 1 0 1 0 1 0 1 0 1 0 1 0 1 0 1 0 1 0 1 0 1 0 1 0 1 0 1 0 1 0 1 0 1 0 1 0 1 0 1 0 1 0 1 0 1 0 1 0 1 0 1 0 1 0 1 0 1 0 1 0 1 0 1 0 1 0 1 0 1 0 1 0 1 0 1 0 1 0 1 0 1 0 1 0 1 0 1 0 1 0 1 0 1 0 1 0 1 0 1 0 1 0 1 0 1 0 1 0 1 0 1 0 1 0 1 0 1 0 1 0 1 0 1 0 1 0 1 0 1 0 1 0 1 0 1 0 1 0 1 0 1 0 1 0 1 0 1 0 1 0 1 0 1 0 1 0 1 0 1 0 1 0 1 0 1 0 1 0 1 0 1 0 1 0 1 0 1 0 1 0 1 0 1 0 1 0 1 0 1 0 1 0 1 0 1 0 1 0 1 0 1 0 1 0 1 0 1 0 1 0 1 0 1 0 1 0 1 0 1 0 1 0 1 0 1 0 1 0 1 0 1 0 1 0 1 0 1 0 1 0 1 0 1 0 1 0 1 0 1 0 1 0 1 0 1 0 1 0 1 0 1 0 1 0 1 0 1 0 1 0 1 0 1 0 1 0 1 0 1 0 1 0 1 0 1 0 1 0 1 0 1 0 1 0 1 0 1 0 1 0 1 0 1 0 1 0 1 0 1 0 1 0 1 0 1 0 1 0 1 0 1 0 1 0 1 0 1 0 1 0 1 0 1 0 1 0 1 0 1 0 1 0 1 0 1 0 1 0 1 0 1 0 1 0 1 0 1 0 1 0 1 0 1 0 1 0 1 0 1 0 1 0 1 0 1 0 1 0 1 0 1 0 1 0 1 0 1 0 1 0 1 0 1 0 1 0 1 0 1 0 1 0 1 0 1 0 1 0 1 0 1 0 1 0 1 0 1 0 1 0 1 0 1 0 1 0 1 0 1 0 1 0 1 0 1 0 1 0 1 0 1 0 1 0 1 0 1 0 1 0 1 0 1 0 1 0 1 0 1 0 1 0 1 0 1 0 1 0 1 0 1 0 1 0 1 0 1 0 1 0 1 0 1 0 1 0 1 0 1 0 1 0 1 0 1 0 1 0 1 0 1 0 1 0 1 0 1 0 1 0 1 0 1 0 1 0 1 0 1 0 1 0 1 0 1 0 1 0 1 0 1 0 1 0 1 0 1 0 1 0 1 0 1 0 1 0 1 0 1 0 1 0 1 0 1 0 1 0 1 0 1 0 1 0 1 0 1 0 1 0 1 0 1 0 1 0 1 0 1 0 1 0 1 0 1 0 1 0 1 0 1 0 1 0 1 0 1 0 1 0 1 0 1 0 1 0 1 0 1 0 1 0 1 0 1 0 1 0 1 0 1 0 1 0 1 0 1 0 1 0 1 0 1 0 1 0 1 0 1 0 1 0 1 0 1 0 1 0 1 0 1 0 1 0 1 0 1 0 1 0 1 0 1 0 1 0 1 0 1 0 1 0 1 0 1 0 1 0 1 0 1 0 1 0 1 0 1 0 1 0 1 0 1 0 1 0 1 0 1 0 1 0 1 0 1 0 1 0 1 0 1 0 1 0 1 0 1 0 1 0 1 0 1 0 1 0 1 0 1 0 1 0 1 0 1 0 1 0 1 0 1 0 1 0 1 0 1 0 1 0 1 0 1 0 1 0 1 0 1 0 1 0 1 0 1 0 1 0 1 0 1 0 1 0 1 0 1 0 1 0 1 0 1 0 1 0 1 0 1 0 1 0 1 0 1 0 1 0 1 0 1 0 1 0 1 0 1 0 1 0 1 0 1 0 1 0 1 0 1 0 1 0 1 0 1 0 1 0 1 0 1 0 1 0 1 0 1 0 1 0 1 0 1 0 1 0 1 0 1 0 1 0 1 0 1 0 1 0 1 0 1 0 1 0 1 0 1 0 1 0 1 0 1 0 1 0 1 0 1 0 1 0 1 0 1 0 1 0 1 0 1 0 1 0 1 0 1 0 1 0 1 0 1 0 1 0 1 0 1 0 1 0 1 0 1 0 1 0 1 0 1 0 1 0 1 0 1 0 1 0 1 0 1 0 1 0 1 0 1 0 1 0 1 0 1 0 1 0 1 0 1 0 1 0 1 0 1 0 1 0 1 0 1 0 1 0 1 0 1 0 1 0 1 0 1 0 1 0 1 0 1 0 1 0 1 0 1 0 1 0 1 0 1 0 1 0 1 0 1 0 1 0 1 0 1 0 1 0 1 0 1 0 1 0 1 0 1 0 1 0 1 0 1 0 1 0 1 0 1 0 1 0 1 0 1 0 1 0 1 0 1 0 1 0 1 0 1 0 1 0 1 0 1 0 1 0 1 0 1 0 1 0 1 0 1 0 1 0 1 0 1 0 1 0 1 0 1 0 1 0 1 0 1 0 1 0 1 0 1 0 1 0 1 0 1 0 0 0 0 0 0 0 0 0 0 0 0 0 0 0 0 0 0 0 0 0 0 0 0 0 0 0 0 0 0 0 0 
</DataArray>
<DataArray type="Float64" Name="wall variable 1" format="ascii">
0 1 0 1 0 1 0 1 0 1 0 1 0 1 0 1 0 1 0 1 0 1 0 1 0 1 0 1 0 1 0 1 0 1 0 1 0 1 0 1 0 1 0 1 0 1 0 1 0 1 0 1 0 1 0 1 0 1 0 1 0 1 0 1 0 1 0 1 1 0 1 0 1 0 1 0 1 0 1 0 1 0 1 0 1 0 1 0 1 0 1 0 1 0 1 0 1 0 1 0 1 0 1 0 1 0 1 0 1 0 1 0 1 0 1 0 1 0 1 0 1 0 1 0 0 1 0 1 0 1 0 1 0 1 0 1 0 1 0 1 0 1 0 1 0 1 0 1 0 1 0 1 0 1 0 1 0 1 0 1 0 1 0 1 0 1 0 1 0 1 0 1 0 1 0 1 0 1 0 1 0 1 0 1 0 1 0 1 0 1 0 1 0 1 0 1 0 1 0 1 0 1 0 1 0 1 0 1 0 1 0 1 0 1 0 1 0 1 0 1 0 1 0 1 0 1 0 1 0 1 0 1 0 1 0 1 0 1 0 1 0 1 0 1 0 1 0 1 0 1 0 1 0 1 0 1 0 1 0 1 0 1 0 1 0 1 0 1 0 1 0 1 0 1 0 1 0 1 0 1 0 1 0 1 0 1 0 1 0 1 0 1 0 1 0 1 0 1 0 1 0 1 0 1 0 1 0 1 0 1 0 1 0 1 0 1 0 1 0 1 0 1 0 1 0 1 0 1 0 1 0 1 0 1 0 1 0 1 0 1 0 1 0 1 0 1 0 1 0 1 0 1 0 1 0 1 0 1 0 1 0 1 0 1 0 1 0 1 0 1 0 1 0 1 0 1 0 1 0 1 0 1 0 1 0 1 0 1 0 1 0 1 0 1 0 1 0 1 0 1 0 1 0 1 0 1 0 1 0 1 0 1 0 1 0 1 0 1 0 1 0 1 0 1 0 1 0 1 0 1 0 1 0 1 0 1 0 1 0 1 0 1 0 1 0 1 0 1 0 1 0 1 0 1 0 1 0 1 0 1 0 1 0 1 0 1 0 1 0 1 0 1 0 1 0 1 0 1 0 1 0 1 0 1 0 1 0 1 0 1 0 1 0 1 0 1 0 1 0 1 0 1 0 1 0 1 0 1 0 1 0 1 0 1 0 1 0 1 0 1 0 1 0 1 0 1 0 1 0 1 0 1 0 1 0 1 0 1 0 1 0 1 0 1 0 1 0 1 0 1 0 1 0 1 0 1 0 1 0 1 0 1 0 1 0 1 0 1 0 1 0 1 0 1 0 1 0 1 0 1 0 1 0 1 0 1 0 1 0 1 0 1 0 1 0 1 0 1 0 1 0 1 0 1 0 1 0 1 0 1 0 1 0 1 0 1 0 1 0 1 0 1 0 1 0 1 0 1 0 1 0 1 0 1 0 1 0 1 0 1 0 1 0 1 0 1 0 1 0 1 0 1 0 1 0 1 0 1 0 1 0 1 0 1 0 1 0 1 0 1 0 1 0 1 0 1 0 1 0 1 0 1 0 1 0 1 0 1 0 1 0 1 0 1 0 1 0 1 0 1 0 1 0 1 0 1 0 1 0 1 0 1 0 1 0 1 0 1 0 1 0 1 0 1 0 1 0 1 0 1 0 1 0 1 0 1 0 1 0 1 0 1 0 1 0 1 0 1 0 1 0 1 0 1 0 1 0 1 0 1 0 1 0 1 0 1 0 1 0 1 0 1 0 1 0 1 0 1 0 1 0 1 0 1 0 1 0 1 0 1 0 1 0 1 0 1 0 1 0 1 0 1 0 1 0 1 0 1 0 1 0 1 0 1 0 1 0 1 0 1 0 1 0 1 0 1 0 1 0 1 0 1 0 1 0 1 0 1 0 1 0 1 0 1 0 1 0 1 0 1 0 1 0 1 0 1 0 1 0 1 0 1 0 1 0 1 0 1 0 1 0 1 0 1 0 1 0 1 0 1 0 1 0 1 0 1 0 1 0 1 0 1 0 1 0 1 0 1 0 1 0 1 0 1 0 1 0 1 0 1 0 1 0 1 0 1 0 1 0 1 0 1 0 1 0 1 0 1 0 1 0 1 0 1 0 1 0 1 0 1 0 1 0 1 0 1 0 1 0 1 0 1 0 1 0 1 0 1 0 1 0 1 0 1 0 1 0 1 0 1 0 1 0 1 0 1 0 1 0 1 0 1 0 1 0 1 0 1 0 1 0 1 0 1 0 1 0 1 0 1 0 1 0 1 0 1 0 1 0 1 0 1 0 1 0 1 0 1 0 1 0 1 0 1 0 1 0 1 0 1 0 1 0 1 0 1 0 1 0 1 0 1 0 1 0 1 0 1 0 1 0 1 0 1 0 1 0 1 0 1 0 1 0 1 0 1 0 1 0 1 0 1 0 1 0 1 0 1 0 1 0 1 0 1 0 1 0 1 0 1 0 1 0 1 0 1 0 1 0 1 0 1 0 1 0 1 0 1 0 1 0 1 0 1 0 1 0 1 0 1 0 1 0 1 0 1 0 1 0 1 0 1 0 1 0 1 0 1 0 1 0 1 0 1 0 1 0 1 0 1 0 1 0 1 0 1 0 1 0 1 0 1 0 1 0 1 0 1 0 1 0 1 0 1 0 1 0 1 0 1 0 1 0 1 0 1 0 1 0 1 0 1 0 1 0 1 0 1 0 1 0 1 0 1 0 1 0 1 0 1 0 1 0 1 0 1 0 1 0 1 0 1 0 1 0 1 0 1 0 1 0 1 0 1 0 1 0 1 0 1 0 1 0 1 0 1 0 1 0 1 0 1 0 1 0 1 0 1 0 1 0 1 0 1 0 1 0 1 0 1 0 1 0 1 0 1 0 1 0 1 0 1 0 1 0 1 0 1 0 1 0 1 0 1 0 1 0 1 0 1 0 1 0 1 0 1 0 1 0 1 0 1 0 1 0 1 0 1 0 1 0 1 0 1 0 1 0 1 0 1 0 1 0 1 0 1 0 1 0 1 0 1 0 1 0 1 0 1 0 1 0 1 0 1 0 1 0 1 0 1 0 1 0 1 0 1 0 1 0 1 0 1 0 1 0 1 0 1 0 1 0 1 0 1 0 1 0 1 0 1 0 1 0 1 0 1 0 1 0 1 0 1 0 1 0 1 0 1 0 1 0 1 0 1 0 1 0 1 0 1 0 1 0 1 0 1 0 1 0 1 0 1 0 1 0 1 0 1 0 1 0 1 0 1 0 1 0 1 0 1 0 1 0 1 0 1 0 1 0 1 0 1 0 1 0 1 0 1 0 1 0 1 0 1 0 1 0 1 0 1 0 1 0 1 0 1 0 1 0 1 0 1 0 1 0 1 0 1 0 1 0 1 0 1 0 1 0 1 0 1 0 1 0 1 0 1 0 1 0 1 0 1 0 1 0 1 0 1 0 1 0 1 0 1 0 1 0 1 0 1 0 1 0 1 0 1 0 1 0 1 0 1 0 1 0 1 0 1 0 1 0 1 0 1 0 1 0 1 0 1 0 1 0 1 0 1 0 1 0 1 0 1 0 1 0 1 0 1 0 1 0 1 0 1 0 1 0 1 0 1 0 1 0 1 0 1 0 1 0 1 0 1 0 1 0 1 0 1 0 1 0 1 0 1 0 1 0 1 0 1 0 1 0 1 0 1 0 1 0 1 0 1 0 1 0 1 0 1 0 1 0 1 0 1 0 1 0 1 0 1 0 1 0 1 0 1 0 1 0 1 0 1 0 1 0 1 0 1 0 1 0 1 0 1 0 1 0 1 0 1 0 1 0 1 0 1 0 1 0 1 0 1 0 1 0 1 0 1 0 1 0 1 0 1 0 1 0 1 0 1 0 1 0 1 0 1 0 1 0 1 0 1 0 1 0 1 0 1 0 1 0 1 0 1 0 1 0 1 0 1 0 1 0 1 0 1 0 1 0 1 0 1 0 1 0 1 0 1 0 1 0 1 0 1 0 1 0 1 0 1 0 1 0 1 0 1 0 1 0 1 0 1 0 1 0 1 0 1 0 1 0 1 0 1 0 1 0 1 0 1 0 1 0 1 0 1 0 1 0 1 0 1 0 1 0 1 0 1 0 1 0 1 0 1 0 1 0 1 0 1 0 1 0 1 0 1 0 1 0 1 0 1 0 1 0 1 0 1 0 1 0 1 0 1 0 1 0 1 0 1 0 1 0 1 0 1 0 1 0 1 0 1 0 1 0 1 0 1 0 1 0 1 0 1 0 1 0 1 0 1 0 1 0 1 0 1 0 1 0 1 0 1 0 1 0 1 0 1 0 1 0 1 0 1 0 1 0 1 0 1 0 1 0 1 0 1 0 1 0 1 0 1 0 1 0 1 0 1 0 1 0 1 0 1 0 1 0 1 0 1 0 1 0 1 0 1 0 1 0 1 0 1 0 1 0 1 0 1 0 1 0 1 0 1 0 1 0 1 0 1 0 1 0 1 0 1 0 1 0 1 0 1 0 1 0 1 0 1 0 1 0 1 0 1 0 1 0 1 0 1 0 1 0 1 0 1 0 1 0 1 0 1 0 1 0 1 0 1 0 1 0 1 0 1 0 1 0 1 0 0 0 0 0 0 0 0 0 0 0 0 0 0 0 0 0 0 0 0 0 0 0 0 0 0 0 0 0 0 0 0 
</DataArray>
<DataArray type="Float64" Name="wall variable 2" format="ascii">
0 35.6354 0 35.6354 0 35.6354 0 35.6354 0 35.6354 0 35.6354 0 35.6354 0 35.6354 0 35.6354 0 35.6354 0 35.6354 0 35.6354 0 35.6354 0 35.6354 0 35.6354 0 35.6354 0 35.6354 0 35.6354 0 35.6354 0 35.6354 0 35.6354 0 35.6354 0 35.6354 0 35.6354 0 35.6354 0 35.6354 0 35.6354 0 35.6354 0 35.6354 0 35.6354 0 35.6354 0 35.6354 0 35.6354 0 35.6354 35.6354 0 35.6354 0 35.6354 0 35.6354 0 35.6354 0 35.6354 0 35.6354 0 35.6354 0 35.6354 0 35.6354 0 35.6354 0 35.6354 0 35.6354 0 35.6354 0 35.6354 0 35.6354 0 35.6354 0 35.6354 0 35.6354 0 35.6354 0 35.6354 0 35.6354 0 35.6354 0 35.6354 0 35.6354 0 35.6354 0 35.6354 0 35.6354 0 0 35.6354 0 35.6354 0 35.6354 0 35.6354 0 35.6354 0 35.6354 0 35.6354 0 35.6354 0 35.6354 0 35.6354 0 35.6354 0 35.6354 0 35.6354 0 35.6354 0 35.6354 0 35.6354 0 35.6354 0 35.6354 0 35.6354 0 35.6354 0 35.6354 0 35.6354 0 35.6354 0 35.6354 0 35.6354 0 35.6354 0 35.6354 0 35.6354 0 35.6354 0 35.6354 0 35.6354 0 35.6354 0 35.6354 0 35.6354 0 35.6354 0 35.6354 0 35.6354 0 35.6354 0 35.6354 0 35.6354 0 35.6354 0 35.6354 0 35.6354 0 35.6354 0 35.6354 0 35.6354 0 35.6354 0 35.6354 0 35.6354 0 35.6354 0 35.6354 0 35.6354 0 35.6354 0 35.6354 0 35.6354 0 35.6354 0 35.6354 0 35.6354 0 35.6354 0 35.6354 0 35.6354 0 35.6354 0 35.6354 0 35.6354 0 35.6354 0 35.6354 0 35.6354 0 35.6354 0 35.6354 0 35.6354 0 35.6354 0 35.6354 0 35.6354 0 35.6354 0 35.6354 0 35.6354 0 35.6354 0 35.6354 0 35.6354 0 35.6354 0 35.6354 0 35.6354 0 35.6354 0 35.6354 0 35.6354 0 35.6354 0 35.6354 0 35.6354 0 35.6354 0 35.6354 0 35.6354 0 35.6354 0 35.6354 0 35.6354 0 35.6354 0 35.6354 0 35.6354 0 35.6354 0 35.6354 0 35.6354 0 35.6354 0 35.6354 0 35.6354 0 35.6354 0 35.6354 0 35.6354 0 35.6354 0 35.6354 0 35.6354 0 35.6354 0 35.6354 0 35.6354 0 35.6354 0 35.6354 0 35.6354 0 35.6354 0 35.6354 0 35.6354 0 35.6354 0 35.6354 0 35.6354 0 35.6354 0 35.6354 0 35.6354 0 35.6354 0 35.6354 0 35.6354 0 35.6354 0 35.6354 0 35.6354 0 35.6354 0 35.6354 0 35.6354 0 35.6354 0 35.6354 0 35.6354 0 35.6354 0 35.6354 0 35.6354 0 35.6354 0 35.6354 0 35.6354 0 35.6354 0 35.6354 0 35.6354 0 35.6354 0 35.6354 0 35.6354 0 35.6354 0 35.6354 0 35.6354 0 35.6354 0 35.6354 0 35.6354 0 35.6354 0 35.6354 0 35.6354 0 35.6354 0 35.6354 0 35.6354 0 35.6354 0 35.6354 0 35.6354 0 35.6354 0 35.6354 0 35.6354 0 35.6354 0 35.6354 0 35.6354 0 35.6354 0 35.6354 0 35.6354 0 35.6354 0 35.6354 0 35.6354 0 35.6354 0 35.6354 0 35.6354 0 35.6354 0 35.6354 0 35.6354 0 35.6354 0 35.6354 0 35.6354 0 35.6354 0 35.6354 0 35.6354 0 35.6354 0 35.6354 0 35.6354 0 35.6354 0 35.6354 0 35.6354 0 35.6354 0 35.6354 0 35.6354 0 35.6354 0 35.6354 0 35.6354 0 35.6354 0 35.6354 0 35.6354 0 35.6354 0 35.6354 0 35.6354 0 35.6354 0 35.6354 0 35.6354 0 35.6354 0 35.6354 0 35.6354 0 35.6354 0 35.6354 0 35.6354 0 35.6354 0 35.6354 0 35.6354 0 35.6354 0 35.6354 0 35.6354 0 35.6354 0 35.6354 0 35.6354 0 35.6354 0 35.6354 0 35.6354 0 35.6354 0 35.6354 0 35.6354 0 35.6354 0 35.6354 0 35.6354 0 35.6354 0 35.6354 0 35.6354 0 35.6354 0 35.6354 0 35.6354 0 35.6354 0 35.6354 0 35.6354 0 35.6354 0 35.6354 0 35.6354 0 35.6354 0 35.6354 0 35.6354 0 35.6354 0 35.6354 0 35.6354 0 35.6354 0 35.6354 0 35.6354 0 35.6354 0 35.6354 0 35.6354 0 35.6354 0 35.6354 0 35.6354 0 35.6354 0 35.6354 0 35.6354 0 35.6354 0 35.6354 0 35.6354 0 35.6354 0 35.6354 0 35.6354 0 35.6354 0 35.6354 0 35.6354 0 35.6354 0 35.6354 0 35.6354 0 35.6354 0 35.6354 0 35.6354 0 35.6354 0 35.6354 0 35.6354 0 35.6354 0 35.6354 0 35.6354 0 35.6354 0 35.6354 0 35.6354 0 35.6354 0 35.6354 0 35.6354 0 35.6354 0 35.6354 0 35.6354 0 35.6354 0 35.6354 0 35.6354 0 35.6354 0 35.6354 0 35.6354 0 35.6354 0 35.6354 0 35.6354 0 35.6354 0 35.6354 0 35.6354 0 35.6354 0 35.6354 0 35.6354 0 35.6354 0 35.6354 0 35.6354 0 35.6354 0 35.6354 0 35.6354 0 35.6354 0 35.6354 0 35.6354 0 35.6354 0 35.6354 0 35.6354 0 35.6354 0 35.6354 0 35.6354 0 35.6354 0 35.6354 0 35.6354 0 35.6354 0 35.6354 0 35.6354 0 35.6354 0 35.6354 0 35.6354 0 35.6354 0 35.6354 0 35.6354 0 35.6354 0 35.6354 0 35.6354 0 35.6354 0 35.6354 0 35.6354 0 35.6354 0 35.6354 0 35.6354 0 35.6354 0 35.6354 0 35.6354 0 35.6354 0 35.6354 0 35.6354 0 35.6354 0 35.6354 0 35.6354 0 35.6354 0 35.6354 0 35.6354 0 35.6354 0 35.6354 0 35.6354 0 35.6354 0 35.6354 0 35.6354 0 35.6354 0 35.6354 0 35.6354 0 35.6354 0 35.6354 0 35.6354 0 35.6354 0 35.6354 0 35.6354 0 35.6354 0 35.6354 0 35.6354 0 35.6354 0 35.6354 0 35.6354 0 35.6354 0 35.6354 0 35.6354 0 35.6354 0 35.6354 0 35.6354 0 35.6354 0 35.6354 0 35.6354 0 35.6354 0 35.6354 0 35.6354 0 35.6354 0 35.6354 0 35.6354 0 35.6354 0 35.6354 0 35.6354 0 35.6354 0 35.6354 0 35.6354 0 35.6354 0 35.6354 0 35.6354 0 35.6354 0 35.6354 0 35.6354 0 35.6354 0 35.6354 0 35.6354 0 35.6354 0 35.6354 0 35.6354 0 35.6354 0 35.6354 0 35.6354 0 35.6354 0 35.6354 0 35.6354 0 35.6354 0 35.6354 0 35.6354 0 35.6354 0 35.6354 0 35.6354 0 35.6354 0 35.6354 0 35.6354 0 35.6354 0 35.6354 0 35.6354 0 35.6354 0 35.6354 0 35.6354 0 35.6354 0 35.6354 0 35.6354 0 35.6354 0 35.6354 0 35.6354 0 35.6354 0 35.6354 0 35.6354 0 35.6354 0 35.6354 0 35.6354 0 35.6354 0 35.6354 0 35.6354 0 35.6354 0 35.6354 0 35.6354 0 35.6354 0 35.6354 0 35.6354 0 35.6354 0 35.6354 0 35.6354 0 35.6354 0 35.6354 0 35.6354 0 35.6354 0 35.6354 0 35.6354 0 35.6354 0 35.6354 0 35.6354 0 35.6354 0 35.6354 0 35.6354 0 35.6354 0 35.6354 0 35.6354 0 35.6354 0 35.6354 0 35.6354 0 35.6354 0 35.6354 0 35.6354 0 35.6354 0 35.6354 0 35.6354 0 35.6354 0 35.6354 0 35.6354 0 35.6354 0 35.6354 0 35.6354 0 35.6354 0 35.6354 0 35.6354 0 35.6354 0 35.6354 0 35.6354 0 35.6354 0 35.6354 0 35.6354 0 35.6354 0 35.6354 0 35.6354 0 35.6354 0 35.6354 0 35.6354 0 35.6354 0 35.6354 0 35.6354 0 35.6354 0 35.6354 0 35.6354 0 35.6354 0 35.6354 0 35.6354 0 35.6354 0 35.6354 0 35.6354 0 35.6354 0 35.6354 0 35.6354 0 35.6354 0 35.6354 0 35.6354 0 35.6354 0 35.6354 0 35.6354 0 35.6354 0 35.6354 0 35.6354 0 35.6354 0 35.6354 0 35.6354 0 35.6354 0 35.6354 0 35.6354 0 35.6354 0 35.6354 0 35.6354 0 35.6354 0 35.6354 0 35.6354 0 35.6354 0 35.6354 0 35.6354 0 35.6354 0 35.6354 0 35.6354 0 35.6354 0 35.6354 0 35.6354 0 35.6354 0 35.6354 0 35.6354 0 35.6354 0 35.6354 0 35.6354 0 35.6354 0 35.6354 0 35.6354 0 35.6354 0 35.6354 0 35.6354 0 35.6354 0 35.6354 0 35.6354 0 35.6354 0 35.6354 0 35.6354 0 35.6354 0 35.6354 0 35.6354 0 35.6354 0 35.6354 0 35.6354 0 35.6354 0 35.6354 0 35.6354 0 35.6354 0 35.6354 0 35.6354 0 35.6354 0 35.6354 0 35.6354 0 35.6354 0 35.6354 0 35.6354 0 35.6354 0 35.6354 0 35.6354 0 35.6354 0 35.6354 0 35.6354 0 35.6354 0 35.6354 0 35.6354 0 35.6354 0 35.6354 0 35.6354 0 35.6354 0 35.6354 0 35.6354 0 35.6354 0 35.6354 0 35.6354 0 35.6354 0 35.6354 0 35.6354 0 35.6354 0 35.6354 0 35.6354 0 35.6354 0 35.6354 0 35.6354 0 35.6354 0 35.6354 0 35.6354 0 35.6354 0 35.6354 0 35.6354 0 35.6354 0 35.6354 0 35.6354 0 35.6354 0 35.6354 0 35.6354 0 35.6354 0 35.6354 0 35.6354 0 35.6354 0 35.6354 0 35.6354 0 35.6354 0 35.6354 0 35.6354 0 35.6354 0 35.6354 0 35.6354 0 35.6354 0 35.6354 0 35.6354 0 35.6354 0 35.6354 0 35.6354 0 35.6354 0 35.6354 0 35.6354 0 35.6354 0 35.6354 0 35.6354 0 35.6354 0 35.6354 0 35.6354 0 35.6354 0 35.6354 0 35.6354 0 35.6354 0 35.6354 0 35.6354 0 35.6354 0 35.6354 0 35.6354 0 35.6354 0 35.6354 0 35.6354 0 35.6354 0 35.6354 0 35.6354 0 35.6354 0 35.6354 0 35.6354 0 35.6354 0 35.6354 0 35.6354 0 35.6354 0 35.6354 0 35.6354 0 35.6354 0 35.6354 0 35.6354 0 35.6354 0 35.6354 0 35.6354 0 35.6354 0 35.6354 0 35.6354 0 35.6354 0 35.6354 0 35.6354 0 35.6354 0 35.6354 0 35.6354 0 35.6354 0 35.6354 0 35.6354 0 35.6354 0 35.6354 0 35.6354 0 35.6354 0 35.6354 0 35.6354 0 35.6354 0 35.6354 0 35.6354 0 35.6354 0 35.6354 0 35.6354 0 35.6354 0 35.6354 0 35.6354 0 35.6354 0 35.6354 0 35.6354 0 35.6354 0 35.6354 0 35.6354 0 35.6354 0 35.6354 0 35.6354 0 35.6354 0 35.6354 0 35.6354 0 35.6354 0 35.6354 0 35.6354 0 35.6354 0 35.6354 0 35.6354 0 35.6354 0 35.6354 0 35.6354 0 35.6354 0 35.6354 0 35.6354 0 35.6354 0 35.6354 0 35.6354 0 35.6354 0 35.6354 0 35.6354 0 35.6354 0 35.6354 0 35.6354 0 35.6354 0 35.6354 0 35.6354 0 35.6354 0 35.6354 0 35.6354 0 35.6354 0 35.6354 0 35.6354 0 35.6354 0 35.6354 0 35.6354 0 35.6354 0 35.6354 0 35.6354 0 35.6354 0 35.6354 0 35.6354 0 35.6354 0 35.6354 0 35.6354 0 35.6354 0 35.6354 0 35.6354 0 35.6354 0 35.6354 0 35.6354 0 35.6354 0 35.6354 0 35.6354 0 35.6354 0 35.6354 0 35.6354 0 35.6354 0 35.6354 0 35.6354 0 35.6354 0 35.6354 0 35.6354 0 35.6354 0 35.6354 0 35.6354 0 35.6354 0 35.6354 0 35.6354 0 35.6354 0 35.6354 0 35.6354 0 35.6354 0 35.6354 0 35.6354 0 35.6354 0 35.6354 0 35.6354 0 35.6354 0 35.6354 0 35.6354 0 35.6354 0 35.6354 0 35.6354 0 35.6354 0 35.6354 0 35.6354 0 35.6354 0 35.6354 0 35.6354 0 35.6354 0 35.6354 0 35.6354 0 35.6354 0 35.6354 0 35.6354 0 35.6354 0 35.6354 0 35.6354 0 35.6354 0 35.6354 0 35.6354 0 35.6354 0 35.6354 0 35.6354 0 35.6354 0 35.6354 0 35.6354 0 35.6354 0 35.6354 0 35.6354 0 35.6354 0 35.6354 0 35.6354 0 35.6354 0 35.6354 0 35.6354 0 35.6354 0 35.6354 0 35.6354 0 35.6354 0 35.6354 0 35.6354 0 35.6354 0 35.6354 0 35.6354 0 35.6354 0 35.6354 0 35.6354 0 35.6354 0 35.6354 0 35.6354 0 35.6354 0 35.6354 0 35.6354 0 35.6354 0 35.6354 0 35.6354 0 35.6354 0 35.6354 0 35.6354 0 35.6354 0 35.6354 0 35.6354 0 35.6354 0 35.6354 0 35.6354 0 35.6354 0 35.6354 0 35.6354 0 35.6354 0 35.6354 0 35.6354 0 35.6354 0 35.6354 0 35.6354 0 35.6354 0 35.6354 0 35.6354 0 35.6354 0 35.6354 0 35.6354 0 35.6354 0 35.6354 0 35.6354 0 35.6354 0 35.6354 0 35.6354 0 35.6354 0 35.6354 0 35.6354 0 35.6354 0 35.6354 0 35.6354 0 35.6354 0 35.6354 0 35.6354 0 35.6354 0 35.6354 0 35.6354 0 35.6354 0 35.6354 0 35.6354 0 35.6354 0 35.6354 0 35.6354 0 35.6354 0 35.6354 0 35.6354 0 35.6354 0 35.6354 0 35.6354 0 35.6354 0 35.6354 0 35.6354 0 35.6354 0 35.6354 0 35.6354 0 35.6354 0 35.6354 0 35.6354 0 35.6354 0 35.6354 0 35.6354 0 35.6354 0 35.6354 0 35.6354 0 35.6354 0 35.6354 0 35.6354 0 35.6354 0 35.6354 0 35.6354 0 35.6354 0 35.6354 0 35.6354 0 35.6354 0 35.6354 0 35.6354 0 35.6354 0 35.6354 0 35.6354 0 35.6354 0 35.6354 0 35.6354 0 35.6354 0 35.6354 0 35.6354 0 35.6354 0 35.6354 0 35.6354 0 35.6354 0 35.6354 0 35.6354 0 35.6354 0 35.6354 0 35.6354 0 35.6354 0 35.6354 0 35.6354 0 35.6354 0 35.6354 0 35.6354 0 35.6354 0 35.6354 0 35.6354 0 35.6354 0 35.6354 0 35.6354 0 35.6354 0 0 0 0 0 0 0 0 0 0 0 0 0 0 0 0 0 0 0 0 0 0 0 0 0 0 0 0 0 0 0 0 
</DataArray>
</CellData>
</Piece>
</UnstructuredGrid>
</VTKFile>
