<VTKFile type="UnstructuredGrid" version="0.1">
<UnstructuredGrid>
<Piece  NumberOfPoints="    2080" NumberOfCells="     514">
<Points>
<DataArray type="Float64" NumberOfComponents="3" format="ascii">
-115.889 890.897 1.5592
-112.548 894.743 27.3081
-96.3749 873.438 29.4235
-100.023 869.274 1.57437
-111.797 895.598 30.0604
-102.183 906.515 51.9058
-85.2069 886.126 55.7562
-95.6241 874.294 32.1759
-100.788 908.089 54.0119
-86.2773 924.362 68.6078
-68.1363 905.308 73.6028
-83.8111 887.7 57.8623
-84.4425 926.411 69.747
-67.2391 945.538 74.8593
-47.7049 928.012 80.2669
-66.3016 907.356 74.7421
-65.2462 947.747 74.8582
-47.9958 966.817 69.7134
-27.0698 950.83 74.7365
-45.7119 930.221 80.2658
-46.1529 968.856 68.5736
-31.5536 985.039 53.9861
-9.43092 970.387 57.854
-25.2269 952.87 73.5966
-30.1474 986.608 51.8814
-20.4506 997.511 30.0724
2.46446 983.793 32.1626
-8.02469 971.956 55.7492
-19.6937 998.368 27.3203
-16.3065 1002.23 1.57207
6.87572 988.845 1.55736
3.22134 984.65 29.4105
-16.3069 1002.23 -1.40875
-19.7049 998.39 -27.1599
3.21704 984.673 -29.2752
6.87525 988.846 -1.42346
-20.4626 997.535 -29.9118
-30.1669 986.645 -51.7274
-8.03112 972 -55.6037
2.45937 983.819 -32.0272
-31.5731 985.078 -53.8321
-46.1679 968.891 -68.4225
-25.2356 952.917 -73.4531
-9.43725 970.432 -57.7084
-48.0104 966.851 -69.5629
-65.2547 947.775 -74.7111
-45.7125 930.263 -80.1322
-27.0781 950.877 -74.5935
-67.2469 945.565 -74.7129
-84.444 926.431 -69.6049
-66.2904 907.387 -74.6179
-47.7046 928.053 -80.134
-86.2769 924.382 -68.466
-100.758 908.087 -53.8666
-83.7918 887.73 -57.7352
-68.1234 905.338 -73.479
-102.152 906.511 -51.7596
-111.758 895.587 -29.9188
-95.6151 874.308 -32.0171
-85.1865 886.154 -55.6281
-112.51 894.731 -27.1649
-115.888 890.897 -1.4207
-100.022 869.274 -1.40552
-96.3675 873.452 -29.2632
-97.9312 866.899 1.64909
-94.2828 871.064 29.4983
-72.4006 849.519 30.1085
-76.1306 845.252 1.64718
-83.0756 883.795 55.9673
-60.9667 862.514 57.0917
-71.6106 850.418 32.9972
-93.4928 871.962 32.3869
-65.9351 903.056 73.9166
-43.4761 882.141 75.3885
-59.5009 864.167 59.3004
-81.6099 885.448 58.176
-45.4126 925.86 80.6362
-22.5278 905.36 82.2404
-41.5503 884.289 76.5833
-64.0093 905.204 75.1114
-24.6772 948.785 75.1071
-1.35052 928.693 76.6058
-20.4346 907.676 82.2406
-43.3194 928.176 80.6364
-6.94717 968.442 58.1705
16.7073 948.723 59.3337
0.583548 930.833 75.4119
-22.7432 950.924 73.9132
5.01333 981.929 32.3762
28.7528 962.568 32.996
18.1787 950.372 57.1262
-5.47583 970.092 55.9629
9.45662 987.029 1.6317
33.1949 967.796 1.61822
29.5417 963.473 30.1045
5.80224 982.834 29.4848
5.79796 982.857 -29.3522
29.5314 963.488 -29.9901
33.1944 967.797 -1.51394
9.45616 987.03 -1.50046
-5.48182 970.135 -55.8189
18.175 950.417 -56.9842
28.7421 962.585 -32.8802
5.00867 981.954 -32.2423
-22.7512 950.971 -73.7704
0.581389 930.885 -75.2776
16.704 948.768 -59.191
-6.95283 968.486 -58.0257
-43.3192 928.218 -80.5038
-20.4307 907.724 -82.1154
-1.3523 928.745 -76.4722
-24.6849 948.832 -74.9651
-63.9973 905.236 -74.9884
-41.539 884.328 -76.4662
-22.523 905.407 -82.1162
-45.4115 925.902 -80.5045
-81.5909 885.479 -58.0502
-59.4876 864.2 -59.189
-43.4641 882.179 -75.2719
-65.9225 903.087 -73.7941
-93.4857 871.979 -32.2286
-71.6138 850.427 -32.8479
-60.9538 862.545 -56.9784
-83.0572 883.824 -55.8397
-94.2765 871.078 -29.3375
-97.9311 866.9 -1.47982
-76.1306 845.252 -1.48173
-72.4046 849.527 -29.9567
-73.6488 842.894 1.66685
-69.9188 847.161 30.1282
-46.9975 826.246 30.2477
-50.7258 821.934 1.66104
-69.1201 848.074 33.054
-58.4761 860.17 57.1485
-35.5389 839.352 57.3681
-46.1988 827.159 33.1735
-56.9918 861.846 59.3857
-40.9669 879.819 75.4738
-17.9554 859.096 75.7464
-34.0545 841.028 59.6053
-39.0133 881.993 76.6834
-19.9908 903.065 82.3405
3.15903 882.391 82.6091
-16.0017 861.269 76.9561
-17.8648 905.405 82.3398
1.21924 926.423 76.705
24.5374 905.75 76.9263
5.28502 884.731 82.6084
3.18216 928.584 75.4952
19.3059 946.474 59.417
42.7308 925.818 59.5661
26.5004 907.911 75.7165
20.7845 948.152 57.1842
31.3586 960.347 33.0541
54.5887 940.012 33.1501
44.2093 927.497 57.3334
32.1428 961.28 30.1248
35.796 965.602 1.63846
58.9455 945.411 1.63533
55.3729 940.944 30.2208
35.7953 965.603 -1.53579
32.1323 961.295 -30.012
55.3573 940.963 -30.1181
58.9448 945.412 -1.53891
31.3478 960.365 -32.9396
20.7807 948.196 -57.0435
44.2018 927.541 -57.206
54.5728 940.033 -33.0457
19.3027 946.52 -59.2754
3.18008 928.636 -75.3619
26.4973 907.962 -75.596
42.7238 925.865 -59.4378
1.21764 926.475 -76.5726
-17.8608 905.453 -82.2158
5.28794 884.779 -82.4962
24.5348 905.8 -76.8066
-19.9861 903.112 -82.2173
-39.0021 882.033 -76.5674
-15.9925 861.309 -76.852
3.16261 882.438 -82.4977
-40.9553 879.858 -75.3585
-56.9788 861.878 -59.2755
-34.0424 841.055 -59.51
-17.9457 859.134 -75.643
-58.4638 860.2 -57.0367
-69.1238 848.082 -32.9062
-46.2045 827.161 -33.0395
-35.5275 839.378 -57.2712
-69.9232 847.168 -29.9775
-73.6491 842.894 -1.50253
-50.7261 821.934 -1.50834
-47.0039 826.246 -30.1108
-48.2072 819.623 1.66727
-44.4789 823.935 30.2539
-21.9896 803.202 30.2805
-25.8476 798.985 1.65968
-43.6642 824.844 33.1905
-33.0044 837.037 57.385
-10.1631 816.038 57.4302
-21.1749 804.111 33.2171
-31.4925 838.703 59.6256
-15.3933 856.771 75.7667
7.9226 835.409 75.8006
-8.65125 817.704 59.6708
-13.406 858.928 76.9734
5.75471 880.05 82.6264
29.5734 858.286 82.6218
9.90987 837.567 77.0072
7.91555 882.368 82.6196
27.168 903.387 76.9374
51.4574 881.232 76.8994
31.7342 860.605 82.615
29.1639 905.527 75.7209
45.3943 923.434 59.5706
70.1421 900.916 59.5313
53.4534 883.372 75.6829
46.8999 925.101 57.3265
57.2793 937.616 33.1432
82.5916 914.649 33.1097
71.6477 902.583 57.2872
58.073 938.54 30.2169
61.6455 943.008 1.63147
87.1816 919.897 1.62541
83.3853 915.573 30.1834
61.6447 943.009 -1.53628
58.0572 938.56 -30.1154
83.3671 915.595 -30.096
87.1807 919.898 -1.54234
57.263 937.638 -33.0402
46.892 925.146 -57.2005
71.6373 902.63 -57.1755
82.5729 914.673 -33.0208
45.3872 923.481 -59.4437
29.1606 905.578 -75.6019
53.4496 883.422 -75.5772
70.1324 900.965 -59.4188
27.1653 903.437 -76.8192
7.91838 882.416 -82.5088
31.7365 860.652 -82.518
51.4543 881.281 -76.7945
5.75816 880.096 -82.5165
-13.3969 858.967 -76.8707
9.918 837.605 -76.9197
29.5763 858.333 -82.5257
-15.3837 856.809 -75.665
-31.4804 838.73 -59.532
-8.63885 817.728 -59.5938
7.93119 835.447 -75.7139
-32.993 837.062 -57.2898
-43.6701 824.845 -33.0581
-21.1788 804.105 -33.1008
-10.1514 816.06 -57.3517
-44.4853 823.935 -30.1186
-48.2075 819.623 -1.51618
-25.8478 798.985 -1.52376
-21.9941 803.195 -30.1613
-23.3871 796.663 1.66001
-19.5291 800.879 30.2808
2.40198 779.703 30.2781
-1.57954 775.596 1.65332
-18.6882 801.767 33.219
-7.67643 813.694 57.4322
14.5891 792.214 57.4284
3.24284 780.59 33.2162
-6.1194 815.323 59.6729
10.4545 833.028 75.8026
33.1775 811.121 75.794
16.1462 793.842 59.6691
12.4956 835.139 77.0075
32.1591 855.859 82.6221
55.3797 833.476 82.6079
35.2186 813.232 76.9988
34.3743 858.129 82.6127
54.0974 878.756 76.8971
77.8002 855.905 76.879
57.5948 835.747 82.5985
56.1446 880.85 75.6797
72.8334 898.395 59.5281
96.9806 875.12 59.5176
79.8474 858 75.6615
74.3917 900.015 57.2859
85.3356 912.081 33.1084
109.931 888.399 33.1007
98.539 876.74 57.2754
86.1692 912.973 30.1822
89.9656 917.297 1.62413
114.737 893.455 1.61435
110.765 889.291 30.1745
89.9645 917.298 -1.5428
86.1509 912.995 -30.0965
110.744 889.313 -30.1048
114.736 893.456 -1.55258
85.3167 912.105 -33.021
74.381 900.062 -57.1757
98.528 876.789 -57.1753
109.91 888.423 -33.0293
72.8236 898.443 -59.4169
56.1408 880.9 -75.5754
79.8439 858.049 -75.5679
96.9706 875.169 -59.4165
54.0943 878.806 -76.7937
34.3765 858.176 -82.5171
57.5975 835.794 -82.5149
77.7974 855.955 -76.7862
32.162 855.905 -82.5275
12.5037 835.178 -76.9215
35.227 813.27 -76.9265
55.3829 833.523 -82.5253
10.4631 833.066 -75.7177
-6.10697 815.347 -59.5976
16.1594 793.864 -59.6085
33.1864 811.158 -75.7227
-7.66462 813.716 -57.3554
-18.6921 801.761 -33.1045
3.24002 780.582 -33.1156
14.6018 792.233 -57.3663
-19.5336 800.873 -30.1633
-23.3873 796.662 -1.52568
-1.57974 775.595 -1.53237
2.3985 779.693 -30.1744
0.81699 773.221 1.65275
4.79851 777.328 30.2775
26.1251 755.646 30.2734
22.0278 751.653 1.64689
5.66423 778.192 33.2159
17.0105 789.816 57.428
38.6562 767.813 57.4247
26.9908 756.51 33.2117
18.6112 791.402 59.6688
35.6425 808.681 75.7936
57.7398 786.217 75.7922
40.2569 769.4 59.6654
37.737 810.74 76.9983
57.898 830.984 82.6074
80.5009 808 82.6082
59.8342 788.276 76.9968
60.1682 833.2 82.5975
80.3736 853.358 76.878
103.472 829.859 76.8773
82.7711 810.215 82.5984
82.4722 855.4 75.6605
99.6055 872.521 59.5166
123.142 848.563 59.5123
105.571 831.901 75.6598
101.211 874.094 57.2754
112.603 885.753 33.1007
136.516 861.415 33.0949
124.747 850.136 57.2711
113.469 886.615 30.1739
117.441 890.779 1.61374
141.501 866.289 1.60404
137.381 862.277 30.1681
117.44 890.78 -1.55397
113.448 886.636 -30.1062
137.36 862.298 -30.1163
141.5 866.29 -1.56367
112.582 885.777 -33.0308
101.2 874.142 -57.1768
124.737 850.184 -57.1832
136.493 861.438 -33.0409
99.5954 872.57 -59.4166
82.4688 855.45 -75.568
105.568 831.951 -75.5781
123.133 848.612 -59.423
80.3708 853.407 -76.7864
60.1709 833.246 -82.5152
82.7747 810.261 -82.5276
103.47 829.908 -76.7966
57.9013 831.03 -82.5261
37.7454 810.777 -76.9273
59.8436 788.312 -76.9384
80.5051 808.045 -82.5385
35.6515 808.717 -75.7239
18.6245 791.423 -59.6097
40.2713 769.418 -59.6194
57.7497 786.252 -75.735
17.0233 789.834 -57.3675
5.6615 778.183 -33.1167
26.9885 756.499 -33.1248
38.67 767.829 -57.3771
4.79507 777.318 -30.1752
0.816824 773.22 -1.53321
22.0276 751.653 -1.53908
26.122 755.634 -30.1833
24.3562 749.222 1.64636
28.4535 753.215 30.2728
49.1509 731.011 30.2691
44.9429 727.136 1.64127
29.343 754.054 33.2114
41.0084 765.357 57.4243
62.0145 742.819 57.4229
50.0404 731.85 33.2077
42.6516 766.899 59.6654
60.1345 783.716 75.7922
81.5873 760.694 75.7952
63.6577 744.361 59.664
62.2823 785.719 76.9971
82.949 805.443 82.6086
104.912 781.866 82.6152
83.7351 762.697 77.0001
85.2751 807.599 82.5987
105.976 827.243 76.8775
128.44 803.117 76.882
107.238 784.022 82.6053
108.126 829.229 75.6596
125.698 845.891 59.5121
148.594 821.283 59.5091
130.591 805.104 75.664
127.346 847.417 57.271
139.115 858.696 33.0948
162.345 833.725 33.0892
150.243 822.809 57.268
140.008 859.529 30.1675
144.128 863.541 1.60346
167.487 838.428 1.59459
163.238 834.558 30.1618
144.127 863.542 -1.56499
139.986 859.55 -30.1177
163.216 834.578 -30.1271
167.485 838.429 -1.57387
139.093 858.719 -33.0423
127.336 847.465 -57.1846
150.234 822.857 -57.1926
162.323 833.747 -33.0518
125.689 845.94 -59.424
108.124 829.279 -75.5791
130.589 805.153 -75.5945
148.587 821.332 -59.4321
105.974 827.292 -76.798
85.2788 807.645 -82.5291
107.243 784.067 -82.5468
128.439 803.166 -76.8135
82.9533 805.488 -82.5402
62.2918 785.755 -76.94
83.7459 762.731 -76.9544
104.917 781.91 -82.5579
60.1445 783.751 -75.7363
42.6662 766.917 -59.6208
63.6733 744.378 -59.631
81.5987 760.727 -75.7508
41.0223 765.373 -57.3781
29.3407 754.042 -33.1258
50.0381 731.837 -33.1327
62.0294 742.833 -57.3883
28.4504 753.202 -30.184
24.356 749.221 -1.53979
44.9427 727.136 -1.54487
49.1478 730.997 -30.1909
47.2007 724.647 1.64081
51.4086 728.521 30.2686
71.4595 705.794 30.2652
67.1446 702.041 1.63639
52.3212 729.335 33.2074
64.2953 740.304 57.4227
84.6466 717.233 57.4215
72.3721 706.608 33.204
65.9802 741.8 59.6642
83.9098 758.133 75.7954
104.702 734.556 75.7985
86.3315 718.728 59.663
86.1107 760.076 77.0007
107.287 779.245 82.6158
128.587 755.086 82.6221
106.902 736.5 77.0038
109.669 781.339 82.6059
130.872 800.434 76.8825
152.672 775.698 76.8864
130.969 757.18 82.6121
133.074 802.362 75.664
151.077 818.541 59.5091
173.303 793.305 59.506
154.874 777.626 75.6679
152.768 820.02 57.2677
164.869 830.936 33.0889
187.403 805.344 33.0833
174.994 794.784 57.2647
165.787 831.742 30.1612
170.036 835.611 1.59399
192.685 809.885 1.58604
188.321 806.15 30.1556
170.035 835.612 -1.57501
165.766 831.761 -30.1283
188.299 806.169 -30.1367
192.683 809.886 -1.58297
164.847 830.958 -33.053
152.759 820.067 -57.1938
174.987 794.831 -57.2018
187.381 805.365 -33.0614
151.07 818.59 -59.4333
133.072 802.411 -75.5958
154.874 777.674 -75.6104
173.298 793.353 -59.4413
130.871 800.482 -76.8152
109.674 781.384 -82.5486
130.975 757.223 -82.5654
152.673 775.745 -76.8298
107.293 779.289 -82.5597
86.1216 760.11 -76.9562
106.915 736.532 -76.9698
128.594 755.129 -82.5765
83.9213 758.165 -75.7522
65.9959 741.816 -59.6324
86.348 718.742 -59.6416
104.714 734.586 -75.7658
64.3102 740.318 -57.3893
52.319 729.322 -33.1337
72.3696 706.593 -33.1396
84.6624 717.244 -57.3985
51.4056 728.507 -30.1916
47.2005 724.646 -1.54549
67.1444 702.04 -1.54991
71.4562 705.779 -30.1975
69.3299 699.494 1.63599
73.6448 703.247 30.2648
93.0347 680.001 30.2616
88.6159 676.373 1.63212
74.5798 704.034 33.2038
86.8543 714.659 57.4212
106.537 691.06 57.4198
93.9697 680.789 33.2006
88.58 716.107 59.6631
106.95 731.934 75.7986
127.065 707.813 75.8002
108.262 692.508 59.6616
109.203 733.817 77.0043
130.888 752.403 82.6225
151.504 727.676 82.6262
129.318 709.695 77.0058
133.326 754.431 82.6125
155.029 772.949 76.8868
176.139 747.62 76.8882
153.942 729.703 82.6162
157.282 774.816 75.6678
175.711 790.496 59.5059
197.239 764.651 59.5024
178.392 749.487 75.6693
177.441 791.927 57.2643
189.85 802.487 33.0829
211.667 776.287 33.0772
198.969 766.082 57.2608
190.791 803.265 30.155
195.155 807 1.58542
217.079 780.67 1.5783
212.608 777.066 30.1493
195.153 807.001 -1.58393
190.769 803.284 -30.1377
212.587 777.083 -30.1448
217.077 780.671 -1.59105
189.828 802.507 -33.0623
177.434 791.973 -57.2028
198.964 766.127 -57.2099
211.646 776.307 -33.0695
175.705 790.543 -59.4424
157.282 774.864 -75.6115
178.393 749.533 -75.6231
197.235 764.698 -59.4495
155.03 772.996 -76.8313
133.332 754.474 -82.5669
153.949 729.744 -82.5805
176.141 747.666 -76.843
130.895 752.446 -82.5781
109.216 733.849 -76.9714
129.331 709.725 -76.9826
151.512 727.716 -82.5917
106.963 731.965 -75.767
88.5967 716.12 -59.6429
108.28 692.519 -59.6508
127.078 707.841 -75.7782
86.8701 714.67 -57.3993
74.5773 704.019 -33.1404
93.9668 680.772 -33.1455
106.553 691.069 -57.4073
73.6415 703.231 -30.198
69.3297 699.493 -1.55045
88.6157 676.372 -1.55431
93.031 679.984 -30.2032
90.7272 673.769 1.63176
95.146 677.397 30.2613
113.861 653.642 30.2583
109.341 650.142 1.62842
96.1027 678.158 33.2003
108.67 688.429 57.4195
127.668 664.311 57.4176
114.818 654.402 33.1974
110.435 689.827 59.6616
129.237 705.132 75.8002
148.657 680.477 75.8004
129.434 665.71 59.6597
131.542 706.951 77.0061
153.728 724.931 82.6264
173.639 699.649 82.6279
150.962 682.296 77.0062
156.221 726.891 82.6164
178.418 744.808 76.8884
198.814 718.903 76.8879
176.132 701.608 82.6178
180.721 746.612 75.6691
199.568 761.776 59.5022
220.371 735.342 59.4984
201.117 720.707 75.6686
201.336 763.158 57.2603
214.035 773.363 33.0767
235.116 746.568 33.0712
222.139 736.724 57.2566
214.997 774.114 30.1487
219.467 777.719 1.57768
240.648 750.796 1.57133
236.078 747.32 30.1431
219.466 777.72 -1.59186
214.976 774.132 -30.1456
236.057 747.337 -30.1517
240.647 750.796 -1.59821
214.014 773.382 -33.0702
201.331 763.203 -57.2106
222.136 736.767 -57.2167
235.095 746.587 -33.0764
199.564 761.822 -59.4504
180.722 746.658 -75.624
201.12 720.751 -75.633
220.369 735.386 -59.4565
178.42 744.853 -76.8442
156.228 726.932 -82.5817
176.141 701.647 -82.5921
198.818 718.946 -76.8531
153.736 724.971 -82.5929
131.555 706.98 -76.9839
150.976 682.323 -76.9927
173.648 699.686 -82.6033
129.251 705.16 -75.7792
110.453 689.838 -59.6518
129.452 665.719 -59.6583
148.672 680.503 -75.7881
108.686 688.438 -57.4079
96.0998 678.141 -33.1462
114.814 654.385 -33.1505
127.685 664.318 -57.4144
95.1422 677.38 -30.2036
90.727 673.768 -1.55479
109.341 650.141 -1.55813
113.857 653.624 -30.2079
111.377 647.482 1.6281
115.897 650.982 30.258
133.925 626.727 30.2551
129.306 623.358 1.62522
116.875 651.714 33.1971
129.725 661.624 57.4174
148.029 636.996 57.415
134.903 627.46 33.1942
131.53 662.971 59.6596
150.753 677.739 75.8003
169.466 652.558 75.7993
149.833 638.344 59.6572
153.107 679.492 77.0063
175.785 696.845 82.6279
194.975 671.018 82.6276
171.82 654.311 77.0053
178.331 698.734 82.6177
201.013 716.028 76.8879
220.675 689.562 76.8864
197.521 672.907 82.6175
203.365 717.767 75.6684
222.619 732.403 59.4981
242.676 705.395 59.4943
223.027 691.301 75.6669
224.424 733.735 57.2561
237.401 743.579 33.0707
257.724 716.207 33.0657
244.481 706.728 57.2522
238.383 744.304 30.1425
242.954 747.779 1.57074
263.372 720.277 1.56508
258.707 716.931 30.1375
242.953 747.78 -1.5989
238.363 744.32 -30.1524
258.687 716.947 -30.1579
263.371 720.278 -1.60456
237.38 743.598 -33.0771
224.421 733.778 -57.2174
244.48 706.769 -57.2225
257.704 716.225 -33.0826
222.617 732.447 -59.4572
203.368 717.811 -75.6337
223.031 691.343 -75.6407
242.675 705.438 -59.4623
201.017 716.071 -76.8541
178.34 698.772 -82.5931
197.532 672.943 -82.6009
220.68 689.603 -76.8611
175.794 696.882 -82.6043
153.122 679.519 -76.9937
171.836 654.336 -77.0005
194.986 671.053 -82.6122
150.767 677.764 -75.7889
131.548 662.98 -59.6591
149.852 638.35 -59.6642
169.481 652.581 -75.7957
129.742 661.63 -57.415
116.871 651.697 -33.1511
134.898 627.441 -33.1545
148.046 637 -57.4201
115.893 650.963 -30.2083
111.377 647.481 -1.55852
129.306 623.357 -1.5614
133.919 626.708 -30.2117
131.265 620.643 1.62493
135.884 624.012 30.2548
153.212 599.271 30.2523
148.499 596.037 1.62252
136.882 624.717 33.194
150.009 634.253 57.4147
167.604 609.131 57.4122
154.21 599.976 33.1915
151.85 635.549 59.657
171.483 649.763 75.7991
189.474 624.074 75.7972
169.446 610.426 59.6545
173.886 651.448 77.0052
197.041 668.156 82.6275
215.494 641.804 82.6259
191.877 625.759 77.0033
199.639 669.972 82.6173
222.792 686.627 76.8862
241.702 659.62 76.8837
218.092 643.621 82.6157
225.191 688.3 75.6665
244.84 702.394 59.4939
264.132 674.833 59.4901
244.1 661.293 75.664
246.682 703.676 57.2517
259.925 713.155 33.0653
279.472 685.223 33.0606
265.973 676.115 57.2479
260.927 713.852 30.137
265.592 717.197 1.56453
285.23 689.134 1.55951
280.475 685.92 30.1323
265.591 717.198 -1.60515
260.907 713.867 -30.1585
280.455 685.934 -30.1633
285.229 689.135 -1.61017
259.905 713.172 -33.0831
246.68 703.717 -57.223
265.973 676.154 -57.2272
279.453 685.239 -33.0878
244.84 702.436 -59.4629
225.196 688.341 -75.6413
244.106 661.332 -75.6464
264.133 674.873 -59.4671
222.798 686.668 -76.8618
199.649 670.008 -82.6016
218.103 643.654 -82.6072
241.708 659.658 -76.8669
197.052 668.191 -82.6129
173.901 651.473 -77.0012
191.894 625.781 -77.0061
215.506 641.837 -82.6185
171.498 649.786 -75.7963
151.869 635.555 -59.6648
169.464 610.43 -59.6688
189.491 624.094 -75.8012
150.026 634.257 -57.4206
136.878 624.698 -33.1549
154.205 599.956 -33.1578
167.621 609.133 -57.4245
135.878 623.993 -30.2121
131.265 620.642 -1.56173
148.498 596.036 -1.56415
153.206 599.252 -30.2149
150.379 593.27 1.62227
155.092 596.504 30.252
171.709 571.292 30.2499
166.905 568.196 1.62029
156.111 597.179 33.1912
169.505 606.334 57.4119
186.379 580.732 57.4094
172.728 571.968 33.189
171.383 607.576 59.6542
191.411 621.224 75.797
208.666 595.042 75.7946
188.257 581.974 59.6517
193.861 622.84 77.003
217.478 638.885 82.6256
235.178 612.027 82.6233
211.116 596.658 77.0007
220.126 640.628 82.6154
243.735 656.627 76.8835
261.875 629.097 76.8805
237.826 613.769 82.6131
246.18 658.232 75.6637
266.211 671.772 59.4897
284.718 643.677 59.486
264.319 630.702 75.6607
268.087 673.002 57.2474
281.586 682.11 33.0601
300.34 653.638 33.0559
286.595 644.907 57.2438
282.607 682.779 30.1318
287.363 685.993 1.55901
306.203 657.388 1.55458
301.361 654.306 30.1276
287.362 685.994 -1.61069
282.588 682.793 -30.1638
301.342 654.32 -30.1679
306.202 657.389 -1.61511
281.567 682.126 -33.0883
268.087 673.041 -57.2277
286.596 644.944 -57.2311
300.321 653.653 -33.0924
266.212 671.812 -59.4675
246.186 658.27 -75.6469
264.326 630.739 -75.6506
284.721 643.716 -59.471
243.742 656.665 -76.8674
220.137 640.661 -82.6077
237.838 613.8 -82.6116
261.882 629.133 -76.8712
217.49 638.917 -82.619
193.877 622.861 -77.0066
211.133 596.677 -77.0102
235.191 612.056 -82.6229
191.427 621.244 -75.8017
171.401 607.58 -59.6692
188.275 581.976 -59.6723
208.684 595.06 -75.8052
169.522 606.336 -57.4249
156.105 597.159 -33.1582
172.721 571.947 -33.1605
186.396 580.732 -57.428
155.086 596.484 -30.2152
150.379 593.269 -1.56442
166.904 568.195 -1.5664
171.702 571.272 -30.2175
168.706 565.377 1.62009
173.51 568.473 30.2497
189.404 542.807 30.2479
184.512 539.851 1.61854
174.548 569.119 33.1888
188.199 577.883 57.4092
204.339 551.819 57.4069
190.441 543.453 33.187
190.112 579.071 59.6515
210.521 592.139 75.7943
227.027 565.483 75.7918
206.252 553.007 59.6492
213.016 593.685 77.0004
237.078 609.053 82.623
254.01 581.707 82.6204
229.522 567.029 76.9979
239.774 610.72 82.6128
263.823 626.048 76.8802
281.176 598.017 76.8772
256.706 583.374 82.6101
266.311 627.584 75.6604
286.71 640.559 59.4857
304.417 611.952 59.4823
283.664 599.553 75.6573
288.62 641.736 57.2433
302.365 650.466 33.0555
320.308 621.475 33.0517
306.327 613.129 57.24
303.404 651.107 30.1271
308.246 654.188 1.55414
326.271 625.062 1.55028
321.347 622.115 30.1234
308.245 654.189 -1.61555
303.385 651.12 -30.1683
321.328 622.128 -30.1718
326.27 625.063 -1.61941
302.346 650.482 -33.0928
288.622 641.773 -57.2315
306.33 613.164 -57.2343
320.289 621.49 -33.0962
286.713 640.597 -59.4713
266.318 627.62 -75.651
283.673 599.586 -75.6537
304.421 611.988 -59.4741
263.831 626.084 -76.8715
239.786 610.75 -82.612
256.72 583.401 -82.6147
281.185 598.05 -76.8742
237.091 609.082 -82.6232
213.033 593.703 -77.0105
229.54 567.045 -77.013
254.024 581.733 -82.6259
210.539 592.156 -75.8055
190.13 579.073 -59.6727
206.271 553.007 -59.675
227.045 565.498 -75.808
188.216 577.883 -57.4283
174.541 569.098 -33.1608
190.434 543.431 -33.1626
204.356 551.817 -57.4307
173.503 568.453 -30.2178
168.705 565.376 -1.56661
184.511 539.85 -1.56816
189.396 542.786 -30.2196
186.232 536.982 1.61838
191.124 539.939 30.2477
206.284 513.834 30.2463
201.307 511.021 1.61726
192.18 540.554 33.1868
206.078 548.92 57.4067
221.473 522.41 57.4046
207.339 514.449 33.1854
208.024 550.052 59.6489
228.799 562.529 75.7916
244.543 535.417 75.7891
223.419 523.543 59.6468
231.337 564.003 76.9976
255.825 578.68 82.6201
271.975 550.865 82.6174
247.081 536.891 76.9951
258.567 580.27 82.6098
283.037 594.914 76.8769
299.59 566.402 76.8739
274.718 552.455 82.6071
285.567 596.379 75.657
306.32 608.778 59.482
323.211 579.681 59.4791
302.121 567.868 75.654
308.262 609.902 57.2396
322.242 618.248 33.0514
339.358 588.76 33.0481
325.152 580.804 57.2367
323.299 618.859 30.123
328.223 621.806 1.54989
345.418 592.181 1.54658
340.415 589.371 30.1198
328.222 621.807 -1.61979
323.28 618.872 -30.1722
340.397 589.383 -30.1751
345.417 592.181 -1.62309
322.224 618.262 -33.0966
308.265 609.937 -57.2346
325.157 580.837 -57.2368
339.341 588.773 -33.0995
306.324 608.814 -59.4744
285.576 596.412 -75.6539
302.13 567.898 -75.6557
323.216 579.715 -59.4766
283.046 594.947 -76.8745
258.581 580.297 -82.6149
274.732 552.48 -82.6166
299.601 566.433 -76.8763
255.839 578.706 -82.6262
231.355 564.019 -77.0132
247.099 536.904 -77.0147
271.99 550.889 -82.6278
228.817 562.544 -75.8082
208.043 550.052 -59.6752
223.437 523.54 -59.6769
244.561 535.429 -75.8097
206.095 548.918 -57.4309
192.172 540.533 -33.1628
207.33 514.428 -33.1642
221.49 522.407 -57.4325
191.116 539.917 -30.2198
186.231 536.981 -1.56833
201.307 511.02 -1.56944
206.274 513.812 -30.2211
202.946 508.105 1.61715
207.922 510.918 30.2462
222.336 484.393 30.2452
217.28 481.725 1.61646
208.995 511.503 33.1852
223.129 519.464 57.4044
237.767 492.527 57.4027
223.409 484.977 33.1842
225.106 520.539 59.6466
246.23 532.414 75.7888
261.2 504.865 75.7865
239.745 493.602 59.6448
248.809 533.815 76.9949
273.704 547.789 82.6171
289.061 519.526 82.6145
263.779 506.266 76.9925
276.49 549.301 82.6068
301.363 563.248 76.8736
317.102 534.277 76.8709
291.847 521.037 82.6042
303.933 564.641 75.6537
325.023 576.455 59.4787
341.084 546.89 59.4763
319.673 535.671 75.651
326.995 577.523 57.2364
341.201 585.479 33.0478
357.477 555.517 33.0451
343.056 547.958 57.2339
342.274 586.06 30.1194
347.278 588.87 1.54625
363.628 558.77 1.54351
358.55 556.099 30.1167
347.277 588.871 -1.62341
342.256 586.072 -30.1754
358.532 556.11 -30.1778
363.627 558.77 -1.62615
341.184 585.492 -33.0997
327 577.556 -57.2371
343.062 547.989 -57.2387
357.46 555.53 -33.1021
325.029 576.488 -59.4768
303.943 564.672 -75.6559
319.684 535.698 -75.657
341.091 546.921 -59.4784
301.373 563.278 -76.8764
276.505 549.325 -82.6167
291.862 521.059 -82.6175
317.114 534.304 -76.8775
273.719 547.812 -82.6279
248.827 533.828 -77.0149
263.798 506.277 -77.0156
289.077 519.546 -82.6287
246.249 532.426 -75.8099
225.125 520.537 -59.677
239.763 493.598 -59.678
261.219 504.875 -75.8106
223.145 519.46 -57.4326
208.986 511.481 -33.1643
223.399 484.955 -33.1651
237.783 492.521 -57.4337
207.912 510.896 -30.2212
202.945 508.104 -1.56955
217.28 481.723 -1.57024
222.326 484.371 -30.222
218.836 478.763 1.61638
223.892 481.431 30.2451
237.552 454.503 30.2444
232.42 451.983 1.61608
224.981 481.985 33.1841
239.339 489.534 57.4025
253.211 462.188 57.401
238.641 455.056 33.1834
241.347 490.552 59.6446
262.802 501.815 75.7863
276.988 473.849 75.7841
255.219 463.206 59.6431
265.42 503.141 76.9923
290.702 516.402 82.6142
305.254 487.711 82.6118
279.606 475.175 76.9901
293.529 517.834 82.6039
318.785 531.073 76.8706
333.699 501.666 76.8681
308.082 489.143 82.6014
321.393 532.394 75.6507
342.805 543.613 59.476
358.023 513.604 59.474
336.308 502.987 75.6483
344.806 544.627 57.2337
359.226 552.185 33.0449
374.648 521.774 33.0427
360.025 514.617 57.2316
360.315 552.737 30.1165
365.393 555.408 1.54324
380.887 524.856 1.54104
375.737 522.326 30.1143
365.392 555.408 -1.62641
360.297 552.748 -30.178
375.72 522.336 -30.1799
380.886 524.857 -1.6286
359.209 552.197 -33.1023
344.811 544.657 -57.2389
360.031 514.645 -57.24
374.632 521.786 -33.1041
342.812 543.644 -59.4785
321.404 532.422 -75.6571
336.32 503.012 -75.6575
358.032 513.632 -59.4796
318.796 531.1 -76.8775
293.545 517.855 -82.6176
308.098 489.161 -82.6176
333.712 501.69 -76.8779
290.718 516.422 -82.6288
265.438 503.152 -77.0157
279.625 475.183 -77.0157
305.27 487.728 -82.6288
262.821 501.824 -75.8107
241.365 490.548 -59.6781
255.236 463.2 -59.6785
277.007 473.856 -75.8107
239.355 489.528 -57.4337
224.971 481.962 -33.1652
238.63 455.034 -33.1655
253.227 462.18 -57.4341
223.881 481.409 -30.2221
218.835 478.762 -1.5703
232.419 451.981 -1.5706
237.54 454.481 -30.2224
233.891 448.978 1.61605
239.023 451.498 30.2444
251.92 424.186 30.244
246.717 421.816 1.61609
240.128 452.02 33.1833
254.698 459.151 57.4009
267.794 431.415 57.3995
253.025 424.708 33.1829
256.734 460.111 59.6429
278.504 470.754 75.7839
291.896 442.39 75.7818
269.831 432.375 59.6415
281.158 472.005 76.9898
306.806 484.541 82.6115
320.544 455.445 82.609
294.551 443.641 76.9877
309.673 485.892 82.6011
335.291 498.415 76.8679
349.37 468.595 76.8656
323.41 456.796 82.5987
337.935 499.663 75.648
359.651 510.279 59.4737
374.017 479.85 59.472
352.014 469.842 75.6458
361.679 511.237 57.2314
376.303 518.394 33.0425
390.861 487.558 33.0409
376.045 480.807 57.2297
377.406 518.916 30.1141
382.556 521.445 1.54083
397.182 490.467 1.53915
391.964 488.08 30.1125
382.555 521.446 -1.6288
377.389 518.925 -30.1801
391.948 488.089 -30.1814
397.181 490.468 -1.63049
376.287 518.405 -33.1043
361.686 511.265 -57.2401
376.053 480.833 -57.2407
390.845 487.568 -33.1056
359.659 510.308 -59.4797
337.947 499.687 -75.6575
352.027 469.864 -75.6571
374.026 479.876 -59.4802
335.303 498.439 -76.8779
309.689 485.91 -82.6176
323.427 456.812 -82.6167
349.383 468.616 -76.8775
306.823 484.558 -82.6287
281.177 472.013 -77.0156
294.57 443.647 -77.0148
320.561 455.459 -82.6279
278.522 470.761 -75.8107
256.752 460.105 -59.6785
269.848 432.368 -59.6782
291.915 442.395 -75.8099
254.714 459.143 -57.4341
240.117 451.997 -33.1656
253.013 424.685 -33.1655
267.81 431.406 -57.4339
239.011 451.476 -30.2224
233.891 448.976 -1.57062
246.716 421.815 -1.57057
251.907 424.164 -30.2224
248.103 418.769 1.61609
253.306 421.14 30.2439
265.432 393.464 30.2438
260.161 391.245 1.61647
254.426 421.629 33.1828
269.195 428.337 57.3995
281.509 400.232 57.3982
266.551 393.953 33.1827
271.259 429.238 59.6413
293.324 439.253 75.7816
305.915 410.514 75.7793
283.572 401.133 59.6401
296.013 440.428 76.9874
322.006 452.231 82.6087
334.92 422.752 82.606
308.604 411.689 76.9852
324.91 453.501 82.5984
350.869 465.3 76.8653
364.103 435.089 76.863
337.823 424.022 82.5957
353.547 466.473 75.6456
375.549 476.481 59.4719
389.053 445.655 59.4704
366.781 436.262 75.6432
377.604 477.381 57.2296
392.42 484.132 33.0407
406.104 452.897 33.0395
391.107 446.556 57.2282
393.537 484.624 30.1123
398.754 487.011 1.53899
412.502 455.632 1.5378
407.221 453.388 30.1111
398.753 487.011 -1.63063
393.52 484.632 -30.1815
407.205 453.396 -30.1824
412.501 455.632 -1.63183
392.404 484.142 -33.1057
377.612 477.407 -57.2407
391.117 446.579 -57.2406
406.088 452.906 -33.1065
375.559 476.506 -59.4802
353.56 466.494 -75.6571
366.795 436.281 -75.6558
389.064 445.679 -59.48
350.883 465.321 -76.8774
324.927 453.517 -82.6166
337.841 424.035 -82.6147
364.118 435.108 -76.8761
322.023 452.246 -82.6277
296.032 440.433 -77.0147
308.623 411.692 -77.0129
334.938 422.764 -82.6258
293.343 439.257 -75.8097
271.276 429.23 -59.6781
283.589 401.125 -59.6772
305.934 410.516 -75.808
269.211 428.328 -57.4338
254.414 421.606 -33.1654
266.538 393.931 -33.1649
281.524 400.222 -57.4329
253.293 421.117 -30.2223
248.102 418.768 -1.57054
260.161 391.244 -1.57016
265.418 393.442 -30.2218
261.462 388.16 1.6165
266.732 390.378 30.2439
278.079 362.358 30.244
272.746 360.293 1.61719
267.865 390.835 33.1826
282.823 397.114 57.3982
294.346 368.661 57.397
279.213 362.815 33.1827
284.911 397.955 59.6399
307.254 407.336 75.7791
319.035 378.243 75.7765
296.434 369.503 59.6387
309.975 408.434 76.9849
336.291 419.498 82.6057
348.373 389.659 82.6025
321.756 379.341 76.9823
339.229 420.686 82.5954
365.509 431.752 76.8627
377.89 401.176 76.86
351.312 390.847 82.5921
368.219 432.85 75.643
390.49 442.244 59.4702
403.123 411.049 59.469
380.599 402.274 75.6403
392.569 443.088 57.228
407.565 449.429 33.0394
420.367 417.82 33.0385
405.201 411.893 57.2268
408.696 449.889 30.111
413.976 452.132 1.53769
426.838 420.378 1.53694
421.497 418.28 30.1101
413.976 452.133 -1.63192
408.68 449.897 -30.1825
421.482 418.287 -30.1827
426.837 420.379 -1.63266
407.55 449.438 -33.1065
392.578 443.111 -57.2406
405.212 411.913 -57.2398
420.352 417.828 -33.1068
390.502 442.267 -59.4799
368.233 432.869 -75.6557
380.615 402.29 -75.6533
403.135 411.07 -59.4791
365.524 431.771 -76.8759
339.247 420.698 -82.6144
351.33 390.857 -82.6111
377.905 401.192 -76.8734
336.309 419.509 -82.6255
309.994 408.438 -77.0126
321.776 379.343 -77.0097
348.392 389.668 -82.6222
307.273 407.338 -75.8078
284.928 397.947 -59.677
296.45 369.493 -59.6753
319.054 378.244 -75.8049
282.838 397.104 -57.4328
267.852 390.813 -33.1648
279.198 362.793 -33.1638
294.36 368.651 -57.4312
266.718 390.356 -30.2217
261.461 388.158 -1.57008
272.746 360.292 -1.56938
278.064 362.337 -30.2208
273.96 357.17 1.61725
279.293 359.235 30.244
289.856 330.891 30.2443
284.464 328.981 1.61823
280.439 359.66 33.1826
295.572 365.505 57.3969
306.297 336.725 57.3955
291.002 331.315 33.1829
297.684 366.287 59.6384
320.285 375.027 75.7763
331.25 345.602 75.7729
308.409 337.507 59.637
323.036 376.048 76.9819
349.653 386.366 82.6021
360.897 356.19 82.5977
334.001 346.623 76.9786
352.624 387.471 82.5918
379.201 397.801 76.8596
390.722 366.885 76.8562
363.868 357.296 82.5874
381.941 398.823 75.6401
404.464 407.598 59.4687
416.219 376.059 59.4674
393.461 367.907 75.6366
406.565 408.384 57.2267
421.731 414.312 33.0384
433.643 382.356 33.0378
418.32 376.845 57.2253
422.873 414.741 30.11
428.214 416.839 1.53687
440.182 384.735 1.53656
434.786 382.785 30.1094
428.213 416.839 -1.63268
422.858 414.747 -30.1827
434.771 382.79 -30.1824
440.181 384.735 -1.63299
421.716 414.319 -33.1067
406.576 408.404 -57.2397
418.332 376.863 -57.238
433.629 382.362 -33.1064
404.477 407.618 -59.4789
381.956 398.839 -75.6531
393.478 367.92 -75.6491
416.233 376.077 -59.4771
379.217 397.816 -76.873
352.642 387.481 -82.6107
363.887 357.304 -82.6056
390.739 366.897 -76.869
349.672 386.375 -82.6218
323.055 376.05 -77.0093
334.021 346.623 -77.005
360.917 356.197 -82.6167
320.304 375.028 -75.8046
297.7 366.278 -59.675
308.425 337.497 -59.6725
331.269 345.601 -75.8002
295.587 365.495 -57.431
280.425 359.638 -33.1636
290.986 331.295 -33.1622
306.312 336.714 -57.4284
279.278 359.214 -30.2206
273.959 357.169 -1.56926
284.463 328.98 -1.56828
289.839 330.871 -30.2192
285.591 325.824 1.61831
290.982 327.734 30.2444
300.754 299.085 30.2448
295.309 297.331 1.61954
292.14 328.125 33.1828
307.436 333.534 57.3954
317.358 304.446 57.3936
301.912 299.476 33.1832
309.569 334.256 59.6367
332.41 342.351 75.7726
342.553 312.615 75.768
319.491 305.168 59.6349
335.189 343.294 76.978
362.085 352.862 82.5972
372.485 322.373 82.5912
345.332 313.559 76.9735
365.085 353.884 82.5869
391.939 363.473 76.8557
402.594 332.242 76.8508
375.485 323.396 82.5809
394.706 364.419 75.6364
417.463 372.571 59.4671
428.335 340.715 59.4654
405.36 333.188 75.6315
419.586 373.3 57.2252
434.909 378.81 33.0377
445.927 346.533 33.0372
430.457 341.444 57.2235
436.063 379.208 30.1094
441.459 381.158 1.53651
452.529 348.731 1.53661
447.081 346.931 30.1089
441.458 381.159 -1.63294
436.048 379.213 -30.1823
447.067 346.934 -30.1812
452.529 348.731 -1.63284
434.895 378.816 -33.1062
419.598 373.317 -57.2378
430.471 341.458 -57.235
445.913 346.537 -33.1051
417.478 372.589 -59.4768
394.723 364.432 -75.6487
405.378 333.199 -75.6426
428.35 340.73 -59.4739
391.956 363.485 -76.8684
365.104 353.892 -82.605
375.505 323.401 -82.5975
402.612 332.251 -76.8623
362.104 352.868 -82.616
335.208 343.294 -77.0043
345.352 313.558 -76.9981
372.505 322.378 -82.6085
332.429 342.35 -75.7997
309.585 334.246 -59.672
319.507 305.158 -59.6684
342.573 312.614 -75.7935
307.45 333.524 -57.4282
292.125 328.104 -33.1619
301.896 299.457 -33.1601
317.372 304.436 -57.4246
290.966 327.713 -30.2191
285.59 325.823 -1.56812
295.308 297.33 -1.56689
300.737 299.066 -30.2172
296.348 294.14 1.61963
301.793 295.894 30.2449
310.771 266.96 30.2452
305.276 265.363 1.62107
302.962 296.252 33.1831
318.408 301.222 57.3935
327.524 271.847 57.391
311.94 267.317 33.1834
320.561 301.883 59.6345
343.623 309.331 75.7676
352.941 279.306 75.7613
329.677 272.508 59.632
346.427 310.196 76.9728
373.58 319.011 82.5904
383.132 288.234 82.5818
355.745 280.172 76.9664
376.607 319.951 82.5801
403.716 328.797 76.8501
413.5 297.277 76.8431
386.159 289.174 82.5715
406.507 329.667 75.6311
429.482 337.194 59.465
439.466 305.049 59.4627
416.291 298.148 75.6241
431.623 337.865 57.2234
447.093 342.954 33.037
457.214 310.381 33.0364
441.607 305.719 57.2211
448.258 343.32 30.1088
453.707 345.12 1.53656
463.876 312.392 1.53705
458.378 310.747 30.1082
453.706 345.12 -1.6327
448.244 343.323 -30.1811
458.365 310.748 -30.1791
463.875 312.393 -1.63221
447.08 342.958 -33.1048
431.637 337.878 -57.2347
441.623 305.729 -57.2305
457.201 310.383 -33.1029
429.497 337.208 -59.4733
406.525 329.677 -75.642
416.311 298.155 -75.633
439.483 305.059 -59.4691
403.734 328.806 -76.8614
376.627 319.956 -82.5966
386.18 289.177 -82.5858
413.519 297.284 -76.8525
373.6 319.016 -82.6075
346.447 310.195 -76.9971
355.765 280.17 -76.9885
383.153 288.237 -82.5968
343.642 309.329 -75.7928
320.577 301.874 -59.6677
329.692 272.499 -59.6629
352.961 279.304 -75.7842
318.422 301.212 -57.4242
302.946 296.233 -33.1597
311.923 267.3 -33.1573
327.538 271.837 -57.4194
301.776 295.876 -30.217
296.347 294.14 -1.56669
305.275 265.362 -1.56524
310.753 266.943 -30.2147
306.227 262.142 1.62117
311.722 263.739 30.2453
319.902 234.537 30.2455
314.362 233.099 1.62276
312.9 264.063 33.1833
328.485 268.592 57.3909
336.791 238.948 57.3874
321.081 234.861 33.1835
330.655 269.193 59.6314
353.919 275.991 75.7607
362.409 245.698 75.752
338.962 239.548 59.628
356.747 276.779 76.9654
384.133 284.841 82.5808
392.834 253.8 82.5687
365.237 246.486 76.9568
387.185 285.698 82.5705
414.526 293.802 76.8421
423.437 262.022 76.8321
395.886 254.656 82.5584
417.341 294.597 75.6235
440.515 301.497 59.4621
449.608 269.091 59.4588
426.251 262.817 75.6135
442.674 302.109 57.2208
458.281 306.771 33.0362
467.502 273.929 33.0352
451.768 269.703 57.2174
459.456 307.104 30.1081
464.953 308.75 1.53697
474.221 275.746 1.53783
468.677 274.262 30.1072
464.953 308.75 -1.63196
459.442 307.105 -30.1789
468.664 274.26 -30.1758
474.221 275.746 -1.6311
458.269 306.772 -33.1024
442.69 302.119 -57.23
451.785 269.709 -57.2241
467.49 273.928 -33.0993
440.532 301.507 -59.4683
417.36 294.603 -75.6322
426.272 262.82 -75.6196
449.628 269.097 -59.4623
414.546 293.808 -76.8512
387.206 285.701 -82.5845
395.908 254.658 -82.5698
423.458 262.025 -76.8386
384.155 284.844 -82.5955
356.767 276.777 -76.9872
365.258 246.484 -76.9757
392.857 253.801 -82.5807
353.939 275.989 -75.7833
330.671 269.184 -59.662
338.978 239.541 -59.6557
362.43 245.696 -75.7718
328.498 268.583 -57.4189
312.883 264.046 -33.1569
321.063 234.847 -33.154
336.805 238.94 -57.4126
311.704 263.722 -30.2144
306.226 262.142 -1.565
314.361 233.098 -1.56341
319.883 234.523 -30.2115
315.224 229.849 1.62286
320.764 231.287 30.2456
328.147 201.835 30.2454
322.565 200.558 1.62453
321.952 231.578 33.1832
337.662 235.665 57.3872
345.159 205.769 57.3827
329.334 202.126 33.183
339.849 236.204 59.6271
363.297 242.354 75.7512
370.958 211.812 75.7401
347.346 206.308 59.6226
366.145 243.064 76.9554
393.743 250.378 82.5673
401.591 219.096 82.5513
373.806 212.522 76.9443
396.817 251.153 82.557
424.367 258.518 76.8307
432.402 226.507 76.8167
404.665 219.871 82.541
427.202 259.238 75.6126
450.559 265.512 59.4579
458.761 232.876 59.4528
435.238 227.227 75.5987
452.736 266.064 57.217
468.47 270.291 33.0348
476.79 237.203 33.0331
460.937 233.428 57.2119
469.654 270.59 30.1071
475.198 272.074 1.53768
483.565 238.813 1.53889
477.974 237.502 30.1053
475.198 272.073 -1.63071
469.641 270.588 -30.1754
477.963 237.497 -30.1708
483.564 238.812 -1.6295
468.458 270.289 -33.0985
452.753 266.07 -57.2233
460.957 233.43 -57.2152
476.78 237.198 -33.0939
450.579 265.518 -59.4612
427.224 259.241 -75.6185
435.261 227.227 -75.6016
458.783 232.877 -59.4531
424.389 258.521 -76.8369
396.839 251.154 -82.5681
404.689 219.871 -82.549
432.426 226.507 -76.8201
393.765 250.379 -82.579
366.166 243.063 -76.9741
373.828 212.521 -76.9597
401.615 219.096 -82.56
363.318 242.352 -75.7707
339.865 236.197 -59.6546
347.362 206.304 -59.6468
370.979 211.811 -75.7563
337.676 235.657 -57.412
321.934 231.564 -33.1534
329.316 202.115 -33.1498
345.173 205.764 -57.4042
320.746 231.273 -30.2113
315.223 229.849 -1.56313
322.564 200.557 -1.56146
328.128 201.825 -30.2077
323.339 197.281 1.62461
328.921 198.559 30.2455
335.507 168.874 30.2443
329.89 167.76 1.62629
330.116 198.816 33.1827
345.941 202.458 57.3823
352.628 172.326 57.3762
336.703 169.131 33.1814
348.142 202.937 59.6215
371.754 208.441 75.739
378.587 177.669 75.7254
354.829 172.805 59.6154
374.621 209.075 76.9426
402.406 215.649 82.5496
409.402 184.15 82.5295
381.453 178.302 76.9289
405.5 216.343 82.5391
433.237 222.979 76.8148
440.395 190.768 76.7961
412.496 184.844 82.5191
436.091 223.624 75.5975
459.614 229.273 59.4516
466.92 196.441 59.443
443.249 191.412 75.5787
461.806 229.765 57.2111
477.658 233.54 33.0323
485.076 200.228 33.0288
469.112 196.933 57.2025
478.851 233.803 30.1051
484.441 235.114 1.53861
491.905 201.612 1.54012
486.268 200.491 30.1016
484.441 235.113 -1.62892
478.84 233.798 -30.1702
486.259 200.482 -30.1634
491.904 201.611 -1.62741
477.648 233.535 -33.0928
461.826 229.766 -57.2141
469.135 196.929 -57.2026
485.067 200.218 -33.086
459.636 229.274 -59.4515
436.114 223.624 -75.6001
443.275 191.409 -75.5785
466.945 196.437 -59.44
433.26 222.979 -76.8179
405.523 216.342 -82.5468
412.521 184.844 -82.5237
440.421 190.764 -76.7963
402.43 215.649 -82.5579
374.643 209.074 -76.9576
381.476 178.303 -76.9406
409.428 184.15 -82.5348
371.776 208.44 -75.7549
348.158 202.933 -59.6453
354.846 172.805 -59.6356
378.609 177.67 -75.7378
345.955 202.454 -57.4035
330.098 198.806 -33.1491
336.685 169.126 -33.1443
352.643 172.326 -57.3938
328.901 198.549 -30.2074
323.338 197.281 -1.56114
329.889 167.759 -1.55946
335.489 168.869 -30.2026
330.577 164.459 1.62624
336.194 165.573 30.2442
342 135.672 30.2383
336.354 134.728 1.6279
337.397 165.795 33.1807
353.321 168.991 57.3755
359.209 138.639 57.3623
343.203 135.895 33.1748
355.535 169.409 59.6138
379.292 174.273 75.7238
385.299 143.288 75.7023
361.423 139.057 59.6006
382.174 174.831 76.9266
410.123 180.68 82.5272
416.264 148.991 82.4986
388.18 143.846 76.9051
413.233 181.295 82.5165
441.133 187.218 76.7935
447.406 154.839 76.7651
419.374 149.606 82.4879
444.003 187.79 75.5767
467.674 192.819 59.441
474.068 159.827 59.4217
450.276 155.411 75.5483
469.879 193.249 57.2009
485.843 196.543 33.0272
492.341 163.022 33.0189
476.274 160.258 57.1816
487.044 196.767 30.1011
492.68 197.887 1.53959
499.223 164.153 1.54133
493.542 163.246 30.0928
492.68 197.887 -1.62653
487.035 196.757 -30.1625
493.536 163.232 -30.1509
499.223 164.152 -1.6248
485.835 196.533 -33.084
469.903 193.244 -57.2006
476.301 160.247 -57.1795
492.336 163.007 -33.0725
467.699 192.814 -59.4377
444.029 187.786 -75.5762
450.305 155.404 -75.5459
474.097 159.817 -59.4166
441.159 187.215 -76.7934
413.259 181.294 -82.5209
419.402 149.605 -82.4897
447.435 154.833 -76.7631
410.149 180.679 -82.5321
382.198 174.833 -76.9378
388.206 143.85 -76.913
416.292 148.99 -82.5009
379.315 174.274 -75.7358
355.552 169.41 -59.6336
361.442 139.064 -59.6164
385.324 143.292 -75.7109
353.337 168.992 -57.3927
337.379 165.791 -33.1432
343.186 135.899 -33.1334
359.226 138.646 -57.3754
336.175 165.568 -30.2021
330.576 164.459 -1.55898
336.353 134.728 -1.55732
341.982 135.676 -30.1924
336.958 131.406 1.62688
342.604 132.35 30.2372
347.694 102.271 30.2
342.034 101.505 1.62843
343.811 132.538 33.1713
359.818 135.282 57.3588
364.951 104.741 57.2909
348.902 102.459 33.1341
362.04 135.639 59.5952
385.916 139.87 75.697
391.11 108.704 75.6106
367.173 105.098 59.5272
388.808 140.355 76.8987
416.891 145.499 82.4922
422.158 113.652 82.4016
394.003 109.189 76.8124
420.013 146.039 82.4817
448.045 151.272 76.7589
453.386 118.762 76.6784
425.279 114.191 82.3911
450.926 151.772 75.543
474.719 156.189 59.4164
480.126 123.076 59.3496
456.267 119.262 75.4625
476.935 156.554 57.1773
493.002 159.318 33.0146
498.494 125.589 32.9857
482.342 123.441 57.1104
494.21 159.498 30.0915
499.892 160.404 1.54005
505.418 126.431 1.54239
499.702 125.769 30.0626
499.892 160.403 -1.62317
494.204 159.483 -30.1493
499.702 125.747 -30.1183
505.418 126.43 -1.62084
492.998 159.303 -33.068
476.963 156.542 -57.1751
482.375 123.423 -57.1099
498.496 125.567 -33.037
474.748 156.178 -59.4113
450.955 151.765 -75.5406
456.301 119.253 -75.4603
480.16 123.059 -59.3461
448.074 151.266 -76.7567
420.042 146.037 -82.4834
425.311 114.19 -82.3915
453.42 118.753 -76.6765
416.92 145.499 -82.4943
388.834 140.36 -76.9063
394.032 109.197 -76.8168
422.19 113.652 -82.4024
385.941 139.875 -75.7052
362.059 135.647 -59.6106
367.197 105.116 -59.5375
391.14 108.713 -75.6157
359.835 135.29 -57.3715
343.795 132.543 -33.1295
348.889 102.476 -33.0881
364.972 104.759 -57.2985
342.586 132.355 -30.1909
336.957 131.406 -1.55584
342.034 101.506 -1.55429
347.68 102.288 -30.1495
342.58 98.1739 1.62074
348.24 98.9398 30.1924
352.97 68.8251 29.9526
347.344 68.2419 1.62017
349.445 99.0914 33.1124
365.494 101.373 57.2692
370.133 70.7917 56.8366
354.176 68.9767 32.8727
367.713 101.67 59.4959
391.651 105.276 75.5793
396.152 74.0567 75.0414
372.352 71.0887 59.0634
394.538 105.687 76.7776
422.693 110.151 82.3669
427.043 78.2389 81.8299
399.04 74.4684 76.2397
425.81 110.615 82.3588
453.918 115.186 76.6461
458.125 82.6139 76.1863
430.16 78.7032 81.8219
456.796 115.615 75.4362
480.654 119.428 59.3232
484.74 86.2086 58.9855
461.003 83.0431 74.9764
482.871 119.72 57.0924
499.023 121.869 32.9677
503.061 87.8817 32.8028
486.957 86.4998 56.7547
500.231 121.994 30.057
505.947 122.656 1.53682
509.944 88.3876 1.53953
504.269 88.0076 29.8921
505.948 122.655 -1.61493
500.232 121.972 -30.1124
504.279 87.9783 -29.9471
509.945 88.3862 -1.61221
499.026 121.845 -33.019
482.905 119.701 -57.092
486.995 86.476 -56.7569
503.073 87.8513 -32.8538
480.689 119.411 -59.3199
456.83 115.605 -75.4341
461.04 83.0313 -74.9737
484.78 86.1858 -58.9849
453.952 115.177 -76.6441
425.843 110.614 -82.3591
430.195 78.7027 -81.8215
458.162 82.6032 -76.1837
422.726 110.151 -82.3675
394.569 105.696 -76.7819
399.073 74.481 -76.2423
427.078 78.2395 -81.8298
391.68 105.285 -75.5839
367.737 101.689 -59.5058
372.382 71.1178 -59.0662
396.185 74.0705 -75.0444
365.517 101.393 -57.2763
349.433 99.1107 -33.0659
354.172 69.0125 -32.8237
370.162 70.8218 -56.8367
348.226 98.9577 -30.1415
342.58 98.1753 -1.54632
347.343 68.2433 -1.54689
352.965 68.8596 -29.8993
347.994 64.9672 1.5748
353.62 65.5504 29.9073
360.522 36.3653 28.6076
355.156 35.7744 1.57062
354.791 65.6836 32.7466
370.748 67.4986 56.7104
376.903 38.3077 54.3188
361.693 36.4985 31.4469
372.907 67.761 58.8808
396.707 70.7291 74.8588
401.752 41.4188 71.7563
379.061 38.5701 56.4891
399.521 71.093 76.032
427.524 74.8634 81.6222
431.289 45.2845 78.3033
404.566 41.7827 72.9295
430.565 75.2735 81.6211
458.53 79.1842 75.9855
461.042 49.2645 72.9607
434.329 45.6946 78.3022
461.337 79.5616 74.812
485.074 82.7271 58.8211
486.517 52.5884 56.5274
463.85 49.6419 71.7872
487.23 82.981 56.6547
503.334 84.3629 32.7028
503.893 54.5028 31.4227
488.673 52.8424 54.361
504.512 84.4719 29.8579
510.188 84.8519 1.50527
510.409 55.1019 1.5088
505.072 54.6118 28.5778
510.188 84.8496 -1.57758
504.522 84.4418 -29.9125
505.073 54.5564 -28.6232
510.41 55.0997 -1.57405
503.346 84.331 -32.7534
487.268 82.9556 -56.6565
488.707 52.7918 -54.3555
503.896 54.4456 -31.4641
485.114 82.7033 -58.8202
461.374 79.5488 -74.8089
463.883 49.6259 -71.7826
486.553 52.5394 -56.5192
458.566 79.1733 -75.9828
430.6 75.2729 -81.6206
434.362 45.6949 -78.3021
461.076 49.2504 -72.9564
427.559 74.8643 -81.6221
399.554 71.1058 -76.0346
404.595 41.8005 -72.9343
431.321 45.2863 -78.3036
396.74 70.744 -74.8618
372.937 67.7913 -58.8837
379.083 38.6239 -56.4986
401.781 41.4388 -71.7615
370.777 67.5306 -56.7107
354.787 65.7214 -32.6977
361.68 36.5575 -31.4071
376.922 38.3632 -54.3256
353.615 65.5859 -29.8543
347.993 64.9696 -1.50186
355.155 35.7768 -1.50604
360.508 36.4221 -28.5637
355.994 32.5935 1.48509
361.36 33.1844 28.5221
369.296 4.98375 26.7349
364.28 4.41097 1.47516
362.466 33.3154 31.2048
377.676 35.1246 54.0766
384.616 6.85963 50.785
370.402 5.11472 29.4176
379.715 35.3768 56.127
402.406 38.2255 71.3942
407.871 9.77984 67.0782
386.655 7.1118 52.8353
405.064 38.5654 72.5025
431.787 42.0672 77.8762
435.505 13.3213 73.1682
410.53 10.1198 68.1865
434.66 42.4426 77.8756
461.373 46.0125 72.5341
463.326 16.9215 68.146
438.379 13.6967 73.1676
464.025 46.3593 71.426
486.692 49.3058 56.1662
487.126 20.0041 52.784
465.978 17.2683 67.0379
488.726 49.5577 54.1162
503.946 51.2181 31.1779
503.328 21.9667 29.3502
489.159 20.256 50.734
505.05 51.3401 28.4915
510.388 51.8303 1.4225
509.4 22.6112 1.43505
504.433 22.0887 26.6638
510.388 51.8265 -1.48607
505.051 51.2832 -28.5352
504.429 22.0054 -26.6867
509.4 22.6074 -1.47352
503.948 51.1579 -31.218
488.759 49.5042 -54.1095
489.179 20.183 -50.7225
503.326 21.8802 -29.3695
486.727 49.2556 -56.1576
464.058 46.3421 -71.421
465.999 17.2546 -67.0347
487.148 19.9344 -52.7706
461.405 45.9984 -72.5299
434.691 42.4429 -77.8755
438.398 13.6963 -73.1674
463.347 16.9109 -68.1435
431.818 42.069 -77.8766
405.093 38.5832 -72.5073
410.547 10.134 -68.1901
435.525 13.3224 -73.1685
402.434 38.2465 -71.3997
379.736 35.4317 -56.1368
386.66 7.18127 -52.8487
407.888 9.79731 -67.0826
377.695 35.1824 -54.0845
362.452 33.3768 -31.1661
370.378 5.19669 -29.3956
384.619 6.93201 -50.7964
361.345 33.2424 -28.4797
355.993 32.5972 -1.42199
364.279 4.4146 -1.43192
369.271 5.06235 -26.7092
365.292 1.55609 1.34628
370.308 2.12887 26.606
380.274 -21.2584 23.7787
375.851 -21.88 1.32699
371.315 2.25883 29.0566
385.529 4.00374 50.424
393.88 -19.3693 45.2597
381.281 -21.1285 26.2294
387.391 4.24546 52.2982
408.607 6.9135 66.5411
414.625 -16.5973 59.8046
395.742 -19.1276 47.1339
411.037 7.22925 67.5518
436.013 10.4308 72.5335
439.291 -13.3311 65.2071
417.055 -16.2816 60.8152
438.639 10.7734 72.5293
463.586 13.9982 67.5078
464.101 -10.0567 60.6783
441.917 -12.9885 65.2029
466.008 14.3149 66.492
487.156 17.0506 52.238
485.286 -7.26478 46.9425
466.523 -9.74004 59.6625
489.008 17.2901 50.3664
503.178 19.0008 28.9826
499.653 -5.37585 26.1059
487.139 -7.0253 45.0708
504.182 19.1253 26.5362
509.149 19.6478 1.30751
505.046 -4.67299 1.32469
500.657 -5.25141 23.6595
509.149 19.6454 -1.34186
504.178 19.0434 -26.555
500.657 -5.25397 -23.6595
505.047 -4.67539 -1.32468
503.175 18.9167 -29.0012
489.028 17.2195 -50.3541
487.139 -7.03033 -45.0708
499.653 -5.38067 -26.1056
487.175 16.9824 -52.2256
466.027 14.3027 -66.4897
466.524 -9.74271 -59.6624
485.287 -7.26739 -46.9423
463.605 13.9879 -67.5054
438.656 10.7734 -72.5293
441.918 -12.9892 -65.2027
464.102 -10.0574 -60.6781
436.031 10.4314 -72.5336
411.053 7.24296 -67.5552
417.055 -16.2815 -60.8152
439.292 -13.3312 -65.207
408.623 6.92901 -66.5446
387.394 4.31297 -52.3106
395.742 -19.1255 -47.1339
414.625 -16.5955 -59.8045
385.532 4.0736 -50.4361
371.29 2.33827 -29.0353
381.281 -21.124 -26.229
393.879 -19.3649 -45.2594
370.283 2.20615 -26.5843
365.291 1.55841 -1.30699
375.851 -21.8777 -1.32629
380.273 -21.2561 -23.778
-108.67 901.314 25.8177
-112.012 897.468 0.0688272
-108.634 901.302 -25.6754
-99.0285 912.226 -47.5161
-84.5478 928.521 -62.1156
-67.3507 947.656 -67.2236
-50.1064 966.731 -62.0753
-35.5115 982.918 -47.4849
-25.8072 993.808 -25.6694
-22.4092 997.652 0.0817758
-25.7965 993.787 25.83
-35.4933 982.884 47.639
-50.0925 966.701 62.2265
-67.3429 947.631 67.3713
-84.5464 928.504 62.259
-99.0568 912.23 47.6631
382.635 -22.3855 1.31945e-05
387.058 -21.764 22.4517
399.656 -20.0048 41.4821
418.539 -17.4746 54.1528
440.776 -14.5241 58.5446
462.96 -11.5923 54.02
481.723 -9.11705 41.3
494.237 -7.4676 22.335
498.627 -6.88918 0.000239176
494.237 -7.46776 -22.3346
481.723 -9.11742 -41.2997
462.96 -11.5927 -54.0199
440.776 -14.5245 -58.5445
418.539 -17.4748 -54.1527
399.656 -20.0049 -41.4821
387.058 -21.764 -22.4517
</DataArray>
</Points>
<Cells>
<DataArray type="Int32" Name="connectivity" format="ascii">
0 1 2 3 
4 5 6 7 
8 9 10 11 
12 13 14 15 
16 17 18 19 
20 21 22 23 
24 25 26 27 
28 29 30 31 
32 33 34 35 
36 37 38 39 
40 41 42 43 
44 45 46 47 
48 49 50 51 
52 53 54 55 
56 57 58 59 
60 61 62 63 
64 65 66 67 
68 69 70 71 
72 73 74 75 
76 77 78 79 
80 81 82 83 
84 85 86 87 
88 89 90 91 
92 93 94 95 
96 97 98 99 
100 101 102 103 
104 105 106 107 
108 109 110 111 
112 113 114 115 
116 117 118 119 
120 121 122 123 
124 125 126 127 
128 129 130 131 
132 133 134 135 
136 137 138 139 
140 141 142 143 
144 145 146 147 
148 149 150 151 
152 153 154 155 
156 157 158 159 
160 161 162 163 
164 165 166 167 
168 169 170 171 
172 173 174 175 
176 177 178 179 
180 181 182 183 
184 185 186 187 
188 189 190 191 
192 193 194 195 
196 197 198 199 
200 201 202 203 
204 205 206 207 
208 209 210 211 
212 213 214 215 
216 217 218 219 
220 221 222 223 
224 225 226 227 
228 229 230 231 
232 233 234 235 
236 237 238 239 
240 241 242 243 
244 245 246 247 
248 249 250 251 
252 253 254 255 
256 257 258 259 
260 261 262 263 
264 265 266 267 
268 269 270 271 
272 273 274 275 
276 277 278 279 
280 281 282 283 
284 285 286 287 
288 289 290 291 
292 293 294 295 
296 297 298 299 
300 301 302 303 
304 305 306 307 
308 309 310 311 
312 313 314 315 
316 317 318 319 
320 321 322 323 
324 325 326 327 
328 329 330 331 
332 333 334 335 
336 337 338 339 
340 341 342 343 
344 345 346 347 
348 349 350 351 
352 353 354 355 
356 357 358 359 
360 361 362 363 
364 365 366 367 
368 369 370 371 
372 373 374 375 
376 377 378 379 
380 381 382 383 
384 385 386 387 
388 389 390 391 
392 393 394 395 
396 397 398 399 
400 401 402 403 
404 405 406 407 
408 409 410 411 
412 413 414 415 
416 417 418 419 
420 421 422 423 
424 425 426 427 
428 429 430 431 
432 433 434 435 
436 437 438 439 
440 441 442 443 
444 445 446 447 
448 449 450 451 
452 453 454 455 
456 457 458 459 
460 461 462 463 
464 465 466 467 
468 469 470 471 
472 473 474 475 
476 477 478 479 
480 481 482 483 
484 485 486 487 
488 489 490 491 
492 493 494 495 
496 497 498 499 
500 501 502 503 
504 505 506 507 
508 509 510 511 
512 513 514 515 
516 517 518 519 
520 521 522 523 
524 525 526 527 
528 529 530 531 
532 533 534 535 
536 537 538 539 
540 541 542 543 
544 545 546 547 
548 549 550 551 
552 553 554 555 
556 557 558 559 
560 561 562 563 
564 565 566 567 
568 569 570 571 
572 573 574 575 
576 577 578 579 
580 581 582 583 
584 585 586 587 
588 589 590 591 
592 593 594 595 
596 597 598 599 
600 601 602 603 
604 605 606 607 
608 609 610 611 
612 613 614 615 
616 617 618 619 
620 621 622 623 
624 625 626 627 
628 629 630 631 
632 633 634 635 
636 637 638 639 
640 641 642 643 
644 645 646 647 
648 649 650 651 
652 653 654 655 
656 657 658 659 
660 661 662 663 
664 665 666 667 
668 669 670 671 
672 673 674 675 
676 677 678 679 
680 681 682 683 
684 685 686 687 
688 689 690 691 
692 693 694 695 
696 697 698 699 
700 701 702 703 
704 705 706 707 
708 709 710 711 
712 713 714 715 
716 717 718 719 
720 721 722 723 
724 725 726 727 
728 729 730 731 
732 733 734 735 
736 737 738 739 
740 741 742 743 
744 745 746 747 
748 749 750 751 
752 753 754 755 
756 757 758 759 
760 761 762 763 
764 765 766 767 
768 769 770 771 
772 773 774 775 
776 777 778 779 
780 781 782 783 
784 785 786 787 
788 789 790 791 
792 793 794 795 
796 797 798 799 
800 801 802 803 
804 805 806 807 
808 809 810 811 
812 813 814 815 
816 817 818 819 
820 821 822 823 
824 825 826 827 
828 829 830 831 
832 833 834 835 
836 837 838 839 
840 841 842 843 
844 845 846 847 
848 849 850 851 
852 853 854 855 
856 857 858 859 
860 861 862 863 
864 865 866 867 
868 869 870 871 
872 873 874 875 
876 877 878 879 
880 881 882 883 
884 885 886 887 
888 889 890 891 
892 893 894 895 
896 897 898 899 
900 901 902 903 
904 905 906 907 
908 909 910 911 
912 913 914 915 
916 917 918 919 
920 921 922 923 
924 925 926 927 
928 929 930 931 
932 933 934 935 
936 937 938 939 
940 941 942 943 
944 945 946 947 
948 949 950 951 
952 953 954 955 
956 957 958 959 
960 961 962 963 
964 965 966 967 
968 969 970 971 
972 973 974 975 
976 977 978 979 
980 981 982 983 
984 985 986 987 
988 989 990 991 
992 993 994 995 
996 997 998 999 
1000 1001 1002 1003 
1004 1005 1006 1007 
1008 1009 1010 1011 
1012 1013 1014 1015 
1016 1017 1018 1019 
1020 1021 1022 1023 
1024 1025 1026 1027 
1028 1029 1030 1031 
1032 1033 1034 1035 
1036 1037 1038 1039 
1040 1041 1042 1043 
1044 1045 1046 1047 
1048 1049 1050 1051 
1052 1053 1054 1055 
1056 1057 1058 1059 
1060 1061 1062 1063 
1064 1065 1066 1067 
1068 1069 1070 1071 
1072 1073 1074 1075 
1076 1077 1078 1079 
1080 1081 1082 1083 
1084 1085 1086 1087 
1088 1089 1090 1091 
1092 1093 1094 1095 
1096 1097 1098 1099 
1100 1101 1102 1103 
1104 1105 1106 1107 
1108 1109 1110 1111 
1112 1113 1114 1115 
1116 1117 1118 1119 
1120 1121 1122 1123 
1124 1125 1126 1127 
1128 1129 1130 1131 
1132 1133 1134 1135 
1136 1137 1138 1139 
1140 1141 1142 1143 
1144 1145 1146 1147 
1148 1149 1150 1151 
1152 1153 1154 1155 
1156 1157 1158 1159 
1160 1161 1162 1163 
1164 1165 1166 1167 
1168 1169 1170 1171 
1172 1173 1174 1175 
1176 1177 1178 1179 
1180 1181 1182 1183 
1184 1185 1186 1187 
1188 1189 1190 1191 
1192 1193 1194 1195 
1196 1197 1198 1199 
1200 1201 1202 1203 
1204 1205 1206 1207 
1208 1209 1210 1211 
1212 1213 1214 1215 
1216 1217 1218 1219 
1220 1221 1222 1223 
1224 1225 1226 1227 
1228 1229 1230 1231 
1232 1233 1234 1235 
1236 1237 1238 1239 
1240 1241 1242 1243 
1244 1245 1246 1247 
1248 1249 1250 1251 
1252 1253 1254 1255 
1256 1257 1258 1259 
1260 1261 1262 1263 
1264 1265 1266 1267 
1268 1269 1270 1271 
1272 1273 1274 1275 
1276 1277 1278 1279 
1280 1281 1282 1283 
1284 1285 1286 1287 
1288 1289 1290 1291 
1292 1293 1294 1295 
1296 1297 1298 1299 
1300 1301 1302 1303 
1304 1305 1306 1307 
1308 1309 1310 1311 
1312 1313 1314 1315 
1316 1317 1318 1319 
1320 1321 1322 1323 
1324 1325 1326 1327 
1328 1329 1330 1331 
1332 1333 1334 1335 
1336 1337 1338 1339 
1340 1341 1342 1343 
1344 1345 1346 1347 
1348 1349 1350 1351 
1352 1353 1354 1355 
1356 1357 1358 1359 
1360 1361 1362 1363 
1364 1365 1366 1367 
1368 1369 1370 1371 
1372 1373 1374 1375 
1376 1377 1378 1379 
1380 1381 1382 1383 
1384 1385 1386 1387 
1388 1389 1390 1391 
1392 1393 1394 1395 
1396 1397 1398 1399 
1400 1401 1402 1403 
1404 1405 1406 1407 
1408 1409 1410 1411 
1412 1413 1414 1415 
1416 1417 1418 1419 
1420 1421 1422 1423 
1424 1425 1426 1427 
1428 1429 1430 1431 
1432 1433 1434 1435 
1436 1437 1438 1439 
1440 1441 1442 1443 
1444 1445 1446 1447 
1448 1449 1450 1451 
1452 1453 1454 1455 
1456 1457 1458 1459 
1460 1461 1462 1463 
1464 1465 1466 1467 
1468 1469 1470 1471 
1472 1473 1474 1475 
1476 1477 1478 1479 
1480 1481 1482 1483 
1484 1485 1486 1487 
1488 1489 1490 1491 
1492 1493 1494 1495 
1496 1497 1498 1499 
1500 1501 1502 1503 
1504 1505 1506 1507 
1508 1509 1510 1511 
1512 1513 1514 1515 
1516 1517 1518 1519 
1520 1521 1522 1523 
1524 1525 1526 1527 
1528 1529 1530 1531 
1532 1533 1534 1535 
1536 1537 1538 1539 
1540 1541 1542 1543 
1544 1545 1546 1547 
1548 1549 1550 1551 
1552 1553 1554 1555 
1556 1557 1558 1559 
1560 1561 1562 1563 
1564 1565 1566 1567 
1568 1569 1570 1571 
1572 1573 1574 1575 
1576 1577 1578 1579 
1580 1581 1582 1583 
1584 1585 1586 1587 
1588 1589 1590 1591 
1592 1593 1594 1595 
1596 1597 1598 1599 
1600 1601 1602 1603 
1604 1605 1606 1607 
1608 1609 1610 1611 
1612 1613 1614 1615 
1616 1617 1618 1619 
1620 1621 1622 1623 
1624 1625 1626 1627 
1628 1629 1630 1631 
1632 1633 1634 1635 
1636 1637 1638 1639 
1640 1641 1642 1643 
1644 1645 1646 1647 
1648 1649 1650 1651 
1652 1653 1654 1655 
1656 1657 1658 1659 
1660 1661 1662 1663 
1664 1665 1666 1667 
1668 1669 1670 1671 
1672 1673 1674 1675 
1676 1677 1678 1679 
1680 1681 1682 1683 
1684 1685 1686 1687 
1688 1689 1690 1691 
1692 1693 1694 1695 
1696 1697 1698 1699 
1700 1701 1702 1703 
1704 1705 1706 1707 
1708 1709 1710 1711 
1712 1713 1714 1715 
1716 1717 1718 1719 
1720 1721 1722 1723 
1724 1725 1726 1727 
1728 1729 1730 1731 
1732 1733 1734 1735 
1736 1737 1738 1739 
1740 1741 1742 1743 
1744 1745 1746 1747 
1748 1749 1750 1751 
1752 1753 1754 1755 
1756 1757 1758 1759 
1760 1761 1762 1763 
1764 1765 1766 1767 
1768 1769 1770 1771 
1772 1773 1774 1775 
1776 1777 1778 1779 
1780 1781 1782 1783 
1784 1785 1786 1787 
1788 1789 1790 1791 
1792 1793 1794 1795 
1796 1797 1798 1799 
1800 1801 1802 1803 
1804 1805 1806 1807 
1808 1809 1810 1811 
1812 1813 1814 1815 
1816 1817 1818 1819 
1820 1821 1822 1823 
1824 1825 1826 1827 
1828 1829 1830 1831 
1832 1833 1834 1835 
1836 1837 1838 1839 
1840 1841 1842 1843 
1844 1845 1846 1847 
1848 1849 1850 1851 
1852 1853 1854 1855 
1856 1857 1858 1859 
1860 1861 1862 1863 
1864 1865 1866 1867 
1868 1869 1870 1871 
1872 1873 1874 1875 
1876 1877 1878 1879 
1880 1881 1882 1883 
1884 1885 1886 1887 
1888 1889 1890 1891 
1892 1893 1894 1895 
1896 1897 1898 1899 
1900 1901 1902 1903 
1904 1905 1906 1907 
1908 1909 1910 1911 
1912 1913 1914 1915 
1916 1917 1918 1919 
1920 1921 1922 1923 
1924 1925 1926 1927 
1928 1929 1930 1931 
1932 1933 1934 1935 
1936 1937 1938 1939 
1940 1941 1942 1943 
1944 1945 1946 1947 
1948 1949 1950 1951 
1952 1953 1954 1955 
1956 1957 1958 1959 
1960 1961 1962 1963 
1964 1965 1966 1967 
1968 1969 1970 1971 
1972 1973 1974 1975 
1976 1977 1978 1979 
1980 1981 1982 1983 
1984 1985 1986 1987 
1988 1989 1990 1991 
1992 1993 1994 1995 
1996 1997 1998 1999 
2000 2001 2002 2003 
2004 2005 2006 2007 
2008 2009 2010 2011 
2012 2013 2014 2015 
2016 2017 2018 2019 
2020 2021 2022 2023 
2024 2025 2026 2027 
2028 2029 2030 2031 
2032 2033 2034 2035 
2036 2037 2038 2039 
2040 2041 2042 2043 
2044 2045 2046 2047 
2048 2049 2050 2051 2052 2053 2054 2055 2056 2057 2058 2059 2060 2061 2062 2063 
2064 2065 2066 2067 2068 2069 2070 2071 2072 2073 2074 2075 2076 2077 2078 2079 
</DataArray>
<DataArray type="Int32" Name="offsets" format="ascii">
4 8 12 16 20 24 28 32 36 40 44 48 52 56 60 64 68 72 76 80 84 88 92 96 100 104 108 112 116 120 124 128 132 136 140 144 148 152 156 160 164 168 172 176 180 184 188 192 196 200 204 208 212 216 220 224 228 232 236 240 244 248 252 256 260 264 268 272 276 280 284 288 292 296 300 304 308 312 316 320 324 328 332 336 340 344 348 352 356 360 364 368 372 376 380 384 388 392 396 400 404 408 412 416 420 424 428 432 436 440 444 448 452 456 460 464 468 472 476 480 484 488 492 496 500 504 508 512 516 520 524 528 532 536 540 544 548 552 556 560 564 568 572 576 580 584 588 592 596 600 604 608 612 616 620 624 628 632 636 640 644 648 652 656 660 664 668 672 676 680 684 688 692 696 700 704 708 712 716 720 724 728 732 736 740 744 748 752 756 760 764 768 772 776 780 784 788 792 796 800 804 808 812 816 820 824 828 832 836 840 844 848 852 856 860 864 868 872 876 880 884 888 892 896 900 904 908 912 916 920 924 928 932 936 940 944 948 952 956 960 964 968 972 976 980 984 988 992 996 1000 1004 1008 1012 1016 1020 1024 1028 1032 1036 1040 1044 1048 1052 1056 1060 1064 1068 1072 1076 1080 1084 1088 1092 1096 1100 1104 1108 1112 1116 1120 1124 1128 1132 1136 1140 1144 1148 1152 1156 1160 1164 1168 1172 1176 1180 1184 1188 1192 1196 1200 1204 1208 1212 1216 1220 1224 1228 1232 1236 1240 1244 1248 1252 1256 1260 1264 1268 1272 1276 1280 1284 1288 1292 1296 1300 1304 1308 1312 1316 1320 1324 1328 1332 1336 1340 1344 1348 1352 1356 1360 1364 1368 1372 1376 1380 1384 1388 1392 1396 1400 1404 1408 1412 1416 1420 1424 1428 1432 1436 1440 1444 1448 1452 1456 1460 1464 1468 1472 1476 1480 1484 1488 1492 1496 1500 1504 1508 1512 1516 1520 1524 1528 1532 1536 1540 1544 1548 1552 1556 1560 1564 1568 1572 1576 1580 1584 1588 1592 1596 1600 1604 1608 1612 1616 1620 1624 1628 1632 1636 1640 1644 1648 1652 1656 1660 1664 1668 1672 1676 1680 1684 1688 1692 1696 1700 1704 1708 1712 1716 1720 1724 1728 1732 1736 1740 1744 1748 1752 1756 1760 1764 1768 1772 1776 1780 1784 1788 1792 1796 1800 1804 1808 1812 1816 1820 1824 1828 1832 1836 1840 1844 1848 1852 1856 1860 1864 1868 1872 1876 1880 1884 1888 1892 1896 1900 1904 1908 1912 1916 1920 1924 1928 1932 1936 1940 1944 1948 1952 1956 1960 1964 1968 1972 1976 1980 1984 1988 1992 1996 2000 2004 2008 2012 2016 2020 2024 2028 2032 2036 2040 2044 2048 2064 2080 
</DataArray>
<DataArray type="UInt8" Name="types" format="ascii">
7 7 7 7 7 7 7 7 7 7 7 7 7 7 7 7 7 7 7 7 7 7 7 7 7 7 7 7 7 7 7 7 7 7 7 7 7 7 7 7 7 7 7 7 7 7 7 7 7 7 7 7 7 7 7 7 7 7 7 7 7 7 7 7 7 7 7 7 7 7 7 7 7 7 7 7 7 7 7 7 7 7 7 7 7 7 7 7 7 7 7 7 7 7 7 7 7 7 7 7 7 7 7 7 7 7 7 7 7 7 7 7 7 7 7 7 7 7 7 7 7 7 7 7 7 7 7 7 7 7 7 7 7 7 7 7 7 7 7 7 7 7 7 7 7 7 7 7 7 7 7 7 7 7 7 7 7 7 7 7 7 7 7 7 7 7 7 7 7 7 7 7 7 7 7 7 7 7 7 7 7 7 7 7 7 7 7 7 7 7 7 7 7 7 7 7 7 7 7 7 7 7 7 7 7 7 7 7 7 7 7 7 7 7 7 7 7 7 7 7 7 7 7 7 7 7 7 7 7 7 7 7 7 7 7 7 7 7 7 7 7 7 7 7 7 7 7 7 7 7 7 7 7 7 7 7 7 7 7 7 7 7 7 7 7 7 7 7 7 7 7 7 7 7 7 7 7 7 7 7 7 7 7 7 7 7 7 7 7 7 7 7 7 7 7 7 7 7 7 7 7 7 7 7 7 7 7 7 7 7 7 7 7 7 7 7 7 7 7 7 7 7 7 7 7 7 7 7 7 7 7 7 7 7 7 7 7 7 7 7 7 7 7 7 7 7 7 7 7 7 7 7 7 7 7 7 7 7 7 7 7 7 7 7 7 7 7 7 7 7 7 7 7 7 7 7 7 7 7 7 7 7 7 7 7 7 7 7 7 7 7 7 7 7 7 7 7 7 7 7 7 7 7 7 7 7 7 7 7 7 7 7 7 7 7 7 7 7 7 7 7 7 7 7 7 7 7 7 7 7 7 7 7 7 7 7 7 7 7 7 7 7 7 7 7 7 7 7 7 7 7 7 7 7 7 7 7 7 7 7 7 7 7 7 7 7 7 7 7 7 7 7 7 7 7 7 7 7 7 7 7 7 7 7 7 7 7 7 7 7 7 7 7 7 7 7 7 7 7 7 7 7 7 7 7 7 7 7 7 7 7 7 7 7 
</DataArray>
</Cells>
<CellData Scalars="cell variable 4" Vectors="cell vector">
<DataArray type="Float64" NumberOfComponents="3" Name="cell vector" format="ascii">
0.141382 0.129254 0.981481
0.455719 0.296893 0.839151
0.720635 0.380551 0.57954
0.856212 0.452679 0.248963
0.744909 0.645195 -0.169807
0.299423 0.758017 -0.579445
-0.0781185 -0.565254 0.82121
0.0133241 -0.228233 0.973515
0.0108238 0.214269 0.976715
0.060487 0.571791 0.818166
0.278952 0.765784 0.579449
0.72708 0.663701 0.175657
0.853317 0.458539 -0.248178
0.696223 0.423985 -0.579232
-0.429744 -0.334181 0.838834
-0.163798 -0.0996237 0.981451
0.133048 0.142424 0.980823
0.384445 0.400381 0.831804
0.576665 0.598099 0.556538
0.676224 0.710003 0.196513
0.661475 0.724272 -0.194631
0.530128 0.639887 -0.556335
-0.319817 -0.455565 0.830769
-0.107215 -0.16432 0.980563
0.110278 0.161542 0.980685
0.318031 0.4567 0.830832
0.527665 0.641681 0.55661
0.659505 0.725952 0.195055
0.673821 0.712392 -0.196121
0.573755 0.601026 -0.556393
-0.383409 -0.401417 0.831783
-0.136547 -0.139177 0.980808
0.133623 0.142582 0.980722
0.382911 0.403228 0.831136
0.573557 0.602318 0.555198
0.674558 0.711996 0.19502
0.665336 0.720613 -0.195053
0.533417 0.637926 -0.555442
-0.310941 -0.466013 0.82834
-0.108254 -0.164881 0.980355
0.110251 0.163051 0.980438
0.30936 0.467047 0.82835
0.532324 0.638599 0.555718
0.663777 0.72197 0.195343
0.672934 0.7136 -0.194772
0.572311 0.603704 -0.554979
-0.38227 -0.403939 0.831085
-0.135081 -0.141061 0.980742
0.135661 0.141037 0.980665
0.38778 0.399357 0.830747
0.581159 0.595927 0.554189
0.684548 0.702793 0.193589
0.677847 0.708627 -0.195885
0.545094 0.628219 -0.55517
-0.246181 -0.519675 0.818128
-0.0325497 -0.233382 0.97184
0.0370847 0.229364 0.972634
0.23996 0.524066 0.817175
0.544181 0.628785 0.555424
0.676656 0.709691 0.196151
0.683454 0.703927 -0.193332
0.580538 0.596805 -0.553895
-0.387185 -0.400069 0.830682
-0.136192 -0.140136 0.980721
0.138904 0.138138 0.980624
0.39596 0.391834 0.830471
0.592311 0.585444 0.553555
0.696283 0.691411 0.192719
0.688996 0.697643 -0.196416
0.5646 0.611171 -0.554705
-0.297272 -0.483664 0.823224
-0.0645481 -0.210386 0.975485
0.0667836 0.208275 0.975788
0.291954 0.487897 0.822629
0.563778 0.611706 0.55495
0.688205 0.69834 0.19671
0.695623 0.692163 -0.192403
0.592019 0.586065 -0.55321
-0.395503 -0.39244 0.830403
-0.138973 -0.137539 0.980699
0.141757 0.135306 0.980611
0.403566 0.384098 0.830424
0.603365 0.57407 0.553529
0.709557 0.677792 0.192682
0.703936 0.682534 -0.196524
0.583592 0.593081 -0.554685
-0.341082 -0.447791 0.826527
-0.0941823 -0.185066 0.978203
0.0958284 0.183533 0.978332
0.336733 0.451667 0.826201
0.582696 0.593726 0.554936
0.703311 0.683084 0.196851
0.709139 0.678334 -0.192316
0.603247 0.574557 -0.553152
-0.403217 -0.384601 0.830361
-0.141615 -0.13484 0.980695
0.144665 0.132161 0.980615
0.411614 0.375304 0.830495
0.615379 0.561004 0.553701
0.72419 0.662097 0.192813
0.720107 0.665422 -0.19662
0.601583 0.574556 -0.554962
-0.374443 -0.41704 0.828173
-0.115726 -0.16488 0.979501
0.117278 0.16346 0.979554
0.371355 0.420071 0.828031
0.600702 0.575237 0.555212
0.719573 0.665899 0.19696
0.723898 0.66253 -0.192422
0.615337 0.561436 -0.553309
-0.411351 -0.375719 0.830437
-0.144424 -0.131738 0.980707
0.147709 0.128671 0.980625
0.420168 0.36547 0.830597
0.628224 0.546376 0.553903
0.739715 0.644664 0.192953
0.736771 0.646891 -0.196726
0.618897 0.555536 -0.555289
-0.399255 -0.391804 0.828906
-0.130958 -0.149453 0.980058
0.132489 0.148053 0.980065
0.397283 0.393919 0.828851
0.618101 0.55618 0.555531
0.736302 0.647321 0.197065
0.739489 0.645042 -0.192554
0.628216 0.546786 -0.553507
-0.419967 -0.365814 0.830547
-0.147414 -0.128253 0.980724
0.150859 0.124885 0.980635
0.429065 0.35477 0.830687
0.64157 0.530465 0.554071
0.755724 0.625786 0.193061
0.753587 0.627188 -0.196829
0.635548 0.536129 -0.555559
-0.417958 -0.371077 0.829225
-0.141739 -0.1377 0.98028
0.143207 0.136353 0.980255
0.41679 0.372451 0.829196
0.634871 0.536692 0.555788
0.753176 0.627577 0.19716
0.755537 0.626134 -0.192666
0.641582 0.530859 -0.553679
-0.428905 -0.355058 0.830646
-0.150522 -0.12446 0.980741
0.154048 0.120871 0.980642
0.438111 0.343369 0.830756
0.655141 0.513477 0.554195
0.771907 0.605689 0.193133
0.770338 0.606468 -0.196919
0.651273 0.516705 -0.555752
-0.432981 -0.35307 0.829379
-0.149585 -0.128495 0.980364
0.150957 0.127238 0.980318
0.432365 0.353889 0.829351
0.650713 0.517179 0.555966
0.769982 0.606815 0.197238
0.771749 0.606014 -0.192747
0.655168 0.513858 -0.55381
-0.437978 -0.343611 0.830726
-0.153674 -0.120433 0.980755
0.157232 0.116664 0.980647
0.447142 0.331394 0.830808
0.668698 0.495593 0.554284
0.788025 0.584551 0.193178
0.786827 0.584892 -0.196986
0.666063 0.49734 -0.55589
-0.445639 -0.336756 0.829458
-0.155491 -0.121029 0.980395
0.156757 0.119882 0.980334
0.445391 0.337177 0.82942
0.665597 0.49774 0.556089
0.786521 0.585202 0.197291
0.787892 0.584853 -0.192803
0.668738 0.495959 -0.553908
-0.447026 -0.331597 0.830789
-0.156821 -0.116214 0.980766
0.160374 0.112289 0.980648
0.456034 0.318959 0.830842
0.682033 0.477006 0.554343
0.803862 0.562564 0.193204
0.802891 0.562622 -0.197033
0.680187 0.477728 -0.555987
-0.456448 -0.32184 0.829502
-0.160105 -0.114751 0.980407
0.161262 0.113726 0.980337
0.456412 0.322024 0.829451
0.679796 0.478071 0.55617
0.802628 0.562896 0.197324
0.803754 0.562843 -0.192841
0.682088 0.477353 -0.553977
-0.455931 -0.319126 0.830834
-0.159926 -0.111828 0.980774
0.163436 0.107784 0.980648
0.464701 0.306145 0.83086
0.695026 0.457826 0.554377
0.81927 0.539873 0.193217
0.818449 0.539727 -0.197068
0.693679 0.457839 -0.556051
-0.466051 -0.307695 0.82953
-0.163907 -0.109197 0.980414
0.164962 0.108298 0.980336
0.466129 0.307753 0.829465
0.693347 0.458137 0.556219
0.818224 0.539968 0.197344
0.819184 0.540129 -0.192867
0.695096 0.458151 -0.554022
-0.464607 -0.306276 0.830864
-0.16295 -0.107314 0.980781
0.166401 0.10316 0.980647
0.473094 0.292984 0.830869
0.707598 0.438121 0.554396
0.834156 0.516574 0.193223
0.833425 0.516292 -0.197093
0.70653 0.437695 -0.556092
-0.474815 -0.293934 0.82955
-0.167184 -0.104072 0.980418
0.168147 0.103299 0.980335
0.474948 0.29394 0.829472
0.706246 0.437958 0.556245
0.833232 0.516503 0.197355
0.834091 0.516805 -0.192885
0.707683 0.438422 -0.55405
-0.473007 -0.293081 0.830884
-0.165878 -0.102681 0.980786
0.169255 0.0984277 0.980645
0.481169 0.279518 0.83087
0.719685 0.417959 0.554404
0.848447 0.49275 0.193223
0.847764 0.492386 -0.197111
0.718746 0.417299 -0.556117
-0.482965 -0.280301 0.829564
-0.170123 -0.0991638 0.980421
0.171004 0.0985137 0.980333
0.483118 0.280304 0.829474
0.718503 0.417531 0.556257
0.847599 0.49257 0.197359
0.848402 0.492955 -0.192898
0.719785 0.418234 -0.554067
-0.481088 -0.279583 0.830896
-0.168696 -0.0979448 0.98079
0.171985 0.0936028 0.980643
0.48889 0.265793 0.830867
0.731233 0.39741 0.554404
0.862089 0.468476 0.193219
0.861426 0.468068 -0.197122
0.730331 0.396658 -0.556129
-0.490645 -0.266599 0.829574
-0.172843 -0.0943165 0.980423
0.173654 0.0937827 0.980331
0.490802 0.266624 0.829473
0.730125 0.396857 0.556257
0.861286 0.468228 0.197357
0.862061 0.468655 -0.192906
0.731348 0.397655 -0.554076
-0.488813 -0.265824 0.830903
-0.171389 -0.0931188 0.980793
0.174578 0.0887021 0.98064
0.496223 0.251857 0.830861
0.742199 0.376543 0.554397
0.875037 0.443823 0.193213
0.874386 0.443384 -0.197128
0.74129 0.375775 -0.556132
-0.497947 -0.25268 0.829579
-0.175412 -0.0894255 0.980425
0.176169 0.0889901 0.980329
0.498112 0.252717 0.829468
0.741112 0.375955 0.556248
0.874265 0.443523 0.197351
0.875025 0.443977 -0.192911
0.742329 0.376756 -0.554078
-0.496151 -0.251854 0.830906
-0.173948 -0.0882207 0.980795
0.177026 0.0837457 0.980637
0.503146 0.237763 0.830851
0.752548 0.355428 0.554385
0.887255 0.418867 0.193205
0.886622 0.418381 -0.197127
0.75166 0.354584 -0.556127
-0.504897 -0.238491 0.829579
-0.177867 -0.0844167 0.980427
0.178584 0.0840635 0.980327
0.505081 0.238516 0.82946
0.751498 0.354763 0.556232
0.886519 0.418498 0.197339
0.887259 0.418994 -0.192914
0.752691 0.355609 -0.554074
-0.503077 -0.237724 0.830904
-0.176363 -0.0832705 0.980797
0.179324 0.0787497 0.980633
0.509641 0.223558 0.830835
0.762252 0.334144 0.554364
0.898712 0.393691 0.193194
0.898117 0.393102 -0.197119
0.761474 0.333015 -0.55611
-0.51152 -0.223953 0.829574
-0.180253 -0.079183 0.980428
0.180935 0.0789041 0.980325
0.511732 0.223938 0.829447
0.761327 0.333191 0.556206
0.898033 0.393195 0.19732
0.89873 0.393788 -0.192912
0.762407 0.334294 -0.55406
-0.509577 -0.223483 0.830895
-0.178632 -0.0782841 0.980797
0.181469 0.07373 0.980629
0.515699 0.209296 0.830813
0.771292 0.31277 0.554331
0.909384 0.368381 0.193176
0.908855 0.367604 -0.197103
0.77073 0.311053 -0.556076
-0.517893 -0.208841 0.829561
-0.182627 -0.073539 0.980428
0.18328 0.0733295 0.980322
0.518149 0.208736 0.829428
0.770603 0.311211 0.556165
0.90879 0.367662 0.197296
0.909416 0.368443 -0.192903
0.771457 0.31289 -0.554034
-0.515639 -0.209183 0.830878
-0.18075 -0.0732793 0.980795
0.18346 0.0687061 0.980623
0.521311 0.195037 0.83078
0.779652 0.2914 0.554282
0.919246 0.343046 0.193149
0.918815 0.341965 -0.197078
0.779433 0.288666 -0.556019
-0.524108 -0.192816 0.829538
-0.185069 -0.0671886 0.980426
0.185696 0.0670433 0.980317
0.524435 0.192522 0.829399
0.779331 0.28878 0.556101
0.918772 0.341973 0.197262
0.919293 0.343069 -0.192884
0.779826 0.291493 -0.553989
-0.521257 -0.194884 0.83085
-0.182716 -0.0682781 0.980792
0.185294 0.0637033 0.980616
0.526472 0.180859 0.830733
0.787317 0.270161 0.554207
0.928273 0.317836 0.193106
0.927972 0.316295 -0.19704
0.787589 0.265798 -0.555927
-0.530277 -0.175342 0.829495
-0.187679 -0.0596573 0.980417
0.188287 0.0595624 0.980306
0.530719 0.174687 0.82935
0.787521 0.265834 0.556006
0.927956 0.316232 0.197216
0.928336 0.317809 -0.192849
0.787498 0.270225 -0.553918
-0.526425 -0.180664 0.830805
-0.184527 -0.0633092 0.980786
0.18697 0.0587558 0.980607
0.531176 0.166868 0.830667
0.794272 0.249217 0.554097
0.936439 0.292948 0.193039
0.936301 0.290752 -0.196986
0.795206 0.242385 -0.555785
-0.53654 -0.15557 0.829411
-0.190589 -0.0501986 0.980386
0.19119 0.0501177 0.980273
0.53716 0.154255 0.829256
0.79518 0.242294 0.555862
0.936316 0.29059 0.197155
0.936519 0.292858 -0.192788
0.794461 0.249251 -0.553811
-0.531139 -0.166623 0.830739
-0.186183 -0.0584107 0.980777
0.188487 0.0539083 0.980595
0.535417 0.153208 0.830576
0.800502 0.228794 0.55394
0.943721 0.268638 0.192936
0.943775 0.265545 -0.196915
0.802275 0.218384 -0.555574
-0.543052 -0.132162 0.829233
-0.193953 -0.037675 0.980287
0.194567 0.0375233 0.980171
0.543933 0.12968 0.829048
0.802298 0.218104 0.555652
0.943822 0.265256 0.197079
0.943818 0.268473 -0.192692
0.800699 0.228795 -0.553656
-0.535394 -0.152901 0.830647
-0.187685 -0.0536326 0.980764
0.189836 0.0492267 0.980581
0.539177 0.140091 0.830459
0.805989 0.209201 0.553729
0.950104 0.245226 0.192787
0.950375 0.240923 -0.196833
0.808758 0.193839 -0.555281
-0.54993 -0.103085 0.828824
-0.197924 -0.0204277 0.980004
0.198586 0.0200229 0.979879
0.551162 0.0986123 0.828551
0.808833 0.193296 0.55536
0.950453 0.240486 0.196992
0.950217 0.244974 -0.19255
0.806195 0.20916 -0.553446
-0.539175 -0.139695 0.830528
-0.189026 -0.0490485 0.980746
0.190995 0.0448045 0.980568
0.54242 0.127802 0.83033
0.810708 0.190838 0.553473
0.955586 0.223082 0.192586
0.956107 0.217126 -0.196763
0.814569 0.168921 -0.554926
-0.557106 -0.0655033 0.827854
-0.202593 0.00385373 0.979255
0.203352 -0.00488763 0.979094
0.558731 0.0577864 0.827333
0.814694 0.168054 0.555006
0.956208 0.216542 0.196916
0.955712 0.222738 -0.192359
0.810923 0.190735 -0.553195
-0.542448 -0.127269 0.830393
-0.190192 -0.0447638 0.980726
0.191927 0.040725 0.980564
0.54508 0.116642 0.83023
0.814624 0.174129 0.553233
0.960181 0.202606 0.192365
0.960989 0.1944 -0.196743
0.81957 0.143847 -0.554629
-0.564012 -0.0160715 0.82561
-0.207867 0.0383942 0.977403
0.208782 -0.0408371 0.977109
0.565891 0.00348912 0.824473
0.81973 0.142642 0.554703
0.961103 0.193695 0.196882
0.960314 0.202166 -0.19216
0.814846 0.173923 -0.552971
-0.545152 -0.115889 0.830288
-0.19116 -0.0408851 0.980707
0.192596 0.036908 0.980584
0.547089 0.10657 0.830263
0.817665 0.159277 0.553222
0.963832 0.184472 0.192349
0.964943 0.173767 -0.196697
0.823607 0.118312 -0.554683
-0.569088 0.0488084 0.820827
-0.213312 0.0901969 0.972812
0.214467 -0.0961238 0.97199
0.570685 -0.0679487 0.818353
0.823785 0.116857 0.554728
0.965067 0.172958 0.196803
0.963973 0.183896 -0.192191
0.817889 0.158872 -0.553008
-0.547218 -0.105491 0.830315
-0.191919 -0.0373972 0.980698
0.192957 0.0331035 0.980649
0.548259 0.0972291 0.830637
0.819406 0.146883 0.554075
0.965874 0.17212 0.193552
0.967085 0.162362 -0.195923
0.827002 0.0872946 -0.55538
-0.567413 0.15536 0.808644
-0.22124 0.266102 0.938212
0.223164 -0.300367 0.92735
0.566823 -0.191299 0.801322
0.827293 0.0846965 0.555349
0.967261 0.161195 0.196018
0.966038 0.171327 -0.193438
0.819616 0.146036 -0.553989
-0.548463 -0.0956839 0.830682
-0.19246 -0.0342024 0.980709
0.192553 0.0296701 0.980838
0.547563 0.0876912 0.832157
0.819752 0.132017 0.557295
0.968196 0.15377 0.19736
0.970668 0.141812 -0.194145
0.826583 0.0708196 -0.558342
-0.55525 0.0123225 0.831592
-0.195125 0.00538496 0.980764
0.195057 -0.00322814 0.980787
0.555244 -0.0180049 0.831493
0.826696 0.0686008 0.55845
0.970813 0.140537 0.19435
0.968391 0.152771 -0.197182
0.820014 0.130772 -0.557203
-0.547874 -0.0862221 0.832106
-0.192062 -0.0313417 0.980882
0.192948 0.027802 0.980815
0.548206 0.0830481 0.83221
0.820606 0.125152 0.557622
0.969456 0.144968 0.197837
0.972077 0.131337 -0.194465
0.825508 0.0766514 -0.559161
-0.550656 -0.0152733 0.834593
-0.192812 -0.000768887 0.981235
0.192965 0.00322195 0.9812
0.550478 0.0110309 0.834777
0.825523 0.0744535 0.559436
0.972252 0.129526 0.194804
0.96975 0.143405 -0.197534
0.820969 0.123681 -0.557417
-0.548476 -0.0820704 0.832129
-0.192165 -0.0300831 0.980901
0.193549 0.0250973 0.98077
0.54846 0.078856 0.83245
0.821258 0.119245 0.557956
0.972089 0.130059 0.195264
0.974062 0.0969657 -0.204452
0.81919 0.0313188 -0.572667
-0.540466 0.00929099 0.841314
-0.188194 0.0100318 0.982081
0.188813 -0.00477155 0.982002
0.538835 -0.0189662 0.842198
0.818743 0.0262905 0.573558
0.974164 0.0944038 0.205163
0.972531 0.127734 -0.194595
0.822408 0.11522 -0.557107
-0.549013 -0.0773695 0.832225
-0.19139 -0.0305106 0.98104
0.0252294 0.0280191 0.999289
0.00257188 0.000343963 0.999997
</DataArray>
<DataArray type="Float64" Name="cell vector length" format="ascii">
0.0864726 0.067623 0.0553161 0.0423268 0.0266112 0.0534768 0.105207 0.110622 0.107773 0.100732 0.0569972 0.0265751 0.0408094 0.0525592 0.0875201 0.09428 0.386195 0.367905 0.349334 0.333277 0.321838 0.331279 0.382544 0.413733 0.409417 0.370074 0.329756 0.321685 0.333846 0.351649 0.385953 0.392349 0.482174 0.466665 0.448499 0.429253 0.410598 0.407348 0.471577 0.519689 0.516854 0.46113 0.406375 0.410553 0.429985 0.450134 0.480721 0.486664 0.505978 0.489848 0.469342 0.445121 0.415804 0.368175 0.278776 0.145886 0.143398 0.269138 0.368379 0.415785 0.445658 0.470372 0.502681 0.509974 0.515442 0.499143 0.477089 0.448603 0.410355 0.353953 0.272806 0.160599 0.15795 0.261315 0.353975 0.410387 0.448959 0.477712 0.511485 0.519212 0.520232 0.503217 0.479152 0.446645 0.402103 0.340087 0.268097 0.175634 0.171709 0.253806 0.339983 0.402132 0.446862 0.479501 0.515398 0.523921 0.523444 0.505609 0.479716 0.444088 0.395329 0.330019 0.265161 0.186237 0.181247 0.248707 0.329753 0.395266 0.444173 0.479885 0.51779 0.527122 0.525567 0.507041 0.479769 0.441928 0.390338 0.323152 0.26352 0.193247 0.187513 0.245572 0.322758 0.390157 0.441889 0.479816 0.519322 0.529276 0.526929 0.507852 0.479569 0.44021 0.386799 0.318595 0.262602 0.197558 0.191318 0.243632 0.318112 0.386508 0.440063 0.479526 0.520285 0.530692 0.527767 0.508254 0.479237 0.438857 0.384345 0.316017 0.262364 0.199956 0.193364 0.242662 0.315474 0.383959 0.438622 0.479126 0.520869 0.531596 0.52822 0.508352 0.478847 0.437814 0.382636 0.314064 0.262024 0.201305 0.194454 0.241758 0.313484 0.382177 0.437506 0.478681 0.521164 0.532122 0.528438 0.508283 0.478443 0.436994 0.381408 0.312704 0.261767 0.201986 0.194932 0.241039 0.312096 0.380893 0.436627 0.478232 0.521296 0.532415 0.528523 0.508126 0.478039 0.43632 0.380486 0.311713 0.261522 0.202192 0.194965 0.240387 0.311083 0.379928 0.435909 0.477794 0.52134 0.532576 0.528527 0.507921 0.477655 0.43576 0.379769 0.310941 0.261278 0.202129 0.194744 0.239768 0.31029 0.379177 0.435314 0.477382 0.521333 0.532655 0.528481 0.507695 0.4773 0.435288 0.379183 0.310294 0.261026 0.201921 0.194388 0.239162 0.309623 0.378566 0.434814 0.477006 0.521301 0.532684 0.528407 0.507465 0.476976 0.434884 0.378682 0.309716 0.260759 0.201628 0.193961 0.238569 0.309031 0.378045 0.434391 0.476667 0.521258 0.532683 0.528313 0.507238 0.476687 0.434541 0.378238 0.309158 0.260436 0.201268 0.193488 0.23797 0.308477 0.377588 0.434034 0.476368 0.521211 0.532659 0.528201 0.507015 0.476433 0.434258 0.377848 0.308561 0.260004 0.200832 0.192929 0.237249 0.307869 0.377185 0.433743 0.476109 0.52116 0.532615 0.528063 0.50679 0.47621 0.434043 0.377537 0.308021 0.259559 0.20033 0.192288 0.236493 0.307298 0.376858 0.433523 0.475888 0.521098 0.532542 0.527873 0.506541 0.476013 0.433916 0.377362 0.30761 0.259118 0.199693 0.191499 0.235729 0.306841 0.376665 0.433397 0.475701 0.521008 0.532415 0.527587 0.506235 0.475831 0.433913 0.377414 0.307432 0.258696 0.1988 0.190439 0.234975 0.306605 0.3767 0.433404 0.47554 0.52086 0.532193 0.527144 0.505821 0.475649 0.43408 0.377829 0.307662 0.258328 0.197447 0.188892 0.234255 0.306763 0.377099 0.433594 0.475394 0.520606 0.531814 0.52645 0.505223 0.475437 0.434481 0.378799 0.308575 0.258075 0.1953 0.186511 0.233625 0.307588 0.378062 0.434035 0.475237 0.520179 0.53119 0.525373 0.504331 0.475149 0.435192 0.380589 0.310589 0.258057 0.191852 0.182764 0.233208 0.3095 0.379857 0.434808 0.47503 0.519478 0.530191 0.523712 0.50298 0.474712 0.436299 0.383523 0.314301 0.258484 0.186353 0.176878 0.233258 0.313104 0.38282 0.436003 0.474706 0.518354 0.528625 0.521134 0.500878 0.473949 0.437807 0.387874 0.320416 0.259657 0.177713 0.16774 0.234202 0.319129 0.387232 0.437623 0.474092 0.516538 0.526172 0.516852 0.4972 0.472056 0.439052 0.393262 0.329133 0.261508 0.164085 0.153513 0.236251 0.327809 0.392713 0.43899 0.472387 0.513259 0.522073 0.507459 0.488043 0.46456 0.435325 0.395464 0.336511 0.259954 0.139935 0.128929 0.235748 0.335172 0.395006 0.435371 0.465124 0.504794 0.512991 0.472008 0.451257 0.427595 0.400687 0.367565 0.308175 0.217973 0.0717169 0.061107 0.195494 0.307152 0.367199 0.400749 0.428318 0.469671 0.478202 0.448888 0.429006 0.40744 0.384171 0.360481 0.356948 0.435238 0.485215 0.479174 0.415977 0.355913 0.360236 0.384217 0.408277 0.44855 0.455471 0.409 0.387823 0.36456 0.3402 0.320863 0.324441 0.388866 0.423772 0.416886 0.3678 0.323867 0.320856 0.34006 0.365125 0.408465 0.416003 0.184484 0.170485 0.155222 0.135981 0.12328 0.1331 0.196218 0.229553 0.224656 0.179713 0.135817 0.124091 0.135153 0.152902 0.189122 0.190251 0.0187187 0.0152124 
</DataArray>
<DataArray type="Float64" Name="cell variable 4" format="ascii">
798.186 787.48 780.341 775.3 769.752 783.42 806.836 802.683 800.022 800.898 785.121 769.785 774.533 777.387 798.78 801.444 1150.05 1130.51 1117.58 1110.68 1108.17 1119.95 1157.72 1161.97 1156.88 1140.91 1120.45 1108.26 1110.24 1117.26 1156.14 1158.11 1359.54 1337.48 1322.26 1312.74 1308.81 1314.67 1365.6 1371.12 1364.95 1342.94 1314.78 1308.89 1312.81 1322.63 1368.44 1369.17 1418.35 1391.06 1366.92 1345.79 1328.58 1317.66 1354.91 1339.6 1335.25 1334.84 1317.48 1328.44 1345.88 1367.38 1423.48 1428.48 1433.1 1405.09 1380.29 1359.25 1342.43 1329.96 1354.98 1331.99 1327.59 1332.99 1329.85 1342.36 1359.38 1380.7 1438.05 1443.37 1437.18 1408.07 1381.97 1360.11 1342.57 1329.36 1353.64 1332.26 1326.08 1327.88 1329.48 1342.66 1360.32 1382.32 1441.39 1447.55 1439.86 1409.3 1381.43 1358.5 1340.58 1327.21 1352.81 1333.19 1325.39 1324.02 1327.42 1340.77 1358.75 1381.74 1443.02 1450.38 1441.86 1410.01 1380.58 1356.74 1338.57 1325.07 1352.41 1334.1 1325.11 1321.41 1325.33 1338.81 1357.01 1380.88 1444.19 1452.56 1443.4 1410.47 1379.7 1355.14 1336.79 1323.22 1352.22 1334.77 1324.91 1319.64 1323.5 1337.07 1355.42 1380 1445.15 1454.29 1444.58 1410.76 1378.93 1353.8 1335.33 1321.71 1352.08 1335.15 1324.67 1318.32 1322 1335.62 1354.09 1379.23 1445.95 1455.67 1445.38 1410.83 1378.3 1352.75 1334.15 1320.46 1351.92 1335.37 1324.44 1317.26 1320.77 1334.45 1353.05 1378.6 1446.52 1456.68 1445.91 1410.76 1377.8 1351.98 1333.26 1319.45 1351.76 1335.5 1324.22 1316.36 1319.77 1333.58 1352.29 1378.11 1446.94 1457.42 1446.3 1410.63 1377.33 1351.32 1332.51 1318.59 1351.62 1335.51 1323.95 1315.6 1318.91 1332.84 1351.64 1377.63 1447.27 1458 1446.54 1410.43 1376.89 1350.75 1331.87 1317.84 1351.5 1335.48 1323.69 1314.92 1318.18 1332.21 1351.07 1377.19 1447.52 1458.45 1446.65 1410.17 1376.47 1350.28 1331.34 1317.2 1351.4 1335.43 1323.43 1314.31 1317.55 1331.68 1350.6 1376.77 1447.68 1458.75 1446.62 1409.85 1376.09 1349.9 1330.9 1316.66 1351.33 1335.38 1323.18 1313.77 1317.01 1331.25 1350.22 1376.39 1447.77 1458.89 1446.44 1409.47 1375.75 1349.62 1330.56 1316.19 1351.29 1335.34 1322.96 1313.29 1316.56 1330.91 1349.94 1376.04 1447.76 1458.88 1446.13 1409.03 1375.43 1349.42 1330.32 1315.8 1351.27 1335.32 1322.77 1312.86 1316.17 1330.67 1349.75 1375.72 1447.64 1458.71 1445.67 1408.52 1375.11 1349.29 1330.14 1315.48 1351.27 1335.31 1322.58 1312.47 1315.85 1330.5 1349.62 1375.41 1447.43 1458.39 1445.07 1407.92 1374.79 1349.2 1330.03 1315.23 1351.28 1335.26 1322.36 1312.1 1315.6 1330.39 1349.53 1375.08 1447.11 1457.92 1444.31 1407.23 1374.45 1349.16 1329.99 1315.06 1351.3 1335.16 1322.08 1311.75 1315.42 1330.36 1349.5 1374.75 1446.67 1457.27 1443.35 1406.42 1374.1 1349.19 1330.06 1314.99 1351.32 1334.96 1321.67 1311.39 1315.35 1330.42 1349.53 1374.41 1446.1 1456.42 1442.16 1405.48 1373.76 1349.32 1330.27 1315.06 1351.35 1334.57 1321.06 1311.03 1315.41 1330.63 1349.67 1374.07 1445.38 1455.32 1440.65 1404.39 1373.45 1349.61 1330.67 1315.33 1351.37 1333.93 1320.15 1310.68 1315.67 1331.03 1349.96 1373.76 1444.48 1453.9 1438.73 1403.09 1373.17 1350.09 1331.28 1315.79 1351.41 1332.94 1318.85 1310.42 1316.12 1331.64 1350.44 1373.49 1443.34 1452.04 1436.09 1401.33 1372.74 1350.54 1331.84 1316.15 1351.37 1331.4 1316.99 1310.32 1316.5 1332.2 1350.89 1373.05 1441.71 1449.45 1431.35 1397.62 1370.41 1349.07 1330.48 1314.62 1350.23 1328.43 1313.75 1309.74 1314.98 1330.83 1349.39 1370.71 1438.03 1444.73 1415.47 1382.09 1355.21 1334.21 1316.39 1301.15 1340.43 1318.04 1303.72 1302.07 1301.38 1316.67 1334.5 1355.52 1422.18 1428.77 1332.37 1299.84 1272.63 1250.4 1231.31 1216.95 1271.17 1259.88 1247.5 1237.58 1217.13 1231.42 1250.53 1272.77 1337.3 1344.83 1257.08 1230.43 1212.65 1202.67 1197.62 1201.31 1264.45 1275.64 1264.06 1230.65 1201.45 1197.53 1202.62 1212.6 1265.46 1268.79 1120.74 1095.62 1077.13 1064.69 1057.55 1060.53 1111.31 1119.53 1109.44 1081.37 1060.68 1057.5 1064.52 1077.06 1126.48 1131.21 794.2 785.994 785.432 789.954 795.705 804.293 838.229 842.33 836.059 819.447 805.275 795.863 789.799 783.993 804.403 799.798 602.961 745.326 
</DataArray>
<DataArray type="Float64" Name="cell variable 5" format="ascii">
0.0181377 0.0181377 0.0181377 0.0181377 0.0181377 0.0181377 0.0181377 0.0181377 0.0181377 0.0181377 0.0181377 0.0181377 0.0181377 0.0181377 0.0181377 0.0181377 0.0181377 0.0181377 0.0181377 0.0181377 0.0181377 0.0181377 0.0181377 0.0181377 0.0181377 0.0181377 0.0181377 0.0181377 0.0181377 0.0181377 0.0181377 0.0181377 0.0181377 0.0181377 0.0181377 0.0181377 0.0181377 0.0181377 0.0181377 0.0181377 0.0181377 0.0181377 0.0181377 0.0181377 0.0181377 0.0181377 0.0181377 0.0181377 0.0274121 0.0253767 0.0220917 0.01896 0.0181377 0.0181377 0.0181377 0.0181377 0.0181377 0.0181377 0.0181377 0.0181377 0.01896 0.0220917 0.0253767 0.0274121 0.0310155 0.02819 0.0236274 0.0192784 0.0181377 0.0181377 0.0181377 0.0181377 0.0181377 0.0181377 0.0181377 0.0181377 0.0192784 0.0236274 0.02819 0.0310155 0.0331033 0.0298224 0.0245182 0.0194638 0.0181377 0.0181377 0.0181377 0.0181377 0.0181377 0.0181377 0.0181377 0.0181377 0.0194638 0.0245182 0.0298224 0.0331033 0.0346229 0.0310034 0.0251671 0.0196008 0.0181377 0.0181377 0.0181377 0.0181377 0.0181377 0.0181377 0.0181377 0.0181377 0.0196008 0.0251671 0.0310034 0.0346229 0.0358079 0.0319304 0.0256709 0.0197056 0.0181377 0.0181377 0.0181377 0.0181377 0.0181377 0.0181377 0.0181377 0.0181377 0.0197056 0.0256709 0.0319304 0.0358079 0.0367631 0.0326761 0.026078 0.0197903 0.0181377 0.0181377 0.0181377 0.0181377 0.0181377 0.0181377 0.0181377 0.0181377 0.0197903 0.026078 0.0326761 0.0367631 0.0375451 0.0332847 0.0264125 0.0198588 0.0181377 0.0181377 0.0181377 0.0181377 0.0181377 0.0181377 0.0181377 0.0181377 0.0198588 0.0264125 0.0332847 0.0375451 0.0381779 0.0337805 0.0266826 0.0199152 0.0181377 0.0181377 0.0181377 0.0181377 0.0181377 0.0181377 0.0181377 0.0181377 0.0199152 0.0266826 0.0337805 0.0381779 0.0386857 0.0341795 0.0269002 0.0199595 0.0181377 0.0181377 0.0181377 0.0181377 0.0181377 0.0181377 0.0181377 0.0181377 0.0199595 0.0269002 0.0341795 0.0386857 0.0390807 0.0344858 0.0270655 0.0199958 0.0181377 0.0181377 0.0181377 0.0181377 0.0181377 0.0181377 0.0181377 0.0181377 0.0199958 0.0270655 0.0344858 0.0390807 0.0393709 0.0347115 0.0271904 0.02002 0.0181377 0.0181377 0.0181377 0.0181377 0.0181377 0.0181377 0.0181377 0.0181377 0.02002 0.0271904 0.0347115 0.0393709 0.0395644 0.0348607 0.0272711 0.0200402 0.0181377 0.0181377 0.0181377 0.0181377 0.0181377 0.0181377 0.0181377 0.0181377 0.0200402 0.0272711 0.0348607 0.0395644 0.0396571 0.0349373 0.0273114 0.0200482 0.0181377 0.0181377 0.0181377 0.0181377 0.0181377 0.0181377 0.0181377 0.0181377 0.0200482 0.0273114 0.0349373 0.0396571 0.0396571 0.0349373 0.0273114 0.0200482 0.0181377 0.0181377 0.0181377 0.0181377 0.0181377 0.0181377 0.0181377 0.0181377 0.0200482 0.0273114 0.0349373 0.0396571 0.0395644 0.0348607 0.0272711 0.0200402 0.0181377 0.0181377 0.0181377 0.0181377 0.0181377 0.0181377 0.0181377 0.0181377 0.0200402 0.0272711 0.0348607 0.0395644 0.0393709 0.0347115 0.0271904 0.02002 0.0181377 0.0181377 0.0181377 0.0181377 0.0181377 0.0181377 0.0181377 0.0181377 0.02002 0.0271904 0.0347115 0.0393709 0.0390807 0.0344858 0.0270655 0.0199958 0.0181377 0.0181377 0.0181377 0.0181377 0.0181377 0.0181377 0.0181377 0.0181377 0.0199958 0.0270655 0.0344858 0.0390807 0.0386857 0.0341795 0.0269002 0.0199595 0.0181377 0.0181377 0.0181377 0.0181377 0.0181377 0.0181377 0.0181377 0.0181377 0.0199595 0.0269002 0.0341795 0.0386857 0.0381779 0.0337805 0.0266826 0.0199152 0.0181377 0.0181377 0.0181377 0.0181377 0.0181377 0.0181377 0.0181377 0.0181377 0.0199152 0.0266826 0.0337805 0.0381779 0.0375451 0.0332847 0.0264125 0.0198588 0.0181377 0.0181377 0.0181377 0.0181377 0.0181377 0.0181377 0.0181377 0.0181377 0.0198588 0.0264125 0.0332847 0.0375451 0.0367631 0.0326761 0.026078 0.0197903 0.0181377 0.0181377 0.0181377 0.0181377 0.0181377 0.0181377 0.0181377 0.0181377 0.0197903 0.026078 0.0326761 0.0367631 0.0358079 0.0319304 0.0256709 0.0197056 0.0181377 0.0181377 0.0181377 0.0181377 0.0181377 0.0181377 0.0181377 0.0181377 0.0197056 0.0256709 0.0319304 0.0358079 0.0346229 0.0310034 0.0251671 0.0196008 0.0181377 0.0181377 0.0181377 0.0181377 0.0181377 0.0181377 0.0181377 0.0181377 0.0196008 0.0251671 0.0310034 0.0346229 0.0331033 0.0298224 0.0245182 0.0194638 0.0181377 0.0181377 0.0181377 0.0181377 0.0181377 0.0181377 0.0181377 0.0181377 0.0194638 0.0245182 0.0298224 0.0331033 0.0310155 0.02819 0.0236274 0.0192784 0.0181377 0.0181377 0.0181377 0.0181377 0.0181377 0.0181377 0.0181377 0.0181377 0.0192784 0.0236274 0.02819 0.0310155 0.0274121 0.0253767 0.0220917 0.01896 0.0181377 0.0181377 0.0181377 0.0181377 0.0181377 0.0181377 0.0181377 0.0181377 0.01896 0.0220917 0.0253767 0.0274121 0.0181377 0.0181377 0.0181377 0.0181377 0.0181377 0.0181377 0.0181377 0.0181377 0.0181377 0.0181377 0.0181377 0.0181377 0.0181377 0.0181377 0.0181377 0.0181377 0.0181377 0.0181377 0.0181377 0.0181377 0.0181377 0.0181377 0.0181377 0.0181377 0.0181377 0.0181377 0.0181377 0.0181377 0.0181377 0.0181377 0.0181377 0.0181377 0.0181377 0.0181377 0.0181377 0.0181377 0.0181377 0.0181377 0.0181377 0.0181377 0.0181377 0.0181377 0.0181377 0.0181377 0.0181377 0.0181377 0.0181377 0.0181377 0.0181377 0.0181377 
</DataArray>
<DataArray type="Float64" Name="cell variable 6" format="ascii">
0.999998 0.999998 0.999998 0.999998 0.999998 0.999998 0.999998 0.999998 0.999998 0.999998 0.999998 0.999998 0.999998 0.999998 0.999998 0.999998 0.999998 0.999998 0.999998 0.999998 0.999998 0.999998 0.999998 0.999998 0.999998 0.999998 0.999998 0.999998 0.999998 0.999998 0.999998 0.999998 0.999998 0.999998 0.999998 0.999998 0.999998 0.999998 0.999998 0.999998 0.999998 0.999998 0.999998 0.999998 0.999998 0.999998 0.999998 0.999998 0.999998 0.999998 0.999998 0.999998 0.999998 0.999998 0.999998 0.999998 0.999998 0.999998 0.999998 0.999998 0.999998 0.999998 0.999998 0.999998 0.999998 0.999998 0.999998 0.999998 0.999998 0.999998 0.999998 0.999998 0.999998 0.999998 0.999998 0.999998 0.999998 0.999998 0.999998 0.999998 0.999998 0.999998 0.999998 0.999998 0.999998 0.999998 0.999998 0.999998 0.999998 0.999998 0.999998 0.999998 0.999998 0.999998 0.999998 0.999998 0.999998 0.999998 0.999998 0.999998 0.999998 0.999998 0.999998 0.999998 0.999998 0.999998 0.999998 0.999998 0.999998 0.999998 0.999998 0.999998 0.999998 0.999998 0.999998 0.999998 0.999998 0.999998 0.999998 0.999998 0.999998 0.999998 0.999998 0.999998 0.999998 0.999998 0.999998 0.999998 0.999998 0.999998 0.999998 0.999998 0.999998 0.999998 0.999998 0.999998 0.999998 0.999998 0.999998 0.999998 0.999998 0.999998 0.999998 0.999998 0.999998 0.999998 0.999998 0.999998 0.999998 0.999998 0.999998 0.999998 0.999998 0.999998 0.999998 0.999998 0.999998 0.999998 0.999998 0.999998 0.999998 0.999998 0.999998 0.999998 0.999998 0.999998 0.999998 0.999998 0.999998 0.999998 0.999998 0.999998 0.999998 0.999998 0.999998 0.999998 0.999998 0.999998 0.999998 0.999998 0.999998 0.999998 0.999998 0.999998 0.999998 0.999998 0.999998 0.999998 0.999998 0.999998 0.999998 0.999998 0.999998 0.999998 0.999998 0.999998 0.999998 0.999998 0.999998 0.999998 0.999998 0.999998 0.999998 0.999998 0.999998 0.999998 0.999998 0.999998 0.999998 0.999998 0.999998 0.999998 0.999998 0.999998 0.999998 0.999998 0.999998 0.999998 0.999998 0.999998 0.999998 0.999998 0.999998 0.999998 0.999998 0.999998 0.999998 0.999998 0.999998 0.999998 0.999998 0.999998 0.999998 0.999998 0.999998 0.999998 0.999998 0.999998 0.999998 0.999998 0.999998 0.999998 0.999998 0.999998 0.999998 0.999998 0.999998 0.999998 0.999998 0.999998 0.999998 0.999998 0.999998 0.999998 0.999998 0.999998 0.999998 0.999998 0.999998 0.999998 0.999998 0.999998 0.999998 0.999998 0.999998 0.999998 0.999998 0.999998 0.999998 0.999998 0.999998 0.999998 0.999998 0.999998 0.999998 0.999998 0.999998 0.999998 0.999998 0.999998 0.999998 0.999998 0.999998 0.999998 0.999998 0.999998 0.999998 0.999998 0.999998 0.999998 0.999998 0.999998 0.999998 0.999998 0.999998 0.999998 0.999998 0.999998 0.999998 0.999998 0.999998 0.999998 0.999998 0.999998 0.999998 0.999998 0.999998 0.999998 0.999998 0.999998 0.999998 0.999998 0.999998 0.999998 0.999998 0.999998 0.999998 0.999998 0.999998 0.999998 0.999998 0.999998 0.999998 0.999998 0.999998 0.999998 0.999998 0.999998 0.999998 0.999998 0.999998 0.999998 0.999998 0.999998 0.999998 0.999998 0.999998 0.999998 0.999998 0.999998 0.999998 0.999998 0.999998 0.999998 0.999998 0.999998 0.999998 0.999998 0.999998 0.999998 0.999998 0.999998 0.999998 0.999998 0.999998 0.999998 0.999998 0.999998 0.999998 0.999998 0.999998 0.999998 0.999998 0.999998 0.999998 0.999998 0.999998 0.999998 0.999998 0.999998 0.999998 0.999998 0.999998 0.999998 0.999998 0.999998 0.999998 0.999998 0.999998 0.999998 0.999998 0.999998 0.999998 0.999998 0.999998 0.999998 0.999998 0.999998 0.999998 0.999998 0.999998 0.999998 0.999998 0.999998 0.999998 0.999998 0.999998 0.999998 0.999998 0.999998 0.999998 0.999998 0.999998 0.999998 0.999998 0.999998 0.999998 0.999998 0.999998 0.999998 0.999998 0.999998 0.999998 0.999998 0.999998 0.999998 0.999998 0.999998 0.999998 0.999998 0.999998 0.999998 0.999998 0.999998 0.999998 0.999998 0.999998 0.999998 0.999998 0.999998 0.999998 0.999998 0.999998 0.999998 0.999998 0.999998 0.999998 0.999998 0.999998 0.999998 0.999998 0.999998 0.999998 0.999998 0.999998 0.999998 0.999998 0.999998 0.999998 0.999998 0.999998 0.999998 0.999998 0.999998 0.999998 0.999998 0.999998 0.999998 0.999998 0.999998 0.999998 0.999998 0.999998 0.999998 0.999998 0.999998 0.999998 0.999998 0.999998 0.999998 0.999998 0.999998 0.999998 0.999998 0.999998 0.999998 0.999998 0.999998 0.999998 0.999998 0.999998 0.999998 0.999998 0.999998 0.999998 0.999998 0.999998 0.999998 0.999998 0.999998 0.999998 0.999998 0.999998 0.999998 0.999998 0.999998 0.999998 0.999998 0.999998 0.999998 0.999998 0.999998 0.999998 0.999998 0.999998 0.999998 0.999998 0.999998 0.999998 0.999998 0.999998 0.999998 0.999998 0.999998 
</DataArray>
<DataArray type="Float64" Name="cell variable 7" format="ascii">
0 0 0 0 0 0 0 0 0 0 0 0 0 0 0 0 0 0 0 0 0 0 0 0 0 0 0 0 0 0 0 0 0 0 0 0 0 0 0 0 0 0 0 0 0 0 0 0 0 0 0 0 0 0 0 0 0 0 0 0 0 0 0 0 0 0 0 0 0 0 0 0 0 0 0 0 0 0 0 0 0 0 0 0 0 0 0 0 0 0 0 0 0 0 0 0 0 0 0 0 0 0 0 0 0 0 0 0 0 0 0 0 0 0 0 0 0 0 0 0 0 0 0 0 0 0 0 0 0 0 0 0 0 0 0 0 0 0 0 0 0 0 0 0 0 0 0 0 0 0 0 0 0 0 0 0 0 0 0 0 0 0 0 0 0 0 0 0 0 0 0 0 0 0 0 0 0 0 0 0 0 0 0 0 0 0 0 0 0 0 0 0 0 0 0 0 0 0 0 0 0 0 0 0 0 0 0 0 0 0 0 0 0 0 0 0 0 0 0 0 0 0 0 0 0 0 0 0 0 0 0 0 0 0 0 0 0 0 0 0 0 0 0 0 0 0 0 0 0 0 0 0 0 0 0 0 0 0 0 0 0 0 0 0 0 0 0 0 0 0 0 0 0 0 0 0 0 0 0 0 0 0 0 0 0 0 0 0 0 0 0 0 0 0 0 0 0 0 0 0 0 0 0 0 0 0 0 0 0 0 0 0 0 0 0 0 0 0 0 0 0 0 0 0 0 0 0 0 0 0 0 0 0 0 0 0 0 0 0 0 0 0 0 0 0 0 0 0 0 0 0 0 0 0 0 0 0 0 0 0 0 0 0 0 0 0 0 0 0 0 0 0 0 0 0 0 0 0 0 0 0 0 0 0 0 0 0 0 0 0 0 0 0 0 0 0 0 0 0 0 0 0 0 0 0 0 0 0 0 0 0 0 0 0 0 0 0 0 0 0 0 0 0 0 0 0 0 0 0 0 0 0 0 0 0 0 0 0 0 0 0 0 0 0 0 0 0 0 0 0 0 0 0 0 0 0 0 0 0 0 0 0 0 0 0 0 0 0 0 0 0 0 0 0 0 0 0 0 0 0 0 0 0 0 0 0 0 0 0 0 0 0 0 0 0 0 0 0 0 0 0 0 0 0 0 0 0 0 0 0 0 0 1 1 
</DataArray>
<DataArray type="Float64" Name="cell variable 8" format="ascii">
11.25 33.75 56.25 78.75 101.25 123.75 146.25 168.75 191.25 213.75 236.25 258.75 281.25 303.75 326.25 348.75 11.25 33.75 56.25 78.75 101.25 123.75 146.25 168.75 191.25 213.75 236.25 258.75 281.25 303.75 326.25 348.75 11.25 33.75 56.25 78.75 101.25 123.75 146.25 168.75 191.25 213.75 236.25 258.75 281.25 303.75 326.25 348.75 11.25 33.75 56.25 78.75 101.25 123.75 146.25 168.75 191.25 213.75 236.25 258.75 281.25 303.75 326.25 348.75 11.25 33.75 56.25 78.75 101.25 123.75 146.25 168.75 191.25 213.75 236.25 258.75 281.25 303.75 326.25 348.75 11.25 33.75 56.25 78.75 101.25 123.75 146.25 168.75 191.25 213.75 236.25 258.75 281.25 303.75 326.25 348.75 11.25 33.75 56.25 78.75 101.25 123.75 146.25 168.75 191.25 213.75 236.25 258.75 281.25 303.75 326.25 348.75 11.25 33.75 56.25 78.75 101.25 123.75 146.25 168.75 191.25 213.75 236.25 258.75 281.25 303.75 326.25 348.75 11.25 33.75 56.25 78.75 101.25 123.75 146.25 168.75 191.25 213.75 236.25 258.75 281.25 303.75 326.25 348.75 11.25 33.75 56.25 78.75 101.25 123.75 146.25 168.75 191.25 213.75 236.25 258.75 281.25 303.75 326.25 348.75 11.25 33.75 56.25 78.75 101.25 123.75 146.25 168.75 191.25 213.75 236.25 258.75 281.25 303.75 326.25 348.75 11.25 33.75 56.25 78.75 101.25 123.75 146.25 168.75 191.25 213.75 236.25 258.75 281.25 303.75 326.25 348.75 11.25 33.75 56.25 78.75 101.25 123.75 146.25 168.75 191.25 213.75 236.25 258.75 281.25 303.75 326.25 348.75 11.25 33.75 56.25 78.75 101.25 123.75 146.25 168.75 191.25 213.75 236.25 258.75 281.25 303.75 326.25 348.75 11.25 33.75 56.25 78.75 101.25 123.75 146.25 168.75 191.25 213.75 236.25 258.75 281.25 303.75 326.25 348.75 11.25 33.75 56.25 78.75 101.25 123.75 146.25 168.75 191.25 213.75 236.25 258.75 281.25 303.75 326.25 348.75 11.25 33.75 56.25 78.75 101.25 123.75 146.25 168.75 191.25 213.75 236.25 258.75 281.25 303.75 326.25 348.75 11.25 33.75 56.25 78.75 101.25 123.75 146.25 168.75 191.25 213.75 236.25 258.75 281.25 303.75 326.25 348.75 11.25 33.75 56.25 78.75 101.25 123.75 146.25 168.75 191.25 213.75 236.25 258.75 281.25 303.75 326.25 348.75 11.25 33.75 56.25 78.75 101.25 123.75 146.25 168.75 191.25 213.75 236.25 258.75 281.25 303.75 326.25 348.75 11.25 33.75 56.25 78.75 101.25 123.75 146.25 168.75 191.25 213.75 236.25 258.75 281.25 303.75 326.25 348.75 11.25 33.75 56.25 78.75 101.25 123.75 146.25 168.75 191.25 213.75 236.25 258.75 281.25 303.75 326.25 348.75 11.25 33.75 56.25 78.75 101.25 123.75 146.25 168.75 191.25 213.75 236.25 258.75 281.25 303.75 326.25 348.75 11.25 33.75 56.25 78.75 101.25 123.75 146.25 168.75 191.25 213.75 236.25 258.75 281.25 303.75 326.25 348.75 11.25 33.75 56.25 78.75 101.25 123.75 146.25 168.75 191.25 213.75 236.25 258.75 281.25 303.75 326.25 348.75 11.25 33.75 56.25 78.75 101.25 123.75 146.25 168.75 191.25 213.75 236.25 258.75 281.25 303.75 326.25 348.75 11.25 33.75 56.25 78.75 101.25 123.75 146.25 168.75 191.25 213.75 236.25 258.75 281.25 303.75 326.25 348.75 11.25 33.75 56.25 78.75 101.25 123.75 146.25 168.75 191.25 213.75 236.25 258.75 281.25 303.75 326.25 348.75 11.25 33.75 56.25 78.75 101.25 123.75 146.25 168.75 191.25 213.75 236.25 258.75 281.25 303.75 326.25 348.75 11.25 33.75 56.25 78.75 101.25 123.75 146.25 168.75 191.25 213.75 236.25 258.75 281.25 303.75 326.25 348.75 11.25 33.75 56.25 78.75 101.25 123.75 146.25 168.75 191.25 213.75 236.25 258.75 281.25 303.75 326.25 348.75 11.25 33.75 56.25 78.75 101.25 123.75 146.25 168.75 191.25 213.75 236.25 258.75 281.25 303.75 326.25 348.75 0 0 
</DataArray>
</CellData>
</Piece>
</UnstructuredGrid>
</VTKFile>
