<VTKFile type="UnstructuredGrid" version="0.1">
<UnstructuredGrid>
<Piece  NumberOfPoints="    2080" NumberOfCells="     514">
<Points>
<DataArray type="Float64" NumberOfComponents="3" format="ascii">
-380.242 664.758 1.20189
-379.86 669.906 26.9641
-350.924 663.27 29.0647
-351.387 657.684 1.22345
-379.771 671.053 29.7139
-378.675 685.68 51.4885
-349.574 680.272 55.3442
-350.834 664.416 31.8145
-378.522 687.791 53.5867
-377.072 709.605 68.072
-347.772 706.015 73.1352
-349.421 682.383 57.4424
-376.907 712.355 69.2079
-375.551 738.037 74.2912
-346.169 736.616 79.8907
-347.608 708.765 74.2711
-375.416 741.014 74.2954
-374.381 766.73 69.2281
-345.008 767.49 74.399
-346.035 739.593 79.8949
-374.282 769.486 68.0925
-373.544 791.342 53.5742
-344.142 793.891 57.4914
-344.909 770.246 73.2634
-373.473 793.453 51.4692
-372.974 808.07 29.6638
-343.515 811.798 31.7754
-344.071 796.001 55.3863
-372.933 809.212 26.911
-372.738 814.337 1.16047
-343.254 818.485 1.16667
-343.474 812.94 29.0226
-372.737 814.337 -1.81961
-372.91 809.195 -27.5675
-343.446 812.928 -29.6662
-343.253 818.484 -1.81342
-372.948 808.052 -30.3197
-373.437 793.424 -52.1188
-344.028 795.976 -56.0197
-343.485 811.785 -32.4183
-373.507 791.312 -54.2227
-374.24 769.449 -68.7307
-344.863 770.211 -73.882
-344.098 793.864 -58.1237
-374.338 766.692 -69.8649
-375.368 740.973 -74.9185
-345.983 739.555 -80.4985
-344.961 767.455 -75.0162
-375.502 737.996 -74.9127
-376.86 712.316 -69.8158
-347.555 708.731 -74.8585
-346.118 736.578 -80.4927
-377.025 709.567 -68.6784
-378.466 687.764 -54.1766
-349.384 682.362 -58.0106
-347.72 705.982 -73.7211
-378.619 685.654 -52.0767
-379.72 671.043 -30.2935
-350.819 664.405 -32.3584
-349.537 680.252 -55.9106
-379.812 669.897 -27.542
-380.24 664.757 -1.77936
-351.385 657.683 -1.75779
-350.911 663.26 -29.6069
-347.99 657.144 1.29925
-347.527 662.73 29.1405
-314.88 659.795 29.7767
-315.397 654.13 1.30634
-346.164 679.787 55.5587
-313.356 677.105 56.7647
-314.778 660.997 32.6651
-347.425 663.931 32.0289
-344.344 705.633 73.4571
-311.335 703.402 75.0562
-313.184 679.319 58.9702
-345.993 682.002 57.7642
-342.73 736.37 80.2729
-309.759 734.731 81.9691
-311.159 706.288 76.2524
-344.168 708.52 74.6533
-341.57 767.397 74.7817
-308.703 766.342 76.2842
-309.626 737.86 81.9738
-342.596 739.5 80.2776
-340.706 793.936 57.8129
-307.877 793.382 58.9583
-308.607 769.237 75.0874
-341.474 770.292 73.5849
-340.077 811.948 31.9892
-307.226 811.748 32.6186
-307.803 795.598 56.7455
-340.633 796.152 55.6001
-339.813 818.692 1.24224
-306.948 818.618 1.25289
-307.182 812.947 29.7276
-340.033 813.147 29.0981
-340.005 813.135 -29.7398
-307.157 812.932 -30.3467
-306.946 818.618 -1.87631
-339.811 818.691 -1.88696
-340.59 796.127 -56.2314
-307.763 795.571 -57.3524
-307.2 811.731 -33.2369
-340.047 811.935 -32.63
-341.428 770.257 -74.2013
-308.561 769.201 -75.6806
-307.835 793.354 -59.5639
-340.663 793.91 -58.4429
-342.545 739.462 -80.8788
-309.575 737.82 -82.5496
-308.656 766.305 -76.8759
-341.523 767.361 -75.3965
-344.115 708.486 -75.2382
-311.108 706.251 -76.8106
-309.707 734.691 -82.5433
-342.678 736.333 -80.8724
-345.955 681.98 -58.3297
-313.145 679.292 -59.5131
-311.284 703.365 -75.6126
-344.292 705.6 -74.0403
-347.412 663.92 -32.57
-314.762 660.98 -33.19
-313.319 677.079 -57.3056
-346.129 679.767 -56.1222
-347.515 662.72 -29.6802
-347.989 657.143 -1.83111
-315.396 654.129 -1.82402
-314.866 659.779 -30.3002
-311.774 653.861 1.32892
-311.257 659.527 29.7993
-278.49 657.645 29.9492
-279.086 651.99 1.33883
-311.14 660.737 32.7299
-309.717 676.845 56.8294
-276.699 674.957 57.1394
-278.373 658.856 32.8798
-309.519 679.081 59.0692
-307.67 703.164 75.1552
-274.33 701.34 75.5804
-276.501 677.193 59.3792
-307.487 706.083 76.3672
-306.087 734.526 82.0839
-272.963 732.878 82.525
-274.147 704.259 76.7924
-305.968 737.699 82.0877
-305.045 766.181 76.3982
-272.087 764.728 76.8724
-272.845 736.051 82.5289
-304.959 769.116 75.1843
-304.228 793.262 59.0553
-271.318 791.978 59.4373
-272.001 767.664 75.6586
-304.156 795.508 56.8107
-303.579 811.659 32.6838
-270.636 810.46 32.8905
-271.245 794.224 57.1927
-303.532 812.874 29.7512
-303.298 818.545 1.27654
-270.334 817.369 1.28946
-270.589 811.675 29.958
-303.297 818.544 -1.89733
-303.508 812.858 -30.3677
-270.569 811.659 -30.5494
-270.333 817.368 -1.88442
-303.553 811.641 -33.2995
-304.116 795.481 -57.4149
-271.209 794.195 -57.7737
-270.613 810.443 -33.4812
-304.187 793.233 -59.6583
-304.912 769.08 -75.775
-271.955 767.625 -76.2263
-271.28 791.948 -60.017
-304.998 766.144 -76.9872
-305.917 737.659 -82.661
-272.794 736.009 -83.0798
-272.041 764.689 -77.4386
-306.035 734.485 -82.6554
-307.435 706.045 -76.9227
-274.096 704.219 -77.3265
-272.912 732.835 -83.0742
-307.619 703.127 -75.7091
-309.481 679.054 -59.6095
-276.46 677.162 -59.9004
-274.28 701.301 -76.1129
-309.68 676.819 -57.3682
-311.123 660.72 -33.2526
-278.353 658.835 -33.3833
-276.659 674.927 -57.6591
-311.242 659.51 -30.3208
-311.773 653.86 -1.84468
-279.085 651.989 -1.83477
-278.472 657.625 -30.4515
-275.468 651.752 1.34685
-274.871 657.407 29.9573
-242.357 654.984 30.0309
-243.131 649.353 1.35629
-274.726 658.617 32.9018
-273.052 674.718 57.1614
-240.022 672.235 57.3157
-242.211 656.193 32.9755
-272.798 676.957 59.4144
-270.626 701.104 75.6156
-236.68 698.568 75.8393
-239.768 674.474 59.5686
-270.366 704.046 76.8331
-269.183 732.664 82.5657
-233.53 730.131 82.7669
-236.419 701.509 77.0567
-268.982 735.847 82.562
-268.224 764.524 76.9055
-230.895 762.005 77.1406
-233.328 733.314 82.7633
-268.061 767.462 75.685
-267.378 791.776 59.4637
-228.706 789.267 59.6619
-230.732 764.943 75.9201
-267.245 794.02 57.2094
-266.636 810.257 32.9072
-227.113 807.72 33.0151
-228.574 791.512 57.4076
-266.556 811.469 29.9643
-266.301 817.162 1.29582
-226.488 814.606 1.30956
-227.033 808.932 30.0722
-266.3 817.161 -1.88789
-266.536 811.452 -30.5529
-227.015 808.916 -30.6342
-226.487 814.605 -1.87415
-266.613 810.239 -33.4952
-267.209 793.991 -57.7876
-228.541 791.482 -57.9613
-227.093 807.703 -33.5765
-267.34 791.746 -60.0408
-268.015 767.423 -76.2501
-230.688 764.904 -76.4613
-228.672 789.236 -60.2145
-268.178 764.485 -77.4692
-268.931 735.804 -83.1104
-233.278 733.271 -83.2896
-230.85 761.965 -77.6804
-269.132 732.622 -83.1125
-270.316 704.006 -77.3648
-236.369 701.469 -77.5685
-233.479 730.088 -83.2916
-270.577 701.065 -76.1459
-272.756 676.926 -59.9334
-239.724 674.441 -60.0695
-236.63 698.528 -76.3496
-273.012 674.687 -57.679
-274.705 658.595 -33.4032
-242.187 656.17 -33.4583
-239.98 672.203 -57.815
-274.853 657.387 -30.4574
-275.467 651.751 -1.84068
-243.13 649.351 -1.83124
-242.335 654.962 -30.5125
-239.546 649.001 1.36013
-238.772 654.632 30.0348
-206.547 650.678 30.0611
-207.534 645.097 1.37073
-238.583 655.835 32.9853
-236.394 671.876 57.3255
-203.541 667.799 57.3757
-206.358 651.882 33.0116
-236.054 674.104 59.5835
-232.966 698.198 75.8542
-199.083 693.953 75.9294
-203.201 670.028 59.6338
-232.56 701.126 77.0721
-229.67 729.748 82.7823
-194.209 725.339 82.8464
-198.678 696.881 77.1473
-229.285 732.923 82.7782
-226.852 761.615 77.1555
-189.745 757.031 77.1906
-193.824 728.514 82.8423
-226.522 764.545 75.9338
-224.497 788.869 59.6756
-186.039 784.147 59.7073
-189.415 759.961 75.9689
-224.242 791.107 57.4175
-222.781 807.315 33.025
-183.462 802.499 33.0492
-185.785 786.384 57.4492
-222.638 808.522 30.0766
-222.093 814.196 1.3139
-182.48 809.344 1.32704
-183.319 803.706 30.1007
-222.092 814.195 -1.87555
-222.62 808.507 -30.6356
-183.303 803.69 -30.6337
-182.479 809.344 -1.86241
-222.762 807.298 -33.5835
-224.209 791.077 -57.9684
-185.754 786.355 -57.9746
-183.445 802.482 -33.5816
-224.462 788.839 -60.2255
-226.478 764.506 -76.4723
-189.372 759.923 -76.483
-186.007 784.117 -60.2317
-226.807 761.575 -77.6927
-229.235 732.88 -83.3019
-193.775 728.471 -83.3431
-189.701 756.992 -77.7034
-229.62 729.705 -83.3046
-232.51 701.086 -77.5815
-198.627 696.841 -77.6354
-194.16 725.296 -83.3458
-232.916 698.159 -76.3623
-236.01 674.072 -60.0822
-203.155 669.994 -60.1122
-199.033 693.914 -76.4163
-236.352 671.844 -57.8227
-238.559 655.811 -33.4659
-206.331 651.857 -33.4713
-203.497 667.767 -57.8527
-238.75 654.609 -30.5141
-239.544 648.999 -1.83286
-207.532 645.095 -1.82226
-206.521 650.655 -30.5195
-203.985 644.568 1.37287
-202.998 650.149 30.0633
-171.128 644.524 30.0785
-172.353 639.003 1.3846
-202.76 651.342 33.0158
-199.943 667.26 57.3799
-167.377 661.47 57.4075
-170.89 645.717 33.031
-199.507 669.469 59.6397
-195.389 693.395 75.9353
-161.718 687.373 75.9732
-166.94 663.679 59.6673
-194.838 696.298 77.1532
-190.37 724.756 82.8523
-155.186 718.473 82.89
-161.166 690.276 77.191
-189.808 727.907 82.8466
-185.729 756.424 77.1948
-148.937 749.867 77.2097
-154.624 721.624 82.8843
-185.234 759.332 75.9714
-181.858 783.518 59.7098
-143.722 776.735 59.7207
-148.442 752.775 75.9863
-181.482 785.738 57.4512
-179.159 801.853 33.0512
-140.156 794.924 33.0636
-143.345 778.956 57.4621
-178.952 803.051 30.1024
-178.112 808.69 1.32873
-138.812 801.709 1.34199
-139.948 796.122 30.1147
-178.111 808.689 -1.86118
-178.936 803.036 -30.6325
-139.934 796.107 -30.6185
-138.811 801.708 -1.84792
-179.141 801.836 -33.5808
-181.451 785.71 -57.9738
-143.316 778.928 -57.959
-140.14 794.908 -33.5668
-181.826 783.488 -60.2315
-185.191 759.294 -76.4827
-148.401 752.738 -76.4729
-143.692 776.706 -60.2167
-185.686 756.385 -77.705
-189.759 727.864 -83.3447
-154.576 721.582 -83.3589
-148.895 749.829 -77.6951
-190.32 724.713 -83.3491
-194.788 696.258 -77.6387
-161.116 690.235 -77.6544
-155.137 718.431 -83.3634
-195.339 693.355 -76.4198
-199.461 669.435 -60.1158
-166.893 663.645 -60.1221
-161.667 687.333 -76.4355
-199.899 667.227 -57.8545
-202.733 651.317 -33.4731
-170.861 645.69 -33.4654
-167.331 661.436 -57.8608
-202.973 650.126 -30.5192
-203.984 644.566 -1.82192
-172.351 639.002 -1.81019
-171.101 644.499 -30.5115
-168.849 638.289 1.38631
-167.624 643.81 30.0802
-136.175 636.504 30.0931
-137.654 631.055 1.39881
-167.332 644.989 33.0337
-163.819 660.741 57.4101
-131.631 653.233 57.43
-135.883 637.683 33.0466
-163.279 662.926 59.6707
-158.057 686.62 75.9766
-124.718 678.816 76.0006
-131.091 655.418 59.6907
-157.36 689.491 77.1944
-151.379 717.687 82.8934
-116.562 709.533 82.9181
-124.021 681.687 77.2184
-150.646 720.804 82.8869
-144.959 749.047 77.2122
-108.578 740.534 77.2239
-115.829 712.649 82.9116
-144.302 751.923 75.9875
-139.581 775.883 59.722
-101.872 767.07 59.7303
-107.921 743.411 75.9993
-139.083 778.08 57.4632
-135.893 794.048 33.0647
-97.3192 785.039 33.0754
-101.374 769.267 57.4715
-135.622 795.233 30.1161
-134.486 800.82 1.34333
-95.6139 791.744 1.35671
-97.0478 786.224 30.1268
-134.485 800.82 -1.84631
-135.608 795.218 -30.6169
-97.0345 786.21 -30.6011
-95.6132 791.743 -1.83292
-135.878 794.032 -33.565
-139.054 778.052 -57.9572
-101.347 769.24 -57.9396
-97.3045 785.024 -33.5492
-139.552 775.854 -60.2152
-144.261 751.886 -76.4713
-107.882 743.373 -76.4581
-101.844 767.042 -60.1976
-144.917 749.009 -77.6949
-150.598 720.762 -83.3588
-115.782 712.608 -83.3594
-108.538 740.496 -77.6816
-151.33 717.645 -83.3642
-157.31 689.45 -77.6552
-123.971 681.646 -77.6562
-116.514 709.491 -83.3649
-158.007 686.58 -76.4365
-163.232 662.892 -60.1231
-131.043 655.382 -60.1208
-124.668 678.776 -76.4375
-163.772 660.708 -57.861
-167.302 644.961 -33.4656
-135.853 637.654 -33.4543
-131.584 653.198 -57.8587
-167.597 643.784 -30.5106
-168.847 638.287 -1.80924
-137.653 631.054 -1.79674
-136.147 636.476 -30.4993
-134.201 630.155 1.40041
-132.722 635.604 30.0947
-101.766 626.631 30.1074
-103.509 621.268 1.4134
-132.374 636.766 33.0487
-128.122 652.316 57.4322
-96.4027 643.101 57.4486
-101.418 627.794 33.0614
-127.476 654.47 59.6931
-121.102 677.869 76.0031
-88.2087 668.291 76.0213
-95.7565 645.255 59.7096
-120.259 680.699 77.2208
-112.8 708.545 82.9205
-78.4495 698.535 82.939
-87.3654 671.121 77.239
-111.9 711.617 82.9134
-104.649 739.502 77.2258
-68.7772 729.052 77.2375
-77.5495 701.607 82.932
-103.833 742.338 76.0005
-97.7844 765.998 59.7315
-60.6094 755.176 59.7405
-67.9615 731.888 76.0121
-97.1653 768.164 57.4726
-93.1108 783.936 33.0765
-55.079 772.87 33.0875
-59.9903 757.342 57.4816
-92.7753 785.105 30.1281
-91.3415 790.625 1.35803
-53.0134 779.474 1.37148
-54.7435 774.039 30.1392
-91.3408 790.624 -1.83127
-92.7621 785.091 -30.5994
-54.7313 774.026 -30.5838
-53.0127 779.474 -1.81782
-93.0963 783.921 -33.5473
-97.1385 768.137 -57.9378
-59.965 757.316 -57.9207
-55.0654 772.856 -33.5317
-97.7564 765.97 -60.1959
-103.794 742.301 -76.4564
-67.924 731.852 -76.4427
-60.5829 755.148 -60.1789
-104.609 739.465 -77.6808
-111.853 711.576 -83.3586
-77.5039 701.565 -83.3527
-68.7387 729.015 -77.6671
-112.752 708.503 -83.3646
-120.209 680.658 -77.656
-87.3163 671.08 -77.6506
-78.4034 698.493 -83.3587
-121.052 677.828 -76.4374
-127.427 654.435 -60.1207
-95.7081 645.218 -60.1144
-88.1594 668.25 -76.4321
-128.075 652.281 -57.8582
-132.344 636.737 -33.4538
-101.387 627.762 -33.4415
-96.3552 643.064 -57.8519
-132.694 635.576 -30.4981
-134.2 630.153 -1.79554
-103.508 621.266 -1.78255
-101.738 626.602 -30.4857
-100.116 620.185 1.41496
-98.3727 625.548 30.1089
-67.9842 614.932 30.1216
-69.9966 609.668 1.42828
-97.9666 626.691 33.0632
-92.9516 641.998 57.4504
-61.7902 631.096 57.4645
-67.5781 616.075 33.0759
-92.197 644.115 59.7116
-84.6492 667.151 76.0233
-52.3078 655.82 76.0388
-61.0356 633.213 59.7256
-83.6599 669.933 77.2409
-74.744 697.347 82.9409
-40.9653 685.503 82.9556
-51.3185 658.601 77.2564
-73.6802 700.366 82.9335
-64.9079 727.811 77.2391
-29.6465 715.449 77.2499
-39.9016 688.523 82.9482
-63.9374 730.598 76.0133
-56.5853 753.886 59.7417
-20.0504 741.082 59.7514
-28.676 718.235 76.0242
-55.8478 756.015 57.4828
-50.9365 771.543 33.0886
-13.5584 758.448 33.1
-19.3128 743.211 57.4924
-50.5377 772.692 30.1405
-48.8075 778.127 1.37283
-11.1364 764.931 1.3863
-13.1596 759.597 30.1519
-48.8069 778.126 -1.81619
-50.5255 772.678 -30.5821
-13.1482 759.584 -30.5667
-11.1358 764.931 -1.80272
-50.923 771.528 -33.5299
-55.8226 755.988 -57.9189
-19.289 743.185 -57.9023
-13.5458 758.434 -33.5145
-56.5589 753.858 -60.1772
-63.9 730.561 -76.441
-28.6401 718.199 -76.4263
-20.0253 741.055 -60.1606
-64.8695 727.774 -77.6659
-73.6348 700.324 -83.3514
-39.8575 688.481 -83.3414
-29.6096 715.412 -77.6512
-74.698 697.305 -83.3579
-83.6109 669.892 -77.6498
-51.2705 658.559 -77.6414
-40.9207 685.462 -83.3478
-84.6 667.11 -76.4315
-92.1486 644.078 -60.1138
-60.9876 633.175 -60.1047
-52.2596 655.778 -76.423
-92.9042 641.961 -57.851
-97.9362 626.659 -33.4406
-67.5485 616.041 -33.4277
-61.7432 631.058 -57.8419
-98.3448 625.518 -30.4844
-100.115 620.183 -1.78123
-69.9951 609.667 -1.76791
-67.9571 614.9 -30.4715
-66.6709 608.405 1.42981
-64.6585 613.669 30.1231
-34.9154 601.438 30.1357
-37.1977 596.288 1.4433
-64.1942 614.788 33.0775
-58.4063 629.81 57.4661
-27.8911 617.25 57.4786
-34.4511 602.557 33.09
-57.5431 631.884 59.7273
-48.8153 654.49 76.0404
-17.1309 641.435 76.054
-27.0279 619.324 59.7398
-47.6814 657.216 77.258
-37.3282 684.118 82.9571
-4.22998 670.473 82.9698
-15.997 644.16 77.2715
-36.1039 687.075 82.9496
-25.8489 714.001 77.2513
8.69505 699.76 77.2615
-3.0057 673.43 82.9623
-24.7273 716.731 76.0253
-16.1017 739.577 59.7525
19.6862 724.826 59.7624
9.81659 702.489 76.0355
-15.2481 741.663 57.4936
-9.49373 756.9 33.1011
27.1216 741.81 33.1126
20.5398 726.911 57.5034
-9.03264 758.025 30.1532
-7.00951 763.36 1.38767
29.8936 748.153 1.40114
27.5827 742.936 30.1648
-7.00894 763.359 -1.80112
-9.02134 758.012 -30.5651
27.5933 742.923 -30.5499
29.8942 748.152 -1.78765
-9.48125 756.886 -33.5127
-15.2244 741.637 -57.9005
20.5622 726.886 -57.8841
27.1333 741.797 -33.4975
-16.0768 739.551 -60.1589
-24.6916 716.695 -76.4246
9.85073 702.453 -76.4092
19.7098 724.8 -60.1425
-25.8122 713.964 -77.6498
-36.06 687.034 -83.3399
-2.96341 673.389 -83.3277
8.73018 699.723 -77.6344
-37.2837 684.076 -83.3467
-47.6335 657.174 -77.6402
-15.9504 644.118 -77.6297
-4.18709 670.431 -83.3345
-48.7672 654.448 -76.4221
-57.4953 631.846 -60.1037
-26.981 619.284 -60.0929
-17.0841 641.393 -76.4115
-58.3594 629.772 -57.8408
-64.1647 614.754 -33.4266
-34.423 602.521 -33.4132
-27.8452 617.21 -57.83
-64.6314 613.637 -30.4701
-66.6695 608.403 -1.76651
-37.1963 596.286 -1.75301
-34.8897 601.404 -30.4568
-33.9481 594.848 1.44481
-31.6657 599.998 30.1372
-2.64644 586.185 30.1496
-5.19669 581.164 1.45831
-31.1435 601.091 33.0915
-24.5835 615.783 57.4801
5.20017 601.598 57.4918
-2.12423 587.278 33.104
-23.6127 617.809 59.7412
-13.7157 639.92 76.0555
17.2218 625.173 76.0674
6.17099 603.624 59.7529
-12.4393 642.58 77.2729
-0.672253 668.893 82.9712
31.6512 653.48 82.9833
18.4983 627.834 77.2849
0.709005 671.78 82.9635
12.4098 698.11 77.2627
46.1407 682.023 77.2727
33.0324 656.367 82.9756
13.6784 700.774 76.0367
23.548 723.111 59.7635
58.4873 706.449 59.7733
47.4094 684.687 76.0467
24.5147 725.146 57.5046
31.0966 740.045 33.1138
66.8417 723.002 33.1253
59.4539 708.485 57.5144
31.6186 741.144 30.1661
33.9295 746.361 1.40252
69.9558 729.184 1.41585
67.3637 724.1 30.1776
33.93 746.36 -1.78606
31.6291 741.131 -30.5483
67.3735 724.088 -30.5333
69.9563 729.183 -1.77273
31.1082 740.031 -33.4957
24.537 725.121 -57.8824
59.475 708.46 -57.8662
66.8526 722.988 -33.4807
23.5715 723.084 -60.1407
13.7124 700.738 -76.4075
47.4417 684.652 -76.3922
58.5095 706.423 -60.1245
12.4447 698.073 -77.6328
0.751114 671.739 -83.3262
33.0728 656.326 -83.3135
46.1741 681.987 -77.6175
-0.629536 668.851 -83.3332
-12.3928 642.538 -77.6284
18.5432 627.791 -77.6163
31.6922 653.438 -83.3204
-13.669 639.877 -76.4104
-23.566 617.769 -60.0917
6.21638 603.583 -60.0802
17.267 625.13 -76.3983
-24.5377 615.744 -57.8287
-31.1155 601.055 -33.412
-2.09819 587.24 -33.3986
5.24461 601.558 -57.8172
-31.6401 599.963 -30.4553
-33.9467 594.846 -1.75157
-5.19538 581.162 -1.73807
-2.62274 586.149 -30.4419
-2.03163 579.551 1.45979
0.518626 584.572 30.1511
28.7355 569.216 30.1635
25.9216 564.34 1.47318
1.09798 585.636 33.1054
8.42238 599.956 57.4932
37.3903 584.186 57.5043
29.3149 570.28 33.1178
9.49915 601.926 59.7543
20.55 623.476 76.0687
50.6491 607.08 76.0793
38.4671 586.156 59.7654
21.9662 626.065 77.2861
35.1191 651.711 82.9845
66.571 634.572 82.9952
52.0653 609.669 77.2967
36.6535 654.519 82.9767
49.7617 680.175 77.2739
82.5807 662.288 77.2833
68.1054 637.38 82.9874
51.1733 682.766 76.0478
62.2512 704.528 59.7744
96.2404 686.003 59.7839
83.9922 664.879 76.0572
63.3277 706.507 57.5156
70.7154 721.024 33.1265
105.486 702.074 33.1377
97.3168 687.982 57.5251
71.2967 722.093 30.179
73.8888 727.176 1.41722
108.933 708.078 1.4303
106.067 703.143 30.1902
73.8893 727.176 -1.77117
71.3064 722.081 -30.5318
106.076 703.131 -30.5169
108.933 708.077 -1.75808
70.7262 721.011 -33.479
63.3486 706.483 -57.8645
97.3366 687.958 -57.8483
105.496 702.061 -33.4642
62.2733 704.502 -60.1228
51.2055 682.73 -76.3904
84.0228 664.844 -76.3746
96.2613 685.978 -60.1066
49.7949 680.139 -77.6159
36.6937 654.477 -83.3119
68.1438 637.339 -83.2982
82.6123 662.252 -77.6
35.1599 651.669 -83.319
22.011 626.022 -77.6149
52.1083 609.626 -77.6017
66.61 634.53 -83.3053
20.595 623.433 -76.397
9.54436 601.885 -60.0789
38.5105 586.114 -60.0668
50.6923 607.037 -76.3838
8.4666 599.915 -57.8159
1.12381 585.597 -33.3973
29.3383 570.24 -33.384
37.4327 584.144 -57.8037
0.542209 584.536 -30.4405
-2.03044 579.549 -1.73662
25.9228 564.338 -1.72322
28.7567 569.178 -30.4272
28.9935 562.558 1.4746
31.8074 567.435 30.165
59.1441 550.58 30.1765
56.0725 545.862 1.48739
32.4427 568.466 33.1191
40.5181 582.372 57.5056
68.5875 565.061 57.5152
59.7794 551.611 33.1307
41.6985 584.281 59.7665
53.8805 605.206 76.0805
83.052 587.207 76.0893
69.7679 566.97 59.7762
55.4331 607.714 77.2978
69.9388 632.617 82.9963
100.425 613.801 83.0053
84.6046 589.715 77.3067
71.622 635.339 82.9884
86.0973 660.247 77.2843
117.907 640.61 77.2924
102.108 616.523 82.9974
87.6472 662.757 76.0582
99.8953 683.881 59.785
132.835 663.545 59.7937
119.457 643.121 76.0663
101.078 685.799 57.5262
109.247 699.89 33.1388
142.943 679.088 33.1495
134.018 665.463 57.535
109.886 700.926 30.1915
112.751 705.861 1.43163
146.711 684.895 1.44444
143.581 680.123 30.2021
112.752 705.86 -1.75654
109.895 700.914 -30.5154
143.59 680.112 -30.5005
146.712 684.895 -1.74373
109.257 699.878 -33.4625
101.098 685.775 -57.8466
134.037 665.439 -57.8304
142.952 679.076 -33.4477
99.9161 683.856 -60.1049
87.6777 662.722 -76.3728
119.485 643.086 -76.3565
132.855 663.52 -60.0886
86.1287 660.211 -77.5984
71.6602 635.297 -83.2965
102.144 616.482 -83.2817
117.936 640.575 -77.5821
69.9776 632.575 -83.3038
55.4759 607.671 -77.6002
84.6452 589.672 -77.5861
100.462 613.76 -83.289
53.9235 605.162 -76.3824
41.7417 584.239 -60.0654
69.8089 566.928 -60.053
83.0928 587.163 -76.3683
40.5603 582.33 -57.8024
32.4659 568.426 -33.3826
59.7997 551.57 -33.3698
68.6275 565.018 -57.79
31.8285 567.397 -30.4257
28.9946 562.556 -1.72179
56.0735 545.86 -1.709
59.1623 550.541 -30.4129
59.0427 543.918 1.48876
62.1143 548.636 30.1779
88.4948 530.331 30.1892
85.1731 525.785 1.50149
62.804 549.631 33.1318
71.6122 563.081 57.5164
98.7031 544.279 57.5251
89.1846 531.326 33.1432
72.8932 564.924 59.7771
86.1773 585.16 76.0903
114.335 565.611 76.0977
99.9841 546.122 59.7858
87.8622 587.581 77.3076
103.682 611.668 83.0062
133.111 591.229 83.014
116.02 568.032 77.315
105.51 614.294 82.9983
121.308 638.381 77.2933
152.014 617.052 77.3009
134.938 593.856 83.0061
122.992 640.804 76.0672
136.371 661.228 59.7946
168.166 639.14 59.8029
153.698 619.475 76.0748
137.656 663.079 57.536
146.58 676.704 33.1505
179.102 654.109 33.1606
169.451 640.99 57.5443
147.274 677.703 30.2034
150.404 682.475 1.44573
183.181 659.702 1.45832
179.796 655.108 30.2135
150.405 682.474 -1.7422
147.283 677.692 -30.499
179.804 655.097 -30.484
183.181 659.702 -1.72961
146.59 676.692 -33.4459
137.674 663.055 -57.8287
169.468 640.967 -57.8123
179.111 654.097 -33.4309
136.39 661.204 -60.0869
123.021 640.769 -76.3547
153.724 619.441 -76.3384
168.184 639.116 -60.0705
121.338 638.346 -77.5803
105.546 614.253 -83.2799
134.972 593.815 -83.2642
152.042 617.017 -77.564
103.719 611.626 -83.2873
87.9026 587.538 -77.5844
116.058 567.988 -77.569
133.145 591.188 -83.2716
86.2179 585.117 -76.3668
72.9341 564.881 -60.0515
100.023 546.079 -60.0383
114.374 565.567 -76.3514
71.6519 563.038 -57.7886
62.8241 549.59 -33.3684
89.2016 531.283 -33.3554
98.7404 544.236 -57.7754
62.1323 548.596 -30.4115
59.0436 543.916 -1.70759
85.174 525.783 -1.69486
88.5098 530.29 -30.3985
88.0336 523.684 1.50289
91.3553 528.229 30.1906
116.709 508.532 30.2034
113.146 504.173 1.51568
92.0978 529.186 33.1444
101.616 542.139 57.5263
127.655 521.906 57.5371
117.452 509.488 33.1573
102.995 543.91 59.7868
117.345 563.399 76.0987
144.412 542.361 76.1065
129.034 523.677 59.7976
119.158 565.725 77.3158
136.249 588.923 83.0148
164.537 566.928 83.0216
146.225 544.688 77.3236
138.215 591.446 83.0068
155.291 614.643 77.3017
184.806 591.687 77.308
166.503 569.451 83.0137
157.103 616.97 76.0756
171.571 636.635 59.8037
202.13 612.861 59.8101
186.618 594.015 76.0819
172.955 638.413 57.5452
182.606 651.531 33.1615
213.862 627.21 33.17
203.514 614.639 57.5516
183.354 652.491 30.2147
186.738 657.086 1.45952
218.238 632.572 1.47179
214.609 628.169 30.2232
186.738 657.085 -1.72806
183.361 652.48 -30.4825
214.617 628.159 -30.4666
218.238 632.572 -1.7158
182.615 651.519 -33.4291
172.972 638.39 -57.8105
203.53 614.617 -57.7928
213.87 627.198 -33.4133
171.589 636.612 -60.0687
157.13 616.936 -76.3365
186.643 593.981 -76.319
202.147 612.838 -60.0509
155.318 614.608 -77.5621
138.249 591.405 -83.2623
166.535 569.411 -83.2462
184.832 591.653 -77.5446
136.283 588.881 -83.2698
119.196 565.682 -77.5673
146.26 544.644 -77.5525
164.569 566.887 -83.2537
117.384 563.355 -76.3499
103.033 543.867 -60.0368
129.069 523.634 -60.0254
144.448 542.317 -76.3352
101.653 542.096 -57.774
92.1145 529.143 -33.3541
117.465 509.445 -33.3424
127.69 521.863 -57.7627
91.3702 528.189 -30.3971
88.0343 523.682 -1.69348
113.147 504.171 -1.68068
116.721 508.49 -30.3854
115.889 501.92 1.51709
119.452 506.279 30.2048
143.705 485.243 30.2171
139.91 481.084 1.52914
120.245 507.194 33.1586
130.449 519.612 57.5385
155.36 498.003 57.5487
144.499 486.158 33.1708
131.921 521.306 59.7986
147.299 539.99 76.1074
173.195 517.523 76.1114
156.832 499.697 59.8088
149.234 542.215 77.324
167.546 564.455 83.0221
194.608 540.965 83.0199
175.13 519.748 77.328
169.645 566.869 83.0139
187.948 589.104 77.3083
216.179 564.583 77.3055
196.707 543.378 83.0117
189.883 591.329 76.0822
205.395 610.176 59.8103
234.62 584.776 59.8093
218.114 566.809 76.0794
206.873 611.875 57.5521
217.221 624.446 33.1705
247.109 598.457 33.1744
236.098 586.475 57.5511
218.019 625.363 30.2242
221.648 629.766 1.4728
251.767 603.57 1.48461
247.906 599.374 30.2281
221.648 629.766 -1.71414
218.027 625.353 -30.4649
247.914 599.364 -30.4453
251.767 603.57 -1.70233
217.229 624.435 -33.4111
206.889 611.853 -57.7906
236.113 586.453 -57.7666
247.116 598.446 -33.3915
205.412 610.153 -60.0485
189.908 591.296 -76.3166
218.137 566.776 -76.2914
234.636 584.753 -60.0245
187.974 589.07 -77.5423
169.677 566.828 -83.2439
196.736 543.339 -83.2195
216.203 564.55 -77.5171
167.578 564.414 -83.2517
149.269 542.172 -77.5505
175.163 519.705 -77.533
194.638 540.925 -83.2273
147.335 539.946 -76.3337
131.956 521.263 -60.0239
156.865 499.654 -60.0137
173.228 517.48 -76.3162
130.483 519.569 -57.7615
120.259 507.151 -33.3412
144.508 486.114 -33.3306
155.392 497.96 -57.7512
119.464 506.238 -30.3841
115.89 501.918 -1.67939
139.911 481.082 -1.66733
143.713 485.201 -30.3735
142.527 478.687 1.53036
146.322 482.845 30.2183
169.396 460.522 30.2257
165.376 456.573 1.54189
147.164 483.716 33.1716
158.026 495.561 57.5495
181.736 472.635 57.5458
170.238 461.392 33.179
159.588 497.173 59.8085
175.95 514.999 76.111
200.606 491.172 76.0869
183.298 474.247 59.8048
178.001 517.117 77.3256
197.479 538.334 83.0175
223.221 513.404 82.955
202.657 493.29 77.3016
199.703 540.628 83.0077
219.176 561.833 77.3015
246.007 535.785 77.2257
225.445 515.699 82.9452
221.227 563.948 76.0754
237.733 581.915 59.8053
265.487 554.911 59.7416
248.057 537.9 75.9996
239.299 583.529 57.5485
250.309 595.512 33.1718
278.68 567.868 33.1404
267.053 556.525 57.4848
251.155 596.383 30.2279
255.015 600.579 1.48449
283.602 572.712 1.49587
279.526 568.74 30.1966
255.016 600.578 -1.69964
251.162 596.373 -30.4426
279.532 568.73 -30.3886
283.602 572.711 -1.68826
250.317 595.501 -33.3864
239.314 583.508 -57.7615
267.067 556.505 -57.6755
278.687 567.858 -33.3324
237.748 581.893 -60.018
221.25 563.916 -76.2849
248.079 537.868 -76.1873
265.502 554.889 -59.932
219.199 561.8 -77.5107
199.732 540.589 -83.2131
225.472 515.661 -83.1294
246.028 535.753 -77.413
197.509 538.294 -83.2226
178.034 517.074 -77.5283
202.687 493.248 -77.4836
223.249 513.365 -83.1389
175.983 514.956 -76.3135
159.62 497.13 -60.011
183.327 474.205 -59.9873
200.636 491.13 -76.2688
158.057 495.518 -57.7496
147.173 483.672 -33.329
170.244 461.348 -33.3143
181.764 472.592 -57.726
146.33 482.804 -30.3722
142.527 478.685 -1.66599
165.376 456.571 -1.65446
169.4 460.48 -30.3576
167.857 454.036 1.54291
171.877 457.984 30.2267
193.69 434.425 30.2334
189.456 430.699 1.55396
172.766 458.808 33.1792
184.264 470.051 57.546
206.682 445.854 57.541
194.579 435.249 33.1858
185.913 471.577 59.8033
203.221 488.502 76.0855
226.55 463.336 76.0604
208.33 447.38 59.7983
205.383 490.504 77.2969
225.948 510.619 82.9503
250.328 484.267 82.8904
228.712 465.338 77.2718
228.29 512.786 82.9377
248.851 532.871 77.2181
274.273 505.33 77.1459
252.67 486.434 82.8777
251.011 534.867 75.992
268.441 551.878 59.734
294.745 523.324 59.6737
276.433 507.326 75.9197
270.09 553.402 57.4796
281.717 564.745 33.1352
308.609 535.514 33.1058
296.395 524.847 57.4194
282.608 565.567 30.1955
286.684 569.539 1.49478
313.782 540.071 1.50575
309.5 536.336 30.166
286.684 569.539 -1.68469
282.614 565.558 -30.3851
309.506 536.327 -30.3338
313.782 540.07 -1.67372
281.724 564.735 -33.3247
270.104 553.381 -57.6678
296.407 524.828 -57.5861
308.616 535.504 -33.2735
268.455 551.857 -59.922
251.032 534.836 -76.1772
276.453 507.296 -76.0839
294.758 523.304 -59.8402
248.873 532.839 -77.4031
228.317 512.747 -83.1195
252.695 486.397 -83.039
274.293 505.3 -77.3098
225.975 510.58 -83.1319
205.413 490.462 -77.4766
228.739 465.297 -77.4317
250.353 484.229 -83.0514
203.251 488.46 -76.2652
185.942 471.534 -59.9837
208.356 447.338 -59.9594
226.577 463.295 -76.2202
184.292 470.009 -57.7239
172.772 458.765 -33.3122
194.581 435.205 -33.2978
206.707 445.812 -57.6996
171.881 457.943 -30.3561
167.857 454.034 -1.65303
189.456 430.697 -1.64199
193.691 434.384 -30.3417
191.794 428.029 1.555
196.028 431.754 30.2345
216.506 407.018 30.2437
212.073 403.529 1.56546
196.961 432.529 33.1863
209.064 443.134 57.5414
230.103 417.721 57.547
217.439 407.792 33.1956
210.794 444.568 59.7976
229.013 460.524 76.0597
250.899 434.088 76.0593
231.833 419.155 59.8031
231.282 462.403 77.2694
252.898 481.332 82.8879
275.788 453.679 82.8864
253.168 435.968 77.269
255.354 483.366 82.874
276.957 502.262 77.1422
300.851 473.387 77.1429
278.244 455.712 82.8725
279.222 504.134 75.9161
297.534 520.132 59.6701
322.28 490.216 59.6734
303.116 475.259 75.9169
299.263 521.56 57.4171
311.478 532.227 33.1035
336.791 501.615 33.1095
324.01 491.644 57.4204
312.412 532.997 30.166
316.694 536.732 1.50569
342.205 505.877 1.51603
337.725 502.386 30.1719
316.694 536.732 -1.67129
312.418 532.988 -30.3314
337.731 502.378 -30.3167
342.205 505.877 -1.66095
311.485 532.217 -33.2689
299.276 521.541 -57.5815
324.021 491.626 -57.5645
336.797 501.606 -33.2543
297.547 520.112 -59.8344
279.241 504.104 -76.0781
303.133 475.231 -76.059
322.292 490.197 -59.8174
276.977 502.231 -77.3039
255.379 483.328 -83.0331
278.266 455.676 -83.0122
300.869 473.358 -77.2848
252.923 481.295 -83.0468
231.309 462.363 -77.4271
253.192 435.928 -77.4079
275.81 453.642 -83.0259
229.04 460.483 -76.2174
210.82 444.526 -59.9566
231.856 419.114 -59.9438
250.924 434.049 -76.1982
209.088 443.092 -57.6979
196.963 432.486 -33.2961
217.437 407.75 -33.2853
230.125 417.681 -57.6852
196.029 431.713 -30.3404
191.794 428.026 -1.64069
212.073 403.527 -1.63023
216.503 406.978 -30.3296
214.261 400.732 1.56652
218.693 404.222 30.2448
237.777 378.382 30.2535
233.16 375.14 1.57629
219.667 404.944 33.1963
232.332 414.873 57.5478
251.939 388.329 57.5533
238.751 379.105 33.2051
234.137 416.21 59.8035
253.203 431.143 76.0597
273.597 403.536 76.0622
253.745 389.666 59.809
255.571 432.895 77.2691
278.191 450.606 82.8865
299.52 421.734 82.8907
275.965 405.288 77.2717
280.756 452.501 82.8727
303.362 470.176 77.1432
325.63 440.032 77.1501
302.084 423.629 82.877
305.727 471.92 75.9174
324.891 486.877 59.6739
347.959 455.648 59.6824
327.995 441.776 75.9243
326.697 488.207 57.4211
339.478 498.178 33.1102
363.079 466.223 33.1192
349.764 456.978 57.4295
340.453 498.896 30.1729
344.933 502.387 1.51699
368.719 470.178 1.5267
364.053 466.941 30.1819
344.933 502.387 -1.65969
340.459 498.888 -30.3155
364.058 466.934 -30.3052
368.72 470.178 -1.64998
339.485 498.169 -33.2528
326.708 488.19 -57.563
349.775 456.961 -57.5525
363.084 466.215 -33.2425
324.903 486.859 -59.8157
305.744 471.892 -76.0573
328.011 441.75 -76.0456
347.97 455.63 -59.8052
303.38 470.147 -77.2829
280.778 452.466 -83.0104
302.104 423.596 -82.9964
325.647 440.005 -77.2712
278.213 450.57 -83.024
255.595 432.856 -77.406
275.986 405.251 -77.3909
299.54 421.7 -83.0101
253.227 431.104 -76.1966
234.16 416.169 -59.9422
253.764 389.627 -59.9306
273.618 403.498 -76.1815
232.353 414.832 -57.6839
219.665 404.902 -33.2841
238.745 379.064 -33.2741
251.958 388.29 -57.6723
218.69 404.181 -30.3285
214.26 400.73 -1.62908
233.159 375.138 -1.61931
237.77 378.344 -30.3186
235.19 372.226 1.57726
239.807 375.468 30.2545
257.443 348.602 30.2625
252.654 345.614 1.58633
240.819 376.136 33.2058
254.007 385.361 57.554
272.126 357.767 57.5583
258.455 349.27 33.2138
255.883 386.597 59.8093
275.735 400.468 76.0625
294.577 371.776 76.0639
274.001 359.004 59.8137
278.195 402.088 77.272
301.75 418.534 82.891
321.454 388.534 82.8939
297.037 373.396 77.2733
304.415 420.286 82.8775
327.961 436.689 77.1506
348.533 405.367 77.1568
324.119 390.286 82.8805
330.418 438.299 75.9251
350.382 452.171 59.6831
371.696 419.717 59.6913
350.99 406.977 75.9312
352.259 453.398 57.4305
365.573 462.644 33.1201
387.38 429.435 33.1289
373.572 420.945 57.4387
366.586 463.306 30.1829
371.252 466.544 1.52771
393.232 433.07 1.53681
388.393 430.097 30.1916
371.252 466.543 -1.6489
366.591 463.299 -30.3041
388.398 430.09 -30.2948
393.232 433.07 -1.63981
365.579 462.636 -33.2414
352.269 453.382 -57.5514
373.582 420.93 -57.5418
387.386 429.427 -33.2321
350.393 452.153 -59.804
330.434 438.273 -76.0443
351.005 406.952 -76.0331
371.706 419.701 -59.7944
327.977 436.661 -77.2698
304.434 420.252 -82.995
324.137 390.254 -82.981
348.548 405.341 -77.2586
301.77 418.5 -83.0084
278.216 402.051 -77.3892
297.056 373.361 -77.3742
321.472 388.502 -82.9944
275.756 400.43 -76.1799
255.902 386.559 -59.9291
274.018 358.967 -59.9175
294.596 371.74 -76.1649
254.025 385.322 -57.6711
240.813 376.096 -33.2729
258.445 349.232 -33.2635
272.141 357.73 -57.6595
239.8 375.43 -30.3175
235.189 372.224 -1.61823
252.654 345.612 -1.60916
257.432 348.566 -30.3081
254.521 342.591 1.58719
259.31 345.578 30.2633
275.445 317.763 30.2704
270.5 315.037 1.5954
260.356 346.191 33.2143
274.028 354.688 57.5589
290.603 326.128 57.5617
276.491 318.376 33.2214
275.967 355.822 59.8138
296.543 368.594 76.064
313.778 338.907 76.0635
292.543 327.261 59.8167
299.088 370.078 77.2734
323.505 385.216 82.894
341.526 354.182 82.8949
316.322 340.392 77.2729
326.261 386.819 82.8809
350.676 401.9 77.1572
369.492 369.497 77.162
344.282 355.785 82.8817
353.219 403.372 75.9319
373.924 416.112 59.692
393.419 382.533 59.6995
372.035 370.969 75.9367
375.866 417.233 57.4395
389.674 425.723 33.1297
409.622 391.359 33.1379
395.362 383.654 57.447
390.722 426.328 30.1926
395.561 429.301 1.53776
415.667 394.664 1.54609
410.67 391.964 30.2007
395.561 429.301 -1.63883
390.727 426.321 -30.2938
410.675 391.959 -30.2855
415.667 394.663 -1.6305
389.679 425.716 -33.231
375.875 417.218 -57.5408
395.37 383.641 -57.532
409.627 391.353 -33.2227
373.934 416.096 -59.7933
353.233 403.348 -76.032
372.048 370.946 -76.0209
393.429 382.519 -59.7845
350.691 401.875 -77.2572
326.279 386.788 -82.9796
344.298 355.756 -82.9651
369.505 369.473 -77.2461
323.523 385.184 -82.9928
299.107 370.043 -77.3725
316.339 340.359 -77.357
341.542 354.152 -82.9782
296.562 368.558 -76.1633
275.984 355.785 -59.9159
292.557 327.227 -59.9043
313.795 338.874 -76.1478
274.042 354.652 -57.6583
260.347 346.153 -33.2623
276.478 318.34 -33.2537
290.616 326.093 -57.6467
259.299 345.542 -30.3071
254.52 342.589 -1.60814
270.499 315.035 -1.59994
275.431 317.729 -30.2985
272.198 311.912 1.59614
277.143 314.639 30.2712
291.73 285.953 30.2773
286.644 283.491 1.6035
278.222 315.195 33.2217
292.334 322.947 57.5621
307.317 293.504 57.5631
292.809 286.509 33.2279
294.331 323.975 59.8166
315.566 335.621 76.0634
331.143 305.031 76.0605
309.315 294.532 59.8176
318.187 336.966 77.2727
343.39 350.757 82.8948
359.675 318.787 82.8933
333.763 306.377 77.2698
346.231 352.207 82.8819
371.44 365.919 77.1622
388.445 332.534 77.1658
362.515 320.237 82.8805
374.061 367.247 75.9373
395.446 378.811 59.7001
413.066 344.208 59.707
391.065 333.863 75.9409
397.448 379.822 57.4478
411.708 387.527 33.1387
429.738 352.113 33.1463
415.068 345.219 57.4547
412.789 388.072 30.2016
417.785 390.772 1.54696
435.957 355.076 1.55454
430.818 352.658 30.2092
417.785 390.771 -1.62962
412.793 388.067 -30.2846
430.823 352.654 -30.2772
435.957 355.075 -1.62204
411.713 387.521 -33.2217
397.457 379.808 -57.5311
415.077 345.207 -57.5233
429.743 352.108 -33.2144
395.455 378.797 -59.7834
374.074 367.224 -76.0198
391.078 333.841 -76.009
413.075 344.196 -59.7756
371.454 365.895 -77.2447
346.247 352.177 -82.9636
362.53 320.21 -82.9482
388.457 332.512 -77.2339
343.406 350.727 -82.9765
318.204 336.934 -77.3553
333.778 306.347 -77.3389
359.69 318.759 -82.9611
315.583 335.588 -76.1462
294.345 323.941 -59.9027
309.327 294.501 -59.8907
331.157 305.001 -76.1298
292.345 322.913 -57.6454
278.208 315.16 -33.2525
292.792 286.476 -33.2445
307.327 293.473 -57.6334
277.129 314.605 -30.2976
272.197 311.91 -1.59899
286.643 283.489 -1.59163
291.713 285.922 -30.2896
288.169 280.274 1.60411
293.255 282.736 30.2779
306.251 253.257 30.283
301.039 251.061 1.61058
294.362 283.235 33.228
308.871 290.23 57.5632
322.219 259.992 57.5618
307.358 253.757 33.2331
310.921 291.152 59.8172
332.748 301.651 76.0601
346.62 270.256 76.0545
324.269 260.914 59.8158
335.437 302.855 77.2694
361.348 315.265 82.8929
375.85 282.462 82.8886
349.309 271.46 77.2639
364.264 316.558 82.8805
390.193 328.855 77.1658
405.338 294.591 77.1683
378.766 283.755 82.8762
392.884 330.035 75.9414
414.885 340.38 59.7075
430.58 304.858 59.7143
408.029 295.771 75.9439
416.941 341.277 57.4555
431.61 348.171 33.1471
447.668 311.815 33.1544
432.635 305.754 57.4623
432.72 348.655 30.21
437.858 351.072 1.55536
454.043 314.427 1.5622
448.778 312.299 30.2173
437.859 351.072 -1.62127
432.724 348.651 -30.2764
448.782 312.296 -30.2702
454.043 314.426 -1.61443
431.615 348.166 -33.2136
416.949 341.265 -57.5225
432.643 305.744 -57.5161
447.673 311.811 -33.2074
414.894 340.368 -59.7745
392.897 330.014 -76.008
408.041 295.752 -75.9976
430.588 304.847 -59.7681
390.206 328.833 -77.2324
364.279 316.531 -82.9468
378.779 283.729 -82.9302
405.35 294.571 -77.222
361.363 315.237 -82.9593
335.452 302.825 -77.3371
349.322 271.433 -77.3195
375.864 282.436 -82.9427
332.762 301.621 -76.128
310.932 291.121 -59.8889
324.278 260.887 -59.876
346.633 270.229 -76.1105
308.88 290.2 -57.6321
294.345 283.203 -33.2432
307.339 253.728 -33.2359
322.227 259.965 -57.6192
293.238 282.705 -30.2887
288.168 280.273 -1.59073
301.038 251.059 -1.58426
306.232 253.23 -30.2814
302.386 247.76 1.61104
307.598 249.957 30.2835
318.966 219.764 30.2873
313.643 217.829 1.61655
308.73 250.399 33.2329
323.591 256.635 57.5616
335.267 225.691 57.5569
320.098 220.206 33.2367
325.686 257.45 59.8151
348.037 266.792 76.0537
360.167 234.693 76.0446
337.362 226.506 59.8103
350.787 267.852 77.2631
377.328 278.854 82.8879
390.007 245.322 82.88
362.916 235.753 77.254
380.31 279.986 82.876
406.882 290.823 77.168
420.126 255.784 77.17
392.989 246.454 82.8681
409.635 291.85 75.9443
432.186 300.936 59.7147
445.911 264.6 59.7219
422.879 256.81 75.9462
434.289 301.715 57.4631
449.322 307.775 33.1552
463.362 270.586 33.1622
448.013 265.379 57.4702
450.456 308.197 30.2181
455.721 310.325 1.56297
469.871 272.841 1.56892
464.496 271.008 30.2251
455.722 310.324 -1.61378
450.461 308.194 -30.2696
464.501 271.006 -30.2649
469.871 272.841 -1.60784
449.326 307.772 -33.2068
434.297 301.705 -57.5155
448.021 265.371 -57.5113
463.367 270.585 -33.2021
432.194 300.925 -59.7672
409.647 291.83 -75.9968
422.891 256.793 -75.9877
445.919 264.591 -59.763
406.894 290.803 -77.2205
380.323 279.961 -82.9286
393.002 246.431 -82.9101
420.138 255.765 -77.2114
377.341 278.829 -82.9406
350.8 267.826 -77.3175
362.928 235.73 -77.2981
390.02 245.299 -82.9222
348.05 266.765 -76.1085
325.695 257.423 -59.874
337.369 226.483 -59.8593
360.178 234.67 -76.0891
323.598 256.608 -57.6177
308.711 250.371 -33.2344
320.076 220.182 -33.2277
335.272 225.668 -57.603
307.579 249.93 -30.2805
302.385 247.759 -1.5834
313.642 217.828 -1.57789
318.944 219.741 -30.2738
314.808 214.453 1.61682
320.131 216.388 30.2876
329.84 185.555 30.2896
324.42 183.874 1.62139
321.284 216.774 33.236
336.453 222.259 57.5562
346.426 190.699 57.546
330.993 185.942 33.2381
338.588 222.969 59.8089
361.392 231.156 76.0432
371.748 198.462 76.0272
348.561 191.409 59.7987
364.194 232.072 77.2527
391.285 241.641 82.8787
402.11 207.487 82.8653
374.549 199.379 77.2367
394.325 242.607 82.8675
421.462 251.937 77.1694
432.771 216.225 77.172
405.15 208.453 82.8542
424.268 252.806 75.9467
447.3 260.595 59.7223
459.017 223.553 59.7302
435.578 217.094 75.9493
449.443 261.254 57.471
464.791 266.462 33.163
476.772 228.554 33.1693
461.16 224.212 57.4789
465.947 266.819 30.2258
471.322 268.653 1.56962
483.395 230.447 1.57455
477.929 228.911 30.2321
471.322 268.653 -1.60735
465.952 266.818 -30.2644
477.934 228.912 -30.2611
483.395 230.447 -1.60242
464.796 266.46 -33.2018
449.451 261.247 -57.511
461.169 224.207 -57.5096
476.778 228.554 -33.1985
447.308 260.587 -59.7624
424.28 252.788 -75.9871
435.59 217.078 -75.9807
459.026 223.547 -59.761
421.474 251.919 -77.2098
394.338 242.584 -82.9085
405.163 208.432 -82.8865
432.784 216.208 -77.2035
391.298 241.618 -82.9198
364.206 232.05 -77.2958
374.561 199.359 -77.2713
402.124 207.466 -82.8978
361.404 231.133 -76.0866
338.595 222.947 -59.8568
348.567 191.392 -59.8381
371.759 198.443 -76.0621
336.459 222.237 -57.6013
321.263 216.75 -33.2259
330.97 185.923 -33.219
346.431 190.682 -57.5826
320.109 216.365 -30.2729
314.807 214.452 -1.57704
324.419 183.873 -1.57246
329.817 185.538 -30.266
325.4 180.431 1.62131
330.82 182.112 30.2895
338.851 150.714 30.2853
333.348 149.272 1.62498
331.992 182.445 33.2364
347.425 187.202 57.5444
355.677 155.119 57.5198
340.022 151.047 33.2322
349.592 187.811 59.7957
372.779 194.864 76.0243
381.341 161.696 75.9867
357.843 155.727 59.7712
375.625 195.637 77.2343
403.186 203.745 82.8628
412.134 169.074 82.8381
384.187 162.468 77.1967
406.274 204.541 82.8532
433.895 212.313 77.171
443.241 176.028 77.173
415.222 169.87 82.8285
436.746 213.019 75.9498
460.185 219.478 59.7306
469.856 181.838 59.7352
446.092 176.734 75.9517
462.361 220.014 57.4795
477.974 224.356 33.17
487.852 185.842 33.1722
472.033 182.374 57.4841
479.147 224.649 30.2327
484.614 226.185 1.57507
494.565 187.373 1.57869
489.026 186.135 30.2348
484.614 226.185 -1.60201
479.153 224.65 -30.2607
489.033 186.139 -30.256
494.565 187.373 -1.59839
477.98 224.357 -33.1983
462.37 220.009 -57.5093
472.044 182.371 -57.5075
487.86 185.846 -33.1936
460.194 219.472 -59.7606
436.758 213.003 -75.9803
446.106 176.719 -75.976
469.867 181.834 -59.7587
433.908 212.296 -77.2016
406.287 204.52 -82.8847
415.237 169.851 -82.8534
443.255 176.012 -77.1973
403.199 203.724 -82.8945
375.636 195.618 -77.2679
384.199 162.453 -77.2233
412.148 169.055 -82.8632
372.79 194.846 -76.0583
349.598 187.795 -59.8343
357.851 155.719 -59.8024
381.353 161.682 -76.0137
347.429 187.186 -57.5801
331.969 182.427 -33.2165
339.999 151.037 -33.2048
355.682 155.11 -57.5482
330.797 182.095 -30.265
325.399 180.43 -1.57145
333.347 149.271 -1.56777
338.827 150.704 -30.2533
334.146 145.769 1.62359
339.648 147.211 30.2839
346.043 115.332 30.2439
340.477 114.108 1.62629
340.834 147.495 33.2269
356.488 151.567 57.5145
363.046 119.067 57.4239
347.229 115.616 33.1869
358.68 152.081 59.7626
382.177 158.05 75.9781
388.955 124.543 75.8458
365.238 119.581 59.6719
385.058 158.678 77.1892
413.005 165.284 82.8307
420.052 130.191 82.7505
391.835 125.172 77.057
416.13 165.902 82.8245
444.149 172.06 77.169
451.478 135.293 77.1283
423.178 130.809 82.7443
447.033 172.6 75.9497
470.798 177.703 59.7332
478.342 139.564 59.6931
454.362 135.832 75.9091
472.998 178.115 57.4826
488.818 181.584 33.1707
496.499 142.57 33.1445
480.543 139.976 57.4425
490.005 181.812 30.2344
495.544 183.05 1.57822
503.274 143.739 1.5795
497.686 142.798 30.2082
495.544 183.05 -1.59739
490.012 181.816 -30.255
497.695 142.806 -30.2264
503.275 143.74 -1.59611
488.826 181.588 -33.1915
473.01 178.113 -57.5054
480.558 139.977 -57.4627
496.509 142.578 -33.163
470.809 177.7 -59.7562
447.048 172.585 -75.9734
454.38 135.818 -75.929
478.357 139.564 -59.7134
444.164 172.044 -77.1927
416.145 165.884 -82.8488
423.195 130.792 -82.7636
451.496 135.278 -77.1482
413.02 165.265 -82.8551
385.071 158.663 -77.2152
391.852 125.161 -77.0768
420.07 130.174 -82.7698
382.19 158.036 -76.0043
358.687 152.073 -59.793
365.25 119.582 -59.6949
388.971 124.534 -75.8659
356.494 151.559 -57.5421
340.811 147.486 -33.1987
347.209 115.617 -33.1522
363.056 119.069 -57.444
339.625 147.202 -30.2511
334.144 145.769 -1.56561
340.476 114.108 -1.56291
346.023 115.333 -30.2046
341.119 110.562 1.61836
346.685 111.786 30.236
351.881 79.5874 30.0038
346.311 78.5564 1.61847
347.876 112.026 33.1629
363.694 115.478 57.3999
368.893 82.7485 56.9435
353.072 79.8278 32.9307
365.895 115.905 59.6354
389.612 120.868 75.8093
394.781 87.1926 75.1977
371.095 83.1763 59.179
392.506 121.349 77.0198
420.723 126.368 82.7133
425.832 90.9157 82.1811
397.675 87.6734 76.4081
423.86 126.797 82.7118
452.16 131.281 77.0959
457.229 94.0865 76.5804
428.968 91.3449 82.1797
455.055 131.649 75.8812
479.035 135.381 59.6652
484.046 96.8011 59.2485
460.124 94.455 75.3657
481.244 135.668 57.4228
497.2 138.262 33.1248
502.214 98.805 32.8922
486.256 97.0883 57.0061
498.392 138.425 30.2009
503.981 139.366 1.57215
509.002 99.6118 1.56188
503.406 98.9682 29.9683
503.981 139.367 -1.58951
498.402 138.433 -30.2198
503.414 98.9793 -29.9987
509.002 99.6124 -1.59978
497.211 138.27 -33.1431
481.259 135.67 -57.4429
486.282 97.0933 -57.0139
502.223 98.8165 -32.922
479.051 135.381 -59.6846
455.073 131.635 -75.9002
460.15 94.4428 -75.3718
484.073 96.8045 -59.2556
452.178 131.266 -77.1149
423.878 126.78 -82.7303
428.995 91.3306 -82.1889
457.256 94.0733 -76.5866
420.742 126.351 -82.7319
392.523 121.339 -77.0389
397.7 87.6677 -76.4211
425.858 90.9018 -82.1905
389.629 120.859 -75.8286
365.907 115.908 -59.6576
371.116 83.1901 -59.192
394.806 87.1881 -75.2109
363.704 115.481 -57.4193
347.857 112.029 -33.1275
353.063 79.8445 -32.8913
368.913 82.7633 -56.9537
346.665 111.788 -30.1962
341.118 110.563 -1.5545
346.311 78.5569 -1.5544
351.871 79.6035 -29.96
347.002 75.0324 1.57495
352.571 76.0633 29.9603
359.751 44.3766 28.6544
354.443 43.4887 1.57239
353.734 76.2682 32.8076
369.555 79.1889 56.8204
376.001 47.0955 54.4311
360.914 44.5815 31.5018
371.702 79.5487 58.9952
395.388 83.5651 75.0139
400.745 50.9395 71.9379
378.147 47.4553 56.6059
398.194 83.9548 76.1935
426.351 87.1971 81.9665
430.341 54.6264 78.5667
403.551 51.3292 73.1176
429.409 87.5326 81.9726
457.67 90.2743 76.3733
460.263 57.7565 73.1279
433.399 54.962 78.5728
460.5 90.5579 75.1923
484.423 92.9039 59.0751
485.848 60.3614 56.5913
463.093 58.0402 71.9468
486.588 93.1263 56.8916
502.546 94.843 32.7778
503.256 62.2197 31.4383
488.013 60.5838 54.4079
503.717 94.9703 29.9274
509.313 95.6139 1.52103
509.777 62.9322 1.50841
504.427 62.347 28.5879
509.313 95.6137 -1.5613
503.725 94.9806 -29.9602
504.424 62.3259 -28.6336
509.777 62.932 -1.57392
502.555 94.8532 -32.8075
486.614 93.13 -56.8993
488.041 60.5638 -54.4027
503.254 62.1985 -31.4808
484.45 92.9069 -59.0808
460.528 90.5452 -75.197
463.123 58.0281 -71.9431
485.877 60.3406 -56.5842
457.697 90.2613 -76.3785
429.436 87.5186 -81.9808
433.43 54.9524 -78.5753
460.293 57.7443 -73.1246
426.378 87.1837 -81.9753
398.219 83.9496 -76.2059
403.579 51.3304 -73.1272
430.372 54.6175 -78.5697
395.413 83.5616 -75.0266
371.724 79.5636 -59.0078
378.168 47.4852 -56.6202
400.773 50.9424 -71.948
369.575 79.2051 -56.8304
353.726 76.2863 -32.768
360.902 44.6144 -31.467
376.019 47.1268 -54.4428
352.562 76.0803 -29.9166
347.001 75.0337 -1.511
354.442 43.49 -1.51356
359.738 44.4084 -28.6157
355.301 40.0123 1.48797
360.609 40.9002 28.57
368.632 9.75921 26.8424
363.645 9.00202 1.4818
361.71 41.0762 31.2628
376.797 43.5902 54.1922
383.9 12.103 51.011
369.733 9.93517 29.5352
378.828 43.902 56.2506
401.426 47.3862 71.5827
407.139 15.4645 67.4243
385.931 12.4149 53.0695
404.082 47.7466 72.6984
430.871 51.0438 78.1475
434.874 18.9696 73.6213
409.795 15.8249 68.5401
433.756 51.3775 78.1472
460.619 54.1721 72.7023
462.872 22.0715 68.5023
437.759 19.3033 73.621
463.287 54.4547 71.5818
486.042 56.7759 56.2262
486.767 24.6296 52.9604
465.54 22.3541 67.3817
488.084 56.9929 54.1626
503.326 58.6289 31.193
502.984 26.3981 29.4063
488.808 24.8465 50.8968
504.431 58.7487 28.5016
509.781 59.3338 1.42202
509.057 27.0467 1.43153
504.089 26.5179 26.7149
509.781 59.3319 -1.48758
504.427 58.7258 -28.5472
504.084 26.4699 -26.7455
509.057 27.0448 -1.47807
503.324 58.6042 -31.235
488.111 56.9695 -54.1569
488.827 24.8031 -50.8889
502.981 26.3484 -29.4333
486.071 56.754 -56.2185
463.317 54.4414 -71.5774
465.562 22.341 -67.3782
486.787 24.5876 -52.9504
460.649 54.1601 -72.6987
433.786 51.3682 -78.1493
437.781 19.2965 -73.6212
462.894 22.0596 -68.4994
430.902 51.0353 -78.1501
404.109 47.7482 -72.7076
409.815 15.8295 -68.5449
434.897 18.9636 -73.622
401.453 47.3902 -71.5925
378.848 43.933 -56.2647
385.941 12.4577 -53.0809
407.159 15.4714 -67.4298
376.815 43.6232 -54.2042
361.697 41.1109 -31.2285
369.716 9.98473 -29.5097
383.908 12.1479 -51.0204
360.596 40.9329 -28.5322
355.3 40.0145 -1.43002
363.644 9.00417 -1.43618
368.615 9.80671 -26.8134
364.692 5.76503 1.35289
369.679 6.52221 26.7135
380.242 -21.0276 23.784
375.819 -21.6492 1.3323
370.687 6.66956 29.1722
384.854 8.83744 50.648
393.849 -19.1213 45.273
381.25 -20.8803 26.2427
386.716 9.10183 52.5263
407.924 12.1515 66.8811
414.594 -16.3303 59.8206
395.71 -18.8569 47.1513
410.352 12.4757 67.8947
435.431 15.6204 72.9759
439.258 -13.0592 65.2244
417.022 -16.006 60.8342
438.058 15.948 72.973
463.172 18.7162 67.8543
464.069 -9.80228 60.6962
441.886 -12.7316 65.2215
465.601 19.0069 66.8334
486.829 21.2823 52.412
485.26 -7.03839 46.9555
466.499 -9.51162 59.6753
488.687 21.5043 50.531
502.863 23.0559 29.0405
499.631 -5.16852 26.1109
487.119 -6.81636 45.0745
503.868 23.1757 26.588
508.837 23.7046 1.30466
505.025 -4.47107 1.32565
500.636 -5.0487 23.6583
508.837 23.7031 -1.34754
503.864 23.1282 -26.615
500.636 -5.05105 -23.6591
505.025 -4.47258 -1.32654
502.859 23.0068 -29.0666
488.705 21.4616 -50.5222
487.119 -6.82023 -45.0746
499.631 -5.17243 -26.1107
486.847 21.2411 -52.4027
465.622 18.9945 -66.8304
466.499 -9.51371 -59.6749
485.26 -7.0407 -46.955
463.192 18.7048 -67.8515
438.079 15.9417 -72.9732
441.887 -12.7326 -65.2213
464.07 -9.80337 -60.696
435.452 15.6145 -72.9763
410.37 12.4805 -67.8992
417.023 -16.0064 -60.8342
439.259 -13.0597 -65.2243
407.942 12.1575 -66.8857
386.724 9.14375 -52.5367
395.71 -18.8557 -47.1515
414.594 -16.3294 -59.8206
384.862 8.88113 -50.6578
370.671 6.71791 -29.1471
381.249 -20.8773 -26.2423
393.848 -19.1183 -45.2726
369.663 6.56906 -26.6876
364.691 5.76652 -1.3104
375.819 -21.6477 -1.33099
380.242 -21.0261 -23.7827
-381.093 677.484 25.4701
-381.474 672.336 -0.29213
-381.046 677.476 -26.0548
-379.945 692.087 -47.838
-378.504 713.89 -62.3397
-377.146 739.57 -67.4366
-376.116 765.289 -62.383
-375.384 787.153 -47.8751
-374.895 801.78 -26.076
-374.722 806.921 -0.328029
-374.917 801.796 25.4225
-375.416 787.179 47.2279
-376.155 765.323 61.7461
-377.189 739.607 66.8135
-378.546 713.925 61.7302
-379.997 692.111 47.2448
382.635 -22.3863 1.76393e-05
387.057 -21.7648 22.4517
399.656 -20.0058 41.4821
418.54 -17.4792 54.1513
440.777 -14.5323 58.5415
462.96 -11.603 54.0162
481.721 -9.1298 41.2965
494.234 -7.48197 22.3329
498.623 -6.90434 0.000247942
494.233 -7.48281 -22.3323
481.721 -9.13061 -41.2962
462.96 -11.6036 -54.016
440.777 -14.5328 -58.5413
418.54 -17.4795 -54.1511
399.656 -20.0059 -41.482
387.057 -21.7648 -22.4517
</DataArray>
</Points>
<Cells>
<DataArray type="Int32" Name="connectivity" format="ascii">
0 1 2 3 
4 5 6 7 
8 9 10 11 
12 13 14 15 
16 17 18 19 
20 21 22 23 
24 25 26 27 
28 29 30 31 
32 33 34 35 
36 37 38 39 
40 41 42 43 
44 45 46 47 
48 49 50 51 
52 53 54 55 
56 57 58 59 
60 61 62 63 
64 65 66 67 
68 69 70 71 
72 73 74 75 
76 77 78 79 
80 81 82 83 
84 85 86 87 
88 89 90 91 
92 93 94 95 
96 97 98 99 
100 101 102 103 
104 105 106 107 
108 109 110 111 
112 113 114 115 
116 117 118 119 
120 121 122 123 
124 125 126 127 
128 129 130 131 
132 133 134 135 
136 137 138 139 
140 141 142 143 
144 145 146 147 
148 149 150 151 
152 153 154 155 
156 157 158 159 
160 161 162 163 
164 165 166 167 
168 169 170 171 
172 173 174 175 
176 177 178 179 
180 181 182 183 
184 185 186 187 
188 189 190 191 
192 193 194 195 
196 197 198 199 
200 201 202 203 
204 205 206 207 
208 209 210 211 
212 213 214 215 
216 217 218 219 
220 221 222 223 
224 225 226 227 
228 229 230 231 
232 233 234 235 
236 237 238 239 
240 241 242 243 
244 245 246 247 
248 249 250 251 
252 253 254 255 
256 257 258 259 
260 261 262 263 
264 265 266 267 
268 269 270 271 
272 273 274 275 
276 277 278 279 
280 281 282 283 
284 285 286 287 
288 289 290 291 
292 293 294 295 
296 297 298 299 
300 301 302 303 
304 305 306 307 
308 309 310 311 
312 313 314 315 
316 317 318 319 
320 321 322 323 
324 325 326 327 
328 329 330 331 
332 333 334 335 
336 337 338 339 
340 341 342 343 
344 345 346 347 
348 349 350 351 
352 353 354 355 
356 357 358 359 
360 361 362 363 
364 365 366 367 
368 369 370 371 
372 373 374 375 
376 377 378 379 
380 381 382 383 
384 385 386 387 
388 389 390 391 
392 393 394 395 
396 397 398 399 
400 401 402 403 
404 405 406 407 
408 409 410 411 
412 413 414 415 
416 417 418 419 
420 421 422 423 
424 425 426 427 
428 429 430 431 
432 433 434 435 
436 437 438 439 
440 441 442 443 
444 445 446 447 
448 449 450 451 
452 453 454 455 
456 457 458 459 
460 461 462 463 
464 465 466 467 
468 469 470 471 
472 473 474 475 
476 477 478 479 
480 481 482 483 
484 485 486 487 
488 489 490 491 
492 493 494 495 
496 497 498 499 
500 501 502 503 
504 505 506 507 
508 509 510 511 
512 513 514 515 
516 517 518 519 
520 521 522 523 
524 525 526 527 
528 529 530 531 
532 533 534 535 
536 537 538 539 
540 541 542 543 
544 545 546 547 
548 549 550 551 
552 553 554 555 
556 557 558 559 
560 561 562 563 
564 565 566 567 
568 569 570 571 
572 573 574 575 
576 577 578 579 
580 581 582 583 
584 585 586 587 
588 589 590 591 
592 593 594 595 
596 597 598 599 
600 601 602 603 
604 605 606 607 
608 609 610 611 
612 613 614 615 
616 617 618 619 
620 621 622 623 
624 625 626 627 
628 629 630 631 
632 633 634 635 
636 637 638 639 
640 641 642 643 
644 645 646 647 
648 649 650 651 
652 653 654 655 
656 657 658 659 
660 661 662 663 
664 665 666 667 
668 669 670 671 
672 673 674 675 
676 677 678 679 
680 681 682 683 
684 685 686 687 
688 689 690 691 
692 693 694 695 
696 697 698 699 
700 701 702 703 
704 705 706 707 
708 709 710 711 
712 713 714 715 
716 717 718 719 
720 721 722 723 
724 725 726 727 
728 729 730 731 
732 733 734 735 
736 737 738 739 
740 741 742 743 
744 745 746 747 
748 749 750 751 
752 753 754 755 
756 757 758 759 
760 761 762 763 
764 765 766 767 
768 769 770 771 
772 773 774 775 
776 777 778 779 
780 781 782 783 
784 785 786 787 
788 789 790 791 
792 793 794 795 
796 797 798 799 
800 801 802 803 
804 805 806 807 
808 809 810 811 
812 813 814 815 
816 817 818 819 
820 821 822 823 
824 825 826 827 
828 829 830 831 
832 833 834 835 
836 837 838 839 
840 841 842 843 
844 845 846 847 
848 849 850 851 
852 853 854 855 
856 857 858 859 
860 861 862 863 
864 865 866 867 
868 869 870 871 
872 873 874 875 
876 877 878 879 
880 881 882 883 
884 885 886 887 
888 889 890 891 
892 893 894 895 
896 897 898 899 
900 901 902 903 
904 905 906 907 
908 909 910 911 
912 913 914 915 
916 917 918 919 
920 921 922 923 
924 925 926 927 
928 929 930 931 
932 933 934 935 
936 937 938 939 
940 941 942 943 
944 945 946 947 
948 949 950 951 
952 953 954 955 
956 957 958 959 
960 961 962 963 
964 965 966 967 
968 969 970 971 
972 973 974 975 
976 977 978 979 
980 981 982 983 
984 985 986 987 
988 989 990 991 
992 993 994 995 
996 997 998 999 
1000 1001 1002 1003 
1004 1005 1006 1007 
1008 1009 1010 1011 
1012 1013 1014 1015 
1016 1017 1018 1019 
1020 1021 1022 1023 
1024 1025 1026 1027 
1028 1029 1030 1031 
1032 1033 1034 1035 
1036 1037 1038 1039 
1040 1041 1042 1043 
1044 1045 1046 1047 
1048 1049 1050 1051 
1052 1053 1054 1055 
1056 1057 1058 1059 
1060 1061 1062 1063 
1064 1065 1066 1067 
1068 1069 1070 1071 
1072 1073 1074 1075 
1076 1077 1078 1079 
1080 1081 1082 1083 
1084 1085 1086 1087 
1088 1089 1090 1091 
1092 1093 1094 1095 
1096 1097 1098 1099 
1100 1101 1102 1103 
1104 1105 1106 1107 
1108 1109 1110 1111 
1112 1113 1114 1115 
1116 1117 1118 1119 
1120 1121 1122 1123 
1124 1125 1126 1127 
1128 1129 1130 1131 
1132 1133 1134 1135 
1136 1137 1138 1139 
1140 1141 1142 1143 
1144 1145 1146 1147 
1148 1149 1150 1151 
1152 1153 1154 1155 
1156 1157 1158 1159 
1160 1161 1162 1163 
1164 1165 1166 1167 
1168 1169 1170 1171 
1172 1173 1174 1175 
1176 1177 1178 1179 
1180 1181 1182 1183 
1184 1185 1186 1187 
1188 1189 1190 1191 
1192 1193 1194 1195 
1196 1197 1198 1199 
1200 1201 1202 1203 
1204 1205 1206 1207 
1208 1209 1210 1211 
1212 1213 1214 1215 
1216 1217 1218 1219 
1220 1221 1222 1223 
1224 1225 1226 1227 
1228 1229 1230 1231 
1232 1233 1234 1235 
1236 1237 1238 1239 
1240 1241 1242 1243 
1244 1245 1246 1247 
1248 1249 1250 1251 
1252 1253 1254 1255 
1256 1257 1258 1259 
1260 1261 1262 1263 
1264 1265 1266 1267 
1268 1269 1270 1271 
1272 1273 1274 1275 
1276 1277 1278 1279 
1280 1281 1282 1283 
1284 1285 1286 1287 
1288 1289 1290 1291 
1292 1293 1294 1295 
1296 1297 1298 1299 
1300 1301 1302 1303 
1304 1305 1306 1307 
1308 1309 1310 1311 
1312 1313 1314 1315 
1316 1317 1318 1319 
1320 1321 1322 1323 
1324 1325 1326 1327 
1328 1329 1330 1331 
1332 1333 1334 1335 
1336 1337 1338 1339 
1340 1341 1342 1343 
1344 1345 1346 1347 
1348 1349 1350 1351 
1352 1353 1354 1355 
1356 1357 1358 1359 
1360 1361 1362 1363 
1364 1365 1366 1367 
1368 1369 1370 1371 
1372 1373 1374 1375 
1376 1377 1378 1379 
1380 1381 1382 1383 
1384 1385 1386 1387 
1388 1389 1390 1391 
1392 1393 1394 1395 
1396 1397 1398 1399 
1400 1401 1402 1403 
1404 1405 1406 1407 
1408 1409 1410 1411 
1412 1413 1414 1415 
1416 1417 1418 1419 
1420 1421 1422 1423 
1424 1425 1426 1427 
1428 1429 1430 1431 
1432 1433 1434 1435 
1436 1437 1438 1439 
1440 1441 1442 1443 
1444 1445 1446 1447 
1448 1449 1450 1451 
1452 1453 1454 1455 
1456 1457 1458 1459 
1460 1461 1462 1463 
1464 1465 1466 1467 
1468 1469 1470 1471 
1472 1473 1474 1475 
1476 1477 1478 1479 
1480 1481 1482 1483 
1484 1485 1486 1487 
1488 1489 1490 1491 
1492 1493 1494 1495 
1496 1497 1498 1499 
1500 1501 1502 1503 
1504 1505 1506 1507 
1508 1509 1510 1511 
1512 1513 1514 1515 
1516 1517 1518 1519 
1520 1521 1522 1523 
1524 1525 1526 1527 
1528 1529 1530 1531 
1532 1533 1534 1535 
1536 1537 1538 1539 
1540 1541 1542 1543 
1544 1545 1546 1547 
1548 1549 1550 1551 
1552 1553 1554 1555 
1556 1557 1558 1559 
1560 1561 1562 1563 
1564 1565 1566 1567 
1568 1569 1570 1571 
1572 1573 1574 1575 
1576 1577 1578 1579 
1580 1581 1582 1583 
1584 1585 1586 1587 
1588 1589 1590 1591 
1592 1593 1594 1595 
1596 1597 1598 1599 
1600 1601 1602 1603 
1604 1605 1606 1607 
1608 1609 1610 1611 
1612 1613 1614 1615 
1616 1617 1618 1619 
1620 1621 1622 1623 
1624 1625 1626 1627 
1628 1629 1630 1631 
1632 1633 1634 1635 
1636 1637 1638 1639 
1640 1641 1642 1643 
1644 1645 1646 1647 
1648 1649 1650 1651 
1652 1653 1654 1655 
1656 1657 1658 1659 
1660 1661 1662 1663 
1664 1665 1666 1667 
1668 1669 1670 1671 
1672 1673 1674 1675 
1676 1677 1678 1679 
1680 1681 1682 1683 
1684 1685 1686 1687 
1688 1689 1690 1691 
1692 1693 1694 1695 
1696 1697 1698 1699 
1700 1701 1702 1703 
1704 1705 1706 1707 
1708 1709 1710 1711 
1712 1713 1714 1715 
1716 1717 1718 1719 
1720 1721 1722 1723 
1724 1725 1726 1727 
1728 1729 1730 1731 
1732 1733 1734 1735 
1736 1737 1738 1739 
1740 1741 1742 1743 
1744 1745 1746 1747 
1748 1749 1750 1751 
1752 1753 1754 1755 
1756 1757 1758 1759 
1760 1761 1762 1763 
1764 1765 1766 1767 
1768 1769 1770 1771 
1772 1773 1774 1775 
1776 1777 1778 1779 
1780 1781 1782 1783 
1784 1785 1786 1787 
1788 1789 1790 1791 
1792 1793 1794 1795 
1796 1797 1798 1799 
1800 1801 1802 1803 
1804 1805 1806 1807 
1808 1809 1810 1811 
1812 1813 1814 1815 
1816 1817 1818 1819 
1820 1821 1822 1823 
1824 1825 1826 1827 
1828 1829 1830 1831 
1832 1833 1834 1835 
1836 1837 1838 1839 
1840 1841 1842 1843 
1844 1845 1846 1847 
1848 1849 1850 1851 
1852 1853 1854 1855 
1856 1857 1858 1859 
1860 1861 1862 1863 
1864 1865 1866 1867 
1868 1869 1870 1871 
1872 1873 1874 1875 
1876 1877 1878 1879 
1880 1881 1882 1883 
1884 1885 1886 1887 
1888 1889 1890 1891 
1892 1893 1894 1895 
1896 1897 1898 1899 
1900 1901 1902 1903 
1904 1905 1906 1907 
1908 1909 1910 1911 
1912 1913 1914 1915 
1916 1917 1918 1919 
1920 1921 1922 1923 
1924 1925 1926 1927 
1928 1929 1930 1931 
1932 1933 1934 1935 
1936 1937 1938 1939 
1940 1941 1942 1943 
1944 1945 1946 1947 
1948 1949 1950 1951 
1952 1953 1954 1955 
1956 1957 1958 1959 
1960 1961 1962 1963 
1964 1965 1966 1967 
1968 1969 1970 1971 
1972 1973 1974 1975 
1976 1977 1978 1979 
1980 1981 1982 1983 
1984 1985 1986 1987 
1988 1989 1990 1991 
1992 1993 1994 1995 
1996 1997 1998 1999 
2000 2001 2002 2003 
2004 2005 2006 2007 
2008 2009 2010 2011 
2012 2013 2014 2015 
2016 2017 2018 2019 
2020 2021 2022 2023 
2024 2025 2026 2027 
2028 2029 2030 2031 
2032 2033 2034 2035 
2036 2037 2038 2039 
2040 2041 2042 2043 
2044 2045 2046 2047 
2048 2049 2050 2051 2052 2053 2054 2055 2056 2057 2058 2059 2060 2061 2062 2063 
2064 2065 2066 2067 2068 2069 2070 2071 2072 2073 2074 2075 2076 2077 2078 2079 
</DataArray>
<DataArray type="Int32" Name="offsets" format="ascii">
4 8 12 16 20 24 28 32 36 40 44 48 52 56 60 64 68 72 76 80 84 88 92 96 100 104 108 112 116 120 124 128 132 136 140 144 148 152 156 160 164 168 172 176 180 184 188 192 196 200 204 208 212 216 220 224 228 232 236 240 244 248 252 256 260 264 268 272 276 280 284 288 292 296 300 304 308 312 316 320 324 328 332 336 340 344 348 352 356 360 364 368 372 376 380 384 388 392 396 400 404 408 412 416 420 424 428 432 436 440 444 448 452 456 460 464 468 472 476 480 484 488 492 496 500 504 508 512 516 520 524 528 532 536 540 544 548 552 556 560 564 568 572 576 580 584 588 592 596 600 604 608 612 616 620 624 628 632 636 640 644 648 652 656 660 664 668 672 676 680 684 688 692 696 700 704 708 712 716 720 724 728 732 736 740 744 748 752 756 760 764 768 772 776 780 784 788 792 796 800 804 808 812 816 820 824 828 832 836 840 844 848 852 856 860 864 868 872 876 880 884 888 892 896 900 904 908 912 916 920 924 928 932 936 940 944 948 952 956 960 964 968 972 976 980 984 988 992 996 1000 1004 1008 1012 1016 1020 1024 1028 1032 1036 1040 1044 1048 1052 1056 1060 1064 1068 1072 1076 1080 1084 1088 1092 1096 1100 1104 1108 1112 1116 1120 1124 1128 1132 1136 1140 1144 1148 1152 1156 1160 1164 1168 1172 1176 1180 1184 1188 1192 1196 1200 1204 1208 1212 1216 1220 1224 1228 1232 1236 1240 1244 1248 1252 1256 1260 1264 1268 1272 1276 1280 1284 1288 1292 1296 1300 1304 1308 1312 1316 1320 1324 1328 1332 1336 1340 1344 1348 1352 1356 1360 1364 1368 1372 1376 1380 1384 1388 1392 1396 1400 1404 1408 1412 1416 1420 1424 1428 1432 1436 1440 1444 1448 1452 1456 1460 1464 1468 1472 1476 1480 1484 1488 1492 1496 1500 1504 1508 1512 1516 1520 1524 1528 1532 1536 1540 1544 1548 1552 1556 1560 1564 1568 1572 1576 1580 1584 1588 1592 1596 1600 1604 1608 1612 1616 1620 1624 1628 1632 1636 1640 1644 1648 1652 1656 1660 1664 1668 1672 1676 1680 1684 1688 1692 1696 1700 1704 1708 1712 1716 1720 1724 1728 1732 1736 1740 1744 1748 1752 1756 1760 1764 1768 1772 1776 1780 1784 1788 1792 1796 1800 1804 1808 1812 1816 1820 1824 1828 1832 1836 1840 1844 1848 1852 1856 1860 1864 1868 1872 1876 1880 1884 1888 1892 1896 1900 1904 1908 1912 1916 1920 1924 1928 1932 1936 1940 1944 1948 1952 1956 1960 1964 1968 1972 1976 1980 1984 1988 1992 1996 2000 2004 2008 2012 2016 2020 2024 2028 2032 2036 2040 2044 2048 2064 2080 
</DataArray>
<DataArray type="UInt8" Name="types" format="ascii">
7 7 7 7 7 7 7 7 7 7 7 7 7 7 7 7 7 7 7 7 7 7 7 7 7 7 7 7 7 7 7 7 7 7 7 7 7 7 7 7 7 7 7 7 7 7 7 7 7 7 7 7 7 7 7 7 7 7 7 7 7 7 7 7 7 7 7 7 7 7 7 7 7 7 7 7 7 7 7 7 7 7 7 7 7 7 7 7 7 7 7 7 7 7 7 7 7 7 7 7 7 7 7 7 7 7 7 7 7 7 7 7 7 7 7 7 7 7 7 7 7 7 7 7 7 7 7 7 7 7 7 7 7 7 7 7 7 7 7 7 7 7 7 7 7 7 7 7 7 7 7 7 7 7 7 7 7 7 7 7 7 7 7 7 7 7 7 7 7 7 7 7 7 7 7 7 7 7 7 7 7 7 7 7 7 7 7 7 7 7 7 7 7 7 7 7 7 7 7 7 7 7 7 7 7 7 7 7 7 7 7 7 7 7 7 7 7 7 7 7 7 7 7 7 7 7 7 7 7 7 7 7 7 7 7 7 7 7 7 7 7 7 7 7 7 7 7 7 7 7 7 7 7 7 7 7 7 7 7 7 7 7 7 7 7 7 7 7 7 7 7 7 7 7 7 7 7 7 7 7 7 7 7 7 7 7 7 7 7 7 7 7 7 7 7 7 7 7 7 7 7 7 7 7 7 7 7 7 7 7 7 7 7 7 7 7 7 7 7 7 7 7 7 7 7 7 7 7 7 7 7 7 7 7 7 7 7 7 7 7 7 7 7 7 7 7 7 7 7 7 7 7 7 7 7 7 7 7 7 7 7 7 7 7 7 7 7 7 7 7 7 7 7 7 7 7 7 7 7 7 7 7 7 7 7 7 7 7 7 7 7 7 7 7 7 7 7 7 7 7 7 7 7 7 7 7 7 7 7 7 7 7 7 7 7 7 7 7 7 7 7 7 7 7 7 7 7 7 7 7 7 7 7 7 7 7 7 7 7 7 7 7 7 7 7 7 7 7 7 7 7 7 7 7 7 7 7 7 7 7 7 7 7 7 7 7 7 7 7 7 7 7 7 7 7 7 7 7 7 7 7 7 7 7 7 7 7 7 7 7 7 7 7 7 7 7 7 7 7 7 7 7 7 7 7 7 7 7 7 7 7 7 7 7 
</DataArray>
</Cells>
<CellData Scalars="cell variable 4" Vectors="cell vector">
<DataArray type="Float64" NumberOfComponents="3" Name="cell vector" format="ascii">
0.120244 0.170756 0.977949
0.302096 0.482395 0.822213
0.310557 0.760851 0.569789
-0.0419151 0.982842 0.179626
-0.154039 0.962391 -0.223775
-0.0664757 0.821793 -0.565895
-0.0196614 -0.55595 0.830983
-0.0196652 -0.196729 0.980261
0.0240213 0.197836 0.979941
0.0199302 0.556462 0.830634
-0.0679295 0.821935 0.565516
-0.155015 0.962346 0.223294
-0.0444 0.982715 -0.179723
0.303399 0.763418 -0.570213
-0.290852 -0.486237 0.824001
-0.123678 -0.169634 0.977716
0.0344164 0.194133 0.980371
0.0914615 0.55143 0.829192
0.0895433 0.827649 0.554057
-0.00193745 0.980919 0.194407
0.0108574 0.9806 -0.195716
0.0394863 0.831125 -0.554682
-0.041075 -0.555727 0.830349
-0.0167556 -0.195191 0.980622
0.0171549 0.195662 0.980521
0.0406396 0.556154 0.830085
0.0385462 0.831439 0.554277
0.0102663 0.98071 0.1952
-0.00237617 0.980809 -0.194958
0.0891774 0.827362 -0.554544
-0.0912961 -0.550994 0.8295
-0.0360033 -0.193548 0.98043
0.0338623 0.193596 0.980497
0.0921106 0.550288 0.829879
0.0894928 0.827207 0.554725
-0.0324656 0.980256 0.195047
0.0221637 0.980629 -0.194619
0.0483589 0.83052 -0.554886
-0.0417443 -0.554864 0.830893
-0.0161951 -0.194723 0.980725
0.0155371 0.195248 0.980631
0.0413456 0.555285 0.830631
0.0481648 0.830799 0.554485
0.0220483 0.980738 0.19408
-0.0324593 0.980142 -0.195625
0.0894339 0.826937 -0.555137
-0.0922995 -0.549841 0.830154
-0.0346944 -0.192966 0.980592
0.0356449 0.192332 0.980682
0.101591 0.546931 0.830991
0.132468 0.821239 0.554995
0.889979 -0.450424 -0.0711029
0.996016 -0.0886468 0.00967795
0.997919 -0.0643586 0.00386831
0.998012 -0.0630277 0.000262762
0.997903 -0.064723 -0.000136037
0.997903 -0.0647199 0.000808571
0.998013 -0.0630113 0.000421002
0.997924 -0.0643202 -0.00319542
0.996017 -0.0887087 -0.00904671
0.889448 -0.451322 0.0720418
0.132422 0.821016 -0.555335
-0.101797 -0.546491 0.831255
-0.0363249 -0.191623 0.980796
0.037082 0.190929 0.980903
0.107368 0.543673 0.832401
0.163066 0.815032 0.555997
0.897527 -0.436608 -0.0617942
0.989219 -0.146335 0.00570173
0.992278 -0.124028 0.00146448
0.992618 -0.121272 -0.0013782
0.992497 -0.122269 -0.000692869
0.992497 -0.122264 0.00136711
0.99262 -0.121249 0.00205785
0.992283 -0.12399 -0.000790413
0.989212 -0.146402 -0.00505806
0.8966 -0.438351 0.0629054
0.163124 0.814824 -0.556284
-0.107732 -0.54322 0.83265
-0.0377717 -0.190175 0.981023
0.0423199 0.189081 0.981049
0.123131 0.538989 0.833264
0.192837 0.807856 0.55694
0.949313 -0.313199 -0.0266814
0.980724 -0.195349 0.0044378
0.983846 -0.179003 0.00227015
0.984486 -0.175463 -0.000332368
0.984451 -0.175658 -0.000271958
0.984452 -0.175649 0.000960577
0.98449 -0.175437 0.00101817
0.983852 -0.178975 -0.00159747
0.980707 -0.195448 -0.00379323
0.948153 -0.316573 0.028083
0.192837 0.80768 -0.557196
-0.123532 -0.538523 0.833506
-0.0430504 -0.188284 0.981171
0.0494415 0.186864 0.981141
0.143706 0.532983 0.833833
0.225078 0.799059 0.557534
0.971783 -0.235876 -0.000718335
0.970117 -0.242616 0.0032786
0.972637 -0.232312 0.00283996
0.97351 -0.228641 0.000714474
0.973611 -0.228214 0.000177162
0.973613 -0.228205 0.000519588
0.973517 -0.228616 -2.02705e-05
0.972643 -0.232294 -0.00216255
0.97009 -0.242732 -0.00262793
0.970985 -0.239133 0.00205529
0.224965 0.798931 -0.557764
-0.144108 -0.532506 0.834069
-0.0502074 -0.186008 0.981265
0.057474 0.184243 0.981199
0.166606 0.525682 0.834206
0.259368 0.788333 0.557906
0.97021 -0.242119 0.00839234
0.957079 -0.289818 0.00230947
0.958752 -0.284229 0.00292801
0.959716 -0.28097 0.00138914
0.959942 -0.280198 0.00050331
0.959944 -0.280191 0.00019699
0.959723 -0.280947 -0.000689166
0.958757 -0.284219 -0.00224597
0.957042 -0.289945 -0.00165175
0.969549 -0.244794 -0.00717759
0.259157 0.788257 -0.558111
-0.167009 -0.525189 0.834437
-0.0582499 -0.183318 0.981326
0.0659878 0.181168 0.981236
0.190816 0.516992 0.834451
0.295458 0.775339 0.55817
0.958022 -0.286529 0.00978595
0.94131 -0.33754 0.00158336
0.942232 -0.334951 0.00267341
0.943161 -0.332332 0.00168396
0.943473 -0.331448 0.000684506
0.943476 -0.331441 1.76404e-05
0.943169 -0.332313 -0.000982358
0.942234 -0.33495 -0.00199057
0.941267 -0.337662 -0.000919201
0.957316 -0.288916 -0.00861766
0.295165 0.775321 -0.55835
-0.191214 -0.51648 0.834677
-0.0667471 -0.180171 0.981368
0.0747714 0.177599 0.981258
0.215771 0.506824 0.834609
0.33198 0.76026 0.558385
0.940437 -0.339843 0.00926166
0.922671 -0.385588 0.00110414
0.923066 -0.384635 0.00227524
0.923889 -0.382656 0.00169403
0.924238 -0.381817 0.000754343
0.924241 -0.38181 -5.07846e-05
0.923897 -0.382641 -0.000993889
0.923065 -0.384641 -0.0015948
0.922625 -0.385699 -0.000436042
0.939632 -0.342091 -0.00810845
0.331634 0.760298 -0.558539
-0.216157 -0.506292 0.834832
-0.075489 -0.17653 0.981396
0.0836452 0.173521 0.981272
0.240928 0.495176 0.834718
0.368353 0.743194 0.558551
0.917965 -0.396583 0.00782364
0.901204 -0.433394 0.000796159
0.901265 -0.433265 0.00183907
0.901941 -0.431856 0.00153175
0.902281 -0.431149 0.000746393
0.902284 -0.431143 -4.75803e-05
0.901949 -0.431842 -0.00083918
0.901261 -0.433275 -0.00116772
0.901152 -0.433503 -0.000133308
0.917072 -0.398666 -0.00669444
0.367983 0.743281 -0.558678
-0.241303 -0.494622 0.834938
-0.0842968 -0.172387 0.981416
0.0924752 0.168935 0.981279
0.265883 0.482107 0.834793
0.404613 0.724002 0.558668
0.891135 -0.4537 0.00597796
0.877016 -0.480462 0.000562665
0.876868 -0.480729 0.00140635
0.877376 -0.479801 0.00128923
0.877675 -0.479256 0.000685013
0.87768 -0.479248 5.60962e-06
0.877386 -0.479784 -0.000603974
0.876863 -0.48074 -0.000744112
0.876936 -0.480608 8.44023e-05
0.890224 -0.455496 -0.00490586
0.404377 0.724054 -0.558771
-0.266241 -0.481531 0.835011
-0.0930128 -0.167765 0.981429
0.101132 0.163881 0.981282
0.2905 0.467605 0.834838
0.440655 0.702582 0.55875
0.860709 -0.509081 0.00411506
0.850142 -0.526553 0.00039285
0.849922 -0.526908 0.00100581
0.850266 -0.526353 0.00100061
0.850498 -0.525977 0.000584891
0.8505 -0.525974 7.90532e-05
0.850271 -0.526346 -0.000339673
0.849918 -0.526914 -0.000355076
0.850098 -0.526625 0.000251202
0.8597 -0.51079 -0.00306546
0.440243 0.702777 -0.55883
-0.290783 -0.467046 0.835053
-0.101624 -0.162635 0.981439
0.1096 0.158345 0.981282
0.314463 0.451795 0.834862
0.475761 0.679252 0.55881
0.827081 -0.562078 0.00234997
0.820767 -0.571263 0.000263651
0.820507 -0.571636 0.000651065
0.820682 -0.571385 0.000711031
0.82083 -0.571173 0.000479051
0.820833 -0.571168 0.000178652
0.820688 -0.571377 -5.90039e-05
0.820498 -0.571649 -1.83687e-05
0.820718 -0.571333 0.000369255
0.825983 -0.563693 -0.00131253
0.475363 0.679489 -0.55886
-0.314758 -0.4512 0.835073
-0.109989 -0.157059 0.981445
0.117895 0.152271 0.981282
0.337834 0.434574 0.834873
0.509692 0.654161 0.558827
0.789705 -0.613487 0.000413661
0.789042 -0.614339 0.000161898
0.7888 -0.61465 0.00027826
0.788777 -0.61468 0.000325683
0.788784 -0.614671 0.00032027
0.78879 -0.614663 0.000330057
0.788791 -0.614662 0.000322121
0.788789 -0.614665 0.00034017
0.788939 -0.614472 0.000446113
0.788448 -0.615101 0.000633191
0.509488 0.654296 -0.558855
-0.338144 -0.43393 0.835083
-0.118148 -0.150979 0.981451
0.126063 0.145578 0.981282
0.361056 0.415477 0.834876
0.543455 0.626456 0.558758
0.748045 -0.663645 -0.002018
0.754759 -0.656002 -9.94191e-05
0.754605 -0.656179 -0.0002097
0.754338 -0.656486 -0.000126764
0.754162 -0.656689 0.000139425
0.754165 -0.656685 0.000477974
0.754345 -0.656478 0.00073918
0.754597 -0.656188 0.000804522
0.754704 -0.656066 0.000692851
0.74669 -0.665166 0.00303645
0.543073 0.626782 -0.558763
-0.36127 -0.414874 0.835083
-0.126249 -0.144232 0.981457
0.134021 0.138418 0.981264
0.383877 0.394782 0.834737
0.578821 0.594301 0.558366
0.712335 -0.701834 -0.0029971
0.717503 -0.696553 -0.00192478
0.716792 -0.697284 -0.00194336
0.716119 -0.697977 -0.00133611
0.715738 -0.698369 -0.000291832
0.715742 -0.698364 0.00089298
0.716126 -0.697969 0.00192702
0.71678 -0.697294 0.00251828
0.717422 -0.696634 0.00249395
0.711224 -0.702955 0.0038993
0.578586 0.59455 -0.558345
-0.384026 -0.394207 0.83494
-0.134048 -0.137101 0.981445
0.141462 0.13109 0.981226
0.404935 0.37378 0.834456
0.610129 0.562757 0.557716
-0.673451 0.739226 0.00277368
-0.678208 0.734868 0.00181807
-0.677744 0.735295 0.00198363
-0.677016 0.735967 0.00143121
-0.67657 0.736378 0.000340026
-0.676575 0.736373 -0.000921493
-0.677022 0.73596 -0.0019979
-0.677727 0.735309 -0.00253059
-0.678127 0.734941 -0.00236478
-0.67269 0.739916 -0.00354326
0.609948 0.562996 -0.557673
-0.405054 -0.373201 0.834657
-0.141362 -0.12979 0.981413
0.148335 0.123452 0.981202
0.424131 0.352257 0.834283
0.637107 0.532432 0.557324
-0.627652 0.77849 0.00244404
-0.637214 0.770687 2.10427e-05
-0.637766 0.77023 0.000586707
-0.637264 0.770645 0.000587131
-0.636858 0.770981 6.40832e-05
-0.636864 0.770976 -0.000615015
-0.637274 0.770637 -0.00112208
-0.637748 0.770244 -0.00109827
-0.637133 0.770754 -0.000535471
-0.626907 0.779088 -0.00316887
0.636961 0.532673 -0.557261
-0.424242 -0.351649 0.834483
-0.148127 -0.122164 0.981394
0.154737 0.115403 0.981192
0.442247 0.329367 0.834227
0.6641 0.498472 0.557222
-0.582627 0.812735 0.00258662
-0.594021 0.804449 -9.29662e-05
-0.594781 0.803888 0.000666336
-0.594188 0.804326 0.000704524
-0.593715 0.804676 0.000118409
-0.593722 0.80467 -0.000639279
-0.594198 0.804318 -0.00120632
-0.594761 0.803902 -0.00114413
-0.593937 0.804512 -0.00038872
-0.581872 0.813274 -0.00327242
0.663992 0.498708 -0.557141
-0.442335 -0.32875 0.834424
-0.15442 -0.114148 0.981389
0.160713 0.107035 0.98118
0.459134 0.305576 0.834157
0.689074 0.463432 0.557143
-0.535025 0.844831 0.00307922
-0.549275 0.835642 3.62382e-05
-0.549981 0.835177 0.000949542
-0.549137 0.835732 0.000896884
-0.548557 0.836113 0.000179918
-0.548566 0.836107 -0.000674867
-0.549147 0.835725 -0.00136508
-0.549954 0.835194 -0.00138914
-0.549191 0.835697 -0.000484848
-0.534307 0.845282 -0.00371479
0.689021 0.46363 -0.557043
-0.459195 -0.304955 0.834351
-0.160283 -0.105834 0.981381
0.166207 0.0984603 0.981163
0.47461 0.28124 0.834056
0.711753 0.427928 0.557032
-0.485063 0.874471 0.00374139
-0.503245 0.864144 0.000254219
-0.503653 0.863905 0.00131511
-0.502424 0.864621 0.00108268
-0.501725 0.865027 0.000224789
-0.501736 0.865021 -0.000686811
-0.502435 0.864614 -0.00151003
-0.50362 0.863923 -0.00170968
-0.503157 0.864195 -0.000661522
-0.484403 0.874834 -0.00431696
0.71175 0.428085 -0.556916
-0.474647 -0.280611 0.834247
-0.16567 -0.0973265 0.981367
0.171183 0.0897947 0.981139
0.488559 0.256712 0.833912
0.73203 0.392457 0.556875
-0.433679 0.901057 0.00437955
-0.456268 0.889842 0.000578775
-0.455946 0.890006 0.00173005
-0.454198 0.8909 0.00120833
-0.453398 0.891308 0.000228052
-0.453412 0.891301 -0.000663027
-0.45421 0.890893 -0.00159379
-0.455901 0.890028 -0.00207469
-0.456175 0.88989 -0.000944056
-0.433151 0.901308 -0.00488045
0.732097 0.392518 -0.556744
-0.488581 -0.256063 0.834098
-0.170544 -0.0887489 0.981345
0.175612 0.0812088 0.981104
0.500897 0.232464 0.833704
0.749836 0.357604 0.556656
-0.382891 0.923782 0.00461757
-0.408778 0.912633 0.0010611
-0.406963 0.913442 0.00214185
-0.404579 0.914502 0.00119788
-0.403738 0.914875 0.000160966
-0.403756 0.914867 -0.000573006
-0.404589 0.914497 -0.00153651
-0.406903 0.913468 -0.00243236
-0.408695 0.91267 -0.00138568
-0.38257 0.923913 -0.00502921
0.749966 0.357554 -0.556513
-0.500911 -0.231777 0.833887
-0.174885 -0.0802594 0.981312
0.179485 0.0729241 0.981054
0.511563 0.209172 0.833397
0.765077 0.32424 0.55635
-0.337189 0.94143 0.0036086
-0.361285 0.932454 0.0017598
-0.356733 0.934203 0.00244121
-0.353665 0.935372 0.000946446
-0.352904 0.93566 -8.37343e-06
-0.35293 0.93565 -0.000378486
-0.353677 0.935367 -0.00122817
-0.356654 0.934233 -0.00266609
-0.361206 0.932484 -0.00203509
-0.33719 0.941428 -0.00390488
0.765284 0.324009 -0.556199
-0.511588 -0.208395 0.833576
-0.178685 -0.0720891 0.981262
0.18282 0.0652333 0.98098
0.520573 0.187703 0.832929
0.777703 0.293536 0.555891
-0.306591 0.951841 -0.000558542
-0.314149 0.94937 0.00269476
-0.305143 0.952303 0.00243133
-0.301523 0.953459 0.000335796
-0.301031 0.953614 -0.00031229
-0.301068 0.953603 -4.93733e-05
-0.301537 0.953454 -0.000547769
-0.305044 0.952335 -0.00257875
-0.314082 0.949391 -0.00291535
-0.307178 0.951652 0.000430017
0.777991 0.293053 -0.555743
-0.52063 -0.186753 0.833107
-0.181966 -0.064536 0.981185
0.18565 0.0585642 0.980869
0.52802 0.169191 0.832207
0.787848 0.266705 0.555126
-0.310409 0.950533 -0.0115455
-0.266961 0.9637 0.00382335
-0.251798 0.967778 0.00191585
-0.248043 0.968749 -0.000651774
-0.248047 0.968748 -0.000733356
-0.248099 0.968735 0.000409905
-0.248063 0.968744 0.000535733
-0.251686 0.967807 -0.00196787
-0.266933 0.963707 -0.00398262
-0.312 0.95001 0.0116685
0.788212 0.265892 -0.554999
-0.52813 -0.167944 0.83239
-0.184783 -0.0580265 0.981065
0.187937 0.0539012 0.980701
0.533767 0.156005 0.831117
0.795939 0.244272 0.553907
-0.35644 0.93384 -0.0298809
-0.216669 0.976229 0.00566177
-0.195182 0.980766 0.00149273
-0.191988 0.981396 -0.00133902
-0.192627 0.981272 -0.000985518
-0.192698 0.981258 0.000765864
-0.192025 0.981389 0.00136318
-0.19509 0.980784 -0.00144232
-0.216716 0.976218 -0.00576743
-0.358861 0.932902 0.0302096
0.796389 0.242945 -0.553843
-0.533969 -0.154209 0.831322
-0.187139 -0.053545 0.980873
0.189036 0.0544304 0.98046
0.535939 0.157623 0.829412
0.80077 0.230353 0.552905
-0.318909 0.947567 -0.0203334
-0.151149 0.988373 0.0165204
-0.127378 0.991813 0.00906145
-0.124592 0.9922 0.00388737
-0.125279 0.992121 0.0011358
-0.125257 0.992124 -0.000661282
-0.124638 0.992195 -0.00374885
-0.127618 0.991779 -0.0093817
-0.151502 0.988313 -0.0168585
-0.320497 0.94703 0.0203829
0.801385 0.228025 -0.552979
-0.536429 -0.154359 0.829709
-0.188495 -0.0541547 0.98058
0.18847 0.0505361 0.980778
0.536161 0.142782 0.831952
0.81427 0.161946 0.557438
0.982008 0.0164556 0.188119
0.976278 0.0920783 -0.195965
0.824556 0.111816 -0.554622
-0.550591 -0.0823527 0.830703
-0.19334 -0.0301283 0.980669
0.193357 0.0301775 0.980664
0.550522 0.0838695 0.830597
0.824486 0.112423 0.554602
0.976231 0.0923082 0.196092
0.982031 0.016674 -0.187983
0.814649 0.160365 -0.557342
-0.536937 -0.139361 0.832032
-0.188171 -0.0504269 0.980841
0.189205 0.0434787 0.980975
0.539204 0.121515 0.833363
0.816045 0.14675 0.559049
0.979259 0.0690066 0.190498
0.97601 0.085199 -0.200364
0.824662 0.0985178 -0.55698
-0.550917 -0.0746066 0.831218
-0.193485 -0.0276557 0.980713
0.193732 0.0278341 0.980659
0.550951 0.0758566 0.831083
0.824569 0.0989553 0.55704
0.975974 0.0852629 0.200511
0.979302 0.0688851 -0.190321
0.816295 0.145909 -0.558903
-0.539889 -0.11886 0.833302
-0.188895 -0.0435591 0.981031
0.18234 0.0558659 0.981647
0.512461 0.1769 0.840292
0.767266 0.270488 0.581497
0.98742 -0.0528172 0.149037
0.974087 -0.0066389 -0.226076
0.822088 0.0519587 -0.566984
-0.548916 -0.0537389 0.834148
-0.192711 -0.0203994 0.981044
0.192853 0.0210721 0.981001
0.548804 0.0523317 0.834312
0.822071 0.0521926 0.566988
0.974204 -0.00428409 0.225629
0.987452 -0.0498949 -0.149831
0.767748 0.269371 -0.581379
-0.518143 -0.163233 0.839573
-0.182421 -0.0555581 0.98165
-4.78458e-05 0.00689428 0.999976
0.00408152 0.000544941 0.999992
</DataArray>
<DataArray type="Float64" Name="cell vector length" format="ascii">
0.171841 0.172485 0.146294 0.139266 0.172626 0.169269 0.157879 0.149491 0.149138 0.157258 0.169347 0.172684 0.139262 0.146124 0.178982 0.176002 0.421251 0.39115 0.345198 0.35269 0.392838 0.40482 0.395613 0.384838 0.384458 0.394629 0.404736 0.392938 0.35307 0.345638 0.395102 0.422684 0.533685 0.490262 0.416569 0.439334 0.502846 0.511897 0.497235 0.484228 0.484065 0.496623 0.511962 0.503049 0.439762 0.41682 0.492506 0.534251 0.576704 0.516047 0.346757 0.0896384 0.433256 0.606907 0.687365 0.719842 0.719808 0.687328 0.606677 0.433071 0.0897042 0.346694 0.518223 0.577186 0.603775 0.529546 0.338606 0.0506597 0.414061 0.596232 0.680257 0.713772 0.713721 0.680129 0.596022 0.413844 0.0507388 0.338496 0.5318 0.604223 0.618778 0.535773 0.327092 0.0387725 0.40883 0.59357 0.679212 0.713297 0.713261 0.679115 0.593383 0.408591 0.0386983 0.32703 0.538409 0.619312 0.628277 0.539804 0.318571 0.0411338 0.407447 0.592246 0.678923 0.713512 0.713483 0.678842 0.592077 0.407197 0.0408381 0.318597 0.543015 0.628954 0.634691 0.542638 0.312774 0.0477431 0.40768 0.591484 0.678722 0.713706 0.713681 0.678648 0.591326 0.407423 0.0473271 0.312879 0.546508 0.635531 0.639074 0.544628 0.30894 0.0531719 0.408583 0.591137 0.678573 0.71383 0.713807 0.678503 0.590985 0.408316 0.0526984 0.309123 0.549197 0.640086 0.642036 0.545991 0.307284 0.0551734 0.408846 0.590789 0.678468 0.713938 0.713916 0.6784 0.59064 0.408568 0.0546605 0.307541 0.551277 0.643225 0.643978 0.546755 0.305078 0.0583787 0.410246 0.591074 0.678536 0.714049 0.714028 0.678466 0.59092 0.409957 0.0578382 0.305403 0.552769 0.645351 0.645175 0.547011 0.302989 0.0613368 0.41177 0.591565 0.67872 0.714206 0.714187 0.678655 0.591414 0.411458 0.0607442 0.303397 0.553757 0.646738 0.6458 0.546868 0.301103 0.0638916 0.413222 0.592183 0.679035 0.714454 0.714438 0.67897 0.592034 0.412901 0.0632993 0.301553 0.554324 0.64754 0.645949 0.546364 0.299214 0.0663005 0.414581 0.592881 0.679471 0.714823 0.714803 0.679396 0.59272 0.414243 0.0656161 0.299779 0.554494 0.647861 0.645873 0.545577 0.297276 0.0687252 0.415994 0.593762 0.680116 0.715391 0.715373 0.680046 0.593605 0.415643 0.0680739 0.297841 0.554384 0.647969 0.645891 0.544626 0.294926 0.0718945 0.418115 0.59529 0.681277 0.716379 0.716362 0.681205 0.595129 0.417734 0.0711626 0.29559 0.554107 0.648171 0.64592 0.543675 0.29285 0.0827412 0.425109 0.600369 0.685342 0.720012 0.71999 0.685255 0.600194 0.424726 0.0819749 0.293563 0.553792 0.64837 0.645737 0.542663 0.286369 0.115832 0.447616 0.616091 0.697775 0.731109 0.731086 0.697684 0.615915 0.447227 0.115008 0.287143 0.553365 0.648347 0.64528 0.541441 0.284507 0.124571 0.453013 0.620111 0.701099 0.734123 0.7341 0.701006 0.61993 0.452613 0.123715 0.285326 0.552684 0.648043 0.644417 0.539888 0.282443 0.125098 0.453406 0.620692 0.701686 0.734655 0.734631 0.701591 0.62051 0.452996 0.124213 0.283307 0.551645 0.64733 0.643048 0.538155 0.280967 0.124416 0.45297 0.620792 0.701969 0.734943 0.734918 0.701868 0.620607 0.452559 0.123511 0.281873 0.550397 0.646105 0.641101 0.536159 0.279931 0.123035 0.452292 0.620868 0.702253 0.735219 0.735191 0.702145 0.620681 0.451888 0.122118 0.28088 0.54886 0.6443 0.638384 0.533781 0.279432 0.120809 0.45147 0.621029 0.702584 0.735491 0.735458 0.702468 0.620842 0.451075 0.119883 0.280433 0.546923 0.641727 0.634558 0.530881 0.279792 0.117421 0.450605 0.621363 0.702971 0.73573 0.735691 0.702842 0.621175 0.450232 0.116503 0.280848 0.544459 0.638053 0.629097 0.527273 0.281626 0.112484 0.449935 0.621978 0.703404 0.735894 0.735846 0.703257 0.621789 0.449591 0.11157 0.282758 0.541298 0.632762 0.621179 0.522636 0.285933 0.105806 0.449971 0.623025 0.703879 0.735957 0.735898 0.703712 0.62284 0.449674 0.104927 0.287142 0.537145 0.625054 0.609312 0.516139 0.293601 0.0991766 0.45192 0.624875 0.70458 0.736097 0.736026 0.704396 0.624704 0.451682 0.0983871 0.294883 0.531216 0.61347 0.589015 0.504207 0.301131 0.104407 0.460357 0.629764 0.707207 0.737934 0.737884 0.707077 0.629662 0.46021 0.103863 0.30244 0.520049 0.593593 0.540094 0.465554 0.271354 0.176428 0.503957 0.656521 0.72489 0.753673 0.754153 0.726577 0.656398 0.503823 0.176087 0.272598 0.482922 0.545431 0.499837 0.438447 0.343101 0.367631 0.438881 0.45456 0.457255 0.443385 0.437037 0.440976 0.452799 0.439341 0.368705 0.344755 0.456914 0.505712 0.451893 0.40049 0.332782 0.330381 0.378917 0.399954 0.414093 0.400106 0.392232 0.392734 0.398328 0.379261 0.331255 0.334311 0.419693 0.458173 0.19612 0.138704 0.0683218 0.0652531 0.134767 0.187195 0.223642 0.219174 0.213124 0.205187 0.187829 0.135808 0.0658906 0.0674302 0.157827 0.20198 0.0319396 0.0151589 
</DataArray>
<DataArray type="Float64" Name="cell variable 4" format="ascii">
858.868 869.325 878.688 886.448 889.841 873.217 862.451 858.23 857.866 861.813 873.283 889.714 886.262 877.641 873.427 860.092 1090.8 1088.24 1089.4 1106.11 1110.84 1102.18 1095.97 1091.88 1091.12 1094.08 1102.03 1110.76 1106.11 1089.71 1095.08 1093.36 1308.48 1304.28 1300.01 1325.84 1335.68 1332.74 1330.67 1328.03 1327.32 1328.56 1332.74 1335.81 1326.01 1300.22 1310.48 1310.38 1374.62 1371.34 1366.26 1522.29 2510.57 3630.66 4583.85 5129.09 5127.7 4580.97 3628.73 2509.87 1522.21 1366.33 1378.1 1376.57 1399.63 1394.84 1391.12 1525.64 2493.21 3617.6 4586.3 5142.14 5141.21 4584.19 3615.88 2492.33 1525.48 1391.17 1402.31 1401.71 1405.03 1396 1389.42 1533.1 2485.38 3604.84 4581.86 5146.01 5145.27 4580.15 3603.32 2484.48 1532.84 1389.51 1404.53 1407.37 1405.77 1393.88 1384.76 1546.11 2486.36 3596.7 4576.57 5146.32 5145.7 4575.1 3595.32 2485.43 1545.69 1384.89 1403.9 1408.53 1405.54 1391.43 1380.22 1557.95 2491.56 3592.78 4571.63 5144.45 5143.91 4570.33 3591.5 2490.62 1557.45 1380.39 1403.2 1408.8 1405.12 1389 1375.91 1566.09 2497.24 3591.52 4567.68 5141.82 5141.34 4566.51 3590.28 2496.27 1565.54 1376.12 1402.67 1408.93 1404.63 1386.64 1371.95 1568.36 2498.5 3588.9 4564.21 5139.39 5138.95 4563.13 3587.71 2497.51 1567.75 1372.19 1402.27 1409.03 1404.05 1384.35 1368.35 1572.57 2503.7 3590.81 4562.82 5137.26 5136.85 4561.8 3589.63 2502.67 1571.9 1368.62 1401.99 1409.07 1403.5 1382.19 1365.02 1576.14 2508.74 3593.62 4562.62 5135.88 5135.5 4561.64 3592.43 2507.67 1575.43 1365.34 1401.79 1409.11 1402.91 1380.12 1361.94 1578.76 2512.85 3596.6 4563.51 5135.72 5135.37 4562.6 3595.4 2511.77 1578.06 1362.27 1401.63 1409.14 1402.19 1377.98 1359.01 1580.83 2516.2 3599.64 4565.38 5136.88 5136.57 4564.55 3598.45 2514.96 1579.83 1359.28 1401.37 1409.05 1401.86 1376.05 1356.04 1582.08 2518.67 3602.71 4568.24 5139.6 5139.31 4567.43 3601.5 2517.48 1581.23 1356.39 1401.25 1409.32 1402.03 1374.56 1353.03 1582.87 2519.65 3604.33 4570.47 5142.44 5142.16 4569.65 3603.05 2518.36 1581.89 1353.43 1401.56 1410.1 1401.12 1372.69 1350.8 1583.24 2519.8 3605.81 4573.29 5146.12 5145.78 4572.35 3604.44 2518.44 1582.17 1351.19 1401.4 1409.79 1399.01 1370.21 1349.39 1611.88 2574.7 3685.03 4673.13 5257.83 5257.45 4672.12 3683.58 2573.25 1610.71 1349.78 1400.43 1408.22 1397.54 1368.06 1347.42 1611.53 2572.99 3684.17 4673.8 5259.49 5259.11 4672.78 3682.7 2571.52 1610.33 1347.83 1399.68 1407.26 1396.84 1366.51 1345.38 1611.12 2571.19 3683.66 4675.83 5263.16 5262.78 4674.82 3682.17 2569.69 1609.89 1345.82 1399.42 1407.05 1396.18 1365.22 1344.12 1610.07 2568.72 3682.99 4678.36 5267.62 5267.23 4677.34 3681.52 2567.24 1608.82 1344.58 1399.32 1406.84 1395.51 1364.13 1343.29 1608 2565.3 3682.29 4681.47 5272.62 5272.2 4680.42 3680.84 2563.88 1606.75 1343.76 1399.32 1406.61 1394.86 1363.28 1342.89 1604.49 2560.79 3681.86 4685.35 5278.04 5277.57 4684.23 3680.42 2559.41 1603.23 1343.37 1399.43 1406.33 1394.18 1362.68 1343.01 1598.93 2555.27 3682.27 4690.21 5283.62 5283.05 4688.96 3680.87 2554.02 1597.7 1343.5 1399.69 1406 1393.47 1362.4 1343.8 1590.49 2549.25 3684.44 4696.19 5288.87 5288.15 4694.77 3683.09 2548.15 1589.28 1344.28 1400.15 1405.61 1392.6 1362.37 1345.23 1578.24 2544.07 3689.65 4703.24 5292.98 5292.06 4701.56 3688.38 2543.2 1577.1 1345.69 1400.76 1405 1390.04 1361.41 1346.02 1562.24 2542.59 3699.45 4710.86 5294.84 5293.66 4708.88 3698.3 2541.96 1561.21 1346.43 1400.28 1402.67 1375.21 1349.96 1335.94 1547.33 2550.67 3715.71 4718.36 5293.54 5292.08 4716.08 3714.66 2550.27 1546.54 1336.21 1388.78 1387.9 1292.14 1268.2 1249.66 1549.23 2587.77 3749.57 4735.65 5300.33 5298.57 4732.85 3748.54 2587.49 1548.72 1249.71 1304.52 1304.12 1216.83 1190.07 1167.85 1187.14 1192.74 1194.96 1224.16 1220.08 1211.56 1198.59 1195.09 1193 1187.42 1167.95 1224.35 1228.26 1091.79 1064.12 1042.9 1041.67 1045.59 1042.73 1074.17 1067.26 1057.07 1043.57 1042.47 1045.64 1041.76 1043.2 1094.53 1102.13 761.666 747.872 739.493 744.773 763.635 789.683 844.34 860.914 854.429 824.214 791.041 763.975 744.747 738.156 766.014 767.239 611.335 744.351 
</DataArray>
<DataArray type="Float64" Name="cell variable 5" format="ascii">
0.00185209 0.00185209 0.00185209 0.00185209 0.00185209 0.00185209 0.00185209 0.00185209 0.00185209 0.00185209 0.00185209 0.00185209 0.00185209 0.00185209 0.00185209 0.00185209 0.00185209 0.00185209 0.00185209 0.00185209 0.00185209 0.00185209 0.00185209 0.00185209 0.00185209 0.00185209 0.00185209 0.00185209 0.00185209 0.00185209 0.00185209 0.00185209 0.00185209 0.00185209 0.00185209 0.00185209 0.00185209 0.00185209 0.00185209 0.00185209 0.00185209 0.00185209 0.00185209 0.00185209 0.00185209 0.00185209 0.00185209 0.00185209 0.00279912 0.00259127 0.00225584 0.00193605 0.00185209 0.00185209 0.00185209 0.00185209 0.00185209 0.00185209 0.00185209 0.00185209 0.00193605 0.00225584 0.00259127 0.00279912 0.00316707 0.00287855 0.00241265 0.00196856 0.00185209 0.00185209 0.00185209 0.00185209 0.00185209 0.00185209 0.00185209 0.00185209 0.00196856 0.00241265 0.00287855 0.00316707 0.00338026 0.00304524 0.00250361 0.00198749 0.00185209 0.00185209 0.00185209 0.00185209 0.00185209 0.00185209 0.00185209 0.00185209 0.00198749 0.00250361 0.00304524 0.00338026 0.00353543 0.00316583 0.00256987 0.00200149 0.00185209 0.00185209 0.00185209 0.00185209 0.00185209 0.00185209 0.00185209 0.00185209 0.00200149 0.00256987 0.00316583 0.00353543 0.00365643 0.00326049 0.00262132 0.00201219 0.00185209 0.00185209 0.00185209 0.00185209 0.00185209 0.00185209 0.00185209 0.00185209 0.00201219 0.00262132 0.00326049 0.00365643 0.00375397 0.00333664 0.00266289 0.00202083 0.00185209 0.00185209 0.00185209 0.00185209 0.00185209 0.00185209 0.00185209 0.00185209 0.00202083 0.00266289 0.00333664 0.00375397 0.00383382 0.00339878 0.00269705 0.00202783 0.00185209 0.00185209 0.00185209 0.00185209 0.00185209 0.00185209 0.00185209 0.00185209 0.00202783 0.00269705 0.00339878 0.00383382 0.00389844 0.00344941 0.00272462 0.00203359 0.00185209 0.00185209 0.00185209 0.00185209 0.00185209 0.00185209 0.00185209 0.00185209 0.00203359 0.00272462 0.00344941 0.00389844 0.00395029 0.00349015 0.00274685 0.00203812 0.00185209 0.00185209 0.00185209 0.00185209 0.00185209 0.00185209 0.00185209 0.00185209 0.00203812 0.00274685 0.00349015 0.00395029 0.00399063 0.00352143 0.00276372 0.00204182 0.00185209 0.00185209 0.00185209 0.00185209 0.00185209 0.00185209 0.00185209 0.00185209 0.00204182 0.00276372 0.00352143 0.00399063 0.00402026 0.00354448 0.00277648 0.00204429 0.00185209 0.00185209 0.00185209 0.00185209 0.00185209 0.00185209 0.00185209 0.00185209 0.00204429 0.00277648 0.00354448 0.00402026 0.00404002 0.00355971 0.00278471 0.00204635 0.00185209 0.00185209 0.00185209 0.00185209 0.00185209 0.00185209 0.00185209 0.00185209 0.00204635 0.00278471 0.00355971 0.00404002 0.00404948 0.00356753 0.00278883 0.00204717 0.00185209 0.00185209 0.00185209 0.00185209 0.00185209 0.00185209 0.00185209 0.00185209 0.00204717 0.00278883 0.00356753 0.00404948 0.00404948 0.00356753 0.00278883 0.00204717 0.00185209 0.00185209 0.00185209 0.00185209 0.00185209 0.00185209 0.00185209 0.00185209 0.00204717 0.00278883 0.00356753 0.00404948 0.00404002 0.00355971 0.00278471 0.00204635 0.00185209 0.00185209 0.00185209 0.00185209 0.00185209 0.00185209 0.00185209 0.00185209 0.00204635 0.00278471 0.00355971 0.00404002 0.00402026 0.00354448 0.00277648 0.00204429 0.00185209 0.00185209 0.00185209 0.00185209 0.00185209 0.00185209 0.00185209 0.00185209 0.00204429 0.00277648 0.00354448 0.00402026 0.00399063 0.00352143 0.00276372 0.00204182 0.00185209 0.00185209 0.00185209 0.00185209 0.00185209 0.00185209 0.00185209 0.00185209 0.00204182 0.00276372 0.00352143 0.00399063 0.00395029 0.00349015 0.00274685 0.00203812 0.00185209 0.00185209 0.00185209 0.00185209 0.00185209 0.00185209 0.00185209 0.00185209 0.00203812 0.00274685 0.00349015 0.00395029 0.00389844 0.00344941 0.00272462 0.00203359 0.00185209 0.00185209 0.00185209 0.00185209 0.00185209 0.00185209 0.00185209 0.00185209 0.00203359 0.00272462 0.00344941 0.00389844 0.00383382 0.00339878 0.00269705 0.00202783 0.00185209 0.00185209 0.00185209 0.00185209 0.00185209 0.00185209 0.00185209 0.00185209 0.00202783 0.00269705 0.00339878 0.00383382 0.00375397 0.00333664 0.00266289 0.00202083 0.00185209 0.00185209 0.00185209 0.00185209 0.00185209 0.00185209 0.00185209 0.00185209 0.00202083 0.00266289 0.00333664 0.00375397 0.00365643 0.00326049 0.00262132 0.00201219 0.00185209 0.00185209 0.00185209 0.00185209 0.00185209 0.00185209 0.00185209 0.00185209 0.00201219 0.00262132 0.00326049 0.00365643 0.00353543 0.00316583 0.00256987 0.00200149 0.00185209 0.00185209 0.00185209 0.00185209 0.00185209 0.00185209 0.00185209 0.00185209 0.00200149 0.00256987 0.00316583 0.00353543 0.00338026 0.00304524 0.00250361 0.00198749 0.00185209 0.00185209 0.00185209 0.00185209 0.00185209 0.00185209 0.00185209 0.00185209 0.00198749 0.00250361 0.00304524 0.00338026 0.00316707 0.00287855 0.00241265 0.00196856 0.00185209 0.00185209 0.00185209 0.00185209 0.00185209 0.00185209 0.00185209 0.00185209 0.00196856 0.00241265 0.00287855 0.00316707 0.00279912 0.00259127 0.00225584 0.00193605 0.00185209 0.00185209 0.00185209 0.00185209 0.00185209 0.00185209 0.00185209 0.00185209 0.00193605 0.00225584 0.00259127 0.00279912 0.00185209 0.00185209 0.00185209 0.00185209 0.00185209 0.00185209 0.00185209 0.00185209 0.00185209 0.00185209 0.00185209 0.00185209 0.00185209 0.00185209 0.00185209 0.00185209 0.00185209 0.00185209 0.00185209 0.00185209 0.00185209 0.00185209 0.00185209 0.00185209 0.00185209 0.00185209 0.00185209 0.00185209 0.00185209 0.00185209 0.00185209 0.00185209 0.00185209 0.00185209 0.00185209 0.00185209 0.00185209 0.00185209 0.00185209 0.00185209 0.00185209 0.00185209 0.00185209 0.00185209 0.00185209 0.00185209 0.00185209 0.00185209 0.00185209 0.00185209 
</DataArray>
<DataArray type="Float64" Name="cell variable 6" format="ascii">
1 1 1 1 1 1 1 1 1 1 1 1 1 1 1 1 1 1 1 1 1 1 1 1 1 1 1 1 1 1 1 1 1 1 1 1 1 1 1 1 1 1 1 1 1 1 1 1 1 1 1 1 1 1 1 1 1 1 1 1 1 1 1 1 1 1 1 1 1 1 1 1 1 1 1 1 1 1 1 1 1 1 1 1 1 1 1 1 1 1 1 1 1 1 1 1 1 1 1 1 1 1 1 1 1 1 1 1 1 1 1 1 1 1 1 1 1 1 1 1 1 1 1 1 1 1 1 1 1 1 1 1 1 1 1 1 1 1 1 1 1 1 1 1 1 1 1 1 1 1 1 1 1 1 1 1 1 1 1 1 1 1 1 1 1 1 1 1 1 1 1 1 1 1 1 1 1 1 1 1 1 1 1 1 1 1 1 1 1 1 1 1 1 1 1 1 1 1 1 1 1 1 1 1 1 1 1 1 1 1 1 1 1 1 1 1 1 1 1 1 1 1 1 1 1 1 1 1 1 1 1 1 1 1 1 1 1 1 1 1 1 1 1 1 1 1 1 1 1 1 1 1 1 1 1 1 1 1 1 1 1 1 1 1 1 1 1 1 1 1 1 1 1 1 1 1 1 1 1 1 1 1 1 1 1 1 1 1 1 1 1 1 1 1 1 1 1 1 1 1 1 1 1 1 1 1 1 1 1 1 1 1 1 1 1 1 1 1 1 1 1 1 1 1 1 1 1 1 1 1 1 1 1 1 1 1 1 1 1 1 1 1 1 1 1 1 1 1 1 1 1 1 1 1 1 1 1 1 1 1 1 1 1 1 1 1 1 1 1 1 1 1 1 1 1 1 1 1 1 1 1 1 1 1 1 1 1 1 1 1 1 1 1 1 1 1 1 1 1 1 1 1 1 1 1 1 1 1 1 1 1 1 1 1 1 1 1 1 1 1 1 1 1 1 1 1 1 1 1 1 1 1 1 1 1 1 1 1 1 1 1 1 1 1 1 1 1 1 1 1 1 1 1 1 1 1 1 1 1 1 1 1 1 1 1 1 1 1 1 1 1 1 1 1 1 1 1 1 1 1 1 1 1 1 1 1 1 1 1 1 1 1 1 1 1 1 1 1 1 1 1 1 1 1 1 1 1 1 1 1 1 1 1 1 
</DataArray>
<DataArray type="Float64" Name="cell variable 7" format="ascii">
0 0 0 0 0 0 0 0 0 0 0 0 0 0 0 0 0 0 0 0 0 0 0 0 0 0 0 0 0 0 0 0 0 0 0 0 0 0 0 0 0 0 0 0 0 0 0 0 0 0 0 0 0 0 0 0 0 0 0 0 0 0 0 0 0 0 0 0 0 0 0 0 0 0 0 0 0 0 0 0 0 0 0 0 0 0 0 0 0 0 0 0 0 0 0 0 0 0 0 0 0 0 0 0 0 0 0 0 0 0 0 0 0 0 0 0 0 0 0 0 0 0 0 0 0 0 0 0 0 0 0 0 0 0 0 0 0 0 0 0 0 0 0 0 0 0 0 0 0 0 0 0 0 0 0 0 0 0 0 0 0 0 0 0 0 0 0 0 0 0 0 0 0 0 0 0 0 0 0 0 0 0 0 0 0 0 0 0 0 0 0 0 0 0 0 0 0 0 0 0 0 0 0 0 0 0 0 0 0 0 0 0 0 0 0 0 0 0 0 0 0 0 0 0 0 0 0 0 0 0 0 0 0 0 0 0 0 0 0 0 0 0 0 0 0 0 0 0 0 0 0 0 0 0 0 0 0 0 0 0 0 0 0 0 0 0 0 0 0 0 0 0 0 0 0 0 0 0 0 0 0 0 0 0 0 0 0 0 0 0 0 0 0 0 0 0 0 0 0 0 0 0 0 0 0 0 0 0 0 0 0 0 0 0 0 0 0 0 0 0 0 0 0 0 0 0 0 0 0 0 0 0 0 0 0 0 0 0 0 0 0 0 0 0 0 0 0 0 0 0 0 0 0 0 0 0 0 0 0 0 0 0 0 0 0 0 0 0 0 0 0 0 0 0 0 0 0 0 0 0 0 0 0 0 0 0 0 0 0 0 0 0 0 0 0 0 0 0 0 0 0 0 0 0 0 0 0 0 0 0 0 0 0 0 0 0 0 0 0 0 0 0 0 0 0 0 0 0 0 0 0 0 0 0 0 0 0 0 0 0 0 0 0 0 0 0 0 0 0 0 0 0 0 0 0 0 0 0 0 0 0 0 0 0 0 0 0 0 0 0 0 0 0 0 0 0 0 0 0 0 0 0 0 0 0 0 0 0 0 0 0 0 0 0 0 0 0 0 0 0 0 0 0 0 0 0 0 0 0 0 0 0 1 1 
</DataArray>
<DataArray type="Float64" Name="cell variable 8" format="ascii">
11.25 33.75 56.25 78.75 101.25 123.75 146.25 168.75 191.25 213.75 236.25 258.75 281.25 303.75 326.25 348.75 11.25 33.75 56.25 78.75 101.25 123.75 146.25 168.75 191.25 213.75 236.25 258.75 281.25 303.75 326.25 348.75 11.25 33.75 56.25 78.75 101.25 123.75 146.25 168.75 191.25 213.75 236.25 258.75 281.25 303.75 326.25 348.75 11.25 33.75 56.25 78.75 101.25 123.75 146.25 168.75 191.25 213.75 236.25 258.75 281.25 303.75 326.25 348.75 11.25 33.75 56.25 78.75 101.25 123.75 146.25 168.75 191.25 213.75 236.25 258.75 281.25 303.75 326.25 348.75 11.25 33.75 56.25 78.75 101.25 123.75 146.25 168.75 191.25 213.75 236.25 258.75 281.25 303.75 326.25 348.75 11.25 33.75 56.25 78.75 101.25 123.75 146.25 168.75 191.25 213.75 236.25 258.75 281.25 303.75 326.25 348.75 11.25 33.75 56.25 78.75 101.25 123.75 146.25 168.75 191.25 213.75 236.25 258.75 281.25 303.75 326.25 348.75 11.25 33.75 56.25 78.75 101.25 123.75 146.25 168.75 191.25 213.75 236.25 258.75 281.25 303.75 326.25 348.75 11.25 33.75 56.25 78.75 101.25 123.75 146.25 168.75 191.25 213.75 236.25 258.75 281.25 303.75 326.25 348.75 11.25 33.75 56.25 78.75 101.25 123.75 146.25 168.75 191.25 213.75 236.25 258.75 281.25 303.75 326.25 348.75 11.25 33.75 56.25 78.75 101.25 123.75 146.25 168.75 191.25 213.75 236.25 258.75 281.25 303.75 326.25 348.75 11.25 33.75 56.25 78.75 101.25 123.75 146.25 168.75 191.25 213.75 236.25 258.75 281.25 303.75 326.25 348.75 11.25 33.75 56.25 78.75 101.25 123.75 146.25 168.75 191.25 213.75 236.25 258.75 281.25 303.75 326.25 348.75 11.25 33.75 56.25 78.75 101.25 123.75 146.25 168.75 191.25 213.75 236.25 258.75 281.25 303.75 326.25 348.75 11.25 33.75 56.25 78.75 101.25 123.75 146.25 168.75 191.25 213.75 236.25 258.75 281.25 303.75 326.25 348.75 11.25 33.75 56.25 78.75 101.25 123.75 146.25 168.75 191.25 213.75 236.25 258.75 281.25 303.75 326.25 348.75 11.25 33.75 56.25 78.75 101.25 123.75 146.25 168.75 191.25 213.75 236.25 258.75 281.25 303.75 326.25 348.75 11.25 33.75 56.25 78.75 101.25 123.75 146.25 168.75 191.25 213.75 236.25 258.75 281.25 303.75 326.25 348.75 11.25 33.75 56.25 78.75 101.25 123.75 146.25 168.75 191.25 213.75 236.25 258.75 281.25 303.75 326.25 348.75 11.25 33.75 56.25 78.75 101.25 123.75 146.25 168.75 191.25 213.75 236.25 258.75 281.25 303.75 326.25 348.75 11.25 33.75 56.25 78.75 101.25 123.75 146.25 168.75 191.25 213.75 236.25 258.75 281.25 303.75 326.25 348.75 11.25 33.75 56.25 78.75 101.25 123.75 146.25 168.75 191.25 213.75 236.25 258.75 281.25 303.75 326.25 348.75 11.25 33.75 56.25 78.75 101.25 123.75 146.25 168.75 191.25 213.75 236.25 258.75 281.25 303.75 326.25 348.75 11.25 33.75 56.25 78.75 101.25 123.75 146.25 168.75 191.25 213.75 236.25 258.75 281.25 303.75 326.25 348.75 11.25 33.75 56.25 78.75 101.25 123.75 146.25 168.75 191.25 213.75 236.25 258.75 281.25 303.75 326.25 348.75 11.25 33.75 56.25 78.75 101.25 123.75 146.25 168.75 191.25 213.75 236.25 258.75 281.25 303.75 326.25 348.75 11.25 33.75 56.25 78.75 101.25 123.75 146.25 168.75 191.25 213.75 236.25 258.75 281.25 303.75 326.25 348.75 11.25 33.75 56.25 78.75 101.25 123.75 146.25 168.75 191.25 213.75 236.25 258.75 281.25 303.75 326.25 348.75 11.25 33.75 56.25 78.75 101.25 123.75 146.25 168.75 191.25 213.75 236.25 258.75 281.25 303.75 326.25 348.75 11.25 33.75 56.25 78.75 101.25 123.75 146.25 168.75 191.25 213.75 236.25 258.75 281.25 303.75 326.25 348.75 11.25 33.75 56.25 78.75 101.25 123.75 146.25 168.75 191.25 213.75 236.25 258.75 281.25 303.75 326.25 348.75 0 0 
</DataArray>
</CellData>
</Piece>
</UnstructuredGrid>
</VTKFile>
