<VTKFile type="UnstructuredGrid" version="0.1">
<UnstructuredGrid>
<Piece  NumberOfPoints="    2080" NumberOfCells="     514">
<Points>
<DataArray type="Float64" NumberOfComponents="3" format="ascii">
-281.918 597.043 1.07738
-281.443 602.15 26.8238
-257.064 594.757 28.9099
-257.599 589.229 1.09969
-281.335 603.285 29.5732
-279.931 617.805 51.3901
-255.455 611.603 55.2075
-256.955 595.893 31.6593
-279.725 619.901 53.4927
-277.56 641.618 68.042
-252.925 637.173 73.024
-255.249 613.7 57.3101
-277.286 644.355 69.1774
-274.705 669.948 74.245
-249.858 667.572 79.666
-252.65 639.91 74.1595
-274.412 672.909 74.2427
-271.947 698.497 69.1066
-246.886 698.214 74.1418
-249.566 670.533 79.6636
-271.693 701.235 67.9685
-269.773 722.971 53.4196
-244.574 724.45 57.2597
-246.633 700.952 73.0037
-269.592 725.07 51.3158
-268.362 739.621 29.5093
-243.057 742.245 31.5825
-244.392 726.549 55.1558
-268.264 740.756 26.7586
-267.805 745.851 1.00711
-242.457 748.884 1.01885
-242.959 743.38 28.8318
-267.801 745.849 -1.97086
-268.197 740.71 -27.7147
-242.878 743.346 -29.7723
-242.453 748.881 -1.95911
-268.29 739.571 -30.4644
-269.508 725 -52.2579
-244.291 726.478 -56.0869
-242.971 742.207 -32.5221
-269.69 722.899 -54.3598
-271.619 701.153 -68.8922
-246.558 700.863 -73.9064
-244.473 724.377 -58.1888
-271.874 698.414 -70.0281
-274.35 672.822 -75.1414
-249.499 670.44 -80.5431
-246.812 698.124 -75.0422
-274.644 669.861 -75.1414
-277.244 644.274 -70.0507
-252.601 639.824 -75.0163
-249.793 667.479 -80.543
-277.521 641.539 -68.913
-279.705 619.838 -54.3424
-255.251 613.642 -58.1376
-252.878 637.089 -73.8786
-279.913 617.744 -52.2371
-281.322 603.251 -30.4043
-256.989 595.866 -32.4522
-255.46 611.548 -56.0324
-281.431 602.118 -27.6521
-281.919 597.041 -1.90055
-257.6 589.227 -1.87823
-257.098 594.733 -29.7001
-254.655 588.575 1.17482
-254.12 594.103 28.9851
-225.154 589.876 29.6252
-225.681 584.224 1.18735
-252.505 611.007 55.4196
-223.503 607.114 56.604
-225.04 591.068 32.5115
-254.006 595.296 31.8714
-249.964 636.681 73.3409
-220.85 633.287 74.9041
-223.286 609.315 58.8114
-252.289 613.208 57.627
-246.88 667.214 80.0407
-217.599 664.415 81.7468
-220.558 636.159 76.0974
-249.672 639.553 74.5342
-243.89 698.003 74.5184
-214.506 695.809 76.107
-217.287 667.522 81.7462
-246.569 670.322 80.0401
-241.568 724.373 57.5803
-212.293 722.705 58.7879
-214.243 698.682 74.913
-243.627 700.875 73.3244
-240.049 742.272 31.7965
-210.848 740.953 32.445
-212.109 724.907 56.5773
-241.384 726.576 55.3698
-239.447 748.967 1.09455
-210.274 747.769 1.10281
-210.749 742.145 29.556
-239.95 743.464 28.9075
-239.869 743.429 -29.8452
-210.697 742.106 -30.4702
-210.271 747.767 -2.02379
-239.444 748.965 -2.03205
-241.284 726.505 -56.2986
-212.033 724.839 -57.474
-210.792 740.91 -33.3588
-239.964 742.234 -32.7338
-243.552 700.786 -74.2248
-214.169 698.595 -75.7862
-212.216 722.633 -59.6826
-241.467 724.3 -58.5072
-246.502 670.228 -80.9168
-217.219 667.43 -82.5918
-214.433 695.722 -76.9774
-243.816 697.913 -75.416
-249.622 639.467 -75.3881
-220.505 636.074 -76.9145
-217.531 664.323 -82.5897
-246.814 667.121 -80.9148
-252.291 613.149 -58.4511
-223.269 609.25 -59.6017
-220.8 633.203 -75.7184
-249.917 636.596 -74.192
-254.041 595.269 -32.6606
-225.051 591.032 -33.2731
-223.489 607.052 -57.3913
-252.511 610.951 -56.2407
-254.155 594.079 -29.7725
-254.657 588.574 -1.95064
-225.682 584.222 -1.93811
-225.165 589.842 -30.385
-222.44 583.81 1.21012
-221.913 589.461 29.648
-192.446 586.296 29.8136
-192.936 580.611 1.2247
-221.8 590.67 32.5743
-220.263 606.716 56.6667
-190.822 603.641 56.9622
-192.333 587.505 32.7399
-220.04 608.946 58.9061
-217.604 632.918 74.9988
-188.072 629.973 75.3747
-190.599 605.871 59.2016
-217.295 635.829 76.2094
-214.336 664.085 81.8588
-184.564 661.275 82.2524
-187.763 632.884 76.5854
-214.006 667.232 81.8578
-211.225 695.52 76.2186
-181.318 692.846 76.5732
-184.235 664.423 82.2514
-210.969 698.429 75.0112
-209.019 722.452 58.886
-179.463 719.98 59.2276
-181.061 695.756 75.3657
-208.853 724.692 56.6443
-207.592 740.737 32.5119
-178.166 738.442 32.719
-179.297 722.22 56.9859
-207.5 741.949 29.58
-207.025 747.573 1.12684
-177.619 745.338 1.13838
-178.073 739.653 29.7871
-207.023 747.572 -2.04551
-207.449 741.91 -30.492
-178.045 739.618 -30.6759
-177.616 745.336 -2.03397
-207.538 740.695 -33.4228
-208.779 724.623 -57.5381
-179.244 722.156 -57.8556
-178.134 738.403 -33.6068
-208.944 722.381 -59.7777
-210.897 698.343 -75.8813
-180.994 695.673 -76.2097
-179.409 719.914 -60.0952
-211.153 695.433 -77.0859
-213.938 667.141 -82.7003
-184.165 664.333 -83.0653
-181.25 692.762 -77.4143
-214.268 663.993 -82.6983
-217.241 635.744 -77.0231
-187.703 632.801 -77.369
-184.495 661.186 -83.0633
-217.552 632.834 -75.8095
-220.021 608.882 -59.6928
-190.561 605.806 -59.9593
-188.015 629.891 -76.1555
-220.247 606.654 -57.4508
-221.809 590.633 -33.3327
-192.323 587.464 -33.4698
-190.786 603.578 -57.7174
-221.923 589.428 -30.4047
-222.44 583.808 -1.95774
-192.936 580.609 -1.94316
-192.437 586.259 -30.5418
-189.712 580.24 1.23605
-189.222 585.926 29.8249
-160.533 582.421 29.8907
-161.286 576.75 1.24913
-189.083 587.142 32.7662
-187.572 603.278 56.9886
-158.146 599.736 57.0906
-160.393 583.637 32.832
-187.298 605.517 59.2331
-184.771 629.618 75.4062
-154.327 626.022 75.5099
-157.872 601.974 59.3351
-184.393 632.535 76.6143
-181.193 660.926 82.2814
-149.615 657.257 82.3674
-153.948 628.938 76.7181
-180.784 664.08 82.2733
-177.868 692.503 76.595
-144.953 688.737 76.6595
-149.206 660.411 82.3593
-177.538 695.423 75.376
-175.94 719.647 59.2379
-141.512 715.822 59.3358
-144.624 691.657 75.4405
-175.721 721.883 56.9947
-174.59 738.106 32.7279
-139.227 734.314 32.8099
-141.293 718.059 57.0926
-174.468 739.318 29.7918
-174.013 745.002 1.14309
-138.344 741.222 1.15906
-139.105 735.526 29.8738
-174.011 745 -2.03591
-174.44 739.283 -30.6779
-139.081 735.494 -30.7288
-138.342 741.22 -2.01995
-174.559 738.068 -33.6127
-175.669 721.82 -57.8615
-141.245 717.998 -57.9297
-139.2 734.278 -33.6636
-175.887 719.581 -60.1024
-177.472 695.34 -76.2169
-144.56 691.576 -76.252
-141.462 715.759 -60.1706
-177.8 692.419 -77.433
-180.715 663.99 -83.084
-149.137 660.323 -83.1413
-144.888 688.656 -77.4681
-181.124 660.836 -83.0891
-184.333 632.451 -77.3948
-153.884 628.856 -77.471
-149.546 657.169 -83.1464
-184.712 629.536 -76.1839
-187.258 605.451 -59.9877
-157.82 601.909 -60.0637
-154.264 625.942 -76.2601
-187.535 603.215 -57.7406
-189.071 587.101 -33.493
-160.365 583.594 -33.5329
-158.097 599.672 -57.8166
-189.213 585.889 -30.5501
-189.711 580.238 -1.95143
-161.285 576.748 -1.93835
-160.507 582.382 -30.5899
-158.136 576.295 1.2526
-157.382 581.966 29.8942
-129.076 577.252 29.9174
-130.106 571.624 1.26681
-157.186 583.176 32.8387
-154.938 599.275 57.0973
-125.863 594.435 57.1284
-128.879 578.462 32.8619
-154.564 601.503 59.3433
-151.018 625.551 75.5182
-120.85 620.527 75.5536
-125.488 596.663 59.3744
-150.515 628.453 76.7254
-146.181 656.772 82.3747
-114.756 651.53 82.3999
-120.346 623.429 76.7608
-145.632 659.907 82.3649
-141.379 688.233 76.6651
-108.613 682.761 76.6917
-114.206 654.665 82.39
-140.894 691.135 75.4472
-137.782 715.301 59.3425
-103.628 709.626 59.3659
-108.129 685.663 75.4738
-137.432 717.529 57.0989
-135.366 733.784 32.8162
-100.294 727.992 32.8412
-103.278 711.855 57.1224
-135.176 734.993 29.8776
-134.415 740.689 1.16291
-99.0355 734.862 1.18054
-100.104 729.201 29.9027
-134.413 740.687 -2.02011
-135.152 734.961 -30.7289
-100.083 729.171 -30.7192
-99.0343 734.86 -2.00247
-135.34 733.749 -33.6663
-137.385 717.469 -57.9324
-103.235 711.796 -57.9224
-100.271 727.958 -33.6566
-137.733 715.238 -60.1738
-140.83 691.055 -76.2552
-108.067 685.584 -76.2498
-103.583 709.565 -60.1638
-141.314 688.152 -77.4704
-145.563 659.82 -83.1435
-114.137 654.579 -83.1382
-108.551 682.681 -77.465
-146.112 656.684 -83.1505
-150.451 628.372 -77.4751
-120.278 623.348 -77.4819
-114.686 651.444 -83.1452
-150.955 625.47 -76.2653
-154.511 601.438 -60.0689
-125.427 596.597 -60.0729
-120.782 620.447 -76.2721
-154.887 599.212 -57.8203
-157.156 583.133 -33.5367
-128.841 578.417 -33.5317
-125.803 594.371 -57.8244
-157.355 581.927 -30.5903
-158.134 576.292 -1.93869
-130.104 571.622 -1.92447
-129.04 577.21 -30.5854
-126.999 571.028 1.26886
-125.969 576.656 29.9194
-98.0721 570.595 29.9377
-99.3788 565.029 1.28417
-125.714 577.855 32.8649
-122.697 593.828 57.1314
-94.0186 587.586 57.1557
-97.8168 571.793 32.8832
-122.217 596.036 59.3783
-117.578 619.9 75.5575
-87.7608 613.395 75.5897
-93.5384 589.794 59.4026
-116.941 622.775 76.7645
-111.351 650.876 82.4035
-80.2081 644.065 82.4346
-87.1231 616.271 76.7966
-110.655 653.981 82.393
-105.062 682.076 76.6946
-72.5584 674.95 76.7212
-79.5122 647.17 82.4241
-104.428 684.948 75.4771
-99.9267 708.912 59.3691
-66.1168 701.501 59.3918
-71.9243 677.822 75.5036
-99.4514 711.119 57.125
-96.4676 727.256 32.8438
-61.7626 719.656 32.8636
-65.6415 703.708 57.1477
-96.2104 728.455 29.9049
-95.1421 734.115 1.18277
-60.1328 726.453 1.20143
-61.5054 720.855 29.9246
-95.1411 734.114 -2.00069
-96.1895 728.424 -30.7174
-61.4873 720.825 -30.7003
-60.1318 726.452 -1.98203
-96.4446 727.223 -33.6553
-99.4086 711.06 -57.9211
-65.602 703.651 -57.9082
-61.7424 719.624 -33.6382
-99.8819 708.851 -60.1633
-104.366 684.87 -76.2493
-71.8651 677.744 -76.2418
-66.0753 701.441 -60.1503
-104.999 681.996 -77.4644
-110.585 653.895 -83.1376
-79.4429 647.084 -83.1365
-72.4978 674.871 -77.4569
-111.281 650.79 -83.1455
-116.873 622.694 -77.4822
-87.0525 616.189 -77.4839
-80.1384 643.979 -83.1443
-117.511 619.819 -76.2728
-122.156 595.97 -60.0737
-93.4721 589.726 -60.0691
-87.6905 613.314 -76.2745
-122.637 593.764 -57.8242
-125.675 577.81 -33.5316
-97.7731 571.746 -33.5197
-93.9536 587.52 -57.8196
-125.933 576.614 -30.5841
-126.997 571.026 -1.92321
-99.3767 565.027 -1.90789
-98.0316 570.551 -30.5722
-96.3196 564.283 1.28613
-95.013 569.848 29.9397
-67.5686 562.408 29.9575
-69.1536 556.922 1.30256
-94.6983 571.032 32.8857
-90.9001 586.825 57.1582
-62.6673 579.16 57.1812
-67.254 563.592 32.9035
-90.3119 589.005 59.406
-84.5343 612.606 75.5931
-55.1369 604.61 75.624
-62.0791 581.34 59.429
-83.7577 615.446 76.8003
-76.8427 643.241 82.4383
-46.0846 634.859 82.4709
-54.3604 607.45 76.8312
-75.9963 646.307 82.4272
-69.0425 674.087 76.7243
-36.9083 665.312 76.7497
-45.2382 637.925 82.4598
-68.2617 676.92 75.5066
-62.4542 700.599 59.3948
-29.0667 691.471 59.4189
-36.1275 668.146 75.532
-61.859 702.777 57.1503
-57.9802 718.725 32.8662
-23.7257 709.358 32.8861
-28.4715 693.648 57.1744
-57.6575 719.908 29.9268
-56.2849 725.506 1.20359
-21.7308 716.057 1.22292
-23.4031 710.541 29.9467
-56.284 725.505 -1.97999
-57.6396 719.879 -30.6983
-23.3875 710.513 -30.68
-21.7299 716.056 -1.96065
-57.9603 718.693 -33.6367
-61.8198 702.72 -57.9066
-28.4352 693.593 -57.8936
-23.7083 709.327 -33.6184
-62.4129 700.54 -60.1494
-68.2028 676.843 -76.2409
-36.0704 668.07 -76.2306
-29.0283 691.413 -60.1363
-68.982 674.008 -77.4562
-75.9271 646.221 -83.1358
-45.1692 637.839 -83.1345
-36.8497 665.234 -77.4459
-76.7729 643.155 -83.1444
-83.687 615.364 -77.484
-54.2878 607.367 -77.4827
-46.015 634.774 -83.1432
-84.4637 612.525 -76.2745
-90.2452 588.938 -60.0691
-62.0089 581.27 -60.0615
-55.0644 604.528 -76.2733
-90.8348 586.759 -57.8188
-94.6542 570.984 -33.5188
-67.2077 563.541 -33.5045
-62.5985 579.092 -57.8112
-94.9723 569.804 -30.5706
-96.3174 564.281 -1.90633
-69.1514 556.919 -1.8899
-67.5257 562.361 -30.5563
-66.1477 556.023 1.30456
-64.5626 561.51 29.9595
-37.6218 552.689 29.9774
-39.4853 547.296 1.32191
-64.1884 562.675 32.9059
-59.6016 578.243 57.1836
-31.8702 569.155 57.205
-37.2475 553.854 32.9239
-58.9042 580.389 59.4321
-51.9621 603.659 75.627
-23.0565 594.175 75.6545
-31.1728 571.301 59.4535
-51.0442 606.455 76.8346
-42.7685 633.865 82.4744
-12.4875 623.917 82.5038
-22.1387 596.971 76.8621
-41.7695 636.883 82.4628
-33.4396 664.27 76.7527
-1.77711 653.851 76.7758
-11.4884 626.935 82.4923
-32.514 667.058 75.5348
-25.4532 690.383 59.4217
7.4252 679.547 59.4453
-0.851541 656.639 75.5579
-24.7425 692.525 57.177
-19.9967 708.234 32.8887
13.7197 697.117 32.9091
8.13598 681.689 57.2005
-19.6104 709.398 29.949
-17.9381 714.914 1.22515
16.0714 703.698 1.24507
14.1059 698.28 29.9693
-17.9374 714.913 -1.95855
-19.595 709.37 -30.6779
14.1195 698.254 -30.6588
16.0722 703.697 -1.93862
-19.9794 708.203 -33.6167
-24.7064 692.469 -57.892
8.16963 681.635 -57.8772
13.735 697.087 -33.5976
-25.4151 690.325 -60.135
-32.4572 666.982 -76.2292
-0.796481 656.564 -76.2154
7.46093 679.491 -60.1203
-33.3811 664.192 -77.445
-41.7006 636.797 -83.1336
-11.4202 626.849 -83.1278
-1.72039 653.775 -77.4312
-42.6989 633.779 -83.1429
-50.9716 606.373 -77.4824
-22.0653 596.887 -77.4763
-12.4184 623.831 -83.1371
-51.8893 603.577 -76.2728
-58.8339 580.319 -60.0611
-31.1009 571.229 -60.0504
-22.9831 594.092 -76.2667
-59.5326 578.174 -57.81
-64.1418 562.624 -33.5033
-37.2003 553.801 -33.4874
-31.7997 569.084 -57.7994
-64.5197 561.462 -30.5546
-66.1454 556.02 -1.88817
-39.483 547.293 -1.87082
-37.5782 552.639 -30.5387
-36.5383 546.245 1.32395
-34.6748 551.639 29.9795
-8.29317 541.449 29.9976
-10.4339 536.163 1.34193
-34.241 552.782 32.9262
-28.8637 568.082 57.2073
-1.69578 557.584 57.2271
-7.85935 542.592 32.9443
-28.0568 570.189 59.4562
-19.9406 593.063 75.6573
8.39949 582.102 75.6807
-0.888951 559.69 59.476
-18.8809 595.807 76.8651
-9.22969 622.753 82.5068
20.4852 611.25 82.5316
9.45917 584.847 76.8885
-8.07771 625.714 82.4949
1.63361 652.631 76.7785
32.7245 640.581 76.7989
21.6372 614.212 82.5197
2.70216 655.366 75.5604
10.9789 678.274 59.4478
43.2565 665.747 59.4693
33.7931 643.316 75.5808
11.8018 680.374 57.203
17.3856 695.802 32.9116
50.4744 682.954 32.9316
44.0794 667.847 57.2245
17.8335 696.943 29.9716
19.7989 702.361 1.24734
53.1735 689.399 1.26773
50.9223 684.095 29.9916
19.7996 702.36 -1.93643
17.8469 696.916 -30.6566
50.9343 684.069 -30.6362
53.1741 689.398 -1.91605
17.4007 695.773 -33.5957
11.8353 680.32 -57.8753
44.1107 667.795 -57.8575
50.4881 682.925 -33.5754
11.0144 678.217 -60.1185
2.757 655.291 -76.2137
33.8461 643.242 -76.1962
43.2899 665.692 -60.1007
1.69019 652.555 -77.4298
-8.0096 625.629 -83.1264
21.7043 614.127 -83.1148
32.7793 640.506 -77.4123
-9.16067 622.667 -83.1362
-18.8076 595.724 -77.4754
9.53226 584.763 -77.4642
20.5532 611.165 -83.1246
-19.8671 592.98 -76.2657
-27.985 570.117 -60.0494
-0.816789 559.617 -60.0361
8.47277 582.019 -76.2545
-28.7931 568.012 -57.798
-34.1937 552.728 -33.486
-7.81266 542.536 -33.469
-1.62496 557.512 -57.7846
-34.6312 551.588 -30.5368
-36.536 546.242 -1.86897
-10.4316 536.16 -1.85099
-8.25011 541.396 -30.5199
-7.55219 534.962 1.344
-5.4115 540.248 29.9997
20.3521 528.707 30.0178
17.9367 523.544 1.36241
-4.91866 541.367 32.9464
1.2449 556.358 57.2292
27.7842 544.467 57.2478
20.845 529.826 32.9646
2.1603 558.419 59.4784
11.4487 580.831 75.6831
39.147 568.414 75.7037
28.6996 546.527 59.497
12.6495 583.516 76.8911
23.6756 609.919 82.5342
52.7373 596.882 82.5555
40.3478 571.099 76.9117
24.9795 612.816 82.522
36.0668 639.185 76.8012
66.4854 625.527 76.8199
54.0412 599.779 82.5434
37.2762 641.859 75.5831
46.7396 664.29 59.4715
78.3206 650.093 59.4916
67.6949 628.2 75.6018
47.6718 666.343 57.2268
54.0669 681.45 32.9339
86.437 666.891 32.9537
79.2528 652.146 57.2469
54.5746 682.565 29.9939
56.8258 687.87 1.27
89.4731 673.184 1.29075
86.9447 668.007 30.0137
56.8263 687.869 -1.91378
54.5865 682.54 -30.634
86.9555 667.982 -30.6127
89.4737 673.183 -1.89303
54.0803 681.422 -33.5732
47.703 666.291 -57.8553
79.2822 652.095 -57.8354
86.4494 666.864 -33.5519
46.7728 664.235 -60.0986
37.329 641.785 -76.1941
67.7458 628.127 -76.1742
78.352 650.04 -60.0786
36.1214 639.11 -77.4105
25.0464 612.731 -83.113
54.1065 599.694 -83.0973
66.5381 625.452 -77.3906
23.7434 609.833 -83.1232
12.7225 583.431 -77.4628
40.4198 571.014 -77.448
52.8036 596.796 -83.1075
11.522 580.747 -76.2531
2.23242 558.345 -60.0347
28.771 546.452 -60.0195
39.2193 568.329 -76.2383
1.31566 556.286 -57.783
-4.87205 541.31 -33.4674
20.8901 529.766 -33.4497
27.8543 544.393 -57.7678
-5.3685 540.195 -30.5179
-7.54995 534.959 -1.84906
17.939 523.541 -1.83065
20.3937 528.651 -30.5002
20.7466 522.195 1.36449
23.162 527.358 30.0199
48.2477 514.49 30.0379
45.5616 509.463 1.38315
23.7131 528.449 32.9667
30.6523 543.09 57.2499
56.5037 529.827 57.2675
48.7988 515.581 32.9847
31.6749 545.099 59.4992
42.1223 566.985 75.7059
69.1151 553.132 75.7246
57.5262 531.836 59.5167
43.4623 569.602 76.914
55.8517 595.385 82.5577
84.1836 580.837 82.577
70.4551 555.749 76.9326
57.3053 598.209 82.5455
69.7496 623.957 76.8221
99.4126 608.714 76.8399
85.6371 583.661 82.5648
71.0971 626.563 75.6039
81.7229 648.455 59.4937
112.518 632.616 59.5132
100.76 611.319 75.6218
82.7616 650.456 57.2491
89.9457 665.201 32.956
121.505 648.961 32.9757
113.557 634.617 57.2686
90.5115 666.288 30.016
93.0399 671.466 1.29303
124.868 655.086 1.31391
122.071 650.048 30.0358
93.0404 671.465 -1.89071
90.5223 666.264 -30.6104
122.081 650.025 -30.5887
124.868 655.085 -1.86983
89.958 665.174 -33.5497
82.7908 650.406 -57.8331
113.584 634.568 -57.8123
121.516 648.936 -33.528
81.7541 648.402 -60.0764
71.1478 626.49 -76.172
100.809 611.248 -76.1509
112.548 632.564 -60.0556
69.8021 623.882 -77.3885
57.3705 598.124 -83.0952
85.7004 583.577 -83.077
99.4631 608.64 -77.3674
55.9179 595.3 -83.1057
43.5341 569.517 -77.4462
70.5253 555.664 -77.4291
84.2479 580.752 -83.0875
42.1944 566.901 -76.2367
31.7461 545.023 -60.0178
57.596 531.759 -60.0011
69.1856 553.047 -76.2195
30.7222 543.016 -57.766
23.7581 528.389 -33.4479
48.8416 515.519 -33.4296
56.5721 529.751 -57.7493
23.2034 527.302 -30.4982
20.7487 522.192 -1.82865
45.5638 509.46 -1.80999
48.287 514.432 -30.4799
48.293 507.97 1.38522
50.9791 512.996 30.04
75.3258 498.83 30.0579
72.3745 493.955 1.40395
51.5875 514.055 32.9867
59.2924 528.302 57.2695
84.3888 513.699 57.2861
75.9342 499.889 33.0047
60.4201 530.253 59.5187
72.0089 551.549 75.7266
98.2215 536.292 75.7431
85.5165 515.65 59.5354
73.4854 554.09 76.9346
87.2139 579.179 82.579
114.735 563.154 82.5958
99.698 538.834 76.9512
88.8141 581.921 82.5667
102.59 606.974 76.8419
131.41 590.182 76.8582
116.335 565.896 82.5835
104.072 609.505 75.6238
115.83 630.801 59.5152
145.75 613.356 59.5333
132.892 592.713 75.6401
116.972 632.744 57.2708
124.92 647.089 32.9779
155.579 629.207 32.9971
146.892 615.299 57.2889
125.542 648.144 30.038
128.339 653.182 1.31617
159.257 635.147 1.337
156.201 630.263 30.0572
128.339 653.181 -1.86747
125.552 648.121 -30.5864
156.21 630.241 -30.5642
159.258 635.146 -1.84665
124.931 647.063 -33.5257
116.999 632.695 -57.8099
146.918 615.252 -57.7876
155.589 629.182 -33.5035
115.859 630.75 -60.0531
104.12 609.433 -76.1485
132.939 592.642 -76.1258
145.778 613.307 -60.0309
102.64 606.901 -77.3651
88.8771 581.837 -83.0747
116.396 565.813 -83.0539
131.458 590.11 -77.3424
87.278 579.094 -83.0855
73.5554 554.005 -77.427
99.7658 538.749 -77.4075
114.796 563.07 -83.0647
72.0792 551.464 -76.2176
60.4897 530.176 -59.9992
85.5839 515.572 -59.9814
98.2896 536.208 -76.1981
59.3606 528.226 -57.7474
51.6301 513.993 -33.4277
75.9739 499.825 -33.4092
84.4548 513.622 -57.7295
51.0182 512.938 -30.4779
48.295 507.966 -1.80796
72.3765 493.952 -1.78923
75.3621 498.769 -30.4594
75.0206 492.32 1.406
77.972 497.194 30.0599
101.518 481.764 30.0775
98.3079 477.056 1.42462
78.6363 498.219 33.0066
87.0909 512.029 57.2881
111.366 496.122 57.3036
102.182 482.789 33.0242
88.3212 513.917 59.5372
101.026 534.559 75.7449
126.387 517.938 75.7592
112.597 498.01 59.5527
102.636 537.018 76.9529
117.672 561.338 82.5975
144.304 543.877 82.6116
127.996 520.397 76.9672
119.415 563.991 82.5852
134.49 588.277 76.8599
162.383 569.979 76.8742
146.047 546.53 82.5992
136.104 590.725 75.6419
148.961 611.369 59.5351
177.919 592.363 59.5514
163.997 572.427 75.6562
150.203 613.249 57.2909
158.89 627.156 32.9991
188.561 607.677 33.0176
179.162 594.243 57.3072
159.567 628.178 30.0594
162.623 633.062 1.33922
192.544 613.418 1.36005
189.237 608.699 30.0779
162.624 633.061 -1.84426
159.576 628.156 -30.5618
189.246 608.679 -30.5391
192.545 613.417 -1.82343
158.901 627.132 -33.501
150.229 613.202 -57.7851
179.186 594.198 -57.7612
188.571 607.654 -33.4783
148.989 611.319 -60.0283
136.15 590.655 -76.1232
164.041 572.358 -76.0986
177.946 592.315 -60.0044
134.538 588.205 -77.3398
119.476 563.908 -83.0514
146.105 546.448 -83.028
162.429 569.908 -77.3153
117.734 561.254 -83.0623
102.703 536.933 -77.4051
128.061 520.312 -77.3836
144.363 543.794 -83.039
101.094 534.474 -76.196
88.3884 513.839 -59.9793
112.661 497.931 -59.9605
126.452 517.853 -76.1745
87.1566 511.952 -57.7275
78.6757 498.155 -33.4072
102.218 482.724 -33.3885
111.429 496.044 -57.7087
78.0081 497.134 -30.4573
75.0225 492.317 -1.78717
98.3097 477.053 -1.76855
101.55 481.702 -30.4387
100.862 475.284 1.42663
104.072 479.991 30.0796
126.755 463.336 30.0966
123.295 458.809 1.44502
104.791 480.979 33.026
113.975 494.312 57.3054
137.364 477.14 57.3193
127.474 464.324 33.0431
115.305 496.13 59.5542
129.095 516.058 75.7608
153.533 498.114 75.7719
138.694 478.958 59.5681
130.833 518.427 76.9686
147.141 541.907 82.613
172.808 523.054 82.6226
155.272 500.483 76.9797
149.022 544.463 82.6006
165.359 567.912 76.8755
192.244 548.156 76.8854
174.689 525.611 82.6102
167.099 570.271 75.6577
181.021 590.207 59.5528
208.934 569.69 59.5655
193.984 550.515 75.6676
182.36 592.02 57.309
191.76 605.454 33.0194
220.357 584.43 33.0363
210.272 571.503 57.3217
192.488 606.44 30.0801
195.795 611.158 1.36219
224.633 589.957 1.38252
221.086 585.415 30.0969
195.795 611.157 -1.82102
192.497 606.419 -30.5367
221.094 585.396 -30.5131
224.634 589.956 -1.80069
191.77 605.432 -33.4756
182.385 591.975 -57.7586
210.296 571.459 -57.7318
220.367 584.409 -33.4521
181.048 590.16 -60.0015
167.142 570.203 -76.0957
194.026 550.448 -76.0674
208.959 569.644 -59.9747
165.404 567.842 -77.3124
149.08 544.381 -83.0251
174.744 525.53 -82.9978
192.287 548.087 -77.284
147.2 541.824 -83.0363
130.898 518.343 -77.3809
155.333 500.399 -77.3566
172.864 522.973 -83.009
129.16 515.974 -76.1722
115.369 496.052 -59.9581
138.754 478.88 -59.9381
153.595 498.03 -76.1478
114.037 494.234 -57.7066
104.826 480.913 -33.3865
127.505 464.257 -33.3677
137.423 477.062 -57.6866
104.104 479.929 -30.4366
100.864 475.28 -1.7665
123.296 458.805 -1.7481
126.784 463.273 -30.4179
125.75 456.903 1.44698
129.21 461.43 30.0986
150.97 443.591 30.115
147.268 439.257 1.46502
129.981 462.377 33.0448
139.871 475.194 57.321
162.31 456.801 57.3329
151.741 444.538 33.0612
141.297 476.938 59.5694
156.137 496.093 75.7731
179.586 476.872 75.7792
163.736 458.545 59.5813
158 498.365 76.9805
175.537 520.937 82.6234
200.167 500.742 82.6244
181.449 479.144 76.9866
177.551 523.389 82.6108
195.106 545.934 76.886
220.907 524.771 76.8848
202.182 503.194 82.6118
196.967 548.197 75.6683
211.917 567.372 59.5662
238.7 545.395 59.5693
222.768 527.035 75.6671
213.348 569.112 57.3229
223.434 582.04 33.0375
250.872 559.523 33.0483
240.132 547.135 57.3261
224.212 582.986 30.0988
227.76 587.528 1.38442
255.429 564.821 1.40438
251.651 560.469 30.1096
227.76 587.527 -1.79812
224.221 582.967 -30.5106
251.659 560.451 -30.4818
255.429 564.82 -1.77815
223.443 582.019 -33.4489
213.372 569.069 -57.7287
240.154 547.094 -57.6931
250.881 559.503 -33.4201
211.942 567.327 -59.9712
197.009 548.131 -76.0638
222.808 526.971 -76.025
238.724 545.352 -59.9356
195.149 545.865 -77.2804
177.606 523.308 -82.9942
202.233 503.116 -82.959
220.947 524.705 -77.2417
175.592 520.856 -83.0058
158.061 498.282 -77.3534
181.507 479.062 -77.3246
200.22 500.663 -82.9706
156.199 496.01 -76.1452
141.358 476.859 -59.9354
163.793 458.467 -59.9139
179.644 476.79 -76.1165
139.93 475.116 -57.6844
130.013 462.31 -33.3655
151.768 444.471 -33.3468
162.366 456.724 -57.6629
129.239 461.367 -30.4159
125.751 456.899 -1.74606
147.27 439.254 -1.72801
150.994 443.527 -30.3971
149.618 437.223 1.46691
153.32 441.556 30.1169
174.098 422.579 30.1328
170.165 418.452 1.48449
154.141 442.461 33.0627
164.711 454.724 57.3344
186.138 435.157 57.3454
174.919 423.483 33.0786
166.229 456.388 59.5821
182.079 474.715 75.7801
204.471 454.268 75.7827
187.656 436.821 59.5931
184.061 476.884 76.9866
202.779 498.482 82.6244
226.3 476.998 82.614
206.453 456.436 76.9892
204.921 500.823 82.6107
223.646 522.4 76.8837
248.286 499.882 76.8559
228.443 479.339 82.6003
225.624 524.561 75.6651
241.556 542.921 59.5674
267.125 519.533 59.5216
250.264 502.044 75.6373
243.075 544.584 57.3247
253.815 556.971 33.0469
279.979 532.985 33.0265
268.643 521.195 57.2789
254.641 557.875 30.1104
258.419 562.227 1.40521
284.794 538.029 1.42484
280.805 533.888 30.09
258.419 562.226 -1.77461
254.649 557.857 -30.4782
280.813 533.872 -30.419
284.795 538.028 -1.75498
253.824 556.951 -33.4144
243.097 544.542 -57.6874
268.664 521.156 -57.6036
279.989 532.966 -33.3552
241.58 542.878 -59.9294
225.663 524.497 -76.0189
250.3 501.982 -75.9545
267.147 519.491 -59.8457
223.687 522.334 -77.2365
204.973 500.744 -82.9538
228.491 479.263 -82.9081
248.324 499.819 -77.1721
202.831 498.403 -82.9666
184.118 476.802 -77.3207
206.507 456.356 -77.2893
226.349 476.921 -82.9209
182.136 474.633 -76.1136
166.285 456.31 -59.9111
187.709 436.744 -59.8895
204.525 454.187 -76.0822
164.766 454.646 -57.6607
154.168 442.393 -33.3446
174.942 423.415 -33.3263
186.189 435.08 -57.639
153.344 441.493 -30.3951
149.619 437.219 -1.72599
170.167 418.448 -1.70841
174.118 422.515 -30.3768
172.404 416.294 1.48632
176.336 420.421 30.1346
196.078 400.355 30.1497
191.926 396.447 1.50332
177.205 421.28 33.0801
188.425 432.954 57.3469
208.783 412.264 57.357
196.947 401.214 33.0952
190.03 434.534 59.5938
206.845 451.98 75.7834
228.12 430.36 75.7856
210.389 413.844 59.604
208.941 454.039 76.9887
228.788 474.601 82.6135
251.135 451.887 82.6045
230.216 432.419 76.991
231.052 476.824 82.5983
250.895 497.367 76.8539
274.304 473.562 76.8302
253.398 454.11 82.5893
252.985 499.42 75.6332
269.846 516.909 59.5174
294.16 492.172 59.4721
276.393 475.615 75.6094
271.448 518.486 57.2749
282.784 530.276 33.0226
307.685 504.892 33.0027
295.762 493.75 57.2296
283.653 531.133 30.0899
287.643 535.274 1.42474
312.747 509.665 1.44353
308.554 505.749 30.07
287.643 535.273 -1.75063
283.661 531.117 -30.4146
308.562 505.733 -30.3574
312.748 509.664 -1.73184
282.793 530.258 -33.347
271.469 518.447 -57.5955
295.781 493.714 -57.5135
307.693 504.875 -33.2898
269.868 516.867 -59.8374
253.021 499.358 -75.9463
276.427 475.556 -75.8867
294.181 492.133 -59.7555
250.933 497.304 -77.1662
231.1 476.748 -82.9022
253.443 454.037 -82.8587
274.339 473.502 -77.1066
228.837 474.524 -82.9167
208.995 453.959 -77.2851
230.266 432.341 -77.2543
251.18 451.813 -82.8732
206.899 451.9 -76.0793
190.083 434.457 -59.8865
210.437 413.768 -59.865
228.17 430.282 -76.0485
188.475 432.877 -57.6368
177.228 421.212 -33.324
196.965 401.147 -33.306
208.83 412.189 -57.6153
176.356 420.358 -30.3748
172.405 416.291 -1.70644
191.927 396.444 -1.68944
196.093 400.292 -30.3568
194.047 394.173 1.50507
198.199 398.081 30.1515
216.851 376.979 30.1658
212.491 373.303 1.52128
199.113 398.891 33.0966
210.95 409.941 57.3584
230.185 388.184 57.368
217.766 377.79 33.1109
212.639 411.432 59.6047
230.37 427.948 75.7863
250.469 405.214 75.7905
231.874 389.676 59.6143
232.573 429.892 76.9909
253.492 449.36 82.6045
274.601 425.479 82.605
252.672 407.157 76.995
255.871 451.459 82.5884
276.776 470.911 76.8293
298.888 445.89 76.8302
276.98 427.577 82.5889
278.972 472.849 75.6077
296.739 489.407 59.4704
319.709 463.418 59.4745
301.084 447.828 75.6086
298.422 490.896 57.2282
310.345 502.037 33.0013
333.896 475.397 33.0126
321.393 464.907 57.2323
311.258 502.846 30.0708
315.451 506.761 1.44431
339.204 479.895 1.46247
334.809 476.206 30.082
315.451 506.761 -1.72852
311.265 502.83 -30.354
334.816 476.191 -30.3293
339.205 479.894 -1.71036
310.353 502.02 -33.2844
298.441 490.859 -57.5081
321.411 464.872 -57.477
333.904 475.381 -33.2596
296.759 489.368 -59.7498
279.005 472.791 -75.881
301.115 447.772 -75.8475
319.728 463.381 -59.7187
276.811 470.851 -77.1019
255.915 451.386 -82.854
277.021 427.507 -82.8215
298.92 445.832 -77.0685
253.537 449.286 -82.8694
232.622 429.814 -77.2506
252.717 407.082 -77.2231
274.643 425.408 -82.8369
230.419 427.87 -76.0457
212.687 411.357 -59.8622
231.917 389.602 -59.8415
250.514 405.139 -76.0182
210.996 409.866 -57.6131
199.131 398.824 -33.3039
217.779 377.724 -33.2866
230.227 388.111 -57.5925
198.214 398.017 -30.3549
194.048 394.169 -1.68754
212.492 373.299 -1.67133
216.862 376.917 -30.3376
214.489 370.917 1.52293
218.849 374.594 30.1675
236.361 352.513 30.1814
231.806 349.078 1.5382
219.806 375.353 33.1122
232.225 385.748 57.3693
250.282 362.982 57.3796
237.318 353.273 33.1261
233.992 387.146 59.6151
252.587 402.684 75.7913
271.453 378.896 75.7976
252.049 364.38 59.6254
254.892 404.507 76.9955
276.821 422.828 82.6054
296.632 397.843 82.6095
273.757 380.719 77.0018
279.308 424.797 82.5892
301.216 443.11 76.8305
321.966 416.935 76.835
299.119 399.812 82.5933
303.511 444.929 75.6093
322.137 460.518 59.4751
343.683 433.33 59.4889
324.262 418.754 75.6138
323.897 461.915 57.2337
336.4 472.406 33.0139
358.489 444.541 33.0305
345.444 434.727 57.2474
337.355 473.165 30.0838
341.751 476.854 1.46424
364.031 448.753 1.48166
359.444 445.3 30.1004
341.751 476.853 -1.70819
337.362 473.15 -30.3271
359.451 445.287 -30.3093
364.031 448.752 -1.69077
336.408 472.389 -33.257
323.915 461.881 -57.4745
345.461 434.695 -57.4546
358.497 444.526 -33.2392
322.156 460.481 -59.7156
303.542 444.873 -75.8445
324.29 418.701 -75.817
343.701 433.295 -59.6957
301.248 443.052 -77.0652
279.348 424.727 -82.8181
299.156 399.745 -82.7914
321.996 416.88 -77.0376
276.862 422.758 -82.8339
254.936 404.432 -77.2201
273.797 380.648 -77.1968
296.669 397.776 -82.8071
252.632 402.609 -76.0157
234.035 387.073 -59.839
252.088 364.31 -59.8208
271.493 378.825 -75.9924
232.267 385.675 -57.5905
219.819 375.288 -33.2846
237.326 353.209 -33.2687
250.319 362.912 -57.5723
218.859 374.532 -30.3358
214.489 370.914 -1.66952
231.807 349.075 -1.65426
236.366 352.453 -30.32
233.675 346.587 1.53976
238.23 350.022 30.1829
254.553 327.02 30.1962
249.818 323.837 1.55397
239.227 350.729 33.1274
252.192 360.438 57.3809
269.021 336.723 57.3912
255.55 327.727 33.1407
254.031 361.739 59.6263
273.435 376.256 75.7985
291.014 351.48 75.8058
270.86 338.024 59.6366
275.833 377.952 77.0024
298.708 395.076 82.6101
317.165 369.058 82.6163
293.412 353.177 77.0097
301.296 396.91 82.5939
324.143 414.033 76.8356
343.474 386.779 76.8429
319.753 370.891 82.6
326.532 415.727 75.6149
345.953 430.304 59.49
366.022 401.999 59.5045
345.863 388.473 75.6222
347.785 431.606 57.2492
360.831 441.42 33.0323
381.402 412.416 33.0487
367.855 403.301 57.2637
361.825 442.128 30.1023
366.411 445.58 1.48352
387.16 416.33 1.49979
382.396 413.124 30.1187
366.411 445.58 -1.6889
361.832 442.114 -30.3074
382.403 413.112 -30.2916
387.16 416.33 -1.67263
360.838 441.405 -33.2373
347.802 431.573 -57.4527
367.87 403.271 -57.4358
381.41 412.402 -33.2215
345.971 430.269 -59.6933
326.56 415.675 -75.8146
345.888 388.423 -75.7919
366.039 401.967 -59.6764
324.173 413.979 -77.0349
301.332 396.844 -82.7886
319.785 370.829 -82.7659
343.501 386.727 -77.0122
298.745 395.01 -82.8045
275.873 377.881 -77.1942
293.447 353.109 -77.1738
317.198 368.995 -82.7818
273.475 376.184 -75.9902
254.069 361.669 -59.8186
270.893 337.957 -59.8023
291.049 351.412 -75.9698
252.228 360.368 -57.5704
239.234 350.666 -33.2669
255.552 327.666 -33.2525
269.052 336.657 -57.5542
238.235 349.962 -30.3183
233.676 346.584 -1.65258
249.818 323.834 -1.63837
254.553 326.963 -30.3039
251.553 321.248 1.55542
256.289 324.43 30.1976
271.38 300.567 30.2098
266.477 297.644 1.56846
257.323 325.082 33.1419
270.793 334.079 57.3924
286.349 309.479 57.4014
272.414 301.219 33.154
272.7 335.279 59.6375
292.853 348.735 75.8066
309.099 323.04 75.8127
288.256 310.68 59.6465
295.338 350.302 77.0103
319.091 366.183 82.6169
336.145 339.206 82.6226
311.584 324.607 77.0164
321.773 367.876 82.6008
345.494 383.764 76.8437
363.352 355.513 76.8522
338.826 340.9 82.6065
347.969 385.329 75.6235
368.128 398.856 59.5058
386.671 369.525 59.5187
365.826 357.079 75.6319
370.027 400.059 57.2653
383.574 409.174 33.0504
402.58 379.119 33.0652
388.569 370.729 57.2782
384.604 409.829 30.1205
389.368 413.035 1.50153
408.538 382.725 1.5166
403.61 379.774 30.1354
389.368 413.035 -1.6709
384.611 409.817 -30.2898
403.617 379.763 -30.2749
408.538 382.724 -1.65583
383.582 409.161 -33.2197
370.042 400.03 -57.434
388.584 370.702 -57.4181
402.588 379.107 -33.2048
368.145 398.824 -59.6744
347.994 385.28 -75.7899
365.849 357.033 -75.7715
386.687 369.496 -59.6585
345.52 383.713 -77.0099
321.805 367.815 -82.7636
338.854 340.842 -82.7432
363.375 355.466 -76.9915
319.124 366.12 -82.7795
295.373 350.235 -77.1715
311.615 324.545 -77.1524
336.173 339.148 -82.7591
292.888 348.668 -75.9678
272.732 335.213 -59.8003
288.284 310.617 -59.7852
309.13 322.978 -75.9488
270.824 334.013 -57.5525
257.324 325.022 -33.2508
272.41 301.162 -33.2376
286.375 309.417 -57.5373
256.289 324.373 -30.3023
251.553 321.245 -1.63683
266.477 297.641 -1.62379
271.375 300.513 -30.2891
268.074 294.963 1.56977
272.977 297.885 30.2111
286.797 273.222 30.2218
281.742 270.568 1.58158
274.045 298.481 33.155
287.981 306.741 57.4025
302.225 281.323 57.4094
287.865 273.818 33.1658
289.949 307.839 59.6471
310.792 320.199 75.8133
325.664 293.659 75.8159
304.193 282.42 59.6541
313.356 321.632 77.0168
337.917 336.231 82.623
353.523 308.377 82.6248
328.229 295.091 77.0194
340.684 337.781 82.6071
365.21 352.395 76.8528
381.55 323.234 76.859
356.291 309.926 82.6089
367.763 353.828 75.633
388.607 366.274 59.5197
405.576 336.004 59.5299
384.103 324.667 75.6392
390.566 367.376 57.2796
404.578 375.767 33.0666
421.972 344.748 33.0793
407.535 337.106 57.2898
405.641 376.366 30.1369
410.569 379.318 1.51815
428.114 348.035 1.53177
423.035 345.348 30.1495
410.569 379.317 -1.65422
405.648 376.356 -30.2733
423.043 345.34 -30.2591
428.115 348.035 -1.6406
404.585 375.755 -33.2031
390.582 367.35 -57.4164
407.551 337.083 -57.4008
421.981 344.739 -33.1889
388.624 366.245 -59.6567
367.786 353.782 -75.7697
384.122 324.626 -75.7531
405.593 335.979 -59.641
365.233 352.347 -76.9894
340.712 337.724 -82.7411
356.314 309.874 -82.7203
381.569 323.191 -76.9728
337.945 336.173 -82.7569
313.386 321.57 -77.1502
328.254 295.034 -77.1306
353.547 308.324 -82.7361
310.822 320.137 -75.9468
289.976 307.777 -59.7832
304.216 282.363 -59.7683
325.69 293.601 -75.9272
288.006 306.68 -57.5357
274.041 298.425 -33.236
287.856 273.765 -33.2238
302.246 281.266 -57.5208
272.972 297.832 -30.2877
268.074 294.96 -1.62237
281.742 270.565 -1.61056
286.787 273.173 -30.2755
283.197 267.801 1.58272
288.252 270.456 30.223
300.768 245.056 30.2323
295.576 242.675 1.59329
289.35 270.994 33.1666
303.711 278.499 57.4102
316.61 252.329 57.4147
301.867 245.594 33.1759
305.735 279.49 59.6544
327.205 290.729 75.8162
340.669 263.416 75.8152
318.634 253.32 59.6589
329.842 292.025 77.0194
355.137 305.31 82.6248
369.259 276.659 82.6231
343.305 264.711 77.0184
357.981 306.713 82.6093
383.24 320.021 76.8593
398.022 290.038 76.8648
372.104 278.062 82.6076
385.866 321.319 75.64
407.338 332.655 59.5308
422.695 301.535 59.5381
400.648 291.336 75.6455
409.353 333.653 57.2909
423.79 341.295 33.0804
439.534 309.404 33.0909
424.71 302.534 57.2982
424.884 341.838 30.1509
429.963 344.525 1.5331
445.845 312.361 1.54502
440.628 309.946 30.1614
429.964 344.525 -1.63912
424.892 341.83 -30.2576
440.636 309.94 -30.2446
445.845 312.36 -1.6272
423.799 341.286 -33.1872
409.37 333.631 -57.3991
424.725 302.516 -57.3834
439.543 309.396 -33.1742
407.355 332.631 -59.6392
385.885 321.277 -75.7513
400.664 291.301 -75.7348
422.711 301.517 -59.6236
383.259 319.978 -76.9707
358.004 306.661 -82.7182
372.123 278.016 -82.6953
398.038 290.001 -76.9542
355.16 305.258 -82.7337
329.867 291.968 -77.1282
343.327 264.661 -77.1067
369.279 276.613 -82.7107
327.231 290.672 -75.9251
305.757 279.434 -59.7662
318.652 253.269 -59.751
340.69 263.365 -75.9036
303.731 278.442 -57.5192
289.341 270.942 -33.2222
301.854 245.547 -33.2109
316.626 252.278 -57.504
288.242 270.407 -30.2742
283.197 267.799 -1.60925
295.575 242.673 -1.59869
300.754 245.011 -30.2629
296.886 239.831 1.59427
302.078 242.212 30.2333
313.262 216.138 30.241
307.948 214.035 1.60354
303.204 242.691 33.1764
317.947 249.426 57.4153
329.472 222.571 57.417
314.388 216.617 33.1841
320.02 250.31 59.6588
342.055 260.405 75.815
354.08 232.394 75.8095
331.545 223.455 59.6605
344.756 261.562 77.018
370.709 273.51 82.6226
383.316 244.148 82.6162
356.78 233.551 77.0124
373.623 274.764 82.6076
399.542 286.739 76.8649
412.732 256.029 76.8686
386.23 245.402 82.6012
402.233 287.899 75.646
424.28 298.099 59.5386
437.99 266.225 59.5429
415.423 257.189 75.6497
426.345 298.99 57.299
441.17 305.86 33.0916
455.229 273.185 33.1
440.055 267.116 57.3032
442.291 306.344 30.1625
447.508 308.758 1.54612
461.691 275.8 1.55623
456.351 273.669 30.1709
447.508 308.758 -1.62587
442.299 306.337 -30.2432
456.357 273.663 -30.2315
461.691 275.8 -1.61576
441.178 305.853 -33.1725
426.36 298.973 -57.3818
440.067 267.102 -57.3661
455.237 273.179 -33.1608
424.295 298.081 -59.6217
402.248 287.865 -75.7329
415.438 257.161 -75.7146
438.001 266.209 -59.606
399.558 286.704 -76.9519
373.643 274.719 -82.693
386.248 245.363 -82.6662
412.747 256 -76.9336
370.729 273.464 -82.708
344.777 261.512 -77.104
356.799 233.507 -77.0795
383.334 244.108 -82.6812
342.076 260.355 -75.9014
320.038 250.259 -59.7487
331.56 223.411 -59.7326
354.099 232.35 -75.8768
317.963 249.375 -57.5024
303.19 242.644 -33.2093
314.371 216.576 -33.1988
329.485 222.527 -57.4864
302.064 242.167 -30.2617
296.885 239.829 -1.59749
307.947 214.033 -1.58822
313.245 216.099 -30.2512
309.109 211.119 1.60436
314.424 213.222 30.2418
324.254 186.535 30.2476
318.831 184.714 1.61226
315.573 213.642 33.1844
330.657 219.596 57.4172
340.785 192.122 57.4153
325.404 186.955 33.1901
332.774 220.372 59.6598
355.309 229.311 75.8088
365.872 200.677 75.7969
342.903 192.898 59.6579
358.065 230.328 77.0113
384.601 240.925 82.6151
395.668 210.938 82.6009
368.629 201.694 76.9994
387.575 242.028 82.6007
414.078 252.656 76.8681
425.653 221.315 76.8656
398.642 212.042 82.5866
416.827 253.675 75.6498
439.393 262.711 59.543
451.426 230.172 59.5436
428.401 222.335 75.6473
441.504 263.492 57.3036
456.678 269.561 33.1004
469.023 236.191 33.1063
453.537 230.953 57.3042
457.824 269.983 30.1717
463.164 272.115 1.5571
475.618 238.453 1.56537
470.169 236.613 30.1777
463.165 272.115 -1.61459
457.831 269.978 -30.2303
470.175 236.609 -30.2199
475.618 238.453 -1.60633
456.685 269.555 -33.1592
441.515 263.478 -57.3645
453.547 230.94 -57.3488
469.029 236.186 -33.1488
439.405 262.696 -59.604
416.841 253.648 -75.7126
428.416 222.311 -75.6921
451.436 230.159 -59.5884
414.093 252.627 -76.931
387.593 241.99 -82.6636
398.66 212.009 -82.6325
425.668 221.291 -76.9104
384.619 240.886 -82.6781
358.084 230.285 -77.0763
368.646 201.658 -77.0483
395.685 210.905 -82.647
355.327 229.268 -75.8743
332.789 220.328 -59.7301
342.915 192.862 -59.7129
365.889 200.641 -75.8463
330.67 219.553 -57.4847
315.556 213.602 -33.1972
325.384 186.921 -33.1874
340.796 192.086 -57.4676
314.406 213.184 -30.2501
309.108 211.117 -1.58713
318.83 184.712 -1.57922
324.234 186.503 -30.2403
319.842 181.734 1.61288
325.265 183.555 30.2482
333.726 156.314 30.2513
328.211 154.777 1.6194
326.435 183.915 33.19
341.817 189.082 57.4152
350.534 161.052 57.409
334.897 156.674 33.1931
343.972 189.75 59.6566
366.941 197.528 75.7956
376.026 168.344 75.7771
352.689 161.719 59.6504
369.746 198.406 76.9974
396.785 207.65 82.5989
406.294 177.128 82.5772
378.831 169.222 76.9789
399.811 208.604 82.5853
426.822 217.877 76.8643
436.762 186.005 76.8548
409.321 178.082 82.5635
429.621 218.754 75.6468
452.645 226.592 59.5431
462.981 193.477 59.54
439.561 186.882 75.6373
454.796 227.258 57.3043
470.282 232.496 33.1064
480.887 198.518 33.1096
465.132 194.143 57.3011
471.449 232.855 30.1783
476.899 234.695 1.566
487.598 200.417 1.57241
482.055 198.878 30.1815
476.899 234.695 -1.60533
471.455 232.851 -30.2189
482.062 198.876 -30.2097
487.598 200.417 -1.59892
470.288 232.491 -33.1472
454.806 227.246 -57.3473
465.143 194.134 -57.332
480.894 198.516 -33.138
452.655 226.579 -59.5862
429.636 218.732 -75.6899
439.577 186.863 -75.668
462.993 193.467 -59.571
426.837 217.853 -76.9075
399.829 208.572 -82.6296
409.338 178.057 -82.5953
436.779 185.985 -76.8856
396.803 207.618 -82.6434
369.763 198.371 -77.0447
378.848 169.195 -77.0134
406.312 177.102 -82.6092
366.958 197.493 -75.8434
343.985 189.714 -59.71
352.7 161.693 -59.691
376.043 168.317 -75.8121
341.828 189.047 -57.4658
326.416 183.882 -33.1857
334.876 156.649 -33.1757
350.543 161.025 -57.4468
325.244 183.523 -30.2393
319.841 181.732 -1.57822
328.21 154.776 -1.5717
333.704 156.29 -30.2293
329.071 151.739 1.61969
334.586 153.276 30.2516
341.683 125.539 30.2473
336.095 124.293 1.62502
335.774 153.575 33.1922
351.411 157.953 57.4081
358.713 129.427 57.3906
342.871 125.839 33.1879
353.597 158.513 59.648
376.934 165.138 75.7747
384.531 135.479 75.7434
360.899 129.987 59.6305
379.778 165.879 76.9759
407.242 173.785 82.5741
415.177 142.822 82.5422
387.375 136.22 76.9446
410.311 174.591 82.5613
437.753 182.514 76.8526
446.034 150.216 76.8332
418.246 143.628 82.5294
440.594 183.246 75.6358
464.015 189.841 59.5385
472.63 156.237 59.5286
448.875 150.948 75.6164
466.199 190.387 57.3006
481.953 194.763 33.109
490.784 160.261 33.1062
474.814 156.783 57.2907
483.139 195.056 30.1818
488.682 196.596 1.5727
497.586 161.787 1.57684
491.97 160.554 30.179
488.683 196.596 -1.59804
483.146 195.054 -30.2088
491.98 160.556 -30.1982
497.586 161.787 -1.59391
481.961 194.76 -33.1363
466.21 190.379 -57.3304
474.829 156.779 -57.3133
490.795 160.262 -33.1257
464.026 189.831 -59.5684
440.61 183.227 -75.6654
448.894 150.932 -75.6385
472.645 156.231 -59.5513
437.769 182.494 -76.8822
410.329 174.566 -82.592
418.265 143.609 -82.5512
446.053 150.2 -76.8553
407.26 173.759 -82.6049
379.795 165.852 -77.0091
387.394 136.201 -76.9676
415.196 142.802 -82.5641
376.951 165.112 -75.8084
353.609 158.487 -59.6873
360.912 129.972 -59.6587
384.549 135.46 -75.7669
351.421 157.928 -57.4446
335.753 153.551 -33.1735
342.851 125.826 -33.1581
358.724 129.412 -57.416
334.564 153.253 -30.2282
329.07 151.738 -1.57063
336.093 124.292 -1.5653
341.662 125.527 -30.2128
336.808 121.205 1.62401
342.397 122.451 30.2463
348.203 94.2984 30.2027
342.57 93.3527 1.62833
343.597 122.69 33.1836
359.439 126.278 57.3862
365.374 97.3334 57.3014
349.404 94.5377 33.14
361.647 126.732 59.6233
385.279 132.224 75.7362
391.396 102.18 75.626
367.582 97.7867 59.5384
388.151 132.832 76.9367
415.953 139.434 82.5344
422.283 108.141 82.4326
394.268 102.787 76.8265
419.054 140.096 82.5231
446.842 146.683 76.8269
453.402 114.07 76.75
425.384 108.803 82.4213
449.717 147.266 75.6114
473.472 152.555 59.5236
480.279 118.532 59.4715
456.277 114.653 75.5344
475.681 152.975 57.2877
491.651 156.453 33.1033
498.583 121.493 33.0703
482.488 118.952 57.2357
492.849 156.679 30.1782
498.465 157.911 1.576
505.436 122.637 1.57684
499.781 121.718 30.1452
498.465 157.911 -1.59253
492.859 156.68 -30.1969
499.796 121.725 -30.1627
505.437 122.638 -1.59169
491.662 156.455 -33.1223
475.695 152.971 -57.3099
482.509 118.953 -57.2565
498.599 121.499 -33.0882
473.487 152.55 -59.5458
449.736 147.251 -75.633
456.3 114.64 -75.5526
480.301 118.532 -59.4924
446.862 146.667 -76.8483
419.074 140.076 -82.5442
425.408 108.788 -82.4362
453.426 114.057 -76.768
415.973 139.415 -82.5554
388.17 132.814 -76.9589
394.291 102.777 -76.8401
422.306 108.127 -82.4474
385.298 132.207 -75.7586
361.66 126.718 -59.6504
367.6 97.7867 -59.5547
391.418 102.17 -75.6398
359.45 126.265 -57.4105
343.577 122.679 -33.1526
349.388 94.5425 -33.0991
365.39 97.3339 -57.3148
342.375 122.44 -30.2106
336.807 121.205 -1.5631
342.569 93.3525 -1.55877
348.186 94.3035 -30.1571
343.166 90.2327 1.61957
348.8 91.1784 30.194
353.747 62.8153 29.9217
348.138 62.1689 1.62115
350.002 91.3572 33.1148
365.972 94.1528 57.2761
370.854 65.0117 56.7845
354.95 62.9941 32.8425
368.183 94.502 59.502
391.998 98.8949 75.5895
396.78 68.6828 74.9811
373.066 65.3609 59.0104
394.875 99.3744 76.7864
422.889 104.729 82.3925
427.563 73.3248 81.7772
399.657 69.1623 76.1781
426 105.247 82.385
454.018 110.514 76.7137
458.628 77.6922 76.2023
430.674 73.8429 81.7697
456.903 110.937 75.5046
480.905 114.817 59.4417
485.428 80.3948 59.0416
461.513 78.1158 74.9932
483.118 115.099 57.2153
499.214 117.639 33.05
503.642 82.2326 32.8083
487.641 80.6776 56.8153
500.412 117.795 30.1373
506.067 118.714 1.56898
510.459 82.9896 1.55662
504.84 82.3877 29.8956
506.068 118.714 -1.58486
500.427 117.802 -30.1559
504.856 82.4014 -29.9303
510.46 82.9902 -1.59722
499.23 117.647 -33.068
483.14 115.101 -57.2363
487.675 80.6864 -56.8283
503.659 82.2468 -32.8424
480.928 114.817 -59.462
456.927 110.925 -75.5222
461.546 78.106 -75.001
485.463 80.402 -59.054
454.043 110.501 -76.7309
426.025 105.233 -82.3992
430.707 73.8333 -81.775
458.662 77.6815 -76.2097
422.914 104.715 -82.4065
394.898 99.3653 -76.7991
399.688 69.1618 -76.1824
427.596 73.3156 -81.7823
392.021 98.8868 -75.6022
368.203 94.5033 -59.5171
373.095 65.376 -59.0123
396.811 68.6832 -74.9854
365.989 94.1552 -57.2884
349.987 91.3638 -33.0727
354.946 63.0204 -32.793
370.882 65.0279 -56.7836
348.783 91.1845 -30.1475
343.166 90.2335 -1.54916
348.137 62.1697 -1.54758
353.742 62.8412 -29.8678
348.793 59.094 1.57327
354.402 59.7404 29.8738
361.182 32.3515 28.5677
355.839 31.7105 1.56994
355.569 59.8866 32.7104
371.473 61.9042 56.6523
377.495 34.4524 54.2535
362.349 32.4976 31.4043
373.624 62.1923 58.8217
397.339 65.5142 74.7924
402.251 37.8047 71.6897
379.646 34.7405 56.4228
400.144 65.9103 75.9655
428.051 70.0727 81.5647
431.696 41.8878 78.2447
405.056 38.2007 72.8627
431.082 70.4951 81.5659
459.036 74.3444 75.9984
461.404 45.8196 72.9234
434.728 42.3101 78.246
461.841 74.684 74.8319
485.756 76.9629 58.8803
486.863 48.7498 56.4693
464.208 46.1592 71.7568
487.919 77.1879 56.7073
503.92 78.7429 32.7003
504.201 50.6568 31.3719
489.027 48.9748 54.2964
505.093 78.8659 29.8558
510.711 79.4678 1.51675
510.701 51.3621 1.50626
505.373 50.7798 28.5273
510.711 79.4672 -1.56003
505.108 78.8784 -29.8931
505.377 50.7423 -28.5725
510.702 51.3616 -1.57053
503.938 78.755 -32.7344
487.954 77.1946 -56.7202
489.063 48.942 -54.292
504.206 50.6189 -31.4138
485.792 76.9693 -58.891
461.876 74.6733 -74.8381
464.245 46.1481 -71.7526
486.901 48.7168 -56.4627
459.071 74.3341 -76.0049
431.116 70.4859 -81.5702
434.763 42.3067 -78.2442
461.44 45.8089 -72.9194
428.084 70.0644 -81.569
400.176 65.9105 -75.9691
405.088 38.2116 -72.8641
431.731 41.8852 -78.243
397.37 65.5165 -74.7963
373.655 62.2092 -58.8232
379.67 34.7894 -56.4279
402.282 37.8176 -71.6913
371.501 61.9229 -56.6511
355.565 59.9154 -32.6604
362.337 32.5537 -31.3614
377.517 34.5031 -54.2557
354.397 59.7676 -29.8198
348.792 59.0961 -1.49962
355.838 31.7127 -1.50295
361.169 32.4059 -28.5208
356.659 28.7302 1.48414
362.003 29.3711 28.4819
369.74 2.97079 26.6863
364.743 2.36842 1.47287
363.105 29.5107 31.1612
378.251 31.4655 54.0104
385.003 4.93853 50.7011
370.842 3.1104 29.3656
380.283 31.7331 56.0591
402.887 34.7972 71.326
408.181 7.98124 66.9803
387.035 5.20614 52.7497
405.537 35.1534 72.4337
432.177 38.8405 77.8157
435.738 11.6153 73.0745
410.831 8.33743 68.0881
435.042 39.2204 77.8161
461.718 42.73 72.4936
463.506 15.1901 68.0687
438.603 11.9952 73.0749
464.364 43.0609 71.3875
487.019 45.6516 56.1
487.267 18.1438 52.7096
466.153 15.5211 66.9626
489.051 45.892 54.0485
504.225 47.574 31.124
503.428 20.1222 29.298
489.299 18.3842 50.6581
505.327 47.7012 28.4405
510.655 48.2835 1.41942
509.487 20.819 1.43261
504.529 20.2495 26.6144
510.655 48.2803 -1.48303
505.33 47.661 -28.485
504.527 20.1709 -26.637
509.486 20.8158 -1.46985
504.23 47.5311 -31.1648
489.087 45.8542 -54.043
489.32 18.3174 -50.6465
503.427 20.0409 -29.3168
487.056 45.6167 -56.0925
464.4 43.0481 -71.3824
466.174 15.5124 -66.9591
487.29 18.0799 -52.696
461.754 42.7195 -72.4892
435.076 39.2174 -77.8139
438.624 11.9935 -73.0729
463.528 15.1838 -68.0659
432.211 38.8384 -77.8137
405.568 35.1647 -72.4348
410.85 8.34655 -68.0886
435.759 11.6146 -73.0727
402.918 34.8118 -71.3278
380.305 31.7837 -56.0643
387.04 5.27617 -52.7609
408.2 7.99364 -66.9815
378.271 31.5193 -54.0138
363.092 29.5699 -31.1194
370.817 3.19527 -29.3432
385.006 5.01176 -50.7103
361.989 29.427 -28.4365
356.658 28.7338 -1.41868
364.742 2.37208 -1.42994
369.714 3.05238 -26.6603
365.722 -0.290912 1.34513
370.718 0.311456 26.5586
380.296 -21.3569 23.7778
375.874 -21.9784 1.32609
371.724 0.444663 29.0077
385.886 2.27279 50.3431
393.902 -19.4647 45.2572
381.303 -21.2236 26.2269
387.745 2.51982 52.2159
408.891 5.29492 66.4465
414.644 -16.691 59.7992
395.761 -19.2176 47.13
411.317 5.61559 67.4562
436.224 8.89344 72.4425
439.307 -13.4235 65.1991
417.07 -16.3703 60.8089
438.845 9.23709 72.4387
463.748 12.4319 67.4325
464.111 -10.1505 60.67
441.928 -13.0799 65.1953
466.167 12.7444 66.4181
487.281 15.3671 52.165
485.291 -7.36482 46.9359
466.53 -9.83806 59.6556
489.133 15.6042 50.2929
503.262 17.3423 28.9328
499.655 -5.47988 26.1002
487.143 -7.12772 45.0638
504.264 17.4687 26.4881
509.221 18.0382 1.30627
505.047 -4.77588 1.32277
500.658 -5.35351 23.6554
509.221 18.0359 -1.33923
504.262 17.391 -26.5064
500.657 -5.35663 -23.6553
505.047 -4.77816 -1.32273
503.26 17.2625 -28.9509
489.153 15.5389 -50.2805
487.143 -7.13293 -45.0636
499.655 -5.48512 -26.0998
487.301 15.3042 -52.1524
466.186 12.7367 -66.4155
466.53 -9.84062 -59.6554
485.291 -7.36761 -46.9355
463.767 12.426 -67.4298
438.864 9.2357 -72.4368
441.929 -13.0806 -65.195
464.111 -10.1513 -60.6697
436.243 8.89245 -72.4407
411.334 5.62444 -67.4566
417.071 -16.3705 -60.8087
439.308 -13.4238 -65.1989
408.907 5.30561 -66.4469
387.748 2.58813 -52.2262
395.76 -19.2157 -47.1298
414.644 -16.6893 -59.799
385.888 2.34363 -50.3532
371.699 0.527143 -28.986
381.302 -21.2191 -26.2265
393.901 -19.4602 -45.2568
370.693 0.391781 -26.5368
365.721 -0.288518 -1.30645
375.873 -21.976 -1.32548
380.296 -21.3545 -23.7772
-282.129 609.732 25.33
-282.604 604.625 -0.416491
-282.117 609.702 -26.1681
-280.707 624.195 -48.0009
-278.524 645.896 -62.5715
-275.924 671.483 -67.6621
-273.448 697.074 -62.5488
-271.519 718.821 -48.0164
-270.301 733.392 -26.2229
-269.905 738.531 -0.479112
-270.364 733.436 25.2724
-271.594 718.885 47.0788
-273.514 697.149 61.6277
-275.979 671.561 66.7637
-278.56 645.968 61.6961
-280.725 624.252 47.1468
382.635 -22.3863 1.76393e-05
387.057 -21.7648 22.4517
399.656 -20.0058 41.4821
418.54 -17.4792 54.1513
440.777 -14.5323 58.5415
462.96 -11.603 54.0162
481.721 -9.1298 41.2965
494.234 -7.48197 22.3329
498.623 -6.90434 0.000247942
494.233 -7.48281 -22.3323
481.721 -9.13061 -41.2962
462.96 -11.6036 -54.016
440.777 -14.5328 -58.5413
418.54 -17.4795 -54.1511
399.656 -20.0059 -41.482
387.057 -21.7648 -22.4517
</DataArray>
</Points>
<Cells>
<DataArray type="Int32" Name="connectivity" format="ascii">
0 1 2 3 
4 5 6 7 
8 9 10 11 
12 13 14 15 
16 17 18 19 
20 21 22 23 
24 25 26 27 
28 29 30 31 
32 33 34 35 
36 37 38 39 
40 41 42 43 
44 45 46 47 
48 49 50 51 
52 53 54 55 
56 57 58 59 
60 61 62 63 
64 65 66 67 
68 69 70 71 
72 73 74 75 
76 77 78 79 
80 81 82 83 
84 85 86 87 
88 89 90 91 
92 93 94 95 
96 97 98 99 
100 101 102 103 
104 105 106 107 
108 109 110 111 
112 113 114 115 
116 117 118 119 
120 121 122 123 
124 125 126 127 
128 129 130 131 
132 133 134 135 
136 137 138 139 
140 141 142 143 
144 145 146 147 
148 149 150 151 
152 153 154 155 
156 157 158 159 
160 161 162 163 
164 165 166 167 
168 169 170 171 
172 173 174 175 
176 177 178 179 
180 181 182 183 
184 185 186 187 
188 189 190 191 
192 193 194 195 
196 197 198 199 
200 201 202 203 
204 205 206 207 
208 209 210 211 
212 213 214 215 
216 217 218 219 
220 221 222 223 
224 225 226 227 
228 229 230 231 
232 233 234 235 
236 237 238 239 
240 241 242 243 
244 245 246 247 
248 249 250 251 
252 253 254 255 
256 257 258 259 
260 261 262 263 
264 265 266 267 
268 269 270 271 
272 273 274 275 
276 277 278 279 
280 281 282 283 
284 285 286 287 
288 289 290 291 
292 293 294 295 
296 297 298 299 
300 301 302 303 
304 305 306 307 
308 309 310 311 
312 313 314 315 
316 317 318 319 
320 321 322 323 
324 325 326 327 
328 329 330 331 
332 333 334 335 
336 337 338 339 
340 341 342 343 
344 345 346 347 
348 349 350 351 
352 353 354 355 
356 357 358 359 
360 361 362 363 
364 365 366 367 
368 369 370 371 
372 373 374 375 
376 377 378 379 
380 381 382 383 
384 385 386 387 
388 389 390 391 
392 393 394 395 
396 397 398 399 
400 401 402 403 
404 405 406 407 
408 409 410 411 
412 413 414 415 
416 417 418 419 
420 421 422 423 
424 425 426 427 
428 429 430 431 
432 433 434 435 
436 437 438 439 
440 441 442 443 
444 445 446 447 
448 449 450 451 
452 453 454 455 
456 457 458 459 
460 461 462 463 
464 465 466 467 
468 469 470 471 
472 473 474 475 
476 477 478 479 
480 481 482 483 
484 485 486 487 
488 489 490 491 
492 493 494 495 
496 497 498 499 
500 501 502 503 
504 505 506 507 
508 509 510 511 
512 513 514 515 
516 517 518 519 
520 521 522 523 
524 525 526 527 
528 529 530 531 
532 533 534 535 
536 537 538 539 
540 541 542 543 
544 545 546 547 
548 549 550 551 
552 553 554 555 
556 557 558 559 
560 561 562 563 
564 565 566 567 
568 569 570 571 
572 573 574 575 
576 577 578 579 
580 581 582 583 
584 585 586 587 
588 589 590 591 
592 593 594 595 
596 597 598 599 
600 601 602 603 
604 605 606 607 
608 609 610 611 
612 613 614 615 
616 617 618 619 
620 621 622 623 
624 625 626 627 
628 629 630 631 
632 633 634 635 
636 637 638 639 
640 641 642 643 
644 645 646 647 
648 649 650 651 
652 653 654 655 
656 657 658 659 
660 661 662 663 
664 665 666 667 
668 669 670 671 
672 673 674 675 
676 677 678 679 
680 681 682 683 
684 685 686 687 
688 689 690 691 
692 693 694 695 
696 697 698 699 
700 701 702 703 
704 705 706 707 
708 709 710 711 
712 713 714 715 
716 717 718 719 
720 721 722 723 
724 725 726 727 
728 729 730 731 
732 733 734 735 
736 737 738 739 
740 741 742 743 
744 745 746 747 
748 749 750 751 
752 753 754 755 
756 757 758 759 
760 761 762 763 
764 765 766 767 
768 769 770 771 
772 773 774 775 
776 777 778 779 
780 781 782 783 
784 785 786 787 
788 789 790 791 
792 793 794 795 
796 797 798 799 
800 801 802 803 
804 805 806 807 
808 809 810 811 
812 813 814 815 
816 817 818 819 
820 821 822 823 
824 825 826 827 
828 829 830 831 
832 833 834 835 
836 837 838 839 
840 841 842 843 
844 845 846 847 
848 849 850 851 
852 853 854 855 
856 857 858 859 
860 861 862 863 
864 865 866 867 
868 869 870 871 
872 873 874 875 
876 877 878 879 
880 881 882 883 
884 885 886 887 
888 889 890 891 
892 893 894 895 
896 897 898 899 
900 901 902 903 
904 905 906 907 
908 909 910 911 
912 913 914 915 
916 917 918 919 
920 921 922 923 
924 925 926 927 
928 929 930 931 
932 933 934 935 
936 937 938 939 
940 941 942 943 
944 945 946 947 
948 949 950 951 
952 953 954 955 
956 957 958 959 
960 961 962 963 
964 965 966 967 
968 969 970 971 
972 973 974 975 
976 977 978 979 
980 981 982 983 
984 985 986 987 
988 989 990 991 
992 993 994 995 
996 997 998 999 
1000 1001 1002 1003 
1004 1005 1006 1007 
1008 1009 1010 1011 
1012 1013 1014 1015 
1016 1017 1018 1019 
1020 1021 1022 1023 
1024 1025 1026 1027 
1028 1029 1030 1031 
1032 1033 1034 1035 
1036 1037 1038 1039 
1040 1041 1042 1043 
1044 1045 1046 1047 
1048 1049 1050 1051 
1052 1053 1054 1055 
1056 1057 1058 1059 
1060 1061 1062 1063 
1064 1065 1066 1067 
1068 1069 1070 1071 
1072 1073 1074 1075 
1076 1077 1078 1079 
1080 1081 1082 1083 
1084 1085 1086 1087 
1088 1089 1090 1091 
1092 1093 1094 1095 
1096 1097 1098 1099 
1100 1101 1102 1103 
1104 1105 1106 1107 
1108 1109 1110 1111 
1112 1113 1114 1115 
1116 1117 1118 1119 
1120 1121 1122 1123 
1124 1125 1126 1127 
1128 1129 1130 1131 
1132 1133 1134 1135 
1136 1137 1138 1139 
1140 1141 1142 1143 
1144 1145 1146 1147 
1148 1149 1150 1151 
1152 1153 1154 1155 
1156 1157 1158 1159 
1160 1161 1162 1163 
1164 1165 1166 1167 
1168 1169 1170 1171 
1172 1173 1174 1175 
1176 1177 1178 1179 
1180 1181 1182 1183 
1184 1185 1186 1187 
1188 1189 1190 1191 
1192 1193 1194 1195 
1196 1197 1198 1199 
1200 1201 1202 1203 
1204 1205 1206 1207 
1208 1209 1210 1211 
1212 1213 1214 1215 
1216 1217 1218 1219 
1220 1221 1222 1223 
1224 1225 1226 1227 
1228 1229 1230 1231 
1232 1233 1234 1235 
1236 1237 1238 1239 
1240 1241 1242 1243 
1244 1245 1246 1247 
1248 1249 1250 1251 
1252 1253 1254 1255 
1256 1257 1258 1259 
1260 1261 1262 1263 
1264 1265 1266 1267 
1268 1269 1270 1271 
1272 1273 1274 1275 
1276 1277 1278 1279 
1280 1281 1282 1283 
1284 1285 1286 1287 
1288 1289 1290 1291 
1292 1293 1294 1295 
1296 1297 1298 1299 
1300 1301 1302 1303 
1304 1305 1306 1307 
1308 1309 1310 1311 
1312 1313 1314 1315 
1316 1317 1318 1319 
1320 1321 1322 1323 
1324 1325 1326 1327 
1328 1329 1330 1331 
1332 1333 1334 1335 
1336 1337 1338 1339 
1340 1341 1342 1343 
1344 1345 1346 1347 
1348 1349 1350 1351 
1352 1353 1354 1355 
1356 1357 1358 1359 
1360 1361 1362 1363 
1364 1365 1366 1367 
1368 1369 1370 1371 
1372 1373 1374 1375 
1376 1377 1378 1379 
1380 1381 1382 1383 
1384 1385 1386 1387 
1388 1389 1390 1391 
1392 1393 1394 1395 
1396 1397 1398 1399 
1400 1401 1402 1403 
1404 1405 1406 1407 
1408 1409 1410 1411 
1412 1413 1414 1415 
1416 1417 1418 1419 
1420 1421 1422 1423 
1424 1425 1426 1427 
1428 1429 1430 1431 
1432 1433 1434 1435 
1436 1437 1438 1439 
1440 1441 1442 1443 
1444 1445 1446 1447 
1448 1449 1450 1451 
1452 1453 1454 1455 
1456 1457 1458 1459 
1460 1461 1462 1463 
1464 1465 1466 1467 
1468 1469 1470 1471 
1472 1473 1474 1475 
1476 1477 1478 1479 
1480 1481 1482 1483 
1484 1485 1486 1487 
1488 1489 1490 1491 
1492 1493 1494 1495 
1496 1497 1498 1499 
1500 1501 1502 1503 
1504 1505 1506 1507 
1508 1509 1510 1511 
1512 1513 1514 1515 
1516 1517 1518 1519 
1520 1521 1522 1523 
1524 1525 1526 1527 
1528 1529 1530 1531 
1532 1533 1534 1535 
1536 1537 1538 1539 
1540 1541 1542 1543 
1544 1545 1546 1547 
1548 1549 1550 1551 
1552 1553 1554 1555 
1556 1557 1558 1559 
1560 1561 1562 1563 
1564 1565 1566 1567 
1568 1569 1570 1571 
1572 1573 1574 1575 
1576 1577 1578 1579 
1580 1581 1582 1583 
1584 1585 1586 1587 
1588 1589 1590 1591 
1592 1593 1594 1595 
1596 1597 1598 1599 
1600 1601 1602 1603 
1604 1605 1606 1607 
1608 1609 1610 1611 
1612 1613 1614 1615 
1616 1617 1618 1619 
1620 1621 1622 1623 
1624 1625 1626 1627 
1628 1629 1630 1631 
1632 1633 1634 1635 
1636 1637 1638 1639 
1640 1641 1642 1643 
1644 1645 1646 1647 
1648 1649 1650 1651 
1652 1653 1654 1655 
1656 1657 1658 1659 
1660 1661 1662 1663 
1664 1665 1666 1667 
1668 1669 1670 1671 
1672 1673 1674 1675 
1676 1677 1678 1679 
1680 1681 1682 1683 
1684 1685 1686 1687 
1688 1689 1690 1691 
1692 1693 1694 1695 
1696 1697 1698 1699 
1700 1701 1702 1703 
1704 1705 1706 1707 
1708 1709 1710 1711 
1712 1713 1714 1715 
1716 1717 1718 1719 
1720 1721 1722 1723 
1724 1725 1726 1727 
1728 1729 1730 1731 
1732 1733 1734 1735 
1736 1737 1738 1739 
1740 1741 1742 1743 
1744 1745 1746 1747 
1748 1749 1750 1751 
1752 1753 1754 1755 
1756 1757 1758 1759 
1760 1761 1762 1763 
1764 1765 1766 1767 
1768 1769 1770 1771 
1772 1773 1774 1775 
1776 1777 1778 1779 
1780 1781 1782 1783 
1784 1785 1786 1787 
1788 1789 1790 1791 
1792 1793 1794 1795 
1796 1797 1798 1799 
1800 1801 1802 1803 
1804 1805 1806 1807 
1808 1809 1810 1811 
1812 1813 1814 1815 
1816 1817 1818 1819 
1820 1821 1822 1823 
1824 1825 1826 1827 
1828 1829 1830 1831 
1832 1833 1834 1835 
1836 1837 1838 1839 
1840 1841 1842 1843 
1844 1845 1846 1847 
1848 1849 1850 1851 
1852 1853 1854 1855 
1856 1857 1858 1859 
1860 1861 1862 1863 
1864 1865 1866 1867 
1868 1869 1870 1871 
1872 1873 1874 1875 
1876 1877 1878 1879 
1880 1881 1882 1883 
1884 1885 1886 1887 
1888 1889 1890 1891 
1892 1893 1894 1895 
1896 1897 1898 1899 
1900 1901 1902 1903 
1904 1905 1906 1907 
1908 1909 1910 1911 
1912 1913 1914 1915 
1916 1917 1918 1919 
1920 1921 1922 1923 
1924 1925 1926 1927 
1928 1929 1930 1931 
1932 1933 1934 1935 
1936 1937 1938 1939 
1940 1941 1942 1943 
1944 1945 1946 1947 
1948 1949 1950 1951 
1952 1953 1954 1955 
1956 1957 1958 1959 
1960 1961 1962 1963 
1964 1965 1966 1967 
1968 1969 1970 1971 
1972 1973 1974 1975 
1976 1977 1978 1979 
1980 1981 1982 1983 
1984 1985 1986 1987 
1988 1989 1990 1991 
1992 1993 1994 1995 
1996 1997 1998 1999 
2000 2001 2002 2003 
2004 2005 2006 2007 
2008 2009 2010 2011 
2012 2013 2014 2015 
2016 2017 2018 2019 
2020 2021 2022 2023 
2024 2025 2026 2027 
2028 2029 2030 2031 
2032 2033 2034 2035 
2036 2037 2038 2039 
2040 2041 2042 2043 
2044 2045 2046 2047 
2048 2049 2050 2051 2052 2053 2054 2055 2056 2057 2058 2059 2060 2061 2062 2063 
2064 2065 2066 2067 2068 2069 2070 2071 2072 2073 2074 2075 2076 2077 2078 2079 
</DataArray>
<DataArray type="Int32" Name="offsets" format="ascii">
4 8 12 16 20 24 28 32 36 40 44 48 52 56 60 64 68 72 76 80 84 88 92 96 100 104 108 112 116 120 124 128 132 136 140 144 148 152 156 160 164 168 172 176 180 184 188 192 196 200 204 208 212 216 220 224 228 232 236 240 244 248 252 256 260 264 268 272 276 280 284 288 292 296 300 304 308 312 316 320 324 328 332 336 340 344 348 352 356 360 364 368 372 376 380 384 388 392 396 400 404 408 412 416 420 424 428 432 436 440 444 448 452 456 460 464 468 472 476 480 484 488 492 496 500 504 508 512 516 520 524 528 532 536 540 544 548 552 556 560 564 568 572 576 580 584 588 592 596 600 604 608 612 616 620 624 628 632 636 640 644 648 652 656 660 664 668 672 676 680 684 688 692 696 700 704 708 712 716 720 724 728 732 736 740 744 748 752 756 760 764 768 772 776 780 784 788 792 796 800 804 808 812 816 820 824 828 832 836 840 844 848 852 856 860 864 868 872 876 880 884 888 892 896 900 904 908 912 916 920 924 928 932 936 940 944 948 952 956 960 964 968 972 976 980 984 988 992 996 1000 1004 1008 1012 1016 1020 1024 1028 1032 1036 1040 1044 1048 1052 1056 1060 1064 1068 1072 1076 1080 1084 1088 1092 1096 1100 1104 1108 1112 1116 1120 1124 1128 1132 1136 1140 1144 1148 1152 1156 1160 1164 1168 1172 1176 1180 1184 1188 1192 1196 1200 1204 1208 1212 1216 1220 1224 1228 1232 1236 1240 1244 1248 1252 1256 1260 1264 1268 1272 1276 1280 1284 1288 1292 1296 1300 1304 1308 1312 1316 1320 1324 1328 1332 1336 1340 1344 1348 1352 1356 1360 1364 1368 1372 1376 1380 1384 1388 1392 1396 1400 1404 1408 1412 1416 1420 1424 1428 1432 1436 1440 1444 1448 1452 1456 1460 1464 1468 1472 1476 1480 1484 1488 1492 1496 1500 1504 1508 1512 1516 1520 1524 1528 1532 1536 1540 1544 1548 1552 1556 1560 1564 1568 1572 1576 1580 1584 1588 1592 1596 1600 1604 1608 1612 1616 1620 1624 1628 1632 1636 1640 1644 1648 1652 1656 1660 1664 1668 1672 1676 1680 1684 1688 1692 1696 1700 1704 1708 1712 1716 1720 1724 1728 1732 1736 1740 1744 1748 1752 1756 1760 1764 1768 1772 1776 1780 1784 1788 1792 1796 1800 1804 1808 1812 1816 1820 1824 1828 1832 1836 1840 1844 1848 1852 1856 1860 1864 1868 1872 1876 1880 1884 1888 1892 1896 1900 1904 1908 1912 1916 1920 1924 1928 1932 1936 1940 1944 1948 1952 1956 1960 1964 1968 1972 1976 1980 1984 1988 1992 1996 2000 2004 2008 2012 2016 2020 2024 2028 2032 2036 2040 2044 2048 2064 2080 
</DataArray>
<DataArray type="UInt8" Name="types" format="ascii">
7 7 7 7 7 7 7 7 7 7 7 7 7 7 7 7 7 7 7 7 7 7 7 7 7 7 7 7 7 7 7 7 7 7 7 7 7 7 7 7 7 7 7 7 7 7 7 7 7 7 7 7 7 7 7 7 7 7 7 7 7 7 7 7 7 7 7 7 7 7 7 7 7 7 7 7 7 7 7 7 7 7 7 7 7 7 7 7 7 7 7 7 7 7 7 7 7 7 7 7 7 7 7 7 7 7 7 7 7 7 7 7 7 7 7 7 7 7 7 7 7 7 7 7 7 7 7 7 7 7 7 7 7 7 7 7 7 7 7 7 7 7 7 7 7 7 7 7 7 7 7 7 7 7 7 7 7 7 7 7 7 7 7 7 7 7 7 7 7 7 7 7 7 7 7 7 7 7 7 7 7 7 7 7 7 7 7 7 7 7 7 7 7 7 7 7 7 7 7 7 7 7 7 7 7 7 7 7 7 7 7 7 7 7 7 7 7 7 7 7 7 7 7 7 7 7 7 7 7 7 7 7 7 7 7 7 7 7 7 7 7 7 7 7 7 7 7 7 7 7 7 7 7 7 7 7 7 7 7 7 7 7 7 7 7 7 7 7 7 7 7 7 7 7 7 7 7 7 7 7 7 7 7 7 7 7 7 7 7 7 7 7 7 7 7 7 7 7 7 7 7 7 7 7 7 7 7 7 7 7 7 7 7 7 7 7 7 7 7 7 7 7 7 7 7 7 7 7 7 7 7 7 7 7 7 7 7 7 7 7 7 7 7 7 7 7 7 7 7 7 7 7 7 7 7 7 7 7 7 7 7 7 7 7 7 7 7 7 7 7 7 7 7 7 7 7 7 7 7 7 7 7 7 7 7 7 7 7 7 7 7 7 7 7 7 7 7 7 7 7 7 7 7 7 7 7 7 7 7 7 7 7 7 7 7 7 7 7 7 7 7 7 7 7 7 7 7 7 7 7 7 7 7 7 7 7 7 7 7 7 7 7 7 7 7 7 7 7 7 7 7 7 7 7 7 7 7 7 7 7 7 7 7 7 7 7 7 7 7 7 7 7 7 7 7 7 7 7 7 7 7 7 7 7 7 7 7 7 7 7 7 7 7 7 7 7 7 7 7 7 7 7 7 7 7 7 7 7 7 7 7 7 7 7 
</DataArray>
</Cells>
<CellData Scalars="cell variable 4" Vectors="cell vector">
<DataArray type="Float64" NumberOfComponents="3" Name="cell vector" format="ascii">
0.161097 0.148627 0.975683
0.458533 0.38746 0.799764
0.609047 0.567506 0.554075
0.653518 0.704795 0.276002
-0.343463 0.901261 -0.264126
-0.455793 0.690556 -0.561592
0.381169 -0.464931 0.799093
0.146122 -0.1732 0.973987
-0.120941 0.178091 0.976554
-0.330177 0.482365 0.811361
-0.451925 0.693237 0.561415
-0.339965 0.902951 0.262876
0.660434 0.698137 -0.276461
0.603197 0.572212 -0.555632
-0.393477 -0.421573 0.816977
-0.152958 -0.15029 0.976738
0.0311097 0.192998 0.980706
0.0902751 0.548153 0.831492
0.12816 0.820943 0.556442
0.125334 0.972537 0.196121
0.0695209 0.978157 -0.195898
0.0157049 0.830368 -0.556995
-0.0102979 -0.554639 0.832027
-0.00419884 -0.194542 0.980885
0.00415348 0.195576 0.98068
0.00990657 0.555491 0.831464
0.0153056 0.830889 0.556227
0.0687135 0.978353 0.1952
0.123903 0.972596 -0.196734
0.126948 0.820653 -0.557147
-0.0908521 -0.547149 0.83209
-0.0338078 -0.191576 0.980895
0.029091 0.193681 0.980633
0.0842925 0.549962 0.830925
0.123962 0.822505 0.555084
0.130941 0.972026 0.194988
0.0620049 0.97883 -0.195056
0.00781296 0.83245 -0.554045
-0.0185132 -0.555862 0.831069
-0.00786816 -0.194911 0.980789
0.00807376 0.195916 0.980587
0.0179929 0.556682 0.83053
0.00700489 0.832961 0.553288
0.0609893 0.979061 0.194218
0.130069 0.971983 -0.195784
0.123916 0.822043 -0.555779
-0.084995 -0.549051 0.831456
-0.0306776 -0.192423 0.980832
0.0321149 0.193251 0.980624
0.09391 0.548726 0.830711
0.141954 0.820221 0.554154
0.159251 0.968003 0.193933
0.0888878 0.976727 -0.195203
-0.336534 0.796836 -0.501794
0.985353 -0.15375 0.0737646
0.994204 -0.106662 0.0135026
0.994251 -0.106439 -0.01161
0.985421 -0.153741 -0.0728698
-0.335848 0.797586 0.501062
0.0878392 0.976995 0.194331
0.15866 0.967938 -0.194736
0.142057 0.819762 -0.554807
-0.0944916 -0.547887 0.831199
-0.0333715 -0.191989 0.98083
0.0386507 0.192024 0.980629
0.111465 0.545471 0.830685
0.166275 0.815845 0.553851
0.188612 0.962851 0.193243
0.157333 0.968053 -0.195245
-0.170579 0.833459 -0.525594
0.973027 -0.215399 0.0825892
0.986414 -0.163664 0.0141763
0.986459 -0.163526 -0.0125359
0.973141 -0.215326 -0.0814279
-0.16985 0.834076 0.52485
0.156577 0.968339 0.194431
0.188241 0.962771 -0.194005
0.166367 0.81541 -0.554463
-0.111993 -0.544659 0.831147
-0.0398393 -0.190742 0.980831
0.0455397 0.190316 0.980666
0.130955 0.540713 0.830951
0.195771 0.809019 0.554222
0.227007 0.954556 0.193107
0.211606 0.957641 -0.19531
-0.0392377 0.841795 -0.53837
0.96306 -0.259238 0.0728745
0.976622 -0.214578 0.0128657
0.976656 -0.214503 -0.0114641
0.963206 -0.259075 -0.0715162
-0.0381985 0.842269 0.537703
0.211008 0.957926 0.194559
0.226746 0.954475 -0.193814
0.195839 0.808613 -0.55479
-0.13146 -0.539902 0.831399
-0.0467108 -0.188998 0.980866
0.0532303 0.188082 0.98071
0.152982 0.534409 0.831266
0.229326 0.799832 0.554687
0.268985 0.94357 0.193193
0.260719 0.945397 -0.195576
0.0681132 0.835577 -0.545135
0.952975 -0.297789 0.056224
0.964427 -0.264126 0.0108318
0.964451 -0.264086 -0.00958085
0.953149 -0.297517 -0.0546844
0.069507 0.835848 0.544543
0.260171 0.945691 0.194884
0.268749 0.943503 -0.193843
0.229357 0.799461 -0.555209
-0.15349 -0.533593 0.831697
-0.0544119 -0.186701 0.980909
0.0615689 0.185323 0.980747
0.17685 0.526569 0.831535
0.265475 0.788287 0.555091
0.312868 0.929915 0.19332
0.308317 0.930899 -0.195878
0.15644 0.821294 -0.548637
0.941063 -0.335949 0.039239
0.949688 -0.313083 0.00847534
0.949705 -0.31306 -0.00729881
0.94126 -0.335589 -0.0375591
0.158342 0.821278 0.548116
0.307803 0.931202 0.195243
0.312622 0.929873 -0.193918
0.265467 0.787957 -0.555564
-0.177365 -0.525746 0.831946
-0.0627541 -0.183865 0.980946
0.0703281 0.182033 0.980774
0.201855 0.51718 0.831733
0.303131 0.774367 0.555399
0.357879 0.913513 0.193434
0.355734 0.913777 -0.196125
0.230023 0.802572 -0.550425
0.926333 -0.375848 0.0254135
0.932342 -0.361523 0.00623346
0.932357 -0.361503 -0.00505836
0.926535 -0.375462 -0.0236889
0.232299 0.802238 0.549955
0.355278 0.914079 0.195543
0.357628 0.913496 -0.19398
0.303095 0.774077 -0.555822
-0.202367 -0.516349 0.832124
-0.0714882 -0.180492 0.980975
0.0792802 0.178214 0.980793
0.227387 0.506245 0.831872
0.341501 0.758066 0.55562
0.403415 0.894319 0.193521
0.402584 0.894088 -0.196299
0.296058 0.779909 -0.551446
0.9084 -0.417812 0.0155631
0.912327 -0.409437 0.00443823
0.912347 -0.409406 -0.00319374
0.908586 -0.417467 -0.0138983
0.298431 0.779311 0.551011
0.402171 0.89439 0.195768
0.403158 0.894328 -0.194014
0.341448 0.757816 -0.555992
-0.227889 -0.505406 0.832245
-0.080393 -0.176593 0.980995
0.0882936 0.173858 0.980805
0.253044 0.493749 0.831974
0.380011 0.739389 0.555784
0.448951 0.872334 0.193588
0.448501 0.871933 -0.196419
0.354153 0.754927 -0.55196
0.887181 -0.461328 0.0093393
0.88965 -0.456631 0.00318871
0.88968 -0.45658 -0.00183632
0.887357 -0.461018 -0.00773233
0.356122 0.754299 0.551552
0.448068 0.872264 0.195937
0.448691 0.87237 -0.194029
0.379959 0.739173 -0.556106
-0.253533 -0.492903 0.832327
-0.0893383 -0.172161 0.981009
0.0972648 0.168963 0.980811
0.278522 0.479721 0.832042
0.418193 0.718393 0.555901
0.494067 0.847585 0.193643
0.493888 0.847032 -0.196496
0.402066 0.730385 -0.55216
0.862572 -0.505892 0.00650963
0.864382 -0.50283 0.0025463
0.864424 -0.502763 -0.00109833
0.862751 -0.505605 -0.0049401
0.403302 0.729989 0.551782
0.493409 0.847412 0.196061
0.493805 0.847648 -0.194032
0.418154 0.718207 -0.556171
-0.278993 -0.478868 0.832375
-0.0982214 -0.1672 0.981018
0.106072 0.163564 0.980814
0.303529 0.46424 0.832077
0.455696 0.695153 0.55597
0.538418 0.820119 0.193679
0.538482 0.819395 -0.196541
0.43909 0.708727 -0.552183
0.834678 -0.550702 0.00622978
0.836589 -0.547826 0.00234346
0.836634 -0.547762 -0.000909996
0.834909 -0.55037 -0.00456862
0.440699 0.707986 0.551852
0.537953 0.819836 0.196154
0.538129 0.820228 -0.194017
0.455659 0.695002 -0.55619
-0.303974 -0.463385 0.832391
-0.106928 -0.161743 0.981023
0.114642 0.15769 0.980811
0.327853 0.447392 0.832077
0.492224 0.669774 0.555984
0.58173 0.789986 0.193682
0.582076 0.789017 -0.196571
0.466567 0.691087 -0.552009
0.803702 -0.594984 0.00761591
0.806351 -0.591432 0.00252705
0.806418 -0.591345 -0.000970484
0.803916 -0.594711 -0.00607259
0.467239 0.690879 0.551702
0.581465 0.789552 0.19623
0.581428 0.790138 -0.19397
0.492203 0.669647 -0.556155
-0.328275 -0.446533 0.832372
-0.115385 -0.155825 0.981022
0.122912 0.151378 0.980804
0.351292 0.429308 0.832039
0.527421 0.642482 0.555916
0.623677 0.757329 0.193598
0.624967 0.75548 -0.196636
0.485631 0.678263 -0.551472
0.769824 -0.638181 0.00980116
0.773714 -0.63353 0.00246487
0.773787 -0.633445 -0.000924941
0.770079 -0.637896 -0.00822989
0.487319 0.677246 0.551232
0.624293 0.756115 0.196339
0.623354 0.757533 -0.193837
0.527411 0.642384 -0.556039
-0.351687 -0.428449 0.832315
-0.123531 -0.149484 0.981017
0.130873 0.144617 0.980795
0.373782 0.410011 0.831973
0.560986 0.613538 0.555757
0.663327 0.722928 0.19332
0.666236 0.71925 -0.196999
0.571561 0.606629 -0.552557
0.735696 -0.677293 0.00510496
0.737876 -0.674936 0.000924675
0.73794 -0.674867 0.000506193
0.736011 -0.676961 -0.00344402
0.570344 0.60796 0.552352
0.665493 0.720007 0.196746
0.662987 0.723188 -0.193513
0.560988 0.613467 -0.555834
-0.374147 -0.409154 0.83223
-0.131356 -0.14271 0.981009
0.138502 0.137406 0.980784
0.395353 0.389424 0.831893
0.593231 0.582612 0.555554
0.701158 0.686407 0.192933
0.703286 0.682899 -0.19758
0.589889 0.588162 -0.553259
-0.69941 0.714711 -0.00367228
-0.70111 0.713053 -0.000501536
-0.70118 0.712984 -0.000911507
-0.699636 0.714496 0.00227289
0.583948 0.594294 0.55301
0.702504 0.683766 0.197364
0.700839 0.686691 -0.193082
0.593264 0.582547 -0.555587
-0.395687 -0.38857 0.832133
-0.138844 -0.135505 0.981
0.145727 0.12981 0.980772
0.415758 0.367753 0.831807
0.623708 0.550038 0.555379
0.736861 0.648001 0.192694
0.73733 0.64591 -0.197847
0.511132 0.663276 -0.546634
-0.660028 0.751211 -0.00677028
-0.663241 0.748404 -0.00161536
-0.663304 0.74835 0.000322723
-0.660289 0.750992 0.00537127
0.51898 0.656645 0.547245
0.736538 0.64687 0.197665
0.736543 0.648331 -0.1928
0.623763 0.549986 -0.555369
-0.416059 -0.366909 0.832029
-0.145927 -0.127937 0.980988
0.152462 0.121913 0.980761
0.434686 0.34534 0.831738
0.651819 0.516534 0.55527
0.769817 0.608506 0.192618
0.770533 0.605922 -0.197831
0.574513 0.606521 -0.549606
-0.619939 0.784635 -0.00491762
-0.622253 0.782815 -0.00150709
-0.622308 0.782772 0.000350526
-0.620325 0.784338 0.00336887
0.576974 0.604172 0.549616
0.769647 0.607097 0.197678
0.769503 0.608882 -0.192687
0.651908 0.516473 -0.555222
-0.434965 -0.344494 0.831943
-0.152512 -0.120101 0.980977
0.158691 0.113739 0.980755
0.452186 0.322188 0.831699
0.677874 0.48189 0.55522
0.800473 0.567577 0.192612
0.801564 0.564255 -0.197767
0.706467 0.44218 -0.552613
-0.579231 0.815162 -0.00132673
-0.579832 0.814736 -0.00032506
-0.579867 0.814711 -0.000577256
-0.579836 0.814733 -0.000498498
0.69142 0.464849 0.55304
0.800473 0.565846 0.197639
0.800255 0.567871 -0.192653
0.678038 0.481751 -0.555139
-0.452448 -0.321339 0.831885
-0.158582 -0.112037 0.980969
0.164452 0.105286 0.98075
0.46838 0.29824 0.831669
0.702006 0.446025 0.555202
0.828808 0.525318 0.192661
0.830079 0.521451 -0.19763
0.757806 0.351276 -0.549851
-0.537357 0.843351 0.0024774
-0.535991 0.844223 0.00093148
-0.535888 0.844288 -0.00129352
-0.537375 0.843336 -0.00346259
0.762166 0.342747 0.549207
0.829829 0.521875 0.197562
0.82889 0.525196 -0.192643
0.702212 0.445869 -0.555067
-0.468594 -0.297456 0.831829
-0.164183 -0.103733 0.98096
0.169727 0.0966503 0.98074
0.483227 0.273706 0.831611
0.72417 0.409136 0.555145
0.855035 0.481437 0.192699
0.856482 0.476916 -0.197455
0.769954 0.322711 -0.55048
-0.4943 0.869266 0.00666931
-0.490637 0.871362 0.00172454
-0.49061 0.871376 -0.00236065
-0.494371 0.869218 -0.00758015
0.815933 0.207504 0.539626
0.856203 0.477412 0.197471
0.855032 0.481482 -0.192601
0.724362 0.409065 -0.554947
-0.483422 -0.272946 0.831747
-0.16934 -0.0951979 0.980949
0.174513 0.0879141 0.980722
0.496666 0.248885 0.831492
0.744151 0.371812 0.554973
0.87863 0.436918 0.192645
0.880366 0.431308 -0.197306
0.812565 0.20806 -0.544472
-0.451072 0.892401 0.0124439
-0.444139 0.895954 0.00274499
-0.444325 0.895856 -0.00414881
-0.451586 0.892122 -0.0137117
0.848276 0.0694187 0.524985
0.879705 0.432642 0.197334
0.878378 0.437474 -0.192532
0.744289 0.371859 -0.554757
-0.496844 -0.248103 0.831619
-0.174025 -0.0865376 0.980931
0.178809 0.0791485 0.980695
0.508638 0.224091 0.831307
0.76176 0.33472 0.554693
0.899058 0.393226 0.19253
0.900783 0.386953 -0.197121
0.854214 -0.00113439 -0.519921
-0.409528 0.912036 0.0218357
-0.397081 0.91777 0.00492968
-0.397259 0.917685 -0.00637867
-0.409513 0.912032 -0.0222908
0.858665 -0.0490676 0.510183
0.900652 0.387256 0.197127
0.898923 0.393579 -0.192437
0.761873 0.334805 -0.554486
-0.508763 -0.223323 0.831436
-0.178192 -0.0779212 0.980906
0.182566 0.0705403 0.98066
0.51903 0.199865 0.831061
0.776911 0.298543 0.55433
0.91662 0.350408 0.192409
0.918908 0.341862 -0.196822
0.855045 -0.14365 -0.498261
-0.368643 0.928978 0.0332034
-0.349355 0.93696 0.00757556
-0.349507 0.936892 -0.00886599
-0.368448 0.92905 -0.0333646
0.855105 -0.137247 0.499959
0.918932 0.34179 0.196833
0.91664 0.350409 -0.192312
0.777067 0.298525 -0.554121
-0.519134 -0.199045 0.831193
-0.181825 -0.0695097 0.980871
0.185746 0.0623181 0.98062
0.527804 0.176804 0.830761
0.789632 0.264006 0.553879
0.931475 0.308843 0.192276
0.934685 0.29628 -0.196425
0.843281 -0.223452 -0.488821
-0.328282 0.943448 0.0462302
-0.300877 0.953609 0.010126
-0.301071 0.953533 -0.011478
-0.328111 0.943504 -0.0463021
0.844628 -0.209719 0.492566
0.934676 0.296293 0.196449
0.931566 0.308632 -0.192177
0.789834 0.263842 -0.553669
-0.527928 -0.17582 0.830891
-0.18493 -0.0614877 0.980826
0.188322 0.0546875 0.980584
0.534928 0.155624 0.830441
0.799903 0.232203 0.553386
0.943663 0.269371 0.192195
0.94824 0.249843 -0.196011
0.824906 -0.299332 -0.47951
-0.287021 0.956098 0.0591292
-0.251185 0.967862 0.0121952
-0.251462 0.96777 -0.0137263
-0.286819 0.95617 -0.0589371
0.827064 -0.287664 0.482922
0.948225 0.249888 0.196022
0.943781 0.269012 -0.192123
0.800133 0.231867 -0.553195
-0.535104 -0.154334 0.830569
-0.187499 -0.0540914 0.980774
0.190258 0.0476826 0.980575
0.540299 0.137023 0.830242
0.807492 0.205024 0.553102
0.952912 0.234311 0.192505
0.960374 0.198564 -0.195588
0.787819 -0.411749 -0.458044
-0.238028 0.969055 0.0653896
-0.197539 0.98021 0.0129291
-0.197862 0.980126 -0.0143017
-0.237695 0.969184 -0.0646835
0.790481 -0.403504 0.460786
0.960408 0.198444 0.19554
0.95305 0.233752 -0.192499
0.807736 0.204402 -0.552976
-0.540556 -0.135212 0.830371
-0.18952 -0.0474628 0.980729
0.191382 0.0414312 0.980641
0.543283 0.122446 0.830572
0.811059 0.187795 0.554001
0.956903 0.21592 0.194204
0.973068 0.122514 -0.195266
-0.501616 0.822739 0.26736
-0.156272 0.986352 0.051861
-0.125603 0.992016 0.0112902
-0.12563 0.992019 -0.0107433
-0.155074 0.986658 -0.0495821
-0.503498 0.821155 -0.268689
0.973219 0.121403 0.195205
0.957175 0.214682 -0.194237
0.811366 0.186402 -0.554022
-0.543711 -0.119648 0.8307
-0.190876 -0.0418931 0.98072
0.191122 0.0351587 0.980936
0.543308 0.104629 0.832988
0.813703 0.158576 0.559233
0.964358 0.174294 0.199085
0.976299 0.0853323 -0.198891
0.828666 0.0241358 -0.559223
-0.552683 -0.0323699 0.832763
-0.193962 -0.0143064 0.980905
0.19372 0.0144714 0.98095
0.552638 0.0315007 0.832826
0.828689 0.0246519 0.559166
0.976324 0.0849716 0.198927
0.96461 0.173052 -0.198951
0.814126 0.156685 -0.559151
-0.54393 -0.101993 0.832909
-0.190683 -0.0365286 0.980972
0.191669 0.0318272 0.980943
0.544521 0.095499 0.833293
0.816152 0.142727 0.559933
0.968096 0.152417 0.198895
0.974812 0.100666 -0.199015
0.825209 0.0461933 -0.562936
-0.550131 -0.0376002 0.834231
-0.193019 -0.0140753 0.981094
0.19308 0.0158882 0.981054
0.55003 0.0352964 0.834399
0.825168 0.0450189 0.56309
0.974867 0.0998118 0.199178
0.968379 0.150971 -0.198622
0.816683 0.140686 -0.559675
-0.545059 -0.0937287 0.833142
-0.190812 -0.0344238 0.981023
0.191626 0.0296065 0.981021
0.542673 0.0934465 0.83473
0.81477 0.139411 0.562774
0.973156 0.125009 0.193235
0.973296 0.0121504 -0.229234
0.807643 -0.045773 -0.587892
-0.53962 0.0037708 0.8419
-0.188814 0.00211446 0.982011
0.189152 0.00158245 0.981947
0.537599 -0.015241 0.843063
0.807377 -0.0475952 0.588113
0.973399 0.0141066 0.228682
0.973314 0.12415 -0.192995
0.816274 0.134639 -0.561755
-0.543763 -0.0908002 0.834312
-0.18892 -0.0361536 0.981327
-0.000351571 0.00154511 0.999999
0.00408152 0.000544941 0.999992
</DataArray>
<DataArray type="Float64" Name="cell vector length" format="ascii">
0.0547212 0.0569872 0.0567168 0.0335446 0.0254017 0.0707875 0.0670009 0.0572497 0.0623395 0.0734853 0.0721384 0.0250687 0.0342216 0.0558624 0.0632213 0.0611413 0.400855 0.389904 0.372735 0.352897 0.351678 0.377358 0.398271 0.405494 0.406171 0.399673 0.377304 0.351671 0.35309 0.373158 0.3942 0.402556 0.502197 0.490757 0.468859 0.437165 0.428893 0.469066 0.507335 0.512577 0.512498 0.507065 0.469191 0.429134 0.437543 0.469298 0.49326 0.502875 0.536214 0.521293 0.491205 0.439263 0.319096 0.0975659 0.170798 0.284909 0.284728 0.170467 0.0981002 0.319396 0.439579 0.491455 0.523761 0.53688 0.552029 0.535381 0.499784 0.433698 0.309518 0.0931117 0.146661 0.267115 0.266918 0.146251 0.0936537 0.309882 0.433957 0.499931 0.538179 0.552793 0.56012 0.541035 0.499871 0.424484 0.294131 0.0827993 0.137786 0.260594 0.260393 0.137314 0.0833764 0.294556 0.424745 0.499998 0.544317 0.561014 0.564969 0.543722 0.498366 0.416948 0.280851 0.0707745 0.133159 0.256453 0.256257 0.132656 0.0713605 0.281337 0.417251 0.498529 0.547599 0.566023 0.567837 0.544906 0.496582 0.411024 0.270179 0.0588877 0.130985 0.253527 0.253339 0.130464 0.0594992 0.270744 0.4114 0.496815 0.549468 0.56908 0.569448 0.545197 0.494699 0.406212 0.261828 0.0487781 0.13038 0.251739 0.25157 0.129868 0.0494321 0.262488 0.406682 0.495017 0.550493 0.570897 0.570261 0.544942 0.49279 0.402193 0.256222 0.0418178 0.130563 0.250927 0.250767 0.130049 0.042545 0.256993 0.402772 0.4932 0.550996 0.571926 0.570554 0.544312 0.490885 0.398683 0.250879 0.0351383 0.131509 0.250702 0.250551 0.130997 0.0359583 0.251768 0.399377 0.491386 0.551131 0.572439 0.570572 0.543522 0.489047 0.395526 0.246186 0.0296267 0.132777 0.250902 0.250758 0.132249 0.0305443 0.247196 0.396337 0.489637 0.551099 0.57268 0.570477 0.5427 0.487315 0.392655 0.242075 0.025226 0.134308 0.251495 0.251358 0.133756 0.0262077 0.24319 0.39357 0.487982 0.551011 0.572805 0.570331 0.54192 0.485772 0.390087 0.238322 0.0215574 0.136127 0.252469 0.252331 0.135538 0.022627 0.239546 0.391092 0.486501 0.55093 0.572872 0.570139 0.541195 0.484479 0.387953 0.234976 0.0174427 0.138766 0.254602 0.254452 0.138146 0.0185704 0.236292 0.389035 0.485255 0.550865 0.572885 0.56991 0.540483 0.483329 0.386223 0.231821 0.0126244 0.149476 0.263366 0.263213 0.148794 0.0139164 0.233235 0.387354 0.484127 0.550767 0.572851 0.569677 0.539807 0.482271 0.384744 0.229548 0.00521119 0.181033 0.293212 0.293053 0.180297 0.00653916 0.23105 0.385907 0.483077 0.550665 0.572804 0.569481 0.539258 0.481452 0.383512 0.227932 0.00725819 0.189341 0.300542 0.300374 0.188593 0.00818817 0.229447 0.384691 0.482255 0.550642 0.572783 0.569313 0.538785 0.480773 0.382442 0.225775 0.00485357 0.190427 0.301472 0.30132 0.189667 0.00547953 0.22731 0.383588 0.48155 0.550649 0.57278 0.569077 0.538244 0.480056 0.381536 0.224136 0.00357982 0.190763 0.301544 0.301457 0.190127 0.00404357 0.225554 0.382583 0.480823 0.550572 0.572706 0.568645 0.53757 0.479326 0.3809 0.223736 0.00899482 0.190834 0.301918 0.301843 0.190031 0.00664399 0.225356 0.381939 0.480142 0.550341 0.572429 0.567909 0.536735 0.47869 0.380724 0.225341 0.0176512 0.190308 0.302778 0.302644 0.190489 0.00745888 0.225426 0.381834 0.479567 0.549904 0.571832 0.566749 0.535665 0.478212 0.381225 0.225891 0.0163088 0.19155 0.304138 0.304017 0.191146 0.009643 0.226772 0.382299 0.479081 0.549194 0.570807 0.564997 0.534221 0.477798 0.382439 0.228256 0.0157673 0.193061 0.306212 0.306102 0.192331 0.0141773 0.229568 0.383448 0.478616 0.548072 0.569183 0.562353 0.532152 0.477308 0.384495 0.233103 0.0223181 0.195298 0.30932 0.309117 0.194275 0.0221847 0.234576 0.385545 0.478118 0.546317 0.566665 0.558268 0.529003 0.476595 0.387773 0.241056 0.0348674 0.198955 0.313738 0.313412 0.197679 0.0347759 0.242486 0.388865 0.477466 0.54354 0.562734 0.551576 0.523629 0.474855 0.39203 0.251667 0.0524591 0.205666 0.320231 0.319802 0.204196 0.0520287 0.252891 0.393103 0.475831 0.53867 0.556264 0.538156 0.511213 0.466867 0.392705 0.257912 0.0702403 0.221666 0.333369 0.332917 0.220206 0.0694019 0.258791 0.393662 0.46797 0.527092 0.543223 0.496128 0.467631 0.425116 0.360921 0.21349 0.0907498 0.284185 0.38525 0.386073 0.287466 0.0893678 0.214302 0.36177 0.426298 0.485414 0.501965 0.46445 0.437135 0.399728 0.353337 0.33638 0.394031 0.456445 0.469099 0.463159 0.440228 0.392608 0.337078 0.354259 0.401219 0.456538 0.47089 0.420545 0.390948 0.352377 0.312832 0.30001 0.332957 0.396627 0.412038 0.404531 0.374479 0.332278 0.300717 0.313492 0.353531 0.411827 0.42755 0.196297 0.170089 0.134368 0.097264 0.0888244 0.11875 0.178825 0.19542 0.190151 0.160322 0.121346 0.09004 0.0972448 0.132455 0.188936 0.201992 0.0299272 0.0151589 
</DataArray>
<DataArray type="Float64" Name="cell variable 4" format="ascii">
761.974 762.63 763.629 755.859 755.559 772.454 766.083 760.655 761.885 767.922 772.86 755.559 756.068 761.289 764.244 762.81 1166.29 1159.65 1155.63 1151.92 1159.01 1169.74 1169.8 1169.64 1170.72 1171.35 1170.04 1159.11 1151.51 1154.87 1167.51 1169.39 1386.25 1380.17 1375.13 1369.63 1375.28 1391.2 1413.81 1411.47 1410.6 1411.03 1391.37 1375.44 1369.74 1375.45 1388.19 1388.68 1461.08 1450.42 1437.08 1419.7 1403.29 1413.1 1715.39 1978.84 1977.84 1713.25 1413.04 1403.39 1419.89 1437.5 1459.35 1463.79 1484.39 1472.39 1458.08 1442.05 1426.86 1424.08 1703.42 1968.29 1967.35 1701.41 1423.98 1426.93 1442.24 1458.43 1482.37 1487.32 1490.89 1475.86 1457.54 1438.89 1424.66 1423 1693.2 1956.2 1955.32 1691.29 1422.91 1424.76 1439.07 1457.83 1487.13 1494.13 1494.17 1475.74 1453.26 1432.38 1418.7 1417.16 1687.36 1946.33 1945.52 1685.58 1417.05 1418.83 1432.57 1453.51 1488.54 1497.82 1496.25 1474.8 1448.77 1426.05 1412.52 1409.41 1684.83 1939 1938.27 1683.18 1409.23 1412.66 1426.24 1449 1489.36 1500.39 1497.7 1473.59 1444.48 1420.23 1406.72 1401.83 1684.11 1934.16 1933.55 1682.64 1401.62 1406.85 1420.42 1444.71 1490.03 1502.38 1498.7 1472.26 1440.59 1415.07 1401.57 1395.23 1683.98 1931.28 1930.75 1682.66 1395.04 1401.7 1415.26 1440.82 1490.65 1503.97 1499.28 1470.76 1437.14 1410.56 1396.92 1389.65 1684.76 1929.64 1929.2 1683.59 1389.52 1397.05 1410.74 1437.38 1491.1 1505.15 1499.55 1469.18 1434.09 1406.66 1392.8 1385.23 1685.81 1928.82 1928.41 1684.72 1385.14 1392.94 1406.85 1434.34 1491.46 1506.04 1499.6 1467.58 1431.27 1403.17 1389.08 1381.87 1686.99 1928.56 1928.19 1686 1381.8 1389.23 1403.36 1431.52 1491.73 1506.7 1499.38 1465.92 1428.7 1400.1 1385.72 1379.32 1688.16 1928.51 1928.19 1687.24 1379.26 1385.88 1400.3 1428.96 1491.88 1507.09 1498.86 1464.12 1426.27 1397.51 1382.95 1376.16 1689.27 1928.47 1928.12 1688.34 1376.09 1383.13 1397.74 1426.56 1491.81 1507.17 1498.1 1462.18 1423.74 1394.88 1380.54 1373.19 1690.7 1928.3 1927.97 1689.76 1373.16 1380.71 1395.11 1424.04 1491.48 1506.98 1497.1 1460.18 1421.31 1392.32 1378.32 1374.09 1721.28 1971.73 1971.38 1720.26 1373.91 1378.49 1392.57 1421.63 1490.99 1506.54 1495.9 1458.3 1419.51 1390.81 1376.8 1376.53 1719.59 1969.95 1969.56 1718.59 1375.84 1377.02 1391.09 1419.86 1490.5 1505.85 1494.74 1456.67 1418.17 1389.86 1375.68 1375.78 1720.09 1969.22 1968.9 1719.19 1374.61 1375.92 1390.15 1418.55 1490.14 1505.18 1493.75 1455.23 1416.89 1388.76 1374.44 1376.01 1720.97 1969.41 1969.2 1720.13 1374.43 1374.48 1389.05 1417.35 1489.88 1504.65 1492.77 1453.87 1415.71 1387.63 1372.93 1382.37 1720.87 1970.61 1970.57 1719.92 1376.33 1373.17 1388.06 1416.21 1489.53 1504.06 1491.54 1452.47 1414.73 1386.86 1371.74 1389.11 1719.09 1972.66 1972.77 1721.11 1377.08 1372.53 1387.44 1415.18 1488.98 1503.17 1489.91 1450.9 1413.95 1386.78 1371.78 1387.95 1721.65 1975.96 1976.07 1722.25 1377.74 1372.38 1387.34 1414.43 1488.28 1501.89 1487.87 1449.26 1413.49 1387.33 1372.5 1384.33 1724.48 1981.12 1981.07 1723.97 1379.59 1372.66 1387.75 1414.02 1487.44 1500.18 1485.42 1447.65 1413.51 1388.4 1373.26 1385.73 1727.63 1988.75 1988.47 1726.69 1383.26 1373.42 1388.74 1413.98 1486.45 1497.99 1482.2 1445.78 1413.79 1389.82 1374.03 1391.35 1732.51 1999.38 1998.83 1731.25 1389.41 1374.27 1390.14 1414.2 1485.07 1494.97 1476.31 1441.64 1412.19 1389.49 1372.36 1399.5 1740.69 2013.46 2012.55 1738.98 1397.53 1372.6 1389.81 1412.58 1481.27 1489.23 1456.48 1422.78 1395.03 1373.55 1353.87 1402.69 1753.4 2031.27 2029.91 1751.11 1400.54 1353.92 1373.75 1395.39 1462.26 1469.43 1360.27 1327.1 1298.07 1272.69 1247.67 1367.37 1777.47 2060.24 2058.4 1774.53 1365.17 1247.82 1272.81 1298.27 1363.74 1372.38 1267.88 1239.92 1219.38 1206.71 1207.47 1243.13 1284.41 1286.64 1278.46 1260.1 1243.33 1207.89 1207.03 1219.54 1273.77 1279.18 1125.14 1098.4 1076.48 1060.94 1058.97 1071.7 1118.28 1120.19 1110.49 1088.75 1072.08 1059.35 1061.15 1076.57 1128.07 1135.18 787.284 777.953 774.623 775.532 779.693 787.004 812.158 811.484 804.972 794.108 787.679 779.845 775.528 773.49 795.374 792.665 604.295 744.351 
</DataArray>
<DataArray type="Float64" Name="cell variable 5" format="ascii">
0.0327709 0.0327709 0.0327709 0.0327709 0.0327709 0.0327709 0.0327709 0.0327709 0.0327709 0.0327709 0.0327709 0.0327709 0.0327709 0.0327709 0.0327709 0.0327709 0.0327709 0.0327709 0.0327709 0.0327709 0.0327709 0.0327709 0.0327709 0.0327709 0.0327709 0.0327709 0.0327709 0.0327709 0.0327709 0.0327709 0.0327709 0.0327709 0.0327709 0.0327709 0.0327709 0.0327709 0.0327709 0.0327709 0.0327709 0.0327709 0.0327709 0.0327709 0.0327709 0.0327709 0.0327709 0.0327709 0.0327709 0.0327709 0.0495277 0.0458501 0.0399149 0.0342565 0.0327709 0.0327709 0.0327709 0.0327709 0.0327709 0.0327709 0.0327709 0.0327709 0.0342565 0.0399149 0.0458501 0.0495277 0.0560382 0.0509332 0.0426895 0.0348318 0.0327709 0.0327709 0.0327709 0.0327709 0.0327709 0.0327709 0.0327709 0.0327709 0.0348318 0.0426895 0.0509332 0.0560382 0.0598105 0.0538826 0.0442989 0.0351668 0.0327709 0.0327709 0.0327709 0.0327709 0.0327709 0.0327709 0.0327709 0.0327709 0.0351668 0.0442989 0.0538826 0.0598105 0.062556 0.0560163 0.0454714 0.0354144 0.0327709 0.0327709 0.0327709 0.0327709 0.0327709 0.0327709 0.0327709 0.0327709 0.0354144 0.0454714 0.0560163 0.062556 0.064697 0.0576913 0.0463817 0.0356037 0.0327709 0.0327709 0.0327709 0.0327709 0.0327709 0.0327709 0.0327709 0.0327709 0.0356037 0.0463817 0.0576913 0.064697 0.0664229 0.0590385 0.0471172 0.0357567 0.0327709 0.0327709 0.0327709 0.0327709 0.0327709 0.0327709 0.0327709 0.0327709 0.0357567 0.0471172 0.0590385 0.0664229 0.0678357 0.0601382 0.0477217 0.0358805 0.0327709 0.0327709 0.0327709 0.0327709 0.0327709 0.0327709 0.0327709 0.0327709 0.0358805 0.0477217 0.0601382 0.0678357 0.068979 0.0610339 0.0482096 0.0359824 0.0327709 0.0327709 0.0327709 0.0327709 0.0327709 0.0327709 0.0327709 0.0327709 0.0359824 0.0482096 0.0610339 0.068979 0.0698966 0.0617549 0.0486028 0.0360625 0.0327709 0.0327709 0.0327709 0.0327709 0.0327709 0.0327709 0.0327709 0.0327709 0.0360625 0.0486028 0.0617549 0.0698966 0.0706103 0.0623084 0.0489014 0.0361281 0.0327709 0.0327709 0.0327709 0.0327709 0.0327709 0.0327709 0.0327709 0.0327709 0.0361281 0.0489014 0.0623084 0.0706103 0.0711346 0.0627162 0.0491272 0.0361718 0.0327709 0.0327709 0.0327709 0.0327709 0.0327709 0.0327709 0.0327709 0.0327709 0.0361718 0.0491272 0.0627162 0.0711346 0.0714842 0.0629856 0.0492728 0.0362082 0.0327709 0.0327709 0.0327709 0.0327709 0.0327709 0.0327709 0.0327709 0.0327709 0.0362082 0.0492728 0.0629856 0.0714842 0.0716517 0.063124 0.0493457 0.0362227 0.0327709 0.0327709 0.0327709 0.0327709 0.0327709 0.0327709 0.0327709 0.0327709 0.0362227 0.0493457 0.063124 0.0716517 0.0716517 0.063124 0.0493457 0.0362227 0.0327709 0.0327709 0.0327709 0.0327709 0.0327709 0.0327709 0.0327709 0.0327709 0.0362227 0.0493457 0.063124 0.0716517 0.0714842 0.0629856 0.0492728 0.0362082 0.0327709 0.0327709 0.0327709 0.0327709 0.0327709 0.0327709 0.0327709 0.0327709 0.0362082 0.0492728 0.0629856 0.0714842 0.0711346 0.0627162 0.0491272 0.0361718 0.0327709 0.0327709 0.0327709 0.0327709 0.0327709 0.0327709 0.0327709 0.0327709 0.0361718 0.0491272 0.0627162 0.0711346 0.0706103 0.0623084 0.0489014 0.0361281 0.0327709 0.0327709 0.0327709 0.0327709 0.0327709 0.0327709 0.0327709 0.0327709 0.0361281 0.0489014 0.0623084 0.0706103 0.0698966 0.0617549 0.0486028 0.0360625 0.0327709 0.0327709 0.0327709 0.0327709 0.0327709 0.0327709 0.0327709 0.0327709 0.0360625 0.0486028 0.0617549 0.0698966 0.068979 0.0610339 0.0482096 0.0359824 0.0327709 0.0327709 0.0327709 0.0327709 0.0327709 0.0327709 0.0327709 0.0327709 0.0359824 0.0482096 0.0610339 0.068979 0.0678357 0.0601382 0.0477217 0.0358805 0.0327709 0.0327709 0.0327709 0.0327709 0.0327709 0.0327709 0.0327709 0.0327709 0.0358805 0.0477217 0.0601382 0.0678357 0.0664229 0.0590385 0.0471172 0.0357567 0.0327709 0.0327709 0.0327709 0.0327709 0.0327709 0.0327709 0.0327709 0.0327709 0.0357567 0.0471172 0.0590385 0.0664229 0.064697 0.0576913 0.0463817 0.0356037 0.0327709 0.0327709 0.0327709 0.0327709 0.0327709 0.0327709 0.0327709 0.0327709 0.0356037 0.0463817 0.0576913 0.064697 0.062556 0.0560163 0.0454714 0.0354144 0.0327709 0.0327709 0.0327709 0.0327709 0.0327709 0.0327709 0.0327709 0.0327709 0.0354144 0.0454714 0.0560163 0.062556 0.0598105 0.0538826 0.0442989 0.0351668 0.0327709 0.0327709 0.0327709 0.0327709 0.0327709 0.0327709 0.0327709 0.0327709 0.0351668 0.0442989 0.0538826 0.0598105 0.0560382 0.0509332 0.0426895 0.0348318 0.0327709 0.0327709 0.0327709 0.0327709 0.0327709 0.0327709 0.0327709 0.0327709 0.0348318 0.0426895 0.0509332 0.0560382 0.0495277 0.0458501 0.0399149 0.0342565 0.0327709 0.0327709 0.0327709 0.0327709 0.0327709 0.0327709 0.0327709 0.0327709 0.0342565 0.0399149 0.0458501 0.0495277 0.0327709 0.0327709 0.0327709 0.0327709 0.0327709 0.0327709 0.0327709 0.0327709 0.0327709 0.0327709 0.0327709 0.0327709 0.0327709 0.0327709 0.0327709 0.0327709 0.0327709 0.0327709 0.0327709 0.0327709 0.0327709 0.0327709 0.0327709 0.0327709 0.0327709 0.0327709 0.0327709 0.0327709 0.0327709 0.0327709 0.0327709 0.0327709 0.0327709 0.0327709 0.0327709 0.0327709 0.0327709 0.0327709 0.0327709 0.0327709 0.0327709 0.0327709 0.0327709 0.0327709 0.0327709 0.0327709 0.0327709 0.0327709 0.0327709 0.0327709 
</DataArray>
<DataArray type="Float64" Name="cell variable 6" format="ascii">
0.999979 0.999979 0.999979 0.999979 0.999979 0.999979 0.999979 0.999979 0.999979 0.999979 0.999979 0.999979 0.999979 0.999979 0.999979 0.999979 0.999979 0.999979 0.999979 0.999979 0.999979 0.999979 0.999979 0.999979 0.999979 0.999979 0.999979 0.999979 0.999979 0.999979 0.999979 0.999979 0.999979 0.999979 0.999979 0.999979 0.999979 0.999979 0.999979 0.999979 0.999979 0.999979 0.999979 0.999979 0.999979 0.999979 0.999979 0.999979 0.999977 0.999977 0.999978 0.999978 0.999979 0.999979 0.999979 0.999979 0.999979 0.999979 0.999979 0.999979 0.999978 0.999978 0.999977 0.999977 0.999976 0.999976 0.999977 0.999978 0.999979 0.999979 0.999979 0.999979 0.999979 0.999979 0.999979 0.999979 0.999978 0.999977 0.999976 0.999976 0.999975 0.999976 0.999977 0.999978 0.999979 0.999979 0.999979 0.999979 0.999979 0.999979 0.999979 0.999979 0.999978 0.999977 0.999976 0.999975 0.999975 0.999975 0.999976 0.999978 0.999979 0.999979 0.999979 0.999979 0.999979 0.999979 0.999979 0.999979 0.999978 0.999976 0.999975 0.999975 0.999974 0.999975 0.999976 0.999978 0.999979 0.999979 0.999979 0.999979 0.999979 0.999979 0.999979 0.999979 0.999978 0.999976 0.999975 0.999974 0.999974 0.999975 0.999976 0.999978 0.999979 0.999979 0.999979 0.999979 0.999979 0.999979 0.999979 0.999979 0.999978 0.999976 0.999975 0.999974 0.999974 0.999975 0.999976 0.999978 0.999979 0.999979 0.999979 0.999979 0.999979 0.999979 0.999979 0.999979 0.999978 0.999976 0.999975 0.999974 0.999974 0.999975 0.999976 0.999978 0.999979 0.999979 0.999979 0.999979 0.999979 0.999979 0.999979 0.999979 0.999978 0.999976 0.999975 0.999974 0.999974 0.999974 0.999976 0.999978 0.999979 0.999979 0.999979 0.999979 0.999979 0.999979 0.999979 0.999979 0.999978 0.999976 0.999974 0.999974 0.999974 0.999974 0.999976 0.999978 0.999979 0.999979 0.999979 0.999979 0.999979 0.999979 0.999979 0.999979 0.999978 0.999976 0.999974 0.999974 0.999973 0.999974 0.999976 0.999978 0.999979 0.999979 0.999979 0.999979 0.999979 0.999979 0.999979 0.999979 0.999978 0.999976 0.999974 0.999973 0.999973 0.999974 0.999976 0.999978 0.999979 0.999979 0.999979 0.999979 0.999979 0.999979 0.999979 0.999979 0.999978 0.999976 0.999974 0.999973 0.999973 0.999974 0.999976 0.999978 0.999979 0.999979 0.999979 0.999979 0.999979 0.999979 0.999979 0.999979 0.999978 0.999976 0.999974 0.999973 0.999973 0.999974 0.999976 0.999978 0.999979 0.999979 0.999979 0.999979 0.999979 0.999979 0.999979 0.999979 0.999978 0.999976 0.999974 0.999973 0.999973 0.999974 0.999976 0.999978 0.999979 0.999979 0.999979 0.999979 0.999979 0.999979 0.999979 0.999979 0.999978 0.999976 0.999974 0.999973 0.999973 0.999974 0.999976 0.999978 0.999979 0.999979 0.999979 0.999979 0.999979 0.999979 0.999979 0.999979 0.999978 0.999976 0.999974 0.999973 0.999974 0.999974 0.999976 0.999978 0.999979 0.999979 0.999979 0.999979 0.999979 0.999979 0.999979 0.999979 0.999978 0.999976 0.999974 0.999974 0.999974 0.999974 0.999976 0.999978 0.999979 0.999979 0.999979 0.999979 0.999979 0.999979 0.999979 0.999979 0.999978 0.999976 0.999974 0.999974 0.999974 0.999975 0.999976 0.999978 0.999979 0.999979 0.999979 0.999979 0.999979 0.999979 0.999979 0.999979 0.999978 0.999976 0.999975 0.999974 0.999974 0.999975 0.999976 0.999978 0.999979 0.999979 0.999979 0.999979 0.999979 0.999979 0.999979 0.999979 0.999978 0.999976 0.999975 0.999974 0.999974 0.999975 0.999976 0.999978 0.999979 0.999979 0.999979 0.999979 0.999979 0.999979 0.999979 0.999979 0.999978 0.999976 0.999975 0.999974 0.999974 0.999975 0.999976 0.999978 0.999979 0.999979 0.999979 0.999979 0.999979 0.999979 0.999979 0.999979 0.999978 0.999976 0.999975 0.999974 0.999975 0.999975 0.999976 0.999978 0.999979 0.999979 0.999979 0.999979 0.999979 0.999979 0.999979 0.999979 0.999978 0.999976 0.999975 0.999975 0.999975 0.999976 0.999977 0.999978 0.999979 0.999979 0.999979 0.999979 0.999979 0.999979 0.999979 0.999979 0.999978 0.999977 0.999976 0.999975 0.999976 0.999976 0.999977 0.999978 0.999979 0.999979 0.999979 0.999979 0.999979 0.999979 0.999979 0.999979 0.999978 0.999977 0.999976 0.999976 0.999977 0.999977 0.999978 0.999978 0.999979 0.999979 0.999979 0.999979 0.999979 0.999979 0.999979 0.999979 0.999978 0.999978 0.999977 0.999977 0.999979 0.999979 0.999979 0.999979 0.999979 0.999979 0.999979 0.999979 0.999979 0.999979 0.999979 0.999979 0.999979 0.999979 0.999979 0.999979 0.999979 0.999979 0.999979 0.999979 0.999979 0.999979 0.999979 0.999979 0.999979 0.999979 0.999979 0.999979 0.999979 0.999979 0.999979 0.999979 0.999979 0.999979 0.999979 0.999979 0.999979 0.999979 0.999979 0.999979 0.999979 0.999979 0.999979 0.999979 0.999979 0.999979 0.999979 0.999979 0.999979 0.999979 
</DataArray>
<DataArray type="Float64" Name="cell variable 7" format="ascii">
0 0 0 0 0 0 0 0 0 0 0 0 0 0 0 0 0 0 0 0 0 0 0 0 0 0 0 0 0 0 0 0 0 0 0 0 0 0 0 0 0 0 0 0 0 0 0 0 0 0 0 0 0 0 0 0 0 0 0 0 0 0 0 0 0 0 0 0 0 0 0 0 0 0 0 0 0 0 0 0 0 0 0 0 0 0 0 0 0 0 0 0 0 0 0 0 0 0 0 0 0 0 0 0 0 0 0 0 0 0 0 0 0 0 0 0 0 0 0 0 0 0 0 0 0 0 0 0 0 0 0 0 0 0 0 0 0 0 0 0 0 0 0 0 0 0 0 0 0 0 0 0 0 0 0 0 0 0 0 0 0 0 0 0 0 0 0 0 0 0 0 0 0 0 0 0 0 0 0 0 0 0 0 0 0 0 0 0 0 0 0 0 0 0 0 0 0 0 0 0 0 0 0 0 0 0 0 0 0 0 0 0 0 0 0 0 0 0 0 0 0 0 0 0 0 0 0 0 0 0 0 0 0 0 0 0 0 0 0 0 0 0 0 0 0 0 0 0 0 0 0 0 0 0 0 0 0 0 0 0 0 0 0 0 0 0 0 0 0 0 0 0 0 0 0 0 0 0 0 0 0 0 0 0 0 0 0 0 0 0 0 0 0 0 0 0 0 0 0 0 0 0 0 0 0 0 0 0 0 0 0 0 0 0 0 0 0 0 0 0 0 0 0 0 0 0 0 0 0 0 0 0 0 0 0 0 0 0 0 0 0 0 0 0 0 0 0 0 0 0 0 0 0 0 0 0 0 0 0 0 0 0 0 0 0 0 0 0 0 0 0 0 0 0 0 0 0 0 0 0 0 0 0 0 0 0 0 0 0 0 0 0 0 0 0 0 0 0 0 0 0 0 0 0 0 0 0 0 0 0 0 0 0 0 0 0 0 0 0 0 0 0 0 0 0 0 0 0 0 0 0 0 0 0 0 0 0 0 0 0 0 0 0 0 0 0 0 0 0 0 0 0 0 0 0 0 0 0 0 0 0 0 0 0 0 0 0 0 0 0 0 0 0 0 0 0 0 0 0 0 0 0 0 0 0 0 0 0 0 0 0 0 0 0 0 0 0 0 0 0 0 0 0 0 0 0 0 0 0 0 0 0 1 1 
</DataArray>
<DataArray type="Float64" Name="cell variable 8" format="ascii">
11.25 33.75 56.25 78.75 101.25 123.75 146.25 168.75 191.25 213.75 236.25 258.75 281.25 303.75 326.25 348.75 11.25 33.75 56.25 78.75 101.25 123.75 146.25 168.75 191.25 213.75 236.25 258.75 281.25 303.75 326.25 348.75 11.25 33.75 56.25 78.75 101.25 123.75 146.25 168.75 191.25 213.75 236.25 258.75 281.25 303.75 326.25 348.75 11.25 33.75 56.25 78.75 101.25 123.75 146.25 168.75 191.25 213.75 236.25 258.75 281.25 303.75 326.25 348.75 11.25 33.75 56.25 78.75 101.25 123.75 146.25 168.75 191.25 213.75 236.25 258.75 281.25 303.75 326.25 348.75 11.25 33.75 56.25 78.75 101.25 123.75 146.25 168.75 191.25 213.75 236.25 258.75 281.25 303.75 326.25 348.75 11.25 33.75 56.25 78.75 101.25 123.75 146.25 168.75 191.25 213.75 236.25 258.75 281.25 303.75 326.25 348.75 11.25 33.75 56.25 78.75 101.25 123.75 146.25 168.75 191.25 213.75 236.25 258.75 281.25 303.75 326.25 348.75 11.25 33.75 56.25 78.75 101.25 123.75 146.25 168.75 191.25 213.75 236.25 258.75 281.25 303.75 326.25 348.75 11.25 33.75 56.25 78.75 101.25 123.75 146.25 168.75 191.25 213.75 236.25 258.75 281.25 303.75 326.25 348.75 11.25 33.75 56.25 78.75 101.25 123.75 146.25 168.75 191.25 213.75 236.25 258.75 281.25 303.75 326.25 348.75 11.25 33.75 56.25 78.75 101.25 123.75 146.25 168.75 191.25 213.75 236.25 258.75 281.25 303.75 326.25 348.75 11.25 33.75 56.25 78.75 101.25 123.75 146.25 168.75 191.25 213.75 236.25 258.75 281.25 303.75 326.25 348.75 11.25 33.75 56.25 78.75 101.25 123.75 146.25 168.75 191.25 213.75 236.25 258.75 281.25 303.75 326.25 348.75 11.25 33.75 56.25 78.75 101.25 123.75 146.25 168.75 191.25 213.75 236.25 258.75 281.25 303.75 326.25 348.75 11.25 33.75 56.25 78.75 101.25 123.75 146.25 168.75 191.25 213.75 236.25 258.75 281.25 303.75 326.25 348.75 11.25 33.75 56.25 78.75 101.25 123.75 146.25 168.75 191.25 213.75 236.25 258.75 281.25 303.75 326.25 348.75 11.25 33.75 56.25 78.75 101.25 123.75 146.25 168.75 191.25 213.75 236.25 258.75 281.25 303.75 326.25 348.75 11.25 33.75 56.25 78.75 101.25 123.75 146.25 168.75 191.25 213.75 236.25 258.75 281.25 303.75 326.25 348.75 11.25 33.75 56.25 78.75 101.25 123.75 146.25 168.75 191.25 213.75 236.25 258.75 281.25 303.75 326.25 348.75 11.25 33.75 56.25 78.75 101.25 123.75 146.25 168.75 191.25 213.75 236.25 258.75 281.25 303.75 326.25 348.75 11.25 33.75 56.25 78.75 101.25 123.75 146.25 168.75 191.25 213.75 236.25 258.75 281.25 303.75 326.25 348.75 11.25 33.75 56.25 78.75 101.25 123.75 146.25 168.75 191.25 213.75 236.25 258.75 281.25 303.75 326.25 348.75 11.25 33.75 56.25 78.75 101.25 123.75 146.25 168.75 191.25 213.75 236.25 258.75 281.25 303.75 326.25 348.75 11.25 33.75 56.25 78.75 101.25 123.75 146.25 168.75 191.25 213.75 236.25 258.75 281.25 303.75 326.25 348.75 11.25 33.75 56.25 78.75 101.25 123.75 146.25 168.75 191.25 213.75 236.25 258.75 281.25 303.75 326.25 348.75 11.25 33.75 56.25 78.75 101.25 123.75 146.25 168.75 191.25 213.75 236.25 258.75 281.25 303.75 326.25 348.75 11.25 33.75 56.25 78.75 101.25 123.75 146.25 168.75 191.25 213.75 236.25 258.75 281.25 303.75 326.25 348.75 11.25 33.75 56.25 78.75 101.25 123.75 146.25 168.75 191.25 213.75 236.25 258.75 281.25 303.75 326.25 348.75 11.25 33.75 56.25 78.75 101.25 123.75 146.25 168.75 191.25 213.75 236.25 258.75 281.25 303.75 326.25 348.75 11.25 33.75 56.25 78.75 101.25 123.75 146.25 168.75 191.25 213.75 236.25 258.75 281.25 303.75 326.25 348.75 11.25 33.75 56.25 78.75 101.25 123.75 146.25 168.75 191.25 213.75 236.25 258.75 281.25 303.75 326.25 348.75 0 0 
</DataArray>
</CellData>
</Piece>
</UnstructuredGrid>
</VTKFile>
