<VTKFile type="UnstructuredGrid" version="0.1">
<UnstructuredGrid>
<Piece  NumberOfPoints="    2080" NumberOfCells="     514">
<Points>
<DataArray type="Float64" NumberOfComponents="3" format="ascii">
-270.702 455.207 1.39859
-271.427 460.267 27.1378
-247.566 458.583 29.1769
-246.793 453.103 1.39481
-271.59 461.393 29.8861
-273.666 475.799 51.7155
-249.992 475.287 55.458
-247.728 459.709 31.9253
-273.962 477.88 53.8188
-276.978 499.471 68.3969
-253.567 500.675 73.2759
-250.287 477.369 57.5613
-277.353 502.193 69.5343
-280.817 527.675 74.6266
-257.679 530.897 79.9309
-253.942 503.396 74.4133
-281.218 530.621 74.6252
-284.706 556.087 69.4917
-261.824 561.348 74.4061
-258.08 533.842 79.9296
-285.085 558.807 68.354
-288.148 580.4 53.7944
-265.507 587.369 57.5576
-262.202 564.068 73.2684
-288.445 582.481 51.6923
-290.516 596.918 29.8823
-268.038 605.008 31.9189
-265.804 589.45 55.4556
-290.676 598.044 27.1334
-291.387 603.111 1.39185
-268.94 611.601 1.38953
-268.197 606.135 29.17
-291.384 603.111 -1.58354
-290.634 598.034 -27.3228
-268.113 606.136 -29.3557
-268.937 611.6 -1.58585
-290.47 596.907 -30.0703
-288.389 582.466 -51.8755
-265.721 589.436 -55.6375
-267.949 605.009 -32.1032
-288.095 580.383 -53.9772
-285.056 558.789 -68.5371
-262.177 564.04 -73.4471
-265.427 587.354 -57.7391
-284.681 556.068 -69.6752
-281.22 530.598 -74.8096
-258.081 533.81 -80.1171
-261.802 561.319 -74.5852
-280.822 527.652 -74.8114
-277.384 502.166 -69.72
-253.967 503.361 -74.6082
-257.682 530.864 -80.1189
-277.013 499.445 -68.5829
-274.019 477.848 -54.0058
-250.369 477.333 -57.7509
-253.596 500.64 -73.4712
-273.726 475.767 -51.9021
-271.643 461.367 -30.0692
-247.818 459.688 -32.1101
-250.075 475.252 -55.6472
-271.477 460.242 -27.3199
-270.705 455.206 -1.57684
-246.796 453.102 -1.58061
-247.652 458.563 -29.3608
-243.965 453.127 1.46602
-244.738 458.606 29.2481
-217.421 460.928 29.8414
-216.587 455.331 1.46511
-247.174 475.367 55.6627
-219.949 478.026 56.7685
-217.594 462.111 32.7233
-244.911 459.788 32.13
-250.766 500.857 73.5826
-223.596 504.03 75.043
-220.261 480.211 58.9737
-247.487 477.551 57.8679
-254.895 531.212 80.2937
-227.725 534.999 81.8934
-223.987 506.885 76.2365
-251.158 503.712 74.7761
-259.054 561.808 74.7703
-231.878 566.2 76.2601
-228.141 538.088 81.8934
-255.31 534.302 80.2937
-262.754 587.96 57.868
-235.74 592.856 59.0084
-232.273 569.051 75.0686
-259.45 564.659 73.5787
-265.304 605.7 32.1267
-238.433 610.918 32.7377
-236.057 595.038 56.8039
-263.07 590.142 55.6634
-266.218 612.346 1.46299
-239.407 617.676 1.46659
-238.604 612.098 29.8544
-265.475 606.88 29.2434
-265.39 606.882 -29.4279
-238.561 612.093 -30.0422
-239.403 617.676 -1.6544
-266.215 612.346 -1.658
-262.988 590.128 -55.8458
-236.011 595.018 -56.9961
-238.387 610.911 -32.9259
-265.216 605.701 -32.3115
-259.425 564.631 -73.7583
-232.254 569.024 -75.258
-235.697 592.834 -59.2007
-262.675 587.944 -58.0504
-255.311 534.269 -80.4815
-228.142 538.058 -82.0834
-231.862 566.172 -76.4494
-259.033 561.779 -74.9497
-251.182 503.677 -74.9713
-224.007 506.852 -76.4284
-227.728 534.968 -82.0839
-254.897 531.179 -80.482
-247.567 477.515 -58.0574
-220.31 480.176 -59.164
-223.619 503.997 -75.2348
-250.794 500.821 -73.7777
-245.001 459.767 -32.3148
-217.648 462.088 -32.9123
-220.001 477.992 -56.9585
-247.258 475.331 -55.8519
-244.824 458.586 -29.4334
-243.969 453.126 -1.65327
-216.59 455.33 -1.65417
-217.472 460.908 -30.0309
-213.535 455.646 1.48569
-214.369 461.244 29.862
-186.717 464.688 30.0311
-185.795 459.067 1.48672
-214.553 462.441 32.7825
-216.908 478.357 56.8277
-189.399 481.886 57.1362
-186.9 465.886 32.9516
-217.229 480.572 59.0637
-220.564 504.391 75.133
-193.1 508.074 75.5225
-189.721 484.101 59.3723
-220.955 507.289 76.3429
-224.692 535.402 81.9999
-197.098 539.283 82.3927
-193.491 510.971 76.7325
-225.098 538.538 81.9987
-228.835 566.65 76.3654
-201.012 570.73 76.7064
-197.504 542.419 82.3915
-229.236 569.537 75.1603
-232.703 593.341 59.1002
-205.169 597.558 59.3963
-201.413 573.617 75.5013
-233.041 595.556 56.8667
-235.417 611.435 32.8005
-208.054 615.786 33.002
-205.506 599.772 57.1629
-235.599 612.634 29.8765
-236.401 618.212 1.48869
-209.066 622.624 1.48435
-208.236 616.984 30.078
-236.4 618.211 -1.677
-235.558 612.628 -30.0648
-208.228 616.971 -30.2743
-209.065 622.624 -1.68134
-235.375 611.428 -32.9893
-233 595.535 -57.0595
-205.496 599.75 -57.3567
-208.045 615.771 -33.1987
-232.662 593.32 -59.293
-229.219 569.509 -75.3503
-201.406 573.592 -75.6943
-205.159 597.535 -59.5902
-228.82 566.622 -76.5552
-225.099 538.508 -82.1892
-197.504 542.393 -82.584
-201.006 570.705 -76.8991
-224.695 535.372 -82.1904
-220.974 507.256 -76.5349
-193.5 510.944 -76.9242
-197.1 539.257 -82.5851
-220.585 504.358 -75.3247
-217.276 480.538 -59.2539
-189.74 484.075 -59.5611
-193.111 508.047 -75.714
-216.956 478.324 -57.0179
-214.603 462.419 -32.9717
-186.925 465.869 -33.1393
-189.419 481.861 -57.325
-214.418 461.224 -30.0514
-213.536 455.646 -1.67469
-185.797 459.066 -1.67365
-186.74 464.673 -30.2191
-182.783 459.415 1.49926
-183.705 465.036 30.0436
-156.995 467.878 30.1134
-156.402 462.202 1.49917
-183.861 466.25 32.9829
-186.36 482.25 57.1675
-158.729 485.252 57.293
-157.151 469.091 33.0527
-186.626 484.489 59.4091
-190.005 508.463 75.5594
-161.098 511.689 75.6942
-158.995 487.491 59.5346
-190.319 511.384 76.764
-193.927 539.696 82.4242
-163.612 543.151 82.5218
-161.412 514.61 76.8989
-194.244 542.853 82.4136
-197.753 571.164 76.7285
-166.054 574.84 76.8004
-163.929 546.308 82.5112
-198.073 574.08 75.5086
-201.828 598.021 59.4036
-168.479 601.985 59.469
-166.374 577.756 75.5805
-202.102 600.245 57.1677
-204.65 616.259 33.0069
-170.255 620.457 33.0905
-168.753 604.208 57.2331
-204.798 617.464 30.0813
-205.628 623.104 1.48761
-170.901 627.399 1.48643
-170.403 621.662 30.1649
-205.628 623.103 -1.68566
-204.791 617.451 -30.2786
-170.395 621.654 -30.3641
-170.901 627.398 -1.68684
-204.642 616.244 -33.2041
-202.093 600.224 -57.362
-168.745 604.19 -57.4369
-170.247 620.448 -33.2896
-201.819 597.999 -59.5979
-198.066 574.056 -75.702
-166.371 577.734 -75.7813
-168.471 601.966 -59.6727
-197.747 571.139 -76.9217
-194.245 542.827 -82.6065
-163.93 546.285 -82.7091
-166.051 574.817 -77.001
-193.928 539.67 -82.6169
-190.329 511.357 -76.956
-161.415 514.588 -77.0936
-163.613 543.127 -82.7195
-190.015 508.436 -75.751
-186.644 484.464 -59.5981
-158.996 487.471 -59.7252
-161.102 511.666 -75.8887
-186.378 482.225 -57.3562
-183.883 466.233 -33.1706
-157.151 469.079 -33.241
-158.73 485.233 -57.4833
-183.727 465.021 -30.2315
-182.784 459.414 -1.68608
-156.403 462.201 -1.68617
-156.995 467.867 -30.302
-153.461 462.438 1.50163
-154.054 468.114 30.1159
-127.472 469.571 30.1258
-127.227 463.868 1.50194
-154.138 469.337 33.0594
-155.716 485.497 57.2997
-128.167 487.025 57.3187
-127.557 470.793 33.0693
-155.856 487.752 59.5437
-157.959 511.95 75.7033
-129.044 513.568 75.7276
-128.307 489.28 59.5626
-158.118 514.89 76.9069
-160.317 543.43 82.5298
-129.866 545.136 82.5512
-129.203 516.507 76.9312
-160.472 546.605 82.5163
-162.597 575.137 76.8055
-130.595 576.921 76.8124
-130.02 548.311 82.5377
-162.746 578.069 75.5857
-164.851 602.297 59.4742
-131.319 604.183 59.4799
-130.744 579.853 75.5927
-164.98 604.541 57.238
-166.481 620.79 33.0953
-131.899 622.746 33.1085
-131.448 606.427 57.2436
-166.553 622.007 30.1675
-167.051 627.744 1.48906
-132.122 629.733 1.49094
-131.97 623.964 30.1807
-167.051 627.744 -1.68927
-166.546 622 -30.3665
-131.972 623.965 -30.3767
-132.122 629.733 -1.68739
-166.473 620.782 -33.2951
-164.972 604.524 -57.4423
-131.449 606.41 -57.4615
-131.9 622.746 -33.3052
-164.844 602.278 -59.6791
-162.744 578.047 -75.7877
-130.745 579.833 -75.8045
-131.321 604.165 -59.6983
-162.594 575.114 -77.0069
-160.473 546.582 -82.715
-130.02 548.289 -82.7426
-130.596 576.901 -77.0238
-160.318 543.407 -82.728
-158.121 514.867 -77.1021
-129.2 516.487 -77.1295
-129.866 545.115 -82.7555
-157.962 511.928 -75.898
-155.856 487.733 -59.7345
-128.296 489.263 -59.7552
-129.041 513.548 -75.9254
-155.716 485.479 -57.4902
-154.137 469.325 -33.2479
-127.544 470.783 -33.2576
-128.156 487.009 -57.5109
-154.053 468.104 -30.3043
-153.461 462.438 -1.68848
-127.226 463.868 -1.68817
-127.46 469.562 -30.314
-124.3 463.945 1.50232
-124.545 469.648 30.1262
-98.0905 469.59 30.1287
-98.1922 463.886 1.50305
-124.556 470.873 33.0705
-125.167 487.104 57.3199
-97.7338 487.048 57.326
-98.1013 470.816 33.073
-125.175 489.364 59.5648
-125.912 513.652 75.7297
-97.0631 513.589 75.7437
-97.7422 489.308 59.5709
-125.905 516.597 76.9336
-126.568 545.225 82.5537
-96.0962 545.147 82.573
-97.0563 516.533 76.9475
-126.546 548.404 82.5391
-127.121 577.014 76.8139
-95.0148 576.914 76.8253
-96.0744 548.325 82.5585
-127.098 579.949 75.594
-127.673 604.278 59.4812
-94.0842 604.166 59.4908
-94.9921 579.849 75.6054
-127.66 606.527 57.2447
-128.111 622.846 33.1096
-93.4893 622.729 33.112
-94.0713 606.415 57.2543
-128.106 624.067 30.1812
-128.258 629.836 1.49137
-93.2862 629.717 1.49081
-93.4845 623.95 30.1836
-128.259 629.837 -1.68768
-128.108 624.068 -30.3769
-93.4977 623.952 -30.381
-93.2866 629.717 -1.68824
-128.114 622.847 -33.3066
-127.663 606.511 -57.4629
-94.0856 606.401 -57.4731
-93.503 622.731 -33.3107
-127.676 604.26 -59.7003
-127.1 579.929 -75.8065
-94.997 579.831 -75.819
-94.0982 604.151 -59.7105
-127.122 576.994 -77.0257
-126.546 548.383 -82.7445
-96.0734 548.306 -82.7649
-95.0193 576.896 -77.0381
-126.568 545.204 -82.7583
-125.902 516.577 -77.1322
-97.0483 516.515 -77.147
-96.0947 545.127 -82.7787
-125.908 513.633 -75.9277
-125.163 489.348 -59.7576
-97.7226 489.292 -59.7646
-97.0543 513.571 -75.9425
-125.154 487.089 -57.5122
-124.542 470.863 -33.2588
-98.0806 470.805 -33.2604
-97.7137 487.033 -57.5191
-124.532 469.639 -30.3142
-124.299 463.945 -1.68839
-98.1913 463.885 -1.68765
-98.0706 469.581 -30.3158
-95.282 463.794 1.50327
-95.1803 469.498 30.1289
-68.9047 467.887 30.131
-69.3546 462.203 1.50483
-95.1169 470.722 33.0736
-94.7494 486.954 57.3266
-67.4887 485.281 57.3315
-68.8413 469.111 33.0756
-94.6232 489.209 59.5723
-93.9441 513.49 75.745
-65.2368 511.721 75.7572
-67.3625 487.536 59.5771
-93.7659 516.429 76.9494
-92.8058 545.042 82.5749
-62.4229 543.157 82.5928
-65.0586 514.659 76.9616
-92.6004 548.213 82.5601
-91.5408 576.802 76.8269
-59.4817 574.793 76.8416
-62.2175 546.327 82.578
-91.3446 579.729 75.6069
-90.4367 604.045 59.4923
-56.913 601.93 59.5069
-59.2854 577.72 75.6216
-90.2853 606.289 57.2552
-89.7034 622.603 33.1129
-55.1653 620.423 33.1111
-56.7616 604.173 57.2697
-89.6227 623.821 30.1835
-89.4244 629.589 1.49068
-54.5332 627.38 1.48755
-55.0846 621.641 30.1817
-89.4253 629.589 -1.68858
-89.6364 623.824 -30.3813
-55.1057 621.641 -30.3856
-54.5341 627.38 -1.6917
-89.7183 622.605 -33.3116
-90.3009 606.275 -57.474
-56.7848 604.163 -57.4818
-55.1875 620.423 -33.3158
-90.4515 604.03 -59.7117
-91.3503 579.71 -75.8202
-59.2939 577.705 -75.83
-56.9354 601.918 -59.7195
-91.5454 576.783 -77.0396
-92.5995 548.194 -82.7664
-62.2155 546.31 -82.7811
-59.489 574.778 -77.0494
-92.804 545.023 -82.7806
-93.7576 516.41 -77.1489
-65.0461 514.642 -77.1595
-62.42 543.139 -82.7952
-93.9347 513.472 -75.9439
-94.603 489.194 -59.7659
-67.3364 487.52 -59.7704
-65.2232 511.703 -75.9545
-94.7285 486.939 -57.5196
-95.0955 470.711 -33.2609
-68.8156 469.098 -33.2606
-67.4619 485.265 -57.5242
-95.1601 469.488 -30.3157
-95.2808 463.793 -1.68763
-69.3534 462.202 -1.68607
-68.8802 467.875 -30.3155
-66.4682 461.938 1.50511
-66.0183 467.623 30.1313
-39.9908 464.445 30.1337
-40.7891 458.801 1.50753
-65.8802 468.84 33.0762
-64.5277 485.01 57.332
-37.5112 481.709 57.3359
-39.8527 465.662 33.0786
-64.2653 487.252 59.5782
-62.1396 511.437 75.7582
-33.6605 507.95 75.767
-37.2488 483.952 59.5821
-61.7864 514.358 76.9632
-59.1506 542.856 82.5943
-28.9677 539.149 82.6066
-33.3073 510.872 76.9719
-58.7577 546.007 82.5794
-56.0218 574.473 76.843
-24.1415 570.54 76.8533
-28.5748 542.3 82.5917
-55.6512 577.381 75.623
-53.2788 601.591 59.5083
-19.9434 597.459 59.5184
-23.7709 573.448 75.6332
-52.991 603.821 57.2704
-51.3947 620.071 33.1118
-17.0621 615.81 33.1099
-19.6556 599.689 57.2806
-51.2388 621.281 30.1814
-50.6873 627.02 1.48723
-16.0007 622.71 1.48393
-16.9062 617.021 30.1794
-50.6885 627.02 -1.69213
-51.2601 621.281 -30.386
-16.9299 617.019 -30.3901
-16.0019 622.71 -1.69543
-51.4174 620.07 -33.3165
-53.0147 603.811 -57.4825
-19.6817 599.683 -57.4869
-17.0873 615.808 -33.3206
-53.3016 601.58 -59.7202
-55.6601 577.366 -75.8307
-23.7813 573.436 -75.8358
-19.9685 597.453 -59.7246
-56.0293 574.458 -77.0504
-58.7557 545.99 -82.782
-28.5718 542.285 -82.7901
-24.1505 570.528 -77.0555
-59.1474 542.838 -82.7964
-61.7735 514.341 -77.1607
-33.2914 510.855 -77.1667
-28.9635 539.133 -82.8046
-62.1254 511.419 -75.9554
-64.2386 487.236 -59.7713
-37.2183 483.935 -59.7737
-33.6433 507.934 -75.9613
-64.5004 484.994 -57.5244
-65.8541 468.827 -33.2609
-39.8238 465.646 -33.2595
-37.4801 481.692 -57.5269
-65.9936 467.611 -30.3153
-66.4668 461.938 -1.68593
-40.7877 458.801 -1.68351
-39.9634 464.43 -30.3139
-37.9344 458.364 1.50786
-37.1361 464.008 30.134
-11.433 459.263 30.1367
-12.5788 453.681 1.51098
-36.9234 465.213 33.079
-34.5819 481.26 57.3364
-7.89224 476.333 57.3387
-11.2203 460.468 33.0817
-34.1827 483.482 59.5828
-30.5944 507.48 75.7677
-2.43775 502.277 75.7716
-7.49298 478.554 59.5852
-30.0645 510.374 76.9729
-25.7249 538.651 82.6075
4.14566 533.12 82.6126
-1.90784 505.17 76.9768
-25.1426 541.771 82.5925
-20.7093 570.011 76.8541
10.8649 564.148 76.8574
4.7279 536.24 82.5976
-20.1639 572.89 75.6339
-16.3364 596.901 59.5191
16.689 590.75 59.5215
11.4103 567.027 75.6371
-15.9136 599.109 57.2809
-13.3201 615.23 33.1102
20.687 608.885 33.1083
17.1118 592.957 57.2834
-13.09 616.428 30.1792
-12.1845 622.117 1.48369
22.1715 615.703 1.48118
20.9172 610.083 30.1774
-12.1858 622.117 -1.69581
-13.1138 616.426 -30.3905
20.8923 610.082 -30.3932
22.1702 615.703 -1.69831
-13.3454 615.228 -33.3209
-15.9398 599.103 -57.4872
17.085 592.956 -57.4859
20.6607 608.884 -33.3236
-16.3617 596.895 -59.7247
-20.1744 572.879 -75.836
11.3997 567.019 -75.8351
16.6632 590.748 -59.7234
-20.7183 569.999 -77.0558
-25.1396 541.757 -82.7904
4.73224 536.228 -82.7915
10.8559 564.139 -77.0549
-25.7204 538.636 -82.8051
-30.0484 510.357 -77.1672
-1.8892 505.155 -77.1676
4.15139 533.107 -82.8061
-30.5769 507.464 -75.9617
-34.1519 483.465 -59.7742
-7.4593 478.537 -59.7741
-2.41768 502.261 -75.9622
-34.5505 481.243 -57.5269
-36.8942 465.197 -33.2596
-11.1895 460.449 -33.2571
-7.85792 476.315 -57.5269
-37.1086 463.993 -30.3137
-37.9329 458.363 -1.68328
-12.5773 453.68 -1.68016
-11.4039 459.245 -30.3113
-9.7646 453.071 1.51137
-8.61871 458.653 30.1371
16.6802 452.35 30.14
15.1883 446.852 1.51505
-8.33176 459.842 33.082
-5.00374 475.707 57.3391
21.2724 469.162 57.3404
16.9671 453.539 33.0849
-4.46809 477.899 59.5856
0.587139 501.621 75.7719
28.3209 494.709 75.7729
21.8081 471.354 59.5869
1.29383 504.476 76.9771
7.34733 532.425 82.613
36.7925 525.077 82.614
29.0276 497.563 76.9781
8.11916 535.503 82.5978
14.2562 563.411 76.8576
45.4003 555.623 76.8579
37.5643 528.155 82.5988
14.976 566.25 75.6372
20.2547 589.973 59.5216
52.8398 581.807 59.5219
46.1201 558.462 75.6375
20.8114 592.149 57.2833
24.3867 608.077 33.1083
57.9419 599.657 33.1061
53.3966 583.983 57.2836
24.6899 609.259 30.1771
25.9442 614.878 1.48097
59.8419 606.368 1.47901
58.2451 600.839 30.175
25.9429 614.878 -1.69859
24.6649 609.257 -30.3934
58.2203 600.838 -30.3949
59.8406 606.368 -1.70054
24.3603 608.076 -33.3235
20.7847 592.149 -57.4858
53.3713 583.987 -57.4814
57.9156 599.656 -33.325
20.2289 589.972 -59.723
14.9655 566.242 -75.8347
46.1109 558.457 -75.8301
52.8155 581.81 -59.7186
14.2473 563.403 -77.0547
8.12362 535.491 -82.7912
37.5705 528.144 -82.7875
45.3926 555.618 -77.0501
7.35328 532.412 -82.806
1.31269 504.46 -77.1675
29.0487 497.548 -77.1644
36.8002 525.065 -82.8024
0.607481 501.606 -75.9621
-4.43414 477.881 -59.7741
21.8441 471.335 -59.7723
28.3435 494.694 -75.959
-4.96923 475.689 -57.5267
-8.30086 459.823 -33.257
16.9986 453.517 -33.2538
21.309 469.143 -57.525
-8.58962 458.635 -30.311
-9.76304 453.07 -1.67985
15.1899 446.851 -1.67617
16.7098 452.329 -30.3078
17.9533 446.071 1.51548
19.4451 451.569 30.1404
44.2581 443.725 30.1435
42.4238 438.331 1.51965
19.8057 452.738 33.0852
24.111 468.361 57.3408
49.8946 460.211 57.3416
44.6187 444.894 33.0884
24.782 470.514 59.5871
31.2949 493.87 75.7731
58.5231 485.26 75.7726
50.5656 462.365 59.5879
32.1771 496.674 76.9781
39.9419 524.187 82.614
68.8618 515.033 82.6132
59.4053 488.064 76.9776
40.902 527.21 82.5988
48.738 554.679 76.8578
79.3367 544.98 76.8573
69.8219 518.057 82.598
49.6308 557.467 75.6375
56.3505 580.812 59.5219
88.3705 570.647 59.5224
80.2294 547.768 75.6369
57.0396 582.949 57.2835
61.5849 598.623 33.106
94.5579 588.145 33.1046
89.0596 572.784 57.2841
61.96 599.783 30.1748
63.5568 605.312 1.47884
96.866 594.724 1.47782
94.933 589.305 30.1734
63.5556 605.312 -1.70069
61.9352 599.782 -30.3951
94.9095 589.304 -30.3954
96.8647 594.724 -1.70171
61.5588 598.622 -33.3248
57.0145 582.953 -57.4812
89.0376 572.791 -57.4762
94.5331 588.144 -33.3252
56.3264 580.815 -59.718
49.6217 557.462 -75.8295
80.2227 547.766 -75.8233
88.3495 570.653 -59.713
48.7306 554.673 -77.0495
40.9085 527.2 -82.7869
69.8305 518.047 -82.7807
79.3316 544.977 -77.0433
39.9499 524.176 -82.8019
32.1984 496.659 -77.1639
59.4287 488.049 -77.1586
68.8719 515.023 -82.7957
31.3177 493.854 -75.9588
24.8182 470.495 -59.7721
50.6032 462.344 -59.769
58.5479 485.245 -75.9535
24.1477 468.341 -57.5248
19.8373 452.716 -33.2536
44.6501 444.868 -33.2498
49.9327 460.19 -57.5218
19.4748 451.548 -30.3074
17.9549 446.07 -1.67578
42.4254 438.33 -1.67161
44.2875 443.7 -30.3036
45.1303 437.382 1.5201
46.9647 442.775 30.144
71.2084 433.413 30.1472
69.0366 428.146 1.52466
47.3981 443.919 33.0886
52.674 459.237 57.3419
77.8733 449.508 57.342
71.6419 434.557 33.0919
53.4787 461.343 59.5879
61.4362 484.239 75.7726
88.0563 473.959 75.7703
78.678 451.615 59.588
62.4916 486.981 76.9775
71.948 513.95 82.6131
100.231 503.02 82.6104
89.1117 476.702 76.9752
73.0937 516.907 82.5978
82.6085 543.831 76.8571
112.541 532.25 76.8555
101.377 505.977 82.5951
83.6715 546.557 75.6369
91.8126 569.436 59.5224
123.141 557.301 59.5229
113.604 534.977 75.6352
92.6318 571.526 57.284
98.13 586.887 33.1046
130.392 574.383 33.1039
123.961 559.391 57.2845
98.5756 588.022 30.1733
100.509 593.44 1.47774
133.099 580.805 1.47808
130.837 575.517 30.1726
100.507 593.44 -1.7017
98.5522 588.021 -30.3954
130.816 575.516 -30.3939
133.098 580.805 -1.70137
98.1056 586.886 -33.3248
92.6101 571.533 -57.4759
123.943 559.4 -57.47
130.369 574.382 -33.3233
91.792 569.443 -59.7122
83.6652 546.555 -75.8226
113.601 534.976 -75.8146
123.125 557.31 -59.7064
82.6037 543.828 -77.0424
73.1026 516.898 -82.7799
101.388 505.968 -82.7712
112.54 532.248 -77.0345
71.9584 513.94 -82.795
62.5151 486.966 -77.1579
89.1369 476.686 -77.1503
100.244 503.011 -82.7863
61.4612 484.223 -75.953
53.5165 461.322 -59.7685
78.7165 451.592 -59.7642
88.083 473.943 -75.9453
52.7121 459.215 -57.5214
47.4295 443.893 -33.2495
71.6721 434.527 -33.245
77.9121 449.485 -57.517
46.994 442.75 -30.3031
45.1319 437.381 -1.67117
69.0381 428.145 -1.66661
71.2367 433.385 -30.2987
71.6755 427.031 1.52514
73.8473 432.298 30.1477
97.4374 421.45 30.1512
94.9351 416.331 1.53004
74.3523 433.412 33.0921
80.5837 448.363 57.3422
105.108 437.089 57.342
97.9423 422.564 33.0956
81.5195 450.415 59.5879
90.8979 472.759 75.7702
116.811 460.843 75.7671
106.044 439.14 59.5877
92.123 475.429 76.9749
103.242 501.747 82.6101
130.78 489.076 82.6065
118.036 463.513 76.9718
104.57 504.626 82.5948
115.735 530.899 76.8552
144.885 517.475 76.8532
132.108 491.955 82.5912
116.964 533.554 75.6352
126.501 555.879 59.5228
157.014 541.814 59.5236
146.114 520.129 75.6332
127.448 557.914 57.2845
133.879 572.905 33.1039
165.302 558.414 33.1042
157.961 543.849 57.2854
134.393 574.01 30.1727
136.655 579.297 1.47813
168.399 564.656 1.48012
165.816 559.519 30.173
136.654 579.297 -1.70117
134.372 574.008 -30.3937
165.798 559.517 -30.3902
168.398 564.656 -1.69918
133.857 572.904 -33.3228
127.431 557.923 -57.4696
157.948 543.858 -57.4635
165.283 558.412 -33.3193
126.485 555.888 -59.7056
116.961 533.553 -75.8138
146.114 520.129 -75.805
157.003 541.823 -59.6995
115.733 530.898 -77.0335
104.581 504.618 -82.7702
132.121 491.946 -82.7602
144.886 517.473 -77.0247
103.255 501.738 -82.7853
92.1484 475.414 -77.1493
118.063 463.497 -77.1404
130.795 489.066 -82.7753
90.9246 472.743 -75.9447
81.5582 450.392 -59.7635
106.083 439.115 -59.7583
116.839 460.826 -75.9358
80.6225 448.34 -57.5166
74.3825 433.382 -33.2446
97.9707 422.531 -33.2398
105.147 437.063 -57.5114
73.8755 432.27 -30.2982
71.677 427.03 -1.66611
94.9365 416.329 -1.66121
97.4637 421.418 -30.2935
97.4972 415.054 1.53054
99.9994 420.173 30.1517
122.852 407.876 30.1555
120.028 402.925 1.53576
100.574 421.252 33.0958
107.74 435.777 57.3422
131.5 422.994 57.3421
123.426 408.955 33.0996
108.803 437.765 59.5875
119.57 459.468 75.7669
144.679 445.956 75.7635
132.563 424.982 59.5874
120.961 462.055 76.9714
133.705 487.618 82.6061
160.392 473.249 82.602
146.07 448.544 76.968
135.21 490.408 82.5909
147.987 515.927 76.8529
176.24 500.705 76.8505
161.897 476.039 82.5868
149.379 518.5 75.6331
160.279 540.184 59.5236
189.855 524.238 59.5244
177.632 503.277 75.6307
161.349 542.156 57.2855
168.69 556.721 33.1043
199.149 540.295 33.1052
190.926 526.21 57.2864
169.272 557.792 30.1731
171.854 562.93 1.4803
202.624 546.334 1.48349
199.731 541.366 30.1741
171.853 562.929 -1.6988
169.253 557.79 -30.3898
199.715 541.364 -30.3844
202.623 546.334 -1.6956
168.671 556.72 -33.3187
161.337 542.165 -57.463
190.918 526.219 -57.4569
199.133 540.293 -33.3133
160.268 540.193 -59.6987
149.379 518.499 -75.8041
177.635 503.276 -75.7947
189.849 524.247 -59.6926
147.988 515.925 -77.0236
135.224 490.398 -82.7591
161.913 476.029 -82.7481
176.244 500.703 -77.0142
133.72 487.608 -82.7742
120.988 462.039 -77.1393
146.098 448.526 -77.1296
160.409 473.238 -82.7632
119.598 459.45 -75.935
108.842 437.74 -59.7575
132.602 424.954 -59.7518
144.708 445.937 -75.9252
107.779 435.751 -57.5109
100.602 421.219 -33.2393
123.452 408.918 -33.2342
131.538 422.966 -57.5051
100.026 420.141 -30.2929
97.4985 415.052 -1.66066
120.029 402.923 -1.65544
122.875 407.84 -30.2879
122.504 401.49 1.53628
125.328 406.441 30.156
147.359 392.737 30.16
144.225 387.975 1.54179
125.97 407.482 33.0999
134.043 421.521 57.3423
156.952 407.275 57.3423
148.001 393.778 33.1039
135.231 423.437 59.5872
147.347 444.411 75.7634
171.557 429.353 75.7598
158.139 409.191 59.5872
148.897 446.905 76.9676
163.22 471.611 82.6016
188.954 455.597 82.5972
173.108 431.846 76.964
164.896 474.3 82.5864
179.239 498.966 76.8502
206.484 482.002 76.8476
190.63 458.286 82.582
180.788 501.446 75.6307
193.012 522.407 59.5244
221.534 504.638 59.5254
208.034 484.482 75.6281
194.202 524.309 57.2865
202.426 538.394 33.1053
231.8 520.093 33.1071
222.724 506.54 57.2875
203.072 539.427 30.1744
205.965 544.395 1.4838
235.639 525.908 1.48848
232.446 521.126 30.1762
205.965 544.395 -1.69504
203.056 539.425 -30.3838
232.433 521.124 -30.3765
235.638 525.908 -1.69035
202.41 538.392 -33.3126
194.195 524.318 -57.4562
222.721 506.548 -57.4497
231.787 520.091 -33.3053
193.005 522.416 -59.6917
180.792 501.445 -75.7939
208.04 484.479 -75.7838
221.532 504.646 -59.6853
179.243 498.964 -77.013
164.912 474.29 -82.747
190.648 458.274 -82.7352
206.491 481.998 -77.003
163.237 471.6 -82.7621
148.925 446.887 -77.1284
173.137 431.826 -77.1179
188.973 455.584 -82.7503
147.376 444.392 -75.9244
135.269 423.409 -59.7509
158.177 409.16 -59.7445
171.587 429.331 -75.9139
134.082 421.492 -57.5045
125.995 407.445 -33.2336
148.024 393.738 -33.2282
156.99 407.243 -57.4982
125.351 406.405 -30.2873
122.505 401.488 -1.65486
144.226 387.973 -1.64935
147.38 392.699 -30.2819
146.606 386.388 1.54234
149.74 391.15 30.1606
170.872 376.089 30.1648
167.439 371.535 1.54813
150.448 392.148 33.1041
159.398 405.645 57.3425
181.371 389.986 57.3424
171.579 377.087 33.1083
160.705 407.481 59.5869
174.123 427.643 75.7596
197.345 411.091 75.7554
182.678 391.823 59.5869
175.827 430.034 76.9635
191.674 453.784 82.5967
216.357 436.183 82.591
199.05 413.482 76.9594
193.515 456.362 82.5815
209.369 480.078 76.8472
235.502 461.435 76.8431
218.198 438.762 82.5758
211.07 482.456 75.628
224.57 502.613 59.5252
251.927 483.09 59.5252
237.203 463.814 75.6239
225.876 504.437 57.2877
234.951 517.99 33.1073
263.124 497.885 33.1092
253.233 484.914 57.2877
235.659 518.981 30.1766
238.853 523.764 1.48891
267.313 503.457 1.49484
263.833 498.877 30.1785
238.852 523.764 -1.6896
235.647 518.98 -30.3758
263.822 498.877 -30.3661
267.312 503.457 -1.68367
234.938 517.988 -33.3045
225.872 504.445 -57.4489
253.231 484.921 -57.4415
263.114 497.885 -33.2949
224.568 502.621 -59.6843
211.076 482.454 -75.7828
237.21 463.81 -75.7711
251.927 483.096 -59.6769
209.376 480.075 -77.0017
193.532 456.35 -82.7339
218.217 438.748 -82.7205
235.51 461.431 -76.9899
191.692 453.771 -82.749
175.856 430.013 -77.1166
199.078 413.459 -77.105
216.376 436.169 -82.7356
174.152 427.622 -75.9129
160.742 407.451 -59.7436
182.714 391.789 -59.7365
197.375 411.068 -75.9013
159.436 405.613 -57.4975
150.47 392.108 -33.2275
171.599 377.043 -33.2217
181.407 389.952 -57.4905
149.761 391.111 -30.2812
146.607 386.386 -1.64873
167.44 371.533 -1.64294
170.89 376.047 -30.2754
169.717 369.801 1.54871
173.15 374.355 30.1654
193.305 357.988 30.1699
189.587 353.661 1.55482
173.919 375.306 33.1086
183.711 388.205 57.3426
204.668 371.19 57.3426
194.074 358.939 33.1131
185.131 389.955 59.5866
199.799 409.224 75.7551
221.946 391.239 75.75
206.088 372.94 59.5866
201.651 411.502 76.9587
218.958 434.203 82.5903
242.497 415.082 82.5816
223.798 393.517 76.9536
220.957 436.66 82.5751
238.26 459.334 76.8423
263.18 439.084 76.8332
244.496 417.539 82.5663
240.106 461.601 75.6234
254.83 480.877 59.5247
280.916 459.675 59.5194
265.025 441.351 75.6143
256.246 482.618 57.2876
266.138 495.589 33.1091
292.999 473.758 33.107
282.331 461.415 57.2823
266.906 496.536 30.1789
270.386 501.116 1.4952
297.517 479.067 1.50066
293.767 474.705 30.1768
270.385 501.116 -1.68275
266.895 496.535 -30.3652
293.756 474.706 -30.3525
297.516 479.067 -1.67729
266.127 495.589 -33.2936
256.245 482.625 -57.4403
282.331 461.423 -57.4239
292.988 473.76 -33.2809
254.83 480.884 -59.6754
240.114 461.597 -75.7696
265.034 441.347 -75.7503
280.916 459.682 -59.6591
238.269 459.329 -76.9882
220.976 436.647 -82.7188
244.515 417.524 -82.7007
263.19 439.078 -76.9689
218.978 434.188 -82.734
201.679 411.479 -77.1034
223.827 393.492 -77.0898
242.517 415.066 -82.716
199.828 409.2 -75.9002
185.168 389.921 -59.7354
206.124 372.903 -59.7275
221.975 391.213 -75.8865
183.747 388.17 -57.4897
173.939 375.262 -33.2209
194.091 358.893 -33.2147
204.703 371.153 -57.4818
173.167 374.313 -30.2748
169.718 369.798 -1.64227
189.588 353.659 -1.63617
193.319 357.944 -30.2685
191.753 351.787 1.55544
195.47 356.114 30.1705
214.575 338.502 30.1754
210.587 334.421 1.56183
196.299 357.014 33.1134
206.893 369.264 57.3429
226.756 350.954 57.3433
215.403 339.402 33.1182
208.421 370.92 59.5863
224.279 389.22 75.7497
245.267 369.87 75.7443
228.285 352.611 59.5867
226.27 391.377 76.9527
244.97 412.941 82.5807
267.273 392.372 82.5688
247.259 372.027 76.9473
247.118 415.268 82.565
265.802 436.813 76.8319
289.409 415.033 76.8125
269.422 394.699 82.5531
267.785 438.961 75.6126
283.675 457.284 59.5177
308.38 434.477 59.49
291.392 417.18 75.5933
285.195 458.933 57.2803
295.863 471.276 33.1051
321.294 447.792 33.0688
309.9 436.126 57.2526
296.686 472.175 30.1761
300.436 476.537 1.49998
326.111 452.814 1.50594
322.117 448.69 30.1398
300.435 476.537 -1.6754
296.675 472.176 -30.3506
322.11 448.693 -30.3027
326.111 452.814 -1.66944
295.852 471.278 -33.2778
285.195 458.941 -57.4208
309.903 436.133 -57.3852
321.287 447.794 -33.2299
283.676 457.291 -59.6563
267.794 438.956 -75.7475
291.402 417.175 -75.7194
308.384 434.483 -59.6206
265.812 436.807 -76.9665
247.138 415.253 -82.6983
269.443 394.683 -82.6772
289.42 415.026 -76.9384
244.99 412.925 -82.7141
226.299 391.351 -77.0879
247.288 372 -77.0731
267.295 392.355 -82.693
224.308 389.194 -75.8852
208.457 370.884 -59.7262
228.319 352.573 -59.7176
245.297 369.843 -75.8705
206.928 369.227 -57.481
196.315 356.967 -33.2139
215.416 339.355 -33.2072
226.79 350.916 -57.4724
195.485 356.069 -30.2678
191.753 351.784 -1.63546
210.588 334.419 -1.62906
214.586 338.457 -30.2612
212.633 332.413 1.56247
216.621 336.494 30.176
234.605 317.703 30.1811
230.364 313.883 1.5691
217.505 337.34 33.1185
228.858 348.892 57.3435
247.555 329.357 57.344
235.489 318.548 33.1236
230.488 350.448 59.5863
247.471 367.707 75.744
267.223 347.066 75.7383
249.185 330.913 59.5868
249.594 369.734 76.9463
269.608 390.08 82.5678
290.593 368.144 82.5553
269.346 349.093 76.9406
271.898 392.267 82.5514
291.885 412.601 76.8108
314.092 389.38 76.7908
292.883 370.332 82.5388
293.997 414.62 75.5906
310.985 431.917 59.4874
334.224 407.607 59.4596
316.204 391.4 75.5707
312.604 433.469 57.2488
323.998 445.135 33.065
347.936 420.088 33.0296
335.843 409.159 57.221
324.874 445.98 30.1379
328.868 450.104 1.50398
353.051 424.788 1.50905
348.812 420.934 30.1024
328.867 450.104 -1.66617
324.866 445.983 -30.2994
348.803 420.942 -30.2538
353.051 424.788 -1.66109
323.99 445.138 -33.2251
312.606 433.476 -57.3803
335.844 409.17 -57.3433
347.927 420.097 -33.1794
310.989 431.924 -59.6171
294.007 414.616 -75.7159
316.216 391.395 -75.6859
334.227 407.618 -59.5801
291.897 412.595 -76.9355
271.919 392.251 -82.6744
292.905 370.315 -82.6513
314.105 389.374 -76.9056
269.63 390.062 -82.6909
249.623 369.707 -77.071
269.375 349.066 -77.0548
290.616 368.126 -82.6677
247.501 367.679 -75.8691
230.523 350.41 -59.7162
249.218 330.874 -59.7067
267.253 347.038 -75.8529
228.891 348.853 -57.4715
217.518 337.292 -33.2063
235.498 318.5 -33.1993
247.586 329.317 -57.462
216.631 336.448 -30.2604
212.634 332.41 -1.6283
230.364 313.881 -1.62167
234.612 317.657 -30.2534
232.282 311.749 1.56975
236.524 315.568 30.1818
253.322 295.667 30.187
248.845 292.125 1.57655
237.46 316.356 33.1239
249.526 327.164 57.3443
266.987 306.478 57.3451
254.259 296.455 33.1292
251.251 328.614 59.5865
269.289 344.767 75.738
287.731 322.915 75.7335
268.712 307.928 59.5873
271.535 346.657 76.9397
292.782 365.708 82.5544
312.37 342.492 82.5458
289.977 324.804 76.9352
295.204 367.749 82.5375
316.413 386.797 76.7894
337.139 362.229 76.7805
314.792 344.533 82.5289
318.645 388.682 75.569
336.666 404.889 59.4579
358.357 379.178 59.4525
339.371 364.114 75.56
338.377 406.338 57.2191
350.47 417.267 33.0277
372.816 390.789 33.0261
360.068 380.627 57.2138
351.397 418.056 30.1017
355.637 421.91 1.50831
378.216 395.16 1.51077
373.743 391.578 30.1001
355.636 421.91 -1.65956
351.387 418.064 -30.2523
373.731 391.585 -30.2456
378.215 395.16 -1.65709
350.46 417.277 -33.1764
338.378 406.35 -57.3403
360.072 380.641 -57.3167
372.803 390.797 -33.1698
336.668 404.9 -59.5768
318.658 388.678 -75.6827
339.387 364.11 -75.6575
358.363 379.191 -59.5533
316.426 386.791 -76.9028
295.226 367.732 -82.6485
314.816 344.516 -82.6257
337.155 362.224 -76.8776
292.805 365.69 -82.6655
271.564 346.63 -77.0526
290.007 324.777 -77.0357
312.395 342.474 -82.6428
269.319 344.739 -75.8513
251.284 328.576 -59.7052
268.743 307.889 -59.6952
287.761 322.886 -75.8345
249.557 327.125 -57.461
237.469 316.308 -33.1983
254.263 296.407 -33.191
267.017 306.438 -57.4509
236.531 315.522 -30.2526
232.283 311.746 -1.62088
248.845 292.122 -1.61408
253.325 295.622 -30.2453
250.629 289.872 1.57721
255.107 293.414 30.1877
270.66 272.475 30.1933
265.964 269.224 1.58406
256.092 294.141 33.1295
268.82 304.164 57.3455
284.982 282.402 57.3471
271.645 273.202 33.1351
270.633 305.502 59.5872
289.651 320.489 75.7333
306.716 297.507 75.7307
286.796 283.741 59.5888
292.011 322.235 76.9346
314.405 339.922 82.5452
332.524 315.514 82.5409
309.076 299.252 76.9321
316.948 341.809 82.5282
339.295 359.505 76.7798
358.461 333.685 76.7769
335.067 317.401 82.5238
341.64 361.249 75.5596
360.625 376.313 59.4521
380.68 349.298 59.4528
360.806 335.428 75.5567
362.422 377.654 57.2138
375.171 387.816 33.0261
395.828 360 33.0288
382.477 350.638 57.2144
376.145 388.546 30.1003
380.618 392.128 1.51098
401.49 364.029 1.51364
396.803 360.73 30.1031
380.617 392.128 -1.65678
376.132 388.553 -30.2453
396.791 360.733 -30.2423
401.49 364.029 -1.65413
375.158 387.824 -33.1685
362.427 377.668 -57.3155
382.488 350.651 -57.3003
395.817 360.004 -33.1654
360.631 376.326 -59.5511
341.655 361.245 -75.6553
360.825 335.424 -75.6373
380.692 349.309 -59.5359
339.312 359.5 -76.8753
316.972 341.792 -82.6234
335.093 317.384 -82.6049
358.482 333.679 -76.8573
314.43 339.904 -82.6407
292.042 322.207 -77.0336
309.107 299.226 -77.0182
332.551 315.497 -82.6221
289.682 320.461 -75.833
270.664 305.464 -59.6936
286.825 283.704 -59.6838
306.747 297.479 -75.8176
268.849 304.125 -57.4499
256.096 294.094 -33.19
271.645 273.157 -33.1828
285.01 282.364 -57.4401
255.11 293.368 -30.2445
250.629 289.869 -1.61328
265.965 269.222 -1.60643
270.659 272.432 -30.2373
267.609 266.861 1.58473
272.304 270.112 30.194
286.556 248.21 30.1996
281.662 245.263 1.59144
273.333 270.775 33.1354
286.671 279.975 57.3475
301.477 257.218 57.3492
287.585 248.874 33.141
288.564 281.197 59.5887
308.485 294.964 75.7306
324.112 270.938 75.7282
303.371 258.44 59.5905
310.949 296.559 76.9316
334.396 312.821 82.5405
350.982 287.316 82.5363
326.576 272.533 76.9292
337.051 314.547 82.5235
360.446 330.83 76.7766
377.985 303.861 76.7745
353.637 289.042 82.5193
362.893 332.427 75.5568
382.767 346.296 59.4528
401.116 318.088 59.4548
380.432 305.457 75.5547
384.643 347.525 57.2148
397.994 356.887 33.0292
416.894 327.847 33.0331
402.992 319.317 57.2168
399.012 357.555 30.1035
403.7 360.854 1.51403
422.796 331.52 1.51813
417.912 328.515 30.1074
403.699 360.854 -1.65375
399 357.558 -30.2419
417.902 328.515 -30.2373
422.796 331.52 -1.64965
397.983 356.89 -33.1645
384.654 347.536 -57.2994
403.009 319.325 -57.288
416.885 327.847 -33.16
382.779 346.308 -59.5343
362.913 332.422 -75.6357
380.455 305.451 -75.6203
401.134 318.096 -59.5229
360.466 330.825 -76.8554
337.078 314.53 -82.603
353.665 289.025 -82.5857
378.009 303.854 -76.84
334.424 312.803 -82.6203
310.98 296.532 -77.0164
326.607 272.508 -77.0015
351.011 287.298 -82.603
308.516 294.936 -75.8161
288.594 281.161 -59.6824
303.398 258.405 -59.6727
324.143 270.912 -75.8012
286.698 279.938 -57.4391
273.333 270.73 -33.1818
287.581 248.831 -33.1747
301.503 257.182 -57.4294
272.303 270.068 -30.2365
267.609 266.858 -1.60563
281.662 245.261 -1.59892
286.551 248.17 -30.2294
283.16 242.797 1.59209
288.054 245.745 30.2002
300.955 222.958 30.2054
295.883 220.325 1.59843
289.123 246.342 33.1413
303.015 254.687 57.3495
316.415 231.015 57.3504
302.024 223.555 33.1465
304.982 255.788 59.5903
325.723 268.286 75.7279
339.859 243.308 75.7236
318.382 232.117 59.5911
328.28 269.726 76.9286
352.687 284.509 82.5357
367.684 258.007 82.5294
342.417 244.747 76.9243
355.442 286.069 82.5189
379.79 300.888 76.7741
395.644 272.879 76.7712
370.439 259.567 82.5126
382.33 302.332 75.5548
403.014 314.963 59.4549
419.597 285.678 59.4574
398.184 274.323 75.5518
404.962 316.075 57.2172
418.864 324.605 33.0335
435.945 294.458 33.0385
421.545 286.79 57.2197
419.921 325.211 30.1079
424.805 328.215 1.51865
442.065 297.762 1.52423
437.002 295.063 30.113
424.805 328.215 -1.6491
419.912 325.21 -30.2368
436.996 295.058 -30.2306
442.064 297.762 -1.64352
418.856 324.605 -33.1591
404.979 316.083 -57.2871
421.568 286.792 -57.2756
435.94 294.453 -33.1529
403.033 314.971 -59.5214
382.354 302.326 -75.6188
398.21 274.314 -75.6027
419.621 285.679 -59.51
379.815 300.88 -76.8382
355.471 286.052 -82.5839
370.469 259.55 -82.5652
395.671 272.868 -76.8221
352.716 284.491 -82.6011
328.311 269.701 -76.9996
342.447 244.724 -76.9836
367.714 257.989 -82.5825
325.753 268.26 -75.7997
305.009 255.754 -59.6712
318.407 232.085 -59.6613
339.889 243.283 -75.7838
303.04 254.651 -57.4284
289.118 246.3 -33.1737
302.016 223.516 -33.167
316.438 230.982 -57.4185
288.048 245.704 -30.2286
283.16 242.795 -1.59814
295.882 220.323 -1.59179
300.946 222.92 -30.2219
297.23 217.766 1.59901
302.302 220.399 30.206
313.812 196.804 30.2105
308.581 194.494 1.60488
303.407 220.928 33.1467
317.798 228.388 57.3505
329.75 203.886 57.3498
314.917 197.333 33.1512
319.829 229.366 59.5907
341.307 240.557 75.7231
353.909 214.716 75.7155
331.781 204.864 59.5899
343.948 241.837 76.9234
369.215 255.097 82.5286
382.576 227.701 82.5184
356.55 215.997 76.9158
372.06 256.487 82.512
397.264 269.798 76.7705
411.382 240.862 76.7655
385.421 229.091 82.5018
399.887 271.087 75.5518
421.301 282.442 59.4574
436.067 252.198 59.4599
414.005 242.15 75.5468
423.313 283.434 57.2201
437.713 291.102 33.039
452.926 259.967 33.0454
438.08 253.19 57.2227
438.806 291.642 30.1136
443.868 294.34 1.5249
459.24 262.888 1.53252
454.018 260.507 30.12
443.868 294.34 -1.64275
438.799 291.635 -30.2299
454.015 260.494 -30.2213
459.24 262.888 -1.63513
437.708 291.096 -33.1519
423.336 283.435 -57.2746
438.106 253.183 -57.2644
452.924 259.954 -33.1433
421.325 282.443 -59.5086
399.914 271.077 -75.6013
414.033 242.137 -75.5846
436.095 252.191 -59.4983
397.292 269.788 -76.8201
372.09 256.469 -82.5632
385.45 229.073 -82.5423
411.411 240.848 -76.8034
369.245 255.079 -82.5804
343.978 241.813 -76.9815
356.579 215.974 -76.9637
382.605 227.682 -82.5594
341.337 240.532 -75.7822
319.854 229.334 -59.6597
331.803 204.835 -59.6491
353.937 214.693 -75.7644
317.82 228.356 -57.4175
303.398 220.89 -33.1659
314.904 197.299 -33.1594
329.769 203.857 -57.4069
302.293 220.361 -30.2211
297.229 217.764 -1.59105
308.58 194.492 -1.58518
313.799 196.771 -30.2146
309.772 191.85 1.6054
315.004 194.16 30.211
325.088 169.835 30.2146
319.719 167.857 1.61075
316.139 194.62 33.1512
330.972 201.173 57.3498
341.44 175.921 57.3473
326.224 170.295 33.1549
333.061 202.024 59.5891
355.189 211.876 75.7147
366.22 185.265 75.7034
343.529 176.772 59.5866
357.903 212.994 76.9145
383.928 224.698 82.5171
395.614 196.514 82.5019
368.934 186.383 76.9032
386.852 225.915 82.5008
412.813 237.687 76.7645
425.155 207.941 76.7564
398.538 197.73 82.4856
415.509 238.816 75.5466
437.571 248.864 59.4598
450.48 217.783 59.4614
427.851 209.07 75.5385
439.641 249.733 57.2231
454.487 256.51 33.0458
467.79 224.507 33.0532
452.55 218.652 57.2248
455.611 256.981 30.1209
460.833 259.363 1.53337
474.278 227.033 1.54314
468.914 224.979 30.1282
460.833 259.362 -1.63407
455.608 256.968 -30.2202
468.916 224.96 -30.2088
474.278 227.032 -1.6243
454.485 256.496 -33.1422
439.667 249.724 -57.2632
452.577 218.635 -57.2557
467.793 224.488 -33.1308
437.6 248.856 -59.4969
415.538 238.802 -75.5832
427.879 209.054 -75.5666
450.51 217.767 -59.4894
412.842 237.673 -76.8013
386.881 225.897 -82.5402
398.565 197.713 -82.5167
425.183 207.924 -76.7847
383.957 224.68 -82.557
357.931 212.972 -76.9614
368.959 186.363 -76.9415
395.641 196.495 -82.5336
355.216 211.853 -75.7626
333.082 201.995 -59.6473
343.547 176.748 -59.636
366.245 185.244 -75.7427
330.991 201.143 -57.4058
316.126 194.585 -33.1583
326.207 170.266 -33.1518
341.456 175.896 -57.3945
314.99 194.127 -30.2138
309.771 191.848 -1.58448
319.718 167.855 -1.57913
325.071 169.807 -30.2074
320.752 165.136 1.61121
326.121 167.115 30.2151
334.757 142.138 30.2173
329.272 140.501 1.61613
327.283 167.504 33.1548
342.5 173.13 57.3472
351.459 147.208 57.3425
335.919 142.527 33.1569
344.637 173.853 59.5855
367.328 182.345 75.7023
376.76 155.054 75.6864
353.596 147.931 59.5808
370.104 183.3 76.9013
396.784 193.43 82.5
406.764 164.565 82.4777
379.536 156.009 76.8854
399.775 194.473 82.4841
426.393 204.683 76.7549
436.925 174.251 76.7417
409.755 165.608 82.4617
429.152 205.651 75.5379
451.781 214.364 59.4609
462.798 182.568 59.459
439.684 175.219 75.5248
453.9 215.106 57.225
469.14 220.962 33.0534
480.499 188.209 33.0602
464.917 183.31 57.2232
470.292 221.363 30.1292
475.655 223.417 1.54408
487.136 190.327 1.55517
481.65 188.611 30.1359
475.655 223.416 -1.62296
470.293 221.344 -30.2075
481.658 188.589 -30.1936
487.136 190.326 -1.61187
469.143 220.942 -33.1296
453.928 215.089 -57.2544
464.944 183.287 -57.2481
480.508 188.187 -33.1157
451.81 214.347 -59.4881
429.179 205.634 -75.5653
439.709 175.201 -75.548
462.826 182.546 -59.4817
426.42 204.667 -76.7824
399.802 194.455 -82.5145
409.779 165.591 -82.4871
436.95 174.233 -76.7651
396.811 193.412 -82.5309
370.129 183.28 -76.9388
379.559 155.992 -76.9163
406.788 164.548 -82.5036
367.353 182.325 -75.7407
344.654 173.828 -59.634
353.611 147.913 -59.6211
376.782 155.037 -75.7182
342.516 173.105 -57.3934
327.267 167.475 -33.1507
335.9 142.505 -33.1434
351.472 147.189 -57.3806
326.103 167.087 -30.2067
320.751 165.135 -1.57845
329.271 140.5 -1.57353
334.737 142.117 -30.1994
330.145 137.713 1.61637
335.63 139.35 30.2175
342.814 113.801 30.2121
337.238 112.518 1.62112
336.814 139.666 33.1562
352.354 144.348 57.3418
359.794 117.835 57.3245
343.999 114.117 33.1508
354.53 144.941 59.5786
377.694 152.064 75.6842
385.508 124.182 75.6524
361.97 118.429 59.5613
380.521 152.856 76.8822
407.749 161.412 82.4744
415.994 131.979 82.4325
388.335 124.974 76.8503
410.794 162.281 82.4589
437.965 170.925 76.7389
446.651 139.94 76.7097
419.04 132.849 82.417
440.777 171.729 75.523
463.891 179.078 59.4572
472.978 146.684 59.4417
449.463 140.745 75.4938
466.052 179.689 57.2226
481.633 184.589 33.0597
491.002 151.197 33.0594
475.139 147.295 57.2071
482.808 184.917 30.1367
488.294 186.634 1.55593
497.763 152.896 1.56636
492.177 151.526 30.1364
488.294 186.633 -1.61027
482.816 184.896 -30.192
492.195 151.507 -30.1722
497.764 152.895 -1.59983
481.643 184.566 -33.1141
466.079 179.666 -57.2465
475.166 147.272 -57.2367
491.022 151.177 -33.0943
463.919 179.056 -59.48
440.802 171.711 -75.5462
449.489 140.728 -75.5196
473.006 146.662 -59.4702
437.99 170.907 -76.762
410.819 162.264 -82.4841
419.064 132.834 -82.4404
446.676 139.924 -76.7354
407.773 161.395 -82.4998
380.544 152.839 -76.9125
388.358 124.961 -76.8745
416.018 131.965 -82.4561
377.717 152.048 -75.7151
354.545 144.923 -59.6181
361.986 118.419 -59.5921
385.53 124.17 -75.6772
352.367 144.33 -57.3788
336.795 139.645 -33.1416
343.979 114.106 -33.1265
359.808 117.825 -57.3528
335.61 139.33 -30.1985
330.144 137.712 -1.57266
337.237 112.517 -1.56791
342.794 113.791 -30.1834
337.956 109.674 1.61986
343.532 110.957 30.2109
349.338 84.9372 30.1568
343.704 84.0271 1.62445
344.732 111.198 33.1457
360.528 114.916 57.3194
366.496 87.9116 57.2137
350.538 85.1787 33.0916
362.732 115.379 59.5528
386.27 121.133 75.6439
392.472 92.7679 75.5053
368.7 88.3745 59.4471
389.132 121.763 76.8402
416.791 128.769 82.4225
423.266 98.8964 82.2811
395.334 93.3982 76.7017
419.877 129.468 82.4081
447.488 136.56 76.7008
454.249 105.186 76.5839
426.352 99.5959 82.2667
450.342 137.199 75.4867
473.857 143.138 59.4346
480.914 110.248 59.3595
457.102 105.825 75.3697
476.049 143.612 57.2033
491.912 147.514 33.0555
499.152 113.575 33.0173
483.106 110.722 57.1282
493.104 147.766 30.1358
498.691 149.137 1.56573
505.991 114.842 1.57074
500.344 113.827 30.0976
498.692 149.136 -1.59741
493.123 147.748 -30.1698
500.367 113.822 -30.1227
505.992 114.842 -1.5924
491.932 147.495 -33.0899
476.076 143.59 -57.2323
483.135 110.711 -57.16
499.177 113.569 -33.0428
473.884 143.116 -59.4635
450.367 137.183 -75.5128
457.13 105.811 -75.3953
480.943 110.237 -59.3911
447.514 136.544 -76.7264
419.901 129.454 -82.4314
426.379 99.5838 -82.2864
454.276 105.172 -76.6089
416.816 128.755 -82.4456
389.155 121.751 -76.864
395.36 93.3922 -76.7184
423.293 98.8846 -82.3006
386.292 121.122 -75.6678
362.748 115.37 -59.5827
368.721 88.3776 -59.4663
392.497 92.7624 -75.5222
360.541 114.908 -57.3466
344.713 111.189 -33.1204
350.523 85.1854 -33.0558
366.514 87.9151 -57.2303
343.512 110.947 -30.181
337.955 109.674 -1.56551
343.703 84.027 -1.56092
349.322 84.944 -30.1165
344.294 81.1466 1.61402
349.928 82.0567 30.1463
354.789 55.7945 29.8256
349.17 55.2528 1.61619
351.133 82.2228 33.0613
367.091 84.9557 57.1834
371.906 57.7228 56.5927
355.993 55.9606 32.7406
369.302 85.2886 59.403
393.074 89.6819 75.4611
397.81 61.1006 74.72
374.118 58.0556 58.8123
395.946 90.1537 76.6526
423.878 95.6519 82.232
428.53 65.5798 81.4902
400.682 61.5723 75.9115
426.975 96.1854 82.2212
454.872 101.775 76.5384
459.45 70.213 75.8911
431.627 66.1133 81.4794
457.742 102.241 75.3315
481.554 106.664 59.3213
486.105 73.326 58.8339
462.32 70.678 74.6842
483.754 106.986 57.1033
499.8 109.838 32.9924
504.264 75.3891 32.7047
488.305 73.6481 56.616
500.995 110.011 30.0885
506.641 111.027 1.56165
511.068 76.2133 1.55217
505.458 75.5619 29.8007
506.642 111.027 -1.58368
501.018 110.007 -30.114
505.479 75.566 -29.8378
511.069 76.2134 -1.59316
499.825 109.835 -33.0177
483.782 106.977 -57.1349
488.343 73.6476 -56.6339
504.285 75.3932 -32.7415
481.583 106.653 -59.3522
457.77 102.227 -75.3564
462.354 70.666 -74.6956
486.143 73.3244 -58.8512
454.9 101.762 -76.5626
427.002 96.1735 -82.2402
431.659 66.1047 -81.4881
459.484 70.2007 -75.9018
423.905 95.6406 -82.2507
395.972 90.1481 -76.6685
400.713 61.5737 -75.9184
428.562 65.5718 -81.4986
393.1 89.6774 -75.4768
369.324 85.2927 -59.421
374.149 58.0708 -58.8157
397.841 61.103 -74.7268
367.11 84.9609 -57.1988
351.119 82.2312 -33.0244
355.992 55.9878 -32.6947
371.936 57.7389 -56.5934
349.913 82.0645 -30.1051
344.294 81.1475 -1.54956
349.17 55.2538 -1.54739
354.786 55.8211 -29.7755
349.803 52.4167 1.56512
355.422 52.9583 29.7745
361.906 27.7795 28.4689
356.557 27.1904 1.56242
356.589 53.0893 32.6002
372.502 54.8515 56.4524
378.222 29.7392 54.051
363.073 27.9105 31.2945
374.651 55.1172 58.6133
398.343 58.1622 74.521
402.951 32.9313 71.4048
380.372 30.005 56.2119
401.145 58.5407 75.6899
428.993 62.5481 81.2686
432.33 36.9341 77.9326
405.752 33.3098 72.5736
432.018 62.9751 81.2684
459.842 67.0748 75.68
461.934 40.9864 72.6267
435.355 37.3611 77.9323
462.634 67.4404 74.5181
486.419 70.0884 58.6678
487.311 44.1664 56.2735
464.726 41.3519 71.4648
488.574 70.3394 56.5061
504.532 72.0805 32.5948
504.6 46.2418 31.2751
489.466 44.4174 54.1118
505.701 72.2151 29.7604
511.31 72.8664 1.51191
511.086 47 1.50327
505.769 46.3765 28.4407
511.311 72.8655 -1.55507
505.72 72.2181 -29.7997
505.774 46.3337 -28.4832
511.086 46.999 -1.56371
504.554 72.0828 -32.631
488.611 70.3371 -56.5234
489.503 44.3794 -54.1079
504.607 46.1983 -31.3145
486.458 70.0861 -58.6831
462.669 67.4277 -74.5275
464.762 41.3392 -71.462
487.35 44.1285 -56.2676
459.876 67.0629 -75.6896
432.051 62.9668 -81.2758
435.389 37.358 -77.9324
461.969 40.9744 -72.6242
429.026 62.5408 -81.2761
401.176 58.5427 -75.696
405.782 33.3214 -72.5765
432.363 36.932 -77.9327
398.375 58.1663 -74.5273
374.683 55.1341 -58.6162
380.395 30.0555 -56.2174
402.981 32.945 -71.4078
372.531 54.8701 -56.4525
356.587 53.119 -32.5538
363.062 27.9689 -31.254
378.243 29.7915 -54.0537
355.419 52.9862 -29.7242
349.803 52.4189 -1.49607
356.557 27.1926 -1.49877
361.894 27.8361 -28.4244
357.347 24.4527 1.47734
362.696 25.0418 28.3838
370.163 0.853118 26.6048
365.169 0.267476 1.46576
363.797 25.1748 31.0534
378.946 27.0035 53.8098
385.411 2.77489 50.5394
371.264 0.986144 29.2745
380.976 27.2614 55.8508
403.555 30.1877 71.0436
408.551 5.76306 66.7562
387.44 3.03276 52.5803
406.2 30.5366 72.1472
432.778 34.161 77.5062
436.047 9.37335 72.8243
411.196 6.11203 67.8598
435.636 34.5436 77.5062
462.215 38.1688 72.2005
463.74 13.0051 67.8344
438.905 9.75592 72.8244
464.854 38.514 71.0993
487.439 41.3285 55.908
487.446 16.0906 52.5487
466.379 13.3503 66.7332
489.466 41.5847 53.8659
504.6 43.4092 31.0292
503.583 18.172 29.2203
489.473 16.3469 50.5065
505.699 43.5446 28.3546
511.016 44.1681 1.41712
509.637 18.9018 1.43066
504.683 18.3074 26.5458
511.016 44.1646 -1.47669
505.704 43.4993 -28.3962
504.681 18.2246 -26.5648
509.637 18.8984 -1.46315
504.606 43.361 -31.0672
489.502 41.5421 -53.8606
489.493 16.2774 -50.4948
503.583 18.0863 -29.2359
487.477 41.289 -55.9011
464.889 38.4998 -71.0955
466.398 13.343 -66.731
487.468 16.0243 -52.5353
462.25 38.1572 -72.1975
435.669 34.5409 -77.5058
438.923 9.75442 -72.8236
463.759 13.0004 -67.833
432.81 34.1592 -77.5059
406.23 30.5486 -72.1497
411.213 6.11935 -67.8607
436.065 9.37279 -72.8237
403.584 30.203 -71.0468
380.998 27.3135 -55.8564
387.444 3.10387 -52.592
408.567 5.77374 -66.7578
378.966 27.059 -53.8137
363.785 25.2364 -31.0139
371.239 1.07435 -29.2549
385.412 2.84937 -50.5493
362.683 25.1 -28.3408
357.346 24.4565 -1.41518
365.168 0.271282 -1.42676
370.137 0.937978 -26.5817
366.113 -2.17191 1.34077
371.107 -1.58627 26.4799
380.317 -21.4587 23.7753
375.895 -22.0802 1.32356
372.112 -1.45461 28.9246
386.259 0.33413 50.1895
393.922 -19.5681 45.2503
381.323 -21.327 26.22
388.116 0.578837 52.059
409.227 3.30914 66.2348
414.663 -16.7967 59.789
395.779 -19.3234 47.1198
411.65 3.62818 67.2427
436.501 6.88949 72.2073
439.323 -13.5308 65.1872
417.086 -16.4777 60.7969
439.119 7.23432 72.2032
463.954 10.4835 67.2132
464.124 -10.2567 60.6577
441.941 -13.186 65.183
466.37 10.8009 66.2003
487.438 13.5412 52.0158
485.302 -7.46611 46.9251
466.541 -9.93934 59.6448
489.287 13.7839 50.1476
503.397 15.609 28.8614
499.664 -5.57556 26.0933
487.152 -7.22339 45.0569
504.398 15.7385 26.4214
509.353 16.3329 1.30631
505.054 -4.8685 1.32062
500.665 -5.44613 23.6533
509.353 16.3305 -1.33459
504.397 15.6567 -26.4363
500.665 -5.44934 -23.6529
505.054 -4.87087 -1.32028
503.396 15.5251 -28.8763
489.306 13.7162 -50.1352
487.151 -7.22872 -45.0567
499.664 -5.58092 -26.0929
487.457 13.476 -52.0033
466.387 10.7947 -66.1991
466.541 -9.94193 -59.6447
485.302 -7.46892 -46.9248
463.971 10.4792 -67.2118
439.135 7.23316 -72.2024
441.942 -13.1867 -65.1828
464.125 -10.2575 -60.6575
436.517 6.88864 -72.2066
411.665 3.6352 -67.2436
417.087 -16.4779 -60.7968
439.324 -13.5312 -65.187
409.241 3.31802 -66.2356
388.117 0.64815 -52.0698
395.779 -19.3214 -47.1196
414.663 -16.7951 -59.7888
386.259 0.406078 -50.2001
372.086 -1.36894 -28.9056
381.322 -21.3224 -26.2196
393.921 -19.5635 -45.2499
371.081 -1.50275 -26.4609
366.112 -2.16944 -1.306
375.894 -22.0778 -1.32321
380.317 -21.4562 -23.7749
-273.775 467.486 25.6497
-273.049 462.425 -0.0894857
-273.821 467.462 -25.8326
-275.904 481.862 -47.6654
-278.897 503.458 -62.2426
-282.335 528.944 -67.334
-285.795 554.414 -62.1996
-288.835 576.008 -47.6397
-290.915 590.449 -25.8346
-291.665 595.526 -0.0952697
-290.954 590.459 25.6463
-288.883 576.023 47.4563
-285.82 554.43 62.016
-282.332 528.964 67.1495
-278.868 503.482 62.0572
-275.851 481.891 47.4791
382.635 -22.3863 1.76393e-05
387.057 -21.7648 22.4517
399.656 -20.0058 41.4821
418.54 -17.4792 54.1513
440.777 -14.5323 58.5415
462.96 -11.603 54.0162
481.721 -9.1298 41.2965
494.234 -7.48197 22.3329
498.623 -6.90434 0.000247942
494.233 -7.48281 -22.3323
481.721 -9.13061 -41.2962
462.96 -11.6036 -54.016
440.777 -14.5328 -58.5413
418.54 -17.4795 -54.1511
399.656 -20.0059 -41.482
387.057 -21.7648 -22.4517
</DataArray>
</Points>
<Cells>
<DataArray type="Int32" Name="connectivity" format="ascii">
0 1 2 3 
4 5 6 7 
8 9 10 11 
12 13 14 15 
16 17 18 19 
20 21 22 23 
24 25 26 27 
28 29 30 31 
32 33 34 35 
36 37 38 39 
40 41 42 43 
44 45 46 47 
48 49 50 51 
52 53 54 55 
56 57 58 59 
60 61 62 63 
64 65 66 67 
68 69 70 71 
72 73 74 75 
76 77 78 79 
80 81 82 83 
84 85 86 87 
88 89 90 91 
92 93 94 95 
96 97 98 99 
100 101 102 103 
104 105 106 107 
108 109 110 111 
112 113 114 115 
116 117 118 119 
120 121 122 123 
124 125 126 127 
128 129 130 131 
132 133 134 135 
136 137 138 139 
140 141 142 143 
144 145 146 147 
148 149 150 151 
152 153 154 155 
156 157 158 159 
160 161 162 163 
164 165 166 167 
168 169 170 171 
172 173 174 175 
176 177 178 179 
180 181 182 183 
184 185 186 187 
188 189 190 191 
192 193 194 195 
196 197 198 199 
200 201 202 203 
204 205 206 207 
208 209 210 211 
212 213 214 215 
216 217 218 219 
220 221 222 223 
224 225 226 227 
228 229 230 231 
232 233 234 235 
236 237 238 239 
240 241 242 243 
244 245 246 247 
248 249 250 251 
252 253 254 255 
256 257 258 259 
260 261 262 263 
264 265 266 267 
268 269 270 271 
272 273 274 275 
276 277 278 279 
280 281 282 283 
284 285 286 287 
288 289 290 291 
292 293 294 295 
296 297 298 299 
300 301 302 303 
304 305 306 307 
308 309 310 311 
312 313 314 315 
316 317 318 319 
320 321 322 323 
324 325 326 327 
328 329 330 331 
332 333 334 335 
336 337 338 339 
340 341 342 343 
344 345 346 347 
348 349 350 351 
352 353 354 355 
356 357 358 359 
360 361 362 363 
364 365 366 367 
368 369 370 371 
372 373 374 375 
376 377 378 379 
380 381 382 383 
384 385 386 387 
388 389 390 391 
392 393 394 395 
396 397 398 399 
400 401 402 403 
404 405 406 407 
408 409 410 411 
412 413 414 415 
416 417 418 419 
420 421 422 423 
424 425 426 427 
428 429 430 431 
432 433 434 435 
436 437 438 439 
440 441 442 443 
444 445 446 447 
448 449 450 451 
452 453 454 455 
456 457 458 459 
460 461 462 463 
464 465 466 467 
468 469 470 471 
472 473 474 475 
476 477 478 479 
480 481 482 483 
484 485 486 487 
488 489 490 491 
492 493 494 495 
496 497 498 499 
500 501 502 503 
504 505 506 507 
508 509 510 511 
512 513 514 515 
516 517 518 519 
520 521 522 523 
524 525 526 527 
528 529 530 531 
532 533 534 535 
536 537 538 539 
540 541 542 543 
544 545 546 547 
548 549 550 551 
552 553 554 555 
556 557 558 559 
560 561 562 563 
564 565 566 567 
568 569 570 571 
572 573 574 575 
576 577 578 579 
580 581 582 583 
584 585 586 587 
588 589 590 591 
592 593 594 595 
596 597 598 599 
600 601 602 603 
604 605 606 607 
608 609 610 611 
612 613 614 615 
616 617 618 619 
620 621 622 623 
624 625 626 627 
628 629 630 631 
632 633 634 635 
636 637 638 639 
640 641 642 643 
644 645 646 647 
648 649 650 651 
652 653 654 655 
656 657 658 659 
660 661 662 663 
664 665 666 667 
668 669 670 671 
672 673 674 675 
676 677 678 679 
680 681 682 683 
684 685 686 687 
688 689 690 691 
692 693 694 695 
696 697 698 699 
700 701 702 703 
704 705 706 707 
708 709 710 711 
712 713 714 715 
716 717 718 719 
720 721 722 723 
724 725 726 727 
728 729 730 731 
732 733 734 735 
736 737 738 739 
740 741 742 743 
744 745 746 747 
748 749 750 751 
752 753 754 755 
756 757 758 759 
760 761 762 763 
764 765 766 767 
768 769 770 771 
772 773 774 775 
776 777 778 779 
780 781 782 783 
784 785 786 787 
788 789 790 791 
792 793 794 795 
796 797 798 799 
800 801 802 803 
804 805 806 807 
808 809 810 811 
812 813 814 815 
816 817 818 819 
820 821 822 823 
824 825 826 827 
828 829 830 831 
832 833 834 835 
836 837 838 839 
840 841 842 843 
844 845 846 847 
848 849 850 851 
852 853 854 855 
856 857 858 859 
860 861 862 863 
864 865 866 867 
868 869 870 871 
872 873 874 875 
876 877 878 879 
880 881 882 883 
884 885 886 887 
888 889 890 891 
892 893 894 895 
896 897 898 899 
900 901 902 903 
904 905 906 907 
908 909 910 911 
912 913 914 915 
916 917 918 919 
920 921 922 923 
924 925 926 927 
928 929 930 931 
932 933 934 935 
936 937 938 939 
940 941 942 943 
944 945 946 947 
948 949 950 951 
952 953 954 955 
956 957 958 959 
960 961 962 963 
964 965 966 967 
968 969 970 971 
972 973 974 975 
976 977 978 979 
980 981 982 983 
984 985 986 987 
988 989 990 991 
992 993 994 995 
996 997 998 999 
1000 1001 1002 1003 
1004 1005 1006 1007 
1008 1009 1010 1011 
1012 1013 1014 1015 
1016 1017 1018 1019 
1020 1021 1022 1023 
1024 1025 1026 1027 
1028 1029 1030 1031 
1032 1033 1034 1035 
1036 1037 1038 1039 
1040 1041 1042 1043 
1044 1045 1046 1047 
1048 1049 1050 1051 
1052 1053 1054 1055 
1056 1057 1058 1059 
1060 1061 1062 1063 
1064 1065 1066 1067 
1068 1069 1070 1071 
1072 1073 1074 1075 
1076 1077 1078 1079 
1080 1081 1082 1083 
1084 1085 1086 1087 
1088 1089 1090 1091 
1092 1093 1094 1095 
1096 1097 1098 1099 
1100 1101 1102 1103 
1104 1105 1106 1107 
1108 1109 1110 1111 
1112 1113 1114 1115 
1116 1117 1118 1119 
1120 1121 1122 1123 
1124 1125 1126 1127 
1128 1129 1130 1131 
1132 1133 1134 1135 
1136 1137 1138 1139 
1140 1141 1142 1143 
1144 1145 1146 1147 
1148 1149 1150 1151 
1152 1153 1154 1155 
1156 1157 1158 1159 
1160 1161 1162 1163 
1164 1165 1166 1167 
1168 1169 1170 1171 
1172 1173 1174 1175 
1176 1177 1178 1179 
1180 1181 1182 1183 
1184 1185 1186 1187 
1188 1189 1190 1191 
1192 1193 1194 1195 
1196 1197 1198 1199 
1200 1201 1202 1203 
1204 1205 1206 1207 
1208 1209 1210 1211 
1212 1213 1214 1215 
1216 1217 1218 1219 
1220 1221 1222 1223 
1224 1225 1226 1227 
1228 1229 1230 1231 
1232 1233 1234 1235 
1236 1237 1238 1239 
1240 1241 1242 1243 
1244 1245 1246 1247 
1248 1249 1250 1251 
1252 1253 1254 1255 
1256 1257 1258 1259 
1260 1261 1262 1263 
1264 1265 1266 1267 
1268 1269 1270 1271 
1272 1273 1274 1275 
1276 1277 1278 1279 
1280 1281 1282 1283 
1284 1285 1286 1287 
1288 1289 1290 1291 
1292 1293 1294 1295 
1296 1297 1298 1299 
1300 1301 1302 1303 
1304 1305 1306 1307 
1308 1309 1310 1311 
1312 1313 1314 1315 
1316 1317 1318 1319 
1320 1321 1322 1323 
1324 1325 1326 1327 
1328 1329 1330 1331 
1332 1333 1334 1335 
1336 1337 1338 1339 
1340 1341 1342 1343 
1344 1345 1346 1347 
1348 1349 1350 1351 
1352 1353 1354 1355 
1356 1357 1358 1359 
1360 1361 1362 1363 
1364 1365 1366 1367 
1368 1369 1370 1371 
1372 1373 1374 1375 
1376 1377 1378 1379 
1380 1381 1382 1383 
1384 1385 1386 1387 
1388 1389 1390 1391 
1392 1393 1394 1395 
1396 1397 1398 1399 
1400 1401 1402 1403 
1404 1405 1406 1407 
1408 1409 1410 1411 
1412 1413 1414 1415 
1416 1417 1418 1419 
1420 1421 1422 1423 
1424 1425 1426 1427 
1428 1429 1430 1431 
1432 1433 1434 1435 
1436 1437 1438 1439 
1440 1441 1442 1443 
1444 1445 1446 1447 
1448 1449 1450 1451 
1452 1453 1454 1455 
1456 1457 1458 1459 
1460 1461 1462 1463 
1464 1465 1466 1467 
1468 1469 1470 1471 
1472 1473 1474 1475 
1476 1477 1478 1479 
1480 1481 1482 1483 
1484 1485 1486 1487 
1488 1489 1490 1491 
1492 1493 1494 1495 
1496 1497 1498 1499 
1500 1501 1502 1503 
1504 1505 1506 1507 
1508 1509 1510 1511 
1512 1513 1514 1515 
1516 1517 1518 1519 
1520 1521 1522 1523 
1524 1525 1526 1527 
1528 1529 1530 1531 
1532 1533 1534 1535 
1536 1537 1538 1539 
1540 1541 1542 1543 
1544 1545 1546 1547 
1548 1549 1550 1551 
1552 1553 1554 1555 
1556 1557 1558 1559 
1560 1561 1562 1563 
1564 1565 1566 1567 
1568 1569 1570 1571 
1572 1573 1574 1575 
1576 1577 1578 1579 
1580 1581 1582 1583 
1584 1585 1586 1587 
1588 1589 1590 1591 
1592 1593 1594 1595 
1596 1597 1598 1599 
1600 1601 1602 1603 
1604 1605 1606 1607 
1608 1609 1610 1611 
1612 1613 1614 1615 
1616 1617 1618 1619 
1620 1621 1622 1623 
1624 1625 1626 1627 
1628 1629 1630 1631 
1632 1633 1634 1635 
1636 1637 1638 1639 
1640 1641 1642 1643 
1644 1645 1646 1647 
1648 1649 1650 1651 
1652 1653 1654 1655 
1656 1657 1658 1659 
1660 1661 1662 1663 
1664 1665 1666 1667 
1668 1669 1670 1671 
1672 1673 1674 1675 
1676 1677 1678 1679 
1680 1681 1682 1683 
1684 1685 1686 1687 
1688 1689 1690 1691 
1692 1693 1694 1695 
1696 1697 1698 1699 
1700 1701 1702 1703 
1704 1705 1706 1707 
1708 1709 1710 1711 
1712 1713 1714 1715 
1716 1717 1718 1719 
1720 1721 1722 1723 
1724 1725 1726 1727 
1728 1729 1730 1731 
1732 1733 1734 1735 
1736 1737 1738 1739 
1740 1741 1742 1743 
1744 1745 1746 1747 
1748 1749 1750 1751 
1752 1753 1754 1755 
1756 1757 1758 1759 
1760 1761 1762 1763 
1764 1765 1766 1767 
1768 1769 1770 1771 
1772 1773 1774 1775 
1776 1777 1778 1779 
1780 1781 1782 1783 
1784 1785 1786 1787 
1788 1789 1790 1791 
1792 1793 1794 1795 
1796 1797 1798 1799 
1800 1801 1802 1803 
1804 1805 1806 1807 
1808 1809 1810 1811 
1812 1813 1814 1815 
1816 1817 1818 1819 
1820 1821 1822 1823 
1824 1825 1826 1827 
1828 1829 1830 1831 
1832 1833 1834 1835 
1836 1837 1838 1839 
1840 1841 1842 1843 
1844 1845 1846 1847 
1848 1849 1850 1851 
1852 1853 1854 1855 
1856 1857 1858 1859 
1860 1861 1862 1863 
1864 1865 1866 1867 
1868 1869 1870 1871 
1872 1873 1874 1875 
1876 1877 1878 1879 
1880 1881 1882 1883 
1884 1885 1886 1887 
1888 1889 1890 1891 
1892 1893 1894 1895 
1896 1897 1898 1899 
1900 1901 1902 1903 
1904 1905 1906 1907 
1908 1909 1910 1911 
1912 1913 1914 1915 
1916 1917 1918 1919 
1920 1921 1922 1923 
1924 1925 1926 1927 
1928 1929 1930 1931 
1932 1933 1934 1935 
1936 1937 1938 1939 
1940 1941 1942 1943 
1944 1945 1946 1947 
1948 1949 1950 1951 
1952 1953 1954 1955 
1956 1957 1958 1959 
1960 1961 1962 1963 
1964 1965 1966 1967 
1968 1969 1970 1971 
1972 1973 1974 1975 
1976 1977 1978 1979 
1980 1981 1982 1983 
1984 1985 1986 1987 
1988 1989 1990 1991 
1992 1993 1994 1995 
1996 1997 1998 1999 
2000 2001 2002 2003 
2004 2005 2006 2007 
2008 2009 2010 2011 
2012 2013 2014 2015 
2016 2017 2018 2019 
2020 2021 2022 2023 
2024 2025 2026 2027 
2028 2029 2030 2031 
2032 2033 2034 2035 
2036 2037 2038 2039 
2040 2041 2042 2043 
2044 2045 2046 2047 
2048 2049 2050 2051 2052 2053 2054 2055 2056 2057 2058 2059 2060 2061 2062 2063 
2064 2065 2066 2067 2068 2069 2070 2071 2072 2073 2074 2075 2076 2077 2078 2079 
</DataArray>
<DataArray type="Int32" Name="offsets" format="ascii">
4 8 12 16 20 24 28 32 36 40 44 48 52 56 60 64 68 72 76 80 84 88 92 96 100 104 108 112 116 120 124 128 132 136 140 144 148 152 156 160 164 168 172 176 180 184 188 192 196 200 204 208 212 216 220 224 228 232 236 240 244 248 252 256 260 264 268 272 276 280 284 288 292 296 300 304 308 312 316 320 324 328 332 336 340 344 348 352 356 360 364 368 372 376 380 384 388 392 396 400 404 408 412 416 420 424 428 432 436 440 444 448 452 456 460 464 468 472 476 480 484 488 492 496 500 504 508 512 516 520 524 528 532 536 540 544 548 552 556 560 564 568 572 576 580 584 588 592 596 600 604 608 612 616 620 624 628 632 636 640 644 648 652 656 660 664 668 672 676 680 684 688 692 696 700 704 708 712 716 720 724 728 732 736 740 744 748 752 756 760 764 768 772 776 780 784 788 792 796 800 804 808 812 816 820 824 828 832 836 840 844 848 852 856 860 864 868 872 876 880 884 888 892 896 900 904 908 912 916 920 924 928 932 936 940 944 948 952 956 960 964 968 972 976 980 984 988 992 996 1000 1004 1008 1012 1016 1020 1024 1028 1032 1036 1040 1044 1048 1052 1056 1060 1064 1068 1072 1076 1080 1084 1088 1092 1096 1100 1104 1108 1112 1116 1120 1124 1128 1132 1136 1140 1144 1148 1152 1156 1160 1164 1168 1172 1176 1180 1184 1188 1192 1196 1200 1204 1208 1212 1216 1220 1224 1228 1232 1236 1240 1244 1248 1252 1256 1260 1264 1268 1272 1276 1280 1284 1288 1292 1296 1300 1304 1308 1312 1316 1320 1324 1328 1332 1336 1340 1344 1348 1352 1356 1360 1364 1368 1372 1376 1380 1384 1388 1392 1396 1400 1404 1408 1412 1416 1420 1424 1428 1432 1436 1440 1444 1448 1452 1456 1460 1464 1468 1472 1476 1480 1484 1488 1492 1496 1500 1504 1508 1512 1516 1520 1524 1528 1532 1536 1540 1544 1548 1552 1556 1560 1564 1568 1572 1576 1580 1584 1588 1592 1596 1600 1604 1608 1612 1616 1620 1624 1628 1632 1636 1640 1644 1648 1652 1656 1660 1664 1668 1672 1676 1680 1684 1688 1692 1696 1700 1704 1708 1712 1716 1720 1724 1728 1732 1736 1740 1744 1748 1752 1756 1760 1764 1768 1772 1776 1780 1784 1788 1792 1796 1800 1804 1808 1812 1816 1820 1824 1828 1832 1836 1840 1844 1848 1852 1856 1860 1864 1868 1872 1876 1880 1884 1888 1892 1896 1900 1904 1908 1912 1916 1920 1924 1928 1932 1936 1940 1944 1948 1952 1956 1960 1964 1968 1972 1976 1980 1984 1988 1992 1996 2000 2004 2008 2012 2016 2020 2024 2028 2032 2036 2040 2044 2048 2064 2080 
</DataArray>
<DataArray type="UInt8" Name="types" format="ascii">
7 7 7 7 7 7 7 7 7 7 7 7 7 7 7 7 7 7 7 7 7 7 7 7 7 7 7 7 7 7 7 7 7 7 7 7 7 7 7 7 7 7 7 7 7 7 7 7 7 7 7 7 7 7 7 7 7 7 7 7 7 7 7 7 7 7 7 7 7 7 7 7 7 7 7 7 7 7 7 7 7 7 7 7 7 7 7 7 7 7 7 7 7 7 7 7 7 7 7 7 7 7 7 7 7 7 7 7 7 7 7 7 7 7 7 7 7 7 7 7 7 7 7 7 7 7 7 7 7 7 7 7 7 7 7 7 7 7 7 7 7 7 7 7 7 7 7 7 7 7 7 7 7 7 7 7 7 7 7 7 7 7 7 7 7 7 7 7 7 7 7 7 7 7 7 7 7 7 7 7 7 7 7 7 7 7 7 7 7 7 7 7 7 7 7 7 7 7 7 7 7 7 7 7 7 7 7 7 7 7 7 7 7 7 7 7 7 7 7 7 7 7 7 7 7 7 7 7 7 7 7 7 7 7 7 7 7 7 7 7 7 7 7 7 7 7 7 7 7 7 7 7 7 7 7 7 7 7 7 7 7 7 7 7 7 7 7 7 7 7 7 7 7 7 7 7 7 7 7 7 7 7 7 7 7 7 7 7 7 7 7 7 7 7 7 7 7 7 7 7 7 7 7 7 7 7 7 7 7 7 7 7 7 7 7 7 7 7 7 7 7 7 7 7 7 7 7 7 7 7 7 7 7 7 7 7 7 7 7 7 7 7 7 7 7 7 7 7 7 7 7 7 7 7 7 7 7 7 7 7 7 7 7 7 7 7 7 7 7 7 7 7 7 7 7 7 7 7 7 7 7 7 7 7 7 7 7 7 7 7 7 7 7 7 7 7 7 7 7 7 7 7 7 7 7 7 7 7 7 7 7 7 7 7 7 7 7 7 7 7 7 7 7 7 7 7 7 7 7 7 7 7 7 7 7 7 7 7 7 7 7 7 7 7 7 7 7 7 7 7 7 7 7 7 7 7 7 7 7 7 7 7 7 7 7 7 7 7 7 7 7 7 7 7 7 7 7 7 7 7 7 7 7 7 7 7 7 7 7 7 7 7 7 7 7 7 7 7 7 7 7 7 7 7 7 7 7 7 7 7 7 7 7 7 
</DataArray>
</Cells>
<CellData Scalars="cell variable 4" Vectors="cell vector">
<DataArray type="Float64" NumberOfComponents="3" Name="cell vector" format="ascii">
0.938531 -0.00958171 0.345061
0.834564 0.226656 0.502125
0.79587 0.425121 0.431118
0.829632 0.487293 0.2725
0.967796 -0.0352701 0.249254
0.85485 -0.243992 0.457929
0.815112 -0.0584425 0.576348
0.86806 0.23883 0.435238
0.767806 0.161929 -0.619881
0.778507 -0.104452 -0.618883
0.854371 -0.245236 -0.45816
0.970343 0.0167611 -0.241149
0.821714 0.499705 -0.274009
0.795594 0.425124 -0.431624
0.832157 0.228286 -0.505371
0.91758 0.00183129 -0.397547
-0.0150134 0.194652 0.980758
-0.04416 0.553271 0.83183
-0.0728828 0.827329 0.55697
-0.10454 0.974863 0.196759
-0.144772 0.969905 -0.195769
-0.182363 0.810159 -0.557123
0.127536 -0.539461 0.832296
0.0418754 -0.189706 0.980948
-0.0433784 0.190189 0.980789
-0.126325 0.540334 0.831914
-0.181264 0.81066 0.556752
-0.144337 0.970013 0.195556
-0.104373 0.974842 -0.196952
-0.0730641 0.827071 -0.557328
0.0439424 -0.552624 0.832271
0.0149962 -0.193785 0.980929
-0.020094 0.194765 0.980644
-0.0566365 0.553462 0.830947
-0.0843512 0.827466 0.555144
-0.104058 0.975251 0.195084
-0.129581 0.972135 -0.19535
-0.196558 0.809347 -0.553464
0.11901 -0.543736 0.830775
0.0360332 -0.191661 0.9808
-0.0364504 0.192365 0.980646
-0.118751 0.5443 0.830443
-0.195558 0.809801 0.553154
-0.129737 0.972181 0.195017
-0.1048 0.975103 -0.195423
-0.0846756 0.827173 -0.555531
0.0560887 -0.552956 0.831321
0.0196206 -0.194031 0.980799
-0.0171121 0.194959 0.980662
-0.0460881 0.554567 0.830862
-0.0647331 0.829821 0.554263
-0.0746929 0.978262 0.193451
-0.0922009 0.976301 -0.195792
-0.242921 0.800643 -0.547686
0.765177 -0.293175 0.573195
0.99249 0.119353 0.0268209
0.992488 0.11986 -0.0245315
0.728052 -0.32045 -0.606013
-0.242617 0.800963 0.547353
-0.0931449 0.976292 0.195391
-0.0756688 0.978102 -0.193881
-0.0651412 0.829506 -0.554685
0.0456144 -0.5541 0.831199
0.0163539 -0.1943 0.980806
-0.0071386 0.195512 0.980675
-0.0189047 0.556227 0.830815
-0.027471 0.832202 0.553791
-0.0345897 0.980688 0.192494
-0.0509735 0.979226 -0.196262
-0.127405 0.824793 -0.550895
0.602213 -0.422629 0.677292
0.997631 0.0496776 0.0475964
0.997938 0.0516763 -0.0380669
-0.470165 0.475648 0.743441
-0.128764 0.824908 0.550405
-0.0524701 0.979246 0.195767
-0.035501 0.980557 -0.192998
-0.0278864 0.831886 -0.554245
0.0185493 -0.555755 0.831139
0.00611499 -0.194887 0.980807
0.00279511 0.19555 0.98069
0.00891015 0.556315 0.830924
0.0130432 0.832401 0.55402
0.0128469 0.981202 0.192557
0.00114912 0.980472 -0.196654
-0.0412859 0.832805 -0.552025
0.447156 -0.500955 0.74101
0.998808 -0.0104019 0.0476856
0.999023 -0.00951077 -0.0431618
-0.288877 0.536437 0.79296
-0.0419037 0.833099 0.551534
0.000145863 0.980583 0.196106
0.0120833 0.981105 -0.193098
0.0126065 0.832101 -0.554481
-0.00920535 -0.55583 0.831245
-0.00388132 -0.194903 0.980815
0.0130185 0.19503 0.980711
0.038034 0.554805 0.831111
0.0566561 0.830311 0.554414
0.0650421 0.979078 0.192811
0.0582269 0.978694 -0.196893
0.0299478 0.832989 -0.552479
0.202616 -0.557154 0.805311
0.996829 -0.0686322 0.040278
0.997054 -0.0678054 -0.0358573
-0.144265 0.560877 0.815233
0.0288032 0.833332 0.552022
0.0576598 0.97883 0.196384
0.0645074 0.979014 -0.193315
0.056259 0.830049 -0.554845
-0.0383087 -0.554316 0.831424
-0.0140987 -0.194321 0.980837
0.0236466 0.193923 0.980732
0.0685044 0.551594 0.831295
0.102658 0.825645 0.554772
0.120382 0.973779 0.193036
0.117484 0.973328 -0.197052
0.0931645 0.828139 -0.552726
0.0297567 -0.564568 0.82485
0.991496 -0.126707 0.0296818
0.991992 -0.124764 -0.0196397
-0.0270629 0.564793 0.824789
0.0907488 0.828688 0.552305
0.116728 0.973513 0.196591
0.119926 0.973746 -0.193484
0.102302 0.825431 -0.555156
-0.0688005 -0.551104 0.831596
-0.0247713 -0.193125 0.980861
0.0346489 0.192183 0.980747
0.100091 0.546535 0.831433
0.150369 0.818125 0.555031
0.177598 0.964955 0.193186
0.177224 0.964214 -0.19719
0.150772 0.819477 -0.552925
-0.0694057 -0.555687 0.828489
0.982693 -0.184466 0.0169191
0.983327 -0.181815 -0.00330113
0.0632898 0.557128 0.828011
0.147723 0.820304 0.552521
0.17618 0.964495 0.19675
0.177097 0.964965 -0.193595
0.150014 0.817963 -0.555367
-0.100419 -0.54604 0.831719
-0.0358438 -0.191273 0.980882
0.0458704 0.18977 0.980756
0.132286 0.539509 0.831523
0.199004 0.807559 0.555198
0.235658 0.952423 0.193278
0.236684 0.951343 -0.197297
0.2045 0.807632 -0.553091
-0.141556 -0.541032 0.829003
0.970185 -0.242299 0.00564474
0.970832 -0.239624 0.00815794
0.13904 0.542138 0.828706
0.201571 0.808639 0.552695
0.235574 0.951707 0.196873
0.235099 0.952484 -0.193656
0.198615 0.807455 -0.55549
-0.132634 -0.539006 0.831794
-0.0471224 -0.188733 0.980897
0.057241 0.186637 0.98076
0.164807 0.530385 0.831583
0.247985 0.793807 0.555314
0.293791 0.936112 0.193341
0.295406 0.934764 -0.197363
0.255845 0.792777 -0.553216
-0.197282 -0.523744 0.828717
0.953768 -0.300543 -0.0010623
0.954444 -0.298061 0.0140026
0.207373 0.520838 0.828085
0.253212 0.793892 0.552828
0.294338 0.935186 0.196956
0.293202 0.936225 -0.193688
0.247562 0.793766 -0.555561
-0.165155 -0.529875 0.831839
-0.0585087 -0.185467 0.980907
0.0686766 0.182742 0.980759
0.197386 0.519092 0.831615
0.29682 0.776815 0.555389
0.351466 0.916008 0.193392
0.353117 0.914519 -0.197392
0.305164 0.77507 -0.5533
-0.236625 -0.507442 0.82856
0.93341 -0.358797 -0.00314282
0.934096 -0.356742 0.0141345
0.261936 0.497358 0.827058
0.3031 0.776152 0.552919
0.352164 0.91497 0.197006
0.350868 0.916171 -0.193706
0.296374 0.776839 -0.555593
-0.197716 -0.518576 0.831858
-0.0699083 -0.181444 0.980913
0.0800042 0.178098 0.980755
0.229557 0.505678 0.831621
0.34497 0.756634 0.555428
0.408226 0.892152 0.193434
0.409677 0.890618 -0.197395
0.352741 0.754574 -0.553346
-0.264388 -0.493279 0.828719
0.909187 -0.416381 -0.00257509
0.909802 -0.4149 0.0108468
0.302283 0.474982 0.826448
0.351287 0.755524 0.552975
0.408828 0.891088 0.197031
0.407648 0.892355 -0.193717
0.344536 0.756711 -0.555592
-0.229865 -0.505158 0.831852
-0.081144 -0.176687 0.980917
0.091127 0.172708 0.980749
0.261058 0.490176 0.83161
0.392057 0.73333 0.555444
0.463666 0.86463 0.193467
0.464813 0.863128 -0.197382
0.398816 0.731255 -0.553364
-0.284889 -0.481227 0.829011
0.881024 -0.47307 0.00132357
0.881682 -0.471805 0.00612802
0.315846 0.464222 0.827489
0.397647 0.732163 0.553006
0.464149 0.863563 0.197039
0.463204 0.86482 -0.19372
0.391685 0.733434 -0.555569
-0.261333 -0.489657 0.83183
-0.0921173 -0.171216 0.980918
0.101953 0.166596 0.98074
0.291658 0.472649 0.831588
0.437764 0.707 0.55544
0.517449 0.833552 0.193488
0.518211 0.832169 -0.197361
0.443031 0.705346 -0.553362
-0.299147 -0.472124 0.829222
0.849236 -0.527985 0.005458
0.8497 -0.527266 -0.000756893
0.311888 0.464624 0.828765
0.442503 0.705951 0.553014
0.517776 0.832517 0.197035
0.517103 0.833714 -0.193714
0.437456 0.707122 -0.555527
-0.291888 -0.472141 0.831796
-0.102756 -0.165054 0.980917
0.11239 0.159803 0.98073
0.321118 0.453215 0.831552
0.481759 0.677809 0.555413
0.569253 0.79907 0.193491
0.569733 0.797786 -0.197335
0.485682 0.676706 -0.553338
-0.307969 -0.466731 0.829046
0.813791 -0.581048 0.011258
0.813938 -0.580872 -0.00960787
0.291496 0.478554 0.828261
0.485754 0.676925 0.553005
0.5696 0.797957 0.19703
0.569055 0.799163 -0.19369
0.481518 0.67794 -0.555462
-0.32129 -0.45273 0.83175
-0.11298 -0.158245 0.980915
0.122361 0.152375 0.980719
0.349235 0.432009 0.831506
0.523723 0.645985 0.555354
0.6187 0.761439 0.193446
0.619196 0.760036 -0.197338
0.527467 0.644704 -0.553295
-0.315081 -0.463406 0.828239
0.774583 -0.632165 0.0196903
0.774173 -0.632594 -0.0219313
0.249546 0.51187 0.822019
0.528456 0.644153 0.552992
0.619565 0.759804 0.197072
0.618679 0.761416 -0.193602
0.523539 0.64613 -0.555359
-0.349344 -0.43156 0.831694
-0.122733 -0.150824 0.980912
0.131823 0.144347 0.980707
0.375904 0.409122 0.831454
0.563471 0.611702 0.555267
0.665398 0.721021 0.193327
0.66577 0.719548 -0.197485
0.568323 0.608859 -0.553444
-0.361389 -0.426797 0.829001
0.733805 -0.679225 0.0135636
0.733046 -0.679942 -0.0179654
0.321571 0.461979 0.826539
0.570096 0.607427 0.553194
0.666299 0.719115 0.19728
0.665413 0.72098 -0.193424
0.563321 0.611877 -0.555226
-0.375973 -0.408693 0.831633
-0.132004 -0.142801 0.980909
0.140724 0.135772 0.980695
0.401013 0.384668 0.831396
0.600952 0.575025 0.555161
0.709529 0.677685 0.193163
0.709641 0.67625 -0.197727
0.604492 0.572662 -0.553758
-0.365768 -0.424523 0.828247
-0.690421 0.723319 -0.0113063
-0.689917 0.723755 0.0139065
0.200219 0.568561 0.797904
0.60644 0.570795 0.553555
0.709943 0.675978 0.197571
0.709462 0.67774 -0.193217
0.600831 0.575222 -0.555087
-0.40107 -0.384229 0.831572
-0.140742 -0.134221 0.980906
0.149032 0.126699 0.980682
0.424433 0.358813 0.83133
0.635892 0.536247 0.555051
0.750617 0.63191 0.19304
0.750263 0.63085 -0.19782
0.636726 0.536536 -0.553814
-0.358502 -0.436577 0.825153
-0.644481 0.764513 -0.012799
-0.644203 0.764727 0.0139597
0.309935 0.48612 0.817085
0.63832 0.534827 0.553631
0.750343 0.630802 0.197672
0.750512 0.63202 -0.193087
0.635814 0.53643 -0.554962
-0.424481 -0.358347 0.831507
-0.14889 -0.125158 0.980901
0.156691 0.117207 0.980668
0.445979 0.33182 0.831263
0.66795 0.495845 0.55496
0.788203 0.58437 0.192999
0.787554 0.583656 -0.197749
0.668702 0.496288 -0.553657
-0.411301 -0.381608 0.827772
-0.596734 0.802416 -0.0060761
-0.596228 0.80277 0.00850593
0.422061 0.36825 0.828406
0.670437 0.494138 0.553482
0.787777 0.583405 0.197601
0.788147 0.584429 -0.193047
0.667911 0.496008 -0.554861
-0.44601 -0.331332 0.831441
-0.156387 -0.115703 0.980896
0.163646 0.107406 0.980655
0.465535 0.303963 0.831194
0.697083 0.454076 0.554879
0.822554 0.534938 0.192994
0.822169 0.533832 -0.19764
0.699278 0.452369 -0.553509
-0.462545 -0.314032 0.829118
-0.546691 0.837334 -0.000868638
-0.545897 0.837838 0.00479172
0.468347 0.305337 0.829108
0.701048 0.449787 0.553374
0.822596 0.533213 0.197534
0.822582 0.534889 -0.19301
0.697097 0.454205 -0.554756
-0.465563 -0.303438 0.83137
-0.16319 -0.105955 0.980889
0.169891 0.0973841 0.980639
0.483103 0.275449 0.831108
0.723283 0.411213 0.554766
0.85354 0.483974 0.192972
0.853626 0.481986 -0.197516
0.727592 0.405492 -0.553341
-0.515946 -0.221634 0.827453
-0.494894 0.868946 0.00355184
-0.494418 0.869223 -0.00144096
0.516442 0.220734 0.827384
0.72843 0.404092 0.553262
0.853905 0.48151 0.197469
0.853606 0.483872 -0.192936
0.723373 0.411268 -0.554608
-0.483161 -0.274836 0.831276
-0.169315 -0.0959735 0.980878
0.175416 0.0872478 0.980621
0.498653 0.24659 0.830986
0.746446 0.367767 0.554587
0.880946 0.432111 0.19291
0.881692 0.428565 -0.197363
0.753623 0.355143 -0.553106
-0.569293 -0.0911287 0.817068
-0.441816 0.897062 0.00884131
-0.44165 0.897148 -0.00843687
0.567155 0.0966909 0.817915
0.753879 0.354652 0.553072
0.881737 0.428475 0.197357
0.88097 0.432097 -0.192833
0.746589 0.367765 -0.554395
-0.498761 -0.245836 0.831145
-0.174759 -0.085854 0.980861
0.180214 0.0771168 0.9806
0.512147 0.217793 0.830826
0.76647 0.324429 0.554319
0.904599 0.380175 0.192789
0.906242 0.373968 -0.197163
0.777573 0.299741 -0.552753
-0.611011 0.0848159 0.787065
-0.387802 0.921612 0.0154923
-0.387968 0.921519 -0.0168459
0.607855 -0.0708487 0.790881
0.777378 0.300233 0.552761
0.906069 0.374375 0.197186
0.904571 0.380291 -0.19269
0.766652 0.324359 -0.554108
-0.51231 -0.216843 0.830974
-0.179501 -0.0757433 0.980838
0.184285 0.0670674 0.980582
0.523587 0.189437 0.830645
0.783333 0.281982 0.553964
0.924379 0.329294 0.192585
0.927092 0.318947 -0.196911
0.799558 0.236239 -0.552176
-0.621146 0.284395 0.730272
-0.332921 0.942678 0.0228462
-0.333652 0.942308 -0.0270674
0.619088 -0.249123 0.74476
0.79879 0.238665 0.552244
0.926752 0.319921 0.196932
0.924344 0.329443 -0.192498
0.783557 0.281773 -0.553754
-0.523803 -0.18823 0.830783
-0.183537 -0.0657728 0.98081
0.187656 0.0570187 0.980578
0.533052 0.161631 0.830501
0.797117 0.241131 0.553588
0.940236 0.281026 0.192302
0.943756 0.265843 -0.196601
0.819165 0.159066 -0.55106
-0.589908 0.483869 0.646436
-0.276553 0.960544 0.0295547
-0.277728 0.95999 -0.0358593
0.598131 -0.41325 0.686632
0.818189 0.163487 0.551215
0.943439 0.26699 0.196567
0.940247 0.281008 -0.192275
0.79737 0.240701 -0.553411
-0.533312 -0.160116 0.830627
-0.186903 -0.0559457 0.980784
0.190397 0.0465954 0.980601
0.540655 0.134105 0.830486
0.807851 0.202629 0.553459
0.952163 0.237485 0.192318
0.955104 0.222012 -0.196183
0.834566 0.0550122 -0.548155
-0.484689 0.734804 0.474489
-0.215017 0.976119 0.0309801
-0.215914 0.975767 -0.0355077
0.509885 -0.67892 0.528285
0.834082 0.0597363 0.548396
0.955013 0.222496 0.196075
0.952243 0.237119 -0.192376
0.808112 0.201861 -0.553359
-0.54096 -0.132177 0.830597
-0.189705 -0.0460213 0.980762
0.192347 0.0364762 0.980649
0.545814 0.109249 0.830754
0.81435 0.171722 0.554387
0.95849 0.208838 0.194125
0.961713 0.192639 -0.19493
0.829744 -0.162063 -0.534098
-0.2186 0.965292 0.142918
-0.131321 0.991144 0.0197148
-0.131392 0.991137 -0.0195743
-0.213582 0.967581 -0.134791
0.830376 -0.156319 0.534828
0.961895 0.191816 0.194847
0.958765 0.207499 -0.194199
0.814659 0.170104 -0.554432
-0.54624 -0.106452 0.830836
-0.191881 -0.0367441 0.98073
0.192662 0.0295898 0.980819
0.547175 0.0896197 0.832206
0.818007 0.139705 0.557985
0.965958 0.165657 0.198704
0.971552 0.13431 -0.195057
0.828412 0.0168243 -0.559867
-0.552855 -0.03004 0.832736
-0.194089 -0.0139555 0.980885
0.193857 0.0131913 0.980941
0.552811 0.0289658 0.832803
0.828452 0.0180478 0.559769
0.971615 0.133766 0.195116
0.966292 0.163916 -0.198525
0.818507 0.137209 -0.557871
-0.547783 -0.0869429 0.832091
-0.192258 -0.0309701 0.980856
0.192705 0.0289877 0.980828
0.547002 0.0879838 0.832495
0.818744 0.13295 0.558554
0.968619 0.149485 0.198575
0.973309 0.117802 -0.196959
0.825251 0.050841 -0.562473
-0.550137 -0.0370486 0.834252
-0.193073 -0.0138704 0.981086
0.193099 0.0147457 0.981069
0.549985 0.0341231 0.834477
0.825228 0.0501099 0.562573
0.973299 0.117858 0.196975
0.968956 0.147726 -0.198244
0.819627 0.129348 -0.558104
-0.547703 -0.085622 0.83228
-0.191789 -0.0318592 0.980919
0.191593 0.0297262 0.981024
0.543215 0.09201 0.834537
0.816314 0.134533 0.561722
0.975499 0.112811 0.188881
0.968796 -0.0346584 -0.245423
0.789076 -0.122671 -0.601923
-0.529143 0.0517907 0.846951
-0.183035 0.0298933 0.982652
0.182647 -0.0299945 0.982721
0.522817 -0.0801991 0.848664
0.78881 -0.12397 0.602006
0.969592 -0.0269628 0.243237
0.975586 0.112296 -0.188736
0.819789 0.123959 -0.559088
-0.546215 -0.084994 0.833321
-0.189512 -0.0348311 0.98126
0.00209039 -0.0148897 0.999887
0.00408152 0.000544941 0.999992
</DataArray>
<DataArray type="Float64" Name="cell vector length" format="ascii">
0.021281 0.0368503 0.0441181 0.0363312 0.0224876 0.0576721 0.0491165 0.0195252 0.0172649 0.0486473 0.0563977 0.0197376 0.0391647 0.0456063 0.0347353 0.0139009 0.393327 0.389641 0.381164 0.367722 0.358002 0.371905 0.3914 0.399287 0.40214 0.395871 0.372197 0.358209 0.36773 0.381282 0.388374 0.394046 0.492418 0.488008 0.477454 0.458546 0.434134 0.460153 0.494561 0.5081 0.508789 0.497258 0.46023 0.434296 0.458827 0.4777 0.486916 0.492036 0.528898 0.520374 0.502098 0.470365 0.415366 0.25995 0.0402704 0.102709 0.102485 0.0398129 0.259737 0.415583 0.470599 0.502244 0.519703 0.528718 0.542878 0.534613 0.514796 0.476305 0.404127 0.252366 0.035742 0.0757639 0.0743671 0.041321 0.253971 0.404469 0.476402 0.51483 0.534517 0.54292 0.548769 0.539923 0.517837 0.473517 0.391097 0.243368 0.0293265 0.0666294 0.0650114 0.0413513 0.245263 0.391398 0.473521 0.517767 0.540198 0.548879 0.552067 0.541885 0.517175 0.468481 0.381081 0.236768 0.0306308 0.0606343 0.0596077 0.040272 0.23819 0.381472 0.468474 0.517039 0.542598 0.552266 0.553856 0.542291 0.515297 0.463533 0.37327 0.230693 0.0360528 0.0566816 0.0562352 0.0385612 0.231522 0.373663 0.46355 0.515155 0.543638 0.554216 0.554587 0.541796 0.512969 0.45916 0.367291 0.224837 0.0373505 0.0551097 0.0549017 0.0346239 0.225324 0.367518 0.459165 0.512862 0.543928 0.555159 0.554594 0.540766 0.510522 0.455326 0.362476 0.220197 0.0367509 0.0549655 0.0550444 0.0294127 0.220221 0.362481 0.455288 0.510464 0.543773 0.555408 0.554108 0.539358 0.508036 0.451853 0.358315 0.215849 0.0357018 0.0556442 0.0559417 0.0240363 0.21547 0.358135 0.451781 0.508028 0.543287 0.555183 0.553357 0.537797 0.50562 0.448668 0.354576 0.211893 0.0345941 0.0567884 0.0572103 0.0194514 0.211213 0.354267 0.448583 0.505664 0.54267 0.554704 0.552516 0.536208 0.503286 0.445681 0.351092 0.208185 0.0333923 0.0582895 0.0587736 0.0158283 0.207321 0.350712 0.445599 0.503383 0.542027 0.55414 0.551684 0.534662 0.501069 0.442864 0.347773 0.204624 0.0322009 0.0599359 0.0603998 0.0133508 0.20372 0.347373 0.442814 0.501237 0.541427 0.553592 0.550906 0.533208 0.499004 0.440219 0.34457 0.201123 0.0310317 0.061625 0.0620157 0.0119088 0.200233 0.344196 0.440243 0.499273 0.540911 0.553102 0.550193 0.531873 0.497132 0.437784 0.341467 0.19754 0.029809 0.0633506 0.0637049 0.0114642 0.196715 0.341152 0.437922 0.497532 0.540493 0.552675 0.549543 0.53065 0.495452 0.435612 0.338588 0.193874 0.0281443 0.0658031 0.065998 0.0103711 0.19334 0.338445 0.435954 0.496017 0.540146 0.552301 0.548964 0.529528 0.493915 0.433641 0.336023 0.190493 0.026905 0.0767235 0.0775007 0.00663548 0.189549 0.336215 0.43427 0.494658 0.539843 0.551982 0.548458 0.528518 0.492527 0.431859 0.333774 0.187622 0.0206946 0.110039 0.110597 0.0029864 0.187272 0.334354 0.43275 0.493429 0.53959 0.551723 0.548026 0.527644 0.491362 0.430364 0.331741 0.184858 0.0201993 0.118843 0.119131 0.00965387 0.185089 0.332625 0.431445 0.492398 0.539414 0.551526 0.547638 0.526882 0.490374 0.429049 0.329786 0.182121 0.0185876 0.119126 0.118456 0.0176102 0.183786 0.330974 0.430307 0.49153 0.539284 0.551353 0.547194 0.526135 0.48948 0.427924 0.328192 0.179997 0.0177855 0.119013 0.118525 0.0194389 0.181787 0.329775 0.429406 0.490749 0.539095 0.551101 0.546533 0.525294 0.488701 0.427242 0.327406 0.178801 0.0173887 0.119572 0.119176 0.0188989 0.180749 0.329342 0.428961 0.490082 0.538752 0.550613 0.545463 0.524236 0.488064 0.427238 0.32779 0.178701 0.0175774 0.121129 0.120837 0.0188946 0.180677 0.329927 0.429124 0.489535 0.538144 0.549703 0.543748 0.522762 0.487498 0.428141 0.329908 0.180054 0.0191233 0.124083 0.123798 0.0203778 0.182118 0.332134 0.430071 0.489009 0.537082 0.548144 0.541012 0.520443 0.486633 0.430008 0.334608 0.183436 0.0232132 0.129093 0.128772 0.0247715 0.18552 0.336755 0.431846 0.488146 0.535178 0.545574 0.536312 0.51601 0.483946 0.431675 0.342515 0.189152 0.0301322 0.137699 0.13716 0.0315359 0.191194 0.344334 0.433313 0.485471 0.531261 0.541092 0.52517 0.50399 0.472982 0.426232 0.349911 0.193345 0.0409579 0.156907 0.155841 0.0383771 0.195406 0.351204 0.427609 0.474544 0.520117 0.530323 0.482121 0.45758 0.424679 0.381229 0.308755 0.13742 0.114951 0.235206 0.236159 0.117037 0.137945 0.309509 0.382427 0.426214 0.475676 0.488045 0.446635 0.424793 0.398178 0.366141 0.336251 0.372661 0.445677 0.460056 0.45346 0.428176 0.370324 0.336894 0.367353 0.400117 0.444595 0.453278 0.403675 0.378759 0.348705 0.316618 0.296932 0.320425 0.384731 0.401613 0.393554 0.361327 0.318932 0.297478 0.317403 0.349927 0.399966 0.410862 0.157404 0.136179 0.108035 0.0742636 0.0588137 0.0771555 0.129958 0.140249 0.134564 0.110119 0.0788141 0.0588784 0.0742501 0.105772 0.155672 0.163091 0.0238358 0.0151589 
</DataArray>
<DataArray type="Float64" Name="cell variable 4" format="ascii">
722.584 725.539 723.934 717.172 715.044 729.634 729.278 718.983 720.101 729.484 730.244 714.128 718.129 723.246 722.57 718.921 1171.83 1170.21 1170.05 1167.64 1168.56 1172.6 1173.7 1174.54 1178.26 1178 1173.35 1169.47 1166.91 1168.88 1169.82 1173.99 1393.49 1391.9 1392.32 1389.32 1385.76 1397.52 1396.28 1417.57 1418.12 1399.54 1397.82 1386.02 1389.22 1392.12 1391.92 1393.64 1485.25 1475.77 1462.13 1441.08 1416.69 1398.84 1387.3 1566.53 1566.85 1390.47 1399.41 1416.7 1440.9 1462.19 1476.62 1485.74 1517.12 1505.41 1488.78 1467.56 1446.38 1422.52 1387.39 1559.65 1557.11 1395.72 1422.42 1446.13 1467.45 1488.93 1507.42 1517.91 1525.92 1512.03 1492.05 1468.72 1446.87 1425.49 1381.5 1550.25 1547.01 1395.49 1424.76 1446.52 1468.76 1492.34 1515.28 1527 1530.77 1513.59 1489.29 1463.54 1441.48 1422.63 1383.8 1541.32 1539.47 1394.22 1422.44 1441.31 1463.6 1489.57 1518.16 1532.15 1534.19 1513.52 1484.8 1456.58 1434.34 1417.25 1390.33 1535.07 1534.41 1392.37 1417.58 1434.44 1456.7 1485.02 1519.77 1535.99 1536.72 1512.71 1479.75 1449.29 1427.02 1411.22 1393.17 1532.68 1532.32 1388.36 1411.66 1427.27 1449.5 1479.97 1521 1539.05 1538.56 1511.46 1474.74 1442.37 1420.15 1405.47 1393.1 1532.09 1532.1 1382.57 1405.93 1420.49 1442.68 1475.03 1522.04 1541.52 1539.83 1509.82 1470.1 1436.06 1413.74 1399.94 1392.64 1532.51 1532.85 1376.8 1400.44 1414.16 1436.46 1470.47 1522.85 1543.48 1540.6 1507.96 1465.86 1430.44 1407.95 1394.82 1392.16 1533.43 1533.98 1372.02 1395.36 1408.44 1430.91 1466.3 1523.48 1544.98 1541 1505.99 1461.88 1425.37 1402.7 1390.09 1391.63 1534.6 1535.33 1368.62 1390.63 1403.2 1425.86 1462.38 1524.01 1546.16 1541.12 1503.96 1458.2 1420.83 1398 1385.78 1391.18 1535.71 1536.48 1366.61 1386.29 1398.49 1421.35 1458.76 1524.43 1547.05 1540.95 1501.9 1454.86 1416.85 1393.84 1381.9 1390.89 1536.62 1537.27 1365.89 1382.35 1394.34 1417.41 1455.48 1524.73 1547.65 1540.46 1499.85 1451.9 1413.49 1390.28 1378.35 1390.56 1537.19 1537.77 1366.54 1378.63 1390.71 1414.06 1452.55 1524.91 1547.9 1539.69 1497.78 1449.28 1410.71 1387.37 1375.25 1389.91 1537.25 1537.59 1366.11 1375.53 1387.81 1411.27 1449.9 1524.85 1547.81 1538.64 1495.67 1446.85 1408.2 1384.71 1372.64 1390.25 1536.84 1538.31 1365.33 1373.24 1385.27 1408.72 1447.38 1524.53 1547.4 1537.31 1493.51 1444.62 1406 1382.38 1370.71 1392.07 1562.37 1563.68 1370.13 1371.45 1382.92 1406.43 1445.06 1524.03 1546.67 1535.72 1491.34 1442.74 1404.52 1380.99 1369.32 1392.58 1560.3 1561.04 1379.45 1369.69 1381.3 1404.87 1443.15 1523.4 1545.65 1533.91 1489.27 1441.28 1403.6 1379.97 1367.76 1391.87 1559.35 1558.21 1388.53 1367.66 1380.05 1403.87 1441.68 1522.72 1544.37 1531.9 1487.24 1440.07 1402.94 1379.02 1366.22 1391.82 1559.39 1558.77 1392.99 1366.16 1379.02 1403.11 1440.4 1521.9 1542.83 1529.54 1485.15 1439.06 1402.63 1378.51 1365.13 1392.06 1560.49 1560.26 1393.66 1365.28 1378.55 1402.73 1439.3 1520.83 1540.88 1526.66 1482.9 1438.3 1402.85 1378.56 1364.44 1392.7 1563.03 1563.03 1394.4 1364.6 1378.64 1402.93 1438.48 1519.5 1538.36 1523.1 1480.4 1437.77 1403.61 1379.18 1364.02 1394.26 1567.55 1567.66 1396.09 1364.22 1379.26 1403.68 1437.95 1517.82 1535.13 1518.48 1477.2 1436.96 1404.36 1379.96 1363.55 1397.56 1574.86 1574.92 1400.17 1363.66 1379.99 1404.45 1437.19 1515.36 1530.8 1510.51 1470.67 1432.74 1401.77 1378.1 1361.04 1402.14 1585.79 1585.09 1405.25 1360.66 1378.06 1401.96 1433.11 1509.42 1523.09 1485.08 1445.87 1409.41 1380.13 1357.8 1344.76 1403.71 1600.91 1598.74 1402.73 1343.78 1357.54 1380.29 1409.86 1484.62 1497.74 1370.13 1333.87 1299.58 1269.36 1241.64 1240.07 1412.92 1627.48 1626.2 1410.8 1239.34 1241.49 1269.42 1299.9 1369.44 1381.88 1256.02 1229.38 1210.52 1200.15 1197.02 1219.24 1274.77 1278.85 1271.39 1252.73 1219.62 1197.43 1200.39 1210.69 1261.72 1266.8 1113.22 1088.27 1068.71 1055.31 1050.5 1062.37 1110.46 1113.44 1104.31 1082.65 1063.01 1050.98 1055.53 1068.57 1116.49 1122.73 761.061 752.173 748.115 747.021 747.657 751.594 768.257 764.209 757.766 751.86 751.656 747.798 747.106 747.296 768.412 766.207 598.56 744.351 
</DataArray>
<DataArray type="Float64" Name="cell variable 5" format="ascii">
0.0592098 0.0592098 0.0592098 0.0592098 0.0592098 0.0592098 0.0592098 0.0592098 0.0592098 0.0592098 0.0592098 0.0592098 0.0592098 0.0592098 0.0592098 0.0592098 0.0592098 0.0592098 0.0592098 0.0592098 0.0592098 0.0592098 0.0592098 0.0592098 0.0592098 0.0592098 0.0592098 0.0592098 0.0592098 0.0592098 0.0592098 0.0592098 0.0592098 0.0592098 0.0592098 0.0592098 0.0592098 0.0592098 0.0592098 0.0592098 0.0592098 0.0592098 0.0592098 0.0592098 0.0592098 0.0592098 0.0592098 0.0592098 0.0894857 0.0828411 0.0721175 0.061894 0.0592098 0.0592098 0.0592098 0.0592098 0.0592098 0.0592098 0.0592098 0.0592098 0.061894 0.0721175 0.0828411 0.0894857 0.101249 0.0920252 0.0771306 0.0629334 0.0592098 0.0592098 0.0592098 0.0592098 0.0592098 0.0592098 0.0592098 0.0592098 0.0629334 0.0771306 0.0920252 0.101249 0.108064 0.0973541 0.0800385 0.0635387 0.0592098 0.0592098 0.0592098 0.0592098 0.0592098 0.0592098 0.0592098 0.0592098 0.0635387 0.0800385 0.0973541 0.108064 0.113025 0.101209 0.0821569 0.0639861 0.0592098 0.0592098 0.0592098 0.0592098 0.0592098 0.0592098 0.0592098 0.0592098 0.0639861 0.0821569 0.101209 0.113025 0.116893 0.104236 0.0838016 0.0643282 0.0592098 0.0592098 0.0592098 0.0592098 0.0592098 0.0592098 0.0592098 0.0592098 0.0643282 0.0838016 0.104236 0.116893 0.120012 0.10667 0.0851305 0.0646045 0.0592098 0.0592098 0.0592098 0.0592098 0.0592098 0.0592098 0.0592098 0.0592098 0.0646045 0.0851305 0.10667 0.120012 0.122564 0.108657 0.0862226 0.0648281 0.0592098 0.0592098 0.0592098 0.0592098 0.0592098 0.0592098 0.0592098 0.0592098 0.0648281 0.0862226 0.108657 0.122564 0.12463 0.110275 0.0871042 0.0650124 0.0592098 0.0592098 0.0592098 0.0592098 0.0592098 0.0592098 0.0592098 0.0592098 0.0650124 0.0871042 0.110275 0.12463 0.126288 0.111578 0.0878147 0.0651571 0.0592098 0.0592098 0.0592098 0.0592098 0.0592098 0.0592098 0.0592098 0.0592098 0.0651571 0.0878147 0.111578 0.126288 0.127577 0.112578 0.0883542 0.0652755 0.0592098 0.0592098 0.0592098 0.0592098 0.0592098 0.0592098 0.0592098 0.0592098 0.0652755 0.0883542 0.112578 0.127577 0.128525 0.113314 0.0887621 0.0653545 0.0592098 0.0592098 0.0592098 0.0592098 0.0592098 0.0592098 0.0592098 0.0592098 0.0653545 0.0887621 0.113314 0.128525 0.129156 0.113801 0.0890252 0.0654202 0.0592098 0.0592098 0.0592098 0.0592098 0.0592098 0.0592098 0.0592098 0.0592098 0.0654202 0.0890252 0.113801 0.129156 0.129459 0.114051 0.0891568 0.0654466 0.0592098 0.0592098 0.0592098 0.0592098 0.0592098 0.0592098 0.0592098 0.0592098 0.0654466 0.0891568 0.114051 0.129459 0.129459 0.114051 0.0891568 0.0654466 0.0592098 0.0592098 0.0592098 0.0592098 0.0592098 0.0592098 0.0592098 0.0592098 0.0654466 0.0891568 0.114051 0.129459 0.129156 0.113801 0.0890252 0.0654202 0.0592098 0.0592098 0.0592098 0.0592098 0.0592098 0.0592098 0.0592098 0.0592098 0.0654202 0.0890252 0.113801 0.129156 0.128525 0.113314 0.0887621 0.0653545 0.0592098 0.0592098 0.0592098 0.0592098 0.0592098 0.0592098 0.0592098 0.0592098 0.0653545 0.0887621 0.113314 0.128525 0.127577 0.112578 0.0883542 0.0652755 0.0592098 0.0592098 0.0592098 0.0592098 0.0592098 0.0592098 0.0592098 0.0592098 0.0652755 0.0883542 0.112578 0.127577 0.126288 0.111578 0.0878147 0.0651571 0.0592098 0.0592098 0.0592098 0.0592098 0.0592098 0.0592098 0.0592098 0.0592098 0.0651571 0.0878147 0.111578 0.126288 0.12463 0.110275 0.0871042 0.0650124 0.0592098 0.0592098 0.0592098 0.0592098 0.0592098 0.0592098 0.0592098 0.0592098 0.0650124 0.0871042 0.110275 0.12463 0.122564 0.108657 0.0862226 0.0648281 0.0592098 0.0592098 0.0592098 0.0592098 0.0592098 0.0592098 0.0592098 0.0592098 0.0648281 0.0862226 0.108657 0.122564 0.120012 0.10667 0.0851305 0.0646045 0.0592098 0.0592098 0.0592098 0.0592098 0.0592098 0.0592098 0.0592098 0.0592098 0.0646045 0.0851305 0.10667 0.120012 0.116893 0.104236 0.0838016 0.0643282 0.0592098 0.0592098 0.0592098 0.0592098 0.0592098 0.0592098 0.0592098 0.0592098 0.0643282 0.0838016 0.104236 0.116893 0.113025 0.101209 0.0821569 0.0639861 0.0592098 0.0592098 0.0592098 0.0592098 0.0592098 0.0592098 0.0592098 0.0592098 0.0639861 0.0821569 0.101209 0.113025 0.108064 0.0973541 0.0800385 0.0635387 0.0592098 0.0592098 0.0592098 0.0592098 0.0592098 0.0592098 0.0592098 0.0592098 0.0635387 0.0800385 0.0973541 0.108064 0.101249 0.0920252 0.0771306 0.0629334 0.0592098 0.0592098 0.0592098 0.0592098 0.0592098 0.0592098 0.0592098 0.0592098 0.0629334 0.0771306 0.0920252 0.101249 0.0894857 0.0828411 0.0721175 0.061894 0.0592098 0.0592098 0.0592098 0.0592098 0.0592098 0.0592098 0.0592098 0.0592098 0.061894 0.0721175 0.0828411 0.0894857 0.0592098 0.0592098 0.0592098 0.0592098 0.0592098 0.0592098 0.0592098 0.0592098 0.0592098 0.0592098 0.0592098 0.0592098 0.0592098 0.0592098 0.0592098 0.0592098 0.0592098 0.0592098 0.0592098 0.0592098 0.0592098 0.0592098 0.0592098 0.0592098 0.0592098 0.0592098 0.0592098 0.0592098 0.0592098 0.0592098 0.0592098 0.0592098 0.0592098 0.0592098 0.0592098 0.0592098 0.0592098 0.0592098 0.0592098 0.0592098 0.0592098 0.0592098 0.0592098 0.0592098 0.0592098 0.0592098 0.0592098 0.0592098 0.0592098 0.0592098 
</DataArray>
<DataArray type="Float64" Name="cell variable 6" format="ascii">
0.999775 0.999775 0.999775 0.999775 0.999775 0.999775 0.999775 0.999775 0.999775 0.999775 0.999775 0.999775 0.999775 0.999775 0.999775 0.999775 0.999775 0.999775 0.999775 0.999775 0.999775 0.999775 0.999775 0.999775 0.999775 0.999775 0.999775 0.999775 0.999775 0.999775 0.999775 0.999775 0.999775 0.999775 0.999775 0.999775 0.999775 0.999775 0.999775 0.999775 0.999775 0.999775 0.999775 0.999775 0.999775 0.999775 0.999775 0.999775 0.99975 0.999754 0.999761 0.99977 0.999775 0.999775 0.999775 0.999775 0.999775 0.999775 0.999775 0.999775 0.99977 0.999761 0.999754 0.99975 0.99974 0.999745 0.999755 0.999768 0.999775 0.999775 0.999775 0.999775 0.999775 0.999775 0.999775 0.999775 0.999768 0.999755 0.999745 0.99974 0.999734 0.99974 0.999752 0.999767 0.999775 0.999775 0.999775 0.999775 0.999775 0.999775 0.999775 0.999775 0.999767 0.999752 0.99974 0.999734 0.99973 0.999737 0.99975 0.999766 0.999775 0.999775 0.999775 0.999775 0.999775 0.999775 0.999775 0.999775 0.999766 0.99975 0.999737 0.99973 0.999727 0.999734 0.999748 0.999765 0.999775 0.999775 0.999775 0.999775 0.999775 0.999775 0.999775 0.999775 0.999765 0.999748 0.999734 0.999727 0.999724 0.999732 0.999746 0.999765 0.999775 0.999775 0.999775 0.999775 0.999775 0.999775 0.999775 0.999775 0.999765 0.999746 0.999732 0.999724 0.999722 0.99973 0.999745 0.999765 0.999775 0.999775 0.999775 0.999775 0.999775 0.999775 0.999775 0.999775 0.999765 0.999745 0.99973 0.999722 0.99972 0.999729 0.999744 0.999764 0.999775 0.999775 0.999775 0.999775 0.999775 0.999775 0.999775 0.999775 0.999764 0.999744 0.999729 0.99972 0.999719 0.999728 0.999743 0.999764 0.999775 0.999775 0.999775 0.999775 0.999775 0.999775 0.999775 0.999775 0.999764 0.999743 0.999728 0.999719 0.999718 0.999727 0.999743 0.999764 0.999775 0.999775 0.999775 0.999775 0.999775 0.999775 0.999775 0.999775 0.999764 0.999743 0.999727 0.999718 0.999717 0.999726 0.999742 0.999764 0.999775 0.999775 0.999775 0.999775 0.999775 0.999775 0.999775 0.999775 0.999764 0.999742 0.999726 0.999717 0.999717 0.999725 0.999742 0.999763 0.999775 0.999775 0.999775 0.999775 0.999775 0.999775 0.999775 0.999775 0.999763 0.999742 0.999725 0.999717 0.999716 0.999725 0.999742 0.999763 0.999775 0.999775 0.999775 0.999775 0.999775 0.999775 0.999775 0.999775 0.999763 0.999742 0.999725 0.999716 0.999716 0.999725 0.999742 0.999763 0.999775 0.999775 0.999775 0.999775 0.999775 0.999775 0.999775 0.999775 0.999763 0.999742 0.999725 0.999716 0.999717 0.999725 0.999742 0.999763 0.999775 0.999775 0.999775 0.999775 0.999775 0.999775 0.999775 0.999775 0.999763 0.999742 0.999725 0.999717 0.999717 0.999726 0.999742 0.999764 0.999775 0.999775 0.999775 0.999775 0.999775 0.999775 0.999775 0.999775 0.999764 0.999742 0.999726 0.999717 0.999718 0.999727 0.999743 0.999764 0.999775 0.999775 0.999775 0.999775 0.999775 0.999775 0.999775 0.999775 0.999764 0.999743 0.999727 0.999718 0.999719 0.999728 0.999743 0.999764 0.999775 0.999775 0.999775 0.999775 0.999775 0.999775 0.999775 0.999775 0.999764 0.999743 0.999728 0.999719 0.99972 0.999729 0.999744 0.999764 0.999775 0.999775 0.999775 0.999775 0.999775 0.999775 0.999775 0.999775 0.999764 0.999744 0.999729 0.99972 0.999722 0.99973 0.999745 0.999765 0.999775 0.999775 0.999775 0.999775 0.999775 0.999775 0.999775 0.999775 0.999765 0.999745 0.99973 0.999722 0.999724 0.999732 0.999746 0.999765 0.999775 0.999775 0.999775 0.999775 0.999775 0.999775 0.999775 0.999775 0.999765 0.999746 0.999732 0.999724 0.999727 0.999734 0.999748 0.999765 0.999775 0.999775 0.999775 0.999775 0.999775 0.999775 0.999775 0.999775 0.999765 0.999748 0.999734 0.999727 0.99973 0.999737 0.99975 0.999766 0.999775 0.999775 0.999775 0.999775 0.999775 0.999775 0.999775 0.999775 0.999766 0.99975 0.999737 0.99973 0.999734 0.99974 0.999752 0.999767 0.999775 0.999775 0.999775 0.999775 0.999775 0.999775 0.999775 0.999775 0.999767 0.999752 0.99974 0.999734 0.99974 0.999745 0.999755 0.999768 0.999775 0.999775 0.999775 0.999775 0.999775 0.999775 0.999775 0.999775 0.999768 0.999755 0.999745 0.99974 0.99975 0.999754 0.999761 0.99977 0.999775 0.999775 0.999775 0.999775 0.999775 0.999775 0.999775 0.999775 0.99977 0.999761 0.999754 0.99975 0.999775 0.999775 0.999775 0.999775 0.999775 0.999775 0.999775 0.999775 0.999775 0.999775 0.999775 0.999775 0.999775 0.999775 0.999775 0.999775 0.999775 0.999775 0.999775 0.999775 0.999775 0.999775 0.999775 0.999775 0.999775 0.999775 0.999775 0.999775 0.999775 0.999775 0.999775 0.999775 0.999775 0.999775 0.999775 0.999775 0.999775 0.999775 0.999775 0.999775 0.999775 0.999775 0.999775 0.999775 0.999775 0.999775 0.999775 0.999775 0.999775 0.999775 
</DataArray>
<DataArray type="Float64" Name="cell variable 7" format="ascii">
0 0 0 0 0 0 0 0 0 0 0 0 0 0 0 0 0 0 0 0 0 0 0 0 0 0 0 0 0 0 0 0 0 0 0 0 0 0 0 0 0 0 0 0 0 0 0 0 0 0 0 0 0 0 0 0 0 0 0 0 0 0 0 0 0 0 0 0 0 0 0 0 0 0 0 0 0 0 0 0 0 0 0 0 0 0 0 0 0 0 0 0 0 0 0 0 0 0 0 0 0 0 0 0 0 0 0 0 0 0 0 0 0 0 0 0 0 0 0 0 0 0 0 0 0 0 0 0 0 0 0 0 0 0 0 0 0 0 0 0 0 0 0 0 0 0 0 0 0 0 0 0 0 0 0 0 0 0 0 0 0 0 0 0 0 0 0 0 0 0 0 0 0 0 0 0 0 0 0 0 0 0 0 0 0 0 0 0 0 0 0 0 0 0 0 0 0 0 0 0 0 0 0 0 0 0 0 0 0 0 0 0 0 0 0 0 0 0 0 0 0 0 0 0 0 0 0 0 0 0 0 0 0 0 0 0 0 0 0 0 0 0 0 0 0 0 0 0 0 0 0 0 0 0 0 0 0 0 0 0 0 0 0 0 0 0 0 0 0 0 0 0 0 0 0 0 0 0 0 0 0 0 0 0 0 0 0 0 0 0 0 0 0 0 0 0 0 0 0 0 0 0 0 0 0 0 0 0 0 0 0 0 0 0 0 0 0 0 0 0 0 0 0 0 0 0 0 0 0 0 0 0 0 0 0 0 0 0 0 0 0 0 0 0 0 0 0 0 0 0 0 0 0 0 0 0 0 0 0 0 0 0 0 0 0 0 0 0 0 0 0 0 0 0 0 0 0 0 0 0 0 0 0 0 0 0 0 0 0 0 0 0 0 0 0 0 0 0 0 0 0 0 0 0 0 0 0 0 0 0 0 0 0 0 0 0 0 0 0 0 0 0 0 0 0 0 0 0 0 0 0 0 0 0 0 0 0 0 0 0 0 0 0 0 0 0 0 0 0 0 0 0 0 0 0 0 0 0 0 0 0 0 0 0 0 0 0 0 0 0 0 0 0 0 0 0 0 0 0 0 0 0 0 0 0 0 0 0 0 0 0 0 0 0 0 0 0 0 0 0 0 0 0 0 0 0 0 0 0 0 0 0 1 1 
</DataArray>
<DataArray type="Float64" Name="cell variable 8" format="ascii">
11.25 33.75 56.25 78.75 101.25 123.75 146.25 168.75 191.25 213.75 236.25 258.75 281.25 303.75 326.25 348.75 11.25 33.75 56.25 78.75 101.25 123.75 146.25 168.75 191.25 213.75 236.25 258.75 281.25 303.75 326.25 348.75 11.25 33.75 56.25 78.75 101.25 123.75 146.25 168.75 191.25 213.75 236.25 258.75 281.25 303.75 326.25 348.75 11.25 33.75 56.25 78.75 101.25 123.75 146.25 168.75 191.25 213.75 236.25 258.75 281.25 303.75 326.25 348.75 11.25 33.75 56.25 78.75 101.25 123.75 146.25 168.75 191.25 213.75 236.25 258.75 281.25 303.75 326.25 348.75 11.25 33.75 56.25 78.75 101.25 123.75 146.25 168.75 191.25 213.75 236.25 258.75 281.25 303.75 326.25 348.75 11.25 33.75 56.25 78.75 101.25 123.75 146.25 168.75 191.25 213.75 236.25 258.75 281.25 303.75 326.25 348.75 11.25 33.75 56.25 78.75 101.25 123.75 146.25 168.75 191.25 213.75 236.25 258.75 281.25 303.75 326.25 348.75 11.25 33.75 56.25 78.75 101.25 123.75 146.25 168.75 191.25 213.75 236.25 258.75 281.25 303.75 326.25 348.75 11.25 33.75 56.25 78.75 101.25 123.75 146.25 168.75 191.25 213.75 236.25 258.75 281.25 303.75 326.25 348.75 11.25 33.75 56.25 78.75 101.25 123.75 146.25 168.75 191.25 213.75 236.25 258.75 281.25 303.75 326.25 348.75 11.25 33.75 56.25 78.75 101.25 123.75 146.25 168.75 191.25 213.75 236.25 258.75 281.25 303.75 326.25 348.75 11.25 33.75 56.25 78.75 101.25 123.75 146.25 168.75 191.25 213.75 236.25 258.75 281.25 303.75 326.25 348.75 11.25 33.75 56.25 78.75 101.25 123.75 146.25 168.75 191.25 213.75 236.25 258.75 281.25 303.75 326.25 348.75 11.25 33.75 56.25 78.75 101.25 123.75 146.25 168.75 191.25 213.75 236.25 258.75 281.25 303.75 326.25 348.75 11.25 33.75 56.25 78.75 101.25 123.75 146.25 168.75 191.25 213.75 236.25 258.75 281.25 303.75 326.25 348.75 11.25 33.75 56.25 78.75 101.25 123.75 146.25 168.75 191.25 213.75 236.25 258.75 281.25 303.75 326.25 348.75 11.25 33.75 56.25 78.75 101.25 123.75 146.25 168.75 191.25 213.75 236.25 258.75 281.25 303.75 326.25 348.75 11.25 33.75 56.25 78.75 101.25 123.75 146.25 168.75 191.25 213.75 236.25 258.75 281.25 303.75 326.25 348.75 11.25 33.75 56.25 78.75 101.25 123.75 146.25 168.75 191.25 213.75 236.25 258.75 281.25 303.75 326.25 348.75 11.25 33.75 56.25 78.75 101.25 123.75 146.25 168.75 191.25 213.75 236.25 258.75 281.25 303.75 326.25 348.75 11.25 33.75 56.25 78.75 101.25 123.75 146.25 168.75 191.25 213.75 236.25 258.75 281.25 303.75 326.25 348.75 11.25 33.75 56.25 78.75 101.25 123.75 146.25 168.75 191.25 213.75 236.25 258.75 281.25 303.75 326.25 348.75 11.25 33.75 56.25 78.75 101.25 123.75 146.25 168.75 191.25 213.75 236.25 258.75 281.25 303.75 326.25 348.75 11.25 33.75 56.25 78.75 101.25 123.75 146.25 168.75 191.25 213.75 236.25 258.75 281.25 303.75 326.25 348.75 11.25 33.75 56.25 78.75 101.25 123.75 146.25 168.75 191.25 213.75 236.25 258.75 281.25 303.75 326.25 348.75 11.25 33.75 56.25 78.75 101.25 123.75 146.25 168.75 191.25 213.75 236.25 258.75 281.25 303.75 326.25 348.75 11.25 33.75 56.25 78.75 101.25 123.75 146.25 168.75 191.25 213.75 236.25 258.75 281.25 303.75 326.25 348.75 11.25 33.75 56.25 78.75 101.25 123.75 146.25 168.75 191.25 213.75 236.25 258.75 281.25 303.75 326.25 348.75 11.25 33.75 56.25 78.75 101.25 123.75 146.25 168.75 191.25 213.75 236.25 258.75 281.25 303.75 326.25 348.75 11.25 33.75 56.25 78.75 101.25 123.75 146.25 168.75 191.25 213.75 236.25 258.75 281.25 303.75 326.25 348.75 11.25 33.75 56.25 78.75 101.25 123.75 146.25 168.75 191.25 213.75 236.25 258.75 281.25 303.75 326.25 348.75 0 0 
</DataArray>
</CellData>
</Piece>
</UnstructuredGrid>
</VTKFile>
