<VTKFile type="UnstructuredGrid" version="0.1">
<UnstructuredGrid>
<Piece  NumberOfPoints="    2608" NumberOfCells="    2080">
<Points>
<DataArray type="Float64" NumberOfComponents="3" format="ascii">
-298.594 707.308 -0.395911 
-297.249 712.879 28.223 
-293.345 728.666 52.4411 
-287.507 752.24 68.5547 
-280.743 780.011 74.147 
-274.281 807.833 68.4496 
-269.057 831.529 52.3002 
-265.619 847.4 28.0657 
-264.389 852.945 -0.561203 
-265.572 847.317 -29.1744 
-268.995 831.39 -53.375 
-274.217 807.657 -69.4735 
-280.676 779.822 -75.1078 
-287.448 752.065 -69.4526 
-293.286 728.531 -53.2805 
-297.198 712.807 -29.0254 
-270.882 694.434 -0.352363 
-269.39 700.463 30.5915 
-265.145 717.55 56.765 
-258.797 743.053 74.1968 
-251.456 773.112 80.2847 
-244.5 803.29 74.173 
-238.896 828.946 56.6487 
-235.182 846.089 30.4072 
-233.851 852.084 -0.549262 
-235.126 846.011 -31.4929 
-238.82 828.803 -57.6948 
-244.43 803.107 -75.1584 
-251.382 772.915 -81.2055 
-258.728 742.873 -75.0523 
-265.108 717.424 -57.555 
-269.387 700.399 -31.3174 
-237.501 684.865 -0.327479 
-235.963 691.01 31.3158 
-231.555 708.41 58.108 
-224.928 734.396 75.9817 
-217.275 765.063 82.2239 
-210.279 795.919 75.9594 
-204.76 822.15 57.9853 
-201.059 839.684 31.132 
-199.722 845.815 -0.530664 
-201.017 839.6 -32.1751 
-204.695 822.008 -58.9788 
-210.208 795.736 -76.8948 
-217.2 764.865 -83.09 
-224.86 734.214 -76.778 
-231.513 708.274 -58.8444 
-235.952 690.932 -31.9921 
-203.575 676.511 -0.303199 
-202.012 682.675 31.4839 
-197.482 700.122 58.4061 
-190.578 726.169 76.3675 
-182.531 756.895 82.6441 
-175.796 787.977 76.364 
-170.564 814.502 58.3589 
-166.941 832.203 31.3582 
-165.607 838.384 -0.504849 
-166.91 832.124 -32.3516 
-170.509 814.361 -59.3065 
-175.728 787.793 -77.2518 
-182.458 756.695 -83.4607 
-190.51 725.985 -77.1143 
-197.431 699.981 -59.0952 
-201.993 682.591 -32.1128 
-170.443 667.902 -0.280488 
-168.663 674.027 31.5511 
-163.53 691.362 58.5008 
-155.784 717.248 76.4674 
-146.75 747.781 82.7603 
-138.277 778.508 76.4393 
-131.545 804.847 58.4789 
-127.003 822.438 31.4526 
-125.365 828.577 -0.47415 
-126.975 822.363 -32.3873 
-131.495 804.707 -59.3741 
-138.21 778.324 -77.2753 
-146.678 747.582 -83.5276 
-155.716 717.064 -77.167 
-163.475 691.22 -59.1446 
-168.635 673.939 -32.1348 
-137.884 658.097 -0.255743 
-135.872 664.143 31.5871 
-130.09 681.261 58.5522 
-121.396 706.84 76.5316 
-111.195 737.005 82.8078 
-101.222 767.281 76.4905 
-93.0833 793.235 58.5139 
-87.6449 810.6 31.4906 
-85.7064 816.667 -0.442716 
-87.6203 810.526 -32.3633 
-93.0359 793.097 -59.3491 
-101.157 767.099 -77.2691 
-111.123 736.807 -83.5212 
-121.327 706.656 -77.1802 
-130.031 681.118 -59.1467 
-135.84 664.054 -32.1213 
-105.949 646.911 -0.229004 
-103.696 652.859 31.6188 
-97.2296 669.704 58.5982 
-87.5123 694.892 76.593 
-76.0577 724.595 82.86 
-64.6839 754.356 76.5428 
-55.2169 779.852 58.5486 
-48.9077 796.924 31.5243 
-46.6743 802.894 -0.409634 
-48.886 796.852 -32.3316 
-55.1723 779.716 -59.3207 
-64.6191 754.174 -77.2606 
-75.9857 724.398 -83.5165 
-87.444 694.709 -77.1877 
-97.1701 669.562 -59.1402 
-103.663 652.769 -32.0996 
-74.6803 634.307 -0.200978 
-72.1784 640.143 31.6494 
-65.0025 656.674 58.6401 
-54.2172 681.404 76.6482 
-41.4734 710.567 82.9117 
-28.7417 739.753 76.5912 
-18.0139 764.74 58.5859 
-10.8616 781.474 31.559 
-8.33974 787.33 -0.374775 
-10.8432 781.404 -32.2975 
-17.9722 764.606 -59.2922 
-28.6756 739.571 -77.2462 
-41.4005 710.368 -83.51 
-54.1512 681.22 -77.1878 
-64.9454 656.531 -59.1276 
-72.1466 640.052 -32.0745 
-44.121 620.287 -0.1733 
-41.3637 626 31.678 
-33.4641 642.179 58.6757 
-21.5907 666.39 76.693 
-7.54702 694.941 82.9555 
6.51531 723.489 76.6322 
18.4486 747.92 58.6216 
26.4151 764.283 31.5941 
29.2186 770.012 -0.338327 
26.4296 764.216 -32.2603 
18.4867 747.791 -59.2591 
6.58662 723.307 -77.2264 
-7.47146 694.737 -83.4988 
-21.5326 666.204 -77.1785 
-33.4157 642.034 -59.1098 
-41.3377 625.906 -32.0485 
-14.3163 604.871 -0.148278 
-11.3007 610.449 31.7036 
-2.67459 626.241 58.7051 
10.29 649.873 76.7283 
25.6314 677.739 82.9912 
41.0014 705.591 76.6652 
54.091 729.42 58.6519 
62.843 745.379 31.6259 
65.9228 750.974 -0.304636 
62.8603 745.332 -32.2284 
54.1352 729.323 -59.234 
41.0994 705.438 -77.2148 
25.7022 677.501 -83.5078 
10.3252 649.669 -77.1779 
-2.64482 626.084 -59.0982 
-11.2856 610.349 -32.0265 
14.6847 588.087 -0.125884 
17.9577 593.518 31.7262 
27.3039 608.884 58.7301 
41.3486 631.88 76.7578 
57.9688 658.995 83.0226 
74.6208 686.098 76.693 
88.8306 709.274 58.6786 
98.3418 724.795 31.6548 
101.69 730.245 -0.273803 
98.3637 724.77 -32.1998 
88.8809 709.215 -59.212 
74.7139 686.001 -77.2054 
57.9846 658.745 -83.5218 
41.3508 631.661 -77.1788 
27.3107 608.716 -59.0887 
17.9597 593.41 -32.0072 
42.8305 569.967 -0.105629 
46.3574 575.237 31.7457 
56.4143 590.141 58.7497 
71.521 612.445 76.7797 
89.3912 638.746 83.0464 
107.294 665.038 76.7153 
122.587 687.512 58.7012 
132.828 702.564 31.6803 
136.432 707.852 -0.245498 
132.847 702.548 -32.17 
122.628 687.472 -59.1836 
107.362 664.971 -77.1857 
89.3602 638.511 -83.5123 
71.493 612.231 -77.1652 
56.4012 589.973 -59.0722 
46.3476 575.127 -31.9877 
70.0686 550.55 -0.0891148 
73.8436 555.645 31.7611 
84.5958 570.051 58.7641 
100.739 591.609 76.7947 
119.828 617.034 83.0619 
138.945 642.452 76.7304 
155.281 664.176 58.7173 
166.223 678.726 31.6992 
170.071 683.84 -0.223812 
166.234 678.717 -32.1459 
155.306 664.15 -59.1591 
138.986 642.405 -77.1639 
119.76 616.823 -83.4949 
100.684 591.411 -77.1492 
84.5643 569.891 -59.0565 
73.823 555.538 -31.9711 
96.344 529.876 -0.0776478 
100.36 534.782 31.7717 
111.787 548.654 58.7731 
128.938 569.414 76.803 
149.208 593.902 83.069 
169.499 618.386 76.7367 
186.837 639.316 58.7248 
198.45 653.334 31.7095 
202.533 658.263 -0.21009 
198.454 653.332 -32.1292 
186.846 639.304 -59.1405 
169.514 618.362 -77.1451 
149.106 593.718 -83.4788 
128.856 569.237 -77.1362 
111.739 548.506 -59.0457 
100.329 534.68 -31.9598 
121.6 507.986 -0.0710687 
125.849 512.691 31.7771 
137.929 525.995 58.776 
156.053 545.908 76.8022 
177.463 569.4 83.063 
198.882 592.894 76.727 
217.177 612.982 58.7168 
229.432 626.436 31.7076 
233.739 631.168 -0.203995 
229.43 626.44 -32.1154 
217.172 612.984 -59.1206 
198.872 592.894 -77.121 
177.33 569.247 -83.4583 
155.95 545.754 -77.1234 
137.867 525.863 -59.0383 
125.81 512.596 -31.9531 
145.78 484.922 -0.0681113 
150.252 489.414 31.7779 
162.962 502.121 58.7709 
182.023 521.141 76.7856 
204.533 543.582 83.0259 
227.03 566.033 76.658 
246.203 585.203 58.6479 
259.044 598.035 31.6658 
263.552 602.547 -0.202402 
259.029 598.037 -32.0684 
246.173 585.204 -59.0422 
226.976 566.044 -77.0391 
204.38 543.48 -83.3992 
181.912 521.018 -77.0925 
162.894 502.009 -59.0253 
150.208 489.329 -31.9478 
168.829 460.732 -0.0683924 
173.513 465 31.7754 
186.824 477.079 58.7627 
206.782 495.16 76.7664 
230.344 516.494 82.9867 
253.892 537.83 76.5879 
273.926 556.015 58.5778 
287.331 568.191 31.621 
292.033 572.472 -0.206068 
287.304 568.191 -32.0291 
273.873 556.013 -58.9728 
253.814 537.835 -76.9624 
230.198 516.422 -83.3432 
206.672 495.067 -77.0657 
186.756 476.986 -59.0159 
173.467 464.925 -31.9456 
190.692 435.462 -0.0709106 
195.576 439.496 31.7716 
209.456 450.916 58.756 
230.263 468.012 76.756 
254.824 488.186 82.9715 
279.368 508.362 76.5707 
300.249 525.561 58.5624 
314.216 537.082 31.6092 
319.112 541.13 -0.212567 
314.18 537.077 -32.0283 
300.178 525.553 -58.9636 
279.26 508.368 -76.9429 
254.681 488.151 -83.3146 
230.162 467.944 -77.0517 
209.393 450.842 -59.012 
195.531 439.431 -31.9466 
211.314 409.161 -0.074261 
216.387 412.952 31.7673 
230.802 423.686 58.7493 
252.409 439.756 76.7477 
277.914 458.719 82.9643 
303.403 477.699 76.5635 
325.083 493.882 58.5551 
339.583 504.722 31.6022 
344.663 508.529 -0.21849 
339.536 504.711 -32.0311 
324.995 493.864 -58.9613 
303.281 477.683 -76.9333 
277.799 458.696 -83.2936 
252.322 439.706 -77.0404 
230.748 423.626 -59.0089 
216.344 412.895 -31.9484 
230.65 381.884 -0.0776377 
235.898 385.423 31.7641 
250.811 395.446 58.7466 
273.162 410.455 76.7473 
299.549 428.159 82.9718 
325.954 445.927 76.5642 
348.377 461.058 58.5546 
363.377 471.186 31.6001 
368.629 474.742 -0.221774 
363.322 471.17 -32.0335 
348.277 461.028 -58.9615 
325.819 445.894 -76.9314 
299.458 428.147 -83.289 
273.092 410.415 -77.0368 
250.765 395.396 -59.0099 
235.856 385.372 -31.9515 
248.657 353.69 -0.081044 
254.07 356.972 31.7608 
269.446 366.266 58.7427 
292.486 380.186 76.7446 
319.676 396.621 82.9762 
346.936 413.128 76.5636 
370.065 427.153 58.5534 
385.536 436.545 31.5988 
390.955 439.842 -0.223486 
385.485 436.531 -32.0359 
369.974 427.124 -58.9639 
346.827 413.073 -76.9357 
319.61 396.576 -83.2991 
292.421 380.143 -77.0393 
269.4 366.216 -59.0144 
254.026 356.923 -31.9559 
265.303 324.642 -0.0825854 
270.868 327.663 31.758 
286.673 336.214 58.7358 
310.35 349.023 76.7343 
338.287 364.155 82.9672 
366.305 379.348 76.5582 
390.088 392.242 58.55 
406.001 400.874 31.5978 
411.58 403.904 -0.223049 
405.964 400.863 -32.0366 
390.02 392.22 -58.9654 
366.22 379.316 -76.9352 
338.205 364.112 -83.3033 
310.283 348.972 -77.0381 
286.625 336.159 -59.0156 
270.821 327.613 -31.9576 
280.552 294.802 -0.0790072 
286.256 297.558 31.7597 
302.452 305.353 58.7324 
326.709 317.033 76.7261 
355.328 330.832 82.9588 
384.036 344.684 76.5563 
408.419 356.415 58.5544 
424.736 364.259 31.6047 
430.456 367.009 -0.214588 
424.694 364.241 -32.0247 
408.34 356.38 -58.9482 
383.928 344.652 -76.9119 
355.264 330.814 -83.266 
326.663 316.984 -77.0101 
302.418 305.299 -58.9999 
286.214 297.509 -31.9512 
294.375 264.231 -0.0715361 
300.201 266.717 31.7654 
316.751 273.75 58.732 
341.531 284.286 76.7187 
370.763 296.735 82.9514 
400.094 309.22 76.5573 
425.021 319.756 58.5627 
441.707 326.786 31.6161 
447.554 329.247 -0.201927 
441.657 326.76 -32.0093 
424.931 319.707 -58.9279 
399.976 309.158 -76.8815 
370.739 296.701 -83.2202 
341.51 284.237 -76.9759 
316.735 273.698 -58.979 
300.167 266.672 -31.9405 
306.74 232.986 -0.0618112 
312.678 235.201 31.7735 
329.542 241.468 58.7324 
354.786 250.858 76.7096 
384.562 261.948 82.9426 
414.448 273.048 76.5586 
439.866 282.351 58.5726 
456.885 288.541 31.6307 
462.85 290.707 -0.185964 
456.839 288.513 -31.993 
439.783 282.296 -58.9089 
414.344 272.969 -76.8528 
384.557 261.895 -83.1833 
354.781 250.802 -76.9434 
329.536 241.415 -58.9585 
312.648 235.158 -31.9287 
317.622 201.119 -0.0497953 
323.661 203.067 31.7831 
340.805 208.574 58.7312 
366.455 216.827 76.6952 
396.702 226.563 82.9286 
427.074 236.261 76.5573 
452.93 244.286 58.5856 
470.246 249.609 31.6503 
476.315 251.473 -0.164273 
470.205 249.58 -31.9702 
452.857 244.225 -58.8819 
426.985 236.166 -76.8164 
396.712 226.49 -83.1381 
366.459 216.761 -76.8999 
340.805 208.52 -58.9311 
323.632 203.026 -31.9139 
327.005 168.682 -0.0362932 
333.134 170.366 31.7916 
350.525 175.129 58.7228 
376.524 182.272 76.6671 
407.172 190.679 82.8993 
437.943 198.951 76.5465 
464.186 205.641 58.5971 
481.76 210.072 31.6713 
487.922 211.631 -0.139138 
481.732 210.046 -31.9433 
464.135 205.581 -58.8506 
437.883 198.842 -76.7711 
407.185 190.58 -83.0838 
376.528 182.199 -76.8442 
350.524 175.076 -58.8956 
333.104 170.329 -31.8954 
334.89 135.725 -0.0217905 
341.096 137.149 31.7948 
358.695 141.195 58.7013 
384.979 147.277 76.6183 
415.957 154.385 82.8527 
447.045 161.194 76.5229 
473.612 166.497 58.6032 
491.393 170.012 31.6887 
497.629 171.262 -0.113053 
491.383 169.992 -31.9121 
473.593 166.444 -58.8162 
447.024 161.093 -76.7159 
415.958 154.281 -83.0189 
384.976 147.202 -76.7706 
358.69 141.145 -58.8466 
341.064 137.119 -31.8695 
341.372 102.316 -0.00618706 
347.625 103.482 31.7665 
365.352 106.841 58.6295 
391.814 111.94 76.5116 
422.999 117.831 82.7574 
454.361 123.088 76.467 
481.139 126.921 58.5864 
499.027 129.496 31.6847 
505.298 130.432 -0.0872055 
499.03 129.482 -31.8588 
481.141 126.875 -58.7552 
454.362 123.002 -76.6225 
422.997 117.741 -82.8935 
391.813 111.872 -76.6306 
365.35 106.802 -58.7402 
347.596 103.466 -31.8085 
346.999 68.6401 0.00746719 
353.219 69.5532 31.529 
370.867 72.2596 58.1961 
397.215 76.4565 75.9652 
428.266 81.3172 82.1699 
459.596 84.6772 76.0493 
486.239 86.9144 58.2339 
504.038 88.5312 31.4806 
510.284 89.1521 -0.0750402 
504.044 88.5229 -31.6212 
486.259 86.8771 -58.3456 
459.613 84.6034 -76.1537 
428.278 81.2442 -82.2637 
397.225 76.4025 -76.0469 
370.878 72.2392 -58.2673 
353.203 69.5587 -31.5387 
355.152 35.6484 0.0155718 
361.077 36.4768 30.096 
377.884 38.9198 55.5687 
403.008 42.6158 72.5949 
432.668 46.8037 78.5774 
462.445 50.2908 72.6447 
487.696 52.8409 55.5642 
504.606 54.5545 30.0239 
510.542 55.1524 -0.0673292 
504.601 54.5018 -30.1354 
487.722 52.7763 -55.6194 
462.468 50.2348 -72.7001 
432.689 46.7524 -78.6311 
403.024 42.5842 -72.6461 
377.895 38.9358 -55.618 
361.056 36.5115 -30.0892 
364.383 3.60655 0.0152087 
369.936 4.33558 28.125 
385.682 6.50085 51.9206 
409.215 9.73147 67.7985 
436.963 13.4138 73.3547 
464.74 16.7699 67.7707 
488.268 19.4391 51.8379 
503.995 21.2165 28.0167 
509.509 21.8027 -0.0352897 
503.99 21.133 -28.0702 
488.288 19.3594 -51.8557 
464.758 16.7355 -67.7983 
436.977 13.3844 -73.382 
409.226 9.7175 -67.825 
385.679 6.54845 -51.9518 
369.906 4.40106 -28.1151 
376.193 -23.2524 0 
381.107 -22.5618 24.9464 
395.105 -20.6074 46.0912 
416.087 -17.8 60.1681 
440.795 -14.5258 65.0461 
465.443 -11.271 60.018 
486.289 -8.52296 45.885 
500.191 -6.69204 24.8143 
505.068 -6.05022 0.000255892 
500.191 -6.69297 -24.8137 
486.288 -8.52386 -45.8846 
465.443 -11.2716 -60.0178 
440.795 -14.5263 -65.0459 
416.087 -17.8004 -60.168 
395.105 -20.6075 -46.0912 
381.107 -22.5618 -24.9464 
-297.11 706.942 1.09696
-295.9 711.956 26.854
-270.827 700.781 28.9856
-272.17 695.355 1.13615
-295.625 713.069 29.6047
-292.112 727.277 51.401
-266.732 717.273 55.2926
-270.552 701.894 31.7364
-291.603 729.328 53.5012
-286.348 750.545 68.0034
-260.509 742.276 73.0813
-266.223 719.323 57.3927
-285.69 753.219 69.1348
-279.602 778.213 74.1678
-253.244 772.004 79.6917
-259.851 744.951 74.2127
-278.913 781.11 74.1647
-273.098 806.149 69.037
-246.295 802.061 74.1881
-252.555 774.901 79.6886
-272.492 808.835 67.8995
-267.79 830.162 53.365
-240.645 827.837 57.2787
-245.689 804.747 73.0506
-267.34 832.223 51.2593
-264.246 846.507 29.4482
-236.853 845.327 31.5556
-240.195 829.899 55.1729
-264.003 847.622 26.6944
-262.896 852.613 0.930173
-235.412 851.838 0.94092
-236.61 846.442 28.8017
-262.894 852.609 -2.0508
-263.959 847.543 -27.8027
-236.557 846.367 -29.8893
-235.409 851.834 -2.04005
-264.198 846.421 -30.554
-267.279 832.086 -52.3345
-240.121 829.758 -56.2223
-236.796 845.245 -32.6406
-267.727 830.02 -54.4355
-272.427 808.661 -68.9241
-245.619 804.566 -74.0405
-240.57 827.692 -58.3233
-273.033 805.973 -70.0558
-278.847 780.921 -75.1266
-252.482 774.705 -80.6145
-246.226 801.877 -75.1722
-279.536 778.024 -75.1233
-285.631 753.043 -70.0336
-259.782 744.77 -75.0734
-253.171 771.808 -80.6112
-286.29 750.372 -68.8962
-291.543 729.191 -54.3414
-266.184 719.194 -58.1884
-260.441 742.099 -73.936
-292.054 727.146 -52.2356
-295.575 712.994 -30.406
-270.546 701.827 -32.4689
-266.694 717.149 -56.0827
-295.853 711.888 -27.651
-297.109 706.938 -1.8845
-272.169 695.352 -1.84531
-270.823 700.72 -29.7139
-269.129 694.257 1.21389
-267.785 699.683 29.0633
-237.701 691.176 29.7152
-239.085 685.645 1.23629
-263.673 716.229 55.5092
-233.442 708.003 56.7179
-237.409 692.343 32.6049
-267.493 700.851 31.953
-257.419 741.333 73.405
-226.936 733.541 75.0114
-232.901 710.153 58.925
-263.132 718.38 57.7163
-250.112 771.191 80.0742
-219.35 763.947 81.8195
-226.237 736.347 76.2016
-256.719 744.138 74.5952
-243.13 801.393 74.5725
-212.331 794.758 76.1803
-218.627 766.988 81.8183
-249.389 774.232 80.073
-237.459 827.305 57.6049
-206.737 821.189 58.8078
-211.704 797.581 74.9845
-242.503 804.215 73.3768
-233.653 844.9 31.7721
-202.942 839.135 32.4245
-206.273 823.354 56.5924
-236.995 829.471 55.3895
-232.202 851.466 1.01757
-201.486 845.823 1.0343
-202.689 840.305 29.5307
-233.4 846.07 28.8784
-233.347 845.996 -29.9626
-202.649 840.226 -30.5765
-201.484 845.819 -2.09654
-232.199 851.462 -2.11327
-236.921 829.33 -56.4352
-206.208 823.215 -57.5908
-202.898 839.048 -33.4674
-233.596 844.818 -32.8535
-242.433 804.033 -74.3626
-211.633 797.399 -75.9254
-206.671 821.044 -59.801
-237.383 827.16 -58.6454
-249.316 774.036 -80.9944
-218.552 766.791 -82.6904
-212.259 794.575 -77.1148
-243.059 801.208 -75.552
-256.65 743.957 -75.4511
-226.169 736.164 -77.0042
-219.275 763.75 -82.685
-250.039 770.995 -80.9889
-263.094 718.25 -58.5067
-232.857 710.016 -59.6671
-226.87 733.361 -75.8074
-257.351 741.154 -74.2543
-267.489 700.783 -32.6796
-237.397 692.263 -33.2867
-233.401 707.871 -57.4538
-263.638 716.105 -56.2933
-267.783 699.622 -29.7859
-269.128 694.254 -1.9173
-239.085 685.642 -1.89491
-237.691 691.102 -30.3931
-235.725 684.755 1.25973
-234.341 690.285 29.7387
-203.785 682.784 29.89
-205.192 677.236 1.28158
-234.04 691.464 32.6682
-230.073 707.125 56.7811
-199.407 699.665 57.0495
-203.484 683.963 32.8195
-229.51 709.298 59.0205
-223.546 732.686 75.1069
-192.631 725.282 75.454
-198.845 701.839 59.2888
-222.815 735.523 76.3149
-215.927 763.124 81.9328
-184.658 755.772 82.311
-191.9 728.119 76.662
-215.193 766.199 81.932
-208.897 793.969 76.294
-177.862 786.822 76.6582
-183.924 758.847 82.3102
-208.284 796.837 75.0825
-203.317 820.445 58.9058
-172.541 813.561 59.2421
-177.25 789.689 75.4467
-202.865 822.647 56.6588
-199.534 838.427 32.4908
-168.828 831.695 32.6944
-172.088 815.764 56.9951
-199.284 839.617 29.5554
-198.081 845.135 1.05894
-167.377 838.447 1.08218
-168.578 832.885 29.7589
-198.079 845.131 -2.11668
-199.244 839.538 -30.5967
-168.547 832.809 -30.7555
-167.375 838.443 -2.09345
-199.491 838.341 -33.529
-202.801 822.508 -57.6524
-172.034 815.626 -57.9473
-168.794 831.613 -33.6879
-203.252 820.3 -59.8941
-208.214 796.656 -76.0185
-177.182 789.507 -76.3397
-172.485 813.418 -60.189
-208.826 793.786 -77.2235
-215.119 766.002 -82.7991
-183.851 758.649 -83.1328
-177.794 786.637 -77.5447
-215.853 762.926 -82.7929
-222.746 735.34 -77.1121
-191.832 727.934 -77.4148
-184.585 755.574 -83.1266
-223.479 732.505 -75.8976
-229.467 709.16 -59.7574
-198.794 701.697 -59.9832
-192.564 725.1 -76.2004
-230.032 706.991 -57.5122
-234.027 691.384 -33.3451
-203.464 683.877 -33.4537
-199.358 699.528 -57.7379
-234.331 690.211 -30.4116
-235.725 684.751 -1.91347
-205.191 677.232 -1.89162
-203.768 682.704 -30.5202
-201.834 676.388 1.29103
-200.428 681.936 29.8994
-170.413 674.152 29.9599
-172.015 668.64 1.31147
-200.101 683.116 32.8402
-196.024 698.818 57.0702
-165.467 690.934 57.1554
-170.087 675.333 32.9007
-195.415 700.99 59.3147
-189.202 724.433 75.4799
-157.887 716.404 75.5699
-164.858 693.106 59.3999
-188.407 727.265 76.689
-181.165 754.918 82.3379
-148.962 746.716 82.4426
-157.092 719.236 76.779
-180.356 758.003 82.3309
-174.295 785.978 76.6789
-140.527 777.455 76.7466
-148.153 749.801 82.4355
-173.617 788.839 75.4593
-168.908 812.711 59.2547
-133.791 804.022 59.3627
-139.849 780.316 75.527
-168.407 814.907 57.0058
-165.146 830.838 32.7051
-129.202 822.049 32.79
-133.29 806.218 57.1138
-164.869 832.024 29.7649
-163.668 837.586 1.08814
-127.45 828.76 1.11576
-128.925 823.235 29.8498
-163.666 837.582 -2.09397
-164.839 831.948 -30.7561
-128.898 823.163 -30.7882
-127.449 828.756 -2.06634
-165.114 830.756 -33.6935
-168.353 814.769 -57.9529
-133.24 806.081 -58.0137
-129.173 821.971 -33.7256
-168.852 812.568 -60.1967
-173.549 788.657 -76.3475
-139.783 780.135 -76.3686
-133.739 803.88 -60.2576
-174.226 785.793 -77.5605
-180.283 757.805 -83.1486
-148.081 749.603 -83.2088
-140.46 777.271 -77.5817
-181.092 754.72 -83.1487
-188.339 727.081 -77.4369
-157.024 719.052 -77.4844
-148.89 746.518 -83.2089
-189.134 724.251 -76.2216
-195.364 700.847 -60.0044
-164.802 692.962 -60.0488
-157.819 716.222 -76.269
-195.975 698.68 -57.754
-200.081 683.029 -33.4698
-170.058 675.242 -33.4896
-165.414 690.795 -57.7984
-200.409 681.856 -30.525
-201.833 676.384 -1.89639
-172.014 668.636 -1.87595
-170.387 674.069 -30.5448
-168.72 667.717 1.31553
-167.118 673.229 29.964
-137.606 664.334 29.9964
-139.416 658.892 1.3378
-166.749 674.398 32.9077
-162.129 690 57.1624
-132.033 680.909 57.2086
-137.237 665.503 32.9401
-161.444 692.153 59.4086
-154.472 715.45 75.5786
-123.523 706.083 75.6363
-131.348 683.062 59.4548
-153.579 718.258 76.7877
-145.449 745.738 82.4512
-113.449 736.04 82.494
-122.63 708.891 76.8454
-144.506 748.784 82.4432
-136.88 776.438 76.7543
-103.531 766.334 76.8004
-112.506 739.086 82.4859
-136.048 779.267 75.5343
-129.99 802.972 59.37
-95.3741 792.522 59.4015
-102.699 769.163 75.5804
-129.371 805.146 57.1209
-125.283 820.978 32.7972
-89.8606 810.324 32.8315
-94.7551 794.695 57.1524
-124.945 822.152 29.8546
-123.471 827.677 1.12059
-87.7784 816.958 1.14888
-89.5231 811.498 29.8889
-123.47 827.673 -2.06505
-124.919 822.08 -30.7869
-89.4996 811.427 -30.7653
-87.7771 816.954 -2.03676
-125.254 820.899 -33.7269
-129.322 805.009 -58.0151
-94.7087 794.56 -57.9926
-89.8347 810.246 -33.7053
-129.939 802.83 -60.2594
-135.982 779.086 -76.3704
-102.635 768.983 -76.3648
-95.3257 792.381 -60.2368
-136.813 776.254 -77.5841
-144.434 748.586 -83.2112
-112.435 738.889 -83.2055
-103.465 766.151 -77.5785
-145.377 745.54 -83.2125
-153.511 718.074 -77.488
-122.562 708.707 -77.4999
-113.377 735.843 -83.2068
-154.405 715.269 -76.2729
-161.388 692.008 -60.0527
-131.289 682.917 -60.0546
-123.455 705.902 -76.2847
-162.075 689.86 -57.8007
-166.72 674.308 -33.4919
-137.204 665.411 -33.4797
-131.976 680.769 -57.8026
-167.091 673.146 -30.5441
-168.718 667.712 -1.87523
-139.415 658.887 -1.85295
-137.576 664.249 -30.532
-136.18 657.838 1.34097
-134.37 663.28 29.9996
-105.411 653.124 30.028
-107.439 647.771 1.36504
-133.955 664.433 32.9447
-128.751 679.839 57.2133
-99.1772 669.438 57.2547
-104.997 654.277 32.9732
-127.983 681.963 59.4611
-120.158 704.983 75.6425
-89.6631 694.23 75.6978
-98.4087 671.562 59.5025
-119.155 707.753 76.8512
-109.974 734.903 82.4998
-78.3508 723.734 82.5468
-88.6599 697 76.9065
-108.899 737.902 82.4912
-99.9236 765.15 76.8056
-67.039 753.517 76.8527
-77.2754 726.733 82.5381
-98.9508 767.934 75.5851
-91.6257 791.292 59.4062
-57.546 779.247 59.4374
-66.0663 756.301 75.6321
-90.8944 793.433 57.156
-85.9999 809.061 32.835
-51.1364 796.753 32.8653
-56.8146 781.388 57.1872
-85.6035 810.218 29.8923
-83.8589 815.678 1.15227
-48.73 803.283 1.18204
-50.74 797.91 29.9226
-83.8577 815.674 -2.03373
-85.5802 810.148 -30.7623
-50.7194 797.841 -30.7337
-48.7288 803.279 -2.00396
-85.9742 808.984 -33.7026
-90.8483 793.298 -57.9899
-56.7711 781.254 -57.9643
-51.1134 796.677 -33.6741
-91.5776 791.152 -60.2355
-98.8865 767.754 -76.3634
-66.0024 756.121 -76.3558
-57.5003 779.109 -60.2099
-99.858 764.967 -77.578
-108.827 737.705 -83.205
-77.2038 726.536 -83.2008
-66.9738 753.335 -77.5704
-109.902 734.705 -83.2073
-119.087 707.569 -77.5004
-88.5915 696.817 -77.5072
-78.279 723.537 -83.2031
-120.09 704.802 -76.2858
-127.924 681.818 -60.0557
-98.3488 671.417 -60.0498
-89.5953 694.049 -76.2926
-128.694 679.699 -57.8022
-133.922 664.341 -33.4793
-104.962 654.185 -33.4598
-99.119 669.298 -57.7963
-134.339 663.195 -30.53
-136.178 657.833 -1.85095
-107.437 647.766 -1.82688
-105.379 653.039 -30.5104
-104.266 646.576 1.36813
-102.239 651.93 30.0311
-73.8729 640.485 30.0586
-76.1246 635.233 1.39335
-101.777 653.063 32.9774
-95.9574 668.223 57.2589
-66.9529 656.496 57.2966
-73.4113 641.618 33.0049
-95.1014 670.312 59.5081
-86.3558 692.98 75.7034
-56.3903 680.841 75.7531
-66.097 658.584 59.5458
-85.2366 695.704 76.9122
-74.9274 722.437 82.5525
-43.8016 709.811 82.599
-55.271 683.565 76.9619
-73.7198 725.383 82.5433
-63.4833 752.168 76.8578
-31.1354 739.025 76.9014
-42.5939 712.757 82.5899
-62.3771 754.9 75.6367
-53.8568 777.846 59.442
-20.3741 764.245 59.4755
-30.0292 741.757 75.6803
-53.0181 779.947 57.1908
-47.3398 795.312 32.8689
-13.0984 781.407 32.9002
-19.5354 766.346 57.2243
-46.8863 796.448 29.926
-44.8762 801.821 1.18544
-10.3751 787.813 1.21682
-12.6448 782.543 29.9572
-44.8752 801.818 -2.00061
-46.8658 796.379 -30.7304
-12.6272 782.476 -30.6996
-10.3741 787.81 -1.96924
-47.3172 795.236 -33.6711
-52.9748 779.814 -57.9613
-19.4947 766.215 -57.9357
-13.0787 781.333 -33.6404
-53.8113 777.708 -60.2082
-62.3134 754.72 -76.3541
-29.9643 741.578 -76.3411
-20.3312 764.109 -60.1825
-63.4181 751.985 -77.5696
-73.6481 725.186 -83.2
-42.5214 712.56 -83.1941
-31.069 738.842 -77.5566
-74.8557 722.24 -83.2032
-85.1681 695.52 -77.5072
-55.2046 683.381 -77.5073
-43.729 709.614 -83.1973
-86.288 692.799 -76.2928
-95.0416 670.167 -60.05
-66.0393 658.439 -60.0387
-56.3245 680.66 -76.2929
-95.8993 668.083 -57.7951
-101.742 652.97 -33.4585
-73.378 641.525 -33.4359
-66.897 656.356 -57.7837
-102.207 651.844 -30.508
-104.264 646.572 -1.82447
-76.123 635.228 -1.79925
-73.8426 640.399 -30.4854
-73.0206 633.896 1.39636
-70.7689 639.148 30.0617
-43.0356 626.419 30.0875
-45.5172 621.277 1.42127
-70.2586 640.259 33.0086
-63.8002 655.136 57.3003
-35.4157 642.091 57.3323
-42.5253 627.53 33.0344
-62.8541 657.184 59.5505
-53.1474 679.44 75.7578
-23.7835 665.928 75.7981
-34.4696 644.138 59.5825
-51.9094 682.111 76.9668
-40.4399 708.358 82.604
-9.90616 694.294 82.6434
-22.5455 668.598 77.0072
-39.1004 711.244 82.5945
-27.642 737.512 76.906
4.0894 722.874 76.943
-8.5667 697.181 82.6339
-26.4071 740.187 75.6846
-16.752 762.675 59.4798
16.0642 747.537 59.5119
5.32422 725.549 75.7215
-15.8104 764.731 57.228
-9.37343 779.792 32.9038
24.1756 764.32 32.9354
17.0058 749.594 57.2602
-8.86438 780.905 29.9608
-6.59469 786.175 1.22036
27.2079 770.589 1.25316
24.6846 765.432 29.9923
-6.59387 786.172 -1.96567
-8.84701 780.838 -30.6961
24.6986 765.369 -30.6627
27.2087 770.585 -1.93287
-9.35407 779.719 -33.6372
-15.7701 764.601 -57.9324
17.0429 749.468 -57.9026
24.1915 764.25 -33.6038
-16.7091 762.538 -60.1804
-26.3422 740.007 -76.339
5.39382 725.369 -76.3211
16.1039 747.405 -60.1506
-27.5752 737.329 -77.5553
-39.0276 711.046 -83.1928
-8.49148 696.978 -83.1827
4.1608 722.691 -77.5375
-40.3674 708.16 -83.1967
-51.843 681.927 -77.5068
-22.4862 668.412 -77.4983
-9.83125 694.092 -83.1866
-53.0822 679.259 -76.2922
-62.797 657.039 -60.038
-34.4203 643.991 -60.0219
-23.7255 665.744 -76.2838
-63.7447 654.996 -57.782
-70.2258 640.165 -33.4342
-42.4978 627.434 -33.4108
-35.3681 641.949 -57.7659
-70.7388 639.062 -30.4828
-73.0191 633.891 -1.79667
-45.5158 621.273 -1.77176
-43.0107 626.33 -30.4594
-42.4861 619.799 1.42403
-40.0045 624.941 30.0902
-12.9479 610.945 30.1133
-15.6618 605.925 1.44655
-39.4449 626.027 33.0376
-32.3353 640.588 57.3355
-4.62469 626.243 57.362
-12.3882 612.031 33.0606
-31.2981 642.589 59.5864
-20.612 664.379 75.802
8.0806 649.514 75.8337
-3.58752 628.245 59.6129
-19.2543 666.99 77.0112
-6.61501 692.685 82.6474
23.2455 677.204 82.6796
9.4383 652.124 77.043
-5.14471 695.506 82.6377
7.51139 721.199 76.9468
38.5488 705.091 76.9765
24.7158 680.024 82.6699
8.87084 723.812 75.7252
19.6108 745.8 59.5156
51.6889 729.15 59.5428
39.9083 707.703 75.7548
20.6512 747.808 57.2636
27.821 762.534 32.9389
60.6062 745.521 32.9675
52.7293 731.158 57.2909
28.3839 763.621 29.9958
30.9071 768.777 1.25661
63.9408 751.644 1.28693
61.169 746.608 30.0244
30.9079 768.774 -1.9294
28.3978 763.558 -30.6592
61.1853 746.563 -30.6305
63.9416 751.641 -1.89907
27.837 762.466 -33.6007
20.6884 747.684 -57.8995
52.772 731.062 -57.8769
60.6246 745.47 -33.5719
19.6513 745.67 -60.1485
8.94117 723.633 -76.3191
40.0026 707.551 -76.3087
51.7349 729.048 -60.1259
7.58432 721.015 -77.5366
-5.06795 695.302 -83.1818
24.7883 679.79 -83.1899
38.6458 704.933 -77.5263
-6.54091 692.481 -83.1864
-19.1959 666.801 -77.4981
9.47611 651.92 -77.4976
23.3154 676.969 -83.1945
-20.5554 664.194 -76.283
-31.2503 642.441 -60.0211
-3.55646 628.086 -60.0107
8.11657 649.313 -76.2824
-32.2887 640.445 -57.7642
-39.4185 625.93 -33.409
-12.3716 611.928 -33.3893
-4.5949 626.09 -57.7538
-39.9801 624.852 -30.457
-42.4851 619.794 -1.76931
-15.6608 605.92 -1.74679
-12.9332 610.85 -30.4372
-12.7086 604.308 1.44901
-9.99464 609.328 30.1157
16.3379 594.09 30.1361
13.3922 589.202 1.46917
-9.38569 610.387 33.0633
-1.62219 624.599 57.3647
25.3585 608.978 57.3872
16.9469 595.148 33.0837
-0.494243 626.55 59.616
11.1739 647.818 75.8369
39.1267 631.625 75.8634
26.4864 610.929 59.6384
12.6505 650.363 77.0463
26.4577 675.443 82.683
55.5614 658.572 82.7112
40.6032 634.169 77.0728
28.0572 678.191 82.6731
41.8902 703.257 76.9797
72.1477 685.713 77.0047
57.1609 661.321 82.7013
43.3709 705.802 75.7578
55.1516 727.248 59.5458
86.4172 709.117 59.5699
73.6284 688.258 75.7829
56.2873 729.205 57.2939
64.1641 743.568 32.9705
96.113 725.042 32.9965
87.5529 711.073 57.3179
64.779 744.627 30.0275
67.5508 749.662 1.29008
99.7408 731.006 1.31783
96.7279 726.101 30.0536
67.5518 749.66 -1.89596
64.7955 744.582 -30.6273
96.7485 726.077 -30.6016
99.7418 731.004 -1.86821
64.183 743.519 -33.5693
56.3304 729.112 -57.8743
87.6015 711.014 -57.8545
96.136 725.014 -33.5435
55.1985 727.151 -60.124
43.4663 705.654 -76.3068
73.7194 688.161 -76.2983
86.4697 709.054 -60.1042
41.9864 703.1 -77.5263
28.129 677.957 -83.1899
57.1831 661.076 -83.2025
72.2395 685.607 -77.5178
26.5244 675.205 -83.195
12.6851 650.156 -77.4981
40.6081 633.949 -77.4989
55.5785 658.324 -83.2077
11.2074 647.616 -76.282
-0.465659 626.39 -60.0103
26.4943 610.758 -60.0018
39.1304 631.409 -76.2828
-1.59405 624.444 -57.7523
-9.37074 610.282 -33.3878
16.95 595.037 -33.3705
25.3659 608.813 -57.7438
-9.98061 609.232 -30.4351
-12.7082 604.302 -1.74463
13.3927 589.196 -1.72448
16.3402 593.987 -30.4177
16.2624 587.449 1.47134
19.2081 592.337 30.1382
44.7678 575.884 30.1557
41.5936 571.141 1.48957
19.8658 593.365 33.086
28.2774 607.195 57.3895
54.4768 590.327 57.4071
45.4255 576.913 33.1035
29.495 609.09 59.6409
42.1352 629.787 75.8658
69.2903 612.295 75.8856
55.6944 592.222 59.6586
43.7288 632.258 77.0755
58.6869 656.662 82.7139
86.9671 638.438 82.7353
70.8839 614.767 77.0953
60.4129 659.332 82.7039
75.3997 683.724 77.0073
104.806 664.771 77.0273
88.6931 641.108 82.7253
76.9986 686.197 75.7854
89.7874 707.055 59.5724
120.168 687.469 59.5927
106.405 667.243 75.8054
91.0151 708.955 57.3206
99.5752 722.924 32.9992
130.613 702.915 33.0222
121.396 689.369 57.341
100.24 723.953 30.0564
103.253 728.857 1.3207
134.521 708.703 1.34617
131.278 703.944 30.0794
103.254 728.856 -1.86529
100.261 723.929 -30.5987
131.296 703.929 -30.5719
134.522 708.702 -1.83981
99.5982 722.898 -33.5408
91.0637 708.898 -57.8518
121.436 689.33 -57.8262
130.633 702.898 -33.514
89.8391 706.995 -60.1023
77.0889 686.102 -76.2964
106.472 667.176 -76.2786
120.211 687.427 -60.0767
75.4876 683.62 -77.5172
60.4311 659.09 -83.2019
88.6692 640.88 -83.1933
104.871 664.694 -77.4994
58.7 656.413 -83.2075
43.7296 632.038 -77.4987
70.8576 614.551 -77.4865
86.9381 638.203 -83.1989
42.1363 629.57 -76.2819
29.5002 608.919 -60.0009
55.6816 592.05 -59.986
69.2643 612.083 -76.2697
28.2832 607.029 -57.7423
19.8673 593.254 -33.3689
45.4163 576.799 -33.3513
54.4646 590.161 -57.7274
19.2097 592.234 -30.4157
16.2622 587.443 -1.72247
41.5934 571.135 -1.70424
44.7587 575.779 -30.3981
44.3753 569.256 1.4914
47.5495 573.999 30.1576
72.2872 556.366 30.1715
68.8897 551.781 1.50626
48.2552 574.995 33.1053
57.3065 588.409 57.4089
82.6698 570.327 57.4219
72.9929 557.362 33.1192
58.612 590.244 59.6604
72.208 610.317 75.8874
98.5045 591.565 75.9009
83.9753 572.162 59.6734
73.9159 612.711 77.0972
89.999 636.382 82.7372
117.392 616.841 82.7512
100.212 593.958 77.1107
91.8483 638.967 82.7272
107.961 662.63 77.0292
136.447 642.302 77.0428
119.241 619.426 82.7412
109.675 665.024 75.8073
123.438 685.25 59.5947
152.863 664.248 59.6091
138.16 644.696 75.8209
124.754 687.09 57.3431
133.972 700.636 33.0243
164.027 679.182 33.0412
154.179 666.087 57.3576
134.685 701.632 30.0818
137.928 706.392 1.34856
168.203 684.781 1.36807
164.74 680.179 30.0987
137.929 706.391 -1.83723
134.702 701.618 -30.5693
164.751 680.17 -30.5476
168.204 684.781 -1.81771
133.99 700.62 -33.5114
124.794 687.051 -57.8236
154.204 666.062 -57.8016
164.039 679.172 -33.4898
123.479 685.21 -60.0744
109.74 664.959 -76.2763
138.201 644.65 -76.2567
152.89 664.22 -60.0524
108.023 662.556 -77.4976
91.8208 638.742 -83.1916
119.18 619.222 -83.1759
136.484 642.246 -77.478
89.9665 636.149 -83.1975
73.886 612.496 -77.4851
100.157 593.758 -77.4708
117.326 616.629 -83.1819
72.1795 610.106 -76.2682
58.5968 590.073 -59.9845
83.9436 572 -59.9704
98.451 591.368 -76.2538
57.2927 588.243 -57.7258
48.2445 574.882 -33.3497
72.9724 557.252 -33.3348
82.6395 570.169 -57.7116
47.5399 573.894 -30.3963
44.3746 569.25 -1.70244
68.8889 551.775 -1.68758
72.2679 556.264 -30.3814
71.5776 549.767 1.50764
74.9751 554.352 30.1728
98.8398 535.576 30.1823
95.2254 531.16 1.51796
75.7275 555.313 33.1205
85.4045 568.279 57.4232
109.877 549.021 57.4313
99.5922 536.537 33.13
86.7956 570.049 59.6746
101.325 589.451 75.9021
126.703 569.476 75.9096
111.268 550.792 59.6828
103.144 591.761 77.1118
120.324 614.643 82.7523
146.765 593.825 82.7588
128.522 571.786 77.1193
122.292 617.138 82.7423
139.498 640.014 77.0439
166.996 618.355 77.0496
148.734 596.319 82.7487
141.322 642.324 75.8221
156.025 661.876 59.6103
184.425 639.502 59.6171
168.82 620.665 75.8278
157.426 663.652 57.3589
167.274 676.747 33.0426
196.278 653.894 33.0519
185.826 641.277 57.3657
168.033 677.708 30.1004
171.496 682.311 1.36971
200.712 659.291 1.38206
197.037 654.855 30.1097
171.497 682.311 -1.81582
168.043 677.7 -30.5457
197.042 654.853 -30.5307
200.712 659.291 -1.80347
167.285 676.737 -33.4877
157.45 663.627 -57.7995
185.836 641.266 -57.7828
196.283 653.89 -33.4726
156.049 661.85 -60.0503
141.361 642.28 -76.2546
168.836 620.641 -76.2377
184.435 639.489 -60.0336
139.532 639.961 -77.4762
122.228 616.937 -83.1741
148.64 596.142 -83.1596
167.007 618.322 -77.4593
120.254 614.434 -83.1803
103.086 591.563 -77.4692
128.441 571.606 -77.4575
146.666 593.639 -83.1659
101.269 589.256 -76.2525
86.7617 569.888 -59.9691
111.219 550.642 -59.9593
126.624 569.299 -76.2407
85.3727 568.122 -57.7103
75.7056 555.204 -33.3335
99.5611 536.432 -33.3233
109.83 548.876 -57.7006
74.9553 554.251 -30.38
71.5763 549.762 -1.6862
95.2241 531.155 -1.67588
98.8107 535.479 -30.3698
97.8139 529.023 1.51883
101.428 533.438 30.1832
124.368 513.556 30.1881
120.545 509.322 1.52475
102.226 534.361 33.1307
112.511 546.846 57.4321
136.038 526.453 57.4346
125.166 514.479 33.1356
113.985 548.547 59.6833
129.42 567.232 75.9102
153.823 546.076 75.9095
137.513 528.155 59.6859
131.347 569.452 77.1196
149.59 591.491 82.759
175.02 569.439 82.7536
155.75 548.296 77.1189
151.674 593.889 82.7487
169.936 615.925 77.0495
196.381 592.982 77.0408
177.104 571.837 82.7432
171.866 618.146 75.8277
187.471 636.983 59.617
214.777 613.283 59.6098
198.312 595.203 75.819
188.954 638.69 57.3659
199.406 651.306 33.0522
227.289 627.098 33.0504
216.261 614.99 57.3587
200.209 652.231 30.1104
203.884 656.667 1.38277
231.969 632.282 1.38825
228.093 628.023 30.1086
203.884 656.667 -1.80223
200.213 652.229 -30.5294
228.091 628.026 -30.517
231.969 632.282 -1.79674
199.41 651.304 -33.471
188.962 638.679 -57.7811
216.256 614.991 -57.7632
227.288 627.101 -33.4585
187.479 636.972 -60.0316
171.88 618.124 -76.2357
198.303 595.202 -76.2141
214.773 613.284 -60.0137
169.944 615.894 -77.4573
151.577 593.714 -83.1576
176.979 571.69 -83.1392
196.366 592.973 -77.4356
149.488 591.308 -83.1643
131.263 569.275 -77.4559
155.647 548.14 -77.4445
174.89 569.284 -83.1459
129.339 567.056 -76.2397
113.933 548.399 -59.9582
137.449 528.02 -59.9516
153.724 545.922 -76.2282
112.462 546.701 -57.6997
102.194 534.258 -33.3224
125.126 514.382 -33.3164
135.978 526.322 -57.6931
101.399 533.341 -30.3689
97.8121 529.018 -1.675
120.543 509.317 -1.66908
124.331 513.465 -30.3629
123.028 507.063 1.52515
126.852 511.298 30.1885
148.814 490.349 30.1892
144.789 486.306 1.52781
127.693 512.182 33.1358
138.565 524.155 57.4347
161.094 502.669 57.4301
149.655 491.233 33.1364
140.12 525.784 59.6854
156.43 543.706 75.909
179.804 521.415 75.8941
162.649 504.297 59.6808
158.461 545.831 77.1174
177.731 566.973 82.7521
202.093 543.737 82.7186
181.835 523.54 77.1024
179.926 569.27 82.7402
199.203 590.415 77.0378
224.536 566.24 76.9757
204.289 546.034 82.7068
201.234 592.541 75.8151
217.7 610.621 59.6059
243.823 585.62 59.544
226.567 568.367 75.7531
219.259 612.255 57.3557
230.288 624.363 33.0474
256.939 598.802 33.0098
245.382 587.253 57.2937
231.133 625.248 30.1077
235.009 629.507 1.38736
261.841 603.748 1.38879
257.784 599.687 30.0701
235.009 629.507 -1.79505
231.131 625.251 -30.5153
257.77 599.689 -30.473
261.841 603.748 -1.79361
230.285 624.367 -33.4546
219.253 612.257 -57.7592
245.354 587.255 -57.6887
256.925 598.804 -33.4122
217.693 610.623 -60.0085
201.223 592.542 -76.209
226.517 568.377 -76.1352
243.793 585.621 -59.938
199.185 590.409 -77.431
179.798 569.126 -83.1346
204.142 545.936 -83.0814
224.479 566.244 -77.3572
177.599 566.822 -83.1428
158.356 545.678 -77.4414
181.722 523.416 -77.4135
201.943 543.632 -83.0896
156.329 543.554 -76.2267
140.055 525.652 -59.95
162.579 504.183 -59.9384
179.696 521.292 -76.1988
138.504 524.025 -57.6923
127.652 512.085 -33.3156
149.61 491.145 -33.3109
161.028 502.557 -57.6807
126.814 511.208 -30.3624
123.026 507.059 -1.66856
144.787 486.301 -1.6659
148.772 490.268 -30.3576
147.162 483.932 1.52783
151.186 487.975 30.1892
172.121 466.003 30.187
167.906 462.161 1.52758
152.069 488.817 33.1361
163.508 500.253 57.4298
184.984 477.715 57.4224
173.004 466.845 33.1338
165.14 501.805 59.6796
182.295 518.923 75.8929
204.578 495.54 75.8755
186.615 479.267 59.6722
184.426 520.949 77.0996
204.684 541.145 82.7158
227.914 516.767 82.6806
206.709 497.565 77.0823
206.987 543.334 82.7013
227.234 563.54 76.9702
251.41 538.158 76.9071
230.217 518.955 82.666
229.362 565.566 75.7459
246.617 582.819 59.5368
271.568 556.549 59.4736
253.537 540.183 75.6828
248.249 584.373 57.288
259.805 595.921 33.004
285.264 569.063 32.9638
273.199 558.104 57.2248
260.688 596.763 30.0679
264.746 600.824 1.38654
290.378 573.757 1.38324
286.147 569.904 30.0276
264.745 600.824 -1.79149
260.674 596.765 -30.4709
286.122 569.904 -30.4355
290.377 573.757 -1.79479
259.789 595.923 -33.4063
248.218 584.374 -57.6827
273.149 558.102 -57.6203
285.237 569.062 -33.371
246.585 582.82 -59.9302
229.308 565.576 -76.1275
253.462 540.188 -76.0585
271.515 556.548 -59.8677
227.175 563.546 -77.3503
206.838 543.239 -83.0745
230.074 518.887 -83.0241
251.329 538.158 -77.2813
204.533 541.044 -83.0853
184.313 520.828 -77.4093
206.596 497.472 -77.3851
227.77 516.692 -83.0349
182.186 518.802 -76.1969
165.07 501.694 -59.9364
186.546 479.174 -59.9279
204.47 495.446 -76.1727
163.442 500.143 -57.6799
152.024 488.731 -33.3101
172.958 466.768 -33.3082
184.918 477.623 -57.6714
151.144 487.894 -30.3574
147.159 483.928 -1.66566
167.903 462.157 -1.66592
172.078 465.931 -30.3554
170.161 459.676 1.52735
174.377 463.518 30.1867
194.235 440.564 30.1833
189.838 436.934 1.52509
175.3 464.316 33.1333
187.28 475.187 57.4219
207.649 451.64 57.4158
195.157 441.363 33.1299
188.984 476.658 59.6711
206.947 492.931 75.8744
228.08 468.498 75.8651
209.353 453.112 59.665
209.172 494.852 77.0802
230.378 514.053 82.6785
252.41 488.575 82.6648
230.306 470.418 77.0709
232.783 516.128 82.6625
253.976 535.33 76.9036
276.905 508.809 76.8881
254.815 490.65 82.6488
256.198 537.25 75.6785
274.228 553.616 59.4693
297.92 526.207 59.4555
279.126 510.728 75.6629
275.93 555.088 57.2213
287.995 566.047 32.9602
312.192 538.048 32.9495
299.622 527.68 57.2075
288.915 566.845 30.0259
293.147 570.697 1.38157
317.518 542.489 1.37572
313.112 538.846 30.0153
293.146 570.697 -1.79406
288.89 566.844 -30.4348
313.078 538.841 -30.4341
317.517 542.489 -1.79991
287.966 566.046 -33.368
275.878 555.086 -57.6173
299.553 527.672 -57.6091
312.154 538.044 -33.3673
274.173 553.614 -59.8633
256.12 537.254 -76.0541
279.022 510.733 -76.0364
297.848 526.2 -59.8551
253.894 535.333 -77.2768
232.639 516.061 -83.0195
254.674 490.617 -82.9938
276.796 508.812 -77.2592
230.234 513.981 -83.0317
209.061 494.761 -77.382
230.201 470.35 -77.3694
252.269 488.537 -83.006
206.839 492.839 -76.1714
188.915 476.567 -59.9266
209.288 453.037 -59.9231
227.98 468.429 -76.1588
187.214 475.096 -57.6711
175.254 464.241 -33.3079
195.111 441.296 -33.3087
207.587 451.566 -57.6676
174.334 463.447 -30.3555
170.159 459.673 -1.66598
189.836 436.93 -1.66824
194.192 440.502 -30.3563
191.973 434.343 1.52473
196.369 437.974 30.183
215.098 414.084 30.1791
210.533 410.672 1.52172
197.329 438.727 33.1293
209.821 449.004 57.4153
229.032 424.497 57.4093
216.059 414.837 33.1255
211.594 450.391 59.6642
230.32 465.778 75.8643
250.252 440.347 75.8568
230.805 425.884 59.6582
232.636 467.588 77.0699
254.741 485.745 82.6638
275.522 459.224 82.6573
252.567 442.158 77.0624
257.243 487.702 82.6476
279.332 505.861 76.8869
300.964 478.264 76.8805
278.024 461.181 82.6411
281.643 507.671 75.6618
300.437 523.15 59.4544
322.787 494.639 59.4478
303.275 480.074 75.6554
302.207 524.54 57.2064
314.777 534.908 32.9485
337.607 505.784 32.9422
324.557 496.029 57.1998
315.735 535.66 30.0145
320.141 539.304 1.37492
343.136 509.963 1.36959
338.565 506.536 30.0082
320.139 539.304 -1.80028
315.699 535.656 -30.4344
338.52 506.526 -30.4369
343.134 509.962 -1.80561
314.738 534.903 -33.3671
302.137 524.531 -57.6089
324.472 496.011 -57.6068
337.559 505.773 -33.3696
300.363 523.142 -59.8543
281.536 507.675 -76.0356
303.155 480.059 -76.027
322.698 494.622 -59.8522
279.223 505.864 -77.2573
257.101 487.67 -82.9918
277.908 461.16 -82.9729
300.841 478.248 -77.2486
254.601 485.71 -83.0042
232.534 467.523 -77.3676
252.478 442.109 -77.3574
275.408 459.199 -82.9852
230.221 465.71 -76.158
211.53 450.318 -59.9223
230.749 425.824 -59.9196
250.166 440.296 -76.1479
209.759 448.931 -57.6675
197.283 438.661 -33.3086
216.015 414.779 -33.3103
228.978 424.437 -57.6648
196.326 437.912 -30.3566
191.97 434.34 -1.66847
210.531 410.669 -1.67149
215.057 414.03 -30.3582
212.54 407.981 1.52135
217.105 411.393 30.1788
234.665 386.617 30.1759
229.942 383.431 1.51831
218.101 412.098 33.1251
231.074 421.758 57.4088
249.082 396.343 57.4064
235.661 387.322 33.1222
232.912 423.058 59.6578
252.358 437.521 75.8564
271.036 411.15 75.856
250.92 397.643 59.6553
254.758 439.218 77.0622
277.713 456.284 82.6571
297.184 428.781 82.6639
273.436 412.847 77.0618
280.308 458.119 82.641
303.247 475.201 76.8803
323.543 446.606 76.881
299.779 430.615 82.6478
305.643 476.9 75.6551
325.155 491.465 59.4475
346.12 461.923 59.4471
325.939 448.305 75.6557
326.989 492.769 57.1994
340.04 502.524 32.9418
361.454 472.342 32.9399
347.954 463.226 57.199
341.032 503.229 30.0077
345.603 506.656 1.36912
367.173 476.247 1.36616
362.446 473.048 30.0058
345.601 506.655 -1.80597
340.987 503.219 -30.4373
362.394 473.032 -30.4394
367.171 476.247 -1.80892
339.99 502.512 -33.3697
326.903 492.75 -57.6069
347.857 463.198 -57.6071
361.397 472.326 -33.3718
325.065 491.446 -59.8519
305.522 476.884 -76.0266
325.806 448.273 -76.0249
346.019 461.894 -59.8521
303.126 475.185 -77.2477
280.192 458.096 -82.972
299.685 430.603 -82.9678
323.41 446.575 -77.246
277.601 456.26 -82.9842
254.671 439.17 -77.3563
273.364 412.807 -77.3531
297.093 428.767 -82.98
252.274 437.471 -76.1474
232.857 422.999 -59.9191
250.872 397.593 -59.92
270.966 411.109 -76.1442
231.021 421.699 -57.6648
218.057 412.041 -33.3103
235.618 387.27 -33.3132
249.036 396.292 -57.6657
217.065 411.339 -30.3585
212.538 407.978 -1.67178
229.939 383.428 -1.67482
234.625 386.568 -30.3613
231.817 380.645 1.51796
236.541 383.83 30.1756
252.896 358.225 30.1725
248.024 355.27 1.51489
237.569 384.487 33.1218
250.99 393.507 57.406
267.762 367.245 57.4025
253.924 358.881 33.1188
252.888 394.717 59.655
273.004 408.225 75.8557
290.396 380.983 75.8532
269.66 368.455 59.6515
275.482 409.804 77.062
299.23 425.738 82.664
317.345 397.354 82.668
292.874 382.562 77.0595
301.911 427.448 82.6481
325.676 443.439 76.8813
344.56 413.919 76.8807
320.026 399.064 82.652
328.152 445.022 75.6555
348.333 458.64 59.4469
367.852 428.126 59.4458
347.036 415.503 75.655
350.228 459.853 57.1988
363.728 468.969 32.9397
383.671 437.792 32.9385
369.747 429.339 57.1977
364.753 469.626 30.0056
369.479 472.826 1.36592
389.572 441.416 1.36438
384.695 438.449 30.0044
369.477 472.825 -1.80916
364.7 469.611 -30.4397
384.647 438.435 -30.4419
389.57 441.416 -1.8107
363.671 468.952 -33.372
350.13 459.824 -57.6072
369.657 429.31 -57.6093
383.618 437.777 -33.3742
348.232 458.61 -59.8522
328.019 444.989 -76.025
346.927 415.45 -76.0289
367.759 428.096 -59.8543
325.544 443.405 -77.2462
301.82 427.433 -82.968
319.956 399.019 -82.9771
344.452 413.866 -77.2501
299.142 425.724 -82.9801
275.412 409.765 -77.3532
292.809 382.52 -77.3555
317.278 397.31 -82.9893
272.935 408.184 -76.1442
252.841 394.668 -59.92
269.613 368.406 -59.9241
290.332 380.94 -76.1465
250.944 393.457 -57.666
237.527 384.436 -33.3135
253.879 358.831 -33.3174
267.716 367.196 -57.6701
236.501 383.782 -30.3617
231.815 380.642 -1.67517
248.022 355.268 -1.67824
252.854 358.177 -30.3656
249.765 352.395 1.51458
254.636 355.35 30.1722
269.755 328.972 30.1697
264.746 326.252 1.51319
255.695 355.956 33.1183
269.533 364.32 57.4021
285.037 337.273 57.3958
270.813 329.578 33.1158
271.486 365.438 59.6509
292.223 377.966 75.8525
308.3 349.919 75.8433
286.99 338.391 59.6446
294.773 379.425 77.059
319.244 394.217 82.6676
335.993 364.997 82.6595
310.85 351.379 77.0499
322.004 395.799 82.6518
346.538 410.655 76.8805
363.969 380.253 76.8756
338.753 366.579 82.6437
349.088 412.118 75.6547
369.904 424.741 59.4455
387.925 393.32 59.4425
366.52 381.716 75.6499
371.856 425.861 57.1975
385.779 434.314 32.9383
404.198 402.209 32.9374
389.876 394.441 57.1944
386.835 434.92 30.0043
391.712 437.888 1.36426
410.275 405.543 1.36465
405.253 402.816 30.0034
391.71 437.887 -1.8108
386.787 434.907 -30.442
405.218 402.806 -30.4426
410.273 405.543 -1.8104
385.728 434.299 -33.3743
371.767 425.832 -57.6095
389.809 394.419 -57.6108
404.159 402.198 -33.3749
369.813 424.711 -59.8543
348.981 412.065 -76.0289
366.435 381.684 -76.0285
387.855 393.297 -59.8556
346.431 410.6 -77.2505
321.936 395.753 -82.9776
338.671 366.536 -82.9813
363.885 380.219 -77.2501
319.177 394.172 -82.9895
294.707 379.382 -77.3557
310.782 351.328 -77.3546
335.912 364.955 -82.9933
292.159 377.922 -76.1466
271.439 365.388 -59.9242
286.942 338.337 -59.9253
308.234 349.868 -76.1455
269.487 364.27 -57.6703
255.65 355.906 -33.3176
270.766 329.527 -33.3192
284.99 337.219 -57.6714
254.594 355.302 -30.3658
249.762 352.393 -1.67851
264.743 326.25 -1.6799
269.71 328.923 -30.3674
266.348 323.295 1.51318
271.357 326.014 30.1697
285.205 298.919 30.1712
280.072 296.439 1.5164
272.443 326.569 33.1154
286.667 334.265 57.3954
300.868 306.49 57.3924
286.292 299.475 33.117
288.671 335.289 59.6438
309.981 346.817 75.8426
324.704 318.026 75.8351
302.872 307.514 59.6408
312.597 348.155 77.0489
337.741 361.773 82.6586
353.077 331.783 82.6509
327.32 319.363 77.0415
340.572 363.222 82.6431
365.788 376.897 76.875
381.746 345.698 76.8732
355.909 333.232 82.6355
368.407 378.236 75.6497
389.811 389.84 59.4423
406.309 357.596 59.4463
384.365 347.038 75.648
391.815 390.865 57.1945
406.137 398.633 32.9376
422.999 365.68 32.9438
408.313 358.62 57.1985
407.221 399.188 30.0038
412.242 401.915 1.365
429.231 368.71 1.37261
424.083 366.234 30.01
412.24 401.915 -1.80988
407.186 399.178 -30.4421
424.042 366.217 -30.4314
429.229 368.709 -1.80227
406.098 398.622 -33.3742
391.748 390.843 -57.6101
408.236 358.587 -57.5947
422.954 365.662 -33.3635
389.742 389.818 -59.8546
368.322 378.204 -76.0274
384.259 347.007 -76.0065
406.229 357.562 -59.8392
365.703 376.865 -77.2487
340.49 363.182 -82.9799
355.843 333.214 -82.9464
381.64 345.667 -77.2277
337.66 361.731 -82.9917
312.53 348.105 -77.353
327.272 319.315 -77.3279
353.013 331.763 -82.9581
309.915 346.766 -76.1443
288.624 335.234 -59.9241
302.838 307.46 -59.91
324.658 317.977 -76.1192
286.62 334.21 -57.6709
272.396 326.518 -33.3187
286.25 299.425 -33.3128
300.834 306.436 -57.6567
271.312 325.966 -30.3673
266.345 323.292 -1.6797
280.07 296.437 -1.67648
285.165 298.872 -30.3614
281.533 293.405 1.51682
286.665 295.885 30.1717
299.217 268.129 30.1768
293.973 265.891 1.52355
287.777 296.389 33.117
302.353 303.405 57.3924
315.222 274.961 57.392
300.328 268.633 33.1221
304.404 304.334 59.6402
326.236 314.845 75.8345
339.575 285.373 75.8279
317.273 275.89 59.6399
328.912 316.059 77.0407
354.669 328.478 82.6501
368.561 297.79 82.6435
342.251 286.587 77.0341
357.566 329.792 82.6351
383.403 342.259 76.8728
397.856 310.342 76.8738
371.458 299.105 82.6285
386.083 343.472 75.6482
408.027 354.03 59.4465
422.969 321.037 59.454
400.535 311.555 75.6491
410.079 354.956 57.1992
424.765 362.015 32.9445
440.039 328.29 32.9547
425.021 321.963 57.2066
425.875 362.516 30.011
431.023 364.991 1.37357
446.411 331.005 1.38497
441.149 328.79 30.0212
431.02 364.99 -1.80103
425.834 362.498 -30.4302
441.101 328.766 -30.4163
446.409 331.004 -1.78964
424.72 361.996 -33.3618
410.001 354.921 -57.593
424.933 321.916 -57.5747
439.987 328.264 -33.348
407.946 353.994 -59.8371
385.975 343.439 -76.0044
400.419 311.495 -75.977
422.878 320.989 -59.8187
383.298 342.228 -77.2243
357.501 329.774 -82.943
371.428 299.072 -82.9018
397.741 310.283 -77.197
354.608 328.458 -82.9546
328.867 316.011 -77.3243
342.23 286.539 -77.2935
368.535 297.757 -82.9134
326.191 314.796 -76.1166
304.371 304.28 -59.9074
317.256 275.838 -59.8886
339.554 285.324 -76.0858
302.32 303.351 -57.6552
287.736 296.34 -33.3114
300.294 268.586 -33.3018
315.205 274.91 -57.6364
286.626 295.839 -30.3607
281.531 293.403 -1.67573
293.971 265.889 -1.66901
299.184 268.085 -30.3511
295.288 262.787 1.52427
300.532 265.024 30.1775
311.76 236.66 30.1848
306.416 234.666 1.53302
301.666 265.476 33.1223
316.56 271.805 57.3923
328.073 242.752 57.3926
312.894 237.112 33.1296
318.652 272.638 59.6393
340.954 282.121 75.8274
352.884 252.036 75.8191
330.165 243.585 59.6397
343.684 283.209 77.0332
369.994 294.413 82.6426
382.413 263.105 82.6347
355.614 253.124 77.025
372.949 295.591 82.6281
399.347 306.828 76.8735
412.266 274.274 76.8746
385.368 264.283 82.6202
402.082 307.912 75.6496
424.516 317.394 59.4544
437.877 283.73 59.4634
415.001 275.358 75.6507
426.611 318.218 57.2076
441.629 324.545 32.9557
455.289 290.125 32.9689
439.971 284.554 57.2166
442.762 324.989 30.0225
448.024 327.205 1.38631
461.791 292.519 1.40068
456.422 290.569 30.0357
448.022 327.203 -1.7881
442.715 324.965 -30.4148
456.378 290.543 -30.4001
461.788 292.517 -1.77373
441.577 324.518 -33.3461
426.523 318.171 -57.5728
439.89 284.5 -57.5557
455.241 290.096 -33.3314
424.425 317.344 -59.8162
401.966 307.85 -75.9745
414.897 275.28 -75.9486
437.792 283.674 -59.7991
399.234 306.767 -77.1935
372.921 295.556 -82.8983
385.357 264.23 -82.8651
412.165 274.197 -77.1676
369.97 294.379 -82.9096
343.665 283.161 -77.2897
355.608 253.069 -77.2605
382.407 263.053 -82.8764
340.935 282.072 -76.083
318.637 272.586 -59.8858
330.158 243.532 -59.8674
352.878 251.98 -76.0538
316.544 271.753 -57.6347
301.633 265.43 -33.3001
312.865 237.068 -33.2895
328.065 242.699 -57.6163
300.499 264.981 -30.3501
295.286 262.785 -1.66795
306.415 234.663 -1.6592
311.732 236.619 -30.3394
307.584 231.497 1.53394
312.928 233.491 30.1857
322.813 204.569 30.1943
317.378 202.817 1.54475
314.082 233.891 33.1298
329.26 239.531 57.3928
339.397 209.926 57.3917
323.967 204.969 33.1384
331.389 240.268 59.6389
354.109 248.719 75.8183
364.61 218.091 75.8054
341.526 210.663 59.6377
356.886 249.683 77.0237
383.684 259.663 82.6335
394.61 227.817 82.6209
367.388 219.054 77.0108
386.692 260.704 82.6197
413.589 270.695 76.8741
424.953 237.586 76.8729
397.618 228.857 82.6071
416.373 271.646 75.6512
439.249 280.018 59.4638
451.007 245.76 59.4755
427.737 238.538 75.65
441.383 280.737 57.2179
456.7 286.308 32.9702
468.725 251.269 32.9878
453.14 246.479 57.2296
457.855 286.695 30.0374
463.223 288.645 1.40246
475.342 253.335 1.42198
469.879 251.656 30.0551
463.221 288.643 -1.77179
457.811 286.669 -30.3981
469.84 251.629 -30.3776
475.339 253.333 -1.75227
456.653 286.279 -33.3292
441.302 280.683 -57.5535
453.069 246.42 -57.5292
468.682 251.239 -33.3087
439.166 279.962 -59.7961
416.27 271.568 -75.9457
427.647 238.445 -75.9129
450.933 245.698 -59.7719
413.49 270.616 -77.164
386.682 260.649 -82.8615
397.622 228.784 -82.8207
424.867 237.493 -77.1312
383.68 259.61 -82.8724
356.881 249.626 -77.2565
367.392 218.989 -77.2173
394.619 227.745 -82.8317
354.104 248.663 -76.0505
331.384 240.215 -59.8641
341.525 210.609 -59.8394
364.614 218.027 -76.0113
329.254 239.479 -57.6142
314.054 233.847 -33.2874
323.94 204.928 -33.274
339.395 209.873 -57.5896
312.9 233.45 -30.3381
307.583 231.494 -1.6579
317.377 202.815 -1.64709
322.786 204.531 -30.3247
318.396 199.588 1.54575
323.831 201.341 30.1953
332.357 171.91 30.203
326.84 170.395 1.5579
325.003 201.69 33.1384
340.433 206.646 57.3916
349.181 176.546 57.3841
333.529 172.259 33.1461
342.594 207.29 59.6361
365.678 214.717 75.8038
374.74 183.618 75.7785
351.342 177.19 59.6286
368.496 215.557 77.0085
395.719 224.319 82.6186
405.142 192.024 82.5922
377.558 184.458 76.9833
398.77 225.223 82.6057
426.105 233.952 76.8716
435.887 200.372 76.8618
408.193 192.928 82.5793
428.933 234.767 75.6501
452.203 241.989 59.4756
462.333 207.209 59.4859
438.715 201.188 75.6403
454.37 242.599 57.2311
469.955 247.39 32.9894
480.318 211.807 33.0083
464.501 207.819 57.2414
471.128 247.718 30.0573
476.59 249.396 1.42417
487.036 213.538 1.44679
481.491 212.135 30.0762
476.589 249.395 -1.74984
471.09 247.691 -30.3752
481.463 212.11 -30.3509
487.034 213.536 -1.72721
469.913 247.36 -33.3059
454.3 242.54 -57.5264
464.45 207.761 -57.4982
480.287 211.779 -33.2816
452.13 241.927 -59.7682
428.845 234.673 -75.9092
438.653 201.082 -75.8684
462.28 207.147 -59.74
426.021 233.856 -77.1267
398.776 225.147 -82.8162
408.202 192.829 -82.7674
435.83 200.264 -77.0859
395.728 224.246 -82.8266
368.501 215.491 -77.2122
377.563 184.385 -77.1621
405.154 191.928 -82.7777
365.682 214.652 -76.0069
342.594 207.235 -59.8351
351.341 177.135 -59.8031
374.744 183.546 -75.9568
340.431 206.593 -57.5869
324.976 201.648 -33.2713
333.5 172.221 -33.2547
349.179 176.493 -57.5549
323.804 201.302 -30.3232
318.395 199.586 -1.6455
326.839 170.393 -1.63335
332.328 171.875 -30.3065
327.708 167.113 1.55878
333.224 168.627 30.2039
340.39 138.732 30.2067
334.805 137.451 1.57183
334.412 168.926 33.1452
350.064 173.214 57.3832
357.417 142.672 57.3639
341.578 139.031 33.1481
352.252 173.766 59.6255
375.65 180.194 75.7754
383.26 148.698 75.7315
359.604 143.225 59.6062
378.502 180.914 76.9794
406.086 188.48 82.5883
413.993 155.816 82.5464
386.112 149.418 76.9355
409.174 189.246 82.5765
436.868 196.69 76.859
445.06 162.71 76.8377
417.081 156.581 82.5346
439.731 197.366 75.6397
463.35 203.387 59.4852
471.834 168.158 59.4908
447.923 163.385 75.6184
465.547 203.884 57.2427
481.363 207.872 33.0096
490.033 171.818 33.0252
474.03 168.655 57.2483
482.552 208.14 30.0785
488.098 209.543 1.44904
496.835 173.21 1.47252
491.222 172.086 30.0941
488.097 209.541 -1.72448
482.526 208.115 -30.3482
491.212 172.066 -30.3202
496.834 173.209 -1.701
481.335 207.845 -33.2784
465.498 203.826 -57.495
474.01 168.602 -57.464
490.022 171.796 -33.2504
463.3 203.325 -59.7356
439.673 197.26 -75.864
447.9 163.286 -75.8143
471.812 168.101 -59.7046
436.812 196.582 -77.0804
409.184 189.146 -82.7618
417.08 156.477 -82.7034
445.039 162.607 -77.0307
406.098 188.383 -82.7714
378.506 180.84 -77.1557
386.11 149.342 -77.0895
413.994 155.713 -82.7129
375.654 180.122 -75.951
352.25 173.711 -59.7972
359.599 143.174 -59.7532
383.257 148.625 -75.8848
350.061 173.161 -57.5513
334.383 168.889 -33.2511
341.547 139 -33.2278
357.41 142.623 -57.5072
333.196 168.593 -30.3046
327.706 167.111 -1.63139
334.803 137.45 -1.61834
340.36 138.704 -30.2813
335.526 134.12 1.57185
341.112 135.401 30.2068
346.987 105.101 30.1813
341.36 104.052 1.58589
342.31 135.652 33.1446
358.149 139.293 57.3605
364.141 108.375 57.2959
348.186 105.352 33.1192
360.356 139.759 59.5993
384.012 145.233 75.7246
390.163 113.43 75.6286
366.347 108.841 59.5347
386.889 145.838 76.9278
414.769 152.236 82.5387
421.106 119.337 82.4529
393.04 114.035 76.8317
417.888 152.863 82.5289
445.867 158.991 76.832
452.451 124.696 76.7818
424.225 119.964 82.4431
448.758 159.521 75.6158
472.668 164.293 59.4882
479.442 128.675 59.473
455.342 125.225 75.5656
474.886 164.672 57.2483
490.889 167.836 33.0252
497.759 131.371 33.0216
481.66 129.054 57.2332
492.088 168.042 30.0957
497.701 169.166 1.47419
504.603 132.42 1.49745
498.958 131.577 30.0921
497.701 169.166 -1.69761
492.079 168.022 -30.3168
498.961 131.563 -30.2688
504.602 132.419 -1.67434
490.879 167.814 -33.2458
474.868 164.621 -57.4595
481.661 129.008 -57.4045
497.762 131.355 -33.1978
472.65 164.238 -59.6981
448.738 159.422 -75.8078
455.342 125.14 -75.7237
479.444 128.626 -59.6431
445.847 158.89 -77.022
417.889 152.759 -82.6947
424.224 119.873 -82.5819
452.452 124.608 -76.938
414.77 152.134 -82.7026
386.886 145.762 -77.0792
393.039 113.965 -76.9532
421.105 119.248 -82.5898
384.009 145.16 -75.8749
360.351 139.709 -59.7433
366.345 108.8 -59.6475
390.162 113.363 -75.7489
358.143 139.245 -57.5006
342.28 135.622 -33.2213
348.158 105.334 -33.1663
364.137 108.337 -57.4049
341.081 135.374 -30.2782
335.524 134.119 -1.61523
341.358 104.05 -1.60119
346.96 105.086 -30.2232
341.965 100.687 1.57978
347.593 101.737 30.1752
352.628 71.201 29.9615
347.03 70.3792 1.59207
348.792 101.941 33.0993
364.747 104.964 57.276
369.71 73.8412 56.8859
353.827 71.4054 32.8855
366.956 105.349 59.505
390.772 109.938 75.5988
395.633 78.0035 75.107
371.919 74.2263 59.1149
393.651 110.44 76.7979
421.717 115.742 82.4191
426.458 82.8801 81.8903
398.512 78.5055 76.3061
424.85 116.228 82.4137
453.075 120.959 76.7523
457.788 86.3894 76.3764
429.591 83.3654 81.8849
455.972 121.325 75.544
480.072 124.775 59.4515
484.662 88.7688 59.1343
460.684 86.7552 75.1681
482.291 125.03 57.2188
498.39 127.347 33.0073
502.901 90.4786 32.8236
486.881 89.0235 56.9016
499.59 127.49 30.088
505.235 128.333 1.49328
509.722 91.1804 1.50423
504.101 90.6216 29.9043
505.235 128.332 -1.66617
499.594 127.477 -30.2606
504.106 90.6137 -30.0467
509.722 91.18 -1.65522
498.394 127.332 -33.1789
482.294 124.985 -57.3856
486.9 88.9876 -57.0169
502.907 90.4689 -32.965
480.075 124.727 -59.6169
455.974 121.242 -75.6975
460.7 86.6827 -75.2755
484.682 88.729 -59.2482
453.077 120.874 -76.9045
424.849 116.139 -82.5484
429.602 83.2916 -81.9816
457.804 86.3149 -76.4825
421.716 115.654 -82.5524
393.65 110.372 -76.9157
398.521 78.4497 -76.3904
426.469 82.8072 -81.9855
390.771 109.873 -75.7155
366.955 105.31 -59.6142
371.93 74.2034 -59.1886
395.642 77.9503 -75.1902
364.744 104.928 -57.3815
348.765 101.925 -33.1429
353.812 71.4087 -32.9001
369.719 73.8211 -56.9559
347.565 101.722 -30.214
341.964 100.687 -1.59192
347.028 70.379 -1.57964
352.612 71.2058 -29.9712
347.706 67.0526 1.54883
353.304 67.8744 29.9182
360.376 38.1057 28.6285
355.044 37.3602 1.55612
354.47 68.0469 32.7635
370.353 70.4828 56.7638
376.669 40.4769 54.3992
361.542 38.2782 31.4737
372.504 70.8094 58.9385
396.218 74.5866 74.9306
401.431 44.13 71.8974
378.82 40.8036 56.5738
399.025 75.0108 76.1044
426.971 79.3854 81.6886
430.933 48.3233 78.4554
404.238 44.5541 73.0711
430.009 79.7823 81.6916
458.205 82.8063 76.1831
460.769 51.8586 73.119
433.97 48.7202 78.4584
461.03 83.0971 75.0115
485.008 85.1106 58.9777
486.32 54.4444 56.5749
463.594 52.1494 71.9473
487.177 85.3133 56.7962
503.197 86.7684 32.7182
503.708 56.1893 31.4072
488.489 54.6471 54.3935
504.371 86.8822 29.8671
509.992 87.4411 1.46707
510.225 56.8413 1.47401
504.882 56.3032 28.5561
509.992 87.4397 -1.61612
504.376 86.8735 -30.0076
504.877 56.2544 -28.6704
510.224 56.8399 -1.60918
503.203 86.7573 -32.8551
487.197 85.2761 -56.9071
488.513 54.5854 -54.4535
503.705 56.1383 -31.5179
485.029 85.0713 -59.0861
461.048 83.0249 -75.1133
463.617 52.0932 -72.0051
486.346 54.3806 -56.6325
458.223 82.7336 -76.2848
430.021 79.7102 -81.7838
433.991 48.6677 -78.5144
460.792 51.8018 -73.1765
426.983 79.3144 -81.7801
399.036 74.9569 -76.185
404.255 44.5204 -73.1243
430.953 48.2719 -78.5107
396.228 74.5357 -75.0107
372.515 70.7888 -59.009
378.831 40.8157 -56.6246
401.447 44.0993 -71.9499
370.363 70.4652 -56.831
354.455 68.0528 -32.7752
361.523 38.3104 -31.4706
376.678 40.4922 -54.4465
353.288 67.8804 -29.9256
347.705 67.0536 -1.53398
355.043 37.3612 -1.52668
360.356 38.1379 -28.6209
355.893 34.1108 1.4717
361.226 34.8564 28.5441
369.199 5.92927 26.7702
364.201 5.27314 1.47138
362.328 35.0107 31.2328
377.455 37.2094 54.1583
384.472 8.03231 50.875
370.301 6.08356 29.4589
379.488 37.4982 56.214
402.099 40.8246 71.5375
407.686 11.2287 67.2208
386.505 8.32115 52.9307
404.752 41.195 72.6481
431.447 44.9641 78.0323
435.312 14.9132 73.3319
410.339 11.5991 68.3314
434.318 45.3319 78.0326
461.117 48.4702 72.6932
463.182 18.3014 68.3066
438.183 15.2809 73.3322
463.775 48.772 71.5813
486.501 51.0671 56.2089
487.016 21.0054 52.8553
465.84 18.6032 67.1948
488.539 51.2854 54.1483
503.758 52.8276 31.162
503.208 22.8235 29.3555
489.054 21.2238 50.7946
504.862 52.9447 28.4712
510.205 53.4828 1.38911
509.275 23.4681 1.41795
504.312 22.9405 26.6647
510.205 53.4793 -1.52
504.858 52.8938 -28.5812
504.308 22.8619 -26.7226
509.275 23.4646 -1.49117
503.755 52.773 -31.2681
488.563 51.22 -54.2038
489.073 21.1448 -50.8164
503.205 22.7411 -29.4095
486.526 51.0031 -56.2623
463.798 48.7157 -71.6348
465.859 18.5663 -67.2233
487.036 20.9279 -52.8749
461.14 48.4155 -72.7471
434.338 45.2814 -78.085
438.198 15.2502 -73.3609
463.2 18.2661 -68.3356
431.467 44.9148 -78.0846
404.769 41.1633 -72.6982
410.35 11.5833 -68.3592
435.326 14.8835 -73.3604
402.115 40.7966 -71.5877
379.498 37.513 -56.2624
386.504 8.36444 -52.9628
407.696 11.2166 -67.2487
377.463 37.228 -54.2042
362.308 35.0462 -31.2283
370.273 6.14675 -29.4516
384.469 8.0794 -50.9046
361.206 34.8902 -28.5356
355.892 34.1134 -1.44136
364.2 5.27568 -1.44168
369.171 5.99074 -26.759
365.218 2.33755 1.34263
370.216 2.99367 26.6414
380.27 -21.214 23.7807
375.847 -21.8355 1.32894
371.223 3.13183 29.0958
385.395 5.08057 50.5119
393.876 -19.3169 45.2654
381.277 -21.0758 26.235
387.255 5.33471 52.3881
408.436 8.24227 66.6782
414.621 -16.5361 59.8108
395.737 -19.0627 47.1416
410.863 8.56747 67.689
435.836 11.8816 72.6895
439.285 -13.2641 65.2118
417.048 -16.2109 60.8216
438.459 12.2211 72.686
463.458 15.2416 67.6604
464.09 -9.99525 60.683
441.907 -12.9246 65.2083
465.881 15.5429 66.6443
487.057 17.9452 52.3048
485.275 -7.22062 46.9471
466.513 -9.69385 59.6668
488.912 18.1723 50.4279
503.066 19.772 28.9888
499.643 -5.34565 26.1067
487.131 -6.99348 45.0703
504.07 19.8934 26.539
509.033 20.4209 1.29222
505.036 -4.64669 1.32421
500.647 -5.22432 23.6569
509.033 20.4186 -1.35799
504.066 19.8159 -26.5894
500.647 -5.22745 -23.6586
505.036 -4.64899 -1.326
503.062 19.6922 -29.0387
488.93 18.0959 -50.4456
487.13 -6.99901 -45.0717
499.643 -5.35121 -26.1079
487.075 17.8706 -52.3222
465.897 15.509 -66.6706
466.514 -9.69739 -59.6682
485.275 -7.22438 -46.9483
463.475 15.2089 -67.6866
438.472 12.193 -72.7119
441.908 -12.9267 -65.2095
464.091 -9.99746 -60.6842
435.849 11.854 -72.7154
410.873 8.55377 -67.7142
417.048 -16.2123 -60.8228
439.285 -13.2657 -65.213
408.445 8.23047 -66.7031
387.252 5.37834 -52.4172
395.736 -19.062 -47.1426
414.62 -16.5356 -59.8118
385.391 5.12682 -50.5404
371.196 3.19416 -29.0873
381.276 -21.0724 -26.2355
393.875 -19.3135 -45.2658
370.189 3.05448 -26.6323
365.218 2.33942 -1.31506
375.847 -21.8337 -1.32874
380.269 -21.2121 -23.7805
-295.638 719.594 25.3528
-296.848 714.579 -0.404235
-295.592 719.529 -26.1708
-292.071 733.681 -48.0004
-286.817 754.861 -62.5552
-280.722 779.842 -67.6449
-274.908 804.894 -62.574
-270.209 826.253 -48.0854
-267.128 840.588 -26.3049
-266.064 845.654 -0.552998
-267.17 840.663 25.2112
-270.265 826.379 47.0223
-274.967 805.052 61.5567
-280.782 780.013 66.6844
-286.87 755.019 61.6513
-292.124 733.802 47.1491
382.635 -22.3863 1.76393e-05
387.057 -21.7648 22.4517
399.656 -20.0058 41.4821
418.54 -17.4792 54.1513
440.777 -14.5323 58.5415
462.96 -11.603 54.0162
481.721 -9.1298 41.2965
494.234 -7.48197 22.3329
498.623 -6.90434 0.000247942
494.233 -7.48281 -22.3323
481.721 -9.13061 -41.2962
462.96 -11.6036 -54.016
440.777 -14.5328 -58.5413
418.54 -17.4795 -54.1511
399.656 -20.0059 -41.482
387.057 -21.7648 -22.4517
</DataArray>
</Points>
<Cells>
<DataArray type="Int32" Name="connectivity" format="ascii">
0 1 529 528 1 17 530 529 17 16 531 530 16 0 528 531 1 2 533 532 2 18 534 533 18 17 535 534 17 1 532 535 2 3 537 536 3 19 538 537 19 18 539 538 18 2 536 539 3 4 541 540 4 20 542 541 20 19 543 542 19 3 540 543 4 5 545 544 5 21 546 545 21 20 547 546 20 4 544 547 5 6 549 548 6 22 550 549 22 21 551 550 21 5 548 551 6 7 553 552 7 23 554 553 23 22 555 554 22 6 552 555 7 8 557 556 8 24 558 557 24 23 559 558 23 7 556 559 8 9 561 560 9 25 562 561 25 24 563 562 24 8 560 563 9 10 565 564 10 26 566 565 26 25 567 566 25 9 564 567 10 11 569 568 11 27 570 569 27 26 571 570 26 10 568 571 11 12 573 572 12 28 574 573 28 27 575 574 27 11 572 575 12 13 577 576 13 29 578 577 29 28 579 578 28 12 576 579 13 14 581 580 14 30 582 581 30 29 583 582 29 13 580 583 14 15 585 584 15 31 586 585 31 30 587 586 30 14 584 587 15 0 589 588 0 16 590 589 16 31 591 590 31 15 588 591 16 17 593 592 17 33 594 593 33 32 595 594 32 16 592 595 18 34 597 596 34 33 598 597 33 17 599 598 17 18 596 599 19 35 601 600 35 34 602 601 34 18 603 602 18 19 600 603 20 36 605 604 36 35 606 605 35 19 607 606 19 20 604 607 21 37 609 608 37 36 610 609 36 20 611 610 20 21 608 611 22 38 613 612 38 37 614 613 37 21 615 614 21 22 612 615 23 39 617 616 39 38 618 617 38 22 619 618 22 23 616 619 24 40 621 620 40 39 622 621 39 23 623 622 23 24 620 623 25 41 625 624 41 40 626 625 40 24 627 626 24 25 624 627 26 42 629 628 42 41 630 629 41 25 631 630 25 26 628 631 27 43 633 632 43 42 634 633 42 26 635 634 26 27 632 635 28 44 637 636 44 43 638 637 43 27 639 638 27 28 636 639 29 45 641 640 45 44 642 641 44 28 643 642 28 29 640 643 30 46 645 644 46 45 646 645 45 29 647 646 29 30 644 647 31 47 649 648 47 46 650 649 46 30 651 650 30 31 648 651 31 16 653 652 16 32 654 653 32 47 655 654 47 31 652 655 32 33 657 656 33 49 658 657 49 48 659 658 48 32 656 659 33 34 661 660 34 50 662 661 50 49 663 662 49 33 660 663 34 35 665 664 35 51 666 665 51 50 667 666 50 34 664 667 35 36 669 668 36 52 670 669 52 51 671 670 51 35 668 671 36 37 673 672 37 53 674 673 53 52 675 674 52 36 672 675 37 38 677 676 38 54 678 677 54 53 679 678 53 37 676 679 38 39 681 680 39 55 682 681 55 54 683 682 54 38 680 683 39 40 685 684 40 56 686 685 56 55 687 686 55 39 684 687 40 41 689 688 41 57 690 689 57 56 691 690 56 40 688 691 41 42 693 692 42 58 694 693 58 57 695 694 57 41 692 695 42 43 697 696 43 59 698 697 59 58 699 698 58 42 696 699 43 44 701 700 44 60 702 701 60 59 703 702 59 43 700 703 44 45 705 704 45 61 706 705 61 60 707 706 60 44 704 707 45 46 709 708 46 62 710 709 62 61 711 710 61 45 708 711 46 47 713 712 47 63 714 713 63 62 715 714 62 46 712 715 47 32 717 716 32 48 718 717 48 63 719 718 63 47 716 719 48 49 721 720 49 65 722 721 65 64 723 722 64 48 720 723 49 50 725 724 50 66 726 725 66 65 727 726 65 49 724 727 50 51 729 728 51 67 730 729 67 66 731 730 66 50 728 731 51 52 733 732 52 68 734 733 68 67 735 734 67 51 732 735 52 53 737 736 53 69 738 737 69 68 739 738 68 52 736 739 53 54 741 740 54 70 742 741 70 69 743 742 69 53 740 743 54 55 745 744 55 71 746 745 71 70 747 746 70 54 744 747 55 56 749 748 56 72 750 749 72 71 751 750 71 55 748 751 56 57 753 752 57 73 754 753 73 72 755 754 72 56 752 755 57 58 757 756 58 74 758 757 74 73 759 758 73 57 756 759 58 59 761 760 59 75 762 761 75 74 763 762 74 58 760 763 59 60 765 764 60 76 766 765 76 75 767 766 75 59 764 767 60 61 769 768 61 77 770 769 77 76 771 770 76 60 768 771 61 62 773 772 62 78 774 773 78 77 775 774 77 61 772 775 62 63 777 776 63 79 778 777 79 78 779 778 78 62 776 779 63 48 781 780 48 64 782 781 64 79 783 782 79 63 780 783 64 65 785 784 65 81 786 785 81 80 787 786 80 64 784 787 65 66 789 788 66 82 790 789 82 81 791 790 81 65 788 791 66 67 793 792 67 83 794 793 83 82 795 794 82 66 792 795 67 68 797 796 68 84 798 797 84 83 799 798 83 67 796 799 68 69 801 800 69 85 802 801 85 84 803 802 84 68 800 803 69 70 805 804 70 86 806 805 86 85 807 806 85 69 804 807 70 71 809 808 71 87 810 809 87 86 811 810 86 70 808 811 71 72 813 812 72 88 814 813 88 87 815 814 87 71 812 815 72 73 817 816 73 89 818 817 89 88 819 818 88 72 816 819 73 74 821 820 74 90 822 821 90 89 823 822 89 73 820 823 74 75 825 824 75 91 826 825 91 90 827 826 90 74 824 827 75 76 829 828 76 92 830 829 92 91 831 830 91 75 828 831 76 77 833 832 77 93 834 833 93 92 835 834 92 76 832 835 77 78 837 836 78 94 838 837 94 93 839 838 93 77 836 839 78 79 841 840 79 95 842 841 95 94 843 842 94 78 840 843 79 64 845 844 64 80 846 845 80 95 847 846 95 79 844 847 80 81 849 848 81 97 850 849 97 96 851 850 96 80 848 851 81 82 853 852 82 98 854 853 98 97 855 854 97 81 852 855 82 83 857 856 83 99 858 857 99 98 859 858 98 82 856 859 83 84 861 860 84 100 862 861 100 99 863 862 99 83 860 863 84 85 865 864 85 101 866 865 101 100 867 866 100 84 864 867 85 86 869 868 86 102 870 869 102 101 871 870 101 85 868 871 86 87 873 872 87 103 874 873 103 102 875 874 102 86 872 875 87 88 877 876 88 104 878 877 104 103 879 878 103 87 876 879 88 89 881 880 89 105 882 881 105 104 883 882 104 88 880 883 89 90 885 884 90 106 886 885 106 105 887 886 105 89 884 887 90 91 889 888 91 107 890 889 107 106 891 890 106 90 888 891 91 92 893 892 92 108 894 893 108 107 895 894 107 91 892 895 92 93 897 896 93 109 898 897 109 108 899 898 108 92 896 899 93 94 901 900 94 110 902 901 110 109 903 902 109 93 900 903 94 95 905 904 95 111 906 905 111 110 907 906 110 94 904 907 95 80 909 908 80 96 910 909 96 111 911 910 111 95 908 911 96 97 913 912 97 113 914 913 113 112 915 914 112 96 912 915 97 98 917 916 98 114 918 917 114 113 919 918 113 97 916 919 98 99 921 920 99 115 922 921 115 114 923 922 114 98 920 923 99 100 925 924 100 116 926 925 116 115 927 926 115 99 924 927 100 101 929 928 101 117 930 929 117 116 931 930 116 100 928 931 101 102 933 932 102 118 934 933 118 117 935 934 117 101 932 935 102 103 937 936 103 119 938 937 119 118 939 938 118 102 936 939 103 104 941 940 104 120 942 941 120 119 943 942 119 103 940 943 104 105 945 944 105 121 946 945 121 120 947 946 120 104 944 947 105 106 949 948 106 122 950 949 122 121 951 950 121 105 948 951 106 107 953 952 107 123 954 953 123 122 955 954 122 106 952 955 107 108 957 956 108 124 958 957 124 123 959 958 123 107 956 959 108 109 961 960 109 125 962 961 125 124 963 962 124 108 960 963 109 110 965 964 110 126 966 965 126 125 967 966 125 109 964 967 110 111 969 968 111 127 970 969 127 126 971 970 126 110 968 971 111 96 973 972 96 112 974 973 112 127 975 974 127 111 972 975 112 113 977 976 113 129 978 977 129 128 979 978 128 112 976 979 113 114 981 980 114 130 982 981 130 129 983 982 129 113 980 983 114 115 985 984 115 131 986 985 131 130 987 986 130 114 984 987 115 116 989 988 116 132 990 989 132 131 991 990 131 115 988 991 116 117 993 992 117 133 994 993 133 132 995 994 132 116 992 995 117 118 997 996 118 134 998 997 134 133 999 998 133 117 996 999 118 119 1001 1000 119 135 1002 1001 135 134 1003 1002 134 118 1000 1003 119 120 1005 1004 120 136 1006 1005 136 135 1007 1006 135 119 1004 1007 120 121 1009 1008 121 137 1010 1009 137 136 1011 1010 136 120 1008 1011 121 122 1013 1012 122 138 1014 1013 138 137 1015 1014 137 121 1012 1015 122 123 1017 1016 123 139 1018 1017 139 138 1019 1018 138 122 1016 1019 123 124 1021 1020 124 140 1022 1021 140 139 1023 1022 139 123 1020 1023 124 125 1025 1024 125 141 1026 1025 141 140 1027 1026 140 124 1024 1027 125 126 1029 1028 126 142 1030 1029 142 141 1031 1030 141 125 1028 1031 126 127 1033 1032 127 143 1034 1033 143 142 1035 1034 142 126 1032 1035 127 112 1037 1036 112 128 1038 1037 128 143 1039 1038 143 127 1036 1039 128 129 1041 1040 129 145 1042 1041 145 144 1043 1042 144 128 1040 1043 129 130 1045 1044 130 146 1046 1045 146 145 1047 1046 145 129 1044 1047 130 131 1049 1048 131 147 1050 1049 147 146 1051 1050 146 130 1048 1051 131 132 1053 1052 132 148 1054 1053 148 147 1055 1054 147 131 1052 1055 132 133 1057 1056 133 149 1058 1057 149 148 1059 1058 148 132 1056 1059 133 134 1061 1060 134 150 1062 1061 150 149 1063 1062 149 133 1060 1063 134 135 1065 1064 135 151 1066 1065 151 150 1067 1066 150 134 1064 1067 135 136 1069 1068 136 152 1070 1069 152 151 1071 1070 151 135 1068 1071 136 137 1073 1072 137 153 1074 1073 153 152 1075 1074 152 136 1072 1075 137 138 1077 1076 138 154 1078 1077 154 153 1079 1078 153 137 1076 1079 138 139 1081 1080 139 155 1082 1081 155 154 1083 1082 154 138 1080 1083 139 140 1085 1084 140 156 1086 1085 156 155 1087 1086 155 139 1084 1087 140 141 1089 1088 141 157 1090 1089 157 156 1091 1090 156 140 1088 1091 141 142 1093 1092 142 158 1094 1093 158 157 1095 1094 157 141 1092 1095 142 143 1097 1096 143 159 1098 1097 159 158 1099 1098 158 142 1096 1099 143 128 1101 1100 128 144 1102 1101 144 159 1103 1102 159 143 1100 1103 144 145 1105 1104 145 161 1106 1105 161 160 1107 1106 160 144 1104 1107 145 146 1109 1108 146 162 1110 1109 162 161 1111 1110 161 145 1108 1111 146 147 1113 1112 147 163 1114 1113 163 162 1115 1114 162 146 1112 1115 147 148 1117 1116 148 164 1118 1117 164 163 1119 1118 163 147 1116 1119 148 149 1121 1120 149 165 1122 1121 165 164 1123 1122 164 148 1120 1123 149 150 1125 1124 150 166 1126 1125 166 165 1127 1126 165 149 1124 1127 150 151 1129 1128 151 167 1130 1129 167 166 1131 1130 166 150 1128 1131 151 152 1133 1132 152 168 1134 1133 168 167 1135 1134 167 151 1132 1135 152 153 1137 1136 153 169 1138 1137 169 168 1139 1138 168 152 1136 1139 153 154 1141 1140 154 170 1142 1141 170 169 1143 1142 169 153 1140 1143 154 155 1145 1144 155 171 1146 1145 171 170 1147 1146 170 154 1144 1147 155 156 1149 1148 156 172 1150 1149 172 171 1151 1150 171 155 1148 1151 156 157 1153 1152 157 173 1154 1153 173 172 1155 1154 172 156 1152 1155 157 158 1157 1156 158 174 1158 1157 174 173 1159 1158 173 157 1156 1159 158 159 1161 1160 159 175 1162 1161 175 174 1163 1162 174 158 1160 1163 159 144 1165 1164 144 160 1166 1165 160 175 1167 1166 175 159 1164 1167 160 161 1169 1168 161 177 1170 1169 177 176 1171 1170 176 160 1168 1171 161 162 1173 1172 162 178 1174 1173 178 177 1175 1174 177 161 1172 1175 162 163 1177 1176 163 179 1178 1177 179 178 1179 1178 178 162 1176 1179 163 164 1181 1180 164 180 1182 1181 180 179 1183 1182 179 163 1180 1183 164 165 1185 1184 165 181 1186 1185 181 180 1187 1186 180 164 1184 1187 165 166 1189 1188 166 182 1190 1189 182 181 1191 1190 181 165 1188 1191 166 167 1193 1192 167 183 1194 1193 183 182 1195 1194 182 166 1192 1195 167 168 1197 1196 168 184 1198 1197 184 183 1199 1198 183 167 1196 1199 168 169 1201 1200 169 185 1202 1201 185 184 1203 1202 184 168 1200 1203 169 170 1205 1204 170 186 1206 1205 186 185 1207 1206 185 169 1204 1207 170 171 1209 1208 171 187 1210 1209 187 186 1211 1210 186 170 1208 1211 171 172 1213 1212 172 188 1214 1213 188 187 1215 1214 187 171 1212 1215 172 173 1217 1216 173 189 1218 1217 189 188 1219 1218 188 172 1216 1219 173 174 1221 1220 174 190 1222 1221 190 189 1223 1222 189 173 1220 1223 174 175 1225 1224 175 191 1226 1225 191 190 1227 1226 190 174 1224 1227 175 160 1229 1228 160 176 1230 1229 176 191 1231 1230 191 175 1228 1231 176 177 1233 1232 177 193 1234 1233 193 192 1235 1234 192 176 1232 1235 177 178 1237 1236 178 194 1238 1237 194 193 1239 1238 193 177 1236 1239 178 179 1241 1240 179 195 1242 1241 195 194 1243 1242 194 178 1240 1243 179 180 1245 1244 180 196 1246 1245 196 195 1247 1246 195 179 1244 1247 180 181 1249 1248 181 197 1250 1249 197 196 1251 1250 196 180 1248 1251 181 182 1253 1252 182 198 1254 1253 198 197 1255 1254 197 181 1252 1255 182 183 1257 1256 183 199 1258 1257 199 198 1259 1258 198 182 1256 1259 183 184 1261 1260 184 200 1262 1261 200 199 1263 1262 199 183 1260 1263 184 185 1265 1264 185 201 1266 1265 201 200 1267 1266 200 184 1264 1267 185 186 1269 1268 186 202 1270 1269 202 201 1271 1270 201 185 1268 1271 186 187 1273 1272 187 203 1274 1273 203 202 1275 1274 202 186 1272 1275 187 188 1277 1276 188 204 1278 1277 204 203 1279 1278 203 187 1276 1279 188 189 1281 1280 189 205 1282 1281 205 204 1283 1282 204 188 1280 1283 189 190 1285 1284 190 206 1286 1285 206 205 1287 1286 205 189 1284 1287 190 191 1289 1288 191 207 1290 1289 207 206 1291 1290 206 190 1288 1291 191 176 1293 1292 176 192 1294 1293 192 207 1295 1294 207 191 1292 1295 192 193 1297 1296 193 209 1298 1297 209 208 1299 1298 208 192 1296 1299 193 194 1301 1300 194 210 1302 1301 210 209 1303 1302 209 193 1300 1303 194 195 1305 1304 195 211 1306 1305 211 210 1307 1306 210 194 1304 1307 195 196 1309 1308 196 212 1310 1309 212 211 1311 1310 211 195 1308 1311 196 197 1313 1312 197 213 1314 1313 213 212 1315 1314 212 196 1312 1315 197 198 1317 1316 198 214 1318 1317 214 213 1319 1318 213 197 1316 1319 198 199 1321 1320 199 215 1322 1321 215 214 1323 1322 214 198 1320 1323 199 200 1325 1324 200 216 1326 1325 216 215 1327 1326 215 199 1324 1327 200 201 1329 1328 201 217 1330 1329 217 216 1331 1330 216 200 1328 1331 201 202 1333 1332 202 218 1334 1333 218 217 1335 1334 217 201 1332 1335 202 203 1337 1336 203 219 1338 1337 219 218 1339 1338 218 202 1336 1339 203 204 1341 1340 204 220 1342 1341 220 219 1343 1342 219 203 1340 1343 204 205 1345 1344 205 221 1346 1345 221 220 1347 1346 220 204 1344 1347 205 206 1349 1348 206 222 1350 1349 222 221 1351 1350 221 205 1348 1351 206 207 1353 1352 207 223 1354 1353 223 222 1355 1354 222 206 1352 1355 207 192 1357 1356 192 208 1358 1357 208 223 1359 1358 223 207 1356 1359 208 209 1361 1360 209 225 1362 1361 225 224 1363 1362 224 208 1360 1363 209 210 1365 1364 210 226 1366 1365 226 225 1367 1366 225 209 1364 1367 210 211 1369 1368 211 227 1370 1369 227 226 1371 1370 226 210 1368 1371 211 212 1373 1372 212 228 1374 1373 228 227 1375 1374 227 211 1372 1375 212 213 1377 1376 213 229 1378 1377 229 228 1379 1378 228 212 1376 1379 213 214 1381 1380 214 230 1382 1381 230 229 1383 1382 229 213 1380 1383 214 215 1385 1384 215 231 1386 1385 231 230 1387 1386 230 214 1384 1387 215 216 1389 1388 216 232 1390 1389 232 231 1391 1390 231 215 1388 1391 216 217 1393 1392 217 233 1394 1393 233 232 1395 1394 232 216 1392 1395 217 218 1397 1396 218 234 1398 1397 234 233 1399 1398 233 217 1396 1399 218 219 1401 1400 219 235 1402 1401 235 234 1403 1402 234 218 1400 1403 219 220 1405 1404 220 236 1406 1405 236 235 1407 1406 235 219 1404 1407 220 221 1409 1408 221 237 1410 1409 237 236 1411 1410 236 220 1408 1411 221 222 1413 1412 222 238 1414 1413 238 237 1415 1414 237 221 1412 1415 222 223 1417 1416 223 239 1418 1417 239 238 1419 1418 238 222 1416 1419 223 208 1421 1420 208 224 1422 1421 224 239 1423 1422 239 223 1420 1423 224 225 1425 1424 225 241 1426 1425 241 240 1427 1426 240 224 1424 1427 225 226 1429 1428 226 242 1430 1429 242 241 1431 1430 241 225 1428 1431 226 227 1433 1432 227 243 1434 1433 243 242 1435 1434 242 226 1432 1435 227 228 1437 1436 228 244 1438 1437 244 243 1439 1438 243 227 1436 1439 228 229 1441 1440 229 245 1442 1441 245 244 1443 1442 244 228 1440 1443 229 230 1445 1444 230 246 1446 1445 246 245 1447 1446 245 229 1444 1447 230 231 1449 1448 231 247 1450 1449 247 246 1451 1450 246 230 1448 1451 231 232 1453 1452 232 248 1454 1453 248 247 1455 1454 247 231 1452 1455 232 233 1457 1456 233 249 1458 1457 249 248 1459 1458 248 232 1456 1459 233 234 1461 1460 234 250 1462 1461 250 249 1463 1462 249 233 1460 1463 234 235 1465 1464 235 251 1466 1465 251 250 1467 1466 250 234 1464 1467 235 236 1469 1468 236 252 1470 1469 252 251 1471 1470 251 235 1468 1471 236 237 1473 1472 237 253 1474 1473 253 252 1475 1474 252 236 1472 1475 237 238 1477 1476 238 254 1478 1477 254 253 1479 1478 253 237 1476 1479 238 239 1481 1480 239 255 1482 1481 255 254 1483 1482 254 238 1480 1483 239 224 1485 1484 224 240 1486 1485 240 255 1487 1486 255 239 1484 1487 240 241 1489 1488 241 257 1490 1489 257 256 1491 1490 256 240 1488 1491 241 242 1493 1492 242 258 1494 1493 258 257 1495 1494 257 241 1492 1495 242 243 1497 1496 243 259 1498 1497 259 258 1499 1498 258 242 1496 1499 243 244 1501 1500 244 260 1502 1501 260 259 1503 1502 259 243 1500 1503 244 245 1505 1504 245 261 1506 1505 261 260 1507 1506 260 244 1504 1507 245 246 1509 1508 246 262 1510 1509 262 261 1511 1510 261 245 1508 1511 246 247 1513 1512 247 263 1514 1513 263 262 1515 1514 262 246 1512 1515 247 248 1517 1516 248 264 1518 1517 264 263 1519 1518 263 247 1516 1519 248 249 1521 1520 249 265 1522 1521 265 264 1523 1522 264 248 1520 1523 249 250 1525 1524 250 266 1526 1525 266 265 1527 1526 265 249 1524 1527 250 251 1529 1528 251 267 1530 1529 267 266 1531 1530 266 250 1528 1531 251 252 1533 1532 252 268 1534 1533 268 267 1535 1534 267 251 1532 1535 252 253 1537 1536 253 269 1538 1537 269 268 1539 1538 268 252 1536 1539 253 254 1541 1540 254 270 1542 1541 270 269 1543 1542 269 253 1540 1543 254 255 1545 1544 255 271 1546 1545 271 270 1547 1546 270 254 1544 1547 255 240 1549 1548 240 256 1550 1549 256 271 1551 1550 271 255 1548 1551 256 257 1553 1552 257 273 1554 1553 273 272 1555 1554 272 256 1552 1555 257 258 1557 1556 258 274 1558 1557 274 273 1559 1558 273 257 1556 1559 258 259 1561 1560 259 275 1562 1561 275 274 1563 1562 274 258 1560 1563 259 260 1565 1564 260 276 1566 1565 276 275 1567 1566 275 259 1564 1567 260 261 1569 1568 261 277 1570 1569 277 276 1571 1570 276 260 1568 1571 261 262 1573 1572 262 278 1574 1573 278 277 1575 1574 277 261 1572 1575 262 263 1577 1576 263 279 1578 1577 279 278 1579 1578 278 262 1576 1579 263 264 1581 1580 264 280 1582 1581 280 279 1583 1582 279 263 1580 1583 264 265 1585 1584 265 281 1586 1585 281 280 1587 1586 280 264 1584 1587 265 266 1589 1588 266 282 1590 1589 282 281 1591 1590 281 265 1588 1591 266 267 1593 1592 267 283 1594 1593 283 282 1595 1594 282 266 1592 1595 267 268 1597 1596 268 284 1598 1597 284 283 1599 1598 283 267 1596 1599 268 269 1601 1600 269 285 1602 1601 285 284 1603 1602 284 268 1600 1603 269 270 1605 1604 270 286 1606 1605 286 285 1607 1606 285 269 1604 1607 270 271 1609 1608 271 287 1610 1609 287 286 1611 1610 286 270 1608 1611 271 256 1613 1612 256 272 1614 1613 272 287 1615 1614 287 271 1612 1615 272 273 1617 1616 273 289 1618 1617 289 288 1619 1618 288 272 1616 1619 273 274 1621 1620 274 290 1622 1621 290 289 1623 1622 289 273 1620 1623 274 275 1625 1624 275 291 1626 1625 291 290 1627 1626 290 274 1624 1627 275 276 1629 1628 276 292 1630 1629 292 291 1631 1630 291 275 1628 1631 276 277 1633 1632 277 293 1634 1633 293 292 1635 1634 292 276 1632 1635 277 278 1637 1636 278 294 1638 1637 294 293 1639 1638 293 277 1636 1639 278 279 1641 1640 279 295 1642 1641 295 294 1643 1642 294 278 1640 1643 279 280 1645 1644 280 296 1646 1645 296 295 1647 1646 295 279 1644 1647 280 281 1649 1648 281 297 1650 1649 297 296 1651 1650 296 280 1648 1651 281 282 1653 1652 282 298 1654 1653 298 297 1655 1654 297 281 1652 1655 282 283 1657 1656 283 299 1658 1657 299 298 1659 1658 298 282 1656 1659 283 284 1661 1660 284 300 1662 1661 300 299 1663 1662 299 283 1660 1663 284 285 1665 1664 285 301 1666 1665 301 300 1667 1666 300 284 1664 1667 285 286 1669 1668 286 302 1670 1669 302 301 1671 1670 301 285 1668 1671 286 287 1673 1672 287 303 1674 1673 303 302 1675 1674 302 286 1672 1675 287 272 1677 1676 272 288 1678 1677 288 303 1679 1678 303 287 1676 1679 288 289 1681 1680 289 305 1682 1681 305 304 1683 1682 304 288 1680 1683 289 290 1685 1684 290 306 1686 1685 306 305 1687 1686 305 289 1684 1687 290 291 1689 1688 291 307 1690 1689 307 306 1691 1690 306 290 1688 1691 291 292 1693 1692 292 308 1694 1693 308 307 1695 1694 307 291 1692 1695 292 293 1697 1696 293 309 1698 1697 309 308 1699 1698 308 292 1696 1699 293 294 1701 1700 294 310 1702 1701 310 309 1703 1702 309 293 1700 1703 294 295 1705 1704 295 311 1706 1705 311 310 1707 1706 310 294 1704 1707 295 296 1709 1708 296 312 1710 1709 312 311 1711 1710 311 295 1708 1711 296 297 1713 1712 297 313 1714 1713 313 312 1715 1714 312 296 1712 1715 297 298 1717 1716 298 314 1718 1717 314 313 1719 1718 313 297 1716 1719 298 299 1721 1720 299 315 1722 1721 315 314 1723 1722 314 298 1720 1723 299 300 1725 1724 300 316 1726 1725 316 315 1727 1726 315 299 1724 1727 300 301 1729 1728 301 317 1730 1729 317 316 1731 1730 316 300 1728 1731 301 302 1733 1732 302 318 1734 1733 318 317 1735 1734 317 301 1732 1735 302 303 1737 1736 303 319 1738 1737 319 318 1739 1738 318 302 1736 1739 303 288 1741 1740 288 304 1742 1741 304 319 1743 1742 319 303 1740 1743 304 305 1745 1744 305 321 1746 1745 321 320 1747 1746 320 304 1744 1747 305 306 1749 1748 306 322 1750 1749 322 321 1751 1750 321 305 1748 1751 306 307 1753 1752 307 323 1754 1753 323 322 1755 1754 322 306 1752 1755 307 308 1757 1756 308 324 1758 1757 324 323 1759 1758 323 307 1756 1759 308 309 1761 1760 309 325 1762 1761 325 324 1763 1762 324 308 1760 1763 309 310 1765 1764 310 326 1766 1765 326 325 1767 1766 325 309 1764 1767 310 311 1769 1768 311 327 1770 1769 327 326 1771 1770 326 310 1768 1771 311 312 1773 1772 312 328 1774 1773 328 327 1775 1774 327 311 1772 1775 312 313 1777 1776 313 329 1778 1777 329 328 1779 1778 328 312 1776 1779 313 314 1781 1780 314 330 1782 1781 330 329 1783 1782 329 313 1780 1783 314 315 1785 1784 315 331 1786 1785 331 330 1787 1786 330 314 1784 1787 315 316 1789 1788 316 332 1790 1789 332 331 1791 1790 331 315 1788 1791 316 317 1793 1792 317 333 1794 1793 333 332 1795 1794 332 316 1792 1795 317 318 1797 1796 318 334 1798 1797 334 333 1799 1798 333 317 1796 1799 318 319 1801 1800 319 335 1802 1801 335 334 1803 1802 334 318 1800 1803 319 304 1805 1804 304 320 1806 1805 320 335 1807 1806 335 319 1804 1807 320 321 1809 1808 321 337 1810 1809 337 336 1811 1810 336 320 1808 1811 321 322 1813 1812 322 338 1814 1813 338 337 1815 1814 337 321 1812 1815 322 323 1817 1816 323 339 1818 1817 339 338 1819 1818 338 322 1816 1819 323 324 1821 1820 324 340 1822 1821 340 339 1823 1822 339 323 1820 1823 324 325 1825 1824 325 341 1826 1825 341 340 1827 1826 340 324 1824 1827 325 326 1829 1828 326 342 1830 1829 342 341 1831 1830 341 325 1828 1831 326 327 1833 1832 327 343 1834 1833 343 342 1835 1834 342 326 1832 1835 327 328 1837 1836 328 344 1838 1837 344 343 1839 1838 343 327 1836 1839 328 329 1841 1840 329 345 1842 1841 345 344 1843 1842 344 328 1840 1843 329 330 1845 1844 330 346 1846 1845 346 345 1847 1846 345 329 1844 1847 330 331 1849 1848 331 347 1850 1849 347 346 1851 1850 346 330 1848 1851 331 332 1853 1852 332 348 1854 1853 348 347 1855 1854 347 331 1852 1855 332 333 1857 1856 333 349 1858 1857 349 348 1859 1858 348 332 1856 1859 333 334 1861 1860 334 350 1862 1861 350 349 1863 1862 349 333 1860 1863 334 335 1865 1864 335 351 1866 1865 351 350 1867 1866 350 334 1864 1867 335 320 1869 1868 320 336 1870 1869 336 351 1871 1870 351 335 1868 1871 336 337 1873 1872 337 353 1874 1873 353 352 1875 1874 352 336 1872 1875 337 338 1877 1876 338 354 1878 1877 354 353 1879 1878 353 337 1876 1879 338 339 1881 1880 339 355 1882 1881 355 354 1883 1882 354 338 1880 1883 339 340 1885 1884 340 356 1886 1885 356 355 1887 1886 355 339 1884 1887 340 341 1889 1888 341 357 1890 1889 357 356 1891 1890 356 340 1888 1891 341 342 1893 1892 342 358 1894 1893 358 357 1895 1894 357 341 1892 1895 342 343 1897 1896 343 359 1898 1897 359 358 1899 1898 358 342 1896 1899 343 344 1901 1900 344 360 1902 1901 360 359 1903 1902 359 343 1900 1903 344 345 1905 1904 345 361 1906 1905 361 360 1907 1906 360 344 1904 1907 345 346 1909 1908 346 362 1910 1909 362 361 1911 1910 361 345 1908 1911 346 347 1913 1912 347 363 1914 1913 363 362 1915 1914 362 346 1912 1915 347 348 1917 1916 348 364 1918 1917 364 363 1919 1918 363 347 1916 1919 348 349 1921 1920 349 365 1922 1921 365 364 1923 1922 364 348 1920 1923 349 350 1925 1924 350 366 1926 1925 366 365 1927 1926 365 349 1924 1927 350 351 1929 1928 351 367 1930 1929 367 366 1931 1930 366 350 1928 1931 351 336 1933 1932 336 352 1934 1933 352 367 1935 1934 367 351 1932 1935 352 353 1937 1936 353 369 1938 1937 369 368 1939 1938 368 352 1936 1939 353 354 1941 1940 354 370 1942 1941 370 369 1943 1942 369 353 1940 1943 354 355 1945 1944 355 371 1946 1945 371 370 1947 1946 370 354 1944 1947 355 356 1949 1948 356 372 1950 1949 372 371 1951 1950 371 355 1948 1951 356 357 1953 1952 357 373 1954 1953 373 372 1955 1954 372 356 1952 1955 357 358 1957 1956 358 374 1958 1957 374 373 1959 1958 373 357 1956 1959 358 359 1961 1960 359 375 1962 1961 375 374 1963 1962 374 358 1960 1963 359 360 1965 1964 360 376 1966 1965 376 375 1967 1966 375 359 1964 1967 360 361 1969 1968 361 377 1970 1969 377 376 1971 1970 376 360 1968 1971 361 362 1973 1972 362 378 1974 1973 378 377 1975 1974 377 361 1972 1975 362 363 1977 1976 363 379 1978 1977 379 378 1979 1978 378 362 1976 1979 363 364 1981 1980 364 380 1982 1981 380 379 1983 1982 379 363 1980 1983 364 365 1985 1984 365 381 1986 1985 381 380 1987 1986 380 364 1984 1987 365 366 1989 1988 366 382 1990 1989 382 381 1991 1990 381 365 1988 1991 366 367 1993 1992 367 383 1994 1993 383 382 1995 1994 382 366 1992 1995 367 352 1997 1996 352 368 1998 1997 368 383 1999 1998 383 367 1996 1999 368 369 2001 2000 369 385 2002 2001 385 384 2003 2002 384 368 2000 2003 369 370 2005 2004 370 386 2006 2005 386 385 2007 2006 385 369 2004 2007 370 371 2009 2008 371 387 2010 2009 387 386 2011 2010 386 370 2008 2011 371 372 2013 2012 372 388 2014 2013 388 387 2015 2014 387 371 2012 2015 372 373 2017 2016 373 389 2018 2017 389 388 2019 2018 388 372 2016 2019 373 374 2021 2020 374 390 2022 2021 390 389 2023 2022 389 373 2020 2023 374 375 2025 2024 375 391 2026 2025 391 390 2027 2026 390 374 2024 2027 375 376 2029 2028 376 392 2030 2029 392 391 2031 2030 391 375 2028 2031 376 377 2033 2032 377 393 2034 2033 393 392 2035 2034 392 376 2032 2035 377 378 2037 2036 378 394 2038 2037 394 393 2039 2038 393 377 2036 2039 378 379 2041 2040 379 395 2042 2041 395 394 2043 2042 394 378 2040 2043 379 380 2045 2044 380 396 2046 2045 396 395 2047 2046 395 379 2044 2047 380 381 2049 2048 381 397 2050 2049 397 396 2051 2050 396 380 2048 2051 381 382 2053 2052 382 398 2054 2053 398 397 2055 2054 397 381 2052 2055 382 383 2057 2056 383 399 2058 2057 399 398 2059 2058 398 382 2056 2059 383 368 2061 2060 368 384 2062 2061 384 399 2063 2062 399 383 2060 2063 384 385 2065 2064 385 401 2066 2065 401 400 2067 2066 400 384 2064 2067 385 386 2069 2068 386 402 2070 2069 402 401 2071 2070 401 385 2068 2071 386 387 2073 2072 387 403 2074 2073 403 402 2075 2074 402 386 2072 2075 387 388 2077 2076 388 404 2078 2077 404 403 2079 2078 403 387 2076 2079 388 389 2081 2080 389 405 2082 2081 405 404 2083 2082 404 388 2080 2083 389 390 2085 2084 390 406 2086 2085 406 405 2087 2086 405 389 2084 2087 390 391 2089 2088 391 407 2090 2089 407 406 2091 2090 406 390 2088 2091 391 392 2093 2092 392 408 2094 2093 408 407 2095 2094 407 391 2092 2095 392 393 2097 2096 393 409 2098 2097 409 408 2099 2098 408 392 2096 2099 393 394 2101 2100 394 410 2102 2101 410 409 2103 2102 409 393 2100 2103 394 395 2105 2104 395 411 2106 2105 411 410 2107 2106 410 394 2104 2107 395 396 2109 2108 396 412 2110 2109 412 411 2111 2110 411 395 2108 2111 396 397 2113 2112 397 413 2114 2113 413 412 2115 2114 412 396 2112 2115 397 398 2117 2116 398 414 2118 2117 414 413 2119 2118 413 397 2116 2119 398 399 2121 2120 399 415 2122 2121 415 414 2123 2122 414 398 2120 2123 399 384 2125 2124 384 400 2126 2125 400 415 2127 2126 415 399 2124 2127 400 401 2129 2128 401 417 2130 2129 417 416 2131 2130 416 400 2128 2131 401 402 2133 2132 402 418 2134 2133 418 417 2135 2134 417 401 2132 2135 402 403 2137 2136 403 419 2138 2137 419 418 2139 2138 418 402 2136 2139 403 404 2141 2140 404 420 2142 2141 420 419 2143 2142 419 403 2140 2143 404 405 2145 2144 405 421 2146 2145 421 420 2147 2146 420 404 2144 2147 405 406 2149 2148 406 422 2150 2149 422 421 2151 2150 421 405 2148 2151 406 407 2153 2152 407 423 2154 2153 423 422 2155 2154 422 406 2152 2155 407 408 2157 2156 408 424 2158 2157 424 423 2159 2158 423 407 2156 2159 408 409 2161 2160 409 425 2162 2161 425 424 2163 2162 424 408 2160 2163 409 410 2165 2164 410 426 2166 2165 426 425 2167 2166 425 409 2164 2167 410 411 2169 2168 411 427 2170 2169 427 426 2171 2170 426 410 2168 2171 411 412 2173 2172 412 428 2174 2173 428 427 2175 2174 427 411 2172 2175 412 413 2177 2176 413 429 2178 2177 429 428 2179 2178 428 412 2176 2179 413 414 2181 2180 414 430 2182 2181 430 429 2183 2182 429 413 2180 2183 414 415 2185 2184 415 431 2186 2185 431 430 2187 2186 430 414 2184 2187 415 400 2189 2188 400 416 2190 2189 416 431 2191 2190 431 415 2188 2191 416 417 2193 2192 417 433 2194 2193 433 432 2195 2194 432 416 2192 2195 417 418 2197 2196 418 434 2198 2197 434 433 2199 2198 433 417 2196 2199 418 419 2201 2200 419 435 2202 2201 435 434 2203 2202 434 418 2200 2203 419 420 2205 2204 420 436 2206 2205 436 435 2207 2206 435 419 2204 2207 420 421 2209 2208 421 437 2210 2209 437 436 2211 2210 436 420 2208 2211 421 422 2213 2212 422 438 2214 2213 438 437 2215 2214 437 421 2212 2215 422 423 2217 2216 423 439 2218 2217 439 438 2219 2218 438 422 2216 2219 423 424 2221 2220 424 440 2222 2221 440 439 2223 2222 439 423 2220 2223 424 425 2225 2224 425 441 2226 2225 441 440 2227 2226 440 424 2224 2227 425 426 2229 2228 426 442 2230 2229 442 441 2231 2230 441 425 2228 2231 426 427 2233 2232 427 443 2234 2233 443 442 2235 2234 442 426 2232 2235 427 428 2237 2236 428 444 2238 2237 444 443 2239 2238 443 427 2236 2239 428 429 2241 2240 429 445 2242 2241 445 444 2243 2242 444 428 2240 2243 429 430 2245 2244 430 446 2246 2245 446 445 2247 2246 445 429 2244 2247 430 431 2249 2248 431 447 2250 2249 447 446 2251 2250 446 430 2248 2251 431 416 2253 2252 416 432 2254 2253 432 447 2255 2254 447 431 2252 2255 432 433 2257 2256 433 449 2258 2257 449 448 2259 2258 448 432 2256 2259 433 434 2261 2260 434 450 2262 2261 450 449 2263 2262 449 433 2260 2263 434 435 2265 2264 435 451 2266 2265 451 450 2267 2266 450 434 2264 2267 435 436 2269 2268 436 452 2270 2269 452 451 2271 2270 451 435 2268 2271 436 437 2273 2272 437 453 2274 2273 453 452 2275 2274 452 436 2272 2275 437 438 2277 2276 438 454 2278 2277 454 453 2279 2278 453 437 2276 2279 438 439 2281 2280 439 455 2282 2281 455 454 2283 2282 454 438 2280 2283 439 440 2285 2284 440 456 2286 2285 456 455 2287 2286 455 439 2284 2287 440 441 2289 2288 441 457 2290 2289 457 456 2291 2290 456 440 2288 2291 441 442 2293 2292 442 458 2294 2293 458 457 2295 2294 457 441 2292 2295 442 443 2297 2296 443 459 2298 2297 459 458 2299 2298 458 442 2296 2299 443 444 2301 2300 444 460 2302 2301 460 459 2303 2302 459 443 2300 2303 444 445 2305 2304 445 461 2306 2305 461 460 2307 2306 460 444 2304 2307 445 446 2309 2308 446 462 2310 2309 462 461 2311 2310 461 445 2308 2311 446 447 2313 2312 447 463 2314 2313 463 462 2315 2314 462 446 2312 2315 447 432 2317 2316 432 448 2318 2317 448 463 2319 2318 463 447 2316 2319 448 449 2321 2320 449 465 2322 2321 465 464 2323 2322 464 448 2320 2323 449 450 2325 2324 450 466 2326 2325 466 465 2327 2326 465 449 2324 2327 450 451 2329 2328 451 467 2330 2329 467 466 2331 2330 466 450 2328 2331 451 452 2333 2332 452 468 2334 2333 468 467 2335 2334 467 451 2332 2335 452 453 2337 2336 453 469 2338 2337 469 468 2339 2338 468 452 2336 2339 453 454 2341 2340 454 470 2342 2341 470 469 2343 2342 469 453 2340 2343 454 455 2345 2344 455 471 2346 2345 471 470 2347 2346 470 454 2344 2347 455 456 2349 2348 456 472 2350 2349 472 471 2351 2350 471 455 2348 2351 456 457 2353 2352 457 473 2354 2353 473 472 2355 2354 472 456 2352 2355 457 458 2357 2356 458 474 2358 2357 474 473 2359 2358 473 457 2356 2359 458 459 2361 2360 459 475 2362 2361 475 474 2363 2362 474 458 2360 2363 459 460 2365 2364 460 476 2366 2365 476 475 2367 2366 475 459 2364 2367 460 461 2369 2368 461 477 2370 2369 477 476 2371 2370 476 460 2368 2371 461 462 2373 2372 462 478 2374 2373 478 477 2375 2374 477 461 2372 2375 462 463 2377 2376 463 479 2378 2377 479 478 2379 2378 478 462 2376 2379 463 448 2381 2380 448 464 2382 2381 464 479 2383 2382 479 463 2380 2383 464 465 2385 2384 465 481 2386 2385 481 480 2387 2386 480 464 2384 2387 465 466 2389 2388 466 482 2390 2389 482 481 2391 2390 481 465 2388 2391 466 467 2393 2392 467 483 2394 2393 483 482 2395 2394 482 466 2392 2395 467 468 2397 2396 468 484 2398 2397 484 483 2399 2398 483 467 2396 2399 468 469 2401 2400 469 485 2402 2401 485 484 2403 2402 484 468 2400 2403 469 470 2405 2404 470 486 2406 2405 486 485 2407 2406 485 469 2404 2407 470 471 2409 2408 471 487 2410 2409 487 486 2411 2410 486 470 2408 2411 471 472 2413 2412 472 488 2414 2413 488 487 2415 2414 487 471 2412 2415 472 473 2417 2416 473 489 2418 2417 489 488 2419 2418 488 472 2416 2419 473 474 2421 2420 474 490 2422 2421 490 489 2423 2422 489 473 2420 2423 474 475 2425 2424 475 491 2426 2425 491 490 2427 2426 490 474 2424 2427 475 476 2429 2428 476 492 2430 2429 492 491 2431 2430 491 475 2428 2431 476 477 2433 2432 477 493 2434 2433 493 492 2435 2434 492 476 2432 2435 477 478 2437 2436 478 494 2438 2437 494 493 2439 2438 493 477 2436 2439 478 479 2441 2440 479 495 2442 2441 495 494 2443 2442 494 478 2440 2443 479 464 2445 2444 464 480 2446 2445 480 495 2447 2446 495 479 2444 2447 480 481 2449 2448 481 497 2450 2449 497 496 2451 2450 496 480 2448 2451 481 482 2453 2452 482 498 2454 2453 498 497 2455 2454 497 481 2452 2455 482 483 2457 2456 483 499 2458 2457 499 498 2459 2458 498 482 2456 2459 483 484 2461 2460 484 500 2462 2461 500 499 2463 2462 499 483 2460 2463 484 485 2465 2464 485 501 2466 2465 501 500 2467 2466 500 484 2464 2467 485 486 2469 2468 486 502 2470 2469 502 501 2471 2470 501 485 2468 2471 486 487 2473 2472 487 503 2474 2473 503 502 2475 2474 502 486 2472 2475 487 488 2477 2476 488 504 2478 2477 504 503 2479 2478 503 487 2476 2479 488 489 2481 2480 489 505 2482 2481 505 504 2483 2482 504 488 2480 2483 489 490 2485 2484 490 506 2486 2485 506 505 2487 2486 505 489 2484 2487 490 491 2489 2488 491 507 2490 2489 507 506 2491 2490 506 490 2488 2491 491 492 2493 2492 492 508 2494 2493 508 507 2495 2494 507 491 2492 2495 492 493 2497 2496 493 509 2498 2497 509 508 2499 2498 508 492 2496 2499 493 494 2501 2500 494 510 2502 2501 510 509 2503 2502 509 493 2500 2503 494 495 2505 2504 495 511 2506 2505 511 510 2507 2506 510 494 2504 2507 495 480 2509 2508 480 496 2510 2509 496 511 2511 2510 511 495 2508 2511 496 497 2513 2512 497 513 2514 2513 513 512 2515 2514 512 496 2512 2515 497 498 2517 2516 498 514 2518 2517 514 513 2519 2518 513 497 2516 2519 498 499 2521 2520 499 515 2522 2521 515 514 2523 2522 514 498 2520 2523 499 500 2525 2524 500 516 2526 2525 516 515 2527 2526 515 499 2524 2527 500 501 2529 2528 501 517 2530 2529 517 516 2531 2530 516 500 2528 2531 501 502 2533 2532 502 518 2534 2533 518 517 2535 2534 517 501 2532 2535 502 503 2537 2536 503 519 2538 2537 519 518 2539 2538 518 502 2536 2539 503 504 2541 2540 504 520 2542 2541 520 519 2543 2542 519 503 2540 2543 504 505 2545 2544 505 521 2546 2545 521 520 2547 2546 520 504 2544 2547 505 506 2549 2548 506 522 2550 2549 522 521 2551 2550 521 505 2548 2551 506 507 2553 2552 507 523 2554 2553 523 522 2555 2554 522 506 2552 2555 507 508 2557 2556 508 524 2558 2557 524 523 2559 2558 523 507 2556 2559 508 509 2561 2560 509 525 2562 2561 525 524 2563 2562 524 508 2560 2563 509 510 2565 2564 510 526 2566 2565 526 525 2567 2566 525 509 2564 2567 510 511 2569 2568 511 527 2570 2569 527 526 2571 2570 526 510 2568 2571 511 496 2573 2572 496 512 2574 2573 512 527 2575 2574 527 511 2572 2575 1 0 2577 2576 0 15 2578 2577 15 14 2579 2578 14 13 2580 2579 13 12 2581 2580 12 11 2582 2581 11 10 2583 2582 10 9 2584 2583 9 8 2585 2584 8 7 2586 2585 7 6 2587 2586 6 5 2588 2587 5 4 2589 2588 4 3 2590 2589 3 2 2591 2590 2 1 2576 2591 512 513 2593 2592 513 514 2594 2593 514 515 2595 2594 515 516 2596 2595 516 517 2597 2596 517 518 2598 2597 518 519 2599 2598 519 520 2600 2599 520 521 2601 2600 521 522 2602 2601 522 523 2603 2602 523 524 2604 2603 524 525 2605 2604 525 526 2606 2605 526 527 2607 2606 527 512 2592 2607 
</DataArray>
<DataArray type="Int32" Name="offsets" format="ascii">
4 8 12 16 20 24 28 32 36 40 44 48 52 56 60 64 68 72 76 80 84 88 92 96 100 104 108 112 116 120 124 128 132 136 140 144 148 152 156 160 164 168 172 176 180 184 188 192 196 200 204 208 212 216 220 224 228 232 236 240 244 248 252 256 260 264 268 272 276 280 284 288 292 296 300 304 308 312 316 320 324 328 332 336 340 344 348 352 356 360 364 368 372 376 380 384 388 392 396 400 404 408 412 416 420 424 428 432 436 440 444 448 452 456 460 464 468 472 476 480 484 488 492 496 500 504 508 512 516 520 524 528 532 536 540 544 548 552 556 560 564 568 572 576 580 584 588 592 596 600 604 608 612 616 620 624 628 632 636 640 644 648 652 656 660 664 668 672 676 680 684 688 692 696 700 704 708 712 716 720 724 728 732 736 740 744 748 752 756 760 764 768 772 776 780 784 788 792 796 800 804 808 812 816 820 824 828 832 836 840 844 848 852 856 860 864 868 872 876 880 884 888 892 896 900 904 908 912 916 920 924 928 932 936 940 944 948 952 956 960 964 968 972 976 980 984 988 992 996 1000 1004 1008 1012 1016 1020 1024 1028 1032 1036 1040 1044 1048 1052 1056 1060 1064 1068 1072 1076 1080 1084 1088 1092 1096 1100 1104 1108 1112 1116 1120 1124 1128 1132 1136 1140 1144 1148 1152 1156 1160 1164 1168 1172 1176 1180 1184 1188 1192 1196 1200 1204 1208 1212 1216 1220 1224 1228 1232 1236 1240 1244 1248 1252 1256 1260 1264 1268 1272 1276 1280 1284 1288 1292 1296 1300 1304 1308 1312 1316 1320 1324 1328 1332 1336 1340 1344 1348 1352 1356 1360 1364 1368 1372 1376 1380 1384 1388 1392 1396 1400 1404 1408 1412 1416 1420 1424 1428 1432 1436 1440 1444 1448 1452 1456 1460 1464 1468 1472 1476 1480 1484 1488 1492 1496 1500 1504 1508 1512 1516 1520 1524 1528 1532 1536 1540 1544 1548 1552 1556 1560 1564 1568 1572 1576 1580 1584 1588 1592 1596 1600 1604 1608 1612 1616 1620 1624 1628 1632 1636 1640 1644 1648 1652 1656 1660 1664 1668 1672 1676 1680 1684 1688 1692 1696 1700 1704 1708 1712 1716 1720 1724 1728 1732 1736 1740 1744 1748 1752 1756 1760 1764 1768 1772 1776 1780 1784 1788 1792 1796 1800 1804 1808 1812 1816 1820 1824 1828 1832 1836 1840 1844 1848 1852 1856 1860 1864 1868 1872 1876 1880 1884 1888 1892 1896 1900 1904 1908 1912 1916 1920 1924 1928 1932 1936 1940 1944 1948 1952 1956 1960 1964 1968 1972 1976 1980 1984 1988 1992 1996 2000 2004 2008 2012 2016 2020 2024 2028 2032 2036 2040 2044 2048 2052 2056 2060 2064 2068 2072 2076 2080 2084 2088 2092 2096 2100 2104 2108 2112 2116 2120 2124 2128 2132 2136 2140 2144 2148 2152 2156 2160 2164 2168 2172 2176 2180 2184 2188 2192 2196 2200 2204 2208 2212 2216 2220 2224 2228 2232 2236 2240 2244 2248 2252 2256 2260 2264 2268 2272 2276 2280 2284 2288 2292 2296 2300 2304 2308 2312 2316 2320 2324 2328 2332 2336 2340 2344 2348 2352 2356 2360 2364 2368 2372 2376 2380 2384 2388 2392 2396 2400 2404 2408 2412 2416 2420 2424 2428 2432 2436 2440 2444 2448 2452 2456 2460 2464 2468 2472 2476 2480 2484 2488 2492 2496 2500 2504 2508 2512 2516 2520 2524 2528 2532 2536 2540 2544 2548 2552 2556 2560 2564 2568 2572 2576 2580 2584 2588 2592 2596 2600 2604 2608 2612 2616 2620 2624 2628 2632 2636 2640 2644 2648 2652 2656 2660 2664 2668 2672 2676 2680 2684 2688 2692 2696 2700 2704 2708 2712 2716 2720 2724 2728 2732 2736 2740 2744 2748 2752 2756 2760 2764 2768 2772 2776 2780 2784 2788 2792 2796 2800 2804 2808 2812 2816 2820 2824 2828 2832 2836 2840 2844 2848 2852 2856 2860 2864 2868 2872 2876 2880 2884 2888 2892 2896 2900 2904 2908 2912 2916 2920 2924 2928 2932 2936 2940 2944 2948 2952 2956 2960 2964 2968 2972 2976 2980 2984 2988 2992 2996 3000 3004 3008 3012 3016 3020 3024 3028 3032 3036 3040 3044 3048 3052 3056 3060 3064 3068 3072 3076 3080 3084 3088 3092 3096 3100 3104 3108 3112 3116 3120 3124 3128 3132 3136 3140 3144 3148 3152 3156 3160 3164 3168 3172 3176 3180 3184 3188 3192 3196 3200 3204 3208 3212 3216 3220 3224 3228 3232 3236 3240 3244 3248 3252 3256 3260 3264 3268 3272 3276 3280 3284 3288 3292 3296 3300 3304 3308 3312 3316 3320 3324 3328 3332 3336 3340 3344 3348 3352 3356 3360 3364 3368 3372 3376 3380 3384 3388 3392 3396 3400 3404 3408 3412 3416 3420 3424 3428 3432 3436 3440 3444 3448 3452 3456 3460 3464 3468 3472 3476 3480 3484 3488 3492 3496 3500 3504 3508 3512 3516 3520 3524 3528 3532 3536 3540 3544 3548 3552 3556 3560 3564 3568 3572 3576 3580 3584 3588 3592 3596 3600 3604 3608 3612 3616 3620 3624 3628 3632 3636 3640 3644 3648 3652 3656 3660 3664 3668 3672 3676 3680 3684 3688 3692 3696 3700 3704 3708 3712 3716 3720 3724 3728 3732 3736 3740 3744 3748 3752 3756 3760 3764 3768 3772 3776 3780 3784 3788 3792 3796 3800 3804 3808 3812 3816 3820 3824 3828 3832 3836 3840 3844 3848 3852 3856 3860 3864 3868 3872 3876 3880 3884 3888 3892 3896 3900 3904 3908 3912 3916 3920 3924 3928 3932 3936 3940 3944 3948 3952 3956 3960 3964 3968 3972 3976 3980 3984 3988 3992 3996 4000 4004 4008 4012 4016 4020 4024 4028 4032 4036 4040 4044 4048 4052 4056 4060 4064 4068 4072 4076 4080 4084 4088 4092 4096 4100 4104 4108 4112 4116 4120 4124 4128 4132 4136 4140 4144 4148 4152 4156 4160 4164 4168 4172 4176 4180 4184 4188 4192 4196 4200 4204 4208 4212 4216 4220 4224 4228 4232 4236 4240 4244 4248 4252 4256 4260 4264 4268 4272 4276 4280 4284 4288 4292 4296 4300 4304 4308 4312 4316 4320 4324 4328 4332 4336 4340 4344 4348 4352 4356 4360 4364 4368 4372 4376 4380 4384 4388 4392 4396 4400 4404 4408 4412 4416 4420 4424 4428 4432 4436 4440 4444 4448 4452 4456 4460 4464 4468 4472 4476 4480 4484 4488 4492 4496 4500 4504 4508 4512 4516 4520 4524 4528 4532 4536 4540 4544 4548 4552 4556 4560 4564 4568 4572 4576 4580 4584 4588 4592 4596 4600 4604 4608 4612 4616 4620 4624 4628 4632 4636 4640 4644 4648 4652 4656 4660 4664 4668 4672 4676 4680 4684 4688 4692 4696 4700 4704 4708 4712 4716 4720 4724 4728 4732 4736 4740 4744 4748 4752 4756 4760 4764 4768 4772 4776 4780 4784 4788 4792 4796 4800 4804 4808 4812 4816 4820 4824 4828 4832 4836 4840 4844 4848 4852 4856 4860 4864 4868 4872 4876 4880 4884 4888 4892 4896 4900 4904 4908 4912 4916 4920 4924 4928 4932 4936 4940 4944 4948 4952 4956 4960 4964 4968 4972 4976 4980 4984 4988 4992 4996 5000 5004 5008 5012 5016 5020 5024 5028 5032 5036 5040 5044 5048 5052 5056 5060 5064 5068 5072 5076 5080 5084 5088 5092 5096 5100 5104 5108 5112 5116 5120 5124 5128 5132 5136 5140 5144 5148 5152 5156 5160 5164 5168 5172 5176 5180 5184 5188 5192 5196 5200 5204 5208 5212 5216 5220 5224 5228 5232 5236 5240 5244 5248 5252 5256 5260 5264 5268 5272 5276 5280 5284 5288 5292 5296 5300 5304 5308 5312 5316 5320 5324 5328 5332 5336 5340 5344 5348 5352 5356 5360 5364 5368 5372 5376 5380 5384 5388 5392 5396 5400 5404 5408 5412 5416 5420 5424 5428 5432 5436 5440 5444 5448 5452 5456 5460 5464 5468 5472 5476 5480 5484 5488 5492 5496 5500 5504 5508 5512 5516 5520 5524 5528 5532 5536 5540 5544 5548 5552 5556 5560 5564 5568 5572 5576 5580 5584 5588 5592 5596 5600 5604 5608 5612 5616 5620 5624 5628 5632 5636 5640 5644 5648 5652 5656 5660 5664 5668 5672 5676 5680 5684 5688 5692 5696 5700 5704 5708 5712 5716 5720 5724 5728 5732 5736 5740 5744 5748 5752 5756 5760 5764 5768 5772 5776 5780 5784 5788 5792 5796 5800 5804 5808 5812 5816 5820 5824 5828 5832 5836 5840 5844 5848 5852 5856 5860 5864 5868 5872 5876 5880 5884 5888 5892 5896 5900 5904 5908 5912 5916 5920 5924 5928 5932 5936 5940 5944 5948 5952 5956 5960 5964 5968 5972 5976 5980 5984 5988 5992 5996 6000 6004 6008 6012 6016 6020 6024 6028 6032 6036 6040 6044 6048 6052 6056 6060 6064 6068 6072 6076 6080 6084 6088 6092 6096 6100 6104 6108 6112 6116 6120 6124 6128 6132 6136 6140 6144 6148 6152 6156 6160 6164 6168 6172 6176 6180 6184 6188 6192 6196 6200 6204 6208 6212 6216 6220 6224 6228 6232 6236 6240 6244 6248 6252 6256 6260 6264 6268 6272 6276 6280 6284 6288 6292 6296 6300 6304 6308 6312 6316 6320 6324 6328 6332 6336 6340 6344 6348 6352 6356 6360 6364 6368 6372 6376 6380 6384 6388 6392 6396 6400 6404 6408 6412 6416 6420 6424 6428 6432 6436 6440 6444 6448 6452 6456 6460 6464 6468 6472 6476 6480 6484 6488 6492 6496 6500 6504 6508 6512 6516 6520 6524 6528 6532 6536 6540 6544 6548 6552 6556 6560 6564 6568 6572 6576 6580 6584 6588 6592 6596 6600 6604 6608 6612 6616 6620 6624 6628 6632 6636 6640 6644 6648 6652 6656 6660 6664 6668 6672 6676 6680 6684 6688 6692 6696 6700 6704 6708 6712 6716 6720 6724 6728 6732 6736 6740 6744 6748 6752 6756 6760 6764 6768 6772 6776 6780 6784 6788 6792 6796 6800 6804 6808 6812 6816 6820 6824 6828 6832 6836 6840 6844 6848 6852 6856 6860 6864 6868 6872 6876 6880 6884 6888 6892 6896 6900 6904 6908 6912 6916 6920 6924 6928 6932 6936 6940 6944 6948 6952 6956 6960 6964 6968 6972 6976 6980 6984 6988 6992 6996 7000 7004 7008 7012 7016 7020 7024 7028 7032 7036 7040 7044 7048 7052 7056 7060 7064 7068 7072 7076 7080 7084 7088 7092 7096 7100 7104 7108 7112 7116 7120 7124 7128 7132 7136 7140 7144 7148 7152 7156 7160 7164 7168 7172 7176 7180 7184 7188 7192 7196 7200 7204 7208 7212 7216 7220 7224 7228 7232 7236 7240 7244 7248 7252 7256 7260 7264 7268 7272 7276 7280 7284 7288 7292 7296 7300 7304 7308 7312 7316 7320 7324 7328 7332 7336 7340 7344 7348 7352 7356 7360 7364 7368 7372 7376 7380 7384 7388 7392 7396 7400 7404 7408 7412 7416 7420 7424 7428 7432 7436 7440 7444 7448 7452 7456 7460 7464 7468 7472 7476 7480 7484 7488 7492 7496 7500 7504 7508 7512 7516 7520 7524 7528 7532 7536 7540 7544 7548 7552 7556 7560 7564 7568 7572 7576 7580 7584 7588 7592 7596 7600 7604 7608 7612 7616 7620 7624 7628 7632 7636 7640 7644 7648 7652 7656 7660 7664 7668 7672 7676 7680 7684 7688 7692 7696 7700 7704 7708 7712 7716 7720 7724 7728 7732 7736 7740 7744 7748 7752 7756 7760 7764 7768 7772 7776 7780 7784 7788 7792 7796 7800 7804 7808 7812 7816 7820 7824 7828 7832 7836 7840 7844 7848 7852 7856 7860 7864 7868 7872 7876 7880 7884 7888 7892 7896 7900 7904 7908 7912 7916 7920 7924 7928 7932 7936 7940 7944 7948 7952 7956 7960 7964 7968 7972 7976 7980 7984 7988 7992 7996 8000 8004 8008 8012 8016 8020 8024 8028 8032 8036 8040 8044 8048 8052 8056 8060 8064 8068 8072 8076 8080 8084 8088 8092 8096 8100 8104 8108 8112 8116 8120 8124 8128 8132 8136 8140 8144 8148 8152 8156 8160 8164 8168 8172 8176 8180 8184 8188 8192 8196 8200 8204 8208 8212 8216 8220 8224 8228 8232 8236 8240 8244 8248 8252 8256 8260 8264 8268 8272 8276 8280 8284 8288 8292 8296 8300 8304 8308 8312 8316 8320 
</DataArray>
<DataArray type="UInt8" Name="types" format="ascii">
7 7 7 7 7 7 7 7 7 7 7 7 7 7 7 7 7 7 7 7 7 7 7 7 7 7 7 7 7 7 7 7 7 7 7 7 7 7 7 7 7 7 7 7 7 7 7 7 7 7 7 7 7 7 7 7 7 7 7 7 7 7 7 7 7 7 7 7 7 7 7 7 7 7 7 7 7 7 7 7 7 7 7 7 7 7 7 7 7 7 7 7 7 7 7 7 7 7 7 7 7 7 7 7 7 7 7 7 7 7 7 7 7 7 7 7 7 7 7 7 7 7 7 7 7 7 7 7 7 7 7 7 7 7 7 7 7 7 7 7 7 7 7 7 7 7 7 7 7 7 7 7 7 7 7 7 7 7 7 7 7 7 7 7 7 7 7 7 7 7 7 7 7 7 7 7 7 7 7 7 7 7 7 7 7 7 7 7 7 7 7 7 7 7 7 7 7 7 7 7 7 7 7 7 7 7 7 7 7 7 7 7 7 7 7 7 7 7 7 7 7 7 7 7 7 7 7 7 7 7 7 7 7 7 7 7 7 7 7 7 7 7 7 7 7 7 7 7 7 7 7 7 7 7 7 7 7 7 7 7 7 7 7 7 7 7 7 7 7 7 7 7 7 7 7 7 7 7 7 7 7 7 7 7 7 7 7 7 7 7 7 7 7 7 7 7 7 7 7 7 7 7 7 7 7 7 7 7 7 7 7 7 7 7 7 7 7 7 7 7 7 7 7 7 7 7 7 7 7 7 7 7 7 7 7 7 7 7 7 7 7 7 7 7 7 7 7 7 7 7 7 7 7 7 7 7 7 7 7 7 7 7 7 7 7 7 7 7 7 7 7 7 7 7 7 7 7 7 7 7 7 7 7 7 7 7 7 7 7 7 7 7 7 7 7 7 7 7 7 7 7 7 7 7 7 7 7 7 7 7 7 7 7 7 7 7 7 7 7 7 7 7 7 7 7 7 7 7 7 7 7 7 7 7 7 7 7 7 7 7 7 7 7 7 7 7 7 7 7 7 7 7 7 7 7 7 7 7 7 7 7 7 7 7 7 7 7 7 7 7 7 7 7 7 7 7 7 7 7 7 7 7 7 7 7 7 7 7 7 7 7 7 7 7 7 7 7 7 7 7 7 7 7 7 7 7 7 7 7 7 7 7 7 7 7 7 7 7 7 7 7 7 7 7 7 7 7 7 7 7 7 7 7 7 7 7 7 7 7 7 7 7 7 7 7 7 7 7 7 7 7 7 7 7 7 7 7 7 7 7 7 7 7 7 7 7 7 7 7 7 7 7 7 7 7 7 7 7 7 7 7 7 7 7 7 7 7 7 7 7 7 7 7 7 7 7 7 7 7 7 7 7 7 7 7 7 7 7 7 7 7 7 7 7 7 7 7 7 7 7 7 7 7 7 7 7 7 7 7 7 7 7 7 7 7 7 7 7 7 7 7 7 7 7 7 7 7 7 7 7 7 7 7 7 7 7 7 7 7 7 7 7 7 7 7 7 7 7 7 7 7 7 7 7 7 7 7 7 7 7 7 7 7 7 7 7 7 7 7 7 7 7 7 7 7 7 7 7 7 7 7 7 7 7 7 7 7 7 7 7 7 7 7 7 7 7 7 7 7 7 7 7 7 7 7 7 7 7 7 7 7 7 7 7 7 7 7 7 7 7 7 7 7 7 7 7 7 7 7 7 7 7 7 7 7 7 7 7 7 7 7 7 7 7 7 7 7 7 7 7 7 7 7 7 7 7 7 7 7 7 7 7 7 7 7 7 7 7 7 7 7 7 7 7 7 7 7 7 7 7 7 7 7 7 7 7 7 7 7 7 7 7 7 7 7 7 7 7 7 7 7 7 7 7 7 7 7 7 7 7 7 7 7 7 7 7 7 7 7 7 7 7 7 7 7 7 7 7 7 7 7 7 7 7 7 7 7 7 7 7 7 7 7 7 7 7 7 7 7 7 7 7 7 7 7 7 7 7 7 7 7 7 7 7 7 7 7 7 7 7 7 7 7 7 7 7 7 7 7 7 7 7 7 7 7 7 7 7 7 7 7 7 7 7 7 7 7 7 7 7 7 7 7 7 7 7 7 7 7 7 7 7 7 7 7 7 7 7 7 7 7 7 7 7 7 7 7 7 7 7 7 7 7 7 7 7 7 7 7 7 7 7 7 7 7 7 7 7 7 7 7 7 7 7 7 7 7 7 7 7 7 7 7 7 7 7 7 7 7 7 7 7 7 7 7 7 7 7 7 7 7 7 7 7 7 7 7 7 7 7 7 7 7 7 7 7 7 7 7 7 7 7 7 7 7 7 7 7 7 7 7 7 7 7 7 7 7 7 7 7 7 7 7 7 7 7 7 7 7 7 7 7 7 7 7 7 7 7 7 7 7 7 7 7 7 7 7 7 7 7 7 7 7 7 7 7 7 7 7 7 7 7 7 7 7 7 7 7 7 7 7 7 7 7 7 7 7 7 7 7 7 7 7 7 7 7 7 7 7 7 7 7 7 7 7 7 7 7 7 7 7 7 7 7 7 7 7 7 7 7 7 7 7 7 7 7 7 7 7 7 7 7 7 7 7 7 7 7 7 7 7 7 7 7 7 7 7 7 7 7 7 7 7 7 7 7 7 7 7 7 7 7 7 7 7 7 7 7 7 7 7 7 7 7 7 7 7 7 7 7 7 7 7 7 7 7 7 7 7 7 7 7 7 7 7 7 7 7 7 7 7 7 7 7 7 7 7 7 7 7 7 7 7 7 7 7 7 7 7 7 7 7 7 7 7 7 7 7 7 7 7 7 7 7 7 7 7 7 7 7 7 7 7 7 7 7 7 7 7 7 7 7 7 7 7 7 7 7 7 7 7 7 7 7 7 7 7 7 7 7 7 7 7 7 7 7 7 7 7 7 7 7 7 7 7 7 7 7 7 7 7 7 7 7 7 7 7 7 7 7 7 7 7 7 7 7 7 7 7 7 7 7 7 7 7 7 7 7 7 7 7 7 7 7 7 7 7 7 7 7 7 7 7 7 7 7 7 7 7 7 7 7 7 7 7 7 7 7 7 7 7 7 7 7 7 7 7 7 7 7 7 7 7 7 7 7 7 7 7 7 7 7 7 7 7 7 7 7 7 7 7 7 7 7 7 7 7 7 7 7 7 7 7 7 7 7 7 7 7 7 7 7 7 7 7 7 7 7 7 7 7 7 7 7 7 7 7 7 7 7 7 7 7 7 7 7 7 7 7 7 7 7 7 7 7 7 7 7 7 7 7 7 7 7 7 7 7 7 7 7 7 7 7 7 7 7 7 7 7 7 7 7 7 7 7 7 7 7 7 7 7 7 7 7 7 7 7 7 7 7 7 7 7 7 7 7 7 7 7 7 7 7 7 7 7 7 7 7 7 7 7 7 7 7 7 7 7 7 7 7 7 7 7 7 7 7 7 7 7 7 7 7 7 7 7 7 7 7 7 7 7 7 7 7 7 7 7 7 7 7 7 7 7 7 7 7 7 7 7 7 7 7 7 7 7 7 7 7 7 7 7 7 7 7 7 7 7 7 7 7 7 7 7 7 7 7 7 7 7 7 7 7 7 7 7 7 7 7 7 7 7 7 7 7 7 7 7 7 7 7 7 7 7 7 7 7 7 7 7 7 7 7 7 7 7 7 7 7 7 7 7 7 7 7 7 7 7 7 7 7 7 7 7 7 7 7 7 7 7 7 7 7 7 7 7 7 7 7 7 7 7 7 7 7 7 7 7 7 7 7 7 7 7 7 7 7 7 7 7 7 7 7 7 7 7 7 7 7 7 7 7 7 7 7 7 7 7 7 7 7 7 7 7 7 7 7 7 7 7 7 7 7 7 7 7 7 7 7 7 7 7 7 7 7 7 7 7 7 7 7 7 7 7 7 7 7 7 7 7 7 7 7 7 7 7 7 7 7 7 7 7 7 7 7 7 7 7 7 7 7 7 7 7 7 7 7 7 7 7 7 7 7 7 7 7 7 7 7 7 7 7 7 7 7 7 7 7 7 7 7 7 7 7 7 7 7 7 7 7 7 7 7 7 7 7 7 7 7 7 7 7 7 7 7 7 7 7 7 7 7 7 7 7 7 7 7 7 7 7 7 7 7 7 7 7 7 7 7 7 7 7 7 7 7 7 7 7 7 7 7 7 7 7 7 7 7 7 7 7 7 7 7 7 7 7 7 7 7 7 7 7 7 7 7 7 7 7 7 7 7 7 7 7 7 7 7 7 7 7 7 7 7 7 7 7 7 7 7 7 7 7 7 7 7 7 7 7 7 7 7 7 7 7 7 7 7 7 7 7 7 7 7 7 7 7 7 7 7 7 7 7 7 7 7 7 7 7 7 7 7 7 7 7 7 7 7 7 7 7 7 7 7 7 7 7 7 7 7 7 7 7 7 7 7 7 7 7 7 7 7 7 7 7 7 7 7 7 7 7 7 7 7 7 7 7 7 7 7 7 7 7 7 7 7 7 7 7 7 7 7 7 7 7 7 7 7 7 7 7 7 7 7 7 7 7 7 7 7 7 7 7 7 7 7 7 7 7 7 7 7 7 7 7 7 7 7 7 7 7 7 7 7 7 7 7 7 7 7 7 7 7 7 7 7 7 7 7 7 7 7 7 7 7 7 7 7 7 7 7 7 7 7 7 7 7 7 7 7 7 7 
</DataArray>
</Cells>
<CellData Scalars="wall variable 0">
<DataArray type="Float64" Name="wall length" format="ascii">
29.5757 29.7714 29.5757 29.7429 29.5757 29.7808 29.5757 29.7714 29.5757 29.8077 29.5757 29.7808 29.5757 29.8369 29.5757 29.8077 29.5757 29.8181 29.5757 29.8369 29.5757 29.7567 29.5757 29.8181 29.5757 29.7355 29.5757 29.7567 29.5757 29.7332 29.5757 29.7355 29.5757 29.7444 29.5757 29.7332 29.5757 29.7674 29.5757 29.7444 29.5757 29.8167 29.5757 29.7674 29.5757 29.8375 29.5757 29.8167 29.5757 29.8113 29.5757 29.8375 29.5757 29.7529 29.5757 29.8113 29.5757 29.723 29.5757 29.7529 29.5757 29.7429 29.5757 29.723 29.5757 33.2052 29.5757 33.2052 33.2411 29.5757 33.2052 29.5757 33.324 29.5757 33.2411 29.5757 33.4211 29.5757 33.324 29.5757 33.4008 29.5757 33.4211 29.5757 33.2616 29.5757 33.4008 29.5757 33.1809 29.5757 33.2616 29.5757 33.1557 29.5757 33.1809 29.5757 33.1652 29.5757 33.1557 29.5757 33.2479 29.5757 33.1652 29.5757 33.3992 29.5757 33.2479 29.5757 33.4205 29.5757 33.3992 29.5757 33.3232 29.5757 33.4205 29.5757 33.2499 29.5757 33.3232 29.5757 33.218 29.5757 33.2499 29.5757 29.5757 33.2052 29.5757 33.218 29.5757 33.4156 29.5757 33.4243 29.5757 33.4387 29.5757 33.4156 29.5757 33.5508 29.5757 33.4387 29.5757 33.7459 29.5757 33.5508 29.5757 33.7034 29.5757 33.7459 29.5757 33.4537 29.5757 33.7034 29.5757 33.3575 29.5757 33.4537 29.5757 33.3429 29.5757 33.3575 29.5757 33.345 29.5757 33.3429 29.5757 33.4419 29.5757 33.345 29.5757 33.7001 29.5757 33.4419 29.5757 33.7455 29.5757 33.7001 29.5757 33.5528 29.5757 33.7455 29.5757 33.4489 29.5757 33.5528 29.5757 33.426 29.5757 33.4489 29.5757 33.4243 29.5757 33.426 29.5757 32.9594 29.5757 32.7776 29.5757 33.4509 29.5757 32.9594 29.5757 34.0882 29.5757 33.4509 29.5757 34.7175 29.5757 34.0882 29.5757 35.2891 29.5757 34.7175 29.5757 35.558 29.5757 35.2891 29.5757 35.6171 29.5757 35.558 29.5757 35.6259 29.5757 35.6171 29.5757 35.617 29.5757 35.6259 29.5757 35.5575 29.5757 35.617 29.5757 35.2883 29.5757 35.5575 29.5757 34.7173 29.5757 35.2883 29.5757 34.0898 29.5757 34.7173 29.5757 33.4574 29.5757 34.0898 29.5757 32.9692 29.5757 33.4574 29.5757 32.7776 29.5757 32.9692 29.5757 32.8034 29.5757 32.6032 29.5757 33.3453 29.5757 32.8034 29.5757 34.0623 29.5757 33.3453 29.5757 34.7703 29.5757 34.0623 29.5757 35.3079 29.5757 34.7703 29.5757 35.5576 29.5757 35.3079 29.5757 35.6169 29.5757 35.5576 29.5757 35.6258 29.5757 35.6169 29.5757 35.6168 29.5757 35.6258 29.5757 35.5571 29.5757 35.6168 29.5757 35.3073 29.5757 35.5571 29.5757 34.7702 29.5757 35.3073 29.5757 34.0638 29.5757 34.7702 29.5757 33.3499 29.5757 34.0638 29.5757 32.8089 29.5757 33.3499 29.5757 32.6032 29.5757 32.8089 29.5757 32.6884 29.5757 32.4778 29.5757 33.2636 29.5757 32.6884 29.5757 34.0366 29.5757 33.2636 29.5757 34.7889 29.5757 34.0366 29.5757 35.3187 29.5757 34.7889 29.5757 35.5572 29.5757 35.3187 29.5757 35.6166 29.5757 35.5572 29.5757 35.6257 29.5757 35.6166 29.5757 35.6165 29.5757 35.6257 29.5757 35.5568 29.5757 35.6165 29.5757 35.3181 29.5757 35.5568 29.5757 34.7888 29.5757 35.3181 29.5757 34.0377 29.5757 34.7888 29.5757 33.2666 29.5757 34.0377 29.5757 32.6915 29.5757 33.2666 29.5757 32.4778 29.5757 32.6915 29.5757 32.6017 29.5757 32.3822 29.5757 33.2027 29.5757 32.6017 29.5757 34.0143 29.5757 33.2027 29.5757 34.7945 29.5757 34.0143 29.5757 35.3248 29.5757 34.7945 29.5757 35.5571 29.5757 35.3248 29.5757 35.6163 29.5757 35.5571 29.5757 35.6256 29.5757 35.6163 29.5757 35.6163 29.5757 35.6256 29.5757 35.5568 29.5757 35.6163 29.5757 35.3243 29.5757 35.5568 29.5757 34.7943 29.5757 35.3243 29.5757 34.0151 29.5757 34.7943 29.5757 33.2049 29.5757 34.0151 29.5757 32.6035 29.5757 33.2049 29.5757 32.3822 29.5757 32.6035 29.5757 32.5365 29.5757 32.31 29.5757 33.1569 29.5757 32.5365 29.5757 33.995 29.5757 33.1569 29.5757 34.7945 29.5757 33.995 29.5757 35.3282 29.5757 34.7945 29.5757 35.5571 29.5757 35.3282 29.5757 35.6162 29.5757 35.5571 29.5757 35.6256 29.5757 35.6162 29.5757 35.6162 29.5757 35.6256 29.5757 35.5569 29.5757 35.6162 29.5757 35.3277 29.5757 35.5569 29.5757 34.7941 29.5757 35.3277 29.5757 33.9952 29.5757 34.7941 29.5757 33.1579 29.5757 33.9952 29.5757 32.5373 29.5757 33.1579 29.5757 32.31 29.5757 32.5373 29.5757 32.4875 29.5757 32.2557 29.5757 33.1213 29.5757 32.4875 29.5757 33.9781 29.5757 33.1213 29.5757 34.7919 29.5757 33.9781 29.5757 35.3296 29.5757 34.7919 29.5757 35.5572 29.5757 35.3296 29.5757 35.6161 29.5757 35.5572 29.5757 35.6255 29.5757 35.6161 29.5757 35.6161 29.5757 35.6255 29.5757 35.5571 29.5757 35.6161 29.5757 35.3291 29.5757 35.5571 29.5757 34.7913 29.5757 35.3291 29.5757 33.9779 29.5757 34.7913 29.5757 33.1216 29.5757 33.9779 29.5757 32.4876 29.5757 33.1216 29.5757 32.2557 29.5757 32.4876 29.5757 32.4512 29.5757 32.2152 29.5757 33.0939 29.5757 32.4512 29.5757 33.9629 29.5757 33.0939 29.5757 34.7879 29.5757 33.9629 29.5757 35.3288 29.5757 34.7879 29.5757 35.5571 29.5757 35.3288 29.5757 35.6161 29.5757 35.5571 29.5757 35.6255 29.5757 35.6161 29.5757 35.6161 29.5757 35.6255 29.5757 35.557 29.5757 35.6161 29.5757 35.3284 29.5757 35.557 29.5757 34.7872 29.5757 35.3284 29.5757 33.9623 29.5757 34.7872 29.5757 33.0935 29.5757 33.9623 29.5757 32.4507 29.5757 33.0935 29.5757 32.2152 29.5757 32.4507 29.5757 32.4253 29.5757 32.1863 29.5757 33.0773 29.5757 32.4253 29.5757 33.9563 29.5757 33.0773 29.5757 34.7869 29.5757 33.9563 29.5757 35.3297 29.5757 34.7869 29.5757 35.5573 29.5757 35.3297 29.5757 35.6162 29.5757 35.5573 29.5757 35.6256 29.5757 35.6162 29.5757 35.6161 29.5757 35.6256 29.5757 35.5572 29.5757 35.6161 29.5757 35.3293 29.5757 35.5572 29.5757 34.786 29.5757 35.3293 29.5757 33.9553 29.5757 34.786 29.5757 33.0765 29.5757 33.9553 29.5757 32.4244 29.5757 33.0765 29.5757 32.1863 29.5757 32.4244 29.5757 32.4074 29.5757 32.1659 29.5757 33.0653 29.5757 32.4074 29.5757 33.9509 29.5757 33.0653 29.5757 34.786 29.5757 33.9509 29.5757 35.3303 29.5757 34.786 29.5757 35.5575 29.5757 35.3303 29.5757 35.6162 29.5757 35.5575 29.5757 35.6256 29.5757 35.6162 29.5757 35.6162 29.5757 35.6256 29.5757 35.5574 29.5757 35.6162 29.5757 35.3298 29.5757 35.5574 29.5757 34.7849 29.5757 35.3298 29.5757 33.9496 29.5757 34.7849 29.5757 33.064 29.5757 33.9496 29.5757 32.4059 29.5757 33.064 29.5757 32.1659 29.5757 32.4059 29.5757 32.3952 29.5757 32.152 29.5757 33.0574 29.5757 32.3952 29.5757 33.9477 29.5757 33.0574 29.5757 34.7858 29.5757 33.9477 29.5757 35.3308 29.5757 34.7858 29.5757 35.5576 29.5757 35.3308 29.5757 35.6162 29.5757 35.5576 29.5757 35.6256 29.5757 35.6162 29.5757 35.6162 29.5757 35.6256 29.5757 35.5575 29.5757 35.6162 29.5757 35.3304 29.5757 35.5575 29.5757 34.7848 29.5757 35.3304 29.5757 33.9461 29.5757 34.7848 29.5757 33.0557 29.5757 33.9461 29.5757 32.3934 29.5757 33.0557 29.5757 32.152 29.5757 32.3934 29.5757 32.3876 29.5757 32.1431 29.5757 33.0527 29.5757 32.3876 29.5757 33.9466 29.5757 33.0527 29.5757 34.7867 29.5757 33.9466 29.5757 35.3315 29.5757 34.7867 29.5757 35.5578 29.5757 35.3315 29.5757 35.6163 29.5757 35.5578 29.5757 35.6256 29.5757 35.6163 29.5757 35.6163 29.5757 35.6256 29.5757 35.5578 29.5757 35.6163 29.5757 35.3312 29.5757 35.5578 29.5757 34.7856 29.5757 35.3312 29.5757 33.9448 29.5757 34.7856 29.5757 33.0507 29.5757 33.9448 29.5757 32.3855 29.5757 33.0507 29.5757 32.1431 29.5757 32.3855 29.5757 32.384 29.5757 32.1386 29.5757 33.0511 29.5757 32.384 29.5757 33.9472 29.5757 33.0511 29.5757 34.7888 29.5757 33.9472 29.5757 35.3327 29.5757 34.7888 29.5757 35.5581 29.5757 35.3327 29.5757 35.6164 29.5757 35.5581 29.5757 35.6257 29.5757 35.6164 29.5757 35.6164 29.5757 35.6257 29.5757 35.558 29.5757 35.6164 29.5757 35.3321 29.5757 35.558 29.5757 34.7875 29.5757 35.3321 29.5757 33.9451 29.5757 34.7875 29.5757 33.0488 29.5757 33.9451 29.5757 32.3816 29.5757 33.0488 29.5757 32.1386 29.5757 32.3816 29.5757 32.3843 29.5757 32.1387 29.5757 33.0523 29.5757 32.3843 29.5757 33.9495 29.5757 33.0523 29.5757 34.7916 29.5757 33.9495 29.5757 35.3365 29.5757 34.7916 29.5757 35.5599 29.5757 35.3365 29.5757 35.6169 29.5757 35.5599 29.5757 35.6259 29.5757 35.6169 29.5757 35.6169 29.5757 35.6259 29.5757 35.5598 29.5757 35.6169 29.5757 35.3358 29.5757 35.5598 29.5757 34.7899 29.5757 35.3358 29.5757 33.9472 29.5757 34.7899 29.5757 33.0499 29.5757 33.9472 29.5757 32.3819 29.5757 33.0499 29.5757 32.1387 29.5757 32.3819 29.5757 32.3888 29.5757 32.1426 29.5757 33.0573 29.5757 32.3888 29.5757 33.9544 29.5757 33.0573 29.5757 34.7958 29.5757 33.9544 29.5757 35.3387 29.5757 34.7958 29.5757 35.5608 29.5757 35.3387 29.5757 35.6172 29.5757 35.5608 29.5757 35.6261 29.5757 35.6172 29.5757 35.6172 29.5757 35.6261 29.5757 35.5607 29.5757 35.6172 29.5757 35.3382 29.5757 35.5607 29.5757 34.7945 29.5757 35.3382 29.5757 33.9518 29.5757 34.7945 29.5757 33.0545 29.5757 33.9518 29.5757 32.3861 29.5757 33.0545 29.5757 32.1426 29.5757 32.3861 29.5757 32.397 29.5757 32.1504 29.5757 33.0655 29.5757 32.397 29.5757 33.9615 29.5757 33.0655 29.5757 34.8005 29.5757 33.9615 29.5757 35.3404 29.5757 34.8005 29.5757 35.5614 29.5757 35.3404 29.5757 35.6174 29.5757 35.5614 29.5757 35.6262 29.5757 35.6174 29.5757 35.6174 29.5757 35.6262 29.5757 35.5613 29.5757 35.6174 29.5757 35.3398 29.5757 35.5613 29.5757 34.7987 29.5757 35.3398 29.5757 33.9586 29.5757 34.7987 29.5757 33.0623 29.5757 33.9586 29.5757 32.3938 29.5757 33.0623 29.5757 32.1504 29.5757 32.3938 29.5757 32.409 29.5757 32.1625 29.5757 33.0763 29.5757 32.409 29.5757 33.9698 29.5757 33.0763 29.5757 34.8054 29.5757 33.9698 29.5757 35.3422 29.5757 34.8054 29.5757 35.5617 29.5757 35.3422 29.5757 35.6175 29.5757 35.5617 29.5757 35.6263 29.5757 35.6175 29.5757 35.6175 29.5757 35.6263 29.5757 35.5617 29.5757 35.6175 29.5757 35.3416 29.5757 35.5617 29.5757 34.8034 29.5757 35.3416 29.5757 33.9668 29.5757 34.8034 29.5757 33.0728 29.5757 33.9668 29.5757 32.4054 29.5757 33.0728 29.5757 32.1625 29.5757 32.4054 29.5757 32.4248 29.5757 32.179 29.5757 33.0898 29.5757 32.4248 29.5757 33.9794 29.5757 33.0898 29.5757 34.8104 29.5757 33.9794 29.5757 35.344 29.5757 34.8104 29.5757 35.5621 29.5757 35.344 29.5757 35.6176 29.5757 35.5621 29.5757 35.6263 29.5757 35.6176 29.5757 35.6175 29.5757 35.6263 29.5757 35.562 29.5757 35.6175 29.5757 35.3434 29.5757 35.562 29.5757 34.8086 29.5757 35.3434 29.5757 33.9761 29.5757 34.8086 29.5757 33.086 29.5757 33.9761 29.5757 32.421 29.5757 33.086 29.5757 32.179 29.5757 32.421 29.5757 32.445 29.5757 32.2004 29.5757 33.1062 29.5757 32.445 29.5757 33.9903 29.5757 33.1062 29.5757 34.8156 29.5757 33.9903 29.5757 35.3456 29.5757 34.8156 29.5757 35.5624 29.5757 35.3456 29.5757 35.6176 29.5757 35.5624 29.5757 35.6263 29.5757 35.6176 29.5757 35.6176 29.5757 35.6263 29.5757 35.5623 29.5757 35.6176 29.5757 35.3449 29.5757 35.5623 29.5757 34.8136 29.5757 35.3449 29.5757 33.9868 29.5757 34.8136 29.5757 33.1021 29.5757 33.9868 29.5757 32.4409 29.5757 33.1021 29.5757 32.2004 29.5757 32.4409 29.5757 32.4705 29.5757 32.2277 29.5757 33.1263 29.5757 32.4705 29.5757 34.0026 29.5757 33.1263 29.5757 34.8209 29.5757 34.0026 29.5757 35.3469 29.5757 34.8209 29.5757 35.5626 29.5757 35.3469 29.5757 35.6176 29.5757 35.5626 29.5757 35.6263 29.5757 35.6176 29.5757 35.6176 29.5757 35.6263 29.5757 35.5626 29.5757 35.6176 29.5757 35.3462 29.5757 35.5626 29.5757 34.8187 29.5757 35.3462 29.5757 33.9989 29.5757 34.8187 29.5757 33.1219 29.5757 33.9989 29.5757 32.4661 29.5757 33.1219 29.5757 32.2277 29.5757 32.4661 29.5757 32.5023 29.5757 32.262 29.5757 33.1505 29.5757 32.5023 29.5757 34.0165 29.5757 33.1505 29.5757 34.8258 29.5757 34.0165 29.5757 35.3477 29.5757 34.8258 29.5757 35.5628 29.5757 35.3477 29.5757 35.6177 29.5757 35.5628 29.5757 35.6264 29.5757 35.6177 29.5757 35.6177 29.5757 35.6264 29.5757 35.5628 29.5757 35.6177 29.5757 35.3471 29.5757 35.5628 29.5757 34.8238 29.5757 35.3471 29.5757 34.0127 29.5757 34.8238 29.5757 33.1459 29.5757 34.0127 29.5757 32.4977 29.5757 33.1459 29.5757 32.262 29.5757 32.4977 29.5757 32.5425 29.5757 32.3059 29.5757 33.1804 29.5757 32.5425 29.5757 34.0324 29.5757 33.1804 29.5757 34.8302 29.5757 34.0324 29.5757 35.3478 29.5757 34.8302 29.5757 35.5629 29.5757 35.3478 29.5757 35.6177 29.5757 35.5629 29.5757 35.6264 29.5757 35.6177 29.5757 35.6177 29.5757 35.6264 29.5757 35.5628 29.5757 35.6177 29.5757 35.3471 29.5757 35.5628 29.5757 34.8279 29.5757 35.3471 29.5757 34.0284 29.5757 34.8279 29.5757 33.1755 29.5757 34.0284 29.5757 32.5377 29.5757 33.1755 29.5757 32.3059 29.5757 32.5377 29.5757 32.5937 29.5757 32.3617 29.5757 33.2178 29.5757 32.5937 29.5757 34.0505 29.5757 33.2178 29.5757 34.8332 29.5757 34.0505 29.5757 35.3464 29.5757 34.8332 29.5757 35.5629 29.5757 35.3464 29.5757 35.6178 29.5757 35.5629 29.5757 35.6265 29.5757 35.6178 29.5757 35.6179 29.5757 35.6265 29.5757 35.5628 29.5757 35.6179 29.5757 35.3457 29.5757 35.5628 29.5757 34.8309 29.5757 35.3457 29.5757 34.0464 29.5757 34.8309 29.5757 33.2125 29.5757 34.0464 29.5757 32.5885 29.5757 33.2125 29.5757 32.3617 29.5757 32.5885 29.5757 32.6596 29.5757 32.433 29.5757 33.2653 29.5757 32.6596 29.5757 34.0709 29.5757 33.2653 29.5757 34.8332 29.5757 34.0709 29.5757 35.3427 29.5757 34.8332 29.5757 35.5628 29.5757 35.3427 29.5757 35.618 29.5757 35.5628 29.5757 35.6266 29.5757 35.618 29.5757 35.618 29.5757 35.6266 29.5757 35.5628 29.5757 35.618 29.5757 35.3421 29.5757 35.5628 29.5757 34.8309 29.5757 35.3421 29.5757 34.0666 29.5757 34.8309 29.5757 33.2593 29.5757 34.0666 29.5757 32.6535 29.5757 33.2593 29.5757 32.433 29.5757 32.6535 29.5757 32.7432 29.5757 32.5223 29.5757 33.3254 29.5757 32.7432 29.5757 34.0923 29.5757 33.3254 29.5757 34.8263 29.5757 34.0923 29.5757 35.3353 29.5757 34.8263 29.5757 35.5628 29.5757 35.3353 29.5757 35.6183 29.5757 35.5628 29.5757 35.6267 29.5757 35.6183 29.5757 35.6183 29.5757 35.6267 29.5757 35.5627 29.5757 35.6183 29.5757 35.3348 29.5757 35.5627 29.5757 34.8244 29.5757 35.3348 29.5757 34.088 29.5757 34.8244 29.5757 33.3181 29.5757 34.088 29.5757 32.7351 29.5757 33.3181 29.5757 32.5223 29.5757 32.7351 29.5757 32.8396 29.5757 32.6237 29.5757 33.3924 29.5757 32.8396 29.5757 34.1061 29.5757 33.3924 29.5757 34.8004 29.5757 34.1061 29.5757 35.3209 29.5757 34.8004 29.5757 35.563 29.5757 35.3209 29.5757 35.6187 29.5757 35.563 29.5757 35.6269 29.5757 35.6187 29.5757 35.6187 29.5757 35.6269 29.5757 35.5629 29.5757 35.6187 29.5757 35.3207 29.5757 35.5629 29.5757 34.7988 29.5757 35.3207 29.5757 34.1017 29.5757 34.7988 29.5757 33.3835 29.5757 34.1017 29.5757 32.8283 29.5757 33.3835 29.5757 32.6237 29.5757 32.8283 29.5757 32.8925 29.5757 32.6895 29.5757 33.4023 29.5757 32.8925 29.5757 34.0565 29.5757 33.4023 29.5757 34.699 29.5757 34.0565 29.5757 35.2937 29.5757 34.699 29.5757 35.5642 29.5757 35.2937 29.5757 35.6193 29.5757 35.5642 29.5757 35.6271 29.5757 35.6193 29.5757 35.6192 29.5757 35.6271 29.5757 35.5639 29.5757 35.6192 29.5757 35.2937 29.5757 35.5639 29.5757 34.6976 29.5757 35.2937 29.5757 34.0522 29.5757 34.6976 29.5757 33.3934 29.5757 34.0522 29.5757 32.879 29.5757 33.3934 29.5757 32.6895 29.5757 32.879 29.5757 32.5488 28.1955 32.5401 29.5757 32.599 28.1955 32.5488 29.5757 32.7724 28.1955 32.599 29.5757 33.0606 28.1955 32.7724 29.5757 33.0097 28.1955 33.0606 29.5757 32.663 28.1955 33.0097 29.5757 32.5008 28.1955 32.663 29.5757 32.4912 28.1955 32.5008 29.5757 32.5396 28.1955 32.4912 29.5757 32.6943 28.1955 32.5396 29.5757 33.0108 28.1955 32.6943 29.5757 33.0574 28.1955 33.0108 29.5757 32.7652 28.1955 33.0574 29.5757 32.5754 28.1955 32.7652 29.5757 32.5273 28.1955 32.5754 29.5757 32.5401 28.1955 32.5273 28.1955 32.023 26.8153 31.9993 28.1955 32.0933 26.8153 32.023 28.1955 32.2517 26.8153 32.0933 28.1955 32.4308 26.8153 32.2517 28.1955 32.4144 26.8153 32.4308 28.1955 32.1799 26.8153 32.4144 28.1955 32.0141 26.8153 32.1799 28.1955 31.9847 26.8153 32.0141 28.1955 32.0469 26.8153 31.9847 28.1955 32.2041 26.8153 32.0469 28.1955 32.4114 26.8153 32.2041 28.1955 32.4283 26.8153 32.4114 28.1955 32.2505 26.8153 32.4283 28.1955 32.0743 26.8153 32.2505 28.1955 32 26.8153 32.0743 28.1955 31.9993 26.8153 32 26.8153 28.4376 25.4351 28.4942 26.8153 28.3894 25.4351 28.4376 26.8153 28.4401 25.4351 28.3894 26.8153 28.4455 25.4351 28.4401 26.8153 28.2274 25.4351 28.4455 26.8153 27.8794 25.4351 28.2274 26.8153 27.6286 25.4351 27.8794 26.8153 27.5069 25.4351 27.6286 26.8153 27.5614 25.4351 27.5069 26.8153 27.8221 25.4351 27.5614 26.8153 28.2186 25.4351 27.8221 26.8153 28.4411 25.4351 28.2186 26.8153 28.4457 25.4351 28.4411 26.8153 28.4478 25.4351 28.4457 26.8153 28.5097 25.4351 28.4478 26.8153 28.4942 25.4351 28.5097 29.5757 29.5757 29.5757 29.5757 29.5757 29.5757 29.5757 29.5757 29.5757 29.5757 29.5757 29.5757 29.5757 29.5757 29.5757 29.5757 25.4351 25.4351 25.4351 25.4351 25.4351 25.4351 25.4351 25.4351 25.4351 25.4351 25.4351 25.4351 25.4351 25.4351 25.4351 25.4351 
</DataArray>
<DataArray type="Float64" Name="wall variable 0" format="ascii">
0 1 0 1 0 1 0 1 0 1 0 1 0 1 0 1 0 1 0 1 0 1 0 1 0 1 0 1 0 1 0 1 0 1 0 1 0 1 0 1 0 1 0 1 0 1 0 1 0 1 0 1 0 1 0 1 0 1 0 1 0 1 0 1 0 1 0 1 1 0 1 0 1 0 1 0 1 0 1 0 1 0 1 0 1 0 1 0 1 0 1 0 1 0 1 0 1 0 1 0 1 0 1 0 1 0 1 0 1 0 1 0 1 0 1 0 1 0 1 0 1 0 1 0 0 1 0 1 0 1 0 1 0 1 0 1 0 1 0 1 0 1 0 1 0 1 0 1 0 1 0 1 0 1 0 1 0 1 0 1 0 1 0 1 0 1 0 1 0 1 0 1 0 1 0 1 0 1 0 1 0 1 0 1 0 1 0 1 0 1 0 1 0 1 0 1 0 1 0 1 0 1 0 1 0 1 0 1 0 1 0 1 0 1 0 1 0 1 0 1 0 1 0 1 0 1 0 1 0 1 0 1 0 1 0 1 0 1 0 1 0 1 0 1 0 1 0 1 0 1 0 1 0 1 0 1 0 1 0 1 0 1 0 1 0 1 0 1 0 1 0 1 0 1 0 1 0 1 0 1 0 1 0 1 0 1 0 1 0 1 0 1 0 1 0 1 0 1 0 1 0 1 0 1 0 1 0 1 0 1 0 1 0 1 0 1 0 1 0 1 0 1 0 1 0 1 0 1 0 1 0 1 0 1 0 1 0 1 0 1 0 1 0 1 0 1 0 1 0 1 0 1 0 1 0 1 0 1 0 1 0 1 0 1 0 1 0 1 0 1 0 1 0 1 0 1 0 1 0 1 0 1 0 1 0 1 0 1 0 1 0 1 0 1 0 1 0 1 0 1 0 1 0 1 0 1 0 1 0 1 0 1 0 1 0 1 0 1 0 1 0 1 0 1 0 1 0 1 0 1 0 1 0 1 0 1 0 1 0 1 0 1 0 1 0 1 0 1 0 1 0 1 0 1 0 1 0 1 0 1 0 1 0 1 0 1 0 1 0 1 0 1 0 1 0 1 0 1 0 1 0 1 0 1 0 1 0 1 0 1 0 1 0 1 0 1 0 1 0 1 0 1 0 1 0 1 0 1 0 1 0 1 0 1 0 1 0 1 0 1 0 1 0 1 0 1 0 1 0 1 0 1 0 1 0 1 0 1 0 1 0 1 0 1 0 1 0 1 0 1 0 1 0 1 0 1 0 1 0 1 0 1 0 1 0 1 0 1 0 1 0 1 0 1 0 1 0 1 0 1 0 1 0 1 0 1 0 1 0 1 0 1 0 1 0 1 0 1 0 1 0 1 0 1 0 1 0 1 0 1 0 1 0 1 0 1 0 1 0 1 0 1 0 1 0 1 0 1 0 1 0 1 0 1 0 1 0 1 0 1 0 1 0 1 0 1 0 1 0 1 0 1 0 1 0 1 0 1 0 1 0 1 0 1 0 1 0 1 0 1 0 1 0 1 0 1 0 1 0 1 0 1 0 1 0 1 0 1 0 1 0 1 0 1 0 1 0 1 0 1 0 1 0 1 0 1 0 1 0 1 0 1 0 1 0 1 0 1 0 1 0 1 0 1 0 1 0 1 0 1 0 1 0 1 0 1 0 1 0 1 0 1 0 1 0 1 0 1 0 1 0 1 0 1 0 1 0 1 0 1 0 1 0 1 0 1 0 1 0 1 0 1 0 1 0 1 0 1 0 1 0 1 0 1 0 1 0 1 0 1 0 1 0 1 0 1 0 1 0 1 0 1 0 1 0 1 0 1 0 1 0 1 0 1 0 1 0 1 0 1 0 1 0 1 0 1 0 1 0 1 0 1 0 1 0 1 0 1 0 1 0 1 0 1 0 1 0 1 0 1 0 1 0 1 0 1 0 1 0 1 0 1 0 1 0 1 0 1 0 1 0 1 0 1 0 1 0 1 0 1 0 1 0 1 0 1 0 1 0 1 0 1 0 1 0 1 0 1 0 1 0 1 0 1 0 1 0 1 0 1 0 1 0 1 0 1 0 1 0 1 0 1 0 1 0 1 0 1 0 1 0 1 0 1 0 1 0 1 0 1 0 1 0 1 0 1 0 1 0 1 0 1 0 1 0 1 0 1 0 1 0 1 0 1 0 1 0 1 0 1 0 1 0 1 0 1 0 1 0 1 0 1 0 1 0 1 0 1 0 1 0 1 0 1 0 1 0 1 0 1 0 1 0 1 0 1 0 1 0 1 0 1 0 1 0 1 0 1 0 1 0 1 0 1 0 1 0 1 0 1 0 1 0 1 0 1 0 1 0 1 0 1 0 1 0 1 0 1 0 1 0 1 0 1 0 1 0 1 0 1 0 1 0 1 0 1 0 1 0 1 0 1 0 1 0 1 0 1 0 1 0 1 0 1 0 1 0 1 0 1 0 1 0 1 0 1 0 1 0 1 0 1 0 1 0 1 0 1 0 1 0 1 0 1 0 1 0 1 0 1 0 1 0 1 0 1 0 1 0 1 0 1 0 1 0 1 0 1 0 1 0 1 0 1 0 1 0 1 0 1 0 1 0 1 0 1 0 1 0 1 0 1 0 1 0 1 0 1 0 1 0 1 0 1 0 1 0 1 0 1 0 1 0 1 0 1 0 1 0 1 0 1 0 1 0 1 0 1 0 1 0 1 0 1 0 1 0 1 0 1 0 1 0 1 0 1 0 1 0 1 0 1 0 1 0 1 0 1 0 1 0 1 0 1 0 1 0 1 0 1 0 1 0 1 0 1 0 1 0 1 0 1 0 1 0 1 0 1 0 1 0 1 0 1 0 1 0 1 0 1 0 1 0 1 0 1 0 1 0 1 0 1 0 1 0 1 0 1 0 1 0 1 0 1 0 1 0 1 0 1 0 1 0 1 0 1 0 1 0 1 0 1 0 1 0 1 0 1 0 1 0 1 0 1 0 1 0 1 0 1 0 1 0 1 0 1 0 1 0 1 0 1 0 1 0 1 0 1 0 1 0 1 0 1 0 1 0 1 0 1 0 1 0 1 0 1 0 1 0 1 0 1 0 1 0 1 0 1 0 1 0 1 0 1 0 1 0 1 0 1 0 1 0 1 0 1 0 1 0 1 0 1 0 1 0 1 0 1 0 1 0 1 0 1 0 1 0 1 0 1 0 1 0 1 0 1 0 1 0 1 0 1 0 1 0 1 0 1 0 1 0 1 0 1 0 1 0 1 0 1 0 1 0 1 0 1 0 1 0 1 0 1 0 1 0 1 0 1 0 1 0 1 0 1 0 1 0 1 0 1 0 1 0 1 0 1 0 1 0 1 0 1 0 1 0 1 0 1 0 1 0 1 0 1 0 1 0 1 0 1 0 1 0 1 0 1 0 1 0 1 0 1 0 1 0 1 0 1 0 1 0 1 0 1 0 1 0 1 0 1 0 1 0 1 0 1 0 1 0 1 0 1 0 1 0 1 0 1 0 1 0 1 0 1 0 1 0 1 0 1 0 1 0 1 0 1 0 1 0 1 0 1 0 1 0 1 0 1 0 1 0 1 0 1 0 1 0 1 0 1 0 1 0 1 0 1 0 1 0 1 0 1 0 1 0 1 0 1 0 1 0 1 0 1 0 1 0 1 0 1 0 1 0 1 0 1 0 1 0 1 0 1 0 1 0 1 0 1 0 1 0 1 0 1 0 1 0 1 0 1 0 1 0 1 0 1 0 1 0 1 0 1 0 1 0 1 0 1 0 1 0 1 0 1 0 1 0 1 0 1 0 1 0 1 0 1 0 1 0 1 0 1 0 1 0 1 0 1 0 1 0 1 0 1 0 1 0 1 0 1 0 1 0 1 0 1 0 1 0 1 0 1 0 1 0 1 0 1 0 1 0 1 0 1 0 1 0 1 0 1 0 1 0 1 0 1 0 1 0 1 0 1 0 1 0 1 0 1 0 1 0 1 0 1 0 1 0 1 0 1 0 1 0 1 0 1 0 1 0 1 0 1 0 1 0 1 0 1 0 1 0 1 0 1 0 1 0 1 0 1 0 1 0 1 0 1 0 1 0 1 0 1 0 1 0 1 0 1 0 1 0 1 0 1 0 1 0 1 0 1 0 1 0 1 0 1 0 1 0 1 0 1 0 1 0 1 0 1 0 1 0 1 0 1 0 1 0 1 0 1 0 1 0 1 0 1 0 1 0 1 0 1 0 1 0 1 0 1 0 1 0 1 0 1 0 1 0 1 0 1 0 1 0 1 0 1 0 1 0 1 0 1 0 1 0 1 0 1 0 1 0 1 0 1 0 1 0 1 0 1 0 1 0 1 0 1 0 1 0 1 0 1 0 1 0 1 0 1 0 1 0 1 0 1 0 1 0 1 0 1 0 1 0 1 0 1 0 1 0 1 0 1 0 1 0 1 0 1 0 1 0 1 0 1 0 1 0 1 0 1 0 1 0 1 0 1 0 1 0 1 0 1 0 1 0 1 0 1 0 1 0 1 0 1 0 1 0 1 0 1 0 1 0 1 0 1 0 1 0 1 0 1 0 1 0 1 0 1 0 1 0 1 0 1 0 1 0 1 0 0 0 0 0 0 0 0 0 0 0 0 0 0 0 0 0 0 0 0 0 0 0 0 0 0 0 0 0 0 0 0 
</DataArray>
<DataArray type="Float64" Name="wall variable 1" format="ascii">
0 1 0 1 0 1 0 1 0 1 0 1 0 1 0 1 0 1 0 1 0 1 0 1 0 1 0 1 0 1 0 1 0 1 0 1 0 1 0 1 0 1 0 1 0 1 0 1 0 1 0 1 0 1 0 1 0 1 0 1 0 1 0 1 0 1 0 1 1 0 1 0 1 0 1 0 1 0 1 0 1 0 1 0 1 0 1 0 1 0 1 0 1 0 1 0 1 0 1 0 1 0 1 0 1 0 1 0 1 0 1 0 1 0 1 0 1 0 1 0 1 0 1 0 0 1 0 1 0 1 0 1 0 1 0 1 0 1 0 1 0 1 0 1 0 1 0 1 0 1 0 1 0 1 0 1 0 1 0 1 0 1 0 1 0 1 0 1 0 1 0 1 0 1 0 1 0 1 0 1 0 1 0 1 0 1 0 1 0 1 0 1 0 1 0 1 0 1 0 1 0 1 0 1 0 1 0 1 0 1 0 1 0 1 0 1 0 1 0 1 0 1 0 1 0 1 0 1 0 1 0 1 0 1 0 1 0 1 0 1 0 1 0 1 0 1 0 1 0 1 0 1 0 1 0 1 0 1 0 1 0 1 0 1 0 1 0 1 0 1 0 1 0 1 0 1 0 1 0 1 0 1 0 1 0 1 0 1 0 1 0 1 0 1 0 1 0 1 0 1 0 1 0 1 0 1 0 1 0 1 0 1 0 1 0 1 0 1 0 1 0 1 0 1 0 1 0 1 0 1 0 1 0 1 0 1 0 1 0 1 0 1 0 1 0 1 0 1 0 1 0 1 0 1 0 1 0 1 0 1 0 1 0 1 0 1 0 1 0 1 0 1 0 1 0 1 0 1 0 1 0 1 0 1 0 1 0 1 0 1 0 1 0 1 0 1 0 1 0 1 0 1 0 1 0 1 0 1 0 1 0 1 0 1 0 1 0 1 0 1 0 1 0 1 0 1 0 1 0 1 0 1 0 1 0 1 0 1 0 1 0 1 0 1 0 1 0 1 0 1 0 1 0 1 0 1 0 1 0 1 0 1 0 1 0 1 0 1 0 1 0 1 0 1 0 1 0 1 0 1 0 1 0 1 0 1 0 1 0 1 0 1 0 1 0 1 0 1 0 1 0 1 0 1 0 1 0 1 0 1 0 1 0 1 0 1 0 1 0 1 0 1 0 1 0 1 0 1 0 1 0 1 0 1 0 1 0 1 0 1 0 1 0 1 0 1 0 1 0 1 0 1 0 1 0 1 0 1 0 1 0 1 0 1 0 1 0 1 0 1 0 1 0 1 0 1 0 1 0 1 0 1 0 1 0 1 0 1 0 1 0 1 0 1 0 1 0 1 0 1 0 1 0 1 0 1 0 1 0 1 0 1 0 1 0 1 0 1 0 1 0 1 0 1 0 1 0 1 0 1 0 1 0 1 0 1 0 1 0 1 0 1 0 1 0 1 0 1 0 1 0 1 0 1 0 1 0 1 0 1 0 1 0 1 0 1 0 1 0 1 0 1 0 1 0 1 0 1 0 1 0 1 0 1 0 1 0 1 0 1 0 1 0 1 0 1 0 1 0 1 0 1 0 1 0 1 0 1 0 1 0 1 0 1 0 1 0 1 0 1 0 1 0 1 0 1 0 1 0 1 0 1 0 1 0 1 0 1 0 1 0 1 0 1 0 1 0 1 0 1 0 1 0 1 0 1 0 1 0 1 0 1 0 1 0 1 0 1 0 1 0 1 0 1 0 1 0 1 0 1 0 1 0 1 0 1 0 1 0 1 0 1 0 1 0 1 0 1 0 1 0 1 0 1 0 1 0 1 0 1 0 1 0 1 0 1 0 1 0 1 0 1 0 1 0 1 0 1 0 1 0 1 0 1 0 1 0 1 0 1 0 1 0 1 0 1 0 1 0 1 0 1 0 1 0 1 0 1 0 1 0 1 0 1 0 1 0 1 0 1 0 1 0 1 0 1 0 1 0 1 0 1 0 1 0 1 0 1 0 1 0 1 0 1 0 1 0 1 0 1 0 1 0 1 0 1 0 1 0 1 0 1 0 1 0 1 0 1 0 1 0 1 0 1 0 1 0 1 0 1 0 1 0 1 0 1 0 1 0 1 0 1 0 1 0 1 0 1 0 1 0 1 0 1 0 1 0 1 0 1 0 1 0 1 0 1 0 1 0 1 0 1 0 1 0 1 0 1 0 1 0 1 0 1 0 1 0 1 0 1 0 1 0 1 0 1 0 1 0 1 0 1 0 1 0 1 0 1 0 1 0 1 0 1 0 1 0 1 0 1 0 1 0 1 0 1 0 1 0 1 0 1 0 1 0 1 0 1 0 1 0 1 0 1 0 1 0 1 0 1 0 1 0 1 0 1 0 1 0 1 0 1 0 1 0 1 0 1 0 1 0 1 0 1 0 1 0 1 0 1 0 1 0 1 0 1 0 1 0 1 0 1 0 1 0 1 0 1 0 1 0 1 0 1 0 1 0 1 0 1 0 1 0 1 0 1 0 1 0 1 0 1 0 1 0 1 0 1 0 1 0 1 0 1 0 1 0 1 0 1 0 1 0 1 0 1 0 1 0 1 0 1 0 1 0 1 0 1 0 1 0 1 0 1 0 1 0 1 0 1 0 1 0 1 0 1 0 1 0 1 0 1 0 1 0 1 0 1 0 1 0 1 0 1 0 1 0 1 0 1 0 1 0 1 0 1 0 1 0 1 0 1 0 1 0 1 0 1 0 1 0 1 0 1 0 1 0 1 0 1 0 1 0 1 0 1 0 1 0 1 0 1 0 1 0 1 0 1 0 1 0 1 0 1 0 1 0 1 0 1 0 1 0 1 0 1 0 1 0 1 0 1 0 1 0 1 0 1 0 1 0 1 0 1 0 1 0 1 0 1 0 1 0 1 0 1 0 1 0 1 0 1 0 1 0 1 0 1 0 1 0 1 0 1 0 1 0 1 0 1 0 1 0 1 0 1 0 1 0 1 0 1 0 1 0 1 0 1 0 1 0 1 0 1 0 1 0 1 0 1 0 1 0 1 0 1 0 1 0 1 0 1 0 1 0 1 0 1 0 1 0 1 0 1 0 1 0 1 0 1 0 1 0 1 0 1 0 1 0 1 0 1 0 1 0 1 0 1 0 1 0 1 0 1 0 1 0 1 0 1 0 1 0 1 0 1 0 1 0 1 0 1 0 1 0 1 0 1 0 1 0 1 0 1 0 1 0 1 0 1 0 1 0 1 0 1 0 1 0 1 0 1 0 1 0 1 0 1 0 1 0 1 0 1 0 1 0 1 0 1 0 1 0 1 0 1 0 1 0 1 0 1 0 1 0 1 0 1 0 1 0 1 0 1 0 1 0 1 0 1 0 1 0 1 0 1 0 1 0 1 0 1 0 1 0 1 0 1 0 1 0 1 0 1 0 1 0 1 0 1 0 1 0 1 0 1 0 1 0 1 0 1 0 1 0 1 0 1 0 1 0 1 0 1 0 1 0 1 0 1 0 1 0 1 0 1 0 1 0 1 0 1 0 1 0 1 0 1 0 1 0 1 0 1 0 1 0 1 0 1 0 1 0 1 0 1 0 1 0 1 0 1 0 1 0 1 0 1 0 1 0 1 0 1 0 1 0 1 0 1 0 1 0 1 0 1 0 1 0 1 0 1 0 1 0 1 0 1 0 1 0 1 0 1 0 1 0 1 0 1 0 1 0 1 0 1 0 1 0 1 0 1 0 1 0 1 0 1 0 1 0 1 0 1 0 1 0 1 0 1 0 1 0 1 0 1 0 1 0 1 0 1 0 1 0 1 0 1 0 1 0 1 0 1 0 1 0 1 0 1 0 1 0 1 0 1 0 1 0 1 0 1 0 1 0 1 0 1 0 1 0 1 0 1 0 1 0 1 0 1 0 1 0 1 0 1 0 1 0 1 0 1 0 1 0 1 0 1 0 1 0 1 0 1 0 1 0 1 0 1 0 1 0 1 0 1 0 1 0 1 0 1 0 1 0 1 0 1 0 1 0 1 0 1 0 1 0 1 0 1 0 1 0 1 0 1 0 1 0 1 0 1 0 1 0 1 0 1 0 1 0 1 0 1 0 1 0 1 0 1 0 1 0 1 0 1 0 1 0 1 0 1 0 1 0 1 0 1 0 1 0 1 0 1 0 1 0 1 0 1 0 1 0 1 0 1 0 1 0 1 0 1 0 1 0 1 0 1 0 1 0 1 0 1 0 1 0 1 0 1 0 1 0 1 0 1 0 1 0 1 0 1 0 1 0 1 0 1 0 1 0 1 0 1 0 1 0 1 0 1 0 1 0 1 0 1 0 1 0 1 0 1 0 1 0 1 0 1 0 1 0 1 0 1 0 1 0 1 0 1 0 1 0 1 0 1 0 1 0 1 0 1 0 1 0 1 0 1 0 1 0 1 0 1 0 1 0 1 0 1 0 1 0 1 0 1 0 1 0 1 0 1 0 1 0 1 0 1 0 1 0 1 0 1 0 1 0 1 0 1 0 1 0 1 0 1 0 1 0 1 0 1 0 1 0 1 0 1 0 1 0 1 0 1 0 1 0 1 0 1 0 1 0 1 0 1 0 1 0 0 0 0 0 0 0 0 0 0 0 0 0 0 0 0 0 0 0 0 0 0 0 0 0 0 0 0 0 0 0 0 
</DataArray>
<DataArray type="Float64" Name="wall variable 2" format="ascii">
0 35.6354 0 35.6354 0 35.6354 0 35.6354 0 35.6354 0 35.6354 0 35.6354 0 35.6354 0 35.6354 0 35.6354 0 35.6354 0 35.6354 0 35.6354 0 35.6354 0 35.6354 0 35.6354 0 35.6354 0 35.6354 0 35.6354 0 35.6354 0 35.6354 0 35.6354 0 35.6354 0 35.6354 0 35.6354 0 35.6354 0 35.6354 0 35.6354 0 35.6354 0 35.6354 0 35.6354 0 35.6354 0 35.6354 0 35.6354 35.6354 0 35.6354 0 35.6354 0 35.6354 0 35.6354 0 35.6354 0 35.6354 0 35.6354 0 35.6354 0 35.6354 0 35.6354 0 35.6354 0 35.6354 0 35.6354 0 35.6354 0 35.6354 0 35.6354 0 35.6354 0 35.6354 0 35.6354 0 35.6354 0 35.6354 0 35.6354 0 35.6354 0 35.6354 0 35.6354 0 35.6354 0 35.6354 0 0 35.6354 0 35.6354 0 35.6354 0 35.6354 0 35.6354 0 35.6354 0 35.6354 0 35.6354 0 35.6354 0 35.6354 0 35.6354 0 35.6354 0 35.6354 0 35.6354 0 35.6354 0 35.6354 0 35.6354 0 35.6354 0 35.6354 0 35.6354 0 35.6354 0 35.6354 0 35.6354 0 35.6354 0 35.6354 0 35.6354 0 35.6354 0 35.6354 0 35.6354 0 35.6354 0 35.6354 0 35.6354 0 35.6354 0 35.6354 0 35.6354 0 35.6354 0 35.6354 0 35.6354 0 35.6354 0 35.6354 0 35.6354 0 35.6354 0 35.6354 0 35.6354 0 35.6354 0 35.6354 0 35.6354 0 35.6354 0 35.6354 0 35.6354 0 35.6354 0 35.6354 0 35.6354 0 35.6354 0 35.6354 0 35.6354 0 35.6354 0 35.6354 0 35.6354 0 35.6354 0 35.6354 0 35.6354 0 35.6354 0 35.6354 0 35.6354 0 35.6354 0 35.6354 0 35.6354 0 35.6354 0 35.6354 0 35.6354 0 35.6354 0 35.6354 0 35.6354 0 35.6354 0 35.6354 0 35.6354 0 35.6354 0 35.6354 0 35.6354 0 35.6354 0 35.6354 0 35.6354 0 35.6354 0 35.6354 0 35.6354 0 35.6354 0 35.6354 0 35.6354 0 35.6354 0 35.6354 0 35.6354 0 35.6354 0 35.6354 0 35.6354 0 35.6354 0 35.6354 0 35.6354 0 35.6354 0 35.6354 0 35.6354 0 35.6354 0 35.6354 0 35.6354 0 35.6354 0 35.6354 0 35.6354 0 35.6354 0 35.6354 0 35.6354 0 35.6354 0 35.6354 0 35.6354 0 35.6354 0 35.6354 0 35.6354 0 35.6354 0 35.6354 0 35.6354 0 35.6354 0 35.6354 0 35.6354 0 35.6354 0 35.6354 0 35.6354 0 35.6354 0 35.6354 0 35.6354 0 35.6354 0 35.6354 0 35.6354 0 35.6354 0 35.6354 0 35.6354 0 35.6354 0 35.6354 0 35.6354 0 35.6354 0 35.6354 0 35.6354 0 35.6354 0 35.6354 0 35.6354 0 35.6354 0 35.6354 0 35.6354 0 35.6354 0 35.6354 0 35.6354 0 35.6354 0 35.6354 0 35.6354 0 35.6354 0 35.6354 0 35.6354 0 35.6354 0 35.6354 0 35.6354 0 35.6354 0 35.6354 0 35.6354 0 35.6354 0 35.6354 0 35.6354 0 35.6354 0 35.6354 0 35.6354 0 35.6354 0 35.6354 0 35.6354 0 35.6354 0 35.6354 0 35.6354 0 35.6354 0 35.6354 0 35.6354 0 35.6354 0 35.6354 0 35.6354 0 35.6354 0 35.6354 0 35.6354 0 35.6354 0 35.6354 0 35.6354 0 35.6354 0 35.6354 0 35.6354 0 35.6354 0 35.6354 0 35.6354 0 35.6354 0 35.6354 0 35.6354 0 35.6354 0 35.6354 0 35.6354 0 35.6354 0 35.6354 0 35.6354 0 35.6354 0 35.6354 0 35.6354 0 35.6354 0 35.6354 0 35.6354 0 35.6354 0 35.6354 0 35.6354 0 35.6354 0 35.6354 0 35.6354 0 35.6354 0 35.6354 0 35.6354 0 35.6354 0 35.6354 0 35.6354 0 35.6354 0 35.6354 0 35.6354 0 35.6354 0 35.6354 0 35.6354 0 35.6354 0 35.6354 0 35.6354 0 35.6354 0 35.6354 0 35.6354 0 35.6354 0 35.6354 0 35.6354 0 35.6354 0 35.6354 0 35.6354 0 35.6354 0 35.6354 0 35.6354 0 35.6354 0 35.6354 0 35.6354 0 35.6354 0 35.6354 0 35.6354 0 35.6354 0 35.6354 0 35.6354 0 35.6354 0 35.6354 0 35.6354 0 35.6354 0 35.6354 0 35.6354 0 35.6354 0 35.6354 0 35.6354 0 35.6354 0 35.6354 0 35.6354 0 35.6354 0 35.6354 0 35.6354 0 35.6354 0 35.6354 0 35.6354 0 35.6354 0 35.6354 0 35.6354 0 35.6354 0 35.6354 0 35.6354 0 35.6354 0 35.6354 0 35.6354 0 35.6354 0 35.6354 0 35.6354 0 35.6354 0 35.6354 0 35.6354 0 35.6354 0 35.6354 0 35.6354 0 35.6354 0 35.6354 0 35.6354 0 35.6354 0 35.6354 0 35.6354 0 35.6354 0 35.6354 0 35.6354 0 35.6354 0 35.6354 0 35.6354 0 35.6354 0 35.6354 0 35.6354 0 35.6354 0 35.6354 0 35.6354 0 35.6354 0 35.6354 0 35.6354 0 35.6354 0 35.6354 0 35.6354 0 35.6354 0 35.6354 0 35.6354 0 35.6354 0 35.6354 0 35.6354 0 35.6354 0 35.6354 0 35.6354 0 35.6354 0 35.6354 0 35.6354 0 35.6354 0 35.6354 0 35.6354 0 35.6354 0 35.6354 0 35.6354 0 35.6354 0 35.6354 0 35.6354 0 35.6354 0 35.6354 0 35.6354 0 35.6354 0 35.6354 0 35.6354 0 35.6354 0 35.6354 0 35.6354 0 35.6354 0 35.6354 0 35.6354 0 35.6354 0 35.6354 0 35.6354 0 35.6354 0 35.6354 0 35.6354 0 35.6354 0 35.6354 0 35.6354 0 35.6354 0 35.6354 0 35.6354 0 35.6354 0 35.6354 0 35.6354 0 35.6354 0 35.6354 0 35.6354 0 35.6354 0 35.6354 0 35.6354 0 35.6354 0 35.6354 0 35.6354 0 35.6354 0 35.6354 0 35.6354 0 35.6354 0 35.6354 0 35.6354 0 35.6354 0 35.6354 0 35.6354 0 35.6354 0 35.6354 0 35.6354 0 35.6354 0 35.6354 0 35.6354 0 35.6354 0 35.6354 0 35.6354 0 35.6354 0 35.6354 0 35.6354 0 35.6354 0 35.6354 0 35.6354 0 35.6354 0 35.6354 0 35.6354 0 35.6354 0 35.6354 0 35.6354 0 35.6354 0 35.6354 0 35.6354 0 35.6354 0 35.6354 0 35.6354 0 35.6354 0 35.6354 0 35.6354 0 35.6354 0 35.6354 0 35.6354 0 35.6354 0 35.6354 0 35.6354 0 35.6354 0 35.6354 0 35.6354 0 35.6354 0 35.6354 0 35.6354 0 35.6354 0 35.6354 0 35.6354 0 35.6354 0 35.6354 0 35.6354 0 35.6354 0 35.6354 0 35.6354 0 35.6354 0 35.6354 0 35.6354 0 35.6354 0 35.6354 0 35.6354 0 35.6354 0 35.6354 0 35.6354 0 35.6354 0 35.6354 0 35.6354 0 35.6354 0 35.6354 0 35.6354 0 35.6354 0 35.6354 0 35.6354 0 35.6354 0 35.6354 0 35.6354 0 35.6354 0 35.6354 0 35.6354 0 35.6354 0 35.6354 0 35.6354 0 35.6354 0 35.6354 0 35.6354 0 35.6354 0 35.6354 0 35.6354 0 35.6354 0 35.6354 0 35.6354 0 35.6354 0 35.6354 0 35.6354 0 35.6354 0 35.6354 0 35.6354 0 35.6354 0 35.6354 0 35.6354 0 35.6354 0 35.6354 0 35.6354 0 35.6354 0 35.6354 0 35.6354 0 35.6354 0 35.6354 0 35.6354 0 35.6354 0 35.6354 0 35.6354 0 35.6354 0 35.6354 0 35.6354 0 35.6354 0 35.6354 0 35.6354 0 35.6354 0 35.6354 0 35.6354 0 35.6354 0 35.6354 0 35.6354 0 35.6354 0 35.6354 0 35.6354 0 35.6354 0 35.6354 0 35.6354 0 35.6354 0 35.6354 0 35.6354 0 35.6354 0 35.6354 0 35.6354 0 35.6354 0 35.6354 0 35.6354 0 35.6354 0 35.6354 0 35.6354 0 35.6354 0 35.6354 0 35.6354 0 35.6354 0 35.6354 0 35.6354 0 35.6354 0 35.6354 0 35.6354 0 35.6354 0 35.6354 0 35.6354 0 35.6354 0 35.6354 0 35.6354 0 35.6354 0 35.6354 0 35.6354 0 35.6354 0 35.6354 0 35.6354 0 35.6354 0 35.6354 0 35.6354 0 35.6354 0 35.6354 0 35.6354 0 35.6354 0 35.6354 0 35.6354 0 35.6354 0 35.6354 0 35.6354 0 35.6354 0 35.6354 0 35.6354 0 35.6354 0 35.6354 0 35.6354 0 35.6354 0 35.6354 0 35.6354 0 35.6354 0 35.6354 0 35.6354 0 35.6354 0 35.6354 0 35.6354 0 35.6354 0 35.6354 0 35.6354 0 35.6354 0 35.6354 0 35.6354 0 35.6354 0 35.6354 0 35.6354 0 35.6354 0 35.6354 0 35.6354 0 35.6354 0 35.6354 0 35.6354 0 35.6354 0 35.6354 0 35.6354 0 35.6354 0 35.6354 0 35.6354 0 35.6354 0 35.6354 0 35.6354 0 35.6354 0 35.6354 0 35.6354 0 35.6354 0 35.6354 0 35.6354 0 35.6354 0 35.6354 0 35.6354 0 35.6354 0 35.6354 0 35.6354 0 35.6354 0 35.6354 0 35.6354 0 35.6354 0 35.6354 0 35.6354 0 35.6354 0 35.6354 0 35.6354 0 35.6354 0 35.6354 0 35.6354 0 35.6354 0 35.6354 0 35.6354 0 35.6354 0 35.6354 0 35.6354 0 35.6354 0 35.6354 0 35.6354 0 35.6354 0 35.6354 0 35.6354 0 35.6354 0 35.6354 0 35.6354 0 35.6354 0 35.6354 0 35.6354 0 35.6354 0 35.6354 0 35.6354 0 35.6354 0 35.6354 0 35.6354 0 35.6354 0 35.6354 0 35.6354 0 35.6354 0 35.6354 0 35.6354 0 35.6354 0 35.6354 0 35.6354 0 35.6354 0 35.6354 0 35.6354 0 35.6354 0 35.6354 0 35.6354 0 35.6354 0 35.6354 0 35.6354 0 35.6354 0 35.6354 0 35.6354 0 35.6354 0 35.6354 0 35.6354 0 35.6354 0 35.6354 0 35.6354 0 35.6354 0 35.6354 0 35.6354 0 35.6354 0 35.6354 0 35.6354 0 35.6354 0 35.6354 0 35.6354 0 35.6354 0 35.6354 0 35.6354 0 35.6354 0 35.6354 0 35.6354 0 35.6354 0 35.6354 0 35.6354 0 35.6354 0 35.6354 0 35.6354 0 35.6354 0 35.6354 0 35.6354 0 35.6354 0 35.6354 0 35.6354 0 35.6354 0 35.6354 0 35.6354 0 35.6354 0 35.6354 0 35.6354 0 35.6354 0 35.6354 0 35.6354 0 35.6354 0 35.6354 0 35.6354 0 35.6354 0 35.6354 0 35.6354 0 35.6354 0 35.6354 0 35.6354 0 35.6354 0 35.6354 0 35.6354 0 35.6354 0 35.6354 0 35.6354 0 35.6354 0 35.6354 0 35.6354 0 35.6354 0 35.6354 0 35.6354 0 35.6354 0 35.6354 0 35.6354 0 35.6354 0 35.6354 0 35.6354 0 35.6354 0 35.6354 0 35.6354 0 35.6354 0 35.6354 0 35.6354 0 35.6354 0 35.6354 0 35.6354 0 35.6354 0 35.6354 0 35.6354 0 35.6354 0 35.6354 0 35.6354 0 35.6354 0 35.6354 0 35.6354 0 35.6354 0 35.6354 0 35.6354 0 35.6354 0 35.6354 0 35.6354 0 35.6354 0 35.6354 0 35.6354 0 35.6354 0 35.6354 0 35.6354 0 35.6354 0 35.6354 0 35.6354 0 35.6354 0 35.6354 0 35.6354 0 35.6354 0 35.6354 0 35.6354 0 35.6354 0 35.6354 0 35.6354 0 35.6354 0 35.6354 0 35.6354 0 35.6354 0 35.6354 0 35.6354 0 35.6354 0 35.6354 0 35.6354 0 35.6354 0 35.6354 0 35.6354 0 35.6354 0 35.6354 0 35.6354 0 35.6354 0 35.6354 0 35.6354 0 35.6354 0 35.6354 0 35.6354 0 35.6354 0 35.6354 0 35.6354 0 35.6354 0 35.6354 0 35.6354 0 35.6354 0 35.6354 0 35.6354 0 35.6354 0 35.6354 0 35.6354 0 35.6354 0 35.6354 0 35.6354 0 35.6354 0 35.6354 0 35.6354 0 35.6354 0 35.6354 0 35.6354 0 35.6354 0 35.6354 0 35.6354 0 35.6354 0 35.6354 0 35.6354 0 35.6354 0 35.6354 0 35.6354 0 35.6354 0 35.6354 0 35.6354 0 35.6354 0 35.6354 0 35.6354 0 35.6354 0 35.6354 0 35.6354 0 35.6354 0 35.6354 0 35.6354 0 35.6354 0 35.6354 0 35.6354 0 35.6354 0 35.6354 0 35.6354 0 35.6354 0 35.6354 0 35.6354 0 35.6354 0 35.6354 0 35.6354 0 35.6354 0 35.6354 0 35.6354 0 35.6354 0 35.6354 0 35.6354 0 35.6354 0 35.6354 0 35.6354 0 35.6354 0 35.6354 0 35.6354 0 35.6354 0 35.6354 0 35.6354 0 35.6354 0 35.6354 0 35.6354 0 35.6354 0 35.6354 0 35.6354 0 35.6354 0 35.6354 0 35.6354 0 35.6354 0 35.6354 0 35.6354 0 35.6354 0 35.6354 0 35.6354 0 35.6354 0 35.6354 0 35.6354 0 35.6354 0 35.6354 0 35.6354 0 35.6354 0 35.6354 0 35.6354 0 35.6354 0 35.6354 0 35.6354 0 35.6354 0 35.6354 0 35.6354 0 35.6354 0 35.6354 0 35.6354 0 35.6354 0 35.6354 0 35.6354 0 35.6354 0 35.6354 0 35.6354 0 35.6354 0 35.6354 0 35.6354 0 35.6354 0 35.6354 0 35.6354 0 35.6354 0 35.6354 0 35.6354 0 35.6354 0 35.6354 0 35.6354 0 35.6354 0 35.6354 0 35.6354 0 35.6354 0 35.6354 0 35.6354 0 35.6354 0 35.6354 0 35.6354 0 35.6354 0 35.6354 0 35.6354 0 35.6354 0 35.6354 0 35.6354 0 35.6354 0 35.6354 0 35.6354 0 35.6354 0 35.6354 0 35.6354 0 35.6354 0 35.6354 0 35.6354 0 35.6354 0 35.6354 0 35.6354 0 35.6354 0 35.6354 0 35.6354 0 35.6354 0 35.6354 0 35.6354 0 35.6354 0 35.6354 0 35.6354 0 35.6354 0 35.6354 0 35.6354 0 35.6354 0 35.6354 0 35.6354 0 35.6354 0 35.6354 0 35.6354 0 35.6354 0 35.6354 0 35.6354 0 35.6354 0 35.6354 0 35.6354 0 35.6354 0 35.6354 0 35.6354 0 35.6354 0 35.6354 0 35.6354 0 0 0 0 0 0 0 0 0 0 0 0 0 0 0 0 0 0 0 0 0 0 0 0 0 0 0 0 0 0 0 0 
</DataArray>
</CellData>
</Piece>
</UnstructuredGrid>
</VTKFile>
