<VTKFile type="UnstructuredGrid" version="0.1">
<UnstructuredGrid>
<Piece  NumberOfPoints="    2608" NumberOfCells="    2080">
<Points>
<DataArray type="Float64" NumberOfComponents="3" format="ascii">
-210.986 291.038 -0.146969 
-213.371 296.181 28.4174 
-220.185 310.799 52.6714 
-230.253 332.798 68.9061 
-241.928 358.884 74.6013 
-253.402 385.053 68.8753 
-262.982 407.263 52.6304 
-269.288 422.103 28.3714 
-271.45 427.309 -0.200263 
-269.219 422.088 -28.7625 
-262.91 407.228 -53.006 
-253.366 384.995 -69.2373 
-241.926 358.809 -74.9464 
-230.287 332.71 -69.2356 
-220.255 310.699 -52.9899 
-213.436 296.102 -28.7212 
-187.058 295.433 -0.161558 
-189.628 300.992 30.5838 
-197.012 316.754 56.6436 
-207.879 340.411 74.0585 
-220.411 368.443 80.1803 
-232.724 396.57 74.0546 
-243.015 420.46 56.6177 
-249.783 436.441 30.5467 
-252.102 442.064 -0.196813 
-249.686 436.441 -30.9382 
-242.915 420.422 -57.0031 
-232.684 396.491 -74.422 
-220.401 368.347 -80.536 
-207.901 340.303 -74.4037 
-197.104 316.63 -56.9724 
-189.731 300.903 -30.9078 
-161.405 304.838 -0.172723 
-164.118 310.499 31.1981 
-171.79 326.58 57.7712 
-182.97 350.733 75.5224 
-195.784 379.374 81.7642 
-208.307 408.145 75.5303 
-218.743 432.607 57.7554 
-225.617 448.963 31.1697 
-228.008 454.71 -0.197807 
-225.567 448.94 -31.5662 
-218.684 432.544 -58.1565 
-208.273 408.056 -75.9144 
-195.77 379.272 -82.1325 
-182.981 350.624 -75.8751 
-171.835 326.47 -58.1068 
-164.173 310.432 -31.5408 
-135.618 315.662 -0.174761 
-138.505 321.31 31.4162 
-146.529 337.401 58.1571 
-158 361.65 76.0078 
-170.921 390.488 82.2676 
-183.394 419.5 75.9718 
-193.717 444.179 58.0738 
-200.496 460.678 31.3289 
-202.91 466.453 -0.207582 
-200.489 460.64 -31.7449 
-193.696 444.105 -58.4931 
-183.37 419.413 -76.3715 
-170.904 390.393 -82.6477 
-157.995 361.555 -76.3682 
-146.535 337.318 -58.4967 
-138.528 321.265 -31.7626 
-111.629 325.149 -0.174608 
-114.094 330.999 31.531 
-120.924 347.672 58.3773 
-130.712 372.726 76.2919 
-141.748 402.424 82.5586 
-152.396 432.219 76.2193 
-161.201 457.51 58.2435 
-166.98 474.395 31.4074 
-168.994 480.322 -0.217699 
-166.977 474.362 -31.8426 
-161.188 457.443 -58.6796 
-152.378 432.138 -76.6331 
-141.731 402.337 -82.9486 
-130.698 372.644 -76.658 
-120.91 347.607 -58.7197 
-114.09 330.973 -31.878 
-87.4126 333.054 -0.172679 
-89.4192 339.077 31.549 
-94.9675 356.225 58.4118 
-102.945 381.929 76.3396 
-111.96 412.319 82.6127 
-120.655 442.755 76.269 
-127.835 468.554 58.276 
-132.535 485.755 31.4153 
-134.161 491.794 -0.223891 
-132.535 485.725 -31.8614 
-127.827 468.493 -58.7199 
-120.639 442.681 -76.6901 
-111.94 412.24 -83.008 
-102.924 381.856 -76.7085 
-94.9401 356.173 -58.7558 
-89.3993 339.059 -31.8934 
-62.8996 339.276 -0.16958 
-64.4428 345.439 31.5505 
-68.6909 362.964 58.4083 
-74.7973 389.181 76.333 
-81.6937 420.124 82.6111 
-88.3333 451.076 76.2752 
-93.8002 477.29 58.2832 
-97.3684 494.75 31.4143 
-98.5969 500.873 -0.226417 
-97.3697 494.721 -31.8642 
-93.7943 477.233 -58.7276 
-88.3166 451.006 -76.697 
-81.6704 420.05 -83.0064 
-74.7685 389.115 -76.7012 
-68.6534 362.917 -58.7515 
-64.413 345.423 -31.8901 
-38.163 343.773 -0.165196 
-39.2392 350.04 31.5511 
-42.172 367.843 58.4003 
-46.365 394.437 76.3187 
-51.0712 425.787 82.6007 
-55.5716 457.122 76.2747 
-59.2541 483.644 58.2877 
-61.6443 501.297 31.4144 
-62.4627 507.48 -0.225946 
-61.6464 501.27 -31.8623 
-59.2492 483.591 -58.7268 
-55.5537 457.056 -76.6916 
-51.0435 425.717 -82.9914 
-46.329 394.375 -76.6825 
-42.127 367.799 -58.7398 
-39.2028 350.023 -31.8834 
-13.2999 346.517 -0.159553 
-13.9059 352.853 31.5531 
-15.5117 370.833 58.3943 
-17.7585 397.664 76.3068 
-20.2206 429.267 82.5923 
-22.5179 460.84 76.2753 
-24.3588 487.551 58.2935 
-25.5333 505.322 31.4167 
-25.9292 511.538 -0.222941 
-25.5358 505.295 -31.8578 
-24.354 487.502 -58.7226 
-22.4985 460.777 -76.6827 
-20.1897 429.2 -82.9742 
-17.7178 397.603 -76.6626 
-15.4614 370.788 -58.7271 
-13.8653 352.833 -31.8755 
11.5839 347.49 -0.152892 
11.4501 353.858 31.5563 
11.1774 371.914 58.39 
10.8978 398.839 76.297 
10.717 430.535 82.5852 
10.6695 462.188 76.2758 
10.7142 488.961 58.2991 
10.7854 506.765 31.4204 
10.8219 512.987 -0.217805 
10.7825 506.74 -31.8505 
10.7192 488.914 -58.7146 
10.6906 462.128 -76.6702 
10.7512 430.469 -82.9549 
10.9423 398.778 -76.6418 
11.2313 371.868 -58.7134 
11.4933 353.834 -31.8666 
36.3778 346.682 -0.145191 
36.7179 353.047 31.5611 
37.7769 371.079 58.3876 
39.4702 397.951 76.2886 
41.5952 429.569 82.5783 
43.8276 461.138 76.276 
45.7882 487.834 58.3053 
47.1252 505.583 31.4261 
47.6001 511.781 -0.211072 
47.1215 505.559 -31.8418 
45.7933 487.791 -58.7037 
43.8499 461.079 -76.654 
41.6316 429.504 -82.9327 
39.5177 397.89 -76.6197 
37.8334 371.031 -58.6989 
36.7626 353.019 -31.8571 
60.9715 344.092 -0.136325 
61.7853 350.419 31.5674 
64.1813 368.325 58.3864 
67.8527 394.993 76.2812 
72.2849 426.361 82.5718 
76.8024 457.677 76.2766 
80.6844 484.155 58.3131 
83.2926 501.759 31.4336 
84.2086 507.902 -0.203181 
83.2883 501.736 -31.8324 
80.6895 484.114 -58.6912 
76.8257 457.62 -76.6353 
72.323 426.298 -82.9083 
67.9022 394.932 -76.5964 
64.2397 368.274 -58.684 
61.8309 350.385 -31.847 
85.2509 339.726 -0.126369 
86.5363 345.977 31.5744 
90.2627 363.656 58.3859 
95.9012 389.973 76.2744 
102.628 420.92 82.5656 
109.42 451.812 76.2773 
115.216 477.931 58.3213 
119.092 495.297 31.4419 
120.448 501.355 -0.194287 
119.087 495.275 -31.8217 
115.222 477.894 -58.6766 
109.445 451.757 -76.6143 
102.668 420.858 -82.8822 
95.9522 389.912 -76.5719 
90.3221 363.603 -58.6682 
86.5816 345.938 -31.8357 
109.1 333.6 -0.115526 
110.852 339.739 31.5826 
115.893 357.091 58.3867 
123.474 382.91 76.2691 
132.468 413.264 82.5607 
141.508 443.565 76.2786 
149.197 469.184 58.33 
154.327 486.219 31.451 
156.118 492.161 -0.184526 
154.322 486.198 -31.81 
149.203 469.15 -58.6607 
141.533 443.512 -76.5922 
132.508 413.203 -82.8557 
123.526 382.848 -76.5474 
115.953 357.036 -58.6523 
110.896 339.696 -31.8238 
132.404 325.741 -0.104006 
134.614 331.734 31.5916 
140.944 348.659 58.389 
150.43 373.834 76.2659 
161.647 403.428 82.5577 
172.894 432.971 76.281 
182.44 457.951 58.3393 
188.803 474.564 31.4609 
191.022 480.358 -0.174026 
188.797 474.545 -31.7976 
182.447 457.92 -58.6439 
172.92 432.921 -76.5697 
161.688 403.369 -82.8296 
150.482 373.772 -76.5235 
141.003 348.601 -58.6366 
134.656 331.686 -31.8116 
155.048 316.187 -0.0919976 
157.705 321.998 31.6015 
165.29 338.399 58.3929 
176.63 362.788 76.2649 
190.012 391.459 82.5567 
203.407 420.082 76.2846 
214.763 444.286 58.3493 
222.328 460.388 31.4715 
224.965 466.004 -0.162891 
222.322 460.37 -31.7847 
214.772 444.259 -58.6265 
203.434 420.034 -76.5472 
190.053 391.401 -82.8045 
176.682 362.726 -76.5008 
165.348 338.339 -58.6214 
157.743 321.946 -31.7992 
176.921 304.982 -0.0796579 
180.01 310.578 31.6121 
188.807 326.361 58.3983 
201.939 349.827 76.2663 
217.412 377.416 82.558 
232.883 404.963 76.2897 
245.987 428.262 58.3602 
254.714 443.765 31.483 
257.757 449.172 -0.151237 
254.709 443.748 -31.7715 
245.998 428.238 -58.6092 
232.91 404.918 -76.5254 
217.453 377.359 -82.7809 
201.99 349.766 -76.4797 
188.864 326.299 -58.6069 
180.045 310.522 -31.7869 
197.915 292.182 -0.0671561 
201.418 297.529 31.6232 
211.379 312.602 58.4053 
226.227 335.015 76.2703 
243.703 361.372 82.5618 
261.163 387.695 76.2963 
275.943 409.963 58.3717 
285.784 424.786 31.495 
289.215 429.956 -0.13924 
285.778 424.77 -31.7583 
275.955 409.942 -58.5921 
261.191 387.653 -76.5048 
243.744 361.318 -82.7593 
226.277 334.955 -76.4606 
211.433 312.54 -58.5935 
201.449 297.47 -31.7748 
217.924 277.849 -0.054709 
221.822 282.916 31.6346 
232.889 297.194 58.4135 
249.368 318.43 76.2762 
268.747 343.413 82.5674 
288.096 368.373 76.3039 
304.466 389.494 58.3835 
315.366 403.559 31.5074 
319.166 408.466 -0.127072 
315.361 403.545 -31.7452 
304.48 389.476 -58.5753 
288.124 368.334 -76.4851 
268.788 343.361 -82.7395 
249.417 318.371 -76.4434 
232.94 297.131 -58.5811 
221.848 282.855 -31.7629 
236.848 262.055 -0.0425262 
241.119 266.813 31.6461 
253.228 280.215 58.4226 
271.242 300.158 76.2838 
292.413 323.635 82.5746 
313.538 347.104 76.3122 
331.406 366.97 58.3954 
343.301 380.206 31.52 
347.45 384.826 -0.114893 
343.296 380.193 -31.7322 
331.422 366.955 -58.5589 
313.567 347.067 -76.4664 
292.452 323.586 -82.7215 
271.289 300.101 -76.4281 
253.275 280.152 -58.5698 
241.139 266.75 -31.7515 
254.594 244.881 -0.0307764 
259.213 249.3 31.6575 
272.292 261.752 58.4326 
291.737 280.297 76.2931 
314.576 302.148 82.5832 
337.358 324.006 76.321 
356.619 342.52 58.407 
369.443 354.864 31.5324 
373.915 359.176 -0.1029 
369.439 354.852 -31.7196 
356.637 342.507 -58.543 
337.387 323.972 -76.449 
314.615 302.101 -82.7056 
291.781 280.242 -76.4152 
272.334 261.692 -58.56 
259.226 249.239 -31.7409 
271.075 226.411 -0.0196072 
276.014 230.467 31.6687 
289.986 241.901 58.4437 
310.75 258.95 76.3043 
335.127 279.065 82.5934 
359.434 299.208 76.3302 
379.979 316.283 58.4181 
393.659 327.678 31.5444 
398.431 331.663 -0.0912978 
393.655 327.667 -31.7075 
379.999 316.272 -58.5277 
359.463 299.178 -76.4331 
335.164 279.022 -82.6924 
310.791 258.899 -76.4051 
290.023 241.843 -58.5519 
276.02 230.407 -31.7311 
286.212 206.737 -0.00914909 
291.441 210.407 31.6798 
306.225 220.761 58.456 
328.187 236.228 76.3179 
353.964 254.511 82.6056 
379.658 272.848 76.3401 
401.371 288.409 58.4288 
415.829 298.805 31.556 
420.875 302.446 -0.0803096 
415.826 298.795 -31.6963 
401.393 288.399 -58.5137 
379.687 272.82 -76.4194 
354 254.471 -82.6828 
328.225 236.181 -76.3987 
306.257 220.707 -58.5461 
291.44 210.351 -31.7224 
299.935 185.956 0.000490942 
305.424 189.218 31.6907 
320.932 198.437 58.4699 
343.969 212.245 76.3345 
371 228.614 82.6207 
397.936 245.067 76.3511 
420.694 259.052 58.4391 
435.851 268.411 31.567 
441.144 271.694 -0.0701582 
435.848 268.402 -31.6862 
420.718 259.044 -58.5013 
397.965 245.042 -76.4089 
371.034 228.578 -82.6776 
344.004 212.202 -76.3967 
320.961 198.387 -58.5431 
305.416 189.167 -31.715 
312.183 164.169 0.00924358 
317.899 167.004 31.7016 
334.044 175.036 58.4859 
358.024 187.119 76.3551 
386.159 201.505 82.6393 
414.188 216.014 76.3635 
437.865 228.376 58.4489 
453.639 236.667 31.5771 
459.151 239.583 -0.0610728 
453.636 236.658 -31.6775 
437.891 228.369 -58.4909 
414.218 215.992 -76.4021 
386.193 201.474 -82.6782 
358.057 187.081 -76.4004 
334.068 174.992 -58.5435 
317.887 166.958 -31.7091 
322.908 141.48 0.0171048 
328.817 143.868 31.7123 
345.505 150.666 58.5038 
370.296 160.966 76.3793 
399.38 173.317 82.6607 
428.349 185.84 76.3763 
452.816 196.548 58.4575 
469.122 203.75 31.5858 
474.826 206.294 -0.0533388 
469.12 203.742 -31.6702 
452.844 196.542 -58.4825 
428.379 185.821 -76.3987 
399.413 173.291 -82.684 
370.328 160.935 -76.4096 
345.527 150.63 -58.547 
328.8 143.83 -31.7045 
332.069 117.999 0.0241633 
338.137 119.918 31.7205 
355.275 125.434 58.5185 
380.74 133.901 76.3995 
410.613 144.182 82.6766 
440.364 154.696 76.3824 
465.492 163.735 58.4601 
482.248 169.842 31.5911 
488.116 172.009 -0.0473531 
482.248 169.834 -31.6632 
465.524 163.731 -58.4723 
440.397 154.681 -76.3926 
410.647 144.161 -82.6874 
380.771 133.877 -76.4165 
355.296 125.407 -58.5483 
338.118 119.891 -31.6986 
339.65 93.8387 0.0305451 
345.841 95.2652 31.7128 
363.331 99.4484 58.5013 
389.322 106.04 76.3757 
419.815 114.231 82.646 
450.183 122.734 76.3492 
475.841 130.109 58.4356 
492.966 135.121 31.583 
498.972 136.912 -0.0436256 
492.97 135.114 -31.6477 
475.879 130.105 -58.4404 
450.22 122.722 -76.3517 
419.851 114.215 -82.6477 
389.356 106.024 -76.3815 
363.355 99.4344 -58.518 
345.823 95.2518 -31.6775 
345.722 69.1328 0.0358831 
351.994 70.0415 31.6216 
369.714 72.8457 58.3217 
396.041 77.5267 76.1349 
426.931 83.6165 82.3911 
457.714 90.113 76.1282 
483.747 95.8337 58.281 
501.15 99.7596 31.5092 
507.27 101.16 -0.0423292 
501.162 99.7533 -31.5726 
483.794 95.8288 -58.2861 
457.757 90.1037 -76.1283 
426.972 83.6068 -82.3875 
396.08 77.5206 -76.1317 
369.745 72.8475 -58.3248 
351.982 70.0478 -31.5736 
350.826 44.0715 0.0374979 
357.083 44.4816 31.1669 
374.772 45.9451 57.4587 
401.041 48.7194 74.988 
431.875 52.6631 81.1601 
462.64 57.0895 75.0229 
488.695 61.1045 57.4568 
506.127 63.9059 31.0767 
512.294 64.8354 -0.0399446 
506.155 63.8998 -31.142 
488.752 61.0975 -57.4726 
462.688 57.0797 -75.0254 
431.919 52.6575 -81.1555 
401.084 48.7226 -74.9797 
374.814 45.9597 -57.4458 
357.09 44.5093 -31.1095 
357.733 19.654 0.0335535 
363.678 20.211 29.7224 
380.505 21.9921 54.8027 
405.538 24.9348 71.5176 
434.962 28.7206 77.4028 
464.361 32.7632 71.5612 
489.295 36.3761 54.8307 
506.003 38.8627 29.6738 
511.893 39.6987 -0.0338709 
506.022 38.8085 -29.7252 
489.343 36.3303 -54.838 
464.402 32.7502 -71.5643 
435 28.7195 -77.4006 
405.574 24.9486 -71.5127 
380.535 22.0448 -54.7972 
363.675 20.2721 -29.6739 
365.921 -3.68434 0.0173105 
371.456 -3.06147 27.7992 
387.135 -1.14311 51.2969 
410.525 1.81002 66.9604 
438.055 5.37799 72.4542 
465.568 9.01362 66.947 
488.892 12.2223 51.2646 
504.498 14.4065 27.746 
509.987 15.1142 -0.0108492 
504.51 14.3089 -27.7641 
488.918 12.1467 -51.2689 
465.587 9.00752 -66.9557 
438.071 5.37726 -72.4553 
410.541 1.81715 -66.9581 
387.14 -1.07105 -51.3033 
371.432 -2.97087 -27.779 
376.193 -23.2524 0 
381.107 -22.5618 24.9464 
395.105 -20.6072 46.0912 
416.086 -17.7958 60.1698 
440.794 -14.5175 65.0496 
465.443 -11.2599 60.0222 
486.291 -8.50965 45.8888 
500.195 -6.67694 24.8167 
505.072 -6.03425 0.00025109 
500.195 -6.67712 -24.8162 
486.29 -8.51007 -45.8886 
465.443 -11.2604 -60.0221 
440.794 -14.518 -65.0494 
416.086 -17.7961 -60.1696 
395.105 -20.6073 -46.0912 
381.107 -22.5618 -24.9464 
-209.889 291.53 1.33607
-212.035 296.158 27.044
-190.667 300.488 28.9937
-188.354 295.486 1.32293
-212.515 297.186 29.7859
-218.647 310.343 51.6145
-197.792 315.702 55.1894
-191.146 301.516 31.7356
-219.526 312.245 53.7153
-228.588 332.043 68.3266
-208.451 338.895 72.9637
-198.671 317.604 57.2903
-229.718 334.54 69.4645
-240.225 358.018 74.5902
-220.86 366.621 79.6113
-209.581 341.392 74.1017
-241.426 360.731 74.5892
-251.752 384.283 69.4358
-233.142 394.648 74.0972
-222.061 369.334 79.6103
-252.844 386.794 68.2965
-261.467 406.783 53.6761
-243.496 418.661 57.2646
-234.235 397.16 72.9579
-262.291 408.708 51.5741
-267.966 422.064 29.741
-250.411 434.968 31.6988
-244.32 420.585 55.1627
-268.405 423.106 26.998
-270.351 427.791 1.28353
-252.938 441.07 1.28663
-250.85 436.01 28.9558
-270.347 427.79 -1.68386
-268.339 423.091 -27.3899
-250.759 436.01 -29.348
-252.933 441.07 -1.68076
-267.896 422.048 -30.1316
-262.218 408.674 -51.9507
-244.222 420.549 -55.5481
-250.316 434.966 -32.0897
-261.396 406.746 -54.0512
-252.806 386.737 -68.6594
-234.192 397.083 -73.3256
-243.4 418.621 -57.6486
-251.718 384.223 -69.7974
-241.422 360.655 -74.9356
-222.05 369.239 -79.9662
-233.104 394.568 -74.4636
-240.225 357.941 -74.9352
-229.749 334.451 -69.7955
-209.602 341.286 -74.4467
-220.852 366.525 -79.9658
-228.624 331.954 -68.6564
-219.595 312.145 -54.0353
-198.759 317.482 -57.6196
-208.476 338.788 -73.3077
-218.719 310.243 -51.9332
-212.582 297.105 -30.0913
-191.248 301.426 -32.0593
-197.883 315.581 -55.5174
-212.099 296.084 -27.3481
-209.893 291.526 -1.63124
-188.358 295.482 -1.64437
-190.764 300.404 -29.316
-185.901 296.187 1.38965
-188.213 301.189 29.0604
-165.254 309.746 29.6133
-162.812 304.651 1.3796
-195.367 316.451 55.3828
-172.668 325.294 56.3977
-165.762 310.822 32.4818
-188.721 302.265 31.929
-206.075 339.734 73.2522
-183.657 349.024 74.5697
-173.595 327.286 58.5937
-196.295 318.443 57.5788
-218.539 367.576 79.9508
-196.374 377.414 81.3763
-184.842 351.637 75.7587
-207.26 342.347 74.4412
-230.876 395.731 74.4376
-208.9 406.148 75.7658
-197.629 380.254 81.3763
-219.794 370.416 79.9507
-241.277 419.863 57.5544
-219.432 430.795 58.5784
-210.04 408.779 74.5759
-232.015 398.362 73.2477
-248.227 436.263 31.8938
-226.478 447.532 32.4546
-220.292 432.812 56.3817
-242.136 421.88 55.3577
-250.773 442.415 1.35617
-229.088 453.797 1.35528
-226.936 448.625 29.5861
-248.686 437.355 29.0253
-248.595 437.355 -29.4164
-226.888 448.604 -29.9817
-229.085 453.797 -1.75007
-250.769 442.415 -1.74918
-242.038 421.843 -55.744
-220.23 432.752 -56.7821
-226.425 447.509 -32.8509
-248.132 436.26 -32.2856
-231.973 398.283 -73.6171
-210.002 408.692 -74.9602
-219.372 430.731 -58.9782
-241.181 419.822 -57.9401
-219.782 370.32 -80.3078
-197.615 380.153 -81.7446
-208.867 406.058 -76.1483
-230.837 395.65 -74.8052
-207.28 342.239 -74.7874
-184.852 351.528 -76.1116
-196.362 377.311 -81.7433
-218.53 367.478 -80.3065
-196.381 318.32 -57.9086
-173.639 327.176 -58.9295
-183.67 348.914 -74.9209
-206.098 339.625 -73.5967
-188.822 302.175 -32.2539
-165.82 310.751 -32.8235
-172.715 325.186 -56.733
-195.457 316.33 -55.712
-188.311 301.105 -29.3862
-185.905 296.183 -1.71455
-162.816 304.647 -1.72459
-165.308 309.682 -29.9558
-160.253 305.663 1.39906
-162.695 310.758 29.6328
-139.643 320.487 29.8291
-137.045 315.404 1.39723
-163.226 311.843 32.5383
-170.131 326.316 56.4542
-147.396 336.055 56.8015
-140.175 321.573 32.7346
-171.09 328.33 58.6789
-181.152 350.068 74.6549
-158.678 359.893 75.0918
-148.354 338.069 59.0262
-182.363 352.717 75.8592
-193.895 378.494 81.4768
-171.518 388.496 81.9299
-159.889 362.542 76.2961
-195.164 381.377 81.4758
-206.435 407.271 75.8653
-184.013 417.491 76.2627
-172.787 391.38 81.9288
-207.579 409.944 74.6592
-216.972 431.96 58.6618
-194.448 442.375 58.9483
-185.157 420.164 75.0565
-217.832 434.009 56.4365
-224.018 448.729 32.5094
-201.41 459.273 32.6527
-195.308 444.424 56.723
-224.479 449.838 29.6052
-226.631 455.01 1.37443
-204.043 465.578 1.36563
-201.871 460.381 29.7485
-226.63 455.009 -1.77047
-224.433 449.816 -30.0021
-201.863 460.346 -30.1628
-204.041 465.577 -1.77927
-223.969 448.704 -32.9071
-217.775 433.947 -56.8384
-195.286 444.352 -57.1413
-201.4 459.234 -33.0679
-216.914 431.895 -59.0631
-207.545 409.856 -75.0451
-185.133 420.077 -75.4566
-194.426 442.3 -59.366
-206.402 407.181 -76.2493
-195.15 381.276 -81.8456
-172.77 391.284 -82.3093
-183.99 417.402 -76.6607
-193.882 378.392 -81.8448
-182.371 352.609 -76.2131
-159.884 362.446 -76.6569
-171.503 388.4 -82.3085
-181.163 349.96 -75.0069
-171.131 328.221 -59.0155
-148.362 337.984 -59.3663
-158.675 359.797 -75.4507
-170.175 326.209 -56.7904
-163.279 311.775 -32.8809
-140.199 321.524 -33.0806
-147.405 335.972 -57.1413
-162.747 310.695 -29.9763
-160.255 305.66 -1.74508
-137.047 315.402 -1.74691
-139.666 320.444 -30.176
-134.552 316.426 1.414
-137.15 321.508 29.8458
-115.18 330.229 29.9492
-112.961 324.964 1.41414
-137.659 322.623 32.7766
-144.88 337.105 56.8434
-121.836 346.349 57.0416
-115.689 331.344 32.8799
-145.787 339.167 59.076
-156.111 360.991 75.1416
-131.552 370.959 75.3973
-122.742 348.41 59.2741
-157.243 363.692 76.3403
-168.872 389.646 81.9741
-142.617 400.388 82.2361
-132.684 373.66 76.596
-170.048 392.578 81.9614
-181.274 418.689 76.2953
-153.376 430.136 76.518
-143.793 403.32 82.2233
-182.327 421.401 75.0763
-191.618 443.612 58.9681
-162.353 455.61 59.1208
-154.429 432.848 75.299
-192.407 445.687 56.7322
-198.508 460.536 32.6618
-168.343 472.882 32.7324
-163.142 457.685 56.8849
-198.931 461.658 29.7489
-201.103 466.855 1.36604
-170.578 479.337 1.35693
-168.766 474.003 29.8195
-201.102 466.853 -1.7822
-198.924 461.622 -30.1658
-168.763 473.972 -30.2537
-170.578 479.335 -1.79131
-198.501 460.497 -33.0788
-192.387 445.615 -57.1522
-163.13 457.619 -57.32
-168.34 472.847 -33.1668
-191.598 443.538 -59.3872
-182.304 421.314 -75.4778
-154.411 432.767 -75.7132
-162.34 455.541 -59.555
-181.251 418.601 -76.6946
-170.031 392.483 -82.3431
-143.776 403.233 -82.614
-153.358 430.054 -76.93
-168.856 389.551 -82.3536
-157.238 363.597 -76.7021
-132.671 373.577 -76.9629
-142.6 400.301 -82.6245
-156.106 360.897 -75.5011
-145.792 339.083 -59.4167
-122.73 348.344 -59.6175
-131.539 370.877 -75.7619
-144.886 337.025 -57.1834
-137.68 322.577 -33.1227
-115.686 331.314 -33.2265
-121.824 346.285 -57.3841
-137.171 321.466 -30.1929
-134.552 316.424 -1.7638
-112.962 324.962 -1.76367
-115.177 330.204 -30.2967
-110.53 325.843 1.41786
-112.749 331.108 29.9529
-90.5414 338.378 29.9691
-88.7355 332.957 1.4196
-113.173 332.259 32.8902
-119.32 347.264 57.0518
-95.9593 354.962 57.0829
-90.9658 339.529 32.9064
-120.077 349.388 59.2893
-128.886 371.938 75.4124
-103.896 380.22 75.4554
-96.7163 357.087 59.3204
-129.833 374.714 76.6131
-139.766 401.442 82.2532
-112.957 410.348 82.3019
-104.843 382.997 76.6561
-140.75 404.448 82.2392
-150.333 431.264 76.5338
-121.766 440.747 76.5786
-113.941 413.354 82.2879
-151.214 434.039 75.3111
-159.138 456.801 59.1328
-129.108 466.741 59.1621
-122.647 443.522 75.3558
-159.796 458.921 56.8916
-164.998 474.118 32.7391
-133.998 484.342 32.7463
-129.767 468.861 56.9208
-165.349 475.263 29.8215
-167.161 480.597 1.35895
-135.812 490.922 1.35337
-134.349 485.487 29.8287
-167.161 480.596 -1.7949
-165.346 475.232 -30.2573
-134.349 485.458 -30.2742
-135.811 490.921 -1.80047
-164.995 474.084 -33.1749
-159.784 458.856 -57.3281
-129.759 468.801 -57.3644
-133.997 484.31 -33.1917
-159.125 456.734 -59.5682
-151.196 433.959 -75.7264
-122.631 443.448 -75.7777
-129.1 466.679 -59.6045
-150.315 431.183 -76.9468
-140.733 404.362 -82.6307
-113.921 413.275 -82.6842
-121.75 440.671 -76.9981
-139.749 401.356 -82.6422
-129.819 374.632 -76.9806
-104.822 382.923 -77.0261
-112.937 410.269 -82.6956
-128.872 371.857 -75.7774
-120.063 349.324 -59.633
-96.6897 357.033 -59.6655
-103.875 380.148 -75.8229
-119.306 347.202 -57.3945
-113.168 332.231 -33.2369
-90.9462 339.508 -33.2508
-95.9329 354.911 -57.4269
-112.745 331.083 -30.3001
-110.529 325.841 -1.76705
-88.7349 332.956 -1.76531
-90.5229 338.36 -30.314
-86.276 333.671 1.42014
-88.082 339.092 29.9697
-65.6032 344.817 29.971
-64.2143 339.271 1.42293
-88.4181 340.272 32.9076
-93.4116 355.705 57.0841
-69.7626 361.77 57.0809
-65.9393 345.997 32.9089
-94.0114 357.881 59.3223
-101.192 381.014 75.4573
-75.8582 387.541 75.4514
-70.3625 363.946 59.3192
-101.943 383.852 76.6585
-110.056 411.203 82.3044
-82.8162 418.227 82.3029
-76.6094 390.379 76.6526
-110.836 414.269 82.2905
-118.662 441.662 76.5811
-89.5723 449.151 76.5867
-83.5967 421.294 82.2889
-119.36 444.489 75.3578
-125.821 467.708 59.164
-95.19 475.57 59.1705
-90.2698 451.978 75.3634
-126.341 469.865 56.9216
-130.572 485.345 32.747
-98.9218 493.441 32.7461
-95.7104 477.727 56.9281
-130.849 486.51 29.8286
-132.311 491.945 1.35332
-100.304 500.116 1.35104
-99.1983 494.605 29.8277
-132.311 491.943 -1.80122
-130.849 486.481 -30.275
-99.1996 494.578 -30.2775
-100.304 500.115 -1.8035
-130.572 485.314 -33.1931
-126.334 469.805 -57.3657
-95.7049 477.671 -57.3727
-98.9227 493.41 -33.1956
-125.813 467.646 -59.6069
-119.344 444.415 -75.7801
-90.2536 451.908 -75.7863
-95.1835 475.512 -59.6138
-118.646 441.587 -77.0009
-110.817 414.191 -82.6871
-83.5738 421.22 -82.6857
-89.5554 449.08 -77.0072
-110.036 411.125 -82.6983
-101.921 383.779 -77.0288
-76.5811 390.312 -77.0222
-82.7928 418.154 -82.6969
-101.169 380.943 -75.825
-93.9839 357.828 -59.6675
-70.3258 363.898 -59.6636
-75.8294 387.476 -75.8184
-93.384 355.655 -57.428
-88.3972 340.252 -33.2518
-65.9096 345.98 -33.2488
-69.7259 361.725 -57.424
-88.0628 339.075 -30.314
-86.2748 333.67 -1.76532
-64.2131 339.27 -1.76253
-65.5752 344.802 -30.311
-61.7285 339.813 1.42312
-63.1174 345.359 29.9712
-40.4342 349.501 29.9717
-39.4656 343.86 1.42706
-63.3642 346.562 32.9086
-67.1875 362.335 57.0806
-43.3205 366.726 57.0734
-40.681 350.704 32.9091
-67.6266 364.55 59.3185
-73.1224 388.145 75.4507
-47.5333 392.876 75.4378
-43.7596 368.941 59.3113
-73.671 391.029 76.6519
-79.8777 418.878 82.3021
-52.3174 423.975 82.2929
-48.0819 395.76 76.639
-80.4458 421.991 82.2887
-86.4215 449.848 76.5864
-56.9359 455.289 76.586
-52.8855 427.087 82.2794
-86.9271 452.715 75.3635
-91.8473 476.307 59.1706
-60.7559 482.026 59.1747
-57.4416 458.156 75.363
-92.2231 478.493 56.928
-95.4346 494.207 32.7461
-63.2829 500.1 32.7461
-61.1317 484.212 56.9321
-95.6336 495.386 29.8275
-96.7392 500.897 1.35087
-64.2184 506.843 1.35129
-63.4819 501.278 29.8276
-96.7393 500.895 -1.80348
-95.6348 495.358 -30.2775
-63.4839 501.252 -30.2758
-64.2185 506.842 -1.80306
-95.4356 494.177 -33.1955
-92.2178 478.437 -57.3726
-61.1271 484.16 -57.3718
-63.2846 500.071 -33.1938
-91.8409 476.249 -59.6137
-86.911 452.646 -75.7862
-57.4244 458.091 -75.7813
-60.7503 481.972 -59.613
-86.4043 449.778 -77.0067
-80.4227 421.917 -82.6852
-52.8584 427.018 -82.6717
-56.9177 455.222 -77.0018
-79.8538 418.805 -82.696
-73.6421 390.963 -77.0212
-48.0466 395.696 -77.0044
-52.2896 423.905 -82.6825
-73.0928 388.08 -75.8175
-67.5892 364.502 -59.6627
-43.7154 368.895 -59.6522
-47.4972 392.814 -75.8006
-67.15 362.29 -57.4233
-63.3336 346.545 -33.2481
-40.6444 350.685 -33.2421
-43.2762 366.683 -57.4129
-63.0889 345.344 -30.3104
-61.7268 339.812 -1.76198
-39.4639 343.859 -1.75804
-40.3997 349.484 -30.3044
-36.9621 344.227 1.42735
-37.9307 349.867 29.972
-15.1307 352.399 29.9738
-14.5853 346.697 1.43242
-38.0873 351.086 32.9088
-40.7269 367.108 57.0731
-16.7325 369.799 57.0677
-15.2874 353.618 32.9106
-41.0027 369.35 59.3104
-44.7763 393.285 75.4369
-19.0305 396.189 75.4262
-17.0083 372.041 59.3049
-45.1171 396.201 76.638
-49.3527 424.416 82.2918
-21.5872 427.548 82.2843
-19.3713 399.105 76.6273
-49.7015 427.561 82.2788
-53.7519 455.763 76.5854
-24.0036 459.108 76.5859
-21.936 430.693 82.2712
-54.059 458.658 75.363
-57.3732 482.527 59.1747
-25.9675 486.044 59.1799
-24.3106 462.003 75.3635
-57.5993 484.733 56.9322
-59.7505 500.621 32.7462
-27.2505 504.243 32.7482
-26.1935 488.25 56.9373
-59.8693 501.809 29.8276
-60.6058 507.374 1.35133
-27.7256 511.026 1.35404
-27.3693 505.432 29.8297
-60.6059 507.373 -1.8027
-59.8713 501.783 -30.2755
-27.3717 505.406 -30.2714
-27.7258 511.025 -1.8
-59.7523 500.592 -33.1933
-57.5947 484.681 -57.3713
-26.1891 488.201 -57.3675
-27.2527 504.215 -33.1892
-57.3676 482.473 -59.6122
-54.0417 458.592 -75.7805
-24.292 461.941 -75.7725
-25.962 485.993 -59.6084
-53.7334 455.696 -77.0005
-49.6742 427.491 -82.6704
-21.9058 430.626 -82.6549
-23.9837 459.045 -76.9925
-49.3244 424.347 -82.6808
-45.0814 396.138 -77.0027
-19.3313 399.044 -76.9849
-21.556 427.481 -82.6653
-44.7396 393.223 -75.7992
-40.9578 369.305 -59.6508
-16.9588 371.995 -59.6394
-18.9895 396.129 -75.7813
-40.682 367.065 -57.4119
-38.0502 351.067 -33.2411
-15.2464 353.596 -33.234
-16.6829 369.756 -57.4005
-37.896 349.851 -30.3037
-36.9601 344.226 -1.75736
-14.5833 346.696 -1.75228
-15.0922 352.38 -30.2967
-12.0743 346.885 1.43285
-12.6197 352.587 29.9743
10.2007 353.492 29.9771
10.3211 347.76 1.43885
-12.6856 353.815 32.9105
-14.1308 369.997 57.0675
9.8893 370.97 57.0637
10.1348 354.719 32.9134
-14.2414 372.253 59.3042
-16.2636 396.401 75.4255
9.52707 397.458 75.4167
9.77868 373.226 59.3004
-16.393 399.334 76.6264
-18.6089 427.777 82.2834
9.23499 428.918 82.277
9.39766 400.392 76.6176
-18.7334 430.939 82.2708
-20.8009 459.354 76.5854
9.06765 460.568 76.5859
9.11047 432.08 82.2644
-20.9041 462.263 75.3636
-22.561 486.304 59.1799
9.00477 487.572 59.185
8.9645 463.477 75.364
-22.633 488.519 56.9375
-23.69 504.513 32.7484
8.9968 505.812 32.7518
8.93271 489.788 56.9426
-23.7264 505.706 29.8299
-24.0827 511.301 1.35429
8.99326 512.604 1.35892
8.96043 507.005 29.8333
-24.0829 511.299 -1.7994
-23.7288 505.681 -30.2708
8.95763 506.981 -30.2642
8.99311 512.603 -1.79478
-23.6922 504.485 -33.1883
-22.6286 488.471 -57.3666
8.93728 489.742 -57.3595
8.9942 505.785 -33.1818
-22.5554 486.253 -59.6073
-20.8854 462.201 -75.7714
8.98473 463.417 -75.7602
9.01053 487.525 -59.6001
-20.7809 459.291 -76.991
-18.7029 430.872 -82.6533
9.14381 432.014 -82.636
9.08926 460.507 -76.9797
-18.5773 427.71 -82.6634
-16.3526 399.273 -76.983
9.44151 400.331 -76.9643
9.26945 428.852 -82.6461
-16.2222 396.341 -75.7797
-14.1914 372.207 -59.6378
9.83192 373.179 -59.6254
9.5719 397.399 -75.761
-14.0808 369.953 -57.3994
-12.6443 353.793 -33.2329
10.1784 354.694 -33.2248
9.94256 370.925 -57.387
-12.581 352.568 -30.2959
-12.0722 346.884 -1.75152
10.3232 347.759 -1.74553
10.2417 353.469 -30.2878
12.8287 347.769 1.43942
12.7084 353.501 29.9777
35.4493 352.771 29.982
35.1433 347.042 1.44635
12.7334 354.73 32.9134
12.4879 370.981 57.0637
36.4275 370.229 57.0616
35.4743 354 32.9177
12.5432 373.24 59.2999
12.2916 397.472 75.4162
38.0068 396.672 75.4086
36.4828 372.488 59.2977
12.3758 400.407 76.6169
12.2132 428.933 82.2763
40.0035 428.064 82.2701
38.0911 399.607 76.6094
12.3164 432.095 82.264
12.2736 460.583 76.5855
42.1159 459.638 76.5857
40.1068 431.226 82.2578
12.3781 463.492 75.3641
12.4184 487.587 59.1851
43.985 486.573 59.1907
42.2204 462.547 75.3643
12.5034 489.802 56.9429
12.5675 505.825 32.7521
45.2733 504.762 32.7573
44.07 488.788 56.9486
12.6152 507.017 29.8338
12.648 512.617 1.35937
45.7484 511.532 1.36543
45.321 505.954 29.8389
12.6478 512.616 -1.794
12.6124 506.994 -30.2634
45.3175 505.931 -30.2556
45.7483 511.531 -1.78794
12.5649 505.799 -33.1807
12.508 489.756 -57.3584
44.0746 488.745 -57.3486
45.27 504.737 -33.1729
12.4242 487.54 -59.5987
12.3984 463.432 -75.7588
42.2419 462.489 -75.7442
43.9909 486.529 -59.589
12.2955 460.522 -76.9779
12.35 432.03 -82.6342
40.1423 431.161 -82.6142
42.1389 459.579 -76.9633
12.2479 428.867 -82.644
12.42 400.346 -76.9622
38.1378 399.546 -76.9423
40.0403 427.999 -82.6241
12.3367 397.412 -75.7593
12.5968 373.193 -59.6236
36.5387 372.439 -59.6106
38.0546 396.612 -75.7393
12.5414 370.936 -57.3858
12.7772 354.705 -33.2237
35.5196 353.971 -33.2151
36.4833 370.182 -57.3728
12.7494 353.478 -30.287
12.831 347.768 -1.74471
35.1455 347.041 -1.73778
35.4918 352.744 -30.2785
37.6365 346.871 1.44707
37.9425 352.6 29.9827
60.5032 350.234 29.9884
59.7708 344.541 1.45505
38.0585 353.825 32.918
39.0117 370.054 57.0619
62.7756 367.575 57.0608
60.6192 351.459 32.9237
39.2334 372.302 59.2973
40.7574 396.486 75.4082
66.3016 393.825 75.4015
62.9973 369.823 59.2962
41.0563 399.407 76.6087
42.9687 427.863 82.2694
70.5895 424.977 82.2635
66.6005 396.745 76.602
43.3013 431.009 82.2574
45.3105 459.421 76.5853
74.9878 456.306 76.5859
70.9221 428.122 82.2515
45.6244 462.314 75.3645
47.389 486.34 59.191
78.7955 483.029 59.198
75.3017 459.198 75.3651
47.6326 488.542 56.9491
48.8358 504.517 32.7578
81.3865 501.074 32.7646
79.0391 485.231 56.9561
48.9684 505.702 29.8396
49.3959 511.279 1.36607
82.3435 507.788 1.37317
81.5191 502.259 29.8463
49.3957 511.278 -1.78707
48.9649 505.679 -30.2547
81.515 502.237 -30.2463
82.3432 507.787 -1.77996
48.8325 504.492 -33.1717
47.6371 488.5 -57.3475
79.0437 485.191 -57.3362
81.3826 501.05 -33.1633
47.3949 486.296 -59.5874
45.6459 462.256 -75.7426
75.3241 459.142 -75.7258
78.8015 482.988 -59.5761
45.3335 459.362 -76.9612
43.337 430.945 -82.6121
70.9593 428.059 -82.5901
75.0118 456.249 -76.9444
43.0057 427.799 -82.6218
41.1032 399.346 -76.9401
66.6493 396.684 -76.9191
70.628 424.913 -82.5998
40.8054 396.426 -75.7376
39.2896 372.253 -59.6089
63.0552 369.772 -59.5955
66.3515 393.764 -75.7166
39.0678 370.006 -57.3717
38.104 353.795 -33.214
60.6655 351.425 -33.2049
62.8334 367.525 -57.3583
37.9851 352.573 -30.2776
37.6387 346.87 -1.7369
59.7731 344.539 -1.72892
60.5465 350.203 -30.2685
62.2382 344.19 1.4559
62.9706 349.883 29.9892
85.2464 345.886 29.9956
84.0896 340.26 1.46486
63.1776 351.096 32.924
65.334 367.212 57.0612
88.8073 363.01 57.0607
85.4535 347.099 32.9304
65.7219 369.438 59.2959
69.0262 393.44 75.4012
94.2699 388.922 75.3951
89.1952 365.237 59.2955
69.5392 396.329 76.6013
73.5282 424.561 82.2628
100.837 419.664 82.2573
94.7829 391.811 76.5952
74.0898 427.673 82.2512
78.1555 455.856 76.5855
107.512 450.578 76.5862
101.399 422.775 82.2456
78.6787 458.718 75.3655
82.1725 482.548 59.1983
113.251 476.947 59.2057
108.035 453.439 75.3661
82.5746 484.726 56.9568
84.922 500.57 32.7653
117.141 494.754 32.7727
113.653 479.125 56.9641
85.1395 501.742 29.8471
85.9639 507.271 1.37394
118.579 501.378 1.38195
117.359 495.926 29.8545
85.9636 507.269 -1.779
85.1354 501.72 -30.2453
117.354 495.905 -30.2357
118.579 501.377 -1.77099
84.9181 500.546 -33.162
82.5792 484.687 -57.3349
113.658 479.088 -57.3218
117.137 494.731 -33.1523
82.1785 482.507 -59.5743
78.7011 458.662 -75.724
108.058 453.386 -75.7052
113.258 476.909 -59.5612
78.1796 455.799 -76.9421
74.1272 427.609 -82.5878
101.437 422.713 -82.5644
107.537 450.523 -76.9232
73.567 424.497 -82.5974
69.5883 396.268 -76.9167
94.8332 391.75 -76.8946
100.877 419.601 -82.5739
69.0762 393.379 -75.7147
65.7799 369.387 -59.5936
89.2541 365.183 -59.5794
94.3212 388.861 -75.6927
65.3919 367.162 -57.3571
63.2239 351.062 -33.2037
85.4996 347.06 -33.1936
88.8661 362.958 -57.3429
63.0139 349.852 -30.2675
62.2405 344.188 -1.72795
84.0919 340.258 -1.71899
85.2895 345.849 -30.2574
86.5196 339.73 1.46579
87.6764 345.356 29.9965
109.561 339.743 30.0038
107.984 334.217 1.47555
87.9737 346.551 32.9309
91.3275 362.463 57.0612
114.395 356.554 57.0619
109.858 340.937 32.9382
91.8802 364.653 59.2952
96.9548 388.338 75.3949
121.77 381.981 75.3901
114.948 358.745 59.2959
97.6802 391.182 76.5946
103.734 419.034 82.2567
130.59 412.144 82.2523
122.496 384.824 76.5899
104.523 422.095 82.2454
110.636 449.897 76.5859
139.515 442.475 76.5871
131.378 415.205 82.241
111.367 452.712 75.3665
116.583 476.22 59.2061
147.165 468.347 59.2139
140.246 445.289 75.3677
117.143 478.362 56.9649
120.631 493.991 32.7735
152.342 485.821 32.7817
147.725 470.49 56.9728
120.933 495.144 29.8554
122.153 500.596 1.38282
154.256 492.322 1.39161
152.644 486.974 29.8636
122.153 500.595 -1.76994
120.928 495.123 -30.2346
152.639 486.954 -30.2241
154.256 492.321 -1.76116
120.626 493.969 -33.1509
117.148 478.326 -57.3204
147.731 470.456 -57.3061
152.338 485.8 -33.1404
116.59 476.182 -59.5593
111.39 452.659 -75.7032
140.27 445.238 -75.6834
147.173 468.312 -59.545
110.661 449.843 -76.9208
104.562 422.033 -82.5619
131.418 415.144 -82.5381
139.541 442.422 -76.9009
103.774 418.971 -82.5714
97.7306 391.12 -76.8921
122.547 384.763 -76.87
130.631 412.083 -82.5476
97.0063 388.277 -75.6907
91.9392 364.599 -59.5774
115.007 358.689 -59.5631
121.823 381.92 -75.6687
91.3863 362.41 -57.3416
88.0198 346.512 -33.1923
109.903 340.894 -33.1816
114.454 356.499 -57.3272
87.7195 345.32 -30.2563
86.5218 339.728 -1.71791
107.986 334.215 -1.70815
109.603 339.702 -30.2456
110.365 333.511 1.47656
111.942 339.037 30.0048
133.328 331.833 30.013
131.339 326.439 1.48693
112.328 340.206 32.9387
116.865 355.823 57.0625
139.411 348.234 57.0645
133.714 333.002 32.9469
117.579 357.966 59.2959
124.402 381.203 75.39
148.663 373.034 75.3871
140.125 350.377 59.2979
125.337 383.983 76.5895
133.431 411.302 82.252
159.692 402.45 82.2492
149.597 375.815 76.5866
134.443 414.296 82.2409
142.58 441.566 76.587
170.827 432.032 76.5891
160.704 405.443 82.2381
143.515 444.319 75.3682
150.434 467.376 59.2144
180.353 457.266 59.2228
171.762 434.784 75.3703
151.149 469.472 56.9736
155.766 484.803 32.7825
186.794 474.314 32.7914
181.068 459.362 56.982
156.151 485.931 29.8645
157.763 491.278 1.39256
189.177 480.656 1.40201
187.18 475.442 29.8734
157.763 491.277 -1.76002
156.146 485.911 -30.223
187.174 475.423 -30.2118
189.176 480.655 -1.75057
155.762 484.782 -33.139
151.155 469.438 -57.3046
181.075 459.332 -57.2894
186.79 474.294 -33.1278
150.442 467.341 -59.543
143.539 444.267 -75.6814
171.787 434.735 -75.6611
180.362 457.235 -59.5279
142.605 441.513 -76.8985
134.482 414.235 -82.5357
160.744 405.384 -82.5122
170.853 431.981 -76.8782
133.472 411.241 -82.545
125.388 383.921 -76.8675
149.649 375.753 -76.8461
159.734 402.39 -82.5216
124.454 381.141 -75.6667
117.639 357.91 -59.5611
140.184 350.319 -59.547
148.715 372.973 -75.6452
116.924 355.767 -57.3259
112.373 340.162 -33.1802
133.756 332.953 -33.1692
139.469 348.177 -57.3117
111.983 338.996 -30.2445
110.367 333.509 -1.707
131.341 326.436 -1.69664
133.367 331.787 -30.2335
133.659 325.56 1.48801
135.648 330.954 30.0141
156.429 322.191 30.023
154.038 316.961 1.49881
136.121 332.09 32.9475
141.818 347.323 57.0652
163.729 338.089 57.0686
156.902 323.328 32.9564
142.691 349.406 59.298
151.228 372.063 75.3872
174.808 362.122 75.3863
164.602 340.172 59.3015
152.367 374.766 76.5864
162.462 401.401 82.249
187.99 390.628 82.2481
175.947 364.824 76.5855
163.692 404.311 82.2382
173.815 430.899 76.5892
201.277 419.298 76.5924
189.221 393.538 82.2373
174.95 433.574 75.3709
183.541 456.056 59.2234
212.632 443.758 59.2324
202.412 421.974 75.3742
184.408 458.093 56.983
190.134 473.046 32.7924
220.307 460.287 32.802
213.498 445.795 56.992
190.601 474.142 29.8744
192.598 479.356 1.40304
223.147 466.437 1.41306
220.773 461.383 29.884
192.598 479.355 -1.74937
190.596 474.123 -30.2106
220.768 461.366 -30.1989
223.147 466.436 -1.73935
190.129 473.026 -33.1263
184.414 458.064 -57.2879
213.506 445.769 -57.2723
220.302 460.268 -33.1146
183.55 456.025 -59.5259
174.975 433.526 -75.6591
202.437 421.928 -75.6389
212.642 443.73 -59.5103
173.841 430.849 -76.8758
163.733 404.251 -82.5098
189.261 393.48 -82.4871
201.304 419.251 -76.8556
162.503 401.341 -82.5191
152.418 374.704 -76.8436
175.998 364.763 -76.8232
188.032 390.57 -82.4965
151.281 372.002 -75.6433
142.75 349.348 -59.5451
164.66 340.112 -59.5314
174.861 362.061 -75.6228
141.876 347.265 -57.3104
136.163 332.042 -33.1679
156.942 323.276 -33.1568
163.786 338.029 -57.2967
135.687 330.908 -30.2323
133.661 325.557 -1.69545
154.04 316.958 -1.68464
156.466 322.142 -30.2212
156.286 315.913 1.49994
158.677 321.143 30.0241
178.751 310.865 30.0336
175.972 305.829 1.51104
159.234 322.242 32.9572
166.061 337.002 57.0694
187.227 326.167 57.0743
179.309 311.963 32.9667
167.088 339.014 59.3017
177.294 360.964 75.3865
200.072 349.299 75.3878
188.254 328.179 59.3066
178.631 363.573 76.5855
190.674 389.377 82.2481
215.334 376.738 82.2494
201.409 351.908 76.5868
192.116 392.187 82.2375
204.172 417.947 76.5927
230.701 404.34 76.5973
216.776 379.548 82.2388
205.501 420.531 75.3749
215.722 442.315 59.2332
243.824 427.893 59.2429
232.03 406.924 75.3795
216.735 444.283 56.9931
223.544 458.775 32.803
252.692 443.814 32.8133
244.837 429.861 57.0028
224.089 459.834 29.8851
226.463 464.888 1.41418
255.976 449.739 1.42466
253.238 444.873 29.8954
226.463 464.887 -1.73812
224.084 459.816 -30.1977
253.232 444.856 -30.1859
255.975 449.738 -1.72763
223.539 458.756 -33.1131
216.743 444.256 -57.2708
244.847 429.837 -57.2551
252.687 443.796 -33.1012
215.731 442.287 -59.5083
205.527 420.485 -75.6369
232.056 406.88 -75.6173
243.835 427.868 -59.4926
204.2 417.899 -76.8532
192.157 392.129 -82.4848
216.817 379.492 -82.4636
230.728 404.295 -76.8337
190.716 389.319 -82.4942
178.682 363.512 -76.8208
201.459 351.847 -76.8019
215.376 376.682 -82.473
177.346 360.902 -75.621
167.145 338.954 -59.5295
188.31 328.118 -59.5165
200.124 349.238 -75.602
166.118 336.942 -57.2953
159.274 322.189 -33.1554
179.345 311.907 -33.1443
187.282 326.106 -57.2823
158.714 321.094 -30.2199
156.288 315.91 -1.68342
175.974 305.826 -1.67231
178.785 310.812 -30.2088
178.137 304.617 1.51222
180.916 309.653 30.0348
200.183 297.909 30.0448
197.031 293.096 1.52347
181.554 310.706 32.9676
189.473 324.91 57.0752
209.787 312.528 57.0815
200.822 298.962 32.9776
190.647 326.839 59.307
202.466 347.959 75.3883
224.325 334.628 75.3918
210.961 314.457 59.3133
203.993 350.46 76.5871
217.918 375.291 82.2496
241.58 360.851 82.253
225.852 337.13 76.5906
219.564 377.985 82.2392
233.489 402.777 76.5977
258.941 387.236 76.6036
243.227 363.546 82.2426
235.004 405.256 75.3804
246.798 426.224 59.2438
273.758 409.756 59.2542
260.456 389.715 75.3863
247.954 428.112 57.004
255.808 442.065 32.8145
283.771 424.984 32.8254
274.914 411.643 57.0144
256.43 443.081 29.8966
259.168 447.948 1.42585
287.481 430.654 1.43665
284.393 426 29.9075
259.168 447.947 -1.72639
256.425 443.065 -30.1846
284.388 425.985 -30.1727
287.48 430.653 -1.71559
255.803 442.048 -33.0997
247.963 428.089 -57.2536
274.925 411.623 -57.2383
283.766 424.968 -33.0878
246.81 426.2 -59.4907
235.031 405.212 -75.6154
260.483 389.674 -75.5968
273.771 409.734 -59.4754
233.516 402.732 -76.8315
219.605 377.929 -82.4614
243.267 363.492 -82.4419
258.969 387.194 -76.8129
217.96 375.234 -82.4708
204.043 350.4 -76.7997
225.902 337.07 -76.7825
241.622 360.796 -82.4513
202.517 347.898 -75.6003
190.703 326.778 -59.5148
211.015 314.394 -59.5028
224.375 334.568 -75.5831
189.528 324.849 -57.281
181.591 310.65 -33.143
200.854 298.903 -33.1321
209.84 312.466 -57.269
180.949 309.6 -30.2076
178.138 304.614 -1.67108
197.032 293.093 -1.65983
200.213 297.853 -30.1967
199.101 291.726 1.52468
202.254 296.539 30.046
220.617 283.388 30.0563
217.109 278.827 1.53588
202.97 297.541 32.9785
211.935 311.107 57.0824
231.294 297.239 57.0897
221.334 284.389 32.9888
213.251 312.941 59.3139
226.614 333.113 75.3924
247.441 318.186 75.3977
232.61 299.074 59.3213
228.323 335.494 76.5911
244.051 359.215 82.2535
266.591 343.052 82.2586
249.15 320.567 76.5964
245.892 361.78 82.2432
261.606 385.47 76.6042
285.845 368.08 76.6111
268.432 345.616 82.2483
263.3 387.83 75.3873
276.602 407.871 59.2552
302.273 389.448 59.2658
287.539 370.44 75.3942
277.893 409.669 57.0156
286.749 423.009 32.8266
313.373 403.905 32.8378
303.564 391.246 57.0263
287.444 423.977 29.9087
290.532 428.631 1.43788
317.488 409.29 1.44883
314.068 404.873 29.9199
290.532 428.63 -1.71435
287.439 423.962 -30.1715
314.063 404.859 -30.1597
317.488 409.289 -1.7034
286.745 422.993 -33.0864
277.904 409.648 -57.2368
303.577 391.229 -57.2217
313.369 403.89 -33.0746
276.615 407.849 -59.4735
263.327 387.789 -75.595
287.567 370.402 -75.5773
302.288 389.43 -59.4585
261.634 385.428 -76.8108
245.932 361.726 -82.4399
268.472 345.564 -82.4221
285.874 368.04 -76.7931
244.093 359.16 -82.4494
228.372 335.434 -76.7806
249.198 320.508 -76.7651
266.632 342.999 -82.4316
226.664 333.053 -75.5815
213.304 312.879 -59.5012
232.661 299.011 -59.49
247.49 318.127 -75.5661
211.987 311.044 -57.2677
203.002 297.481 -33.1308
221.361 284.328 -33.1202
231.344 297.176 -57.2565
202.283 296.483 -30.1955
199.103 291.723 -1.65861
217.11 278.824 -1.6474
220.642 283.329 -30.1848
219.075 277.306 1.53706
222.583 281.866 30.0575
239.951 267.373 30.0678
236.107 263.092 1.54803
223.373 282.811 32.9898
233.333 295.661 57.0907
251.638 280.38 57.0989
240.74 268.318 33.0001
234.783 297.392 59.322
249.614 316.504 75.3985
269.301 300.059 75.4053
253.088 282.11 59.3302
251.495 318.751 76.5971
268.936 341.235 82.2592
290.235 323.436 82.2656
271.181 302.306 76.6039
270.961 343.656 82.249
288.374 366.121 76.6118
311.272 346.978 76.6193
292.259 325.857 82.2554
290.236 368.349 75.3952
304.97 387.358 59.2669
329.215 367.086 59.2776
313.135 349.207 75.4027
306.389 389.056 57.0275
316.198 401.715 32.839
341.34 380.698 32.8503
330.634 368.785 57.0382
316.962 402.63 29.9211
320.382 407.047 1.45009
345.837 385.771 1.46105
342.104 381.613 29.9324
320.382 407.046 -1.70216
316.957 402.617 -30.1584
342.099 381.6 -30.1468
345.837 385.77 -1.6912
316.194 401.701 -33.0731
306.402 389.039 -57.2203
330.649 368.77 -57.2055
341.336 380.685 -33.0615
304.985 387.339 -59.4567
290.264 368.311 -75.5755
313.163 349.171 -75.5587
329.232 367.07 -59.442
288.403 366.081 -76.7912
271 343.605 -82.4202
292.298 325.808 -82.404
311.302 346.941 -76.7744
268.977 341.183 -82.4298
251.543 318.692 -76.7633
271.228 302.249 -76.7496
290.275 323.386 -82.4136
249.662 316.445 -75.5646
234.833 297.329 -59.4886
253.135 282.048 -59.4784
269.347 300.002 -75.5509
233.383 295.598 -57.2553
223.4 282.749 -33.119
240.762 268.256 -33.1087
251.684 280.318 -57.2452
222.608 281.808 -30.1836
219.076 277.303 -1.64619
236.108 263.089 -1.63522
239.97 267.314 -30.1733
237.959 261.427 1.54919
241.803 265.708 30.0689
258.087 249.947 30.0792
253.93 245.97 1.55976
242.661 266.591 33.0011
253.559 278.653 57.0999
270.716 262.036 57.109
258.945 250.83 33.0113
255.133 280.27 59.3311
271.346 298.219 75.4061
289.791 280.344 75.4145
272.291 263.653 59.3401
273.388 300.319 76.6047
292.441 321.449 82.2664
312.389 302.11 82.2741
291.833 282.444 76.6131
294.638 323.715 82.2563
313.651 344.836 76.6202
335.089 324.048 76.628
314.586 304.376 82.264
315.671 346.922 75.4038
331.752 364.802 59.2786
354.444 342.797 59.2891
337.109 326.134 75.4117
333.29 366.393 57.0395
343.996 378.306 32.8516
367.524 355.497 32.8628
355.983 344.388 57.05
344.825 379.163 29.9337
348.558 383.321 1.46233
372.377 360.236 1.47312
368.352 356.355 29.9449
348.558 383.321 -1.69001
344.82 379.151 -30.1456
368.348 356.344 -30.1342
372.377 360.235 -1.67921
343.992 378.293 -33.0601
333.305 366.378 -57.2041
355.999 344.375 -57.1898
367.52 355.485 -33.0488
331.768 364.786 -59.4403
315.699 346.887 -75.5571
337.137 326.102 -75.5414
354.463 342.783 -59.426
313.68 344.799 -76.7727
294.677 323.666 -82.4023
314.624 304.329 -82.388
335.118 324.014 -76.757
292.481 321.399 -82.412
273.434 300.263 -76.748
291.877 282.39 -76.7364
312.427 302.063 -82.3977
271.392 298.162 -75.5496
255.18 280.208 -59.4771
272.333 263.593 -59.4682
289.835 280.289 -75.538
253.604 278.591 -57.244
242.681 266.529 -33.1076
258.96 250.768 -33.098
270.757 261.976 -57.2352
241.821 265.649 -30.1722
237.959 261.424 -1.63405
253.931 245.967 -1.62348
258.099 249.889 -30.1626
255.658 244.17 1.56088
259.815 248.147 30.0803
274.936 231.198 30.0904
270.491 227.547 1.57094
260.737 248.963 33.0124
272.508 260.169 57.11
288.433 242.303 57.12
275.858 232.013 33.0225
274.198 261.664 59.3411
291.699 278.354 75.4155
308.81 259.142 75.4256
290.123 243.798 59.3511
293.89 280.298 76.614
314.446 299.964 82.2751
332.941 279.19 82.2842
311.001 261.086 76.6241
316.802 302.062 82.2649
337.305 321.735 76.629
357.174 299.417 76.6373
335.298 281.288 82.2741
339.471 323.669 75.4128
356.807 340.331 59.2902
377.83 316.718 59.3002
359.34 301.351 75.4211
358.456 341.807 57.0512
369.998 352.917 32.8641
391.792 328.449 32.8749
379.48 318.194 57.0612
370.886 353.713 29.9461
374.911 357.593 1.47436
396.975 332.832 1.4848
392.68 329.245 29.957
374.911 357.593 -1.67804
370.882 353.701 -30.1331
392.676 329.235 -30.1222
396.974 332.831 -1.6676
369.994 352.905 -33.0475
358.473 341.794 -57.1885
379.499 318.183 -57.1748
391.789 328.438 -33.0366
356.825 340.317 -59.4245
339.5 323.636 -75.5399
359.368 301.321 -75.5256
377.851 316.706 -59.4108
337.335 321.701 -76.7555
316.84 302.016 -82.3865
335.335 281.245 -82.3746
357.203 299.385 -76.7412
314.484 299.917 -82.3964
293.934 280.244 -76.735
311.042 261.035 -76.726
332.979 279.146 -82.3845
291.743 278.3 -75.5369
274.241 261.604 -59.4671
290.161 243.741 -59.4599
308.851 259.091 -75.5278
272.549 260.109 -57.2341
260.751 248.901 -33.097
275.866 231.953 -33.0882
288.469 242.245 -57.2269
259.827 248.089 -30.1615
255.659 244.167 -1.62236
270.491 227.544 -1.61231
274.941 231.141 -30.1527
272.087 225.621 1.57202
276.532 229.272 30.0915
290.417 211.218 30.1015
285.71 207.914 1.58143
277.512 230.015 33.0236
290.087 240.305 57.1211
304.702 221.279 57.1321
291.397 211.961 33.0336
291.884 241.67 59.3522
310.571 257.014 75.4267
326.265 236.565 75.4389
306.499 222.644 59.3632
312.899 258.792 76.6253
334.838 276.895 82.2854
351.792 254.797 82.2964
328.593 238.342 76.6375
337.341 278.817 82.2752
359.217 296.946 76.6383
377.419 273.221 76.6473
354.295 256.718 82.2862
361.517 298.718 75.4222
380.008 314.085 59.3013
399.26 288.998 59.311
379.718 274.993 75.4311
381.759 315.439 57.0625
394.07 325.695 32.8762
414.024 299.709 32.8866
401.011 290.352 57.0721
395.014 326.426 29.9582
399.308 330.012 1.486
419.508 303.717 1.49589
414.967 300.44 29.9686
399.308 330.011 -1.6665
395.01 326.415 -30.1211
414.963 300.431 -30.111
419.508 303.716 -1.65661
394.068 325.684 -33.0354
381.778 315.428 -57.1736
401.032 290.343 -57.161
414.021 299.699 -33.0253
380.028 314.073 -59.4094
361.545 298.688 -75.5242
379.747 274.966 -75.5119
399.282 288.988 -59.3968
359.247 296.914 -76.7399
337.378 278.774 -82.3733
354.33 256.679 -82.3646
377.448 273.192 -76.7276
334.876 276.852 -82.3835
312.939 258.741 -76.7249
328.631 238.295 -76.7191
351.828 254.756 -82.3748
310.612 256.963 -75.527
291.921 241.613 -59.459
306.532 222.59 -59.4538
326.303 236.517 -75.5211
290.123 240.248 -57.226
277.519 229.956 -33.0873
291.398 211.905 -33.0795
304.734 221.225 -57.2208
276.537 229.215 -30.1516
272.087 225.618 -1.61129
285.71 207.912 -1.60188
290.416 211.164 -30.1438
287.167 205.872 1.58248
291.874 209.175 30.1025
304.458 190.105 30.1124
299.518 187.169 1.59115
292.906 209.842 33.0347
306.212 219.161 57.1333
319.448 199.069 57.1458
305.491 190.773 33.0445
308.104 220.389 59.3646
327.87 234.309 75.4403
342.073 212.725 75.4553
321.341 200.297 59.3771
330.321 235.911 76.6389
353.52 252.366 82.2978
368.852 229.059 82.3114
344.524 214.327 76.6539
356.155 254.101 82.2875
379.279 270.604 76.6485
395.73 245.602 76.6584
371.487 230.794 82.301
381.7 272.208 75.4323
401.241 286.213 59.3122
418.632 259.792 59.3214
398.15 247.205 75.4422
403.084 287.439 57.0733
416.097 296.796 32.8878
434.117 269.441 32.8977
420.475 261.018 57.0826
417.09 297.459 29.9697
421.631 300.736 1.49705
439.873 273.059 1.50618
435.11 270.104 29.9796
421.631 300.735 -1.65561
417.086 297.45 -30.11
435.107 270.095 -30.1009
439.873 273.059 -1.64648
416.094 296.786 -33.0243
403.105 287.43 -57.1599
420.497 261.01 -57.1487
434.115 269.432 -33.0152
401.263 286.202 -59.3956
381.728 272.181 -75.5108
398.179 247.181 -75.5013
418.656 259.783 -59.3845
379.309 270.576 -76.7267
356.19 254.062 -82.3637
371.521 230.758 -82.3591
395.759 245.576 -76.7172
353.556 252.326 -82.3742
330.359 235.864 -76.7185
344.56 214.284 -76.7168
368.887 229.022 -82.3696
327.908 234.262 -75.5206
308.136 220.335 -59.4533
321.369 200.248 -59.4506
342.108 212.681 -75.5189
306.242 219.107 -57.2201
292.907 209.786 -33.0788
305.485 190.721 -33.0722
319.475 199.02 -57.2174
291.872 209.121 -30.1429
287.167 205.869 -1.60095
299.517 187.166 -1.59228
304.451 190.056 -30.1362
300.828 185.02 1.59215
305.769 187.956 30.1134
316.997 167.963 30.1231
311.852 165.411 1.60003
306.848 188.544 33.0458
320.806 196.84 57.147
332.606 175.779 57.1614
318.076 168.551 33.0556
322.783 197.925 59.3787
343.515 210.352 75.4568
356.165 187.739 75.4754
334.583 176.864 59.3931
346.076 211.772 76.6556
370.404 226.504 82.3131
384.047 202.106 82.3298
358.726 189.158 76.6741
373.156 228.046 82.3025
397.398 242.854 76.6599
412.025 216.706 76.6711
386.799 203.648 82.3193
399.926 244.282 75.4435
420.408 256.869 59.3227
435.862 229.261 59.3315
414.553 218.135 75.4546
422.333 257.963 57.0838
435.975 266.386 32.8989
451.983 237.817 32.908
437.787 230.355 57.0927
437.012 266.979 29.9807
441.775 269.934 1.50727
457.982 241.034 1.51544
453.02 238.409 29.9898
441.775 269.934 -1.6456
437.009 266.97 -30.1
453.018 238.401 -30.0922
457.981 241.034 -1.63743
435.973 266.377 -33.0143
422.355 257.955 -57.1479
437.811 230.348 -57.1386
451.982 237.808 -33.0064
420.432 256.86 -59.3836
399.955 244.258 -75.5005
414.582 218.113 -75.4944
435.888 229.253 -59.3743
397.428 242.828 -76.7167
373.19 228.011 -82.3586
386.832 203.617 -82.3591
412.055 216.684 -76.7106
370.438 226.468 -82.3694
346.111 211.73 -76.7166
358.759 189.121 -76.72
384.081 202.074 -82.3699
343.55 210.309 -75.5188
322.811 197.876 -59.4505
334.608 176.82 -59.4508
356.198 187.7 -75.5221
320.832 196.791 -57.217
306.842 188.493 -33.0717
318.065 168.505 -33.0664
332.629 175.736 -57.2173
305.761 187.907 -30.1354
300.828 185.017 -1.59147
311.852 165.409 -1.58359
316.985 167.919 -30.1301
313.012 163.166 1.60101
318.156 165.717 30.1241
327.981 144.895 30.1337
322.664 142.746 1.60809
319.275 166.222 33.057
333.806 173.451 57.1628
344.121 151.518 57.1789
329.101 145.4 33.0665
335.856 174.386 59.3949
357.439 185.261 75.4773
368.483 161.723 75.499
346.171 152.453 59.4111
360.094 186.492 76.6762
385.416 199.44 82.3319
397.315 174.07 82.3511
371.139 162.954 76.6979
388.27 200.783 82.321
413.496 213.841 76.6728
426.24 186.684 76.6843
400.169 175.414 82.3402
416.116 215.09 75.4559
437.426 226.216 59.3328
450.881 197.57 59.3405
428.861 187.933 75.4674
439.422 227.175 57.0938
453.618 234.637 32.9091
467.553 205.012 32.917
452.877 198.53 57.1015
454.694 235.158 29.9908
459.655 237.782 1.51643
473.763 207.822 1.52339
468.629 205.533 29.9986
459.655 237.782 -1.6367
454.692 235.15 -30.0914
468.627 205.525 -30.0849
473.762 207.821 -1.62974
453.617 234.628 -33.0058
439.446 227.169 -57.1379
452.904 198.524 -57.1303
467.553 205.004 -32.9993
437.452 226.208 -59.3738
416.146 215.069 -75.4939
428.891 187.915 -75.4908
450.91 197.564 -59.3662
413.526 213.819 -76.7106
388.303 200.752 -82.3591
400.201 175.388 -82.3643
426.271 186.665 -76.7076
385.449 199.408 -82.3703
360.127 186.455 -76.7204
371.171 162.923 -76.7286
397.348 174.043 -82.3756
357.471 185.223 -75.5225
335.881 174.343 -59.4512
346.194 152.417 -59.4544
368.515 161.691 -75.5307
333.828 173.408 -57.2172
319.264 166.177 -33.0662
329.086 145.362 -33.0621
344.141 151.481 -57.2204
318.144 165.674 -30.1294
313.011 163.163 -1.58293
322.663 142.744 -1.57586
327.965 144.859 -30.1253
323.667 140.414 1.60902
328.985 142.563 30.1347
337.373 121.008 30.1421
331.912 119.281 1.61537
330.138 142.982 33.0679
345.158 149.1 57.1803
353.95 126.391 57.1935
338.526 121.427 33.0754
347.27 149.881 59.4129
369.583 159.151 75.5009
378.981 134.793 75.519
356.063 127.172 59.4262
372.319 160.189 76.6999
398.494 171.305 82.3531
408.604 145.083 82.3674
381.718 135.83 76.718
401.435 172.446 82.3417
427.506 183.716 76.6858
438.32 155.687 76.6913
411.544 146.224 82.356
430.206 184.783 75.4684
452.227 194.42 59.3415
463.635 164.889 59.3439
441.02 156.753 75.474
454.283 195.243 57.1024
468.959 201.725 32.9179
480.772 171.207 32.9227
465.692 165.712 57.1048
470.068 202.173 29.9994
475.202 204.462 1.52419
487.163 173.606 1.52958
481.881 171.655 30.0042
475.202 204.461 -1.62915
470.067 202.165 -30.0843
481.882 171.648 -30.078
487.163 173.606 -1.62377
468.959 201.717 -32.9987
454.31 195.237 -57.1297
465.722 165.707 -57.1206
480.774 171.2 -32.9924
452.255 194.414 -59.3658
430.237 184.765 -75.4904
441.052 156.739 -75.4848
463.667 164.883 -59.3566
427.537 183.698 -76.7077
401.467 172.42 -82.3644
411.578 146.203 -82.3674
438.353 155.671 -76.7021
398.527 171.278 -82.3761
372.35 160.158 -76.7291
381.749 135.806 -76.7354
408.638 145.061 -82.3791
369.614 159.12 -75.5311
347.293 149.846 -59.4548
356.085 127.146 -59.456
379.013 134.768 -75.5374
345.177 149.064 -57.2203
330.123 142.945 -33.062
338.509 121.399 -33.0568
353.97 126.364 -57.2215
328.968 142.528 -30.1247
323.666 140.413 -1.57529
331.911 119.28 -1.56894
337.354 120.982 -30.1195
332.756 116.875 1.61588
338.217 118.602 30.1426
345.151 96.4147 30.1356
339.579 95.1309 1.62163
339.398 118.931 33.0755
354.822 123.895 57.1937
362.073 100.508 57.1782
346.331 96.7434 33.0685
356.985 124.517 59.4259
379.903 132.138 75.5188
387.627 107.063 75.4974
364.235 101.13 59.4104
382.704 132.978 76.7174
409.59 142.231 82.3668
417.872 115.275 82.3393
390.429 107.903 76.696
412.601 143.168 82.3551
439.376 152.63 76.6904
448.214 123.864 76.6605
420.882 116.212 82.3276
442.141 153.514 75.4731
464.756 161.649 59.343
474.071 131.385 59.3209
450.979 124.748 75.4432
466.864 162.335 57.1045
481.944 167.83 32.9223
491.59 136.582 32.915
476.178 132.071 57.0824
483.081 168.205 30.0045
488.363 170.156 1.52985
498.133 138.568 1.5332
492.728 136.956 29.9971
488.363 170.156 -1.62306
483.081 168.198 -30.0773
492.731 136.95 -30.0634
498.133 138.568 -1.61971
481.946 167.823 -32.9911
466.894 162.33 -57.1193
476.213 132.066 -57.0906
491.596 136.575 -32.9771
464.789 161.644 -59.3547
442.174 153.499 -75.4829
451.016 124.736 -75.4462
474.108 131.381 -59.326
439.409 152.615 -76.7002
412.635 143.147 -82.3655
420.919 116.196 -82.3298
448.251 123.852 -76.6634
409.624 142.21 -82.3774
382.736 132.955 -76.7337
390.463 107.887 -76.7021
417.908 115.259 -82.3417
379.934 132.114 -75.5359
357.006 124.492 -59.4545
364.259 101.116 -59.4272
387.661 107.047 -75.5043
354.841 123.869 -57.2203
339.381 118.904 -33.0556
346.315 96.7293 -33.0366
362.094 100.494 -57.193
338.199 118.577 -30.1186
332.755 116.874 -1.56805
339.578 95.1299 -1.56231
345.133 96.4017 -30.0996
340.266 92.6631 1.61964
345.838 93.947 30.1336
351.376 71.2456 30.0516
345.731 70.4278 1.62444
347.039 94.1818 33.0613
362.78 97.9467 57.1709
368.525 74.0043 57.0093
352.576 71.4805 32.9792
364.979 98.4056 59.3988
388.371 104.338 75.4857
394.418 78.6761 75.269
370.724 74.4633 59.2371
391.219 104.978 76.6822
418.662 112.35 82.3254
425.067 84.7974 82.096
397.266 79.3165 76.4654
421.723 113.082 82.3143
449.055 120.735 76.6472
455.833 91.376 76.4483
428.128 85.5291 82.0848
451.868 121.435 75.4327
474.96 128.073 59.3105
482.076 97.2252 59.1714
458.646 92.0765 75.2338
477.106 128.621 57.0762
492.519 133.132 32.9088
499.885 101.307 32.8425
484.222 97.7737 56.9371
493.679 133.434 29.9951
499.084 135.045 1.53123
506.552 102.869 1.53239
501.045 101.609 29.9288
499.085 135.045 -1.61727
493.683 133.427 -30.0609
501.056 101.603 -29.9933
506.553 102.868 -1.6161
492.525 133.125 -32.9706
477.143 128.617 -57.084
484.266 97.7686 -56.9451
499.898 101.301 -32.903
474.998 128.068 -59.3151
451.906 121.424 -75.4353
458.689 92.0674 -75.2342
482.122 97.22 -59.1762
449.092 120.723 -76.6494
421.76 113.067 -82.3158
428.169 85.5192 -82.0817
455.876 91.3665 -76.4484
418.699 112.335 -82.327
391.253 104.963 -76.6874
397.305 79.3099 -76.4626
425.108 84.7874 -82.0928
388.405 104.323 -75.4915
365.003 98.3922 -59.4144
370.754 74.464 -59.2406
394.456 78.6698 -75.2668
362.802 97.9336 -57.1844
347.023 94.1693 -33.028
352.567 71.4857 -32.9345
368.553 74.0054 -57.0106
345.821 93.9347 -30.0963
340.266 92.663 -1.55902
345.73 70.4276 -1.55422
351.365 71.2511 -30.0027
346.291 67.9179 1.61053
351.935 68.7357 30.0377
356.516 45.7318 29.6285
350.885 45.3627 1.61198
353.142 68.8763 32.9387
369.091 71.4002 56.9687
373.642 47.1896 56.192
357.723 45.8725 32.5295
371.301 71.6949 59.176
394.996 75.9078 75.2079
399.496 49.9812 74.1757
375.853 47.4843 58.3993
397.86 76.3463 76.3937
425.661 81.8271 82.0243
430.11 53.9691 80.9164
402.36 50.4198 75.3615
428.741 82.3512 82.0148
456.445 88.198 76.3782
460.879 58.4768 75.3834
433.19 54.4931 80.907
459.278 88.7134 75.1765
482.708 93.8621 59.114
487.161 62.6058 58.3722
463.712 58.9922 74.1817
484.872 94.2724 56.9002
500.535 97.8057 32.8056
505.014 65.5374 32.4163
489.325 63.0161 56.1584
501.707 98.0311 29.9155
507.214 99.2911 1.51915
511.736 66.5993 1.52129
506.186 65.7628 29.5263
507.215 99.2907 -1.60269
501.718 98.025 -29.9799
506.212 65.7569 -29.5924
511.737 66.5989 -1.60055
500.548 97.7993 -32.8664
484.917 94.2672 -56.9085
489.38 63.0091 -56.1764
505.042 65.5311 -32.4788
482.755 93.8568 -59.1191
459.322 88.7043 -75.1772
463.759 58.9827 -74.1845
487.217 62.5987 -58.387
456.489 88.1888 -76.3782
428.782 82.3415 -82.0114
433.234 54.4872 -80.9026
460.926 58.4672 -75.3855
425.702 81.8179 -82.0206
397.899 76.3404 -76.3904
402.402 50.4222 -75.3535
430.154 53.9636 -80.9118
395.035 75.9026 -75.2045
371.333 71.6968 -59.1783
375.895 47.4979 -58.3872
399.538 49.9845 -74.1677
369.12 71.4031 -56.9688
353.134 68.8834 -32.8927
357.731 45.8987 -32.475
373.683 47.2042 -56.1777
351.925 68.7422 -29.9879
346.291 67.9188 -1.5394
350.885 45.3635 -1.53795
356.522 45.7576 -29.5702
351.472 42.8906 1.55575
357.103 43.2597 29.5722
363.038 21.4162 28.2722
357.688 20.9149 1.5522
358.269 43.3647 32.3755
374.188 44.6818 56.0381
379.348 23.1242 53.6477
364.204 21.5211 31.0755
376.334 44.9056 58.1815
399.977 47.4025 73.9579
404.024 25.9963 70.8346
381.494 23.3479 55.7911
402.77 47.739 75.1182
430.52 51.2883 80.6731
433.299 29.74 77.2916
406.817 26.3328 71.9949
433.534 51.6937 80.6746
461.224 55.6774 75.1511
462.772 33.7838 72.0356
436.313 30.1454 77.293
464.003 56.0801 73.9925
487.453 59.6936 58.183
487.992 37.438 55.8195
465.552 34.1864 70.877
489.58 60.0165 56.0359
505.269 62.5378 32.2939
505.157 39.9989 31.0313
490.12 37.7609 53.6725
506.423 62.714 29.4856
511.973 63.5505 1.48064
511.612 40.9274 1.48611
506.311 40.1751 28.223
511.974 63.549 -1.55982
506.449 62.7069 -29.5516
506.329 40.1248 -28.2766
511.613 40.9259 -1.55435
505.298 62.5295 -32.356
489.635 60.0074 -56.0536
490.167 37.7169 -53.6824
505.178 39.9473 -31.0809
487.509 59.6855 -58.1976
464.051 56.0694 -73.9952
465.593 34.1729 -70.8802
488.041 37.395 -55.8265
461.27 55.6679 -75.1533
433.578 51.6879 -80.6704
436.351 30.1438 -77.2909
462.813 33.7713 -72.0383
430.564 51.2835 -80.6685
402.812 47.7421 -75.1102
406.853 26.3455 -71.99
433.336 29.7394 -77.2891
400.019 47.4076 -73.9499
376.376 44.921 -58.1694
381.525 23.3975 -55.7856
404.06 26.0109 -70.8296
374.228 44.6989 -56.0234
358.276 43.3935 -32.3207
364.203 21.5801 -31.0287
379.377 23.1754 -53.6396
357.109 43.2869 -29.5139
351.472 42.8928 -1.48157
357.688 20.9171 -1.48512
363.035 21.4734 -28.2219
358.422 18.5376 1.46879
363.773 19.0389 28.1888
370.772 -1.90635 26.4579
365.791 -2.46692 1.45417
364.871 19.1605 30.8399
380.015 20.7636 53.4121
385.982 -0.0581445 50.2569
371.871 -1.78467 29.109
382.039 21.0034 55.4388
404.569 23.6518 70.4822
409.057 2.83952 66.3808
388.006 0.181705 52.2836
407.207 23.9835 71.5785
433.689 27.3907 76.8752
436.472 6.38241 72.4215
411.695 3.17124 67.477
436.54 27.7672 76.8756
462.999 31.4056 71.6182
464.086 10.0309 67.4653
439.323 6.75886 72.4219
465.63 31.7684 70.5224
488.07 35.02 55.465
487.707 13.2816 52.2554
466.716 10.3938 66.3696
490.084 35.3078 53.4362
505.122 37.5458 30.795
503.767 15.5352 29.0601
489.722 13.5694 50.2267
506.214 37.7012 28.1406
511.515 38.4535 1.40371
509.8 16.3275 1.42443
504.859 15.6906 26.4056
511.515 38.4496 -1.46929
506.232 37.6484 -28.1915
504.871 15.5988 -26.4265
509.8 16.3236 -1.44858
505.142 37.4898 -30.8431
490.131 35.2595 -53.4446
489.748 13.4942 -50.2325
503.781 15.4402 -29.0781
488.117 34.9753 -55.4718
465.67 31.7532 -70.5255
466.736 10.3848 -66.3778
487.734 13.2101 -52.2597
463.038 31.3933 -71.6212
436.576 27.7657 -76.8739
439.34 6.75768 -72.4231
464.105 10.0249 -67.4735
433.725 27.3903 -76.8729
407.242 23.9964 -71.5739
411.712 3.17814 -67.4747
436.489 6.38223 -72.4221
404.604 23.6679 -70.4779
382.069 21.0545 -55.4339
388.013 0.250276 -52.2894
409.074 2.84966 -66.3787
380.043 20.818 -53.4056
364.868 19.2227 -30.7946
371.85 -1.69604 -29.0892
385.987 0.0137926 -50.261
363.769 19.0978 -28.1404
358.421 18.5415 -1.40362
365.791 -2.46308 -1.41824
370.751 -1.82096 -26.4349
366.681 -4.601 1.33468
371.662 -4.04043 26.3384
380.348 -21.5908 23.7708
375.925 -22.2123 1.3191
372.665 -3.91113 28.7754
386.776 -2.1846 49.9233
393.95 -19.7023 45.2382
381.351 -21.4615 26.2079
388.631 -1.94342 51.7877
409.681 0.7144 65.8848
414.687 -16.9308 59.7732
395.804 -19.4611 47.1026
412.102 1.03042 66.8907
436.879 4.24158 71.8351
439.344 -13.6644 65.1709
417.107 -16.6148 60.7791
439.494 4.58604 71.8315
464.256 7.85811 66.8749
464.143 -10.3881 60.6427
441.959 -13.3199 65.1673
466.67 8.18045 65.8636
487.661 11.0683 51.7494
485.32 -7.59049 46.9112
466.557 -10.0658 59.6313
489.506 11.3186 49.8858
503.551 13.2844 28.7191
499.679 -5.69071 26.0827
487.165 -7.34016 45.0476
504.549 13.4188 26.2876
509.489 14.0557 1.30636
505.066 -4.9779 1.31635
500.677 -5.55632 23.6511
509.49 14.0532 -1.32567
504.56 13.3285 -26.3036
500.677 -5.55898 -23.6505
505.067 -4.9804 -1.31568
503.563 13.1919 -28.7361
489.53 11.2459 -49.8905
487.165 -7.3452 -45.0482
499.679 -5.69554 -26.083
487.685 10.998 -51.7542
466.687 8.17277 -65.8723
466.558 -10.0684 -59.632
485.32 -7.59306 -46.9119
464.274 7.85242 -66.883
439.509 4.58519 -71.8326
441.96 -13.3205 -65.1674
464.144 -10.3887 -60.6428
436.894 4.24106 -71.836
412.117 1.03697 -66.8885
417.108 -16.615 -60.7789
439.344 -13.6646 -65.1707
409.696 0.722712 -65.8823
388.635 -1.87667 -51.793
395.804 -19.4593 -47.1021
414.687 -16.9292 -59.7727
386.78 -2.11528 -49.9285
372.643 -3.82512 -28.7567
381.35 -21.457 -26.2073
393.949 -19.6979 -45.2377
371.64 -3.95644 -26.32
366.681 -4.59856 -1.3033
375.925 -22.2098 -1.31888
380.347 -21.5883 -23.7706
-216.191 302.463 25.5583
-214.045 297.835 -0.149601
-216.25 302.392 -25.8664
-222.387 315.53 -47.7083
-231.416 335.339 -62.3294
-241.891 358.828 -67.4691
-252.187 382.396 -62.3309
-260.777 402.405 -47.7227
-266.455 415.779 -25.9036
-268.463 420.478 -0.197566
-266.517 415.793 25.5169
-260.842 402.437 47.35
-252.219 382.448 61.9704
-241.893 358.896 67.1238
-231.386 335.418 61.9982
-222.324 315.62 47.3869
382.635 -22.3855 1.31945e-05
387.058 -21.764 22.4517
399.656 -20.0048 41.4821
418.539 -17.4746 54.1528
440.776 -14.5241 58.5446
462.96 -11.5923 54.02
481.723 -9.11705 41.3
494.237 -7.4676 22.335
498.627 -6.88918 0.000239176
494.237 -7.46776 -22.3346
481.723 -9.11742 -41.2997
462.96 -11.5927 -54.0199
440.776 -14.5245 -58.5445
418.539 -17.4748 -54.1527
399.656 -20.0049 -41.4821
387.058 -21.764 -22.4517
</DataArray>
</Points>
<Cells>
<DataArray type="Int32" Name="connectivity" format="ascii">
0 1 529 528 1 17 530 529 17 16 531 530 16 0 528 531 1 2 533 532 2 18 534 533 18 17 535 534 17 1 532 535 2 3 537 536 3 19 538 537 19 18 539 538 18 2 536 539 3 4 541 540 4 20 542 541 20 19 543 542 19 3 540 543 4 5 545 544 5 21 546 545 21 20 547 546 20 4 544 547 5 6 549 548 6 22 550 549 22 21 551 550 21 5 548 551 6 7 553 552 7 23 554 553 23 22 555 554 22 6 552 555 7 8 557 556 8 24 558 557 24 23 559 558 23 7 556 559 8 9 561 560 9 25 562 561 25 24 563 562 24 8 560 563 9 10 565 564 10 26 566 565 26 25 567 566 25 9 564 567 10 11 569 568 11 27 570 569 27 26 571 570 26 10 568 571 11 12 573 572 12 28 574 573 28 27 575 574 27 11 572 575 12 13 577 576 13 29 578 577 29 28 579 578 28 12 576 579 13 14 581 580 14 30 582 581 30 29 583 582 29 13 580 583 14 15 585 584 15 31 586 585 31 30 587 586 30 14 584 587 15 0 589 588 0 16 590 589 16 31 591 590 31 15 588 591 16 17 593 592 17 33 594 593 33 32 595 594 32 16 592 595 18 34 597 596 34 33 598 597 33 17 599 598 17 18 596 599 19 35 601 600 35 34 602 601 34 18 603 602 18 19 600 603 20 36 605 604 36 35 606 605 35 19 607 606 19 20 604 607 21 37 609 608 37 36 610 609 36 20 611 610 20 21 608 611 22 38 613 612 38 37 614 613 37 21 615 614 21 22 612 615 23 39 617 616 39 38 618 617 38 22 619 618 22 23 616 619 24 40 621 620 40 39 622 621 39 23 623 622 23 24 620 623 25 41 625 624 41 40 626 625 40 24 627 626 24 25 624 627 26 42 629 628 42 41 630 629 41 25 631 630 25 26 628 631 27 43 633 632 43 42 634 633 42 26 635 634 26 27 632 635 28 44 637 636 44 43 638 637 43 27 639 638 27 28 636 639 29 45 641 640 45 44 642 641 44 28 643 642 28 29 640 643 30 46 645 644 46 45 646 645 45 29 647 646 29 30 644 647 31 47 649 648 47 46 650 649 46 30 651 650 30 31 648 651 31 16 653 652 16 32 654 653 32 47 655 654 47 31 652 655 32 33 657 656 33 49 658 657 49 48 659 658 48 32 656 659 33 34 661 660 34 50 662 661 50 49 663 662 49 33 660 663 34 35 665 664 35 51 666 665 51 50 667 666 50 34 664 667 35 36 669 668 36 52 670 669 52 51 671 670 51 35 668 671 36 37 673 672 37 53 674 673 53 52 675 674 52 36 672 675 37 38 677 676 38 54 678 677 54 53 679 678 53 37 676 679 38 39 681 680 39 55 682 681 55 54 683 682 54 38 680 683 39 40 685 684 40 56 686 685 56 55 687 686 55 39 684 687 40 41 689 688 41 57 690 689 57 56 691 690 56 40 688 691 41 42 693 692 42 58 694 693 58 57 695 694 57 41 692 695 42 43 697 696 43 59 698 697 59 58 699 698 58 42 696 699 43 44 701 700 44 60 702 701 60 59 703 702 59 43 700 703 44 45 705 704 45 61 706 705 61 60 707 706 60 44 704 707 45 46 709 708 46 62 710 709 62 61 711 710 61 45 708 711 46 47 713 712 47 63 714 713 63 62 715 714 62 46 712 715 47 32 717 716 32 48 718 717 48 63 719 718 63 47 716 719 48 49 721 720 49 65 722 721 65 64 723 722 64 48 720 723 49 50 725 724 50 66 726 725 66 65 727 726 65 49 724 727 50 51 729 728 51 67 730 729 67 66 731 730 66 50 728 731 51 52 733 732 52 68 734 733 68 67 735 734 67 51 732 735 52 53 737 736 53 69 738 737 69 68 739 738 68 52 736 739 53 54 741 740 54 70 742 741 70 69 743 742 69 53 740 743 54 55 745 744 55 71 746 745 71 70 747 746 70 54 744 747 55 56 749 748 56 72 750 749 72 71 751 750 71 55 748 751 56 57 753 752 57 73 754 753 73 72 755 754 72 56 752 755 57 58 757 756 58 74 758 757 74 73 759 758 73 57 756 759 58 59 761 760 59 75 762 761 75 74 763 762 74 58 760 763 59 60 765 764 60 76 766 765 76 75 767 766 75 59 764 767 60 61 769 768 61 77 770 769 77 76 771 770 76 60 768 771 61 62 773 772 62 78 774 773 78 77 775 774 77 61 772 775 62 63 777 776 63 79 778 777 79 78 779 778 78 62 776 779 63 48 781 780 48 64 782 781 64 79 783 782 79 63 780 783 64 65 785 784 65 81 786 785 81 80 787 786 80 64 784 787 65 66 789 788 66 82 790 789 82 81 791 790 81 65 788 791 66 67 793 792 67 83 794 793 83 82 795 794 82 66 792 795 67 68 797 796 68 84 798 797 84 83 799 798 83 67 796 799 68 69 801 800 69 85 802 801 85 84 803 802 84 68 800 803 69 70 805 804 70 86 806 805 86 85 807 806 85 69 804 807 70 71 809 808 71 87 810 809 87 86 811 810 86 70 808 811 71 72 813 812 72 88 814 813 88 87 815 814 87 71 812 815 72 73 817 816 73 89 818 817 89 88 819 818 88 72 816 819 73 74 821 820 74 90 822 821 90 89 823 822 89 73 820 823 74 75 825 824 75 91 826 825 91 90 827 826 90 74 824 827 75 76 829 828 76 92 830 829 92 91 831 830 91 75 828 831 76 77 833 832 77 93 834 833 93 92 835 834 92 76 832 835 77 78 837 836 78 94 838 837 94 93 839 838 93 77 836 839 78 79 841 840 79 95 842 841 95 94 843 842 94 78 840 843 79 64 845 844 64 80 846 845 80 95 847 846 95 79 844 847 80 81 849 848 81 97 850 849 97 96 851 850 96 80 848 851 81 82 853 852 82 98 854 853 98 97 855 854 97 81 852 855 82 83 857 856 83 99 858 857 99 98 859 858 98 82 856 859 83 84 861 860 84 100 862 861 100 99 863 862 99 83 860 863 84 85 865 864 85 101 866 865 101 100 867 866 100 84 864 867 85 86 869 868 86 102 870 869 102 101 871 870 101 85 868 871 86 87 873 872 87 103 874 873 103 102 875 874 102 86 872 875 87 88 877 876 88 104 878 877 104 103 879 878 103 87 876 879 88 89 881 880 89 105 882 881 105 104 883 882 104 88 880 883 89 90 885 884 90 106 886 885 106 105 887 886 105 89 884 887 90 91 889 888 91 107 890 889 107 106 891 890 106 90 888 891 91 92 893 892 92 108 894 893 108 107 895 894 107 91 892 895 92 93 897 896 93 109 898 897 109 108 899 898 108 92 896 899 93 94 901 900 94 110 902 901 110 109 903 902 109 93 900 903 94 95 905 904 95 111 906 905 111 110 907 906 110 94 904 907 95 80 909 908 80 96 910 909 96 111 911 910 111 95 908 911 96 97 913 912 97 113 914 913 113 112 915 914 112 96 912 915 97 98 917 916 98 114 918 917 114 113 919 918 113 97 916 919 98 99 921 920 99 115 922 921 115 114 923 922 114 98 920 923 99 100 925 924 100 116 926 925 116 115 927 926 115 99 924 927 100 101 929 928 101 117 930 929 117 116 931 930 116 100 928 931 101 102 933 932 102 118 934 933 118 117 935 934 117 101 932 935 102 103 937 936 103 119 938 937 119 118 939 938 118 102 936 939 103 104 941 940 104 120 942 941 120 119 943 942 119 103 940 943 104 105 945 944 105 121 946 945 121 120 947 946 120 104 944 947 105 106 949 948 106 122 950 949 122 121 951 950 121 105 948 951 106 107 953 952 107 123 954 953 123 122 955 954 122 106 952 955 107 108 957 956 108 124 958 957 124 123 959 958 123 107 956 959 108 109 961 960 109 125 962 961 125 124 963 962 124 108 960 963 109 110 965 964 110 126 966 965 126 125 967 966 125 109 964 967 110 111 969 968 111 127 970 969 127 126 971 970 126 110 968 971 111 96 973 972 96 112 974 973 112 127 975 974 127 111 972 975 112 113 977 976 113 129 978 977 129 128 979 978 128 112 976 979 113 114 981 980 114 130 982 981 130 129 983 982 129 113 980 983 114 115 985 984 115 131 986 985 131 130 987 986 130 114 984 987 115 116 989 988 116 132 990 989 132 131 991 990 131 115 988 991 116 117 993 992 117 133 994 993 133 132 995 994 132 116 992 995 117 118 997 996 118 134 998 997 134 133 999 998 133 117 996 999 118 119 1001 1000 119 135 1002 1001 135 134 1003 1002 134 118 1000 1003 119 120 1005 1004 120 136 1006 1005 136 135 1007 1006 135 119 1004 1007 120 121 1009 1008 121 137 1010 1009 137 136 1011 1010 136 120 1008 1011 121 122 1013 1012 122 138 1014 1013 138 137 1015 1014 137 121 1012 1015 122 123 1017 1016 123 139 1018 1017 139 138 1019 1018 138 122 1016 1019 123 124 1021 1020 124 140 1022 1021 140 139 1023 1022 139 123 1020 1023 124 125 1025 1024 125 141 1026 1025 141 140 1027 1026 140 124 1024 1027 125 126 1029 1028 126 142 1030 1029 142 141 1031 1030 141 125 1028 1031 126 127 1033 1032 127 143 1034 1033 143 142 1035 1034 142 126 1032 1035 127 112 1037 1036 112 128 1038 1037 128 143 1039 1038 143 127 1036 1039 128 129 1041 1040 129 145 1042 1041 145 144 1043 1042 144 128 1040 1043 129 130 1045 1044 130 146 1046 1045 146 145 1047 1046 145 129 1044 1047 130 131 1049 1048 131 147 1050 1049 147 146 1051 1050 146 130 1048 1051 131 132 1053 1052 132 148 1054 1053 148 147 1055 1054 147 131 1052 1055 132 133 1057 1056 133 149 1058 1057 149 148 1059 1058 148 132 1056 1059 133 134 1061 1060 134 150 1062 1061 150 149 1063 1062 149 133 1060 1063 134 135 1065 1064 135 151 1066 1065 151 150 1067 1066 150 134 1064 1067 135 136 1069 1068 136 152 1070 1069 152 151 1071 1070 151 135 1068 1071 136 137 1073 1072 137 153 1074 1073 153 152 1075 1074 152 136 1072 1075 137 138 1077 1076 138 154 1078 1077 154 153 1079 1078 153 137 1076 1079 138 139 1081 1080 139 155 1082 1081 155 154 1083 1082 154 138 1080 1083 139 140 1085 1084 140 156 1086 1085 156 155 1087 1086 155 139 1084 1087 140 141 1089 1088 141 157 1090 1089 157 156 1091 1090 156 140 1088 1091 141 142 1093 1092 142 158 1094 1093 158 157 1095 1094 157 141 1092 1095 142 143 1097 1096 143 159 1098 1097 159 158 1099 1098 158 142 1096 1099 143 128 1101 1100 128 144 1102 1101 144 159 1103 1102 159 143 1100 1103 144 145 1105 1104 145 161 1106 1105 161 160 1107 1106 160 144 1104 1107 145 146 1109 1108 146 162 1110 1109 162 161 1111 1110 161 145 1108 1111 146 147 1113 1112 147 163 1114 1113 163 162 1115 1114 162 146 1112 1115 147 148 1117 1116 148 164 1118 1117 164 163 1119 1118 163 147 1116 1119 148 149 1121 1120 149 165 1122 1121 165 164 1123 1122 164 148 1120 1123 149 150 1125 1124 150 166 1126 1125 166 165 1127 1126 165 149 1124 1127 150 151 1129 1128 151 167 1130 1129 167 166 1131 1130 166 150 1128 1131 151 152 1133 1132 152 168 1134 1133 168 167 1135 1134 167 151 1132 1135 152 153 1137 1136 153 169 1138 1137 169 168 1139 1138 168 152 1136 1139 153 154 1141 1140 154 170 1142 1141 170 169 1143 1142 169 153 1140 1143 154 155 1145 1144 155 171 1146 1145 171 170 1147 1146 170 154 1144 1147 155 156 1149 1148 156 172 1150 1149 172 171 1151 1150 171 155 1148 1151 156 157 1153 1152 157 173 1154 1153 173 172 1155 1154 172 156 1152 1155 157 158 1157 1156 158 174 1158 1157 174 173 1159 1158 173 157 1156 1159 158 159 1161 1160 159 175 1162 1161 175 174 1163 1162 174 158 1160 1163 159 144 1165 1164 144 160 1166 1165 160 175 1167 1166 175 159 1164 1167 160 161 1169 1168 161 177 1170 1169 177 176 1171 1170 176 160 1168 1171 161 162 1173 1172 162 178 1174 1173 178 177 1175 1174 177 161 1172 1175 162 163 1177 1176 163 179 1178 1177 179 178 1179 1178 178 162 1176 1179 163 164 1181 1180 164 180 1182 1181 180 179 1183 1182 179 163 1180 1183 164 165 1185 1184 165 181 1186 1185 181 180 1187 1186 180 164 1184 1187 165 166 1189 1188 166 182 1190 1189 182 181 1191 1190 181 165 1188 1191 166 167 1193 1192 167 183 1194 1193 183 182 1195 1194 182 166 1192 1195 167 168 1197 1196 168 184 1198 1197 184 183 1199 1198 183 167 1196 1199 168 169 1201 1200 169 185 1202 1201 185 184 1203 1202 184 168 1200 1203 169 170 1205 1204 170 186 1206 1205 186 185 1207 1206 185 169 1204 1207 170 171 1209 1208 171 187 1210 1209 187 186 1211 1210 186 170 1208 1211 171 172 1213 1212 172 188 1214 1213 188 187 1215 1214 187 171 1212 1215 172 173 1217 1216 173 189 1218 1217 189 188 1219 1218 188 172 1216 1219 173 174 1221 1220 174 190 1222 1221 190 189 1223 1222 189 173 1220 1223 174 175 1225 1224 175 191 1226 1225 191 190 1227 1226 190 174 1224 1227 175 160 1229 1228 160 176 1230 1229 176 191 1231 1230 191 175 1228 1231 176 177 1233 1232 177 193 1234 1233 193 192 1235 1234 192 176 1232 1235 177 178 1237 1236 178 194 1238 1237 194 193 1239 1238 193 177 1236 1239 178 179 1241 1240 179 195 1242 1241 195 194 1243 1242 194 178 1240 1243 179 180 1245 1244 180 196 1246 1245 196 195 1247 1246 195 179 1244 1247 180 181 1249 1248 181 197 1250 1249 197 196 1251 1250 196 180 1248 1251 181 182 1253 1252 182 198 1254 1253 198 197 1255 1254 197 181 1252 1255 182 183 1257 1256 183 199 1258 1257 199 198 1259 1258 198 182 1256 1259 183 184 1261 1260 184 200 1262 1261 200 199 1263 1262 199 183 1260 1263 184 185 1265 1264 185 201 1266 1265 201 200 1267 1266 200 184 1264 1267 185 186 1269 1268 186 202 1270 1269 202 201 1271 1270 201 185 1268 1271 186 187 1273 1272 187 203 1274 1273 203 202 1275 1274 202 186 1272 1275 187 188 1277 1276 188 204 1278 1277 204 203 1279 1278 203 187 1276 1279 188 189 1281 1280 189 205 1282 1281 205 204 1283 1282 204 188 1280 1283 189 190 1285 1284 190 206 1286 1285 206 205 1287 1286 205 189 1284 1287 190 191 1289 1288 191 207 1290 1289 207 206 1291 1290 206 190 1288 1291 191 176 1293 1292 176 192 1294 1293 192 207 1295 1294 207 191 1292 1295 192 193 1297 1296 193 209 1298 1297 209 208 1299 1298 208 192 1296 1299 193 194 1301 1300 194 210 1302 1301 210 209 1303 1302 209 193 1300 1303 194 195 1305 1304 195 211 1306 1305 211 210 1307 1306 210 194 1304 1307 195 196 1309 1308 196 212 1310 1309 212 211 1311 1310 211 195 1308 1311 196 197 1313 1312 197 213 1314 1313 213 212 1315 1314 212 196 1312 1315 197 198 1317 1316 198 214 1318 1317 214 213 1319 1318 213 197 1316 1319 198 199 1321 1320 199 215 1322 1321 215 214 1323 1322 214 198 1320 1323 199 200 1325 1324 200 216 1326 1325 216 215 1327 1326 215 199 1324 1327 200 201 1329 1328 201 217 1330 1329 217 216 1331 1330 216 200 1328 1331 201 202 1333 1332 202 218 1334 1333 218 217 1335 1334 217 201 1332 1335 202 203 1337 1336 203 219 1338 1337 219 218 1339 1338 218 202 1336 1339 203 204 1341 1340 204 220 1342 1341 220 219 1343 1342 219 203 1340 1343 204 205 1345 1344 205 221 1346 1345 221 220 1347 1346 220 204 1344 1347 205 206 1349 1348 206 222 1350 1349 222 221 1351 1350 221 205 1348 1351 206 207 1353 1352 207 223 1354 1353 223 222 1355 1354 222 206 1352 1355 207 192 1357 1356 192 208 1358 1357 208 223 1359 1358 223 207 1356 1359 208 209 1361 1360 209 225 1362 1361 225 224 1363 1362 224 208 1360 1363 209 210 1365 1364 210 226 1366 1365 226 225 1367 1366 225 209 1364 1367 210 211 1369 1368 211 227 1370 1369 227 226 1371 1370 226 210 1368 1371 211 212 1373 1372 212 228 1374 1373 228 227 1375 1374 227 211 1372 1375 212 213 1377 1376 213 229 1378 1377 229 228 1379 1378 228 212 1376 1379 213 214 1381 1380 214 230 1382 1381 230 229 1383 1382 229 213 1380 1383 214 215 1385 1384 215 231 1386 1385 231 230 1387 1386 230 214 1384 1387 215 216 1389 1388 216 232 1390 1389 232 231 1391 1390 231 215 1388 1391 216 217 1393 1392 217 233 1394 1393 233 232 1395 1394 232 216 1392 1395 217 218 1397 1396 218 234 1398 1397 234 233 1399 1398 233 217 1396 1399 218 219 1401 1400 219 235 1402 1401 235 234 1403 1402 234 218 1400 1403 219 220 1405 1404 220 236 1406 1405 236 235 1407 1406 235 219 1404 1407 220 221 1409 1408 221 237 1410 1409 237 236 1411 1410 236 220 1408 1411 221 222 1413 1412 222 238 1414 1413 238 237 1415 1414 237 221 1412 1415 222 223 1417 1416 223 239 1418 1417 239 238 1419 1418 238 222 1416 1419 223 208 1421 1420 208 224 1422 1421 224 239 1423 1422 239 223 1420 1423 224 225 1425 1424 225 241 1426 1425 241 240 1427 1426 240 224 1424 1427 225 226 1429 1428 226 242 1430 1429 242 241 1431 1430 241 225 1428 1431 226 227 1433 1432 227 243 1434 1433 243 242 1435 1434 242 226 1432 1435 227 228 1437 1436 228 244 1438 1437 244 243 1439 1438 243 227 1436 1439 228 229 1441 1440 229 245 1442 1441 245 244 1443 1442 244 228 1440 1443 229 230 1445 1444 230 246 1446 1445 246 245 1447 1446 245 229 1444 1447 230 231 1449 1448 231 247 1450 1449 247 246 1451 1450 246 230 1448 1451 231 232 1453 1452 232 248 1454 1453 248 247 1455 1454 247 231 1452 1455 232 233 1457 1456 233 249 1458 1457 249 248 1459 1458 248 232 1456 1459 233 234 1461 1460 234 250 1462 1461 250 249 1463 1462 249 233 1460 1463 234 235 1465 1464 235 251 1466 1465 251 250 1467 1466 250 234 1464 1467 235 236 1469 1468 236 252 1470 1469 252 251 1471 1470 251 235 1468 1471 236 237 1473 1472 237 253 1474 1473 253 252 1475 1474 252 236 1472 1475 237 238 1477 1476 238 254 1478 1477 254 253 1479 1478 253 237 1476 1479 238 239 1481 1480 239 255 1482 1481 255 254 1483 1482 254 238 1480 1483 239 224 1485 1484 224 240 1486 1485 240 255 1487 1486 255 239 1484 1487 240 241 1489 1488 241 257 1490 1489 257 256 1491 1490 256 240 1488 1491 241 242 1493 1492 242 258 1494 1493 258 257 1495 1494 257 241 1492 1495 242 243 1497 1496 243 259 1498 1497 259 258 1499 1498 258 242 1496 1499 243 244 1501 1500 244 260 1502 1501 260 259 1503 1502 259 243 1500 1503 244 245 1505 1504 245 261 1506 1505 261 260 1507 1506 260 244 1504 1507 245 246 1509 1508 246 262 1510 1509 262 261 1511 1510 261 245 1508 1511 246 247 1513 1512 247 263 1514 1513 263 262 1515 1514 262 246 1512 1515 247 248 1517 1516 248 264 1518 1517 264 263 1519 1518 263 247 1516 1519 248 249 1521 1520 249 265 1522 1521 265 264 1523 1522 264 248 1520 1523 249 250 1525 1524 250 266 1526 1525 266 265 1527 1526 265 249 1524 1527 250 251 1529 1528 251 267 1530 1529 267 266 1531 1530 266 250 1528 1531 251 252 1533 1532 252 268 1534 1533 268 267 1535 1534 267 251 1532 1535 252 253 1537 1536 253 269 1538 1537 269 268 1539 1538 268 252 1536 1539 253 254 1541 1540 254 270 1542 1541 270 269 1543 1542 269 253 1540 1543 254 255 1545 1544 255 271 1546 1545 271 270 1547 1546 270 254 1544 1547 255 240 1549 1548 240 256 1550 1549 256 271 1551 1550 271 255 1548 1551 256 257 1553 1552 257 273 1554 1553 273 272 1555 1554 272 256 1552 1555 257 258 1557 1556 258 274 1558 1557 274 273 1559 1558 273 257 1556 1559 258 259 1561 1560 259 275 1562 1561 275 274 1563 1562 274 258 1560 1563 259 260 1565 1564 260 276 1566 1565 276 275 1567 1566 275 259 1564 1567 260 261 1569 1568 261 277 1570 1569 277 276 1571 1570 276 260 1568 1571 261 262 1573 1572 262 278 1574 1573 278 277 1575 1574 277 261 1572 1575 262 263 1577 1576 263 279 1578 1577 279 278 1579 1578 278 262 1576 1579 263 264 1581 1580 264 280 1582 1581 280 279 1583 1582 279 263 1580 1583 264 265 1585 1584 265 281 1586 1585 281 280 1587 1586 280 264 1584 1587 265 266 1589 1588 266 282 1590 1589 282 281 1591 1590 281 265 1588 1591 266 267 1593 1592 267 283 1594 1593 283 282 1595 1594 282 266 1592 1595 267 268 1597 1596 268 284 1598 1597 284 283 1599 1598 283 267 1596 1599 268 269 1601 1600 269 285 1602 1601 285 284 1603 1602 284 268 1600 1603 269 270 1605 1604 270 286 1606 1605 286 285 1607 1606 285 269 1604 1607 270 271 1609 1608 271 287 1610 1609 287 286 1611 1610 286 270 1608 1611 271 256 1613 1612 256 272 1614 1613 272 287 1615 1614 287 271 1612 1615 272 273 1617 1616 273 289 1618 1617 289 288 1619 1618 288 272 1616 1619 273 274 1621 1620 274 290 1622 1621 290 289 1623 1622 289 273 1620 1623 274 275 1625 1624 275 291 1626 1625 291 290 1627 1626 290 274 1624 1627 275 276 1629 1628 276 292 1630 1629 292 291 1631 1630 291 275 1628 1631 276 277 1633 1632 277 293 1634 1633 293 292 1635 1634 292 276 1632 1635 277 278 1637 1636 278 294 1638 1637 294 293 1639 1638 293 277 1636 1639 278 279 1641 1640 279 295 1642 1641 295 294 1643 1642 294 278 1640 1643 279 280 1645 1644 280 296 1646 1645 296 295 1647 1646 295 279 1644 1647 280 281 1649 1648 281 297 1650 1649 297 296 1651 1650 296 280 1648 1651 281 282 1653 1652 282 298 1654 1653 298 297 1655 1654 297 281 1652 1655 282 283 1657 1656 283 299 1658 1657 299 298 1659 1658 298 282 1656 1659 283 284 1661 1660 284 300 1662 1661 300 299 1663 1662 299 283 1660 1663 284 285 1665 1664 285 301 1666 1665 301 300 1667 1666 300 284 1664 1667 285 286 1669 1668 286 302 1670 1669 302 301 1671 1670 301 285 1668 1671 286 287 1673 1672 287 303 1674 1673 303 302 1675 1674 302 286 1672 1675 287 272 1677 1676 272 288 1678 1677 288 303 1679 1678 303 287 1676 1679 288 289 1681 1680 289 305 1682 1681 305 304 1683 1682 304 288 1680 1683 289 290 1685 1684 290 306 1686 1685 306 305 1687 1686 305 289 1684 1687 290 291 1689 1688 291 307 1690 1689 307 306 1691 1690 306 290 1688 1691 291 292 1693 1692 292 308 1694 1693 308 307 1695 1694 307 291 1692 1695 292 293 1697 1696 293 309 1698 1697 309 308 1699 1698 308 292 1696 1699 293 294 1701 1700 294 310 1702 1701 310 309 1703 1702 309 293 1700 1703 294 295 1705 1704 295 311 1706 1705 311 310 1707 1706 310 294 1704 1707 295 296 1709 1708 296 312 1710 1709 312 311 1711 1710 311 295 1708 1711 296 297 1713 1712 297 313 1714 1713 313 312 1715 1714 312 296 1712 1715 297 298 1717 1716 298 314 1718 1717 314 313 1719 1718 313 297 1716 1719 298 299 1721 1720 299 315 1722 1721 315 314 1723 1722 314 298 1720 1723 299 300 1725 1724 300 316 1726 1725 316 315 1727 1726 315 299 1724 1727 300 301 1729 1728 301 317 1730 1729 317 316 1731 1730 316 300 1728 1731 301 302 1733 1732 302 318 1734 1733 318 317 1735 1734 317 301 1732 1735 302 303 1737 1736 303 319 1738 1737 319 318 1739 1738 318 302 1736 1739 303 288 1741 1740 288 304 1742 1741 304 319 1743 1742 319 303 1740 1743 304 305 1745 1744 305 321 1746 1745 321 320 1747 1746 320 304 1744 1747 305 306 1749 1748 306 322 1750 1749 322 321 1751 1750 321 305 1748 1751 306 307 1753 1752 307 323 1754 1753 323 322 1755 1754 322 306 1752 1755 307 308 1757 1756 308 324 1758 1757 324 323 1759 1758 323 307 1756 1759 308 309 1761 1760 309 325 1762 1761 325 324 1763 1762 324 308 1760 1763 309 310 1765 1764 310 326 1766 1765 326 325 1767 1766 325 309 1764 1767 310 311 1769 1768 311 327 1770 1769 327 326 1771 1770 326 310 1768 1771 311 312 1773 1772 312 328 1774 1773 328 327 1775 1774 327 311 1772 1775 312 313 1777 1776 313 329 1778 1777 329 328 1779 1778 328 312 1776 1779 313 314 1781 1780 314 330 1782 1781 330 329 1783 1782 329 313 1780 1783 314 315 1785 1784 315 331 1786 1785 331 330 1787 1786 330 314 1784 1787 315 316 1789 1788 316 332 1790 1789 332 331 1791 1790 331 315 1788 1791 316 317 1793 1792 317 333 1794 1793 333 332 1795 1794 332 316 1792 1795 317 318 1797 1796 318 334 1798 1797 334 333 1799 1798 333 317 1796 1799 318 319 1801 1800 319 335 1802 1801 335 334 1803 1802 334 318 1800 1803 319 304 1805 1804 304 320 1806 1805 320 335 1807 1806 335 319 1804 1807 320 321 1809 1808 321 337 1810 1809 337 336 1811 1810 336 320 1808 1811 321 322 1813 1812 322 338 1814 1813 338 337 1815 1814 337 321 1812 1815 322 323 1817 1816 323 339 1818 1817 339 338 1819 1818 338 322 1816 1819 323 324 1821 1820 324 340 1822 1821 340 339 1823 1822 339 323 1820 1823 324 325 1825 1824 325 341 1826 1825 341 340 1827 1826 340 324 1824 1827 325 326 1829 1828 326 342 1830 1829 342 341 1831 1830 341 325 1828 1831 326 327 1833 1832 327 343 1834 1833 343 342 1835 1834 342 326 1832 1835 327 328 1837 1836 328 344 1838 1837 344 343 1839 1838 343 327 1836 1839 328 329 1841 1840 329 345 1842 1841 345 344 1843 1842 344 328 1840 1843 329 330 1845 1844 330 346 1846 1845 346 345 1847 1846 345 329 1844 1847 330 331 1849 1848 331 347 1850 1849 347 346 1851 1850 346 330 1848 1851 331 332 1853 1852 332 348 1854 1853 348 347 1855 1854 347 331 1852 1855 332 333 1857 1856 333 349 1858 1857 349 348 1859 1858 348 332 1856 1859 333 334 1861 1860 334 350 1862 1861 350 349 1863 1862 349 333 1860 1863 334 335 1865 1864 335 351 1866 1865 351 350 1867 1866 350 334 1864 1867 335 320 1869 1868 320 336 1870 1869 336 351 1871 1870 351 335 1868 1871 336 337 1873 1872 337 353 1874 1873 353 352 1875 1874 352 336 1872 1875 337 338 1877 1876 338 354 1878 1877 354 353 1879 1878 353 337 1876 1879 338 339 1881 1880 339 355 1882 1881 355 354 1883 1882 354 338 1880 1883 339 340 1885 1884 340 356 1886 1885 356 355 1887 1886 355 339 1884 1887 340 341 1889 1888 341 357 1890 1889 357 356 1891 1890 356 340 1888 1891 341 342 1893 1892 342 358 1894 1893 358 357 1895 1894 357 341 1892 1895 342 343 1897 1896 343 359 1898 1897 359 358 1899 1898 358 342 1896 1899 343 344 1901 1900 344 360 1902 1901 360 359 1903 1902 359 343 1900 1903 344 345 1905 1904 345 361 1906 1905 361 360 1907 1906 360 344 1904 1907 345 346 1909 1908 346 362 1910 1909 362 361 1911 1910 361 345 1908 1911 346 347 1913 1912 347 363 1914 1913 363 362 1915 1914 362 346 1912 1915 347 348 1917 1916 348 364 1918 1917 364 363 1919 1918 363 347 1916 1919 348 349 1921 1920 349 365 1922 1921 365 364 1923 1922 364 348 1920 1923 349 350 1925 1924 350 366 1926 1925 366 365 1927 1926 365 349 1924 1927 350 351 1929 1928 351 367 1930 1929 367 366 1931 1930 366 350 1928 1931 351 336 1933 1932 336 352 1934 1933 352 367 1935 1934 367 351 1932 1935 352 353 1937 1936 353 369 1938 1937 369 368 1939 1938 368 352 1936 1939 353 354 1941 1940 354 370 1942 1941 370 369 1943 1942 369 353 1940 1943 354 355 1945 1944 355 371 1946 1945 371 370 1947 1946 370 354 1944 1947 355 356 1949 1948 356 372 1950 1949 372 371 1951 1950 371 355 1948 1951 356 357 1953 1952 357 373 1954 1953 373 372 1955 1954 372 356 1952 1955 357 358 1957 1956 358 374 1958 1957 374 373 1959 1958 373 357 1956 1959 358 359 1961 1960 359 375 1962 1961 375 374 1963 1962 374 358 1960 1963 359 360 1965 1964 360 376 1966 1965 376 375 1967 1966 375 359 1964 1967 360 361 1969 1968 361 377 1970 1969 377 376 1971 1970 376 360 1968 1971 361 362 1973 1972 362 378 1974 1973 378 377 1975 1974 377 361 1972 1975 362 363 1977 1976 363 379 1978 1977 379 378 1979 1978 378 362 1976 1979 363 364 1981 1980 364 380 1982 1981 380 379 1983 1982 379 363 1980 1983 364 365 1985 1984 365 381 1986 1985 381 380 1987 1986 380 364 1984 1987 365 366 1989 1988 366 382 1990 1989 382 381 1991 1990 381 365 1988 1991 366 367 1993 1992 367 383 1994 1993 383 382 1995 1994 382 366 1992 1995 367 352 1997 1996 352 368 1998 1997 368 383 1999 1998 383 367 1996 1999 368 369 2001 2000 369 385 2002 2001 385 384 2003 2002 384 368 2000 2003 369 370 2005 2004 370 386 2006 2005 386 385 2007 2006 385 369 2004 2007 370 371 2009 2008 371 387 2010 2009 387 386 2011 2010 386 370 2008 2011 371 372 2013 2012 372 388 2014 2013 388 387 2015 2014 387 371 2012 2015 372 373 2017 2016 373 389 2018 2017 389 388 2019 2018 388 372 2016 2019 373 374 2021 2020 374 390 2022 2021 390 389 2023 2022 389 373 2020 2023 374 375 2025 2024 375 391 2026 2025 391 390 2027 2026 390 374 2024 2027 375 376 2029 2028 376 392 2030 2029 392 391 2031 2030 391 375 2028 2031 376 377 2033 2032 377 393 2034 2033 393 392 2035 2034 392 376 2032 2035 377 378 2037 2036 378 394 2038 2037 394 393 2039 2038 393 377 2036 2039 378 379 2041 2040 379 395 2042 2041 395 394 2043 2042 394 378 2040 2043 379 380 2045 2044 380 396 2046 2045 396 395 2047 2046 395 379 2044 2047 380 381 2049 2048 381 397 2050 2049 397 396 2051 2050 396 380 2048 2051 381 382 2053 2052 382 398 2054 2053 398 397 2055 2054 397 381 2052 2055 382 383 2057 2056 383 399 2058 2057 399 398 2059 2058 398 382 2056 2059 383 368 2061 2060 368 384 2062 2061 384 399 2063 2062 399 383 2060 2063 384 385 2065 2064 385 401 2066 2065 401 400 2067 2066 400 384 2064 2067 385 386 2069 2068 386 402 2070 2069 402 401 2071 2070 401 385 2068 2071 386 387 2073 2072 387 403 2074 2073 403 402 2075 2074 402 386 2072 2075 387 388 2077 2076 388 404 2078 2077 404 403 2079 2078 403 387 2076 2079 388 389 2081 2080 389 405 2082 2081 405 404 2083 2082 404 388 2080 2083 389 390 2085 2084 390 406 2086 2085 406 405 2087 2086 405 389 2084 2087 390 391 2089 2088 391 407 2090 2089 407 406 2091 2090 406 390 2088 2091 391 392 2093 2092 392 408 2094 2093 408 407 2095 2094 407 391 2092 2095 392 393 2097 2096 393 409 2098 2097 409 408 2099 2098 408 392 2096 2099 393 394 2101 2100 394 410 2102 2101 410 409 2103 2102 409 393 2100 2103 394 395 2105 2104 395 411 2106 2105 411 410 2107 2106 410 394 2104 2107 395 396 2109 2108 396 412 2110 2109 412 411 2111 2110 411 395 2108 2111 396 397 2113 2112 397 413 2114 2113 413 412 2115 2114 412 396 2112 2115 397 398 2117 2116 398 414 2118 2117 414 413 2119 2118 413 397 2116 2119 398 399 2121 2120 399 415 2122 2121 415 414 2123 2122 414 398 2120 2123 399 384 2125 2124 384 400 2126 2125 400 415 2127 2126 415 399 2124 2127 400 401 2129 2128 401 417 2130 2129 417 416 2131 2130 416 400 2128 2131 401 402 2133 2132 402 418 2134 2133 418 417 2135 2134 417 401 2132 2135 402 403 2137 2136 403 419 2138 2137 419 418 2139 2138 418 402 2136 2139 403 404 2141 2140 404 420 2142 2141 420 419 2143 2142 419 403 2140 2143 404 405 2145 2144 405 421 2146 2145 421 420 2147 2146 420 404 2144 2147 405 406 2149 2148 406 422 2150 2149 422 421 2151 2150 421 405 2148 2151 406 407 2153 2152 407 423 2154 2153 423 422 2155 2154 422 406 2152 2155 407 408 2157 2156 408 424 2158 2157 424 423 2159 2158 423 407 2156 2159 408 409 2161 2160 409 425 2162 2161 425 424 2163 2162 424 408 2160 2163 409 410 2165 2164 410 426 2166 2165 426 425 2167 2166 425 409 2164 2167 410 411 2169 2168 411 427 2170 2169 427 426 2171 2170 426 410 2168 2171 411 412 2173 2172 412 428 2174 2173 428 427 2175 2174 427 411 2172 2175 412 413 2177 2176 413 429 2178 2177 429 428 2179 2178 428 412 2176 2179 413 414 2181 2180 414 430 2182 2181 430 429 2183 2182 429 413 2180 2183 414 415 2185 2184 415 431 2186 2185 431 430 2187 2186 430 414 2184 2187 415 400 2189 2188 400 416 2190 2189 416 431 2191 2190 431 415 2188 2191 416 417 2193 2192 417 433 2194 2193 433 432 2195 2194 432 416 2192 2195 417 418 2197 2196 418 434 2198 2197 434 433 2199 2198 433 417 2196 2199 418 419 2201 2200 419 435 2202 2201 435 434 2203 2202 434 418 2200 2203 419 420 2205 2204 420 436 2206 2205 436 435 2207 2206 435 419 2204 2207 420 421 2209 2208 421 437 2210 2209 437 436 2211 2210 436 420 2208 2211 421 422 2213 2212 422 438 2214 2213 438 437 2215 2214 437 421 2212 2215 422 423 2217 2216 423 439 2218 2217 439 438 2219 2218 438 422 2216 2219 423 424 2221 2220 424 440 2222 2221 440 439 2223 2222 439 423 2220 2223 424 425 2225 2224 425 441 2226 2225 441 440 2227 2226 440 424 2224 2227 425 426 2229 2228 426 442 2230 2229 442 441 2231 2230 441 425 2228 2231 426 427 2233 2232 427 443 2234 2233 443 442 2235 2234 442 426 2232 2235 427 428 2237 2236 428 444 2238 2237 444 443 2239 2238 443 427 2236 2239 428 429 2241 2240 429 445 2242 2241 445 444 2243 2242 444 428 2240 2243 429 430 2245 2244 430 446 2246 2245 446 445 2247 2246 445 429 2244 2247 430 431 2249 2248 431 447 2250 2249 447 446 2251 2250 446 430 2248 2251 431 416 2253 2252 416 432 2254 2253 432 447 2255 2254 447 431 2252 2255 432 433 2257 2256 433 449 2258 2257 449 448 2259 2258 448 432 2256 2259 433 434 2261 2260 434 450 2262 2261 450 449 2263 2262 449 433 2260 2263 434 435 2265 2264 435 451 2266 2265 451 450 2267 2266 450 434 2264 2267 435 436 2269 2268 436 452 2270 2269 452 451 2271 2270 451 435 2268 2271 436 437 2273 2272 437 453 2274 2273 453 452 2275 2274 452 436 2272 2275 437 438 2277 2276 438 454 2278 2277 454 453 2279 2278 453 437 2276 2279 438 439 2281 2280 439 455 2282 2281 455 454 2283 2282 454 438 2280 2283 439 440 2285 2284 440 456 2286 2285 456 455 2287 2286 455 439 2284 2287 440 441 2289 2288 441 457 2290 2289 457 456 2291 2290 456 440 2288 2291 441 442 2293 2292 442 458 2294 2293 458 457 2295 2294 457 441 2292 2295 442 443 2297 2296 443 459 2298 2297 459 458 2299 2298 458 442 2296 2299 443 444 2301 2300 444 460 2302 2301 460 459 2303 2302 459 443 2300 2303 444 445 2305 2304 445 461 2306 2305 461 460 2307 2306 460 444 2304 2307 445 446 2309 2308 446 462 2310 2309 462 461 2311 2310 461 445 2308 2311 446 447 2313 2312 447 463 2314 2313 463 462 2315 2314 462 446 2312 2315 447 432 2317 2316 432 448 2318 2317 448 463 2319 2318 463 447 2316 2319 448 449 2321 2320 449 465 2322 2321 465 464 2323 2322 464 448 2320 2323 449 450 2325 2324 450 466 2326 2325 466 465 2327 2326 465 449 2324 2327 450 451 2329 2328 451 467 2330 2329 467 466 2331 2330 466 450 2328 2331 451 452 2333 2332 452 468 2334 2333 468 467 2335 2334 467 451 2332 2335 452 453 2337 2336 453 469 2338 2337 469 468 2339 2338 468 452 2336 2339 453 454 2341 2340 454 470 2342 2341 470 469 2343 2342 469 453 2340 2343 454 455 2345 2344 455 471 2346 2345 471 470 2347 2346 470 454 2344 2347 455 456 2349 2348 456 472 2350 2349 472 471 2351 2350 471 455 2348 2351 456 457 2353 2352 457 473 2354 2353 473 472 2355 2354 472 456 2352 2355 457 458 2357 2356 458 474 2358 2357 474 473 2359 2358 473 457 2356 2359 458 459 2361 2360 459 475 2362 2361 475 474 2363 2362 474 458 2360 2363 459 460 2365 2364 460 476 2366 2365 476 475 2367 2366 475 459 2364 2367 460 461 2369 2368 461 477 2370 2369 477 476 2371 2370 476 460 2368 2371 461 462 2373 2372 462 478 2374 2373 478 477 2375 2374 477 461 2372 2375 462 463 2377 2376 463 479 2378 2377 479 478 2379 2378 478 462 2376 2379 463 448 2381 2380 448 464 2382 2381 464 479 2383 2382 479 463 2380 2383 464 465 2385 2384 465 481 2386 2385 481 480 2387 2386 480 464 2384 2387 465 466 2389 2388 466 482 2390 2389 482 481 2391 2390 481 465 2388 2391 466 467 2393 2392 467 483 2394 2393 483 482 2395 2394 482 466 2392 2395 467 468 2397 2396 468 484 2398 2397 484 483 2399 2398 483 467 2396 2399 468 469 2401 2400 469 485 2402 2401 485 484 2403 2402 484 468 2400 2403 469 470 2405 2404 470 486 2406 2405 486 485 2407 2406 485 469 2404 2407 470 471 2409 2408 471 487 2410 2409 487 486 2411 2410 486 470 2408 2411 471 472 2413 2412 472 488 2414 2413 488 487 2415 2414 487 471 2412 2415 472 473 2417 2416 473 489 2418 2417 489 488 2419 2418 488 472 2416 2419 473 474 2421 2420 474 490 2422 2421 490 489 2423 2422 489 473 2420 2423 474 475 2425 2424 475 491 2426 2425 491 490 2427 2426 490 474 2424 2427 475 476 2429 2428 476 492 2430 2429 492 491 2431 2430 491 475 2428 2431 476 477 2433 2432 477 493 2434 2433 493 492 2435 2434 492 476 2432 2435 477 478 2437 2436 478 494 2438 2437 494 493 2439 2438 493 477 2436 2439 478 479 2441 2440 479 495 2442 2441 495 494 2443 2442 494 478 2440 2443 479 464 2445 2444 464 480 2446 2445 480 495 2447 2446 495 479 2444 2447 480 481 2449 2448 481 497 2450 2449 497 496 2451 2450 496 480 2448 2451 481 482 2453 2452 482 498 2454 2453 498 497 2455 2454 497 481 2452 2455 482 483 2457 2456 483 499 2458 2457 499 498 2459 2458 498 482 2456 2459 483 484 2461 2460 484 500 2462 2461 500 499 2463 2462 499 483 2460 2463 484 485 2465 2464 485 501 2466 2465 501 500 2467 2466 500 484 2464 2467 485 486 2469 2468 486 502 2470 2469 502 501 2471 2470 501 485 2468 2471 486 487 2473 2472 487 503 2474 2473 503 502 2475 2474 502 486 2472 2475 487 488 2477 2476 488 504 2478 2477 504 503 2479 2478 503 487 2476 2479 488 489 2481 2480 489 505 2482 2481 505 504 2483 2482 504 488 2480 2483 489 490 2485 2484 490 506 2486 2485 506 505 2487 2486 505 489 2484 2487 490 491 2489 2488 491 507 2490 2489 507 506 2491 2490 506 490 2488 2491 491 492 2493 2492 492 508 2494 2493 508 507 2495 2494 507 491 2492 2495 492 493 2497 2496 493 509 2498 2497 509 508 2499 2498 508 492 2496 2499 493 494 2501 2500 494 510 2502 2501 510 509 2503 2502 509 493 2500 2503 494 495 2505 2504 495 511 2506 2505 511 510 2507 2506 510 494 2504 2507 495 480 2509 2508 480 496 2510 2509 496 511 2511 2510 511 495 2508 2511 496 497 2513 2512 497 513 2514 2513 513 512 2515 2514 512 496 2512 2515 497 498 2517 2516 498 514 2518 2517 514 513 2519 2518 513 497 2516 2519 498 499 2521 2520 499 515 2522 2521 515 514 2523 2522 514 498 2520 2523 499 500 2525 2524 500 516 2526 2525 516 515 2527 2526 515 499 2524 2527 500 501 2529 2528 501 517 2530 2529 517 516 2531 2530 516 500 2528 2531 501 502 2533 2532 502 518 2534 2533 518 517 2535 2534 517 501 2532 2535 502 503 2537 2536 503 519 2538 2537 519 518 2539 2538 518 502 2536 2539 503 504 2541 2540 504 520 2542 2541 520 519 2543 2542 519 503 2540 2543 504 505 2545 2544 505 521 2546 2545 521 520 2547 2546 520 504 2544 2547 505 506 2549 2548 506 522 2550 2549 522 521 2551 2550 521 505 2548 2551 506 507 2553 2552 507 523 2554 2553 523 522 2555 2554 522 506 2552 2555 507 508 2557 2556 508 524 2558 2557 524 523 2559 2558 523 507 2556 2559 508 509 2561 2560 509 525 2562 2561 525 524 2563 2562 524 508 2560 2563 509 510 2565 2564 510 526 2566 2565 526 525 2567 2566 525 509 2564 2567 510 511 2569 2568 511 527 2570 2569 527 526 2571 2570 526 510 2568 2571 511 496 2573 2572 496 512 2574 2573 512 527 2575 2574 527 511 2572 2575 1 0 2577 2576 0 15 2578 2577 15 14 2579 2578 14 13 2580 2579 13 12 2581 2580 12 11 2582 2581 11 10 2583 2582 10 9 2584 2583 9 8 2585 2584 8 7 2586 2585 7 6 2587 2586 6 5 2588 2587 5 4 2589 2588 4 3 2590 2589 3 2 2591 2590 2 1 2576 2591 512 513 2593 2592 513 514 2594 2593 514 515 2595 2594 515 516 2596 2595 516 517 2597 2596 517 518 2598 2597 518 519 2599 2598 519 520 2600 2599 520 521 2601 2600 521 522 2602 2601 522 523 2603 2602 523 524 2604 2603 524 525 2605 2604 525 526 2606 2605 526 527 2607 2606 527 512 2592 2607 
</DataArray>
<DataArray type="Int32" Name="offsets" format="ascii">
4 8 12 16 20 24 28 32 36 40 44 48 52 56 60 64 68 72 76 80 84 88 92 96 100 104 108 112 116 120 124 128 132 136 140 144 148 152 156 160 164 168 172 176 180 184 188 192 196 200 204 208 212 216 220 224 228 232 236 240 244 248 252 256 260 264 268 272 276 280 284 288 292 296 300 304 308 312 316 320 324 328 332 336 340 344 348 352 356 360 364 368 372 376 380 384 388 392 396 400 404 408 412 416 420 424 428 432 436 440 444 448 452 456 460 464 468 472 476 480 484 488 492 496 500 504 508 512 516 520 524 528 532 536 540 544 548 552 556 560 564 568 572 576 580 584 588 592 596 600 604 608 612 616 620 624 628 632 636 640 644 648 652 656 660 664 668 672 676 680 684 688 692 696 700 704 708 712 716 720 724 728 732 736 740 744 748 752 756 760 764 768 772 776 780 784 788 792 796 800 804 808 812 816 820 824 828 832 836 840 844 848 852 856 860 864 868 872 876 880 884 888 892 896 900 904 908 912 916 920 924 928 932 936 940 944 948 952 956 960 964 968 972 976 980 984 988 992 996 1000 1004 1008 1012 1016 1020 1024 1028 1032 1036 1040 1044 1048 1052 1056 1060 1064 1068 1072 1076 1080 1084 1088 1092 1096 1100 1104 1108 1112 1116 1120 1124 1128 1132 1136 1140 1144 1148 1152 1156 1160 1164 1168 1172 1176 1180 1184 1188 1192 1196 1200 1204 1208 1212 1216 1220 1224 1228 1232 1236 1240 1244 1248 1252 1256 1260 1264 1268 1272 1276 1280 1284 1288 1292 1296 1300 1304 1308 1312 1316 1320 1324 1328 1332 1336 1340 1344 1348 1352 1356 1360 1364 1368 1372 1376 1380 1384 1388 1392 1396 1400 1404 1408 1412 1416 1420 1424 1428 1432 1436 1440 1444 1448 1452 1456 1460 1464 1468 1472 1476 1480 1484 1488 1492 1496 1500 1504 1508 1512 1516 1520 1524 1528 1532 1536 1540 1544 1548 1552 1556 1560 1564 1568 1572 1576 1580 1584 1588 1592 1596 1600 1604 1608 1612 1616 1620 1624 1628 1632 1636 1640 1644 1648 1652 1656 1660 1664 1668 1672 1676 1680 1684 1688 1692 1696 1700 1704 1708 1712 1716 1720 1724 1728 1732 1736 1740 1744 1748 1752 1756 1760 1764 1768 1772 1776 1780 1784 1788 1792 1796 1800 1804 1808 1812 1816 1820 1824 1828 1832 1836 1840 1844 1848 1852 1856 1860 1864 1868 1872 1876 1880 1884 1888 1892 1896 1900 1904 1908 1912 1916 1920 1924 1928 1932 1936 1940 1944 1948 1952 1956 1960 1964 1968 1972 1976 1980 1984 1988 1992 1996 2000 2004 2008 2012 2016 2020 2024 2028 2032 2036 2040 2044 2048 2052 2056 2060 2064 2068 2072 2076 2080 2084 2088 2092 2096 2100 2104 2108 2112 2116 2120 2124 2128 2132 2136 2140 2144 2148 2152 2156 2160 2164 2168 2172 2176 2180 2184 2188 2192 2196 2200 2204 2208 2212 2216 2220 2224 2228 2232 2236 2240 2244 2248 2252 2256 2260 2264 2268 2272 2276 2280 2284 2288 2292 2296 2300 2304 2308 2312 2316 2320 2324 2328 2332 2336 2340 2344 2348 2352 2356 2360 2364 2368 2372 2376 2380 2384 2388 2392 2396 2400 2404 2408 2412 2416 2420 2424 2428 2432 2436 2440 2444 2448 2452 2456 2460 2464 2468 2472 2476 2480 2484 2488 2492 2496 2500 2504 2508 2512 2516 2520 2524 2528 2532 2536 2540 2544 2548 2552 2556 2560 2564 2568 2572 2576 2580 2584 2588 2592 2596 2600 2604 2608 2612 2616 2620 2624 2628 2632 2636 2640 2644 2648 2652 2656 2660 2664 2668 2672 2676 2680 2684 2688 2692 2696 2700 2704 2708 2712 2716 2720 2724 2728 2732 2736 2740 2744 2748 2752 2756 2760 2764 2768 2772 2776 2780 2784 2788 2792 2796 2800 2804 2808 2812 2816 2820 2824 2828 2832 2836 2840 2844 2848 2852 2856 2860 2864 2868 2872 2876 2880 2884 2888 2892 2896 2900 2904 2908 2912 2916 2920 2924 2928 2932 2936 2940 2944 2948 2952 2956 2960 2964 2968 2972 2976 2980 2984 2988 2992 2996 3000 3004 3008 3012 3016 3020 3024 3028 3032 3036 3040 3044 3048 3052 3056 3060 3064 3068 3072 3076 3080 3084 3088 3092 3096 3100 3104 3108 3112 3116 3120 3124 3128 3132 3136 3140 3144 3148 3152 3156 3160 3164 3168 3172 3176 3180 3184 3188 3192 3196 3200 3204 3208 3212 3216 3220 3224 3228 3232 3236 3240 3244 3248 3252 3256 3260 3264 3268 3272 3276 3280 3284 3288 3292 3296 3300 3304 3308 3312 3316 3320 3324 3328 3332 3336 3340 3344 3348 3352 3356 3360 3364 3368 3372 3376 3380 3384 3388 3392 3396 3400 3404 3408 3412 3416 3420 3424 3428 3432 3436 3440 3444 3448 3452 3456 3460 3464 3468 3472 3476 3480 3484 3488 3492 3496 3500 3504 3508 3512 3516 3520 3524 3528 3532 3536 3540 3544 3548 3552 3556 3560 3564 3568 3572 3576 3580 3584 3588 3592 3596 3600 3604 3608 3612 3616 3620 3624 3628 3632 3636 3640 3644 3648 3652 3656 3660 3664 3668 3672 3676 3680 3684 3688 3692 3696 3700 3704 3708 3712 3716 3720 3724 3728 3732 3736 3740 3744 3748 3752 3756 3760 3764 3768 3772 3776 3780 3784 3788 3792 3796 3800 3804 3808 3812 3816 3820 3824 3828 3832 3836 3840 3844 3848 3852 3856 3860 3864 3868 3872 3876 3880 3884 3888 3892 3896 3900 3904 3908 3912 3916 3920 3924 3928 3932 3936 3940 3944 3948 3952 3956 3960 3964 3968 3972 3976 3980 3984 3988 3992 3996 4000 4004 4008 4012 4016 4020 4024 4028 4032 4036 4040 4044 4048 4052 4056 4060 4064 4068 4072 4076 4080 4084 4088 4092 4096 4100 4104 4108 4112 4116 4120 4124 4128 4132 4136 4140 4144 4148 4152 4156 4160 4164 4168 4172 4176 4180 4184 4188 4192 4196 4200 4204 4208 4212 4216 4220 4224 4228 4232 4236 4240 4244 4248 4252 4256 4260 4264 4268 4272 4276 4280 4284 4288 4292 4296 4300 4304 4308 4312 4316 4320 4324 4328 4332 4336 4340 4344 4348 4352 4356 4360 4364 4368 4372 4376 4380 4384 4388 4392 4396 4400 4404 4408 4412 4416 4420 4424 4428 4432 4436 4440 4444 4448 4452 4456 4460 4464 4468 4472 4476 4480 4484 4488 4492 4496 4500 4504 4508 4512 4516 4520 4524 4528 4532 4536 4540 4544 4548 4552 4556 4560 4564 4568 4572 4576 4580 4584 4588 4592 4596 4600 4604 4608 4612 4616 4620 4624 4628 4632 4636 4640 4644 4648 4652 4656 4660 4664 4668 4672 4676 4680 4684 4688 4692 4696 4700 4704 4708 4712 4716 4720 4724 4728 4732 4736 4740 4744 4748 4752 4756 4760 4764 4768 4772 4776 4780 4784 4788 4792 4796 4800 4804 4808 4812 4816 4820 4824 4828 4832 4836 4840 4844 4848 4852 4856 4860 4864 4868 4872 4876 4880 4884 4888 4892 4896 4900 4904 4908 4912 4916 4920 4924 4928 4932 4936 4940 4944 4948 4952 4956 4960 4964 4968 4972 4976 4980 4984 4988 4992 4996 5000 5004 5008 5012 5016 5020 5024 5028 5032 5036 5040 5044 5048 5052 5056 5060 5064 5068 5072 5076 5080 5084 5088 5092 5096 5100 5104 5108 5112 5116 5120 5124 5128 5132 5136 5140 5144 5148 5152 5156 5160 5164 5168 5172 5176 5180 5184 5188 5192 5196 5200 5204 5208 5212 5216 5220 5224 5228 5232 5236 5240 5244 5248 5252 5256 5260 5264 5268 5272 5276 5280 5284 5288 5292 5296 5300 5304 5308 5312 5316 5320 5324 5328 5332 5336 5340 5344 5348 5352 5356 5360 5364 5368 5372 5376 5380 5384 5388 5392 5396 5400 5404 5408 5412 5416 5420 5424 5428 5432 5436 5440 5444 5448 5452 5456 5460 5464 5468 5472 5476 5480 5484 5488 5492 5496 5500 5504 5508 5512 5516 5520 5524 5528 5532 5536 5540 5544 5548 5552 5556 5560 5564 5568 5572 5576 5580 5584 5588 5592 5596 5600 5604 5608 5612 5616 5620 5624 5628 5632 5636 5640 5644 5648 5652 5656 5660 5664 5668 5672 5676 5680 5684 5688 5692 5696 5700 5704 5708 5712 5716 5720 5724 5728 5732 5736 5740 5744 5748 5752 5756 5760 5764 5768 5772 5776 5780 5784 5788 5792 5796 5800 5804 5808 5812 5816 5820 5824 5828 5832 5836 5840 5844 5848 5852 5856 5860 5864 5868 5872 5876 5880 5884 5888 5892 5896 5900 5904 5908 5912 5916 5920 5924 5928 5932 5936 5940 5944 5948 5952 5956 5960 5964 5968 5972 5976 5980 5984 5988 5992 5996 6000 6004 6008 6012 6016 6020 6024 6028 6032 6036 6040 6044 6048 6052 6056 6060 6064 6068 6072 6076 6080 6084 6088 6092 6096 6100 6104 6108 6112 6116 6120 6124 6128 6132 6136 6140 6144 6148 6152 6156 6160 6164 6168 6172 6176 6180 6184 6188 6192 6196 6200 6204 6208 6212 6216 6220 6224 6228 6232 6236 6240 6244 6248 6252 6256 6260 6264 6268 6272 6276 6280 6284 6288 6292 6296 6300 6304 6308 6312 6316 6320 6324 6328 6332 6336 6340 6344 6348 6352 6356 6360 6364 6368 6372 6376 6380 6384 6388 6392 6396 6400 6404 6408 6412 6416 6420 6424 6428 6432 6436 6440 6444 6448 6452 6456 6460 6464 6468 6472 6476 6480 6484 6488 6492 6496 6500 6504 6508 6512 6516 6520 6524 6528 6532 6536 6540 6544 6548 6552 6556 6560 6564 6568 6572 6576 6580 6584 6588 6592 6596 6600 6604 6608 6612 6616 6620 6624 6628 6632 6636 6640 6644 6648 6652 6656 6660 6664 6668 6672 6676 6680 6684 6688 6692 6696 6700 6704 6708 6712 6716 6720 6724 6728 6732 6736 6740 6744 6748 6752 6756 6760 6764 6768 6772 6776 6780 6784 6788 6792 6796 6800 6804 6808 6812 6816 6820 6824 6828 6832 6836 6840 6844 6848 6852 6856 6860 6864 6868 6872 6876 6880 6884 6888 6892 6896 6900 6904 6908 6912 6916 6920 6924 6928 6932 6936 6940 6944 6948 6952 6956 6960 6964 6968 6972 6976 6980 6984 6988 6992 6996 7000 7004 7008 7012 7016 7020 7024 7028 7032 7036 7040 7044 7048 7052 7056 7060 7064 7068 7072 7076 7080 7084 7088 7092 7096 7100 7104 7108 7112 7116 7120 7124 7128 7132 7136 7140 7144 7148 7152 7156 7160 7164 7168 7172 7176 7180 7184 7188 7192 7196 7200 7204 7208 7212 7216 7220 7224 7228 7232 7236 7240 7244 7248 7252 7256 7260 7264 7268 7272 7276 7280 7284 7288 7292 7296 7300 7304 7308 7312 7316 7320 7324 7328 7332 7336 7340 7344 7348 7352 7356 7360 7364 7368 7372 7376 7380 7384 7388 7392 7396 7400 7404 7408 7412 7416 7420 7424 7428 7432 7436 7440 7444 7448 7452 7456 7460 7464 7468 7472 7476 7480 7484 7488 7492 7496 7500 7504 7508 7512 7516 7520 7524 7528 7532 7536 7540 7544 7548 7552 7556 7560 7564 7568 7572 7576 7580 7584 7588 7592 7596 7600 7604 7608 7612 7616 7620 7624 7628 7632 7636 7640 7644 7648 7652 7656 7660 7664 7668 7672 7676 7680 7684 7688 7692 7696 7700 7704 7708 7712 7716 7720 7724 7728 7732 7736 7740 7744 7748 7752 7756 7760 7764 7768 7772 7776 7780 7784 7788 7792 7796 7800 7804 7808 7812 7816 7820 7824 7828 7832 7836 7840 7844 7848 7852 7856 7860 7864 7868 7872 7876 7880 7884 7888 7892 7896 7900 7904 7908 7912 7916 7920 7924 7928 7932 7936 7940 7944 7948 7952 7956 7960 7964 7968 7972 7976 7980 7984 7988 7992 7996 8000 8004 8008 8012 8016 8020 8024 8028 8032 8036 8040 8044 8048 8052 8056 8060 8064 8068 8072 8076 8080 8084 8088 8092 8096 8100 8104 8108 8112 8116 8120 8124 8128 8132 8136 8140 8144 8148 8152 8156 8160 8164 8168 8172 8176 8180 8184 8188 8192 8196 8200 8204 8208 8212 8216 8220 8224 8228 8232 8236 8240 8244 8248 8252 8256 8260 8264 8268 8272 8276 8280 8284 8288 8292 8296 8300 8304 8308 8312 8316 8320 
</DataArray>
<DataArray type="UInt8" Name="types" format="ascii">
7 7 7 7 7 7 7 7 7 7 7 7 7 7 7 7 7 7 7 7 7 7 7 7 7 7 7 7 7 7 7 7 7 7 7 7 7 7 7 7 7 7 7 7 7 7 7 7 7 7 7 7 7 7 7 7 7 7 7 7 7 7 7 7 7 7 7 7 7 7 7 7 7 7 7 7 7 7 7 7 7 7 7 7 7 7 7 7 7 7 7 7 7 7 7 7 7 7 7 7 7 7 7 7 7 7 7 7 7 7 7 7 7 7 7 7 7 7 7 7 7 7 7 7 7 7 7 7 7 7 7 7 7 7 7 7 7 7 7 7 7 7 7 7 7 7 7 7 7 7 7 7 7 7 7 7 7 7 7 7 7 7 7 7 7 7 7 7 7 7 7 7 7 7 7 7 7 7 7 7 7 7 7 7 7 7 7 7 7 7 7 7 7 7 7 7 7 7 7 7 7 7 7 7 7 7 7 7 7 7 7 7 7 7 7 7 7 7 7 7 7 7 7 7 7 7 7 7 7 7 7 7 7 7 7 7 7 7 7 7 7 7 7 7 7 7 7 7 7 7 7 7 7 7 7 7 7 7 7 7 7 7 7 7 7 7 7 7 7 7 7 7 7 7 7 7 7 7 7 7 7 7 7 7 7 7 7 7 7 7 7 7 7 7 7 7 7 7 7 7 7 7 7 7 7 7 7 7 7 7 7 7 7 7 7 7 7 7 7 7 7 7 7 7 7 7 7 7 7 7 7 7 7 7 7 7 7 7 7 7 7 7 7 7 7 7 7 7 7 7 7 7 7 7 7 7 7 7 7 7 7 7 7 7 7 7 7 7 7 7 7 7 7 7 7 7 7 7 7 7 7 7 7 7 7 7 7 7 7 7 7 7 7 7 7 7 7 7 7 7 7 7 7 7 7 7 7 7 7 7 7 7 7 7 7 7 7 7 7 7 7 7 7 7 7 7 7 7 7 7 7 7 7 7 7 7 7 7 7 7 7 7 7 7 7 7 7 7 7 7 7 7 7 7 7 7 7 7 7 7 7 7 7 7 7 7 7 7 7 7 7 7 7 7 7 7 7 7 7 7 7 7 7 7 7 7 7 7 7 7 7 7 7 7 7 7 7 7 7 7 7 7 7 7 7 7 7 7 7 7 7 7 7 7 7 7 7 7 7 7 7 7 7 7 7 7 7 7 7 7 7 7 7 7 7 7 7 7 7 7 7 7 7 7 7 7 7 7 7 7 7 7 7 7 7 7 7 7 7 7 7 7 7 7 7 7 7 7 7 7 7 7 7 7 7 7 7 7 7 7 7 7 7 7 7 7 7 7 7 7 7 7 7 7 7 7 7 7 7 7 7 7 7 7 7 7 7 7 7 7 7 7 7 7 7 7 7 7 7 7 7 7 7 7 7 7 7 7 7 7 7 7 7 7 7 7 7 7 7 7 7 7 7 7 7 7 7 7 7 7 7 7 7 7 7 7 7 7 7 7 7 7 7 7 7 7 7 7 7 7 7 7 7 7 7 7 7 7 7 7 7 7 7 7 7 7 7 7 7 7 7 7 7 7 7 7 7 7 7 7 7 7 7 7 7 7 7 7 7 7 7 7 7 7 7 7 7 7 7 7 7 7 7 7 7 7 7 7 7 7 7 7 7 7 7 7 7 7 7 7 7 7 7 7 7 7 7 7 7 7 7 7 7 7 7 7 7 7 7 7 7 7 7 7 7 7 7 7 7 7 7 7 7 7 7 7 7 7 7 7 7 7 7 7 7 7 7 7 7 7 7 7 7 7 7 7 7 7 7 7 7 7 7 7 7 7 7 7 7 7 7 7 7 7 7 7 7 7 7 7 7 7 7 7 7 7 7 7 7 7 7 7 7 7 7 7 7 7 7 7 7 7 7 7 7 7 7 7 7 7 7 7 7 7 7 7 7 7 7 7 7 7 7 7 7 7 7 7 7 7 7 7 7 7 7 7 7 7 7 7 7 7 7 7 7 7 7 7 7 7 7 7 7 7 7 7 7 7 7 7 7 7 7 7 7 7 7 7 7 7 7 7 7 7 7 7 7 7 7 7 7 7 7 7 7 7 7 7 7 7 7 7 7 7 7 7 7 7 7 7 7 7 7 7 7 7 7 7 7 7 7 7 7 7 7 7 7 7 7 7 7 7 7 7 7 7 7 7 7 7 7 7 7 7 7 7 7 7 7 7 7 7 7 7 7 7 7 7 7 7 7 7 7 7 7 7 7 7 7 7 7 7 7 7 7 7 7 7 7 7 7 7 7 7 7 7 7 7 7 7 7 7 7 7 7 7 7 7 7 7 7 7 7 7 7 7 7 7 7 7 7 7 7 7 7 7 7 7 7 7 7 7 7 7 7 7 7 7 7 7 7 7 7 7 7 7 7 7 7 7 7 7 7 7 7 7 7 7 7 7 7 7 7 7 7 7 7 7 7 7 7 7 7 7 7 7 7 7 7 7 7 7 7 7 7 7 7 7 7 7 7 7 7 7 7 7 7 7 7 7 7 7 7 7 7 7 7 7 7 7 7 7 7 7 7 7 7 7 7 7 7 7 7 7 7 7 7 7 7 7 7 7 7 7 7 7 7 7 7 7 7 7 7 7 7 7 7 7 7 7 7 7 7 7 7 7 7 7 7 7 7 7 7 7 7 7 7 7 7 7 7 7 7 7 7 7 7 7 7 7 7 7 7 7 7 7 7 7 7 7 7 7 7 7 7 7 7 7 7 7 7 7 7 7 7 7 7 7 7 7 7 7 7 7 7 7 7 7 7 7 7 7 7 7 7 7 7 7 7 7 7 7 7 7 7 7 7 7 7 7 7 7 7 7 7 7 7 7 7 7 7 7 7 7 7 7 7 7 7 7 7 7 7 7 7 7 7 7 7 7 7 7 7 7 7 7 7 7 7 7 7 7 7 7 7 7 7 7 7 7 7 7 7 7 7 7 7 7 7 7 7 7 7 7 7 7 7 7 7 7 7 7 7 7 7 7 7 7 7 7 7 7 7 7 7 7 7 7 7 7 7 7 7 7 7 7 7 7 7 7 7 7 7 7 7 7 7 7 7 7 7 7 7 7 7 7 7 7 7 7 7 7 7 7 7 7 7 7 7 7 7 7 7 7 7 7 7 7 7 7 7 7 7 7 7 7 7 7 7 7 7 7 7 7 7 7 7 7 7 7 7 7 7 7 7 7 7 7 7 7 7 7 7 7 7 7 7 7 7 7 7 7 7 7 7 7 7 7 7 7 7 7 7 7 7 7 7 7 7 7 7 7 7 7 7 7 7 7 7 7 7 7 7 7 7 7 7 7 7 7 7 7 7 7 7 7 7 7 7 7 7 7 7 7 7 7 7 7 7 7 7 7 7 7 7 7 7 7 7 7 7 7 7 7 7 7 7 7 7 7 7 7 7 7 7 7 7 7 7 7 7 7 7 7 7 7 7 7 7 7 7 7 7 7 7 7 7 7 7 7 7 7 7 7 7 7 7 7 7 7 7 7 7 7 7 7 7 7 7 7 7 7 7 7 7 7 7 7 7 7 7 7 7 7 7 7 7 7 7 7 7 7 7 7 7 7 7 7 7 7 7 7 7 7 7 7 7 7 7 7 7 7 7 7 7 7 7 7 7 7 7 7 7 7 7 7 7 7 7 7 7 7 7 7 7 7 7 7 7 7 7 7 7 7 7 7 7 7 7 7 7 7 7 7 7 7 7 7 7 7 7 7 7 7 7 7 7 7 7 7 7 7 7 7 7 7 7 7 7 7 7 7 7 7 7 7 7 7 7 7 7 7 7 7 7 7 7 7 7 7 7 7 7 7 7 7 7 7 7 7 7 7 7 7 7 7 7 7 7 7 7 7 7 7 7 7 7 7 7 7 7 7 7 7 7 7 7 7 7 7 7 7 7 7 7 7 7 7 7 7 7 7 7 7 7 7 7 7 7 7 7 7 7 7 7 7 7 7 7 7 7 7 7 7 7 7 7 7 7 7 7 7 7 7 7 7 7 7 7 7 7 7 7 7 7 7 7 7 7 7 7 7 7 7 7 7 7 7 7 7 7 7 7 7 7 7 7 7 7 7 7 7 7 7 7 7 7 7 7 7 7 7 7 7 7 7 7 7 7 7 7 7 7 7 7 7 7 7 7 7 7 7 7 7 7 7 7 7 7 7 7 7 7 7 7 7 7 7 7 7 7 7 7 7 7 7 7 7 7 7 7 7 7 7 7 7 7 7 7 7 7 7 7 7 7 7 7 7 7 7 7 7 7 7 7 7 7 7 7 7 7 7 7 7 7 7 7 7 7 7 7 7 7 7 7 7 7 7 7 7 7 7 7 7 7 7 7 7 7 7 7 7 7 7 7 7 7 7 7 7 7 7 7 7 7 7 7 7 7 7 7 7 7 7 7 7 7 7 7 7 7 7 7 7 7 7 7 7 7 7 7 7 7 7 7 7 7 7 7 7 7 7 7 7 7 7 7 7 7 7 7 7 7 7 7 7 7 7 7 7 7 7 7 7 7 7 7 7 7 7 7 7 7 7 7 7 7 7 7 7 7 7 7 7 7 7 7 7 7 7 7 7 7 7 7 7 7 7 7 7 7 7 7 7 7 7 7 7 7 7 7 7 7 7 7 7 7 7 7 7 7 7 7 7 7 7 7 7 7 7 
</DataArray>
</Cells>
<CellData Scalars="wall variable 0">
<DataArray type="Float64" Name="wall length" format="ascii">
29.5757 23.5106 29.5757 23.5165 29.5757 23.4447 29.5757 23.5106 29.5757 23.3858 29.5757 23.4447 29.5757 23.3954 29.5757 23.3858 29.5757 23.4268 29.5757 23.3954 29.5757 23.4607 29.5757 23.4268 29.5757 23.4988 29.5757 23.4607 29.5757 23.5232 29.5757 23.4988 29.5757 23.5277 29.5757 23.5232 29.5757 23.4809 29.5757 23.5277 29.5757 23.4216 29.5757 23.4809 29.5757 23.3967 29.5757 23.4216 29.5757 23.3936 29.5757 23.3967 29.5757 23.4234 29.5757 23.3936 29.5757 23.477 29.5757 23.4234 29.5757 23.5165 29.5757 23.477 29.5757 25.8673 29.5757 25.9506 25.7469 29.5757 25.8673 29.5757 25.675 29.5757 25.7469 29.5757 25.6704 29.5757 25.675 29.5757 25.7348 29.5757 25.6704 29.5757 25.8179 29.5757 25.7348 29.5757 25.8593 29.5757 25.8179 29.5757 25.8477 29.5757 25.8593 29.5757 25.8104 29.5757 25.8477 29.5757 25.7741 29.5757 25.8104 29.5757 25.7265 29.5757 25.7741 29.5757 25.6718 29.5757 25.7265 29.5757 25.6854 29.5757 25.6718 29.5757 25.7933 29.5757 25.6854 29.5757 25.9174 29.5757 25.7933 29.5757 29.5757 25.9506 29.5757 25.9174 29.5757 26.3498 29.5757 26.4993 29.5757 26.0668 29.5757 26.3498 29.5757 25.8695 29.5757 26.0668 29.5757 25.8621 29.5757 25.8695 29.5757 25.9937 29.5757 25.8621 29.5757 26.1535 29.5757 25.9937 29.5757 26.2638 29.5757 26.1535 29.5757 26.2709 29.5757 26.2638 29.5757 26.2218 29.5757 26.2709 29.5757 26.1157 29.5757 26.2218 29.5757 25.984 29.5757 26.1157 29.5757 25.8669 29.5757 25.984 29.5757 25.8877 29.5757 25.8669 29.5757 26.1091 29.5757 25.8877 29.5757 26.3862 29.5757 26.1091 29.5757 26.4993 29.5757 26.3862 29.5757 24.8434 29.5757 24.383 29.5757 26.1487 29.5757 24.8434 29.5757 27.985 29.5757 26.1487 29.5757 30.0213 29.5757 27.985 29.5757 31.9581 29.5757 30.0213 29.5757 33.5209 29.5757 31.9581 29.5757 34.5058 29.5757 33.5209 29.5757 34.8385 29.5757 34.5058 29.5757 34.5038 29.5757 34.8385 29.5757 33.516 29.5757 34.5038 29.5757 31.9555 29.5757 33.516 29.5757 30.0249 29.5757 31.9555 29.5757 27.9972 29.5757 30.0249 29.5757 26.1721 29.5757 27.9972 29.5757 24.8725 29.5757 26.1721 29.5757 24.383 29.5757 24.8725 29.5757 24.5392 29.5757 24.0519 29.5757 25.8936 29.5757 24.5392 29.5757 27.796 29.5757 25.8936 29.5757 29.9044 29.5757 27.796 29.5757 31.912 29.5757 29.9044 29.5757 33.5255 29.5757 31.912 29.5757 34.5276 29.5757 33.5255 29.5757 34.8583 29.5757 34.5276 29.5757 34.5262 29.5757 34.8583 29.5757 33.5224 29.5757 34.5262 29.5757 31.9114 29.5757 33.5224 29.5757 29.9084 29.5757 31.9114 29.5757 27.8057 29.5757 29.9084 29.5757 25.9095 29.5757 27.8057 29.5757 24.5559 29.5757 25.9095 29.5757 24.0519 29.5757 24.5559 29.5757 24.3482 29.5757 23.864 29.5757 25.6977 29.5757 24.3482 29.5757 27.6237 29.5757 25.6977 29.5757 29.7882 29.5757 27.6237 29.5757 31.8621 29.5757 29.7882 29.5757 33.5244 29.5757 31.8621 29.5757 34.5434 29.5757 33.5244 29.5757 34.8743 29.5757 34.5434 29.5757 34.5424 29.5757 34.8743 29.5757 33.5225 29.5757 34.5424 29.5757 31.8625 29.5757 33.5225 29.5757 29.7921 29.5757 31.8625 29.5757 27.6312 29.5757 29.7921 29.5757 25.7084 29.5757 27.6312 29.5757 24.3585 29.5757 25.7084 29.5757 23.864 29.5757 24.3585 29.5757 24.1953 29.5757 23.7139 29.5757 25.5405 29.5757 24.1953 29.5757 27.4808 29.5757 25.5405 29.5757 29.6876 29.5757 27.4808 29.5757 31.8168 29.5757 29.6876 29.5757 33.5216 29.5757 31.8168 29.5757 34.5556 29.5757 33.5216 29.5757 34.8873 29.5757 34.5556 29.5757 34.555 29.5757 34.8873 29.5757 33.5204 29.5757 34.555 29.5757 31.8177 29.5757 33.5204 29.5757 29.6919 29.5757 31.8177 29.5757 27.4879 29.5757 29.6919 29.5757 25.5481 29.5757 27.4879 29.5757 24.202 29.5757 25.5481 29.5757 23.7139 29.5757 24.202 29.5757 24.0652 29.5757 23.5852 29.5757 25.4091 29.5757 24.0652 29.5757 27.3632 29.5757 25.4091 29.5757 29.6038 29.5757 27.3632 29.5757 31.7777 29.5757 29.6038 29.5757 33.518 29.5757 31.7777 29.5757 34.5651 29.5757 33.518 29.5757 34.8976 29.5757 34.5651 29.5757 34.5647 29.5757 34.8976 29.5757 33.5173 29.5757 34.5647 29.5757 31.7787 29.5757 33.5173 29.5757 29.6067 29.5757 31.7787 29.5757 27.3677 29.5757 29.6067 29.5757 25.4144 29.5757 27.3677 29.5757 24.0698 29.5757 25.4144 29.5757 23.5852 29.5757 24.0698 29.5757 23.9536 29.5757 23.4734 29.5757 25.2972 29.5757 23.9536 29.5757 27.2633 29.5757 25.2972 29.5757 29.5312 29.5757 27.2633 29.5757 31.7419 29.5757 29.5312 29.5757 33.5134 29.5757 31.7419 29.5757 34.5725 29.5757 33.5134 29.5757 34.9058 29.5757 34.5725 29.5757 34.5722 29.5757 34.9058 29.5757 33.513 29.5757 34.5722 29.5757 31.7432 29.5757 33.513 29.5757 29.5341 29.5757 31.7432 29.5757 27.2668 29.5757 29.5341 29.5757 25.3008 29.5757 27.2668 29.5757 23.9565 29.5757 25.3008 29.5757 23.4734 29.5757 23.9565 29.5757 23.8594 29.5757 23.377 29.5757 25.2029 29.5757 23.8594 29.5757 27.1755 29.5757 25.2029 29.5757 29.4689 29.5757 27.1755 29.5757 31.7108 29.5757 29.4689 29.5757 33.509 29.5757 31.7108 29.5757 34.5783 29.5757 33.509 29.5757 34.9122 29.5757 34.5783 29.5757 34.5781 29.5757 34.9122 29.5757 33.5088 29.5757 34.5781 29.5757 31.7117 29.5757 33.5088 29.5757 29.4709 29.5757 31.7117 29.5757 27.1781 29.5757 29.4709 29.5757 25.2054 29.5757 27.1781 29.5757 23.8612 29.5757 25.2054 29.5757 23.377 29.5757 23.8612 29.5757 23.7828 29.5757 23.298 29.5757 25.1383 29.5757 23.7828 29.5757 27.1269 29.5757 25.1383 29.5757 29.4359 29.5757 27.1269 29.5757 31.6968 29.5757 29.4359 29.5757 33.5087 29.5757 31.6968 29.5757 34.5828 29.5757 33.5087 29.5757 34.9171 29.5757 34.5828 29.5757 34.5827 29.5757 34.9171 29.5757 33.5085 29.5757 34.5827 29.5757 31.6976 29.5757 33.5085 29.5757 29.4374 29.5757 31.6976 29.5757 27.1289 29.5757 29.4374 29.5757 25.1401 29.5757 27.1289 29.5757 23.784 29.5757 25.1401 29.5757 23.298 29.5757 23.784 29.5757 23.7227 29.5757 23.2351 29.5757 25.0863 29.5757 23.7227 29.5757 27.0856 29.5757 25.0863 29.5757 29.4082 29.5757 27.0856 29.5757 31.6849 29.5757 29.4082 29.5757 33.5084 29.5757 31.6849 29.5757 34.5865 29.5757 33.5084 29.5757 34.921 29.5757 34.5865 29.5757 34.5865 29.5757 34.921 29.5757 33.5084 29.5757 34.5865 29.5757 31.6855 29.5757 33.5084 29.5757 29.4092 29.5757 31.6855 29.5757 27.087 29.5757 29.4092 29.5757 25.0874 29.5757 27.087 29.5757 23.7233 29.5757 25.0874 29.5757 23.2351 29.5757 23.7233 29.5757 23.6777 29.5757 23.1875 29.5757 25.0472 29.5757 23.6777 29.5757 27.0544 29.5757 25.0472 29.5757 29.3875 29.5757 27.0544 29.5757 31.6763 29.5757 29.3875 29.5757 33.5086 29.5757 31.6763 29.5757 34.5896 29.5757 33.5086 29.5757 34.924 29.5757 34.5896 29.5757 34.5895 29.5757 34.924 29.5757 33.5086 29.5757 34.5895 29.5757 31.6767 29.5757 33.5086 29.5757 29.3882 29.5757 31.6767 29.5757 27.0552 29.5757 29.3882 29.5757 25.0478 29.5757 27.0552 29.5757 23.6777 29.5757 25.0478 29.5757 23.1875 29.5757 23.6777 29.5757 23.6465 29.5757 23.1545 29.5757 25.02 29.5757 23.6465 29.5757 27.0333 29.5757 25.02 29.5757 29.374 29.5757 27.0333 29.5757 31.671 29.5757 29.374 29.5757 33.5092 29.5757 31.671 29.5757 34.592 29.5757 33.5092 29.5757 34.9264 29.5757 34.592 29.5757 34.592 29.5757 34.9264 29.5757 33.5092 29.5757 34.592 29.5757 31.6712 29.5757 33.5092 29.5757 29.3743 29.5757 31.6712 29.5757 27.0337 29.5757 29.3743 29.5757 25.0203 29.5757 27.0337 29.5757 23.6461 29.5757 25.0203 29.5757 23.1545 29.5757 23.6461 29.5757 23.6288 29.5757 23.1353 29.5757 25.0054 29.5757 23.6288 29.5757 27.0222 29.5757 25.0054 29.5757 29.3673 29.5757 27.0222 29.5757 31.669 29.5757 29.3673 29.5757 33.5103 29.5757 31.669 29.5757 34.594 29.5757 33.5103 29.5757 34.9282 29.5757 34.594 29.5757 34.594 29.5757 34.9282 29.5757 33.5103 29.5757 34.594 29.5757 31.6689 29.5757 33.5103 29.5757 29.3673 29.5757 31.6689 29.5757 27.0223 29.5757 29.3673 29.5757 25.0054 29.5757 27.0223 29.5757 23.6282 29.5757 25.0054 29.5757 23.1353 29.5757 23.6282 29.5757 23.6253 29.5757 23.1314 29.5757 25.0033 29.5757 23.6253 29.5757 27.0215 29.5757 25.0033 29.5757 29.3677 29.5757 27.0215 29.5757 31.6704 29.5757 29.3677 29.5757 33.5122 29.5757 31.6704 29.5757 34.5957 29.5757 33.5122 29.5757 34.9295 29.5757 34.5957 29.5757 34.5955 29.5757 34.9295 29.5757 33.5121 29.5757 34.5955 29.5757 31.6701 29.5757 33.5121 29.5757 29.3674 29.5757 31.6701 29.5757 27.0212 29.5757 29.3674 29.5757 25.0031 29.5757 27.0212 29.5757 23.6247 29.5757 25.0031 29.5757 23.1314 29.5757 23.6247 29.5757 23.6359 29.5757 23.1407 29.5757 25.015 29.5757 23.6359 29.5757 27.0324 29.5757 25.015 29.5757 29.3764 29.5757 27.0324 29.5757 31.676 29.5757 29.3764 29.5757 33.5152 29.5757 31.676 29.5757 34.5971 29.5757 33.5152 29.5757 34.9304 29.5757 34.5971 29.5757 34.5968 29.5757 34.9304 29.5757 33.515 29.5757 34.5968 29.5757 31.6756 29.5757 33.515 29.5757 29.3756 29.5757 31.6756 29.5757 27.0316 29.5757 29.3756 29.5757 25.0142 29.5757 27.0316 29.5757 23.6346 29.5757 25.0142 29.5757 23.1407 29.5757 23.6346 29.5757 23.6585 29.5757 23.1621 29.5757 25.0376 29.5757 23.6585 29.5757 27.0524 29.5757 25.0376 29.5757 29.3914 29.5757 27.0524 29.5757 31.6848 29.5757 29.3914 29.5757 33.5186 29.5757 31.6848 29.5757 34.5979 29.5757 33.5186 29.5757 34.9307 29.5757 34.5979 29.5757 34.5977 29.5757 34.9307 29.5757 33.5185 29.5757 34.5977 29.5757 31.6842 29.5757 33.5185 29.5757 29.3903 29.5757 31.6842 29.5757 27.0509 29.5757 29.3903 29.5757 25.0359 29.5757 27.0509 29.5757 23.6561 29.5757 25.0359 29.5757 23.1621 29.5757 23.6561 29.5757 23.6924 29.5757 23.1963 29.5757 25.0692 29.5757 23.6924 29.5757 27.0793 29.5757 25.0692 29.5757 29.4108 29.5757 27.0793 29.5757 31.6955 29.5757 29.4108 29.5757 33.5219 29.5757 31.6955 29.5757 34.5981 29.5757 33.5219 29.5757 34.9303 29.5757 34.5981 29.5757 34.598 29.5757 34.9303 29.5757 33.522 29.5757 34.598 29.5757 31.6948 29.5757 33.522 29.5757 29.4094 29.5757 31.6948 29.5757 27.0773 29.5757 29.4094 29.5757 25.0665 29.5757 27.0773 29.5757 23.6888 29.5757 25.0665 29.5757 23.1963 29.5757 23.6888 29.5757 23.7367 29.5757 23.2414 29.5757 25.11 29.5757 23.7367 29.5757 27.1134 29.5757 25.11 29.5757 29.4349 29.5757 27.1134 29.5757 31.708 29.5757 29.4349 29.5757 33.5251 29.5757 31.708 29.5757 34.5975 29.5757 33.5251 29.5757 34.9293 29.5757 34.5975 29.5757 34.5975 29.5757 34.9293 29.5757 33.5254 29.5757 34.5975 29.5757 31.7072 29.5757 33.5254 29.5757 29.4331 29.5757 31.7072 29.5757 27.1107 29.5757 29.4331 29.5757 25.1064 29.5757 27.1107 29.5757 23.7321 29.5757 25.1064 29.5757 23.2414 29.5757 23.7321 29.5757 23.7917 29.5757 23.2978 29.5757 25.1601 29.5757 23.7917 29.5757 27.1552 29.5757 25.1601 29.5757 29.4643 29.5757 27.1552 29.5757 31.7227 29.5757 29.4643 29.5757 33.5281 29.5757 31.7227 29.5757 34.596 29.5757 33.5281 29.5757 34.9273 29.5757 34.596 29.5757 34.5961 29.5757 34.9273 29.5757 33.5285 29.5757 34.5961 29.5757 31.7218 29.5757 33.5285 29.5757 29.4621 29.5757 31.7218 29.5757 27.1519 29.5757 29.4621 29.5757 25.1557 29.5757 27.1519 29.5757 23.7862 29.5757 25.1557 29.5757 23.2978 29.5757 23.7862 29.5757 23.8581 29.5757 23.3656 29.5757 25.221 29.5757 23.8581 29.5757 27.2061 29.5757 25.221 29.5757 29.4999 29.5757 27.2061 29.5757 31.74 29.5757 29.4999 29.5757 33.5309 29.5757 31.74 29.5757 34.5935 29.5757 33.5309 29.5757 34.9243 29.5757 34.5935 29.5757 34.5936 29.5757 34.9243 29.5757 33.5314 29.5757 34.5936 29.5757 31.7389 29.5757 33.5314 29.5757 29.4973 29.5757 31.7389 29.5757 27.2023 29.5757 29.4973 29.5757 25.216 29.5757 27.2023 29.5757 23.8519 29.5757 25.216 29.5757 23.3656 29.5757 23.8519 29.5757 23.9359 29.5757 23.4448 29.5757 25.2935 29.5757 23.9359 29.5757 27.2675 29.5757 25.2935 29.5757 29.543 29.5757 27.2675 29.5757 31.7605 29.5757 29.543 29.5757 33.5335 29.5757 31.7605 29.5757 34.5896 29.5757 33.5335 29.5757 34.92 29.5757 34.5896 29.5757 34.5897 29.5757 34.92 29.5757 33.5341 29.5757 34.5897 29.5757 31.7593 29.5757 33.5341 29.5757 29.5401 29.5757 31.7593 29.5757 27.2633 29.5757 29.5401 29.5757 25.2879 29.5757 27.2633 29.5757 23.9291 29.5757 25.2879 29.5757 23.4448 29.5757 23.9291 29.5757 24.0263 29.5757 23.5362 29.5757 25.3796 29.5757 24.0263 29.5757 27.3421 29.5757 25.3796 29.5757 29.5955 29.5757 27.3421 29.5757 31.7851 29.5757 29.5955 29.5757 33.5359 29.5757 31.7851 29.5757 34.5841 29.5757 33.5359 29.5757 34.9141 29.5757 34.5841 29.5757 34.5843 29.5757 34.9141 29.5757 33.5365 29.5757 34.5843 29.5757 31.7837 29.5757 33.5365 29.5757 29.5923 29.5757 31.7837 29.5757 27.3374 29.5757 29.5923 29.5757 25.3734 29.5757 27.3374 29.5757 24.0189 29.5757 25.3734 29.5757 23.5362 29.5757 24.0189 29.5757 24.1294 29.5757 23.6382 29.5757 25.4818 29.5757 24.1294 29.5757 27.433 29.5757 25.4818 29.5757 29.6598 29.5757 27.433 29.5757 31.8145 29.5757 29.6598 29.5757 33.538 29.5757 31.8145 29.5757 34.5767 29.5757 33.538 29.5757 34.9063 29.5757 34.5767 29.5757 34.5769 29.5757 34.9063 29.5757 33.5388 29.5757 34.5769 29.5757 31.8131 29.5757 33.5388 29.5757 29.6564 29.5757 31.8131 29.5757 27.4279 29.5757 29.6564 29.5757 25.4749 29.5757 27.4279 29.5757 24.1212 29.5757 25.4749 29.5757 23.6382 29.5757 24.1212 29.5757 24.2468 29.5757 23.7507 29.5757 25.6037 29.5757 24.2468 29.5757 27.5442 29.5757 25.6037 29.5757 29.7382 29.5757 27.5442 29.5757 31.8494 29.5757 29.7382 29.5757 33.5394 29.5757 31.8494 29.5757 34.5667 29.5757 33.5394 29.5757 34.8959 29.5757 34.5667 29.5757 34.5671 29.5757 34.8959 29.5757 33.5404 29.5757 34.5671 29.5757 31.8481 29.5757 33.5404 29.5757 29.7346 29.5757 31.8481 29.5757 27.5385 29.5757 29.7346 29.5757 25.5958 29.5757 27.5385 29.5757 24.2373 29.5757 25.5958 29.5757 23.7507 29.5757 24.2373 29.5757 24.3788 29.5757 23.8737 29.5757 25.7473 29.5757 24.3788 29.5757 27.6768 29.5757 25.7473 29.5757 29.8297 29.5757 27.6768 29.5757 31.8879 29.5757 29.8297 29.5757 33.5387 29.5757 31.8879 29.5757 34.5533 29.5757 33.5387 29.5757 34.8824 29.5757 34.5533 29.5757 34.5539 29.5757 34.8824 29.5757 33.54 29.5757 34.5539 29.5757 31.8868 29.5757 33.54 29.5757 29.8262 29.5757 31.8868 29.5757 27.6707 29.5757 29.8262 29.5757 25.7376 29.5757 27.6707 29.5757 24.3669 29.5757 25.7376 29.5757 23.8737 29.5757 24.3669 29.5757 24.5238 29.5757 24.0093 29.5757 25.8994 29.5757 24.5238 29.5757 27.8097 29.5757 25.8994 29.5757 29.915 29.5757 27.8097 29.5757 31.9174 29.5757 29.915 29.5757 33.5293 29.5757 31.9174 29.5757 34.5337 29.5757 33.5293 29.5757 34.864 29.5757 34.5337 29.5757 34.5345 29.5757 34.864 29.5757 33.5313 29.5757 34.5345 29.5757 31.917 29.5757 33.5313 29.5757 29.9117 29.5757 31.917 29.5757 27.8031 29.5757 29.9117 29.5757 25.8876 29.5757 27.8031 29.5757 24.5083 29.5757 25.8876 29.5757 24.0093 29.5757 24.5083 29.5757 24.6647 29.5757 24.1861 29.5757 25.9585 29.5757 24.6647 29.5757 27.8004 29.5757 25.9585 29.5757 29.8732 29.5757 27.8004 29.5757 31.8635 29.5757 29.8732 29.5757 33.4761 29.5757 31.8635 29.5757 34.4912 29.5757 33.4761 29.5757 34.8359 29.5757 34.4912 29.5757 34.4916 29.5757 34.8359 29.5757 33.4782 29.5757 34.4916 29.5757 31.8645 29.5757 33.4782 29.5757 29.8705 29.5757 31.8645 29.5757 27.7933 29.5757 29.8705 29.5757 25.9494 29.5757 27.7933 29.5757 24.6491 29.5757 25.9494 29.5757 24.1861 29.5757 24.6491 29.5757 23.8747 28.1955 24.0459 29.5757 23.4836 28.1955 23.8747 29.5757 23.1885 28.1955 23.4836 29.5757 23.1714 28.1955 23.1885 29.5757 23.3585 28.1955 23.1714 29.5757 23.5799 28.1955 23.3585 29.5757 23.766 28.1955 23.5799 29.5757 23.8365 28.1955 23.766 29.5757 23.8088 28.1955 23.8365 29.5757 23.6143 28.1955 23.8088 29.5757 23.3612 28.1955 23.6143 29.5757 23.1667 28.1955 23.3612 29.5757 23.1782 28.1955 23.1667 29.5757 23.4476 28.1955 23.1782 29.5757 23.8426 28.1955 23.4476 29.5757 24.0459 28.1955 23.8426 28.1955 23.4031 26.8153 23.5175 28.1955 23.1257 26.8153 23.4031 28.1955 22.909 26.8153 23.1257 28.1955 22.8825 26.8153 22.909 28.1955 23.0368 26.8153 22.8825 28.1955 23.2215 26.8153 23.0368 28.1955 23.3718 26.8153 23.2215 28.1955 23.4503 26.8153 23.3718 28.1955 23.4119 26.8153 23.4503 28.1955 23.2484 26.8153 23.4119 28.1955 23.0298 26.8153 23.2484 28.1955 22.8795 26.8153 23.0298 28.1955 22.9107 26.8153 22.8795 28.1955 23.1004 26.8153 22.9107 28.1955 23.3696 26.8153 23.1004 28.1955 23.5175 26.8153 23.3696 26.8153 21.1792 25.4351 21.3263 26.8153 20.9192 25.4351 21.1792 26.8153 20.7493 25.4351 20.9192 26.8153 20.6885 25.4351 20.7493 26.8153 20.7181 25.4351 20.6885 26.8153 20.8656 25.4351 20.7181 26.8153 21.0037 25.4351 20.8656 26.8153 21.0058 25.4351 21.0037 26.8153 20.9248 25.4351 21.0058 26.8153 20.8057 25.4351 20.9248 26.8153 20.7164 25.4351 20.8057 26.8153 20.687 25.4351 20.7164 26.8153 20.751 25.4351 20.687 26.8153 20.9802 25.4351 20.751 26.8153 21.2624 25.4351 20.9802 26.8153 21.3263 25.4351 21.2624 29.5757 29.5757 29.5757 29.5757 29.5757 29.5757 29.5757 29.5757 29.5757 29.5757 29.5757 29.5757 29.5757 29.5757 29.5757 29.5757 25.4351 25.4351 25.4351 25.4351 25.4351 25.4351 25.4351 25.4351 25.4351 25.4351 25.4351 25.4351 25.4351 25.4351 25.4351 25.4351 
</DataArray>
<DataArray type="Float64" Name="wall variable 0" format="ascii">
0 1 0 1 0 1 0 1 0 1 0 1 0 1 0 1 0 1 0 1 0 1 0 1 0 1 0 1 0 1 0 1 0 1 0 1 0 1 0 1 0 1 0 1 0 1 0 1 0 1 0 1 0 1 0 1 0 1 0 1 0 1 0 1 0 1 0 1 1 0 1 0 1 0 1 0 1 0 1 0 1 0 1 0 1 0 1 0 1 0 1 0 1 0 1 0 1 0 1 0 1 0 1 0 1 0 1 0 1 0 1 0 1 0 1 0 1 0 1 0 1 0 1 0 0 1 0 1 0 1 0 1 0 1 0 1 0 1 0 1 0 1 0 1 0 1 0 1 0 1 0 1 0 1 0 1 0 1 0 1 0 1 0 1 0 1 0 1 0 1 0 1 0 1 0 1 0 1 0 1 0 1 0 1 0 1 0 1 0 1 0 1 0 1 0 1 0 1 0 1 0 1 0 1 0 1 0 1 0 1 0 1 0 1 0 1 0 1 0 1 0 1 0 1 0 1 0 1 0 1 0 1 0 1 0 1 0 1 0 1 0 1 0 1 0 1 0 1 0 1 0 1 0 1 0 1 0 1 0 1 0 1 0 1 0 1 0 1 0 1 0 1 0 1 0 1 0 1 0 1 0 1 0 1 0 1 0 1 0 1 0 1 0 1 0 1 0 1 0 1 0 1 0 1 0 1 0 1 0 1 0 1 0 1 0 1 0 1 0 1 0 1 0 1 0 1 0 1 0 1 0 1 0 1 0 1 0 1 0 1 0 1 0 1 0 1 0 1 0 1 0 1 0 1 0 1 0 1 0 1 0 1 0 1 0 1 0 1 0 1 0 1 0 1 0 1 0 1 0 1 0 1 0 1 0 1 0 1 0 1 0 1 0 1 0 1 0 1 0 1 0 1 0 1 0 1 0 1 0 1 0 1 0 1 0 1 0 1 0 1 0 1 0 1 0 1 0 1 0 1 0 1 0 1 0 1 0 1 0 1 0 1 0 1 0 1 0 1 0 1 0 1 0 1 0 1 0 1 0 1 0 1 0 1 0 1 0 1 0 1 0 1 0 1 0 1 0 1 0 1 0 1 0 1 0 1 0 1 0 1 0 1 0 1 0 1 0 1 0 1 0 1 0 1 0 1 0 1 0 1 0 1 0 1 0 1 0 1 0 1 0 1 0 1 0 1 0 1 0 1 0 1 0 1 0 1 0 1 0 1 0 1 0 1 0 1 0 1 0 1 0 1 0 1 0 1 0 1 0 1 0 1 0 1 0 1 0 1 0 1 0 1 0 1 0 1 0 1 0 1 0 1 0 1 0 1 0 1 0 1 0 1 0 1 0 1 0 1 0 1 0 1 0 1 0 1 0 1 0 1 0 1 0 1 0 1 0 1 0 1 0 1 0 1 0 1 0 1 0 1 0 1 0 1 0 1 0 1 0 1 0 1 0 1 0 1 0 1 0 1 0 1 0 1 0 1 0 1 0 1 0 1 0 1 0 1 0 1 0 1 0 1 0 1 0 1 0 1 0 1 0 1 0 1 0 1 0 1 0 1 0 1 0 1 0 1 0 1 0 1 0 1 0 1 0 1 0 1 0 1 0 1 0 1 0 1 0 1 0 1 0 1 0 1 0 1 0 1 0 1 0 1 0 1 0 1 0 1 0 1 0 1 0 1 0 1 0 1 0 1 0 1 0 1 0 1 0 1 0 1 0 1 0 1 0 1 0 1 0 1 0 1 0 1 0 1 0 1 0 1 0 1 0 1 0 1 0 1 0 1 0 1 0 1 0 1 0 1 0 1 0 1 0 1 0 1 0 1 0 1 0 1 0 1 0 1 0 1 0 1 0 1 0 1 0 1 0 1 0 1 0 1 0 1 0 1 0 1 0 1 0 1 0 1 0 1 0 1 0 1 0 1 0 1 0 1 0 1 0 1 0 1 0 1 0 1 0 1 0 1 0 1 0 1 0 1 0 1 0 1 0 1 0 1 0 1 0 1 0 1 0 1 0 1 0 1 0 1 0 1 0 1 0 1 0 1 0 1 0 1 0 1 0 1 0 1 0 1 0 1 0 1 0 1 0 1 0 1 0 1 0 1 0 1 0 1 0 1 0 1 0 1 0 1 0 1 0 1 0 1 0 1 0 1 0 1 0 1 0 1 0 1 0 1 0 1 0 1 0 1 0 1 0 1 0 1 0 1 0 1 0 1 0 1 0 1 0 1 0 1 0 1 0 1 0 1 0 1 0 1 0 1 0 1 0 1 0 1 0 1 0 1 0 1 0 1 0 1 0 1 0 1 0 1 0 1 0 1 0 1 0 1 0 1 0 1 0 1 0 1 0 1 0 1 0 1 0 1 0 1 0 1 0 1 0 1 0 1 0 1 0 1 0 1 0 1 0 1 0 1 0 1 0 1 0 1 0 1 0 1 0 1 0 1 0 1 0 1 0 1 0 1 0 1 0 1 0 1 0 1 0 1 0 1 0 1 0 1 0 1 0 1 0 1 0 1 0 1 0 1 0 1 0 1 0 1 0 1 0 1 0 1 0 1 0 1 0 1 0 1 0 1 0 1 0 1 0 1 0 1 0 1 0 1 0 1 0 1 0 1 0 1 0 1 0 1 0 1 0 1 0 1 0 1 0 1 0 1 0 1 0 1 0 1 0 1 0 1 0 1 0 1 0 1 0 1 0 1 0 1 0 1 0 1 0 1 0 1 0 1 0 1 0 1 0 1 0 1 0 1 0 1 0 1 0 1 0 1 0 1 0 1 0 1 0 1 0 1 0 1 0 1 0 1 0 1 0 1 0 1 0 1 0 1 0 1 0 1 0 1 0 1 0 1 0 1 0 1 0 1 0 1 0 1 0 1 0 1 0 1 0 1 0 1 0 1 0 1 0 1 0 1 0 1 0 1 0 1 0 1 0 1 0 1 0 1 0 1 0 1 0 1 0 1 0 1 0 1 0 1 0 1 0 1 0 1 0 1 0 1 0 1 0 1 0 1 0 1 0 1 0 1 0 1 0 1 0 1 0 1 0 1 0 1 0 1 0 1 0 1 0 1 0 1 0 1 0 1 0 1 0 1 0 1 0 1 0 1 0 1 0 1 0 1 0 1 0 1 0 1 0 1 0 1 0 1 0 1 0 1 0 1 0 1 0 1 0 1 0 1 0 1 0 1 0 1 0 1 0 1 0 1 0 1 0 1 0 1 0 1 0 1 0 1 0 1 0 1 0 1 0 1 0 1 0 1 0 1 0 1 0 1 0 1 0 1 0 1 0 1 0 1 0 1 0 1 0 1 0 1 0 1 0 1 0 1 0 1 0 1 0 1 0 1 0 1 0 1 0 1 0 1 0 1 0 1 0 1 0 1 0 1 0 1 0 1 0 1 0 1 0 1 0 1 0 1 0 1 0 1 0 1 0 1 0 1 0 1 0 1 0 1 0 1 0 1 0 1 0 1 0 1 0 1 0 1 0 1 0 1 0 1 0 1 0 1 0 1 0 1 0 1 0 1 0 1 0 1 0 1 0 1 0 1 0 1 0 1 0 1 0 1 0 1 0 1 0 1 0 1 0 1 0 1 0 1 0 1 0 1 0 1 0 1 0 1 0 1 0 1 0 1 0 1 0 1 0 1 0 1 0 1 0 1 0 1 0 1 0 1 0 1 0 1 0 1 0 1 0 1 0 1 0 1 0 1 0 1 0 1 0 1 0 1 0 1 0 1 0 1 0 1 0 1 0 1 0 1 0 1 0 1 0 1 0 1 0 1 0 1 0 1 0 1 0 1 0 1 0 1 0 1 0 1 0 1 0 1 0 1 0 1 0 1 0 1 0 1 0 1 0 1 0 1 0 1 0 1 0 1 0 1 0 1 0 1 0 1 0 1 0 1 0 1 0 1 0 1 0 1 0 1 0 1 0 1 0 1 0 1 0 1 0 1 0 1 0 1 0 1 0 1 0 1 0 1 0 1 0 1 0 1 0 1 0 1 0 1 0 1 0 1 0 1 0 1 0 1 0 1 0 1 0 1 0 1 0 1 0 1 0 1 0 1 0 1 0 1 0 1 0 1 0 1 0 1 0 1 0 1 0 1 0 1 0 1 0 1 0 1 0 1 0 1 0 1 0 1 0 1 0 1 0 1 0 1 0 1 0 1 0 1 0 1 0 1 0 1 0 1 0 1 0 1 0 1 0 1 0 1 0 1 0 1 0 1 0 1 0 1 0 1 0 1 0 1 0 1 0 1 0 1 0 1 0 1 0 1 0 1 0 1 0 1 0 1 0 1 0 1 0 1 0 1 0 1 0 1 0 1 0 1 0 1 0 1 0 1 0 1 0 1 0 1 0 1 0 1 0 1 0 1 0 1 0 1 0 1 0 1 0 1 0 1 0 1 0 1 0 1 0 1 0 1 0 1 0 1 0 1 0 1 0 1 0 1 0 1 0 1 0 1 0 1 0 1 0 1 0 1 0 1 0 1 0 1 0 1 0 1 0 1 0 1 0 1 0 1 0 1 0 1 0 1 0 1 0 1 0 1 0 1 0 1 0 1 0 1 0 1 0 1 0 1 0 1 0 1 0 1 0 1 0 1 0 1 0 1 0 0 0 0 0 0 0 0 0 0 0 0 0 0 0 0 0 0 0 0 0 0 0 0 0 0 0 0 0 0 0 0 
</DataArray>
<DataArray type="Float64" Name="wall variable 1" format="ascii">
0 1 0 1 0 1 0 1 0 1 0 1 0 1 0 1 0 1 0 1 0 1 0 1 0 1 0 1 0 1 0 1 0 1 0 1 0 1 0 1 0 1 0 1 0 1 0 1 0 1 0 1 0 1 0 1 0 1 0 1 0 1 0 1 0 1 0 1 1 0 1 0 1 0 1 0 1 0 1 0 1 0 1 0 1 0 1 0 1 0 1 0 1 0 1 0 1 0 1 0 1 0 1 0 1 0 1 0 1 0 1 0 1 0 1 0 1 0 1 0 1 0 1 0 0 1 0 1 0 1 0 1 0 1 0 1 0 1 0 1 0 1 0 1 0 1 0 1 0 1 0 1 0 1 0 1 0 1 0 1 0 1 0 1 0 1 0 1 0 1 0 1 0 1 0 1 0 1 0 1 0 1 0 1 0 1 0 1 0 1 0 1 0 1 0 1 0 1 0 1 0 1 0 1 0 1 0 1 0 1 0 1 0 1 0 1 0 1 0 1 0 1 0 1 0 1 0 1 0 1 0 1 0 1 0 1 0 1 0 1 0 1 0 1 0 1 0 1 0 1 0 1 0 1 0 1 0 1 0 1 0 1 0 1 0 1 0 1 0 1 0 1 0 1 0 1 0 1 0 1 0 1 0 1 0 1 0 1 0 1 0 1 0 1 0 1 0 1 0 1 0 1 0 1 0 1 0 1 0 1 0 1 0 1 0 1 0 1 0 1 0 1 0 1 0 1 0 1 0 1 0 1 0 1 0 1 0 1 0 1 0 1 0 1 0 1 0 1 0 1 0 1 0 1 0 1 0 1 0 1 0 1 0 1 0 1 0 1 0 1 0 1 0 1 0 1 0 1 0 1 0 1 0 1 0 1 0 1 0 1 0 1 0 1 0 1 0 1 0 1 0 1 0 1 0 1 0 1 0 1 0 1 0 1 0 1 0 1 0 1 0 1 0 1 0 1 0 1 0 1 0 1 0 1 0 1 0 1 0 1 0 1 0 1 0 1 0 1 0 1 0 1 0 1 0 1 0 1 0 1 0 1 0 1 0 1 0 1 0 1 0 1 0 1 0 1 0 1 0 1 0 1 0 1 0 1 0 1 0 1 0 1 0 1 0 1 0 1 0 1 0 1 0 1 0 1 0 1 0 1 0 1 0 1 0 1 0 1 0 1 0 1 0 1 0 1 0 1 0 1 0 1 0 1 0 1 0 1 0 1 0 1 0 1 0 1 0 1 0 1 0 1 0 1 0 1 0 1 0 1 0 1 0 1 0 1 0 1 0 1 0 1 0 1 0 1 0 1 0 1 0 1 0 1 0 1 0 1 0 1 0 1 0 1 0 1 0 1 0 1 0 1 0 1 0 1 0 1 0 1 0 1 0 1 0 1 0 1 0 1 0 1 0 1 0 1 0 1 0 1 0 1 0 1 0 1 0 1 0 1 0 1 0 1 0 1 0 1 0 1 0 1 0 1 0 1 0 1 0 1 0 1 0 1 0 1 0 1 0 1 0 1 0 1 0 1 0 1 0 1 0 1 0 1 0 1 0 1 0 1 0 1 0 1 0 1 0 1 0 1 0 1 0 1 0 1 0 1 0 1 0 1 0 1 0 1 0 1 0 1 0 1 0 1 0 1 0 1 0 1 0 1 0 1 0 1 0 1 0 1 0 1 0 1 0 1 0 1 0 1 0 1 0 1 0 1 0 1 0 1 0 1 0 1 0 1 0 1 0 1 0 1 0 1 0 1 0 1 0 1 0 1 0 1 0 1 0 1 0 1 0 1 0 1 0 1 0 1 0 1 0 1 0 1 0 1 0 1 0 1 0 1 0 1 0 1 0 1 0 1 0 1 0 1 0 1 0 1 0 1 0 1 0 1 0 1 0 1 0 1 0 1 0 1 0 1 0 1 0 1 0 1 0 1 0 1 0 1 0 1 0 1 0 1 0 1 0 1 0 1 0 1 0 1 0 1 0 1 0 1 0 1 0 1 0 1 0 1 0 1 0 1 0 1 0 1 0 1 0 1 0 1 0 1 0 1 0 1 0 1 0 1 0 1 0 1 0 1 0 1 0 1 0 1 0 1 0 1 0 1 0 1 0 1 0 1 0 1 0 1 0 1 0 1 0 1 0 1 0 1 0 1 0 1 0 1 0 1 0 1 0 1 0 1 0 1 0 1 0 1 0 1 0 1 0 1 0 1 0 1 0 1 0 1 0 1 0 1 0 1 0 1 0 1 0 1 0 1 0 1 0 1 0 1 0 1 0 1 0 1 0 1 0 1 0 1 0 1 0 1 0 1 0 1 0 1 0 1 0 1 0 1 0 1 0 1 0 1 0 1 0 1 0 1 0 1 0 1 0 1 0 1 0 1 0 1 0 1 0 1 0 1 0 1 0 1 0 1 0 1 0 1 0 1 0 1 0 1 0 1 0 1 0 1 0 1 0 1 0 1 0 1 0 1 0 1 0 1 0 1 0 1 0 1 0 1 0 1 0 1 0 1 0 1 0 1 0 1 0 1 0 1 0 1 0 1 0 1 0 1 0 1 0 1 0 1 0 1 0 1 0 1 0 1 0 1 0 1 0 1 0 1 0 1 0 1 0 1 0 1 0 1 0 1 0 1 0 1 0 1 0 1 0 1 0 1 0 1 0 1 0 1 0 1 0 1 0 1 0 1 0 1 0 1 0 1 0 1 0 1 0 1 0 1 0 1 0 1 0 1 0 1 0 1 0 1 0 1 0 1 0 1 0 1 0 1 0 1 0 1 0 1 0 1 0 1 0 1 0 1 0 1 0 1 0 1 0 1 0 1 0 1 0 1 0 1 0 1 0 1 0 1 0 1 0 1 0 1 0 1 0 1 0 1 0 1 0 1 0 1 0 1 0 1 0 1 0 1 0 1 0 1 0 1 0 1 0 1 0 1 0 1 0 1 0 1 0 1 0 1 0 1 0 1 0 1 0 1 0 1 0 1 0 1 0 1 0 1 0 1 0 1 0 1 0 1 0 1 0 1 0 1 0 1 0 1 0 1 0 1 0 1 0 1 0 1 0 1 0 1 0 1 0 1 0 1 0 1 0 1 0 1 0 1 0 1 0 1 0 1 0 1 0 1 0 1 0 1 0 1 0 1 0 1 0 1 0 1 0 1 0 1 0 1 0 1 0 1 0 1 0 1 0 1 0 1 0 1 0 1 0 1 0 1 0 1 0 1 0 1 0 1 0 1 0 1 0 1 0 1 0 1 0 1 0 1 0 1 0 1 0 1 0 1 0 1 0 1 0 1 0 1 0 1 0 1 0 1 0 1 0 1 0 1 0 1 0 1 0 1 0 1 0 1 0 1 0 1 0 1 0 1 0 1 0 1 0 1 0 1 0 1 0 1 0 1 0 1 0 1 0 1 0 1 0 1 0 1 0 1 0 1 0 1 0 1 0 1 0 1 0 1 0 1 0 1 0 1 0 1 0 1 0 1 0 1 0 1 0 1 0 1 0 1 0 1 0 1 0 1 0 1 0 1 0 1 0 1 0 1 0 1 0 1 0 1 0 1 0 1 0 1 0 1 0 1 0 1 0 1 0 1 0 1 0 1 0 1 0 1 0 1 0 1 0 1 0 1 0 1 0 1 0 1 0 1 0 1 0 1 0 1 0 1 0 1 0 1 0 1 0 1 0 1 0 1 0 1 0 1 0 1 0 1 0 1 0 1 0 1 0 1 0 1 0 1 0 1 0 1 0 1 0 1 0 1 0 1 0 1 0 1 0 1 0 1 0 1 0 1 0 1 0 1 0 1 0 1 0 1 0 1 0 1 0 1 0 1 0 1 0 1 0 1 0 1 0 1 0 1 0 1 0 1 0 1 0 1 0 1 0 1 0 1 0 1 0 1 0 1 0 1 0 1 0 1 0 1 0 1 0 1 0 1 0 1 0 1 0 1 0 1 0 1 0 1 0 1 0 1 0 1 0 1 0 1 0 1 0 1 0 1 0 1 0 1 0 1 0 1 0 1 0 1 0 1 0 1 0 1 0 1 0 1 0 1 0 1 0 1 0 1 0 1 0 1 0 1 0 1 0 1 0 1 0 1 0 1 0 1 0 1 0 1 0 1 0 1 0 1 0 1 0 1 0 1 0 1 0 1 0 1 0 1 0 1 0 1 0 1 0 1 0 1 0 1 0 1 0 1 0 1 0 1 0 1 0 1 0 1 0 1 0 1 0 1 0 1 0 1 0 1 0 1 0 1 0 1 0 1 0 1 0 1 0 1 0 1 0 1 0 1 0 1 0 1 0 1 0 1 0 1 0 1 0 1 0 1 0 1 0 1 0 1 0 1 0 1 0 1 0 1 0 1 0 1 0 1 0 1 0 1 0 1 0 1 0 1 0 1 0 1 0 1 0 1 0 1 0 1 0 1 0 1 0 1 0 1 0 1 0 1 0 1 0 1 0 1 0 1 0 1 0 1 0 1 0 1 0 1 0 1 0 1 0 1 0 1 0 1 0 1 0 1 0 1 0 1 0 1 0 1 0 1 0 1 0 1 0 1 0 1 0 1 0 1 0 1 0 1 0 1 0 1 0 1 0 1 0 1 0 1 0 1 0 1 0 1 0 0 0 0 0 0 0 0 0 0 0 0 0 0 0 0 0 0 0 0 0 0 0 0 0 0 0 0 0 0 0 0 
</DataArray>
<DataArray type="Float64" Name="wall variable 2" format="ascii">
0 35.6354 0 35.6354 0 35.6354 0 35.6354 0 35.6354 0 35.6354 0 35.6354 0 35.6354 0 35.6354 0 35.6354 0 35.6354 0 35.6354 0 35.6354 0 35.6354 0 35.6354 0 35.6354 0 35.6354 0 35.6354 0 35.6354 0 35.6354 0 35.6354 0 35.6354 0 35.6354 0 35.6354 0 35.6354 0 35.6354 0 35.6354 0 35.6354 0 35.6354 0 35.6354 0 35.6354 0 35.6354 0 35.6354 0 35.6354 35.6354 0 35.6354 0 35.6354 0 35.6354 0 35.6354 0 35.6354 0 35.6354 0 35.6354 0 35.6354 0 35.6354 0 35.6354 0 35.6354 0 35.6354 0 35.6354 0 35.6354 0 35.6354 0 35.6354 0 35.6354 0 35.6354 0 35.6354 0 35.6354 0 35.6354 0 35.6354 0 35.6354 0 35.6354 0 35.6354 0 35.6354 0 35.6354 0 0 35.6354 0 35.6354 0 35.6354 0 35.6354 0 35.6354 0 35.6354 0 35.6354 0 35.6354 0 35.6354 0 35.6354 0 35.6354 0 35.6354 0 35.6354 0 35.6354 0 35.6354 0 35.6354 0 35.6354 0 35.6354 0 35.6354 0 35.6354 0 35.6354 0 35.6354 0 35.6354 0 35.6354 0 35.6354 0 35.6354 0 35.6354 0 35.6354 0 35.6354 0 35.6354 0 35.6354 0 35.6354 0 35.6354 0 35.6354 0 35.6354 0 35.6354 0 35.6354 0 35.6354 0 35.6354 0 35.6354 0 35.6354 0 35.6354 0 35.6354 0 35.6354 0 35.6354 0 35.6354 0 35.6354 0 35.6354 0 35.6354 0 35.6354 0 35.6354 0 35.6354 0 35.6354 0 35.6354 0 35.6354 0 35.6354 0 35.6354 0 35.6354 0 35.6354 0 35.6354 0 35.6354 0 35.6354 0 35.6354 0 35.6354 0 35.6354 0 35.6354 0 35.6354 0 35.6354 0 35.6354 0 35.6354 0 35.6354 0 35.6354 0 35.6354 0 35.6354 0 35.6354 0 35.6354 0 35.6354 0 35.6354 0 35.6354 0 35.6354 0 35.6354 0 35.6354 0 35.6354 0 35.6354 0 35.6354 0 35.6354 0 35.6354 0 35.6354 0 35.6354 0 35.6354 0 35.6354 0 35.6354 0 35.6354 0 35.6354 0 35.6354 0 35.6354 0 35.6354 0 35.6354 0 35.6354 0 35.6354 0 35.6354 0 35.6354 0 35.6354 0 35.6354 0 35.6354 0 35.6354 0 35.6354 0 35.6354 0 35.6354 0 35.6354 0 35.6354 0 35.6354 0 35.6354 0 35.6354 0 35.6354 0 35.6354 0 35.6354 0 35.6354 0 35.6354 0 35.6354 0 35.6354 0 35.6354 0 35.6354 0 35.6354 0 35.6354 0 35.6354 0 35.6354 0 35.6354 0 35.6354 0 35.6354 0 35.6354 0 35.6354 0 35.6354 0 35.6354 0 35.6354 0 35.6354 0 35.6354 0 35.6354 0 35.6354 0 35.6354 0 35.6354 0 35.6354 0 35.6354 0 35.6354 0 35.6354 0 35.6354 0 35.6354 0 35.6354 0 35.6354 0 35.6354 0 35.6354 0 35.6354 0 35.6354 0 35.6354 0 35.6354 0 35.6354 0 35.6354 0 35.6354 0 35.6354 0 35.6354 0 35.6354 0 35.6354 0 35.6354 0 35.6354 0 35.6354 0 35.6354 0 35.6354 0 35.6354 0 35.6354 0 35.6354 0 35.6354 0 35.6354 0 35.6354 0 35.6354 0 35.6354 0 35.6354 0 35.6354 0 35.6354 0 35.6354 0 35.6354 0 35.6354 0 35.6354 0 35.6354 0 35.6354 0 35.6354 0 35.6354 0 35.6354 0 35.6354 0 35.6354 0 35.6354 0 35.6354 0 35.6354 0 35.6354 0 35.6354 0 35.6354 0 35.6354 0 35.6354 0 35.6354 0 35.6354 0 35.6354 0 35.6354 0 35.6354 0 35.6354 0 35.6354 0 35.6354 0 35.6354 0 35.6354 0 35.6354 0 35.6354 0 35.6354 0 35.6354 0 35.6354 0 35.6354 0 35.6354 0 35.6354 0 35.6354 0 35.6354 0 35.6354 0 35.6354 0 35.6354 0 35.6354 0 35.6354 0 35.6354 0 35.6354 0 35.6354 0 35.6354 0 35.6354 0 35.6354 0 35.6354 0 35.6354 0 35.6354 0 35.6354 0 35.6354 0 35.6354 0 35.6354 0 35.6354 0 35.6354 0 35.6354 0 35.6354 0 35.6354 0 35.6354 0 35.6354 0 35.6354 0 35.6354 0 35.6354 0 35.6354 0 35.6354 0 35.6354 0 35.6354 0 35.6354 0 35.6354 0 35.6354 0 35.6354 0 35.6354 0 35.6354 0 35.6354 0 35.6354 0 35.6354 0 35.6354 0 35.6354 0 35.6354 0 35.6354 0 35.6354 0 35.6354 0 35.6354 0 35.6354 0 35.6354 0 35.6354 0 35.6354 0 35.6354 0 35.6354 0 35.6354 0 35.6354 0 35.6354 0 35.6354 0 35.6354 0 35.6354 0 35.6354 0 35.6354 0 35.6354 0 35.6354 0 35.6354 0 35.6354 0 35.6354 0 35.6354 0 35.6354 0 35.6354 0 35.6354 0 35.6354 0 35.6354 0 35.6354 0 35.6354 0 35.6354 0 35.6354 0 35.6354 0 35.6354 0 35.6354 0 35.6354 0 35.6354 0 35.6354 0 35.6354 0 35.6354 0 35.6354 0 35.6354 0 35.6354 0 35.6354 0 35.6354 0 35.6354 0 35.6354 0 35.6354 0 35.6354 0 35.6354 0 35.6354 0 35.6354 0 35.6354 0 35.6354 0 35.6354 0 35.6354 0 35.6354 0 35.6354 0 35.6354 0 35.6354 0 35.6354 0 35.6354 0 35.6354 0 35.6354 0 35.6354 0 35.6354 0 35.6354 0 35.6354 0 35.6354 0 35.6354 0 35.6354 0 35.6354 0 35.6354 0 35.6354 0 35.6354 0 35.6354 0 35.6354 0 35.6354 0 35.6354 0 35.6354 0 35.6354 0 35.6354 0 35.6354 0 35.6354 0 35.6354 0 35.6354 0 35.6354 0 35.6354 0 35.6354 0 35.6354 0 35.6354 0 35.6354 0 35.6354 0 35.6354 0 35.6354 0 35.6354 0 35.6354 0 35.6354 0 35.6354 0 35.6354 0 35.6354 0 35.6354 0 35.6354 0 35.6354 0 35.6354 0 35.6354 0 35.6354 0 35.6354 0 35.6354 0 35.6354 0 35.6354 0 35.6354 0 35.6354 0 35.6354 0 35.6354 0 35.6354 0 35.6354 0 35.6354 0 35.6354 0 35.6354 0 35.6354 0 35.6354 0 35.6354 0 35.6354 0 35.6354 0 35.6354 0 35.6354 0 35.6354 0 35.6354 0 35.6354 0 35.6354 0 35.6354 0 35.6354 0 35.6354 0 35.6354 0 35.6354 0 35.6354 0 35.6354 0 35.6354 0 35.6354 0 35.6354 0 35.6354 0 35.6354 0 35.6354 0 35.6354 0 35.6354 0 35.6354 0 35.6354 0 35.6354 0 35.6354 0 35.6354 0 35.6354 0 35.6354 0 35.6354 0 35.6354 0 35.6354 0 35.6354 0 35.6354 0 35.6354 0 35.6354 0 35.6354 0 35.6354 0 35.6354 0 35.6354 0 35.6354 0 35.6354 0 35.6354 0 35.6354 0 35.6354 0 35.6354 0 35.6354 0 35.6354 0 35.6354 0 35.6354 0 35.6354 0 35.6354 0 35.6354 0 35.6354 0 35.6354 0 35.6354 0 35.6354 0 35.6354 0 35.6354 0 35.6354 0 35.6354 0 35.6354 0 35.6354 0 35.6354 0 35.6354 0 35.6354 0 35.6354 0 35.6354 0 35.6354 0 35.6354 0 35.6354 0 35.6354 0 35.6354 0 35.6354 0 35.6354 0 35.6354 0 35.6354 0 35.6354 0 35.6354 0 35.6354 0 35.6354 0 35.6354 0 35.6354 0 35.6354 0 35.6354 0 35.6354 0 35.6354 0 35.6354 0 35.6354 0 35.6354 0 35.6354 0 35.6354 0 35.6354 0 35.6354 0 35.6354 0 35.6354 0 35.6354 0 35.6354 0 35.6354 0 35.6354 0 35.6354 0 35.6354 0 35.6354 0 35.6354 0 35.6354 0 35.6354 0 35.6354 0 35.6354 0 35.6354 0 35.6354 0 35.6354 0 35.6354 0 35.6354 0 35.6354 0 35.6354 0 35.6354 0 35.6354 0 35.6354 0 35.6354 0 35.6354 0 35.6354 0 35.6354 0 35.6354 0 35.6354 0 35.6354 0 35.6354 0 35.6354 0 35.6354 0 35.6354 0 35.6354 0 35.6354 0 35.6354 0 35.6354 0 35.6354 0 35.6354 0 35.6354 0 35.6354 0 35.6354 0 35.6354 0 35.6354 0 35.6354 0 35.6354 0 35.6354 0 35.6354 0 35.6354 0 35.6354 0 35.6354 0 35.6354 0 35.6354 0 35.6354 0 35.6354 0 35.6354 0 35.6354 0 35.6354 0 35.6354 0 35.6354 0 35.6354 0 35.6354 0 35.6354 0 35.6354 0 35.6354 0 35.6354 0 35.6354 0 35.6354 0 35.6354 0 35.6354 0 35.6354 0 35.6354 0 35.6354 0 35.6354 0 35.6354 0 35.6354 0 35.6354 0 35.6354 0 35.6354 0 35.6354 0 35.6354 0 35.6354 0 35.6354 0 35.6354 0 35.6354 0 35.6354 0 35.6354 0 35.6354 0 35.6354 0 35.6354 0 35.6354 0 35.6354 0 35.6354 0 35.6354 0 35.6354 0 35.6354 0 35.6354 0 35.6354 0 35.6354 0 35.6354 0 35.6354 0 35.6354 0 35.6354 0 35.6354 0 35.6354 0 35.6354 0 35.6354 0 35.6354 0 35.6354 0 35.6354 0 35.6354 0 35.6354 0 35.6354 0 35.6354 0 35.6354 0 35.6354 0 35.6354 0 35.6354 0 35.6354 0 35.6354 0 35.6354 0 35.6354 0 35.6354 0 35.6354 0 35.6354 0 35.6354 0 35.6354 0 35.6354 0 35.6354 0 35.6354 0 35.6354 0 35.6354 0 35.6354 0 35.6354 0 35.6354 0 35.6354 0 35.6354 0 35.6354 0 35.6354 0 35.6354 0 35.6354 0 35.6354 0 35.6354 0 35.6354 0 35.6354 0 35.6354 0 35.6354 0 35.6354 0 35.6354 0 35.6354 0 35.6354 0 35.6354 0 35.6354 0 35.6354 0 35.6354 0 35.6354 0 35.6354 0 35.6354 0 35.6354 0 35.6354 0 35.6354 0 35.6354 0 35.6354 0 35.6354 0 35.6354 0 35.6354 0 35.6354 0 35.6354 0 35.6354 0 35.6354 0 35.6354 0 35.6354 0 35.6354 0 35.6354 0 35.6354 0 35.6354 0 35.6354 0 35.6354 0 35.6354 0 35.6354 0 35.6354 0 35.6354 0 35.6354 0 35.6354 0 35.6354 0 35.6354 0 35.6354 0 35.6354 0 35.6354 0 35.6354 0 35.6354 0 35.6354 0 35.6354 0 35.6354 0 35.6354 0 35.6354 0 35.6354 0 35.6354 0 35.6354 0 35.6354 0 35.6354 0 35.6354 0 35.6354 0 35.6354 0 35.6354 0 35.6354 0 35.6354 0 35.6354 0 35.6354 0 35.6354 0 35.6354 0 35.6354 0 35.6354 0 35.6354 0 35.6354 0 35.6354 0 35.6354 0 35.6354 0 35.6354 0 35.6354 0 35.6354 0 35.6354 0 35.6354 0 35.6354 0 35.6354 0 35.6354 0 35.6354 0 35.6354 0 35.6354 0 35.6354 0 35.6354 0 35.6354 0 35.6354 0 35.6354 0 35.6354 0 35.6354 0 35.6354 0 35.6354 0 35.6354 0 35.6354 0 35.6354 0 35.6354 0 35.6354 0 35.6354 0 35.6354 0 35.6354 0 35.6354 0 35.6354 0 35.6354 0 35.6354 0 35.6354 0 35.6354 0 35.6354 0 35.6354 0 35.6354 0 35.6354 0 35.6354 0 35.6354 0 35.6354 0 35.6354 0 35.6354 0 35.6354 0 35.6354 0 35.6354 0 35.6354 0 35.6354 0 35.6354 0 35.6354 0 35.6354 0 35.6354 0 35.6354 0 35.6354 0 35.6354 0 35.6354 0 35.6354 0 35.6354 0 35.6354 0 35.6354 0 35.6354 0 35.6354 0 35.6354 0 35.6354 0 35.6354 0 35.6354 0 35.6354 0 35.6354 0 35.6354 0 35.6354 0 35.6354 0 35.6354 0 35.6354 0 35.6354 0 35.6354 0 35.6354 0 35.6354 0 35.6354 0 35.6354 0 35.6354 0 35.6354 0 35.6354 0 35.6354 0 35.6354 0 35.6354 0 35.6354 0 35.6354 0 35.6354 0 35.6354 0 35.6354 0 35.6354 0 35.6354 0 35.6354 0 35.6354 0 35.6354 0 35.6354 0 35.6354 0 35.6354 0 35.6354 0 35.6354 0 35.6354 0 35.6354 0 35.6354 0 35.6354 0 35.6354 0 35.6354 0 35.6354 0 35.6354 0 35.6354 0 35.6354 0 35.6354 0 35.6354 0 35.6354 0 35.6354 0 35.6354 0 35.6354 0 35.6354 0 35.6354 0 35.6354 0 35.6354 0 35.6354 0 35.6354 0 35.6354 0 35.6354 0 35.6354 0 35.6354 0 35.6354 0 35.6354 0 35.6354 0 35.6354 0 35.6354 0 35.6354 0 35.6354 0 35.6354 0 35.6354 0 35.6354 0 35.6354 0 35.6354 0 35.6354 0 35.6354 0 35.6354 0 35.6354 0 35.6354 0 35.6354 0 35.6354 0 35.6354 0 35.6354 0 35.6354 0 35.6354 0 35.6354 0 35.6354 0 35.6354 0 35.6354 0 35.6354 0 35.6354 0 35.6354 0 35.6354 0 35.6354 0 35.6354 0 35.6354 0 35.6354 0 35.6354 0 35.6354 0 35.6354 0 35.6354 0 35.6354 0 35.6354 0 35.6354 0 35.6354 0 35.6354 0 35.6354 0 35.6354 0 35.6354 0 35.6354 0 35.6354 0 35.6354 0 35.6354 0 35.6354 0 35.6354 0 35.6354 0 35.6354 0 35.6354 0 35.6354 0 35.6354 0 35.6354 0 35.6354 0 35.6354 0 35.6354 0 35.6354 0 35.6354 0 35.6354 0 35.6354 0 35.6354 0 35.6354 0 35.6354 0 35.6354 0 35.6354 0 35.6354 0 35.6354 0 35.6354 0 35.6354 0 35.6354 0 35.6354 0 35.6354 0 35.6354 0 35.6354 0 35.6354 0 35.6354 0 35.6354 0 35.6354 0 35.6354 0 35.6354 0 35.6354 0 35.6354 0 35.6354 0 35.6354 0 35.6354 0 35.6354 0 35.6354 0 35.6354 0 35.6354 0 35.6354 0 35.6354 0 35.6354 0 35.6354 0 35.6354 0 35.6354 0 35.6354 0 35.6354 0 35.6354 0 35.6354 0 35.6354 0 35.6354 0 35.6354 0 35.6354 0 35.6354 0 35.6354 0 35.6354 0 35.6354 0 35.6354 0 35.6354 0 35.6354 0 35.6354 0 35.6354 0 35.6354 0 35.6354 0 35.6354 0 35.6354 0 35.6354 0 35.6354 0 35.6354 0 35.6354 0 35.6354 0 35.6354 0 35.6354 0 35.6354 0 35.6354 0 35.6354 0 35.6354 0 35.6354 0 35.6354 0 35.6354 0 0 0 0 0 0 0 0 0 0 0 0 0 0 0 0 0 0 0 0 0 0 0 0 0 0 0 0 0 0 0 0 
</DataArray>
</CellData>
</Piece>
</UnstructuredGrid>
</VTKFile>
