<VTKFile type="UnstructuredGrid" version="0.1">
<UnstructuredGrid>
<Piece  NumberOfPoints="    2080" NumberOfCells="     514">
<Points>
<DataArray type="Float64" NumberOfComponents="3" format="ascii">
-163.952 169.506 1.42055
-167.337 173.316 27.1155
-148.906 183.145 29.0057
-145.263 179.037 1.39773
-168.091 174.159 29.8539
-177.76 184.97 51.6793
-160.095 195.606 55.1535
-149.661 183.989 31.7441
-179.149 186.534 53.7783
-193.538 202.866 68.3947
-176.955 214.68 72.9036
-161.484 197.169 57.2526
-195.338 204.929 69.5321
-212.161 224.386 74.6621
-196.776 237.607 79.5447
-178.755 216.742 74.041
-214.089 226.636 74.6614
-230.747 246.23 69.5084
-216.547 260.873 74.0396
-198.704 239.857 79.5439
-232.512 248.32 68.3702
-246.501 264.995 53.7502
-233.307 280.861 57.2381
-218.311 262.963 72.9015
-247.84 266.6 51.6508
-257.094 277.77 29.8229
-244.562 294.468 31.7278
-234.646 282.467 55.1387
-257.81 278.641 27.0839
-261.008 282.575 1.3821
-248.704 299.576 1.38695
-245.279 295.34 28.9887
-261.004 282.575 -1.58079
-257.743 278.649 -27.2738
-245.19 295.365 -29.1773
-248.7 299.577 -1.57595
-257.022 277.777 -30.0119
-247.769 266.59 -51.8273
-234.549 282.456 -55.3285
-244.469 294.493 -31.9154
-246.433 264.981 -53.9259
-232.481 248.272 -68.5386
-218.27 262.894 -73.0818
-233.213 280.847 -57.4271
-230.721 246.178 -69.6761
-214.094 226.557 -74.8195
-198.695 239.757 -79.7182
-216.509 260.8 -74.2193
-212.169 224.304 -74.8195
-195.374 204.823 -69.6812
-178.775 216.619 -74.2103
-196.77 237.505 -79.7181
-193.579 202.758 -68.5434
-179.217 186.402 -53.9225
-161.561 197.007 -57.4154
-176.979 214.554 -73.0726
-177.83 184.837 -51.8229
-168.153 174.047 -29.986
-149.75 183.856 -31.9112
-160.174 195.442 -55.3158
-167.395 173.212 -27.2467
-163.956 169.5 -1.54243
-145.267 179.03 -1.56525
-148.992 183.02 -29.1718
-143.216 180.339 1.46185
-146.86 184.448 29.0698
-128.386 198.363 29.6071
-124.588 194.203 1.4439
-158.09 196.945 55.3415
-139.947 211.065 56.3307
-129.181 199.244 32.4693
-147.655 185.328 31.932
-175.02 216.09 73.1844
-157.266 230.559 74.4704
-141.406 212.699 58.5226
-159.549 198.579 57.5334
-194.925 239.11 79.8754
-177.558 254.027 81.2733
-159.149 232.714 75.6577
-176.903 218.245 74.3717
-214.78 262.48 74.3715
-197.754 277.891 75.6793
-179.572 256.381 81.2736
-196.938 241.464 79.8757
-231.618 282.566 57.5207
-214.866 298.418 58.5271
-199.596 280.079 74.4918
-216.622 264.668 73.1841
-242.931 296.248 31.9181
-226.371 312.38 32.471
-216.263 300.098 56.3354
-233.015 284.247 55.329
-247.105 301.397 1.45483
-230.634 317.616 1.45345
-227.119 313.292 29.6095
-243.68 297.161 29.0566
-243.592 297.185 -29.244
-227.071 313.285 -29.8047
-230.631 317.617 -1.64403
-247.102 301.398 -1.64265
-232.918 284.234 -55.5202
-216.196 300.049 -56.5495
-226.318 312.371 -32.6678
-242.839 296.272 -32.1071
-216.58 264.596 -73.3668
-199.555 279.993 -74.6967
-214.8 298.364 -58.7415
-231.523 282.549 -57.7122
-196.928 241.362 -80.052
-179.555 256.272 -81.4697
-197.717 277.801 -75.883
-214.742 262.404 -74.5531
-176.921 218.12 -74.543
-159.154 232.589 -75.8453
-177.544 253.916 -81.4685
-194.917 239.006 -80.0508
-159.623 198.415 -57.6975
-141.439 212.561 -58.6993
-157.274 230.431 -74.6569
-175.041 215.963 -73.3547
-147.743 185.196 -32.1015
-129.233 199.149 -32.6678
-139.983 210.928 -56.508
-158.167 196.782 -55.5061
-146.946 184.324 -29.2412
-143.22 180.334 -1.63465
-124.592 194.198 -1.6526
-128.435 198.276 -29.8075
-122.543 195.807 1.46271
-126.34 199.967 29.6259
-108.092 214.961 29.8309
-104.135 210.854 1.45623
-127.161 200.85 32.5249
-137.927 212.672 56.3864
-120.007 227.596 56.745
-108.914 215.844 32.7299
-139.424 214.319 58.6069
-155.284 232.179 74.5547
-137.649 247.125 75.0042
-121.504 229.243 58.9655
-157.202 234.362 75.7574
-175.611 255.675 81.373
-158.12 270.781 81.8435
-139.567 249.308 76.207
-177.65 258.067 81.3729
-195.832 279.576 75.7785
-178.363 294.917 76.1958
-160.159 273.173 81.8434
-197.69 281.803 74.5751
-212.961 300.142 58.6103
-195.463 315.697 58.9121
-180.221 297.143 74.9924
-214.369 301.852 56.3902
-224.476 314.133 32.5258
-206.947 329.821 32.6766
-196.871 317.407 56.6919
-225.232 315.06 29.6282
-228.747 319.384 1.47212
-211.22 335.103 1.46013
-207.703 330.748 29.779
-228.745 319.383 -1.66443
-225.185 315.051 -29.8251
-207.692 330.713 -30.0001
-211.219 335.102 -1.67641
-224.427 314.121 -32.7247
-214.305 301.799 -56.6065
-196.84 317.332 -56.9331
-206.934 329.783 -32.8997
-212.897 300.086 -58.8272
-197.651 281.715 -74.7825
-180.193 297.051 -75.2221
-195.432 315.619 -59.1539
-195.795 279.486 -75.9846
-177.633 257.957 -81.5712
-160.14 273.069 -82.0614
-178.336 294.823 -76.4242
-175.595 255.564 -81.5702
-157.206 234.237 -75.947
-139.56 249.199 -76.4128
-158.103 270.676 -82.0604
-155.29 232.053 -74.7428
-139.455 214.183 -58.7852
-121.507 229.143 -59.1553
-137.644 247.015 -75.2086
-137.96 212.538 -56.5656
-127.21 200.759 -32.7254
-108.939 215.785 -32.9419
-120.013 227.498 -56.9356
-126.388 199.882 -29.8286
-122.545 195.803 -1.67367
-104.137 210.851 -1.68016
-108.117 214.908 -30.0451
-102.162 212.433 1.47454
-106.12 216.54 29.8492
-88.726 230.088 29.9618
-85.118 225.655 1.4715
-106.926 217.463 32.7758
-118.019 229.215 56.791
-99.6292 243.689 57.0036
-89.5316 231.012 32.8884
-119.473 230.932 59.0192
-135.619 248.814 75.0579
-115.802 264.576 75.3328
-101.083 245.406 59.2319
-137.465 251.081 76.2542
-156.018 272.554 81.8907
-134.578 289.72 82.1787
-117.649 266.843 76.5291
-157.969 275.029 81.8778
-176.174 296.773 76.2301
-153.141 315.258 76.4818
-136.529 292.195 82.1657
-177.945 299.071 75.0126
-193.186 317.625 58.9323
-168.811 337.175 59.1073
-154.912 317.556 75.2643
-194.524 319.385 56.7006
-204.6 331.799 32.6853
-179.332 352.029 32.7648
-170.149 338.935 56.8756
-205.318 332.751 29.7799
-208.835 337.106 1.46109
-183.255 357.568 1.44623
-180.049 352.98 29.8595
-208.835 337.104 -1.68099
-205.308 332.715 -30.0047
-180.046 352.948 -30.114
-183.255 357.566 -1.69584
-204.59 331.76 -32.9113
-194.496 319.309 -56.9447
-170.131 338.863 -57.1481
-179.328 351.993 -33.0206
-193.158 317.546 -59.1767
-177.918 298.978 -75.2449
-154.893 317.468 -75.5214
-168.793 337.1 -59.3801
-176.148 296.679 -76.4609
-157.952 274.925 -82.0981
-136.513 292.1 -82.4056
-153.122 315.169 -76.7375
-156.001 272.45 -82.1096
-137.458 250.973 -76.462
-117.637 266.75 -76.7509
-134.563 289.625 -82.417
-135.612 248.707 -75.2639
-119.475 230.834 -59.2106
-101.073 245.332 -59.4325
-115.79 264.484 -75.5528
-118.022 229.12 -56.9825
-106.949 217.408 -32.9888
-89.5379 230.982 -33.1078
-99.6204 243.618 -57.2044
-106.144 216.488 -30.0643
-102.163 212.431 -1.69938
-85.1189 225.653 -1.70241
-88.7326 230.063 -30.1833
-83.1712 227.063 1.47542
-86.7792 231.496 29.9657
-68.7382 243.611 29.9813
-65.5325 238.873 1.47407
-87.5043 232.487 32.8994
-97.602 245.164 57.0147
-78.4317 258.119 57.0435
-69.4633 244.602 32.915
-98.9117 246.999 59.248
-113.63 266.169 75.3489
-92.847 280.282 75.3892
-79.7414 259.955 59.2768
-115.297 268.578 76.5474
-132.226 291.456 82.1971
-109.622 306.831 82.2467
-94.5133 282.691 76.5877
-133.988 294.074 82.1832
-150.6 317.137 76.4993
-126.222 333.707 76.5471
-111.384 309.45 82.2328
-152.199 319.561 75.2778
-166.098 339.18 59.1208
-140.233 356.721 59.1499
-127.821 336.131 75.3256
-167.306 341.032 56.883
-176.489 354.126 32.7723
-149.636 372.288 32.7753
-141.441 358.573 56.9122
-177.136 355.125 29.8608
-180.342 359.712 1.44758
-153.143 378.085 1.43596
-150.283 373.287 29.8639
-180.342 359.711 -1.70012
-177.133 355.093 -30.1183
-150.284 373.257 -30.1438
-153.143 378.083 -1.71174
-176.486 354.09 -33.0309
-167.289 340.96 -57.1584
-141.431 358.505 -57.2072
-149.636 372.254 -33.0564
-166.081 339.105 -59.3961
-152.181 319.473 -75.5374
-127.807 336.049 -75.6036
-140.223 356.65 -59.445
-150.582 317.049 -76.7571
-133.973 293.98 -82.4252
-111.368 309.364 -82.4899
-126.208 333.624 -76.8232
-132.211 291.361 -82.437
-115.285 268.487 -76.7709
-94.4966 282.612 -76.8222
-109.606 306.745 -82.5018
-113.618 266.079 -75.5701
-98.9007 246.927 -59.4498
-79.7214 259.899 -59.4866
-92.8304 280.204 -75.6214
-97.5917 245.096 -57.2163
-87.5092 232.46 -33.1197
-69.4564 244.589 -33.1391
-78.4124 258.067 -57.2531
-86.7849 231.472 -30.1876
-83.1712 227.062 -1.70668
-65.5325 238.872 -1.70804
-68.7321 243.601 -30.2071
-63.5116 240.118 1.47434
-66.7172 244.857 29.9816
-47.968 255.449 29.9783
-45.1849 250.44 1.47406
-67.3542 245.908 32.9158
-76.3226 259.425 57.0443
-56.3824 270.754 57.0322
-48.605 256.5 32.9126
-77.4744 261.366 59.2781
-90.58 281.693 75.3905
-68.9138 294.046 75.3735
-57.5342 272.694 59.2661
-92.0481 284.23 76.5896
-107.157 308.37 82.2486
-83.522 321.852 82.2387
-70.3819 296.583 76.5727
-108.711 311.118 82.2351
-123.549 335.375 76.5494
-97.9934 349.937 76.5497
-85.0764 324.6 82.2252
-124.96 337.913 75.3273
-137.373 358.503 59.1517
-110.21 373.949 59.1528
-99.4046 352.474 75.3277
-138.437 360.439 56.9124
-146.633 374.154 32.7756
-118.406 390.17 32.7681
-111.275 375.885 56.9136
-147.203 375.197 29.863
-150.063 379.995 1.43509
-121.464 396.205 1.42658
-118.977 391.213 29.8555
-150.063 379.993 -1.71306
-147.204 375.167 -30.1452
-118.98 391.184 -30.1536
-121.464 396.203 -1.72157
-146.633 374.12 -33.0587
-138.428 360.371 -57.2094
-111.27 375.821 -57.2231
-118.409 390.138 -33.0671
-137.363 358.433 -59.4484
-124.946 337.832 -75.607
-99.3924 352.399 -75.6193
-110.204 373.883 -59.4621
-123.535 335.293 -76.827
-108.696 311.033 -82.4937
-85.0596 324.522 -82.4939
-97.9809 349.86 -76.8393
-107.141 308.285 -82.5049
-92.0313 284.152 -76.8254
-70.3605 296.513 -76.8161
-83.5049 321.774 -82.5051
-90.5627 281.617 -75.6237
-77.4537 261.311 -59.4889
-57.506 272.649 -59.4832
-68.892 293.978 -75.6144
-76.3023 259.374 -57.2544
-67.3463 245.896 -33.1405
-48.588 256.494 -33.1394
-56.3545 270.712 -57.2487
-66.7106 244.847 -30.2075
-63.511 240.118 -1.70847
-45.1843 250.44 -1.70875
-47.9523 255.445 -30.2064
-43.0901 251.515 1.47382
-45.8732 256.524 29.9781
-26.4856 265.531 29.9735
-24.1427 260.29 1.47469
-46.4178 257.627 32.9115
-54.1951 271.881 57.0311
-33.5634 281.517 57.0138
-27.0302 266.634 32.9069
-55.18 273.913 59.2642
-66.5596 295.265 75.3717
-44.1106 305.781 75.3459
-34.5483 283.549 59.2469
-67.8163 297.914 76.5708
-80.9564 323.183 82.2368
-56.417 334.68 82.2168
-45.3672 308.429 76.545
-82.288 326.046 82.224
-95.205 351.383 76.5485
-68.6159 363.826 76.5409
-57.7486 337.543 82.204
-96.4142 354.022 75.3271
-107.22 375.497 59.1522
-78.916 388.72 59.1502
-69.8251 366.465 75.3194
-108.132 377.508 56.9128
-115.263 391.793 32.7673
-85.8255 405.521 32.7606
-79.8282 390.731 56.9108
-115.752 392.876 29.8546
-118.239 397.867 1.42563
-88.4052 411.766 1.41982
-86.3141 406.603 29.8479
-118.239 397.866 -1.72216
-115.755 392.847 -30.1542
-86.3192 406.576 -30.1578
-88.4055 411.765 -1.72797
-115.267 391.761 -33.0675
-108.127 377.445 -57.2236
-79.8263 390.671 -57.228
-85.8305 405.49 -33.0712
-107.214 375.431 -59.4625
-96.4023 353.947 -75.6198
-69.8135 366.395 -75.6183
-78.9132 388.658 -59.4669
-95.1924 351.307 -76.8391
-82.2711 325.968 -82.4937
-57.7289 337.471 -82.4789
-68.6036 363.754 -76.8376
-80.9389 323.105 -82.504
-67.7945 297.845 -76.815
-45.3399 308.366 -76.7934
-56.3967 334.608 -82.4893
-66.5372 295.198 -75.6132
-55.1512 273.869 -59.4819
-34.5129 283.509 -59.4687
-44.0826 305.719 -75.5917
-54.1664 271.84 -57.248
-46.3999 257.622 -33.1387
-27.0048 266.63 -33.1341
-33.5282 281.481 -57.2347
-45.857 256.52 -30.2061
-43.089 251.515 -1.70848
-24.1416 260.29 -1.70761
-26.4619 265.529 -30.2015
-21.9834 261.188 1.47455
-24.3263 266.428 29.9733
-4.39966 273.795 29.9703
-2.51297 268.363 1.47663
-24.7747 267.576 32.9058
-31.3079 282.459 57.0127
-10.0904 290.343 56.9977
-4.84811 274.943 32.9028
-32.1183 284.568 59.2448
-41.6806 306.8 75.3438
-18.5664 315.411 75.3212
-10.9008 292.452 59.2298
-42.7147 309.543 76.5428
-53.7644 335.794 82.2146
-28.4564 345.224 82.1971
-19.6005 318.155 76.5201
-54.8603 338.756 82.2025
-65.7276 365.038 76.5393
-38.2598 375.261 76.5332
-29.5523 348.185 82.185
-66.7226 367.765 75.3187
-75.8135 390.02 59.1494
-46.5363 400.899 59.1491
-39.2548 377.988 75.3125
-76.5639 392.096 56.9101
-82.5612 406.886 32.7599
-52.088 418.191 32.7556
-47.2867 402.975 56.9097
-82.9631 408.003 29.8472
-85.0542 413.166 1.41913
-54.1636 424.615 1.41566
-52.4898 419.308 29.8429
-85.0545 413.164 -1.72824
-82.9682 407.975 -30.1581
-52.4959 419.281 -30.1594
-54.1639 424.614 -1.73172
-82.5664 406.856 -33.0712
-76.5623 392.037 -57.2279
-47.2867 402.92 -57.229
-52.0941 418.162 -33.0724
-75.8109 389.959 -59.4666
-66.7112 367.695 -75.6179
-39.243 377.922 -75.6131
-46.5353 400.841 -59.4676
-65.7152 364.967 -76.8364
-54.8404 338.684 -82.4778
-29.5303 348.117 -82.4613
-38.247 375.194 -76.8315
-53.7437 335.723 -82.4873
-42.6869 309.481 -76.7915
-19.5689 318.096 -76.7697
-28.4336 345.156 -82.4708
-41.652 306.739 -75.5899
-32.0823 284.529 -59.4669
-10.8595 292.415 -59.4535
-18.534 315.354 -75.5682
-31.272 282.423 -57.2337
-24.7486 267.572 -33.133
-4.8159 274.938 -33.1277
-10.0491 290.309 -57.2204
-24.3022 266.427 -30.2011
-21.9819 261.188 -1.70719
-2.51153 268.363 -1.7051
-4.36945 273.792 -30.1957
-0.300802 269.079 1.47666
-2.18749 274.511 29.9703
18.166 280.191 29.9689
19.5822 274.609 1.47988
-2.53656 275.694 32.9019
-7.77888 291.093 56.9968
13.9035 297.176 56.9852
17.817 281.374 32.9005
-8.40831 293.265 59.2281
-16.0739 316.224 75.3194
7.57008 322.874 75.3017
13.2741 299.347 59.2164
-16.876 319.045 76.5182
-25.732 346.113 82.1952
0.190858 353.404 82.1823
6.76796 325.695 76.5005
-26.5813 349.155 82.1838
-35.2888 376.231 76.532
-7.11392 384.146 76.5287
-0.658404 356.446 82.1709
-36.0592 379.029 75.312
-43.3407 401.94 59.1486
-13.2752 410.372 59.1503
-7.88436 386.945 75.3087
-43.9213 404.069 56.9093
-48.7226 419.285 32.7552
-17.4075 428.053 32.753
-13.8558 412.501 56.911
-49.0334 420.43 29.8425
-50.7072 425.738 1.41524
-18.9566 434.619 1.41387
-17.7183 429.198 29.8402
-50.7075 425.736 -1.73176
-49.0395 420.404 -30.1594
-17.7248 429.173 -30.1585
-18.957 434.618 -1.73313
-48.7288 419.256 -33.0722
-43.9214 404.014 -57.2287
-13.8567 412.45 -57.2275
-17.4141 428.025 -33.0713
-43.3397 401.883 -59.467
-36.0474 378.964 -75.6125
-7.87155 386.883 -75.6065
-13.275 410.319 -59.4658
-35.2758 376.164 -76.8302
-26.5591 349.087 -82.46
-0.633667 356.382 -82.4446
-7.09991 384.083 -76.8242
-25.7088 346.046 -82.4689
-16.8442 318.986 -76.7678
6.80321 325.639 -76.7482
0.216649 353.341 -82.4535
-16.041 316.167 -75.5664
-8.36654 293.228 -59.4518
13.3199 299.311 -59.4396
7.60634 322.82 -75.5468
-7.73701 291.059 -57.2193
-2.50379 275.688 -33.1267
17.8543 281.365 -33.1208
13.9495 297.142 -57.2071
-2.15697 274.507 -30.1952
-0.299055 269.079 -1.70462
19.584 274.609 -1.70141
18.2011 280.184 -30.1893
21.8344 275.137 1.48011
20.4182 280.719 29.9692
41.0783 284.677 29.9703
42.0112 278.987 1.48431
20.1711 281.929 32.9
16.2577 297.731 56.9847
38.275 301.973 56.9785
40.8312 285.887 32.9012
15.8142 299.948 59.2153
10.1102 323.476 75.3005
34.1354 328.117 75.2907
37.8315 304.191 59.2091
9.54748 326.354 76.4993
2.97037 354.063 82.1811
29.3441 359.157 82.1763
33.5727 330.995 76.4895
2.37664 357.164 82.1703
-4.07888 384.864 76.5281
24.6209 390.399 76.5309
28.7504 362.258 82.1654
-4.61608 387.717 75.3087
-10.0069 411.144 59.1502
20.6494 417.043 59.1558
24.0837 393.251 75.3114
-10.411 413.314 56.911
-13.9627 428.865 32.7529
17.9866 435 32.7535
20.2453 419.212 56.9165
-14.1789 430.031 29.8401
-15.4172 435.452 1.41372
16.9819 441.667 1.4143
17.7704 436.166 29.8407
-15.4176 435.451 -1.73299
-14.1854 430.006 -30.1584
17.7639 436.142 -30.1565
16.9815 441.666 -1.73241
-13.9693 428.838 -33.0709
-10.4119 413.263 -57.2272
20.2443 419.165 -57.2262
17.98 434.974 -33.069
-10.0067 411.092 -59.4653
-4.60325 387.655 -75.6059
24.0975 393.193 -75.6024
20.6495 416.994 -59.4643
-4.06469 384.802 -76.8232
2.40155 357.101 -82.4436
28.7772 362.197 -82.4331
24.636 390.34 -76.8196
2.99646 354 -82.4519
9.58302 326.298 -76.7466
33.6109 330.941 -76.7323
29.3721 359.096 -82.4414
10.1468 323.421 -75.5454
15.8604 299.912 -59.4381
37.8807 304.153 -59.4291
34.1748 328.064 -75.5311
16.304 297.697 -57.2062
20.2089 281.92 -33.1199
40.8721 285.874 -33.1145
38.3243 301.938 -57.1972
20.4535 280.712 -30.1888
21.8364 275.137 -1.70091
42.0131 278.987 -1.69671
41.1167 284.666 -30.1834
44.2898 279.325 1.48473
43.357 285.015 29.9707
64.1981 287.225 29.9738
64.6382 281.469 1.48975
43.2141 286.242 32.9012
40.6579 302.329 56.9786
62.8867 304.704 56.9766
64.0553 288.452 32.9043
40.4045 304.577 59.2086
36.7084 328.503 75.2902
60.987 331.105 75.2868
62.6333 306.952 59.2066
36.3908 331.418 76.4891
32.1622 359.579 82.1759
58.8333 362.435 82.1774
60.6693 334.02 76.4856
31.8305 362.719 82.1656
27.701 390.86 76.531
56.7454 393.961 76.5385
58.5017 365.575 82.1671
27.4033 393.747 75.312
23.9691 417.539 59.1563
55.0106 420.841 59.1648
56.4477 396.848 75.3194
23.7464 419.734 56.9168
21.4877 435.522 32.7539
53.8506 438.953 32.757
54.7879 423.036 56.9253
21.3687 436.701 29.8408
20.5802 442.202 1.41442
53.4033 445.676 1.41681
53.7316 440.133 29.8439
20.5798 442.201 -1.73213
21.3622 436.677 -30.1562
53.7253 440.11 -30.1534
53.4029 445.675 -1.72974
21.4811 435.496 -33.0687
23.7454 419.687 -57.2258
54.7872 422.993 -57.2249
53.8442 438.929 -33.0659
23.9692 417.49 -59.4639
27.4172 393.689 -75.602
56.4626 396.793 -75.6005
55.0111 420.796 -59.463
27.7163 390.801 -76.819
31.8575 362.658 -82.4324
58.5304 365.516 -82.4257
56.7617 393.905 -76.8174
32.1904 359.518 -82.4403
36.4293 331.364 -76.7312
60.7099 333.966 -76.7209
58.8633 362.376 -82.4336
36.748 328.449 -75.5301
40.4539 304.539 -59.4281
62.6845 306.912 -59.4211
61.0287 331.052 -75.5198
40.7074 302.293 -57.1966
43.2553 286.229 -33.1139
64.098 288.434 -33.1087
62.938 304.666 -57.1896
43.3955 285.004 -30.1829
44.2919 279.324 -1.69618
64.6403 281.469 -1.69116
64.2383 287.208 -30.1777
66.9293 281.614 1.49027
66.4892 287.37 29.9743
87.3804 287.815 29.9776
87.322 282.038 1.49591
66.4523 288.605 32.9045
65.2837 304.858 56.9768
87.5779 305.348 56.9747
87.3436 289.051 32.9078
65.2235 307.119 59.2064
63.5772 331.272 75.2866
87.9426 331.813 75.2821
87.5177 307.609 59.2043
63.5083 334.204 76.4855
61.6723 362.618 82.1772
88.4563 363.208 82.1762
87.8738 334.745 76.481
61.6068 365.775 82.1674
59.8505 394.161 76.5388
89.036 394.794 76.5432
88.3907 366.364 82.1664
59.7962 397.063 75.32
58.3591 421.055 59.1654
89.5669 421.721 59.1722
88.9817 397.696 75.3245
58.3209 423.261 56.9258
57.3836 439.178 32.7575
89.9304 439.862 32.7613
89.5286 423.926 56.9326
57.3635 440.363 29.8442
57.0352 445.906 1.41713
90.0484 446.596 1.42108
89.9103 441.046 29.8481
57.0349 445.905 -1.72929
57.3572 440.34 -30.153
89.9041 441.026 -30.148
90.0481 446.594 -1.72534
57.3772 439.154 -33.0654
58.3202 423.218 -57.2244
89.5284 423.887 -57.2195
89.9241 439.839 -33.0604
58.3597 421.011 -59.4625
59.8112 397.008 -75.6
88.9976 397.643 -75.5931
89.5678 421.68 -59.4576
59.867 394.105 -76.8167
61.6356 365.716 -82.4249
88.4209 366.307 -82.4134
89.0534 394.741 -76.8097
61.7025 362.559 -82.4325
63.5491 334.15 -76.7198
87.916 334.691 -76.7062
88.4878 363.15 -82.421
63.619 331.219 -75.5188
65.2749 307.079 -59.42
87.57 307.567 -59.4106
87.986 331.76 -75.5052
65.3352 304.819 -57.1889
66.4952 288.587 -33.108
87.3866 289.027 -33.1014
87.6302 305.308 -57.1795
66.5294 287.353 -30.1771
66.9314 281.613 -1.69056
87.3242 282.037 -1.68492
87.4209 287.794 -30.1705
89.611 281.99 1.49646
89.6694 287.767 29.9782
110.476 286.446 29.9818
109.918 280.691 1.50279
89.7392 289.001 32.9079
89.9736 305.299 56.9748
112.187 303.901 56.9715
110.546 287.681 32.9115
90.1078 307.557 59.2039
90.5327 331.76 75.2816
114.821 330.234 75.2737
112.321 306.16 59.2006
90.7143 334.687 76.4805
91.2967 363.15 82.1757
118.01 361.463 82.1694
115.003 333.16 76.4725
91.4992 366.3 82.1663
92.1445 394.73 76.5431
121.267 392.879 76.5427
118.212 364.613 82.16
92.3355 397.625 75.3248
92.9206 421.65 59.1726
124.073 419.657 59.1775
121.458 395.774 75.3245
93.0684 423.85 56.9331
93.4702 439.786 32.7618
125.966 437.7 32.7662
124.221 421.858 56.938
93.5499 440.968 29.8485
93.688 446.517 1.42153
126.652 444.398 1.42659
126.046 438.882 29.853
93.6876 446.516 -1.72473
93.5437 440.947 -30.1474
126.04 438.863 -30.1407
126.652 444.397 -1.71967
93.4639 439.764 -33.0596
93.0682 423.811 -57.2186
124.221 421.822 -57.2091
125.96 437.679 -33.0529
92.9217 421.609 -59.4565
92.3514 397.573 -75.592
121.475 395.724 -75.5778
124.074 419.62 -59.447
92.1619 394.677 -76.8083
91.5295 366.243 -82.4119
118.243 364.557 -82.393
121.285 392.828 -76.7941
91.3284 363.093 -82.4193
90.7566 334.633 -76.7045
115.046 333.106 -76.6856
118.042 361.407 -82.4003
90.5762 331.707 -75.5037
90.1601 307.515 -59.4092
112.374 306.115 -59.3971
114.866 330.181 -75.4849
90.0259 305.258 -57.1786
89.7823 288.977 -33.1005
110.589 287.652 -33.0928
112.239 303.858 -57.1665
89.7098 287.745 -30.1698
89.6131 281.988 -1.68422
109.92 280.69 -1.67789
110.516 286.419 -30.1621
112.19 280.449 1.50341
112.748 286.204 29.9824
133.335 283.125 29.9868
132.28 277.435 1.51058
112.925 287.429 32.9116
114.565 303.649 56.9716
136.55 300.37 56.9686
133.512 284.35 32.9161
114.893 305.887 59.2
117.394 329.962 75.2731
141.441 326.373 75.2644
136.878 302.608 59.197
117.825 332.861 76.4717
120.832 361.164 82.1686
147.289 357.204 82.1607
141.872 329.273 76.463
121.302 364.284 82.1595
124.357 392.55 76.5422
153.209 388.219 76.5404
147.759 360.325 82.1516
124.793 395.417 75.3246
127.408 419.301 59.1776
158.278 414.655 59.1826
153.645 391.086 75.3228
127.742 421.481 56.9385
129.487 437.323 32.7667
161.695 432.471 32.772
158.612 416.835 56.9435
129.667 438.493 29.8535
130.273 444.009 1.42714
162.945 439.085 1.43298
161.874 433.641 29.8588
130.272 444.008 -1.71894
129.66 438.474 -30.1399
161.867 433.623 -30.1322
162.945 439.084 -1.7131
129.481 437.302 -33.0518
127.742 421.445 -57.2081
158.612 416.803 -57.1962
161.688 432.451 -33.0441
127.409 419.264 -59.4454
124.81 395.368 -75.5763
153.663 391.039 -75.5585
158.28 414.622 -59.4336
124.375 392.499 -76.792
121.334 364.228 -82.3909
147.791 360.27 -82.3686
153.228 388.17 -76.7743
120.865 361.108 -82.3981
117.869 332.807 -76.6834
141.916 329.218 -76.6624
147.323 357.149 -82.3758
117.438 329.908 -75.4831
114.946 305.842 -59.3954
136.931 302.561 -59.3827
141.486 326.319 -75.4622
114.618 303.605 -57.1654
112.968 287.399 -33.0918
133.554 284.315 -33.0835
136.603 300.323 -57.1527
112.788 286.177 -30.1614
112.192 280.447 -1.6771
132.282 277.434 -1.66993
133.375 283.093 -30.1531
134.52 277.001 1.5113
135.576 282.691 29.9876
155.806 277.871 29.9931
154.26 272.291 1.51921
135.857 283.896 32.9163
138.896 299.916 56.9688
160.504 294.774 56.9675
156.088 279.076 32.9218
139.416 302.118 59.1965
143.979 325.883 75.2639
167.619 320.252 75.2573
161.024 296.975 59.1952
144.658 328.734 76.4622
150.074 356.665 82.1599
176.089 350.457 82.1538
168.298 323.103 76.4556
150.809 359.733 82.1512
156.259 387.627 76.54
184.633 380.842 76.539
176.823 353.524 82.145
156.938 390.446 75.323
161.571 414.015 59.1828
191.933 406.744 59.1886
185.312 383.661 75.3221
162.088 416.158 56.944
165.171 431.794 32.7725
196.851 424.203 32.7786
192.451 408.887 56.9498
165.449 432.945 29.8594
166.52 438.389 1.43362
198.66 430.687 1.44017
197.13 425.354 29.8655
166.52 438.388 -1.71229
165.442 432.927 -30.1314
197.123 425.338 -30.1231
198.659 430.686 -1.70575
165.164 431.775 -33.043
162.089 416.127 -57.1951
192.452 408.859 -57.1822
196.845 424.186 -33.0346
161.573 413.982 -59.4319
156.955 390.399 -75.5568
185.33 383.617 -75.5382
191.936 406.715 -59.419
156.278 387.579 -76.772
150.841 359.678 -82.3663
176.856 353.471 -82.3443
184.653 380.796 -76.7535
150.108 356.61 -82.3734
144.702 328.679 -76.6601
168.342 323.048 -76.6401
176.122 350.403 -82.3514
144.024 325.829 -75.4604
139.469 302.07 -59.3809
161.077 296.925 -59.3688
167.664 320.198 -75.4404
138.948 299.869 -57.1516
135.899 283.861 -33.0824
156.128 279.035 -33.0739
160.556 294.724 -57.1395
135.615 282.658 -30.1522
134.522 277 -1.66907
154.262 272.289 -1.66116
155.844 277.833 -30.1438
156.453 271.667 1.52001
158 277.248 29.9939
177.739 270.716 30.0005
175.713 265.289 1.52855
158.385 278.424 32.9221
162.801 294.121 56.9679
183.886 287.147 56.9689
178.125 271.892 32.9288
163.51 296.269 59.1949
170.105 319.546 75.2571
193.174 311.908 75.2537
184.595 289.295 59.1959
171.026 322.327 76.4551
178.817 349.681 82.1532
204.203 341.264 82.1498
194.095 314.689 76.4517
179.811 352.674 82.1447
187.621 379.991 76.5388
215.311 370.797 76.5394
205.198 344.256 82.1413
188.537 382.741 75.3224
195.159 405.824 59.1889
224.79 395.976 59.1955
216.228 373.548 75.3231
195.857 407.915 56.9505
200.258 423.231 32.7793
231.176 412.954 32.7863
225.488 398.067 56.9571
200.633 424.354 29.8663
202.163 429.687 1.44091
233.529 419.26 1.44807
231.551 414.077 29.8732
202.162 429.686 -1.70489
200.626 424.338 -30.1222
231.544 414.062 -30.1135
233.529 419.259 -1.69773
200.251 423.214 -33.0334
195.858 407.887 -57.181
225.49 398.043 -57.1679
231.169 412.937 -33.0247
195.161 405.795 -59.4173
188.555 382.697 -75.5365
216.246 373.506 -75.5184
224.794 395.951 -59.4041
187.641 379.946 -76.7513
179.844 352.621 -82.3421
205.231 344.205 -82.3216
215.332 370.755 -76.7332
178.851 349.628 -82.3491
171.07 322.273 -76.6379
194.139 314.635 -76.6199
204.238 341.212 -82.3287
170.15 319.492 -75.4387
163.562 296.219 -59.3671
184.647 289.242 -59.3563
193.219 311.854 -75.4207
162.854 294.071 -57.1384
158.425 278.382 -33.0728
178.163 271.846 -33.0643
183.938 287.094 -57.1276
158.037 277.209 -30.1428
156.455 271.665 -1.66024
175.715 265.287 -1.6517
177.775 270.672 -30.1343
177.846 264.48 1.52945
179.872 269.907 30.0014
198.988 261.706 30.009
196.497 256.475 1.53845
180.358 271.045 32.9293
186.119 286.3 56.9694
206.539 277.538 56.9727
199.474 262.844 32.9369
187.011 288.378 59.196
195.59 310.992 75.2537
217.929 301.398 75.2535
207.43 279.616 59.1992
196.747 313.682 76.4515
206.855 340.257 82.1496
231.435 329.689 82.1489
219.086 304.088 76.4513
208.102 343.152 82.1412
218.216 369.693 76.5394
245.023 358.156 76.5416
232.682 332.584 82.1406
219.363 372.354 75.3235
227.926 394.783 59.196
256.609 382.43 59.2035
246.17 360.817 75.3258
228.799 396.806 56.9579
234.487 411.693 32.7871
264.415 398.803 32.7949
257.482 384.453 56.9654
234.956 412.78 29.8741
236.934 417.963 1.4489
267.296 404.887 1.45656
264.884 399.89 29.8818
236.934 417.963 -1.69683
234.949 412.765 -30.1126
264.877 399.877 -30.1036
267.295 404.886 -1.68917
234.48 411.677 -33.0235
228.801 396.783 -57.1667
257.486 384.433 -57.1535
264.408 398.789 -33.0145
227.929 394.758 -59.4024
219.382 372.313 -75.5167
246.189 360.779 -75.4994
256.614 382.408 -59.3893
218.236 369.651 -76.7311
208.135 343.101 -82.3196
232.715 332.535 -82.3011
245.044 358.116 -76.7138
206.89 340.205 -82.3267
196.792 313.628 -76.6178
219.13 304.035 -76.6022
231.47 329.639 -82.3082
195.635 310.938 -75.4192
187.063 288.325 -59.3548
207.481 279.561 -59.3452
217.974 301.344 -75.4035
186.171 286.247 -57.1265
180.396 270.998 -33.0633
199.51 262.792 -33.0548
206.589 277.484 -57.117
179.907 269.863 -30.1334
177.848 264.478 -1.65075
196.499 256.472 -1.64175
199.021 261.657 -30.1249
198.554 255.486 1.53942
201.045 260.717 30.01
219.409 250.899 30.0182
216.47 245.906 1.54865
201.629 261.808 32.9376
208.693 276.502 56.9734
228.306 266.012 56.9784
219.992 251.991 32.9458
209.761 278.495 59.1995
220.259 300.277 75.2538
241.711 288.792 75.2564
229.374 268.004 59.2046
221.643 302.857 76.4514
233.992 328.457 82.149
257.59 315.812 82.1507
243.095 291.372 76.454
235.482 331.234 82.1408
247.823 356.806 76.5418
273.552 343.009 76.5451
259.08 318.589 82.1425
249.192 359.359 75.3264
259.631 380.972 59.2041
287.157 366.205 59.212
274.922 345.562 75.3297
260.673 382.913 56.9663
267.606 397.263 32.7958
296.324 381.859 32.8041
288.199 368.147 56.9742
268.166 398.307 29.8827
270.578 403.304 1.45746
299.711 387.678 1.4655
296.884 382.902 29.891
270.577 403.303 -1.68825
268.159 398.293 -30.1027
296.877 382.89 -30.0936
299.71 387.677 -1.68021
267.6 397.249 -33.0133
260.677 382.893 -57.1523
288.205 368.13 -57.1391
296.318 381.846 -33.0042
259.637 380.951 -59.3876
249.212 359.321 -75.4977
274.942 345.527 -75.4811
287.164 366.188 -59.3744
247.844 356.767 -76.7119
235.515 331.185 -82.2992
259.113 318.543 -82.2825
273.574 342.973 -76.6952
234.027 328.407 -82.3064
221.687 302.803 -76.6004
243.138 291.32 -76.5868
257.625 315.765 -82.2897
220.304 300.223 -75.4022
209.812 278.44 -59.3439
229.423 267.948 -59.3355
241.755 288.74 -75.3886
208.743 276.447 -57.116
201.663 261.756 -33.0539
220.023 251.935 -33.0455
228.354 265.956 -57.1077
201.078 260.668 -30.124
198.556 255.483 -1.64078
216.472 245.903 -1.63156
219.437 250.847 -30.1156
218.438 244.743 1.54962
221.377 249.736 30.0192
238.862 238.368 30.0277
235.499 233.651 1.55882
222.052 250.773 32.9465
230.366 264.794 56.9792
249.036 252.646 56.9859
239.538 239.405 32.9551
231.602 266.686 59.2051
243.939 287.474 75.2569
264.353 274.18 75.2619
250.273 254.538 59.2117
245.54 289.925 76.4543
260.035 314.365 82.151
282.482 299.736 82.1546
265.953 276.631 76.4593
261.756 317.004 82.1428
276.228 341.423 76.5455
300.695 325.47 76.5497
284.203 302.375 82.1464
277.809 343.85 75.3304
290.044 364.493 59.2127
316.212 347.426 59.2207
302.276 327.897 75.3346
291.247 366.34 56.9751
299.372 380.052 32.805
326.671 362.251 32.8137
317.415 349.272 56.9831
300.018 381.044 29.8919
302.845 385.82 1.46645
330.538 367.765 1.47476
327.317 363.244 29.9006
302.845 385.82 -1.67927
300.012 381.032 -30.0927
327.311 363.233 -30.0834
330.538 367.765 -1.67095
299.366 380.039 -33.003
291.253 366.324 -57.1379
317.424 349.26 -57.1246
326.665 362.24 -32.9938
290.052 364.476 -59.3728
277.83 343.816 -75.4795
302.298 327.865 -75.4635
316.222 347.412 -59.3595
276.25 341.387 -76.6935
261.789 316.958 -82.2808
284.236 302.331 -82.2658
300.718 325.437 -76.6775
260.069 314.318 -82.2881
245.583 289.873 -76.5852
265.995 276.58 -76.5739
282.516 299.691 -82.2732
243.983 287.421 -75.3875
231.651 266.63 -59.3343
250.318 254.482 -59.3272
264.395 274.129 -75.3761
230.414 264.738 -57.1067
222.083 250.717 -33.0446
239.563 239.347 -33.0366
249.081 252.59 -57.0996
221.404 249.684 -30.1146
218.439 244.74 -1.63057
235.501 233.648 -1.62137
238.885 238.313 -30.1066
237.364 232.323 1.5598
240.727 237.04 30.0287
257.216 224.197 30.0374
253.455 219.794 1.56879
241.49 238.013 32.9559
250.988 251.254 56.9867
268.587 237.533 56.9951
257.979 225.17 32.9647
252.383 253.032 59.2124
266.463 272.674 75.2626
285.695 257.664 75.2702
269.982 239.31 59.2208
268.267 274.978 76.4599
284.796 298.083 82.1552
305.935 281.575 82.161
287.499 259.968 76.4675
286.735 300.565 82.147
303.227 323.66 76.5502
326.258 305.669 76.5553
307.874 284.058 82.1528
305.008 325.944 75.3354
318.944 345.473 59.2215
343.568 326.236 59.2296
328.039 307.953 75.3405
320.298 347.212 56.9841
329.554 360.19 32.8147
355.238 340.132 32.8235
344.922 327.974 56.9922
330.282 361.125 29.9016
333.503 365.647 1.47574
359.556 345.304 1.48418
355.965 341.067 29.9104
333.502 365.647 -1.67
330.276 361.115 -30.0825
355.96 341.058 -30.0733
359.556 345.304 -1.66157
329.549 360.18 -32.9926
320.307 347.199 -57.1235
344.934 327.964 -57.1104
355.233 340.123 -32.9834
318.954 345.46 -59.358
305.03 325.913 -75.462
328.062 307.924 -75.447
343.581 326.225 -59.345
303.25 323.627 -76.6759
286.768 300.522 -82.2643
307.906 284.017 -82.2517
326.282 305.639 -76.6609
284.83 298.038 -82.2719
268.309 274.927 -76.5725
287.539 259.919 -76.564
305.968 281.533 -82.2593
266.505 272.623 -75.3752
252.428 252.976 -59.3263
270.023 239.255 -59.3209
285.736 257.615 -75.3666
251.032 251.198 -57.0988
241.514 237.955 -33.0357
257.997 225.111 -33.0283
268.627 237.477 -57.0934
240.749 236.984 -30.1056
237.365 232.32 -1.6204
253.456 219.791 -1.61142
257.232 224.141 -30.0981
255.205 218.308 1.56975
258.966 222.711 30.0384
274.347 208.48 30.0474
270.219 204.424 1.57836
259.81 223.614 32.9656
270.418 235.977 56.996
286.825 220.775 57.0063
275.192 209.383 32.9746
271.96 237.627 59.2218
287.674 255.98 75.2712
305.592 239.359 75.282
288.367 222.425 59.2321
289.668 258.121 76.4684
308.103 279.728 82.1619
327.786 261.462 82.1704
307.586 241.5 76.4793
310.245 282.037 82.1536
328.629 303.649 76.556
350.063 283.754 76.5623
329.928 263.771 82.1621
330.596 305.774 75.3413
346.125 324.057 59.2304
369.033 302.796 59.2387
352.03 285.88 75.3476
347.62 325.676 56.9933
357.936 337.834 32.8246
381.824 315.673 32.8336
370.528 304.415 57.0015
358.739 338.705 29.9114
362.33 342.942 1.48518
386.562 320.469 1.49353
382.628 316.544 29.9204
362.33 342.942 -1.66065
358.734 338.696 -30.0724
382.624 316.536 -30.0635
386.561 320.469 -1.65229
357.931 337.825 -32.9823
347.632 325.666 -57.1093
370.542 304.408 -57.097
381.821 315.665 -32.9735
346.138 324.047 -59.3436
330.619 305.746 -75.4457
352.053 285.854 -75.4325
369.049 302.788 -59.3313
328.653 303.619 -76.6596
310.278 281.997 -82.2503
329.96 263.733 -82.241
350.088 283.727 -76.6464
308.136 279.687 -82.2583
289.707 258.073 -76.5629
307.624 241.455 -76.558
327.819 261.424 -82.2489
287.714 255.931 -75.3659
272.001 237.572 -59.3202
288.403 222.372 -59.3171
305.63 239.313 -75.361
270.457 235.921 -57.0927
259.827 223.555 -33.0276
275.202 209.325 -33.0209
286.86 220.721 -57.0896
258.981 222.655 -30.0972
255.205 218.305 -1.6105
270.219 204.421 -1.60189
274.355 208.424 -30.0905
271.841 202.791 1.57931
275.97 206.847 30.0484
290.142 191.321 30.0577
285.679 187.645 1.58742
276.889 207.673 32.9757
288.522 219.065 57.0074
303.628 202.485 57.0201
291.061 192.147 32.985
290.199 220.576 59.2333
307.425 237.51 75.2833
323.91 219.394 75.2981
305.306 203.996 59.246
309.593 239.473 76.4805
329.793 259.435 82.1716
347.888 239.541 82.1836
326.078 221.357 76.4953
332.121 261.555 82.1631
352.257 281.538 76.5633
371.949 259.888 76.5713
350.216 241.661 82.1751
354.394 283.492 75.3486
371.397 300.408 59.2397
392.433 277.286 59.248
374.086 261.842 75.3565
373.022 301.897 57.0026
384.318 313.155 32.8347
406.25 289.063 32.8436
394.058 278.775 57.011
385.192 313.956 29.9214
389.125 317.882 1.49453
411.37 293.454 1.5026
407.123 289.864 29.9304
389.125 317.881 -1.65142
385.188 313.948 -30.0626
407.12 289.857 -30.0545
411.37 293.453 -1.64335
384.315 313.147 -32.9725
373.037 301.89 -57.096
394.075 278.769 -57.0848
406.247 289.055 -32.9643
371.413 300.4 -59.3301
354.418 283.466 -75.4313
374.111 261.819 -75.4207
392.452 277.28 -59.3189
352.281 281.512 -76.6454
332.153 261.518 -82.24
350.248 241.627 -82.235
371.974 259.864 -76.6348
329.826 259.397 -82.2483
309.631 239.428 -76.5574
326.113 221.315 -76.5572
347.92 239.506 -82.2433
307.463 237.464 -75.3607
290.236 220.523 -59.3167
305.337 203.946 -59.3165
323.945 219.351 -75.3604
288.556 219.011 -57.0891
276.898 207.615 -33.0204
291.064 192.091 -33.0148
303.658 202.434 -57.0889
275.977 206.791 -30.0897
271.841 202.788 -1.60106
285.68 187.642 -1.59295
290.143 191.268 -30.0841
287.165 185.875 1.58836
291.627 189.552 30.0586
304.5 172.834 30.0682
299.739 169.565 1.59587
292.614 190.294 32.9862
305.18 200.632 57.0213
318.887 182.785 57.0369
305.486 173.576 32.9959
306.98 201.994 59.2476
325.585 217.391 75.2997
340.528 197.903 75.3194
320.688 184.146 59.2632
327.911 219.164 76.497
349.72 237.348 82.1853
366.109 215.966 82.2016
342.854 199.675 76.5167
352.218 239.265 82.1764
373.95 257.492 76.5726
391.771 234.245 76.5826
368.606 217.883 82.1927
376.242 259.262 75.3576
394.589 274.706 59.2492
413.616 249.897 59.2578
394.063 236.014 75.3676
396.331 276.056 57.0121
408.523 286.344 32.8448
428.354 260.506 32.8536
415.358 251.247 57.0208
409.46 287.071 29.9314
413.707 290.661 1.50359
433.82 264.467 1.51116
429.291 261.234 29.9402
413.707 290.66 -1.64255
409.456 287.064 -30.0537
429.288 261.227 -30.0464
433.82 264.466 -1.63498
408.521 286.337 -32.9635
396.349 276.05 -57.084
415.378 251.243 -57.0745
428.352 260.5 -32.9562
394.608 274.7 -59.318
376.267 259.239 -75.4198
394.089 235.995 -75.4128
413.637 249.892 -59.3086
373.975 257.469 -76.6343
352.249 239.231 -82.2344
368.637 217.853 -82.235
391.798 234.224 -76.6272
349.752 237.313 -82.2433
327.946 219.122 -76.5571
342.887 199.637 -76.5627
366.14 215.934 -82.2439
325.62 217.348 -75.3606
307.012 201.943 -59.3167
320.715 184.099 -59.32
340.561 197.863 -75.3662
305.21 200.581 -57.0886
292.616 190.238 -33.0146
305.482 173.524 -33.0104
318.913 182.738 -57.092
291.628 189.498 -30.0834
287.164 185.872 -1.59222
299.739 169.562 -1.58471
304.494 172.784 -30.0792
301.077 167.67 1.5968
305.838 170.939 30.0692
317.331 153.135 30.0793
312.31 150.299 1.60365
306.884 171.593 32.9973
320.285 180.801 57.0383
332.508 161.801 57.0572
318.377 153.788 33.0074
322.194 182.003 59.2653
342.035 195.76 75.3215
355.344 175.027 75.3467
334.417 163.002 59.2842
344.501 197.33 76.5189
367.755 213.621 82.2038
382.337 190.898 82.225
357.811 176.597 76.5441
370.403 215.325 82.1944
393.568 231.687 76.5843
409.409 207.01 76.5965
384.984 192.602 82.2156
395.997 233.262 75.3689
415.549 247.144 59.2591
432.45 220.834 59.2678
411.838 208.585 75.3812
417.396 248.348 57.0219
430.392 257.607 32.8548
448.001 230.222 32.8633
434.296 222.037 57.0306
431.385 258.256 29.9412
435.914 261.49 1.51212
453.773 233.732 1.51893
448.994 230.871 29.9497
435.914 261.489 -1.6343
431.383 258.25 -30.0458
448.993 230.865 -30.0399
453.772 233.731 -1.62748
430.391 257.601 -32.9556
417.416 248.344 -57.0739
434.319 222.035 -57.0666
448.001 230.216 -32.9497
415.571 247.14 -59.308
396.023 233.242 -75.4122
411.864 208.568 -75.4093
432.474 220.831 -59.3007
393.594 231.666 -76.6272
370.434 215.294 -82.235
385.014 192.575 -82.2422
409.436 206.992 -76.6243
367.787 213.59 -82.2445
344.534 197.292 -76.5634
357.842 176.564 -76.5758
382.367 190.871 -82.2517
342.067 195.721 -75.3669
322.221 181.957 -59.3207
334.44 162.961 -59.3282
355.375 174.993 -75.3792
320.31 180.755 -57.0921
306.879 171.541 -33.0104
318.366 153.742 -33.0077
332.529 161.759 -57.0995
305.832 170.889 -30.0786
301.077 167.667 -1.5841
312.31 150.297 -1.57725
317.319 153.09 -30.0759
313.494 148.291 1.6046
318.515 151.127 30.0803
328.56 132.349 30.0905
323.32 129.971 1.61079
319.611 151.687 33.0091
333.743 159.699 57.0589
344.41 139.663 57.0803
329.657 132.909 33.0194
335.746 160.733 59.2867
356.673 172.758 75.3493
368.27 150.911 75.3788
346.413 140.697 59.3082
359.261 174.116 76.5468
383.787 188.418 82.2277
396.475 164.505 82.2522
370.858 152.27 76.5763
386.565 189.898 82.2177
410.989 204.306 76.5986
424.758 178.373 76.6114
399.253 165.986 82.2422
413.538 205.679 75.3826
434.15 217.928 59.2692
448.827 190.31 59.277
427.306 179.746 75.3954
436.088 218.98 57.0318
449.792 227.164 32.8644
465.08 198.437 32.8721
450.765 191.362 57.0395
450.835 227.732 29.9506
455.613 230.593 1.51983
471.117 201.482 1.5256
466.122 199.006 29.9582
455.613 230.593 -1.62694
450.833 227.727 -30.0393
466.122 199 -30.0348
471.117 201.482 -1.62118
449.792 227.158 -32.9493
436.11 218.977 -57.0662
450.791 191.36 -57.0605
465.081 198.432 -32.9448
434.174 217.925 -59.3005
413.565 205.663 -75.4091
427.334 179.732 -75.4095
448.854 190.308 -59.2949
411.017 204.288 -76.6249
386.595 189.872 -82.2427
399.283 165.964 -82.2553
424.786 178.358 -76.6252
383.817 188.391 -82.253
359.292 174.083 -76.5771
370.888 152.242 -76.5951
396.506 164.482 -82.2655
356.703 172.724 -75.3805
335.769 160.693 -59.3294
346.433 140.663 -59.3402
368.3 150.883 -75.3985
333.764 159.658 -57.0999
319.6 151.641 -33.0081
329.641 132.869 -33.0065
344.428 139.628 -57.1106
318.502 151.083 -30.0754
313.493 148.289 -1.57677
323.319 129.969 -1.57058
328.543 132.311 -30.0739
324.341 127.863 1.61169
329.582 130.24 30.0914
338.125 110.602 30.0988
332.707 108.707 1.6173
330.721 130.702 33.021
345.474 137.456 57.0819
354.528 116.503 57.0991
339.265 111.063 33.0284
347.556 138.315 59.3106
369.414 148.53 75.3812
379.236 125.701 75.4051
356.61 117.362 59.3278
372.104 149.669 76.5789
397.721 161.904 82.2547
408.447 136.954 82.2719
381.927 126.84 76.6027
400.609 163.155 82.2439
426.114 175.542 76.6132
437.735 148.529 76.6183
411.335 138.205 82.2611
428.763 176.708 75.3965
450.284 187.272 59.278
462.662 158.545 59.2796
440.385 149.695 75.4015
452.299 188.169 57.0404
466.614 195.244 32.873
479.505 165.389 32.8774
464.677 159.441 57.042
467.699 195.729 29.959
472.693 198.206 1.52634
485.767 167.961 1.53068
480.59 165.875 29.9634
472.693 198.206 -1.62077
467.699 195.724 -30.0344
480.591 165.87 -30.0298
485.767 167.961 -1.61643
466.616 195.239 -32.9445
452.325 188.167 -57.0602
464.707 159.44 -57.0521
479.508 165.385 -32.9399
450.312 187.27 -59.2947
428.792 176.695 -75.4093
440.416 149.685 -75.4051
462.694 158.543 -59.2865
426.143 175.528 -76.6258
400.64 163.134 -82.2558
411.367 138.188 -82.2636
437.767 148.518 -76.6216
397.752 161.882 -82.2669
372.134 149.642 -76.5965
381.957 126.82 -76.6103
408.479 136.937 -82.2747
369.443 148.502 -75.3998
347.577 138.282 -59.3414
356.63 117.337 -59.3483
379.266 125.68 -75.4137
345.492 137.422 -57.111
330.705 130.664 -33.0069
339.247 111.035 -33.0032
354.546 116.477 -57.1179
329.564 130.204 -30.0734
324.34 127.861 -1.57016
332.706 108.705 -1.56455
338.106 110.575 -30.0697
333.562 106.511 1.61763
338.981 108.406 30.0991
345.993 88.0261 30.0882
340.439 86.637 1.62271
340.155 108.765 33.0284
355.418 114.204 57.099
362.824 92.4554 57.0801
347.167 88.3847 33.0174
357.563 114.882 59.3276
380.189 123.221 75.4049
388.191 99.5438 75.3794
364.969 93.1334 59.3086
382.962 124.135 76.6021
409.482 134.249 82.2712
418.188 108.416 82.2366
390.964 100.458 76.5766
412.459 135.266 82.2599
438.86 145.59 76.617
448.27 117.676 76.5789
421.165 109.433 82.2252
441.591 146.547 75.4003
463.869 155.396 59.2784
473.882 125.758 59.2513
451.001 118.633 75.3622
465.947 156.135 57.0415
480.775 162.083 32.8769
491.203 131.315 32.8676
475.96 126.497 57.0145
481.894 162.485 29.9636
487.072 164.572 1.5309
497.653 133.414 1.53339
492.323 131.716 29.9543
487.072 164.572 -1.61589
481.896 162.48 -30.0293
492.328 131.712 -30.0151
497.653 133.414 -1.6134
480.778 162.079 -32.9386
465.977 156.134 -57.0508
475.996 126.497 -57.0189
491.21 131.31 -32.9245
463.9 155.395 -59.2845
441.623 146.537 -75.403
451.037 118.626 -75.3599
473.919 125.758 -59.2526
438.891 145.58 -76.6195
412.491 135.25 -82.2615
421.2 109.422 -82.2206
448.305 117.669 -76.5763
409.514 134.232 -82.2731
382.992 124.115 -76.6087
390.997 100.445 -76.5749
418.223 108.404 -82.2321
380.219 123.201 -75.4124
357.583 114.858 -59.3471
364.991 93.1201 -59.3178
388.223 99.5309 -75.3786
355.435 114.18 -57.1167
340.136 108.737 -33.0021
347.15 88.3701 -32.9803
362.844 92.4418 -57.0875
338.961 108.38 -30.0688
333.561 106.51 -1.56364
340.438 86.6359 -1.55856
345.975 88.0124 -30.0471
341.13 84.3684 1.62007
346.684 85.7574 30.0855
352.223 64.7702 29.9883
346.584 63.9085 1.62418
347.883 86.0092 33.0088
363.539 90.0798 57.0714
369.329 67.6818 56.886
353.421 65.022 32.9115
365.729 90.5714 59.2951
388.951 96.9818 75.366
395.122 72.6174 75.1188
371.519 68.1733 59.1097
391.783 97.6669 76.5606
419.008 105.625 82.2206
425.634 79.0836 81.9562
397.954 73.3025 76.3134
422.049 106.406 82.2096
449.154 114.649 76.5633
456.254 86.0201 76.3322
428.676 79.8649 81.9452
451.947 115.395 75.3499
474.827 122.52 59.239
482.354 92.1672 59.0777
459.047 86.7657 75.1188
476.955 123.102 57.0072
492.197 127.919 32.8603
500.034 96.4371 32.7834
484.481 92.7485 56.8459
493.345 128.237 29.9522
498.675 129.935 1.53135
506.629 98.0742 1.53197
501.182 96.7552 29.8753
498.676 129.935 -1.61106
493.351 128.233 -30.0128
501.194 96.7517 -29.9361
506.63 98.074 -1.61045
492.205 127.915 -32.917
476.991 123.101 -57.0115
484.526 92.7481 -56.8521
500.049 96.4336 -32.8404
474.865 122.52 -59.2401
451.983 115.388 -75.3474
459.089 86.7615 -75.1159
482.4 92.1667 -59.0807
449.19 114.642 -76.5603
422.085 106.395 -82.2045
428.715 79.859 -81.9372
456.296 86.0154 -76.3289
419.043 105.614 -82.2154
391.816 97.655 -76.5583
397.992 73.2986 -76.3047
425.674 79.0776 -81.948
388.984 96.97 -75.3642
365.752 90.5592 -59.3034
371.549 68.1752 -59.1069
395.159 72.6137 -75.1106
363.56 90.0679 -57.0777
347.866 85.9961 -32.9705
353.411 65.0268 -32.8628
369.357 67.6838 -56.8812
346.666 85.7446 -30.0433
341.129 84.3681 -1.55476
346.584 63.9083 -1.55065
352.212 64.7752 -29.9356
347.141 61.5868 1.60869
352.78 62.4485 29.9728
357.311 41.0611 29.5298
351.685 40.7012 1.60941
353.986 62.5937 32.8669
369.894 65.2535 56.8414
374.405 42.5062 56.0014
358.517 41.2062 32.4238
372.1 65.5583 59.0426
395.703 70.0023 75.0517
400.187 45.3036 73.9283
376.612 42.8109 58.2027
398.557 70.4563 76.2343
426.237 76.2374 81.877
430.702 49.3232 80.6591
403.042 45.7576 75.1109
429.305 76.7794 81.8672
456.883 82.9346 76.2543
461.365 53.8685 75.1488
433.77 49.8652 80.6493
459.703 83.4661 75.0545
483.01 88.8676 59.0133
487.539 58.0191 58.182
464.184 54.4 73.949
485.16 89.2892 56.8044
500.713 92.9778 32.7419
505.294 60.9645 32.3039
489.69 58.4407 55.9731
501.875 93.2106 29.8607
507.323 94.5296 1.5174
511.945 62.0885 1.51897
506.456 61.1973 29.4227
507.324 94.5294 -1.59584
501.889 93.2072 -29.9215
506.485 61.1961 -29.4868
511.946 62.0883 -1.59427
500.729 92.9742 -32.7994
485.206 89.2887 -56.8111
489.745 58.439 -55.9921
505.326 60.9631 -32.3646
483.057 88.8671 -59.0169
459.745 83.4619 -75.0521
464.23 54.3952 -73.9503
487.596 58.0174 -58.1978
456.925 82.9302 -76.2509
429.345 76.7738 -81.8592
433.812 49.8627 -80.6414
461.41 53.8636 -75.1491
426.277 76.2321 -81.8685
398.595 70.4531 -76.2252
403.083 45.7622 -75.0983
430.744 49.321 -80.6508
395.741 69.9998 -75.0425
372.13 65.5613 -59.0389
376.653 42.826 -58.1852
400.228 45.3089 -73.9156
369.922 65.2574 -56.8355
353.977 62.6004 -32.8171
358.525 41.2327 -32.3667
374.445 42.5221 -55.9818
352.769 62.4546 -29.9194
347.141 61.5877 -1.53439
351.685 40.7021 -1.53366
357.317 41.087 -29.469
352.258 38.4079 1.55121
357.884 38.7678 29.4716
363.608 18.5189 28.1785
358.268 18.0209 1.54687
359.047 38.8717 32.2652
374.935 40.1717 55.8427
379.879 20.2221 53.4698
364.771 18.6228 30.9721
377.075 40.3948 57.9793
400.651 42.8875 73.705
404.486 23.0963 70.6052
382.019 20.4453 55.6064
403.436 43.2248 74.8624
431.097 46.7903 80.4106
433.676 26.8538 77.0523
407.272 23.4335 71.7626
434.102 47.1975 80.4128
461.696 51.2007 74.9123
463.062 30.9122 71.8166
436.681 27.2609 77.0545
464.467 51.6045 73.7571
487.822 55.2236 57.9901
488.197 34.5724 55.6415
465.832 31.3159 70.6613
489.94 55.5472 55.8492
505.545 58.0709 32.18
505.289 37.1425 30.9258
490.316 34.896 53.5007
506.692 58.2496 29.3804
512.181 59.1408 1.47668
511.704 38.0942 1.48136
506.436 37.3212 28.1262
512.182 59.1396 -1.55206
506.721 58.2474 -29.4446
506.457 37.2784 -28.1791
511.705 38.093 -1.54738
505.577 58.0678 -32.2405
489.996 55.5436 -55.868
490.364 34.8602 -53.512
505.313 37.0988 -30.9751
487.879 55.221 -58.0059
464.513 51.5988 -73.7584
465.873 31.307 -70.6634
488.246 34.5375 -55.65
461.742 51.1959 -74.9128
434.144 47.1951 -80.4051
436.717 27.2612 -77.0495
463.102 30.9041 -71.8179
431.139 46.7888 -80.4023
403.477 43.23 -74.8499
407.307 23.4465 -71.7537
433.712 26.8549 -77.0467
400.692 42.8945 -73.6923
377.117 40.4116 -57.9619
382.05 20.4946 -55.5966
404.522 23.111 -70.5962
374.975 40.1902 -55.8229
359.054 38.9007 -32.2078
364.77 18.6827 -30.9242
379.908 20.2731 -53.4576
357.89 38.795 -29.4108
352.258 38.4101 -1.47545
358.268 18.0231 -1.47978
363.605 18.577 -28.1273
358.977 15.8146 1.46435
364.317 16.3126 28.096
371.071 -3.13388 26.3936
366.1 -3.69591 1.44567
365.413 16.4344 30.7397
380.521 18.0337 53.2374
386.252 -1.27506 50.1439
372.167 -3.01211 29.0373
382.54 18.2742 55.2591
405.007 20.9252 70.2579
409.28 1.63648 66.2386
388.271 -1.03456 52.1656
407.639 21.2581 71.3522
434.044 24.6784 76.6419
436.641 5.19434 72.2771
411.912 1.9694 67.3329
436.888 25.0562 76.643
463.268 28.7075 71.405
464.195 8.85122 67.3346
439.485 5.57218 72.2782
465.892 29.0708 70.3115
488.258 32.3273 55.2917
487.765 12.1015 52.1404
466.819 9.21462 66.241
490.266 32.6157 53.2673
505.239 34.8622 30.6925
503.77 14.3609 28.9867
489.773 12.3899 50.1161
506.326 35.0189 28.0452
511.594 35.792 1.40029
509.775 15.1664 1.41903
504.858 14.5176 26.3394
511.594 35.7886 -1.46386
506.347 34.974 -28.0956
504.871 14.4372 -26.3612
509.776 15.1629 -1.44512
505.261 34.8146 -30.7403
490.312 32.5759 -53.2772
489.798 12.3254 -50.1228
503.785 14.2778 -29.0059
488.305 32.2909 -55.3
465.932 29.0604 -70.3134
466.84 9.20908 -66.2458
487.791 12.0404 -52.1456
463.307 28.6994 -71.4067
436.923 25.0566 -76.6383
439.501 5.5715 -72.2765
464.215 8.84814 -67.3391
434.078 24.6795 -76.6366
407.673 21.2711 -71.3436
411.928 1.97516 -67.3268
436.657 5.19446 -72.2748
405.041 20.9413 -70.2495
382.57 18.3248 -55.25
388.275 -0.967109 -52.1646
409.296 1.64536 -66.2327
380.548 18.0879 -53.2268
365.41 16.4974 -30.6934
372.147 -2.92114 -29.019
386.253 -1.20403 -50.1414
364.313 16.3725 -28.047
358.976 15.8186 -1.39953
366.1 -3.69192 -1.41821
371.05 -3.04611 -26.3726
366.962 -5.69007 1.32869
371.933 -5.12804 26.2767
380.363 -21.6496 23.769
375.94 -22.2711 1.31724
372.935 -4.99831 28.7111
387.02 -3.26126 49.8176
393.964 -19.7607 45.2337
381.365 -21.5199 26.2034
388.872 -3.01938 51.6801
409.881 -0.348342 65.7532
414.699 -16.9885 59.7669
395.816 -19.5188 47.0963
412.299 -0.0315398 66.7583
437.027 3.1934 71.7024
439.353 -13.7213 65.1639
417.116 -16.6717 60.772
439.64 3.53835 71.699
464.35 6.8174 66.7553
464.15 -10.4445 60.6358
441.966 -13.3763 65.1604
466.761 7.13997 65.7448
487.707 10.0269 51.6442
485.324 -7.64668 46.9052
466.561 -10.1219 59.6253
489.549 10.2772 49.7819
503.547 12.2482 28.6526
499.68 -5.74693 26.078
487.166 -7.39638 45.0429
504.542 12.383 26.2238
509.46 13.0318 1.3034
505.065 -5.03372 1.31437
500.676 -5.61214 23.6492
509.46 13.0296 -1.32491
504.555 12.3039 -26.241
500.676 -5.6145 -23.6487
505.066 -5.03592 -1.31394
503.559 12.1672 -28.6707
489.572 10.2147 -49.7876
487.167 -7.40082 -45.0436
499.68 -5.75116 -26.0784
487.73 9.96664 -51.6497
466.779 7.13532 -65.75
466.561 -10.1242 -59.6258
485.324 -7.64893 -46.9057
464.368 6.81454 -66.7599
439.654 3.5379 -71.6973
441.967 -13.3768 -65.1604
464.151 -10.445 -60.6358
437.042 3.19316 -71.7005
412.312 -0.0261427 -66.7525
417.117 -16.6719 -60.7717
439.354 -13.7216 -65.1635
409.894 -0.341202 -65.7469
388.873 -2.95367 -51.6788
395.816 -19.517 -47.0955
414.698 -16.9869 -59.7661
387.02 -3.19302 -49.8162
372.913 -4.91013 -28.6938
381.364 -21.5154 -26.2026
393.963 -19.7564 -45.2329
371.912 -5.04182 -26.2603
366.962 -5.68762 -1.30591
375.94 -22.2687 -1.31736
380.362 -21.6471 -23.7691
-173.087 178.18 25.6333
-169.703 174.371 -0.0617261
-173.142 178.083 -25.766
-182.819 188.872 -47.6029
-197.181 205.229 -62.2237
-213.976 224.71 -67.362
-230.603 244.331 -62.2187
-244.555 261.04 -47.6059
-253.808 272.227 -25.7905
-257.069 276.154 -0.0975064
-253.871 272.221 25.6043
-244.617 261.051 47.4321
-230.627 244.375 62.0521
-213.969 224.782 67.2051
-197.146 205.324 62.075
-182.757 188.992 47.4586
382.635 -22.3855 1.31945e-05
387.058 -21.764 22.4517
399.656 -20.0048 41.4821
418.539 -17.4746 54.1528
440.776 -14.5241 58.5446
462.96 -11.5923 54.02
481.723 -9.11705 41.3
494.237 -7.4676 22.335
498.627 -6.88918 0.000239176
494.237 -7.46776 -22.3346
481.723 -9.11742 -41.2997
462.96 -11.5927 -54.0199
440.776 -14.5245 -58.5445
418.539 -17.4748 -54.1527
399.656 -20.0049 -41.4821
387.058 -21.764 -22.4517
</DataArray>
</Points>
<Cells>
<DataArray type="Int32" Name="connectivity" format="ascii">
0 1 2 3 
4 5 6 7 
8 9 10 11 
12 13 14 15 
16 17 18 19 
20 21 22 23 
24 25 26 27 
28 29 30 31 
32 33 34 35 
36 37 38 39 
40 41 42 43 
44 45 46 47 
48 49 50 51 
52 53 54 55 
56 57 58 59 
60 61 62 63 
64 65 66 67 
68 69 70 71 
72 73 74 75 
76 77 78 79 
80 81 82 83 
84 85 86 87 
88 89 90 91 
92 93 94 95 
96 97 98 99 
100 101 102 103 
104 105 106 107 
108 109 110 111 
112 113 114 115 
116 117 118 119 
120 121 122 123 
124 125 126 127 
128 129 130 131 
132 133 134 135 
136 137 138 139 
140 141 142 143 
144 145 146 147 
148 149 150 151 
152 153 154 155 
156 157 158 159 
160 161 162 163 
164 165 166 167 
168 169 170 171 
172 173 174 175 
176 177 178 179 
180 181 182 183 
184 185 186 187 
188 189 190 191 
192 193 194 195 
196 197 198 199 
200 201 202 203 
204 205 206 207 
208 209 210 211 
212 213 214 215 
216 217 218 219 
220 221 222 223 
224 225 226 227 
228 229 230 231 
232 233 234 235 
236 237 238 239 
240 241 242 243 
244 245 246 247 
248 249 250 251 
252 253 254 255 
256 257 258 259 
260 261 262 263 
264 265 266 267 
268 269 270 271 
272 273 274 275 
276 277 278 279 
280 281 282 283 
284 285 286 287 
288 289 290 291 
292 293 294 295 
296 297 298 299 
300 301 302 303 
304 305 306 307 
308 309 310 311 
312 313 314 315 
316 317 318 319 
320 321 322 323 
324 325 326 327 
328 329 330 331 
332 333 334 335 
336 337 338 339 
340 341 342 343 
344 345 346 347 
348 349 350 351 
352 353 354 355 
356 357 358 359 
360 361 362 363 
364 365 366 367 
368 369 370 371 
372 373 374 375 
376 377 378 379 
380 381 382 383 
384 385 386 387 
388 389 390 391 
392 393 394 395 
396 397 398 399 
400 401 402 403 
404 405 406 407 
408 409 410 411 
412 413 414 415 
416 417 418 419 
420 421 422 423 
424 425 426 427 
428 429 430 431 
432 433 434 435 
436 437 438 439 
440 441 442 443 
444 445 446 447 
448 449 450 451 
452 453 454 455 
456 457 458 459 
460 461 462 463 
464 465 466 467 
468 469 470 471 
472 473 474 475 
476 477 478 479 
480 481 482 483 
484 485 486 487 
488 489 490 491 
492 493 494 495 
496 497 498 499 
500 501 502 503 
504 505 506 507 
508 509 510 511 
512 513 514 515 
516 517 518 519 
520 521 522 523 
524 525 526 527 
528 529 530 531 
532 533 534 535 
536 537 538 539 
540 541 542 543 
544 545 546 547 
548 549 550 551 
552 553 554 555 
556 557 558 559 
560 561 562 563 
564 565 566 567 
568 569 570 571 
572 573 574 575 
576 577 578 579 
580 581 582 583 
584 585 586 587 
588 589 590 591 
592 593 594 595 
596 597 598 599 
600 601 602 603 
604 605 606 607 
608 609 610 611 
612 613 614 615 
616 617 618 619 
620 621 622 623 
624 625 626 627 
628 629 630 631 
632 633 634 635 
636 637 638 639 
640 641 642 643 
644 645 646 647 
648 649 650 651 
652 653 654 655 
656 657 658 659 
660 661 662 663 
664 665 666 667 
668 669 670 671 
672 673 674 675 
676 677 678 679 
680 681 682 683 
684 685 686 687 
688 689 690 691 
692 693 694 695 
696 697 698 699 
700 701 702 703 
704 705 706 707 
708 709 710 711 
712 713 714 715 
716 717 718 719 
720 721 722 723 
724 725 726 727 
728 729 730 731 
732 733 734 735 
736 737 738 739 
740 741 742 743 
744 745 746 747 
748 749 750 751 
752 753 754 755 
756 757 758 759 
760 761 762 763 
764 765 766 767 
768 769 770 771 
772 773 774 775 
776 777 778 779 
780 781 782 783 
784 785 786 787 
788 789 790 791 
792 793 794 795 
796 797 798 799 
800 801 802 803 
804 805 806 807 
808 809 810 811 
812 813 814 815 
816 817 818 819 
820 821 822 823 
824 825 826 827 
828 829 830 831 
832 833 834 835 
836 837 838 839 
840 841 842 843 
844 845 846 847 
848 849 850 851 
852 853 854 855 
856 857 858 859 
860 861 862 863 
864 865 866 867 
868 869 870 871 
872 873 874 875 
876 877 878 879 
880 881 882 883 
884 885 886 887 
888 889 890 891 
892 893 894 895 
896 897 898 899 
900 901 902 903 
904 905 906 907 
908 909 910 911 
912 913 914 915 
916 917 918 919 
920 921 922 923 
924 925 926 927 
928 929 930 931 
932 933 934 935 
936 937 938 939 
940 941 942 943 
944 945 946 947 
948 949 950 951 
952 953 954 955 
956 957 958 959 
960 961 962 963 
964 965 966 967 
968 969 970 971 
972 973 974 975 
976 977 978 979 
980 981 982 983 
984 985 986 987 
988 989 990 991 
992 993 994 995 
996 997 998 999 
1000 1001 1002 1003 
1004 1005 1006 1007 
1008 1009 1010 1011 
1012 1013 1014 1015 
1016 1017 1018 1019 
1020 1021 1022 1023 
1024 1025 1026 1027 
1028 1029 1030 1031 
1032 1033 1034 1035 
1036 1037 1038 1039 
1040 1041 1042 1043 
1044 1045 1046 1047 
1048 1049 1050 1051 
1052 1053 1054 1055 
1056 1057 1058 1059 
1060 1061 1062 1063 
1064 1065 1066 1067 
1068 1069 1070 1071 
1072 1073 1074 1075 
1076 1077 1078 1079 
1080 1081 1082 1083 
1084 1085 1086 1087 
1088 1089 1090 1091 
1092 1093 1094 1095 
1096 1097 1098 1099 
1100 1101 1102 1103 
1104 1105 1106 1107 
1108 1109 1110 1111 
1112 1113 1114 1115 
1116 1117 1118 1119 
1120 1121 1122 1123 
1124 1125 1126 1127 
1128 1129 1130 1131 
1132 1133 1134 1135 
1136 1137 1138 1139 
1140 1141 1142 1143 
1144 1145 1146 1147 
1148 1149 1150 1151 
1152 1153 1154 1155 
1156 1157 1158 1159 
1160 1161 1162 1163 
1164 1165 1166 1167 
1168 1169 1170 1171 
1172 1173 1174 1175 
1176 1177 1178 1179 
1180 1181 1182 1183 
1184 1185 1186 1187 
1188 1189 1190 1191 
1192 1193 1194 1195 
1196 1197 1198 1199 
1200 1201 1202 1203 
1204 1205 1206 1207 
1208 1209 1210 1211 
1212 1213 1214 1215 
1216 1217 1218 1219 
1220 1221 1222 1223 
1224 1225 1226 1227 
1228 1229 1230 1231 
1232 1233 1234 1235 
1236 1237 1238 1239 
1240 1241 1242 1243 
1244 1245 1246 1247 
1248 1249 1250 1251 
1252 1253 1254 1255 
1256 1257 1258 1259 
1260 1261 1262 1263 
1264 1265 1266 1267 
1268 1269 1270 1271 
1272 1273 1274 1275 
1276 1277 1278 1279 
1280 1281 1282 1283 
1284 1285 1286 1287 
1288 1289 1290 1291 
1292 1293 1294 1295 
1296 1297 1298 1299 
1300 1301 1302 1303 
1304 1305 1306 1307 
1308 1309 1310 1311 
1312 1313 1314 1315 
1316 1317 1318 1319 
1320 1321 1322 1323 
1324 1325 1326 1327 
1328 1329 1330 1331 
1332 1333 1334 1335 
1336 1337 1338 1339 
1340 1341 1342 1343 
1344 1345 1346 1347 
1348 1349 1350 1351 
1352 1353 1354 1355 
1356 1357 1358 1359 
1360 1361 1362 1363 
1364 1365 1366 1367 
1368 1369 1370 1371 
1372 1373 1374 1375 
1376 1377 1378 1379 
1380 1381 1382 1383 
1384 1385 1386 1387 
1388 1389 1390 1391 
1392 1393 1394 1395 
1396 1397 1398 1399 
1400 1401 1402 1403 
1404 1405 1406 1407 
1408 1409 1410 1411 
1412 1413 1414 1415 
1416 1417 1418 1419 
1420 1421 1422 1423 
1424 1425 1426 1427 
1428 1429 1430 1431 
1432 1433 1434 1435 
1436 1437 1438 1439 
1440 1441 1442 1443 
1444 1445 1446 1447 
1448 1449 1450 1451 
1452 1453 1454 1455 
1456 1457 1458 1459 
1460 1461 1462 1463 
1464 1465 1466 1467 
1468 1469 1470 1471 
1472 1473 1474 1475 
1476 1477 1478 1479 
1480 1481 1482 1483 
1484 1485 1486 1487 
1488 1489 1490 1491 
1492 1493 1494 1495 
1496 1497 1498 1499 
1500 1501 1502 1503 
1504 1505 1506 1507 
1508 1509 1510 1511 
1512 1513 1514 1515 
1516 1517 1518 1519 
1520 1521 1522 1523 
1524 1525 1526 1527 
1528 1529 1530 1531 
1532 1533 1534 1535 
1536 1537 1538 1539 
1540 1541 1542 1543 
1544 1545 1546 1547 
1548 1549 1550 1551 
1552 1553 1554 1555 
1556 1557 1558 1559 
1560 1561 1562 1563 
1564 1565 1566 1567 
1568 1569 1570 1571 
1572 1573 1574 1575 
1576 1577 1578 1579 
1580 1581 1582 1583 
1584 1585 1586 1587 
1588 1589 1590 1591 
1592 1593 1594 1595 
1596 1597 1598 1599 
1600 1601 1602 1603 
1604 1605 1606 1607 
1608 1609 1610 1611 
1612 1613 1614 1615 
1616 1617 1618 1619 
1620 1621 1622 1623 
1624 1625 1626 1627 
1628 1629 1630 1631 
1632 1633 1634 1635 
1636 1637 1638 1639 
1640 1641 1642 1643 
1644 1645 1646 1647 
1648 1649 1650 1651 
1652 1653 1654 1655 
1656 1657 1658 1659 
1660 1661 1662 1663 
1664 1665 1666 1667 
1668 1669 1670 1671 
1672 1673 1674 1675 
1676 1677 1678 1679 
1680 1681 1682 1683 
1684 1685 1686 1687 
1688 1689 1690 1691 
1692 1693 1694 1695 
1696 1697 1698 1699 
1700 1701 1702 1703 
1704 1705 1706 1707 
1708 1709 1710 1711 
1712 1713 1714 1715 
1716 1717 1718 1719 
1720 1721 1722 1723 
1724 1725 1726 1727 
1728 1729 1730 1731 
1732 1733 1734 1735 
1736 1737 1738 1739 
1740 1741 1742 1743 
1744 1745 1746 1747 
1748 1749 1750 1751 
1752 1753 1754 1755 
1756 1757 1758 1759 
1760 1761 1762 1763 
1764 1765 1766 1767 
1768 1769 1770 1771 
1772 1773 1774 1775 
1776 1777 1778 1779 
1780 1781 1782 1783 
1784 1785 1786 1787 
1788 1789 1790 1791 
1792 1793 1794 1795 
1796 1797 1798 1799 
1800 1801 1802 1803 
1804 1805 1806 1807 
1808 1809 1810 1811 
1812 1813 1814 1815 
1816 1817 1818 1819 
1820 1821 1822 1823 
1824 1825 1826 1827 
1828 1829 1830 1831 
1832 1833 1834 1835 
1836 1837 1838 1839 
1840 1841 1842 1843 
1844 1845 1846 1847 
1848 1849 1850 1851 
1852 1853 1854 1855 
1856 1857 1858 1859 
1860 1861 1862 1863 
1864 1865 1866 1867 
1868 1869 1870 1871 
1872 1873 1874 1875 
1876 1877 1878 1879 
1880 1881 1882 1883 
1884 1885 1886 1887 
1888 1889 1890 1891 
1892 1893 1894 1895 
1896 1897 1898 1899 
1900 1901 1902 1903 
1904 1905 1906 1907 
1908 1909 1910 1911 
1912 1913 1914 1915 
1916 1917 1918 1919 
1920 1921 1922 1923 
1924 1925 1926 1927 
1928 1929 1930 1931 
1932 1933 1934 1935 
1936 1937 1938 1939 
1940 1941 1942 1943 
1944 1945 1946 1947 
1948 1949 1950 1951 
1952 1953 1954 1955 
1956 1957 1958 1959 
1960 1961 1962 1963 
1964 1965 1966 1967 
1968 1969 1970 1971 
1972 1973 1974 1975 
1976 1977 1978 1979 
1980 1981 1982 1983 
1984 1985 1986 1987 
1988 1989 1990 1991 
1992 1993 1994 1995 
1996 1997 1998 1999 
2000 2001 2002 2003 
2004 2005 2006 2007 
2008 2009 2010 2011 
2012 2013 2014 2015 
2016 2017 2018 2019 
2020 2021 2022 2023 
2024 2025 2026 2027 
2028 2029 2030 2031 
2032 2033 2034 2035 
2036 2037 2038 2039 
2040 2041 2042 2043 
2044 2045 2046 2047 
2048 2049 2050 2051 2052 2053 2054 2055 2056 2057 2058 2059 2060 2061 2062 2063 
2064 2065 2066 2067 2068 2069 2070 2071 2072 2073 2074 2075 2076 2077 2078 2079 
</DataArray>
<DataArray type="Int32" Name="offsets" format="ascii">
4 8 12 16 20 24 28 32 36 40 44 48 52 56 60 64 68 72 76 80 84 88 92 96 100 104 108 112 116 120 124 128 132 136 140 144 148 152 156 160 164 168 172 176 180 184 188 192 196 200 204 208 212 216 220 224 228 232 236 240 244 248 252 256 260 264 268 272 276 280 284 288 292 296 300 304 308 312 316 320 324 328 332 336 340 344 348 352 356 360 364 368 372 376 380 384 388 392 396 400 404 408 412 416 420 424 428 432 436 440 444 448 452 456 460 464 468 472 476 480 484 488 492 496 500 504 508 512 516 520 524 528 532 536 540 544 548 552 556 560 564 568 572 576 580 584 588 592 596 600 604 608 612 616 620 624 628 632 636 640 644 648 652 656 660 664 668 672 676 680 684 688 692 696 700 704 708 712 716 720 724 728 732 736 740 744 748 752 756 760 764 768 772 776 780 784 788 792 796 800 804 808 812 816 820 824 828 832 836 840 844 848 852 856 860 864 868 872 876 880 884 888 892 896 900 904 908 912 916 920 924 928 932 936 940 944 948 952 956 960 964 968 972 976 980 984 988 992 996 1000 1004 1008 1012 1016 1020 1024 1028 1032 1036 1040 1044 1048 1052 1056 1060 1064 1068 1072 1076 1080 1084 1088 1092 1096 1100 1104 1108 1112 1116 1120 1124 1128 1132 1136 1140 1144 1148 1152 1156 1160 1164 1168 1172 1176 1180 1184 1188 1192 1196 1200 1204 1208 1212 1216 1220 1224 1228 1232 1236 1240 1244 1248 1252 1256 1260 1264 1268 1272 1276 1280 1284 1288 1292 1296 1300 1304 1308 1312 1316 1320 1324 1328 1332 1336 1340 1344 1348 1352 1356 1360 1364 1368 1372 1376 1380 1384 1388 1392 1396 1400 1404 1408 1412 1416 1420 1424 1428 1432 1436 1440 1444 1448 1452 1456 1460 1464 1468 1472 1476 1480 1484 1488 1492 1496 1500 1504 1508 1512 1516 1520 1524 1528 1532 1536 1540 1544 1548 1552 1556 1560 1564 1568 1572 1576 1580 1584 1588 1592 1596 1600 1604 1608 1612 1616 1620 1624 1628 1632 1636 1640 1644 1648 1652 1656 1660 1664 1668 1672 1676 1680 1684 1688 1692 1696 1700 1704 1708 1712 1716 1720 1724 1728 1732 1736 1740 1744 1748 1752 1756 1760 1764 1768 1772 1776 1780 1784 1788 1792 1796 1800 1804 1808 1812 1816 1820 1824 1828 1832 1836 1840 1844 1848 1852 1856 1860 1864 1868 1872 1876 1880 1884 1888 1892 1896 1900 1904 1908 1912 1916 1920 1924 1928 1932 1936 1940 1944 1948 1952 1956 1960 1964 1968 1972 1976 1980 1984 1988 1992 1996 2000 2004 2008 2012 2016 2020 2024 2028 2032 2036 2040 2044 2048 2064 2080 
</DataArray>
<DataArray type="UInt8" Name="types" format="ascii">
7 7 7 7 7 7 7 7 7 7 7 7 7 7 7 7 7 7 7 7 7 7 7 7 7 7 7 7 7 7 7 7 7 7 7 7 7 7 7 7 7 7 7 7 7 7 7 7 7 7 7 7 7 7 7 7 7 7 7 7 7 7 7 7 7 7 7 7 7 7 7 7 7 7 7 7 7 7 7 7 7 7 7 7 7 7 7 7 7 7 7 7 7 7 7 7 7 7 7 7 7 7 7 7 7 7 7 7 7 7 7 7 7 7 7 7 7 7 7 7 7 7 7 7 7 7 7 7 7 7 7 7 7 7 7 7 7 7 7 7 7 7 7 7 7 7 7 7 7 7 7 7 7 7 7 7 7 7 7 7 7 7 7 7 7 7 7 7 7 7 7 7 7 7 7 7 7 7 7 7 7 7 7 7 7 7 7 7 7 7 7 7 7 7 7 7 7 7 7 7 7 7 7 7 7 7 7 7 7 7 7 7 7 7 7 7 7 7 7 7 7 7 7 7 7 7 7 7 7 7 7 7 7 7 7 7 7 7 7 7 7 7 7 7 7 7 7 7 7 7 7 7 7 7 7 7 7 7 7 7 7 7 7 7 7 7 7 7 7 7 7 7 7 7 7 7 7 7 7 7 7 7 7 7 7 7 7 7 7 7 7 7 7 7 7 7 7 7 7 7 7 7 7 7 7 7 7 7 7 7 7 7 7 7 7 7 7 7 7 7 7 7 7 7 7 7 7 7 7 7 7 7 7 7 7 7 7 7 7 7 7 7 7 7 7 7 7 7 7 7 7 7 7 7 7 7 7 7 7 7 7 7 7 7 7 7 7 7 7 7 7 7 7 7 7 7 7 7 7 7 7 7 7 7 7 7 7 7 7 7 7 7 7 7 7 7 7 7 7 7 7 7 7 7 7 7 7 7 7 7 7 7 7 7 7 7 7 7 7 7 7 7 7 7 7 7 7 7 7 7 7 7 7 7 7 7 7 7 7 7 7 7 7 7 7 7 7 7 7 7 7 7 7 7 7 7 7 7 7 7 7 7 7 7 7 7 7 7 7 7 7 7 7 7 7 7 7 7 7 7 7 7 7 7 7 7 7 7 7 7 7 7 7 7 7 7 7 7 7 7 7 7 7 7 7 7 7 7 7 7 7 7 7 7 
</DataArray>
</Cells>
<CellData Scalars="cell variable 4" Vectors="cell vector">
<DataArray type="Float64" NumberOfComponents="3" Name="cell vector" format="ascii">
0.88861 0.458663 -0.000867443
0.904444 0.426571 0.00429712
0.889787 0.443784 0.106461
0.805465 0.553854 0.210882
0.673749 0.707263 0.214106
0.58458 0.802011 0.122652
0.55955 0.828655 0.0153239
0.578343 0.814874 -0.0387167
0.585049 0.810997 -0.000927647
0.557447 0.830146 -0.0104763
0.571991 0.812766 -0.110623
0.663419 0.717789 -0.211316
0.794056 0.568249 -0.215794
0.876784 0.464256 -0.125363
0.902156 0.431165 -0.0145426
0.891827 0.449852 0.0477188
-0.134346 0.142739 0.9806
-0.385257 0.40232 0.830491
-0.566338 0.609523 0.554746
-0.651635 0.73304 0.194998
-0.634709 0.747717 -0.195099
-0.523859 0.645673 -0.555588
0.338698 -0.440827 0.831238
0.114193 -0.158513 0.980731
-0.119868 0.154774 0.980651
-0.34007 0.440417 0.830894
-0.520973 0.648436 0.555084
-0.632417 0.749744 0.194762
-0.649162 0.735143 -0.195331
-0.562707 0.6124 -0.555272
0.386135 -0.400754 0.83084
0.141184 -0.135864 0.980616
-0.137817 0.140557 0.980434
-0.387696 0.401279 0.829859
-0.564307 0.611682 0.554439
-0.648068 0.736177 0.195066
-0.632413 0.749675 -0.195044
-0.523359 0.645761 -0.555957
0.340616 -0.43823 0.831827
0.116908 -0.1555 0.980894
-0.118488 0.155529 0.980699
-0.341695 0.438133 0.831435
-0.522909 0.646464 0.555563
-0.63147 0.750549 0.194735
-0.64697 0.737056 -0.195392
-0.563267 0.612212 -0.554911
0.388003 -0.400131 0.83027
0.1403 -0.137367 0.980534
-0.134065 0.144217 0.980422
-0.372961 0.414891 0.829919
-0.540383 0.632773 0.554603
-0.61881 0.76096 0.194973
-0.599878 0.775784 -0.195718
-0.488504 0.671766 -0.556861
0.30995 -0.459804 0.832172
0.105175 -0.163553 0.980912
-0.105067 0.164798 0.980715
-0.311495 0.459403 0.831817
-0.488921 0.67185 0.556393
-0.599726 0.77601 0.195287
-0.618564 0.761043 -0.195428
-0.540232 0.632372 -0.555207
0.372948 -0.414025 0.830357
0.134692 -0.143021 0.980512
-0.120491 0.155364 0.980481
-0.334255 0.44614 0.8302
-0.486437 0.674901 0.554877
-0.559295 0.805685 0.195093
-0.543362 0.816264 -0.196139
-0.442752 0.70184 -0.558025
0.280705 -0.476277 0.833286
0.0951051 -0.168518 0.9811
-0.0944723 0.169878 0.980926
-0.281604 0.476402 0.832911
-0.44319 0.701989 0.557488
-0.543613 0.816233 0.195572
-0.559581 0.805338 -0.195704
-0.486856 0.674007 -0.555596
0.334368 -0.445228 0.830644
0.119904 -0.155341 0.980557
-0.105857 0.165816 0.980459
-0.29319 0.47441 0.830045
-0.427703 0.71362 0.554812
-0.493121 0.847748 0.195334
-0.480365 0.8549 -0.195947
-0.392001 0.731125 -0.558383
0.248463 -0.492849 0.833886
0.084138 -0.173581 0.981219
-0.0831176 0.174981 0.981057
-0.248977 0.493222 0.833512
-0.392515 0.731275 0.557826
-0.48083 0.854787 0.195301
-0.49371 0.847238 -0.196054
-0.428497 0.712532 -0.555597
0.293272 -0.47358 0.83049
0.104486 -0.1663 0.980524
-0.0911438 0.174702 0.980394
-0.251267 0.498467 0.829696
-0.365995 0.747329 0.55457
-0.422164 0.885175 0.19556
-0.411848 0.890023 -0.195552
-0.336371 0.758325 -0.558388
0.213052 -0.508619 0.834215
0.0721394 -0.178475 0.981296
-0.0708114 0.179855 0.981141
-0.213337 0.50911 0.833843
-0.336992 0.758465 0.557823
-0.4125 0.889872 0.194864
-0.422932 0.884636 -0.196336
-0.366928 0.746273 -0.555374
0.251279 -0.497726 0.830137
0.0892931 -0.175297 0.980458
-0.0760454 0.182176 0.980321
-0.208009 0.518596 0.829331
-0.301695 0.775701 0.554317
-0.347441 0.917039 0.195763
-0.338825 0.920389 -0.195147
-0.27658 0.782185 -0.558293
0.174878 -0.522642 0.834424
0.0592122 -0.182877 0.981351
-0.0576621 0.184174 0.981201
-0.175021 0.523185 0.834053
-0.277293 0.782337 0.557726
-0.339615 0.920247 0.194442
-0.348316 0.916538 -0.196554
-0.302674 0.774756 -0.555105
0.207946 -0.51793 0.829764
0.0738712 -0.182685 0.980392
-0.060409 0.188295 0.980253
-0.163275 0.53487 0.829008
-0.235048 0.798572 0.554107
-0.269636 0.942815 0.195952
-0.262258 0.945134 -0.194789
-0.213377 0.801808 -0.558189
0.134303 -0.534271 0.834576
0.0454233 -0.186561 0.981393
-0.043739 0.18773 0.981246
-0.134374 0.534829 0.834207
-0.214166 0.801989 0.557625
-0.263082 0.945049 0.194087
-0.270553 0.94239 -0.196728
-0.236097 0.797744 -0.554854
0.163144 -0.534258 0.829429
0.0579893 -0.188618 0.980337
-0.0442719 0.193023 0.980195
-0.117453 0.547156 0.828749
-0.166725 0.815677 0.553963
-0.189396 0.962112 0.196138
-0.182711 0.963736 -0.194497
-0.147157 0.816606 -0.558121
0.0914521 -0.543047 0.834708
0.0307895 -0.189352 0.981426
-0.0290199 0.19037 0.981283
-0.091457 0.543611 0.83434
-0.147998 0.816833 0.557566
-0.183595 0.963706 0.193813
-0.190338 0.961775 -0.196878
-0.167771 0.814992 -0.554654
0.117257 -0.546581 0.829156
0.0416959 -0.193096 0.980294
-0.0275806 0.196335 0.980149
-0.0703272 0.555449 0.828572
-0.0967475 0.826938 0.553907
-0.107284 0.974652 0.196326
-0.101185 0.975715 -0.194271
-0.0790966 0.825988 -0.55811
0.0472134 -0.548465 0.83484
0.0156308 -0.19105 0.981456
-0.0137804 0.191903 0.981317
-0.047154 0.549024 0.834476
-0.0799749 0.826269 0.557569
-0.102128 0.975747 0.193615
-0.108261 0.974404 -0.197018
-0.0977761 0.826397 -0.554534
0.0700584 -0.554903 0.82896
0.0249046 -0.196126 0.980262
-0.0103039 0.198176 0.980112
-0.0217327 0.559656 0.82844
-0.0252215 0.832209 0.553889
-0.0239468 0.980212 0.196498
-0.0187485 0.980804 -0.194094
-0.0104152 0.82969 -0.558128
0.00258757 -0.5503 0.834963
0.00035845 -0.191561 0.981481
0.00158249 0.19223 0.981349
-0.00249641 0.550841 0.834607
-0.011341 0.830032 0.557601
-0.0197279 0.980908 0.193468
-0.0249397 0.980059 -0.197138
-0.0262332 0.831806 -0.554446
0.021409 -0.559127 0.828806
0.00756581 -0.197676 0.980238
0.00730279 0.198477 0.980078
0.0274144 0.559598 0.828311
0.0468368 0.831299 0.553848
0.0599113 0.978646 0.196629
0.0641351 0.978915 -0.193937
0.0586215 0.827688 -0.558118
-0.0423044 -0.54855 0.835047
-0.0149959 -0.190887 0.981498
0.0169576 0.191359 0.981374
0.042373 0.549071 0.834701
0.0576703 0.828099 0.557608
0.0631622 0.979096 0.193345
0.0589452 0.978588 -0.19721
0.0458794 0.831031 -0.554331
-0.0277762 -0.559077 0.82865
-0.0100023 -0.197681 0.980215
0.0249027 0.197211 0.980045
0.0764065 0.555231 0.828179
0.118681 0.824157 0.553787
0.143624 0.969882 0.196728
0.146982 0.969971 -0.193784
0.127733 0.819906 -0.558066
-0.0872944 -0.543148 0.835087
-0.0303662 -0.189003 0.981507
0.0323282 0.189283 0.98139
0.0873171 0.543661 0.834751
0.126758 0.820389 0.557579
0.146045 0.970221 0.193238
0.142722 0.969911 -0.197238
0.11778 0.824018 -0.554186
-0.0767788 -0.554717 0.828489
-0.0275228 -0.196119 0.980194
0.0423 0.194377 0.980014
0.124853 0.546551 0.828066
0.189761 0.810783 0.553734
0.226543 0.95391 0.196809
0.229157 0.953932 -0.19365
0.196363 0.806275 -0.557999
-0.131952 -0.53404 0.835099
-0.0455941 -0.185895 0.981511
0.0475857 0.185979 0.981401
0.131953 0.53455 0.834772
0.195364 0.806835 0.55754
0.228255 0.954248 0.193159
0.225689 0.954024 -0.197237
0.188855 0.810786 -0.55404
-0.125198 -0.546051 0.828344
-0.0449034 -0.192967 0.980177
0.0594144 0.189966 0.979991
0.172466 0.533565 0.827988
0.259538 0.791234 0.553704
0.307925 0.930818 0.196873
0.309828 0.930884 -0.193548
0.263737 0.786859 -0.557938
-0.175796 -0.52126 0.835095
-0.0605695 -0.181569 0.981511
0.0625642 0.181453 0.981407
0.175807 0.521761 0.83478
0.262752 0.787492 0.55751
0.308944 0.931268 0.193117
0.307081 0.931025 -0.197217
0.258608 0.791393 -0.553913
-0.17278 -0.533088 0.82823
-0.0620077 -0.188221 0.980167
0.0761539 0.183975 0.979977
0.218907 0.516317 0.827947
0.327455 0.765632 0.553698
0.387036 0.900792 0.196918
0.388206 0.901033 -0.193485
0.329178 0.761842 -0.557888
-0.218398 -0.504924 0.835077
-0.0751519 -0.17606 0.981507
0.0771144 0.175744 0.981411
0.218433 0.505407 0.834776
0.328233 0.762538 0.557493
0.387331 0.901489 0.193112
0.386182 0.901101 -0.19718
0.326518 0.76595 -0.55381
-0.219202 -0.515863 0.828152
-0.0786825 -0.1819 0.980164
0.0924338 0.176393 0.97997
0.263815 0.494887 0.827942
0.392947 0.734164 0.553711
0.463195 0.864098 0.19694
0.463576 0.86468 -0.193456
0.392057 0.731506 -0.557844
-0.25935 -0.48522 0.835044
-0.0892069 -0.169424 0.981498
0.0910771 0.168929 0.981411
0.259393 0.485688 0.834759
0.391175 0.732252 0.557485
0.46272 0.865209 0.19314
0.462351 0.864508 -0.197123
0.392059 0.734625 -0.553729
-0.264099 -0.49446 0.828107
-0.0947827 -0.174041 0.980166
0.108047 0.167282 0.979971
0.306711 0.469467 0.827967
0.45543 0.697107 0.553737
0.535777 0.821072 0.196937
0.53534 0.822183 -0.19346
0.451885 0.696171 -0.557804
-0.298341 -0.462364 0.834992
-0.102631 -0.161728 0.981484
0.104336 0.1611 0.981408
0.298362 0.462832 0.834725
0.451084 0.696951 0.557478
0.534532 0.82277 0.193198
0.534986 0.821562 -0.197045
0.45465 0.697675 -0.553663
-0.306981 -0.469071 0.828091
-0.110093 -0.16474 0.980174
0.122767 0.156752 0.979978
0.347118 0.440328 0.828022
0.514334 0.654822 0.553777
0.60421 0.772112 0.196907
0.602981 0.773933 -0.193498
0.508263 0.656175 -0.557765
-0.335115 -0.436582 0.834922
-0.115328 -0.153049 0.981466
0.116816 0.152348 0.981399
0.335087 0.437079 0.834673
0.507557 0.65697 0.557474
0.602252 0.774553 0.193288
0.603509 0.772652 -0.196942
0.513699 0.655458 -0.553614
-0.347366 -0.439973 0.828107
-0.124423 -0.154117 0.980187
0.136412 0.144928 0.979994
0.384636 0.407778 0.828114
0.569169 0.60771 0.553837
0.66798 0.717671 0.196852
0.666015 0.720384 -0.193576
0.560793 0.611917 -0.557736
-0.369414 -0.40815 0.834834
-0.127203 -0.143486 0.981443
0.128447 0.142772 0.981385
0.369322 0.408705 0.834603
0.56019 0.612704 0.557478
0.665382 0.721011 0.193417
0.667391 0.718229 -0.196817
0.568697 0.608376 -0.553591
-0.384856 -0.407472 0.828162
-0.137636 -0.142301 0.980208
0.148841 0.131944 0.980019
0.418933 0.372145 0.828253
0.619518 0.556202 0.553928
0.726632 0.658245 0.196771
0.723985 0.66206 -0.193705
0.609087 0.563874 -0.557726
-0.400983 -0.377409 0.834731
-0.138168 -0.13316 0.981416
0.139159 0.132495 0.981366
0.400824 0.378051 0.834516
0.608593 0.564631 0.5575
0.723459 0.662668 0.193594
0.726163 0.658793 -0.196672
0.619212 0.556864 -0.553606
-0.419125 -0.371898 0.828267
-0.149622 -0.129419 0.980237
0.159954 0.117915 0.980056
0.449765 0.333733 0.828453
0.665042 0.50073 0.554066
0.779769 0.594376 0.196666
0.776478 0.599571 -0.1939
0.652781 0.512635 -0.557748
-0.429585 -0.344783 0.834615
-0.148141 -0.122227 0.981384
0.148884 0.121669 0.981341
0.429359 0.345544 0.834416
0.652395 0.513337 0.557553
0.776059 0.600135 0.193832
0.779419 0.594886 -0.196511
0.664893 0.501356 -0.553678
-0.449929 -0.333554 0.828436
-0.160309 -0.115583 0.980276
0.169676 0.102943 0.980109
0.476965 0.292775 0.828726
0.705487 0.441673 0.554268
0.827059 0.526638 0.196536
0.823118 0.53364 -0.194177
0.691536 0.458937 -0.557813
-0.455007 -0.310815 0.834483
-0.157055 -0.110881 0.981345
0.157563 0.110488 0.981309
0.454714 0.311737 0.834299
0.691256 0.45956 0.557647
0.822805 0.534135 0.194143
0.826823 0.527081 -0.196338
0.705482 0.442232 -0.553828
-0.477102 -0.292676 0.828682
-0.169642 -0.100894 0.980327
0.177987 0.0870287 0.980177
0.500458 0.249338 0.82908
0.740676 0.379323 0.554539
0.868226 0.455653 0.196375
0.863586 0.465157 -0.194547
0.725076 0.403727 -0.557916
-0.477097 -0.276203 0.83432
-0.164869 -0.0993827 0.981296
0.165153 0.0992164 0.981265
0.476729 0.277352 0.83415
0.724894 0.404247 0.557775
0.863377 0.46555 0.194533
0.868099 0.45599 -0.196157
0.740799 0.379773 -0.554067
-0.500568 -0.249341 0.829012
-0.177617 -0.0853696 0.98039
0.184935 0.0699952 0.980255
0.520252 0.203228 0.829479
0.770473 0.313868 0.55485
0.903026 0.382175 0.196179
0.897627 0.395285 -0.194979
0.753244 0.348227 -0.557998
-0.495815 -0.241839 0.834075
-0.171571 -0.0881149 0.981223
0.171639 0.0882551 0.981199
0.49535 0.243333 0.833917
0.753149 0.348626 0.557878
0.897524 0.395524 0.194965
0.903004 0.382333 -0.195973
0.770708 0.314132 -0.554374
-0.520338 -0.203369 0.829391
-0.184292 -0.0688881 0.980454
0.190581 0.0515368 0.980318
0.536398 0.154041 0.829788
0.794726 0.245567 0.555074
0.931198 0.307354 0.195967
0.925077 0.325712 -0.195306
0.776104 0.294057 -0.557847
-0.511341 -0.208839 0.833617
-0.17716 -0.0779209 0.981093
0.177 0.0784772 0.981077
0.510748 0.2109 0.833462
0.776086 0.294323 0.557732
0.925089 0.325703 0.195264
0.93128 0.307203 -0.195815
0.795052 0.245497 -0.554638
-0.536464 -0.154367 0.829685
-0.189754 -0.0512517 0.980493
0.194965 0.031596 0.980301
0.548875 0.102098 0.829646
0.813159 0.17574 0.554877
0.95241 0.233589 0.195836
0.945855 0.259483 -0.195006
0.793913 0.244151 -0.556859
-0.524294 -0.17868 0.83258
-0.1815 -0.0715271 0.980786
0.181048 0.0726962 0.980784
0.523558 0.181696 0.83239
0.793982 0.244282 0.556703
0.945987 0.259076 0.194903
0.952584 0.232928 -0.195777
0.813528 0.175077 -0.554545
-0.54893 -0.102611 0.829546
-0.194105 -0.0325567 0.98044
0.198096 0.0123841 0.980104
0.557592 0.0529455 0.828425
0.825384 0.11126 0.5535
0.966053 0.1686 0.195746
0.959338 0.205969 -0.192997
0.805903 0.211078 -0.553143
-0.533963 -0.164247 0.829401
-0.186705 -0.0655956 0.980224
0.185871 0.0675843 0.980247
0.532921 0.170199 0.828871
0.806078 0.211291 0.552806
0.959573 0.205023 0.192835
0.966315 0.167084 -0.195749
0.825687 0.10973 -0.553353
-0.557652 -0.0533717 0.828357
-0.197434 -0.0150417 0.980201
0.200445 0.00345058 0.979699
0.563305 0.0283313 0.825763
0.83234 0.0718133 0.549593
0.97404 0.117101 0.193734
0.970613 0.145334 -0.191805
0.821699 0.147483 -0.550509
-0.549241 -0.111364 0.828211
-0.193552 -0.0356048 0.980444
0.192861 0.0386736 0.980464
0.549261 0.114042 0.827832
0.822082 0.146333 0.550243
0.970772 0.144485 0.191637
0.974269 0.11535 -0.193633
0.832782 0.0688576 -0.549302
-0.563129 -0.0292689 0.82585
-0.199347 -0.00872926 0.97989
0.198886 0.0114728 0.979956
0.559341 0.0495258 0.827457
0.829536 0.0902841 0.551107
0.973703 0.120242 0.193505
0.97203 0.133296 -0.193364
0.823848 0.13265 -0.551071
-0.551481 -0.0973542 0.828487
-0.194002 -0.0299177 0.980545
0.1939 0.0376444 0.980299
0.551543 0.0975854 0.828419
0.824279 0.127385 0.551668
0.972067 0.133724 0.192884
0.973809 0.119285 -0.193564
0.831056 0.0832145 -0.549928
-0.559604 -0.0489124 0.827315
-0.196378 -0.0202195 0.98032
-0.500421 0.828891 -0.250036
0.68154 -0.368716 0.632101
0.867168 -0.0507221 0.495427
0.990774 -0.06283 0.120081
0.944512 -0.155518 -0.289328
0.227496 0.956137 0.18452
0.258594 0.964256 0.0577868
0.221622 0.971875 0.0796351
0.240434 0.970539 0.0156419
0.235607 0.96678 -0.099126
-0.0416166 0.927938 -0.370404
0.931092 -0.203614 0.302669
0.987508 -0.126013 -0.0945964
0.882372 -0.23036 -0.41031
-0.683855 0.400395 0.609939
-0.459991 0.884457 -0.0783903
-0.652837 0.756297 -0.0426459
0.00257188 0.000343963 0.999997
</DataArray>
<DataArray type="Float64" Name="cell vector length" format="ascii">
0.14943 0.153965 0.153648 0.145621 0.147066 0.154835 0.167047 0.159591 0.156391 0.159686 0.158304 0.1477 0.145762 0.14974 0.161977 0.1535 0.357728 0.368046 0.378765 0.38571 0.384606 0.374747 0.352008 0.3517 0.356978 0.366659 0.37695 0.384736 0.384949 0.376004 0.351596 0.351513 0.448626 0.464846 0.483403 0.493109 0.489853 0.475017 0.444687 0.438269 0.44276 0.4577 0.476379 0.489801 0.492199 0.481302 0.450817 0.443744 0.496341 0.50555 0.513161 0.509859 0.492549 0.463997 0.419866 0.40261 0.406176 0.431407 0.46418 0.492198 0.50897 0.511705 0.494243 0.492621 0.505409 0.518396 0.530311 0.529272 0.511241 0.478679 0.427669 0.402629 0.405796 0.437892 0.478394 0.510646 0.528448 0.52929 0.509226 0.502601 0.503007 0.520173 0.536857 0.539152 0.521467 0.48479 0.426375 0.3928 0.395572 0.435254 0.48431 0.520777 0.538412 0.536143 0.512611 0.500792 0.49962 0.520157 0.540559 0.545643 0.528588 0.488702 0.424367 0.383316 0.385642 0.431821 0.488149 0.527907 0.545014 0.540052 0.51397 0.497855 0.496736 0.520029 0.543272 0.55049 0.534042 0.491674 0.422888 0.375469 0.377311 0.428825 0.491117 0.533432 0.54998 0.542925 0.515144 0.495367 0.494288 0.520036 0.54558 0.554416 0.538416 0.494007 0.421929 0.369071 0.370411 0.426294 0.493483 0.537903 0.554017 0.545359 0.516429 0.493299 0.492164 0.520177 0.547721 0.557799 0.542057 0.495879 0.42138 0.363858 0.364699 0.424179 0.495415 0.541651 0.557505 0.5476 0.517801 0.491538 0.490302 0.520292 0.549574 0.56064 0.545052 0.497357 0.421055 0.359622 0.360018 0.422426 0.49699 0.544761 0.56044 0.549529 0.519054 0.490008 0.488581 0.520323 0.551128 0.562939 0.547357 0.498274 0.420541 0.356007 0.356073 0.420797 0.498064 0.547182 0.562823 0.551126 0.520024 0.488539 0.486766 0.519665 0.551294 0.563331 0.547533 0.49731 0.418975 0.352494 0.352266 0.418245 0.497317 0.547497 0.563321 0.551276 0.520011 0.486819 0.484706 0.517879 0.549631 0.561557 0.54558 0.494846 0.417201 0.349562 0.348897 0.415111 0.49497 0.545657 0.561626 0.549656 0.519176 0.485018 0.482756 0.515699 0.547221 0.558855 0.542675 0.491751 0.41563 0.347285 0.346104 0.411925 0.491945 0.542845 0.558999 0.547328 0.518201 0.483442 0.48097 0.513353 0.544443 0.555698 0.539292 0.488382 0.414312 0.34567 0.343932 0.408889 0.488621 0.539545 0.555929 0.544662 0.517171 0.482078 0.479423 0.510953 0.541467 0.552309 0.535664 0.484924 0.413282 0.34473 0.342418 0.406125 0.485199 0.535998 0.55264 0.541814 0.516112 0.480971 0.47818 0.508588 0.538391 0.548794 0.531911 0.481488 0.412567 0.344477 0.341596 0.40372 0.481804 0.53233 0.549233 0.538863 0.51506 0.480166 0.477288 0.506327 0.53526 0.545184 0.528074 0.478127 0.412186 0.344932 0.3415 0.401739 0.478498 0.528583 0.545727 0.535842 0.514042 0.479696 0.476826 0.504222 0.532085 0.541457 0.524135 0.474855 0.412164 0.346146 0.342192 0.400234 0.475294 0.524737 0.542096 0.532757 0.513089 0.479631 0.47684 0.502316 0.528863 0.537565 0.520044 0.471659 0.412531 0.348201 0.343763 0.399252 0.472169 0.520736 0.53829 0.529609 0.512232 0.480011 0.477376 0.500638 0.525571 0.533438 0.515714 0.468496 0.41332 0.351204 0.346324 0.398837 0.469072 0.516487 0.534239 0.526378 0.511495 0.480877 0.478501 0.49923 0.522176 0.528958 0.511007 0.46529 0.414579 0.355305 0.350034 0.399041 0.465923 0.511848 0.529825 0.523039 0.510923 0.482294 0.480307 0.498126 0.518587 0.523926 0.505707 0.461929 0.41638 0.36072 0.355112 0.399936 0.462599 0.506598 0.524849 0.519507 0.510557 0.484353 0.482939 0.497335 0.514595 0.517975 0.499462 0.458235 0.418806 0.367725 0.361835 0.4016 0.458911 0.500376 0.518945 0.515584 0.510425 0.487206 0.486357 0.496583 0.509601 0.510345 0.491615 0.453811 0.421776 0.376508 0.370396 0.403935 0.454437 0.492507 0.511348 0.510692 0.510304 0.490833 0.489194 0.494242 0.501636 0.499014 0.480439 0.447248 0.424082 0.386245 0.37997 0.405678 0.447733 0.481236 0.500031 0.502883 0.508677 0.493912 0.483355 0.482389 0.483026 0.47663 0.458953 0.431704 0.418428 0.389663 0.383237 0.399378 0.43196 0.459575 0.477632 0.484464 0.497905 0.488452 0.429523 0.423078 0.417829 0.407982 0.390288 0.365998 0.359173 0.323256 0.316271 0.338734 0.366007 0.39065 0.40894 0.419293 0.440951 0.435464 0.372484 0.376908 0.389768 0.398207 0.395807 0.384952 0.390023 0.376587 0.368808 0.369145 0.38357 0.396009 0.398818 0.391961 0.39697 0.379663 0.326616 0.327983 0.339348 0.347726 0.346768 0.335925 0.341576 0.32821 0.321167 0.322174 0.335333 0.347149 0.346925 0.339988 0.346876 0.33359 0.0141983 0.0181325 0.0362452 0.035358 0.0215115 0.015971 0.0309875 0.0522027 0.0506567 0.0346197 0.00993045 0.0200539 0.0324693 0.0285887 0.0161067 0.014926 0.026741 0.0152124 
</DataArray>
<DataArray type="Float64" Name="cell variable 4" format="ascii">
701.384 695.09 688.061 680.871 684.241 693.614 701.993 706.346 707.272 702.583 696.719 684.481 681.35 684.939 694.142 700.354 1169.1 1163.97 1160.69 1157.16 1157.04 1160.13 1147.2 1160.73 1165.47 1162.57 1161.35 1157.5 1156.68 1159.38 1146.34 1163.18 1394.64 1394.23 1397.75 1394.98 1391.68 1388.68 1359.35 1371.18 1377.42 1380.51 1389.5 1391.9 1394.53 1396.53 1369.67 1386.8 1556.73 1530.72 1494.48 1448.2 1404.02 1363.45 1308.86 1308.02 1314.75 1331.55 1363.89 1404.07 1447.71 1493.45 1505.77 1548.94 1627.03 1589.48 1537.49 1479.61 1429.93 1388.53 1338.52 1340.4 1346.46 1359.4 1388.55 1429.81 1479.17 1536.69 1566.7 1620.16 1650.81 1607.99 1548.45 1486 1433.87 1390.2 1342.22 1342.66 1347.87 1360.37 1390.05 1433.59 1485.56 1547.8 1588.48 1645.11 1664.14 1617.15 1551.71 1486.36 1432.96 1387.7 1342.08 1340.55 1344.86 1357.23 1387.51 1432.63 1485.96 1551.19 1601.07 1659.56 1674.38 1623.51 1552.51 1484.94 1430.91 1384.75 1342.03 1338.35 1341.73 1354 1384.55 1430.62 1484.58 1552.11 1610.86 1670.83 1682.83 1628.57 1552.36 1482.9 1428.63 1381.93 1342.51 1336.5 1338.94 1351.22 1381.76 1428.41 1482.61 1552.07 1619.36 1680.27 1690.11 1632.93 1552.17 1480.96 1426.63 1379.55 1343.52 1335.18 1336.71 1348.99 1379.46 1426.47 1480.75 1551.96 1627.1 1688.5 1696.5 1636.58 1552.1 1479.16 1424.63 1377.49 1344.77 1334.55 1335.25 1347.25 1377.48 1424.55 1479.05 1551.99 1633.93 1695.77 1701.57 1639.14 1551.66 1477.03 1422.19 1375.14 1345.43 1334.05 1333.99 1345.33 1375.17 1422.2 1477.04 1551.69 1639.26 1701.58 1705.04 1640 1549.62 1473.25 1417.96 1371.19 1344.97 1333.31 1332.49 1342.4 1371.28 1418.06 1473.4 1549.85 1642.61 1705.69 1707.18 1639.08 1545.67 1467.44 1411.76 1365.67 1344.05 1332.53 1330.87 1338.62 1365.86 1411.98 1467.72 1546.03 1644.45 1708.56 1708.28 1636.91 1540.6 1460.71 1404.76 1359.59 1343.29 1331.93 1329.32 1334.6 1359.9 1405.09 1461.1 1541.02 1645.55 1710.58 1708.42 1634.08 1535.31 1454.08 1397.95 1353.69 1342.84 1331.58 1327.96 1330.73 1354.11 1398.39 1454.54 1535.79 1646.27 1711.78 1707.74 1630.78 1530.2 1448.05 1391.8 1348.31 1342.7 1331.5 1326.86 1327.17 1348.8 1392.31 1448.59 1530.78 1646.58 1712.22 1706.14 1627.06 1525.45 1442.83 1386.47 1343.59 1342.86 1331.68 1326.01 1324 1344.12 1387.04 1443.44 1526.14 1646.37 1711.77 1703.48 1622.97 1521.1 1438.44 1382.04 1339.59 1343.25 1332.07 1325.38 1321.25 1340.14 1382.65 1439.13 1521.92 1645.6 1710.22 1699.83 1618.54 1517.12 1434.87 1378.46 1336.31 1343.89 1332.65 1325 1318.95 1336.88 1379.12 1435.65 1518.06 1644.19 1707.63 1695.17 1613.76 1513.52 1432.03 1375.7 1333.76 1344.8 1333.48 1324.91 1317.18 1334.36 1376.4 1432.88 1514.55 1642.13 1703.95 1689.52 1608.58 1510.19 1429.85 1373.67 1331.94 1346.03 1334.62 1325.19 1316 1332.57 1374.42 1430.75 1511.29 1639.34 1699.18 1682.86 1603.02 1507.07 1428.18 1372.29 1330.84 1347.66 1336.15 1325.94 1315.47 1331.5 1373.08 1429.13 1508.22 1635.85 1693.3 1675.07 1596.95 1503.95 1426.84 1371.41 1330.44 1349.74 1338.16 1327.24 1315.67 1331.12 1372.23 1427.84 1505.15 1631.55 1686.18 1665.96 1590.02 1500.46 1425.45 1370.77 1330.61 1352.28 1340.69 1329.13 1316.57 1331.28 1371.59 1426.47 1501.7 1626.12 1677.66 1654.21 1580.88 1495.28 1422.87 1369.47 1330.69 1354.69 1343.19 1331.09 1317.6 1331.29 1370.25 1423.89 1496.58 1618.19 1666.4 1633.55 1563.84 1483.31 1414.67 1363.66 1327.15 1353.36 1342.16 1329.65 1315.26 1327.66 1364.34 1415.66 1484.68 1601.98 1646.09 1576.66 1514.29 1443.1 1381.39 1334.83 1301.96 1329.58 1317.79 1305.23 1291.54 1302.41 1335.41 1382.29 1444.43 1552.09 1589.12 1384.68 1339.25 1288.13 1240.53 1199.71 1166.69 1183.33 1165.72 1154.61 1150.17 1167.09 1200.21 1241.17 1289.12 1372.37 1395.64 1199.78 1184.08 1177.5 1175.86 1174.97 1175.54 1209.2 1204.47 1194.85 1180.65 1175.75 1175.35 1175.98 1177.83 1212.85 1209.35 1062.4 1050.41 1047.23 1045.68 1045.33 1043.44 1066.8 1062.15 1055.86 1046.54 1043.89 1045.27 1044.99 1046.17 1070.59 1068.96 687.623 673.012 662.408 651.656 643.316 649.484 672.353 688.757 682.358 663.741 643.673 643.427 651.959 664.588 683.113 692.945 587.835 745.326 
</DataArray>
<DataArray type="Float64" Name="cell variable 5" format="ascii">
0.150004 0.150004 0.150004 0.150004 0.150004 0.150004 0.150004 0.150004 0.150004 0.150004 0.150004 0.150004 0.150004 0.150004 0.150004 0.150004 0.150004 0.150004 0.150004 0.150004 0.150004 0.150004 0.150004 0.150004 0.150004 0.150004 0.150004 0.150004 0.150004 0.150004 0.150004 0.150004 0.150004 0.150004 0.150004 0.150004 0.150004 0.150004 0.150004 0.150004 0.150004 0.150004 0.150004 0.150004 0.150004 0.150004 0.150004 0.150004 0.226706 0.209872 0.182705 0.156804 0.150004 0.150004 0.150004 0.150004 0.150004 0.150004 0.150004 0.150004 0.156804 0.182705 0.209872 0.226706 0.256506 0.233139 0.195405 0.159437 0.150004 0.150004 0.150004 0.150004 0.150004 0.150004 0.150004 0.150004 0.159437 0.195405 0.233139 0.256506 0.273774 0.24664 0.202772 0.160971 0.150004 0.150004 0.150004 0.150004 0.150004 0.150004 0.150004 0.150004 0.160971 0.202772 0.24664 0.273774 0.286341 0.256406 0.208139 0.162104 0.150004 0.150004 0.150004 0.150004 0.150004 0.150004 0.150004 0.150004 0.162104 0.208139 0.256406 0.286341 0.296141 0.264073 0.212305 0.162971 0.150004 0.150004 0.150004 0.150004 0.150004 0.150004 0.150004 0.150004 0.162971 0.212305 0.264073 0.296141 0.304041 0.27024 0.215672 0.163671 0.150004 0.150004 0.150004 0.150004 0.150004 0.150004 0.150004 0.150004 0.163671 0.215672 0.27024 0.304041 0.310508 0.275274 0.218439 0.164237 0.150004 0.150004 0.150004 0.150004 0.150004 0.150004 0.150004 0.150004 0.164237 0.218439 0.275274 0.310508 0.315741 0.279374 0.220672 0.164704 0.150004 0.150004 0.150004 0.150004 0.150004 0.150004 0.150004 0.150004 0.164704 0.220672 0.279374 0.315741 0.319941 0.282674 0.222472 0.165071 0.150004 0.150004 0.150004 0.150004 0.150004 0.150004 0.150004 0.150004 0.165071 0.222472 0.282674 0.319941 0.323208 0.285207 0.223839 0.165371 0.150004 0.150004 0.150004 0.150004 0.150004 0.150004 0.150004 0.150004 0.165371 0.223839 0.285207 0.323208 0.325608 0.287074 0.224872 0.165571 0.150004 0.150004 0.150004 0.150004 0.150004 0.150004 0.150004 0.150004 0.165571 0.224872 0.287074 0.325608 0.327208 0.288307 0.225539 0.165738 0.150004 0.150004 0.150004 0.150004 0.150004 0.150004 0.150004 0.150004 0.165738 0.225539 0.288307 0.327208 0.327975 0.288941 0.225872 0.165804 0.150004 0.150004 0.150004 0.150004 0.150004 0.150004 0.150004 0.150004 0.165804 0.225872 0.288941 0.327975 0.327975 0.288941 0.225872 0.165804 0.150004 0.150004 0.150004 0.150004 0.150004 0.150004 0.150004 0.150004 0.165804 0.225872 0.288941 0.327975 0.327208 0.288307 0.225539 0.165738 0.150004 0.150004 0.150004 0.150004 0.150004 0.150004 0.150004 0.150004 0.165738 0.225539 0.288307 0.327208 0.325608 0.287074 0.224872 0.165571 0.150004 0.150004 0.150004 0.150004 0.150004 0.150004 0.150004 0.150004 0.165571 0.224872 0.287074 0.325608 0.323208 0.285207 0.223839 0.165371 0.150004 0.150004 0.150004 0.150004 0.150004 0.150004 0.150004 0.150004 0.165371 0.223839 0.285207 0.323208 0.319941 0.282674 0.222472 0.165071 0.150004 0.150004 0.150004 0.150004 0.150004 0.150004 0.150004 0.150004 0.165071 0.222472 0.282674 0.319941 0.315741 0.279374 0.220672 0.164704 0.150004 0.150004 0.150004 0.150004 0.150004 0.150004 0.150004 0.150004 0.164704 0.220672 0.279374 0.315741 0.310508 0.275274 0.218439 0.164237 0.150004 0.150004 0.150004 0.150004 0.150004 0.150004 0.150004 0.150004 0.164237 0.218439 0.275274 0.310508 0.304041 0.27024 0.215672 0.163671 0.150004 0.150004 0.150004 0.150004 0.150004 0.150004 0.150004 0.150004 0.163671 0.215672 0.27024 0.304041 0.296141 0.264073 0.212305 0.162971 0.150004 0.150004 0.150004 0.150004 0.150004 0.150004 0.150004 0.150004 0.162971 0.212305 0.264073 0.296141 0.286341 0.256406 0.208139 0.162104 0.150004 0.150004 0.150004 0.150004 0.150004 0.150004 0.150004 0.150004 0.162104 0.208139 0.256406 0.286341 0.273774 0.24664 0.202772 0.160971 0.150004 0.150004 0.150004 0.150004 0.150004 0.150004 0.150004 0.150004 0.160971 0.202772 0.24664 0.273774 0.256506 0.233139 0.195405 0.159437 0.150004 0.150004 0.150004 0.150004 0.150004 0.150004 0.150004 0.150004 0.159437 0.195405 0.233139 0.256506 0.226706 0.209872 0.182705 0.156804 0.150004 0.150004 0.150004 0.150004 0.150004 0.150004 0.150004 0.150004 0.156804 0.182705 0.209872 0.226706 0.150004 0.150004 0.150004 0.150004 0.150004 0.150004 0.150004 0.150004 0.150004 0.150004 0.150004 0.150004 0.150004 0.150004 0.150004 0.150004 0.150004 0.150004 0.150004 0.150004 0.150004 0.150004 0.150004 0.150004 0.150004 0.150004 0.150004 0.150004 0.150004 0.150004 0.150004 0.150004 0.150004 0.150004 0.150004 0.150004 0.150004 0.150004 0.150004 0.150004 0.150004 0.150004 0.150004 0.150004 0.150004 0.150004 0.150004 0.150004 0.150004 0.150004 
</DataArray>
<DataArray type="Float64" Name="cell variable 6" format="ascii">
0.990737 0.990737 0.990737 0.990737 0.990737 0.990737 0.990737 0.990737 0.990737 0.990737 0.990737 0.990737 0.990737 0.990737 0.990737 0.990737 0.990737 0.990737 0.990737 0.990737 0.990737 0.990737 0.990737 0.990737 0.990737 0.990737 0.990737 0.990737 0.990737 0.990737 0.990737 0.990737 0.990737 0.990737 0.990737 0.990737 0.990737 0.990737 0.990737 0.990737 0.990737 0.990737 0.990737 0.990737 0.990737 0.990737 0.990737 0.990737 0.989694 0.989853 0.990146 0.99053 0.990737 0.990737 0.990737 0.990737 0.990737 0.990737 0.990737 0.990737 0.99053 0.990146 0.989853 0.989694 0.989289 0.989508 0.989916 0.990449 0.990737 0.990737 0.990737 0.990737 0.990737 0.990737 0.990737 0.990737 0.990449 0.989916 0.989508 0.989289 0.989054 0.98931 0.989784 0.990403 0.990737 0.990737 0.990737 0.990737 0.990737 0.990737 0.990737 0.990737 0.990403 0.989784 0.98931 0.989054 0.988882 0.989165 0.989686 0.990368 0.990737 0.990737 0.990737 0.990737 0.990737 0.990737 0.990737 0.990737 0.990368 0.989686 0.989165 0.988882 0.988749 0.989051 0.989611 0.990342 0.990737 0.990737 0.990737 0.990737 0.990737 0.990737 0.990737 0.990737 0.990342 0.989611 0.989051 0.988749 0.988641 0.988961 0.98955 0.99032 0.990737 0.990737 0.990737 0.990737 0.990737 0.990737 0.990737 0.990737 0.99032 0.98955 0.988961 0.988641 0.988554 0.988886 0.989501 0.990303 0.990737 0.990737 0.990737 0.990737 0.990737 0.990737 0.990737 0.990737 0.990303 0.989501 0.988886 0.988554 0.988482 0.988825 0.98946 0.990289 0.990737 0.990737 0.990737 0.990737 0.990737 0.990737 0.990737 0.990737 0.990289 0.98946 0.988825 0.988482 0.988425 0.988777 0.989428 0.990278 0.990737 0.990737 0.990737 0.990737 0.990737 0.990737 0.990737 0.990737 0.990278 0.989428 0.988777 0.988425 0.988381 0.988739 0.989402 0.990268 0.990737 0.990737 0.990737 0.990737 0.990737 0.990737 0.990737 0.990737 0.990268 0.989402 0.988739 0.988381 0.988349 0.988712 0.989384 0.990262 0.990737 0.990737 0.990737 0.990737 0.990737 0.990737 0.990737 0.990737 0.990262 0.989384 0.988712 0.988349 0.988326 0.988693 0.989371 0.990258 0.990737 0.990737 0.990737 0.990737 0.990737 0.990737 0.990737 0.990737 0.990258 0.989371 0.988693 0.988326 0.988317 0.988685 0.989365 0.990256 0.990737 0.990737 0.990737 0.990737 0.990737 0.990737 0.990737 0.990737 0.990256 0.989365 0.988685 0.988317 0.988317 0.988685 0.989365 0.990256 0.990737 0.990737 0.990737 0.990737 0.990737 0.990737 0.990737 0.990737 0.990256 0.989365 0.988685 0.988317 0.988326 0.988693 0.989371 0.990258 0.990737 0.990737 0.990737 0.990737 0.990737 0.990737 0.990737 0.990737 0.990258 0.989371 0.988693 0.988326 0.988349 0.988712 0.989384 0.990262 0.990737 0.990737 0.990737 0.990737 0.990737 0.990737 0.990737 0.990737 0.990262 0.989384 0.988712 0.988349 0.988381 0.988739 0.989402 0.990268 0.990737 0.990737 0.990737 0.990737 0.990737 0.990737 0.990737 0.990737 0.990268 0.989402 0.988739 0.988381 0.988425 0.988777 0.989428 0.990278 0.990737 0.990737 0.990737 0.990737 0.990737 0.990737 0.990737 0.990737 0.990278 0.989428 0.988777 0.988425 0.988482 0.988825 0.98946 0.990289 0.990737 0.990737 0.990737 0.990737 0.990737 0.990737 0.990737 0.990737 0.990289 0.98946 0.988825 0.988482 0.988554 0.988886 0.989501 0.990303 0.990737 0.990737 0.990737 0.990737 0.990737 0.990737 0.990737 0.990737 0.990303 0.989501 0.988886 0.988554 0.988641 0.988961 0.98955 0.99032 0.990737 0.990737 0.990737 0.990737 0.990737 0.990737 0.990737 0.990737 0.99032 0.98955 0.988961 0.988641 0.988749 0.989051 0.989611 0.990342 0.990737 0.990737 0.990737 0.990737 0.990737 0.990737 0.990737 0.990737 0.990342 0.989611 0.989051 0.988749 0.988882 0.989165 0.989686 0.990368 0.990737 0.990737 0.990737 0.990737 0.990737 0.990737 0.990737 0.990737 0.990368 0.989686 0.989165 0.988882 0.989054 0.98931 0.989784 0.990403 0.990737 0.990737 0.990737 0.990737 0.990737 0.990737 0.990737 0.990737 0.990403 0.989784 0.98931 0.989054 0.989289 0.989508 0.989916 0.990449 0.990737 0.990737 0.990737 0.990737 0.990737 0.990737 0.990737 0.990737 0.990449 0.989916 0.989508 0.989289 0.989694 0.989853 0.990146 0.99053 0.990737 0.990737 0.990737 0.990737 0.990737 0.990737 0.990737 0.990737 0.99053 0.990146 0.989853 0.989694 0.990737 0.990737 0.990737 0.990737 0.990737 0.990737 0.990737 0.990737 0.990737 0.990737 0.990737 0.990737 0.990737 0.990737 0.990737 0.990737 0.990737 0.990737 0.990737 0.990737 0.990737 0.990737 0.990737 0.990737 0.990737 0.990737 0.990737 0.990737 0.990737 0.990737 0.990737 0.990737 0.990737 0.990737 0.990737 0.990737 0.990737 0.990737 0.990737 0.990737 0.990737 0.990737 0.990737 0.990737 0.990737 0.990737 0.990737 0.990737 0.990737 0.990737 
</DataArray>
<DataArray type="Float64" Name="cell variable 7" format="ascii">
0 0 0 0 0 0 0 0 0 0 0 0 0 0 0 0 0 0 0 0 0 0 0 0 0 0 0 0 0 0 0 0 0 0 0 0 0 0 0 0 0 0 0 0 0 0 0 0 0 0 0 0 0 0 0 0 0 0 0 0 0 0 0 0 0 0 0 0 0 0 0 0 0 0 0 0 0 0 0 0 0 0 0 0 0 0 0 0 0 0 0 0 0 0 0 0 0 0 0 0 0 0 0 0 0 0 0 0 0 0 0 0 0 0 0 0 0 0 0 0 0 0 0 0 0 0 0 0 0 0 0 0 0 0 0 0 0 0 0 0 0 0 0 0 0 0 0 0 0 0 0 0 0 0 0 0 0 0 0 0 0 0 0 0 0 0 0 0 0 0 0 0 0 0 0 0 0 0 0 0 0 0 0 0 0 0 0 0 0 0 0 0 0 0 0 0 0 0 0 0 0 0 0 0 0 0 0 0 0 0 0 0 0 0 0 0 0 0 0 0 0 0 0 0 0 0 0 0 0 0 0 0 0 0 0 0 0 0 0 0 0 0 0 0 0 0 0 0 0 0 0 0 0 0 0 0 0 0 0 0 0 0 0 0 0 0 0 0 0 0 0 0 0 0 0 0 0 0 0 0 0 0 0 0 0 0 0 0 0 0 0 0 0 0 0 0 0 0 0 0 0 0 0 0 0 0 0 0 0 0 0 0 0 0 0 0 0 0 0 0 0 0 0 0 0 0 0 0 0 0 0 0 0 0 0 0 0 0 0 0 0 0 0 0 0 0 0 0 0 0 0 0 0 0 0 0 0 0 0 0 0 0 0 0 0 0 0 0 0 0 0 0 0 0 0 0 0 0 0 0 0 0 0 0 0 0 0 0 0 0 0 0 0 0 0 0 0 0 0 0 0 0 0 0 0 0 0 0 0 0 0 0 0 0 0 0 0 0 0 0 0 0 0 0 0 0 0 0 0 0 0 0 0 0 0 0 0 0 0 0 0 0 0 0 0 0 0 0 0 0 0 0 0 0 0 0 0 0 0 0 0 0 0 0 0 0 0 0 0 0 0 0 0 0 0 0 0 0 0 0 0 0 0 0 0 0 0 0 0 0 0 0 0 0 0 0 0 0 0 0 0 0 0 0 0 0 0 0 0 0 0 0 1 1 
</DataArray>
<DataArray type="Float64" Name="cell variable 8" format="ascii">
11.25 33.75 56.25 78.75 101.25 123.75 146.25 168.75 191.25 213.75 236.25 258.75 281.25 303.75 326.25 348.75 11.25 33.75 56.25 78.75 101.25 123.75 146.25 168.75 191.25 213.75 236.25 258.75 281.25 303.75 326.25 348.75 11.25 33.75 56.25 78.75 101.25 123.75 146.25 168.75 191.25 213.75 236.25 258.75 281.25 303.75 326.25 348.75 11.25 33.75 56.25 78.75 101.25 123.75 146.25 168.75 191.25 213.75 236.25 258.75 281.25 303.75 326.25 348.75 11.25 33.75 56.25 78.75 101.25 123.75 146.25 168.75 191.25 213.75 236.25 258.75 281.25 303.75 326.25 348.75 11.25 33.75 56.25 78.75 101.25 123.75 146.25 168.75 191.25 213.75 236.25 258.75 281.25 303.75 326.25 348.75 11.25 33.75 56.25 78.75 101.25 123.75 146.25 168.75 191.25 213.75 236.25 258.75 281.25 303.75 326.25 348.75 11.25 33.75 56.25 78.75 101.25 123.75 146.25 168.75 191.25 213.75 236.25 258.75 281.25 303.75 326.25 348.75 11.25 33.75 56.25 78.75 101.25 123.75 146.25 168.75 191.25 213.75 236.25 258.75 281.25 303.75 326.25 348.75 11.25 33.75 56.25 78.75 101.25 123.75 146.25 168.75 191.25 213.75 236.25 258.75 281.25 303.75 326.25 348.75 11.25 33.75 56.25 78.75 101.25 123.75 146.25 168.75 191.25 213.75 236.25 258.75 281.25 303.75 326.25 348.75 11.25 33.75 56.25 78.75 101.25 123.75 146.25 168.75 191.25 213.75 236.25 258.75 281.25 303.75 326.25 348.75 11.25 33.75 56.25 78.75 101.25 123.75 146.25 168.75 191.25 213.75 236.25 258.75 281.25 303.75 326.25 348.75 11.25 33.75 56.25 78.75 101.25 123.75 146.25 168.75 191.25 213.75 236.25 258.75 281.25 303.75 326.25 348.75 11.25 33.75 56.25 78.75 101.25 123.75 146.25 168.75 191.25 213.75 236.25 258.75 281.25 303.75 326.25 348.75 11.25 33.75 56.25 78.75 101.25 123.75 146.25 168.75 191.25 213.75 236.25 258.75 281.25 303.75 326.25 348.75 11.25 33.75 56.25 78.75 101.25 123.75 146.25 168.75 191.25 213.75 236.25 258.75 281.25 303.75 326.25 348.75 11.25 33.75 56.25 78.75 101.25 123.75 146.25 168.75 191.25 213.75 236.25 258.75 281.25 303.75 326.25 348.75 11.25 33.75 56.25 78.75 101.25 123.75 146.25 168.75 191.25 213.75 236.25 258.75 281.25 303.75 326.25 348.75 11.25 33.75 56.25 78.75 101.25 123.75 146.25 168.75 191.25 213.75 236.25 258.75 281.25 303.75 326.25 348.75 11.25 33.75 56.25 78.75 101.25 123.75 146.25 168.75 191.25 213.75 236.25 258.75 281.25 303.75 326.25 348.75 11.25 33.75 56.25 78.75 101.25 123.75 146.25 168.75 191.25 213.75 236.25 258.75 281.25 303.75 326.25 348.75 11.25 33.75 56.25 78.75 101.25 123.75 146.25 168.75 191.25 213.75 236.25 258.75 281.25 303.75 326.25 348.75 11.25 33.75 56.25 78.75 101.25 123.75 146.25 168.75 191.25 213.75 236.25 258.75 281.25 303.75 326.25 348.75 11.25 33.75 56.25 78.75 101.25 123.75 146.25 168.75 191.25 213.75 236.25 258.75 281.25 303.75 326.25 348.75 11.25 33.75 56.25 78.75 101.25 123.75 146.25 168.75 191.25 213.75 236.25 258.75 281.25 303.75 326.25 348.75 11.25 33.75 56.25 78.75 101.25 123.75 146.25 168.75 191.25 213.75 236.25 258.75 281.25 303.75 326.25 348.75 11.25 33.75 56.25 78.75 101.25 123.75 146.25 168.75 191.25 213.75 236.25 258.75 281.25 303.75 326.25 348.75 11.25 33.75 56.25 78.75 101.25 123.75 146.25 168.75 191.25 213.75 236.25 258.75 281.25 303.75 326.25 348.75 11.25 33.75 56.25 78.75 101.25 123.75 146.25 168.75 191.25 213.75 236.25 258.75 281.25 303.75 326.25 348.75 11.25 33.75 56.25 78.75 101.25 123.75 146.25 168.75 191.25 213.75 236.25 258.75 281.25 303.75 326.25 348.75 11.25 33.75 56.25 78.75 101.25 123.75 146.25 168.75 191.25 213.75 236.25 258.75 281.25 303.75 326.25 348.75 0 0 
</DataArray>
</CellData>
</Piece>
</UnstructuredGrid>
</VTKFile>
