<VTKFile type="UnstructuredGrid" version="0.1">
<UnstructuredGrid>
<Piece  NumberOfPoints="    2608" NumberOfCells="    2080">
<Points>
<DataArray type="Float64" NumberOfComponents="3" format="ascii">
-281.076 543.87 -0.355178 
-281.023 549.565 28.2487 
-280.833 565.763 52.4921 
-280.465 590.002 68.6663 
-279.967 618.577 74.3016 
-279.572 647.135 68.5943 
-279.399 671.373 52.4218 
-279.334 687.588 28.1899 
-279.282 693.269 -0.420549 
-279.262 687.545 -29.0216 
-279.317 671.308 -53.2389 
-279.512 647.06 -69.3952 
-279.933 618.498 -75.0826 
-280.446 589.928 -69.4208 
-280.835 565.702 -53.2251 
-281.027 549.533 -28.9647 
-254.115 537.502 -0.336688 
-254.04 543.663 30.5405 
-253.866 561.176 56.6981 
-253.501 587.359 74.1622 
-252.971 618.234 80.2852 
-252.511 649.116 74.1396 
-252.326 675.293 56.6523 
-252.244 692.772 30.4715 
-252.174 698.903 -0.408618 
-252.152 692.741 -31.2932 
-252.22 675.222 -57.4609 
-252.442 649.02 -74.915 
-252.912 618.146 -81.0353 
-253.465 587.287 -74.8979 
-253.892 561.123 -57.4118 
-254.094 543.637 -31.2283 
-222.425 535.326 -0.328156 
-222.383 541.629 31.2433 
-222.222 559.529 57.9933 
-221.802 586.284 75.865 
-221.152 617.83 82.1438 
-220.607 649.384 75.8742 
-220.562 676.143 57.9795 
-220.593 694.006 31.187 
-220.57 700.27 -0.403689 
-220.539 693.969 -31.9884 
-220.489 676.076 -58.7659 
-220.54 649.301 -76.6373 
-221.092 617.744 -82.8815 
-221.762 586.205 -76.5768 
-222.221 559.467 -58.6805 
-222.405 541.595 -31.9077 
-190.199 534.472 -0.315568 
-190.221 540.812 31.4327 
-190.143 558.817 58.3327 
-189.681 585.735 76.2955 
-188.809 617.461 82.5904 
-188.044 649.182 76.272 
-188.377 676.138 58.3554 
-188.578 694.194 31.4164 
-188.584 700.527 -0.3964 
-188.553 694.16 -32.2023 
-188.331 676.076 -59.1234 
-187.985 649.105 -77.0151 
-188.75 617.378 -83.3053 
-189.633 585.658 -76.9819 
-190.115 558.756 -58.9946 
-190.218 540.776 -32.0725 
-159.308 533.182 -0.304202 
-159.008 539.529 31.5098 
-158.028 557.559 58.4581 
-156.319 584.509 76.4257 
-154.065 616.255 82.6928 
-151.809 647.99 76.3542 
-150.398 675.011 58.4609 
-149.507 693.19 31.5082 
-149.156 699.569 -0.384045 
-149.486 693.158 -32.2698 
-150.356 674.954 -59.2042 
-151.753 647.916 -77.0726 
-154.005 616.175 -83.383 
-156.264 584.435 -77.0882 
-157.984 557.5 -59.0973 
-158.983 539.493 -32.1271 
-128.766 530.505 -0.291571 
-128.128 536.828 31.5325 
-126.206 554.785 58.4888 
-123.164 581.623 76.4601 
-119.397 613.23 82.7179 
-115.579 644.819 76.3774 
-112.558 671.728 58.4835 
-110.586 689.848 31.5331 
-109.874 696.213 -0.368893 
-110.568 689.818 -32.2649 
-112.521 671.673 -59.1983 
-115.525 644.747 -77.0685 
-119.337 613.151 -83.3819 
-123.105 581.549 -77.0977 
-126.152 554.726 -59.1044 
-128.092 536.79 -32.1248 
-98.5753 526.283 -0.277786 
-97.599 532.559 31.5489 
-94.7253 550.377 58.51 
-90.3012 577.009 76.4886 
-84.9412 608.374 82.7476 
-79.508 639.715 76.4009 
-74.9586 666.405 58.5073 
-71.9283 684.383 31.5514 
-70.8567 690.702 -0.352175 
-71.9134 684.355 -32.2503 
-74.9249 666.352 -59.1906 
-79.4559 639.644 -77.062 
-84.88 608.296 -83.3831 
-90.2382 576.935 -77.0994 
-94.664 550.317 -59.1003 
-97.5574 532.519 -32.1142 
-68.7875 520.476 -0.26275 
-67.4727 526.684 31.5652 
-63.6412 544.307 58.5306 
-57.8075 570.65 76.5173 
-50.809 601.678 82.7801 
-43.7286 632.675 76.4262 
-37.6994 659.058 58.5342 
-33.6416 676.833 31.5701 
-32.2136 683.08 -0.334475 
-33.6295 676.806 -32.234 
-37.6687 659.006 -59.1838 
-43.6782 632.605 -77.0552 
-50.7474 601.601 -83.3852 
-57.7415 570.576 -77.0993 
-63.5752 544.246 -59.0937 
-67.4279 526.641 -32.1012 
-39.4655 513.075 -0.246615 
-37.8126 519.197 31.5818 
-33.0219 536.572 58.5503 
-25.7673 562.545 76.5436 
-17.1093 593.139 82.8104 
-8.36832 623.696 76.4512 
-0.890919 649.692 58.5606 
4.165 667.208 31.5894 
5.94351 673.363 -0.315929 
4.175 667.183 -32.2167 
-0.862826 649.642 -59.1748 
-8.3195 623.627 -77.0462 
-17.0477 593.062 -83.3831 
-25.6998 562.47 -77.095 
-32.9536 536.509 -59.0844 
-37.7665 519.151 -32.0866 
-10.6778 504.091 -0.229672 
-8.68855 510.109 31.5987 
-2.94387 527.182 58.5685 
5.73074 552.703 76.5658 
16.0509 582.766 82.8351 
26.4513 612.786 76.4732 
35.3518 638.318 58.5836 
41.3794 655.522 31.6084 
43.501 661.566 -0.296688 
41.3879 655.498 -32.1977 
35.3777 638.27 -59.1608 
26.4985 612.718 -77.0327 
16.1119 582.689 -83.3742 
5.79868 552.627 -77.0852 
-2.87461 527.116 -59.0724 
-8.64247 510.059 -32.0708 
17.5034 493.541 -0.212119 
19.8263 499.435 31.6159 
26.5128 516.154 58.5858 
36.5931 541.142 76.585 
48.5652 570.576 82.8557 
60.6076 599.966 76.4926 
70.9096 624.954 58.604 
77.8873 641.792 31.6274 
80.3431 647.707 -0.276855 
77.8947 641.769 -32.1774 
70.9338 624.907 -59.1431 
60.6531 599.898 -77.0156 
48.6251 570.499 -83.3599 
36.6606 541.065 -77.0713 
26.5818 516.086 -59.0583 
19.8712 499.382 -32.0541 
45.0054 481.448 -0.194127 
47.6574 487.2 31.6332 
55.2751 503.509 58.6021 
66.7425 527.882 76.6022 
80.3404 556.592 82.8741 
93.9974 585.257 76.5107 
105.67 609.626 58.6236 
113.572 626.047 31.6466 
116.354 631.816 -0.256692 
113.579 626.026 -32.1566 
105.693 609.581 -59.1239 
94.0411 585.191 -76.9962 
80.3987 556.515 -83.3425 
66.8088 527.805 -77.0546 
55.3431 503.439 -59.0424 
47.7003 487.144 -32.0366 
71.7536 467.844 -0.17588 
74.7286 473.436 31.6504 
83.2596 489.281 58.6175 
96.0857 512.959 76.6173 
111.275 540.851 82.8898 
126.512 568.7 76.5267 
139.521 592.374 58.6416 
148.321 608.329 31.6652 
151.418 613.934 -0.236411 
148.327 608.308 -32.135 
139.543 592.331 -59.1027 
126.554 568.635 -76.9745 
111.331 540.775 -83.322 
96.1502 512.881 -77.0352 
83.3256 489.209 -59.0251 
74.7687 473.377 -32.0186 
97.6728 452.767 -0.157567 
100.963 458.179 31.6676 
110.384 473.508 58.6322 
124.533 496.413 76.6306 
141.271 523.396 82.9031 
158.045 550.339 76.5407 
172.353 573.245 58.658 
182.022 588.686 31.6835 
185.423 594.111 -0.21587 
182.028 588.667 -32.1127 
172.373 573.203 -59.0797 
158.085 550.275 -76.9506 
141.325 523.32 -83.2989 
124.595 496.335 -77.0139 
110.447 473.435 -59.0069 
101 458.118 -32.0004 
122.688 436.259 -0.13931 
126.284 441.472 31.6846 
136.567 456.234 58.646 
151.997 478.291 76.6419 
170.235 504.277 82.9136 
188.496 530.227 76.5519 
204.058 552.295 58.6721 
214.565 567.176 31.7007 
218.261 572.405 -0.195746 
214.571 567.158 -32.09 
204.078 552.255 -59.0549 
188.534 530.165 -76.9241 
170.286 504.202 -83.2732 
152.056 478.214 -76.9905 
136.627 456.161 -58.9878 
126.316 441.409 -31.9821 
146.725 418.365 -0.121268 
150.615 423.364 31.701 
161.729 437.51 58.6584 
178.393 458.646 76.6503 
198.075 483.55 82.9199 
217.766 508.425 76.5585 
234.534 529.587 58.6827 
245.847 543.865 31.7165 
249.825 548.884 -0.175802 
245.853 543.849 -32.0662 
234.553 529.549 -59.0269 
217.803 508.365 -76.8933 
198.124 483.477 -83.2435 
178.45 458.569 -76.9646 
161.786 437.436 -58.9674 
150.643 423.299 -31.9636 
169.712 399.137 -0.103578 
173.885 403.904 31.7167 
185.794 417.388 58.6688 
203.64 437.536 76.6542 
224.703 461.278 82.9182 
245.764 484.998 76.5548 
263.683 505.189 58.6835 
275.763 518.824 31.726 
280.011 523.617 -0.155962 
275.769 518.808 -32.0366 
263.7 505.153 -58.9896 
245.798 484.941 -76.8528 
224.749 461.207 -83.2066 
203.693 437.46 -76.9349 
185.847 417.315 -58.9458 
173.909 403.838 -31.9451 
191.58 378.63 -0.0863671 
196.023 383.149 31.7317 
208.69 395.928 58.6779 
227.659 415.021 76.6538 
250.036 437.527 82.904 
272.395 460.016 76.5223 
291.398 479.168 58.6301 
304.177 492.089 31.7009 
308.672 496.631 -0.136968 
304.183 492.075 -31.9737 
291.415 479.134 -58.8993 
272.427 459.961 -76.7845 
250.079 437.458 -83.1579 
227.708 414.948 -76.9015 
208.738 395.855 -58.9234 
196.042 383.083 -31.9268 
212.266 356.905 -0.0698459 
216.964 361.161 31.7459 
230.346 373.192 58.6859 
250.376 391.173 76.6521 
273.992 412.372 82.8888 
297.58 433.56 76.49 
317.625 451.598 58.5783 
331.085 463.749 31.6768 
335.816 468.023 -0.118412 
331.09 463.736 -31.9129 
317.641 451.566 -58.8115 
297.609 433.508 -76.7175 
274.032 412.306 -83.1094 
250.421 391.102 -76.868 
230.39 373.122 -58.9012 
216.977 361.096 -31.909 
231.706 334.029 -0.0541681 
236.644 338.008 31.7594 
250.697 349.253 58.6939 
271.72 366.063 76.6533 
296.498 385.89 82.885 
321.239 405.716 76.4859 
342.268 422.596 58.5807 
356.393 433.973 31.6872 
361.359 437.977 -0.100541 
356.399 433.962 -31.8878 
342.283 422.567 -58.7796 
321.266 405.666 -76.6802 
296.533 385.828 -83.0739 
271.761 365.995 -76.8391 
250.736 349.185 -58.8804 
236.652 337.945 -31.8921 
249.844 310.069 -0.0394298 
255.004 313.757 31.7726 
269.679 324.18 58.7031 
291.625 339.768 76.6585 
317.48 358.164 82.8886 
343.294 376.568 76.4914 
365.235 392.245 58.5928 
379.979 402.815 31.703 
385.163 406.536 -0.0839468 
379.985 402.805 -31.8707 
365.249 392.218 -58.7596 
343.319 376.522 -76.6547 
317.512 358.106 -83.0477 
291.661 339.704 -76.8157 
269.713 324.115 -58.8624 
255.006 313.697 -31.8767 
266.623 285.095 -0.0257628 
271.989 288.481 31.7851 
287.236 298.05 58.712 
310.03 312.369 76.6639 
336.877 329.282 82.8932 
363.678 346.214 76.4987 
386.459 360.644 58.6056 
401.773 370.378 31.7181 
407.159 373.804 -0.0685617 
401.779 370.368 -31.8554 
386.472 360.619 -58.7427 
363.7 346.172 -76.6333 
336.906 329.228 -83.0246 
310.061 312.31 -76.7948 
287.265 297.99 -58.8461 
271.985 288.424 -31.8627 
281.996 259.179 -0.0132936 
287.548 262.252 31.7963 
303.317 270.941 58.7191 
326.882 283.953 76.6665 
354.633 299.34 82.8944 
382.332 314.757 76.5036 
405.88 327.901 58.6163 
421.717 336.768 31.7315 
427.288 339.889 -0.0544303 
421.722 336.76 -31.8408 
405.892 327.879 -58.7261 
382.352 314.719 -76.6118 
354.658 299.291 -83.0006 
326.91 283.899 -76.7732 
303.341 270.885 -58.8302 
287.539 262.199 -31.8497 
295.918 232.393 -0.0021162 
301.639 235.145 31.806 
317.879 242.932 58.7235 
342.138 254.608 76.6644 
370.698 268.433 82.8902 
399.206 282.302 76.5047 
423.447 294.125 58.6242 
439.758 302.097 31.7429 
445.498 304.901 -0.0416634 
439.764 302.089 -31.827 
423.459 294.106 -58.7095 
399.224 282.268 -76.5892 
370.72 268.39 -82.9737 
342.161 254.559 -76.7495 
317.898 242.882 -58.8138 
301.626 235.098 -31.8377 
308.354 204.812 0.00771128 
314.226 207.236 31.8139 
330.884 214.105 58.7247 
355.757 224.422 76.6568 
385.033 236.664 82.8795 
414.257 248.959 76.5016 
439.118 259.429 58.6289 
455.856 266.474 31.7523 
461.747 268.951 -0.030362 
455.862 266.468 -31.8141 
439.129 259.412 -58.6926 
414.274 248.929 -76.5653 
385.052 236.626 -82.943 
355.777 224.38 -76.7229 
330.899 214.061 -58.7968 
314.208 207.195 -31.8265 
319.276 176.509 0.0161891 
325.279 178.6 31.82 
342.301 184.537 58.7229 
367.708 193.484 76.6438 
397.603 204.135 82.8619 
427.45 214.843 76.4945 
452.857 223.926 58.6298 
469.973 230.011 31.7592 
475.998 232.149 -0.0208069 
469.98 230.006 -31.8023 
452.868 223.912 -58.6755 
427.466 214.818 -76.5406 
397.621 204.103 -82.9086 
367.726 193.449 -76.6934 
342.314 184.501 -58.779 
325.258 178.566 -31.816 
328.664 147.557 0.0234035 
334.779 149.308 31.8237 
352.111 154.304 58.7176 
377.969 161.882 76.6256 
408.384 170.953 82.8383 
438.757 180.075 76.4835 
464.637 187.728 58.6261 
482.079 192.816 31.7629 
488.218 194.606 -0.013414 
482.088 192.813 -31.7917 
464.649 187.717 -58.6581 
438.773 180.055 -76.516 
408.401 170.927 -82.8714 
377.986 161.855 -76.6613 
352.122 154.278 -58.7597 
334.756 149.283 -31.8053 
336.524 118.033 0.0295767 
342.727 119.435 31.8193 
360.307 123.481 58.7 
386.523 129.703 76.5938 
417.351 137.226 82.8023 
448.146 144.787 76.4611 
474.424 150.942 58.6136 
492.129 154.991 31.7589 
498.359 156.422 -0.00886062 
492.141 154.991 -31.7791 
474.44 150.936 -58.6374 
448.166 144.771 -76.4848 
417.371 137.207 -82.8251 
386.542 129.684 -76.6177 
360.32 123.466 -58.7293 
342.705 119.422 -31.788 
342.947 88.0416 0.0348208 
349.206 89.0782 31.7678 
366.941 92.161 58.6 
393.38 97.0509 76.4659 
424.469 103.082 82.6833 
455.539 109.114 76.3693 
482.123 113.656 58.5488 
499.985 116.619 31.7194 
506.264 117.684 -0.00801387 
500.002 116.625 -31.7385 
482.146 113.656 -58.5712 
455.564 109.102 -76.3883 
424.494 103.068 -82.6985 
393.404 97.0417 -76.4794 
366.96 92.1618 -58.6164 
349.188 89.0839 -31.7245 
348.452 57.8047 0.0369705 
354.688 58.478 31.4465 
372.362 60.6115 58.0148 
398.7 64.1904 75.7383 
429.681 68.7692 81.9531 
460.672 73.2178 75.7483 
487.19 75.9093 58.0695 
504.948 77.7198 31.4312 
511.186 78.4128 -0.0211841 
504.966 77.7329 -31.4674 
487.227 75.917 -58.0826 
460.707 73.2079 -75.7557 
429.714 68.7605 -81.9579 
398.732 64.1908 -75.7419 
372.393 60.6271 -58.0156 
354.684 58.5057 -31.3941 
356.177 28.3287 0.0334879 
362.116 29.0186 29.995 
378.947 31.1377 55.3464 
404.051 34.4886 72.2806 
433.623 38.574 78.2518 
463.216 42.554 72.3424 
488.355 45.5445 55.3953 
505.195 47.4815 29.9575 
511.109 48.149 -0.0322012 
505.199 47.4391 -30.0011 
488.394 45.5083 -55.3883 
463.253 42.5434 -72.338 
433.658 38.5718 -78.2495 
404.083 34.501 -72.2814 
378.97 31.1905 -55.3508 
362.103 29.0778 -29.95 
365.061 0.00875146 0.0206068 
370.612 0.670597 28.0061 
386.343 2.68514 51.6829 
409.825 5.75167 67.4702 
437.474 9.39444 72.999 
465.11 12.9826 67.4404 
488.545 15.9611 51.6333 
504.232 17.938 27.9324 
509.738 18.5849 -0.0171215 
504.23 17.8525 -27.951 
488.567 15.8927 -51.6191 
465.13 12.9775 -67.4378 
437.493 9.39354 -72.997 
409.843 5.76072 -67.4705 
386.346 2.75969 -51.6944 
370.585 0.759002 -27.9833 
376.193 -23.2524 0 
381.107 -22.5618 24.9464 
395.105 -20.6074 46.0912 
416.087 -17.8 60.1681 
440.795 -14.5258 65.0461 
465.443 -11.271 60.018 
486.289 -8.52296 45.885 
500.191 -6.69204 24.8143 
505.068 -6.05022 0.000255892 
500.191 -6.69297 -24.8137 
486.288 -8.52386 -45.8846 
465.443 -11.2716 -60.0178 
440.795 -14.5263 -65.0459 
416.087 -17.8004 -60.168 
395.105 -20.6075 -46.0912 
381.107 -22.5618 -24.9464 
-279.698 543.842 1.13409
-279.65 548.968 26.8776
-255.366 543.655 28.9402
-255.433 538.11 1.15073
-279.638 550.108 29.6261
-279.466 564.685 51.4452
-255.197 560.557 55.2306
-255.353 544.795 31.6887
-279.439 566.79 53.548
-279.108 588.605 68.1048
-254.84 586.227 73.0511
-255.169 562.662 57.3334
-279.063 591.355 69.2409
-278.616 617.072 74.3127
-254.319 616.763 79.698
-254.796 588.976 74.1872
-278.569 620.047 74.3102
-278.213 645.749 69.1736
-253.858 647.532 74.1644
-254.272 619.738 79.6955
-278.183 648.497 68.0351
-278.027 670.311 53.4799
-253.662 673.839 57.2873
-253.828 650.28 73.0259
-278.014 672.416 51.3763
-277.956 687.01 29.5676
-253.575 691.675 31.6211
-253.649 675.943 55.1837
-277.95 688.148 26.8177
-277.903 693.261 1.06831
-253.505 698.331 1.07904
-253.568 692.814 28.8712
-277.899 693.259 -1.90835
-277.881 688.107 -27.6493
-253.481 692.784 -29.6937
-253.501 698.329 -1.89761
-277.883 686.965 -30.3981
-277.932 672.352 -52.1937
-253.545 675.875 -55.9935
-253.483 691.642 -32.4426
-277.946 670.246 -54.2952
-278.12 648.423 -68.8358
-253.757 650.186 -73.8036
-253.558 673.768 -58.0949
-278.153 645.673 -69.9721
-278.533 619.967 -75.0908
-254.213 619.651 -80.4482
-253.79 647.437 -74.9399
-278.582 616.993 -75.091
-279.043 591.28 -69.9954
-254.76 588.903 -74.9248
-254.262 616.677 -80.4485
-279.09 588.532 -68.8575
-279.44 566.73 -54.2814
-255.192 562.608 -58.0495
-254.807 586.155 -73.7869
-279.471 564.627 -52.1765
-279.643 550.074 -30.342
-255.404 544.768 -32.3792
-255.222 560.505 -55.9445
-279.655 548.937 -27.591
-279.699 543.841 -1.84239
-255.434 538.109 -1.82575
-255.416 543.631 -29.6282
-252.518 537.704 1.22464
-252.451 543.249 29.0141
-223.96 541.418 29.6467
-223.997 535.746 1.23232
-252.284 560.208 55.4403
-223.804 558.725 56.6059
-223.948 542.615 32.531
-252.44 544.446 31.8984
-251.926 585.982 73.3647
-223.398 585.015 74.8973
-223.776 560.935 58.8127
-252.256 562.417 57.647
-251.401 616.654 80.0689
-222.764 616.291 81.7416
-223.349 587.9 76.0907
-251.877 588.867 74.5582
-250.933 647.569 74.537
-222.218 647.811 76.0982
-222.709 619.412 81.7408
-251.346 619.776 80.0681
-250.735 674.01 57.6047
-222.147 674.776 58.7991
-222.187 650.692 74.9044
-250.901 650.451 73.3432
-250.654 691.95 31.8332
-222.168 693.061 32.4771
-222.14 676.984 56.5903
-250.728 676.218 55.3959
-250.587 698.661 1.15411
-222.143 699.892 1.15854
-222.165 694.255 29.5901
-250.65 693.144 28.9462
-250.563 693.114 -29.7665
-222.112 694.219 -30.3921
-222.14 699.89 -1.9659
-250.583 698.66 -1.97033
-250.625 676.149 -56.2041
-222.066 676.918 -57.3786
-222.111 693.022 -33.2788
-250.563 691.916 -32.6532
-250.831 650.357 -74.1196
-222.12 650.609 -75.6697
-222.073 674.707 -59.5855
-250.632 673.938 -58.411
-251.287 619.688 -80.8188
-222.649 619.325 -82.4804
-222.152 647.727 -76.8606
-250.863 647.474 -75.3105
-251.84 588.794 -75.2936
-223.308 587.82 -76.8047
-222.705 616.205 -82.4789
-251.343 616.568 -80.8173
-252.278 562.362 -58.3604
-223.774 560.872 -59.5022
-223.36 584.937 -75.6089
-251.893 585.91 -74.0978
-252.491 544.418 -32.5862
-223.971 542.58 -33.1977
-223.805 558.665 -57.2932
-252.309 560.155 -56.1514
-252.502 543.224 -29.7005
-252.52 537.702 -1.89811
-223.999 535.744 -1.89043
-223.981 541.386 -30.312
-220.811 535.599 1.25468
-220.773 541.271 29.669
-191.828 540.536 29.8395
-191.808 534.83 1.26601
-220.766 542.485 32.5932
-220.622 558.595 56.6681
-191.751 557.955 56.9737
-191.821 541.75 32.7636
-220.594 560.835 58.9064
-220.216 584.915 74.991
-191.307 584.421 75.3784
-191.723 560.195 59.2119
-220.155 587.841 76.2015
-219.57 616.233 81.8523
-190.462 615.9 82.2543
-191.247 587.347 76.5889
-219.5 619.396 81.8509
-219.009 647.795 76.2083
-189.702 647.613 76.5663
-190.391 619.064 82.2529
-218.983 650.713 75.0015
-218.943 674.796 58.8962
-189.977 674.791 59.2345
-189.677 650.531 75.3594
-218.956 677.04 56.6568
-218.984 693.117 32.5435
-190.17 693.286 32.75
-189.99 677.035 56.9951
-218.989 694.331 29.6137
-218.968 699.968 1.18214
-190.181 700.199 1.1887
-190.176 694.5 29.8202
-218.966 699.966 -1.9881
-218.938 694.295 -30.4143
-190.151 694.467 -30.6069
-190.179 700.197 -1.98154
-218.93 693.078 -33.3434
-218.885 676.974 -57.4432
-189.943 676.974 -57.7649
-190.143 693.25 -33.5359
-218.871 674.728 -59.6807
-218.918 650.63 -75.7649
-189.618 650.454 -76.1049
-189.93 674.728 -60.0024
-218.943 647.711 -76.9691
-219.44 619.31 -82.5889
-190.331 618.981 -82.9703
-189.643 647.535 -77.309
-219.512 616.146 -82.5876
-220.114 587.762 -76.9133
-191.198 587.269 -77.2779
-190.403 615.817 -82.969
-220.177 584.837 -75.7002
-220.59 560.773 -59.5935
-191.695 560.133 -59.8762
-191.261 584.344 -76.0648
-220.621 558.535 -57.353
-220.786 542.449 -33.2575
-191.818 541.712 -33.4058
-191.725 557.895 -57.6357
-220.793 541.239 -30.332
-220.811 535.597 -1.91045
-191.808 534.829 -1.89912
-191.826 540.502 -30.4803
-188.647 534.725 1.27809
-188.667 540.431 29.8515
-160.574 539.277 29.9209
-160.845 533.564 1.28832
-188.633 541.655 32.7922
-188.563 557.86 57.0023
-159.659 556.727 57.1151
-160.541 540.5 32.8616
-188.482 560.114 59.2458
-188.066 584.34 75.4123
-158.04 583.237 75.5295
-159.578 558.981 59.3587
-187.933 587.277 76.6193
-187.148 615.83 82.2847
-155.879 614.745 82.3769
-157.907 586.174 76.7365
-186.995 619.004 82.2756
-186.306 647.553 76.589
-153.694 646.481 76.6631
-155.725 617.919 82.3678
-186.204 650.489 75.3696
-186.504 674.749 59.2447
-152.322 673.735 59.3397
-153.593 649.416 75.4436
-186.46 676.994 57.003
-186.641 693.245 32.758
-151.477 692.341 32.8406
-152.278 675.98 57.098
-186.615 694.463 29.8244
-186.62 700.162 1.1929
-151.135 699.3 1.20402
-151.451 693.559 29.9071
-186.619 700.16 -1.98408
-186.591 694.43 -30.6094
-151.43 693.529 -30.6701
-151.134 699.298 -1.97296
-186.614 693.209 -33.5417
-186.415 676.934 -57.7707
-152.238 675.924 -57.8435
-151.454 692.308 -33.6025
-186.458 674.687 -60.0102
-186.146 650.412 -76.1127
-153.537 649.343 -76.1646
-152.28 673.677 -60.083
-186.247 647.476 -77.3295
-186.935 618.922 -82.9907
-155.665 617.839 -83.0607
-153.638 646.406 -77.3813
-187.089 615.748 -82.997
-187.884 587.199 -77.306
-157.852 586.099 -77.4016
-155.819 614.665 -83.0669
-188.018 584.263 -76.0963
-188.452 560.052 -59.9077
-159.534 558.922 -60.0001
-157.986 583.163 -76.192
-188.535 557.8 -57.6618
-188.628 541.618 -33.4319
-160.516 540.463 -33.4811
-159.617 556.669 -57.7543
-188.663 540.397 -30.49
-188.646 534.724 -1.90879
-160.844 533.563 -1.89856
-160.552 539.242 -30.5392
-157.757 533.366 1.29164
-157.487 539.078 29.9243
-129.695 536.647 29.9446
-130.27 530.957 1.30301
-157.391 540.3 32.8685
-156.509 556.527 57.122
-127.869 554.031 57.1497
-129.599 537.869 32.8889
-156.317 558.779 59.3673
-154.778 583.034 75.5382
-124.939 580.436 75.5692
-127.677 556.282 59.395
-154.509 585.967 76.7441
-152.481 614.538 82.3845
-121.28 611.815 82.4071
-124.67 583.369 76.7751
-152.178 617.705 82.3734
-150.148 646.267 76.6687
-117.541 643.413 76.6895
-120.977 614.982 82.396
-149.885 649.196 75.4503
-148.615 673.514 59.3463
-114.56 670.559 59.3666
-117.279 646.341 75.4712
-148.433 675.761 57.1042
-147.632 692.122 32.8468
-112.603 689.115 32.8692
-114.378 672.806 57.1245
-147.534 693.342 29.9106
-147.218 699.083 1.20757
-111.865 696.063 1.22121
-112.505 690.335 29.933
-147.217 699.082 -1.97379
-147.514 693.312 -30.6709
-112.488 690.306 -30.6666
-111.864 696.061 -1.96015
-147.61 692.09 -33.6059
-148.393 675.705 -57.847
-114.341 672.753 -57.8417
-112.583 689.084 -33.6016
-148.573 673.456 -60.0871
-149.83 649.123 -76.1686
-117.225 646.27 -76.1649
-114.521 670.504 -60.0817
-150.091 646.193 -77.3844
-152.118 617.626 -83.0637
-120.917 614.904 -83.0627
-117.487 643.34 -77.3807
-152.421 614.459 -83.0721
-154.454 585.892 -77.4067
-124.611 583.295 -77.4153
-121.219 611.737 -83.071
-154.724 582.96 -76.1983
-156.272 558.719 -60.0065
-127.623 556.223 -60.0129
-124.881 580.364 -76.2068
-156.465 556.469 -57.7589
-157.365 540.263 -33.4857
-129.563 537.831 -33.4836
-127.816 553.973 -57.7653
-157.464 539.044 -30.54
-157.756 533.364 -1.89937
-130.268 530.955 -1.88801
-129.662 536.612 -30.5379
-127.216 530.61 1.30469
-126.642 536.3 29.9463
-99.1657 532.458 29.9611
-100.044 526.81 1.3171
-126.481 537.515 32.8914
-124.751 553.677 57.1521
-96.4183 549.71 57.1712
-99.0047 533.673 32.9062
-124.444 555.916 59.3983
-121.706 580.07 75.5725
-92.1291 575.917 75.5981
-96.1107 551.949 59.4174
-121.29 582.985 76.7783
-117.9 611.432 82.4102
-86.8896 607.062 82.437
-91.7136 578.833 76.8039
-117.441 614.579 82.3984
-114.004 643.009 76.6919
-81.5402 638.416 76.7131
-86.4301 610.209 82.4251
-113.585 645.918 75.4739
-110.866 670.136 59.3694
-77.0258 665.346 59.3909
-81.1203 641.325 75.4951
-110.552 672.371 57.1269
-108.777 688.679 32.8716
-73.9852 683.761 32.888
-76.7125 667.58 57.1483
-108.608 689.893 29.9349
-107.968 695.621 1.22305
-72.852 690.661 1.2381
-73.8165 684.974 29.9513
-107.967 695.62 -1.95884
-108.591 689.865 -30.6652
-73.8022 684.948 -30.6521
-72.8512 690.659 -1.94379
-108.758 688.648 -33.6009
-110.516 672.317 -57.841
-76.6795 667.528 -57.834
-73.9692 683.732 -33.5877
-110.827 670.081 -60.0816
-113.531 645.847 -76.1647
-81.0689 641.255 -76.1589
-76.991 665.292 -60.0747
-113.95 642.937 -77.3802
-117.38 614.501 -83.0623
-86.3693 610.132 -83.0634
-81.4876 638.344 -77.3744
-117.84 611.354 -83.0715
-121.231 582.912 -77.4158
-91.6507 578.759 -77.4173
-86.8283 606.984 -83.0727
-121.647 579.997 -76.2076
-124.389 555.856 -60.0137
-96.0497 551.888 -60.01
-92.0664 575.844 -76.2092
-124.697 553.619 -57.7653
-126.444 537.477 -33.4836
-98.9624 533.633 -33.4741
-96.3583 549.651 -57.7616
-126.608 536.265 -30.5369
-127.214 530.608 -1.88701
-100.042 526.808 -1.8746
-99.1263 532.42 -30.5274
-97.0284 526.306 1.31869
-96.1498 531.954 29.9627
-69.0362 526.666 29.9773
-70.2194 521.079 1.33222
-95.9238 533.158 32.9083
-93.3375 549.194 57.1733
-65.3618 543.731 57.1918
-68.8102 527.87 32.9229
-92.9119 551.413 59.4202
-88.9303 575.381 75.6009
-59.6859 569.658 75.6267
-64.9362 545.95 59.4387
-88.3638 578.27 76.807
-83.5398 606.499 82.4401
-52.8209 600.473 82.4694
-59.1195 572.547 76.8328
-82.9181 609.617 82.4278
-78.0282 637.824 76.7157
-45.8267 631.488 76.7385
-52.1991 603.591 82.457
-77.4518 640.704 75.4978
-73.3574 664.725 59.3936
-39.8241 658.113 59.4178
-45.2504 634.368 75.5206
-72.9171 666.938 57.1507
-70.1898 683.119 32.8904
-35.7317 676.323 32.9072
-39.3837 660.326 57.1749
-69.9513 684.321 29.9531
-68.9869 690.007 1.23987
-34.2081 683.148 1.2558
-35.4933 677.526 29.9699
-68.9862 690.006 -1.94216
-69.9372 684.294 -30.6505
-35.4817 677.5 -30.6358
-34.2074 683.146 -1.92623
-70.1741 683.089 -33.5868
-72.8844 666.886 -57.8331
-39.3539 660.275 -57.827
-35.7185 676.295 -33.5721
-73.3229 664.671 -60.0742
-77.4008 640.634 -76.1584
-45.2009 634.299 -76.1522
-39.7923 658.06 -60.0681
-77.9756 637.752 -77.3741
-82.8573 609.54 -83.063
-52.138 603.514 -83.0649
-45.7757 631.417 -77.3679
-83.4784 606.422 -83.0729
-88.3008 578.197 -77.4176
-59.0538 572.473 -77.4175
-52.7591 600.396 -83.0748
-88.8671 575.308 -76.2092
-92.8504 551.352 -60.0101
-64.8704 545.888 -60.0041
-59.6201 569.585 -76.2091
-93.2769 549.136 -57.7609
-95.881 533.117 -33.4734
-68.7645 527.827 -33.4617
-65.297 543.671 -57.7549
-96.1102 531.916 -30.5261
-97.0263 526.304 -1.87332
-70.2172 521.077 -1.85978
-68.9937 526.626 -30.5144
-67.247 520.415 1.33388
-66.0637 526.002 29.979
-39.3696 519.264 29.994
-40.8572 513.754 1.3484
-65.7725 527.191 32.9249
-62.3242 543.052 57.1938
-34.7668 536.091 57.2115
-39.0784 520.453 32.9398
-61.7794 545.243 59.4413
-56.5291 568.952 75.6293
-27.6929 561.657 75.653
-34.2221 538.282 59.459
-55.8092 571.805 76.8359
-49.5105 599.731 82.4724
-19.1808 592.045 82.4997
-26.9729 564.51 76.8596
-48.7237 602.809 82.4598
-42.3513 630.706 76.7413
-10.527 622.625 76.7638
-18.3939 595.124 82.487
-41.6195 633.549 75.5233
-36.1931 657.294 59.4205
-3.06552 648.865 59.4442
-9.79518 625.468 75.5458
-35.6294 659.478 57.1774
-31.9774 675.476 32.9096
2.04854 666.814 32.927
-2.50178 651.049 57.2011
-31.6709 676.663 29.9717
-30.3857 682.285 1.25767
3.9557 673.54 1.27436
2.35504 668 29.9891
-30.3851 682.283 -1.9245
-31.6594 676.637 -30.6341
2.3646 667.976 -30.6185
3.95625 673.538 -1.90781
-31.9645 675.448 -33.571
-35.5998 659.428 -57.8259
-2.47448 651.001 -57.8178
2.05957 666.787 -33.5555
-36.1616 657.242 -60.0674
-41.5701 633.481 -76.1515
-9.74731 625.4 -76.1435
-3.0363 648.814 -60.0592
-42.3004 630.636 -77.3674
-48.6627 602.732 -83.0644
-18.333 595.047 -83.0626
-10.4775 622.556 -77.3593
-49.4487 599.653 -83.0748
-55.7434 571.731 -77.4175
-26.9058 564.436 -77.4136
-19.119 591.968 -83.073
-56.463 568.878 -76.2089
-61.7133 545.181 -60.0038
-34.1539 538.218 -59.9955
-27.6255 561.583 -76.205
-62.2591 542.992 -57.754
-65.7265 527.147 -33.4608
-39.0312 520.407 -33.4476
-34.6996 536.028 -57.7456
-66.0211 525.961 -30.513
-67.2447 520.413 -1.85835
-40.8549 513.752 -1.84383
-39.3258 519.221 -30.4998
-37.9348 512.93 1.35012
-36.4472 518.44 29.9957
-10.2356 510.261 30.0109
-12.0259 504.845 1.36536
-36.091 519.611 32.9417
-31.7794 535.248 57.2134
-4.70913 526.797 57.2298
-9.87934 511.431 32.957
-31.1153 537.405 59.4613
-24.5861 560.78 75.6553
3.7621 551.922 75.6753
-4.04505 528.954 59.4778
-23.7118 563.589 76.8622
-15.9196 591.124 82.5023
13.9246 581.788 82.5246
4.63642 554.731 76.8822
-14.9668 594.154 82.4895
-7.09987 621.655 76.7663
24.2378 611.837 76.7861
14.8774 584.818 82.5118
-6.21362 624.452 75.5482
0.516039 647.849 59.4467
33.1345 637.613 59.4673
25.124 614.634 75.568
1.20032 649.998 57.2034
5.75065 665.762 32.9293
39.2436 655.245 32.9465
33.8188 639.761 57.2241
6.12346 666.93 29.9911
7.72412 672.469 1.27629
41.5258 661.851 1.2936
39.6165 656.412 30.0082
7.72458 672.468 -1.90598
6.13293 666.906 -30.6167
39.6245 656.389 -30.5996
41.5263 661.85 -1.88866
5.76146 665.736 -33.5541
1.22742 649.949 -57.8164
33.8439 639.714 -57.8038
39.253 655.219 -33.537
0.54506 647.799 -60.0581
-6.16595 624.384 -76.1423
25.1702 614.567 -76.1302
33.1616 637.563 -60.0455
-7.05048 621.586 -77.3584
-14.9059 594.078 -83.0617
14.9378 584.742 -83.0536
24.2857 611.768 -77.3463
-15.8578 591.047 -83.0724
-23.6446 563.514 -77.4131
4.704 554.655 -77.4042
13.9859 581.711 -83.0643
-24.5185 560.706 -76.2043
-31.047 537.341 -59.9947
-3.97589 528.888 -59.9839
3.83007 551.847 -76.1954
-31.7121 535.185 -57.7445
-36.0437 519.564 -33.4464
-9.83207 511.381 -33.4322
-4.641 526.732 -57.7336
-36.4034 518.397 -30.4983
-37.9325 512.928 -1.84227
-12.0235 504.842 -1.82702
-10.1918 510.214 -30.484
-9.16061 503.862 1.36713
-7.37031 509.278 30.0127
18.2931 499.672 30.0282
16.2025 494.367 1.38293
-6.94961 510.427 32.9588
-1.7794 525.793 57.2316
24.7316 515.867 57.2471
18.7138 500.821 32.9743
-0.996799 527.908 59.4798
6.81035 550.877 75.6773
34.5865 540.472 75.6946
25.5142 517.983 59.4953
7.83849 553.632 76.8844
17.1266 580.689 82.5268
46.3895 569.718 82.5454
35.6146 543.227 76.9017
18.2448 583.661 82.5139
27.6052 610.679 76.7882
58.3459 599.141 76.8057
47.5077 572.69 82.5325
28.6442 613.422 75.5701
36.6547 636.401 59.4694
68.6567 624.373 59.4878
59.3849 601.883 75.5876
37.4572 638.507 57.2261
42.882 653.991 32.9485
75.7391 641.634 32.9656
69.4592 626.48 57.2445
43.3195 655.135 30.0102
45.2289 660.575 1.29556
78.3869 648.102 1.3134
76.1766 642.778 30.0273
45.2293 660.574 -1.88674
43.3275 655.112 -30.5976
76.1837 642.757 -30.5794
78.3873 648.101 -1.86889
42.8913 653.965 -33.5352
37.4822 638.46 -57.802
69.4826 626.434 -57.7861
75.7474 641.61 -33.517
36.6816 636.352 -60.0439
28.6902 613.355 -76.1286
59.4294 601.817 -76.1132
68.682 624.325 -60.028
27.653 610.611 -77.3449
18.305 583.584 -83.0522
47.567 572.613 -83.0394
58.3921 599.073 -77.3295
17.1879 580.612 -83.0632
7.90603 553.556 -77.4031
35.6818 543.151 -77.3906
46.4498 569.641 -83.0504
6.87834 550.801 -76.1943
-0.92762 527.842 -59.9828
25.5832 517.915 -59.9701
34.6541 540.396 -76.1818
-1.71128 525.727 -57.7322
-6.90235 510.376 -33.4308
18.76 500.767 -33.4158
24.7995 515.8 -57.7196
-7.32655 509.231 -30.4824
-9.15832 503.86 -1.82539
16.2048 494.364 -1.80959
18.3358 499.622 -30.4674
19.0033 493.228 1.38472
21.0938 498.533 30.03
46.1418 487.522 30.0455
43.755 482.345 1.40091
21.5783 499.656 32.9761
27.5961 514.703 57.2489
53.4822 503.322 57.2636
46.6263 488.645 32.9916
28.4958 516.77 59.4971
37.5681 539.26 75.6964
64.7026 527.326 75.7119
54.3819 505.39 59.5118
38.7483 541.952 76.9036
49.5232 568.443 82.5473
78.1208 555.857 82.5638
65.8828 530.019 76.9191
50.8047 571.347 82.5344
61.6429 597.798 76.8076
91.6937 584.56 76.8238
79.4023 558.762 82.5509
62.8323 600.477 75.5895
72.1041 622.967 59.4897
103.389 609.172 59.5073
92.8831 587.24 75.6057
73.0223 625.025 57.2465
79.3022 640.179 32.9676
111.419 626.009 32.9848
104.307 611.23 57.2641
79.8028 641.298 30.0292
82.013 646.621 1.31538
114.422 632.319 1.33352
111.919 627.127 30.0465
82.0134 646.62 -1.86688
79.8098 641.276 -30.5774
111.926 627.107 -30.5587
114.423 632.318 -1.84873
79.3104 640.155 -33.5151
73.0456 624.98 -57.7842
104.329 611.186 -57.7669
111.426 625.986 -33.4964
72.1293 622.919 -60.0261
62.8766 600.411 -76.1113
92.9258 587.175 -76.0939
103.413 609.126 -60.0088
61.689 597.73 -77.3277
50.8638 571.27 -83.0376
79.4601 558.685 -83.022
91.7382 584.494 -77.3103
49.5834 568.366 -83.0488
38.8153 541.875 -77.3891
65.9488 529.941 -77.3741
78.1797 555.78 -83.0332
37.6356 539.183 -76.1804
28.5647 516.702 -59.9687
54.4499 505.32 -59.9544
64.769 527.249 -76.1654
27.6639 514.635 -57.7181
21.6244 499.602 -33.4143
46.6706 488.588 -33.3985
53.5491 503.253 -57.7038
21.1365 498.483 -30.4656
19.0055 493.225 -1.80788
43.7572 482.342 -1.79168
46.1826 487.469 -30.4499
46.4839 481.052 1.40271
48.8707 486.229 30.0473
73.2348 473.841 30.0628
70.5573 468.809 1.41913
49.4179 487.323 32.9933
56.2738 502 57.2654
81.4599 489.195 57.2793
73.782 474.934 33.0089
57.2888 504.013 59.5135
67.6094 525.949 75.7136
94.0183 512.518 75.7272
82.4748 491.208 59.5274
68.939 528.57 76.9208
81.1771 554.409 82.5655
109.018 540.242 82.5796
95.3479 515.14 76.9344
82.6188 557.237 82.5526
94.9101 583.035 76.8255
124.173 568.133 76.8399
110.46 543.07 82.5667
96.2468 585.644 75.6075
106.752 607.576 59.5091
137.218 592.049 59.5253
125.51 570.742 75.6219
107.783 609.579 57.266
114.895 624.358 32.9868
146.169 608.411 33.0035
138.249 594.052 57.2822
115.457 625.446 30.0484
117.96 630.638 1.33549
149.518 614.544 1.35375
146.731 609.5 30.0652
117.96 630.637 -1.84668
115.464 625.426 -30.5566
146.737 609.48 -30.5372
149.518 614.543 -1.82843
114.903 624.335 -33.4943
107.805 609.535 -57.7649
138.27 594.009 -57.7458
146.176 608.389 -33.4749
106.776 607.529 -60.0068
96.2893 585.579 -76.0919
125.551 570.678 -76.0723
137.241 592.004 -59.9877
94.9545 582.969 -77.3083
82.6763 557.16 -83.02
110.516 542.994 -83.0015
124.216 568.068 -77.2887
81.2357 554.332 -83.0314
69.0048 528.493 -77.3723
95.4121 515.062 -77.3548
109.075 540.166 -83.0129
67.6757 525.872 -76.1637
57.3566 503.943 -59.9528
82.5409 491.136 -59.9372
94.083 512.441 -76.1462
56.3405 501.931 -57.7022
49.462 487.266 -33.3969
73.8235 474.875 -33.3807
81.5248 489.124 -57.6866
48.9114 486.176 -30.4481
46.486 481.049 -1.78991
70.5593 468.806 -1.77349
73.2729 473.785 -30.4319
73.2066 467.366 1.42093
75.8842 472.399 30.0646
99.4951 458.668 30.0801
96.5339 453.797 1.43742
76.4928 473.459 33.0105
84.1706 487.719 57.2809
108.582 473.523 57.2942
100.104 459.727 33.026
85.2981 489.671 59.5289
96.8417 510.981 75.7287
122.444 496.09 75.7406
109.71 475.475 59.5421
98.317 513.522 76.9358
111.987 538.625 82.5811
138.984 522.916 82.593
123.92 498.631 76.9478
113.585 541.366 82.5681
127.299 566.43 76.8413
155.679 549.905 76.854
140.582 525.657 82.5801
128.779 568.959 75.6235
140.487 590.266 59.5269
170.036 573.049 59.5417
157.159 552.434 75.6362
141.628 592.208 57.284
149.548 606.567 33.0053
179.878 588.888 33.0218
171.176 574.992 57.2988
150.169 607.623 30.0672
152.956 612.667 1.3557
183.561 594.827 1.37419
180.5 589.944 30.0836
152.956 612.667 -1.82632
150.175 607.604 -30.5351
180.505 589.926 -30.515
183.561 594.826 -1.80784
149.555 606.546 -33.4727
141.649 592.166 -57.7436
171.196 574.951 -57.7229
179.885 588.868 -33.4526
140.51 590.221 -59.9854
128.82 568.895 -76.07
157.198 552.371 -76.0485
170.057 573.006 -59.9648
127.341 566.365 -77.2865
113.641 541.29 -82.9992
140.636 525.581 -82.9785
155.719 549.841 -77.265
112.044 538.549 -83.0108
98.381 513.445 -77.3527
123.981 498.553 -77.3335
139.039 522.84 -82.99
96.9061 510.903 -76.1444
85.3639 489.599 -59.9353
109.773 475.402 -59.919
122.506 496.012 -76.1252
84.2352 487.648 -57.6849
76.534 473.399 -33.379
100.142 459.666 -33.3626
108.645 473.451 -57.6685
75.9221 472.343 -30.4301
73.2086 467.363 -1.77169
96.5358 453.794 -1.75521
99.5299 458.609 -30.4138
99.0962 452.208 1.4392
102.057 457.079 30.0819
124.846 442.043 30.0971
121.61 437.351 1.45563
102.726 458.102 33.0276
111.204 471.898 57.2958
134.769 456.352 57.3082
125.514 443.066 33.0429
112.441 473.782 59.5435
125.175 494.396 75.742
149.893 478.087 75.7522
136.006 458.235 59.5559
126.792 496.849 76.949
141.857 521.134 82.5943
167.924 503.927 82.6037
151.51 480.54 76.9592
143.607 523.78 82.5813
158.703 548.028 76.8552
186.109 529.928 76.8653
169.674 506.573 82.5908
160.322 550.47 75.6376
173.199 571.085 59.5431
201.734 552.23 59.5558
187.728 532.369 75.6476
174.446 572.961 57.3005
183.148 586.857 33.0235
212.437 567.499 33.0389
202.981 554.106 57.3132
183.827 587.877 30.0856
186.888 592.76 1.37611
216.442 573.225 1.39422
213.116 568.518 30.101
186.889 592.759 -1.80571
183.832 587.859 -30.5129
213.122 568.502 -30.4924
216.443 573.224 -1.78759
183.155 586.837 -33.4503
174.466 572.92 -57.7206
203 554.067 -57.6982
212.444 567.48 -33.4299
173.221 571.042 -59.9623
160.361 550.407 -76.046
187.765 532.309 -76.0222
201.755 552.189 -59.9399
158.744 547.964 -77.2625
143.66 523.705 -82.976
169.725 506.499 -82.9528
186.148 529.865 -77.2386
141.911 521.058 -82.9877
126.854 496.772 -77.3312
151.569 480.462 -77.3102
167.976 503.852 -82.9645
125.237 494.319 -76.1232
112.504 473.709 -59.9169
136.066 458.162 -59.8997
149.953 478.009 -76.1022
111.266 471.826 -57.6667
102.763 458.04 -33.3608
125.548 443.003 -33.3443
134.828 456.279 -57.6494
102.092 457.02 -30.412
99.0979 452.205 -1.75339
121.611 437.347 -1.73696
124.877 441.983 -30.3955
124.077 435.62 1.45739
127.314 440.312 30.0989
149.212 424.014 30.1137
145.71 419.516 1.47362
128.04 441.296 33.0444
137.294 454.581 57.3097
159.94 437.729 57.3208
149.938 424.998 33.0592
138.637 456.391 59.5571
152.524 476.242 75.7534
176.281 458.561 75.7609
161.283 439.539 59.5682
154.278 478.599 76.9601
170.692 501.986 82.6046
195.747 483.331 82.6103
178.034 460.918 76.9677
172.588 504.528 82.5916
189.023 527.883 76.8661
215.366 508.261 76.8721
197.644 485.874 82.5973
190.776 530.229 75.6487
204.782 550.09 59.5568
232.211 529.653 59.5663
217.12 510.607 75.6546
206.131 551.893 57.3146
215.588 565.287 33.0404
243.741 544.307 33.0546
233.56 531.456 57.3242
216.322 566.267 30.1029
219.648 570.974 1.39605
248.055 549.805 1.414
244.475 545.288 30.117
219.648 570.973 -1.78544
216.327 566.251 -30.4903
244.481 545.272 -30.4689
248.056 549.804 -1.76749
215.594 565.268 -33.4274
206.15 551.855 -57.6958
233.578 531.419 -57.6706
243.748 544.29 -33.406
204.803 550.049 -59.9372
190.813 530.169 -76.0194
217.155 510.549 -75.9918
232.231 529.614 -59.912
189.062 527.821 -77.2358
172.639 504.454 -82.95
197.692 485.801 -82.9233
215.403 508.201 -77.2081
170.744 501.911 -82.9619
154.337 478.521 -77.3076
178.09 460.841 -77.2842
195.797 483.258 -82.9352
152.583 476.165 -76.1
138.697 456.317 -59.8975
161.34 439.465 -59.8792
176.337 458.485 -76.0767
137.353 454.509 -57.6475
128.073 441.232 -33.3424
149.968 424.933 -33.3258
159.996 437.656 -57.6292
127.344 440.252 -30.3936
124.079 435.617 -1.73514
145.712 419.513 -1.71891
149.239 423.953 -30.377
148.076 417.649 1.47532
151.578 422.147 30.1154
172.521 404.633 30.1295
168.765 400.343 1.49124
152.359 423.087 33.0605
162.361 435.819 57.3222
184.02 417.709 57.3316
173.302 405.573 33.0747
163.805 437.548 59.5691
178.803 456.571 75.7618
201.526 437.571 75.7654
185.464 419.439 59.5785
180.688 458.823 76.9681
198.401 481.237 82.6107
222.367 461.192 82.6092
203.41 439.824 76.9717
200.438 483.667 82.5975
218.161 506.055 76.8723
243.358 484.971 76.8689
224.404 463.622 82.596
220.043 508.299 75.655
235.134 527.344 59.5667
261.367 505.387 59.5674
245.24 487.215 75.6516
236.581 529.07 57.3251
246.762 541.92 33.0555
273.686 519.383 33.0641
262.814 507.112 57.3258
247.549 542.859 30.1187
251.129 547.376 1.41564
278.296 524.636 1.43349
274.473 520.322 30.1273
251.129 547.376 -1.76517
247.554 542.844 -30.4665
274.479 520.307 -30.4399
278.296 524.635 -1.74731
246.768 541.903 -33.403
236.599 529.033 -57.6677
262.831 507.077 -57.6341
273.693 519.367 -33.3764
235.153 527.305 -59.9086
220.078 508.24 -75.9884
245.274 487.158 -75.9519
261.386 505.349 -59.875
218.197 505.995 -77.2047
200.486 483.595 -82.9199
224.45 463.552 -82.8866
243.393 484.913 -77.1682
198.45 481.164 -82.9322
180.744 458.747 -77.2812
203.463 439.749 -77.2544
222.414 461.121 -82.8989
178.859 456.494 -76.0742
163.862 437.475 -59.8768
185.517 419.366 -59.8573
201.578 437.496 -76.0475
162.417 435.746 -57.6273
152.388 423.022 -33.3239
173.327 405.507 -33.3072
184.072 417.637 -57.6078
151.604 422.086 -30.3752
148.077 417.645 -1.71709
168.766 400.34 -1.70117
172.543 404.571 -30.3585
171.021 398.344 1.49289
174.777 402.634 30.1311
194.702 383.955 30.1447
190.703 379.888 1.50838
175.612 403.528 33.0759
186.33 415.664 57.3328
206.936 396.349 57.341
195.536 384.848 33.0894
187.871 417.308 59.579
203.932 435.441 75.7659
225.549 415.178 75.7656
208.476 397.993 59.5872
205.942 437.582 76.9713
224.899 458.95 82.6089
247.698 437.574 82.5961
227.559 417.319 76.971
227.07 461.261 82.5947
246.024 482.609 76.8676
269.992 460.125 76.8384
249.869 439.885 82.5819
248.028 484.743 75.6495
264.155 502.915 59.5653
289.099 479.496 59.5172
271.997 462.259 75.6202
265.694 504.557 57.3242
276.566 516.828 33.0625
302.139 492.767 33.0399
290.638 481.138 57.2762
277.402 517.721 30.1279
281.225 522.035 1.43407
307.02 497.748 1.45117
302.975 493.66 30.1053
281.226 522.035 -1.74402
277.408 517.707 -30.4366
302.98 493.647 -30.38
307.02 497.747 -1.72693
276.572 516.812 -33.3709
265.711 504.522 -57.6286
290.654 481.105 -57.5473
302.145 492.752 -33.3143
264.174 502.878 -59.8691
248.061 484.687 -75.946
272.028 462.205 -75.8845
289.117 479.461 -59.7878
246.058 482.551 -77.1634
227.115 461.191 -82.8818
249.911 439.817 -82.8379
270.025 460.069 -77.1019
224.945 458.879 -82.8952
205.994 437.507 -77.2507
227.608 417.246 -77.2206
247.741 437.505 -82.8514
203.984 435.365 -76.0448
187.923 417.235 -59.8546
208.525 397.921 -59.8345
225.598 415.104 -76.0147
186.381 415.591 -57.6058
175.636 403.462 -33.3052
195.556 384.783 -33.2887
206.983 396.277 -57.5857
174.8 402.572 -30.3568
171.022 398.341 -1.69938
190.704 379.884 -1.68389
194.72 383.893 -30.3403
192.844 377.763 1.50996
196.842 381.83 30.1462
215.689 362.042 30.159
211.46 358.212 1.52483
197.727 382.675 33.0906
209.127 394.176 57.3422
228.617 373.714 57.3494
216.573 362.886 33.1034
210.759 395.729 59.5876
227.832 412.913 75.7659
248.277 391.449 75.7643
230.25 375.267 59.5948
229.961 414.936 76.9702
250.099 435.191 82.5953
271.66 412.552 82.5816
250.406 393.472 76.9686
252.397 437.375 82.5795
272.521 457.615 76.836
295.187 433.805 76.807
273.958 414.736 82.5658
274.641 459.633 75.6158
291.744 476.87 59.5128
315.348 452.057 59.4662
297.307 435.822 75.5867
293.37 478.421 57.272
304.871 490.05 33.0357
329.088 464.544 33.0141
316.974 453.608 57.2254
305.753 490.894 30.1049
309.798 494.981 1.45083
334.229 469.234 1.46753
329.97 465.387 30.0833
309.799 494.98 -1.72285
305.759 490.88 -30.3759
329.975 465.375 -30.3211
334.229 469.233 -1.70615
304.877 490.035 -33.3065
293.386 478.388 -57.5395
316.989 453.577 -57.4606
329.094 464.53 -33.2518
291.761 476.835 -59.7798
274.672 459.579 -75.8765
297.336 435.771 -75.8163
315.365 452.024 -59.7009
272.553 457.56 -77.0961
252.439 437.308 -82.8321
273.997 414.671 -82.7885
295.217 433.752 -77.0358
250.142 435.123 -82.8473
230.009 414.863 -77.2165
250.45 393.402 -77.1864
271.7 412.486 -82.8036
227.88 412.84 -76.0119
210.808 395.656 -59.8316
230.294 375.196 -59.8116
248.322 391.378 -75.9818
209.174 394.104 -57.5836
197.747 382.609 -33.2867
216.588 362.821 -33.2706
228.66 373.643 -57.5636
196.86 381.768 -30.3385
192.845 377.76 -1.68214
211.461 358.208 -1.66727
215.702 361.98 -30.3225
213.479 355.968 1.52633
217.707 359.798 30.1605
235.42 338.96 30.1727
230.976 335.38 1.54043
218.639 360.59 33.1044
230.683 371.418 57.3504
248.999 349.873 57.3576
236.351 339.752 33.1166
232.402 372.876 59.5951
250.429 389.058 75.7647
269.639 366.459 75.7658
250.718 351.33 59.6023
252.67 390.957 76.9681
273.924 410.036 82.5811
294.179 386.203 82.5777
271.879 368.358 76.9692
276.342 412.086 82.5644
297.57 431.156 76.8056
318.864 406.096 76.8018
296.597 388.253 82.5611
299.801 433.05 75.5846
317.841 449.284 59.4641
340.02 423.183 59.4663
321.094 407.99 75.5809
319.552 450.74 57.2239
331.665 461.676 33.0126
354.443 434.878 33.0219
341.73 424.639 57.2261
332.593 462.467 30.0838
336.852 466.314 1.46809
359.84 439.273 1.48418
355.371 435.669 30.0931
336.852 466.314 -1.70309
332.598 462.455 -30.3181
355.376 435.658 -30.2956
359.84 439.272 -1.687
331.671 461.662 -33.2467
319.567 450.71 -57.4555
341.745 424.611 -57.4268
354.449 434.865 -33.2242
317.858 449.252 -59.6953
299.829 432.999 -75.8107
321.121 407.942 -75.7772
340.035 423.153 -59.6666
297.6 431.103 -77.0311
276.38 412.022 -82.7838
296.632 388.191 -82.7518
318.891 406.046 -76.9975
273.963 409.97 -82.7999
252.714 390.886 -77.1827
271.92 368.29 -77.1566
294.215 386.14 -82.768
250.474 388.987 -75.9791
232.446 372.805 -59.8089
250.757 351.262 -59.7902
269.679 366.391 -75.953
230.725 371.348 -57.5616
218.654 360.525 -33.2687
236.361 339.689 -33.2535
249.036 349.805 -57.5429
217.72 359.737 -30.3208
213.48 355.965 -1.66558
230.976 335.376 -1.65147
235.427 338.9 -30.3056
232.866 333.023 1.54186
237.31 336.604 30.1741
253.834 314.779 30.186
249.19 311.46 1.55512
238.286 337.341 33.1177
250.933 347.462 57.3587
268.018 324.897 57.3669
254.81 315.516 33.1295
252.733 348.819 59.6029
271.654 363.948 75.7663
289.568 340.282 75.771
269.817 326.254 59.6111
273.999 365.717 76.9693
296.298 383.561 82.5779
315.183 358.608 82.5811
291.912 342.051 76.974
298.827 385.472 82.5611
321.095 403.315 76.8019
340.944 377.082 76.8069
317.712 360.519 82.5643
323.428 405.081 75.5813
342.354 420.274 59.4667
363.024 392.957 59.4776
343.277 378.848 75.5864
344.143 421.631 57.2271
356.856 431.87 33.0229
378.083 403.828 33.0371
364.814 394.315 57.238
357.827 432.609 30.0946
362.296 436.212 1.48569
383.72 407.916 1.50062
379.054 404.567 30.1088
362.296 436.212 -1.68509
357.832 432.598 -30.2936
379.06 404.557 -30.2782
383.72 407.915 -1.67015
356.862 431.858 -33.2218
344.157 421.603 -57.4245
364.827 394.289 -57.4064
378.089 403.817 -33.2064
342.369 420.244 -59.6638
323.454 405.033 -75.7743
343.301 378.803 -75.7514
363.039 392.929 -59.6458
321.122 403.265 -76.9944
298.862 385.411 -82.7487
317.744 360.461 -82.7251
340.969 377.036 -76.9715
296.334 383.499 -82.7651
274.038 365.649 -77.1538
291.948 341.987 -77.1328
315.215 358.549 -82.7415
271.694 363.88 -75.9507
252.771 348.751 -59.7879
269.851 326.188 -59.7717
289.604 340.218 -75.9297
250.971 347.394 -57.5411
238.295 337.278 -33.2517
254.814 315.455 -33.2378
268.05 324.832 -57.5249
237.317 336.544 -30.304
232.867 333.02 -1.64989
249.19 311.457 -1.63663
253.837 314.721 -30.2902
250.947 308.998 1.55646
255.591 312.317 30.1873
270.877 289.568 30.1985
266.048 286.521 1.56876
256.607 312.997 33.1306
269.815 322.378 57.368
285.616 298.861 57.3761
271.893 290.248 33.1418
271.689 323.63 59.6118
291.44 337.659 75.7716
308.004 313 75.7766
287.49 300.113 59.6199
293.88 339.292 76.9744
317.15 355.849 82.5816
334.607 329.856 82.5857
310.445 314.634 76.9793
319.783 357.615 82.5649
343.015 374.178 76.8074
361.36 346.86 76.814
337.24 331.621 82.569
345.443 375.811 75.5874
365.19 389.92 59.4786
384.292 361.479 59.4901
363.788 348.493 75.5939
367.053 391.176 57.2394
380.323 400.689 33.0386
399.937 371.496 33.0522
386.154 362.735 57.2509
381.334 401.373 30.1104
386 404.722 1.5022
405.796 375.262 1.51605
400.948 372.179 30.1241
386 404.721 -1.66855
381.339 401.363 -30.2766
400.954 372.17 -30.2629
405.796 375.262 -1.6547
380.329 400.678 -33.2047
367.067 391.15 -57.4047
386.167 362.711 -57.3895
399.943 371.486 -33.191
365.205 389.892 -59.6437
345.467 375.766 -75.7494
363.81 348.452 -75.73
384.305 361.454 -59.6285
343.04 374.132 -76.9691
319.814 357.557 -82.7227
337.268 331.568 -82.702
361.383 346.817 -76.9498
317.182 355.791 -82.7392
293.916 339.229 -77.1304
310.476 314.574 -77.1116
334.636 329.801 -82.7184
291.475 337.595 -75.9277
271.722 323.566 -59.7697
287.519 300.052 -59.7551
308.036 312.941 -75.9089
269.847 322.314 -57.5233
256.611 312.937 -33.2362
271.892 290.191 -33.2236
285.644 298.8 -57.5086
255.593 312.26 -30.2887
250.947 308.995 -1.63516
266.048 286.519 -1.62286
270.874 289.514 -30.2761
267.666 283.962 1.56999
272.494 287.008 30.1998
286.498 263.402 30.2099
281.501 260.637 1.58121
273.548 287.629 33.1428
287.271 296.242 57.377
301.744 271.843 57.3834
287.552 264.023 33.1529
289.213 297.386 59.6204
309.727 310.273 75.7771
324.894 284.699 75.7794
303.686 272.988 59.6268
312.255 311.767 76.9797
336.418 326.989 82.586
352.398 300.04 82.5871
327.423 286.192 76.9819
339.145 328.604 82.5695
363.265 343.843 76.8145
380.054 315.532 76.8189
355.125 301.656 82.5706
365.781 345.338 75.5949
386.284 358.325 59.491
403.763 328.856 59.5006
382.57 317.027 75.5992
388.214 359.475 57.2522
401.997 368.235 33.0535
419.946 337.987 33.0655
405.693 330.007 57.2619
403.045 368.861 30.1255
407.892 371.945 1.5175
426.008 341.421 1.53021
420.994 338.613 30.1375
407.892 371.944 -1.65321
403.05 368.853 -30.2614
420.999 338.605 -30.2482
426.008 341.421 -1.64049
402.003 368.226 -33.1894
388.227 359.452 -57.3879
405.705 329.985 -57.373
419.952 337.978 -33.1762
386.298 358.3 -59.6266
365.803 345.297 -75.7282
382.59 316.989 -75.7088
403.776 328.833 -59.6117
363.288 343.801 -76.9476
339.173 328.551 -82.6998
355.15 301.607 -82.6781
380.075 315.493 -76.9282
336.447 326.935 -82.7162
312.287 311.708 -77.1093
327.45 286.138 -77.0899
352.424 299.99 -82.6945
309.758 310.214 -75.907
289.242 297.326 -59.7531
303.71 272.932 -59.7388
324.922 284.644 -75.8876
287.298 296.182 -57.5071
273.546 287.573 -33.222
287.545 263.97 -33.2104
301.767 271.788 -57.4927
272.491 286.955 -30.2748
267.665 283.959 -1.62151
281.5 260.634 -1.61029
286.49 263.352 -30.2631
282.974 257.986 1.5823
287.971 260.751 30.211
300.654 236.355 30.2196
295.504 233.878 1.59236
289.059 261.312 33.1536
303.252 269.132 57.3841
316.357 243.924 57.388
301.741 236.916 33.1623
305.255 270.165 59.627
326.464 281.876 75.7796
340.193 255.465 75.7777
318.36 244.957 59.6309
329.072 283.226 76.9818
354.047 297.074 82.587
368.506 269.258 82.5832
342.802 256.815 76.9799
356.859 298.536 82.5707
381.788 312.412 76.819
396.975 283.202 76.82
371.318 270.72 82.5669
384.383 313.765 75.5999
405.576 325.595 59.5013
421.387 295.197 59.5084
399.57 284.556 75.6009
407.568 326.636 57.2629
421.821 334.617 33.0666
438.058 303.413 33.0769
423.379 296.238 57.27
422.902 335.183 30.1388
427.916 337.991 1.53149
444.305 306.502 1.54298
439.14 303.979 30.1491
427.916 337.991 -1.6391
422.908 335.175 -30.2468
439.146 303.972 -30.2344
444.306 306.502 -1.62761
421.827 334.608 -33.1747
407.58 326.615 -57.3715
423.39 296.219 -57.3565
438.065 303.404 -33.1622
405.589 325.572 -59.6098
384.403 313.728 -75.707
399.588 284.522 -75.6866
421.399 295.176 -59.5949
381.809 312.373 -76.9259
356.884 298.488 -82.6758
371.34 270.677 -82.6516
396.994 283.167 -76.9056
354.072 297.025 -82.6921
329.099 283.172 -77.0875
342.825 256.766 -77.0661
368.528 269.214 -82.6679
326.491 281.822 -75.8855
305.279 270.109 -59.7368
318.38 244.907 -59.722
340.217 255.416 -75.8642
303.274 269.076 -57.4912
289.052 261.259 -33.2088
301.73 236.868 -33.198
316.375 243.874 -57.4765
287.963 260.701 -30.2618
282.974 257.983 -1.60904
295.504 233.876 -1.59898
300.641 236.31 -30.251
296.83 231.144 1.59329
301.98 233.621 30.2206
313.308 208.503 30.2277
308.023 206.321 1.60213
303.097 234.119 33.1628
317.713 241.127 57.3885
329.418 215.183 57.3896
314.426 209.001 33.1699
319.772 242.047 59.6307
341.605 252.555 75.7775
353.862 225.388 75.7707
331.476 216.102 59.6318
344.284 253.759 76.9793
369.988 266.202 82.5825
382.889 237.61 82.5729
356.541 226.591 76.9724
372.877 267.507 82.5665
398.534 279.989 76.8196
412.08 249.98 76.8168
385.778 238.915 82.5569
401.199 281.198 75.6012
423.017 291.839 59.5087
437.12 260.613 59.5129
414.745 251.189 75.5984
425.063 292.769 57.2708
439.743 299.943 33.0777
454.23 267.883 33.0861
439.166 261.542 57.275
440.855 300.448 30.1502
446.02 302.971 1.54408
460.644 270.616 1.55425
455.342 268.388 30.1586
446.021 302.971 -1.62632
440.861 300.441 -30.2331
455.348 268.382 -30.2215
460.644 270.616 -1.61615
439.749 299.935 -33.1607
425.075 292.75 -57.355
439.178 261.526 -57.3398
454.237 267.876 -33.1491
423.029 291.819 -59.5929
401.217 281.165 -75.6846
414.761 251.16 -75.6631
437.132 260.595 -59.5777
398.552 279.955 -76.903
372.898 267.464 -82.649
385.797 238.877 -82.6214
412.096 249.95 -76.8815
370.01 266.158 -82.6651
344.307 253.711 -77.0633
356.561 226.549 -77.0394
382.909 237.571 -82.6375
341.628 252.507 -75.8619
319.791 241.997 -59.7198
331.492 216.058 -59.7045
353.882 225.345 -75.838
317.731 241.078 -57.475
303.086 234.072 -33.1965
314.41 208.959 -33.1864
329.432 215.139 -57.4597
301.967 233.576 -30.2498
296.83 231.142 -1.59784
308.022 206.318 -1.58899
313.291 208.463 -30.2398
309.198 203.51 1.60291
314.483 205.692 30.2285
324.43 179.919 30.234
319.027 178.037 1.61054
315.627 206.127 33.1701
330.619 212.309 57.3899
340.895 185.698 57.3882
325.575 180.354 33.1757
332.726 213.113 59.6311
355.112 222.399 75.77
365.868 194.555 75.7583
343.002 186.502 59.6295
357.853 223.455 76.9712
384.201 234.473 82.5716
395.514 205.197 82.5558
368.609 195.611 76.9594
387.157 235.62 82.556
413.459 246.685 76.8159
425.332 215.98 76.8095
398.47 206.344 82.5402
416.187 247.747 75.5983
438.562 257.17 59.5128
450.927 225.217 59.5136
428.061 217.042 75.5919
440.657 257.985 57.2755
455.721 264.325 33.0865
468.427 231.509 33.0928
453.022 226.031 57.2763
456.86 264.767 30.1595
462.162 266.995 1.55515
474.988 233.874 1.56375
469.566 231.95 30.1658
462.162 266.995 -1.61497
456.866 264.761 -30.2203
469.572 231.945 -30.2097
474.988 233.874 -1.60637
455.728 264.318 -33.1475
440.669 257.968 -57.3382
453.034 226.018 -57.3227
468.434 231.503 -33.1369
438.573 257.153 -59.5756
416.203 247.718 -75.661
428.076 217.018 -75.6389
450.938 225.203 -59.5602
413.475 246.655 -76.8787
387.176 235.583 -82.6187
398.488 206.312 -82.5877
425.348 215.955 -76.8565
384.221 234.435 -82.6344
357.873 223.413 -77.0363
368.627 195.576 -77.0097
395.532 205.164 -82.6035
355.132 222.357 -75.8355
332.741 213.07 -59.7021
343.015 186.466 -59.686
365.886 194.52 -75.809
330.633 212.265 -57.4581
315.611 206.086 -33.1849
325.556 180.32 -33.1754
340.906 185.661 -57.4421
314.466 205.653 -30.2387
309.197 203.508 -1.58795
319.026 178.035 -1.58032
324.41 179.886 -30.2293
320.049 175.157 1.61117
325.452 177.04 30.2346
334.001 150.677 30.2379
328.498 149.101 1.61766
326.619 177.411 33.1756
341.94 182.754 57.3881
350.768 155.545 57.3834
335.169 151.048 33.1789
344.088 183.443 59.6283
366.954 191.496 75.7571
376.188 163.054 75.7408
352.916 156.234 59.6235
369.748 192.403 76.9575
396.653 201.989 82.5539
406.356 172.125 82.5326
378.982 163.962 76.9412
399.666 202.978 82.5388
426.529 212.614 76.8081
436.705 181.324 76.7982
409.369 173.114 82.5175
429.312 213.527 75.5912
452.178 221.702 59.513
462.779 189.124 59.5097
439.488 182.236 75.5813
454.316 222.397 57.2763
469.721 227.874 33.0929
480.616 194.399 33.0962
464.918 189.819 57.273
470.883 228.25 30.1665
476.306 230.174 1.56441
487.304 196.385 1.57106
481.779 194.775 30.1698
476.306 230.174 -1.60535
470.89 228.245 -30.2087
481.787 194.772 -30.1992
487.304 196.385 -1.5987
469.728 227.869 -33.1354
454.328 222.384 -57.3212
464.93 189.809 -57.3056
480.625 194.395 -33.1258
452.189 221.688 -59.558
429.327 213.503 -75.6367
439.504 182.217 -75.6145
462.792 189.113 -59.5424
426.544 212.59 -76.8536
399.684 202.947 -82.5848
409.386 173.088 -82.5513
436.721 181.304 -76.8314
396.671 201.958 -82.6
369.766 192.369 -77.0063
378.999 163.934 -76.9774
406.374 172.099 -82.5665
366.972 191.461 -75.8063
344.101 183.407 -59.6834
352.928 156.206 -59.666
376.205 163.026 -75.7775
341.951 182.719 -57.4405
326.6 177.377 -33.1739
335.148 151.022 -33.1642
350.778 155.518 -57.4232
325.432 177.007 -30.2283
320.048 175.156 -1.57937
328.497 149.099 -1.57288
333.98 150.653 -30.2187
329.366 146.16 1.618
334.869 147.736 30.2383
342.023 120.85 30.2343
336.44 119.589 1.62356
336.055 148.042 33.1782
351.655 152.539 57.3827
359.031 124.798 57.3669
343.209 121.157 33.1742
353.837 153.112 59.6214
377.109 159.932 75.7387
384.808 130.97 75.71
361.213 125.371 59.6056
379.946 160.693 76.9383
407.319 168.857 82.5297
415.39 138.503 82.4973
387.645 131.732 76.9097
410.379 169.689 82.5153
437.716 177.899 76.796
446.166 146.139 76.7758
418.45 139.335 82.4829
440.545 178.66 75.5798
463.837 185.547 59.5082
472.645 152.44 59.4969
448.995 146.9 75.5596
466.011 186.119 57.2724
481.71 190.699 33.0955
490.755 156.656 33.0919
474.82 153.011 57.2611
482.892 191.006 30.17
488.417 192.616 1.57133
497.543 158.251 1.57543
491.937 156.963 30.1664
488.418 192.616 -1.59778
482.9 191.003 -30.1983
491.948 156.963 -30.1869
497.544 158.251 -1.59368
481.718 190.695 -33.1241
466.024 186.109 -57.3038
474.836 153.006 -57.2852
490.766 156.656 -33.1127
463.85 185.537 -59.5398
440.561 178.641 -75.6119
449.014 146.885 -75.5838
472.661 152.433 -59.5212
437.732 177.879 -76.8281
410.397 169.663 -82.5479
418.47 139.315 -82.5063
446.185 146.123 -76.7999
407.337 168.831 -82.5624
379.963 160.667 -76.9733
387.664 131.713 -76.934
415.41 138.483 -82.5208
377.126 159.906 -75.7741
353.849 153.086 -59.6626
361.227 125.355 -59.6353
384.826 130.952 -75.7348
351.665 152.513 -57.4211
336.034 148.018 -33.1622
343.189 121.143 -33.1466
359.042 124.782 -57.3938
334.847 147.712 -30.2176
329.365 146.159 -1.57184
336.439 119.588 -1.56628
342.001 120.838 -30.2021
337.158 116.596 1.62253
342.74 117.857 30.2333
348.571 90.536 30.1869
342.939 89.603 1.62725
343.94 118.097 33.1698
359.762 121.739 57.3624
365.733 93.5509 57.2725
349.771 90.7764 33.1234
361.969 122.196 59.5983
385.563 127.796 75.7027
391.735 98.4093 75.5876
367.939 94.0084 59.5083
388.432 128.414 76.9016
416.177 135.185 82.4892
422.583 104.455 82.3821
394.603 99.027 76.7865
419.271 135.864 82.4763
446.987 142.668 76.7693
453.64 110.563 76.6867
425.678 105.134 82.3693
449.853 143.274 75.5543
473.503 148.813 59.4915
480.432 115.257 59.4332
456.506 111.169 75.4717
475.705 149.255 57.2579
491.64 152.899 33.0886
498.71 118.364 33.0531
482.634 115.698 57.1996
492.836 153.136 30.1654
498.442 154.424 1.57448
505.557 119.559 1.57524
499.906 118.601 30.1299
498.443 154.424 -1.59221
492.847 153.136 -30.1854
499.922 118.606 -30.1489
505.557 119.559 -1.59145
491.652 152.9 -33.109
475.721 149.25 -57.2815
482.656 115.698 -57.2219
498.727 118.37 -33.0725
473.519 148.808 -59.5152
449.873 143.259 -75.5778
456.531 111.157 -75.491
480.455 115.256 -59.4556
447.007 142.653 -76.7926
419.291 135.845 -82.4989
425.702 105.12 -82.385
453.665 110.551 -76.7057
416.197 135.166 -82.5117
388.451 128.395 -76.925
394.627 99.0172 -76.8006
422.608 104.441 -82.3977
385.582 127.778 -75.7263
361.982 122.182 -59.6268
367.959 94.0081 -59.5252
391.758 98.4 -75.6019
359.774 121.725 -57.3881
343.92 118.085 -33.1409
349.755 90.781 -33.0838
365.75 93.5511 -57.2865
342.719 117.845 -30.1998
337.157 116.595 -1.564
342.938 89.6029 -1.55928
348.554 90.5409 -30.1427
343.535 86.5766 1.61795
349.167 87.5096 30.1776
354.102 59.9694 29.8885
348.489 59.3634 1.61989
350.371 87.6836 33.0965
366.333 90.4581 57.2455
371.211 62.0635 56.7189
355.305 60.1434 32.8074
368.544 90.8015 59.4694
392.339 95.2024 75.5486
397.127 65.6279 74.8938
373.422 62.4069 58.9427
395.214 95.6803 76.7437
423.194 101.108 82.3394
427.884 70.2268 81.6823
400.002 66.1059 76.0889
426.299 101.636 82.3303
454.261 107.065 76.6477
458.881 74.7583 76.0888
430.989 70.7545 81.6732
457.14 107.507 75.4392
481.066 111.595 59.4007
485.626 77.6227 58.9693
461.76 75.2004 74.8803
483.274 111.893 57.1775
499.35 114.56 33.0311
503.816 79.5505 32.7717
487.834 77.921 56.7462
500.547 114.722 30.1215
506.197 115.681 1.56683
510.627 80.3364 1.55498
505.013 79.7128 29.8621
506.198 115.681 -1.58402
500.563 114.728 -30.1415
505.03 79.7252 -29.8975
510.628 80.337 -1.59587
499.367 114.566 -33.0506
483.297 111.894 -57.2
487.869 77.929 -56.7603
503.834 79.5633 -32.8066
481.089 111.595 -59.4225
457.165 107.496 -75.4578
461.794 75.1911 -74.8885
485.662 77.6292 -58.9828
454.286 107.053 -76.6659
426.324 101.622 -82.3452
431.022 70.7455 -81.6786
458.915 74.7482 -76.0966
423.219 101.095 -82.354
395.239 95.6713 -76.7569
400.034 66.1055 -76.0931
427.917 70.2182 -81.6875
392.364 95.1943 -75.5617
368.564 90.8024 -59.485
373.453 62.4212 -58.9443
397.159 65.6285 -74.898
366.351 90.4601 -57.2584
350.356 87.6901 -33.0557
355.302 60.1697 -32.7583
371.24 62.0789 -56.7177
349.151 87.5156 -30.1324
343.535 86.5775 -1.54906
348.489 59.3642 -1.54712
354.097 59.9952 -29.8351
349.138 56.3826 1.57082
354.75 56.9885 29.8394
361.436 30.4751 28.5331
356.09 29.8542 1.56769
355.917 57.1289 32.6721
371.823 59.049 56.5836
377.75 32.5226 54.182
362.603 30.6155 31.3658
373.974 59.3289 58.7501
397.679 62.5499 74.7012
402.495 35.8183 71.5893
379.901 32.8025 56.3485
400.482 62.9404 75.8729
428.365 67.0614 81.4663
431.913 39.8857 78.1351
405.299 36.2088 72.7611
431.394 67.4888 81.4666
459.286 71.4926 75.8823
461.576 43.8951 72.817
434.942 40.3131 78.1355
462.085 71.8449 74.7174
485.951 74.2672 58.8064
487 46.9389 56.3996
464.374 44.2474 71.6521
488.112 74.503 56.6375
504.094 76.1324 32.6631
504.316 48.918 31.3368
489.16 47.1747 54.2307
505.264 76.2603 29.822
510.878 76.884 1.51491
510.809 49.6466 1.50499
505.486 49.0458 28.4957
510.878 76.8834 -1.55838
505.281 76.2715 -29.86
505.491 49.0071 -28.5403
510.809 49.646 -1.5683
504.112 76.1432 -32.6977
488.147 74.5088 -56.6515
489.197 47.1411 -54.2265
504.322 48.8788 -31.3781
485.989 74.2729 -58.8182
462.12 71.8348 -74.724
464.412 44.2367 -71.648
487.039 46.9052 -56.3933
459.321 71.4829 -75.8891
431.428 67.4802 -81.471
434.977 40.3103 -78.1335
461.613 43.8848 -72.8131
428.398 67.0536 -81.4708
400.515 62.9409 -75.8764
405.33 36.22 -72.762
431.948 39.8837 -78.1332
397.711 62.5524 -74.7049
374.005 59.345 -58.7512
379.925 32.8521 -56.3529
402.526 35.8315 -71.5905
371.852 59.067 -56.582
355.914 57.1577 -32.6226
362.591 30.6726 -31.3229
377.772 32.574 -54.1836
354.746 57.0157 -29.7858
349.137 56.3847 -1.4979
356.09 29.8564 -1.50103
361.423 30.5305 -28.4862
356.901 26.9706 1.48212
362.246 27.5915 28.4475
369.893 2.07829 26.6575
364.896 1.48263 1.47053
363.348 27.7286 31.1233
378.496 29.6358 53.9396
385.152 4.02847 50.6424
370.995 2.21539 29.3333
380.526 29.8998 55.9854
403.121 32.9156 71.2262
408.317 7.05244 66.8968
387.183 4.29256 52.6882
405.769 33.2698 72.3324
432.383 36.9468 77.7064
435.85 10.6851 72.9788
410.965 7.40664 68.003
435.245 37.3295 77.7065
461.879 40.9115 72.388
463.584 14.2972 67.9762
438.712 11.0678 72.9789
464.522 41.2498 71.2836
487.147 43.9413 56.0312
487.318 17.3162 52.6454
466.227 14.6356 66.8719
489.177 44.1889 53.9832
504.333 45.9322 31.0893
503.466 19.3431 29.2667
489.348 17.5638 50.5974
505.433 46.0632 28.4091
510.756 46.6639 1.41832
509.522 20.0562 1.43189
504.567 19.474 26.5865
510.756 46.6606 -1.48087
505.437 46.0218 -28.4529
504.565 19.3938 -26.6078
509.522 20.0529 -1.4673
504.338 45.8881 -31.1294
489.214 44.1504 -53.9778
489.369 17.4963 -50.5856
503.466 19.2601 -29.2843
487.186 43.9058 -56.0239
464.559 41.2373 -71.2787
466.248 14.628 -66.8685
487.341 17.2517 -52.6317
461.915 40.9014 -72.3837
435.28 37.327 -77.7041
438.732 11.0666 -72.9769
463.605 14.2921 -67.9736
432.417 36.9452 -77.7043
405.8 33.2815 -72.333
410.983 7.41524 -68.0031
435.869 10.6848 -72.977
403.151 32.9306 -71.2275
380.549 29.9511 -55.9899
387.188 4.36342 -52.6992
408.335 7.06435 -66.8977
378.516 29.6903 -53.9423
363.336 27.7889 -31.0816
370.969 2.302 -29.3115
385.154 4.10261 -50.6515
362.233 27.6485 -28.4022
356.9 26.9743 -1.41702
364.895 1.48636 -1.42861
369.867 2.16158 -26.6321
365.863 -1.08632 1.34373
370.859 -0.49066 26.5307
380.304 -21.3999 23.7769
375.882 -22.0214 1.32519
371.865 -0.358062 28.9782
386.023 1.45503 50.2873
393.909 -19.5083 45.2547
381.31 -21.2673 26.2244
387.881 1.70122 52.1588
409.015 4.4611 66.3674
414.651 -16.7354 59.7955
395.767 -19.2621 47.1262
411.44 4.78139 67.3763
436.324 8.05988 72.3522
439.313 -13.4683 65.1946
417.076 -16.4151 60.8044
438.944 8.40455 72.348
463.816 11.6339 67.3453
464.116 -10.1943 60.6652
441.933 -13.1237 65.1905
466.234 11.949 66.3314
487.326 14.6296 52.1049
485.295 -7.40602 46.9315
466.533 -9.87925 59.6512
489.176 14.8695 50.2344
503.295 16.6487 28.9036
499.658 -5.51834 26.0973
487.145 -7.16617 45.0609
504.296 16.7766 26.4608
509.251 17.3587 1.30623
505.049 -4.81286 1.32187
500.66 -5.39049 23.6545
509.251 17.3564 -1.33735
504.295 16.6973 -26.4779
500.659 -5.39364 -23.6543
505.049 -4.81517 -1.32171
503.293 16.5673 -28.9205
489.196 14.8035 -50.2218
487.145 -7.17143 -45.0608
499.658 -5.52363 -26.097
487.346 14.5661 -52.0922
466.253 11.9424 -66.329
466.534 -9.8818 -59.651
485.295 -7.40879 -46.9312
463.835 11.6291 -67.3429
438.962 8.40357 -72.3461
441.934 -13.1243 -65.1902
464.116 -10.1951 -60.6649
436.342 8.05924 -72.3503
411.457 4.7897 -67.3764
417.077 -16.4153 -60.8042
439.314 -13.4686 -65.1944
409.031 4.47126 -66.3674
387.883 1.77033 -52.1689
395.767 -19.2601 -47.126
414.651 -16.7337 -59.7952
386.024 1.52672 -50.2972
371.839 -0.273899 -28.9572
381.309 -21.2627 -26.224
393.908 -19.5037 -45.2543
370.834 -0.408661 -26.5096
365.862 -1.08389 -1.30611
375.881 -22.019 -1.32466
380.303 -21.3974 -23.7764
-280.929 556.463 25.385
-280.976 551.338 -0.35848
-280.932 556.434 -26.107
-280.759 570.987 -47.9415
-280.409 592.789 -62.5175
-279.948 618.502 -67.6131
-279.568 644.209 -62.4945
-279.394 666.032 -47.9539
-279.344 680.645 -26.1582
-279.362 685.796 -0.417314
-279.409 680.684 25.3321
-279.467 666.09 47.1408
-279.623 644.276 61.696
-279.979 618.573 66.8326
-280.426 592.856 61.7609
-280.757 571.041 47.2041
382.635 -22.3863 1.76393e-05
387.057 -21.7648 22.4517
399.656 -20.0058 41.4821
418.54 -17.4792 54.1513
440.777 -14.5323 58.5415
462.96 -11.603 54.0162
481.721 -9.1298 41.2965
494.234 -7.48197 22.3329
498.623 -6.90434 0.000247942
494.233 -7.48281 -22.3323
481.721 -9.13061 -41.2962
462.96 -11.6036 -54.016
440.777 -14.5328 -58.5413
418.54 -17.4795 -54.1511
399.656 -20.0059 -41.482
387.057 -21.7648 -22.4517
</DataArray>
</Points>
<Cells>
<DataArray type="Int32" Name="connectivity" format="ascii">
0 1 529 528 1 17 530 529 17 16 531 530 16 0 528 531 1 2 533 532 2 18 534 533 18 17 535 534 17 1 532 535 2 3 537 536 3 19 538 537 19 18 539 538 18 2 536 539 3 4 541 540 4 20 542 541 20 19 543 542 19 3 540 543 4 5 545 544 5 21 546 545 21 20 547 546 20 4 544 547 5 6 549 548 6 22 550 549 22 21 551 550 21 5 548 551 6 7 553 552 7 23 554 553 23 22 555 554 22 6 552 555 7 8 557 556 8 24 558 557 24 23 559 558 23 7 556 559 8 9 561 560 9 25 562 561 25 24 563 562 24 8 560 563 9 10 565 564 10 26 566 565 26 25 567 566 25 9 564 567 10 11 569 568 11 27 570 569 27 26 571 570 26 10 568 571 11 12 573 572 12 28 574 573 28 27 575 574 27 11 572 575 12 13 577 576 13 29 578 577 29 28 579 578 28 12 576 579 13 14 581 580 14 30 582 581 30 29 583 582 29 13 580 583 14 15 585 584 15 31 586 585 31 30 587 586 30 14 584 587 15 0 589 588 0 16 590 589 16 31 591 590 31 15 588 591 16 17 593 592 17 33 594 593 33 32 595 594 32 16 592 595 18 34 597 596 34 33 598 597 33 17 599 598 17 18 596 599 19 35 601 600 35 34 602 601 34 18 603 602 18 19 600 603 20 36 605 604 36 35 606 605 35 19 607 606 19 20 604 607 21 37 609 608 37 36 610 609 36 20 611 610 20 21 608 611 22 38 613 612 38 37 614 613 37 21 615 614 21 22 612 615 23 39 617 616 39 38 618 617 38 22 619 618 22 23 616 619 24 40 621 620 40 39 622 621 39 23 623 622 23 24 620 623 25 41 625 624 41 40 626 625 40 24 627 626 24 25 624 627 26 42 629 628 42 41 630 629 41 25 631 630 25 26 628 631 27 43 633 632 43 42 634 633 42 26 635 634 26 27 632 635 28 44 637 636 44 43 638 637 43 27 639 638 27 28 636 639 29 45 641 640 45 44 642 641 44 28 643 642 28 29 640 643 30 46 645 644 46 45 646 645 45 29 647 646 29 30 644 647 31 47 649 648 47 46 650 649 46 30 651 650 30 31 648 651 31 16 653 652 16 32 654 653 32 47 655 654 47 31 652 655 32 33 657 656 33 49 658 657 49 48 659 658 48 32 656 659 33 34 661 660 34 50 662 661 50 49 663 662 49 33 660 663 34 35 665 664 35 51 666 665 51 50 667 666 50 34 664 667 35 36 669 668 36 52 670 669 52 51 671 670 51 35 668 671 36 37 673 672 37 53 674 673 53 52 675 674 52 36 672 675 37 38 677 676 38 54 678 677 54 53 679 678 53 37 676 679 38 39 681 680 39 55 682 681 55 54 683 682 54 38 680 683 39 40 685 684 40 56 686 685 56 55 687 686 55 39 684 687 40 41 689 688 41 57 690 689 57 56 691 690 56 40 688 691 41 42 693 692 42 58 694 693 58 57 695 694 57 41 692 695 42 43 697 696 43 59 698 697 59 58 699 698 58 42 696 699 43 44 701 700 44 60 702 701 60 59 703 702 59 43 700 703 44 45 705 704 45 61 706 705 61 60 707 706 60 44 704 707 45 46 709 708 46 62 710 709 62 61 711 710 61 45 708 711 46 47 713 712 47 63 714 713 63 62 715 714 62 46 712 715 47 32 717 716 32 48 718 717 48 63 719 718 63 47 716 719 48 49 721 720 49 65 722 721 65 64 723 722 64 48 720 723 49 50 725 724 50 66 726 725 66 65 727 726 65 49 724 727 50 51 729 728 51 67 730 729 67 66 731 730 66 50 728 731 51 52 733 732 52 68 734 733 68 67 735 734 67 51 732 735 52 53 737 736 53 69 738 737 69 68 739 738 68 52 736 739 53 54 741 740 54 70 742 741 70 69 743 742 69 53 740 743 54 55 745 744 55 71 746 745 71 70 747 746 70 54 744 747 55 56 749 748 56 72 750 749 72 71 751 750 71 55 748 751 56 57 753 752 57 73 754 753 73 72 755 754 72 56 752 755 57 58 757 756 58 74 758 757 74 73 759 758 73 57 756 759 58 59 761 760 59 75 762 761 75 74 763 762 74 58 760 763 59 60 765 764 60 76 766 765 76 75 767 766 75 59 764 767 60 61 769 768 61 77 770 769 77 76 771 770 76 60 768 771 61 62 773 772 62 78 774 773 78 77 775 774 77 61 772 775 62 63 777 776 63 79 778 777 79 78 779 778 78 62 776 779 63 48 781 780 48 64 782 781 64 79 783 782 79 63 780 783 64 65 785 784 65 81 786 785 81 80 787 786 80 64 784 787 65 66 789 788 66 82 790 789 82 81 791 790 81 65 788 791 66 67 793 792 67 83 794 793 83 82 795 794 82 66 792 795 67 68 797 796 68 84 798 797 84 83 799 798 83 67 796 799 68 69 801 800 69 85 802 801 85 84 803 802 84 68 800 803 69 70 805 804 70 86 806 805 86 85 807 806 85 69 804 807 70 71 809 808 71 87 810 809 87 86 811 810 86 70 808 811 71 72 813 812 72 88 814 813 88 87 815 814 87 71 812 815 72 73 817 816 73 89 818 817 89 88 819 818 88 72 816 819 73 74 821 820 74 90 822 821 90 89 823 822 89 73 820 823 74 75 825 824 75 91 826 825 91 90 827 826 90 74 824 827 75 76 829 828 76 92 830 829 92 91 831 830 91 75 828 831 76 77 833 832 77 93 834 833 93 92 835 834 92 76 832 835 77 78 837 836 78 94 838 837 94 93 839 838 93 77 836 839 78 79 841 840 79 95 842 841 95 94 843 842 94 78 840 843 79 64 845 844 64 80 846 845 80 95 847 846 95 79 844 847 80 81 849 848 81 97 850 849 97 96 851 850 96 80 848 851 81 82 853 852 82 98 854 853 98 97 855 854 97 81 852 855 82 83 857 856 83 99 858 857 99 98 859 858 98 82 856 859 83 84 861 860 84 100 862 861 100 99 863 862 99 83 860 863 84 85 865 864 85 101 866 865 101 100 867 866 100 84 864 867 85 86 869 868 86 102 870 869 102 101 871 870 101 85 868 871 86 87 873 872 87 103 874 873 103 102 875 874 102 86 872 875 87 88 877 876 88 104 878 877 104 103 879 878 103 87 876 879 88 89 881 880 89 105 882 881 105 104 883 882 104 88 880 883 89 90 885 884 90 106 886 885 106 105 887 886 105 89 884 887 90 91 889 888 91 107 890 889 107 106 891 890 106 90 888 891 91 92 893 892 92 108 894 893 108 107 895 894 107 91 892 895 92 93 897 896 93 109 898 897 109 108 899 898 108 92 896 899 93 94 901 900 94 110 902 901 110 109 903 902 109 93 900 903 94 95 905 904 95 111 906 905 111 110 907 906 110 94 904 907 95 80 909 908 80 96 910 909 96 111 911 910 111 95 908 911 96 97 913 912 97 113 914 913 113 112 915 914 112 96 912 915 97 98 917 916 98 114 918 917 114 113 919 918 113 97 916 919 98 99 921 920 99 115 922 921 115 114 923 922 114 98 920 923 99 100 925 924 100 116 926 925 116 115 927 926 115 99 924 927 100 101 929 928 101 117 930 929 117 116 931 930 116 100 928 931 101 102 933 932 102 118 934 933 118 117 935 934 117 101 932 935 102 103 937 936 103 119 938 937 119 118 939 938 118 102 936 939 103 104 941 940 104 120 942 941 120 119 943 942 119 103 940 943 104 105 945 944 105 121 946 945 121 120 947 946 120 104 944 947 105 106 949 948 106 122 950 949 122 121 951 950 121 105 948 951 106 107 953 952 107 123 954 953 123 122 955 954 122 106 952 955 107 108 957 956 108 124 958 957 124 123 959 958 123 107 956 959 108 109 961 960 109 125 962 961 125 124 963 962 124 108 960 963 109 110 965 964 110 126 966 965 126 125 967 966 125 109 964 967 110 111 969 968 111 127 970 969 127 126 971 970 126 110 968 971 111 96 973 972 96 112 974 973 112 127 975 974 127 111 972 975 112 113 977 976 113 129 978 977 129 128 979 978 128 112 976 979 113 114 981 980 114 130 982 981 130 129 983 982 129 113 980 983 114 115 985 984 115 131 986 985 131 130 987 986 130 114 984 987 115 116 989 988 116 132 990 989 132 131 991 990 131 115 988 991 116 117 993 992 117 133 994 993 133 132 995 994 132 116 992 995 117 118 997 996 118 134 998 997 134 133 999 998 133 117 996 999 118 119 1001 1000 119 135 1002 1001 135 134 1003 1002 134 118 1000 1003 119 120 1005 1004 120 136 1006 1005 136 135 1007 1006 135 119 1004 1007 120 121 1009 1008 121 137 1010 1009 137 136 1011 1010 136 120 1008 1011 121 122 1013 1012 122 138 1014 1013 138 137 1015 1014 137 121 1012 1015 122 123 1017 1016 123 139 1018 1017 139 138 1019 1018 138 122 1016 1019 123 124 1021 1020 124 140 1022 1021 140 139 1023 1022 139 123 1020 1023 124 125 1025 1024 125 141 1026 1025 141 140 1027 1026 140 124 1024 1027 125 126 1029 1028 126 142 1030 1029 142 141 1031 1030 141 125 1028 1031 126 127 1033 1032 127 143 1034 1033 143 142 1035 1034 142 126 1032 1035 127 112 1037 1036 112 128 1038 1037 128 143 1039 1038 143 127 1036 1039 128 129 1041 1040 129 145 1042 1041 145 144 1043 1042 144 128 1040 1043 129 130 1045 1044 130 146 1046 1045 146 145 1047 1046 145 129 1044 1047 130 131 1049 1048 131 147 1050 1049 147 146 1051 1050 146 130 1048 1051 131 132 1053 1052 132 148 1054 1053 148 147 1055 1054 147 131 1052 1055 132 133 1057 1056 133 149 1058 1057 149 148 1059 1058 148 132 1056 1059 133 134 1061 1060 134 150 1062 1061 150 149 1063 1062 149 133 1060 1063 134 135 1065 1064 135 151 1066 1065 151 150 1067 1066 150 134 1064 1067 135 136 1069 1068 136 152 1070 1069 152 151 1071 1070 151 135 1068 1071 136 137 1073 1072 137 153 1074 1073 153 152 1075 1074 152 136 1072 1075 137 138 1077 1076 138 154 1078 1077 154 153 1079 1078 153 137 1076 1079 138 139 1081 1080 139 155 1082 1081 155 154 1083 1082 154 138 1080 1083 139 140 1085 1084 140 156 1086 1085 156 155 1087 1086 155 139 1084 1087 140 141 1089 1088 141 157 1090 1089 157 156 1091 1090 156 140 1088 1091 141 142 1093 1092 142 158 1094 1093 158 157 1095 1094 157 141 1092 1095 142 143 1097 1096 143 159 1098 1097 159 158 1099 1098 158 142 1096 1099 143 128 1101 1100 128 144 1102 1101 144 159 1103 1102 159 143 1100 1103 144 145 1105 1104 145 161 1106 1105 161 160 1107 1106 160 144 1104 1107 145 146 1109 1108 146 162 1110 1109 162 161 1111 1110 161 145 1108 1111 146 147 1113 1112 147 163 1114 1113 163 162 1115 1114 162 146 1112 1115 147 148 1117 1116 148 164 1118 1117 164 163 1119 1118 163 147 1116 1119 148 149 1121 1120 149 165 1122 1121 165 164 1123 1122 164 148 1120 1123 149 150 1125 1124 150 166 1126 1125 166 165 1127 1126 165 149 1124 1127 150 151 1129 1128 151 167 1130 1129 167 166 1131 1130 166 150 1128 1131 151 152 1133 1132 152 168 1134 1133 168 167 1135 1134 167 151 1132 1135 152 153 1137 1136 153 169 1138 1137 169 168 1139 1138 168 152 1136 1139 153 154 1141 1140 154 170 1142 1141 170 169 1143 1142 169 153 1140 1143 154 155 1145 1144 155 171 1146 1145 171 170 1147 1146 170 154 1144 1147 155 156 1149 1148 156 172 1150 1149 172 171 1151 1150 171 155 1148 1151 156 157 1153 1152 157 173 1154 1153 173 172 1155 1154 172 156 1152 1155 157 158 1157 1156 158 174 1158 1157 174 173 1159 1158 173 157 1156 1159 158 159 1161 1160 159 175 1162 1161 175 174 1163 1162 174 158 1160 1163 159 144 1165 1164 144 160 1166 1165 160 175 1167 1166 175 159 1164 1167 160 161 1169 1168 161 177 1170 1169 177 176 1171 1170 176 160 1168 1171 161 162 1173 1172 162 178 1174 1173 178 177 1175 1174 177 161 1172 1175 162 163 1177 1176 163 179 1178 1177 179 178 1179 1178 178 162 1176 1179 163 164 1181 1180 164 180 1182 1181 180 179 1183 1182 179 163 1180 1183 164 165 1185 1184 165 181 1186 1185 181 180 1187 1186 180 164 1184 1187 165 166 1189 1188 166 182 1190 1189 182 181 1191 1190 181 165 1188 1191 166 167 1193 1192 167 183 1194 1193 183 182 1195 1194 182 166 1192 1195 167 168 1197 1196 168 184 1198 1197 184 183 1199 1198 183 167 1196 1199 168 169 1201 1200 169 185 1202 1201 185 184 1203 1202 184 168 1200 1203 169 170 1205 1204 170 186 1206 1205 186 185 1207 1206 185 169 1204 1207 170 171 1209 1208 171 187 1210 1209 187 186 1211 1210 186 170 1208 1211 171 172 1213 1212 172 188 1214 1213 188 187 1215 1214 187 171 1212 1215 172 173 1217 1216 173 189 1218 1217 189 188 1219 1218 188 172 1216 1219 173 174 1221 1220 174 190 1222 1221 190 189 1223 1222 189 173 1220 1223 174 175 1225 1224 175 191 1226 1225 191 190 1227 1226 190 174 1224 1227 175 160 1229 1228 160 176 1230 1229 176 191 1231 1230 191 175 1228 1231 176 177 1233 1232 177 193 1234 1233 193 192 1235 1234 192 176 1232 1235 177 178 1237 1236 178 194 1238 1237 194 193 1239 1238 193 177 1236 1239 178 179 1241 1240 179 195 1242 1241 195 194 1243 1242 194 178 1240 1243 179 180 1245 1244 180 196 1246 1245 196 195 1247 1246 195 179 1244 1247 180 181 1249 1248 181 197 1250 1249 197 196 1251 1250 196 180 1248 1251 181 182 1253 1252 182 198 1254 1253 198 197 1255 1254 197 181 1252 1255 182 183 1257 1256 183 199 1258 1257 199 198 1259 1258 198 182 1256 1259 183 184 1261 1260 184 200 1262 1261 200 199 1263 1262 199 183 1260 1263 184 185 1265 1264 185 201 1266 1265 201 200 1267 1266 200 184 1264 1267 185 186 1269 1268 186 202 1270 1269 202 201 1271 1270 201 185 1268 1271 186 187 1273 1272 187 203 1274 1273 203 202 1275 1274 202 186 1272 1275 187 188 1277 1276 188 204 1278 1277 204 203 1279 1278 203 187 1276 1279 188 189 1281 1280 189 205 1282 1281 205 204 1283 1282 204 188 1280 1283 189 190 1285 1284 190 206 1286 1285 206 205 1287 1286 205 189 1284 1287 190 191 1289 1288 191 207 1290 1289 207 206 1291 1290 206 190 1288 1291 191 176 1293 1292 176 192 1294 1293 192 207 1295 1294 207 191 1292 1295 192 193 1297 1296 193 209 1298 1297 209 208 1299 1298 208 192 1296 1299 193 194 1301 1300 194 210 1302 1301 210 209 1303 1302 209 193 1300 1303 194 195 1305 1304 195 211 1306 1305 211 210 1307 1306 210 194 1304 1307 195 196 1309 1308 196 212 1310 1309 212 211 1311 1310 211 195 1308 1311 196 197 1313 1312 197 213 1314 1313 213 212 1315 1314 212 196 1312 1315 197 198 1317 1316 198 214 1318 1317 214 213 1319 1318 213 197 1316 1319 198 199 1321 1320 199 215 1322 1321 215 214 1323 1322 214 198 1320 1323 199 200 1325 1324 200 216 1326 1325 216 215 1327 1326 215 199 1324 1327 200 201 1329 1328 201 217 1330 1329 217 216 1331 1330 216 200 1328 1331 201 202 1333 1332 202 218 1334 1333 218 217 1335 1334 217 201 1332 1335 202 203 1337 1336 203 219 1338 1337 219 218 1339 1338 218 202 1336 1339 203 204 1341 1340 204 220 1342 1341 220 219 1343 1342 219 203 1340 1343 204 205 1345 1344 205 221 1346 1345 221 220 1347 1346 220 204 1344 1347 205 206 1349 1348 206 222 1350 1349 222 221 1351 1350 221 205 1348 1351 206 207 1353 1352 207 223 1354 1353 223 222 1355 1354 222 206 1352 1355 207 192 1357 1356 192 208 1358 1357 208 223 1359 1358 223 207 1356 1359 208 209 1361 1360 209 225 1362 1361 225 224 1363 1362 224 208 1360 1363 209 210 1365 1364 210 226 1366 1365 226 225 1367 1366 225 209 1364 1367 210 211 1369 1368 211 227 1370 1369 227 226 1371 1370 226 210 1368 1371 211 212 1373 1372 212 228 1374 1373 228 227 1375 1374 227 211 1372 1375 212 213 1377 1376 213 229 1378 1377 229 228 1379 1378 228 212 1376 1379 213 214 1381 1380 214 230 1382 1381 230 229 1383 1382 229 213 1380 1383 214 215 1385 1384 215 231 1386 1385 231 230 1387 1386 230 214 1384 1387 215 216 1389 1388 216 232 1390 1389 232 231 1391 1390 231 215 1388 1391 216 217 1393 1392 217 233 1394 1393 233 232 1395 1394 232 216 1392 1395 217 218 1397 1396 218 234 1398 1397 234 233 1399 1398 233 217 1396 1399 218 219 1401 1400 219 235 1402 1401 235 234 1403 1402 234 218 1400 1403 219 220 1405 1404 220 236 1406 1405 236 235 1407 1406 235 219 1404 1407 220 221 1409 1408 221 237 1410 1409 237 236 1411 1410 236 220 1408 1411 221 222 1413 1412 222 238 1414 1413 238 237 1415 1414 237 221 1412 1415 222 223 1417 1416 223 239 1418 1417 239 238 1419 1418 238 222 1416 1419 223 208 1421 1420 208 224 1422 1421 224 239 1423 1422 239 223 1420 1423 224 225 1425 1424 225 241 1426 1425 241 240 1427 1426 240 224 1424 1427 225 226 1429 1428 226 242 1430 1429 242 241 1431 1430 241 225 1428 1431 226 227 1433 1432 227 243 1434 1433 243 242 1435 1434 242 226 1432 1435 227 228 1437 1436 228 244 1438 1437 244 243 1439 1438 243 227 1436 1439 228 229 1441 1440 229 245 1442 1441 245 244 1443 1442 244 228 1440 1443 229 230 1445 1444 230 246 1446 1445 246 245 1447 1446 245 229 1444 1447 230 231 1449 1448 231 247 1450 1449 247 246 1451 1450 246 230 1448 1451 231 232 1453 1452 232 248 1454 1453 248 247 1455 1454 247 231 1452 1455 232 233 1457 1456 233 249 1458 1457 249 248 1459 1458 248 232 1456 1459 233 234 1461 1460 234 250 1462 1461 250 249 1463 1462 249 233 1460 1463 234 235 1465 1464 235 251 1466 1465 251 250 1467 1466 250 234 1464 1467 235 236 1469 1468 236 252 1470 1469 252 251 1471 1470 251 235 1468 1471 236 237 1473 1472 237 253 1474 1473 253 252 1475 1474 252 236 1472 1475 237 238 1477 1476 238 254 1478 1477 254 253 1479 1478 253 237 1476 1479 238 239 1481 1480 239 255 1482 1481 255 254 1483 1482 254 238 1480 1483 239 224 1485 1484 224 240 1486 1485 240 255 1487 1486 255 239 1484 1487 240 241 1489 1488 241 257 1490 1489 257 256 1491 1490 256 240 1488 1491 241 242 1493 1492 242 258 1494 1493 258 257 1495 1494 257 241 1492 1495 242 243 1497 1496 243 259 1498 1497 259 258 1499 1498 258 242 1496 1499 243 244 1501 1500 244 260 1502 1501 260 259 1503 1502 259 243 1500 1503 244 245 1505 1504 245 261 1506 1505 261 260 1507 1506 260 244 1504 1507 245 246 1509 1508 246 262 1510 1509 262 261 1511 1510 261 245 1508 1511 246 247 1513 1512 247 263 1514 1513 263 262 1515 1514 262 246 1512 1515 247 248 1517 1516 248 264 1518 1517 264 263 1519 1518 263 247 1516 1519 248 249 1521 1520 249 265 1522 1521 265 264 1523 1522 264 248 1520 1523 249 250 1525 1524 250 266 1526 1525 266 265 1527 1526 265 249 1524 1527 250 251 1529 1528 251 267 1530 1529 267 266 1531 1530 266 250 1528 1531 251 252 1533 1532 252 268 1534 1533 268 267 1535 1534 267 251 1532 1535 252 253 1537 1536 253 269 1538 1537 269 268 1539 1538 268 252 1536 1539 253 254 1541 1540 254 270 1542 1541 270 269 1543 1542 269 253 1540 1543 254 255 1545 1544 255 271 1546 1545 271 270 1547 1546 270 254 1544 1547 255 240 1549 1548 240 256 1550 1549 256 271 1551 1550 271 255 1548 1551 256 257 1553 1552 257 273 1554 1553 273 272 1555 1554 272 256 1552 1555 257 258 1557 1556 258 274 1558 1557 274 273 1559 1558 273 257 1556 1559 258 259 1561 1560 259 275 1562 1561 275 274 1563 1562 274 258 1560 1563 259 260 1565 1564 260 276 1566 1565 276 275 1567 1566 275 259 1564 1567 260 261 1569 1568 261 277 1570 1569 277 276 1571 1570 276 260 1568 1571 261 262 1573 1572 262 278 1574 1573 278 277 1575 1574 277 261 1572 1575 262 263 1577 1576 263 279 1578 1577 279 278 1579 1578 278 262 1576 1579 263 264 1581 1580 264 280 1582 1581 280 279 1583 1582 279 263 1580 1583 264 265 1585 1584 265 281 1586 1585 281 280 1587 1586 280 264 1584 1587 265 266 1589 1588 266 282 1590 1589 282 281 1591 1590 281 265 1588 1591 266 267 1593 1592 267 283 1594 1593 283 282 1595 1594 282 266 1592 1595 267 268 1597 1596 268 284 1598 1597 284 283 1599 1598 283 267 1596 1599 268 269 1601 1600 269 285 1602 1601 285 284 1603 1602 284 268 1600 1603 269 270 1605 1604 270 286 1606 1605 286 285 1607 1606 285 269 1604 1607 270 271 1609 1608 271 287 1610 1609 287 286 1611 1610 286 270 1608 1611 271 256 1613 1612 256 272 1614 1613 272 287 1615 1614 287 271 1612 1615 272 273 1617 1616 273 289 1618 1617 289 288 1619 1618 288 272 1616 1619 273 274 1621 1620 274 290 1622 1621 290 289 1623 1622 289 273 1620 1623 274 275 1625 1624 275 291 1626 1625 291 290 1627 1626 290 274 1624 1627 275 276 1629 1628 276 292 1630 1629 292 291 1631 1630 291 275 1628 1631 276 277 1633 1632 277 293 1634 1633 293 292 1635 1634 292 276 1632 1635 277 278 1637 1636 278 294 1638 1637 294 293 1639 1638 293 277 1636 1639 278 279 1641 1640 279 295 1642 1641 295 294 1643 1642 294 278 1640 1643 279 280 1645 1644 280 296 1646 1645 296 295 1647 1646 295 279 1644 1647 280 281 1649 1648 281 297 1650 1649 297 296 1651 1650 296 280 1648 1651 281 282 1653 1652 282 298 1654 1653 298 297 1655 1654 297 281 1652 1655 282 283 1657 1656 283 299 1658 1657 299 298 1659 1658 298 282 1656 1659 283 284 1661 1660 284 300 1662 1661 300 299 1663 1662 299 283 1660 1663 284 285 1665 1664 285 301 1666 1665 301 300 1667 1666 300 284 1664 1667 285 286 1669 1668 286 302 1670 1669 302 301 1671 1670 301 285 1668 1671 286 287 1673 1672 287 303 1674 1673 303 302 1675 1674 302 286 1672 1675 287 272 1677 1676 272 288 1678 1677 288 303 1679 1678 303 287 1676 1679 288 289 1681 1680 289 305 1682 1681 305 304 1683 1682 304 288 1680 1683 289 290 1685 1684 290 306 1686 1685 306 305 1687 1686 305 289 1684 1687 290 291 1689 1688 291 307 1690 1689 307 306 1691 1690 306 290 1688 1691 291 292 1693 1692 292 308 1694 1693 308 307 1695 1694 307 291 1692 1695 292 293 1697 1696 293 309 1698 1697 309 308 1699 1698 308 292 1696 1699 293 294 1701 1700 294 310 1702 1701 310 309 1703 1702 309 293 1700 1703 294 295 1705 1704 295 311 1706 1705 311 310 1707 1706 310 294 1704 1707 295 296 1709 1708 296 312 1710 1709 312 311 1711 1710 311 295 1708 1711 296 297 1713 1712 297 313 1714 1713 313 312 1715 1714 312 296 1712 1715 297 298 1717 1716 298 314 1718 1717 314 313 1719 1718 313 297 1716 1719 298 299 1721 1720 299 315 1722 1721 315 314 1723 1722 314 298 1720 1723 299 300 1725 1724 300 316 1726 1725 316 315 1727 1726 315 299 1724 1727 300 301 1729 1728 301 317 1730 1729 317 316 1731 1730 316 300 1728 1731 301 302 1733 1732 302 318 1734 1733 318 317 1735 1734 317 301 1732 1735 302 303 1737 1736 303 319 1738 1737 319 318 1739 1738 318 302 1736 1739 303 288 1741 1740 288 304 1742 1741 304 319 1743 1742 319 303 1740 1743 304 305 1745 1744 305 321 1746 1745 321 320 1747 1746 320 304 1744 1747 305 306 1749 1748 306 322 1750 1749 322 321 1751 1750 321 305 1748 1751 306 307 1753 1752 307 323 1754 1753 323 322 1755 1754 322 306 1752 1755 307 308 1757 1756 308 324 1758 1757 324 323 1759 1758 323 307 1756 1759 308 309 1761 1760 309 325 1762 1761 325 324 1763 1762 324 308 1760 1763 309 310 1765 1764 310 326 1766 1765 326 325 1767 1766 325 309 1764 1767 310 311 1769 1768 311 327 1770 1769 327 326 1771 1770 326 310 1768 1771 311 312 1773 1772 312 328 1774 1773 328 327 1775 1774 327 311 1772 1775 312 313 1777 1776 313 329 1778 1777 329 328 1779 1778 328 312 1776 1779 313 314 1781 1780 314 330 1782 1781 330 329 1783 1782 329 313 1780 1783 314 315 1785 1784 315 331 1786 1785 331 330 1787 1786 330 314 1784 1787 315 316 1789 1788 316 332 1790 1789 332 331 1791 1790 331 315 1788 1791 316 317 1793 1792 317 333 1794 1793 333 332 1795 1794 332 316 1792 1795 317 318 1797 1796 318 334 1798 1797 334 333 1799 1798 333 317 1796 1799 318 319 1801 1800 319 335 1802 1801 335 334 1803 1802 334 318 1800 1803 319 304 1805 1804 304 320 1806 1805 320 335 1807 1806 335 319 1804 1807 320 321 1809 1808 321 337 1810 1809 337 336 1811 1810 336 320 1808 1811 321 322 1813 1812 322 338 1814 1813 338 337 1815 1814 337 321 1812 1815 322 323 1817 1816 323 339 1818 1817 339 338 1819 1818 338 322 1816 1819 323 324 1821 1820 324 340 1822 1821 340 339 1823 1822 339 323 1820 1823 324 325 1825 1824 325 341 1826 1825 341 340 1827 1826 340 324 1824 1827 325 326 1829 1828 326 342 1830 1829 342 341 1831 1830 341 325 1828 1831 326 327 1833 1832 327 343 1834 1833 343 342 1835 1834 342 326 1832 1835 327 328 1837 1836 328 344 1838 1837 344 343 1839 1838 343 327 1836 1839 328 329 1841 1840 329 345 1842 1841 345 344 1843 1842 344 328 1840 1843 329 330 1845 1844 330 346 1846 1845 346 345 1847 1846 345 329 1844 1847 330 331 1849 1848 331 347 1850 1849 347 346 1851 1850 346 330 1848 1851 331 332 1853 1852 332 348 1854 1853 348 347 1855 1854 347 331 1852 1855 332 333 1857 1856 333 349 1858 1857 349 348 1859 1858 348 332 1856 1859 333 334 1861 1860 334 350 1862 1861 350 349 1863 1862 349 333 1860 1863 334 335 1865 1864 335 351 1866 1865 351 350 1867 1866 350 334 1864 1867 335 320 1869 1868 320 336 1870 1869 336 351 1871 1870 351 335 1868 1871 336 337 1873 1872 337 353 1874 1873 353 352 1875 1874 352 336 1872 1875 337 338 1877 1876 338 354 1878 1877 354 353 1879 1878 353 337 1876 1879 338 339 1881 1880 339 355 1882 1881 355 354 1883 1882 354 338 1880 1883 339 340 1885 1884 340 356 1886 1885 356 355 1887 1886 355 339 1884 1887 340 341 1889 1888 341 357 1890 1889 357 356 1891 1890 356 340 1888 1891 341 342 1893 1892 342 358 1894 1893 358 357 1895 1894 357 341 1892 1895 342 343 1897 1896 343 359 1898 1897 359 358 1899 1898 358 342 1896 1899 343 344 1901 1900 344 360 1902 1901 360 359 1903 1902 359 343 1900 1903 344 345 1905 1904 345 361 1906 1905 361 360 1907 1906 360 344 1904 1907 345 346 1909 1908 346 362 1910 1909 362 361 1911 1910 361 345 1908 1911 346 347 1913 1912 347 363 1914 1913 363 362 1915 1914 362 346 1912 1915 347 348 1917 1916 348 364 1918 1917 364 363 1919 1918 363 347 1916 1919 348 349 1921 1920 349 365 1922 1921 365 364 1923 1922 364 348 1920 1923 349 350 1925 1924 350 366 1926 1925 366 365 1927 1926 365 349 1924 1927 350 351 1929 1928 351 367 1930 1929 367 366 1931 1930 366 350 1928 1931 351 336 1933 1932 336 352 1934 1933 352 367 1935 1934 367 351 1932 1935 352 353 1937 1936 353 369 1938 1937 369 368 1939 1938 368 352 1936 1939 353 354 1941 1940 354 370 1942 1941 370 369 1943 1942 369 353 1940 1943 354 355 1945 1944 355 371 1946 1945 371 370 1947 1946 370 354 1944 1947 355 356 1949 1948 356 372 1950 1949 372 371 1951 1950 371 355 1948 1951 356 357 1953 1952 357 373 1954 1953 373 372 1955 1954 372 356 1952 1955 357 358 1957 1956 358 374 1958 1957 374 373 1959 1958 373 357 1956 1959 358 359 1961 1960 359 375 1962 1961 375 374 1963 1962 374 358 1960 1963 359 360 1965 1964 360 376 1966 1965 376 375 1967 1966 375 359 1964 1967 360 361 1969 1968 361 377 1970 1969 377 376 1971 1970 376 360 1968 1971 361 362 1973 1972 362 378 1974 1973 378 377 1975 1974 377 361 1972 1975 362 363 1977 1976 363 379 1978 1977 379 378 1979 1978 378 362 1976 1979 363 364 1981 1980 364 380 1982 1981 380 379 1983 1982 379 363 1980 1983 364 365 1985 1984 365 381 1986 1985 381 380 1987 1986 380 364 1984 1987 365 366 1989 1988 366 382 1990 1989 382 381 1991 1990 381 365 1988 1991 366 367 1993 1992 367 383 1994 1993 383 382 1995 1994 382 366 1992 1995 367 352 1997 1996 352 368 1998 1997 368 383 1999 1998 383 367 1996 1999 368 369 2001 2000 369 385 2002 2001 385 384 2003 2002 384 368 2000 2003 369 370 2005 2004 370 386 2006 2005 386 385 2007 2006 385 369 2004 2007 370 371 2009 2008 371 387 2010 2009 387 386 2011 2010 386 370 2008 2011 371 372 2013 2012 372 388 2014 2013 388 387 2015 2014 387 371 2012 2015 372 373 2017 2016 373 389 2018 2017 389 388 2019 2018 388 372 2016 2019 373 374 2021 2020 374 390 2022 2021 390 389 2023 2022 389 373 2020 2023 374 375 2025 2024 375 391 2026 2025 391 390 2027 2026 390 374 2024 2027 375 376 2029 2028 376 392 2030 2029 392 391 2031 2030 391 375 2028 2031 376 377 2033 2032 377 393 2034 2033 393 392 2035 2034 392 376 2032 2035 377 378 2037 2036 378 394 2038 2037 394 393 2039 2038 393 377 2036 2039 378 379 2041 2040 379 395 2042 2041 395 394 2043 2042 394 378 2040 2043 379 380 2045 2044 380 396 2046 2045 396 395 2047 2046 395 379 2044 2047 380 381 2049 2048 381 397 2050 2049 397 396 2051 2050 396 380 2048 2051 381 382 2053 2052 382 398 2054 2053 398 397 2055 2054 397 381 2052 2055 382 383 2057 2056 383 399 2058 2057 399 398 2059 2058 398 382 2056 2059 383 368 2061 2060 368 384 2062 2061 384 399 2063 2062 399 383 2060 2063 384 385 2065 2064 385 401 2066 2065 401 400 2067 2066 400 384 2064 2067 385 386 2069 2068 386 402 2070 2069 402 401 2071 2070 401 385 2068 2071 386 387 2073 2072 387 403 2074 2073 403 402 2075 2074 402 386 2072 2075 387 388 2077 2076 388 404 2078 2077 404 403 2079 2078 403 387 2076 2079 388 389 2081 2080 389 405 2082 2081 405 404 2083 2082 404 388 2080 2083 389 390 2085 2084 390 406 2086 2085 406 405 2087 2086 405 389 2084 2087 390 391 2089 2088 391 407 2090 2089 407 406 2091 2090 406 390 2088 2091 391 392 2093 2092 392 408 2094 2093 408 407 2095 2094 407 391 2092 2095 392 393 2097 2096 393 409 2098 2097 409 408 2099 2098 408 392 2096 2099 393 394 2101 2100 394 410 2102 2101 410 409 2103 2102 409 393 2100 2103 394 395 2105 2104 395 411 2106 2105 411 410 2107 2106 410 394 2104 2107 395 396 2109 2108 396 412 2110 2109 412 411 2111 2110 411 395 2108 2111 396 397 2113 2112 397 413 2114 2113 413 412 2115 2114 412 396 2112 2115 397 398 2117 2116 398 414 2118 2117 414 413 2119 2118 413 397 2116 2119 398 399 2121 2120 399 415 2122 2121 415 414 2123 2122 414 398 2120 2123 399 384 2125 2124 384 400 2126 2125 400 415 2127 2126 415 399 2124 2127 400 401 2129 2128 401 417 2130 2129 417 416 2131 2130 416 400 2128 2131 401 402 2133 2132 402 418 2134 2133 418 417 2135 2134 417 401 2132 2135 402 403 2137 2136 403 419 2138 2137 419 418 2139 2138 418 402 2136 2139 403 404 2141 2140 404 420 2142 2141 420 419 2143 2142 419 403 2140 2143 404 405 2145 2144 405 421 2146 2145 421 420 2147 2146 420 404 2144 2147 405 406 2149 2148 406 422 2150 2149 422 421 2151 2150 421 405 2148 2151 406 407 2153 2152 407 423 2154 2153 423 422 2155 2154 422 406 2152 2155 407 408 2157 2156 408 424 2158 2157 424 423 2159 2158 423 407 2156 2159 408 409 2161 2160 409 425 2162 2161 425 424 2163 2162 424 408 2160 2163 409 410 2165 2164 410 426 2166 2165 426 425 2167 2166 425 409 2164 2167 410 411 2169 2168 411 427 2170 2169 427 426 2171 2170 426 410 2168 2171 411 412 2173 2172 412 428 2174 2173 428 427 2175 2174 427 411 2172 2175 412 413 2177 2176 413 429 2178 2177 429 428 2179 2178 428 412 2176 2179 413 414 2181 2180 414 430 2182 2181 430 429 2183 2182 429 413 2180 2183 414 415 2185 2184 415 431 2186 2185 431 430 2187 2186 430 414 2184 2187 415 400 2189 2188 400 416 2190 2189 416 431 2191 2190 431 415 2188 2191 416 417 2193 2192 417 433 2194 2193 433 432 2195 2194 432 416 2192 2195 417 418 2197 2196 418 434 2198 2197 434 433 2199 2198 433 417 2196 2199 418 419 2201 2200 419 435 2202 2201 435 434 2203 2202 434 418 2200 2203 419 420 2205 2204 420 436 2206 2205 436 435 2207 2206 435 419 2204 2207 420 421 2209 2208 421 437 2210 2209 437 436 2211 2210 436 420 2208 2211 421 422 2213 2212 422 438 2214 2213 438 437 2215 2214 437 421 2212 2215 422 423 2217 2216 423 439 2218 2217 439 438 2219 2218 438 422 2216 2219 423 424 2221 2220 424 440 2222 2221 440 439 2223 2222 439 423 2220 2223 424 425 2225 2224 425 441 2226 2225 441 440 2227 2226 440 424 2224 2227 425 426 2229 2228 426 442 2230 2229 442 441 2231 2230 441 425 2228 2231 426 427 2233 2232 427 443 2234 2233 443 442 2235 2234 442 426 2232 2235 427 428 2237 2236 428 444 2238 2237 444 443 2239 2238 443 427 2236 2239 428 429 2241 2240 429 445 2242 2241 445 444 2243 2242 444 428 2240 2243 429 430 2245 2244 430 446 2246 2245 446 445 2247 2246 445 429 2244 2247 430 431 2249 2248 431 447 2250 2249 447 446 2251 2250 446 430 2248 2251 431 416 2253 2252 416 432 2254 2253 432 447 2255 2254 447 431 2252 2255 432 433 2257 2256 433 449 2258 2257 449 448 2259 2258 448 432 2256 2259 433 434 2261 2260 434 450 2262 2261 450 449 2263 2262 449 433 2260 2263 434 435 2265 2264 435 451 2266 2265 451 450 2267 2266 450 434 2264 2267 435 436 2269 2268 436 452 2270 2269 452 451 2271 2270 451 435 2268 2271 436 437 2273 2272 437 453 2274 2273 453 452 2275 2274 452 436 2272 2275 437 438 2277 2276 438 454 2278 2277 454 453 2279 2278 453 437 2276 2279 438 439 2281 2280 439 455 2282 2281 455 454 2283 2282 454 438 2280 2283 439 440 2285 2284 440 456 2286 2285 456 455 2287 2286 455 439 2284 2287 440 441 2289 2288 441 457 2290 2289 457 456 2291 2290 456 440 2288 2291 441 442 2293 2292 442 458 2294 2293 458 457 2295 2294 457 441 2292 2295 442 443 2297 2296 443 459 2298 2297 459 458 2299 2298 458 442 2296 2299 443 444 2301 2300 444 460 2302 2301 460 459 2303 2302 459 443 2300 2303 444 445 2305 2304 445 461 2306 2305 461 460 2307 2306 460 444 2304 2307 445 446 2309 2308 446 462 2310 2309 462 461 2311 2310 461 445 2308 2311 446 447 2313 2312 447 463 2314 2313 463 462 2315 2314 462 446 2312 2315 447 432 2317 2316 432 448 2318 2317 448 463 2319 2318 463 447 2316 2319 448 449 2321 2320 449 465 2322 2321 465 464 2323 2322 464 448 2320 2323 449 450 2325 2324 450 466 2326 2325 466 465 2327 2326 465 449 2324 2327 450 451 2329 2328 451 467 2330 2329 467 466 2331 2330 466 450 2328 2331 451 452 2333 2332 452 468 2334 2333 468 467 2335 2334 467 451 2332 2335 452 453 2337 2336 453 469 2338 2337 469 468 2339 2338 468 452 2336 2339 453 454 2341 2340 454 470 2342 2341 470 469 2343 2342 469 453 2340 2343 454 455 2345 2344 455 471 2346 2345 471 470 2347 2346 470 454 2344 2347 455 456 2349 2348 456 472 2350 2349 472 471 2351 2350 471 455 2348 2351 456 457 2353 2352 457 473 2354 2353 473 472 2355 2354 472 456 2352 2355 457 458 2357 2356 458 474 2358 2357 474 473 2359 2358 473 457 2356 2359 458 459 2361 2360 459 475 2362 2361 475 474 2363 2362 474 458 2360 2363 459 460 2365 2364 460 476 2366 2365 476 475 2367 2366 475 459 2364 2367 460 461 2369 2368 461 477 2370 2369 477 476 2371 2370 476 460 2368 2371 461 462 2373 2372 462 478 2374 2373 478 477 2375 2374 477 461 2372 2375 462 463 2377 2376 463 479 2378 2377 479 478 2379 2378 478 462 2376 2379 463 448 2381 2380 448 464 2382 2381 464 479 2383 2382 479 463 2380 2383 464 465 2385 2384 465 481 2386 2385 481 480 2387 2386 480 464 2384 2387 465 466 2389 2388 466 482 2390 2389 482 481 2391 2390 481 465 2388 2391 466 467 2393 2392 467 483 2394 2393 483 482 2395 2394 482 466 2392 2395 467 468 2397 2396 468 484 2398 2397 484 483 2399 2398 483 467 2396 2399 468 469 2401 2400 469 485 2402 2401 485 484 2403 2402 484 468 2400 2403 469 470 2405 2404 470 486 2406 2405 486 485 2407 2406 485 469 2404 2407 470 471 2409 2408 471 487 2410 2409 487 486 2411 2410 486 470 2408 2411 471 472 2413 2412 472 488 2414 2413 488 487 2415 2414 487 471 2412 2415 472 473 2417 2416 473 489 2418 2417 489 488 2419 2418 488 472 2416 2419 473 474 2421 2420 474 490 2422 2421 490 489 2423 2422 489 473 2420 2423 474 475 2425 2424 475 491 2426 2425 491 490 2427 2426 490 474 2424 2427 475 476 2429 2428 476 492 2430 2429 492 491 2431 2430 491 475 2428 2431 476 477 2433 2432 477 493 2434 2433 493 492 2435 2434 492 476 2432 2435 477 478 2437 2436 478 494 2438 2437 494 493 2439 2438 493 477 2436 2439 478 479 2441 2440 479 495 2442 2441 495 494 2443 2442 494 478 2440 2443 479 464 2445 2444 464 480 2446 2445 480 495 2447 2446 495 479 2444 2447 480 481 2449 2448 481 497 2450 2449 497 496 2451 2450 496 480 2448 2451 481 482 2453 2452 482 498 2454 2453 498 497 2455 2454 497 481 2452 2455 482 483 2457 2456 483 499 2458 2457 499 498 2459 2458 498 482 2456 2459 483 484 2461 2460 484 500 2462 2461 500 499 2463 2462 499 483 2460 2463 484 485 2465 2464 485 501 2466 2465 501 500 2467 2466 500 484 2464 2467 485 486 2469 2468 486 502 2470 2469 502 501 2471 2470 501 485 2468 2471 486 487 2473 2472 487 503 2474 2473 503 502 2475 2474 502 486 2472 2475 487 488 2477 2476 488 504 2478 2477 504 503 2479 2478 503 487 2476 2479 488 489 2481 2480 489 505 2482 2481 505 504 2483 2482 504 488 2480 2483 489 490 2485 2484 490 506 2486 2485 506 505 2487 2486 505 489 2484 2487 490 491 2489 2488 491 507 2490 2489 507 506 2491 2490 506 490 2488 2491 491 492 2493 2492 492 508 2494 2493 508 507 2495 2494 507 491 2492 2495 492 493 2497 2496 493 509 2498 2497 509 508 2499 2498 508 492 2496 2499 493 494 2501 2500 494 510 2502 2501 510 509 2503 2502 509 493 2500 2503 494 495 2505 2504 495 511 2506 2505 511 510 2507 2506 510 494 2504 2507 495 480 2509 2508 480 496 2510 2509 496 511 2511 2510 511 495 2508 2511 496 497 2513 2512 497 513 2514 2513 513 512 2515 2514 512 496 2512 2515 497 498 2517 2516 498 514 2518 2517 514 513 2519 2518 513 497 2516 2519 498 499 2521 2520 499 515 2522 2521 515 514 2523 2522 514 498 2520 2523 499 500 2525 2524 500 516 2526 2525 516 515 2527 2526 515 499 2524 2527 500 501 2529 2528 501 517 2530 2529 517 516 2531 2530 516 500 2528 2531 501 502 2533 2532 502 518 2534 2533 518 517 2535 2534 517 501 2532 2535 502 503 2537 2536 503 519 2538 2537 519 518 2539 2538 518 502 2536 2539 503 504 2541 2540 504 520 2542 2541 520 519 2543 2542 519 503 2540 2543 504 505 2545 2544 505 521 2546 2545 521 520 2547 2546 520 504 2544 2547 505 506 2549 2548 506 522 2550 2549 522 521 2551 2550 521 505 2548 2551 506 507 2553 2552 507 523 2554 2553 523 522 2555 2554 522 506 2552 2555 507 508 2557 2556 508 524 2558 2557 524 523 2559 2558 523 507 2556 2559 508 509 2561 2560 509 525 2562 2561 525 524 2563 2562 524 508 2560 2563 509 510 2565 2564 510 526 2566 2565 526 525 2567 2566 525 509 2564 2567 510 511 2569 2568 511 527 2570 2569 527 526 2571 2570 526 510 2568 2571 511 496 2573 2572 496 512 2574 2573 512 527 2575 2574 527 511 2572 2575 1 0 2577 2576 0 15 2578 2577 15 14 2579 2578 14 13 2580 2579 13 12 2581 2580 12 11 2582 2581 11 10 2583 2582 10 9 2584 2583 9 8 2585 2584 8 7 2586 2585 7 6 2587 2586 6 5 2588 2587 5 4 2589 2588 4 3 2590 2589 3 2 2591 2590 2 1 2576 2591 512 513 2593 2592 513 514 2594 2593 514 515 2595 2594 515 516 2596 2595 516 517 2597 2596 517 518 2598 2597 518 519 2599 2598 519 520 2600 2599 520 521 2601 2600 521 522 2602 2601 522 523 2603 2602 523 524 2604 2603 524 525 2605 2604 525 526 2606 2605 526 527 2607 2606 527 512 2592 2607 
</DataArray>
<DataArray type="Int32" Name="offsets" format="ascii">
4 8 12 16 20 24 28 32 36 40 44 48 52 56 60 64 68 72 76 80 84 88 92 96 100 104 108 112 116 120 124 128 132 136 140 144 148 152 156 160 164 168 172 176 180 184 188 192 196 200 204 208 212 216 220 224 228 232 236 240 244 248 252 256 260 264 268 272 276 280 284 288 292 296 300 304 308 312 316 320 324 328 332 336 340 344 348 352 356 360 364 368 372 376 380 384 388 392 396 400 404 408 412 416 420 424 428 432 436 440 444 448 452 456 460 464 468 472 476 480 484 488 492 496 500 504 508 512 516 520 524 528 532 536 540 544 548 552 556 560 564 568 572 576 580 584 588 592 596 600 604 608 612 616 620 624 628 632 636 640 644 648 652 656 660 664 668 672 676 680 684 688 692 696 700 704 708 712 716 720 724 728 732 736 740 744 748 752 756 760 764 768 772 776 780 784 788 792 796 800 804 808 812 816 820 824 828 832 836 840 844 848 852 856 860 864 868 872 876 880 884 888 892 896 900 904 908 912 916 920 924 928 932 936 940 944 948 952 956 960 964 968 972 976 980 984 988 992 996 1000 1004 1008 1012 1016 1020 1024 1028 1032 1036 1040 1044 1048 1052 1056 1060 1064 1068 1072 1076 1080 1084 1088 1092 1096 1100 1104 1108 1112 1116 1120 1124 1128 1132 1136 1140 1144 1148 1152 1156 1160 1164 1168 1172 1176 1180 1184 1188 1192 1196 1200 1204 1208 1212 1216 1220 1224 1228 1232 1236 1240 1244 1248 1252 1256 1260 1264 1268 1272 1276 1280 1284 1288 1292 1296 1300 1304 1308 1312 1316 1320 1324 1328 1332 1336 1340 1344 1348 1352 1356 1360 1364 1368 1372 1376 1380 1384 1388 1392 1396 1400 1404 1408 1412 1416 1420 1424 1428 1432 1436 1440 1444 1448 1452 1456 1460 1464 1468 1472 1476 1480 1484 1488 1492 1496 1500 1504 1508 1512 1516 1520 1524 1528 1532 1536 1540 1544 1548 1552 1556 1560 1564 1568 1572 1576 1580 1584 1588 1592 1596 1600 1604 1608 1612 1616 1620 1624 1628 1632 1636 1640 1644 1648 1652 1656 1660 1664 1668 1672 1676 1680 1684 1688 1692 1696 1700 1704 1708 1712 1716 1720 1724 1728 1732 1736 1740 1744 1748 1752 1756 1760 1764 1768 1772 1776 1780 1784 1788 1792 1796 1800 1804 1808 1812 1816 1820 1824 1828 1832 1836 1840 1844 1848 1852 1856 1860 1864 1868 1872 1876 1880 1884 1888 1892 1896 1900 1904 1908 1912 1916 1920 1924 1928 1932 1936 1940 1944 1948 1952 1956 1960 1964 1968 1972 1976 1980 1984 1988 1992 1996 2000 2004 2008 2012 2016 2020 2024 2028 2032 2036 2040 2044 2048 2052 2056 2060 2064 2068 2072 2076 2080 2084 2088 2092 2096 2100 2104 2108 2112 2116 2120 2124 2128 2132 2136 2140 2144 2148 2152 2156 2160 2164 2168 2172 2176 2180 2184 2188 2192 2196 2200 2204 2208 2212 2216 2220 2224 2228 2232 2236 2240 2244 2248 2252 2256 2260 2264 2268 2272 2276 2280 2284 2288 2292 2296 2300 2304 2308 2312 2316 2320 2324 2328 2332 2336 2340 2344 2348 2352 2356 2360 2364 2368 2372 2376 2380 2384 2388 2392 2396 2400 2404 2408 2412 2416 2420 2424 2428 2432 2436 2440 2444 2448 2452 2456 2460 2464 2468 2472 2476 2480 2484 2488 2492 2496 2500 2504 2508 2512 2516 2520 2524 2528 2532 2536 2540 2544 2548 2552 2556 2560 2564 2568 2572 2576 2580 2584 2588 2592 2596 2600 2604 2608 2612 2616 2620 2624 2628 2632 2636 2640 2644 2648 2652 2656 2660 2664 2668 2672 2676 2680 2684 2688 2692 2696 2700 2704 2708 2712 2716 2720 2724 2728 2732 2736 2740 2744 2748 2752 2756 2760 2764 2768 2772 2776 2780 2784 2788 2792 2796 2800 2804 2808 2812 2816 2820 2824 2828 2832 2836 2840 2844 2848 2852 2856 2860 2864 2868 2872 2876 2880 2884 2888 2892 2896 2900 2904 2908 2912 2916 2920 2924 2928 2932 2936 2940 2944 2948 2952 2956 2960 2964 2968 2972 2976 2980 2984 2988 2992 2996 3000 3004 3008 3012 3016 3020 3024 3028 3032 3036 3040 3044 3048 3052 3056 3060 3064 3068 3072 3076 3080 3084 3088 3092 3096 3100 3104 3108 3112 3116 3120 3124 3128 3132 3136 3140 3144 3148 3152 3156 3160 3164 3168 3172 3176 3180 3184 3188 3192 3196 3200 3204 3208 3212 3216 3220 3224 3228 3232 3236 3240 3244 3248 3252 3256 3260 3264 3268 3272 3276 3280 3284 3288 3292 3296 3300 3304 3308 3312 3316 3320 3324 3328 3332 3336 3340 3344 3348 3352 3356 3360 3364 3368 3372 3376 3380 3384 3388 3392 3396 3400 3404 3408 3412 3416 3420 3424 3428 3432 3436 3440 3444 3448 3452 3456 3460 3464 3468 3472 3476 3480 3484 3488 3492 3496 3500 3504 3508 3512 3516 3520 3524 3528 3532 3536 3540 3544 3548 3552 3556 3560 3564 3568 3572 3576 3580 3584 3588 3592 3596 3600 3604 3608 3612 3616 3620 3624 3628 3632 3636 3640 3644 3648 3652 3656 3660 3664 3668 3672 3676 3680 3684 3688 3692 3696 3700 3704 3708 3712 3716 3720 3724 3728 3732 3736 3740 3744 3748 3752 3756 3760 3764 3768 3772 3776 3780 3784 3788 3792 3796 3800 3804 3808 3812 3816 3820 3824 3828 3832 3836 3840 3844 3848 3852 3856 3860 3864 3868 3872 3876 3880 3884 3888 3892 3896 3900 3904 3908 3912 3916 3920 3924 3928 3932 3936 3940 3944 3948 3952 3956 3960 3964 3968 3972 3976 3980 3984 3988 3992 3996 4000 4004 4008 4012 4016 4020 4024 4028 4032 4036 4040 4044 4048 4052 4056 4060 4064 4068 4072 4076 4080 4084 4088 4092 4096 4100 4104 4108 4112 4116 4120 4124 4128 4132 4136 4140 4144 4148 4152 4156 4160 4164 4168 4172 4176 4180 4184 4188 4192 4196 4200 4204 4208 4212 4216 4220 4224 4228 4232 4236 4240 4244 4248 4252 4256 4260 4264 4268 4272 4276 4280 4284 4288 4292 4296 4300 4304 4308 4312 4316 4320 4324 4328 4332 4336 4340 4344 4348 4352 4356 4360 4364 4368 4372 4376 4380 4384 4388 4392 4396 4400 4404 4408 4412 4416 4420 4424 4428 4432 4436 4440 4444 4448 4452 4456 4460 4464 4468 4472 4476 4480 4484 4488 4492 4496 4500 4504 4508 4512 4516 4520 4524 4528 4532 4536 4540 4544 4548 4552 4556 4560 4564 4568 4572 4576 4580 4584 4588 4592 4596 4600 4604 4608 4612 4616 4620 4624 4628 4632 4636 4640 4644 4648 4652 4656 4660 4664 4668 4672 4676 4680 4684 4688 4692 4696 4700 4704 4708 4712 4716 4720 4724 4728 4732 4736 4740 4744 4748 4752 4756 4760 4764 4768 4772 4776 4780 4784 4788 4792 4796 4800 4804 4808 4812 4816 4820 4824 4828 4832 4836 4840 4844 4848 4852 4856 4860 4864 4868 4872 4876 4880 4884 4888 4892 4896 4900 4904 4908 4912 4916 4920 4924 4928 4932 4936 4940 4944 4948 4952 4956 4960 4964 4968 4972 4976 4980 4984 4988 4992 4996 5000 5004 5008 5012 5016 5020 5024 5028 5032 5036 5040 5044 5048 5052 5056 5060 5064 5068 5072 5076 5080 5084 5088 5092 5096 5100 5104 5108 5112 5116 5120 5124 5128 5132 5136 5140 5144 5148 5152 5156 5160 5164 5168 5172 5176 5180 5184 5188 5192 5196 5200 5204 5208 5212 5216 5220 5224 5228 5232 5236 5240 5244 5248 5252 5256 5260 5264 5268 5272 5276 5280 5284 5288 5292 5296 5300 5304 5308 5312 5316 5320 5324 5328 5332 5336 5340 5344 5348 5352 5356 5360 5364 5368 5372 5376 5380 5384 5388 5392 5396 5400 5404 5408 5412 5416 5420 5424 5428 5432 5436 5440 5444 5448 5452 5456 5460 5464 5468 5472 5476 5480 5484 5488 5492 5496 5500 5504 5508 5512 5516 5520 5524 5528 5532 5536 5540 5544 5548 5552 5556 5560 5564 5568 5572 5576 5580 5584 5588 5592 5596 5600 5604 5608 5612 5616 5620 5624 5628 5632 5636 5640 5644 5648 5652 5656 5660 5664 5668 5672 5676 5680 5684 5688 5692 5696 5700 5704 5708 5712 5716 5720 5724 5728 5732 5736 5740 5744 5748 5752 5756 5760 5764 5768 5772 5776 5780 5784 5788 5792 5796 5800 5804 5808 5812 5816 5820 5824 5828 5832 5836 5840 5844 5848 5852 5856 5860 5864 5868 5872 5876 5880 5884 5888 5892 5896 5900 5904 5908 5912 5916 5920 5924 5928 5932 5936 5940 5944 5948 5952 5956 5960 5964 5968 5972 5976 5980 5984 5988 5992 5996 6000 6004 6008 6012 6016 6020 6024 6028 6032 6036 6040 6044 6048 6052 6056 6060 6064 6068 6072 6076 6080 6084 6088 6092 6096 6100 6104 6108 6112 6116 6120 6124 6128 6132 6136 6140 6144 6148 6152 6156 6160 6164 6168 6172 6176 6180 6184 6188 6192 6196 6200 6204 6208 6212 6216 6220 6224 6228 6232 6236 6240 6244 6248 6252 6256 6260 6264 6268 6272 6276 6280 6284 6288 6292 6296 6300 6304 6308 6312 6316 6320 6324 6328 6332 6336 6340 6344 6348 6352 6356 6360 6364 6368 6372 6376 6380 6384 6388 6392 6396 6400 6404 6408 6412 6416 6420 6424 6428 6432 6436 6440 6444 6448 6452 6456 6460 6464 6468 6472 6476 6480 6484 6488 6492 6496 6500 6504 6508 6512 6516 6520 6524 6528 6532 6536 6540 6544 6548 6552 6556 6560 6564 6568 6572 6576 6580 6584 6588 6592 6596 6600 6604 6608 6612 6616 6620 6624 6628 6632 6636 6640 6644 6648 6652 6656 6660 6664 6668 6672 6676 6680 6684 6688 6692 6696 6700 6704 6708 6712 6716 6720 6724 6728 6732 6736 6740 6744 6748 6752 6756 6760 6764 6768 6772 6776 6780 6784 6788 6792 6796 6800 6804 6808 6812 6816 6820 6824 6828 6832 6836 6840 6844 6848 6852 6856 6860 6864 6868 6872 6876 6880 6884 6888 6892 6896 6900 6904 6908 6912 6916 6920 6924 6928 6932 6936 6940 6944 6948 6952 6956 6960 6964 6968 6972 6976 6980 6984 6988 6992 6996 7000 7004 7008 7012 7016 7020 7024 7028 7032 7036 7040 7044 7048 7052 7056 7060 7064 7068 7072 7076 7080 7084 7088 7092 7096 7100 7104 7108 7112 7116 7120 7124 7128 7132 7136 7140 7144 7148 7152 7156 7160 7164 7168 7172 7176 7180 7184 7188 7192 7196 7200 7204 7208 7212 7216 7220 7224 7228 7232 7236 7240 7244 7248 7252 7256 7260 7264 7268 7272 7276 7280 7284 7288 7292 7296 7300 7304 7308 7312 7316 7320 7324 7328 7332 7336 7340 7344 7348 7352 7356 7360 7364 7368 7372 7376 7380 7384 7388 7392 7396 7400 7404 7408 7412 7416 7420 7424 7428 7432 7436 7440 7444 7448 7452 7456 7460 7464 7468 7472 7476 7480 7484 7488 7492 7496 7500 7504 7508 7512 7516 7520 7524 7528 7532 7536 7540 7544 7548 7552 7556 7560 7564 7568 7572 7576 7580 7584 7588 7592 7596 7600 7604 7608 7612 7616 7620 7624 7628 7632 7636 7640 7644 7648 7652 7656 7660 7664 7668 7672 7676 7680 7684 7688 7692 7696 7700 7704 7708 7712 7716 7720 7724 7728 7732 7736 7740 7744 7748 7752 7756 7760 7764 7768 7772 7776 7780 7784 7788 7792 7796 7800 7804 7808 7812 7816 7820 7824 7828 7832 7836 7840 7844 7848 7852 7856 7860 7864 7868 7872 7876 7880 7884 7888 7892 7896 7900 7904 7908 7912 7916 7920 7924 7928 7932 7936 7940 7944 7948 7952 7956 7960 7964 7968 7972 7976 7980 7984 7988 7992 7996 8000 8004 8008 8012 8016 8020 8024 8028 8032 8036 8040 8044 8048 8052 8056 8060 8064 8068 8072 8076 8080 8084 8088 8092 8096 8100 8104 8108 8112 8116 8120 8124 8128 8132 8136 8140 8144 8148 8152 8156 8160 8164 8168 8172 8176 8180 8184 8188 8192 8196 8200 8204 8208 8212 8216 8220 8224 8228 8232 8236 8240 8244 8248 8252 8256 8260 8264 8268 8272 8276 8280 8284 8288 8292 8296 8300 8304 8308 8312 8316 8320 
</DataArray>
<DataArray type="UInt8" Name="types" format="ascii">
7 7 7 7 7 7 7 7 7 7 7 7 7 7 7 7 7 7 7 7 7 7 7 7 7 7 7 7 7 7 7 7 7 7 7 7 7 7 7 7 7 7 7 7 7 7 7 7 7 7 7 7 7 7 7 7 7 7 7 7 7 7 7 7 7 7 7 7 7 7 7 7 7 7 7 7 7 7 7 7 7 7 7 7 7 7 7 7 7 7 7 7 7 7 7 7 7 7 7 7 7 7 7 7 7 7 7 7 7 7 7 7 7 7 7 7 7 7 7 7 7 7 7 7 7 7 7 7 7 7 7 7 7 7 7 7 7 7 7 7 7 7 7 7 7 7 7 7 7 7 7 7 7 7 7 7 7 7 7 7 7 7 7 7 7 7 7 7 7 7 7 7 7 7 7 7 7 7 7 7 7 7 7 7 7 7 7 7 7 7 7 7 7 7 7 7 7 7 7 7 7 7 7 7 7 7 7 7 7 7 7 7 7 7 7 7 7 7 7 7 7 7 7 7 7 7 7 7 7 7 7 7 7 7 7 7 7 7 7 7 7 7 7 7 7 7 7 7 7 7 7 7 7 7 7 7 7 7 7 7 7 7 7 7 7 7 7 7 7 7 7 7 7 7 7 7 7 7 7 7 7 7 7 7 7 7 7 7 7 7 7 7 7 7 7 7 7 7 7 7 7 7 7 7 7 7 7 7 7 7 7 7 7 7 7 7 7 7 7 7 7 7 7 7 7 7 7 7 7 7 7 7 7 7 7 7 7 7 7 7 7 7 7 7 7 7 7 7 7 7 7 7 7 7 7 7 7 7 7 7 7 7 7 7 7 7 7 7 7 7 7 7 7 7 7 7 7 7 7 7 7 7 7 7 7 7 7 7 7 7 7 7 7 7 7 7 7 7 7 7 7 7 7 7 7 7 7 7 7 7 7 7 7 7 7 7 7 7 7 7 7 7 7 7 7 7 7 7 7 7 7 7 7 7 7 7 7 7 7 7 7 7 7 7 7 7 7 7 7 7 7 7 7 7 7 7 7 7 7 7 7 7 7 7 7 7 7 7 7 7 7 7 7 7 7 7 7 7 7 7 7 7 7 7 7 7 7 7 7 7 7 7 7 7 7 7 7 7 7 7 7 7 7 7 7 7 7 7 7 7 7 7 7 7 7 7 7 7 7 7 7 7 7 7 7 7 7 7 7 7 7 7 7 7 7 7 7 7 7 7 7 7 7 7 7 7 7 7 7 7 7 7 7 7 7 7 7 7 7 7 7 7 7 7 7 7 7 7 7 7 7 7 7 7 7 7 7 7 7 7 7 7 7 7 7 7 7 7 7 7 7 7 7 7 7 7 7 7 7 7 7 7 7 7 7 7 7 7 7 7 7 7 7 7 7 7 7 7 7 7 7 7 7 7 7 7 7 7 7 7 7 7 7 7 7 7 7 7 7 7 7 7 7 7 7 7 7 7 7 7 7 7 7 7 7 7 7 7 7 7 7 7 7 7 7 7 7 7 7 7 7 7 7 7 7 7 7 7 7 7 7 7 7 7 7 7 7 7 7 7 7 7 7 7 7 7 7 7 7 7 7 7 7 7 7 7 7 7 7 7 7 7 7 7 7 7 7 7 7 7 7 7 7 7 7 7 7 7 7 7 7 7 7 7 7 7 7 7 7 7 7 7 7 7 7 7 7 7 7 7 7 7 7 7 7 7 7 7 7 7 7 7 7 7 7 7 7 7 7 7 7 7 7 7 7 7 7 7 7 7 7 7 7 7 7 7 7 7 7 7 7 7 7 7 7 7 7 7 7 7 7 7 7 7 7 7 7 7 7 7 7 7 7 7 7 7 7 7 7 7 7 7 7 7 7 7 7 7 7 7 7 7 7 7 7 7 7 7 7 7 7 7 7 7 7 7 7 7 7 7 7 7 7 7 7 7 7 7 7 7 7 7 7 7 7 7 7 7 7 7 7 7 7 7 7 7 7 7 7 7 7 7 7 7 7 7 7 7 7 7 7 7 7 7 7 7 7 7 7 7 7 7 7 7 7 7 7 7 7 7 7 7 7 7 7 7 7 7 7 7 7 7 7 7 7 7 7 7 7 7 7 7 7 7 7 7 7 7 7 7 7 7 7 7 7 7 7 7 7 7 7 7 7 7 7 7 7 7 7 7 7 7 7 7 7 7 7 7 7 7 7 7 7 7 7 7 7 7 7 7 7 7 7 7 7 7 7 7 7 7 7 7 7 7 7 7 7 7 7 7 7 7 7 7 7 7 7 7 7 7 7 7 7 7 7 7 7 7 7 7 7 7 7 7 7 7 7 7 7 7 7 7 7 7 7 7 7 7 7 7 7 7 7 7 7 7 7 7 7 7 7 7 7 7 7 7 7 7 7 7 7 7 7 7 7 7 7 7 7 7 7 7 7 7 7 7 7 7 7 7 7 7 7 7 7 7 7 7 7 7 7 7 7 7 7 7 7 7 7 7 7 7 7 7 7 7 7 7 7 7 7 7 7 7 7 7 7 7 7 7 7 7 7 7 7 7 7 7 7 7 7 7 7 7 7 7 7 7 7 7 7 7 7 7 7 7 7 7 7 7 7 7 7 7 7 7 7 7 7 7 7 7 7 7 7 7 7 7 7 7 7 7 7 7 7 7 7 7 7 7 7 7 7 7 7 7 7 7 7 7 7 7 7 7 7 7 7 7 7 7 7 7 7 7 7 7 7 7 7 7 7 7 7 7 7 7 7 7 7 7 7 7 7 7 7 7 7 7 7 7 7 7 7 7 7 7 7 7 7 7 7 7 7 7 7 7 7 7 7 7 7 7 7 7 7 7 7 7 7 7 7 7 7 7 7 7 7 7 7 7 7 7 7 7 7 7 7 7 7 7 7 7 7 7 7 7 7 7 7 7 7 7 7 7 7 7 7 7 7 7 7 7 7 7 7 7 7 7 7 7 7 7 7 7 7 7 7 7 7 7 7 7 7 7 7 7 7 7 7 7 7 7 7 7 7 7 7 7 7 7 7 7 7 7 7 7 7 7 7 7 7 7 7 7 7 7 7 7 7 7 7 7 7 7 7 7 7 7 7 7 7 7 7 7 7 7 7 7 7 7 7 7 7 7 7 7 7 7 7 7 7 7 7 7 7 7 7 7 7 7 7 7 7 7 7 7 7 7 7 7 7 7 7 7 7 7 7 7 7 7 7 7 7 7 7 7 7 7 7 7 7 7 7 7 7 7 7 7 7 7 7 7 7 7 7 7 7 7 7 7 7 7 7 7 7 7 7 7 7 7 7 7 7 7 7 7 7 7 7 7 7 7 7 7 7 7 7 7 7 7 7 7 7 7 7 7 7 7 7 7 7 7 7 7 7 7 7 7 7 7 7 7 7 7 7 7 7 7 7 7 7 7 7 7 7 7 7 7 7 7 7 7 7 7 7 7 7 7 7 7 7 7 7 7 7 7 7 7 7 7 7 7 7 7 7 7 7 7 7 7 7 7 7 7 7 7 7 7 7 7 7 7 7 7 7 7 7 7 7 7 7 7 7 7 7 7 7 7 7 7 7 7 7 7 7 7 7 7 7 7 7 7 7 7 7 7 7 7 7 7 7 7 7 7 7 7 7 7 7 7 7 7 7 7 7 7 7 7 7 7 7 7 7 7 7 7 7 7 7 7 7 7 7 7 7 7 7 7 7 7 7 7 7 7 7 7 7 7 7 7 7 7 7 7 7 7 7 7 7 7 7 7 7 7 7 7 7 7 7 7 7 7 7 7 7 7 7 7 7 7 7 7 7 7 7 7 7 7 7 7 7 7 7 7 7 7 7 7 7 7 7 7 7 7 7 7 7 7 7 7 7 7 7 7 7 7 7 7 7 7 7 7 7 7 7 7 7 7 7 7 7 7 7 7 7 7 7 7 7 7 7 7 7 7 7 7 7 7 7 7 7 7 7 7 7 7 7 7 7 7 7 7 7 7 7 7 7 7 7 7 7 7 7 7 7 7 7 7 7 7 7 7 7 7 7 7 7 7 7 7 7 7 7 7 7 7 7 7 7 7 7 7 7 7 7 7 7 7 7 7 7 7 7 7 7 7 7 7 7 7 7 7 7 7 7 7 7 7 7 7 7 7 7 7 7 7 7 7 7 7 7 7 7 7 7 7 7 7 7 7 7 7 7 7 7 7 7 7 7 7 7 7 7 7 7 7 7 7 7 7 7 7 7 7 7 7 7 7 7 7 7 7 7 7 7 7 7 7 7 7 7 7 7 7 7 7 7 7 7 7 7 7 7 7 7 7 7 7 7 7 7 7 7 7 7 7 7 7 7 7 7 7 7 7 7 7 7 7 7 7 7 7 7 7 7 7 7 7 7 7 7 7 7 7 7 7 7 7 7 7 7 7 7 7 7 7 7 7 7 7 7 7 7 7 7 7 7 7 7 7 7 7 7 7 7 7 7 7 7 7 7 7 7 7 7 7 7 7 7 7 7 7 7 7 7 7 7 7 7 7 7 7 7 7 7 7 7 7 7 7 7 7 7 7 7 7 7 7 7 7 7 7 7 7 7 7 7 7 7 7 7 7 7 7 7 7 7 7 7 7 7 7 7 7 7 7 7 7 7 7 7 7 7 7 7 7 7 7 7 7 7 7 7 7 7 7 7 7 7 7 7 7 7 7 7 7 7 7 7 7 
</DataArray>
</Cells>
<CellData Scalars="wall variable 0">
<DataArray type="Float64" Name="wall length" format="ascii">
29.5757 26.8712 29.5757 26.8643 29.5757 26.8291 29.5757 26.8712 29.5757 26.7992 29.5757 26.8291 29.5757 26.811 29.5757 26.7992 29.5757 26.8436 29.5757 26.811 29.5757 26.8371 29.5757 26.8436 29.5757 26.8358 29.5757 26.8371 29.5757 26.8528 29.5757 26.8358 29.5757 26.8655 29.5757 26.8528 29.5757 26.8613 29.5757 26.8655 29.5757 26.8385 29.5757 26.8613 29.5757 26.8125 29.5757 26.8385 29.5757 26.8057 29.5757 26.8125 29.5757 26.8055 29.5757 26.8057 29.5757 26.8275 29.5757 26.8055 29.5757 26.8643 29.5757 26.8275 29.5757 30.2445 29.5757 30.2844 30.2087 29.5757 30.2445 29.5757 30.2279 29.5757 30.2087 29.5757 30.3078 29.5757 30.2279 29.5757 30.3846 29.5757 30.3078 29.5757 30.2982 29.5757 30.3846 29.5757 30.2073 29.5757 30.2982 29.5757 30.1652 29.5757 30.2073 29.5757 30.1694 29.5757 30.1652 29.5757 30.2653 29.5757 30.1694 29.5757 30.3796 29.5757 30.2653 29.5757 30.3079 29.5757 30.3796 29.5757 30.2325 29.5757 30.3079 29.5757 30.2367 29.5757 30.2325 29.5757 30.277 29.5757 30.2367 29.5757 29.5757 30.2844 29.5757 30.277 29.5757 30.6401 29.5757 30.7127 29.5757 30.528 29.5757 30.6401 29.5757 30.5152 29.5757 30.528 29.5757 30.6596 29.5757 30.5152 29.5757 30.8649 29.5757 30.6596 29.5757 30.6373 29.5757 30.8649 29.5757 30.5018 29.5757 30.6373 29.5757 30.4787 29.5757 30.5018 29.5757 30.4732 29.5757 30.4787 29.5757 30.6099 29.5757 30.4732 29.5757 30.8575 29.5757 30.6099 29.5757 30.661 29.5757 30.8575 29.5757 30.5244 29.5757 30.661 29.5757 30.5542 29.5757 30.5244 29.5757 30.6637 29.5757 30.5542 29.5757 30.7127 29.5757 30.6637 29.5757 29.7373 29.5757 29.4347 29.5757 30.5787 29.5757 29.7373 29.5757 31.7227 29.5757 30.5787 29.5757 32.9403 29.5757 31.7227 29.5757 34.0586 29.5757 32.9403 29.5757 34.9904 29.5757 34.0586 29.5757 35.3944 29.5757 34.9904 29.5757 35.4872 29.5757 35.3944 29.5757 35.3928 29.5757 35.4872 29.5757 34.9871 29.5757 35.3928 29.5757 34.0561 29.5757 34.9871 29.5757 32.9411 29.5757 34.0561 29.5757 31.7288 29.5757 32.9411 29.5757 30.5939 29.5757 31.7288 29.5757 29.7578 29.5757 30.5939 29.5757 29.4347 29.5757 29.7578 29.5757 29.5175 29.5757 29.199 29.5757 30.3975 29.5757 29.5175 29.5757 31.614 29.5757 30.3975 29.5757 32.9231 29.5757 31.614 29.5757 34.1128 29.5757 32.9231 29.5757 34.9937 29.5757 34.1128 29.5757 35.3938 29.5757 34.9937 29.5757 35.4878 29.5757 35.3938 29.5757 35.3926 29.5757 35.4878 29.5757 34.9909 29.5757 35.3926 29.5757 34.111 29.5757 34.9909 29.5757 32.9242 29.5757 34.111 29.5757 31.6192 29.5757 32.9242 29.5757 30.4076 29.5757 31.6192 29.5757 29.5283 29.5757 30.4076 29.5757 29.199 29.5757 29.5283 29.5757 29.3641 29.5757 29.0443 29.5757 30.2559 29.5757 29.3641 29.5757 31.5178 29.5757 30.2559 29.5757 32.8938 29.5757 31.5178 29.5757 34.1296 29.5757 32.8938 29.5757 34.995 29.5757 34.1296 29.5757 35.3926 29.5757 34.995 29.5757 35.4875 29.5757 35.3926 29.5757 35.3917 29.5757 35.4875 29.5757 34.9929 29.5757 35.3917 29.5757 34.1283 29.5757 34.9929 29.5757 32.8948 29.5757 34.1283 29.5757 31.5218 29.5757 32.8948 29.5757 30.2624 29.5757 31.5218 29.5757 29.3701 29.5757 30.2624 29.5757 29.0443 29.5757 29.3701 29.5757 29.2439 29.5757 28.9216 29.5757 30.1469 29.5757 29.2439 29.5757 31.4411 29.5757 30.1469 29.5757 32.8631 29.5757 31.4411 29.5757 34.1304 29.5757 32.8631 29.5757 34.9956 29.5757 34.1304 29.5757 35.392 29.5757 34.9956 29.5757 35.4875 29.5757 35.392 29.5757 35.3914 29.5757 35.4875 29.5757 34.9941 29.5757 35.3914 29.5757 34.1295 29.5757 34.9941 29.5757 32.864 29.5757 34.1295 29.5757 31.4444 29.5757 32.864 29.5757 30.1518 29.5757 31.4444 29.5757 29.2476 29.5757 30.1518 29.5757 28.9216 29.5757 29.2476 29.5757 29.1479 29.5757 28.8229 29.5757 30.0613 29.5757 29.1479 29.5757 31.3791 29.5757 30.0613 29.5757 32.8335 29.5757 31.3791 29.5757 34.1245 29.5757 32.8335 29.5757 34.9955 29.5757 34.1245 29.5757 35.392 29.5757 34.9955 29.5757 35.4878 29.5757 35.392 29.5757 35.3917 29.5757 35.4878 29.5757 34.9947 29.5757 35.3917 29.5757 34.124 29.5757 34.9947 29.5757 32.8341 29.5757 34.124 29.5757 31.3812 29.5757 32.8341 29.5757 30.0643 29.5757 31.3812 29.5757 29.1502 29.5757 30.0643 29.5757 28.8229 29.5757 29.1502 29.5757 29.0711 29.5757 28.7435 29.5757 29.9921 29.5757 29.0711 29.5757 31.3277 29.5757 29.9921 29.5757 32.8055 29.5757 31.3277 29.5757 34.1153 29.5757 32.8055 29.5757 34.9948 29.5757 34.1153 29.5757 35.3922 29.5757 34.9948 29.5757 35.4882 29.5757 35.3922 29.5757 35.3921 29.5757 35.4882 29.5757 34.9944 29.5757 35.3921 29.5757 34.1151 29.5757 34.9944 29.5757 32.806 29.5757 34.1151 29.5757 31.3291 29.5757 32.806 29.5757 29.9941 29.5757 31.3291 29.5757 29.0725 29.5757 29.9941 29.5757 28.7435 29.5757 29.0725 29.5757 29.0111 29.5757 28.6806 29.5757 29.9365 29.5757 29.0111 29.5757 31.2826 29.5757 29.9365 29.5757 32.7794 29.5757 31.2826 29.5757 34.1047 29.5757 32.7794 29.5757 34.9929 29.5757 34.1047 29.5757 35.393 29.5757 34.9929 29.5757 35.489 29.5757 35.393 29.5757 35.393 29.5757 35.489 29.5757 34.9929 29.5757 35.393 29.5757 34.1046 29.5757 34.9929 29.5757 32.7798 29.5757 34.1046 29.5757 31.2836 29.5757 32.7798 29.5757 29.9378 29.5757 31.2836 29.5757 29.0118 29.5757 29.9378 29.5757 28.6806 29.5757 29.0118 29.5757 28.9665 29.5757 28.6335 29.5757 29.902 29.5757 28.9665 29.5757 31.2603 29.5757 29.902 29.5757 32.7668 29.5757 31.2603 29.5757 34.1004 29.5757 32.7668 29.5757 34.9928 29.5757 34.1004 29.5757 35.3937 29.5757 34.9928 29.5757 35.4897 29.5757 35.3937 29.5757 35.3937 29.5757 35.4897 29.5757 34.9927 29.5757 35.3937 29.5757 34.1005 29.5757 34.9927 29.5757 32.7671 29.5757 34.1005 29.5757 31.261 29.5757 32.7671 29.5757 29.9028 29.5757 31.261 29.5757 28.9666 29.5757 29.9028 29.5757 28.6335 29.5757 28.9666 29.5757 28.9344 29.5757 28.5992 29.5757 29.8758 29.5757 28.9344 29.5757 31.2417 29.5757 29.8758 29.5757 32.756 29.5757 31.2417 29.5757 34.0965 29.5757 32.756 29.5757 34.9929 29.5757 34.0965 29.5757 35.3944 29.5757 34.9929 29.5757 35.4904 29.5757 35.3944 29.5757 35.3945 29.5757 35.4904 29.5757 34.993 29.5757 35.3945 29.5757 34.0967 29.5757 34.993 29.5757 32.7563 29.5757 34.0967 29.5757 31.2421 29.5757 32.7563 29.5757 29.8761 29.5757 31.2421 29.5757 28.934 29.5757 29.8761 29.5757 28.5992 29.5757 28.934 29.5757 28.9126 29.5757 28.5757 29.5757 29.8579 29.5757 28.9126 29.5757 31.2288 29.5757 29.8579 29.5757 32.7485 29.5757 31.2288 29.5757 34.094 29.5757 32.7485 29.5757 34.9931 29.5757 34.094 29.5757 35.3951 29.5757 34.9931 29.5757 35.4909 29.5757 35.3951 29.5757 35.3951 29.5757 35.4909 29.5757 34.9932 29.5757 35.3951 29.5757 34.0942 29.5757 34.9932 29.5757 32.7487 29.5757 34.0942 29.5757 31.2289 29.5757 32.7487 29.5757 29.8577 29.5757 31.2289 29.5757 28.9117 29.5757 29.8577 29.5757 28.5757 29.5757 28.9117 29.5757 28.8995 29.5757 28.5617 29.5757 29.8472 29.5757 28.8995 29.5757 31.2215 29.5757 29.8472 29.5757 32.7447 29.5757 31.2215 29.5757 34.093 29.5757 32.7447 29.5757 34.9936 29.5757 34.093 29.5757 35.3958 29.5757 34.9936 29.5757 35.4914 29.5757 35.3958 29.5757 35.3958 29.5757 35.4914 29.5757 34.9938 29.5757 35.3958 29.5757 34.0933 29.5757 34.9938 29.5757 32.7449 29.5757 34.0933 29.5757 31.2214 29.5757 32.7449 29.5757 29.8466 29.5757 31.2214 29.5757 28.8982 29.5757 29.8466 29.5757 28.5617 29.5757 28.8982 29.5757 28.8946 29.5757 28.5559 29.5757 29.8438 29.5757 28.8946 29.5757 31.2199 29.5757 29.8438 29.5757 32.7447 29.5757 31.2199 29.5757 34.0937 29.5757 32.7447 29.5757 34.9945 29.5757 34.0937 29.5757 35.3964 29.5757 34.9945 29.5757 35.492 29.5757 35.3964 29.5757 35.3966 29.5757 35.492 29.5757 34.9948 29.5757 35.3966 29.5757 34.094 29.5757 34.9948 29.5757 32.7447 29.5757 34.094 29.5757 31.2195 29.5757 32.7447 29.5757 29.843 29.5757 31.2195 29.5757 28.893 29.5757 29.843 29.5757 28.5559 29.5757 28.893 29.5757 28.8979 29.5757 28.5592 29.5757 29.8475 29.5757 28.8979 29.5757 31.224 29.5757 29.8475 29.5757 32.7485 29.5757 31.224 29.5757 34.0964 29.5757 32.7485 29.5757 34.9958 29.5757 34.0964 29.5757 35.397 29.5757 34.9958 29.5757 35.4923 29.5757 35.397 29.5757 35.397 29.5757 35.4923 29.5757 34.9961 29.5757 35.397 29.5757 34.0967 29.5757 34.9961 29.5757 32.7483 29.5757 34.0967 29.5757 31.2233 29.5757 32.7483 29.5757 29.8465 29.5757 31.2233 29.5757 28.8962 29.5757 29.8465 29.5757 28.5592 29.5757 28.8962 29.5757 28.9092 29.5757 28.5699 29.5757 29.859 29.5757 28.9092 29.5757 31.2342 29.5757 29.859 29.5757 32.7564 29.5757 31.2342 29.5757 34.1013 29.5757 32.7564 29.5757 34.9975 29.5757 34.1013 29.5757 35.3975 29.5757 34.9975 29.5757 35.4925 29.5757 35.3975 29.5757 35.3974 29.5757 35.4925 29.5757 34.9978 29.5757 35.3974 29.5757 34.1015 29.5757 34.9978 29.5757 32.756 29.5757 34.1015 29.5757 31.2332 29.5757 32.756 29.5757 29.8576 29.5757 31.2332 29.5757 28.9072 29.5757 29.8576 29.5757 28.5699 29.5757 28.9072 29.5757 28.9271 29.5757 28.5872 29.5757 29.8764 29.5757 28.9271 29.5757 31.2491 29.5757 29.8764 29.5757 32.7672 29.5757 31.2491 29.5757 34.1077 29.5757 32.7672 29.5757 35.0009 29.5757 34.1077 29.5757 35.3987 29.5757 35.0009 29.5757 35.4932 29.5757 35.3987 29.5757 35.3989 29.5757 35.4932 29.5757 35.0013 29.5757 35.3989 29.5757 34.1078 29.5757 35.0013 29.5757 32.7666 29.5757 34.1078 29.5757 31.2477 29.5757 32.7666 29.5757 29.8743 29.5757 31.2477 29.5757 28.9243 29.5757 29.8743 29.5757 28.5872 29.5757 28.9243 29.5757 28.9509 29.5757 28.6113 29.5757 29.8984 29.5757 28.9509 29.5757 31.2674 29.5757 29.8984 29.5757 32.7801 29.5757 31.2674 29.5757 34.1149 29.5757 32.7801 29.5757 35.0038 29.5757 34.1149 29.5757 35.4001 29.5757 35.0038 29.5757 35.4942 29.5757 35.4001 29.5757 35.4001 29.5757 35.4942 29.5757 35.004 29.5757 35.4001 29.5757 34.115 29.5757 35.004 29.5757 32.7793 29.5757 34.115 29.5757 31.2656 29.5757 32.7793 29.5757 29.8956 29.5757 31.2656 29.5757 28.9474 29.5757 29.8956 29.5757 28.6113 29.5757 28.9474 29.5757 28.9802 29.5757 28.641 29.5757 29.9252 29.5757 28.9802 29.5757 31.2894 29.5757 29.9252 29.5757 32.7955 29.5757 31.2894 29.5757 34.1231 29.5757 32.7955 29.5757 35.0062 29.5757 34.1231 29.5757 35.4008 29.5757 35.0062 29.5757 35.4946 29.5757 35.4008 29.5757 35.4008 29.5757 35.4946 29.5757 35.0065 29.5757 35.4008 29.5757 34.123 29.5757 35.0065 29.5757 32.7945 29.5757 34.123 29.5757 31.2872 29.5757 32.7945 29.5757 29.9219 29.5757 31.2872 29.5757 28.9761 29.5757 29.9219 29.5757 28.641 29.5757 28.9761 29.5757 29.0156 29.5757 28.6774 29.5757 29.9572 29.5757 29.0156 29.5757 31.3155 29.5757 29.9572 29.5757 32.8133 29.5757 31.3155 29.5757 34.132 29.5757 32.8133 29.5757 35.0086 29.5757 34.132 29.5757 35.4008 29.5757 35.0086 29.5757 35.4943 29.5757 35.4008 29.5757 35.4009 29.5757 35.4943 29.5757 35.0091 29.5757 35.4009 29.5757 34.1319 29.5757 35.0091 29.5757 32.812 29.5757 34.1319 29.5757 31.3128 29.5757 32.812 29.5757 29.9534 29.5757 31.3128 29.5757 29.011 29.5757 29.9534 29.5757 28.6774 29.5757 29.011 29.5757 29.0584 29.5757 28.7211 29.5757 29.9956 29.5757 29.0584 29.5757 31.346 29.5757 29.9956 29.5757 32.8333 29.5757 31.346 29.5757 34.1415 29.5757 32.8333 29.5757 35.0108 29.5757 34.1415 29.5757 35.4007 29.5757 35.0108 29.5757 35.494 29.5757 35.4007 29.5757 35.4008 29.5757 35.494 29.5757 35.0114 29.5757 35.4008 29.5757 34.1414 29.5757 35.0114 29.5757 32.8318 29.5757 34.1414 29.5757 31.3429 29.5757 32.8318 29.5757 29.9913 29.5757 31.3429 29.5757 29.0533 29.5757 29.9913 29.5757 28.7211 29.5757 29.0533 29.5757 29.1093 29.5757 28.7735 29.5757 30.0411 29.5757 29.1093 29.5757 31.3814 29.5757 30.0411 29.5757 32.8555 29.5757 31.3814 29.5757 34.1511 29.5757 32.8555 29.5757 35.0126 29.5757 34.1511 29.5757 35.4005 29.5757 35.0126 29.5757 35.4936 29.5757 35.4005 29.5757 35.4008 29.5757 35.4936 29.5757 35.0134 29.5757 35.4008 29.5757 34.1511 29.5757 35.0134 29.5757 32.8538 29.5757 34.1511 29.5757 31.378 29.5757 32.8538 29.5757 30.0363 29.5757 31.378 29.5757 29.1039 29.5757 30.0363 29.5757 28.7735 29.5757 29.1039 29.5757 29.1705 29.5757 28.8367 29.5757 30.0955 29.5757 29.1705 29.5757 31.4229 29.5757 30.0955 29.5757 32.8798 29.5757 31.4229 29.5757 34.1605 29.5757 32.8798 29.5757 35.0139 29.5757 34.1605 29.5757 35.4003 29.5757 35.0139 29.5757 35.4933 29.5757 35.4003 29.5757 35.4006 29.5757 35.4933 29.5757 35.0149 29.5757 35.4006 29.5757 34.1604 29.5757 35.0149 29.5757 32.8779 29.5757 34.1604 29.5757 31.4191 29.5757 32.8779 29.5757 30.0903 29.5757 31.4191 29.5757 29.1647 29.5757 30.0903 29.5757 28.8367 29.5757 29.1647 29.5757 29.2439 29.5757 28.9115 29.5757 30.1615 29.5757 29.2439 29.5757 31.4721 29.5757 30.1615 29.5757 32.9059 29.5757 31.4721 29.5757 34.1685 29.5757 32.9059 29.5757 35.0144 29.5757 34.1685 29.5757 35.4002 29.5757 35.0144 29.5757 35.4932 29.5757 35.4002 29.5757 35.4006 29.5757 35.4932 29.5757 35.0155 29.5757 35.4006 29.5757 34.1683 29.5757 35.0155 29.5757 32.9038 29.5757 34.1683 29.5757 31.4679 29.5757 32.9038 29.5757 30.1557 29.5757 31.4679 29.5757 29.2375 29.5757 30.1557 29.5757 28.9115 29.5757 29.2375 29.5757 29.3324 29.5757 28.9998 29.5757 30.243 29.5757 29.3324 29.5757 31.5314 29.5757 30.243 29.5757 32.9329 29.5757 31.5314 29.5757 34.1728 29.5757 32.9329 29.5757 35.0139 29.5757 34.1728 29.5757 35.4004 29.5757 35.0139 29.5757 35.4933 29.5757 35.4004 29.5757 35.4008 29.5757 35.4933 29.5757 35.015 29.5757 35.4008 29.5757 34.1725 29.5757 35.015 29.5757 32.9306 29.5757 34.1725 29.5757 31.5268 29.5757 32.9306 29.5757 30.2363 29.5757 31.5268 29.5757 29.3249 29.5757 30.2363 29.5757 28.9998 29.5757 29.3249 29.5757 29.437 29.5757 29.1009 29.5757 30.3432 29.5757 29.437 29.5757 31.6023 29.5757 30.3432 29.5757 32.9579 29.5757 31.6023 29.5757 34.1673 29.5757 32.9579 29.5757 35.0119 29.5757 34.1673 29.5757 35.401 29.5757 35.0119 29.5757 35.4937 29.5757 35.401 29.5757 35.4015 29.5757 35.4937 29.5757 35.013 29.5757 35.4015 29.5757 34.167 29.5757 35.013 29.5757 32.9556 29.5757 34.167 29.5757 31.5973 29.5757 32.9556 29.5757 30.3347 29.5757 31.5973 29.5757 29.427 29.5757 30.3347 29.5757 29.1009 29.5757 29.427 29.5757 29.5483 29.5757 29.2042 29.5757 30.4509 29.5757 29.5483 29.5757 31.6713 29.5757 30.4509 29.5757 32.9667 29.5757 31.6713 29.5757 34.1362 29.5757 32.9667 29.5757 35.0084 29.5757 34.1362 29.5757 35.4022 29.5757 35.0084 29.5757 35.4943 29.5757 35.4022 29.5757 35.4027 29.5757 35.4943 29.5757 35.0094 29.5757 35.4027 29.5757 34.1363 29.5757 35.0094 29.5757 32.9647 29.5757 34.1363 29.5757 31.6661 29.5757 32.9647 29.5757 30.4403 29.5757 31.6661 29.5757 29.534 29.5757 30.4403 29.5757 29.2042 29.5757 29.534 29.5757 29.5973 29.5757 29.2667 29.5757 30.4582 29.5757 29.5973 29.5757 31.6269 29.5757 30.4582 29.5757 32.8737 29.5757 31.6269 29.5757 34.0279 29.5757 32.8737 29.5757 35.006 29.5757 34.0279 29.5757 35.4048 29.5757 35.006 29.5757 35.4954 29.5757 35.4048 29.5757 35.4044 29.5757 35.4954 29.5757 35.0054 29.5757 35.4044 29.5757 34.0285 29.5757 35.0054 29.5757 32.872 29.5757 34.0285 29.5757 31.6214 29.5757 32.872 29.5757 30.4492 29.5757 31.6214 29.5757 29.5817 29.5757 30.4492 29.5757 29.2667 29.5757 29.5817 29.5757 28.9787 28.1955 29.0479 29.5757 28.8425 28.1955 28.9787 29.5757 28.8376 28.1955 28.8425 29.5757 29.0505 28.1955 28.8376 29.5757 29.3169 28.1955 29.0505 29.5757 29.0134 28.1955 29.3169 29.5757 28.8411 28.1955 29.0134 29.5757 28.836 28.1955 28.8411 29.5757 28.886 28.1955 28.836 29.5757 29.0503 28.1955 28.886 29.5757 29.319 28.1955 29.0503 29.5757 29.0465 28.1955 29.319 29.5757 28.8282 28.1955 29.0465 29.5757 28.8093 28.1955 28.8282 29.5757 28.9499 28.1955 28.8093 29.5757 29.0479 28.1955 28.9499 28.1955 28.3461 26.8153 28.3791 28.1955 28.2777 26.8153 28.3461 28.1955 28.305 26.8153 28.2777 28.1955 28.4513 26.8153 28.305 28.1955 28.5862 26.8153 28.4513 28.1955 28.4491 26.8153 28.5862 28.1955 28.3065 26.8153 28.4491 28.1955 28.2861 26.8153 28.3065 28.1955 28.3453 26.8153 28.2861 28.1955 28.4767 26.8153 28.3453 28.1955 28.5796 26.8153 28.4767 28.1955 28.4486 26.8153 28.5796 28.1955 28.3065 26.8153 28.4486 28.1955 28.2543 26.8153 28.3065 28.1955 28.3163 26.8153 28.2543 28.1955 28.3791 26.8153 28.3163 26.8153 24.8917 25.4351 25.0034 26.8153 24.7181 25.4351 24.8917 26.8153 24.6404 25.4351 24.7181 26.8153 24.6205 25.4351 24.6404 26.8153 24.5811 25.4351 24.6205 26.8153 24.512 25.4351 24.5811 26.8153 24.4502 25.4351 24.512 26.8153 24.3836 25.4351 24.4502 26.8153 24.3726 25.4351 24.3836 26.8153 24.4486 25.4351 24.3726 26.8153 24.5769 25.4351 24.4486 26.8153 24.6177 25.4351 24.5769 26.8153 24.6443 25.4351 24.6177 26.8153 24.784 25.4351 24.6443 26.8153 24.9758 25.4351 24.784 26.8153 25.0034 25.4351 24.9758 29.5757 29.5757 29.5757 29.5757 29.5757 29.5757 29.5757 29.5757 29.5757 29.5757 29.5757 29.5757 29.5757 29.5757 29.5757 29.5757 25.4351 25.4351 25.4351 25.4351 25.4351 25.4351 25.4351 25.4351 25.4351 25.4351 25.4351 25.4351 25.4351 25.4351 25.4351 25.4351 
</DataArray>
<DataArray type="Float64" Name="wall variable 0" format="ascii">
0 1 0 1 0 1 0 1 0 1 0 1 0 1 0 1 0 1 0 1 0 1 0 1 0 1 0 1 0 1 0 1 0 1 0 1 0 1 0 1 0 1 0 1 0 1 0 1 0 1 0 1 0 1 0 1 0 1 0 1 0 1 0 1 0 1 0 1 1 0 1 0 1 0 1 0 1 0 1 0 1 0 1 0 1 0 1 0 1 0 1 0 1 0 1 0 1 0 1 0 1 0 1 0 1 0 1 0 1 0 1 0 1 0 1 0 1 0 1 0 1 0 1 0 0 1 0 1 0 1 0 1 0 1 0 1 0 1 0 1 0 1 0 1 0 1 0 1 0 1 0 1 0 1 0 1 0 1 0 1 0 1 0 1 0 1 0 1 0 1 0 1 0 1 0 1 0 1 0 1 0 1 0 1 0 1 0 1 0 1 0 1 0 1 0 1 0 1 0 1 0 1 0 1 0 1 0 1 0 1 0 1 0 1 0 1 0 1 0 1 0 1 0 1 0 1 0 1 0 1 0 1 0 1 0 1 0 1 0 1 0 1 0 1 0 1 0 1 0 1 0 1 0 1 0 1 0 1 0 1 0 1 0 1 0 1 0 1 0 1 0 1 0 1 0 1 0 1 0 1 0 1 0 1 0 1 0 1 0 1 0 1 0 1 0 1 0 1 0 1 0 1 0 1 0 1 0 1 0 1 0 1 0 1 0 1 0 1 0 1 0 1 0 1 0 1 0 1 0 1 0 1 0 1 0 1 0 1 0 1 0 1 0 1 0 1 0 1 0 1 0 1 0 1 0 1 0 1 0 1 0 1 0 1 0 1 0 1 0 1 0 1 0 1 0 1 0 1 0 1 0 1 0 1 0 1 0 1 0 1 0 1 0 1 0 1 0 1 0 1 0 1 0 1 0 1 0 1 0 1 0 1 0 1 0 1 0 1 0 1 0 1 0 1 0 1 0 1 0 1 0 1 0 1 0 1 0 1 0 1 0 1 0 1 0 1 0 1 0 1 0 1 0 1 0 1 0 1 0 1 0 1 0 1 0 1 0 1 0 1 0 1 0 1 0 1 0 1 0 1 0 1 0 1 0 1 0 1 0 1 0 1 0 1 0 1 0 1 0 1 0 1 0 1 0 1 0 1 0 1 0 1 0 1 0 1 0 1 0 1 0 1 0 1 0 1 0 1 0 1 0 1 0 1 0 1 0 1 0 1 0 1 0 1 0 1 0 1 0 1 0 1 0 1 0 1 0 1 0 1 0 1 0 1 0 1 0 1 0 1 0 1 0 1 0 1 0 1 0 1 0 1 0 1 0 1 0 1 0 1 0 1 0 1 0 1 0 1 0 1 0 1 0 1 0 1 0 1 0 1 0 1 0 1 0 1 0 1 0 1 0 1 0 1 0 1 0 1 0 1 0 1 0 1 0 1 0 1 0 1 0 1 0 1 0 1 0 1 0 1 0 1 0 1 0 1 0 1 0 1 0 1 0 1 0 1 0 1 0 1 0 1 0 1 0 1 0 1 0 1 0 1 0 1 0 1 0 1 0 1 0 1 0 1 0 1 0 1 0 1 0 1 0 1 0 1 0 1 0 1 0 1 0 1 0 1 0 1 0 1 0 1 0 1 0 1 0 1 0 1 0 1 0 1 0 1 0 1 0 1 0 1 0 1 0 1 0 1 0 1 0 1 0 1 0 1 0 1 0 1 0 1 0 1 0 1 0 1 0 1 0 1 0 1 0 1 0 1 0 1 0 1 0 1 0 1 0 1 0 1 0 1 0 1 0 1 0 1 0 1 0 1 0 1 0 1 0 1 0 1 0 1 0 1 0 1 0 1 0 1 0 1 0 1 0 1 0 1 0 1 0 1 0 1 0 1 0 1 0 1 0 1 0 1 0 1 0 1 0 1 0 1 0 1 0 1 0 1 0 1 0 1 0 1 0 1 0 1 0 1 0 1 0 1 0 1 0 1 0 1 0 1 0 1 0 1 0 1 0 1 0 1 0 1 0 1 0 1 0 1 0 1 0 1 0 1 0 1 0 1 0 1 0 1 0 1 0 1 0 1 0 1 0 1 0 1 0 1 0 1 0 1 0 1 0 1 0 1 0 1 0 1 0 1 0 1 0 1 0 1 0 1 0 1 0 1 0 1 0 1 0 1 0 1 0 1 0 1 0 1 0 1 0 1 0 1 0 1 0 1 0 1 0 1 0 1 0 1 0 1 0 1 0 1 0 1 0 1 0 1 0 1 0 1 0 1 0 1 0 1 0 1 0 1 0 1 0 1 0 1 0 1 0 1 0 1 0 1 0 1 0 1 0 1 0 1 0 1 0 1 0 1 0 1 0 1 0 1 0 1 0 1 0 1 0 1 0 1 0 1 0 1 0 1 0 1 0 1 0 1 0 1 0 1 0 1 0 1 0 1 0 1 0 1 0 1 0 1 0 1 0 1 0 1 0 1 0 1 0 1 0 1 0 1 0 1 0 1 0 1 0 1 0 1 0 1 0 1 0 1 0 1 0 1 0 1 0 1 0 1 0 1 0 1 0 1 0 1 0 1 0 1 0 1 0 1 0 1 0 1 0 1 0 1 0 1 0 1 0 1 0 1 0 1 0 1 0 1 0 1 0 1 0 1 0 1 0 1 0 1 0 1 0 1 0 1 0 1 0 1 0 1 0 1 0 1 0 1 0 1 0 1 0 1 0 1 0 1 0 1 0 1 0 1 0 1 0 1 0 1 0 1 0 1 0 1 0 1 0 1 0 1 0 1 0 1 0 1 0 1 0 1 0 1 0 1 0 1 0 1 0 1 0 1 0 1 0 1 0 1 0 1 0 1 0 1 0 1 0 1 0 1 0 1 0 1 0 1 0 1 0 1 0 1 0 1 0 1 0 1 0 1 0 1 0 1 0 1 0 1 0 1 0 1 0 1 0 1 0 1 0 1 0 1 0 1 0 1 0 1 0 1 0 1 0 1 0 1 0 1 0 1 0 1 0 1 0 1 0 1 0 1 0 1 0 1 0 1 0 1 0 1 0 1 0 1 0 1 0 1 0 1 0 1 0 1 0 1 0 1 0 1 0 1 0 1 0 1 0 1 0 1 0 1 0 1 0 1 0 1 0 1 0 1 0 1 0 1 0 1 0 1 0 1 0 1 0 1 0 1 0 1 0 1 0 1 0 1 0 1 0 1 0 1 0 1 0 1 0 1 0 1 0 1 0 1 0 1 0 1 0 1 0 1 0 1 0 1 0 1 0 1 0 1 0 1 0 1 0 1 0 1 0 1 0 1 0 1 0 1 0 1 0 1 0 1 0 1 0 1 0 1 0 1 0 1 0 1 0 1 0 1 0 1 0 1 0 1 0 1 0 1 0 1 0 1 0 1 0 1 0 1 0 1 0 1 0 1 0 1 0 1 0 1 0 1 0 1 0 1 0 1 0 1 0 1 0 1 0 1 0 1 0 1 0 1 0 1 0 1 0 1 0 1 0 1 0 1 0 1 0 1 0 1 0 1 0 1 0 1 0 1 0 1 0 1 0 1 0 1 0 1 0 1 0 1 0 1 0 1 0 1 0 1 0 1 0 1 0 1 0 1 0 1 0 1 0 1 0 1 0 1 0 1 0 1 0 1 0 1 0 1 0 1 0 1 0 1 0 1 0 1 0 1 0 1 0 1 0 1 0 1 0 1 0 1 0 1 0 1 0 1 0 1 0 1 0 1 0 1 0 1 0 1 0 1 0 1 0 1 0 1 0 1 0 1 0 1 0 1 0 1 0 1 0 1 0 1 0 1 0 1 0 1 0 1 0 1 0 1 0 1 0 1 0 1 0 1 0 1 0 1 0 1 0 1 0 1 0 1 0 1 0 1 0 1 0 1 0 1 0 1 0 1 0 1 0 1 0 1 0 1 0 1 0 1 0 1 0 1 0 1 0 1 0 1 0 1 0 1 0 1 0 1 0 1 0 1 0 1 0 1 0 1 0 1 0 1 0 1 0 1 0 1 0 1 0 1 0 1 0 1 0 1 0 1 0 1 0 1 0 1 0 1 0 1 0 1 0 1 0 1 0 1 0 1 0 1 0 1 0 1 0 1 0 1 0 1 0 1 0 1 0 1 0 1 0 1 0 1 0 1 0 1 0 1 0 1 0 1 0 1 0 1 0 1 0 1 0 1 0 1 0 1 0 1 0 1 0 1 0 1 0 1 0 1 0 1 0 1 0 1 0 1 0 1 0 1 0 1 0 1 0 1 0 1 0 1 0 1 0 1 0 1 0 1 0 1 0 1 0 1 0 1 0 1 0 1 0 1 0 1 0 1 0 1 0 1 0 1 0 1 0 1 0 1 0 1 0 1 0 1 0 1 0 1 0 1 0 1 0 1 0 1 0 1 0 1 0 1 0 1 0 1 0 1 0 1 0 1 0 1 0 1 0 1 0 1 0 1 0 1 0 1 0 1 0 1 0 1 0 1 0 1 0 1 0 1 0 1 0 1 0 1 0 1 0 1 0 1 0 1 0 1 0 1 0 1 0 1 0 1 0 1 0 1 0 1 0 1 0 1 0 1 0 1 0 1 0 1 0 1 0 1 0 1 0 1 0 0 0 0 0 0 0 0 0 0 0 0 0 0 0 0 0 0 0 0 0 0 0 0 0 0 0 0 0 0 0 0 
</DataArray>
<DataArray type="Float64" Name="wall variable 1" format="ascii">
0 1 0 1 0 1 0 1 0 1 0 1 0 1 0 1 0 1 0 1 0 1 0 1 0 1 0 1 0 1 0 1 0 1 0 1 0 1 0 1 0 1 0 1 0 1 0 1 0 1 0 1 0 1 0 1 0 1 0 1 0 1 0 1 0 1 0 1 1 0 1 0 1 0 1 0 1 0 1 0 1 0 1 0 1 0 1 0 1 0 1 0 1 0 1 0 1 0 1 0 1 0 1 0 1 0 1 0 1 0 1 0 1 0 1 0 1 0 1 0 1 0 1 0 0 1 0 1 0 1 0 1 0 1 0 1 0 1 0 1 0 1 0 1 0 1 0 1 0 1 0 1 0 1 0 1 0 1 0 1 0 1 0 1 0 1 0 1 0 1 0 1 0 1 0 1 0 1 0 1 0 1 0 1 0 1 0 1 0 1 0 1 0 1 0 1 0 1 0 1 0 1 0 1 0 1 0 1 0 1 0 1 0 1 0 1 0 1 0 1 0 1 0 1 0 1 0 1 0 1 0 1 0 1 0 1 0 1 0 1 0 1 0 1 0 1 0 1 0 1 0 1 0 1 0 1 0 1 0 1 0 1 0 1 0 1 0 1 0 1 0 1 0 1 0 1 0 1 0 1 0 1 0 1 0 1 0 1 0 1 0 1 0 1 0 1 0 1 0 1 0 1 0 1 0 1 0 1 0 1 0 1 0 1 0 1 0 1 0 1 0 1 0 1 0 1 0 1 0 1 0 1 0 1 0 1 0 1 0 1 0 1 0 1 0 1 0 1 0 1 0 1 0 1 0 1 0 1 0 1 0 1 0 1 0 1 0 1 0 1 0 1 0 1 0 1 0 1 0 1 0 1 0 1 0 1 0 1 0 1 0 1 0 1 0 1 0 1 0 1 0 1 0 1 0 1 0 1 0 1 0 1 0 1 0 1 0 1 0 1 0 1 0 1 0 1 0 1 0 1 0 1 0 1 0 1 0 1 0 1 0 1 0 1 0 1 0 1 0 1 0 1 0 1 0 1 0 1 0 1 0 1 0 1 0 1 0 1 0 1 0 1 0 1 0 1 0 1 0 1 0 1 0 1 0 1 0 1 0 1 0 1 0 1 0 1 0 1 0 1 0 1 0 1 0 1 0 1 0 1 0 1 0 1 0 1 0 1 0 1 0 1 0 1 0 1 0 1 0 1 0 1 0 1 0 1 0 1 0 1 0 1 0 1 0 1 0 1 0 1 0 1 0 1 0 1 0 1 0 1 0 1 0 1 0 1 0 1 0 1 0 1 0 1 0 1 0 1 0 1 0 1 0 1 0 1 0 1 0 1 0 1 0 1 0 1 0 1 0 1 0 1 0 1 0 1 0 1 0 1 0 1 0 1 0 1 0 1 0 1 0 1 0 1 0 1 0 1 0 1 0 1 0 1 0 1 0 1 0 1 0 1 0 1 0 1 0 1 0 1 0 1 0 1 0 1 0 1 0 1 0 1 0 1 0 1 0 1 0 1 0 1 0 1 0 1 0 1 0 1 0 1 0 1 0 1 0 1 0 1 0 1 0 1 0 1 0 1 0 1 0 1 0 1 0 1 0 1 0 1 0 1 0 1 0 1 0 1 0 1 0 1 0 1 0 1 0 1 0 1 0 1 0 1 0 1 0 1 0 1 0 1 0 1 0 1 0 1 0 1 0 1 0 1 0 1 0 1 0 1 0 1 0 1 0 1 0 1 0 1 0 1 0 1 0 1 0 1 0 1 0 1 0 1 0 1 0 1 0 1 0 1 0 1 0 1 0 1 0 1 0 1 0 1 0 1 0 1 0 1 0 1 0 1 0 1 0 1 0 1 0 1 0 1 0 1 0 1 0 1 0 1 0 1 0 1 0 1 0 1 0 1 0 1 0 1 0 1 0 1 0 1 0 1 0 1 0 1 0 1 0 1 0 1 0 1 0 1 0 1 0 1 0 1 0 1 0 1 0 1 0 1 0 1 0 1 0 1 0 1 0 1 0 1 0 1 0 1 0 1 0 1 0 1 0 1 0 1 0 1 0 1 0 1 0 1 0 1 0 1 0 1 0 1 0 1 0 1 0 1 0 1 0 1 0 1 0 1 0 1 0 1 0 1 0 1 0 1 0 1 0 1 0 1 0 1 0 1 0 1 0 1 0 1 0 1 0 1 0 1 0 1 0 1 0 1 0 1 0 1 0 1 0 1 0 1 0 1 0 1 0 1 0 1 0 1 0 1 0 1 0 1 0 1 0 1 0 1 0 1 0 1 0 1 0 1 0 1 0 1 0 1 0 1 0 1 0 1 0 1 0 1 0 1 0 1 0 1 0 1 0 1 0 1 0 1 0 1 0 1 0 1 0 1 0 1 0 1 0 1 0 1 0 1 0 1 0 1 0 1 0 1 0 1 0 1 0 1 0 1 0 1 0 1 0 1 0 1 0 1 0 1 0 1 0 1 0 1 0 1 0 1 0 1 0 1 0 1 0 1 0 1 0 1 0 1 0 1 0 1 0 1 0 1 0 1 0 1 0 1 0 1 0 1 0 1 0 1 0 1 0 1 0 1 0 1 0 1 0 1 0 1 0 1 0 1 0 1 0 1 0 1 0 1 0 1 0 1 0 1 0 1 0 1 0 1 0 1 0 1 0 1 0 1 0 1 0 1 0 1 0 1 0 1 0 1 0 1 0 1 0 1 0 1 0 1 0 1 0 1 0 1 0 1 0 1 0 1 0 1 0 1 0 1 0 1 0 1 0 1 0 1 0 1 0 1 0 1 0 1 0 1 0 1 0 1 0 1 0 1 0 1 0 1 0 1 0 1 0 1 0 1 0 1 0 1 0 1 0 1 0 1 0 1 0 1 0 1 0 1 0 1 0 1 0 1 0 1 0 1 0 1 0 1 0 1 0 1 0 1 0 1 0 1 0 1 0 1 0 1 0 1 0 1 0 1 0 1 0 1 0 1 0 1 0 1 0 1 0 1 0 1 0 1 0 1 0 1 0 1 0 1 0 1 0 1 0 1 0 1 0 1 0 1 0 1 0 1 0 1 0 1 0 1 0 1 0 1 0 1 0 1 0 1 0 1 0 1 0 1 0 1 0 1 0 1 0 1 0 1 0 1 0 1 0 1 0 1 0 1 0 1 0 1 0 1 0 1 0 1 0 1 0 1 0 1 0 1 0 1 0 1 0 1 0 1 0 1 0 1 0 1 0 1 0 1 0 1 0 1 0 1 0 1 0 1 0 1 0 1 0 1 0 1 0 1 0 1 0 1 0 1 0 1 0 1 0 1 0 1 0 1 0 1 0 1 0 1 0 1 0 1 0 1 0 1 0 1 0 1 0 1 0 1 0 1 0 1 0 1 0 1 0 1 0 1 0 1 0 1 0 1 0 1 0 1 0 1 0 1 0 1 0 1 0 1 0 1 0 1 0 1 0 1 0 1 0 1 0 1 0 1 0 1 0 1 0 1 0 1 0 1 0 1 0 1 0 1 0 1 0 1 0 1 0 1 0 1 0 1 0 1 0 1 0 1 0 1 0 1 0 1 0 1 0 1 0 1 0 1 0 1 0 1 0 1 0 1 0 1 0 1 0 1 0 1 0 1 0 1 0 1 0 1 0 1 0 1 0 1 0 1 0 1 0 1 0 1 0 1 0 1 0 1 0 1 0 1 0 1 0 1 0 1 0 1 0 1 0 1 0 1 0 1 0 1 0 1 0 1 0 1 0 1 0 1 0 1 0 1 0 1 0 1 0 1 0 1 0 1 0 1 0 1 0 1 0 1 0 1 0 1 0 1 0 1 0 1 0 1 0 1 0 1 0 1 0 1 0 1 0 1 0 1 0 1 0 1 0 1 0 1 0 1 0 1 0 1 0 1 0 1 0 1 0 1 0 1 0 1 0 1 0 1 0 1 0 1 0 1 0 1 0 1 0 1 0 1 0 1 0 1 0 1 0 1 0 1 0 1 0 1 0 1 0 1 0 1 0 1 0 1 0 1 0 1 0 1 0 1 0 1 0 1 0 1 0 1 0 1 0 1 0 1 0 1 0 1 0 1 0 1 0 1 0 1 0 1 0 1 0 1 0 1 0 1 0 1 0 1 0 1 0 1 0 1 0 1 0 1 0 1 0 1 0 1 0 1 0 1 0 1 0 1 0 1 0 1 0 1 0 1 0 1 0 1 0 1 0 1 0 1 0 1 0 1 0 1 0 1 0 1 0 1 0 1 0 1 0 1 0 1 0 1 0 1 0 1 0 1 0 1 0 1 0 1 0 1 0 1 0 1 0 1 0 1 0 1 0 1 0 1 0 1 0 1 0 1 0 1 0 1 0 1 0 1 0 1 0 1 0 1 0 1 0 1 0 1 0 1 0 1 0 1 0 1 0 1 0 1 0 1 0 1 0 1 0 1 0 1 0 1 0 1 0 1 0 1 0 1 0 1 0 1 0 1 0 1 0 1 0 1 0 1 0 1 0 1 0 1 0 1 0 1 0 1 0 1 0 1 0 1 0 1 0 1 0 1 0 1 0 1 0 1 0 1 0 1 0 1 0 1 0 1 0 1 0 1 0 1 0 1 0 1 0 1 0 1 0 0 0 0 0 0 0 0 0 0 0 0 0 0 0 0 0 0 0 0 0 0 0 0 0 0 0 0 0 0 0 0 
</DataArray>
<DataArray type="Float64" Name="wall variable 2" format="ascii">
0 35.6354 0 35.6354 0 35.6354 0 35.6354 0 35.6354 0 35.6354 0 35.6354 0 35.6354 0 35.6354 0 35.6354 0 35.6354 0 35.6354 0 35.6354 0 35.6354 0 35.6354 0 35.6354 0 35.6354 0 35.6354 0 35.6354 0 35.6354 0 35.6354 0 35.6354 0 35.6354 0 35.6354 0 35.6354 0 35.6354 0 35.6354 0 35.6354 0 35.6354 0 35.6354 0 35.6354 0 35.6354 0 35.6354 0 35.6354 35.6354 0 35.6354 0 35.6354 0 35.6354 0 35.6354 0 35.6354 0 35.6354 0 35.6354 0 35.6354 0 35.6354 0 35.6354 0 35.6354 0 35.6354 0 35.6354 0 35.6354 0 35.6354 0 35.6354 0 35.6354 0 35.6354 0 35.6354 0 35.6354 0 35.6354 0 35.6354 0 35.6354 0 35.6354 0 35.6354 0 35.6354 0 35.6354 0 0 35.6354 0 35.6354 0 35.6354 0 35.6354 0 35.6354 0 35.6354 0 35.6354 0 35.6354 0 35.6354 0 35.6354 0 35.6354 0 35.6354 0 35.6354 0 35.6354 0 35.6354 0 35.6354 0 35.6354 0 35.6354 0 35.6354 0 35.6354 0 35.6354 0 35.6354 0 35.6354 0 35.6354 0 35.6354 0 35.6354 0 35.6354 0 35.6354 0 35.6354 0 35.6354 0 35.6354 0 35.6354 0 35.6354 0 35.6354 0 35.6354 0 35.6354 0 35.6354 0 35.6354 0 35.6354 0 35.6354 0 35.6354 0 35.6354 0 35.6354 0 35.6354 0 35.6354 0 35.6354 0 35.6354 0 35.6354 0 35.6354 0 35.6354 0 35.6354 0 35.6354 0 35.6354 0 35.6354 0 35.6354 0 35.6354 0 35.6354 0 35.6354 0 35.6354 0 35.6354 0 35.6354 0 35.6354 0 35.6354 0 35.6354 0 35.6354 0 35.6354 0 35.6354 0 35.6354 0 35.6354 0 35.6354 0 35.6354 0 35.6354 0 35.6354 0 35.6354 0 35.6354 0 35.6354 0 35.6354 0 35.6354 0 35.6354 0 35.6354 0 35.6354 0 35.6354 0 35.6354 0 35.6354 0 35.6354 0 35.6354 0 35.6354 0 35.6354 0 35.6354 0 35.6354 0 35.6354 0 35.6354 0 35.6354 0 35.6354 0 35.6354 0 35.6354 0 35.6354 0 35.6354 0 35.6354 0 35.6354 0 35.6354 0 35.6354 0 35.6354 0 35.6354 0 35.6354 0 35.6354 0 35.6354 0 35.6354 0 35.6354 0 35.6354 0 35.6354 0 35.6354 0 35.6354 0 35.6354 0 35.6354 0 35.6354 0 35.6354 0 35.6354 0 35.6354 0 35.6354 0 35.6354 0 35.6354 0 35.6354 0 35.6354 0 35.6354 0 35.6354 0 35.6354 0 35.6354 0 35.6354 0 35.6354 0 35.6354 0 35.6354 0 35.6354 0 35.6354 0 35.6354 0 35.6354 0 35.6354 0 35.6354 0 35.6354 0 35.6354 0 35.6354 0 35.6354 0 35.6354 0 35.6354 0 35.6354 0 35.6354 0 35.6354 0 35.6354 0 35.6354 0 35.6354 0 35.6354 0 35.6354 0 35.6354 0 35.6354 0 35.6354 0 35.6354 0 35.6354 0 35.6354 0 35.6354 0 35.6354 0 35.6354 0 35.6354 0 35.6354 0 35.6354 0 35.6354 0 35.6354 0 35.6354 0 35.6354 0 35.6354 0 35.6354 0 35.6354 0 35.6354 0 35.6354 0 35.6354 0 35.6354 0 35.6354 0 35.6354 0 35.6354 0 35.6354 0 35.6354 0 35.6354 0 35.6354 0 35.6354 0 35.6354 0 35.6354 0 35.6354 0 35.6354 0 35.6354 0 35.6354 0 35.6354 0 35.6354 0 35.6354 0 35.6354 0 35.6354 0 35.6354 0 35.6354 0 35.6354 0 35.6354 0 35.6354 0 35.6354 0 35.6354 0 35.6354 0 35.6354 0 35.6354 0 35.6354 0 35.6354 0 35.6354 0 35.6354 0 35.6354 0 35.6354 0 35.6354 0 35.6354 0 35.6354 0 35.6354 0 35.6354 0 35.6354 0 35.6354 0 35.6354 0 35.6354 0 35.6354 0 35.6354 0 35.6354 0 35.6354 0 35.6354 0 35.6354 0 35.6354 0 35.6354 0 35.6354 0 35.6354 0 35.6354 0 35.6354 0 35.6354 0 35.6354 0 35.6354 0 35.6354 0 35.6354 0 35.6354 0 35.6354 0 35.6354 0 35.6354 0 35.6354 0 35.6354 0 35.6354 0 35.6354 0 35.6354 0 35.6354 0 35.6354 0 35.6354 0 35.6354 0 35.6354 0 35.6354 0 35.6354 0 35.6354 0 35.6354 0 35.6354 0 35.6354 0 35.6354 0 35.6354 0 35.6354 0 35.6354 0 35.6354 0 35.6354 0 35.6354 0 35.6354 0 35.6354 0 35.6354 0 35.6354 0 35.6354 0 35.6354 0 35.6354 0 35.6354 0 35.6354 0 35.6354 0 35.6354 0 35.6354 0 35.6354 0 35.6354 0 35.6354 0 35.6354 0 35.6354 0 35.6354 0 35.6354 0 35.6354 0 35.6354 0 35.6354 0 35.6354 0 35.6354 0 35.6354 0 35.6354 0 35.6354 0 35.6354 0 35.6354 0 35.6354 0 35.6354 0 35.6354 0 35.6354 0 35.6354 0 35.6354 0 35.6354 0 35.6354 0 35.6354 0 35.6354 0 35.6354 0 35.6354 0 35.6354 0 35.6354 0 35.6354 0 35.6354 0 35.6354 0 35.6354 0 35.6354 0 35.6354 0 35.6354 0 35.6354 0 35.6354 0 35.6354 0 35.6354 0 35.6354 0 35.6354 0 35.6354 0 35.6354 0 35.6354 0 35.6354 0 35.6354 0 35.6354 0 35.6354 0 35.6354 0 35.6354 0 35.6354 0 35.6354 0 35.6354 0 35.6354 0 35.6354 0 35.6354 0 35.6354 0 35.6354 0 35.6354 0 35.6354 0 35.6354 0 35.6354 0 35.6354 0 35.6354 0 35.6354 0 35.6354 0 35.6354 0 35.6354 0 35.6354 0 35.6354 0 35.6354 0 35.6354 0 35.6354 0 35.6354 0 35.6354 0 35.6354 0 35.6354 0 35.6354 0 35.6354 0 35.6354 0 35.6354 0 35.6354 0 35.6354 0 35.6354 0 35.6354 0 35.6354 0 35.6354 0 35.6354 0 35.6354 0 35.6354 0 35.6354 0 35.6354 0 35.6354 0 35.6354 0 35.6354 0 35.6354 0 35.6354 0 35.6354 0 35.6354 0 35.6354 0 35.6354 0 35.6354 0 35.6354 0 35.6354 0 35.6354 0 35.6354 0 35.6354 0 35.6354 0 35.6354 0 35.6354 0 35.6354 0 35.6354 0 35.6354 0 35.6354 0 35.6354 0 35.6354 0 35.6354 0 35.6354 0 35.6354 0 35.6354 0 35.6354 0 35.6354 0 35.6354 0 35.6354 0 35.6354 0 35.6354 0 35.6354 0 35.6354 0 35.6354 0 35.6354 0 35.6354 0 35.6354 0 35.6354 0 35.6354 0 35.6354 0 35.6354 0 35.6354 0 35.6354 0 35.6354 0 35.6354 0 35.6354 0 35.6354 0 35.6354 0 35.6354 0 35.6354 0 35.6354 0 35.6354 0 35.6354 0 35.6354 0 35.6354 0 35.6354 0 35.6354 0 35.6354 0 35.6354 0 35.6354 0 35.6354 0 35.6354 0 35.6354 0 35.6354 0 35.6354 0 35.6354 0 35.6354 0 35.6354 0 35.6354 0 35.6354 0 35.6354 0 35.6354 0 35.6354 0 35.6354 0 35.6354 0 35.6354 0 35.6354 0 35.6354 0 35.6354 0 35.6354 0 35.6354 0 35.6354 0 35.6354 0 35.6354 0 35.6354 0 35.6354 0 35.6354 0 35.6354 0 35.6354 0 35.6354 0 35.6354 0 35.6354 0 35.6354 0 35.6354 0 35.6354 0 35.6354 0 35.6354 0 35.6354 0 35.6354 0 35.6354 0 35.6354 0 35.6354 0 35.6354 0 35.6354 0 35.6354 0 35.6354 0 35.6354 0 35.6354 0 35.6354 0 35.6354 0 35.6354 0 35.6354 0 35.6354 0 35.6354 0 35.6354 0 35.6354 0 35.6354 0 35.6354 0 35.6354 0 35.6354 0 35.6354 0 35.6354 0 35.6354 0 35.6354 0 35.6354 0 35.6354 0 35.6354 0 35.6354 0 35.6354 0 35.6354 0 35.6354 0 35.6354 0 35.6354 0 35.6354 0 35.6354 0 35.6354 0 35.6354 0 35.6354 0 35.6354 0 35.6354 0 35.6354 0 35.6354 0 35.6354 0 35.6354 0 35.6354 0 35.6354 0 35.6354 0 35.6354 0 35.6354 0 35.6354 0 35.6354 0 35.6354 0 35.6354 0 35.6354 0 35.6354 0 35.6354 0 35.6354 0 35.6354 0 35.6354 0 35.6354 0 35.6354 0 35.6354 0 35.6354 0 35.6354 0 35.6354 0 35.6354 0 35.6354 0 35.6354 0 35.6354 0 35.6354 0 35.6354 0 35.6354 0 35.6354 0 35.6354 0 35.6354 0 35.6354 0 35.6354 0 35.6354 0 35.6354 0 35.6354 0 35.6354 0 35.6354 0 35.6354 0 35.6354 0 35.6354 0 35.6354 0 35.6354 0 35.6354 0 35.6354 0 35.6354 0 35.6354 0 35.6354 0 35.6354 0 35.6354 0 35.6354 0 35.6354 0 35.6354 0 35.6354 0 35.6354 0 35.6354 0 35.6354 0 35.6354 0 35.6354 0 35.6354 0 35.6354 0 35.6354 0 35.6354 0 35.6354 0 35.6354 0 35.6354 0 35.6354 0 35.6354 0 35.6354 0 35.6354 0 35.6354 0 35.6354 0 35.6354 0 35.6354 0 35.6354 0 35.6354 0 35.6354 0 35.6354 0 35.6354 0 35.6354 0 35.6354 0 35.6354 0 35.6354 0 35.6354 0 35.6354 0 35.6354 0 35.6354 0 35.6354 0 35.6354 0 35.6354 0 35.6354 0 35.6354 0 35.6354 0 35.6354 0 35.6354 0 35.6354 0 35.6354 0 35.6354 0 35.6354 0 35.6354 0 35.6354 0 35.6354 0 35.6354 0 35.6354 0 35.6354 0 35.6354 0 35.6354 0 35.6354 0 35.6354 0 35.6354 0 35.6354 0 35.6354 0 35.6354 0 35.6354 0 35.6354 0 35.6354 0 35.6354 0 35.6354 0 35.6354 0 35.6354 0 35.6354 0 35.6354 0 35.6354 0 35.6354 0 35.6354 0 35.6354 0 35.6354 0 35.6354 0 35.6354 0 35.6354 0 35.6354 0 35.6354 0 35.6354 0 35.6354 0 35.6354 0 35.6354 0 35.6354 0 35.6354 0 35.6354 0 35.6354 0 35.6354 0 35.6354 0 35.6354 0 35.6354 0 35.6354 0 35.6354 0 35.6354 0 35.6354 0 35.6354 0 35.6354 0 35.6354 0 35.6354 0 35.6354 0 35.6354 0 35.6354 0 35.6354 0 35.6354 0 35.6354 0 35.6354 0 35.6354 0 35.6354 0 35.6354 0 35.6354 0 35.6354 0 35.6354 0 35.6354 0 35.6354 0 35.6354 0 35.6354 0 35.6354 0 35.6354 0 35.6354 0 35.6354 0 35.6354 0 35.6354 0 35.6354 0 35.6354 0 35.6354 0 35.6354 0 35.6354 0 35.6354 0 35.6354 0 35.6354 0 35.6354 0 35.6354 0 35.6354 0 35.6354 0 35.6354 0 35.6354 0 35.6354 0 35.6354 0 35.6354 0 35.6354 0 35.6354 0 35.6354 0 35.6354 0 35.6354 0 35.6354 0 35.6354 0 35.6354 0 35.6354 0 35.6354 0 35.6354 0 35.6354 0 35.6354 0 35.6354 0 35.6354 0 35.6354 0 35.6354 0 35.6354 0 35.6354 0 35.6354 0 35.6354 0 35.6354 0 35.6354 0 35.6354 0 35.6354 0 35.6354 0 35.6354 0 35.6354 0 35.6354 0 35.6354 0 35.6354 0 35.6354 0 35.6354 0 35.6354 0 35.6354 0 35.6354 0 35.6354 0 35.6354 0 35.6354 0 35.6354 0 35.6354 0 35.6354 0 35.6354 0 35.6354 0 35.6354 0 35.6354 0 35.6354 0 35.6354 0 35.6354 0 35.6354 0 35.6354 0 35.6354 0 35.6354 0 35.6354 0 35.6354 0 35.6354 0 35.6354 0 35.6354 0 35.6354 0 35.6354 0 35.6354 0 35.6354 0 35.6354 0 35.6354 0 35.6354 0 35.6354 0 35.6354 0 35.6354 0 35.6354 0 35.6354 0 35.6354 0 35.6354 0 35.6354 0 35.6354 0 35.6354 0 35.6354 0 35.6354 0 35.6354 0 35.6354 0 35.6354 0 35.6354 0 35.6354 0 35.6354 0 35.6354 0 35.6354 0 35.6354 0 35.6354 0 35.6354 0 35.6354 0 35.6354 0 35.6354 0 35.6354 0 35.6354 0 35.6354 0 35.6354 0 35.6354 0 35.6354 0 35.6354 0 35.6354 0 35.6354 0 35.6354 0 35.6354 0 35.6354 0 35.6354 0 35.6354 0 35.6354 0 35.6354 0 35.6354 0 35.6354 0 35.6354 0 35.6354 0 35.6354 0 35.6354 0 35.6354 0 35.6354 0 35.6354 0 35.6354 0 35.6354 0 35.6354 0 35.6354 0 35.6354 0 35.6354 0 35.6354 0 35.6354 0 35.6354 0 35.6354 0 35.6354 0 35.6354 0 35.6354 0 35.6354 0 35.6354 0 35.6354 0 35.6354 0 35.6354 0 35.6354 0 35.6354 0 35.6354 0 35.6354 0 35.6354 0 35.6354 0 35.6354 0 35.6354 0 35.6354 0 35.6354 0 35.6354 0 35.6354 0 35.6354 0 35.6354 0 35.6354 0 35.6354 0 35.6354 0 35.6354 0 35.6354 0 35.6354 0 35.6354 0 35.6354 0 35.6354 0 35.6354 0 35.6354 0 35.6354 0 35.6354 0 35.6354 0 35.6354 0 35.6354 0 35.6354 0 35.6354 0 35.6354 0 35.6354 0 35.6354 0 35.6354 0 35.6354 0 35.6354 0 35.6354 0 35.6354 0 35.6354 0 35.6354 0 35.6354 0 35.6354 0 35.6354 0 35.6354 0 35.6354 0 35.6354 0 35.6354 0 35.6354 0 35.6354 0 35.6354 0 35.6354 0 35.6354 0 35.6354 0 35.6354 0 35.6354 0 35.6354 0 35.6354 0 35.6354 0 35.6354 0 35.6354 0 35.6354 0 35.6354 0 35.6354 0 35.6354 0 35.6354 0 35.6354 0 35.6354 0 35.6354 0 35.6354 0 35.6354 0 35.6354 0 35.6354 0 35.6354 0 35.6354 0 35.6354 0 35.6354 0 35.6354 0 35.6354 0 35.6354 0 35.6354 0 35.6354 0 35.6354 0 35.6354 0 35.6354 0 35.6354 0 35.6354 0 35.6354 0 35.6354 0 35.6354 0 35.6354 0 35.6354 0 35.6354 0 35.6354 0 35.6354 0 35.6354 0 35.6354 0 35.6354 0 35.6354 0 35.6354 0 35.6354 0 35.6354 0 35.6354 0 35.6354 0 35.6354 0 35.6354 0 35.6354 0 35.6354 0 35.6354 0 35.6354 0 35.6354 0 35.6354 0 35.6354 0 35.6354 0 35.6354 0 35.6354 0 35.6354 0 35.6354 0 0 0 0 0 0 0 0 0 0 0 0 0 0 0 0 0 0 0 0 0 0 0 0 0 0 0 0 0 0 0 0 
</DataArray>
</CellData>
</Piece>
</UnstructuredGrid>
</VTKFile>
