<VTKFile type="UnstructuredGrid" version="0.1">
<UnstructuredGrid>
<Piece  NumberOfPoints="    2608" NumberOfCells="    2080">
<Points>
<DataArray type="Float64" NumberOfComponents="3" format="ascii">
-305.961 715.106 -0.36057 
-304.612 720.677 28.2617 
-300.699 736.469 52.4773 
-294.868 760.049 68.5846 
-288.158 787.831 74.1787 
-281.789 815.676 68.4941 
-276.645 839.399 52.3538 
-273.255 855.288 28.1218 
-272.042 860.843 -0.505578 
-273.209 855.215 -29.1211 
-276.582 839.276 -53.3236 
-281.718 815.521 -69.4193 
-288.083 787.662 -75.0484 
-294.801 759.893 -69.3992 
-300.629 736.348 -53.2397 
-304.555 720.614 -28.9916 
-277.8 702.177 -0.31669 
-276.3 708.205 30.6315 
-272.036 725.296 56.8054 
-265.684 750.808 74.2353 
-258.393 780.888 80.3352 
-251.554 811.106 74.2329 
-246.042 836.792 56.7102 
-242.38 853.956 30.4675 
-241.065 859.962 -0.492537 
-242.324 853.887 -31.4412 
-245.964 836.666 -57.6482 
-251.477 810.944 -75.1171 
-258.311 780.714 -81.1628 
-265.606 750.649 -75.0057 
-271.988 725.185 -57.5177 
-276.29 708.149 -31.2845 
-244.045 692.626 -0.291259 
-242.494 698.763 31.3574 
-238.053 716.152 58.1547 
-231.409 742.137 76.0287 
-223.814 772.822 82.2883 
-216.973 803.719 76.0165 
-211.54 829.974 58.0451 
-207.881 847.524 31.193 
-206.557 853.664 -0.4726 
-207.837 847.45 -32.1219 
-211.47 829.849 -58.9295 
-216.893 803.558 -76.8495 
-223.73 772.648 -83.0604 
-231.332 741.976 -76.7392 
-238.002 716.033 -58.8123 
-242.478 698.694 -31.9596 
-209.795 684.297 -0.266253 
-208.207 690.446 31.5245 
-203.614 707.866 58.4562 
-196.659 733.893 76.4301 
-188.702 764.642 82.7057 
-182.18 795.775 76.4393 
-177.004 822.31 58.4249 
-173.409 840.016 31.4199 
-172.085 846.203 -0.445596 
-173.374 839.946 -32.2969 
-176.942 822.185 -59.2616 
-182.101 795.611 -77.2228 
-188.618 764.465 -83.4271 
-196.583 733.731 -77.0904 
-203.558 707.743 -59.0651 
-208.185 690.372 -32.0777 
-176.275 675.676 -0.243154 
-174.477 681.787 31.5914 
-169.303 699.096 58.5524 
-161.522 724.963 76.5382 
-152.49 755.497 82.8194 
-144.218 786.288 76.5229 
-137.577 812.648 58.5512 
-133.077 830.24 31.5156 
-131.453 836.382 -0.413794 
-133.047 830.173 -32.3318 
-137.52 812.522 -59.3339 
-144.139 786.122 -77.2531 
-152.405 755.318 -83.4914 
-161.449 724.799 -77.1515 
-169.246 698.971 -59.1153 
-174.45 681.709 -32.0986 
-143.335 665.825 -0.219476 
-141.31 671.858 31.6257 
-135.5 688.955 58.5996 
-126.78 714.517 76.5893 
-116.574 744.68 82.8703 
-106.746 775.027 76.5591 
-98.7082 801.012 58.5816 
-93.3193 818.386 31.5536 
-91.3971 824.457 -0.381645 
-93.2938 818.32 -32.3061 
-98.6552 800.889 -59.3035 
-106.664 774.859 -77.2332 
-116.489 744.498 -83.4931 
-126.712 714.351 -77.1546 
-135.447 688.826 -59.1157 
-141.282 671.778 -32.0856 
-111.026 654.566 -0.196745 
-108.763 660.505 31.652 
-102.278 677.333 58.638 
-92.5454 702.508 76.6402 
-81.0964 732.212 82.9171 
-69.8154 762.049 76.5996 
-60.4418 787.58 58.6091 
-54.1839 804.669 31.5841 
-51.967 810.65 -0.350558 
-54.1607 804.615 -32.2767 
-60.3899 787.476 -59.2769 
-69.7178 761.898 -77.2292 
-81.0131 732.009 -83.5071 
-92.4899 702.327 -77.1684 
-102.235 677.194 -59.1142 
-108.74 660.418 -32.068 
-79.3907 641.869 -0.175522 
-76.8788 647.7 31.6744 
-69.6922 664.218 58.6693 
-58.9013 688.94 76.6832 
-46.1726 718.11 82.9547 
-33.5041 747.363 76.6347 
-22.8516 772.386 58.6349 
-15.7471 789.145 31.611 
-13.2393 795.021 -0.321875 
-15.7233 789.111 -32.25 
-22.7979 772.314 -59.2579 
-33.4046 747.254 -77.2311 
-46.1177 717.881 -83.5267 
-58.8679 688.739 -77.1858 
-69.6639 664.063 -59.1131 
-76.8636 647.603 -32.0505 
-48.47 627.738 -0.155193 
-45.7042 633.449 31.6948 
-37.8002 649.618 58.6956 
-25.9284 673.826 76.7179 
-11.9005 702.386 82.9852 
2.11645 730.988 76.6638 
13.9863 755.456 58.6595 
21.9095 771.848 31.6364 
24.7008 777.601 -0.294408 
21.9306 771.825 -32.2224 
14.0333 755.406 -59.2348 
2.19788 730.909 -77.2227 
-11.8826 702.152 -83.5303 
-25.9196 673.616 -77.1891 
-37.7882 649.455 -59.105 
-45.6979 633.346 -32.0321 
-18.3104 612.197 -0.136738 
-15.2891 617.772 31.7134 
-6.66356 633.554 58.7191 
6.29463 657.184 76.7485 
21.6163 685.064 83.0129 
36.9557 712.961 76.689 
49.9936 736.824 58.6822 
58.7049 752.81 31.6588 
61.7701 758.425 -0.270915 
58.7199 752.794 -32.1986 
50.0273 736.787 -59.214 
37.0134 712.901 -77.2093 
21.6017 684.837 -83.5266 
6.27795 656.977 -77.1863 
-6.66816 633.391 -59.0952 
-15.292 617.667 -32.015 
11.0362 595.27 -0.12191 
14.3124 600.696 31.728 
23.6552 616.052 58.7368 
37.6926 639.046 76.7715 
54.2946 666.176 83.0333 
70.9205 693.311 76.707 
85.0855 716.52 58.698 
94.5572 732.066 31.6745 
97.887 737.53 -0.253989 
94.5657 732.057 -32.181 
85.1042 716.496 -59.1977 
70.9532 693.27 -77.1968 
54.2425 665.964 -83.5213 
37.6489 638.85 -77.1816 
23.6334 615.893 -59.0865 
14.2999 600.591 -32.0012 
39.5156 576.987 -0.1113 
43.0431 582.249 31.7377 
53.0944 597.142 58.7473 
68.1956 619.443 76.7857 
86.0583 645.755 83.0459 
103.937 672.071 76.7169 
119.184 694.582 58.7049 
129.386 709.658 31.6818 
132.972 714.959 -0.244644 
129.389 709.656 -32.1701 
119.187 694.572 -59.1863 
103.942 672.053 -77.1875 
85.9656 645.567 -83.5153 
68.1263 619.262 -77.1767 
53.0573 596.992 -59.0795 
43.022 582.147 -31.9909 
67.073 557.383 -0.103693 
70.8445 562.467 31.7452 
81.587 576.86 58.7556 
97.7262 598.412 76.7973 
116.825 623.834 83.062 
135.937 649.298 76.7248 
152.216 671.067 58.7064 
163.12 685.64 31.6831 
166.95 690.762 -0.241301 
163.113 685.637 -32.1639 
152.2 671.058 -59.1776 
135.9 649.294 -77.179 
116.696 623.688 -83.5084 
97.6417 598.256 -77.1712 
81.5424 576.726 -59.0738 
70.8187 562.373 -31.9836 
93.6541 536.501 -0.0977412 
97.66 541.391 31.7527 
109.07 555.245 58.7674 
126.21 575.994 76.8144 
146.496 600.465 83.0921 
166.839 625.063 76.7364 
184.112 646.034 58.7098 
195.686 660.064 31.6842 
199.746 664.99 -0.240149 
195.662 660.047 -32.159 
184.064 646.004 -59.1684 
166.751 625.04 -77.1687 
146.362 600.373 -83.4995 
126.129 575.874 -77.1647 
109.028 555.135 -59.0691 
97.6341 541.309 -31.9781 
119.205 514.386 -0.09438 
123.438 519.073 31.7568 
135.495 532.357 58.7732 
153.598 552.26 76.8221 
174.994 575.751 83.1042 
196.521 599.404 76.7321 
214.775 619.507 58.7026 
226.992 632.96 31.6781 
231.272 637.679 -0.241273 
226.953 632.933 -32.152 
214.703 619.458 -59.1538 
196.42 599.344 -77.149 
174.893 575.674 -83.4821 
153.526 552.166 -77.1549 
135.456 532.267 -59.0647 
123.412 519.001 -31.9747 
143.667 491.083 -0.09373 
148.125 495.562 31.7534 
160.811 508.255 58.7594 
179.85 527.275 76.7926 
202.329 549.743 83.0485 
224.917 572.315 76.6506 
244.076 591.484 58.622 
256.894 604.313 31.6285 
261.384 608.815 -0.244375 
256.853 604.288 -32.1086 
244.003 591.435 -59.0781 
224.822 572.249 -77.0676 
202.237 549.664 -83.4238 
179.778 527.188 -77.1253 
160.769 508.173 -59.0529 
148.094 495.494 -31.9711 
166.986 466.64 -0.0935659 
171.658 470.901 31.7497 
184.947 482.974 58.7465 
204.882 501.063 76.7648 
228.425 522.421 82.9927 
252.036 543.843 76.5718 
272.062 562.031 58.5488 
285.456 574.205 31.5843 
290.148 578.476 -0.244978 
285.416 574.18 -32.0655 
271.991 561.983 -59.005 
251.948 543.775 -76.9895 
228.338 522.34 -83.3679 
204.811 500.977 -77.0976 
184.901 482.894 -59.0424 
171.622 470.835 -31.9683 
189.104 441.103 -0.0924058 
193.976 445.135 31.75 
207.832 456.553 58.7444 
228.615 473.659 76.7588 
253.158 493.854 82.9808 
277.769 514.109 76.5597 
298.647 531.308 58.542 
312.608 542.82 31.5817 
317.5 546.859 -0.242737 
312.569 542.796 -32.0584 
298.578 531.259 -58.9938 
277.686 514.04 -76.974 
253.074 493.771 -83.3531 
228.544 473.573 -77.0896 
207.785 456.473 -59.0404 
193.937 445.069 -31.9673 
209.964 414.522 -0.089596 
215.027 418.314 31.7524 
229.417 429.049 58.7449 
250.999 445.132 76.7571 
276.483 464.12 82.9789 
302.04 483.168 76.5601 
323.723 499.341 58.545 
338.223 510.168 31.5863 
343.305 513.966 -0.237509 
338.186 510.143 -32.0526 
323.658 499.291 -58.9871 
301.96 483.097 -76.9662 
276.402 464.035 -83.3442 
250.93 445.045 -77.0825 
229.369 428.969 -59.0371 
214.984 418.248 -31.9648 
229.521 386.952 -0.084952 
234.761 390.496 31.7562 
249.653 400.525 58.7461 
271.984 415.55 76.7562 
298.349 433.291 82.9788 
324.79 451.092 76.5633 
347.229 466.201 58.551 
362.237 476.316 31.5938 
367.497 479.864 -0.229471 
362.201 476.292 -32.0444 
347.167 466.152 -58.9783 
324.715 451.02 -76.9563 
298.271 433.206 -83.3327 
271.917 415.463 -77.0721 
249.605 400.445 -59.0305 
234.717 390.431 -31.9599 
247.733 358.455 -0.0785347 
253.138 361.744 31.7613 
268.497 371.046 58.7479 
291.523 384.983 76.755 
318.705 401.441 82.9785 
345.969 417.957 76.5675 
369.113 431.968 58.5588 
384.594 441.346 31.6036 
390.023 444.634 -0.218777 
384.561 441.321 -32.0333 
369.055 431.919 -58.9664 
345.898 417.885 -76.9424 
318.632 401.356 -83.3164 
291.458 384.896 -77.0573 
268.45 370.967 -59.0205 
253.093 361.68 -31.9528 
264.56 329.093 -0.0705544 
270.118 332.12 31.7679 
285.907 340.679 58.75 
309.573 353.503 76.7528 
337.507 368.648 82.9769 
365.53 383.845 76.5717 
389.326 396.724 58.5682 
405.249 405.338 31.6157 
410.833 408.357 -0.205474 
405.218 405.314 -32.0192 
389.272 396.675 -58.951 
365.464 383.774 -76.924 
337.439 368.564 -83.2945 
309.512 353.417 -77.0372 
285.862 340.601 -59.0069 
270.071 332.058 -31.9436 
279.967 298.926 -0.0611938 
285.665 301.687 31.7755 
301.847 309.492 58.7518 
326.096 321.183 76.7484 
354.715 334.991 82.973 
383.432 348.84 76.5751 
407.828 360.552 58.5782 
424.157 368.376 31.6295 
429.886 371.118 -0.189956 
424.129 368.353 -32.0027 
407.779 360.504 -58.9325 
383.371 348.77 -76.9009 
354.652 334.908 -83.2667 
326.04 321.099 -77.0115 
301.804 309.416 -58.9898 
285.618 301.628 -31.9327 
293.921 268.015 -0.0506773 
299.746 270.508 31.7839 
316.285 277.552 58.7524 
341.058 288.101 76.7404 
370.294 300.554 82.966 
399.637 313.029 76.5767 
424.581 323.538 58.5888 
441.281 330.547 31.645 
447.141 333.002 -0.172387 
441.257 330.524 -31.9838 
424.537 323.491 -58.9105 
399.582 312.96 -76.8725 
370.237 300.473 -83.2324 
341.007 288.019 -76.979 
316.244 277.479 -58.9686 
299.699 270.452 -31.92 
306.394 236.419 -0.0392307 
312.333 238.644 31.7929 
329.191 244.927 58.7509 
354.431 254.333 76.7269 
384.211 265.424 82.9553 
414.114 276.502 76.5753 
439.553 285.768 58.5993 
456.589 291.934 31.662 
462.567 294.096 -0.152967 
456.568 291.913 -31.9628 
439.515 285.723 -58.8853 
414.067 276.435 -76.8381 
384.162 265.346 -83.1919 
354.385 254.255 -76.9384 
329.154 244.859 -58.9428 
312.286 238.592 -31.9059 
317.363 204.192 -0.0271684 
323.403 206.152 31.8025 
340.542 211.684 58.7474 
366.188 219.961 76.7076 
396.443 229.697 82.9419 
426.84 239.35 76.5711 
452.719 247.329 58.6096 
470.052 252.626 31.6798 
476.135 254.486 -0.132376 
470.035 252.606 -31.9405 
452.688 247.287 -58.8578 
426.801 239.286 -76.7993 
396.4 229.624 -83.1469 
366.149 219.888 -76.8904 
340.51 211.621 -58.9133 
323.358 206.106 -31.8909 
326.815 171.388 -0.0148098 
332.943 173.086 31.8124 
350.322 177.885 58.7442 
376.311 185.065 76.6883 
406.963 193.474 82.9305 
437.805 201.669 76.5691 
464.064 208.305 58.6243 
481.646 212.706 31.6995 
487.814 214.259 -0.111119 
481.633 212.69 -31.9188 
464.039 208.267 -58.8338 
437.773 201.608 -76.7617 
406.929 193.404 -83.1028 
376.28 184.998 -76.8413 
350.296 177.83 -58.8829 
332.9 173.047 -31.8754 
334.754 138.055 -0.00245317 
340.953 139.497 31.817 
358.532 143.592 58.7317 
384.798 149.73 76.6576 
415.767 156.871 82.9041 
446.973 163.553 76.5631 
473.548 168.774 58.6391 
491.323 172.256 31.7163 
497.556 173.499 -0.0899505 
491.315 172.244 -31.8945 
473.532 168.74 -58.8101 
446.951 163.495 -76.7201 
415.744 156.806 -83.0431 
384.776 149.671 -76.7797 
358.513 143.548 -58.8422 
340.915 139.469 -31.8541 
341.265 104.258 0.0093753 
347.511 105.451 31.7861 
365.22 108.879 58.6588 
391.665 114.052 76.559 
422.842 120.006 82.797 
454.291 125.055 76.5219 
481.075 128.796 58.6206 
498.955 131.346 31.7061 
505.222 132.277 -0.0706967 
498.954 131.339 -31.847 
481.07 128.768 -58.7564 
454.281 125 -76.645 
422.831 119.947 -82.9039 
391.654 114.002 -76.6508 
365.212 108.85 -58.7401 
347.479 105.439 -31.7972 
346.891 70.1781 0.0182852 
353.107 71.1289 31.5489 
370.742 73.9305 58.2263 
397.08 78.2229 76.008 
428.147 83.0265 82.2195 
459.515 86.1977 76.1021 
486.164 88.3886 58.2654 
503.965 89.9932 31.4991 
510.211 90.6109 -0.0653617 
503.967 89.9927 -31.62 
486.178 88.3676 -58.3562 
459.523 86.1477 -76.1826 
428.153 82.9743 -82.2918 
397.085 78.185 -76.0703 
370.749 73.92 -58.2773 
353.089 71.1381 -31.5374 
355.064 36.7504 0.0219484 
360.983 37.602 30.1127 
377.779 40.1029 55.5974 
402.899 43.8528 72.6303 
432.569 48.0248 78.6318 
462.368 51.3933 72.6753 
487.63 53.8768 55.5869 
504.546 55.5633 30.0381 
510.484 56.1559 -0.0624965 
504.539 55.5183 -30.1397 
487.652 53.8252 -55.6315 
462.386 51.3524 -72.7181 
432.586 47.9878 -78.6735 
402.913 43.8325 -72.6697 
377.788 40.1252 -55.6345 
360.961 37.6385 -30.0932 
364.302 4.21353 0.018253 
369.852 4.95664 28.1435 
385.595 7.15613 51.9558 
409.132 10.4206 67.8492 
436.894 14.1012 73.4194 
464.695 17.3922 67.8225 
488.237 20.0007 51.8698 
503.969 21.7439 28.0321 
509.485 22.322 -0.0339619 
503.962 21.6666 -28.0823 
488.253 19.9292 -51.8822 
464.71 17.3651 -67.8427 
436.908 14.0794 -73.4394 
409.142 10.4132 -67.869 
385.593 7.20601 -51.9805 
369.824 5.02129 -28.1274 
376.193 -23.2524 0 
381.107 -22.5618 24.9464 
395.105 -20.6074 46.0912 
416.087 -17.8 60.1681 
440.795 -14.5258 65.0461 
465.443 -11.271 60.018 
486.289 -8.52296 45.885 
500.191 -6.69204 24.8143 
505.068 -6.05022 0.000255892 
500.191 -6.69297 -24.8137 
486.288 -8.52386 -45.8846 
465.443 -11.2716 -60.0178 
440.795 -14.5263 -65.0459 
416.087 -17.8004 -60.168 
395.105 -20.6075 -46.0912 
381.107 -22.5618 -24.9464 
-304.455 714.737 1.13254
-303.241 719.751 26.8926
-277.76 708.527 29.0254
-279.109 703.101 1.17203
-302.965 720.865 29.6436
-299.442 735.077 51.4376
-273.646 725.021 55.3329
-277.484 709.64 31.7764
-298.932 737.128 53.5374
-293.685 758.35 68.034
-267.419 750.033 73.1196
-273.136 727.073 57.4327
-293.03 761.026 69.1654
-286.99 786.029 74.2001
-260.202 779.781 79.7409
-266.764 752.709 74.251
-286.309 788.929 74.1979
-280.577 813.99 69.0818
-253.366 809.876 74.2467
-259.522 782.68 79.7388
-279.981 816.679 67.9451
-275.352 838.029 53.4188
-247.808 835.683 57.3396
-252.77 812.565 73.11
-274.909 840.093 51.3134
-271.858 854.393 29.5045
-244.07 853.194 31.6157
-247.365 837.747 55.2341
-271.618 855.51 26.7506
-270.526 860.509 0.985955
-242.648 859.716 0.997691
-243.83 854.311 28.8618
-270.524 860.505 -1.99529
-271.574 855.44 -27.7493
-243.778 854.245 -29.8374
-242.645 859.712 -1.98355
-271.81 854.318 -30.5009
-274.845 839.973 -52.2832
-247.29 837.624 -56.1753
-244.014 853.123 -32.589
-275.287 837.904 -54.3844
-279.91 816.525 -68.8706
-252.693 812.406 -73.9986
-247.731 835.556 -58.2766
-280.506 813.833 -70.0021
-286.235 788.761 -75.0683
-259.44 782.508 -80.5713
-253.29 809.714 -75.1301
-286.916 785.862 -75.0648
-292.962 760.869 -69.9806
-266.686 752.549 -75.0264
-260.121 779.609 -80.5678
-293.618 758.196 -68.8438
-298.864 737.006 -54.3002
-273.086 726.96 -58.1504
-267.342 749.877 -73.8897
-299.375 734.96 -52.1954
-302.908 720.798 -30.3721
-277.469 709.58 -32.4358
-273.598 724.913 -56.0456
-303.187 719.691 -27.6172
-304.453 714.734 -1.8493
-279.107 703.098 -1.80981
-277.749 708.473 -29.6809
-276.027 702.001 1.24993
-274.677 707.426 29.1033
-244.252 698.928 29.7566
-245.648 693.406 1.27282
-270.545 723.975 55.5499
-239.961 715.746 56.7643
-243.958 700.095 32.6468
-274.383 708.593 31.9934
-264.286 749.086 73.4439
-233.438 741.282 75.058
-239.418 717.896 58.9714
-270.002 726.126 57.7571
-257.027 778.965 80.1247
-225.906 771.706 81.8825
-232.741 744.089 76.2489
-263.589 751.893 74.6348
-250.159 809.205 74.6323
-219.035 802.557 76.2375
-225.192 774.75 81.8822
-256.314 782.009 80.1243
-244.582 835.149 57.6661
-213.53 829.012 58.8675
-218.42 805.383 75.0418
-249.543 812.031 73.4365
-240.829 852.764 31.8324
-209.78 846.975 32.4853
-213.073 831.18 56.6522
-244.124 837.317 55.4508
-239.397 859.341 1.07447
-208.34 853.673 1.09241
-209.531 848.147 29.5915
-240.579 853.936 28.9385
-240.527 853.871 -29.9105
-209.489 848.078 -30.5231
-208.337 853.67 -2.03876
-239.394 859.338 -2.05671
-244.048 837.194 -56.3881
-213.004 831.058 -57.5413
-209.734 846.899 -33.4144
-240.773 852.692 -32.8018
-249.466 811.871 -74.3208
-218.341 805.223 -75.88
-213.46 828.885 -59.752
-244.504 835.021 -58.5988
-256.232 781.836 -80.9521
-225.109 774.576 -82.6599
-218.956 802.395 -77.0701
-250.081 809.043 -75.5109
-263.511 751.733 -75.4052
-232.664 743.928 -76.9653
-225.822 771.532 -82.6544
-256.946 778.792 -80.9466
-269.953 726.012 -58.4693
-239.366 717.776 -59.6345
-233.363 741.124 -75.7687
-264.209 748.929 -74.2086
-274.371 708.534 -32.6467
-243.94 700.025 -33.2542
-239.912 715.63 -57.4217
-270.499 723.866 -56.2565
-274.667 707.373 -29.7529
-276.026 701.998 -1.88183
-245.647 693.402 -1.85894
-244.237 698.864 -30.3604
-242.252 692.517 1.29637
-240.856 698.039 29.7802
-209.998 690.555 29.9306
-211.427 685.021 1.31888
-240.552 699.218 32.7104
-236.555 714.868 56.828
-205.559 707.41 57.0993
-209.693 691.733 32.8608
-235.988 717.041 59.0679
-230.009 740.427 75.1545
-198.734 733.007 75.5158
-204.993 709.583 59.3393
-229.28 743.264 76.3629
-222.444 770.881 81.9966
-190.843 763.519 82.3722
-198.005 735.844 76.7242
-221.723 773.96 81.9966
-215.566 801.767 76.3519
-184.252 794.617 76.7325
-190.122 766.597 82.3722
-214.966 804.638 75.1401
-210.076 828.267 58.9659
-178.994 821.37 59.3077
-183.652 797.488 75.5206
-209.629 830.471 56.7187
-206.336 846.266 32.5518
-175.311 839.509 32.756
-178.547 823.573 57.0605
-206.088 847.456 29.6162
-204.897 852.982 1.11716
-173.873 846.267 1.14147
-175.063 840.699 29.8204
-204.895 852.978 -2.05878
-206.047 847.386 -30.5431
-175.031 840.633 -30.7007
-173.871 846.263 -2.03447
-206.291 846.19 -33.476
-209.561 830.348 -57.6028
-178.485 823.451 -57.9017
-175.275 839.436 -33.6335
-210.006 828.14 -59.8453
-214.887 804.478 -75.9733
-183.574 797.326 -76.3092
-178.931 821.242 -60.1442
-215.486 801.604 -77.1794
-221.639 773.785 -82.7692
-190.039 766.421 -83.0993
-184.173 794.452 -77.5153
-222.361 770.707 -82.7631
-229.203 743.102 -77.074
-197.929 735.681 -77.3901
-190.76 763.343 -83.0932
-229.933 740.268 -75.8599
-235.936 716.919 -59.7257
-204.937 709.458 -59.9532
-198.659 732.847 -76.176
-236.506 714.752 -57.4804
-240.534 699.146 -33.3129
-209.67 691.656 -33.4192
-205.506 707.29 -57.7079
-240.841 697.974 -30.3789
-242.251 692.513 -1.87748
-211.426 685.017 -1.85497
-209.977 690.484 -30.4852
-208.034 684.173 1.32806
-206.604 689.707 29.9397
-176.248 681.913 30
-177.866 676.414 1.34884
-206.274 690.885 32.881
-202.14 706.562 57.1196
-171.261 698.67 57.2061
-175.918 683.091 32.9413
-201.527 708.732 59.3655
-195.267 732.157 75.5421
-163.645 724.12 75.6393
-170.647 700.839 59.4521
-194.473 734.99 76.7519
-187.312 762.665 82.3999
-154.721 754.434 82.5023
-162.85 726.953 76.8492
-186.516 765.752 82.3933
-180.646 793.772 76.7536
-146.481 785.233 76.8288
-153.925 757.521 82.4957
-179.982 796.636 75.5347
-175.323 820.517 59.3218
-139.84 811.821 59.4354
-145.817 788.098 75.61
-174.828 822.714 57.0719
-171.592 838.65 32.7674
-135.293 829.852 32.8535
-139.344 814.018 57.1855
-171.317 839.836 29.8266
-170.126 845.404 1.14761
-133.557 836.565 1.17623
-135.019 831.038 29.9127
-170.125 845.4 -2.03493
-171.285 839.77 -30.7011
-134.99 830.974 -30.7325
-133.555 836.562 -2.00631
-171.557 838.577 -33.6395
-174.767 822.592 -57.9077
-139.288 813.896 -57.9728
-135.262 829.782 -33.6709
-175.261 820.39 -60.1532
-179.904 796.474 -76.3182
-145.739 787.933 -76.3455
-139.781 811.694 -60.2183
-180.567 793.607 -77.5314
-186.432 765.576 -83.1154
-153.841 757.344 -83.1732
-146.401 785.067 -77.5587
-187.228 762.489 -83.116
-194.397 734.827 -77.4129
-162.776 726.789 -77.4678
-154.637 754.256 -83.1738
-195.193 731.996 -76.1975
-201.47 708.607 -59.9747
-170.589 700.713 -60.0199
-163.572 723.958 -76.2524
-202.087 706.442 -57.7234
-206.251 690.808 -33.4347
-175.889 683.012 -33.4535
-171.206 698.547 -57.7685
-206.583 689.637 -30.4896
-208.033 684.169 -1.85936
-177.865 676.41 -1.83857
-176.222 681.84 -30.5084
-174.532 675.488 1.35286
-172.914 680.987 30.004
-143.064 672.052 30.0348
-144.886 666.621 1.37418
-172.543 682.154 32.9482
-167.886 697.733 57.2131
-137.463 688.606 57.2556
-142.692 673.219 32.9791
-167.197 699.884 59.4606
-160.195 723.164 75.6479
-128.927 713.763 75.6938
-136.775 690.757 59.5031
-159.3 725.972 76.8576
-151.17 753.452 82.5107
-118.847 743.717 82.5565
-128.032 716.57 76.9036
-150.236 756.502 82.5032
-142.792 784.214 76.8363
-109.067 774.079 76.8688
-117.912 746.767 82.549
-141.974 787.046 75.617
-135.997 810.77 59.4425
-101.015 800.298 59.4699
-108.249 776.911 75.6496
-135.385 812.945 57.1927
-131.334 828.779 32.8607
-95.5527 818.109 32.8949
-100.403 802.473 57.2201
-131 829.954 29.9176
-129.538 835.481 1.18114
-93.4882 824.748 1.21007
-95.2182 819.284 29.9518
-129.537 835.478 -2.0049
-130.971 829.89 -30.7311
-95.1939 819.222 -30.708
-93.4868 824.745 -1.97597
-131.303 828.709 -33.6721
-135.329 812.823 -57.974
-100.351 802.353 -57.9467
-95.5257 818.041 -33.649
-135.938 810.643 -60.2197
-141.896 786.882 -76.347
-108.168 776.745 -76.3291
-100.96 800.173 -60.1924
-142.712 784.047 -77.561
-150.152 756.324 -83.1755
-117.827 746.586 -83.177
-108.984 773.91 -77.5431
-151.087 753.274 -83.1774
-159.226 725.807 -77.4714
-127.963 716.403 -77.4742
-118.762 743.536 -83.1789
-160.122 723.002 -76.2562
-167.14 699.757 -60.0237
-136.721 690.627 -60.0241
-128.859 713.598 -76.259
-167.831 697.61 -57.7708
-172.514 682.075 -33.4558
-142.663 673.136 -33.4441
-137.411 688.48 -57.7712
-172.888 680.913 -30.5077
-174.531 675.484 -1.83787
-144.885 666.617 -1.81656
-143.037 671.975 -30.4961
-141.612 665.562 1.37707
-139.79 670.992 30.0377
-110.497 660.774 30.0614
-112.534 655.429 1.39752
-139.374 672.143 32.9833
-134.145 687.53 57.2598
-104.245 677.07 57.2943
-110.081 661.926 33.0069
-133.374 689.652 59.5085
-125.526 712.659 75.6992
-94.7149 701.85 75.745
-103.474 679.192 59.543
-124.522 715.428 76.9088
-115.337 742.574 82.5617
-83.4066 731.353 82.6038
-93.7107 704.62 76.9546
-114.267 745.577 82.5535
-105.421 772.889 76.8734
-72.1839 761.209 76.9099
-82.3368 734.356 82.5956
-104.46 775.678 75.6531
-97.2259 799.065 59.4735
-62.7861 786.976 59.4982
-71.2223 763.998 75.6896
-96.5019 801.207 57.2233
-91.6519 816.843 32.898
-56.43 804.499 32.9255
-62.0621 789.119 57.248
-91.2588 818.002 29.955
-89.5288 823.466 1.21334
-54.0417 811.04 1.24132
-56.0369 805.657 29.9825
-89.5276 823.463 -1.97298
-91.2347 817.94 -30.705
-56.0148 805.606 -30.6785
-54.0405 811.037 -1.945
-91.6251 816.776 -33.6462
-96.4504 801.088 -57.9439
-62.0116 789.016 -57.9199
-56.4053 804.442 -33.6197
-97.1712 798.941 -60.1906
-104.379 775.513 -76.3273
-71.1275 763.848 -76.3237
-62.7323 786.869 -60.1666
-105.338 772.721 -77.543
-114.181 745.396 -83.1769
-82.2526 734.156 -83.1896
-72.0868 761.056 -77.5394
-115.252 742.392 -83.1799
-124.453 715.26 -77.4752
-93.6534 704.439 -77.4877
-83.3243 731.152 -83.1926
-125.459 712.493 -76.2601
-133.321 689.521 -60.0251
-103.43 679.052 -60.0238
-94.6594 701.672 -76.2726
-134.093 687.404 -57.771
-139.345 672.06 -33.4439
-110.057 661.836 -33.428
-104.202 676.934 -57.7696
-139.764 670.915 -30.4944
-141.611 665.557 -1.81481
-112.533 655.425 -1.79435
-110.475 660.691 -30.4785
-109.325 654.226 1.40001
-107.288 659.571 30.0639
-78.5922 648.047 30.084
-80.8528 642.798 1.41911
-106.825 660.703 33.0103
-100.989 675.848 57.2977
-71.6614 664.045 57.3259
-78.1293 649.179 33.0305
-100.132 677.935 59.5475
-91.3721 700.593 75.7495
-61.0923 688.382 75.7882
-70.8042 666.131 59.5757
-90.2528 703.316 76.9592
-79.9487 730.049 82.6084
-48.5173 717.358 82.6422
-59.9731 691.105 76.9979
-78.7454 733 82.5997
-68.5925 759.853 76.9139
-35.9123 746.636 76.9455
-47.3139 720.308 82.6335
-67.4944 762.59 75.693
-59.0581 785.568 59.5016
-25.2269 771.893 59.5248
-34.8142 749.373 75.7246
-58.2262 787.672 57.2508
-52.594 803.052 32.9283
-18.001 789.081 32.9525
-24.3949 773.997 57.274
-52.1437 804.19 29.9854
-50.1484 809.573 1.24424
-15.2935 795.507 1.27005
-17.5506 790.219 30.0096
-50.1473 809.571 -1.94208
-52.1216 804.139 -30.6756
-17.5279 790.185 -30.6516
-15.2924 795.505 -1.91627
-52.5693 802.997 -33.6172
-58.1756 787.571 -57.9173
-24.3428 773.926 -57.9002
-17.9757 789.043 -33.5932
-59.0039 785.464 -60.1655
-67.399 762.444 -76.3226
-34.7172 749.264 -76.3243
-25.1711 771.818 -60.1484
-68.4953 759.7 -77.5403
-78.6611 732.799 -83.1904
-47.2552 720.085 -83.208
-35.8134 746.52 -77.542
-79.8681 729.846 -83.1943
-90.1972 703.133 -77.4895
-59.9375 690.904 -77.5051
-48.4623 717.132 -83.2119
-91.3181 700.413 -76.2737
-100.089 677.793 -60.0249
-70.7747 665.975 -60.0239
-61.0584 688.184 -76.2894
-100.947 675.711 -57.7691
-106.801 660.612 -33.4275
-78.1129 649.079 -33.4118
-71.6332 663.894 -57.7681
-107.266 659.488 -30.4767
-109.324 654.222 -1.79253
-80.8519 642.794 -1.77343
-78.5775 647.955 -30.4609
-77.7124 641.451 1.42135
-75.4518 646.699 30.0862
-47.3946 633.873 30.1046
-49.8838 628.734 1.43965
-74.9406 647.809 33.0333
-68.4727 662.675 57.3287
-39.7699 649.536 57.3524
-46.8835 634.983 33.0516
-67.5261 664.722 59.5794
-57.8143 686.972 75.7919
-28.1387 673.369 75.8232
-38.8233 651.582 59.6031
-56.5769 689.643 77.0016
-45.1211 715.896 82.646
-14.2762 701.744 82.6734
-26.9013 676.04 77.0329
-43.7851 718.786 82.6368
-32.3835 745.113 76.9488
-0.324986 730.376 76.9751
-12.9403 704.634 82.6643
-31.1548 747.793 75.7277
-21.5675 770.313 59.5279
11.5866 755.077 59.5501
0.903701 733.056 75.754
-20.6317 772.373 57.2767
-14.2377 787.457 32.9552
19.6533 771.889 32.9781
12.5224 757.137 57.2988
-13.7316 788.572 30.0123
-11.4745 793.86 1.27277
22.6716 778.182 1.29749
20.1594 773.004 30.0352
-11.4734 793.859 -1.9135
-13.7089 788.539 -30.6488
20.1795 772.982 -30.624
22.6727 778.181 -1.88878
-14.2126 787.421 -33.5908
-20.5797 772.304 -57.8979
12.5684 757.087 -57.8771
19.6759 771.864 -33.566
-21.5121 770.241 -60.1474
-31.0582 747.687 -76.3233
0.984074 732.977 -76.3157
11.636 755.024 -60.1266
-32.2871 744.999 -77.5425
-43.7289 718.564 -83.2085
-12.9173 704.407 -83.2117
-0.244832 730.289 -77.5349
-45.0689 715.668 -83.2131
-56.5441 689.44 -77.5063
-26.8905 675.829 -77.5093
-14.2573 701.512 -83.2163
-57.7823 686.773 -76.29
-67.4987 664.564 -60.0245
-38.8105 651.417 -60.0172
-28.1287 673.162 -76.2929
-68.4457 662.523 -57.7672
-74.9254 647.709 -33.411
-46.8763 634.878 -33.3944
-39.7575 649.376 -57.76
-75.4375 646.607 -30.4591
-77.7119 641.446 -1.7716
-49.8833 628.729 -1.75331
-47.3884 633.776 -30.4426
-46.817 627.244 1.44169
-44.3279 632.383 30.1067
-16.9542 618.274 30.1234
-19.6734 613.257 1.4583
-43.7678 633.469 33.0541
-36.6541 648.021 57.3548
-8.63114 633.563 57.376
-16.3941 619.359 33.0708
-35.6171 650.022 59.6062
-24.9324 671.808 75.8263
4.06827 656.831 75.8538
-7.5941 635.564 59.6273
-23.5758 674.419 77.036
-10.9508 700.124 82.6766
19.2143 684.534 82.7015
5.42485 659.442 77.0635
-9.48322 702.948 82.6671
3.13207 728.69 76.9779
34.4874 712.465 77.0006
20.6819 687.357 82.692
4.48674 731.306 75.7567
15.1696 753.328 59.5527
47.5762 736.559 59.5732
35.842 715.082 75.7793
16.205 755.339 57.3013
23.3359 770.091 32.9806
56.4518 752.958 33.0007
48.6116 738.57 57.3218
23.896 771.181 30.0377
26.4082 776.359 1.29997
59.7705 759.1 1.32112
57.0119 754.047 30.0579
26.4091 776.358 -1.88623
23.9158 771.159 -30.6214
57.0262 754.032 -30.6
59.7714 759.099 -1.86508
23.3578 770.068 -33.5637
16.2503 755.29 -57.8748
48.6449 738.533 -57.8561
56.4682 752.94 -33.5423
15.2175 753.276 -60.1251
4.56558 731.23 -76.3142
35.8996 715.022 -76.3022
47.612 736.519 -60.1064
3.20913 728.603 -77.5343
-9.46333 702.722 -83.2112
20.6726 687.138 -83.2078
34.5431 712.395 -77.5223
-10.9348 699.892 -83.2164
-23.568 674.208 -77.5093
5.4097 659.234 -77.5068
19.2011 684.307 -83.2131
-24.9246 671.601 -76.2927
-35.6063 649.857 -60.017
-7.5983 635.398 -60.0082
4.05319 656.626 -76.2902
-36.6431 647.861 -57.7589
-43.7618 633.362 -33.3933
-16.3965 619.251 -33.3779
-8.63501 633.403 -57.7501
-44.3221 632.285 -30.4408
-46.817 627.239 -1.75153
-19.6733 613.252 -1.73492
-16.9568 618.174 -30.4254
-16.6853 611.627 1.46004
-13.9661 616.644 30.1251
12.6752 601.275 30.1383
9.72667 596.392 1.47339
-13.357 617.701 33.0729
-5.59407 631.905 57.378
21.6928 616.153 57.3939
13.2843 602.333 33.086
-4.46658 633.855 59.6299
7.19579 655.122 75.8563
35.454 638.798 75.8771
22.8203 618.103 59.6458
8.67107 657.667 77.0661
22.4606 682.759 82.7041
51.8711 665.76 82.7225
36.9293 641.343 77.0869
24.0576 685.51 82.6943
37.8631 710.617 77.0029
68.4314 692.932 77.019
53.4681 668.51 82.7127
39.3401 713.166 75.7815
51.0743 734.643 59.5753
82.6569 716.369 59.5895
69.9084 695.481 75.7976
52.2055 736.602 57.3238
60.0457 750.99 33.0027
92.3127 732.32 33.0168
83.7882 718.328 57.338
60.6577 752.051 30.0599
63.4164 757.104 1.32311
95.9216 738.298 1.33834
92.9248 733.381 30.074
63.417 757.103 -1.86306
60.6718 752.036 -30.598
92.933 733.372 -30.5821
95.9222 738.297 -1.84782
60.0611 750.973 -33.5404
52.2377 736.566 -57.8542
83.8069 718.305 -57.8396
92.3223 732.31 -33.5245
51.1081 734.605 -60.1049
39.3957 713.107 -76.3007
69.9415 695.44 -76.2894
82.6774 716.343 -60.0902
37.9158 710.549 -77.5214
24.0453 685.292 -83.207
53.422 668.307 -83.2022
68.4616 692.882 -77.5102
22.4442 682.533 -83.2127
8.65282 657.46 -77.5064
36.8866 641.145 -77.5022
51.8209 665.548 -83.2079
7.17854 654.918 -76.2896
-4.47295 633.69 -60.0077
22.7984 617.943 -59.9999
35.4124 638.603 -76.2854
-5.59926 631.745 -57.749
-13.3607 617.593 -33.3768
13.2719 602.225 -33.3643
21.6721 615.997 -57.7411
-13.9691 616.544 -30.4238
-16.6857 611.621 -1.73337
9.72628 596.387 -1.72003
12.6635 601.175 -30.4114
12.6307 594.624 1.47468
15.5792 599.507 30.1396
41.4369 582.905 30.1484
38.2621 578.169 1.48423
16.2368 600.534 33.0875
24.6453 614.355 57.3954
51.1406 597.336 57.4049
42.0945 583.933 33.0962
25.8623 616.249 59.6476
38.496 636.944 75.8788
65.9487 619.302 75.8916
52.3576 599.231 59.6571
40.0886 639.416 77.0887
55.0305 663.833 82.7243
83.6178 645.455 82.7356
67.5413 621.774 77.1015
56.7544 666.505 82.7142
71.7177 690.927 77.0205
101.432 671.811 77.0294
85.3417 648.127 82.7256
73.3131 693.402 75.7989
86.0616 714.29 59.5909
116.75 694.546 59.5971
103.028 674.286 75.8079
87.2852 716.193 57.3392
95.8097 730.185 33.018
127.156 710.018 33.0246
117.974 696.449 57.3454
96.4719 731.216 30.0752
99.4687 736.132 1.33959
131.045 715.819 1.348
127.818 711.048 30.0818
99.469 736.132 -1.84648
96.4798 731.207 -30.5808
127.821 711.046 -30.5709
131.045 715.819 -1.83806
95.8182 730.176 -33.5232
87.3028 716.171 -57.8383
117.978 696.439 -57.828
127.159 710.015 -33.5133
86.08 714.267 -60.0891
73.3442 693.363 -76.2883
103.034 674.268 -76.2799
116.755 694.535 -60.0788
71.7446 690.879 -77.5093
56.705 666.303 -83.2013
85.2558 647.946 -83.196
101.434 671.783 -77.5009
54.977 663.623 -83.2074
40.0427 639.22 -77.5017
67.4724 621.592 -77.4973
83.5278 645.266 -83.2021
38.4523 636.75 -76.2849
25.8383 616.09 -59.9993
52.3199 599.079 -59.993
65.882 619.122 -76.2805
24.6234 614.199 -57.7403
16.2232 600.427 -33.3635
42.0731 583.828 -33.3542
51.1049 597.188 -57.7339
15.5671 599.407 -30.4102
12.6298 594.619 -1.71884
38.2613 578.164 -1.70929
41.417 582.808 -30.4009
41.0764 576.266 1.48515
44.2511 581.002 30.1493
69.2723 563.198 30.156
65.878 558.623 1.49199
44.9563 581.997 33.0972
54.0024 595.401 57.4059
79.6458 577.146 57.4133
69.9775 564.193 33.1039
55.3073 597.235 59.6582
68.8984 617.306 75.8928
95.4759 598.377 75.9032
80.9507 578.981 59.6656
70.6063 619.699 77.1029
86.6827 643.38 82.737
114.373 623.651 82.7515
97.1838 600.771 77.1132
88.5314 645.967 82.7267
104.622 669.652 77.0306
133.422 649.155 77.0377
116.222 626.238 82.7412
106.332 672.049 75.8086
120.054 692.309 59.5979
149.783 671.146 59.5991
135.132 651.553 75.8157
121.366 694.152 57.3459
130.548 707.721 33.0251
160.908 686.104 33.0263
151.095 672.989 57.3472
131.259 708.719 30.0823
134.486 713.489 1.34854
165.066 691.712 1.35155
161.619 687.102 30.0835
134.486 713.489 -1.83734
131.261 708.716 -30.5702
161.613 687.099 -30.5647
165.066 691.712 -1.83434
130.55 707.718 -33.5125
121.369 694.142 -57.8271
151.08 672.98 -57.8193
160.902 686.101 -33.5069
120.056 692.299 -60.0779
106.335 672.032 -76.279
135.098 651.549 -76.2713
149.768 671.137 -60.07
104.62 669.627 -77.5001
88.4415 645.789 -83.1952
116.099 626.098 -83.1889
133.382 649.143 -77.4924
86.5897 643.194 -83.2015
70.5343 619.52 -77.4968
97.0981 600.614 -77.4918
114.247 623.503 -83.1952
68.8301 617.127 -76.28
55.268 597.084 -59.9925
80.9046 578.844 -59.9874
95.3939 598.222 -76.2751
53.9659 595.254 -57.7333
44.9341 581.893 -33.3536
69.9511 564.096 -33.347
79.6024 577.014 -57.7282
44.2309 580.905 -30.4001
41.0752 576.261 -1.70843
65.8768 558.618 -1.70159
69.2479 563.108 -30.3935
68.5969 556.589 1.49273
71.9912 561.165 30.1567
96.1252 542.196 30.1635
92.5199 537.795 1.49809
72.7426 562.124 33.1048
82.4109 575.077 57.4142
107.146 555.624 57.4248
96.8765 543.156 33.1116
83.801 576.847 59.6669
98.3262 596.243 75.9044
123.962 576.068 75.9198
108.536 557.393 59.6775
100.146 598.552 77.1151
117.335 621.432 82.7534
144.039 600.4 82.7805
125.781 578.376 77.1306
119.307 623.93 82.7428
136.507 646.847 77.0393
164.319 625.035 77.0498
146.01 602.897 82.7699
138.328 649.164 75.8163
152.979 668.757 59.5997
181.686 646.227 59.6028
166.14 627.352 75.8268
154.376 670.535 57.3474
164.189 683.65 33.0265
193.499 660.632 33.0275
183.083 648.005 57.3505
164.946 684.613 30.0837
168.393 689.223 1.35173
197.909 666.028 1.35276
194.255 661.595 30.0847
168.392 689.223 -1.83397
164.939 684.61 -30.5643
194.233 661.579 -30.5599
197.908 666.027 -1.83293
164.181 683.646 -33.5062
154.359 670.525 -57.8186
183.037 647.976 -57.8103
193.475 660.616 -33.5019
152.96 668.747 -60.0692
138.29 649.159 -76.2704
166.056 627.33 -76.2612
181.638 646.198 -60.0609
136.463 646.838 -77.4916
119.18 623.793 -83.188
145.879 602.809 -83.18
164.229 625.009 -77.4824
117.208 621.288 -83.1946
100.059 598.399 -77.4911
125.697 578.255 -77.4853
143.907 600.304 -83.1865
98.2438 596.09 -76.2745
83.7544 576.713 -59.9869
108.492 557.281 -59.9827
123.882 575.947 -76.2687
82.3672 574.946 -57.7277
72.7159 562.028 -33.3465
96.8498 543.071 -33.3416
107.104 555.515 -57.7234
71.9667 561.075 -30.3929
68.5956 556.585 -1.70095
92.5186 537.79 -1.6956
96.1006 542.118 -30.388
95.138 535.635 1.49863
98.7434 540.037 30.1641
121.944 519.95 30.1677
118.134 515.731 1.50165
99.5393 540.958 33.1124
109.808 553.426 57.4256
133.591 532.827 57.4308
122.74 520.872 33.116
111.281 555.126 59.6786
126.707 573.801 75.9209
151.356 552.44 75.9278
135.063 534.527 59.6838
128.633 576.019 77.1321
146.89 598.043 82.7821
172.538 575.801 82.7929
153.282 554.658 77.139
148.98 600.448 82.7711
167.288 622.586 77.051
194.002 599.493 77.0471
174.628 578.206 82.782
169.219 624.816 75.8267
184.765 643.691 59.6027
212.361 619.816 59.5962
195.933 601.723 75.8227
186.243 645.399 57.3503
196.66 658.026 33.0272
224.835 633.632 33.0217
213.84 621.525 57.3437
197.46 658.951 30.0846
201.114 663.384 1.35264
229.487 638.804 1.35163
225.636 634.557 30.079
201.112 663.383 -1.83265
197.437 658.935 -30.5596
225.599 634.531 -30.5533
229.486 638.803 -1.83366
196.634 658.008 -33.501
186.196 645.369 -57.8095
213.771 621.477 -57.7963
224.796 633.605 -33.4947
184.714 643.659 -60.0596
169.132 624.791 -76.2598
195.834 601.665 -76.2421
212.289 619.767 -60.0464
167.198 622.56 -77.4809
148.847 600.359 -83.1786
174.525 578.131 -83.163
193.899 599.433 -77.4632
146.76 597.951 -83.1855
128.55 575.902 -77.4842
153.207 554.564 -77.4754
172.438 575.722 -83.1698
126.628 573.683 -76.2681
111.237 555.017 -59.9821
135.022 534.436 -59.9781
151.285 552.345 -76.2593
109.767 553.319 -57.7231
99.5127 540.875 -33.3412
122.713 520.798 -33.3381
133.552 532.738 -57.7191
98.7187 539.959 -30.3875
95.1367 535.631 -1.69517
118.132 515.728 -1.69214
121.919 519.881 -30.3845
120.646 513.45 1.50177
124.456 517.669 30.1678
146.674 496.509 30.1648
142.662 492.478 1.50236
125.295 518.551 33.1159
136.146 530.506 57.4306
158.931 508.815 57.4183
147.513 497.391 33.1128
137.698 532.134 59.6831
153.991 550.046 75.9271
177.618 527.561 75.9006
160.483 510.443 59.6707
156.019 552.172 77.1374
175.276 573.314 82.7913
199.877 549.907 82.7412
179.646 529.686 77.1109
177.475 575.619 82.7788
196.849 596.907 77.0439
222.405 572.527 76.9705
202.077 552.212 82.7286
198.884 599.041 75.8185
215.312 617.133 59.5919
241.684 591.912 59.5194
224.44 574.661 75.7451
216.869 618.767 57.3402
227.864 630.875 33.0181
254.776 605.093 32.9734
243.24 593.546 57.2677
228.706 631.759 30.0775
232.558 636.006 1.35012
259.659 610.028 1.34733
255.618 605.977 30.0329
232.556 636.005 -1.83252
228.669 631.733 -30.5522
255.579 605.953 -30.5131
259.657 610.027 -1.83532
227.824 630.846 -33.4912
216.799 618.719 -57.7928
243.169 593.499 -57.7247
254.734 605.066 -33.4521
215.239 617.083 -60.0416
198.784 598.981 -76.2373
224.347 574.595 -76.1641
241.61 591.863 -59.9735
196.748 596.845 -77.4588
177.374 575.543 -83.1586
201.984 552.133 -83.1061
222.311 572.46 -77.3855
175.176 573.237 -83.1669
155.946 552.079 -77.4725
179.573 529.599 -77.4459
199.786 549.827 -83.1145
153.92 549.953 -76.2579
137.657 532.045 -59.9768
160.439 510.36 -59.9661
177.547 527.474 -76.2313
136.107 530.418 -57.7186
125.268 518.478 -33.3376
147.482 497.322 -33.3343
158.89 508.733 -57.7079
124.431 517.6 -30.3842
120.644 513.447 -1.69189
142.661 492.474 -1.6913
146.645 496.444 -30.3809
145.062 490.08 1.5022
149.074 494.111 30.1646
170.253 471.916 30.1613
166.049 468.081 1.50234
149.955 494.952 33.112
161.373 506.376 57.4174
183.095 483.623 57.4057
171.135 472.758 33.1087
163.002 507.928 59.6687
180.137 525.046 75.8985
202.666 501.455 75.8735
184.723 485.175 59.657
182.265 527.073 77.1068
202.496 547.293 82.7371
225.983 522.704 82.6869
204.794 503.482 77.0818
204.801 549.489 82.7218
225.13 569.804 76.9636
249.537 544.179 76.8928
228.287 524.899 82.6716
227.261 571.834 75.7372
244.505 589.086 59.5115
269.692 562.579 59.4456
251.668 546.21 75.6663
246.134 590.64 57.2614
257.67 602.187 32.9672
283.376 575.089 32.9274
271.322 564.133 57.1955
258.552 603.028 30.0304
262.593 607.079 1.34486
288.48 579.775 1.34432
284.257 575.93 29.9906
262.59 607.078 -1.83323
258.513 603.004 -30.511
284.219 575.907 -30.4722
288.478 579.773 -1.83378
257.628 602.16 -33.4462
246.063 590.593 -57.7188
271.252 564.086 -57.653
283.334 575.064 -33.4074
244.431 589.036 -59.9657
227.168 571.769 -76.1563
251.581 546.142 -76.0859
269.62 562.529 -59.8999
225.036 569.737 -77.3786
204.709 549.41 -83.0992
228.2 524.819 -83.0488
249.449 544.11 -77.3083
202.405 547.214 -83.1103
182.192 526.986 -77.4416
204.721 503.396 -77.4167
225.896 522.622 -83.0599
180.066 524.959 -76.2294
162.958 507.846 -59.9642
184.677 485.095 -59.9547
202.595 501.369 -76.2044
161.331 506.295 -57.7072
149.924 494.884 -33.3336
171.099 472.69 -33.3311
183.05 483.544 -57.6978
149.045 494.047 -30.3808
145.06 490.076 -1.69114
166.047 468.078 -1.69099
170.22 471.853 -30.3782
168.331 465.571 1.50229
172.536 469.406 30.1612
192.622 446.216 30.1615
188.237 442.588 1.50334
173.457 470.204 33.1082
185.417 481.07 57.4053
206.014 457.291 57.4035
193.543 447.014 33.1085
187.118 482.542 59.6558
205.061 498.822 75.8723
226.421 474.158 75.8669
207.715 458.762 59.654
207.284 500.743 77.0792
228.473 519.965 82.6843
250.733 494.255 82.6736
228.644 476.08 77.0738
230.88 522.046 82.6676
252.13 541.326 76.8888
275.29 514.565 76.8779
253.14 496.335 82.6569
254.354 543.249 75.6621
272.378 559.619 59.4413
296.304 531.967 59.4353
277.514 516.489 75.6511
274.08 561.091 57.1923
286.133 572.047 32.9243
310.571 543.801 32.922
298.005 533.44 57.1863
287.053 572.844 29.9895
291.276 576.688 1.34319
315.893 548.233 1.34521
311.49 544.598 29.9872
291.274 576.687 -1.83249
287.015 572.82 -30.4709
311.454 544.575 -30.4646
315.891 548.232 -1.83047
286.092 572.021 -33.404
274.01 561.044 -57.6496
297.939 533.392 -57.6395
310.53 543.776 -33.3977
272.307 559.569 -59.8955
254.267 543.182 -76.0815
277.431 516.42 -76.0676
296.235 531.918 -59.8854
252.042 541.257 -77.3042
230.793 521.965 -83.0447
253.056 496.253 -83.0314
275.206 514.495 -77.2903
228.386 519.884 -83.0572
207.212 500.657 -77.414
228.572 475.994 -77.4068
250.649 494.172 -83.0439
204.99 498.736 -76.2032
187.072 482.461 -59.9535
207.667 458.682 -59.9517
226.351 474.072 -76.196
185.371 480.99 -57.6974
173.421 470.137 -33.3307
193.504 446.947 -33.3298
205.967 457.211 -57.6956
172.502 469.343 -30.3781
168.329 465.567 -1.69088
188.235 442.584 -1.68984
192.585 446.153 -30.3773
190.396 439.97 1.50351
194.781 443.599 30.1617
213.726 419.46 30.1638
209.17 416.047 1.50604
195.74 444.351 33.1086
208.21 454.628 57.4035
227.636 429.874 57.4039
214.685 420.212 33.1107
209.981 456.016 59.6537
228.686 471.411 75.8667
248.831 445.737 75.8651
229.407 431.262 59.6541
230.999 473.223 77.0733
253.087 491.398 82.6731
274.08 464.638 82.6713
251.145 447.549 77.0717
255.592 493.36 82.6563
277.742 511.59 76.8772
299.586 483.743 76.8776
276.585 466.599 82.6545
280.056 513.404 75.6508
298.846 528.883 59.4349
321.415 500.112 59.4376
301.9 485.557 75.6511
300.616 530.271 57.1862
313.181 540.633 32.922
336.235 511.245 32.926
323.185 501.501 57.1889
314.139 541.384 29.9875
318.541 545.019 1.34544
341.766 515.415 1.35014
337.192 511.997 29.9915
318.539 545.018 -1.82996
314.102 541.361 -30.4641
337.157 511.973 -30.4589
341.764 515.414 -1.82526
313.141 540.607 -33.3969
300.55 530.224 -57.6387
323.121 501.453 -57.6327
336.197 511.219 -33.3917
298.777 528.833 -59.8844
279.974 513.335 -76.0666
301.821 485.487 -76.0596
321.348 500.062 -59.8784
277.659 511.52 -77.2891
255.508 493.278 -83.0302
276.504 466.516 -83.0223
299.506 483.672 -77.2821
253.004 491.315 -83.0429
230.928 473.137 -77.4059
251.074 447.462 -77.3994
274 464.553 -83.035
228.616 471.325 -76.1955
209.932 455.935 -59.9512
229.358 431.181 -59.9483
248.763 445.65 -76.1891
208.163 454.548 -57.6954
195.7 444.284 -33.3296
214.642 420.145 -33.3273
227.588 429.794 -57.6924
194.744 443.536 -30.3771
190.394 439.967 -1.68966
209.168 416.043 -1.68713
213.686 419.397 -30.3748
211.2 413.327 1.50637
215.756 416.74 30.1641
233.518 391.704 30.1675
228.802 388.514 1.51055
216.75 417.445 33.1109
229.701 427.107 57.4041
247.914 401.436 57.4052
234.512 392.41 33.1143
231.537 428.408 59.6541
250.961 442.883 75.865
269.848 416.259 75.8642
249.75 402.736 59.6552
253.359 444.581 77.0715
276.295 461.67 82.6712
295.973 433.924 82.6711
272.245 417.958 77.0707
278.891 463.509 82.6546
301.891 480.653 76.8776
322.367 451.784 76.8806
298.569 435.763 82.6545
304.29 482.353 75.6514
323.805 496.909 59.4379
344.961 467.083 59.4433
324.766 453.485 75.6544
325.64 498.21 57.1894
338.691 507.955 32.9265
360.303 477.488 32.9333
346.796 468.385 57.1948
339.683 508.659 29.9922
344.257 512.077 1.35077
366.03 481.386 1.358
361.295 478.193 29.9989
344.255 512.076 -1.82457
339.648 508.636 -30.4582
361.262 478.17 -30.4508
366.028 481.385 -1.81733
338.652 507.929 -33.3909
325.576 498.162 -57.632
346.735 468.337 -57.624
360.266 477.463 -33.3835
323.739 496.858 -59.8775
304.212 482.284 -76.0587
324.691 453.414 -76.0498
344.898 467.033 -59.8696
301.812 480.581 -77.2812
278.81 463.426 -83.0213
298.492 435.679 -83.011
322.291 451.712 -77.2722
276.214 461.586 -83.034
253.289 444.494 -77.3985
272.177 417.87 -77.3892
295.897 433.839 -83.0237
250.893 442.796 -76.1884
231.488 428.327 -59.9475
249.701 402.656 -59.9417
269.781 416.172 -76.1791
229.653 427.027 -57.692
216.708 417.379 -33.3269
234.467 392.343 -33.3225
247.866 401.356 -57.6861
215.716 416.677 -30.3744
211.198 413.324 -1.68676
228.8 388.511 -1.68258
233.476 391.642 -30.3701
230.699 385.699 1.51104
235.415 388.888 30.168
251.954 363.011 30.1727
247.089 360.051 1.51682
236.441 389.545 33.1145
249.844 398.571 57.4055
266.803 372.04 57.4071
252.981 363.668 33.1192
251.74 399.782 59.6552
271.838 413.305 75.8642
289.423 385.794 75.8632
268.699 373.251 59.6568
274.314 414.886 77.0707
298.042 430.853 82.6711
316.363 402.188 82.6708
291.899 387.376 77.0696
300.723 432.565 82.6547
324.521 448.586 76.8808
343.582 418.765 76.8845
319.044 403.901 82.6544
326.999 450.169 75.6549
347.194 463.768 59.4438
366.889 432.958 59.4509
346.06 420.348 75.6586
349.09 464.98 57.1956
362.597 474.083 32.934
382.719 442.61 32.9429
368.785 434.17 57.2026
363.622 474.739 29.9998
368.357 477.932 1.35889
388.63 446.225 1.36851
383.744 443.265 30.0087
368.355 477.931 -1.81637
363.589 474.716 -30.4498
383.713 443.242 -30.4398
388.628 446.224 -1.80674
362.56 474.058 -33.3825
349.03 464.932 -57.623
368.728 434.122 -57.6123
382.684 442.584 -33.3725
347.132 463.718 -59.8685
326.925 450.099 -76.0487
345.99 420.278 -76.0362
366.83 432.908 -59.8578
324.446 448.514 -77.271
300.647 432.481 -83.0097
318.971 403.817 -82.995
343.511 418.693 -77.2584
297.966 430.768 -83.0223
274.247 414.799 -77.3878
291.834 387.289 -77.3744
316.29 402.103 -83.0076
271.772 413.218 -76.178
251.691 399.702 -59.9406
268.651 373.171 -59.9315
289.359 385.708 -76.1646
249.796 398.492 -57.6853
236.397 389.479 -33.3218
252.935 363.603 -33.3153
266.756 371.961 -57.6763
235.373 388.826 -30.3695
230.697 385.695 -1.68199
247.087 360.048 -1.67621
251.911 362.95 -30.363
248.849 357.146 1.51745
253.714 360.105 30.1733
268.996 333.443 30.1792
263.993 330.719 1.52463
254.771 360.712 33.1195
268.594 369.084 57.4075
284.263 341.754 57.4094
270.053 334.05 33.1254
270.546 370.203 59.6568
291.269 382.746 75.8632
307.514 354.414 75.8612
286.215 342.873 59.6587
293.818 384.208 77.0695
318.282 399.02 82.6706
335.204 369.506 82.6692
310.063 355.875 77.0675
321.042 400.603 82.6546
345.58 415.467 76.8846
363.185 384.766 76.8884
337.964 371.089 82.6532
348.132 416.93 75.6592
368.961 429.54 59.4515
387.153 397.82 59.4599
365.736 386.229 75.663
370.913 430.659 57.2035
384.847 439.098 32.9438
403.436 406.691 32.9547
389.106 398.938 57.2119
385.903 439.703 30.0098
390.789 442.663 1.36964
409.518 410.014 1.38161
404.492 407.296 30.0207
390.787 442.662 -1.80549
385.872 439.68 -30.4385
404.463 407.273 -30.4259
409.516 410.013 -1.79352
384.813 439.073 -33.3711
370.856 430.61 -57.611
389.053 398.891 -57.5971
403.404 406.666 -33.3585
368.902 429.489 -59.8563
348.061 416.859 -76.0347
365.671 386.159 -76.0181
387.098 397.77 -59.8424
345.509 415.395 -77.2567
320.969 400.519 -82.9933
337.896 371.005 -82.9736
363.119 384.694 -77.2401
318.21 398.935 -83.0058
293.754 384.121 -77.3726
310.002 355.789 -77.3545
335.136 369.422 -82.9861
291.206 382.66 -76.1631
270.498 370.123 -59.93
286.169 342.794 -59.9178
307.454 354.328 -76.145
268.547 369.006 -57.6752
254.725 360.648 -33.3143
270.006 333.988 -33.306
284.217 341.676 -57.663
253.671 360.045 -30.3622
248.847 357.142 -1.67542
263.991 330.716 -1.66824
268.951 333.385 -30.354
265.612 327.729 1.52539
270.615 330.454 30.18
284.607 303.064 30.1868
279.478 300.579 1.53381
271.7 331.01 33.1258
285.91 338.713 57.4097
300.256 310.644 57.4113
285.692 303.62 33.1326
287.913 339.738 59.6585
309.212 351.28 75.8611
324.083 322.192 75.8571
302.259 311.67 59.6601
311.828 352.618 77.0672
336.969 366.249 82.6689
352.456 335.958 82.6654
326.699 323.531 77.0633
339.801 367.699 82.6532
365.022 381.376 76.8885
381.133 349.872 76.8916
355.288 337.408 82.6497
367.641 382.715 75.6637
389.058 394.306 59.4605
405.709 361.751 59.4696
383.752 351.211 75.6667
391.063 395.329 57.213
405.393 403.081 32.9558
422.41 369.816 32.9682
407.714 362.774 57.2221
406.478 403.634 30.022
411.504 406.352 1.38296
428.651 372.836 1.39693
423.495 370.369 30.0345
411.502 406.351 -1.79201
406.449 403.611 -30.4244
423.469 370.346 -30.4095
428.649 372.835 -1.77805
405.361 403.056 -33.3568
391.01 395.281 -57.5954
407.666 362.727 -57.5787
422.381 369.791 -33.3419
389.003 394.256 -59.8405
367.576 382.645 -76.0162
383.692 351.142 -75.9954
405.659 361.702 -59.8238
364.956 381.305 -77.2379
339.733 367.615 -82.9713
355.226 337.325 -82.9463
381.072 349.801 -77.2171
336.901 366.165 -82.9837
311.767 352.532 -77.3521
326.642 323.447 -77.329
352.394 335.875 -82.9587
309.153 351.194 -76.143
287.867 339.66 -59.9158
302.215 311.593 -59.9004
324.027 322.108 -76.1199
285.864 338.636 -57.6616
271.653 330.947 -33.3047
285.645 303.56 -33.2948
300.213 310.569 -57.6462
270.57 330.395 -30.353
265.61 327.726 -1.66727
279.476 300.576 -1.65884
284.562 303.008 -30.3432
280.953 297.512 1.53466
286.081 299.997 30.1877
298.754 271.936 30.1953
293.512 269.692 1.54413
287.192 300.502 33.133
301.756 307.526 57.4117
314.75 278.78 57.4122
299.865 272.441 33.1406
303.806 308.456 59.6598
325.63 318.978 75.8567
339.096 289.204 75.8495
316.8 279.71 59.6603
328.306 320.193 77.0626
354.063 332.62 82.6648
368.084 301.626 82.6584
341.772 290.418 77.0554
356.961 333.934 82.6496
382.806 346.398 76.8914
397.39 314.168 76.8929
370.982 302.94 82.6432
385.487 347.61 75.6673
407.443 358.151 59.4702
422.521 324.838 59.4796
400.071 315.38 75.6688
409.496 359.074 57.2232
424.192 366.116 32.9694
439.604 332.07 32.9833
424.574 325.761 57.2327
425.303 366.615 30.036
430.459 369.083 1.39846
445.989 334.778 1.41427
440.715 332.568 30.0499
430.458 369.082 -1.77631
425.277 366.593 -30.4078
440.692 332.547 -30.3908
445.988 334.777 -1.76049
424.164 366.092 -33.34
409.449 359.027 -57.5768
424.531 325.716 -57.557
439.578 332.046 -33.323
407.394 358.102 -59.8214
385.427 347.541 -75.993
400.017 315.312 -75.9675
422.476 324.79 -59.8017
382.746 346.328 -77.2142
356.899 333.852 -82.9435
370.925 302.86 -82.9126
397.336 314.099 -77.1887
354.001 332.537 -82.9556
328.25 320.109 -77.3259
341.72 290.337 -77.2967
368.027 301.545 -82.9248
325.575 318.894 -76.1174
303.762 308.38 -59.8979
316.759 279.637 -59.8788
339.045 289.123 -76.0882
301.713 307.451 -57.6446
287.145 300.442 -33.2932
299.818 272.384 -33.2818
314.709 278.708 -57.6255
286.037 299.941 -30.342
280.951 297.509 -1.6577
293.509 269.689 -1.64824
298.709 271.883 -30.3307
294.839 266.553 1.54505
300.082 268.797 30.1962
311.41 240.119 30.2043
306.065 238.117 1.55535
301.215 269.25 33.1408
316.1 275.589 57.4124
327.715 246.227 57.4111
312.544 240.572 33.1489
318.192 276.424 59.6595
340.488 285.918 75.8488
352.523 255.527 75.8366
329.807 247.062 59.6582
343.218 287.007 77.0543
369.53 298.215 82.6574
382.056 266.598 82.6477
355.253 256.617 77.0422
372.486 299.392 82.6428
398.895 310.62 76.8925
411.925 277.745 76.8912
385.012 267.775 82.6332
401.632 311.701 75.6692
424.081 321.159 59.4801
437.556 287.167 59.4896
414.662 278.827 75.668
426.178 321.981 57.234
441.208 328.289 32.9846
454.985 293.538 32.9999
439.653 287.988 57.2435
442.343 328.732 30.0517
447.617 330.942 1.41599
461.501 295.926 1.43347
456.12 293.981 30.0669
447.616 330.941 -1.75855
442.32 328.71 -30.3888
456.1 293.96 -30.37
461.499 295.925 -1.74107
441.183 328.265 -33.3207
426.135 321.935 -57.5547
439.615 287.944 -57.532
454.963 293.515 -33.3018
424.037 321.112 -59.7988
401.578 311.634 -75.9646
414.614 278.761 -75.9337
437.517 287.121 -59.7761
398.841 310.551 -77.1853
372.43 299.312 -82.9092
384.962 267.698 -82.8727
411.877 277.678 -77.1543
369.474 298.134 -82.9211
343.167 286.926 -77.293
355.207 256.538 -77.2564
382.006 266.52 -82.8845
340.438 285.837 -76.085
318.151 276.351 -59.8756
329.77 246.993 -59.8524
352.477 255.45 -76.0485
316.06 275.518 -57.6234
301.168 269.194 -33.2798
312.497 240.519 -33.267
327.678 246.159 -57.6003
300.037 268.744 -30.3294
294.837 266.551 -1.64695
306.062 238.114 -1.63664
311.366 240.07 -30.3166
307.242 234.912 1.55631
312.588 236.915 30.2053
322.551 207.672 30.2138
317.114 205.909 1.56717
313.741 237.316 33.149
328.913 242.971 57.4112
339.13 213.053 57.408
323.705 208.074 33.1576
331.042 243.711 59.657
353.757 252.177 75.8354
364.339 221.242 75.8181
341.258 213.792 59.6539
356.535 253.141 77.0407
383.338 263.122 82.6463
394.346 230.968 82.6342
367.117 222.206 77.0233
386.347 264.161 82.6325
413.259 274.131 76.8905
424.713 240.695 76.8867
397.355 232.008 82.6204
416.046 275.079 75.6682
438.94 283.419 59.4898
450.79 248.824 59.4991
427.499 241.643 75.6644
441.076 284.134 57.2448
456.408 289.684 33.0012
468.525 254.306 33.0172
452.926 249.539 57.254
457.564 290.07 30.0688
462.945 292.015 1.43532
475.155 256.366 1.45386
469.681 254.692 30.0849
462.944 292.014 -1.73896
457.544 290.049 -30.3678
469.664 254.674 -30.3478
475.154 256.365 -1.72043
456.386 289.662 -33.2993
441.039 284.091 -57.5295
452.894 249.498 -57.5048
468.507 254.286 -33.2792
438.902 283.373 -59.7728
415.999 275.014 -75.9304
427.459 241.58 -75.8954
450.758 248.781 -59.7481
413.212 274.064 -77.1504
386.297 264.084 -82.8687
397.312 231.934 -82.8283
424.672 240.63 -77.1154
383.288 263.044 -82.8801
356.489 253.063 -77.252
367.077 222.133 -77.2088
394.303 230.894 -82.8397
353.713 252.099 -76.0446
331.005 243.642 -59.8486
341.225 213.729 -59.8221
364.3 221.169 -76.0015
328.876 242.904 -57.5979
313.695 237.264 -33.2647
323.66 208.026 -33.2512
339.097 212.99 -57.5714
312.543 236.866 -30.3152
307.24 234.91 -1.63523
317.112 205.906 -1.62437
322.508 207.628 -30.3017
318.14 202.644 1.56815
323.577 204.407 30.2148
332.162 174.648 30.2238
326.647 173.12 1.57928
324.748 204.758 33.1576
340.173 209.737 57.408
348.975 179.318 57.4051
333.334 174.999 33.1666
342.333 210.384 59.6524
365.414 217.833 75.8166
374.525 186.427 75.7992
351.135 179.965 59.6495
368.232 218.675 77.0217
395.461 227.437 82.6325
404.929 194.836 82.6223
377.343 187.268 77.0043
398.516 228.337 82.6196
425.874 237.025 76.8859
435.742 203.112 76.8841
407.984 195.736 82.6094
428.705 237.835 75.6647
451.996 245.016 59.4994
462.205 209.895 59.5126
438.572 203.922 75.6629
454.165 245.622 57.2555
469.764 250.389 33.0187
480.198 214.461 33.0364
464.375 210.501 57.2687
470.938 250.715 30.0868
476.413 252.389 1.45584
486.924 216.185 1.47497
481.373 214.788 30.1046
476.412 252.388 -1.71827
470.922 250.697 -30.3456
481.36 214.772 -30.3261
486.924 216.185 -1.69914
469.746 250.369 -33.2767
454.134 245.581 -57.5023
464.35 210.463 -57.4807
480.185 214.444 -33.2572
451.964 244.973 -59.7447
428.666 237.773 -75.892
438.541 203.862 -75.8582
462.18 209.855 -59.7231
425.835 236.96 -77.1112
398.474 228.264 -82.8241
407.95 195.666 -82.7843
435.71 203.05 -77.0774
395.419 227.364 -82.8349
368.193 218.602 -77.2041
377.311 187.201 -77.1598
404.895 194.766 -82.7952
365.376 217.761 -75.9972
342.301 210.321 -59.8178
351.108 179.909 -59.7904
374.493 186.36 -75.953
340.141 209.676 -57.5688
324.704 204.712 -33.2486
333.291 174.959 -33.2347
348.948 179.264 -57.5415
323.534 204.363 -30.3002
318.138 202.642 -1.62287
326.645 173.118 -1.61174
332.121 174.611 -30.2863
327.521 169.8 1.58013
333.036 171.328 30.2246
340.245 141.099 30.2288
334.666 139.8 1.59125
334.222 171.63 33.1661
349.864 175.949 57.4047
357.252 145.086 57.3935
341.431 141.4 33.1703
352.05 176.506 59.6474
375.439 182.968 75.7971
383.077 151.166 75.7694
359.438 145.642 59.6362
378.29 183.691 77.0019
405.877 191.259 82.6199
413.8 158.316 82.5961
385.929 151.889 76.9743
408.971 192.02 82.6082
436.729 199.396 76.8829
444.98 165.091 76.8775
416.895 159.077 82.5844
439.597 200.063 75.6631
463.23 206.036 59.5128
471.766 170.457 59.5261
447.849 165.758 75.6577
465.427 206.527 57.2703
481.251 210.488 33.038
489.961 174.083 33.0531
473.963 170.949 57.2836
482.44 210.754 30.1066
487.992 212.152 1.47697
496.759 175.467 1.49602
491.15 174.349 30.1216
487.991 212.151 -1.69694
482.428 210.738 -30.3239
491.142 174.337 -30.302
496.759 175.467 -1.67789
481.238 210.471 -33.2548
465.404 206.49 -57.4783
473.947 170.916 -57.457
489.952 174.07 -33.2329
463.206 205.996 -59.7196
439.567 200.003 -75.8547
447.827 165.701 -75.8172
471.749 170.422 -59.6983
436.698 199.334 -77.0727
408.938 191.951 -82.7797
416.871 159.013 -82.726
444.958 165.032 -77.0353
405.844 191.189 -82.7896
378.259 183.624 -77.1543
385.906 151.829 -77.0989
413.777 158.251 -82.7359
375.409 182.902 -75.9479
352.024 176.451 -59.7854
359.419 145.597 -59.7487
383.055 151.107 -75.8925
349.837 175.896 -57.5383
334.18 171.591 -33.2316
341.393 141.371 -33.2124
357.232 145.042 -57.5016
332.995 171.292 -30.2846
327.519 169.798 -1.61004
334.663 139.799 -1.59892
340.208 141.072 -30.2654
335.391 136.432 1.59106
340.971 137.73 30.2286
346.872 107.089 30.2007
341.251 106.015 1.6017
342.168 137.985 33.1669
357.988 141.67 57.3902
364.008 110.428 57.3245
348.07 107.343 33.1391
360.193 142.142 59.6302
383.833 147.665 75.7634
390.013 115.555 75.6747
366.213 110.9 59.5645
386.708 148.276 76.9675
414.58 154.704 82.5893
420.948 121.526 82.493
392.888 116.166 76.8788
417.705 155.326 82.5797
445.791 161.339 76.8728
452.377 126.691 76.8357
424.072 122.147 82.4833
448.687 161.855 75.6562
472.604 166.554 59.5246
479.378 130.574 59.5079
455.273 127.207 75.6191
474.821 166.927 57.2837
490.819 170.062 33.0532
497.687 133.242 33.044
481.595 130.948 57.267
492.018 170.266 30.1229
497.627 171.384 1.49724
504.527 134.284 1.51457
498.886 133.446 30.1137
497.627 171.384 -1.67511
492.01 170.254 -30.2992
498.886 133.44 -30.2565
504.526 134.283 -1.65779
490.811 170.049 -33.2292
474.806 166.894 -57.4532
481.59 130.92 -57.4049
497.686 133.234 -33.1865
472.588 166.519 -59.6932
448.666 161.798 -75.8121
455.263 127.153 -75.7446
479.372 130.544 -59.6449
445.769 161.281 -77.0272
417.683 155.261 -82.7179
424.061 122.088 -82.5926
452.366 126.636 -76.9597
414.558 154.64 -82.726
386.687 148.218 -77.0889
392.878 116.116 -76.9729
420.936 121.466 -82.6007
383.812 147.608 -75.8836
360.175 142.098 -59.7398
366.204 110.87 -59.6479
390.002 115.506 -75.7675
357.969 141.627 -57.4956
342.13 137.957 -33.2063
348.039 107.33 -33.1552
363.998 110.4 -57.4037
340.934 137.704 -30.2626
335.389 136.431 -1.59616
341.249 106.014 -1.58552
346.842 107.077 -30.2115
341.858 102.611 1.59529
347.479 103.685 30.1943
352.515 72.7948 29.9809
346.921 71.939 1.60331
348.678 103.895 33.119
364.616 106.98 57.3045
369.586 75.5263 56.9153
353.714 73.0049 32.9056
366.824 107.374 59.5349
390.624 112.029 75.6451
395.498 79.7829 75.1492
371.793 75.9197 59.1457
393.504 112.535 76.8453
421.563 117.895 82.4595
426.338 84.6128 81.9398
398.378 80.2895 76.3494
424.697 118.37 82.4543
453.002 122.914 76.8067
457.703 87.9424 76.4289
429.472 85.0884 81.9346
455.902 123.266 75.5981
480.007 126.633 59.4869
484.588 90.2662 59.1673
460.603 88.2944 75.2203
482.227 126.884 57.2524
498.318 129.178 33.0294
502.828 91.9608 32.843
486.807 90.5166 56.9327
499.518 129.32 30.109
505.159 130.158 1.50982
509.649 92.6587 1.51462
504.027 92.1027 29.9226
505.159 130.158 -1.65037
499.518 129.314 -30.2491
504.029 92.1022 -30.0447
509.649 92.6586 -1.64556
498.318 129.171 -33.1684
482.222 126.857 -57.3869
486.82 90.4968 -57.0266
502.83 91.9594 -32.9641
480.003 126.604 -59.62
455.893 123.213 -75.7197
460.61 88.2456 -75.3035
484.6 90.2435 -59.2598
452.993 122.859 -76.9271
424.687 118.311 -82.5601
429.477 85.0359 -82.0092
457.71 87.892 -76.5109
421.553 117.836 -82.564
393.494 112.486 -76.9363
398.382 80.2504 -76.4138
426.343 84.5607 -82.0131
390.614 111.981 -75.7349
366.816 107.344 -59.6153
371.8 75.9071 -59.1987
395.502 79.7456 -75.2125
364.608 106.953 -57.381
348.648 103.883 -33.1325
353.696 73.0122 -32.8986
369.591 75.5158 -56.9645
347.449 103.674 -30.2028
341.856 102.611 -1.5768
346.92 71.939 -1.56879
352.498 72.803 -29.9689
347.599 68.5705 1.56008
353.193 69.4263 29.9377
360.281 39.252 28.645
354.954 38.4856 1.56337
354.358 69.6042 32.7841
370.23 72.1256 56.7938
376.564 41.6808 54.4277
361.447 39.43 31.4915
372.38 72.4599 58.9694
396.085 76.323 74.9729
401.322 45.3899 71.9329
378.714 42.0151 56.6033
398.892 76.7489 76.1474
426.852 81.0722 81.7378
430.832 49.5706 78.5088
404.129 45.8158 73.1074
429.891 81.4597 81.7412
458.122 84.3137 76.2355
460.689 52.9897 73.1513
433.871 49.9581 78.5122
460.95 84.5941 75.0623
484.934 86.5659 59.0093
486.254 55.5053 56.5986
463.517 53.2701 71.9782
487.104 86.7647 56.8266
503.124 88.2089 32.7369
503.647 57.222 31.422
488.423 55.7041 54.4159
504.298 88.3215 29.8849
509.919 88.8775 1.47693
510.165 57.868 1.47951
504.821 57.3346 28.57
509.919 88.8765 -1.60708
504.3 88.32 -30.0063
504.815 57.2931 -28.6739
510.165 57.867 -1.6045
503.127 88.2059 -32.8546
487.117 86.7434 -56.9172
488.444 55.6552 -54.4649
503.642 57.179 -31.5223
484.949 86.543 -59.0972
460.959 84.5451 -75.141
463.536 53.2293 -72.023
486.275 55.4548 -56.645
458.13 84.2642 -76.3138
429.897 81.4081 -81.8121
433.888 49.9203 -78.5556
460.707 52.9485 -73.1958
426.858 81.0214 -81.8082
398.897 76.7111 -76.2089
404.142 45.7938 -73.1484
430.848 49.5336 -78.5517
396.09 76.2878 -75.0339
372.388 72.4493 -59.0201
378.723 42.0339 -56.6416
401.335 45.3705 -71.9733
370.236 72.1176 -56.841
354.341 69.6139 -32.7751
361.427 39.4642 -31.4753
376.571 41.7022 -54.4625
353.175 69.4357 -29.9242
347.598 68.5716 -1.52406
354.953 38.4867 -1.52077
360.261 39.286 -28.6244
355.805 35.1891 1.47866
361.133 35.9556 28.5603
369.115 6.57473 26.7881
364.12 5.90593 1.47534
362.234 36.1131 31.2505
377.351 38.3639 54.1867
384.386 8.71182 50.9093
370.217 6.73228 29.4783
379.384 38.6572 56.2436
401.992 42.0321 71.5732
407.601 11.9432 67.2702
386.418 9.00515 52.9662
404.645 42.4042 72.685
431.349 46.159 78.0863
435.241 15.6278 73.3952
410.255 12.3153 68.382
434.221 46.5217 78.0867
461.039 49.5533 72.7258
463.134 18.9524 68.3583
438.114 15.9905 73.3955
463.7 49.8473 71.6122
486.436 52.0825 56.2327
486.982 21.5941 52.8873
465.795 19.2463 67.2447
488.476 52.2962 54.1707
503.7 53.814 31.1767
503.181 23.3766 29.3713
489.022 21.8077 50.8253
504.804 53.9292 28.4848
510.148 54.4626 1.39431
509.249 24.0121 1.41999
504.285 23.4918 26.6794
510.147 54.4595 -1.51586
504.797 53.8856 -28.5853
504.278 23.4191 -26.7337
509.248 24.0089 -1.49018
503.694 53.7672 -31.2733
488.496 52.2434 -54.2159
489.037 21.737 -50.8416
503.175 23.3006 -29.4216
486.458 52.0313 -56.2756
463.718 49.8058 -71.6536
465.81 19.2172 -67.2657
486.999 21.525 -52.9013
461.058 49.5134 -72.7675
434.238 46.4852 -78.1273
438.127 15.9677 -73.4166
463.15 18.9248 -68.3796
431.365 46.1236 -78.1269
404.659 42.3838 -72.7235
410.266 12.3064 -68.4029
435.254 15.606 -73.4162
402.005 42.015 -71.6119
379.393 38.6784 -56.2801
386.417 9.05115 -52.9916
407.611 11.9377 -67.2912
377.358 38.3884 -54.2208
362.214 36.1504 -31.2336
370.19 6.79496 -29.4645
384.382 8.76121 -50.9322
361.112 35.991 -28.5396
355.804 35.1917 -1.43592
364.118 5.9085 -1.43925
369.088 6.63548 -26.7704
365.141 2.91518 1.3461
370.137 3.58398 26.6589
380.266 -21.1827 23.7814
375.843 -21.8042 1.32968
371.144 3.72337 29.1142
385.313 5.70291 50.5452
393.872 -19.2843 45.2671
381.273 -21.0433 26.2368
387.174 5.95879 52.4221
408.357 8.89683 66.7261
414.617 -16.5018 59.8132
395.733 -19.0284 47.1439
410.784 9.22282 67.7375
435.77 12.5353 72.7507
439.281 -13.2289 65.2147
417.044 -16.1758 60.8245
438.393 12.8731 72.7473
463.414 15.8349 67.7101
464.087 -9.9619 60.6861
441.904 -12.8912 65.2113
465.838 16.1332 66.6933
487.026 18.4809 52.3359
485.272 -7.19046 46.9496
466.511 -9.66369 59.6693
488.882 18.7056 50.4581
503.041 20.2745 29.0041
499.641 -5.31786 26.1082
487.129 -6.96569 45.0718
504.046 20.3948 26.5534
509.01 20.915 1.29392
505.035 -4.61996 1.32471
500.646 -5.19759 23.6574
509.01 20.9129 -1.35722
504.04 20.323 -26.6007
500.645 -5.20058 -23.659
505.035 -4.62211 -1.32642
503.035 20.2005 -29.0509
488.897 18.6369 -50.4708
487.129 -6.97088 -45.073
499.641 -5.32307 -26.1092
487.041 18.4139 -52.3483
465.852 16.1062 -66.7127
466.511 -9.66685 -59.6703
485.272 -7.19384 -46.9504
463.428 15.8093 -67.7293
438.406 12.8522 -72.7663
441.904 -12.893 -65.2122
464.087 -9.96375 -60.6869
435.783 12.515 -72.7696
410.794 9.21539 -67.7563
417.045 -16.1769 -60.8254
439.281 -13.2302 -65.2155
408.366 8.89118 -66.7448
387.171 6.00469 -52.4451
395.732 -19.0274 -47.1447
414.616 -16.5011 -59.8138
385.31 5.75125 -50.5676
371.117 3.785 -29.0999
381.272 -21.0398 -26.2369
393.871 -19.2809 -45.2672
370.111 3.64401 -26.6438
365.141 2.91703 -1.3127
375.843 -21.8023 -1.32913
380.265 -21.1808 -23.7809
-303.011 727.396 25.3922
-304.225 722.382 -0.367876
-302.96 727.339 -26.1358
-299.426 741.5 -47.9591
-294.181 762.69 -62.5026
-288.135 787.683 -67.5869
-282.406 812.755 -62.5207
-277.783 834.135 -48.0346
-274.748 848.48 -26.2524
-273.698 853.546 -0.498383
-274.79 848.546 25.2662
-277.841 834.246 47.0751
-282.47 812.896 61.6014
-288.202 787.834 66.7175
-294.242 762.831 61.6828
-299.489 741.609 47.1862
382.635 -22.3863 1.76393e-05
387.057 -21.7648 22.4517
399.656 -20.0058 41.4821
418.54 -17.4792 54.1513
440.777 -14.5323 58.5415
462.96 -11.603 54.0162
481.721 -9.1298 41.2965
494.234 -7.48197 22.3329
498.623 -6.90434 0.000247942
494.233 -7.48281 -22.3323
481.721 -9.13061 -41.2962
462.96 -11.6036 -54.016
440.777 -14.5328 -58.5413
418.54 -17.4795 -54.1511
399.656 -20.0059 -41.482
387.057 -21.7648 -22.4517
</DataArray>
</Points>
<Cells>
<DataArray type="Int32" Name="connectivity" format="ascii">
0 1 529 528 1 17 530 529 17 16 531 530 16 0 528 531 1 2 533 532 2 18 534 533 18 17 535 534 17 1 532 535 2 3 537 536 3 19 538 537 19 18 539 538 18 2 536 539 3 4 541 540 4 20 542 541 20 19 543 542 19 3 540 543 4 5 545 544 5 21 546 545 21 20 547 546 20 4 544 547 5 6 549 548 6 22 550 549 22 21 551 550 21 5 548 551 6 7 553 552 7 23 554 553 23 22 555 554 22 6 552 555 7 8 557 556 8 24 558 557 24 23 559 558 23 7 556 559 8 9 561 560 9 25 562 561 25 24 563 562 24 8 560 563 9 10 565 564 10 26 566 565 26 25 567 566 25 9 564 567 10 11 569 568 11 27 570 569 27 26 571 570 26 10 568 571 11 12 573 572 12 28 574 573 28 27 575 574 27 11 572 575 12 13 577 576 13 29 578 577 29 28 579 578 28 12 576 579 13 14 581 580 14 30 582 581 30 29 583 582 29 13 580 583 14 15 585 584 15 31 586 585 31 30 587 586 30 14 584 587 15 0 589 588 0 16 590 589 16 31 591 590 31 15 588 591 16 17 593 592 17 33 594 593 33 32 595 594 32 16 592 595 18 34 597 596 34 33 598 597 33 17 599 598 17 18 596 599 19 35 601 600 35 34 602 601 34 18 603 602 18 19 600 603 20 36 605 604 36 35 606 605 35 19 607 606 19 20 604 607 21 37 609 608 37 36 610 609 36 20 611 610 20 21 608 611 22 38 613 612 38 37 614 613 37 21 615 614 21 22 612 615 23 39 617 616 39 38 618 617 38 22 619 618 22 23 616 619 24 40 621 620 40 39 622 621 39 23 623 622 23 24 620 623 25 41 625 624 41 40 626 625 40 24 627 626 24 25 624 627 26 42 629 628 42 41 630 629 41 25 631 630 25 26 628 631 27 43 633 632 43 42 634 633 42 26 635 634 26 27 632 635 28 44 637 636 44 43 638 637 43 27 639 638 27 28 636 639 29 45 641 640 45 44 642 641 44 28 643 642 28 29 640 643 30 46 645 644 46 45 646 645 45 29 647 646 29 30 644 647 31 47 649 648 47 46 650 649 46 30 651 650 30 31 648 651 31 16 653 652 16 32 654 653 32 47 655 654 47 31 652 655 32 33 657 656 33 49 658 657 49 48 659 658 48 32 656 659 33 34 661 660 34 50 662 661 50 49 663 662 49 33 660 663 34 35 665 664 35 51 666 665 51 50 667 666 50 34 664 667 35 36 669 668 36 52 670 669 52 51 671 670 51 35 668 671 36 37 673 672 37 53 674 673 53 52 675 674 52 36 672 675 37 38 677 676 38 54 678 677 54 53 679 678 53 37 676 679 38 39 681 680 39 55 682 681 55 54 683 682 54 38 680 683 39 40 685 684 40 56 686 685 56 55 687 686 55 39 684 687 40 41 689 688 41 57 690 689 57 56 691 690 56 40 688 691 41 42 693 692 42 58 694 693 58 57 695 694 57 41 692 695 42 43 697 696 43 59 698 697 59 58 699 698 58 42 696 699 43 44 701 700 44 60 702 701 60 59 703 702 59 43 700 703 44 45 705 704 45 61 706 705 61 60 707 706 60 44 704 707 45 46 709 708 46 62 710 709 62 61 711 710 61 45 708 711 46 47 713 712 47 63 714 713 63 62 715 714 62 46 712 715 47 32 717 716 32 48 718 717 48 63 719 718 63 47 716 719 48 49 721 720 49 65 722 721 65 64 723 722 64 48 720 723 49 50 725 724 50 66 726 725 66 65 727 726 65 49 724 727 50 51 729 728 51 67 730 729 67 66 731 730 66 50 728 731 51 52 733 732 52 68 734 733 68 67 735 734 67 51 732 735 52 53 737 736 53 69 738 737 69 68 739 738 68 52 736 739 53 54 741 740 54 70 742 741 70 69 743 742 69 53 740 743 54 55 745 744 55 71 746 745 71 70 747 746 70 54 744 747 55 56 749 748 56 72 750 749 72 71 751 750 71 55 748 751 56 57 753 752 57 73 754 753 73 72 755 754 72 56 752 755 57 58 757 756 58 74 758 757 74 73 759 758 73 57 756 759 58 59 761 760 59 75 762 761 75 74 763 762 74 58 760 763 59 60 765 764 60 76 766 765 76 75 767 766 75 59 764 767 60 61 769 768 61 77 770 769 77 76 771 770 76 60 768 771 61 62 773 772 62 78 774 773 78 77 775 774 77 61 772 775 62 63 777 776 63 79 778 777 79 78 779 778 78 62 776 779 63 48 781 780 48 64 782 781 64 79 783 782 79 63 780 783 64 65 785 784 65 81 786 785 81 80 787 786 80 64 784 787 65 66 789 788 66 82 790 789 82 81 791 790 81 65 788 791 66 67 793 792 67 83 794 793 83 82 795 794 82 66 792 795 67 68 797 796 68 84 798 797 84 83 799 798 83 67 796 799 68 69 801 800 69 85 802 801 85 84 803 802 84 68 800 803 69 70 805 804 70 86 806 805 86 85 807 806 85 69 804 807 70 71 809 808 71 87 810 809 87 86 811 810 86 70 808 811 71 72 813 812 72 88 814 813 88 87 815 814 87 71 812 815 72 73 817 816 73 89 818 817 89 88 819 818 88 72 816 819 73 74 821 820 74 90 822 821 90 89 823 822 89 73 820 823 74 75 825 824 75 91 826 825 91 90 827 826 90 74 824 827 75 76 829 828 76 92 830 829 92 91 831 830 91 75 828 831 76 77 833 832 77 93 834 833 93 92 835 834 92 76 832 835 77 78 837 836 78 94 838 837 94 93 839 838 93 77 836 839 78 79 841 840 79 95 842 841 95 94 843 842 94 78 840 843 79 64 845 844 64 80 846 845 80 95 847 846 95 79 844 847 80 81 849 848 81 97 850 849 97 96 851 850 96 80 848 851 81 82 853 852 82 98 854 853 98 97 855 854 97 81 852 855 82 83 857 856 83 99 858 857 99 98 859 858 98 82 856 859 83 84 861 860 84 100 862 861 100 99 863 862 99 83 860 863 84 85 865 864 85 101 866 865 101 100 867 866 100 84 864 867 85 86 869 868 86 102 870 869 102 101 871 870 101 85 868 871 86 87 873 872 87 103 874 873 103 102 875 874 102 86 872 875 87 88 877 876 88 104 878 877 104 103 879 878 103 87 876 879 88 89 881 880 89 105 882 881 105 104 883 882 104 88 880 883 89 90 885 884 90 106 886 885 106 105 887 886 105 89 884 887 90 91 889 888 91 107 890 889 107 106 891 890 106 90 888 891 91 92 893 892 92 108 894 893 108 107 895 894 107 91 892 895 92 93 897 896 93 109 898 897 109 108 899 898 108 92 896 899 93 94 901 900 94 110 902 901 110 109 903 902 109 93 900 903 94 95 905 904 95 111 906 905 111 110 907 906 110 94 904 907 95 80 909 908 80 96 910 909 96 111 911 910 111 95 908 911 96 97 913 912 97 113 914 913 113 112 915 914 112 96 912 915 97 98 917 916 98 114 918 917 114 113 919 918 113 97 916 919 98 99 921 920 99 115 922 921 115 114 923 922 114 98 920 923 99 100 925 924 100 116 926 925 116 115 927 926 115 99 924 927 100 101 929 928 101 117 930 929 117 116 931 930 116 100 928 931 101 102 933 932 102 118 934 933 118 117 935 934 117 101 932 935 102 103 937 936 103 119 938 937 119 118 939 938 118 102 936 939 103 104 941 940 104 120 942 941 120 119 943 942 119 103 940 943 104 105 945 944 105 121 946 945 121 120 947 946 120 104 944 947 105 106 949 948 106 122 950 949 122 121 951 950 121 105 948 951 106 107 953 952 107 123 954 953 123 122 955 954 122 106 952 955 107 108 957 956 108 124 958 957 124 123 959 958 123 107 956 959 108 109 961 960 109 125 962 961 125 124 963 962 124 108 960 963 109 110 965 964 110 126 966 965 126 125 967 966 125 109 964 967 110 111 969 968 111 127 970 969 127 126 971 970 126 110 968 971 111 96 973 972 96 112 974 973 112 127 975 974 127 111 972 975 112 113 977 976 113 129 978 977 129 128 979 978 128 112 976 979 113 114 981 980 114 130 982 981 130 129 983 982 129 113 980 983 114 115 985 984 115 131 986 985 131 130 987 986 130 114 984 987 115 116 989 988 116 132 990 989 132 131 991 990 131 115 988 991 116 117 993 992 117 133 994 993 133 132 995 994 132 116 992 995 117 118 997 996 118 134 998 997 134 133 999 998 133 117 996 999 118 119 1001 1000 119 135 1002 1001 135 134 1003 1002 134 118 1000 1003 119 120 1005 1004 120 136 1006 1005 136 135 1007 1006 135 119 1004 1007 120 121 1009 1008 121 137 1010 1009 137 136 1011 1010 136 120 1008 1011 121 122 1013 1012 122 138 1014 1013 138 137 1015 1014 137 121 1012 1015 122 123 1017 1016 123 139 1018 1017 139 138 1019 1018 138 122 1016 1019 123 124 1021 1020 124 140 1022 1021 140 139 1023 1022 139 123 1020 1023 124 125 1025 1024 125 141 1026 1025 141 140 1027 1026 140 124 1024 1027 125 126 1029 1028 126 142 1030 1029 142 141 1031 1030 141 125 1028 1031 126 127 1033 1032 127 143 1034 1033 143 142 1035 1034 142 126 1032 1035 127 112 1037 1036 112 128 1038 1037 128 143 1039 1038 143 127 1036 1039 128 129 1041 1040 129 145 1042 1041 145 144 1043 1042 144 128 1040 1043 129 130 1045 1044 130 146 1046 1045 146 145 1047 1046 145 129 1044 1047 130 131 1049 1048 131 147 1050 1049 147 146 1051 1050 146 130 1048 1051 131 132 1053 1052 132 148 1054 1053 148 147 1055 1054 147 131 1052 1055 132 133 1057 1056 133 149 1058 1057 149 148 1059 1058 148 132 1056 1059 133 134 1061 1060 134 150 1062 1061 150 149 1063 1062 149 133 1060 1063 134 135 1065 1064 135 151 1066 1065 151 150 1067 1066 150 134 1064 1067 135 136 1069 1068 136 152 1070 1069 152 151 1071 1070 151 135 1068 1071 136 137 1073 1072 137 153 1074 1073 153 152 1075 1074 152 136 1072 1075 137 138 1077 1076 138 154 1078 1077 154 153 1079 1078 153 137 1076 1079 138 139 1081 1080 139 155 1082 1081 155 154 1083 1082 154 138 1080 1083 139 140 1085 1084 140 156 1086 1085 156 155 1087 1086 155 139 1084 1087 140 141 1089 1088 141 157 1090 1089 157 156 1091 1090 156 140 1088 1091 141 142 1093 1092 142 158 1094 1093 158 157 1095 1094 157 141 1092 1095 142 143 1097 1096 143 159 1098 1097 159 158 1099 1098 158 142 1096 1099 143 128 1101 1100 128 144 1102 1101 144 159 1103 1102 159 143 1100 1103 144 145 1105 1104 145 161 1106 1105 161 160 1107 1106 160 144 1104 1107 145 146 1109 1108 146 162 1110 1109 162 161 1111 1110 161 145 1108 1111 146 147 1113 1112 147 163 1114 1113 163 162 1115 1114 162 146 1112 1115 147 148 1117 1116 148 164 1118 1117 164 163 1119 1118 163 147 1116 1119 148 149 1121 1120 149 165 1122 1121 165 164 1123 1122 164 148 1120 1123 149 150 1125 1124 150 166 1126 1125 166 165 1127 1126 165 149 1124 1127 150 151 1129 1128 151 167 1130 1129 167 166 1131 1130 166 150 1128 1131 151 152 1133 1132 152 168 1134 1133 168 167 1135 1134 167 151 1132 1135 152 153 1137 1136 153 169 1138 1137 169 168 1139 1138 168 152 1136 1139 153 154 1141 1140 154 170 1142 1141 170 169 1143 1142 169 153 1140 1143 154 155 1145 1144 155 171 1146 1145 171 170 1147 1146 170 154 1144 1147 155 156 1149 1148 156 172 1150 1149 172 171 1151 1150 171 155 1148 1151 156 157 1153 1152 157 173 1154 1153 173 172 1155 1154 172 156 1152 1155 157 158 1157 1156 158 174 1158 1157 174 173 1159 1158 173 157 1156 1159 158 159 1161 1160 159 175 1162 1161 175 174 1163 1162 174 158 1160 1163 159 144 1165 1164 144 160 1166 1165 160 175 1167 1166 175 159 1164 1167 160 161 1169 1168 161 177 1170 1169 177 176 1171 1170 176 160 1168 1171 161 162 1173 1172 162 178 1174 1173 178 177 1175 1174 177 161 1172 1175 162 163 1177 1176 163 179 1178 1177 179 178 1179 1178 178 162 1176 1179 163 164 1181 1180 164 180 1182 1181 180 179 1183 1182 179 163 1180 1183 164 165 1185 1184 165 181 1186 1185 181 180 1187 1186 180 164 1184 1187 165 166 1189 1188 166 182 1190 1189 182 181 1191 1190 181 165 1188 1191 166 167 1193 1192 167 183 1194 1193 183 182 1195 1194 182 166 1192 1195 167 168 1197 1196 168 184 1198 1197 184 183 1199 1198 183 167 1196 1199 168 169 1201 1200 169 185 1202 1201 185 184 1203 1202 184 168 1200 1203 169 170 1205 1204 170 186 1206 1205 186 185 1207 1206 185 169 1204 1207 170 171 1209 1208 171 187 1210 1209 187 186 1211 1210 186 170 1208 1211 171 172 1213 1212 172 188 1214 1213 188 187 1215 1214 187 171 1212 1215 172 173 1217 1216 173 189 1218 1217 189 188 1219 1218 188 172 1216 1219 173 174 1221 1220 174 190 1222 1221 190 189 1223 1222 189 173 1220 1223 174 175 1225 1224 175 191 1226 1225 191 190 1227 1226 190 174 1224 1227 175 160 1229 1228 160 176 1230 1229 176 191 1231 1230 191 175 1228 1231 176 177 1233 1232 177 193 1234 1233 193 192 1235 1234 192 176 1232 1235 177 178 1237 1236 178 194 1238 1237 194 193 1239 1238 193 177 1236 1239 178 179 1241 1240 179 195 1242 1241 195 194 1243 1242 194 178 1240 1243 179 180 1245 1244 180 196 1246 1245 196 195 1247 1246 195 179 1244 1247 180 181 1249 1248 181 197 1250 1249 197 196 1251 1250 196 180 1248 1251 181 182 1253 1252 182 198 1254 1253 198 197 1255 1254 197 181 1252 1255 182 183 1257 1256 183 199 1258 1257 199 198 1259 1258 198 182 1256 1259 183 184 1261 1260 184 200 1262 1261 200 199 1263 1262 199 183 1260 1263 184 185 1265 1264 185 201 1266 1265 201 200 1267 1266 200 184 1264 1267 185 186 1269 1268 186 202 1270 1269 202 201 1271 1270 201 185 1268 1271 186 187 1273 1272 187 203 1274 1273 203 202 1275 1274 202 186 1272 1275 187 188 1277 1276 188 204 1278 1277 204 203 1279 1278 203 187 1276 1279 188 189 1281 1280 189 205 1282 1281 205 204 1283 1282 204 188 1280 1283 189 190 1285 1284 190 206 1286 1285 206 205 1287 1286 205 189 1284 1287 190 191 1289 1288 191 207 1290 1289 207 206 1291 1290 206 190 1288 1291 191 176 1293 1292 176 192 1294 1293 192 207 1295 1294 207 191 1292 1295 192 193 1297 1296 193 209 1298 1297 209 208 1299 1298 208 192 1296 1299 193 194 1301 1300 194 210 1302 1301 210 209 1303 1302 209 193 1300 1303 194 195 1305 1304 195 211 1306 1305 211 210 1307 1306 210 194 1304 1307 195 196 1309 1308 196 212 1310 1309 212 211 1311 1310 211 195 1308 1311 196 197 1313 1312 197 213 1314 1313 213 212 1315 1314 212 196 1312 1315 197 198 1317 1316 198 214 1318 1317 214 213 1319 1318 213 197 1316 1319 198 199 1321 1320 199 215 1322 1321 215 214 1323 1322 214 198 1320 1323 199 200 1325 1324 200 216 1326 1325 216 215 1327 1326 215 199 1324 1327 200 201 1329 1328 201 217 1330 1329 217 216 1331 1330 216 200 1328 1331 201 202 1333 1332 202 218 1334 1333 218 217 1335 1334 217 201 1332 1335 202 203 1337 1336 203 219 1338 1337 219 218 1339 1338 218 202 1336 1339 203 204 1341 1340 204 220 1342 1341 220 219 1343 1342 219 203 1340 1343 204 205 1345 1344 205 221 1346 1345 221 220 1347 1346 220 204 1344 1347 205 206 1349 1348 206 222 1350 1349 222 221 1351 1350 221 205 1348 1351 206 207 1353 1352 207 223 1354 1353 223 222 1355 1354 222 206 1352 1355 207 192 1357 1356 192 208 1358 1357 208 223 1359 1358 223 207 1356 1359 208 209 1361 1360 209 225 1362 1361 225 224 1363 1362 224 208 1360 1363 209 210 1365 1364 210 226 1366 1365 226 225 1367 1366 225 209 1364 1367 210 211 1369 1368 211 227 1370 1369 227 226 1371 1370 226 210 1368 1371 211 212 1373 1372 212 228 1374 1373 228 227 1375 1374 227 211 1372 1375 212 213 1377 1376 213 229 1378 1377 229 228 1379 1378 228 212 1376 1379 213 214 1381 1380 214 230 1382 1381 230 229 1383 1382 229 213 1380 1383 214 215 1385 1384 215 231 1386 1385 231 230 1387 1386 230 214 1384 1387 215 216 1389 1388 216 232 1390 1389 232 231 1391 1390 231 215 1388 1391 216 217 1393 1392 217 233 1394 1393 233 232 1395 1394 232 216 1392 1395 217 218 1397 1396 218 234 1398 1397 234 233 1399 1398 233 217 1396 1399 218 219 1401 1400 219 235 1402 1401 235 234 1403 1402 234 218 1400 1403 219 220 1405 1404 220 236 1406 1405 236 235 1407 1406 235 219 1404 1407 220 221 1409 1408 221 237 1410 1409 237 236 1411 1410 236 220 1408 1411 221 222 1413 1412 222 238 1414 1413 238 237 1415 1414 237 221 1412 1415 222 223 1417 1416 223 239 1418 1417 239 238 1419 1418 238 222 1416 1419 223 208 1421 1420 208 224 1422 1421 224 239 1423 1422 239 223 1420 1423 224 225 1425 1424 225 241 1426 1425 241 240 1427 1426 240 224 1424 1427 225 226 1429 1428 226 242 1430 1429 242 241 1431 1430 241 225 1428 1431 226 227 1433 1432 227 243 1434 1433 243 242 1435 1434 242 226 1432 1435 227 228 1437 1436 228 244 1438 1437 244 243 1439 1438 243 227 1436 1439 228 229 1441 1440 229 245 1442 1441 245 244 1443 1442 244 228 1440 1443 229 230 1445 1444 230 246 1446 1445 246 245 1447 1446 245 229 1444 1447 230 231 1449 1448 231 247 1450 1449 247 246 1451 1450 246 230 1448 1451 231 232 1453 1452 232 248 1454 1453 248 247 1455 1454 247 231 1452 1455 232 233 1457 1456 233 249 1458 1457 249 248 1459 1458 248 232 1456 1459 233 234 1461 1460 234 250 1462 1461 250 249 1463 1462 249 233 1460 1463 234 235 1465 1464 235 251 1466 1465 251 250 1467 1466 250 234 1464 1467 235 236 1469 1468 236 252 1470 1469 252 251 1471 1470 251 235 1468 1471 236 237 1473 1472 237 253 1474 1473 253 252 1475 1474 252 236 1472 1475 237 238 1477 1476 238 254 1478 1477 254 253 1479 1478 253 237 1476 1479 238 239 1481 1480 239 255 1482 1481 255 254 1483 1482 254 238 1480 1483 239 224 1485 1484 224 240 1486 1485 240 255 1487 1486 255 239 1484 1487 240 241 1489 1488 241 257 1490 1489 257 256 1491 1490 256 240 1488 1491 241 242 1493 1492 242 258 1494 1493 258 257 1495 1494 257 241 1492 1495 242 243 1497 1496 243 259 1498 1497 259 258 1499 1498 258 242 1496 1499 243 244 1501 1500 244 260 1502 1501 260 259 1503 1502 259 243 1500 1503 244 245 1505 1504 245 261 1506 1505 261 260 1507 1506 260 244 1504 1507 245 246 1509 1508 246 262 1510 1509 262 261 1511 1510 261 245 1508 1511 246 247 1513 1512 247 263 1514 1513 263 262 1515 1514 262 246 1512 1515 247 248 1517 1516 248 264 1518 1517 264 263 1519 1518 263 247 1516 1519 248 249 1521 1520 249 265 1522 1521 265 264 1523 1522 264 248 1520 1523 249 250 1525 1524 250 266 1526 1525 266 265 1527 1526 265 249 1524 1527 250 251 1529 1528 251 267 1530 1529 267 266 1531 1530 266 250 1528 1531 251 252 1533 1532 252 268 1534 1533 268 267 1535 1534 267 251 1532 1535 252 253 1537 1536 253 269 1538 1537 269 268 1539 1538 268 252 1536 1539 253 254 1541 1540 254 270 1542 1541 270 269 1543 1542 269 253 1540 1543 254 255 1545 1544 255 271 1546 1545 271 270 1547 1546 270 254 1544 1547 255 240 1549 1548 240 256 1550 1549 256 271 1551 1550 271 255 1548 1551 256 257 1553 1552 257 273 1554 1553 273 272 1555 1554 272 256 1552 1555 257 258 1557 1556 258 274 1558 1557 274 273 1559 1558 273 257 1556 1559 258 259 1561 1560 259 275 1562 1561 275 274 1563 1562 274 258 1560 1563 259 260 1565 1564 260 276 1566 1565 276 275 1567 1566 275 259 1564 1567 260 261 1569 1568 261 277 1570 1569 277 276 1571 1570 276 260 1568 1571 261 262 1573 1572 262 278 1574 1573 278 277 1575 1574 277 261 1572 1575 262 263 1577 1576 263 279 1578 1577 279 278 1579 1578 278 262 1576 1579 263 264 1581 1580 264 280 1582 1581 280 279 1583 1582 279 263 1580 1583 264 265 1585 1584 265 281 1586 1585 281 280 1587 1586 280 264 1584 1587 265 266 1589 1588 266 282 1590 1589 282 281 1591 1590 281 265 1588 1591 266 267 1593 1592 267 283 1594 1593 283 282 1595 1594 282 266 1592 1595 267 268 1597 1596 268 284 1598 1597 284 283 1599 1598 283 267 1596 1599 268 269 1601 1600 269 285 1602 1601 285 284 1603 1602 284 268 1600 1603 269 270 1605 1604 270 286 1606 1605 286 285 1607 1606 285 269 1604 1607 270 271 1609 1608 271 287 1610 1609 287 286 1611 1610 286 270 1608 1611 271 256 1613 1612 256 272 1614 1613 272 287 1615 1614 287 271 1612 1615 272 273 1617 1616 273 289 1618 1617 289 288 1619 1618 288 272 1616 1619 273 274 1621 1620 274 290 1622 1621 290 289 1623 1622 289 273 1620 1623 274 275 1625 1624 275 291 1626 1625 291 290 1627 1626 290 274 1624 1627 275 276 1629 1628 276 292 1630 1629 292 291 1631 1630 291 275 1628 1631 276 277 1633 1632 277 293 1634 1633 293 292 1635 1634 292 276 1632 1635 277 278 1637 1636 278 294 1638 1637 294 293 1639 1638 293 277 1636 1639 278 279 1641 1640 279 295 1642 1641 295 294 1643 1642 294 278 1640 1643 279 280 1645 1644 280 296 1646 1645 296 295 1647 1646 295 279 1644 1647 280 281 1649 1648 281 297 1650 1649 297 296 1651 1650 296 280 1648 1651 281 282 1653 1652 282 298 1654 1653 298 297 1655 1654 297 281 1652 1655 282 283 1657 1656 283 299 1658 1657 299 298 1659 1658 298 282 1656 1659 283 284 1661 1660 284 300 1662 1661 300 299 1663 1662 299 283 1660 1663 284 285 1665 1664 285 301 1666 1665 301 300 1667 1666 300 284 1664 1667 285 286 1669 1668 286 302 1670 1669 302 301 1671 1670 301 285 1668 1671 286 287 1673 1672 287 303 1674 1673 303 302 1675 1674 302 286 1672 1675 287 272 1677 1676 272 288 1678 1677 288 303 1679 1678 303 287 1676 1679 288 289 1681 1680 289 305 1682 1681 305 304 1683 1682 304 288 1680 1683 289 290 1685 1684 290 306 1686 1685 306 305 1687 1686 305 289 1684 1687 290 291 1689 1688 291 307 1690 1689 307 306 1691 1690 306 290 1688 1691 291 292 1693 1692 292 308 1694 1693 308 307 1695 1694 307 291 1692 1695 292 293 1697 1696 293 309 1698 1697 309 308 1699 1698 308 292 1696 1699 293 294 1701 1700 294 310 1702 1701 310 309 1703 1702 309 293 1700 1703 294 295 1705 1704 295 311 1706 1705 311 310 1707 1706 310 294 1704 1707 295 296 1709 1708 296 312 1710 1709 312 311 1711 1710 311 295 1708 1711 296 297 1713 1712 297 313 1714 1713 313 312 1715 1714 312 296 1712 1715 297 298 1717 1716 298 314 1718 1717 314 313 1719 1718 313 297 1716 1719 298 299 1721 1720 299 315 1722 1721 315 314 1723 1722 314 298 1720 1723 299 300 1725 1724 300 316 1726 1725 316 315 1727 1726 315 299 1724 1727 300 301 1729 1728 301 317 1730 1729 317 316 1731 1730 316 300 1728 1731 301 302 1733 1732 302 318 1734 1733 318 317 1735 1734 317 301 1732 1735 302 303 1737 1736 303 319 1738 1737 319 318 1739 1738 318 302 1736 1739 303 288 1741 1740 288 304 1742 1741 304 319 1743 1742 319 303 1740 1743 304 305 1745 1744 305 321 1746 1745 321 320 1747 1746 320 304 1744 1747 305 306 1749 1748 306 322 1750 1749 322 321 1751 1750 321 305 1748 1751 306 307 1753 1752 307 323 1754 1753 323 322 1755 1754 322 306 1752 1755 307 308 1757 1756 308 324 1758 1757 324 323 1759 1758 323 307 1756 1759 308 309 1761 1760 309 325 1762 1761 325 324 1763 1762 324 308 1760 1763 309 310 1765 1764 310 326 1766 1765 326 325 1767 1766 325 309 1764 1767 310 311 1769 1768 311 327 1770 1769 327 326 1771 1770 326 310 1768 1771 311 312 1773 1772 312 328 1774 1773 328 327 1775 1774 327 311 1772 1775 312 313 1777 1776 313 329 1778 1777 329 328 1779 1778 328 312 1776 1779 313 314 1781 1780 314 330 1782 1781 330 329 1783 1782 329 313 1780 1783 314 315 1785 1784 315 331 1786 1785 331 330 1787 1786 330 314 1784 1787 315 316 1789 1788 316 332 1790 1789 332 331 1791 1790 331 315 1788 1791 316 317 1793 1792 317 333 1794 1793 333 332 1795 1794 332 316 1792 1795 317 318 1797 1796 318 334 1798 1797 334 333 1799 1798 333 317 1796 1799 318 319 1801 1800 319 335 1802 1801 335 334 1803 1802 334 318 1800 1803 319 304 1805 1804 304 320 1806 1805 320 335 1807 1806 335 319 1804 1807 320 321 1809 1808 321 337 1810 1809 337 336 1811 1810 336 320 1808 1811 321 322 1813 1812 322 338 1814 1813 338 337 1815 1814 337 321 1812 1815 322 323 1817 1816 323 339 1818 1817 339 338 1819 1818 338 322 1816 1819 323 324 1821 1820 324 340 1822 1821 340 339 1823 1822 339 323 1820 1823 324 325 1825 1824 325 341 1826 1825 341 340 1827 1826 340 324 1824 1827 325 326 1829 1828 326 342 1830 1829 342 341 1831 1830 341 325 1828 1831 326 327 1833 1832 327 343 1834 1833 343 342 1835 1834 342 326 1832 1835 327 328 1837 1836 328 344 1838 1837 344 343 1839 1838 343 327 1836 1839 328 329 1841 1840 329 345 1842 1841 345 344 1843 1842 344 328 1840 1843 329 330 1845 1844 330 346 1846 1845 346 345 1847 1846 345 329 1844 1847 330 331 1849 1848 331 347 1850 1849 347 346 1851 1850 346 330 1848 1851 331 332 1853 1852 332 348 1854 1853 348 347 1855 1854 347 331 1852 1855 332 333 1857 1856 333 349 1858 1857 349 348 1859 1858 348 332 1856 1859 333 334 1861 1860 334 350 1862 1861 350 349 1863 1862 349 333 1860 1863 334 335 1865 1864 335 351 1866 1865 351 350 1867 1866 350 334 1864 1867 335 320 1869 1868 320 336 1870 1869 336 351 1871 1870 351 335 1868 1871 336 337 1873 1872 337 353 1874 1873 353 352 1875 1874 352 336 1872 1875 337 338 1877 1876 338 354 1878 1877 354 353 1879 1878 353 337 1876 1879 338 339 1881 1880 339 355 1882 1881 355 354 1883 1882 354 338 1880 1883 339 340 1885 1884 340 356 1886 1885 356 355 1887 1886 355 339 1884 1887 340 341 1889 1888 341 357 1890 1889 357 356 1891 1890 356 340 1888 1891 341 342 1893 1892 342 358 1894 1893 358 357 1895 1894 357 341 1892 1895 342 343 1897 1896 343 359 1898 1897 359 358 1899 1898 358 342 1896 1899 343 344 1901 1900 344 360 1902 1901 360 359 1903 1902 359 343 1900 1903 344 345 1905 1904 345 361 1906 1905 361 360 1907 1906 360 344 1904 1907 345 346 1909 1908 346 362 1910 1909 362 361 1911 1910 361 345 1908 1911 346 347 1913 1912 347 363 1914 1913 363 362 1915 1914 362 346 1912 1915 347 348 1917 1916 348 364 1918 1917 364 363 1919 1918 363 347 1916 1919 348 349 1921 1920 349 365 1922 1921 365 364 1923 1922 364 348 1920 1923 349 350 1925 1924 350 366 1926 1925 366 365 1927 1926 365 349 1924 1927 350 351 1929 1928 351 367 1930 1929 367 366 1931 1930 366 350 1928 1931 351 336 1933 1932 336 352 1934 1933 352 367 1935 1934 367 351 1932 1935 352 353 1937 1936 353 369 1938 1937 369 368 1939 1938 368 352 1936 1939 353 354 1941 1940 354 370 1942 1941 370 369 1943 1942 369 353 1940 1943 354 355 1945 1944 355 371 1946 1945 371 370 1947 1946 370 354 1944 1947 355 356 1949 1948 356 372 1950 1949 372 371 1951 1950 371 355 1948 1951 356 357 1953 1952 357 373 1954 1953 373 372 1955 1954 372 356 1952 1955 357 358 1957 1956 358 374 1958 1957 374 373 1959 1958 373 357 1956 1959 358 359 1961 1960 359 375 1962 1961 375 374 1963 1962 374 358 1960 1963 359 360 1965 1964 360 376 1966 1965 376 375 1967 1966 375 359 1964 1967 360 361 1969 1968 361 377 1970 1969 377 376 1971 1970 376 360 1968 1971 361 362 1973 1972 362 378 1974 1973 378 377 1975 1974 377 361 1972 1975 362 363 1977 1976 363 379 1978 1977 379 378 1979 1978 378 362 1976 1979 363 364 1981 1980 364 380 1982 1981 380 379 1983 1982 379 363 1980 1983 364 365 1985 1984 365 381 1986 1985 381 380 1987 1986 380 364 1984 1987 365 366 1989 1988 366 382 1990 1989 382 381 1991 1990 381 365 1988 1991 366 367 1993 1992 367 383 1994 1993 383 382 1995 1994 382 366 1992 1995 367 352 1997 1996 352 368 1998 1997 368 383 1999 1998 383 367 1996 1999 368 369 2001 2000 369 385 2002 2001 385 384 2003 2002 384 368 2000 2003 369 370 2005 2004 370 386 2006 2005 386 385 2007 2006 385 369 2004 2007 370 371 2009 2008 371 387 2010 2009 387 386 2011 2010 386 370 2008 2011 371 372 2013 2012 372 388 2014 2013 388 387 2015 2014 387 371 2012 2015 372 373 2017 2016 373 389 2018 2017 389 388 2019 2018 388 372 2016 2019 373 374 2021 2020 374 390 2022 2021 390 389 2023 2022 389 373 2020 2023 374 375 2025 2024 375 391 2026 2025 391 390 2027 2026 390 374 2024 2027 375 376 2029 2028 376 392 2030 2029 392 391 2031 2030 391 375 2028 2031 376 377 2033 2032 377 393 2034 2033 393 392 2035 2034 392 376 2032 2035 377 378 2037 2036 378 394 2038 2037 394 393 2039 2038 393 377 2036 2039 378 379 2041 2040 379 395 2042 2041 395 394 2043 2042 394 378 2040 2043 379 380 2045 2044 380 396 2046 2045 396 395 2047 2046 395 379 2044 2047 380 381 2049 2048 381 397 2050 2049 397 396 2051 2050 396 380 2048 2051 381 382 2053 2052 382 398 2054 2053 398 397 2055 2054 397 381 2052 2055 382 383 2057 2056 383 399 2058 2057 399 398 2059 2058 398 382 2056 2059 383 368 2061 2060 368 384 2062 2061 384 399 2063 2062 399 383 2060 2063 384 385 2065 2064 385 401 2066 2065 401 400 2067 2066 400 384 2064 2067 385 386 2069 2068 386 402 2070 2069 402 401 2071 2070 401 385 2068 2071 386 387 2073 2072 387 403 2074 2073 403 402 2075 2074 402 386 2072 2075 387 388 2077 2076 388 404 2078 2077 404 403 2079 2078 403 387 2076 2079 388 389 2081 2080 389 405 2082 2081 405 404 2083 2082 404 388 2080 2083 389 390 2085 2084 390 406 2086 2085 406 405 2087 2086 405 389 2084 2087 390 391 2089 2088 391 407 2090 2089 407 406 2091 2090 406 390 2088 2091 391 392 2093 2092 392 408 2094 2093 408 407 2095 2094 407 391 2092 2095 392 393 2097 2096 393 409 2098 2097 409 408 2099 2098 408 392 2096 2099 393 394 2101 2100 394 410 2102 2101 410 409 2103 2102 409 393 2100 2103 394 395 2105 2104 395 411 2106 2105 411 410 2107 2106 410 394 2104 2107 395 396 2109 2108 396 412 2110 2109 412 411 2111 2110 411 395 2108 2111 396 397 2113 2112 397 413 2114 2113 413 412 2115 2114 412 396 2112 2115 397 398 2117 2116 398 414 2118 2117 414 413 2119 2118 413 397 2116 2119 398 399 2121 2120 399 415 2122 2121 415 414 2123 2122 414 398 2120 2123 399 384 2125 2124 384 400 2126 2125 400 415 2127 2126 415 399 2124 2127 400 401 2129 2128 401 417 2130 2129 417 416 2131 2130 416 400 2128 2131 401 402 2133 2132 402 418 2134 2133 418 417 2135 2134 417 401 2132 2135 402 403 2137 2136 403 419 2138 2137 419 418 2139 2138 418 402 2136 2139 403 404 2141 2140 404 420 2142 2141 420 419 2143 2142 419 403 2140 2143 404 405 2145 2144 405 421 2146 2145 421 420 2147 2146 420 404 2144 2147 405 406 2149 2148 406 422 2150 2149 422 421 2151 2150 421 405 2148 2151 406 407 2153 2152 407 423 2154 2153 423 422 2155 2154 422 406 2152 2155 407 408 2157 2156 408 424 2158 2157 424 423 2159 2158 423 407 2156 2159 408 409 2161 2160 409 425 2162 2161 425 424 2163 2162 424 408 2160 2163 409 410 2165 2164 410 426 2166 2165 426 425 2167 2166 425 409 2164 2167 410 411 2169 2168 411 427 2170 2169 427 426 2171 2170 426 410 2168 2171 411 412 2173 2172 412 428 2174 2173 428 427 2175 2174 427 411 2172 2175 412 413 2177 2176 413 429 2178 2177 429 428 2179 2178 428 412 2176 2179 413 414 2181 2180 414 430 2182 2181 430 429 2183 2182 429 413 2180 2183 414 415 2185 2184 415 431 2186 2185 431 430 2187 2186 430 414 2184 2187 415 400 2189 2188 400 416 2190 2189 416 431 2191 2190 431 415 2188 2191 416 417 2193 2192 417 433 2194 2193 433 432 2195 2194 432 416 2192 2195 417 418 2197 2196 418 434 2198 2197 434 433 2199 2198 433 417 2196 2199 418 419 2201 2200 419 435 2202 2201 435 434 2203 2202 434 418 2200 2203 419 420 2205 2204 420 436 2206 2205 436 435 2207 2206 435 419 2204 2207 420 421 2209 2208 421 437 2210 2209 437 436 2211 2210 436 420 2208 2211 421 422 2213 2212 422 438 2214 2213 438 437 2215 2214 437 421 2212 2215 422 423 2217 2216 423 439 2218 2217 439 438 2219 2218 438 422 2216 2219 423 424 2221 2220 424 440 2222 2221 440 439 2223 2222 439 423 2220 2223 424 425 2225 2224 425 441 2226 2225 441 440 2227 2226 440 424 2224 2227 425 426 2229 2228 426 442 2230 2229 442 441 2231 2230 441 425 2228 2231 426 427 2233 2232 427 443 2234 2233 443 442 2235 2234 442 426 2232 2235 427 428 2237 2236 428 444 2238 2237 444 443 2239 2238 443 427 2236 2239 428 429 2241 2240 429 445 2242 2241 445 444 2243 2242 444 428 2240 2243 429 430 2245 2244 430 446 2246 2245 446 445 2247 2246 445 429 2244 2247 430 431 2249 2248 431 447 2250 2249 447 446 2251 2250 446 430 2248 2251 431 416 2253 2252 416 432 2254 2253 432 447 2255 2254 447 431 2252 2255 432 433 2257 2256 433 449 2258 2257 449 448 2259 2258 448 432 2256 2259 433 434 2261 2260 434 450 2262 2261 450 449 2263 2262 449 433 2260 2263 434 435 2265 2264 435 451 2266 2265 451 450 2267 2266 450 434 2264 2267 435 436 2269 2268 436 452 2270 2269 452 451 2271 2270 451 435 2268 2271 436 437 2273 2272 437 453 2274 2273 453 452 2275 2274 452 436 2272 2275 437 438 2277 2276 438 454 2278 2277 454 453 2279 2278 453 437 2276 2279 438 439 2281 2280 439 455 2282 2281 455 454 2283 2282 454 438 2280 2283 439 440 2285 2284 440 456 2286 2285 456 455 2287 2286 455 439 2284 2287 440 441 2289 2288 441 457 2290 2289 457 456 2291 2290 456 440 2288 2291 441 442 2293 2292 442 458 2294 2293 458 457 2295 2294 457 441 2292 2295 442 443 2297 2296 443 459 2298 2297 459 458 2299 2298 458 442 2296 2299 443 444 2301 2300 444 460 2302 2301 460 459 2303 2302 459 443 2300 2303 444 445 2305 2304 445 461 2306 2305 461 460 2307 2306 460 444 2304 2307 445 446 2309 2308 446 462 2310 2309 462 461 2311 2310 461 445 2308 2311 446 447 2313 2312 447 463 2314 2313 463 462 2315 2314 462 446 2312 2315 447 432 2317 2316 432 448 2318 2317 448 463 2319 2318 463 447 2316 2319 448 449 2321 2320 449 465 2322 2321 465 464 2323 2322 464 448 2320 2323 449 450 2325 2324 450 466 2326 2325 466 465 2327 2326 465 449 2324 2327 450 451 2329 2328 451 467 2330 2329 467 466 2331 2330 466 450 2328 2331 451 452 2333 2332 452 468 2334 2333 468 467 2335 2334 467 451 2332 2335 452 453 2337 2336 453 469 2338 2337 469 468 2339 2338 468 452 2336 2339 453 454 2341 2340 454 470 2342 2341 470 469 2343 2342 469 453 2340 2343 454 455 2345 2344 455 471 2346 2345 471 470 2347 2346 470 454 2344 2347 455 456 2349 2348 456 472 2350 2349 472 471 2351 2350 471 455 2348 2351 456 457 2353 2352 457 473 2354 2353 473 472 2355 2354 472 456 2352 2355 457 458 2357 2356 458 474 2358 2357 474 473 2359 2358 473 457 2356 2359 458 459 2361 2360 459 475 2362 2361 475 474 2363 2362 474 458 2360 2363 459 460 2365 2364 460 476 2366 2365 476 475 2367 2366 475 459 2364 2367 460 461 2369 2368 461 477 2370 2369 477 476 2371 2370 476 460 2368 2371 461 462 2373 2372 462 478 2374 2373 478 477 2375 2374 477 461 2372 2375 462 463 2377 2376 463 479 2378 2377 479 478 2379 2378 478 462 2376 2379 463 448 2381 2380 448 464 2382 2381 464 479 2383 2382 479 463 2380 2383 464 465 2385 2384 465 481 2386 2385 481 480 2387 2386 480 464 2384 2387 465 466 2389 2388 466 482 2390 2389 482 481 2391 2390 481 465 2388 2391 466 467 2393 2392 467 483 2394 2393 483 482 2395 2394 482 466 2392 2395 467 468 2397 2396 468 484 2398 2397 484 483 2399 2398 483 467 2396 2399 468 469 2401 2400 469 485 2402 2401 485 484 2403 2402 484 468 2400 2403 469 470 2405 2404 470 486 2406 2405 486 485 2407 2406 485 469 2404 2407 470 471 2409 2408 471 487 2410 2409 487 486 2411 2410 486 470 2408 2411 471 472 2413 2412 472 488 2414 2413 488 487 2415 2414 487 471 2412 2415 472 473 2417 2416 473 489 2418 2417 489 488 2419 2418 488 472 2416 2419 473 474 2421 2420 474 490 2422 2421 490 489 2423 2422 489 473 2420 2423 474 475 2425 2424 475 491 2426 2425 491 490 2427 2426 490 474 2424 2427 475 476 2429 2428 476 492 2430 2429 492 491 2431 2430 491 475 2428 2431 476 477 2433 2432 477 493 2434 2433 493 492 2435 2434 492 476 2432 2435 477 478 2437 2436 478 494 2438 2437 494 493 2439 2438 493 477 2436 2439 478 479 2441 2440 479 495 2442 2441 495 494 2443 2442 494 478 2440 2443 479 464 2445 2444 464 480 2446 2445 480 495 2447 2446 495 479 2444 2447 480 481 2449 2448 481 497 2450 2449 497 496 2451 2450 496 480 2448 2451 481 482 2453 2452 482 498 2454 2453 498 497 2455 2454 497 481 2452 2455 482 483 2457 2456 483 499 2458 2457 499 498 2459 2458 498 482 2456 2459 483 484 2461 2460 484 500 2462 2461 500 499 2463 2462 499 483 2460 2463 484 485 2465 2464 485 501 2466 2465 501 500 2467 2466 500 484 2464 2467 485 486 2469 2468 486 502 2470 2469 502 501 2471 2470 501 485 2468 2471 486 487 2473 2472 487 503 2474 2473 503 502 2475 2474 502 486 2472 2475 487 488 2477 2476 488 504 2478 2477 504 503 2479 2478 503 487 2476 2479 488 489 2481 2480 489 505 2482 2481 505 504 2483 2482 504 488 2480 2483 489 490 2485 2484 490 506 2486 2485 506 505 2487 2486 505 489 2484 2487 490 491 2489 2488 491 507 2490 2489 507 506 2491 2490 506 490 2488 2491 491 492 2493 2492 492 508 2494 2493 508 507 2495 2494 507 491 2492 2495 492 493 2497 2496 493 509 2498 2497 509 508 2499 2498 508 492 2496 2499 493 494 2501 2500 494 510 2502 2501 510 509 2503 2502 509 493 2500 2503 494 495 2505 2504 495 511 2506 2505 511 510 2507 2506 510 494 2504 2507 495 480 2509 2508 480 496 2510 2509 496 511 2511 2510 511 495 2508 2511 496 497 2513 2512 497 513 2514 2513 513 512 2515 2514 512 496 2512 2515 497 498 2517 2516 498 514 2518 2517 514 513 2519 2518 513 497 2516 2519 498 499 2521 2520 499 515 2522 2521 515 514 2523 2522 514 498 2520 2523 499 500 2525 2524 500 516 2526 2525 516 515 2527 2526 515 499 2524 2527 500 501 2529 2528 501 517 2530 2529 517 516 2531 2530 516 500 2528 2531 501 502 2533 2532 502 518 2534 2533 518 517 2535 2534 517 501 2532 2535 502 503 2537 2536 503 519 2538 2537 519 518 2539 2538 518 502 2536 2539 503 504 2541 2540 504 520 2542 2541 520 519 2543 2542 519 503 2540 2543 504 505 2545 2544 505 521 2546 2545 521 520 2547 2546 520 504 2544 2547 505 506 2549 2548 506 522 2550 2549 522 521 2551 2550 521 505 2548 2551 506 507 2553 2552 507 523 2554 2553 523 522 2555 2554 522 506 2552 2555 507 508 2557 2556 508 524 2558 2557 524 523 2559 2558 523 507 2556 2559 508 509 2561 2560 509 525 2562 2561 525 524 2563 2562 524 508 2560 2563 509 510 2565 2564 510 526 2566 2565 526 525 2567 2566 525 509 2564 2567 510 511 2569 2568 511 527 2570 2569 527 526 2571 2570 526 510 2568 2571 511 496 2573 2572 496 512 2574 2573 512 527 2575 2574 527 511 2572 2575 1 0 2577 2576 0 15 2578 2577 15 14 2579 2578 14 13 2580 2579 13 12 2581 2580 12 11 2582 2581 11 10 2583 2582 10 9 2584 2583 9 8 2585 2584 8 7 2586 2585 7 6 2587 2586 6 5 2588 2587 5 4 2589 2588 4 3 2590 2589 3 2 2591 2590 2 1 2576 2591 512 513 2593 2592 513 514 2594 2593 514 515 2595 2594 515 516 2596 2595 516 517 2597 2596 517 518 2598 2597 518 519 2599 2598 519 520 2600 2599 520 521 2601 2600 521 522 2602 2601 522 523 2603 2602 523 524 2604 2603 524 525 2605 2604 525 526 2606 2605 526 527 2607 2606 527 512 2592 2607 
</DataArray>
<DataArray type="Int32" Name="offsets" format="ascii">
4 8 12 16 20 24 28 32 36 40 44 48 52 56 60 64 68 72 76 80 84 88 92 96 100 104 108 112 116 120 124 128 132 136 140 144 148 152 156 160 164 168 172 176 180 184 188 192 196 200 204 208 212 216 220 224 228 232 236 240 244 248 252 256 260 264 268 272 276 280 284 288 292 296 300 304 308 312 316 320 324 328 332 336 340 344 348 352 356 360 364 368 372 376 380 384 388 392 396 400 404 408 412 416 420 424 428 432 436 440 444 448 452 456 460 464 468 472 476 480 484 488 492 496 500 504 508 512 516 520 524 528 532 536 540 544 548 552 556 560 564 568 572 576 580 584 588 592 596 600 604 608 612 616 620 624 628 632 636 640 644 648 652 656 660 664 668 672 676 680 684 688 692 696 700 704 708 712 716 720 724 728 732 736 740 744 748 752 756 760 764 768 772 776 780 784 788 792 796 800 804 808 812 816 820 824 828 832 836 840 844 848 852 856 860 864 868 872 876 880 884 888 892 896 900 904 908 912 916 920 924 928 932 936 940 944 948 952 956 960 964 968 972 976 980 984 988 992 996 1000 1004 1008 1012 1016 1020 1024 1028 1032 1036 1040 1044 1048 1052 1056 1060 1064 1068 1072 1076 1080 1084 1088 1092 1096 1100 1104 1108 1112 1116 1120 1124 1128 1132 1136 1140 1144 1148 1152 1156 1160 1164 1168 1172 1176 1180 1184 1188 1192 1196 1200 1204 1208 1212 1216 1220 1224 1228 1232 1236 1240 1244 1248 1252 1256 1260 1264 1268 1272 1276 1280 1284 1288 1292 1296 1300 1304 1308 1312 1316 1320 1324 1328 1332 1336 1340 1344 1348 1352 1356 1360 1364 1368 1372 1376 1380 1384 1388 1392 1396 1400 1404 1408 1412 1416 1420 1424 1428 1432 1436 1440 1444 1448 1452 1456 1460 1464 1468 1472 1476 1480 1484 1488 1492 1496 1500 1504 1508 1512 1516 1520 1524 1528 1532 1536 1540 1544 1548 1552 1556 1560 1564 1568 1572 1576 1580 1584 1588 1592 1596 1600 1604 1608 1612 1616 1620 1624 1628 1632 1636 1640 1644 1648 1652 1656 1660 1664 1668 1672 1676 1680 1684 1688 1692 1696 1700 1704 1708 1712 1716 1720 1724 1728 1732 1736 1740 1744 1748 1752 1756 1760 1764 1768 1772 1776 1780 1784 1788 1792 1796 1800 1804 1808 1812 1816 1820 1824 1828 1832 1836 1840 1844 1848 1852 1856 1860 1864 1868 1872 1876 1880 1884 1888 1892 1896 1900 1904 1908 1912 1916 1920 1924 1928 1932 1936 1940 1944 1948 1952 1956 1960 1964 1968 1972 1976 1980 1984 1988 1992 1996 2000 2004 2008 2012 2016 2020 2024 2028 2032 2036 2040 2044 2048 2052 2056 2060 2064 2068 2072 2076 2080 2084 2088 2092 2096 2100 2104 2108 2112 2116 2120 2124 2128 2132 2136 2140 2144 2148 2152 2156 2160 2164 2168 2172 2176 2180 2184 2188 2192 2196 2200 2204 2208 2212 2216 2220 2224 2228 2232 2236 2240 2244 2248 2252 2256 2260 2264 2268 2272 2276 2280 2284 2288 2292 2296 2300 2304 2308 2312 2316 2320 2324 2328 2332 2336 2340 2344 2348 2352 2356 2360 2364 2368 2372 2376 2380 2384 2388 2392 2396 2400 2404 2408 2412 2416 2420 2424 2428 2432 2436 2440 2444 2448 2452 2456 2460 2464 2468 2472 2476 2480 2484 2488 2492 2496 2500 2504 2508 2512 2516 2520 2524 2528 2532 2536 2540 2544 2548 2552 2556 2560 2564 2568 2572 2576 2580 2584 2588 2592 2596 2600 2604 2608 2612 2616 2620 2624 2628 2632 2636 2640 2644 2648 2652 2656 2660 2664 2668 2672 2676 2680 2684 2688 2692 2696 2700 2704 2708 2712 2716 2720 2724 2728 2732 2736 2740 2744 2748 2752 2756 2760 2764 2768 2772 2776 2780 2784 2788 2792 2796 2800 2804 2808 2812 2816 2820 2824 2828 2832 2836 2840 2844 2848 2852 2856 2860 2864 2868 2872 2876 2880 2884 2888 2892 2896 2900 2904 2908 2912 2916 2920 2924 2928 2932 2936 2940 2944 2948 2952 2956 2960 2964 2968 2972 2976 2980 2984 2988 2992 2996 3000 3004 3008 3012 3016 3020 3024 3028 3032 3036 3040 3044 3048 3052 3056 3060 3064 3068 3072 3076 3080 3084 3088 3092 3096 3100 3104 3108 3112 3116 3120 3124 3128 3132 3136 3140 3144 3148 3152 3156 3160 3164 3168 3172 3176 3180 3184 3188 3192 3196 3200 3204 3208 3212 3216 3220 3224 3228 3232 3236 3240 3244 3248 3252 3256 3260 3264 3268 3272 3276 3280 3284 3288 3292 3296 3300 3304 3308 3312 3316 3320 3324 3328 3332 3336 3340 3344 3348 3352 3356 3360 3364 3368 3372 3376 3380 3384 3388 3392 3396 3400 3404 3408 3412 3416 3420 3424 3428 3432 3436 3440 3444 3448 3452 3456 3460 3464 3468 3472 3476 3480 3484 3488 3492 3496 3500 3504 3508 3512 3516 3520 3524 3528 3532 3536 3540 3544 3548 3552 3556 3560 3564 3568 3572 3576 3580 3584 3588 3592 3596 3600 3604 3608 3612 3616 3620 3624 3628 3632 3636 3640 3644 3648 3652 3656 3660 3664 3668 3672 3676 3680 3684 3688 3692 3696 3700 3704 3708 3712 3716 3720 3724 3728 3732 3736 3740 3744 3748 3752 3756 3760 3764 3768 3772 3776 3780 3784 3788 3792 3796 3800 3804 3808 3812 3816 3820 3824 3828 3832 3836 3840 3844 3848 3852 3856 3860 3864 3868 3872 3876 3880 3884 3888 3892 3896 3900 3904 3908 3912 3916 3920 3924 3928 3932 3936 3940 3944 3948 3952 3956 3960 3964 3968 3972 3976 3980 3984 3988 3992 3996 4000 4004 4008 4012 4016 4020 4024 4028 4032 4036 4040 4044 4048 4052 4056 4060 4064 4068 4072 4076 4080 4084 4088 4092 4096 4100 4104 4108 4112 4116 4120 4124 4128 4132 4136 4140 4144 4148 4152 4156 4160 4164 4168 4172 4176 4180 4184 4188 4192 4196 4200 4204 4208 4212 4216 4220 4224 4228 4232 4236 4240 4244 4248 4252 4256 4260 4264 4268 4272 4276 4280 4284 4288 4292 4296 4300 4304 4308 4312 4316 4320 4324 4328 4332 4336 4340 4344 4348 4352 4356 4360 4364 4368 4372 4376 4380 4384 4388 4392 4396 4400 4404 4408 4412 4416 4420 4424 4428 4432 4436 4440 4444 4448 4452 4456 4460 4464 4468 4472 4476 4480 4484 4488 4492 4496 4500 4504 4508 4512 4516 4520 4524 4528 4532 4536 4540 4544 4548 4552 4556 4560 4564 4568 4572 4576 4580 4584 4588 4592 4596 4600 4604 4608 4612 4616 4620 4624 4628 4632 4636 4640 4644 4648 4652 4656 4660 4664 4668 4672 4676 4680 4684 4688 4692 4696 4700 4704 4708 4712 4716 4720 4724 4728 4732 4736 4740 4744 4748 4752 4756 4760 4764 4768 4772 4776 4780 4784 4788 4792 4796 4800 4804 4808 4812 4816 4820 4824 4828 4832 4836 4840 4844 4848 4852 4856 4860 4864 4868 4872 4876 4880 4884 4888 4892 4896 4900 4904 4908 4912 4916 4920 4924 4928 4932 4936 4940 4944 4948 4952 4956 4960 4964 4968 4972 4976 4980 4984 4988 4992 4996 5000 5004 5008 5012 5016 5020 5024 5028 5032 5036 5040 5044 5048 5052 5056 5060 5064 5068 5072 5076 5080 5084 5088 5092 5096 5100 5104 5108 5112 5116 5120 5124 5128 5132 5136 5140 5144 5148 5152 5156 5160 5164 5168 5172 5176 5180 5184 5188 5192 5196 5200 5204 5208 5212 5216 5220 5224 5228 5232 5236 5240 5244 5248 5252 5256 5260 5264 5268 5272 5276 5280 5284 5288 5292 5296 5300 5304 5308 5312 5316 5320 5324 5328 5332 5336 5340 5344 5348 5352 5356 5360 5364 5368 5372 5376 5380 5384 5388 5392 5396 5400 5404 5408 5412 5416 5420 5424 5428 5432 5436 5440 5444 5448 5452 5456 5460 5464 5468 5472 5476 5480 5484 5488 5492 5496 5500 5504 5508 5512 5516 5520 5524 5528 5532 5536 5540 5544 5548 5552 5556 5560 5564 5568 5572 5576 5580 5584 5588 5592 5596 5600 5604 5608 5612 5616 5620 5624 5628 5632 5636 5640 5644 5648 5652 5656 5660 5664 5668 5672 5676 5680 5684 5688 5692 5696 5700 5704 5708 5712 5716 5720 5724 5728 5732 5736 5740 5744 5748 5752 5756 5760 5764 5768 5772 5776 5780 5784 5788 5792 5796 5800 5804 5808 5812 5816 5820 5824 5828 5832 5836 5840 5844 5848 5852 5856 5860 5864 5868 5872 5876 5880 5884 5888 5892 5896 5900 5904 5908 5912 5916 5920 5924 5928 5932 5936 5940 5944 5948 5952 5956 5960 5964 5968 5972 5976 5980 5984 5988 5992 5996 6000 6004 6008 6012 6016 6020 6024 6028 6032 6036 6040 6044 6048 6052 6056 6060 6064 6068 6072 6076 6080 6084 6088 6092 6096 6100 6104 6108 6112 6116 6120 6124 6128 6132 6136 6140 6144 6148 6152 6156 6160 6164 6168 6172 6176 6180 6184 6188 6192 6196 6200 6204 6208 6212 6216 6220 6224 6228 6232 6236 6240 6244 6248 6252 6256 6260 6264 6268 6272 6276 6280 6284 6288 6292 6296 6300 6304 6308 6312 6316 6320 6324 6328 6332 6336 6340 6344 6348 6352 6356 6360 6364 6368 6372 6376 6380 6384 6388 6392 6396 6400 6404 6408 6412 6416 6420 6424 6428 6432 6436 6440 6444 6448 6452 6456 6460 6464 6468 6472 6476 6480 6484 6488 6492 6496 6500 6504 6508 6512 6516 6520 6524 6528 6532 6536 6540 6544 6548 6552 6556 6560 6564 6568 6572 6576 6580 6584 6588 6592 6596 6600 6604 6608 6612 6616 6620 6624 6628 6632 6636 6640 6644 6648 6652 6656 6660 6664 6668 6672 6676 6680 6684 6688 6692 6696 6700 6704 6708 6712 6716 6720 6724 6728 6732 6736 6740 6744 6748 6752 6756 6760 6764 6768 6772 6776 6780 6784 6788 6792 6796 6800 6804 6808 6812 6816 6820 6824 6828 6832 6836 6840 6844 6848 6852 6856 6860 6864 6868 6872 6876 6880 6884 6888 6892 6896 6900 6904 6908 6912 6916 6920 6924 6928 6932 6936 6940 6944 6948 6952 6956 6960 6964 6968 6972 6976 6980 6984 6988 6992 6996 7000 7004 7008 7012 7016 7020 7024 7028 7032 7036 7040 7044 7048 7052 7056 7060 7064 7068 7072 7076 7080 7084 7088 7092 7096 7100 7104 7108 7112 7116 7120 7124 7128 7132 7136 7140 7144 7148 7152 7156 7160 7164 7168 7172 7176 7180 7184 7188 7192 7196 7200 7204 7208 7212 7216 7220 7224 7228 7232 7236 7240 7244 7248 7252 7256 7260 7264 7268 7272 7276 7280 7284 7288 7292 7296 7300 7304 7308 7312 7316 7320 7324 7328 7332 7336 7340 7344 7348 7352 7356 7360 7364 7368 7372 7376 7380 7384 7388 7392 7396 7400 7404 7408 7412 7416 7420 7424 7428 7432 7436 7440 7444 7448 7452 7456 7460 7464 7468 7472 7476 7480 7484 7488 7492 7496 7500 7504 7508 7512 7516 7520 7524 7528 7532 7536 7540 7544 7548 7552 7556 7560 7564 7568 7572 7576 7580 7584 7588 7592 7596 7600 7604 7608 7612 7616 7620 7624 7628 7632 7636 7640 7644 7648 7652 7656 7660 7664 7668 7672 7676 7680 7684 7688 7692 7696 7700 7704 7708 7712 7716 7720 7724 7728 7732 7736 7740 7744 7748 7752 7756 7760 7764 7768 7772 7776 7780 7784 7788 7792 7796 7800 7804 7808 7812 7816 7820 7824 7828 7832 7836 7840 7844 7848 7852 7856 7860 7864 7868 7872 7876 7880 7884 7888 7892 7896 7900 7904 7908 7912 7916 7920 7924 7928 7932 7936 7940 7944 7948 7952 7956 7960 7964 7968 7972 7976 7980 7984 7988 7992 7996 8000 8004 8008 8012 8016 8020 8024 8028 8032 8036 8040 8044 8048 8052 8056 8060 8064 8068 8072 8076 8080 8084 8088 8092 8096 8100 8104 8108 8112 8116 8120 8124 8128 8132 8136 8140 8144 8148 8152 8156 8160 8164 8168 8172 8176 8180 8184 8188 8192 8196 8200 8204 8208 8212 8216 8220 8224 8228 8232 8236 8240 8244 8248 8252 8256 8260 8264 8268 8272 8276 8280 8284 8288 8292 8296 8300 8304 8308 8312 8316 8320 
</DataArray>
<DataArray type="UInt8" Name="types" format="ascii">
7 7 7 7 7 7 7 7 7 7 7 7 7 7 7 7 7 7 7 7 7 7 7 7 7 7 7 7 7 7 7 7 7 7 7 7 7 7 7 7 7 7 7 7 7 7 7 7 7 7 7 7 7 7 7 7 7 7 7 7 7 7 7 7 7 7 7 7 7 7 7 7 7 7 7 7 7 7 7 7 7 7 7 7 7 7 7 7 7 7 7 7 7 7 7 7 7 7 7 7 7 7 7 7 7 7 7 7 7 7 7 7 7 7 7 7 7 7 7 7 7 7 7 7 7 7 7 7 7 7 7 7 7 7 7 7 7 7 7 7 7 7 7 7 7 7 7 7 7 7 7 7 7 7 7 7 7 7 7 7 7 7 7 7 7 7 7 7 7 7 7 7 7 7 7 7 7 7 7 7 7 7 7 7 7 7 7 7 7 7 7 7 7 7 7 7 7 7 7 7 7 7 7 7 7 7 7 7 7 7 7 7 7 7 7 7 7 7 7 7 7 7 7 7 7 7 7 7 7 7 7 7 7 7 7 7 7 7 7 7 7 7 7 7 7 7 7 7 7 7 7 7 7 7 7 7 7 7 7 7 7 7 7 7 7 7 7 7 7 7 7 7 7 7 7 7 7 7 7 7 7 7 7 7 7 7 7 7 7 7 7 7 7 7 7 7 7 7 7 7 7 7 7 7 7 7 7 7 7 7 7 7 7 7 7 7 7 7 7 7 7 7 7 7 7 7 7 7 7 7 7 7 7 7 7 7 7 7 7 7 7 7 7 7 7 7 7 7 7 7 7 7 7 7 7 7 7 7 7 7 7 7 7 7 7 7 7 7 7 7 7 7 7 7 7 7 7 7 7 7 7 7 7 7 7 7 7 7 7 7 7 7 7 7 7 7 7 7 7 7 7 7 7 7 7 7 7 7 7 7 7 7 7 7 7 7 7 7 7 7 7 7 7 7 7 7 7 7 7 7 7 7 7 7 7 7 7 7 7 7 7 7 7 7 7 7 7 7 7 7 7 7 7 7 7 7 7 7 7 7 7 7 7 7 7 7 7 7 7 7 7 7 7 7 7 7 7 7 7 7 7 7 7 7 7 7 7 7 7 7 7 7 7 7 7 7 7 7 7 7 7 7 7 7 7 7 7 7 7 7 7 7 7 7 7 7 7 7 7 7 7 7 7 7 7 7 7 7 7 7 7 7 7 7 7 7 7 7 7 7 7 7 7 7 7 7 7 7 7 7 7 7 7 7 7 7 7 7 7 7 7 7 7 7 7 7 7 7 7 7 7 7 7 7 7 7 7 7 7 7 7 7 7 7 7 7 7 7 7 7 7 7 7 7 7 7 7 7 7 7 7 7 7 7 7 7 7 7 7 7 7 7 7 7 7 7 7 7 7 7 7 7 7 7 7 7 7 7 7 7 7 7 7 7 7 7 7 7 7 7 7 7 7 7 7 7 7 7 7 7 7 7 7 7 7 7 7 7 7 7 7 7 7 7 7 7 7 7 7 7 7 7 7 7 7 7 7 7 7 7 7 7 7 7 7 7 7 7 7 7 7 7 7 7 7 7 7 7 7 7 7 7 7 7 7 7 7 7 7 7 7 7 7 7 7 7 7 7 7 7 7 7 7 7 7 7 7 7 7 7 7 7 7 7 7 7 7 7 7 7 7 7 7 7 7 7 7 7 7 7 7 7 7 7 7 7 7 7 7 7 7 7 7 7 7 7 7 7 7 7 7 7 7 7 7 7 7 7 7 7 7 7 7 7 7 7 7 7 7 7 7 7 7 7 7 7 7 7 7 7 7 7 7 7 7 7 7 7 7 7 7 7 7 7 7 7 7 7 7 7 7 7 7 7 7 7 7 7 7 7 7 7 7 7 7 7 7 7 7 7 7 7 7 7 7 7 7 7 7 7 7 7 7 7 7 7 7 7 7 7 7 7 7 7 7 7 7 7 7 7 7 7 7 7 7 7 7 7 7 7 7 7 7 7 7 7 7 7 7 7 7 7 7 7 7 7 7 7 7 7 7 7 7 7 7 7 7 7 7 7 7 7 7 7 7 7 7 7 7 7 7 7 7 7 7 7 7 7 7 7 7 7 7 7 7 7 7 7 7 7 7 7 7 7 7 7 7 7 7 7 7 7 7 7 7 7 7 7 7 7 7 7 7 7 7 7 7 7 7 7 7 7 7 7 7 7 7 7 7 7 7 7 7 7 7 7 7 7 7 7 7 7 7 7 7 7 7 7 7 7 7 7 7 7 7 7 7 7 7 7 7 7 7 7 7 7 7 7 7 7 7 7 7 7 7 7 7 7 7 7 7 7 7 7 7 7 7 7 7 7 7 7 7 7 7 7 7 7 7 7 7 7 7 7 7 7 7 7 7 7 7 7 7 7 7 7 7 7 7 7 7 7 7 7 7 7 7 7 7 7 7 7 7 7 7 7 7 7 7 7 7 7 7 7 7 7 7 7 7 7 7 7 7 7 7 7 7 7 7 7 7 7 7 7 7 7 7 7 7 7 7 7 7 7 7 7 7 7 7 7 7 7 7 7 7 7 7 7 7 7 7 7 7 7 7 7 7 7 7 7 7 7 7 7 7 7 7 7 7 7 7 7 7 7 7 7 7 7 7 7 7 7 7 7 7 7 7 7 7 7 7 7 7 7 7 7 7 7 7 7 7 7 7 7 7 7 7 7 7 7 7 7 7 7 7 7 7 7 7 7 7 7 7 7 7 7 7 7 7 7 7 7 7 7 7 7 7 7 7 7 7 7 7 7 7 7 7 7 7 7 7 7 7 7 7 7 7 7 7 7 7 7 7 7 7 7 7 7 7 7 7 7 7 7 7 7 7 7 7 7 7 7 7 7 7 7 7 7 7 7 7 7 7 7 7 7 7 7 7 7 7 7 7 7 7 7 7 7 7 7 7 7 7 7 7 7 7 7 7 7 7 7 7 7 7 7 7 7 7 7 7 7 7 7 7 7 7 7 7 7 7 7 7 7 7 7 7 7 7 7 7 7 7 7 7 7 7 7 7 7 7 7 7 7 7 7 7 7 7 7 7 7 7 7 7 7 7 7 7 7 7 7 7 7 7 7 7 7 7 7 7 7 7 7 7 7 7 7 7 7 7 7 7 7 7 7 7 7 7 7 7 7 7 7 7 7 7 7 7 7 7 7 7 7 7 7 7 7 7 7 7 7 7 7 7 7 7 7 7 7 7 7 7 7 7 7 7 7 7 7 7 7 7 7 7 7 7 7 7 7 7 7 7 7 7 7 7 7 7 7 7 7 7 7 7 7 7 7 7 7 7 7 7 7 7 7 7 7 7 7 7 7 7 7 7 7 7 7 7 7 7 7 7 7 7 7 7 7 7 7 7 7 7 7 7 7 7 7 7 7 7 7 7 7 7 7 7 7 7 7 7 7 7 7 7 7 7 7 7 7 7 7 7 7 7 7 7 7 7 7 7 7 7 7 7 7 7 7 7 7 7 7 7 7 7 7 7 7 7 7 7 7 7 7 7 7 7 7 7 7 7 7 7 7 7 7 7 7 7 7 7 7 7 7 7 7 7 7 7 7 7 7 7 7 7 7 7 7 7 7 7 7 7 7 7 7 7 7 7 7 7 7 7 7 7 7 7 7 7 7 7 7 7 7 7 7 7 7 7 7 7 7 7 7 7 7 7 7 7 7 7 7 7 7 7 7 7 7 7 7 7 7 7 7 7 7 7 7 7 7 7 7 7 7 7 7 7 7 7 7 7 7 7 7 7 7 7 7 7 7 7 7 7 7 7 7 7 7 7 7 7 7 7 7 7 7 7 7 7 7 7 7 7 7 7 7 7 7 7 7 7 7 7 7 7 7 7 7 7 7 7 7 7 7 7 7 7 7 7 7 7 7 7 7 7 7 7 7 7 7 7 7 7 7 7 7 7 7 7 7 7 7 7 7 7 7 7 7 7 7 7 7 7 7 7 7 7 7 7 7 7 7 7 7 7 7 7 7 7 7 7 7 7 7 7 7 7 7 7 7 7 7 7 7 7 7 7 7 7 7 7 7 7 7 7 7 7 7 7 7 7 7 7 7 7 7 7 7 7 7 7 7 7 7 7 7 7 7 7 7 7 7 7 7 7 7 7 7 7 7 7 7 7 7 7 7 7 7 7 7 7 7 7 7 7 7 7 7 7 7 7 7 7 7 7 7 7 7 7 7 7 7 7 7 7 7 7 7 7 7 7 7 7 7 7 7 7 7 7 7 7 7 7 7 7 7 7 7 7 7 7 7 7 7 7 7 7 7 7 7 7 7 7 7 7 7 7 7 7 7 7 7 7 7 7 7 7 7 7 7 7 7 7 7 7 7 7 7 7 7 7 7 7 7 7 7 7 7 7 7 7 7 7 7 7 7 7 7 7 7 7 7 7 7 7 7 7 7 7 7 7 7 7 7 7 7 7 7 7 7 7 7 7 7 7 7 7 7 7 7 7 7 7 7 7 7 7 7 7 7 7 7 7 7 7 7 7 7 7 7 7 7 7 7 7 7 7 7 7 7 7 7 7 7 7 7 7 7 7 7 7 7 7 7 7 7 7 7 7 7 7 7 7 7 7 7 7 7 7 7 7 7 7 7 7 7 7 7 7 7 7 7 7 7 7 7 7 7 7 7 7 7 7 7 7 7 7 7 7 7 
</DataArray>
</Cells>
<CellData Scalars="wall variable 0">
<DataArray type="Float64" Name="wall length" format="ascii">
29.5757 30.2113 29.5757 30.1797 29.5757 30.231 29.5757 30.2113 29.5757 30.2706 29.5757 30.231 29.5757 30.3051 29.5757 30.2706 29.5757 30.2704 29.5757 30.3051 29.5757 30.2007 29.5757 30.2704 29.5757 30.1772 29.5757 30.2007 29.5757 30.1741 29.5757 30.1772 29.5757 30.185 29.5757 30.1741 29.5757 30.2102 29.5757 30.185 29.5757 30.2693 29.5757 30.2102 29.5757 30.3054 29.5757 30.2693 29.5757 30.2737 29.5757 30.3054 29.5757 30.2036 29.5757 30.2737 29.5757 30.164 29.5757 30.2036 29.5757 30.1797 29.5757 30.164 29.5757 33.566 29.5757 33.5608 33.611 29.5757 33.566 29.5757 33.7013 29.5757 33.611 29.5757 33.7974 29.5757 33.7013 29.5757 33.757 29.5757 33.7974 29.5757 33.6212 29.5757 33.757 29.5757 33.5475 29.5757 33.6212 29.5757 33.5257 29.5757 33.5475 29.5757 33.5345 29.5757 33.5257 29.5757 33.6099 29.5757 33.5345 29.5757 33.7557 29.5757 33.6099 29.5757 33.7967 29.5757 33.7557 29.5757 33.7001 29.5757 33.7967 29.5757 33.6177 29.5757 33.7001 29.5757 33.5764 29.5757 33.6177 29.5757 29.5757 33.5608 29.5757 33.5764 29.5757 33.7447 29.5757 33.7453 29.5757 33.7848 29.5757 33.7447 29.5757 33.9109 29.5757 33.7848 29.5757 34.1031 29.5757 33.9109 29.5757 34.0166 29.5757 34.1031 29.5757 33.7881 29.5757 34.0166 29.5757 33.7032 29.5757 33.7881 29.5757 33.6911 29.5757 33.7032 29.5757 33.6927 29.5757 33.6911 29.5757 33.7782 29.5757 33.6927 29.5757 34.0138 29.5757 33.7782 29.5757 34.1026 29.5757 34.0138 29.5757 33.9121 29.5757 34.1026 29.5757 33.793 29.5757 33.9121 29.5757 33.7534 29.5757 33.793 29.5757 33.7453 29.5757 33.7534 29.5757 33.3422 29.5757 33.1748 29.5757 33.7912 29.5757 33.3422 29.5757 34.3652 29.5757 33.7912 29.5757 34.9202 29.5757 34.3652 29.5757 35.4025 29.5757 34.9202 29.5757 35.5905 29.5757 35.4025 29.5757 35.6258 29.5757 35.5905 29.5757 35.6306 29.5757 35.6258 29.5757 35.6257 29.5757 35.6306 29.5757 35.5901 29.5757 35.6257 29.5757 35.402 29.5757 35.5901 29.5757 34.92 29.5757 35.402 29.5757 34.3663 29.5757 34.92 29.5757 33.7965 29.5757 34.3663 29.5757 33.3506 29.5757 33.7965 29.5757 33.1748 29.5757 33.3506 29.5757 33.1938 29.5757 33.0071 29.5757 33.6957 29.5757 33.1938 29.5757 34.3492 29.5757 33.6957 29.5757 34.9723 29.5757 34.3492 29.5757 35.415 29.5757 34.9723 29.5757 35.5901 29.5757 35.415 29.5757 35.6257 29.5757 35.5901 29.5757 35.6305 29.5757 35.6257 29.5757 35.6256 29.5757 35.6305 29.5757 35.5898 29.5757 35.6256 29.5757 35.4145 29.5757 35.5898 29.5757 34.9722 29.5757 35.4145 29.5757 34.3503 29.5757 34.9722 29.5757 33.6996 29.5757 34.3503 29.5757 33.1985 29.5757 33.6996 29.5757 33.0071 29.5757 33.1985 29.5757 33.0833 29.5757 32.8846 29.5757 33.6218 29.5757 33.0833 29.5757 34.3316 29.5757 33.6218 29.5757 34.9937 29.5757 34.3316 29.5757 35.4228 29.5757 34.9937 29.5757 35.5898 29.5757 35.4228 29.5757 35.6255 29.5757 35.5898 29.5757 35.6305 29.5757 35.6255 29.5757 35.6254 29.5757 35.6305 29.5757 35.5896 29.5757 35.6254 29.5757 35.4224 29.5757 35.5896 29.5757 34.9935 29.5757 35.4224 29.5757 34.3325 29.5757 34.9935 29.5757 33.6243 29.5757 34.3325 29.5757 33.086 29.5757 33.6243 29.5757 32.8846 29.5757 33.086 29.5757 33.0002 29.5757 32.7914 29.5757 33.5669 29.5757 33.0002 29.5757 34.3158 29.5757 33.5669 29.5757 35.0022 29.5757 34.3158 29.5757 35.4277 29.5757 35.0022 29.5757 35.5897 29.5757 35.4277 29.5757 35.6253 29.5757 35.5897 29.5757 35.6304 29.5757 35.6253 29.5757 35.6253 29.5757 35.6304 29.5757 35.5895 29.5757 35.6253 29.5757 35.4273 29.5757 35.5895 29.5757 35.0019 29.5757 35.4273 29.5757 34.3163 29.5757 35.0019 29.5757 33.5687 29.5757 34.3163 29.5757 33.0017 29.5757 33.5687 29.5757 32.7914 29.5757 33.0017 29.5757 32.9381 29.5757 32.7215 29.5757 33.5259 29.5757 32.9381 29.5757 34.3014 29.5757 33.5259 29.5757 35.004 29.5757 34.3014 29.5757 35.4303 29.5757 35.004 29.5757 35.5897 29.5757 35.4303 29.5757 35.6253 29.5757 35.5897 29.5757 35.6304 29.5757 35.6253 29.5757 35.6252 29.5757 35.6304 29.5757 35.5896 29.5757 35.6252 29.5757 35.43 29.5757 35.5896 29.5757 35.0035 29.5757 35.43 29.5757 34.3014 29.5757 35.0035 29.5757 33.5266 29.5757 34.3014 29.5757 32.9387 29.5757 33.5266 29.5757 32.7215 29.5757 32.9387 29.5757 32.8919 29.5757 32.6695 29.5757 33.4943 29.5757 32.8919 29.5757 34.2885 29.5757 33.4943 29.5757 35.0031 29.5757 34.2885 29.5757 35.4317 29.5757 35.0031 29.5757 35.5898 29.5757 35.4317 29.5757 35.6252 29.5757 35.5898 29.5757 35.6304 29.5757 35.6252 29.5757 35.6252 29.5757 35.6304 29.5757 35.5896 29.5757 35.6252 29.5757 35.4313 29.5757 35.5896 29.5757 35.0026 29.5757 35.4313 29.5757 34.288 29.5757 35.0026 29.5757 33.4942 29.5757 34.288 29.5757 32.8917 29.5757 33.4942 29.5757 32.6695 29.5757 32.8917 29.5757 32.8578 29.5757 32.6309 29.5757 33.4699 29.5757 32.8578 29.5757 34.2767 29.5757 33.4699 29.5757 35.0011 29.5757 34.2767 29.5757 35.4315 29.5757 35.0011 29.5757 35.5897 29.5757 35.4315 29.5757 35.6252 29.5757 35.5897 29.5757 35.6303 29.5757 35.6252 29.5757 35.6252 29.5757 35.6303 29.5757 35.5896 29.5757 35.6252 29.5757 35.4311 29.5757 35.5896 29.5757 35.0003 29.5757 35.4311 29.5757 34.2758 29.5757 35.0003 29.5757 33.4693 29.5757 34.2758 29.5757 32.8571 29.5757 33.4693 29.5757 32.6309 29.5757 32.8571 29.5757 32.8336 29.5757 32.6034 29.5757 33.4552 29.5757 32.8336 29.5757 34.2717 29.5757 33.4552 29.5757 35.0011 29.5757 34.2717 29.5757 35.4324 29.5757 35.0011 29.5757 35.5898 29.5757 35.4324 29.5757 35.6252 29.5757 35.5898 29.5757 35.6304 29.5757 35.6252 29.5757 35.6252 29.5757 35.6304 29.5757 35.5897 29.5757 35.6252 29.5757 35.432 29.5757 35.5897 29.5757 35.0001 29.5757 35.432 29.5757 34.2704 29.5757 35.0001 29.5757 33.4541 29.5757 34.2704 29.5757 32.8324 29.5757 33.4541 29.5757 32.6034 29.5757 32.8324 29.5757 32.8168 29.5757 32.584 29.5757 33.4446 29.5757 32.8168 29.5757 34.2678 29.5757 33.4446 29.5757 35.001 29.5757 34.2678 29.5757 35.433 29.5757 35.001 29.5757 35.5899 29.5757 35.433 29.5757 35.6252 29.5757 35.5899 29.5757 35.6304 29.5757 35.6252 29.5757 35.6252 29.5757 35.6304 29.5757 35.5899 29.5757 35.6252 29.5757 35.4326 29.5757 35.5899 29.5757 34.9998 29.5757 35.4326 29.5757 34.2662 29.5757 34.9998 29.5757 33.4431 29.5757 34.2662 29.5757 32.8152 29.5757 33.4431 29.5757 32.584 29.5757 32.8152 29.5757 32.8053 29.5757 32.5707 29.5757 33.4376 29.5757 32.8053 29.5757 34.2655 29.5757 33.4376 29.5757 35.0014 29.5757 34.2655 29.5757 35.4336 29.5757 35.0014 29.5757 35.5901 29.5757 35.4336 29.5757 35.6252 29.5757 35.5901 29.5757 35.6304 29.5757 35.6252 29.5757 35.6252 29.5757 35.6304 29.5757 35.59 29.5757 35.6252 29.5757 35.4332 29.5757 35.59 29.5757 35.0003 29.5757 35.4332 29.5757 34.2637 29.5757 35.0003 29.5757 33.4356 29.5757 34.2637 29.5757 32.8034 29.5757 33.4356 29.5757 32.5707 29.5757 32.8034 29.5757 32.7981 29.5757 32.5621 29.5757 33.4335 29.5757 32.7981 29.5757 34.2649 29.5757 33.4335 29.5757 35.0025 29.5757 34.2649 29.5757 35.4342 29.5757 35.0025 29.5757 35.5902 29.5757 35.4342 29.5757 35.6253 29.5757 35.5902 29.5757 35.6304 29.5757 35.6253 29.5757 35.6253 29.5757 35.6304 29.5757 35.5901 29.5757 35.6253 29.5757 35.4339 29.5757 35.5901 29.5757 35.0013 29.5757 35.4339 29.5757 34.2628 29.5757 35.0013 29.5757 33.4312 29.5757 34.2628 29.5757 32.7958 29.5757 33.4312 29.5757 32.5621 29.5757 32.7958 29.5757 32.7943 29.5757 32.5574 29.5757 33.4319 29.5757 32.7943 29.5757 34.2656 29.5757 33.4319 29.5757 35.0041 29.5757 34.2656 29.5757 35.435 29.5757 35.0041 29.5757 35.5903 29.5757 35.435 29.5757 35.6253 29.5757 35.5903 29.5757 35.6304 29.5757 35.6253 29.5757 35.6253 29.5757 35.6304 29.5757 35.5903 29.5757 35.6253 29.5757 35.4345 29.5757 35.5903 29.5757 35.0024 29.5757 35.4345 29.5757 34.2633 29.5757 35.0024 29.5757 33.4294 29.5757 34.2633 29.5757 32.7919 29.5757 33.4294 29.5757 32.5574 29.5757 32.7919 29.5757 32.7941 29.5757 32.5568 29.5757 33.4327 29.5757 32.7941 29.5757 34.2676 29.5757 33.4327 29.5757 35.0073 29.5757 34.2676 29.5757 35.4386 29.5757 35.0073 29.5757 35.5918 29.5757 35.4386 29.5757 35.6257 29.5757 35.5918 29.5757 35.6306 29.5757 35.6257 29.5757 35.6257 29.5757 35.6306 29.5757 35.5917 29.5757 35.6257 29.5757 35.4381 29.5757 35.5917 29.5757 35.0059 29.5757 35.4381 29.5757 34.2652 29.5757 35.0059 29.5757 33.4301 29.5757 34.2652 29.5757 32.7916 29.5757 33.4301 29.5757 32.5568 29.5757 32.7916 29.5757 32.7976 29.5757 32.5599 29.5757 33.4368 29.5757 32.7976 29.5757 34.2718 29.5757 33.4368 29.5757 35.0105 29.5757 34.2718 29.5757 35.44 29.5757 35.0105 29.5757 35.5923 29.5757 35.44 29.5757 35.6258 29.5757 35.5923 29.5757 35.6307 29.5757 35.6258 29.5757 35.6258 29.5757 35.6307 29.5757 35.5922 29.5757 35.6258 29.5757 35.4396 29.5757 35.5922 29.5757 35.009 29.5757 35.4396 29.5757 34.2693 29.5757 35.009 29.5757 33.434 29.5757 34.2693 29.5757 32.7949 29.5757 33.434 29.5757 32.5599 29.5757 32.7949 29.5757 32.8047 29.5757 32.5666 29.5757 33.4439 29.5757 32.8047 29.5757 34.2777 29.5757 33.4439 29.5757 35.0142 29.5757 34.2777 29.5757 35.4412 29.5757 35.0142 29.5757 35.5926 29.5757 35.4412 29.5757 35.6259 29.5757 35.5926 29.5757 35.6307 29.5757 35.6259 29.5757 35.6259 29.5757 35.6307 29.5757 35.5926 29.5757 35.6259 29.5757 35.4408 29.5757 35.5926 29.5757 35.0128 29.5757 35.4408 29.5757 34.2751 29.5757 35.0128 29.5757 33.4408 29.5757 34.2751 29.5757 32.8016 29.5757 33.4408 29.5757 32.5666 29.5757 32.8016 29.5757 32.8154 29.5757 32.5775 29.5757 33.4533 29.5757 32.8154 29.5757 34.2847 29.5757 33.4533 29.5757 35.018 29.5757 34.2847 29.5757 35.4424 29.5757 35.018 29.5757 35.5929 29.5757 35.4424 29.5757 35.626 29.5757 35.5929 29.5757 35.6308 29.5757 35.626 29.5757 35.626 29.5757 35.6308 29.5757 35.5928 29.5757 35.626 29.5757 35.4419 29.5757 35.5928 29.5757 35.0163 29.5757 35.4419 29.5757 34.2819 29.5757 35.0163 29.5757 33.4499 29.5757 34.2819 29.5757 32.812 29.5757 33.4499 29.5757 32.5775 29.5757 32.812 29.5757 32.8298 29.5757 32.5926 29.5757 33.4652 29.5757 32.8298 29.5757 34.2926 29.5757 33.4652 29.5757 35.0215 29.5757 34.2926 29.5757 35.4435 29.5757 35.0215 29.5757 35.5931 29.5757 35.4435 29.5757 35.626 29.5757 35.5931 29.5757 35.6308 29.5757 35.626 29.5757 35.626 29.5757 35.6308 29.5757 35.593 29.5757 35.626 29.5757 35.4431 29.5757 35.593 29.5757 35.0201 29.5757 35.4431 29.5757 34.2897 29.5757 35.0201 29.5757 33.4616 29.5757 34.2897 29.5757 32.8262 29.5757 33.4616 29.5757 32.5926 29.5757 32.8262 29.5757 32.8483 29.5757 32.6125 29.5757 33.4797 29.5757 32.8483 29.5757 34.3015 29.5757 33.4797 29.5757 35.0254 29.5757 34.3015 29.5757 35.4445 29.5757 35.0254 29.5757 35.5932 29.5757 35.4445 29.5757 35.6261 29.5757 35.5932 29.5757 35.6308 29.5757 35.6261 29.5757 35.6261 29.5757 35.6308 29.5757 35.5932 29.5757 35.6261 29.5757 35.444 29.5757 35.5932 29.5757 35.0237 29.5757 35.444 29.5757 34.2984 29.5757 35.0237 29.5757 33.4759 29.5757 34.2984 29.5757 32.8445 29.5757 33.4759 29.5757 32.6125 29.5757 32.8445 29.5757 32.8719 29.5757 32.638 29.5757 33.4974 29.5757 32.8719 29.5757 34.3116 29.5757 33.4974 29.5757 35.0291 29.5757 34.3116 29.5757 35.4453 29.5757 35.0291 29.5757 35.5934 29.5757 35.4453 29.5757 35.6261 29.5757 35.5934 29.5757 35.6308 29.5757 35.6261 29.5757 35.6261 29.5757 35.6308 29.5757 35.5933 29.5757 35.6261 29.5757 35.4447 29.5757 35.5933 29.5757 35.0271 29.5757 35.4447 29.5757 34.3083 29.5757 35.0271 29.5757 33.4935 29.5757 34.3083 29.5757 32.8678 29.5757 33.4935 29.5757 32.638 29.5757 32.8678 29.5757 32.9016 29.5757 32.6706 29.5757 33.5191 29.5757 32.9016 29.5757 34.3229 29.5757 33.5191 29.5757 35.0324 29.5757 34.3229 29.5757 35.4456 29.5757 35.0324 29.5757 35.5935 29.5757 35.4456 29.5757 35.6261 29.5757 35.5935 29.5757 35.6308 29.5757 35.6261 29.5757 35.6261 29.5757 35.6308 29.5757 35.5934 29.5757 35.6261 29.5757 35.4451 29.5757 35.5934 29.5757 35.0307 29.5757 35.4451 29.5757 34.3195 29.5757 35.0307 29.5757 33.5149 29.5757 34.3195 29.5757 32.8974 29.5757 33.5149 29.5757 32.6706 29.5757 32.8974 29.5757 32.9396 29.5757 32.7127 29.5757 33.5459 29.5757 32.9396 29.5757 34.3355 29.5757 33.5459 29.5757 35.0349 29.5757 34.3355 29.5757 35.4453 29.5757 35.0349 29.5757 35.5935 29.5757 35.4453 29.5757 35.6262 29.5757 35.5935 29.5757 35.6309 29.5757 35.6262 29.5757 35.6262 29.5757 35.6309 29.5757 35.5935 29.5757 35.6262 29.5757 35.4448 29.5757 35.5935 29.5757 35.0331 29.5757 35.4448 29.5757 34.3321 29.5757 35.0331 29.5757 33.5415 29.5757 34.3321 29.5757 32.9352 29.5757 33.5415 29.5757 32.7127 29.5757 32.9352 29.5757 32.9886 29.5757 32.767 29.5757 33.5796 29.5757 32.9886 29.5757 34.3495 29.5757 33.5796 29.5757 35.0359 29.5757 34.3495 29.5757 35.444 29.5757 35.0359 29.5757 35.5935 29.5757 35.444 29.5757 35.6262 29.5757 35.5935 29.5757 35.6309 29.5757 35.6262 29.5757 35.6262 29.5757 35.6309 29.5757 35.5935 29.5757 35.6262 29.5757 35.4435 29.5757 35.5935 29.5757 35.0341 29.5757 35.4435 29.5757 34.346 29.5757 35.0341 29.5757 33.5748 29.5757 34.346 29.5757 32.9837 29.5757 33.5748 29.5757 32.767 29.5757 32.9837 29.5757 33.0522 29.5757 32.8371 29.5757 33.6227 29.5757 33.0522 29.5757 34.3648 29.5757 33.6227 29.5757 35.0336 29.5757 34.3648 29.5757 35.441 29.5757 35.0336 29.5757 35.5935 29.5757 35.441 29.5757 35.6264 29.5757 35.5935 29.5757 35.631 29.5757 35.6264 29.5757 35.6264 29.5757 35.631 29.5757 35.5935 29.5757 35.6264 29.5757 35.4405 29.5757 35.5935 29.5757 35.0318 29.5757 35.4405 29.5757 34.3611 29.5757 35.0318 29.5757 33.6172 29.5757 34.3611 29.5757 33.0465 29.5757 33.6172 29.5757 32.8371 29.5757 33.0465 29.5757 33.1337 29.5757 32.9259 29.5757 33.6775 29.5757 33.1337 29.5757 34.38 29.5757 33.6775 29.5757 35.0241 29.5757 34.38 29.5757 35.4353 29.5757 35.0241 29.5757 35.5936 29.5757 35.4353 29.5757 35.6265 29.5757 35.5936 29.5757 35.631 29.5757 35.6265 29.5757 35.6265 29.5757 35.631 29.5757 35.5935 29.5757 35.6265 29.5757 35.435 29.5757 35.5935 29.5757 35.0226 29.5757 35.435 29.5757 34.3762 29.5757 35.0226 29.5757 33.6709 29.5757 34.3762 29.5757 33.1262 29.5757 33.6709 29.5757 32.9259 29.5757 33.1262 29.5757 33.229 29.5757 33.0284 29.5757 33.7394 29.5757 33.229 29.5757 34.3878 29.5757 33.7394 29.5757 34.9967 29.5757 34.3878 29.5757 35.4253 29.5757 34.9967 29.5757 35.5938 29.5757 35.4253 29.5757 35.6267 29.5757 35.5938 29.5757 35.6311 29.5757 35.6267 29.5757 35.6267 29.5757 35.6311 29.5757 35.5937 29.5757 35.6267 29.5757 35.425 29.5757 35.5937 29.5757 34.9953 29.5757 35.425 29.5757 34.384 29.5757 34.9953 29.5757 33.7312 29.5757 34.384 29.5757 33.2184 29.5757 33.7312 29.5757 33.0284 29.5757 33.2184 29.5757 33.2863 29.5757 33.0996 29.5757 33.7519 29.5757 33.2863 29.5757 34.3405 29.5757 33.7519 29.5757 34.9069 29.5757 34.3405 29.5757 35.4074 29.5757 34.9069 29.5757 35.5947 29.5757 35.4074 29.5757 35.6271 29.5757 35.5947 29.5757 35.6313 29.5757 35.6271 29.5757 35.627 29.5757 35.6313 29.5757 35.5945 29.5757 35.627 29.5757 35.4074 29.5757 35.5945 29.5757 34.9057 29.5757 35.4074 29.5757 34.3366 29.5757 34.9057 29.5757 33.7434 29.5757 34.3366 29.5757 33.2735 29.5757 33.7434 29.5757 33.0996 29.5757 33.2735 29.5757 32.9882 28.1955 32.9696 29.5757 33.0616 28.1955 32.9882 29.5757 33.2547 28.1955 33.0616 29.5757 33.5386 28.1955 33.2547 29.5757 33.4298 28.1955 33.5386 29.5757 33.105 28.1955 33.4298 29.5757 32.9571 28.1955 33.105 29.5757 32.9488 28.1955 32.9571 29.5757 32.9935 28.1955 32.9488 29.5757 33.1342 28.1955 32.9935 29.5757 33.4306 28.1955 33.1342 29.5757 33.5354 28.1955 33.4306 29.5757 33.2482 28.1955 33.5354 29.5757 33.04 28.1955 33.2482 29.5757 32.9682 28.1955 33.04 29.5757 32.9696 28.1955 32.9682 28.1955 32.5011 26.8153 32.4699 28.1955 32.5895 26.8153 32.5011 28.1955 32.7626 26.8153 32.5895 28.1955 32.9395 26.8153 32.7626 28.1955 32.8904 26.8153 32.9395 28.1955 32.6553 26.8153 32.8904 28.1955 32.4973 26.8153 32.6553 28.1955 32.4696 26.8153 32.4973 28.1955 32.5283 26.8153 32.4696 28.1955 32.6782 26.8153 32.5283 28.1955 32.8878 26.8153 32.6782 28.1955 32.9369 26.8153 32.8878 28.1955 32.7611 26.8153 32.9369 28.1955 32.5717 26.8153 32.7611 28.1955 32.4795 26.8153 32.5717 28.1955 32.4699 26.8153 32.4795 26.8153 29.0188 25.4351 29.0613 26.8153 29.0031 25.4351 29.0188 26.8153 29.087 25.4351 29.0031 26.8153 29.0985 25.4351 29.087 26.8153 28.8317 25.4351 29.0985 26.8153 28.4306 25.4351 28.8317 26.8153 28.1483 25.4351 28.4306 26.8153 28.0181 25.4351 28.1483 26.8153 28.0837 25.4351 28.0181 26.8153 28.3751 25.4351 28.0837 26.8153 28.8221 25.4351 28.3751 26.8153 29.0935 25.4351 28.8221 26.8153 29.0924 25.4351 29.0935 26.8153 29.059 25.4351 29.0924 26.8153 29.0877 25.4351 29.059 26.8153 29.0613 25.4351 29.0877 29.5757 29.5757 29.5757 29.5757 29.5757 29.5757 29.5757 29.5757 29.5757 29.5757 29.5757 29.5757 29.5757 29.5757 29.5757 29.5757 25.4351 25.4351 25.4351 25.4351 25.4351 25.4351 25.4351 25.4351 25.4351 25.4351 25.4351 25.4351 25.4351 25.4351 25.4351 25.4351 
</DataArray>
<DataArray type="Float64" Name="wall variable 0" format="ascii">
0 1 0 1 0 1 0 1 0 1 0 1 0 1 0 1 0 1 0 1 0 1 0 1 0 1 0 1 0 1 0 1 0 1 0 1 0 1 0 1 0 1 0 1 0 1 0 1 0 1 0 1 0 1 0 1 0 1 0 1 0 1 0 1 0 1 0 1 1 0 1 0 1 0 1 0 1 0 1 0 1 0 1 0 1 0 1 0 1 0 1 0 1 0 1 0 1 0 1 0 1 0 1 0 1 0 1 0 1 0 1 0 1 0 1 0 1 0 1 0 1 0 1 0 0 1 0 1 0 1 0 1 0 1 0 1 0 1 0 1 0 1 0 1 0 1 0 1 0 1 0 1 0 1 0 1 0 1 0 1 0 1 0 1 0 1 0 1 0 1 0 1 0 1 0 1 0 1 0 1 0 1 0 1 0 1 0 1 0 1 0 1 0 1 0 1 0 1 0 1 0 1 0 1 0 1 0 1 0 1 0 1 0 1 0 1 0 1 0 1 0 1 0 1 0 1 0 1 0 1 0 1 0 1 0 1 0 1 0 1 0 1 0 1 0 1 0 1 0 1 0 1 0 1 0 1 0 1 0 1 0 1 0 1 0 1 0 1 0 1 0 1 0 1 0 1 0 1 0 1 0 1 0 1 0 1 0 1 0 1 0 1 0 1 0 1 0 1 0 1 0 1 0 1 0 1 0 1 0 1 0 1 0 1 0 1 0 1 0 1 0 1 0 1 0 1 0 1 0 1 0 1 0 1 0 1 0 1 0 1 0 1 0 1 0 1 0 1 0 1 0 1 0 1 0 1 0 1 0 1 0 1 0 1 0 1 0 1 0 1 0 1 0 1 0 1 0 1 0 1 0 1 0 1 0 1 0 1 0 1 0 1 0 1 0 1 0 1 0 1 0 1 0 1 0 1 0 1 0 1 0 1 0 1 0 1 0 1 0 1 0 1 0 1 0 1 0 1 0 1 0 1 0 1 0 1 0 1 0 1 0 1 0 1 0 1 0 1 0 1 0 1 0 1 0 1 0 1 0 1 0 1 0 1 0 1 0 1 0 1 0 1 0 1 0 1 0 1 0 1 0 1 0 1 0 1 0 1 0 1 0 1 0 1 0 1 0 1 0 1 0 1 0 1 0 1 0 1 0 1 0 1 0 1 0 1 0 1 0 1 0 1 0 1 0 1 0 1 0 1 0 1 0 1 0 1 0 1 0 1 0 1 0 1 0 1 0 1 0 1 0 1 0 1 0 1 0 1 0 1 0 1 0 1 0 1 0 1 0 1 0 1 0 1 0 1 0 1 0 1 0 1 0 1 0 1 0 1 0 1 0 1 0 1 0 1 0 1 0 1 0 1 0 1 0 1 0 1 0 1 0 1 0 1 0 1 0 1 0 1 0 1 0 1 0 1 0 1 0 1 0 1 0 1 0 1 0 1 0 1 0 1 0 1 0 1 0 1 0 1 0 1 0 1 0 1 0 1 0 1 0 1 0 1 0 1 0 1 0 1 0 1 0 1 0 1 0 1 0 1 0 1 0 1 0 1 0 1 0 1 0 1 0 1 0 1 0 1 0 1 0 1 0 1 0 1 0 1 0 1 0 1 0 1 0 1 0 1 0 1 0 1 0 1 0 1 0 1 0 1 0 1 0 1 0 1 0 1 0 1 0 1 0 1 0 1 0 1 0 1 0 1 0 1 0 1 0 1 0 1 0 1 0 1 0 1 0 1 0 1 0 1 0 1 0 1 0 1 0 1 0 1 0 1 0 1 0 1 0 1 0 1 0 1 0 1 0 1 0 1 0 1 0 1 0 1 0 1 0 1 0 1 0 1 0 1 0 1 0 1 0 1 0 1 0 1 0 1 0 1 0 1 0 1 0 1 0 1 0 1 0 1 0 1 0 1 0 1 0 1 0 1 0 1 0 1 0 1 0 1 0 1 0 1 0 1 0 1 0 1 0 1 0 1 0 1 0 1 0 1 0 1 0 1 0 1 0 1 0 1 0 1 0 1 0 1 0 1 0 1 0 1 0 1 0 1 0 1 0 1 0 1 0 1 0 1 0 1 0 1 0 1 0 1 0 1 0 1 0 1 0 1 0 1 0 1 0 1 0 1 0 1 0 1 0 1 0 1 0 1 0 1 0 1 0 1 0 1 0 1 0 1 0 1 0 1 0 1 0 1 0 1 0 1 0 1 0 1 0 1 0 1 0 1 0 1 0 1 0 1 0 1 0 1 0 1 0 1 0 1 0 1 0 1 0 1 0 1 0 1 0 1 0 1 0 1 0 1 0 1 0 1 0 1 0 1 0 1 0 1 0 1 0 1 0 1 0 1 0 1 0 1 0 1 0 1 0 1 0 1 0 1 0 1 0 1 0 1 0 1 0 1 0 1 0 1 0 1 0 1 0 1 0 1 0 1 0 1 0 1 0 1 0 1 0 1 0 1 0 1 0 1 0 1 0 1 0 1 0 1 0 1 0 1 0 1 0 1 0 1 0 1 0 1 0 1 0 1 0 1 0 1 0 1 0 1 0 1 0 1 0 1 0 1 0 1 0 1 0 1 0 1 0 1 0 1 0 1 0 1 0 1 0 1 0 1 0 1 0 1 0 1 0 1 0 1 0 1 0 1 0 1 0 1 0 1 0 1 0 1 0 1 0 1 0 1 0 1 0 1 0 1 0 1 0 1 0 1 0 1 0 1 0 1 0 1 0 1 0 1 0 1 0 1 0 1 0 1 0 1 0 1 0 1 0 1 0 1 0 1 0 1 0 1 0 1 0 1 0 1 0 1 0 1 0 1 0 1 0 1 0 1 0 1 0 1 0 1 0 1 0 1 0 1 0 1 0 1 0 1 0 1 0 1 0 1 0 1 0 1 0 1 0 1 0 1 0 1 0 1 0 1 0 1 0 1 0 1 0 1 0 1 0 1 0 1 0 1 0 1 0 1 0 1 0 1 0 1 0 1 0 1 0 1 0 1 0 1 0 1 0 1 0 1 0 1 0 1 0 1 0 1 0 1 0 1 0 1 0 1 0 1 0 1 0 1 0 1 0 1 0 1 0 1 0 1 0 1 0 1 0 1 0 1 0 1 0 1 0 1 0 1 0 1 0 1 0 1 0 1 0 1 0 1 0 1 0 1 0 1 0 1 0 1 0 1 0 1 0 1 0 1 0 1 0 1 0 1 0 1 0 1 0 1 0 1 0 1 0 1 0 1 0 1 0 1 0 1 0 1 0 1 0 1 0 1 0 1 0 1 0 1 0 1 0 1 0 1 0 1 0 1 0 1 0 1 0 1 0 1 0 1 0 1 0 1 0 1 0 1 0 1 0 1 0 1 0 1 0 1 0 1 0 1 0 1 0 1 0 1 0 1 0 1 0 1 0 1 0 1 0 1 0 1 0 1 0 1 0 1 0 1 0 1 0 1 0 1 0 1 0 1 0 1 0 1 0 1 0 1 0 1 0 1 0 1 0 1 0 1 0 1 0 1 0 1 0 1 0 1 0 1 0 1 0 1 0 1 0 1 0 1 0 1 0 1 0 1 0 1 0 1 0 1 0 1 0 1 0 1 0 1 0 1 0 1 0 1 0 1 0 1 0 1 0 1 0 1 0 1 0 1 0 1 0 1 0 1 0 1 0 1 0 1 0 1 0 1 0 1 0 1 0 1 0 1 0 1 0 1 0 1 0 1 0 1 0 1 0 1 0 1 0 1 0 1 0 1 0 1 0 1 0 1 0 1 0 1 0 1 0 1 0 1 0 1 0 1 0 1 0 1 0 1 0 1 0 1 0 1 0 1 0 1 0 1 0 1 0 1 0 1 0 1 0 1 0 1 0 1 0 1 0 1 0 1 0 1 0 1 0 1 0 1 0 1 0 1 0 1 0 1 0 1 0 1 0 1 0 1 0 1 0 1 0 1 0 1 0 1 0 1 0 1 0 1 0 1 0 1 0 1 0 1 0 1 0 1 0 1 0 1 0 1 0 1 0 1 0 1 0 1 0 1 0 1 0 1 0 1 0 1 0 1 0 1 0 1 0 1 0 1 0 1 0 1 0 1 0 1 0 1 0 1 0 1 0 1 0 1 0 1 0 1 0 1 0 1 0 1 0 1 0 1 0 1 0 1 0 1 0 1 0 1 0 1 0 1 0 1 0 1 0 1 0 1 0 1 0 1 0 1 0 1 0 1 0 1 0 1 0 1 0 1 0 1 0 1 0 1 0 1 0 1 0 1 0 1 0 1 0 1 0 1 0 1 0 1 0 1 0 1 0 1 0 1 0 1 0 1 0 1 0 1 0 1 0 1 0 1 0 1 0 1 0 1 0 1 0 1 0 1 0 1 0 1 0 1 0 1 0 1 0 1 0 1 0 1 0 1 0 1 0 1 0 1 0 1 0 1 0 1 0 1 0 1 0 1 0 1 0 1 0 1 0 1 0 1 0 1 0 1 0 1 0 1 0 1 0 1 0 1 0 1 0 1 0 1 0 1 0 1 0 1 0 1 0 1 0 1 0 1 0 1 0 1 0 1 0 1 0 1 0 1 0 1 0 1 0 1 0 1 0 1 0 1 0 1 0 1 0 1 0 1 0 1 0 1 0 0 0 0 0 0 0 0 0 0 0 0 0 0 0 0 0 0 0 0 0 0 0 0 0 0 0 0 0 0 0 0 
</DataArray>
<DataArray type="Float64" Name="wall variable 1" format="ascii">
0 1 0 1 0 1 0 1 0 1 0 1 0 1 0 1 0 1 0 1 0 1 0 1 0 1 0 1 0 1 0 1 0 1 0 1 0 1 0 1 0 1 0 1 0 1 0 1 0 1 0 1 0 1 0 1 0 1 0 1 0 1 0 1 0 1 0 1 1 0 1 0 1 0 1 0 1 0 1 0 1 0 1 0 1 0 1 0 1 0 1 0 1 0 1 0 1 0 1 0 1 0 1 0 1 0 1 0 1 0 1 0 1 0 1 0 1 0 1 0 1 0 1 0 0 1 0 1 0 1 0 1 0 1 0 1 0 1 0 1 0 1 0 1 0 1 0 1 0 1 0 1 0 1 0 1 0 1 0 1 0 1 0 1 0 1 0 1 0 1 0 1 0 1 0 1 0 1 0 1 0 1 0 1 0 1 0 1 0 1 0 1 0 1 0 1 0 1 0 1 0 1 0 1 0 1 0 1 0 1 0 1 0 1 0 1 0 1 0 1 0 1 0 1 0 1 0 1 0 1 0 1 0 1 0 1 0 1 0 1 0 1 0 1 0 1 0 1 0 1 0 1 0 1 0 1 0 1 0 1 0 1 0 1 0 1 0 1 0 1 0 1 0 1 0 1 0 1 0 1 0 1 0 1 0 1 0 1 0 1 0 1 0 1 0 1 0 1 0 1 0 1 0 1 0 1 0 1 0 1 0 1 0 1 0 1 0 1 0 1 0 1 0 1 0 1 0 1 0 1 0 1 0 1 0 1 0 1 0 1 0 1 0 1 0 1 0 1 0 1 0 1 0 1 0 1 0 1 0 1 0 1 0 1 0 1 0 1 0 1 0 1 0 1 0 1 0 1 0 1 0 1 0 1 0 1 0 1 0 1 0 1 0 1 0 1 0 1 0 1 0 1 0 1 0 1 0 1 0 1 0 1 0 1 0 1 0 1 0 1 0 1 0 1 0 1 0 1 0 1 0 1 0 1 0 1 0 1 0 1 0 1 0 1 0 1 0 1 0 1 0 1 0 1 0 1 0 1 0 1 0 1 0 1 0 1 0 1 0 1 0 1 0 1 0 1 0 1 0 1 0 1 0 1 0 1 0 1 0 1 0 1 0 1 0 1 0 1 0 1 0 1 0 1 0 1 0 1 0 1 0 1 0 1 0 1 0 1 0 1 0 1 0 1 0 1 0 1 0 1 0 1 0 1 0 1 0 1 0 1 0 1 0 1 0 1 0 1 0 1 0 1 0 1 0 1 0 1 0 1 0 1 0 1 0 1 0 1 0 1 0 1 0 1 0 1 0 1 0 1 0 1 0 1 0 1 0 1 0 1 0 1 0 1 0 1 0 1 0 1 0 1 0 1 0 1 0 1 0 1 0 1 0 1 0 1 0 1 0 1 0 1 0 1 0 1 0 1 0 1 0 1 0 1 0 1 0 1 0 1 0 1 0 1 0 1 0 1 0 1 0 1 0 1 0 1 0 1 0 1 0 1 0 1 0 1 0 1 0 1 0 1 0 1 0 1 0 1 0 1 0 1 0 1 0 1 0 1 0 1 0 1 0 1 0 1 0 1 0 1 0 1 0 1 0 1 0 1 0 1 0 1 0 1 0 1 0 1 0 1 0 1 0 1 0 1 0 1 0 1 0 1 0 1 0 1 0 1 0 1 0 1 0 1 0 1 0 1 0 1 0 1 0 1 0 1 0 1 0 1 0 1 0 1 0 1 0 1 0 1 0 1 0 1 0 1 0 1 0 1 0 1 0 1 0 1 0 1 0 1 0 1 0 1 0 1 0 1 0 1 0 1 0 1 0 1 0 1 0 1 0 1 0 1 0 1 0 1 0 1 0 1 0 1 0 1 0 1 0 1 0 1 0 1 0 1 0 1 0 1 0 1 0 1 0 1 0 1 0 1 0 1 0 1 0 1 0 1 0 1 0 1 0 1 0 1 0 1 0 1 0 1 0 1 0 1 0 1 0 1 0 1 0 1 0 1 0 1 0 1 0 1 0 1 0 1 0 1 0 1 0 1 0 1 0 1 0 1 0 1 0 1 0 1 0 1 0 1 0 1 0 1 0 1 0 1 0 1 0 1 0 1 0 1 0 1 0 1 0 1 0 1 0 1 0 1 0 1 0 1 0 1 0 1 0 1 0 1 0 1 0 1 0 1 0 1 0 1 0 1 0 1 0 1 0 1 0 1 0 1 0 1 0 1 0 1 0 1 0 1 0 1 0 1 0 1 0 1 0 1 0 1 0 1 0 1 0 1 0 1 0 1 0 1 0 1 0 1 0 1 0 1 0 1 0 1 0 1 0 1 0 1 0 1 0 1 0 1 0 1 0 1 0 1 0 1 0 1 0 1 0 1 0 1 0 1 0 1 0 1 0 1 0 1 0 1 0 1 0 1 0 1 0 1 0 1 0 1 0 1 0 1 0 1 0 1 0 1 0 1 0 1 0 1 0 1 0 1 0 1 0 1 0 1 0 1 0 1 0 1 0 1 0 1 0 1 0 1 0 1 0 1 0 1 0 1 0 1 0 1 0 1 0 1 0 1 0 1 0 1 0 1 0 1 0 1 0 1 0 1 0 1 0 1 0 1 0 1 0 1 0 1 0 1 0 1 0 1 0 1 0 1 0 1 0 1 0 1 0 1 0 1 0 1 0 1 0 1 0 1 0 1 0 1 0 1 0 1 0 1 0 1 0 1 0 1 0 1 0 1 0 1 0 1 0 1 0 1 0 1 0 1 0 1 0 1 0 1 0 1 0 1 0 1 0 1 0 1 0 1 0 1 0 1 0 1 0 1 0 1 0 1 0 1 0 1 0 1 0 1 0 1 0 1 0 1 0 1 0 1 0 1 0 1 0 1 0 1 0 1 0 1 0 1 0 1 0 1 0 1 0 1 0 1 0 1 0 1 0 1 0 1 0 1 0 1 0 1 0 1 0 1 0 1 0 1 0 1 0 1 0 1 0 1 0 1 0 1 0 1 0 1 0 1 0 1 0 1 0 1 0 1 0 1 0 1 0 1 0 1 0 1 0 1 0 1 0 1 0 1 0 1 0 1 0 1 0 1 0 1 0 1 0 1 0 1 0 1 0 1 0 1 0 1 0 1 0 1 0 1 0 1 0 1 0 1 0 1 0 1 0 1 0 1 0 1 0 1 0 1 0 1 0 1 0 1 0 1 0 1 0 1 0 1 0 1 0 1 0 1 0 1 0 1 0 1 0 1 0 1 0 1 0 1 0 1 0 1 0 1 0 1 0 1 0 1 0 1 0 1 0 1 0 1 0 1 0 1 0 1 0 1 0 1 0 1 0 1 0 1 0 1 0 1 0 1 0 1 0 1 0 1 0 1 0 1 0 1 0 1 0 1 0 1 0 1 0 1 0 1 0 1 0 1 0 1 0 1 0 1 0 1 0 1 0 1 0 1 0 1 0 1 0 1 0 1 0 1 0 1 0 1 0 1 0 1 0 1 0 1 0 1 0 1 0 1 0 1 0 1 0 1 0 1 0 1 0 1 0 1 0 1 0 1 0 1 0 1 0 1 0 1 0 1 0 1 0 1 0 1 0 1 0 1 0 1 0 1 0 1 0 1 0 1 0 1 0 1 0 1 0 1 0 1 0 1 0 1 0 1 0 1 0 1 0 1 0 1 0 1 0 1 0 1 0 1 0 1 0 1 0 1 0 1 0 1 0 1 0 1 0 1 0 1 0 1 0 1 0 1 0 1 0 1 0 1 0 1 0 1 0 1 0 1 0 1 0 1 0 1 0 1 0 1 0 1 0 1 0 1 0 1 0 1 0 1 0 1 0 1 0 1 0 1 0 1 0 1 0 1 0 1 0 1 0 1 0 1 0 1 0 1 0 1 0 1 0 1 0 1 0 1 0 1 0 1 0 1 0 1 0 1 0 1 0 1 0 1 0 1 0 1 0 1 0 1 0 1 0 1 0 1 0 1 0 1 0 1 0 1 0 1 0 1 0 1 0 1 0 1 0 1 0 1 0 1 0 1 0 1 0 1 0 1 0 1 0 1 0 1 0 1 0 1 0 1 0 1 0 1 0 1 0 1 0 1 0 1 0 1 0 1 0 1 0 1 0 1 0 1 0 1 0 1 0 1 0 1 0 1 0 1 0 1 0 1 0 1 0 1 0 1 0 1 0 1 0 1 0 1 0 1 0 1 0 1 0 1 0 1 0 1 0 1 0 1 0 1 0 1 0 1 0 1 0 1 0 1 0 1 0 1 0 1 0 1 0 1 0 1 0 1 0 1 0 1 0 1 0 1 0 1 0 1 0 1 0 1 0 1 0 1 0 1 0 1 0 1 0 1 0 1 0 1 0 1 0 1 0 1 0 1 0 1 0 1 0 1 0 1 0 1 0 1 0 1 0 1 0 1 0 1 0 1 0 1 0 1 0 1 0 1 0 1 0 1 0 1 0 1 0 1 0 1 0 1 0 1 0 1 0 1 0 1 0 1 0 1 0 1 0 1 0 1 0 1 0 1 0 1 0 1 0 1 0 1 0 1 0 1 0 1 0 1 0 1 0 1 0 1 0 1 0 1 0 1 0 1 0 1 0 1 0 1 0 1 0 1 0 0 0 0 0 0 0 0 0 0 0 0 0 0 0 0 0 0 0 0 0 0 0 0 0 0 0 0 0 0 0 0 
</DataArray>
<DataArray type="Float64" Name="wall variable 2" format="ascii">
0 35.6354 0 35.6354 0 35.6354 0 35.6354 0 35.6354 0 35.6354 0 35.6354 0 35.6354 0 35.6354 0 35.6354 0 35.6354 0 35.6354 0 35.6354 0 35.6354 0 35.6354 0 35.6354 0 35.6354 0 35.6354 0 35.6354 0 35.6354 0 35.6354 0 35.6354 0 35.6354 0 35.6354 0 35.6354 0 35.6354 0 35.6354 0 35.6354 0 35.6354 0 35.6354 0 35.6354 0 35.6354 0 35.6354 0 35.6354 35.6354 0 35.6354 0 35.6354 0 35.6354 0 35.6354 0 35.6354 0 35.6354 0 35.6354 0 35.6354 0 35.6354 0 35.6354 0 35.6354 0 35.6354 0 35.6354 0 35.6354 0 35.6354 0 35.6354 0 35.6354 0 35.6354 0 35.6354 0 35.6354 0 35.6354 0 35.6354 0 35.6354 0 35.6354 0 35.6354 0 35.6354 0 35.6354 0 0 35.6354 0 35.6354 0 35.6354 0 35.6354 0 35.6354 0 35.6354 0 35.6354 0 35.6354 0 35.6354 0 35.6354 0 35.6354 0 35.6354 0 35.6354 0 35.6354 0 35.6354 0 35.6354 0 35.6354 0 35.6354 0 35.6354 0 35.6354 0 35.6354 0 35.6354 0 35.6354 0 35.6354 0 35.6354 0 35.6354 0 35.6354 0 35.6354 0 35.6354 0 35.6354 0 35.6354 0 35.6354 0 35.6354 0 35.6354 0 35.6354 0 35.6354 0 35.6354 0 35.6354 0 35.6354 0 35.6354 0 35.6354 0 35.6354 0 35.6354 0 35.6354 0 35.6354 0 35.6354 0 35.6354 0 35.6354 0 35.6354 0 35.6354 0 35.6354 0 35.6354 0 35.6354 0 35.6354 0 35.6354 0 35.6354 0 35.6354 0 35.6354 0 35.6354 0 35.6354 0 35.6354 0 35.6354 0 35.6354 0 35.6354 0 35.6354 0 35.6354 0 35.6354 0 35.6354 0 35.6354 0 35.6354 0 35.6354 0 35.6354 0 35.6354 0 35.6354 0 35.6354 0 35.6354 0 35.6354 0 35.6354 0 35.6354 0 35.6354 0 35.6354 0 35.6354 0 35.6354 0 35.6354 0 35.6354 0 35.6354 0 35.6354 0 35.6354 0 35.6354 0 35.6354 0 35.6354 0 35.6354 0 35.6354 0 35.6354 0 35.6354 0 35.6354 0 35.6354 0 35.6354 0 35.6354 0 35.6354 0 35.6354 0 35.6354 0 35.6354 0 35.6354 0 35.6354 0 35.6354 0 35.6354 0 35.6354 0 35.6354 0 35.6354 0 35.6354 0 35.6354 0 35.6354 0 35.6354 0 35.6354 0 35.6354 0 35.6354 0 35.6354 0 35.6354 0 35.6354 0 35.6354 0 35.6354 0 35.6354 0 35.6354 0 35.6354 0 35.6354 0 35.6354 0 35.6354 0 35.6354 0 35.6354 0 35.6354 0 35.6354 0 35.6354 0 35.6354 0 35.6354 0 35.6354 0 35.6354 0 35.6354 0 35.6354 0 35.6354 0 35.6354 0 35.6354 0 35.6354 0 35.6354 0 35.6354 0 35.6354 0 35.6354 0 35.6354 0 35.6354 0 35.6354 0 35.6354 0 35.6354 0 35.6354 0 35.6354 0 35.6354 0 35.6354 0 35.6354 0 35.6354 0 35.6354 0 35.6354 0 35.6354 0 35.6354 0 35.6354 0 35.6354 0 35.6354 0 35.6354 0 35.6354 0 35.6354 0 35.6354 0 35.6354 0 35.6354 0 35.6354 0 35.6354 0 35.6354 0 35.6354 0 35.6354 0 35.6354 0 35.6354 0 35.6354 0 35.6354 0 35.6354 0 35.6354 0 35.6354 0 35.6354 0 35.6354 0 35.6354 0 35.6354 0 35.6354 0 35.6354 0 35.6354 0 35.6354 0 35.6354 0 35.6354 0 35.6354 0 35.6354 0 35.6354 0 35.6354 0 35.6354 0 35.6354 0 35.6354 0 35.6354 0 35.6354 0 35.6354 0 35.6354 0 35.6354 0 35.6354 0 35.6354 0 35.6354 0 35.6354 0 35.6354 0 35.6354 0 35.6354 0 35.6354 0 35.6354 0 35.6354 0 35.6354 0 35.6354 0 35.6354 0 35.6354 0 35.6354 0 35.6354 0 35.6354 0 35.6354 0 35.6354 0 35.6354 0 35.6354 0 35.6354 0 35.6354 0 35.6354 0 35.6354 0 35.6354 0 35.6354 0 35.6354 0 35.6354 0 35.6354 0 35.6354 0 35.6354 0 35.6354 0 35.6354 0 35.6354 0 35.6354 0 35.6354 0 35.6354 0 35.6354 0 35.6354 0 35.6354 0 35.6354 0 35.6354 0 35.6354 0 35.6354 0 35.6354 0 35.6354 0 35.6354 0 35.6354 0 35.6354 0 35.6354 0 35.6354 0 35.6354 0 35.6354 0 35.6354 0 35.6354 0 35.6354 0 35.6354 0 35.6354 0 35.6354 0 35.6354 0 35.6354 0 35.6354 0 35.6354 0 35.6354 0 35.6354 0 35.6354 0 35.6354 0 35.6354 0 35.6354 0 35.6354 0 35.6354 0 35.6354 0 35.6354 0 35.6354 0 35.6354 0 35.6354 0 35.6354 0 35.6354 0 35.6354 0 35.6354 0 35.6354 0 35.6354 0 35.6354 0 35.6354 0 35.6354 0 35.6354 0 35.6354 0 35.6354 0 35.6354 0 35.6354 0 35.6354 0 35.6354 0 35.6354 0 35.6354 0 35.6354 0 35.6354 0 35.6354 0 35.6354 0 35.6354 0 35.6354 0 35.6354 0 35.6354 0 35.6354 0 35.6354 0 35.6354 0 35.6354 0 35.6354 0 35.6354 0 35.6354 0 35.6354 0 35.6354 0 35.6354 0 35.6354 0 35.6354 0 35.6354 0 35.6354 0 35.6354 0 35.6354 0 35.6354 0 35.6354 0 35.6354 0 35.6354 0 35.6354 0 35.6354 0 35.6354 0 35.6354 0 35.6354 0 35.6354 0 35.6354 0 35.6354 0 35.6354 0 35.6354 0 35.6354 0 35.6354 0 35.6354 0 35.6354 0 35.6354 0 35.6354 0 35.6354 0 35.6354 0 35.6354 0 35.6354 0 35.6354 0 35.6354 0 35.6354 0 35.6354 0 35.6354 0 35.6354 0 35.6354 0 35.6354 0 35.6354 0 35.6354 0 35.6354 0 35.6354 0 35.6354 0 35.6354 0 35.6354 0 35.6354 0 35.6354 0 35.6354 0 35.6354 0 35.6354 0 35.6354 0 35.6354 0 35.6354 0 35.6354 0 35.6354 0 35.6354 0 35.6354 0 35.6354 0 35.6354 0 35.6354 0 35.6354 0 35.6354 0 35.6354 0 35.6354 0 35.6354 0 35.6354 0 35.6354 0 35.6354 0 35.6354 0 35.6354 0 35.6354 0 35.6354 0 35.6354 0 35.6354 0 35.6354 0 35.6354 0 35.6354 0 35.6354 0 35.6354 0 35.6354 0 35.6354 0 35.6354 0 35.6354 0 35.6354 0 35.6354 0 35.6354 0 35.6354 0 35.6354 0 35.6354 0 35.6354 0 35.6354 0 35.6354 0 35.6354 0 35.6354 0 35.6354 0 35.6354 0 35.6354 0 35.6354 0 35.6354 0 35.6354 0 35.6354 0 35.6354 0 35.6354 0 35.6354 0 35.6354 0 35.6354 0 35.6354 0 35.6354 0 35.6354 0 35.6354 0 35.6354 0 35.6354 0 35.6354 0 35.6354 0 35.6354 0 35.6354 0 35.6354 0 35.6354 0 35.6354 0 35.6354 0 35.6354 0 35.6354 0 35.6354 0 35.6354 0 35.6354 0 35.6354 0 35.6354 0 35.6354 0 35.6354 0 35.6354 0 35.6354 0 35.6354 0 35.6354 0 35.6354 0 35.6354 0 35.6354 0 35.6354 0 35.6354 0 35.6354 0 35.6354 0 35.6354 0 35.6354 0 35.6354 0 35.6354 0 35.6354 0 35.6354 0 35.6354 0 35.6354 0 35.6354 0 35.6354 0 35.6354 0 35.6354 0 35.6354 0 35.6354 0 35.6354 0 35.6354 0 35.6354 0 35.6354 0 35.6354 0 35.6354 0 35.6354 0 35.6354 0 35.6354 0 35.6354 0 35.6354 0 35.6354 0 35.6354 0 35.6354 0 35.6354 0 35.6354 0 35.6354 0 35.6354 0 35.6354 0 35.6354 0 35.6354 0 35.6354 0 35.6354 0 35.6354 0 35.6354 0 35.6354 0 35.6354 0 35.6354 0 35.6354 0 35.6354 0 35.6354 0 35.6354 0 35.6354 0 35.6354 0 35.6354 0 35.6354 0 35.6354 0 35.6354 0 35.6354 0 35.6354 0 35.6354 0 35.6354 0 35.6354 0 35.6354 0 35.6354 0 35.6354 0 35.6354 0 35.6354 0 35.6354 0 35.6354 0 35.6354 0 35.6354 0 35.6354 0 35.6354 0 35.6354 0 35.6354 0 35.6354 0 35.6354 0 35.6354 0 35.6354 0 35.6354 0 35.6354 0 35.6354 0 35.6354 0 35.6354 0 35.6354 0 35.6354 0 35.6354 0 35.6354 0 35.6354 0 35.6354 0 35.6354 0 35.6354 0 35.6354 0 35.6354 0 35.6354 0 35.6354 0 35.6354 0 35.6354 0 35.6354 0 35.6354 0 35.6354 0 35.6354 0 35.6354 0 35.6354 0 35.6354 0 35.6354 0 35.6354 0 35.6354 0 35.6354 0 35.6354 0 35.6354 0 35.6354 0 35.6354 0 35.6354 0 35.6354 0 35.6354 0 35.6354 0 35.6354 0 35.6354 0 35.6354 0 35.6354 0 35.6354 0 35.6354 0 35.6354 0 35.6354 0 35.6354 0 35.6354 0 35.6354 0 35.6354 0 35.6354 0 35.6354 0 35.6354 0 35.6354 0 35.6354 0 35.6354 0 35.6354 0 35.6354 0 35.6354 0 35.6354 0 35.6354 0 35.6354 0 35.6354 0 35.6354 0 35.6354 0 35.6354 0 35.6354 0 35.6354 0 35.6354 0 35.6354 0 35.6354 0 35.6354 0 35.6354 0 35.6354 0 35.6354 0 35.6354 0 35.6354 0 35.6354 0 35.6354 0 35.6354 0 35.6354 0 35.6354 0 35.6354 0 35.6354 0 35.6354 0 35.6354 0 35.6354 0 35.6354 0 35.6354 0 35.6354 0 35.6354 0 35.6354 0 35.6354 0 35.6354 0 35.6354 0 35.6354 0 35.6354 0 35.6354 0 35.6354 0 35.6354 0 35.6354 0 35.6354 0 35.6354 0 35.6354 0 35.6354 0 35.6354 0 35.6354 0 35.6354 0 35.6354 0 35.6354 0 35.6354 0 35.6354 0 35.6354 0 35.6354 0 35.6354 0 35.6354 0 35.6354 0 35.6354 0 35.6354 0 35.6354 0 35.6354 0 35.6354 0 35.6354 0 35.6354 0 35.6354 0 35.6354 0 35.6354 0 35.6354 0 35.6354 0 35.6354 0 35.6354 0 35.6354 0 35.6354 0 35.6354 0 35.6354 0 35.6354 0 35.6354 0 35.6354 0 35.6354 0 35.6354 0 35.6354 0 35.6354 0 35.6354 0 35.6354 0 35.6354 0 35.6354 0 35.6354 0 35.6354 0 35.6354 0 35.6354 0 35.6354 0 35.6354 0 35.6354 0 35.6354 0 35.6354 0 35.6354 0 35.6354 0 35.6354 0 35.6354 0 35.6354 0 35.6354 0 35.6354 0 35.6354 0 35.6354 0 35.6354 0 35.6354 0 35.6354 0 35.6354 0 35.6354 0 35.6354 0 35.6354 0 35.6354 0 35.6354 0 35.6354 0 35.6354 0 35.6354 0 35.6354 0 35.6354 0 35.6354 0 35.6354 0 35.6354 0 35.6354 0 35.6354 0 35.6354 0 35.6354 0 35.6354 0 35.6354 0 35.6354 0 35.6354 0 35.6354 0 35.6354 0 35.6354 0 35.6354 0 35.6354 0 35.6354 0 35.6354 0 35.6354 0 35.6354 0 35.6354 0 35.6354 0 35.6354 0 35.6354 0 35.6354 0 35.6354 0 35.6354 0 35.6354 0 35.6354 0 35.6354 0 35.6354 0 35.6354 0 35.6354 0 35.6354 0 35.6354 0 35.6354 0 35.6354 0 35.6354 0 35.6354 0 35.6354 0 35.6354 0 35.6354 0 35.6354 0 35.6354 0 35.6354 0 35.6354 0 35.6354 0 35.6354 0 35.6354 0 35.6354 0 35.6354 0 35.6354 0 35.6354 0 35.6354 0 35.6354 0 35.6354 0 35.6354 0 35.6354 0 35.6354 0 35.6354 0 35.6354 0 35.6354 0 35.6354 0 35.6354 0 35.6354 0 35.6354 0 35.6354 0 35.6354 0 35.6354 0 35.6354 0 35.6354 0 35.6354 0 35.6354 0 35.6354 0 35.6354 0 35.6354 0 35.6354 0 35.6354 0 35.6354 0 35.6354 0 35.6354 0 35.6354 0 35.6354 0 35.6354 0 35.6354 0 35.6354 0 35.6354 0 35.6354 0 35.6354 0 35.6354 0 35.6354 0 35.6354 0 35.6354 0 35.6354 0 35.6354 0 35.6354 0 35.6354 0 35.6354 0 35.6354 0 35.6354 0 35.6354 0 35.6354 0 35.6354 0 35.6354 0 35.6354 0 35.6354 0 35.6354 0 35.6354 0 35.6354 0 35.6354 0 35.6354 0 35.6354 0 35.6354 0 35.6354 0 35.6354 0 35.6354 0 35.6354 0 35.6354 0 35.6354 0 35.6354 0 35.6354 0 35.6354 0 35.6354 0 35.6354 0 35.6354 0 35.6354 0 35.6354 0 35.6354 0 35.6354 0 35.6354 0 35.6354 0 35.6354 0 35.6354 0 35.6354 0 35.6354 0 35.6354 0 35.6354 0 35.6354 0 35.6354 0 35.6354 0 35.6354 0 35.6354 0 35.6354 0 35.6354 0 35.6354 0 35.6354 0 35.6354 0 35.6354 0 35.6354 0 35.6354 0 35.6354 0 35.6354 0 35.6354 0 35.6354 0 35.6354 0 35.6354 0 35.6354 0 35.6354 0 35.6354 0 35.6354 0 35.6354 0 35.6354 0 35.6354 0 35.6354 0 35.6354 0 35.6354 0 35.6354 0 35.6354 0 35.6354 0 35.6354 0 35.6354 0 35.6354 0 35.6354 0 35.6354 0 35.6354 0 35.6354 0 35.6354 0 35.6354 0 35.6354 0 35.6354 0 35.6354 0 35.6354 0 35.6354 0 35.6354 0 35.6354 0 35.6354 0 35.6354 0 35.6354 0 35.6354 0 35.6354 0 35.6354 0 35.6354 0 35.6354 0 35.6354 0 35.6354 0 35.6354 0 35.6354 0 35.6354 0 35.6354 0 35.6354 0 35.6354 0 35.6354 0 35.6354 0 35.6354 0 35.6354 0 35.6354 0 35.6354 0 35.6354 0 35.6354 0 35.6354 0 35.6354 0 35.6354 0 35.6354 0 35.6354 0 35.6354 0 35.6354 0 35.6354 0 35.6354 0 35.6354 0 35.6354 0 35.6354 0 35.6354 0 35.6354 0 35.6354 0 35.6354 0 35.6354 0 35.6354 0 35.6354 0 35.6354 0 35.6354 0 35.6354 0 35.6354 0 35.6354 0 35.6354 0 35.6354 0 35.6354 0 35.6354 0 35.6354 0 35.6354 0 35.6354 0 35.6354 0 35.6354 0 35.6354 0 35.6354 0 35.6354 0 35.6354 0 35.6354 0 35.6354 0 35.6354 0 35.6354 0 35.6354 0 35.6354 0 0 0 0 0 0 0 0 0 0 0 0 0 0 0 0 0 0 0 0 0 0 0 0 0 0 0 0 0 0 0 0 
</DataArray>
</CellData>
</Piece>
</UnstructuredGrid>
</VTKFile>
