<VTKFile type="UnstructuredGrid" version="0.1">
<UnstructuredGrid>
<Piece  NumberOfPoints="    2080" NumberOfCells="     514">
<Points>
<DataArray type="Float64" NumberOfComponents="3" format="ascii">
-232.837 451.849 1.29877
-233.352 456.926 27.0197
-210.625 453.969 29.0329
-210.074 448.472 1.2971
-233.468 458.056 29.7655
-234.934 472.508 51.5987
-212.354 470.727 55.2836
-210.74 455.099 31.7786
-235.139 474.597 53.7019
-237.199 496.28 68.3103
-214.812 496.2 73.0908
-212.56 472.816 57.3868
-237.449 499.013 69.4493
-239.692 524.637 74.5734
-217.47 526.533 79.7494
-215.062 498.933 74.2298
-239.941 527.597 74.5725
-242.015 553.23 69.4226
-219.94 557.107 74.2272
-217.719 529.493 79.7485
-242.229 555.965 68.2825
-243.878 577.677 53.6667
-221.923 583.25 57.3641
-220.155 559.841 73.087
-244.033 579.769 51.5625
-245.077 594.257 29.7291
-223.189 600.982 31.7424
-222.077 585.342 55.2599
-245.156 595.388 26.9822
-245.495 600.462 1.25633
-223.622 607.603 1.25738
-223.268 602.113 28.9956
-245.491 600.461 -1.71571
-245.108 595.362 -27.4357
-223.192 602.094 -29.4501
-223.619 607.602 -1.71467
-245.026 594.228 -30.1812
-243.977 579.726 -52.0042
-221.999 585.296 -55.7036
-223.109 600.961 -32.1956
-243.824 577.633 -54.107
-242.197 555.912 -68.7124
-220.123 559.778 -73.5135
-221.846 583.203 -57.8064
-241.986 553.177 -69.8515
-239.934 527.54 -74.9886
-217.71 529.424 -80.1663
-219.912 557.042 -74.6526
-239.688 524.579 -74.9883
-237.47 498.955 -69.8521
-215.078 498.865 -74.6392
-217.464 526.464 -80.166
-237.224 496.223 -68.7122
-235.192 474.542 -54.0949
-212.636 472.755 -57.7792
-214.833 496.132 -73.4992
-234.989 472.454 -51.9903
-233.522 458.016 -30.1472
-210.828 455.065 -32.1595
-212.433 470.668 -55.6746
-233.404 456.889 -27.4001
-232.841 451.847 -1.67292
-210.078 448.47 -1.6746
-210.709 453.938 -29.4123
-207.376 448.336 1.36687
-207.927 453.833 29.1027
-181.819 454.552 29.6763
-181.187 448.927 1.3663
-209.667 470.647 55.4833
-183.7 471.718 56.5322
-181.946 455.739 32.552
-208.053 455.019 31.9784
-212.141 496.224 73.3884
-186.291 497.811 74.7492
-183.922 473.91 58.7332
-209.888 472.839 57.6843
-214.813 526.688 80.0994
-189.026 528.882 81.5693
-186.555 500.675 75.9407
-212.405 499.088 74.5798
-217.294 557.404 74.578
-191.5 560.213 75.9449
-189.285 531.985 81.5692
-215.072 529.791 80.0993
-219.282 583.68 57.6627
-193.447 587.021 58.7186
-191.72 563.08 74.7526
-217.514 560.271 73.3856
-220.553 601.513 31.9433
-194.706 605.21 32.5196
-193.606 589.214 56.5166
-219.441 585.873 55.4608
-220.989 608.19 1.32893
-195.176 612.009 1.32904
-194.789 606.396 29.6434
-220.635 602.7 29.0671
-220.559 602.681 -29.5207
-194.749 606.37 -30.0968
-195.173 612.008 -1.78511
-220.986 608.189 -1.78522
-219.363 585.827 -55.9048
-193.56 589.162 -56.9629
-194.664 605.181 -32.973
-220.474 601.492 -32.3968
-217.483 560.206 -73.8127
-191.694 563.014 -75.1849
-193.403 586.967 -59.1637
-219.206 583.631 -58.1056
-215.064 529.721 -80.5172
-189.275 531.914 -81.9884
-191.476 560.147 -76.3758
-217.266 557.339 -75.0035
-212.421 499.019 -74.9894
-186.565 500.606 -76.347
-189.018 528.811 -81.9873
-214.807 526.618 -80.5162
-209.964 472.778 -58.0764
-183.964 473.848 -59.125
-186.305 497.742 -75.1541
-212.161 496.154 -73.7964
-208.14 454.985 -32.3591
-181.996 455.703 -32.9347
-183.745 471.659 -56.9229
-209.745 470.588 -55.8742
-208.011 453.802 -29.4833
-207.379 448.334 -1.74555
-181.19 448.925 -1.74613
-181.866 454.52 -30.059
-178.259 449.065 1.38657
-178.892 454.691 29.6966
-152.317 456.547 29.8809
-151.553 450.889 1.38944
-179.035 455.893 32.6094
-180.79 471.872 56.5896
-154.473 473.824 56.9172
-152.46 457.749 32.7938
-181.031 474.095 58.8195
-183.401 497.996 74.8355
-157.282 500.097 75.2473
-154.715 476.046 59.1471
-183.677 500.902 76.042
-186.147 529.108 81.6706
-160.06 531.391 82.0929
-157.557 503.003 76.4538
-186.406 532.255 81.6693
-188.621 560.484 76.045
-162.428 562.942 76.4099
-160.318 534.538 82.0915
-188.833 563.391 74.8363
-190.559 587.332 58.8023
-164.21 589.932 59.0645
-162.64 565.849 75.2011
-190.71 589.556 56.5721
-191.81 605.552 32.5751
-165.37 608.244 32.7086
-164.36 592.156 56.8342
-191.892 606.755 29.6634
-192.28 612.368 1.34903
-165.898 615.099 1.34541
-165.452 609.447 29.7969
-192.279 612.366 -1.80556
-191.855 606.728 -30.1173
-165.447 609.419 -30.258
-165.897 615.097 -1.80918
-191.772 605.522 -33.0288
-190.668 589.504 -57.0187
-164.347 592.106 -57.2864
-165.364 608.214 -33.1695
-190.517 587.278 -59.2479
-188.808 563.326 -75.2691
-162.622 565.788 -75.6377
-164.197 589.88 -59.5156
-188.597 560.418 -76.4761
-186.396 532.185 -82.0887
-160.305 534.473 -82.5113
-162.411 562.88 -76.8447
-186.139 529.038 -82.0886
-183.686 500.833 -76.4483
-157.553 502.94 -76.857
-160.048 531.326 -82.5111
-183.412 497.927 -75.2401
-181.071 474.034 -59.2111
-154.723 475.992 -59.5342
-157.279 500.034 -75.6489
-180.831 471.813 -56.9802
-179.082 455.857 -32.992
-152.479 457.718 -33.1713
-154.482 473.772 -57.3033
-178.937 454.658 -30.0789
-178.261 449.064 -1.76604
-151.555 450.887 -1.76316
-152.335 456.519 -30.2582
-148.67 451.067 1.40414
-149.434 456.725 29.8956
-123.972 458.08 29.985
-123.559 452.382 1.40695
-149.552 457.944 32.8303
-151.565 474.018 56.9537
-125.114 475.492 57.1238
-124.089 459.299 32.9197
-151.754 476.263 59.1908
-154.32 500.314 75.291
-126.491 501.954 75.5067
-125.303 477.738 59.3609
-154.521 503.241 76.493
-157.024 531.63 82.1321
-127.671 533.428 82.3432
-126.692 504.881 76.7087
-157.197 534.791 82.1203
-159.307 563.194 76.4387
-128.495 565.109 76.6068
-127.844 536.589 82.3314
-159.437 566.109 75.2187
-161.007 590.192 59.082
-128.994 592.181 59.1932
-128.625 568.024 75.3869
-161.094 592.42 56.8418
-162.104 608.508 32.7161
-129.257 610.545 32.7679
-129.08 594.409 56.953
-162.151 609.712 29.7966
-162.597 615.364 1.34507
-129.392 617.424 1.34325
-129.305 611.75 29.8484
-162.597 615.363 -1.80986
-162.147 609.685 -30.2586
-129.304 611.726 -30.3137
-129.392 617.423 -1.81168
-162.099 608.478 -33.1775
-161.083 592.371 -57.2944
-129.072 594.365 -57.4067
-129.256 610.519 -33.2326
-160.996 590.141 -59.5333
-159.42 566.049 -75.6554
-128.61 567.969 -75.8235
-128.985 592.136 -59.6455
-159.29 563.133 -76.8736
-157.184 534.726 -82.5401
-127.827 536.529 -82.7492
-128.48 565.053 -77.0417
-157.011 531.565 -82.55
-154.517 503.179 -76.896
-126.678 504.825 -77.108
-127.655 533.368 -82.7592
-154.316 500.253 -75.6923
-151.759 476.211 -59.5776
-125.29 477.692 -59.7433
-126.478 501.899 -75.9042
-151.571 473.967 -57.3392
-149.568 457.913 -33.2072
-124.082 459.272 -33.2915
-125.101 475.448 -57.505
-149.45 456.697 -30.2722
-148.67 451.065 -1.77722
-123.559 452.381 -1.77442
-123.964 458.056 -30.3566
-120.76 452.459 1.41025
-121.173 458.157 29.9883
-95.8911 458.217 30.0032
-95.8442 452.505 1.41415
-121.215 459.382 32.9284
-122.239 475.575 57.1325
-95.9394 475.671 57.159
-95.9328 459.442 32.9433
-122.294 477.831 59.3737
-123.482 502.048 75.5195
-95.7541 502.181 75.5541
-95.9944 477.927 59.4001
-123.518 504.985 76.7227
-124.497 533.532 82.3571
-95.188 533.687 82.3938
-95.7906 505.118 76.7573
-124.502 536.701 82.3437
-125.153 565.222 76.6191
-94.3257 565.379 76.6512
-95.1923 536.856 82.3803
-125.132 568.142 75.3956
-125.501 592.298 59.2019
-93.4118 592.44 59.2228
-94.3051 568.299 75.4277
-125.473 594.528 56.9582
-125.65 610.664 32.7731
-92.711 610.787 32.7824
-93.3835 594.669 56.979
-125.632 611.87 29.8504
-125.719 617.544 1.34531
-92.4529 617.665 1.34617
-92.6931 611.993 29.8597
-125.719 617.543 -1.81382
-125.631 611.847 -30.3159
-92.6938 611.971 -30.3221
-92.4529 617.663 -1.81296
-125.648 610.639 -33.2377
-125.465 594.485 -57.4118
-93.3778 594.63 -57.4279
-92.7114 610.763 -33.2439
-125.493 592.253 -59.6541
-125.117 568.087 -75.8321
-94.29 568.248 -75.8595
-93.4053 592.399 -59.6702
-125.137 565.166 -77.0537
-124.485 536.643 -82.7612
-95.1725 536.801 -82.7926
-94.31 565.327 -77.0811
-124.481 533.473 -82.7727
-123.504 504.93 -77.1215
-95.7687 505.066 -77.1503
-95.1681 533.631 -82.8041
-123.468 501.993 -75.9165
-122.28 477.786 -59.7556
-95.9676 477.885 -59.7764
-95.732 502.129 -75.9453
-122.225 475.532 -57.5131
-121.205 459.356 -33.2997
-95.9105 459.417 -33.3072
-95.9127 475.63 -57.5339
-121.165 458.133 -30.359
-120.759 452.458 -1.77684
-95.8434 452.504 -1.77295
-95.87 458.194 -30.3666
-93.0649 452.435 1.41482
-93.1119 458.146 30.0039
-68.0042 456.822 30.0078
-68.316 451.116 1.4197
-93.0768 459.372 32.9444
-93.0835 475.601 57.1601
-66.9712 474.25 57.1596
-67.9691 458.047 32.9483
-93.0022 477.857 59.4018
-92.7618 502.11 75.5558
-65.2098 500.703 75.5515
-66.8899 476.505 59.4014
-92.6296 505.046 76.7592
-92.0269 533.615 82.3957
-62.8545 532.124 82.3932
-65.0775 503.638 76.7549
-91.8567 536.78 82.3821
-90.99 565.303 76.6529
-60.2512 563.717 76.6555
-62.6843 535.289 82.3796
-90.8129 568.217 75.4291
-89.9196 592.358 59.2241
-57.877 590.683 59.2292
-60.074 566.631 75.4317
-89.7727 594.582 56.9798
-89.1003 610.699 32.7832
-56.1915 608.957 32.7862
-57.7302 592.907 56.9849
-89.0171 611.902 29.8603
-88.777 617.574 1.34677
-55.5531 615.81 1.34992
-56.1083 610.16 29.8632
-88.7771 617.573 -1.81305
-89.0179 611.881 -30.3222
-56.1104 610.14 -30.3178
-55.5532 615.809 -1.8099
-89.1009 610.676 -33.2441
-89.7673 594.543 -57.4281
-57.7258 592.87 -57.4237
-56.1933 608.935 -33.2397
-89.9132 592.317 -59.6708
-90.7978 568.166 -75.8601
-60.0581 566.583 -75.8536
-57.8717 590.645 -59.6663
-90.9742 565.251 -77.0821
-91.8367 536.725 -82.7936
-62.6609 535.236 -82.7824
-60.2345 563.668 -77.0756
-92.0064 533.559 -82.8052
-92.607 504.994 -77.1515
-65.0486 503.588 -77.139
-62.8307 532.07 -82.7941
-92.7387 502.059 -75.9463
-92.9744 477.815 -59.7774
-66.8533 476.464 -59.7694
-65.1804 500.653 -75.9338
-93.0556 475.56 -57.5342
-93.0534 459.347 -33.3076
-67.9383 458.021 -33.3022
-66.9345 474.21 -57.5262
-93.0902 458.124 -30.3662
-93.0636 452.433 -1.77259
-68.3146 451.115 -1.76771
-67.9751 456.798 -30.3608
-65.5586 450.891 1.42016
-65.2468 456.597 30.0083
-40.3666 453.867 30.012
-41.0313 448.188 1.42637
-65.136 457.818 32.9484
-64.1382 474.021 57.1597
-38.2654 471.202 57.1563
-40.2558 455.088 32.9521
-63.9208 476.268 59.401
-62.2407 500.465 75.5511
-34.9277 497.501 75.5415
-38.0481 473.449 59.3976
-61.9376 503.388 76.7543
-59.7145 531.874 82.3925
-30.7592 528.725 82.3838
-34.6245 500.424 76.7447
-59.3658 535.024 82.3791
-56.9328 563.452 76.6551
-26.3785 560.114 76.653
-30.4105 531.875 82.3704
-56.5948 566.351 75.4317
-54.3978 590.402 59.2292
-22.5117 586.898 59.2329
-26.0406 563.013 75.4296
-54.1297 592.614 56.9851
-52.591 608.665 32.7864
-19.8241 605.046 32.7897
-22.2435 589.11 56.9889
-52.4422 609.86 29.8636
-51.887 615.511 1.35034
-18.8082 611.851 1.35512
-19.6753 606.241 29.867
-51.8871 615.51 -1.80938
-52.4444 609.84 -30.3173
-19.6785 606.222 -30.31
-18.8083 611.85 -1.80459
-52.593 608.643 -33.2388
-54.1254 592.578 -57.4227
-22.2398 589.077 -57.4133
-19.8271 605.025 -33.2316
-54.3925 590.365 -59.6651
-56.5789 566.303 -75.8524
-26.0236 562.966 -75.8378
-22.5069 586.863 -59.6557
-56.9158 563.403 -77.0741
-59.3423 534.971 -82.7808
-30.3833 531.823 -82.7605
-26.3605 560.066 -77.0595
-59.6902 531.82 -82.7924
-61.9082 503.338 -77.1373
-34.5891 500.373 -77.117
-30.7312 528.673 -82.772
-62.2106 500.415 -75.9325
-63.8835 476.227 -59.768
-38.0044 473.407 -59.7552
-34.8915 497.451 -75.9122
-64.1007 473.981 -57.5252
-65.1045 457.792 -33.3012
-40.2198 455.059 -33.2933
-38.2216 471.161 -57.5123
-65.2174 456.573 -30.3601
-65.5569 450.89 -1.76694
-41.0296 448.186 -1.76072
-40.3326 453.84 -30.3522
-38.3026 447.808 1.42697
-37.6378 453.487 30.0126
-13.0513 449.343 30.0177
-14.0638 443.712 1.43444
-37.4524 454.699 32.9522
-35.4619 470.814 57.1564
-9.89447 466.52 57.1544
-12.8658 450.555 32.9572
-35.1094 473.044 59.3971
-31.9889 497.095 75.5409
-4.9852 492.567 75.5325
-9.5419 468.751 59.395
-31.5141 499.995 76.7438
-27.6488 528.296 82.3829
1.00631 523.484 82.3749
-4.51034 495.467 76.7354
-27.1194 531.42 82.3698
-23.0873 559.659 76.6524
7.18433 554.56 76.6507
1.53575 526.609 82.3618
-22.586 562.533 75.4295
-19.0571 586.418 59.2328
12.5634 581.075 59.2375
7.68566 557.434 75.4278
-18.6658 588.611 56.9891
-16.2463 604.547 32.79
16.265 599.037 32.7947
12.9547 583.267 56.9938
-16.0313 605.732 29.8675
-15.1642 611.341 1.35561
17.6592 605.772 1.36166
16.48 600.222 29.8722
-15.1644 611.34 -1.80382
-16.0346 605.712 -30.3093
16.4758 600.203 -30.3008
17.6589 605.771 -1.79776
-16.2494 604.525 -33.2304
-18.6621 588.577 -57.4121
12.9583 583.236 -57.4008
16.261 599.016 -33.2219
-19.0523 586.384 -59.654
-22.569 562.486 -75.8361
7.70393 557.389 -75.8192
12.5682 581.042 -59.6427
-23.069 559.611 -77.0573
-27.0918 531.368 -82.7583
1.5659 526.557 -82.7362
7.20386 554.514 -77.0404
-27.6203 528.244 -82.7697
-31.4782 499.944 -77.1148
-4.47049 495.416 -77.0935
1.03746 523.433 -82.7476
-31.9522 497.045 -75.9103
-35.0651 473.001 -59.7533
-9.49315 468.706 -59.7398
-4.94447 492.517 -75.889
-35.4176 470.772 -57.5111
-37.4158 454.67 -33.2921
-12.8266 450.523 -33.2832
-9.84572 466.477 -57.4976
-37.6037 453.46 -30.3513
-38.3007 447.806 -1.75982
-14.062 443.711 -1.75235
-13.0144 449.312 -30.3424
-11.3714 443.177 1.43519
-10.3588 448.807 30.0184
13.8634 443.25 30.0244
12.5078 437.69 1.44369
-10.0996 450.006 32.9574
-7.12826 465.972 57.1546
18.0615 460.206 57.1539
14.1226 444.449 32.9635
-6.64148 468.176 59.3946
-2.08479 491.993 75.5321
24.531 485.905 75.5252
18.5482 462.411 59.394
-1.43838 494.859 76.7346
4.07827 522.876 82.3742
32.3436 516.404 82.3674
25.1774 488.771 76.7277
4.78929 525.963 82.3612
10.4379 553.914 76.6501
40.3252 547.056 76.649
33.0546 519.491 82.3544
11.1039 556.754 75.4278
15.9817 580.395 59.2375
47.2258 573.209 59.2428
40.9912 549.896 75.4267
16.4972 582.56 56.9942
19.8075 598.33 32.795
51.9477 590.925 32.8006
47.7414 575.375 56.9995
20.0892 599.501 29.8727
21.2683 605.051 1.36225
53.7212 597.567 1.36934
52.2294 592.096 29.8783
21.268 605.05 -1.79684
20.0849 599.482 -30.2998
52.2244 592.077 -30.2902
53.721 597.566 -1.78975
19.8035 598.31 -33.2205
16.5008 582.529 -57.3994
47.7452 575.346 -57.3866
51.9429 590.905 -33.2108
15.9865 580.362 -59.6408
11.1222 556.709 -75.8174
41.011 549.852 -75.7989
47.2309 573.179 -59.628
10.4576 553.869 -77.0381
4.81966 525.912 -82.7338
33.0876 519.44 -82.7109
40.3463 547.012 -77.0196
4.10976 522.824 -82.7452
-1.39819 494.808 -77.0911
25.2207 488.72 -77.0694
32.3777 516.353 -82.7222
-2.04366 491.943 -75.8872
-6.59234 468.132 -59.7379
18.6004 462.365 -59.724
24.5753 485.855 -75.8655
-7.07919 465.928 -57.4963
-10.06 449.973 -33.2819
14.1635 444.413 -33.2721
18.1135 460.161 -57.4823
-10.3218 448.777 -30.3415
-11.3694 443.175 -1.75136
12.5098 437.688 -1.74286
13.9017 443.216 -30.3317
15.156 436.999 1.44458
16.5117 442.559 30.0253
40.2977 435.599 30.0326
38.6034 430.13 1.45394
16.8435 443.741 32.9639
20.7824 459.497 57.1543
45.5192 452.269 57.1559
40.6296 436.78 32.9712
21.4017 461.668 59.3937
27.3845 485.163 75.5249
53.528 477.526 75.5212
46.1385 454.44 59.3953
28.2013 487.984 76.7272
35.3675 515.617 82.3668
63.1509 507.493 82.3631
54.3448 480.347 76.7234
36.2598 518.655 82.3541
43.5303 546.221 76.6486
72.9306 537.61 76.6497
64.0432 510.531 82.3503
44.3613 549.016 75.4268
50.5959 572.329 59.243
81.3518 563.306 59.2499
73.7615 540.405 75.428
51.236 574.461 57
55.4424 590.011 32.8011
87.0943 580.714 32.808
81.9919 565.438 57.0069
55.7908 591.163 29.879
57.2827 596.635 1.37005
89.2466 587.241 1.37802
87.4427 581.866 29.8859
57.2824 596.634 -1.78873
55.7858 591.145 -30.2891
87.4371 581.848 -30.2791
89.2463 587.24 -1.78075
55.4376 589.991 -33.2094
51.2398 574.432 -57.3851
81.9964 565.412 -57.3721
87.0889 580.695 -33.1993
50.6011 572.299 -59.6261
44.3811 548.973 -75.797
73.7826 540.363 -75.779
81.3576 563.279 -59.613
43.5517 546.177 -77.0173
36.2929 518.605 -82.7085
64.0782 510.481 -82.6868
72.9532 537.567 -76.9993
35.4018 515.566 -82.7198
28.2449 487.933 -77.0671
54.3907 480.295 -77.0469
63.1871 507.442 -82.6982
27.429 485.112 -75.8636
21.4541 461.622 -59.7221
46.1928 454.392 -59.7087
53.5748 477.474 -75.8435
20.8346 459.452 -57.481
16.8846 443.704 -33.2708
40.6709 436.74 -33.2606
45.5733 452.221 -57.4677
16.55 442.525 -30.3306
15.1581 436.997 -1.74181
38.6054 430.128 -1.73245
40.3363 435.561 -30.3204
41.1994 429.285 1.45493
42.8938 434.754 30.0336
66.1716 426.404 30.0418
64.1438 421.048 1.46496
43.2973 435.913 32.9718
48.1868 451.402 57.1565
72.4041 442.723 57.1597
66.5751 427.563 32.98
48.9369 453.531 59.3953
56.3264 476.617 75.5213
81.9321 467.441 75.5202
73.1541 444.852 59.3985
57.3116 479.383 76.7232
66.1177 506.528 82.3628
93.3397 496.765 82.3618
82.9174 470.207 76.7222
67.1897 509.507 82.3503
76.0771 536.586 76.6497
104.896 526.238 76.653
94.4117 499.744 82.3493
77.0717 539.326 75.4284
84.6619 562.228 59.2503
114.82 551.384 59.2587
105.89 528.978 75.4318
85.426 564.317 57.0076
90.5284 579.594 32.8088
121.574 568.421 32.8169
115.584 553.474 57.0159
90.9432 580.723 29.8867
92.7471 586.098 1.37885
124.103 574.809 1.38755
121.989 569.551 29.8949
92.7468 586.097 -1.77967
90.9376 580.705 -30.278
121.983 569.534 -30.2677
124.102 574.808 -1.77098
90.523 579.575 -33.1979
85.4305 564.291 -57.3707
115.59 553.45 -57.3577
121.568 568.403 -33.1876
84.6679 562.2 -59.6112
77.0929 539.285 -75.7772
105.913 528.938 -75.76
114.827 551.359 -59.5982
76.0998 536.544 -76.9971
67.2248 509.457 -82.6847
94.4483 499.695 -82.6644
104.92 526.196 -76.9799
66.1541 506.478 -82.6959
57.3577 479.331 -77.0447
82.965 470.155 -77.0259
93.3776 496.715 -82.6757
56.3734 476.565 -75.8417
48.9913 453.483 -59.707
73.2095 444.802 -59.694
81.9807 467.389 -75.8229
48.241 451.354 -57.4665
43.3386 435.873 -33.2594
66.6157 427.519 -33.2488
72.4592 442.673 -57.4535
42.9323 434.716 -30.3193
41.2014 429.283 -1.73134
64.1458 421.046 -1.72131
66.2094 426.362 -30.3087
66.6796 420.051 1.46603
68.7074 425.407 30.0429
91.404 415.688 30.0514
89.049 410.466 1.47656
69.1814 426.539 32.9807
75.0104 441.699 57.1604
98.6283 431.593 57.164
91.878 416.82 32.9893
75.889 443.778 59.3987
84.6671 466.367 75.5205
109.646 455.678 75.52
99.507 433.672 59.4023
85.818 469.068 76.7221
96.2403 495.626 82.3618
122.805 484.25 82.3614
110.797 458.379 76.7217
97.4891 498.534 82.3494
107.973 525.028 76.6532
136.106 512.969 76.6567
124.054 487.159 82.349
109.129 527.703 75.4323
118.059 550.109 59.2593
147.509 537.474 59.2678
137.262 515.644 75.4359
118.945 552.15 57.0168
124.935 567.097 32.8177
155.259 554.079 32.8263
148.395 539.515 57.0253
125.416 568.2 29.8958
127.529 573.458 1.38847
158.158 560.305 1.39777
155.739 555.182 29.9044
127.529 573.457 -1.76985
125.41 568.183 -30.2665
155.733 555.166 -30.2555
158.158 560.305 -1.76055
124.929 567.079 -33.1862
118.951 552.126 -57.3563
148.402 539.493 -57.3424
155.253 554.062 -33.1752
118.066 550.085 -59.5964
109.151 527.663 -75.7582
137.285 515.606 -75.7402
147.517 537.452 -59.5825
107.997 524.986 -76.9778
97.5259 498.485 -82.6623
124.092 487.11 -82.6415
136.131 512.93 -76.9598
96.2784 495.576 -82.6735
85.8658 469.015 -77.0237
110.846 458.326 -77.0045
122.844 484.201 -82.6527
84.7157 466.315 -75.8212
75.9446 443.728 -59.6923
99.5627 433.62 -59.6788
109.696 455.626 -75.8019
75.0655 441.649 -57.4522
69.222 426.495 -33.2475
91.9169 416.773 -33.2363
98.6836 431.541 -57.4387
68.7452 425.365 -30.3076
66.6816 420.049 -1.72015
89.051 410.464 -1.70961
91.4402 415.643 -30.2963
91.5166 409.32 1.47766
93.8716 414.542 30.0525
115.914 403.483 30.0615
113.24 398.415 1.48854
94.4145 415.642 32.99
101.165 430.415 57.1648
124.105 418.911 57.1691
116.457 404.584 32.999
102.169 432.436 59.4026
112.309 454.442 75.5203
136.576 442.272 75.5208
125.11 420.932 59.4069
113.622 457.067 76.7217
125.629 482.939 82.3614
151.444 469.986 82.3619
137.889 444.897 76.7222
127.051 485.766 82.3492
139.103 511.576 76.6569
166.449 497.844 76.661
152.865 472.813 82.3497
140.417 514.177 75.4366
150.664 536.007 59.2684
179.297 521.617 59.2773
167.763 500.444 75.4407
151.671 537.99 57.0262
158.534 552.555 32.8272
188.021 537.729 32.8364
180.303 523.601 57.0351
159.079 553.627 29.9054
161.498 558.751 1.39877
191.284 543.772 1.40855
188.566 538.801 29.9145
161.498 558.75 -1.75937
159.073 553.611 -30.2543
188.56 538.787 -30.2429
191.284 543.771 -1.74958
158.528 552.538 -33.1737
151.677 537.969 -57.3409
180.311 523.582 -57.3265
188.015 537.714 -33.1623
150.673 535.985 -59.5807
140.441 514.139 -75.7383
167.787 500.408 -75.72
179.307 521.597 -59.5663
139.129 511.537 -76.9576
127.089 485.718 -82.6393
152.904 472.765 -82.6186
166.475 497.806 -76.9393
125.669 482.89 -82.6505
113.67 457.015 -77.0023
137.938 444.845 -76.9831
151.484 469.937 -82.6298
112.358 454.39 -75.8001
102.225 432.384 -59.677
125.165 420.879 -59.6634
136.626 442.22 -75.781
101.22 430.363 -57.4373
94.4533 415.595 -33.235
116.493 404.533 -33.2235
124.16 418.858 -57.4237
93.9076 414.497 -30.2951
91.5185 409.317 -1.7084
113.241 398.413 -1.69753
115.948 403.435 -30.2837
115.631 397.123 1.48967
118.305 402.191 30.0627
139.621 389.825 30.0721
136.637 384.933 1.50075
118.915 403.256 32.9998
126.564 417.583 57.1699
148.75 404.718 57.175
140.231 390.891 33.0092
127.69 419.539 59.4073
139.157 440.879 75.5211
162.629 427.265 75.5227
149.876 406.673 59.4123
140.627 443.418 76.7223
154.182 468.507 82.362
179.154 454.016 82.3636
164.1 429.805 76.7239
155.772 471.242 82.35
169.355 496.273 76.6613
195.814 480.91 76.6662
180.744 456.751 82.3516
170.823 498.789 75.4414
182.358 519.962 59.278
210.066 503.864 59.2873
197.282 483.426 75.4462
183.48 521.881 57.0361
191.199 536.01 32.8373
219.738 519.424 32.847
211.189 505.783 57.0454
191.806 537.047 29.9155
194.525 542.018 1.4096
223.355 525.261 1.41974
220.346 520.462 29.9252
194.524 542.017 -1.74837
191.8 537.033 -30.2417
220.339 520.448 -30.23
223.354 525.26 -1.73823
191.193 535.994 -33.1608
183.488 521.862 -57.325
211.198 505.766 -57.3104
219.732 519.409 -33.1491
182.367 519.942 -59.5644
170.848 498.753 -75.7182
197.307 483.391 -75.7
210.077 503.846 -59.5498
169.382 496.235 -76.9371
155.811 471.194 -82.6165
180.784 456.704 -82.5964
195.841 480.874 -76.919
154.222 468.458 -82.6277
140.677 443.366 -76.981
164.149 429.752 -76.9625
179.195 453.968 -82.6076
139.207 440.826 -75.7792
127.746 419.485 -59.6616
149.93 406.618 -59.6482
162.679 427.213 -75.7607
126.618 417.53 -57.4224
118.951 403.205 -33.2222
140.264 390.838 -33.2107
148.803 404.663 -57.409
118.339 402.143 -30.2825
115.633 397.121 -1.69629
136.638 384.93 -1.68521
139.651 389.775 -30.271
138.944 383.498 1.5019
141.928 388.391 30.0732
162.446 374.759 30.0829
159.163 370.06 1.51306
142.603 389.417 33.0101
151.122 403.244 57.1758
172.478 389.058 57.1816
163.12 375.784 33.0197
152.367 405.126 59.4128
165.12 425.718 75.5232
187.716 410.706 75.526
173.723 390.94 59.4186
166.742 428.163 76.7242
181.797 452.374 82.3639
205.839 436.393 82.3667
189.339 413.15 76.7271
183.55 455.006 82.352
198.619 479.165 76.6666
224.094 462.224 76.6722
207.592 439.026 82.3548
200.236 481.588 75.447
213.02 502.026 59.2881
239.701 484.274 59.2977
225.711 464.646 75.4526
214.256 503.874 57.0464
222.805 517.515 32.848
250.288 499.226 32.8581
240.937 486.122 57.0561
223.474 518.514 29.9263
226.483 523.313 1.42085
254.247 504.836 1.43124
250.957 500.225 29.9363
226.483 523.313 -1.737
223.467 518.5 -30.2288
250.951 500.212 -30.2171
254.247 504.836 -1.72661
222.799 517.5 -33.1477
214.265 503.857 -57.3089
240.948 486.108 -57.2943
250.282 499.212 -33.1359
213.031 502.008 -59.548
200.261 481.553 -75.6982
225.737 464.613 -75.6805
239.713 484.258 -59.5334
198.646 479.129 -76.9169
183.589 454.96 -82.5943
207.631 438.981 -82.5751
224.122 462.189 -76.8991
181.837 452.326 -82.6055
166.791 428.11 -76.9604
189.387 413.098 -76.9428
205.879 436.347 -82.5863
165.169 425.665 -75.759
152.42 405.071 -59.6465
173.775 390.884 -59.6336
187.765 410.653 -75.7414
151.175 403.189 -57.4076
142.636 389.364 -33.2094
163.15 375.729 -33.198
172.53 389.002 -57.3947
141.958 388.341 -30.2698
138.945 383.496 -1.68397
159.165 370.057 -1.67281
162.473 374.707 -30.2584
161.379 368.488 1.51422
164.661 373.188 30.084
184.314 358.332 30.0939
180.746 353.845 1.52537
165.398 374.169 33.0206
174.756 387.443 57.1825
195.212 371.982 57.1891
185.051 359.313 33.0305
176.114 389.244 59.4191
190.107 409.01 75.5266
211.749 392.649 75.5308
196.57 373.783 59.4257
191.876 411.35 76.7275
208.376 434.593 82.3671
231.403 417.178 82.3713
213.518 394.989 76.7317
210.286 437.114 82.3554
226.788 460.312 76.6727
251.187 441.851 76.6792
233.313 419.699 82.3596
228.548 462.632 75.4535
242.538 482.26 59.2986
268.093 462.918 59.3086
252.947 444.171 75.46
243.883 484.03 57.0572
253.234 497.134 32.8592
279.558 477.208 32.8696
269.438 464.688 57.0672
253.962 498.091 29.9375
257.252 502.702 1.43239
283.846 482.571 1.44293
280.286 478.165 29.9479
257.252 502.702 -1.72538
253.955 498.078 -30.2159
280.279 478.153 -30.2043
283.845 482.571 -1.71484
253.228 497.12 -33.1345
243.894 484.016 -57.2929
269.45 464.675 -57.2786
279.552 477.195 -33.1229
242.551 482.244 -59.5316
228.574 462.599 -75.6787
252.974 444.139 -75.6617
268.107 462.904 -59.5173
226.816 460.277 -76.8972
210.325 437.069 -82.5731
233.352 419.655 -82.5551
251.216 441.817 -76.8802
208.417 434.547 -82.5843
191.925 411.298 -76.9408
213.566 394.937 -76.9244
231.443 417.133 -82.5663
190.156 408.958 -75.7398
176.166 389.188 -59.6319
196.62 373.727 -59.6196
211.797 392.597 -75.7234
174.807 387.387 -57.3934
165.428 374.114 -33.1967
185.077 359.256 -33.1855
195.261 371.925 -57.381
164.688 373.135 -30.2572
161.38 368.486 -1.67156
180.747 353.842 -1.66042
184.338 358.277 -30.246
182.862 352.141 1.52654
186.431 356.628 30.0951
205.154 340.597 30.1051
201.313 336.34 1.53756
187.227 357.562 33.0314
197.388 370.23 57.1901
216.874 353.546 57.1974
205.95 341.531 33.0415
198.854 371.945 59.4264
214.033 390.81 75.5314
234.648 373.155 75.5369
218.341 355.26 59.4337
215.942 393.037 76.7322
233.827 415.227 82.3718
255.758 396.437 82.3773
236.557 375.382 76.7377
235.886 417.627 82.3602
253.761 439.778 76.6798
276.997 419.863 76.6871
257.817 398.837 82.3657
255.657 441.987 75.4609
270.803 460.734 59.3096
295.138 439.872 59.3199
278.894 422.072 75.4682
272.251 462.421 57.0683
282.372 474.94 32.8707
307.439 453.45 32.8813
296.587 441.558 57.0786
283.155 475.852 29.949
286.715 480.258 1.4441
312.04 458.549 1.45464
308.223 454.362 29.9597
286.715 480.258 -1.71362
283.149 475.84 -30.203
308.216 454.351 -30.1917
312.039 458.548 -1.70308
282.366 474.928 -33.1215
272.263 462.408 -57.2772
296.6 441.547 -57.2633
307.433 453.439 -33.1101
270.817 460.72 -59.5156
255.684 441.956 -75.6601
278.921 422.042 -75.6441
295.153 439.86 -59.5018
253.789 439.745 -76.8783
235.925 417.582 -82.5532
257.856 398.794 -82.5367
277.026 419.832 -76.8623
233.867 415.181 -82.5645
215.99 392.986 -76.9226
236.603 375.331 -76.9076
255.798 396.393 -82.548
214.081 390.758 -75.7218
198.904 371.888 -59.618
218.389 355.203 -59.6065
234.695 373.103 -75.7069
197.436 370.174 -57.3798
187.253 357.505 -33.1842
205.972 341.473 -33.1734
216.921 353.488 -57.3682
186.454 356.574 -30.2448
182.863 352.138 -1.65919
201.314 336.337 -1.64818
205.173 340.541 -30.2339
203.323 334.51 1.53873
207.164 338.767 30.1063
224.895 321.614 30.1162
220.797 317.605 1.54947
208.017 339.65 33.0424
218.941 351.664 57.1984
237.394 333.812 57.2061
225.748 322.497 33.0524
220.511 353.284 59.4344
236.818 371.18 75.5376
256.336 352.291 75.544
238.963 335.432 59.4422
238.859 373.285 76.7383
258.06 394.34 82.378
278.82 374.243 82.3843
258.377 354.397 76.7447
260.26 396.611 82.3665
279.44 417.637 76.6878
301.432 396.341 76.6955
281.021 376.513 82.3728
281.467 419.728 75.4692
297.711 437.528 59.3209
320.74 415.224 59.3311
303.458 398.432 75.4769
299.258 439.124 57.0798
310.11 451.016 32.8825
333.83 428.044 32.8931
322.287 416.82 57.09
310.947 451.88 29.9608
314.764 456.066 1.45583
338.727 432.861 1.46622
334.667 428.908 29.9714
314.764 456.066 -1.70189
310.94 451.869 -30.1905
334.66 428.898 -30.1794
338.727 432.86 -1.6915
310.104 451.004 -33.1088
299.271 439.113 -57.262
322.301 416.811 -57.2486
333.825 428.034 -33.0977
297.726 437.516 -59.5002
281.494 419.698 -75.6425
303.486 398.404 -75.6274
320.756 415.213 -59.4868
279.469 417.606 -76.8606
260.299 396.568 -82.535
281.059 376.472 -82.5199
301.461 396.312 -76.8455
258.1 394.297 -82.5463
238.905 373.235 -76.9059
258.421 354.347 -76.8923
278.859 374.201 -82.5312
236.864 371.128 -75.7054
220.558 353.228 -59.605
239.008 335.376 -59.5942
256.38 352.241 -75.6918
218.988 351.607 -57.367
208.039 339.591 -33.1722
225.765 322.439 -33.1617
237.437 333.755 -57.3562
207.184 338.711 -30.2327
203.324 334.507 -1.64698
220.798 317.602 -1.63623
224.91 321.559 -30.2223
222.695 315.654 1.5506
226.793 319.664 30.1174
243.474 301.448 30.1271
239.133 297.702 1.56095
227.699 320.492 33.0533
239.345 331.807 57.2071
256.701 312.849 57.2151
244.379 302.277 33.0631
241.011 333.327 59.443
258.383 350.186 75.5448
276.737 330.132 75.5519
258.367 314.37 59.451
260.548 352.163 76.7454
280.992 372.009 82.3851
300.509 350.677 82.3921
278.902 332.109 76.7525
283.325 374.142 82.3737
303.737 393.97 76.6963
324.408 371.373 76.7042
302.843 352.81 82.3807
305.885 395.935 75.4779
323.166 412.727 59.3322
344.807 389.066 59.3422
326.555 373.338 75.4857
324.806 414.228 57.0912
336.35 425.452 32.8943
358.638 401.088 32.9048
346.447 390.568 57.1012
337.236 426.265 29.9726
341.296 430.218 1.4674
363.813 405.607 1.47753
359.525 401.9 29.9831
341.296 430.217 -1.69035
337.23 426.255 -30.1783
359.519 401.891 -30.1677
363.812 405.606 -1.68022
336.344 425.442 -33.0965
324.821 414.219 -57.2473
346.463 390.56 -57.2345
358.633 401.078 -33.0858
323.183 412.717 -59.4854
305.913 395.907 -75.6259
326.583 373.312 -75.6118
344.825 389.058 -59.4725
303.766 393.941 -76.8439
283.363 374.101 -82.5183
302.879 352.77 -82.5045
324.436 371.345 -76.8298
281.031 371.967 -82.5296
260.593 352.114 -76.8907
278.944 332.061 -76.8784
300.547 350.637 -82.5158
258.428 350.136 -75.6904
241.055 333.271 -59.5929
258.408 314.315 -59.5829
276.779 330.083 -75.6781
239.388 331.75 -57.355
227.716 320.434 -33.1606
244.392 302.219 -33.1506
256.741 312.794 -57.345
226.808 319.608 -30.2211
222.695 315.651 -1.63507
239.134 297.699 -1.62472
243.484 301.394 -30.2112
240.912 295.637 1.56204
245.253 299.384 30.1282
260.827 280.168 30.1377
256.262 276.699 1.57188
246.208 300.155 33.064
258.529 310.727 57.2161
274.731 290.729 57.2243
261.782 280.938 33.0735
260.285 312.142 59.4518
278.655 327.904 75.5527
295.783 306.755 75.5604
276.487 292.145 59.4601
280.936 329.746 76.7533
302.544 348.314 82.3929
320.752 325.824 82.4004
298.064 308.596 76.761
305.001 350.302 82.3815
326.566 368.865 76.705
345.845 345.05 76.713
323.209 327.812 82.3891
328.827 370.698 75.4868
347.079 386.427 59.3432
367.259 361.499 59.3529
348.106 346.883 75.4947
348.805 387.828 57.1024
360.997 398.348 32.906
381.778 372.684 32.9162
368.985 362.901 57.1121
361.93 399.107 29.9842
366.218 402.813 1.47868
387.21 376.893 1.48841
382.711 373.443 29.9944
366.217 402.813 -1.67912
361.924 399.098 -30.1666
382.705 373.435 -30.1566
387.21 376.892 -1.66939
360.991 398.338 -33.0846
348.822 387.82 -57.2333
369.003 362.894 -57.2211
381.772 372.676 -33.0746
347.097 386.418 -59.4711
328.855 370.672 -75.6104
348.134 346.859 -75.5973
367.278 361.492 -59.459
326.595 368.838 -76.8283
305.038 350.263 -82.503
323.245 327.775 -82.4907
345.874 345.025 -76.8153
302.581 348.274 -82.5144
280.979 329.698 -76.877
298.104 308.551 -76.8661
320.788 325.786 -82.5021
278.697 327.856 -75.6769
260.326 312.087 -59.5817
276.525 292.092 -59.5727
295.823 306.708 -75.666
258.569 310.672 -57.3439
246.22 300.097 -33.1496
261.789 280.883 -33.1403
274.767 290.676 -57.3349
245.263 299.329 -30.2101
240.912 295.635 -1.62361
256.262 276.696 -1.61376
260.832 280.115 -30.2008
257.916 274.528 1.57292
262.482 277.996 30.1387
276.901 257.845 30.1478
272.129 254.667 1.58216
263.483 278.707 33.0744
276.432 288.498 57.2253
291.427 267.529 57.2337
277.902 258.555 33.0835
278.27 289.803 59.4609
297.566 304.412 75.5613
313.413 282.242 75.5696
293.266 268.834 59.4693
299.955 306.112 76.7619
322.642 323.34 82.4013
339.482 299.774 82.4094
315.801 283.942 76.7702
325.214 325.177 82.39
347.85 342.415 76.7139
365.674 317.471 76.7218
342.054 301.611 82.3981
350.216 344.111 75.4958
369.369 358.727 59.3539
388.02 332.627 59.3631
368.04 319.167 75.5037
371.175 360.024 57.1132
383.967 369.807 32.9173
403.172 342.944 32.9271
389.826 333.924 57.1224
384.944 370.511 29.9955
389.443 373.96 1.48953
408.843 346.83 1.49872
404.149 343.647 30.0053
389.443 373.959 -1.66836
384.938 370.502 -30.1555
404.143 343.64 -30.1462
408.842 346.83 -1.65917
383.962 369.799 -33.0735
371.192 360.017 -57.22
389.845 333.919 -57.2087
403.167 342.936 -33.0642
369.388 358.72 -59.4577
350.244 344.087 -75.596
368.068 319.145 -75.5842
388.041 332.621 -59.4464
347.878 342.39 -76.814
325.25 325.141 -82.4894
342.089 301.577 -82.4788
365.702 317.448 -76.8021
322.678 323.303 -82.5009
299.995 306.067 -76.8649
315.839 283.9 -76.8557
339.517 299.739 -82.4903
297.606 304.367 -75.6649
278.308 289.75 -59.5716
293.299 268.785 -59.5637
313.451 282.199 -75.6557
276.467 288.445 -57.3339
263.489 278.651 -33.1393
277.903 258.502 -33.1307
291.459 267.479 -57.326
262.486 277.943 -30.1998
257.917 274.525 -1.61272
272.129 254.664 -1.60347
276.901 257.794 -30.1912
273.653 252.396 1.58314
278.425 255.574 30.1488
291.644 234.554 30.1574
286.685 231.679 1.59168
279.468 256.221 33.0845
292.993 265.195 57.2346
306.736 243.327 57.2431
292.687 235.201 33.0931
294.908 266.386 59.4702
315.055 279.793 75.5704
329.571 256.678 75.5793
308.65 244.517 59.4787
317.542 281.346 76.7711
341.222 297.178 82.4103
356.641 272.619 82.4188
332.058 258.231 76.78
343.899 298.858 82.399
367.518 314.719 76.7227
383.832 288.737 76.7305
359.318 274.299 82.4076
369.981 316.271 75.5047
389.961 329.732 59.3641
407.026 302.559 59.3727
386.294 290.29 75.5125
391.84 330.921 57.1235
405.186 339.941 32.9282
422.754 311.982 32.9374
408.905 303.749 57.1321
406.202 340.586 30.0063
410.896 343.769 1.49979
428.642 315.536 1.50831
423.771 312.627 30.0155
410.896 343.769 -1.65823
406.196 340.579 -30.1453
423.765 312.62 -30.1368
428.642 315.535 -1.6497
405.181 339.933 -33.0632
391.859 330.916 -57.2077
408.926 303.744 -57.1973
422.75 311.975 -33.0547
389.982 329.726 -59.4452
370.008 316.25 -75.5831
386.322 290.27 -75.5726
407.049 302.554 -59.4348
367.547 314.696 -76.801
343.933 298.825 -82.4776
359.351 274.268 -82.4689
383.86 288.716 -76.7905
341.257 297.143 -82.4892
317.579 281.304 -76.8546
332.093 258.192 -76.8473
356.675 272.587 -82.4805
315.093 279.75 -75.6548
294.941 266.337 -59.5628
308.68 244.472 -59.5562
329.606 256.639 -75.6475
293.025 265.146 -57.3251
279.469 256.168 -33.1298
292.683 235.152 -33.1221
306.764 243.281 -57.3185
278.425 255.524 -30.1903
273.653 252.393 -1.60251
286.684 231.676 -1.59397
291.639 234.507 -30.1825
288.075 229.316 1.59259
293.034 232.191 30.1583
305.014 210.373 30.1664
299.886 207.812 1.60036
294.114 232.773 33.094
308.163 240.899 57.244
320.612 218.203 57.2527
306.094 210.954 33.1021
310.147 241.97 59.4797
331.068 254.131 75.5803
344.21 230.149 75.59
322.595 219.274 59.4884
333.642 255.532 76.7809
358.226 269.92 82.4198
372.178 244.453 82.4289
346.785 231.55 76.7906
360.997 271.439 82.4085
385.511 285.876 76.7314
400.266 258.951 76.7391
374.95 245.972 82.4177
388.06 287.282 75.5135
408.792 299.552 59.3737
424.221 271.408 59.3815
402.814 260.357 75.5211
410.737 300.631 57.1332
424.586 308.864 32.9385
440.468 279.916 32.947
426.166 272.487 57.141
425.638 309.45 30.0165
430.51 312.359 1.50931
446.551 283.13 1.51705
441.519 280.502 30.0251
430.51 312.358 -1.64886
425.632 309.443 -30.1359
441.514 280.495 -30.1284
446.551 283.129 -1.64112
424.582 308.857 -33.0538
410.758 300.627 -57.1964
426.188 272.483 -57.1871
440.463 279.909 -33.0463
408.815 299.547 -59.4339
388.088 287.263 -75.5717
402.842 260.34 -75.5628
424.245 271.404 -59.4246
385.539 285.856 -76.7896
361.031 271.408 -82.468
374.982 245.945 -82.4614
400.294 258.932 -76.7808
358.259 269.888 -82.4797
333.677 255.494 -76.8465
346.818 231.516 -76.8414
372.211 244.425 -82.4732
331.102 254.092 -75.6467
310.176 241.925 -59.5554
322.622 219.233 -59.5503
344.243 230.114 -75.6416
308.191 240.853 -57.3177
294.11 232.724 -33.1213
306.085 210.91 -33.1145
320.636 218.161 -57.3125
293.029 232.145 -30.1817
288.074 229.314 -1.5931
299.885 207.81 -1.58534
305.004 210.331 -30.1748
301.137 205.365 1.6012
306.265 207.926 30.1672
316.972 185.38 30.1747
311.696 183.144 1.60813
307.379 208.44 33.103
321.897 215.688 57.2536
333.017 192.237 57.2628
318.086 185.894 33.1105
323.941 216.637 59.4894
345.556 227.512 75.591
357.29 202.741 75.6019
335.062 193.186 59.4986
348.21 228.757 76.7917
373.603 241.66 82.43
386.052 215.372 82.44
359.943 203.986 76.8026
376.459 243.014 82.4187
401.775 255.993 76.7401
414.931 228.219 76.7475
388.907 216.726 82.4287
404.4 257.249 75.5221
425.808 268.3 59.3825
439.559 239.288 59.3895
417.556 229.476 75.5295
427.811 269.266 57.142
442.112 276.695 32.948
456.264 246.867 32.9557
441.563 240.254 57.149
443.196 277.221 30.026
448.228 279.849 1.51796
462.522 249.736 1.52477
457.348 247.392 30.0337
448.227 279.848 -1.64039
443.191 277.214 -30.1277
457.343 247.386 -30.1213
462.521 249.735 -1.63358
442.108 276.688 -33.0456
427.833 269.262 -57.1864
441.586 240.251 -57.1783
456.261 246.86 -33.0391
425.831 268.296 -59.4238
404.428 257.232 -75.562
417.585 229.461 -75.5551
439.584 239.285 -59.4157
401.803 255.974 -76.7801
376.491 242.987 -82.4608
388.939 216.702 -82.457
414.96 228.203 -76.7732
373.636 241.632 -82.4726
348.243 228.723 -76.8409
359.974 203.956 -76.8385
386.083 215.347 -82.4688
345.589 227.477 -75.6411
323.967 216.596 -59.5498
335.085 193.151 -59.5464
357.32 202.711 -75.6388
321.921 215.647 -57.3119
307.37 208.396 -33.1139
318.073 185.855 -33.1081
333.039 192.201 -57.3085
306.255 207.884 -30.1741
301.137 205.363 -1.58458
311.696 183.142 -1.57765
316.959 185.343 -30.1682
312.806 180.621 1.60892
318.082 182.857 30.1755
327.49 159.655 30.1825
322.088 157.757 1.615
319.225 183.301 33.1114
334.157 189.644 57.2637
343.922 165.51 57.2734
328.633 160.099 33.1184
336.254 190.467 59.4997
358.482 200.023 75.603
368.777 174.539 75.6151
346.019 166.333 59.5093
361.204 201.108 76.8037
387.313 212.494 82.4412
398.226 185.469 82.4518
371.499 175.624 76.8159
390.242 213.68 82.4297
416.266 225.173 76.7486
427.791 196.648 76.7553
401.156 186.656 82.4404
418.959 226.278 75.5305
440.961 236.09 59.3904
453.002 206.316 59.3958
430.484 197.753 75.5372
443.017 236.942 57.1499
457.718 243.555 32.9566
470.108 212.958 32.9632
455.058 207.168 57.1554
458.83 244.02 30.0345
464.003 246.363 1.52557
476.517 215.478 1.53126
471.22 213.423 30.041
464.003 246.363 -1.63296
458.825 244.013 -30.1206
471.216 213.417 -30.1154
476.517 215.478 -1.62727
457.715 243.549 -33.0386
443.04 236.939 -57.1777
455.083 207.165 -57.1707
470.105 212.952 -33.0333
440.987 236.087 -59.4151
418.987 226.263 -75.5545
430.514 197.74 -75.5493
453.03 206.313 -59.4081
416.294 225.158 -76.7727
390.274 213.657 -82.4566
401.187 186.636 -82.4555
427.821 196.635 -76.7675
387.344 212.47 -82.4686
361.235 201.079 -76.8383
371.529 175.6 -76.8389
398.258 185.449 -82.4675
358.513 199.993 -75.6386
336.277 190.432 -59.5461
346.041 166.305 -59.5445
368.806 174.514 -75.6392
334.177 189.609 -57.3081
319.212 183.263 -33.1076
328.618 160.068 -33.1027
343.941 165.481 -57.3065
318.068 182.82 -30.1676
312.806 180.619 -1.57701
322.087 157.755 -1.57093
327.474 159.625 -30.1626
323.053 155.165 1.61574
328.456 157.064 30.1832
336.547 133.28 30.1883
331.038 131.732 1.62105
329.623 157.436 33.1193
344.912 162.847 57.2743
353.302 138.101 57.2818
337.714 133.652 33.1244
347.055 163.541 59.5104
369.813 171.747 75.6162
378.648 145.624 75.6257
355.445 138.795 59.5179
372.594 172.67 76.8169
399.321 182.515 82.4529
408.675 154.839 82.4595
381.428 146.547 76.8264
402.313 183.532 82.4412
428.948 193.524 76.7561
438.817 164.343 76.7579
411.667 155.855 82.4479
431.699 194.477 75.5378
454.217 203.04 59.3965
464.521 172.61 59.3975
441.568 165.296 75.5396
456.317 203.777 57.156
471.367 209.568 32.9638
481.969 178.314 32.9677
466.62 173.347 57.1571
472.504 209.971 30.0416
477.801 212.026 1.53186
488.509 180.48 1.53613
483.105 178.717 30.0455
477.801 212.025 -1.62674
472.5 209.965 -30.1148
483.103 178.711 -30.1099
488.508 180.479 -1.62247
471.365 209.562 -33.0328
456.343 203.775 -57.1702
466.649 173.345 -57.1621
481.968 178.308 -33.0278
454.245 203.037 -59.4076
431.729 194.464 -75.5487
441.599 165.285 -75.5415
464.551 172.607 -59.3994
428.978 193.511 -76.7671
402.345 183.513 -82.4552
411.7 155.84 -82.4525
438.848 164.332 -76.76
399.353 182.496 -82.4674
372.624 172.646 -76.8387
381.459 146.53 -76.8383
408.708 154.823 -82.4648
369.842 171.723 -75.639
347.076 163.514 -59.5444
355.466 138.776 -59.5417
378.677 145.606 -75.6386
344.931 162.819 -57.3062
329.608 157.405 -33.1024
337.698 133.63 -33.0968
353.321 138.081 -57.3035
328.439 157.035 -30.1621
323.052 155.164 -1.57039
331.038 131.731 -1.56508
336.529 133.259 -30.1566
331.859 129.082 1.62148
337.367 130.629 30.1888
344.137 106.34 30.1831
338.545 105.161 1.62617
338.555 130.926 33.1244
354.143 135.375 57.2818
361.151 110.088 57.2683
345.325 106.637 33.1188
356.323 135.938 59.5174
379.525 142.766 75.6252
386.886 116.077 75.6057
363.331 110.651 59.5038
382.354 143.526 76.8256
409.601 151.817 82.4587
417.372 123.571 82.4341
389.714 116.837 76.8061
412.644 152.664 82.4468
439.794 161.152 76.7568
447.975 131.41 76.731
420.416 124.418 82.4222
442.592 161.952 75.5387
465.545 169.267 59.3966
474.079 138.285 59.3781
450.773 132.211 75.5129
467.682 169.89 57.1567
483.031 174.857 32.9673
491.812 143.056 32.9611
476.216 138.908 57.1382
484.188 175.198 30.0455
489.591 176.96 1.5362
498.464 144.858 1.53864
492.969 143.397 30.0393
489.591 176.96 -1.62179
484.185 175.192 -30.1092
492.97 143.391 -30.0981
498.464 144.858 -1.61936
483.03 174.851 -33.0267
467.711 169.887 -57.1609
476.25 138.906 -57.1377
491.815 143.05 -33.0156
465.576 169.264 -59.3977
442.624 161.942 -75.5399
450.809 132.203 -75.5089
474.115 138.283 -59.3745
439.826 161.141 -76.7581
412.677 152.649 -82.4506
420.451 124.408 -82.4195
448.01 131.402 -76.7271
409.633 151.802 -82.4629
382.384 143.509 -76.8365
389.747 116.827 -76.8087
417.407 123.56 -82.4318
379.555 142.749 -75.637
356.344 135.919 -59.5402
363.354 110.642 -59.5168
386.918 116.067 -75.6092
354.161 135.356 -57.3024
338.538 130.905 -33.0957
345.31 106.628 -33.0802
361.172 110.08 -57.2791
337.349 130.609 -30.1558
331.858 129.081 -1.56434
338.544 105.161 -1.55965
344.12 106.331 -30.1403
339.223 102.462 1.62461
344.815 103.64 30.1816
350.323 78.9429 30.1142
344.674 78.1564 1.6285
346.018 103.859 33.1129
361.844 107.311 57.2624
367.509 81.578 57.1284
351.526 79.1618 33.0455
364.051 107.737 59.4941
387.606 113.164 75.596
393.495 86.0062 75.4165
369.716 82.0048 59.3602
390.468 113.758 76.7945
418.127 120.492 82.4225
424.277 91.7763 82.2332
396.358 86.6001 76.615
421.208 121.17 82.4111
448.767 128.163 76.7199
455.189 97.9627 76.5554
427.358 92.4543 82.2218
451.601 128.812 75.5042
474.907 134.887 59.3694
481.579 103.459 59.2545
458.023 98.612 75.3397
477.073 135.396 57.133
492.669 139.544 32.9558
499.528 107.295 32.9002
483.745 103.968 57.0181
493.843 139.822 30.0374
499.338 141.283 1.53677
506.278 108.711 1.5372
500.702 107.573 29.9818
499.338 141.283 -1.61722
493.844 139.816 -30.0959
500.71 107.567 -30.0405
506.279 108.711 -1.61679
492.672 139.537 -33.0101
477.107 135.393 -57.1322
483.787 103.964 -57.0186
499.537 107.288 -32.9547
474.943 134.884 -59.3655
451.637 128.804 -75.4999
458.065 98.6054 -75.3344
481.623 103.455 -59.2519
448.803 128.155 -76.7156
421.243 121.16 -82.408
427.398 92.4484 -82.2152
455.23 97.956 -76.5501
418.162 120.482 -82.4196
390.502 113.749 -76.7964
396.395 86.5984 -76.6104
424.317 91.7705 -82.2268
387.638 113.155 -75.5986
364.075 107.73 -59.5062
369.746 82.011 -59.3622
393.532 86.0049 -75.4126
361.865 107.304 -57.2722
346.003 103.851 -33.0733
351.516 79.1714 -32.9965
367.537 81.5846 -57.1282
344.799 103.632 -30.1377
339.222 102.462 -1.55701
344.673 78.1564 -1.55312
350.312 78.9524 -30.061
345.237 75.4265 1.61634
350.886 76.213 30.102
355.537 51.3178 29.736
349.903 50.9145 1.61705
352.093 76.3528 33.01
368.076 78.769 57.093
372.686 52.8545 56.4017
356.744 51.4576 32.644
370.29 79.0586 59.3068
394.069 83.06 75.3632
398.605 55.7115 74.4535
374.901 53.1442 58.6156
396.942 83.4866 76.5528
424.861 88.6628 82.1711
429.316 59.7146 81.2077
401.478 56.138 75.6432
427.953 89.1695 82.1617
455.784 94.6779 76.4952
460.189 64.1974 75.6411
432.409 60.2213 81.1983
458.631 95.1748 75.2908
482.187 100.022 59.2057
486.571 68.2811 58.5715
463.036 64.6943 74.4367
484.365 100.415 56.9862
500.148 103.742 32.8683
504.538 71.1005 32.5385
488.749 68.6742 56.352
501.33 103.953 29.9706
506.906 105.091 1.52605
511.318 72.0722 1.52749
505.72 71.312 29.6409
506.907 105.09 -1.60563
501.338 103.946 -30.0294
505.741 71.3041 -29.7026
511.319 72.0718 -1.6042
500.158 103.735 -32.9232
484.407 100.41 -56.9871
488.8 68.6676 -56.3625
504.562 71.0923 -32.5964
482.231 100.017 -59.2034
458.673 95.1682 -75.2859
463.082 64.6868 -74.4346
486.624 68.2746 -58.5788
455.826 94.6714 -76.4899
427.993 89.1638 -82.1551
432.452 60.2184 -81.1916
460.235 64.19 -75.6385
424.901 88.6577 -82.1643
396.98 83.4855 -76.5479
401.519 56.1445 -75.6348
429.359 59.7123 -81.2009
394.107 83.0598 -75.3583
370.321 79.0659 -59.308
374.941 53.1624 -58.6047
398.646 55.7188 -74.4452
368.104 78.7773 -57.0917
352.084 76.3641 -32.9601
356.749 51.4877 -32.5877
372.725 52.8738 -56.3885
350.875 76.2236 -30.0481
345.237 75.4276 -1.54026
349.902 50.9156 -1.53954
355.54 51.3472 -29.6757
350.509 48.2323 1.56339
356.143 48.6356 29.6823
362.352 24.902 28.3766
356.992 24.3878 1.55916
357.311 48.745 32.4966
373.253 50.1419 56.2542
378.694 26.6463 53.8503
363.52 25.0114 31.1908
375.404 50.3717 58.4057
399.108 52.939 74.2436
403.435 29.5545 71.104
380.845 26.876 56.0017
401.909 53.2793 75.4075
429.748 56.856 80.9721
432.796 33.3149 77.5787
406.236 29.8949 72.2679
432.771 57.2622 80.9725
460.552 61.2383 75.4153
462.355 37.3556 72.2958
435.819 33.7211 77.5792
463.341 61.6393 74.2521
486.876 65.2261 58.387
487.65 40.9894 56.0211
465.144 37.7566 71.1326
489.012 65.5438 56.2334
504.801 67.9701 32.4199
504.886 43.5014 31.1489
489.786 41.3071 53.8675
505.961 68.1396 29.6017
511.559 68.8998 1.48831
511.364 44.3947 1.49302
506.046 43.6709 28.3308
511.56 68.8982 -1.56501
505.983 68.1306 -29.6634
506.06 43.6216 -28.3814
511.365 44.3932 -1.5603
504.825 67.9599 -32.4775
489.063 65.5351 -56.2436
489.831 41.2642 -53.8712
504.902 43.4509 -31.1955
486.929 65.2186 -58.3942
463.387 61.6308 -74.25
465.185 37.7448 -71.1311
487.696 40.9476 -56.0218
460.598 61.231 -75.4129
432.814 57.2594 -80.966
435.857 33.7218 -77.5751
462.395 37.3449 -72.2941
429.791 56.8543 -80.9653
401.95 53.2864 -75.3993
406.272 29.9108 -72.2631
432.834 33.3166 -77.5745
399.15 52.948 -74.2354
375.445 50.3917 -58.3949
380.875 26.9297 -55.9983
403.471 29.5724 -71.0993
373.292 50.1637 -56.2408
357.316 48.7776 -32.44
363.515 25.0731 -31.1435
378.722 26.7016 -53.8441
356.146 48.6663 -29.6221
350.509 48.2346 -1.48592
356.992 24.3901 -1.49016
362.346 24.9618 -28.3256
357.757 21.8072 1.47471
363.117 22.3215 28.2921
370.403 -0.41895 26.5338
365.41 -0.978208 1.46105
364.218 22.4444 30.9521
379.393 24.0792 53.6115
385.648 1.42837 50.3963
371.504 -0.296068 29.1937
381.421 24.3207 55.6444
404.011 26.9992 70.7467
408.775 4.32493 66.5568
387.677 1.66986 52.4292
406.656 27.3319 71.8456
433.216 30.7519 77.1564
436.248 7.86557 72.6014
411.42 4.65768 67.6557
436.073 31.1284 77.156
462.61 34.7629 71.8726
463.912 11.5119 67.6253
439.106 8.24211 72.601
465.247 35.125 70.7735
487.753 38.3577 55.662
487.578 14.7563 52.3854
466.549 11.8739 66.5263
489.773 38.6432 53.6278
504.872 40.8376 30.9092
503.688 16.9952 29.1349
489.599 15.0418 50.3512
505.969 40.9905 28.2466
511.286 41.7144 1.40885
509.736 17.7795 1.4256
504.784 17.1482 26.4723
511.287 41.7106 -1.47384
505.982 40.9391 -28.295
504.788 17.0614 -26.4929
509.737 17.7758 -1.45708
504.888 40.7831 -30.9543
489.817 38.5964 -53.63
489.623 14.9703 -50.3455
503.694 16.9054 -29.1522
487.798 38.3143 -55.6625
465.286 35.1115 -70.7718
466.569 11.867 -66.5277
487.604 14.6883 -52.378
462.648 34.7524 -71.8711
436.11 31.1293 -77.1522
439.124 8.24245 -72.6
463.932 11.5079 -67.6271
433.252 30.7538 -77.1524
406.69 27.348 -71.8411
411.437 4.66708 -67.6538
436.266 7.86699 -72.6002
404.046 27.0185 -70.7426
381.45 24.3758 -55.6416
387.684 1.74182 -52.4366
408.793 4.33766 -66.5554
379.419 24.1377 -53.607
364.212 22.5091 -30.9064
371.482 -0.205371 -29.1721
385.652 1.50367 -50.402
363.11 22.3828 -28.2431
357.756 21.8112 -1.40761
365.409 -0.974258 -1.42128
370.379 -0.331688 -26.5088
366.333 -3.28032 1.33862
371.326 -2.72106 26.4113
380.329 -21.5194 23.7729
375.907 -22.1409 1.32121
372.33 -2.59193 28.8519
386.474 -0.867497 50.0545
393.933 -19.6311 45.2439
381.334 -21.3903 26.2135
388.331 -0.626538 51.9211
409.429 2.02854 66.0488
414.672 -16.8599 59.7812
395.789 -19.3901 47.1105
411.852 2.34432 67.0555
436.68 5.55222 72.0012
439.331 -13.5937 65.1798
417.095 -16.5441 60.7879
439.299 5.89648 71.9971
464.105 9.16624 67.0214
464.134 -10.3176 60.651
441.95 -13.2494 65.1756
466.521 9.48837 66.0089
487.55 12.3708 51.868
485.313 -7.52018 46.9184
466.55 -9.99544 59.6385
489.397 12.6209 50.0024
503.487 14.5742 28.7862
499.674 -5.62066 26.0879
487.16 -7.2701 45.0528
504.486 14.7082 26.3512
509.438 15.3395 1.30449
505.063 -4.90831 1.31813
500.673 -5.48673 23.6529
509.439 15.3371 -1.33138
504.49 14.6227 -26.3672
500.673 -5.48932 -23.6525
505.063 -4.91074 -1.31774
503.491 14.4866 -28.8025
489.42 12.5516 -49.9958
487.16 -7.27506 -45.053
499.674 -5.62541 -26.0879
487.573 12.304 -51.8613
466.538 9.4827 -66.0111
466.55 -9.9979 -59.6387
485.313 -7.52258 -46.9186
464.122 9.16248 -67.0233
439.315 5.89707 -71.9962
441.95 -13.2499 -65.1755
464.135 -10.3181 -60.6509
436.696 5.55314 -72.0002
411.868 2.35322 -67.0538
417.095 -16.5441 -60.7877
439.332 -13.5938 -65.1795
409.444 2.03926 -66.0469
388.335 -0.556579 -51.9281
395.789 -19.3882 -47.1101
414.672 -16.8581 -59.7807
386.478 -0.794921 -50.0612
372.307 -2.50396 -28.8314
381.333 -21.3856 -26.2129
393.932 -19.6265 -45.2433
371.303 -2.63523 -26.391
366.332 -3.2778 -1.30342
375.906 -22.1384 -1.32083
380.329 -21.5169 -23.7726
-235.279 464.25 25.5318
-234.764 459.173 -0.189219
-235.327 464.215 -25.9164
-236.793 478.653 -47.7595
-238.826 500.334 -62.3768
-241.044 525.958 -67.5129
-243.095 551.595 -62.3759
-244.722 573.315 -47.7705
-245.771 587.818 -25.9475
-246.154 592.917 -0.227503
-245.816 587.843 25.4984
-244.771 573.355 47.3318
-243.122 551.642 61.9476
-241.048 526.009 67.0975
-238.805 500.385 61.9734
-236.745 478.702 47.365
382.635 -22.3855 1.31945e-05
387.058 -21.764 22.4517
399.656 -20.0048 41.4821
418.539 -17.4746 54.1528
440.776 -14.5241 58.5446
462.96 -11.5923 54.02
481.723 -9.11705 41.3
494.237 -7.4676 22.335
498.627 -6.88918 0.000239176
494.237 -7.46776 -22.3346
481.723 -9.11742 -41.2997
462.96 -11.5927 -54.0199
440.776 -14.5245 -58.5445
418.539 -17.4748 -54.1527
399.656 -20.0049 -41.4821
387.058 -21.764 -22.4517
</DataArray>
</Points>
<Cells>
<DataArray type="Int32" Name="connectivity" format="ascii">
0 1 2 3 
4 5 6 7 
8 9 10 11 
12 13 14 15 
16 17 18 19 
20 21 22 23 
24 25 26 27 
28 29 30 31 
32 33 34 35 
36 37 38 39 
40 41 42 43 
44 45 46 47 
48 49 50 51 
52 53 54 55 
56 57 58 59 
60 61 62 63 
64 65 66 67 
68 69 70 71 
72 73 74 75 
76 77 78 79 
80 81 82 83 
84 85 86 87 
88 89 90 91 
92 93 94 95 
96 97 98 99 
100 101 102 103 
104 105 106 107 
108 109 110 111 
112 113 114 115 
116 117 118 119 
120 121 122 123 
124 125 126 127 
128 129 130 131 
132 133 134 135 
136 137 138 139 
140 141 142 143 
144 145 146 147 
148 149 150 151 
152 153 154 155 
156 157 158 159 
160 161 162 163 
164 165 166 167 
168 169 170 171 
172 173 174 175 
176 177 178 179 
180 181 182 183 
184 185 186 187 
188 189 190 191 
192 193 194 195 
196 197 198 199 
200 201 202 203 
204 205 206 207 
208 209 210 211 
212 213 214 215 
216 217 218 219 
220 221 222 223 
224 225 226 227 
228 229 230 231 
232 233 234 235 
236 237 238 239 
240 241 242 243 
244 245 246 247 
248 249 250 251 
252 253 254 255 
256 257 258 259 
260 261 262 263 
264 265 266 267 
268 269 270 271 
272 273 274 275 
276 277 278 279 
280 281 282 283 
284 285 286 287 
288 289 290 291 
292 293 294 295 
296 297 298 299 
300 301 302 303 
304 305 306 307 
308 309 310 311 
312 313 314 315 
316 317 318 319 
320 321 322 323 
324 325 326 327 
328 329 330 331 
332 333 334 335 
336 337 338 339 
340 341 342 343 
344 345 346 347 
348 349 350 351 
352 353 354 355 
356 357 358 359 
360 361 362 363 
364 365 366 367 
368 369 370 371 
372 373 374 375 
376 377 378 379 
380 381 382 383 
384 385 386 387 
388 389 390 391 
392 393 394 395 
396 397 398 399 
400 401 402 403 
404 405 406 407 
408 409 410 411 
412 413 414 415 
416 417 418 419 
420 421 422 423 
424 425 426 427 
428 429 430 431 
432 433 434 435 
436 437 438 439 
440 441 442 443 
444 445 446 447 
448 449 450 451 
452 453 454 455 
456 457 458 459 
460 461 462 463 
464 465 466 467 
468 469 470 471 
472 473 474 475 
476 477 478 479 
480 481 482 483 
484 485 486 487 
488 489 490 491 
492 493 494 495 
496 497 498 499 
500 501 502 503 
504 505 506 507 
508 509 510 511 
512 513 514 515 
516 517 518 519 
520 521 522 523 
524 525 526 527 
528 529 530 531 
532 533 534 535 
536 537 538 539 
540 541 542 543 
544 545 546 547 
548 549 550 551 
552 553 554 555 
556 557 558 559 
560 561 562 563 
564 565 566 567 
568 569 570 571 
572 573 574 575 
576 577 578 579 
580 581 582 583 
584 585 586 587 
588 589 590 591 
592 593 594 595 
596 597 598 599 
600 601 602 603 
604 605 606 607 
608 609 610 611 
612 613 614 615 
616 617 618 619 
620 621 622 623 
624 625 626 627 
628 629 630 631 
632 633 634 635 
636 637 638 639 
640 641 642 643 
644 645 646 647 
648 649 650 651 
652 653 654 655 
656 657 658 659 
660 661 662 663 
664 665 666 667 
668 669 670 671 
672 673 674 675 
676 677 678 679 
680 681 682 683 
684 685 686 687 
688 689 690 691 
692 693 694 695 
696 697 698 699 
700 701 702 703 
704 705 706 707 
708 709 710 711 
712 713 714 715 
716 717 718 719 
720 721 722 723 
724 725 726 727 
728 729 730 731 
732 733 734 735 
736 737 738 739 
740 741 742 743 
744 745 746 747 
748 749 750 751 
752 753 754 755 
756 757 758 759 
760 761 762 763 
764 765 766 767 
768 769 770 771 
772 773 774 775 
776 777 778 779 
780 781 782 783 
784 785 786 787 
788 789 790 791 
792 793 794 795 
796 797 798 799 
800 801 802 803 
804 805 806 807 
808 809 810 811 
812 813 814 815 
816 817 818 819 
820 821 822 823 
824 825 826 827 
828 829 830 831 
832 833 834 835 
836 837 838 839 
840 841 842 843 
844 845 846 847 
848 849 850 851 
852 853 854 855 
856 857 858 859 
860 861 862 863 
864 865 866 867 
868 869 870 871 
872 873 874 875 
876 877 878 879 
880 881 882 883 
884 885 886 887 
888 889 890 891 
892 893 894 895 
896 897 898 899 
900 901 902 903 
904 905 906 907 
908 909 910 911 
912 913 914 915 
916 917 918 919 
920 921 922 923 
924 925 926 927 
928 929 930 931 
932 933 934 935 
936 937 938 939 
940 941 942 943 
944 945 946 947 
948 949 950 951 
952 953 954 955 
956 957 958 959 
960 961 962 963 
964 965 966 967 
968 969 970 971 
972 973 974 975 
976 977 978 979 
980 981 982 983 
984 985 986 987 
988 989 990 991 
992 993 994 995 
996 997 998 999 
1000 1001 1002 1003 
1004 1005 1006 1007 
1008 1009 1010 1011 
1012 1013 1014 1015 
1016 1017 1018 1019 
1020 1021 1022 1023 
1024 1025 1026 1027 
1028 1029 1030 1031 
1032 1033 1034 1035 
1036 1037 1038 1039 
1040 1041 1042 1043 
1044 1045 1046 1047 
1048 1049 1050 1051 
1052 1053 1054 1055 
1056 1057 1058 1059 
1060 1061 1062 1063 
1064 1065 1066 1067 
1068 1069 1070 1071 
1072 1073 1074 1075 
1076 1077 1078 1079 
1080 1081 1082 1083 
1084 1085 1086 1087 
1088 1089 1090 1091 
1092 1093 1094 1095 
1096 1097 1098 1099 
1100 1101 1102 1103 
1104 1105 1106 1107 
1108 1109 1110 1111 
1112 1113 1114 1115 
1116 1117 1118 1119 
1120 1121 1122 1123 
1124 1125 1126 1127 
1128 1129 1130 1131 
1132 1133 1134 1135 
1136 1137 1138 1139 
1140 1141 1142 1143 
1144 1145 1146 1147 
1148 1149 1150 1151 
1152 1153 1154 1155 
1156 1157 1158 1159 
1160 1161 1162 1163 
1164 1165 1166 1167 
1168 1169 1170 1171 
1172 1173 1174 1175 
1176 1177 1178 1179 
1180 1181 1182 1183 
1184 1185 1186 1187 
1188 1189 1190 1191 
1192 1193 1194 1195 
1196 1197 1198 1199 
1200 1201 1202 1203 
1204 1205 1206 1207 
1208 1209 1210 1211 
1212 1213 1214 1215 
1216 1217 1218 1219 
1220 1221 1222 1223 
1224 1225 1226 1227 
1228 1229 1230 1231 
1232 1233 1234 1235 
1236 1237 1238 1239 
1240 1241 1242 1243 
1244 1245 1246 1247 
1248 1249 1250 1251 
1252 1253 1254 1255 
1256 1257 1258 1259 
1260 1261 1262 1263 
1264 1265 1266 1267 
1268 1269 1270 1271 
1272 1273 1274 1275 
1276 1277 1278 1279 
1280 1281 1282 1283 
1284 1285 1286 1287 
1288 1289 1290 1291 
1292 1293 1294 1295 
1296 1297 1298 1299 
1300 1301 1302 1303 
1304 1305 1306 1307 
1308 1309 1310 1311 
1312 1313 1314 1315 
1316 1317 1318 1319 
1320 1321 1322 1323 
1324 1325 1326 1327 
1328 1329 1330 1331 
1332 1333 1334 1335 
1336 1337 1338 1339 
1340 1341 1342 1343 
1344 1345 1346 1347 
1348 1349 1350 1351 
1352 1353 1354 1355 
1356 1357 1358 1359 
1360 1361 1362 1363 
1364 1365 1366 1367 
1368 1369 1370 1371 
1372 1373 1374 1375 
1376 1377 1378 1379 
1380 1381 1382 1383 
1384 1385 1386 1387 
1388 1389 1390 1391 
1392 1393 1394 1395 
1396 1397 1398 1399 
1400 1401 1402 1403 
1404 1405 1406 1407 
1408 1409 1410 1411 
1412 1413 1414 1415 
1416 1417 1418 1419 
1420 1421 1422 1423 
1424 1425 1426 1427 
1428 1429 1430 1431 
1432 1433 1434 1435 
1436 1437 1438 1439 
1440 1441 1442 1443 
1444 1445 1446 1447 
1448 1449 1450 1451 
1452 1453 1454 1455 
1456 1457 1458 1459 
1460 1461 1462 1463 
1464 1465 1466 1467 
1468 1469 1470 1471 
1472 1473 1474 1475 
1476 1477 1478 1479 
1480 1481 1482 1483 
1484 1485 1486 1487 
1488 1489 1490 1491 
1492 1493 1494 1495 
1496 1497 1498 1499 
1500 1501 1502 1503 
1504 1505 1506 1507 
1508 1509 1510 1511 
1512 1513 1514 1515 
1516 1517 1518 1519 
1520 1521 1522 1523 
1524 1525 1526 1527 
1528 1529 1530 1531 
1532 1533 1534 1535 
1536 1537 1538 1539 
1540 1541 1542 1543 
1544 1545 1546 1547 
1548 1549 1550 1551 
1552 1553 1554 1555 
1556 1557 1558 1559 
1560 1561 1562 1563 
1564 1565 1566 1567 
1568 1569 1570 1571 
1572 1573 1574 1575 
1576 1577 1578 1579 
1580 1581 1582 1583 
1584 1585 1586 1587 
1588 1589 1590 1591 
1592 1593 1594 1595 
1596 1597 1598 1599 
1600 1601 1602 1603 
1604 1605 1606 1607 
1608 1609 1610 1611 
1612 1613 1614 1615 
1616 1617 1618 1619 
1620 1621 1622 1623 
1624 1625 1626 1627 
1628 1629 1630 1631 
1632 1633 1634 1635 
1636 1637 1638 1639 
1640 1641 1642 1643 
1644 1645 1646 1647 
1648 1649 1650 1651 
1652 1653 1654 1655 
1656 1657 1658 1659 
1660 1661 1662 1663 
1664 1665 1666 1667 
1668 1669 1670 1671 
1672 1673 1674 1675 
1676 1677 1678 1679 
1680 1681 1682 1683 
1684 1685 1686 1687 
1688 1689 1690 1691 
1692 1693 1694 1695 
1696 1697 1698 1699 
1700 1701 1702 1703 
1704 1705 1706 1707 
1708 1709 1710 1711 
1712 1713 1714 1715 
1716 1717 1718 1719 
1720 1721 1722 1723 
1724 1725 1726 1727 
1728 1729 1730 1731 
1732 1733 1734 1735 
1736 1737 1738 1739 
1740 1741 1742 1743 
1744 1745 1746 1747 
1748 1749 1750 1751 
1752 1753 1754 1755 
1756 1757 1758 1759 
1760 1761 1762 1763 
1764 1765 1766 1767 
1768 1769 1770 1771 
1772 1773 1774 1775 
1776 1777 1778 1779 
1780 1781 1782 1783 
1784 1785 1786 1787 
1788 1789 1790 1791 
1792 1793 1794 1795 
1796 1797 1798 1799 
1800 1801 1802 1803 
1804 1805 1806 1807 
1808 1809 1810 1811 
1812 1813 1814 1815 
1816 1817 1818 1819 
1820 1821 1822 1823 
1824 1825 1826 1827 
1828 1829 1830 1831 
1832 1833 1834 1835 
1836 1837 1838 1839 
1840 1841 1842 1843 
1844 1845 1846 1847 
1848 1849 1850 1851 
1852 1853 1854 1855 
1856 1857 1858 1859 
1860 1861 1862 1863 
1864 1865 1866 1867 
1868 1869 1870 1871 
1872 1873 1874 1875 
1876 1877 1878 1879 
1880 1881 1882 1883 
1884 1885 1886 1887 
1888 1889 1890 1891 
1892 1893 1894 1895 
1896 1897 1898 1899 
1900 1901 1902 1903 
1904 1905 1906 1907 
1908 1909 1910 1911 
1912 1913 1914 1915 
1916 1917 1918 1919 
1920 1921 1922 1923 
1924 1925 1926 1927 
1928 1929 1930 1931 
1932 1933 1934 1935 
1936 1937 1938 1939 
1940 1941 1942 1943 
1944 1945 1946 1947 
1948 1949 1950 1951 
1952 1953 1954 1955 
1956 1957 1958 1959 
1960 1961 1962 1963 
1964 1965 1966 1967 
1968 1969 1970 1971 
1972 1973 1974 1975 
1976 1977 1978 1979 
1980 1981 1982 1983 
1984 1985 1986 1987 
1988 1989 1990 1991 
1992 1993 1994 1995 
1996 1997 1998 1999 
2000 2001 2002 2003 
2004 2005 2006 2007 
2008 2009 2010 2011 
2012 2013 2014 2015 
2016 2017 2018 2019 
2020 2021 2022 2023 
2024 2025 2026 2027 
2028 2029 2030 2031 
2032 2033 2034 2035 
2036 2037 2038 2039 
2040 2041 2042 2043 
2044 2045 2046 2047 
2048 2049 2050 2051 2052 2053 2054 2055 2056 2057 2058 2059 2060 2061 2062 2063 
2064 2065 2066 2067 2068 2069 2070 2071 2072 2073 2074 2075 2076 2077 2078 2079 
</DataArray>
<DataArray type="Int32" Name="offsets" format="ascii">
4 8 12 16 20 24 28 32 36 40 44 48 52 56 60 64 68 72 76 80 84 88 92 96 100 104 108 112 116 120 124 128 132 136 140 144 148 152 156 160 164 168 172 176 180 184 188 192 196 200 204 208 212 216 220 224 228 232 236 240 244 248 252 256 260 264 268 272 276 280 284 288 292 296 300 304 308 312 316 320 324 328 332 336 340 344 348 352 356 360 364 368 372 376 380 384 388 392 396 400 404 408 412 416 420 424 428 432 436 440 444 448 452 456 460 464 468 472 476 480 484 488 492 496 500 504 508 512 516 520 524 528 532 536 540 544 548 552 556 560 564 568 572 576 580 584 588 592 596 600 604 608 612 616 620 624 628 632 636 640 644 648 652 656 660 664 668 672 676 680 684 688 692 696 700 704 708 712 716 720 724 728 732 736 740 744 748 752 756 760 764 768 772 776 780 784 788 792 796 800 804 808 812 816 820 824 828 832 836 840 844 848 852 856 860 864 868 872 876 880 884 888 892 896 900 904 908 912 916 920 924 928 932 936 940 944 948 952 956 960 964 968 972 976 980 984 988 992 996 1000 1004 1008 1012 1016 1020 1024 1028 1032 1036 1040 1044 1048 1052 1056 1060 1064 1068 1072 1076 1080 1084 1088 1092 1096 1100 1104 1108 1112 1116 1120 1124 1128 1132 1136 1140 1144 1148 1152 1156 1160 1164 1168 1172 1176 1180 1184 1188 1192 1196 1200 1204 1208 1212 1216 1220 1224 1228 1232 1236 1240 1244 1248 1252 1256 1260 1264 1268 1272 1276 1280 1284 1288 1292 1296 1300 1304 1308 1312 1316 1320 1324 1328 1332 1336 1340 1344 1348 1352 1356 1360 1364 1368 1372 1376 1380 1384 1388 1392 1396 1400 1404 1408 1412 1416 1420 1424 1428 1432 1436 1440 1444 1448 1452 1456 1460 1464 1468 1472 1476 1480 1484 1488 1492 1496 1500 1504 1508 1512 1516 1520 1524 1528 1532 1536 1540 1544 1548 1552 1556 1560 1564 1568 1572 1576 1580 1584 1588 1592 1596 1600 1604 1608 1612 1616 1620 1624 1628 1632 1636 1640 1644 1648 1652 1656 1660 1664 1668 1672 1676 1680 1684 1688 1692 1696 1700 1704 1708 1712 1716 1720 1724 1728 1732 1736 1740 1744 1748 1752 1756 1760 1764 1768 1772 1776 1780 1784 1788 1792 1796 1800 1804 1808 1812 1816 1820 1824 1828 1832 1836 1840 1844 1848 1852 1856 1860 1864 1868 1872 1876 1880 1884 1888 1892 1896 1900 1904 1908 1912 1916 1920 1924 1928 1932 1936 1940 1944 1948 1952 1956 1960 1964 1968 1972 1976 1980 1984 1988 1992 1996 2000 2004 2008 2012 2016 2020 2024 2028 2032 2036 2040 2044 2048 2064 2080 
</DataArray>
<DataArray type="UInt8" Name="types" format="ascii">
7 7 7 7 7 7 7 7 7 7 7 7 7 7 7 7 7 7 7 7 7 7 7 7 7 7 7 7 7 7 7 7 7 7 7 7 7 7 7 7 7 7 7 7 7 7 7 7 7 7 7 7 7 7 7 7 7 7 7 7 7 7 7 7 7 7 7 7 7 7 7 7 7 7 7 7 7 7 7 7 7 7 7 7 7 7 7 7 7 7 7 7 7 7 7 7 7 7 7 7 7 7 7 7 7 7 7 7 7 7 7 7 7 7 7 7 7 7 7 7 7 7 7 7 7 7 7 7 7 7 7 7 7 7 7 7 7 7 7 7 7 7 7 7 7 7 7 7 7 7 7 7 7 7 7 7 7 7 7 7 7 7 7 7 7 7 7 7 7 7 7 7 7 7 7 7 7 7 7 7 7 7 7 7 7 7 7 7 7 7 7 7 7 7 7 7 7 7 7 7 7 7 7 7 7 7 7 7 7 7 7 7 7 7 7 7 7 7 7 7 7 7 7 7 7 7 7 7 7 7 7 7 7 7 7 7 7 7 7 7 7 7 7 7 7 7 7 7 7 7 7 7 7 7 7 7 7 7 7 7 7 7 7 7 7 7 7 7 7 7 7 7 7 7 7 7 7 7 7 7 7 7 7 7 7 7 7 7 7 7 7 7 7 7 7 7 7 7 7 7 7 7 7 7 7 7 7 7 7 7 7 7 7 7 7 7 7 7 7 7 7 7 7 7 7 7 7 7 7 7 7 7 7 7 7 7 7 7 7 7 7 7 7 7 7 7 7 7 7 7 7 7 7 7 7 7 7 7 7 7 7 7 7 7 7 7 7 7 7 7 7 7 7 7 7 7 7 7 7 7 7 7 7 7 7 7 7 7 7 7 7 7 7 7 7 7 7 7 7 7 7 7 7 7 7 7 7 7 7 7 7 7 7 7 7 7 7 7 7 7 7 7 7 7 7 7 7 7 7 7 7 7 7 7 7 7 7 7 7 7 7 7 7 7 7 7 7 7 7 7 7 7 7 7 7 7 7 7 7 7 7 7 7 7 7 7 7 7 7 7 7 7 7 7 7 7 7 7 7 7 7 7 7 7 7 7 7 7 7 7 7 7 7 7 7 7 7 7 7 7 7 7 7 7 7 7 7 7 7 7 7 7 7 7 
</DataArray>
</Cells>
<CellData Scalars="cell variable 4" Vectors="cell vector">
<DataArray type="Float64" NumberOfComponents="3" Name="cell vector" format="ascii">
0.99059 -0.13361 0.0296759
0.988923 -0.124681 0.0805369
0.98474 -0.0707506 0.159003
0.976622 0.0290183 0.212996
0.964864 0.155585 0.211731
0.956935 0.238505 0.165503
0.954756 0.266051 0.132886
0.951217 0.299922 0.0723375
0.949768 0.290255 -0.117019
0.955234 0.258847 -0.143273
0.955522 0.249148 -0.157805
0.961693 0.180425 -0.206382
0.974229 0.0556112 -0.218597
0.984104 -0.0589025 -0.167542
0.988862 -0.129517 -0.0733271
0.989949 -0.141098 0.00959377
-0.0168731 0.194709 0.980716
-0.048634 0.553479 0.831442
-0.0729022 0.828108 0.555808
-0.0860012 0.976944 0.195407
-0.0865483 0.976921 -0.195282
-0.0769986 0.82731 -0.556444
0.0599728 -0.551062 0.832306
0.0257746 -0.192483 0.980962
-0.0265381 0.193388 0.980763
-0.0598288 0.5518 0.831828
-0.0764824 0.827688 0.555953
-0.0862022 0.977021 0.194935
-0.0857345 0.976902 -0.195735
-0.0724141 0.827829 -0.556286
0.0485291 -0.552749 0.831934
0.0175371 -0.193683 0.980907
-0.0208394 0.194995 0.980583
-0.0572654 0.553908 0.830606
-0.0812293 0.828145 0.554596
-0.0892827 0.976821 0.19455
-0.0828418 0.97724 -0.195293
-0.0667028 0.828659 -0.555765
0.0544565 -0.552599 0.831666
0.0302173 -0.192964 0.980741
-0.0296535 0.193968 0.98056
-0.0540289 0.553292 0.831233
-0.0670043 0.828957 0.555284
-0.0834176 0.977282 0.194837
-0.0898901 0.976675 -0.195003
-0.0814839 0.827801 -0.555073
0.0568171 -0.55328 0.831055
0.0201227 -0.194129 0.98077
-0.0173944 0.1952 0.980609
-0.0457365 0.554805 0.830722
-0.0618483 0.829881 0.554502
-0.0645552 0.978888 0.193936
-0.0546334 0.979034 -0.196235
-0.0361555 0.830135 -0.556388
0.0278657 -0.554366 0.831806
0.0300979 -0.193562 0.980626
-0.0287211 0.194486 0.980485
-0.0275692 0.555 0.831393
-0.0367988 0.830455 0.555869
-0.0555707 0.979091 0.195684
-0.065436 0.978721 -0.19448
-0.0622751 0.829513 -0.555005
0.045189 -0.554241 0.831129
0.0163153 -0.194427 0.980781
-0.00528792 0.195654 0.980659
-0.0122711 0.556238 0.830932
-0.0146459 0.832001 0.55458
-0.0119802 0.980996 0.19366
-0.0055241 0.980422 -0.19683
0.00238493 0.830466 -0.557064
-0.00573205 -0.554688 0.832038
0.00698133 -0.195063 0.980766
-0.00552855 0.19581 0.980626
0.00574289 0.555278 0.831645
0.00167375 0.830828 0.556526
-0.00636019 0.980537 0.19623
-0.0127723 0.980869 -0.194248
-0.0151975 0.83165 -0.555092
0.0119094 -0.555686 0.831307
0.00387361 -0.194908 0.980814
0.00661549 0.195644 0.980653
0.0209124 0.556063 0.830877
0.0332669 0.831488 0.554546
0.0425486 0.980137 0.193703
0.0472651 0.979303 -0.196805
0.046505 0.829047 -0.557242
-0.0380821 -0.553171 0.832197
-0.0107609 -0.194853 0.980773
0.0120687 0.195482 0.980633
0.0379945 0.553742 0.831821
0.0457663 0.829446 0.556709
0.046514 0.97946 0.196199
0.0418588 0.98005 -0.194294
0.0327276 0.831175 -0.555047
-0.0212435 -0.555513 0.831237
-0.00810833 -0.194856 0.980798
0.0180363 0.195056 0.980626
0.0532751 0.554118 0.830731
0.0812077 0.828252 0.554441
0.0983537 0.976101 0.193789
0.102434 0.975109 -0.196648
0.0930772 0.825116 -0.557243
-0.0698823 -0.549889 0.832309
-0.024988 -0.193588 0.980765
0.0261522 0.194138 0.980626
0.0697647 0.550456 0.831944
0.0923007 0.825551 0.556728
0.101729 0.975301 0.19606
0.0977519 0.976048 -0.194355
0.0807297 0.827982 -0.554913
-0.05363 -0.553565 0.831078
-0.0195274 -0.194184 0.980771
0.0292996 0.193821 0.980599
0.0854676 0.550284 0.830592
0.129397 0.822169 0.554342
0.155017 0.968702 0.193869
0.158841 0.967556 -0.196484
0.140577 0.818393 -0.5572
-0.101277 -0.544841 0.832401
-0.0371482 -0.191607 0.980768
0.0382496 0.192094 0.980631
0.101158 0.545409 0.832044
0.139763 0.818868 0.556706
0.158149 0.967781 0.195928
0.154456 0.968686 -0.194397
0.128934 0.821952 -0.554771
-0.0858445 -0.549722 0.830925
-0.030836 -0.192829 0.980748
0.0405775 0.191896 0.980576
0.117754 0.544466 0.830476
0.177805 0.813132 0.554258
0.212052 0.957821 0.193939
0.215636 0.956531 -0.19634
0.188223 0.808801 -0.557148
-0.132289 -0.538031 0.83248
-0.0483052 -0.189037 0.980781
0.049382 0.189463 0.980645
0.132184 0.538599 0.832129
0.187391 0.809317 0.556679
0.21495 0.956792 0.195822
0.211498 0.957846 -0.19442
0.177327 0.812977 -0.554639
-0.118148 -0.543895 0.830795
-0.0421713 -0.190759 0.980731
0.0518222 0.18927 0.980557
0.149889 0.536651 0.830385
0.226054 0.801104 0.554194
0.268995 0.943401 0.194002
0.27241 0.941961 -0.19622
0.235825 0.796256 -0.557102
-0.163185 -0.529372 0.832548
-0.0590177 -0.185889 0.980797
0.0601014 0.186246 0.980663
0.163106 0.529935 0.832205
0.234978 0.796816 0.556659
0.27171 0.942262 0.195742
0.268429 0.943473 -0.194432
0.225569 0.801014 -0.554522
-0.150305 -0.536066 0.830687
-0.0534563 -0.187975 0.980718
0.0630595 0.18591 0.980541
0.181907 0.526754 0.830325
0.274024 0.78601 0.554165
0.325508 0.925411 0.19406
0.328653 0.923864 -0.196119
0.282873 0.780804 -0.557071
-0.193668 -0.518896 0.83261
-0.069407 -0.182179 0.980813
0.0705064 0.182459 0.980682
0.193615 0.519451 0.832277
0.282025 0.781407 0.556655
0.32794 0.92421 0.195684
0.324926 0.925536 -0.194438
0.273534 0.78599 -0.554436
-0.18234 -0.526157 0.830609
-0.0647068 -0.184453 0.980709
0.0742903 0.181785 0.980528
0.213786 0.514716 0.830279
0.321523 0.767816 0.554149
0.381227 0.903872 0.194116
0.38389 0.902331 -0.196031
0.328916 0.762573 -0.557044
-0.223384 -0.506726 0.832663
-0.0795169 -0.177923 0.980826
0.0806245 0.178122 0.9807
0.223341 0.507275 0.83234
0.328076 0.763217 0.556657
0.383172 0.902721 0.195637
0.380641 0.904049 -0.194441
0.321044 0.767862 -0.554363
-0.214225 -0.514108 0.830542
-0.0759078 -0.180172 0.980702
0.0853546 0.176927 0.980516
0.245082 0.500644 0.830235
0.368072 0.746633 0.554132
0.435782 0.878859 0.194167
0.437946 0.877387 -0.195949
0.373957 0.741549 -0.557011
-0.252456 -0.492823 0.832701
-0.0894172 -0.173103 0.980836
0.0905128 0.173225 0.980714
0.252415 0.493369 0.83239
0.373137 0.742231 0.556652
0.437238 0.877818 0.195598
0.435207 0.879084 -0.194437
0.367623 0.746739 -0.554286
-0.245522 -0.500028 0.830476
-0.0868952 -0.175175 0.980695
0.0961677 0.171353 0.980505
0.275587 0.484591 0.830195
0.413393 0.722537 0.554118
0.488868 0.850465 0.194212
0.490545 0.849116 -0.195876
0.417804 0.717787 -0.556975
-0.280809 -0.477195 0.832725
-0.0990806 -0.167722 0.980843
0.100139 0.167779 0.980726
0.280767 0.47774 0.832427
0.417017 0.718499 0.556646
0.48986 0.849582 0.195569
0.488319 0.85073 -0.194428
0.412991 0.722695 -0.554212
-0.27602 -0.483969 0.830414
-0.0975882 -0.169485 0.980689
0.106661 0.165083 0.980495
0.305125 0.466614 0.830163
0.457239 0.695625 0.55411
0.540207 0.818805 0.194253
0.541418 0.817633 -0.195814
0.46024 0.691372 -0.556941
-0.308301 -0.459889 0.832738
-0.108478 -0.161782 0.980846
0.109473 0.161793 0.980734
0.308262 0.460432 0.832452
0.459496 0.692108 0.556642
0.540767 0.818126 0.195551
0.539697 0.819103 -0.194413
0.456897 0.695823 -0.554144
-0.305546 -0.46599 0.830358
-0.107927 -0.163125 0.980684
0.116762 0.158148 0.980488
0.333519 0.446802 0.83014
0.499371 0.666025 0.554111
0.589539 0.784025 0.19429
0.590314 0.783075 -0.195764
0.501056 0.662416 -0.55691
-0.334789 -0.440976 0.83274
-0.117571 -0.155296 0.980847
0.118485 0.15528 0.980739
0.33476 0.441512 0.832468
0.500363 0.663165 0.556641
0.589704 0.783589 0.195545
0.589074 0.784349 -0.194394
0.499096 0.666253 -0.554085
-0.333923 -0.44618 0.830313
-0.11785 -0.156127 0.980681
0.12641 0.150583 0.980482
0.360616 0.425254 0.830129
0.539575 0.633884 0.554121
0.63662 0.746293 0.194323
0.636993 0.745608 -0.195727
0.540039 0.631061 -0.556884
-0.360122 -0.420555 0.832734
-0.126303 -0.148293 0.980845
0.127142 0.148256 0.980742
0.360096 0.421089 0.832475
0.539401 0.631817 0.556645
0.636425 0.746139 0.195552
0.636203 0.746636 -0.194373
0.53937 0.634131 -0.554037
-0.360999 -0.424637 0.830279
-0.127308 -0.148527 0.980679
0.135569 0.142413 0.980479
0.386299 0.402068 0.830129
0.577668 0.599356 0.55414
0.681231 0.705798 0.194351
0.681224 0.705433 -0.195702
0.576983 0.59749 -0.556863
-0.384162 -0.398745 0.832719
-0.134604 -0.140833 0.98084
0.135377 0.140774 0.980742
0.384124 0.399293 0.832475
0.576403 0.598244 0.556654
0.680706 0.705969 0.19557
0.680869 0.706149 -0.194349
0.577536 0.599612 -0.554002
-0.386657 -0.40146 0.830257
-0.136263 -0.14036 0.980679
0.144186 0.13369 0.980478
0.410435 0.37738 0.830137
0.613471 0.562631 0.554166
0.723174 0.66275 0.194375
0.722819 0.66275 -0.19569
0.611736 0.561874 -0.556845
-0.406811 -0.375665 0.832695
-0.142431 -0.132965 0.980833
0.143132 0.132899 0.98074
0.406756 0.376235 0.832464
0.611217 0.562617 0.556665
0.722361 0.663277 0.195599
0.722874 0.663092 -0.194322
0.613414 0.56288 -0.553976
-0.410765 -0.376787 0.830243
-0.144662 -0.131682 0.98068
0.152208 0.124476 0.980479
0.4329 0.351343 0.830154
0.646823 0.523912 0.554198
0.762278 0.617368 0.194393
0.761623 0.617767 -0.19569
0.644175 0.524382 -0.556831
-0.427982 -0.351436 0.832661
-0.149761 -0.124729 0.980823
0.150386 0.124673 0.980735
0.427917 0.352029 0.832444
0.64372 0.525102 0.556679
0.761227 0.618271 0.195638
0.762042 0.617691 -0.194293
0.646838 0.524146 -0.55396
-0.4332 -0.35077 0.83024
-0.152466 -0.122546 0.980682
0.159598 0.114826 0.980481
0.453603 0.324107 0.83018
0.677596 0.483409 0.554238
0.798395 0.569888 0.194405
0.797489 0.570711 -0.195704
0.674186 0.485204 -0.556822
-0.447601 -0.326194 0.832617
-0.156572 -0.116171 0.980811
0.157123 0.11614 0.980726
0.447532 0.32681 0.832413
0.673795 0.485891 0.556696
0.797156 0.571181 0.19569
0.798221 0.570181 -0.19426
0.677676 0.483621 -0.553955
-0.453874 -0.323555 0.830247
-0.159645 -0.113005 0.980685
0.166324 0.104799 0.980486
0.472463 0.295832 0.830218
0.705676 0.441349 0.554286
0.831396 0.520562 0.19441
0.830294 0.521825 -0.195733
0.701667 0.444542 -0.556817
-0.465614 -0.300074 0.832562
-0.162853 -0.107331 0.980795
0.163335 0.107335 0.980715
0.465546 0.300711 0.83237
0.701339 0.445184 0.556717
0.83002 0.522252 0.195754
0.831279 0.520819 -0.194225
0.705814 0.441533 -0.553963
-0.472707 -0.295304 0.830267
-0.166173 -0.103116 0.98069
0.172359 0.0944568 0.980495
0.489413 0.266688 0.830272
0.730972 0.397971 0.554345
0.861173 0.469668 0.194406
0.859927 0.471375 -0.195783
0.72654 0.402606 -0.55682
-0.481986 -0.273205 0.832496
-0.168616 -0.098208 0.980777
0.169034 0.0982576 0.9807
0.481925 0.273858 0.832316
0.726272 0.403193 0.556744
0.859711 0.471748 0.195834
0.861107 0.469878 -0.194187
0.731161 0.398122 -0.553988
-0.489634 -0.26618 0.830305
-0.172029 -0.0929369 0.980698
0.177682 0.0838568 0.980509
0.504408 0.236836 0.83035
0.753416 0.353524 0.554423
0.887637 0.417508 0.194389
0.886296 0.419663 -0.19586
0.748735 0.359626 -0.556835
-0.496703 -0.245695 0.832418
-0.1739 -0.088721 0.980759
0.174261 0.0888211 0.980685
0.496654 0.246359 0.832251
0.748525 0.360147 0.556781
0.886135 0.419969 0.195936
0.887619 0.417661 -0.194145
0.753648 0.353634 -0.554038
-0.504611 -0.236342 0.830368
-0.177197 -0.0825285 0.980709
0.182287 0.0730182 0.98053
0.517436 0.206368 0.830465
0.772981 0.308221 0.554527
0.910728 0.364419 0.194355
0.909316 0.367067 -0.195977
0.768186 0.315897 -0.556865
-0.509763 -0.217656 0.832327
-0.178787 -0.0785978 0.980743
0.179094 0.0787496 0.980675
0.509728 0.218318 0.832175
0.76803 0.316337 0.556831
0.909206 0.367291 0.196067
0.91075 0.3645 -0.194097
0.773248 0.308277 -0.554124
-0.517628 -0.205879 0.830467
-0.181677 -0.0719177 0.980725
0.186203 0.0618464 0.980563
0.528564 0.175177 0.830622
0.789702 0.262158 0.554657
0.93041 0.310785 0.194293
0.928892 0.314147 -0.19614
0.784809 0.2719 -0.556907
-0.521159 -0.189257 0.832211
-0.183417 -0.0671858 0.980737
0.183663 0.0673888 0.980677
0.521134 0.189913 0.832077
0.784708 0.272234 0.556886
0.928834 0.314263 0.196228
0.930468 0.310768 -0.194044
0.789995 0.26213 -0.554252
-0.528751 -0.174682 0.830608
-0.185508 -0.0610401 0.980745
0.189526 0.0500152 0.980601
0.537979 0.14274 0.830785
0.803689 0.215197 0.554775
0.946674 0.257083 0.19421
0.944918 0.261907 -0.196301
0.798499 0.228627 -0.556892
-0.530911 -0.160829 0.832026
-0.187985 -0.0532183 0.980729
0.188133 0.0534945 0.980686
0.53088 0.161492 0.831917
0.798464 0.228807 0.556869
0.944918 0.261862 0.19636
0.946762 0.256913 -0.194002
0.804 0.215006 -0.554397
-0.538167 -0.142229 0.830751
-0.188797 -0.0496523 0.98076
0.192418 0.0369999 0.980615
0.545963 0.108296 0.83078
0.815047 0.167211 0.554742
0.959467 0.204219 0.194209
0.957277 0.212442 -0.196185
0.80914 0.188586 -0.556532
-0.5392 -0.132742 0.831651
-0.19266 -0.0347868 0.980649
0.19261 0.0352733 0.980641
0.539159 0.133418 0.831569
0.809201 0.188514 0.556467
0.957348 0.212126 0.19618
0.959585 0.203786 -0.194083
0.815355 0.166696 -0.554444
-0.546157 -0.107735 0.830726
-0.191737 -0.0373955 0.980734
0.194734 0.0241624 0.980558
0.552196 0.0750558 0.830329
0.823426 0.121448 0.554275
0.968563 0.155217 0.194406
0.965834 0.170547 -0.195137
0.816138 0.160505 -0.555118
-0.546568 -0.102857 0.831074
-0.196836 -0.00822365 0.980402
0.196398 0.00933448 0.98048
0.546621 0.103164 0.831001
0.816367 0.159977 0.554934
0.96597 0.169862 0.195062
0.968706 0.154368 -0.194369
0.823657 0.120412 -0.554157
-0.55242 -0.0741752 0.830259
-0.194278 -0.0256708 0.980611
0.195867 0.0177207 0.98047
0.555369 0.057044 0.829645
0.827905 0.0931945 0.553071
0.97361 0.120607 0.193748
0.971895 0.132529 -0.194566
0.823436 0.121169 -0.55432
-0.55127 -0.0686743 0.831496
-0.194697 -0.0122968 0.980786
0.194217 0.0144028 0.980853
0.551343 0.0674731 0.831546
0.823714 0.119694 0.554227
0.972041 0.13148 0.194551
0.973769 0.119436 -0.193674
0.828161 0.0915038 -0.552971
-0.555517 -0.056571 0.829578
-0.195323 -0.0206022 0.980523
0.195838 0.0196673 0.980439
0.554575 0.0637692 0.829687
0.827333 0.0991955 0.552884
0.97387 0.119724 0.192983
0.972931 0.122512 -0.19595
0.82459 0.106502 -0.555616
-0.551113 -0.0637044 0.831995
-0.19347 -0.0146714 0.980997
0.193396 0.0199723 0.980917
0.551036 0.0620513 0.832171
0.824806 0.102227 0.556097
0.973106 0.120872 0.196101
0.974147 0.117861 -0.192733
0.828056 0.0956882 -0.552419
-0.554645 -0.0636759 0.829647
-0.194352 -0.024906 0.980616
0.202798 0.00675178 0.979197
0.57023 0.0284399 0.820992
0.84597 0.0380622 0.53187
0.98801 0.0142215 0.153731
0.967455 -0.0421076 -0.249517
0.78854 -0.116284 -0.60389
-0.518049 0.0926344 0.85032
-0.170974 0.0831221 0.981763
0.17356 -0.0681069 0.982465
0.501072 -0.156131 0.851205
0.788464 -0.117078 0.603835
0.967723 -0.0400665 0.24881
0.988178 0.01147 -0.152884
0.849329 0.0237379 -0.527329
-0.568103 -0.0334632 0.822277
-0.197011 -0.019649 0.980204
-0.0898228 0.994442 -0.0549343
0.00257188 0.000343963 0.999997
</DataArray>
<DataArray type="Float64" Name="cell vector length" format="ascii">
0.0327692 0.0361272 0.042205 0.045324 0.0463231 0.0435161 0.0387668 0.0302842 0.0302732 0.0358982 0.0437486 0.046148 0.0457908 0.0419317 0.0391808 0.0335828 0.379047 0.380472 0.381712 0.382697 0.38171 0.378572 0.376343 0.382043 0.382846 0.378607 0.378636 0.381678 0.382679 0.381764 0.378555 0.378429 0.468951 0.472813 0.477678 0.480152 0.477718 0.469546 0.462763 0.470477 0.471129 0.464069 0.469485 0.477617 0.480143 0.477679 0.471467 0.468535 0.503975 0.503141 0.50045 0.494149 0.482815 0.464116 0.428004 0.381858 0.382698 0.428934 0.46388 0.482653 0.494139 0.500478 0.502376 0.503788 0.512434 0.513032 0.511812 0.505844 0.493503 0.471102 0.433573 0.39244 0.39274 0.433612 0.470941 0.493364 0.505784 0.511813 0.513006 0.512521 0.512421 0.514064 0.514201 0.509103 0.496531 0.472357 0.43369 0.394417 0.394304 0.432976 0.472298 0.496455 0.509047 0.514143 0.514514 0.51259 0.511322 0.512991 0.513461 0.508895 0.496703 0.472356 0.433393 0.393714 0.393258 0.43178 0.472353 0.496671 0.508851 0.513385 0.514045 0.511627 0.51012 0.511395 0.511714 0.507492 0.495937 0.471999 0.433214 0.392123 0.391318 0.430579 0.472033 0.495944 0.507468 0.511657 0.513225 0.510629 0.508845 0.50962 0.509617 0.505652 0.49479 0.47138 0.432971 0.390106 0.388945 0.429239 0.471433 0.494826 0.505658 0.509604 0.51233 0.509598 0.507507 0.507791 0.507457 0.503686 0.493455 0.470516 0.432545 0.387903 0.386376 0.427668 0.470584 0.493519 0.503734 0.507502 0.511435 0.508525 0.506114 0.505877 0.505258 0.501655 0.491976 0.469448 0.432118 0.385937 0.384039 0.426081 0.469531 0.492072 0.501752 0.505366 0.510485 0.507413 0.50471 0.503984 0.503149 0.499682 0.490435 0.468213 0.431633 0.384191 0.38192 0.424443 0.468316 0.490567 0.499829 0.503319 0.509569 0.506301 0.503371 0.502171 0.50113 0.497754 0.488812 0.466791 0.431037 0.382586 0.379939 0.422712 0.466919 0.488984 0.49795 0.501357 0.508724 0.505256 0.502156 0.500473 0.499214 0.495866 0.487106 0.465206 0.430384 0.381183 0.378161 0.420949 0.465363 0.48732 0.49611 0.499492 0.507966 0.504333 0.501083 0.498907 0.497417 0.494034 0.48534 0.46349 0.429697 0.380008 0.376615 0.419189 0.46368 0.485598 0.494323 0.497737 0.507304 0.503547 0.500154 0.497485 0.495752 0.492269 0.483529 0.461668 0.428993 0.379069 0.375316 0.417462 0.461898 0.483832 0.492598 0.496105 0.506741 0.502897 0.499385 0.496211 0.494214 0.490567 0.481678 0.459754 0.428271 0.378363 0.37428 0.415791 0.46003 0.482026 0.490933 0.494594 0.506276 0.502395 0.498792 0.495098 0.492807 0.488924 0.479784 0.457749 0.427517 0.37787 0.373463 0.414141 0.458071 0.480173 0.489323 0.493209 0.505916 0.502057 0.498382 0.494156 0.491527 0.487325 0.477829 0.455643 0.426751 0.377617 0.372892 0.412529 0.456006 0.478256 0.487753 0.491947 0.50567 0.501886 0.498167 0.493389 0.490366 0.485754 0.475792 0.453415 0.425963 0.377603 0.372578 0.410951 0.453813 0.47625 0.486205 0.4908 0.505539 0.501895 0.498141 0.492797 0.489318 0.484196 0.473653 0.451046 0.425142 0.377833 0.372528 0.4094 0.45147 0.474135 0.484667 0.489765 0.505527 0.502076 0.498295 0.492372 0.488376 0.48264 0.471398 0.448516 0.424275 0.3783 0.372734 0.407858 0.448954 0.471896 0.483128 0.488837 0.505626 0.502419 0.498619 0.492111 0.487531 0.481072 0.469011 0.445805 0.423344 0.378974 0.373166 0.406305 0.446243 0.469515 0.481575 0.488011 0.505835 0.502914 0.499101 0.491998 0.486752 0.479455 0.46647 0.442904 0.422339 0.379785 0.373749 0.404724 0.443324 0.466969 0.479971 0.487256 0.506142 0.503549 0.499751 0.491995 0.485936 0.477666 0.463702 0.4398 0.421264 0.38057 0.374313 0.403108 0.440176 0.464183 0.478195 0.486477 0.506523 0.504338 0.500517 0.491893 0.484695 0.475278 0.460405 0.436364 0.420064 0.380895 0.374406 0.401383 0.436659 0.460849 0.475819 0.485299 0.506801 0.505242 0.500657 0.490562 0.481511 0.470682 0.455259 0.43172 0.418021 0.379215 0.372439 0.398767 0.431871 0.455639 0.471234 0.482216 0.505939 0.505559 0.494789 0.482033 0.46992 0.457297 0.442073 0.420626 0.409645 0.367975 0.360729 0.389544 0.420572 0.442368 0.457849 0.47075 0.498225 0.500014 0.4525 0.43606 0.420167 0.405005 0.388981 0.369855 0.352585 0.29443 0.286058 0.330262 0.369593 0.389166 0.405516 0.420923 0.454126 0.458436 0.414058 0.403534 0.397937 0.393316 0.386462 0.378369 0.400755 0.409747 0.402595 0.379841 0.377475 0.386552 0.393711 0.399146 0.423216 0.420788 0.373062 0.359628 0.350527 0.342621 0.334015 0.32705 0.351571 0.354907 0.347856 0.330576 0.327276 0.334377 0.342343 0.350516 0.380346 0.38023 0.102526 0.0951574 0.090775 0.0806898 0.0676074 0.0498684 0.0625376 0.0539146 0.049989 0.0475336 0.055128 0.0678986 0.0795226 0.0869518 0.114119 0.107794 0.00554492 0.0152124 
</DataArray>
<DataArray type="Float64" Name="cell variable 4" format="ascii">
699.921 696.779 693.791 691.13 692.237 694.926 698.245 698.468 699.275 697.987 696.307 692.303 691.385 692.392 697.195 699.35 1177.92 1173.88 1170.81 1168.32 1168.47 1170.94 1173.16 1178.8 1179.28 1174.42 1171.88 1168.99 1167.85 1169.86 1172.96 1177.65 1391.99 1390.26 1391.71 1391.09 1390.2 1387.61 1381.67 1381.4 1381.96 1381.56 1388.01 1390.4 1390.91 1391.34 1390.3 1392.13 1499.43 1485.89 1466.18 1437.68 1406.2 1373.91 1344.37 1327.84 1328.89 1345.09 1373.97 1406.15 1437.64 1466.33 1487.16 1500.06 1540.16 1521.83 1494.8 1460.6 1425.96 1392.15 1364.75 1346.3 1346.46 1363.56 1392.07 1425.87 1460.67 1495.12 1524.58 1541.19 1551.23 1530.18 1499.38 1463.16 1427.42 1391.73 1365.7 1348.08 1347.32 1362.7 1391.68 1427.4 1463.3 1499.73 1534.41 1552.6 1557.02 1532.58 1497.59 1459.29 1423.05 1386.96 1363.66 1346.77 1345.28 1358.67 1387.01 1423.12 1459.51 1497.92 1538.39 1558.75 1561.25 1533.11 1493.66 1453.28 1416.86 1381.22 1361.51 1345.06 1342.85 1354.31 1381.36 1417.02 1453.52 1493.97 1540.83 1563.45 1564.51 1532.82 1489 1446.66 1410.27 1375.34 1359.59 1343.36 1340.45 1350.06 1375.56 1410.51 1446.93 1489.3 1542.69 1567.28 1567.06 1532.08 1484.36 1440.24 1403.95 1369.71 1357.96 1341.85 1338.23 1346.02 1369.99 1404.24 1440.55 1484.68 1544.24 1570.46 1569.01 1530.94 1480.06 1434.33 1397.97 1364.41 1356.61 1340.73 1336.4 1342.24 1364.75 1398.3 1434.68 1480.42 1545.46 1573.09 1570.35 1529.5 1476.14 1429.1 1392.64 1359.63 1355.52 1339.84 1334.78 1338.74 1359.99 1393 1429.49 1476.55 1546.42 1575.15 1571.18 1527.86 1472.49 1424.43 1387.85 1355.23 1354.59 1339.03 1333.25 1335.46 1355.62 1388.25 1424.85 1472.94 1547.16 1576.72 1571.63 1526.12 1469.11 1420.25 1383.56 1351.25 1353.86 1338.39 1331.89 1332.45 1351.66 1383.99 1420.71 1469.6 1547.73 1577.92 1571.74 1524.33 1466.04 1416.6 1379.8 1347.68 1353.34 1337.93 1330.72 1329.73 1348.12 1380.26 1417.1 1466.57 1548.16 1578.77 1571.5 1522.53 1463.32 1413.51 1376.57 1344.57 1353.04 1337.67 1329.77 1327.34 1345.04 1377.06 1414.03 1463.9 1548.46 1579.24 1570.92 1520.71 1460.97 1410.97 1373.88 1341.91 1352.95 1337.62 1329.05 1325.28 1342.4 1374.4 1411.52 1461.58 1548.58 1579.36 1570.02 1518.83 1458.92 1408.92 1371.68 1339.69 1353.06 1337.76 1328.55 1323.56 1340.19 1372.23 1409.5 1459.56 1548.48 1579.09 1568.73 1516.89 1457.11 1407.27 1369.92 1337.86 1353.35 1338.08 1328.25 1322.15 1338.39 1370.48 1407.88 1457.77 1548.15 1578.4 1567.07 1514.85 1455.47 1405.98 1368.52 1336.41 1353.81 1338.56 1328.16 1321.05 1336.95 1369.11 1406.61 1456.15 1547.55 1577.3 1565.01 1512.68 1453.99 1404.98 1367.46 1335.3 1354.45 1339.22 1328.28 1320.27 1335.86 1368.07 1405.63 1454.68 1546.68 1575.74 1562.5 1510.33 1452.63 1404.27 1366.72 1334.54 1355.28 1340.06 1328.63 1319.82 1335.12 1367.35 1404.95 1453.33 1545.48 1573.68 1559.46 1507.79 1451.38 1403.84 1366.3 1334.13 1356.33 1341.1 1329.21 1319.71 1334.72 1366.94 1404.53 1452.09 1543.95 1571.04 1555.8 1504.98 1450.19 1403.64 1366.15 1334.05 1357.6 1342.32 1330 1319.94 1334.65 1366.81 1404.34 1450.91 1542.03 1567.73 1551.41 1501.76 1448.89 1403.47 1366.1 1334.21 1359.06 1343.65 1330.92 1320.48 1334.8 1366.77 1404.17 1449.62 1539.56 1563.64 1545.79 1497.49 1446.7 1402.49 1365.43 1334.06 1360.32 1344.63 1331.52 1320.92 1334.64 1366.09 1403.2 1447.44 1535.93 1558.27 1535.88 1488.85 1439.99 1397.07 1360.84 1330.89 1358.85 1342.8 1329.31 1318.78 1331.4 1361.47 1397.79 1440.76 1527.76 1548.57 1504.09 1458.6 1412.04 1371.07 1336.97 1310.48 1340.3 1324.27 1310.58 1300.19 1310.91 1337.55 1371.77 1412.84 1497.31 1516.78 1370.14 1331.36 1292.5 1256.89 1225.04 1199.08 1222.81 1208.6 1196.09 1186.4 1199.36 1225.47 1257.44 1293.13 1366.38 1381.7 1235.91 1212.1 1197.93 1193.36 1194.15 1197.84 1240.25 1243.28 1232.64 1208.79 1197.81 1194.27 1193.65 1198.32 1243.6 1246.39 1095.26 1073.42 1059.57 1053.47 1052.17 1053.62 1089.48 1091.53 1083.2 1063.83 1054.26 1052.16 1053.3 1059.15 1100.78 1104.45 736.781 728.192 723.514 721.389 718.438 717.876 734.975 734.16 727.818 719.978 717.267 718.432 721.247 722.922 743.686 741.794 589.91 745.326 
</DataArray>
<DataArray type="Float64" Name="cell variable 5" format="ascii">
0.0830227 0.0830227 0.0830227 0.0830227 0.0830227 0.0830227 0.0830227 0.0830227 0.0830227 0.0830227 0.0830227 0.0830227 0.0830227 0.0830227 0.0830227 0.0830227 0.0830227 0.0830227 0.0830227 0.0830227 0.0830227 0.0830227 0.0830227 0.0830227 0.0830227 0.0830227 0.0830227 0.0830227 0.0830227 0.0830227 0.0830227 0.0830227 0.0830227 0.0830227 0.0830227 0.0830227 0.0830227 0.0830227 0.0830227 0.0830227 0.0830227 0.0830227 0.0830227 0.0830227 0.0830227 0.0830227 0.0830227 0.0830227 0.125475 0.116158 0.101122 0.0867864 0.0830227 0.0830227 0.0830227 0.0830227 0.0830227 0.0830227 0.0830227 0.0830227 0.0867864 0.101122 0.116158 0.125475 0.141969 0.129036 0.108151 0.0882439 0.0830227 0.0830227 0.0830227 0.0830227 0.0830227 0.0830227 0.0830227 0.0830227 0.0882439 0.108151 0.129036 0.141969 0.151526 0.136508 0.112228 0.0890926 0.0830227 0.0830227 0.0830227 0.0830227 0.0830227 0.0830227 0.0830227 0.0830227 0.0890926 0.112228 0.136508 0.151526 0.158481 0.141913 0.115199 0.0897198 0.0830227 0.0830227 0.0830227 0.0830227 0.0830227 0.0830227 0.0830227 0.0830227 0.0897198 0.115199 0.141913 0.158481 0.163905 0.146157 0.117505 0.0901995 0.0830227 0.0830227 0.0830227 0.0830227 0.0830227 0.0830227 0.0830227 0.0830227 0.0901995 0.117505 0.146157 0.163905 0.168278 0.14957 0.119368 0.090587 0.0830227 0.0830227 0.0830227 0.0830227 0.0830227 0.0830227 0.0830227 0.0830227 0.090587 0.119368 0.14957 0.168278 0.171857 0.152356 0.120899 0.0909006 0.0830227 0.0830227 0.0830227 0.0830227 0.0830227 0.0830227 0.0830227 0.0830227 0.0909006 0.120899 0.152356 0.171857 0.174754 0.154625 0.122136 0.0911589 0.0830227 0.0830227 0.0830227 0.0830227 0.0830227 0.0830227 0.0830227 0.0830227 0.0911589 0.122136 0.154625 0.174754 0.177078 0.156452 0.123132 0.0913618 0.0830227 0.0830227 0.0830227 0.0830227 0.0830227 0.0830227 0.0830227 0.0830227 0.0913618 0.123132 0.156452 0.177078 0.178886 0.157854 0.123888 0.0915279 0.0830227 0.0830227 0.0830227 0.0830227 0.0830227 0.0830227 0.0830227 0.0830227 0.0915279 0.123888 0.157854 0.178886 0.180215 0.158887 0.12446 0.0916386 0.0830227 0.0830227 0.0830227 0.0830227 0.0830227 0.0830227 0.0830227 0.0830227 0.0916386 0.12446 0.158887 0.180215 0.1811 0.15957 0.124829 0.0917308 0.0830227 0.0830227 0.0830227 0.0830227 0.0830227 0.0830227 0.0830227 0.0830227 0.0917308 0.124829 0.15957 0.1811 0.181524 0.15992 0.125014 0.0917677 0.0830227 0.0830227 0.0830227 0.0830227 0.0830227 0.0830227 0.0830227 0.0830227 0.0917677 0.125014 0.15992 0.181524 0.181524 0.15992 0.125014 0.0917677 0.0830227 0.0830227 0.0830227 0.0830227 0.0830227 0.0830227 0.0830227 0.0830227 0.0917677 0.125014 0.15992 0.181524 0.1811 0.15957 0.124829 0.0917308 0.0830227 0.0830227 0.0830227 0.0830227 0.0830227 0.0830227 0.0830227 0.0830227 0.0917308 0.124829 0.15957 0.1811 0.180215 0.158887 0.12446 0.0916386 0.0830227 0.0830227 0.0830227 0.0830227 0.0830227 0.0830227 0.0830227 0.0830227 0.0916386 0.12446 0.158887 0.180215 0.178886 0.157854 0.123888 0.0915279 0.0830227 0.0830227 0.0830227 0.0830227 0.0830227 0.0830227 0.0830227 0.0830227 0.0915279 0.123888 0.157854 0.178886 0.177078 0.156452 0.123132 0.0913618 0.0830227 0.0830227 0.0830227 0.0830227 0.0830227 0.0830227 0.0830227 0.0830227 0.0913618 0.123132 0.156452 0.177078 0.174754 0.154625 0.122136 0.0911589 0.0830227 0.0830227 0.0830227 0.0830227 0.0830227 0.0830227 0.0830227 0.0830227 0.0911589 0.122136 0.154625 0.174754 0.171857 0.152356 0.120899 0.0909006 0.0830227 0.0830227 0.0830227 0.0830227 0.0830227 0.0830227 0.0830227 0.0830227 0.0909006 0.120899 0.152356 0.171857 0.168278 0.14957 0.119368 0.090587 0.0830227 0.0830227 0.0830227 0.0830227 0.0830227 0.0830227 0.0830227 0.0830227 0.090587 0.119368 0.14957 0.168278 0.163905 0.146157 0.117505 0.0901995 0.0830227 0.0830227 0.0830227 0.0830227 0.0830227 0.0830227 0.0830227 0.0830227 0.0901995 0.117505 0.146157 0.163905 0.158481 0.141913 0.115199 0.0897198 0.0830227 0.0830227 0.0830227 0.0830227 0.0830227 0.0830227 0.0830227 0.0830227 0.0897198 0.115199 0.141913 0.158481 0.151526 0.136508 0.112228 0.0890926 0.0830227 0.0830227 0.0830227 0.0830227 0.0830227 0.0830227 0.0830227 0.0830227 0.0890926 0.112228 0.136508 0.151526 0.141969 0.129036 0.108151 0.0882439 0.0830227 0.0830227 0.0830227 0.0830227 0.0830227 0.0830227 0.0830227 0.0830227 0.0882439 0.108151 0.129036 0.141969 0.125475 0.116158 0.101122 0.0867864 0.0830227 0.0830227 0.0830227 0.0830227 0.0830227 0.0830227 0.0830227 0.0830227 0.0867864 0.101122 0.116158 0.125475 0.0830227 0.0830227 0.0830227 0.0830227 0.0830227 0.0830227 0.0830227 0.0830227 0.0830227 0.0830227 0.0830227 0.0830227 0.0830227 0.0830227 0.0830227 0.0830227 0.0830227 0.0830227 0.0830227 0.0830227 0.0830227 0.0830227 0.0830227 0.0830227 0.0830227 0.0830227 0.0830227 0.0830227 0.0830227 0.0830227 0.0830227 0.0830227 0.0830227 0.0830227 0.0830227 0.0830227 0.0830227 0.0830227 0.0830227 0.0830227 0.0830227 0.0830227 0.0830227 0.0830227 0.0830227 0.0830227 0.0830227 0.0830227 0.0830227 0.0830227 
</DataArray>
<DataArray type="Float64" Name="cell variable 6" format="ascii">
0.999131 0.999131 0.999131 0.999131 0.999131 0.999131 0.999131 0.999131 0.999131 0.999131 0.999131 0.999131 0.999131 0.999131 0.999131 0.999131 0.999131 0.999131 0.999131 0.999131 0.999131 0.999131 0.999131 0.999131 0.999131 0.999131 0.999131 0.999131 0.999131 0.999131 0.999131 0.999131 0.999131 0.999131 0.999131 0.999131 0.999131 0.999131 0.999131 0.999131 0.999131 0.999131 0.999131 0.999131 0.999131 0.999131 0.999131 0.999131 0.999033 0.999048 0.999075 0.999111 0.999131 0.999131 0.999131 0.999131 0.999131 0.999131 0.999131 0.999131 0.999111 0.999075 0.999048 0.999033 0.998995 0.999015 0.999054 0.999104 0.999131 0.999131 0.999131 0.999131 0.999131 0.999131 0.999131 0.999131 0.999104 0.999054 0.999015 0.998995 0.998973 0.998997 0.999041 0.999099 0.999131 0.999131 0.999131 0.999131 0.999131 0.999131 0.999131 0.999131 0.999099 0.999041 0.998997 0.998973 0.998957 0.998983 0.999032 0.999096 0.999131 0.999131 0.999131 0.999131 0.999131 0.999131 0.999131 0.999131 0.999096 0.999032 0.998983 0.998957 0.998944 0.998972 0.999025 0.999094 0.999131 0.999131 0.999131 0.999131 0.999131 0.999131 0.999131 0.999131 0.999094 0.999025 0.998972 0.998944 0.998934 0.998964 0.999019 0.999091 0.999131 0.999131 0.999131 0.999131 0.999131 0.999131 0.999131 0.999131 0.999091 0.999019 0.998964 0.998934 0.998926 0.998957 0.999015 0.99909 0.999131 0.999131 0.999131 0.999131 0.999131 0.999131 0.999131 0.999131 0.99909 0.999015 0.998957 0.998926 0.998919 0.998951 0.999011 0.999089 0.999131 0.999131 0.999131 0.999131 0.999131 0.999131 0.999131 0.999131 0.999089 0.999011 0.998951 0.998919 0.998914 0.998947 0.999008 0.999088 0.999131 0.999131 0.999131 0.999131 0.999131 0.999131 0.999131 0.999131 0.999088 0.999008 0.998947 0.998914 0.99891 0.998943 0.999005 0.999087 0.999131 0.999131 0.999131 0.999131 0.999131 0.999131 0.999131 0.999131 0.999087 0.999005 0.998943 0.99891 0.998907 0.998941 0.999004 0.999086 0.999131 0.999131 0.999131 0.999131 0.999131 0.999131 0.999131 0.999131 0.999086 0.999004 0.998941 0.998907 0.998904 0.998939 0.999002 0.999086 0.999131 0.999131 0.999131 0.999131 0.999131 0.999131 0.999131 0.999131 0.999086 0.999002 0.998939 0.998904 0.998903 0.998938 0.999002 0.999085 0.999131 0.999131 0.999131 0.999131 0.999131 0.999131 0.999131 0.999131 0.999085 0.999002 0.998938 0.998903 0.998903 0.998938 0.999002 0.999085 0.999131 0.999131 0.999131 0.999131 0.999131 0.999131 0.999131 0.999131 0.999085 0.999002 0.998938 0.998903 0.998904 0.998939 0.999002 0.999086 0.999131 0.999131 0.999131 0.999131 0.999131 0.999131 0.999131 0.999131 0.999086 0.999002 0.998939 0.998904 0.998907 0.998941 0.999004 0.999086 0.999131 0.999131 0.999131 0.999131 0.999131 0.999131 0.999131 0.999131 0.999086 0.999004 0.998941 0.998907 0.99891 0.998943 0.999005 0.999087 0.999131 0.999131 0.999131 0.999131 0.999131 0.999131 0.999131 0.999131 0.999087 0.999005 0.998943 0.99891 0.998914 0.998947 0.999008 0.999088 0.999131 0.999131 0.999131 0.999131 0.999131 0.999131 0.999131 0.999131 0.999088 0.999008 0.998947 0.998914 0.998919 0.998951 0.999011 0.999089 0.999131 0.999131 0.999131 0.999131 0.999131 0.999131 0.999131 0.999131 0.999089 0.999011 0.998951 0.998919 0.998926 0.998957 0.999015 0.99909 0.999131 0.999131 0.999131 0.999131 0.999131 0.999131 0.999131 0.999131 0.99909 0.999015 0.998957 0.998926 0.998934 0.998964 0.999019 0.999091 0.999131 0.999131 0.999131 0.999131 0.999131 0.999131 0.999131 0.999131 0.999091 0.999019 0.998964 0.998934 0.998944 0.998972 0.999025 0.999094 0.999131 0.999131 0.999131 0.999131 0.999131 0.999131 0.999131 0.999131 0.999094 0.999025 0.998972 0.998944 0.998957 0.998983 0.999032 0.999096 0.999131 0.999131 0.999131 0.999131 0.999131 0.999131 0.999131 0.999131 0.999096 0.999032 0.998983 0.998957 0.998973 0.998997 0.999041 0.999099 0.999131 0.999131 0.999131 0.999131 0.999131 0.999131 0.999131 0.999131 0.999099 0.999041 0.998997 0.998973 0.998995 0.999015 0.999054 0.999104 0.999131 0.999131 0.999131 0.999131 0.999131 0.999131 0.999131 0.999131 0.999104 0.999054 0.999015 0.998995 0.999033 0.999048 0.999075 0.999111 0.999131 0.999131 0.999131 0.999131 0.999131 0.999131 0.999131 0.999131 0.999111 0.999075 0.999048 0.999033 0.999131 0.999131 0.999131 0.999131 0.999131 0.999131 0.999131 0.999131 0.999131 0.999131 0.999131 0.999131 0.999131 0.999131 0.999131 0.999131 0.999131 0.999131 0.999131 0.999131 0.999131 0.999131 0.999131 0.999131 0.999131 0.999131 0.999131 0.999131 0.999131 0.999131 0.999131 0.999131 0.999131 0.999131 0.999131 0.999131 0.999131 0.999131 0.999131 0.999131 0.999131 0.999131 0.999131 0.999131 0.999131 0.999131 0.999131 0.999131 0.999131 0.999131 
</DataArray>
<DataArray type="Float64" Name="cell variable 7" format="ascii">
0 0 0 0 0 0 0 0 0 0 0 0 0 0 0 0 0 0 0 0 0 0 0 0 0 0 0 0 0 0 0 0 0 0 0 0 0 0 0 0 0 0 0 0 0 0 0 0 0 0 0 0 0 0 0 0 0 0 0 0 0 0 0 0 0 0 0 0 0 0 0 0 0 0 0 0 0 0 0 0 0 0 0 0 0 0 0 0 0 0 0 0 0 0 0 0 0 0 0 0 0 0 0 0 0 0 0 0 0 0 0 0 0 0 0 0 0 0 0 0 0 0 0 0 0 0 0 0 0 0 0 0 0 0 0 0 0 0 0 0 0 0 0 0 0 0 0 0 0 0 0 0 0 0 0 0 0 0 0 0 0 0 0 0 0 0 0 0 0 0 0 0 0 0 0 0 0 0 0 0 0 0 0 0 0 0 0 0 0 0 0 0 0 0 0 0 0 0 0 0 0 0 0 0 0 0 0 0 0 0 0 0 0 0 0 0 0 0 0 0 0 0 0 0 0 0 0 0 0 0 0 0 0 0 0 0 0 0 0 0 0 0 0 0 0 0 0 0 0 0 0 0 0 0 0 0 0 0 0 0 0 0 0 0 0 0 0 0 0 0 0 0 0 0 0 0 0 0 0 0 0 0 0 0 0 0 0 0 0 0 0 0 0 0 0 0 0 0 0 0 0 0 0 0 0 0 0 0 0 0 0 0 0 0 0 0 0 0 0 0 0 0 0 0 0 0 0 0 0 0 0 0 0 0 0 0 0 0 0 0 0 0 0 0 0 0 0 0 0 0 0 0 0 0 0 0 0 0 0 0 0 0 0 0 0 0 0 0 0 0 0 0 0 0 0 0 0 0 0 0 0 0 0 0 0 0 0 0 0 0 0 0 0 0 0 0 0 0 0 0 0 0 0 0 0 0 0 0 0 0 0 0 0 0 0 0 0 0 0 0 0 0 0 0 0 0 0 0 0 0 0 0 0 0 0 0 0 0 0 0 0 0 0 0 0 0 0 0 0 0 0 0 0 0 0 0 0 0 0 0 0 0 0 0 0 0 0 0 0 0 0 0 0 0 0 0 0 0 0 0 0 0 0 0 0 0 0 0 0 0 0 0 0 0 0 0 0 0 0 0 0 0 0 0 0 0 0 0 0 0 0 0 1 1 
</DataArray>
<DataArray type="Float64" Name="cell variable 8" format="ascii">
11.25 33.75 56.25 78.75 101.25 123.75 146.25 168.75 191.25 213.75 236.25 258.75 281.25 303.75 326.25 348.75 11.25 33.75 56.25 78.75 101.25 123.75 146.25 168.75 191.25 213.75 236.25 258.75 281.25 303.75 326.25 348.75 11.25 33.75 56.25 78.75 101.25 123.75 146.25 168.75 191.25 213.75 236.25 258.75 281.25 303.75 326.25 348.75 11.25 33.75 56.25 78.75 101.25 123.75 146.25 168.75 191.25 213.75 236.25 258.75 281.25 303.75 326.25 348.75 11.25 33.75 56.25 78.75 101.25 123.75 146.25 168.75 191.25 213.75 236.25 258.75 281.25 303.75 326.25 348.75 11.25 33.75 56.25 78.75 101.25 123.75 146.25 168.75 191.25 213.75 236.25 258.75 281.25 303.75 326.25 348.75 11.25 33.75 56.25 78.75 101.25 123.75 146.25 168.75 191.25 213.75 236.25 258.75 281.25 303.75 326.25 348.75 11.25 33.75 56.25 78.75 101.25 123.75 146.25 168.75 191.25 213.75 236.25 258.75 281.25 303.75 326.25 348.75 11.25 33.75 56.25 78.75 101.25 123.75 146.25 168.75 191.25 213.75 236.25 258.75 281.25 303.75 326.25 348.75 11.25 33.75 56.25 78.75 101.25 123.75 146.25 168.75 191.25 213.75 236.25 258.75 281.25 303.75 326.25 348.75 11.25 33.75 56.25 78.75 101.25 123.75 146.25 168.75 191.25 213.75 236.25 258.75 281.25 303.75 326.25 348.75 11.25 33.75 56.25 78.75 101.25 123.75 146.25 168.75 191.25 213.75 236.25 258.75 281.25 303.75 326.25 348.75 11.25 33.75 56.25 78.75 101.25 123.75 146.25 168.75 191.25 213.75 236.25 258.75 281.25 303.75 326.25 348.75 11.25 33.75 56.25 78.75 101.25 123.75 146.25 168.75 191.25 213.75 236.25 258.75 281.25 303.75 326.25 348.75 11.25 33.75 56.25 78.75 101.25 123.75 146.25 168.75 191.25 213.75 236.25 258.75 281.25 303.75 326.25 348.75 11.25 33.75 56.25 78.75 101.25 123.75 146.25 168.75 191.25 213.75 236.25 258.75 281.25 303.75 326.25 348.75 11.25 33.75 56.25 78.75 101.25 123.75 146.25 168.75 191.25 213.75 236.25 258.75 281.25 303.75 326.25 348.75 11.25 33.75 56.25 78.75 101.25 123.75 146.25 168.75 191.25 213.75 236.25 258.75 281.25 303.75 326.25 348.75 11.25 33.75 56.25 78.75 101.25 123.75 146.25 168.75 191.25 213.75 236.25 258.75 281.25 303.75 326.25 348.75 11.25 33.75 56.25 78.75 101.25 123.75 146.25 168.75 191.25 213.75 236.25 258.75 281.25 303.75 326.25 348.75 11.25 33.75 56.25 78.75 101.25 123.75 146.25 168.75 191.25 213.75 236.25 258.75 281.25 303.75 326.25 348.75 11.25 33.75 56.25 78.75 101.25 123.75 146.25 168.75 191.25 213.75 236.25 258.75 281.25 303.75 326.25 348.75 11.25 33.75 56.25 78.75 101.25 123.75 146.25 168.75 191.25 213.75 236.25 258.75 281.25 303.75 326.25 348.75 11.25 33.75 56.25 78.75 101.25 123.75 146.25 168.75 191.25 213.75 236.25 258.75 281.25 303.75 326.25 348.75 11.25 33.75 56.25 78.75 101.25 123.75 146.25 168.75 191.25 213.75 236.25 258.75 281.25 303.75 326.25 348.75 11.25 33.75 56.25 78.75 101.25 123.75 146.25 168.75 191.25 213.75 236.25 258.75 281.25 303.75 326.25 348.75 11.25 33.75 56.25 78.75 101.25 123.75 146.25 168.75 191.25 213.75 236.25 258.75 281.25 303.75 326.25 348.75 11.25 33.75 56.25 78.75 101.25 123.75 146.25 168.75 191.25 213.75 236.25 258.75 281.25 303.75 326.25 348.75 11.25 33.75 56.25 78.75 101.25 123.75 146.25 168.75 191.25 213.75 236.25 258.75 281.25 303.75 326.25 348.75 11.25 33.75 56.25 78.75 101.25 123.75 146.25 168.75 191.25 213.75 236.25 258.75 281.25 303.75 326.25 348.75 11.25 33.75 56.25 78.75 101.25 123.75 146.25 168.75 191.25 213.75 236.25 258.75 281.25 303.75 326.25 348.75 11.25 33.75 56.25 78.75 101.25 123.75 146.25 168.75 191.25 213.75 236.25 258.75 281.25 303.75 326.25 348.75 0 0 
</DataArray>
</CellData>
</Piece>
</UnstructuredGrid>
</VTKFile>
