<VTKFile type="UnstructuredGrid" version="0.1">
<UnstructuredGrid>
<Piece  NumberOfPoints="    2608" NumberOfCells="    2080">
<Points>
<DataArray type="Float64" NumberOfComponents="3" format="ascii">
-25.3992 -2.31887 0.0199586 
-30.8022 -0.767293 28.4478 
-46.2476 3.61186 52.6688 
-69.4525 10.41 68.9487 
-96.8412 18.7577 74.6779 
-124.148 27.3589 68.9394 
-147.16 34.8044 52.6663 
-162.411 39.8563 28.4417 
-167.714 41.6635 -0.00281273 
-162.366 39.9007 -28.4345 
-147.12 34.8346 -52.6441 
-124.137 27.3361 -68.9175 
-96.847 18.6924 -74.6592 
-69.4663 10.3077 -68.934 
-46.2602 3.47088 -52.6564 
-30.8056 -0.885688 -28.4212 
-14.4946 15.7184 -0.011724 
-20.3292 17.4024 30.4308 
-36.9388 22.0988 56.2513 
-61.7109 29.3501 73.5039 
-90.8318 38.2529 79.5647 
-119.864 47.4134 73.5033 
-144.401 55.351 56.2488 
-160.74 60.7602 30.4412 
-166.447 62.7066 0.00969197 
-160.69 60.8215 -30.424 
-144.341 55.3851 -56.2458 
-119.83 47.3753 -73.5037 
-90.8109 38.1754 -79.5639 
-61.6997 29.2412 -73.502 
-36.9406 21.9384 -56.2537 
-20.3421 17.263 -30.4504 
-6.30194 36.5174 -0.0364371 
-12.3166 38.1848 31.0165 
-29.3714 42.9254 57.3093 
-54.6657 50.2885 74.842 
-84.3335 59.3693 81.0275 
-113.899 68.7569 74.8941 
-138.897 76.8885 57.3435 
-155.556 82.4024 31.0491 
-161.386 84.364 0.014573 
-155.522 82.4213 -31.0324 
-138.837 76.8792 -57.3638 
-113.853 68.7044 -74.9154 
-84.2968 59.287 -81.0478 
-54.6364 50.1844 -74.86 
-29.3508 42.8019 -57.3251 
-12.3254 38.0915 -31.0727 
1.14857 58.0429 -0.0467171 
-5.01515 59.6123 31.2788 
-22.3869 64.1878 57.744 
-47.9669 71.4725 75.3755 
-77.8495 80.643 81.5982 
-107.561 90.2106 75.401 
-132.642 98.484 57.7015 
-149.336 104.057 31.2247 
-155.181 106.017 0.00590496 
-149.318 104.039 -31.2269 
-132.592 98.4394 -57.7437 
-107.516 90.1471 -75.4424 
-77.8101 80.5621 -81.6395 
-47.9322 71.382 -75.4146 
-22.3602 64.1028 -57.775 
-5.02655 59.5583 -31.3515 
8.35015 76.6281 -0.0519878 
2.3329 78.8578 31.4383 
-14.57 85.2625 58.0111 
-39.3755 95.1225 75.7243 
-68.3154 107.193 81.9824 
-97.0523 119.563 75.7256 
-121.256 130.152 57.9028 
-137.329 137.239 31.3043 
-142.95 139.72 -0.00964436 
-137.316 137.216 -31.3378 
-121.214 130.099 -57.9772 
-97.0126 119.496 -75.7947 
-68.2792 107.116 -82.0472 
-39.3428 95.0444 -75.7824 
-14.5466 85.2001 -58.0541 
2.31682 78.8317 -31.5201 
16.9546 94.1263 -0.0554752 
11.1884 97.0246 31.4717 
-4.96794 105.253 58.0475 
-28.6314 117.649 75.7792 
-56.2358 132.553 82.0725 
-83.6458 147.663 75.8154 
-106.704 160.516 57.9486 
-121.986 169.078 31.3066 
-127.323 172.069 -0.0241603 
-121.977 169.053 -31.3682 
-106.669 160.458 -58.049 
-83.612 147.596 -75.9089 
-56.2036 132.481 -82.1582 
-28.6014 117.581 -75.853 
-4.94675 105.207 -58.1007 
11.1717 97.0166 -31.5603 
27.1149 110.506 -0.0578243 
21.6743 114.043 31.468 
6.46706 124.01 58.0165 
-15.7735 138.833 75.7461 
-41.7224 156.467 82.072 
-67.5009 174.229 75.8365 
-89.1775 189.278 57.9574 
-103.525 199.272 31.2962 
-108.53 202.756 -0.0368365 
-103.519 199.245 -31.3819 
-89.1495 189.219 -58.079 
-67.4724 174.163 -75.95 
-41.6934 156.4 -82.1746 
-15.7452 138.774 -75.8323 
6.48804 123.975 -58.0789 
21.6607 114.047 -31.5621 
38.7851 125.649 -0.0591776 
33.7374 129.783 31.4545 
19.6626 141.374 57.9696 
-0.900164 158.478 75.6908 
-24.9 178.693 82.0441 
-48.7586 198.979 75.8352 
-68.8222 216.12 57.9561 
-82.0916 227.48 31.2847 
-86.7164 231.436 -0.0475904 
-82.089 227.453 -31.3904 
-68.8005 216.062 -58.0943 
-48.7344 198.916 -75.9641 
-24.8732 178.63 -82.1596 
-0.872338 158.425 -75.7869 
19.6852 141.347 -58.0401 
33.7292 129.795 -31.553 
51.8642 139.429 -0.0595233 
47.2745 144.105 31.4408 
34.5151 157.175 57.9287 
15.8661 176.384 75.6653 
-5.92301 199.004 82.0535 
-27.6021 221.654 75.8594 
-45.836 240.754 57.9584 
-57.8757 253.378 31.2751 
-62.067 257.772 -0.0565001 
-57.8756 253.351 -31.3971 
-45.8199 240.697 -58.1089 
-27.5813 221.594 -75.9996 
-5.89775 198.945 -82.1785 
15.8941 176.337 -75.7691 
34.5404 157.153 -58.0064 
47.2732 144.121 -31.5423 
66.2216 151.723 -0.0588559 
62.146 156.884 31.4267 
50.837 171.262 57.8892 
34.3046 192.356 75.6396 
14.9784 217.151 82.0579 
-4.25901 241.956 75.8774 
-20.4303 262.855 57.9582 
-31.0898 276.643 31.2663 
-34.8004 281.437 -0.063635 
-31.0919 276.617 -31.401 
-20.4191 262.801 -58.1169 
-4.2408 241.899 -76.0251 
15.0031 217.096 -82.189 
34.3333 192.312 -75.7488 
50.8654 171.243 -57.9726 
62.152 156.901 -31.5296 
81.7065 162.422 -0.0572485 
78.1924 168.01 31.4149 
68.451 183.536 57.8511 
54.2267 206.27 75.5897 
37.612 232.966 82.0212 
21.0714 259.657 75.8622 
7.17125 282.14 57.9534 
-1.98992 296.968 31.2592 
-5.17988 302.12 -0.0691925 
-1.99399 296.943 -31.4033 
7.17809 282.09 -58.1166 
21.0873 259.604 -76.0136 
37.6359 232.915 -82.1555 
54.2563 206.23 -75.702 
68.4822 183.518 -57.9389 
78.2054 168.026 -31.5176 
98.1605 171.424 -0.0548083 
95.2522 177.372 31.4088 
87.2037 193.87 57.8255 
75.4663 217.991 75.5549 
61.7637 246.291 81.9979 
48.1218 274.577 75.8551 
36.6601 298.399 57.9536 
29.1061 314.108 31.2555 
26.4749 319.565 -0.0733585 
29.1005 314.085 -31.4062 
36.6633 298.353 -58.1181 
48.1359 274.527 -76.0073 
61.787 246.243 -82.1328 
75.4965 217.953 -75.6685 
87.2376 193.852 -57.9161 
95.2713 177.384 -31.5096 
115.417 178.632 -0.051627 
113.153 184.87 31.4056 
106.901 202.149 57.808 
97.7938 227.385 75.5318 
87.1673 256.975 81.9843 
76.5897 286.545 75.8533 
67.7055 311.445 57.9564 
61.8503 327.864 31.2532 
59.8098 333.566 -0.076172 
61.8437 327.843 -31.4077 
67.7061 311.403 -58.119 
76.6024 286.499 -76.0035 
87.1903 256.93 -82.1175 
97.8245 227.348 -75.6448 
106.937 202.13 -57.9001 
113.177 184.877 -31.503 
133.296 183.97 -0.0478334 
131.707 190.424 31.4044 
127.331 208.284 57.7967 
120.965 234.348 75.5175 
113.543 264.898 81.9779 
106.159 295.423 75.8558 
99.9603 321.124 57.9615 
95.8755 338.07 31.2525 
94.4507 343.954 -0.0776152 
95.8686 338.051 -31.4082 
99.9592 321.087 -58.1197 
106.17 295.381 -76.0014 
113.566 264.856 -82.1072 
120.996 234.313 -75.6282 
127.369 208.263 -57.889 
131.735 190.425 -31.4973 
151.61 187.382 -0.0436252 
150.717 193.975 31.4048 
148.273 212.208 57.7904 
144.725 238.804 75.51 
140.597 269.968 81.9768 
136.497 301.105 75.8611 
133.061 327.318 57.9683 
130.798 344.602 31.2534 
130.007 350.603 -0.0776374 
130.791 344.585 -31.4076 
133.06 327.286 -58.1197 
136.509 301.067 -76.0001 
140.62 269.929 -82.1003 
144.756 238.769 -75.6167 
148.31 212.185 -57.8815 
150.746 193.969 -31.4921 
170.163 188.832 -0.0392312 
169.977 195.488 31.4064 
169.495 213.882 57.7874 
168.809 240.703 75.5065 
168.027 272.127 81.9779 
167.263 303.522 75.8666 
166.634 329.949 57.9748 
166.221 347.375 31.2554 
166.073 353.425 -0.0762137 
166.215 347.36 -31.4054 
166.632 329.922 -58.1177 
167.275 303.487 -75.9973 
168.05 272.089 -82.0939 
168.84 240.669 -75.6076 
169.532 213.857 -57.8755 
170.006 195.476 -31.4872 
188.755 188.308 -0.0345338 
189.279 194.95 31.4091 
190.764 213.291 57.7856 
192.949 240.027 75.502 
195.524 271.348 81.9747 
198.109 302.64 75.8671 
200.296 328.979 57.979 
201.741 346.349 31.2581 
202.239 352.381 -0.0737034 
201.734 346.337 -31.4019 
200.294 328.956 -58.1117 
198.12 302.607 -75.9878 
195.547 271.312 -82.0817 
192.981 239.993 -75.5961 
190.802 213.263 -57.8694 
189.308 194.931 -31.4826 
207.188 185.816 -0.0291574 
208.417 192.366 31.4134 
211.855 210.44 57.7854 
216.886 236.782 75.4971 
222.787 267.638 81.9679 
228.688 298.465 75.8636 
233.665 324.415 57.9821 
236.951 341.534 31.2614 
238.089 347.479 -0.0706958 
236.944 341.524 -31.3977 
233.664 324.397 -58.1026 
228.7 298.436 -75.9726 
222.81 267.604 -82.0646 
216.917 236.748 -75.5833 
211.892 210.409 -57.8645 
208.446 192.339 -31.4785 
225.263 181.378 -0.0230929 
227.185 187.759 31.4194 
232.535 205.355 57.7893 
240.353 230.998 75.4973 
249.51 261.036 81.9645 
258.656 291.048 75.8613 
266.362 316.313 57.9856 
271.448 332.987 31.2651 
273.212 338.779 -0.0673899 
271.442 332.979 -31.3932 
266.361 316.3 -58.0928 
258.668 291.022 -75.9576 
249.533 261.004 -82.0501 
240.385 230.964 -75.575 
232.572 205.321 -57.8632 
227.211 187.726 -31.4751 
242.786 175.041 -0.0165994 
245.377 181.177 31.4271 
252.577 198.087 57.7982 
263.09 222.735 75.5044 
275.393 251.616 81.9662 
287.672 280.473 75.861 
298.012 304.771 57.9899 
304.838 320.813 31.2695 
307.206 326.387 -0.0637292 
304.832 320.807 -31.3886 
298.013 304.762 -58.0831 
287.685 280.451 -75.944 
275.416 251.586 -82.0401 
263.121 222.703 -75.573 
252.613 198.051 -57.8662 
245.399 181.138 -31.4727 
259.566 166.87 -0.00991085 
262.796 172.686 31.4365 
271.759 188.712 57.8128 
284.841 212.084 75.5197 
300.144 239.482 81.9741 
315.408 266.864 75.8635 
328.257 289.924 57.995 
336.742 305.157 31.2745 
339.687 310.452 -0.0597261 
336.737 305.153 -31.3841 
328.262 289.92 -58.0738 
315.424 266.845 -75.9328 
300.168 239.455 -82.0359 
284.872 212.053 -75.5786 
271.792 188.675 -57.8744 
262.813 172.643 -31.4716 
275.423 156.949 -0.00322284 
279.253 162.376 31.4477 
289.869 177.329 57.834 
305.365 199.159 75.5439 
323.487 224.77 81.9889 
341.554 250.376 75.8689 
356.757 271.947 58.0009 
366.799 286.206 31.2801 
370.287 291.164 -0.0554556 
366.796 286.203 -31.3798 
356.766 271.947 -58.0652 
341.571 250.361 -75.9246 
323.512 224.746 -82.0384 
305.396 199.13 -75.5928 
289.899 177.292 -57.8886 
279.262 162.329 -31.4721 
290.19 145.382 0.00330568 
294.57 150.353 31.4609 
306.71 164.059 57.8626 
324.437 184.101 75.5782 
345.164 207.646 82.0108 
365.819 231.2 75.8772 
383.195 251.053 58.0075 
394.677 264.186 31.2864 
398.667 268.755 -0.051056 
394.676 264.185 -31.3759 
383.208 251.055 -58.0577 
365.839 231.188 -75.9196 
345.19 207.624 -82.0483 
324.467 184.074 -75.6171 
306.737 164.023 -57.91 
294.573 150.305 -31.4748 
303.712 132.287 0.00955231 
308.586 136.742 31.476 
322.1 149.04 57.8991 
341.85 167.071 75.6234 
364.939 188.297 82.0402 
387.939 209.555 75.8879 
407.283 227.486 58.0142 
420.072 239.36 31.2931 
424.518 243.494 -0.0467224 
420.072 239.36 -31.3726 
407.301 227.491 -58.0512 
387.961 209.546 -75.9178 
364.966 188.279 -82.0663 
341.879 167.047 -75.6525 
322.125 149.006 -57.9391 
308.581 136.696 -31.4796 
315.849 117.798 0.015427 
321.156 121.68 31.4925 
335.878 132.426 57.9431 
357.418 148.248 75.6785 
382.602 166.936 82.0755 
407.678 185.686 75.8993 
428.765 201.522 58.0202 
442.715 212.024 31.2998 
447.569 215.683 -0.0426997 
442.718 212.024 -31.3702 
428.788 201.528 -58.0453 
407.702 185.679 -75.9181 
382.63 166.92 -82.0911 
357.447 148.227 -75.6982 
335.899 132.395 -57.9755 
321.144 121.637 -31.4861 
326.483 102.056 0.0208698 
332.151 105.317 31.5083 
347.9 114.384 57.9911 
370.981 127.826 75.7389 
397.971 143.791 82.1112 
424.833 159.862 75.9071 
447.424 173.463 58.023 
462.381 182.5 31.3057 
467.59 185.652 -0.0392804 
462.386 182.5 -31.3683 
447.451 173.47 -58.0381 
424.861 159.858 -75.9165 
398 143.779 -82.1178 
371.01 127.808 -75.7499 
347.92 114.358 -58.0158 
332.134 105.28 -31.4922 
335.517 85.2126 0.0258242 
341.472 87.8091 31.5158 
358.053 95.0874 58.0294 
382.405 106.007 75.7875 
410.893 119.106 82.1308 
439.236 132.368 75.8986 
463.08 143.631 58.0155 
478.886 151.134 31.3078 
484.397 153.756 -0.0367645 
478.893 151.134 -31.3646 
463.112 143.637 -58.0232 
439.267 132.365 -75.9012 
410.924 119.097 -82.1304 
382.435 105.994 -75.7909 
358.073 95.0678 -58.0461 
341.452 87.7803 -31.4902 
342.904 67.4243 0.0301227 
349.062 69.3209 31.4886 
366.262 74.7219 58.0106 
391.59 83.0073 75.7662 
421.242 93.1345 82.0783 
450.746 103.501 75.831 
475.584 112.357 57.9706 
492.077 118.281 31.2934 
497.836 120.354 -0.0353381 
492.087 118.28 -31.347 
475.622 112.362 -57.9744 
450.781 103.5 -75.8298 
421.276 93.1301 -82.0733 
391.623 83.0005 -75.7632 
366.284 74.7114 -58.0188 
349.043 69.3042 -31.4534 
348.738 48.8544 0.0331155 
354.997 50.0296 31.3372 
372.556 53.4984 57.7701 
398.5 59.0747 75.465 
428.913 66.1584 81.7418 
459.198 73.5689 75.5266 
484.735 79.9696 57.7609 
501.725 84.2768 31.1961 
507.67 85.7888 -0.0345626 
501.742 84.2749 -31.2497 
484.78 79.9715 -57.7664 
459.237 73.5686 -75.5249 
428.95 66.1574 -81.7351 
398.535 59.0742 -75.4575 
372.584 53.4994 -57.7684 
354.987 50.0288 -31.2926 
353.623 29.6496 0.0328209 
359.84 30.1377 30.7738 
377.364 31.7425 56.7417 
403.332 34.6272 74.0969 
433.802 38.609 80.2379 
464.18 42.9688 74.1478 
489.831 46.8131 56.7181 
506.914 49.4278 30.6447 
512.907 50.3529 -0.0317561 
506.948 49.4271 -30.7001 
489.884 46.8118 -56.7359 
464.219 42.9667 -74.1479 
433.838 38.6099 -80.2317 
403.367 34.6331 -74.0878 
377.401 31.7548 -56.7268 
359.848 30.155 -30.7226 
359.779 10.8753 0.0283871 
365.654 11.469 29.3661 
382.292 13.3041 54.1812 
407.056 16.2834 70.7625 
436.178 20.0854 76.6288 
465.262 24.1021 70.8372 
489.872 27.6295 54.2254 
506.298 30.0289 29.3185 
512.064 30.8604 -0.0274708 
506.322 29.9987 -29.363 
489.916 27.6045 -54.2342 
465.295 24.0969 -70.837 
436.207 20.0875 -76.6241 
407.084 16.2944 -70.7561 
382.319 13.3406 -54.173 
365.657 11.5117 -29.3232 
367.029 -7.20753 0.0118235 
372.488 -6.56425 27.556 
388.013 -4.63012 50.9051 
411.226 -1.67293 66.5103 
438.577 1.90683 71.9954 
465.896 5.56184 66.5031 
489.006 8.74539 50.8741 
504.417 10.8995 27.5076 
509.826 11.6254 -0.0110053 
504.434 10.8444 -27.5267 
489.03 8.70157 -50.8795 
465.911 5.55747 -66.5056 
438.59 1.90774 -71.9929 
411.238 -1.66518 -66.5042 
388.02 -4.57869 -50.8991 
372.484 -6.5006 -27.537 
376.193 -23.2524 0 
381.107 -22.5618 24.9464 
395.105 -20.6072 46.0912 
416.086 -17.7958 60.1698 
440.794 -14.5175 65.0496 
465.443 -11.2599 60.0222 
486.291 -8.50965 45.8888 
500.195 -6.67694 24.8167 
505.072 -6.03425 0.00025109 
500.195 -6.67712 -24.8162 
486.29 -8.51007 -45.8886 
465.443 -11.2604 -60.0221 
440.794 -14.518 -65.0494 
416.086 -17.7961 -60.1696 
395.105 -20.6073 -46.0912 
381.107 -22.5618 -24.9464 
-25.1241 -1.31784 1.49095
-29.9868 0.0785797 27.076
-20.5611 16.4313 28.8607
-15.31 14.9157 1.46243
-31.0698 0.385887 29.8
-44.9706 4.32713 51.5989
-36.5928 20.9654 54.8231
-21.6441 16.7386 31.5847
-46.9731 4.90466 53.6897
-67.8575 11.023 68.3416
-60.8901 28.069 72.4413
-38.5953 21.5429 56.9139
-70.4721 11.8057 69.4755
-95.122 19.3187 74.6318
-89.7136 36.8643 79.0299
-63.5047 28.8518 73.5752
-97.945 20.1945 74.6314
-122.521 27.9355 69.4668
-118.665 45.9846 73.5742
-92.5366 37.7401 79.0295
-125.12 28.7649 68.3329
-145.83 35.4659 53.6871
-143.347 53.9579 56.9113
-121.264 46.814 72.4404
-147.81 36.1131 51.597
-161.536 40.6598 29.7948
-160.032 59.4733 31.5944
-145.326 54.6051 54.8212
-162.601 41.0162 27.0705
-167.374 42.6427 1.47049
-166.234 61.5815 1.48174
-161.097 59.8297 28.8701
-167.371 42.6455 -1.47482
-162.558 41.059 -27.0633
-161.05 59.8877 -28.8539
-166.231 61.5843 -1.46357
-161.49 40.7044 -29.787
-147.769 36.1449 -51.5757
-145.268 54.6403 -54.8172
-159.982 59.5331 -31.5776
-145.791 35.4933 -53.6659
-125.106 28.7447 -68.312
-121.23 46.78 -72.4395
-143.29 53.9887 -56.9074
-122.509 27.9099 -69.4461
-97.9486 20.1306 -74.6136
-92.5161 37.6652 -79.0278
-118.633 45.9452 -73.5736
-95.1268 19.251 -74.6141
-70.4842 11.7047 -69.4614
-63.4943 28.7449 -73.5726
-89.6943 36.7856 -79.0283
-67.8707 10.918 -68.3278
-46.9851 4.76493 -53.678
-38.5975 21.3857 -56.9155
-60.8807 27.9582 -72.439
-44.983 4.18594 -51.5874
-31.0739 0.265028 -29.7757
-21.6567 16.5988 -31.6019
-36.5954 20.8067 -54.8249
-29.9903 -0.0345852 -27.0513
-25.1245 -1.32445 -1.45422
-15.3104 14.9091 -1.48273
-20.5731 16.2992 -28.8775
-14.3786 16.8482 1.52346
-19.6298 18.3638 28.9217
-12.4184 37.068 29.4489
-7.00522 35.5673 1.50122
-35.7158 22.9102 55.0004
-28.9051 41.6541 55.9526
-13.5558 37.3876 32.2891
-20.7671 18.6834 31.762
-60.1044 30.0373 72.7011
-53.7637 48.8819 73.9054
-30.9988 42.2551 58.1259
-37.8095 23.5112 57.1737
-89.0355 38.8649 79.3321
-83.187 57.8697 80.6486
-56.486 49.697 75.0816
-62.8267 30.8524 73.8774
-118.1 48.0229 73.8779
-112.732 67.2321 75.1297
-86.1225 58.7832 80.6497
-91.971 39.7784 79.3331
-142.886 56.0322 57.1735
-137.933 75.4159 58.1588
-115.435 68.0975 73.9544
-120.803 48.8883 72.7026
-159.654 61.5752 31.7743
-154.988 81.0532 32.3214
-139.996 76.0907 55.9864
-144.949 56.707 55.0011
-165.904 63.698 1.54699
-161.349 83.1897 1.55138
-156.102 81.4242 29.4825
-160.767 61.9462 28.9354
-160.721 62.0035 -28.9172
-156.07 81.4433 -29.4647
-161.347 83.1918 -1.52244
-165.902 63.7001 -1.52684
-144.891 56.7405 -54.9981
-139.937 76.0852 -56.0043
-154.953 81.0731 -32.306
-159.604 61.6333 -31.7585
-120.767 48.8523 -72.7042
-115.388 68.0484 -73.9748
-137.873 75.4057 -58.1783
-142.827 56.061 -57.1721
-91.9486 39.7023 -79.3335
-86.0859 58.7028 -80.669
-112.686 67.1785 -75.1499
-118.066 47.9823 -73.8793
-62.814 30.7451 -73.8765
-56.457 49.5939 -75.0987
-83.1514 57.7862 -80.6678
-89.014 38.7858 -79.3322
-37.8092 23.3543 -57.1765
-30.9784 42.1314 -58.1408
-53.7354 48.7757 -73.9222
-60.0924 29.9268 -72.7
-20.7788 18.5447 -31.7819
-13.5639 37.2904 -32.342
-28.8867 41.5297 -55.9692
-35.7175 22.7526 -55.0049
-19.642 18.2324 -28.9443
-14.3793 16.8423 -1.54953
-7.00593 35.5614 -1.57177
-12.4271 36.9781 -29.5044
-6.2325 37.6774 1.52053
-11.6457 39.1781 29.4682
-5.07439 58.4628 29.7043
0.472959 57.0503 1.51128
-12.8092 39.4914 32.3455
-28.1585 43.7579 56.009
-21.8725 62.8941 56.4003
-6.23792 58.7762 32.5816
-30.2913 44.3568 58.2089
-53.0562 50.9836 73.9883
-47.0272 70.0492 74.4685
-24.0052 63.4929 58.6001
-55.8191 51.8064 75.179
-82.5202 59.9791 80.746
-76.6845 79.1254 81.2596
-49.7902 70.872 75.6592
-85.4924 60.9095 80.7475
-112.101 69.3583 75.2274
-106.397 88.6666 75.6836
-79.6568 80.0557 81.2611
-114.835 70.242 74.0374
-137.333 77.5604 58.2418
-131.703 96.9963 58.564
-109.131 89.5503 74.4935
-139.418 78.2474 56.0416
-154.411 83.2099 32.3767
-148.813 102.699 32.5347
-133.788 97.6833 56.3638
-155.536 83.585 29.5017
-160.783 85.3505 1.57058
-155.199 104.838 1.56278
-149.938 103.074 29.6597
-160.782 85.3505 -1.54239
-155.505 83.6021 -29.4846
-149.921 103.058 -29.6597
-155.198 104.838 -1.55019
-154.377 83.2256 -32.3628
-139.36 78.2377 -56.0611
-133.739 97.6419 -56.403
-148.792 102.681 -32.5379
-137.274 77.5477 -58.2634
-114.788 70.1903 -74.0599
-109.085 89.4888 -74.5342
-131.653 96.9519 -58.6053
-112.055 69.304 -75.2497
-85.455 60.8283 -80.7689
-79.6169 79.9759 -81.3014
-106.352 88.6024 -75.724
-82.4835 59.896 -80.7672
-55.7891 51.7037 -75.1981
-49.7553 70.7815 -75.6973
-76.6454 79.0436 -81.2996
-53.0267 50.8797 -74.0069
-30.2698 44.2354 -58.2255
-23.9782 63.4063 -58.6305
-46.993 69.9575 -74.5061
-28.1394 43.6378 -56.0277
-12.8165 39.3985 -32.4005
-6.24754 58.7186 -32.6515
-21.8478 62.8087 -56.4326
-11.6543 39.0904 -29.5266
-6.23311 37.6737 -1.59402
0.472348 57.0466 -1.60328
-5.08526 58.4105 -29.7776
1.20278 59.0693 1.53347
-4.34457 60.4818 29.7265
2.26867 77.8027 29.87
7.6842 75.796 1.52873
-5.51909 60.8554 32.636
-21.1536 64.9732 56.4546
-14.1185 83.9405 56.695
1.09416 78.1763 32.7795
-23.2855 65.6817 58.6622
-46.3075 72.238 74.5306
-38.5753 93.5229 74.8445
-16.2503 84.649 58.9026
-49.0457 73.201 75.7131
-75.9401 81.4544 81.3135
-67.3594 105.35 81.6593
-41.3135 94.4859 76.027
-78.8689 82.5331 81.2986
-105.609 91.1439 75.7211
-96.1513 117.561 76.0132
-70.2882 106.428 81.6444
-108.291 92.1598 74.5121
-130.864 99.6058 58.5826
-120.617 128.107 58.7637
-98.8332 118.577 74.8042
-132.901 100.389 56.3684
-147.926 105.405 32.5393
-137.12 135.268 32.6108
-122.654 128.89 56.5495
-149.023 105.829 29.6588
-154.284 107.592 1.56187
-143.275 137.926 1.54787
-138.217 135.692 29.7304
-154.283 107.591 -1.55225
-149.006 105.811 -29.6617
-138.205 135.671 -29.7615
-143.275 137.925 -1.56624
-147.907 105.385 -32.5449
-132.853 100.345 -56.4101
-122.613 128.839 -56.6202
-137.106 135.244 -32.6447
-130.814 99.56 -58.6262
-108.246 92.0969 -74.5551
-98.7931 118.511 -74.8722
-120.574 128.054 -58.8364
-105.564 91.0795 -75.7638
-78.8293 82.453 -81.3411
-70.2515 106.352 -81.7081
-96.1116 117.494 -76.0809
-75.9009 81.3734 -81.3557
-49.0109 73.1113 -75.7534
-41.2803 94.4074 -76.0844
-67.3231 105.272 -81.7227
-46.2733 72.1485 -74.57
-23.2584 65.5973 -58.6944
-16.2262 84.5848 -58.9456
-38.5428 93.4447 -74.9011
-21.129 64.8911 -56.4882
-5.52872 60.801 -32.7071
1.08031 78.1471 -32.8587
-14.0967 83.8786 -56.7394
-4.35559 60.4312 -29.801
1.20202 59.0673 -1.62672
7.68344 75.794 -1.63146
2.25344 77.7773 -29.9527
8.48395 77.6324 1.53404
3.06843 79.6392 29.8753
11.0383 95.9893 29.9054
16.2279 93.3808 1.5309
1.9341 80.139 32.7932
-13.2785 85.9033 56.7087
-4.63665 103.895 56.7414
9.90401 96.4891 32.8233
-15.3318 86.8326 58.9212
-37.6567 95.7066 74.863
-27.987 115.98 74.9125
-6.68993 104.824 58.9539
-40.2896 96.9415 76.0492
-66.3356 107.805 81.6815
-55.4639 130.629 81.7626
-30.62 117.215 76.0987
-69.1498 109.165 81.6663
-95.0129 120.298 76.0352
-82.9471 145.589 76.116
-58.2781 131.99 81.7474
-97.5868 121.566 74.8202
-119.37 131.096 58.7797
-106.274 158.423 58.8209
-85.5209 146.856 74.9011
-121.322 132.066 56.5573
-135.788 138.444 32.6186
-121.979 167.1 32.6207
-108.226 159.394 56.5985
-136.837 138.968 29.7315
-141.895 141.202 1.549
-127.831 170.316 1.53594
-123.028 167.624 29.7336
-141.895 141.201 -1.57038
-136.825 138.946 -29.7657
-123.02 167.6 -29.7931
-127.831 170.314 -1.58344
-135.774 138.42 -32.6555
-121.282 132.015 -56.631
-108.192 159.338 -56.6956
-121.969 167.073 -32.6829
-119.329 131.042 -58.8552
-97.5473 121.499 -74.8909
-85.4867 146.789 -74.9937
-106.238 158.365 -58.9197
-94.9736 120.231 -76.1053
-69.1136 109.089 -81.7325
-58.2456 131.917 -81.8324
-82.9131 145.521 -76.2081
-66.2996 107.728 -81.7469
-40.2569 96.8637 -76.1086
-30.5896 117.147 -76.1721
-55.4316 130.557 -81.8468
-37.6245 95.6299 -74.9211
-15.3079 86.77 -58.9656
-6.66811 104.776 -59.0075
-27.9573 115.913 -74.9846
-13.2571 85.8435 -56.754
1.91998 80.112 -32.8734
9.88939 96.4783 -32.9096
-4.61723 103.849 -56.7959
3.05309 79.6149 -29.9587
8.48309 77.6316 -1.63749
16.2271 93.38 -1.64063
11.0225 95.9812 -29.9949
17.1805 95.1073 1.5316
11.9909 97.7157 29.9061
21.4283 113.032 29.9027
26.3248 109.849 1.52949
10.914 98.3389 32.8244
-3.62665 105.744 56.7425
6.66484 122.626 56.7147
20.3514 113.656 32.821
-5.57284 106.889 58.955
-26.87 118.045 74.9135
-15.2979 137.111 74.8837
4.71865 123.77 58.9271
-29.3639 119.544 76.1017
-54.2079 132.958 81.7656
-41.1458 154.48 81.7652
-17.7918 138.61 76.0718
-56.8735 134.592 81.7523
-81.5425 148.191 76.1209
-67.0121 172.1 76.1399
-43.8115 156.114 81.7518
-83.9795 149.703 74.9048
-104.732 161.27 58.8246
-88.958 187.156 58.8325
-69.4491 173.613 74.9238
-106.578 162.424 56.5993
-120.332 170.13 32.6215
-103.716 197.304 32.6121
-90.8041 188.309 56.6072
-121.323 170.751 29.7326
-126.126 173.442 1.53491
-109.212 201.061 1.5235
-104.707 197.925 29.7232
-126.125 173.441 -1.5851
-121.314 170.726 -29.7947
-104.702 197.899 -29.807
-109.211 201.06 -1.59651
-120.322 170.103 -32.6861
-106.545 162.368 -56.6988
-90.777 188.252 -56.7259
-103.71 197.276 -32.6984
-104.698 161.213 -58.9257
-83.946 149.636 -74.9997
-69.4203 173.547 -75.0367
-88.9297 187.097 -58.9527
-81.509 148.123 -76.215
-56.8414 134.52 -81.8393
-43.7822 156.046 -81.854
-66.9833 172.034 -76.2519
-54.1759 132.886 -81.8515
-29.3339 119.477 -76.1768
-17.7633 138.55 -76.1582
-41.1167 154.413 -81.8662
-26.8404 117.979 -74.9868
-5.55122 106.842 -59.0097
4.74009 123.733 -58.9901
-15.2698 137.053 -74.9682
-3.60724 105.701 -56.7978
10.8994 98.3295 -32.9115
20.3395 113.657 -32.9131
6.68407 122.592 -56.7782
11.9752 97.7085 -29.9962
17.1797 95.1072 -1.64187
26.324 109.849 -1.64398
21.4152 113.036 -29.9978
27.4343 111.456 1.52896
22.5378 114.64 29.9022
33.3946 128.806 29.89
37.9375 125.085 1.52775
21.5317 115.379 32.8186
7.84523 124.349 56.7123
19.7213 139.977 56.6701
32.3886 129.545 32.8065
6.02943 125.697 58.9231
-13.9871 139.038 74.8797
-0.601066 156.718 74.8299
17.9055 141.324 58.8809
-16.3132 140.788 76.0691
-39.6672 156.658 81.7624
-24.527 176.662 81.7373
-2.92714 158.468 76.0193
-42.1542 158.554 81.7514
-65.3549 174.54 76.1395
-48.4868 196.815 76.1383
-27.0141 178.557 81.7263
-67.6288 176.288 74.9241
-87.1376 189.831 58.8329
-68.8179 213.99 58.8317
-50.7606 198.563 74.9229
-88.8591 191.16 56.6065
-101.772 200.156 32.6115
-82.4819 225.543 32.6011
-70.5394 215.319 56.6054
-102.695 200.869 29.722
-107.199 204.005 1.52225
-87.5674 229.817 1.51257
-83.4051 226.257 29.7116
-107.199 204.004 -1.59753
-102.69 200.843 -29.808
-83.4026 226.23 -29.8158
-87.5672 229.816 -1.60721
-101.765 200.127 -32.6998
-88.8326 191.103 -56.7272
-70.5185 215.262 -56.7411
-82.4781 225.514 -32.7076
-87.1099 189.772 -58.9549
-67.6005 176.223 -75.0389
-50.7363 198.5 -75.0516
-68.7958 213.931 -58.9687
-65.3265 174.474 -76.2532
-42.1254 158.487 -81.8553
-26.9872 178.495 -81.8419
-48.4622 196.751 -76.2659
-39.6382 156.592 -81.8648
-16.2848 140.729 -76.1568
-2.89927 158.415 -76.1159
-24.5001 176.599 -81.8513
-13.9591 138.98 -74.9653
6.05084 125.661 -58.9871
17.9283 141.296 -58.9523
-0.573498 156.666 -74.9244
7.86472 124.317 -56.7766
21.5201 115.382 -32.9115
32.3818 129.554 -32.9033
19.7421 139.951 -56.7417
22.525 114.644 -29.9977
27.4338 111.456 -1.64385
37.937 125.085 -1.64507
33.3867 128.817 -29.9895
39.1964 126.56 1.52699
34.6535 130.28 29.8893
46.8369 143.17 29.8769
50.9676 138.961 1.52668
33.7308 131.127 32.8037
21.0635 141.559 56.6672
34.4308 155.78 56.6305
45.9142 144.017 32.7913
19.3999 143.095 58.8768
0.893405 158.489 74.8259
15.983 174.605 74.8029
32.7672 157.316 58.84
-1.23844 160.474 76.017
-22.8383 178.668 81.735
-5.759 196.947 81.7434
13.8512 176.59 75.994
-25.1192 180.81 81.7264
-46.5919 199.068 76.1383
-27.551 219.475 76.1601
-8.03987 199.09 81.7348
-48.6779 201.038 74.9232
-66.7352 216.465 58.8321
-46.0476 238.635 58.8341
-29.6371 221.446 74.945
-68.314 217.959 56.6046
-80.2565 228.184 32.6004
-58.4622 251.492 32.5918
-47.6264 240.129 56.6067
-81.1022 228.985 29.7105
-85.2646 232.545 1.51143
-63.0801 256.248 1.50341
-59.308 252.293 29.7019
-85.2645 232.544 -1.60798
-81.0998 228.959 -29.8165
-59.3078 252.267 -29.8226
-63.0801 256.246 -1.616
-80.2532 228.154 -32.7084
-68.2936 217.902 -56.7419
-47.611 240.074 -56.7551
-58.4611 251.463 -32.7145
-66.7136 216.406 -58.9704
-48.654 200.975 -75.0533
-29.6163 221.385 -75.0852
-46.031 238.578 -58.9836
-46.5676 199.005 -76.2672
-25.0926 180.748 -81.8431
-8.0147 199.031 -81.8601
-27.5299 219.415 -76.2991
-22.8115 178.606 -81.85
-1.21067 160.422 -76.1146
13.8792 176.542 -76.0985
-5.73355 196.889 -81.8669
0.921065 158.438 -74.9212
19.4228 143.067 -58.949
32.7925 157.293 -58.9186
16.0109 174.558 -74.9051
21.0848 141.534 -56.7394
33.7245 131.137 -32.901
45.9141 144.031 -32.8913
34.4546 155.759 -56.709
34.6459 130.292 -29.989
39.1962 126.561 -1.64456
50.9674 138.962 -1.64487
46.8355 143.185 -29.9793
52.3639 140.291 1.52596
48.2332 144.5 29.8762
61.6175 156.001 29.8636
65.2856 151.356 1.52657
47.4052 145.443 32.7883
35.9218 157.206 56.6275
50.6115 169.885 56.5919
60.7895 156.944 32.7757
34.4293 158.913 58.8367
17.6452 176.201 74.7996
34.2398 190.576 74.7765
49.119 171.592 58.8012
15.7313 178.402 75.9932
-3.87882 198.759 81.7426
14.9325 215.092 81.7465
32.326 192.776 75.9701
-5.92772 201.129 81.7361
-25.4389 221.515 76.1614
-4.43012 239.786 76.1776
12.8836 217.462 81.7401
-27.3131 223.691 74.9457
-43.7236 240.88 58.8348
-20.8586 260.771 58.8346
-6.30437 241.962 74.9619
-45.1409 242.528 56.6059
-55.9767 253.89 32.591
-31.8693 274.829 32.583
-22.2758 262.419 56.6057
-56.7349 254.772 29.7009
-60.5071 258.727 1.50246
-35.9672 280.025 1.49603
-32.6276 275.711 29.693
-60.5072 258.726 -1.61657
-56.7349 254.746 -29.8231
-32.6295 275.686 -29.8266
-35.9672 280.023 -1.62299
-55.976 253.862 -32.7149
-45.1258 242.473 -56.7555
-22.2652 262.366 -56.7627
-31.8706 274.801 -32.7183
-43.7075 240.823 -58.9852
-27.2928 223.631 -75.0869
-6.28632 241.905 -75.1098
-20.8468 260.717 -58.9924
-25.418 221.455 -76.3013
-5.90276 201.071 -81.8622
12.908 217.407 -81.8717
-4.4115 239.729 -76.3242
-3.85342 198.702 -81.8668
15.7593 178.354 -76.0984
32.3546 192.732 -76.0801
14.9573 215.038 -81.8763
17.6732 176.155 -74.9024
34.4548 158.89 -58.916
49.1473 171.571 -58.8856
34.2685 190.533 -74.8841
35.946 157.186 -56.7065
47.4055 145.457 -32.8888
60.7965 156.959 -32.8774
50.6385 169.867 -56.6761
48.2321 144.515 -29.9787
52.364 140.292 -1.64423
65.2857 151.356 -1.64363
61.623 156.017 -29.9673
66.8048 152.528 1.52597
63.1367 157.174 29.863
77.5784 167.187 29.8524
80.7412 162.158 1.52742
62.4123 158.202 32.773
52.2343 171.142 56.5892
68.0868 182.189 56.555
76.8541 168.216 32.7624
50.9291 173 58.7973
36.0499 191.984 74.7727
53.9798 204.507 74.7278
66.7816 184.047 58.7631
34.3766 194.376 75.9675
16.9831 216.691 81.7439
37.3533 230.925 81.7109
52.3065 206.899 75.9226
15.1917 219.264 81.7393
-2.122 241.588 76.1768
20.6754 257.519 76.1631
35.5619 233.498 81.7062
-3.76047 243.949 74.9616
-18.3147 262.758 58.8343
6.52676 280.115 58.83
19.0369 259.88 74.9479
-19.5526 264.544 56.605
-29.146 276.954 32.5823
-2.95616 295.246 32.5759
5.28888 281.901 56.6006
-29.8081 277.909 29.6922
-33.1477 282.223 1.49524
-6.48922 300.838 1.49023
-3.61825 296.202 29.6858
-33.1479 282.222 -1.62338
-29.8102 277.884 -29.827
-3.62209 296.178 -29.8291
-6.48939 300.837 -1.62838
-29.1477 276.926 -32.7185
-19.5422 264.492 -56.7629
5.29527 281.852 -56.7626
-2.9596 295.22 -32.7206
-18.3033 262.704 -58.9928
-3.74278 243.892 -75.1101
19.0525 259.826 -75.0998
6.53421 280.064 -58.9925
-2.10355 241.531 -76.3239
15.2159 219.209 -81.8714
35.5855 233.446 -81.8412
20.6917 257.466 -76.3136
17.0079 216.637 -81.8742
34.4052 194.332 -76.078
52.3358 206.857 -76.0359
37.3775 230.874 -81.844
36.0787 191.942 -74.8808
50.9575 172.98 -58.8823
66.8127 184.027 -58.8519
54.0094 204.467 -74.8387
52.2618 171.125 -56.6737
62.4198 158.217 -32.875
76.8678 168.229 -32.8642
68.117 182.173 -56.6433
63.1426 157.19 -29.9666
66.8053 152.529 -1.64293
80.7416 162.159 -1.64148
77.5906 167.202 -29.9558
82.3675 163.163 1.52708
79.2048 168.192 29.852
94.5586 176.618 29.8465
97.1761 171.264 1.52927
78.5924 169.294 32.7605
69.8251 183.267 56.553
86.7025 192.568 56.53
93.9462 177.72 32.7549
68.7228 185.255 58.7595
55.9209 205.715 74.7242
75.0365 216.264 74.6929
85.6002 194.555 58.7365
54.5091 208.271 75.919
39.5559 232.297 81.7073
61.2923 244.289 81.6864
73.6246 218.819 75.8877
38.0447 235.044 81.7041
23.1581 259.066 76.161
47.5035 272.493 76.1547
59.7811 247.036 81.6832
21.7761 261.586 74.9472
9.26599 281.821 58.8292
35.8059 296.454 58.8294
46.1215 275.013 74.9408
8.2221 283.727 56.6002
-0.0229514 297.072 32.5754
27.9635 312.499 32.572
34.762 298.36 56.6004
-0.581325 298.092 29.6852
-3.45229 302.728 1.48967
25.037 318.428 1.48592
27.4051 313.518 29.6819
-3.45255 302.727 -1.62871
-0.585258 298.068 -29.8295
27.3998 313.496 -29.832
25.0368 318.427 -1.63246
-0.0266866 297.046 -32.7207
8.22818 283.678 -56.7627
34.7649 298.315 -56.7639
27.9584 312.474 -32.7232
9.27314 281.77 -58.992
21.7914 261.533 -75.0993
46.1351 274.964 -75.0936
35.8098 296.407 -58.9933
23.1743 259.013 -76.3117
38.0681 234.993 -81.8394
59.804 246.988 -81.819
47.518 272.444 -76.306
39.58 232.247 -81.8407
54.5383 208.23 -76.0325
73.6545 218.78 -76.0023
61.3159 244.242 -81.8203
55.9507 205.676 -74.8354
68.754 185.236 -58.8486
85.6338 194.536 -58.8281
75.0668 216.226 -74.8052
69.8557 183.251 -56.6415
78.6066 169.308 -32.8624
93.9659 177.73 -32.8552
86.7355 192.551 -56.6211
79.2173 168.207 -29.9552
82.3683 163.163 -1.64087
97.177 171.265 -1.63867
94.5766 176.629 -29.948
98.8931 172.091 1.52922
96.2756 177.445 29.8464
112.386 184.192 29.8435
114.424 178.579 1.53208
95.783 178.607 32.7537
88.5394 193.456 56.5288
106.267 200.906 56.513
111.894 185.355 32.7508
87.6539 195.55 58.734
77.0902 217.259 74.6905
97.185 225.713 74.6697
105.381 203.001 58.7183
75.9569 219.95 75.8854
63.6246 245.419 81.6841
86.4879 255.035 81.6719
96.0517 228.404 75.8647
62.4119 248.311 81.6821
50.1342 273.768 76.1535
75.7553 284.54 76.152
85.2752 257.927 81.6698
49.0255 276.42 74.9406
38.7099 297.86 58.8292
66.6508 309.602 58.8317
74.6465 287.191 74.939
37.8725 299.866 56.6002
31.0739 314.004 32.5719
60.5437 326.384 32.5698
65.8134 311.607 56.6027
30.626 315.076 29.6815
28.2579 319.987 1.48556
58.2593 332.588 1.48303
60.0957 327.456 29.6794
28.2576 319.986 -1.63271
30.6206 315.055 -29.8322
60.0895 327.436 -29.8336
58.259 332.587 -1.63524
31.0686 313.98 -32.7233
37.8752 299.821 -56.764
65.8136 311.566 -56.7649
60.5375 326.362 -32.7247
38.7136 297.814 -58.993
49.0389 276.37 -75.0933
74.6587 287.145 -75.0899
66.6521 309.559 -58.9939
50.1487 273.719 -76.3048
62.4347 248.263 -81.8178
85.2977 257.881 -81.804
75.7686 284.494 -76.3014
63.6482 245.372 -81.8179
75.9868 219.911 -76
96.082 228.367 -75.9787
86.5112 254.991 -81.8041
77.1207 217.221 -74.8029
87.6877 195.531 -58.8258
105.417 202.981 -58.8114
97.2159 225.677 -74.7816
88.5728 193.439 -56.6198
95.8031 178.618 -32.8539
111.918 185.361 -32.8481
106.302 200.889 -56.6054
96.2939 177.456 -29.9475
98.8942 172.092 -1.63819
114.425 178.579 -1.63533
112.409 184.199 -29.9416
116.214 179.219 1.53218
114.176 184.832 29.8436
130.875 189.831 29.8426
132.305 184.023 1.5356
113.81 186.042 32.75
108.183 201.594 56.5123
126.571 207.115 56.5021
130.509 191.041 32.749
107.525 203.772 58.7167
99.3291 226.484 74.6681
120.183 232.751 74.6552
125.913 209.293 58.7065
98.4881 229.28 75.8633
88.9243 255.911 81.6705
112.662 263.042 81.6648
119.342 235.547 75.8504
88.0248 258.915 81.6693
78.5049 285.528 76.1515
105.117 293.518 76.1537
111.763 266.045 81.6636
77.6828 288.282 74.9392
69.6871 310.692 58.8319
98.7164 319.403 58.8365
104.295 296.272 74.9414
69.0664 312.775 56.6028
63.7967 327.552 32.5699
94.4193 336.737 32.5693
98.0957 321.486 56.6074
63.4645 328.665 29.6792
61.6281 333.797 1.48282
92.8049 343.147 1.48152
94.0872 337.851 29.6786
61.6277 333.796 -1.63538
63.4583 328.645 -29.8338
94.0806 337.833 -29.8342
92.8046 343.146 -1.63667
63.7903 327.53 -32.7247
69.0664 312.734 -56.765
98.0943 321.449 -56.7656
94.4127 336.717 -32.7252
69.6882 310.65 -58.9937
77.6948 288.236 -75.0897
104.306 296.23 -75.0879
98.716 319.365 -58.9943
78.5181 285.482 -76.3006
88.0472 258.87 -81.8032
111.785 266.003 -81.7939
105.129 293.476 -76.2987
88.9476 255.867 -81.8025
98.5184 229.243 -75.9771
119.373 235.511 -75.9622
112.685 263 -81.7933
99.3601 226.448 -74.78
107.561 203.752 -58.8098
125.95 209.271 -58.7998
120.215 232.716 -74.765
108.219 201.576 -56.6045
113.835 186.048 -32.8472
130.537 191.041 -32.842
126.607 207.095 -56.5945
114.199 184.839 -29.9411
116.215 179.219 -1.63487
132.307 184.023 -1.63145
130.901 189.832 -29.9359
134.15 184.469 1.53581
132.719 190.277 29.8428
149.828 193.474 29.8432
150.632 187.54 1.5396
132.484 191.521 32.7486
128.546 207.595 56.5017
147.393 211.127 56.496
149.593 194.717 32.749
128.124 209.831 58.7056
122.394 233.289 74.6543
143.778 237.299 74.6475
146.971 213.363 58.6999
121.856 236.158 75.8497
115.176 263.653 81.664
139.525 268.217 81.663
143.24 240.169 75.8429
114.601 266.735 81.6636
107.955 294.208 76.1537
135.259 299.322 76.1584
138.949 271.299 81.6625
107.429 297.034 74.9418
101.851 320.164 58.837
131.642 325.739 58.8431
134.734 302.148 74.9466
101.455 322.301 56.6077
97.7782 337.553 32.5696
129.208 343.431 32.5704
131.246 327.876 56.6138
97.5659 338.695 29.6786
96.2837 343.991 1.48147
128.284 349.975 1.48145
128.996 344.574 29.6794
96.2833 343.99 -1.63669
97.5594 338.677 -29.8342
128.99 344.558 -29.8336
128.284 349.974 -1.63671
97.7714 337.533 -32.7252
101.453 322.265 -56.7655
131.243 327.844 -56.7655
129.202 343.413 -32.7246
101.85 320.127 -58.9942
107.441 296.992 -75.0877
134.745 302.109 -75.0865
131.641 325.706 -58.9942
107.967 294.166 -76.2982
114.623 266.693 -81.7934
138.972 271.259 -81.7871
135.272 299.283 -76.2969
115.199 263.611 -81.7922
121.887 236.123 -75.9611
143.271 240.133 -75.9507
139.548 268.177 -81.7859
122.426 233.254 -74.7639
128.161 209.809 -58.7987
147.009 213.339 -58.7919
143.81 237.265 -74.7536
128.583 207.575 -56.5938
132.512 191.52 -32.8413
149.622 194.71 -32.8366
147.43 211.105 -56.587
132.745 190.278 -29.9355
134.151 184.469 -1.63099
150.634 187.54 -1.6272
149.856 193.468 -29.9308
152.511 187.788 1.53988
151.707 193.722 29.8435
169.041 195.084 29.8449
169.208 189.093 1.54383
151.606 194.984 32.7488
149.405 211.394 56.4959
168.505 212.9 56.4932
168.94 196.345 32.7503
149.225 213.662 58.6994
146.032 237.598 74.647
167.708 239.308 74.6439
168.325 215.169 58.6967
145.803 240.509 75.8426
142.088 268.557 81.6628
166.775 270.5 81.6638
167.478 242.218 75.8395
141.844 271.682 81.6628
138.154 299.706 76.1587
165.843 301.881 76.1636
166.531 273.625 81.6638
137.932 302.571 74.9471
134.839 326.162 58.8437
165.055 328.53 58.8495
165.621 304.746 74.9521
134.672 328.329 56.6142
132.635 343.885 32.5707
164.516 346.381 32.5725
164.887 330.697 56.62
132.545 345.043 29.6795
131.833 350.444 1.48154
164.293 352.984 1.48282
164.426 347.539 29.6813
131.833 350.443 -1.63659
132.539 345.027 -29.8335
164.42 347.525 -29.8316
164.293 352.984 -1.63531
132.628 343.867 -32.7244
134.67 328.298 -56.7654
164.885 330.671 -56.7636
164.51 346.365 -32.7225
134.838 326.13 -58.994
137.942 302.533 -75.0863
165.632 304.711 -75.0838
165.054 328.502 -58.9922
138.166 299.667 -76.2965
141.866 271.643 -81.7867
166.553 273.587 -81.781
165.855 301.845 -76.294
142.111 268.517 -81.7851
145.834 240.474 -75.9499
167.509 242.184 -75.9417
166.798 270.462 -81.7794
146.064 237.564 -74.7528
149.262 213.639 -58.791
168.362 215.143 -58.7857
167.739 239.274 -74.7446
149.443 211.371 -56.5865
151.635 194.977 -32.836
168.969 196.333 -32.8316
168.542 212.875 -56.5811
151.734 193.716 -29.9303
152.512 187.788 -1.62674
169.209 189.093 -1.62278
169.069 195.072 -29.9259
171.101 189.141 1.54416
170.934 195.131 29.8452
188.306 194.647 29.8477
187.834 188.669 1.54839
170.968 196.397 32.7502
170.533 212.952 56.4932
189.676 212.42 56.4915
188.34 195.912 32.7527
170.596 215.227 58.6964
169.979 239.366 74.6436
191.706 238.757 74.6395
189.739 214.695 58.6947
170.062 242.284 75.8392
169.358 270.565 81.6635
194.106 269.864 81.6606
191.788 241.675 75.8352
169.449 273.698 81.6639
168.761 301.954 76.1637
196.522 301.159 76.1642
194.196 272.997 81.661
168.845 304.826 74.9525
168.279 328.61 58.8499
198.575 327.737 58.8537
196.606 304.032 74.953
168.343 330.783 56.6203
167.972 346.466 32.5729
199.94 345.543 32.5753
198.639 329.909 56.6241
168.006 347.627 29.6815
167.873 353.072 1.48303
200.422 352.132 1.48529
199.974 346.704 29.684
167.873 353.072 -1.63505
168 347.613 -29.8313
199.968 346.692 -29.8281
200.422 352.132 -1.63279
167.965 346.451 -32.7221
168.341 330.756 -56.7632
198.637 329.887 -56.7578
199.933 345.53 -32.7189
168.278 328.583 -58.9917
168.856 304.791 -75.0833
196.617 304 -75.0747
198.574 327.714 -58.9863
168.773 301.918 -76.2932
169.471 273.661 -81.7802
194.219 272.961 -81.7692
196.534 301.127 -76.2847
169.381 270.527 -81.7784
170.093 242.249 -75.9407
191.82 241.641 -75.9303
194.129 269.828 -81.7674
170.011 239.331 -74.7437
170.634 215.201 -58.7849
189.777 214.666 -58.7794
191.738 238.723 -74.7334
170.571 212.926 -56.5806
170.997 196.384 -32.8311
188.369 195.893 -32.827
189.713 212.392 -56.5751
170.961 195.119 -29.9255
171.102 189.14 -1.62232
187.835 188.669 -1.61809
188.333 194.629 -29.9214
189.721 188.516 1.54883
190.193 194.493 29.8481
207.417 192.167 29.8519
206.311 186.272 1.55367
190.361 195.748 32.7528
191.698 212.255 56.4916
210.679 209.69 56.4914
207.586 193.422 32.7566
192.004 214.51 58.6945
193.97 238.573 74.6392
215.513 235.652 74.6348
210.985 211.945 58.6943
194.364 241.465 75.8347
196.682 269.653 81.6602
221.218 266.314 81.6541
215.907 238.544 75.8303
197.105 272.758 81.6607
199.431 300.92 76.1639
226.953 297.163 76.1607
221.642 269.419 81.6546
199.821 303.767 74.9531
201.789 327.472 58.8538
231.822 323.365 58.8566
227.342 300.01 74.9499
202.084 329.625 56.6245
203.385 345.258 32.5757
235.074 340.924 32.5786
232.117 325.517 56.6272
203.543 346.409 29.6843
203.991 351.838 1.48559
236.256 347.426 1.48829
235.232 342.075 29.6872
203.991 351.837 -1.63247
203.536 346.398 -29.8278
235.225 342.066 -29.824
236.255 347.425 -1.62976
203.378 345.246 -32.7184
202.082 329.603 -56.7573
232.115 325.5 -56.749
235.068 340.914 -32.7146
201.788 327.449 -58.9853
199.832 303.735 -75.0738
227.353 299.981 -75.0601
231.821 323.346 -58.9771
199.443 300.888 -76.2833
197.128 272.722 -81.7678
221.664 269.385 -81.7525
226.965 297.134 -76.2697
196.705 269.617 -81.7661
194.395 241.43 -75.929
215.938 238.509 -75.9175
221.241 266.28 -81.7507
194.002 238.539 -74.7325
192.041 214.481 -58.7785
211.022 211.913 -58.7741
215.545 235.618 -74.721
191.735 212.227 -56.5746
190.391 195.728 -32.8265
207.615 193.396 -32.8228
210.717 209.659 -56.5702
190.22 194.475 -29.9209
189.722 188.515 -1.61764
206.312 186.271 -1.61281
207.444 192.143 -29.9172
208.171 185.919 1.55423
209.278 191.814 29.8525
226.168 187.668 29.8579
224.439 181.926 1.55969
209.58 193.044 32.757
212.673 209.311 56.4918
231.285 204.734 56.4953
226.47 188.898 32.7624
213.218 211.52 58.6942
217.746 235.227 74.6348
238.867 230.021 74.635
231.831 206.943 58.6977
218.446 238.059 75.8299
223.757 265.83 81.6537
247.808 259.888 81.6506
239.567 232.853 75.8301
224.509 268.871 81.6542
229.82 296.615 76.1604
256.791 289.939 76.1582
248.56 262.929 81.6512
230.51 299.403 74.95
234.99 322.758 58.8566
264.416 315.466 58.8598
257.481 292.727 74.9479
235.512 324.867 56.6276
238.47 340.273 32.579
269.517 332.582 32.5823
264.939 317.575 56.6308
238.749 341.401 29.6875
239.773 346.752 1.48864
271.383 338.922 1.49161
269.796 333.709 29.6909
239.773 346.751 -1.6294
238.743 341.392 -29.8237
269.79 333.702 -29.8197
271.383 338.922 -1.62643
238.463 340.263 -32.7139
235.511 324.849 -56.7484
264.938 317.562 -56.7396
269.511 332.573 -32.7099
234.989 322.739 -58.9759
230.522 299.374 -75.0589
257.493 292.702 -75.0454
264.417 315.452 -58.9671
229.833 296.586 -76.2682
224.532 268.837 -81.7509
248.583 262.897 -81.7379
256.804 289.913 -76.2546
223.781 265.796 -81.7494
218.477 238.025 -75.9162
239.598 232.82 -75.9087
247.832 259.856 -81.7363
217.778 235.193 -74.7203
213.255 211.488 -58.7734
231.867 206.909 -58.7722
238.899 229.988 -74.7128
212.71 209.28 -56.5699
209.608 193.017 -32.8225
226.497 188.865 -32.8195
231.322 204.701 -56.5687
209.304 191.789 -29.9168
208.173 185.918 -1.61234
224.44 181.924 -1.60688
226.193 187.637 -29.9137
226.253 181.377 1.56035
227.982 187.119 29.8586
244.356 181.195 29.8655
242.023 175.673 1.5662
228.414 188.309 32.7631
233.229 204.145 56.496
251.267 197.604 56.504
244.787 182.385 32.77
234.007 206.282 58.6982
241.044 229.36 74.6354
261.506 221.924 74.6419
252.045 199.741 58.7063
242.042 232.1 75.8302
250.283 259.135 81.6507
273.577 250.656 81.6523
262.505 224.664 75.8367
251.354 262.077 81.6511
259.585 289.088 76.1581
285.7 279.57 76.1579
274.649 253.599 81.6526
260.567 291.785 74.948
267.503 314.524 58.86
295.988 304.136 58.8638
286.682 282.268 74.9478
268.246 316.566 56.6312
272.824 331.572 32.5828
302.875 320.615 32.5867
296.731 306.177 56.6351
273.222 332.664 29.6913
274.809 337.877 1.49201
305.404 326.724 1.4953
303.273 321.707 29.6952
274.808 337.876 -1.62604
273.215 332.656 -29.8193
303.267 321.702 -29.8152
305.404 326.723 -1.62275
272.818 331.564 -32.7093
268.245 316.553 -56.7389
296.732 306.169 -56.7301
302.869 320.609 -32.7052
267.503 314.511 -58.9659
260.579 291.76 -75.0442
286.695 282.247 -75.032
295.99 304.127 -58.9571
259.598 289.062 -76.2533
251.377 262.046 -81.7366
274.672 253.57 -81.7276
285.714 279.548 -76.2411
250.307 259.103 -81.7354
242.073 232.067 -75.9078
262.536 224.631 -75.906
273.601 250.627 -81.7264
241.075 229.326 -74.7126
234.044 206.248 -58.772
252.081 199.705 -58.7747
261.538 221.891 -74.7108
233.266 204.111 -56.5686
228.441 188.276 -32.8194
244.81 182.346 -32.8172
251.302 197.568 -56.5713
228.007 187.088 -29.9133
226.254 181.375 -1.60642
242.024 175.671 -1.60057
244.377 181.158 -29.9111
243.771 174.934 1.56696
246.104 180.455 29.8663
261.781 172.814 29.8747
258.873 167.579 1.57298
246.66 181.591 32.771
253.14 196.81 56.505
270.403 188.373 56.5182
262.337 173.949 32.7795
254.141 198.85 58.7074
263.603 221.033 74.643
283.179 211.447 74.6567
271.405 190.412 58.7206
264.887 223.65 75.8374
275.96 249.643 81.6531
298.236 238.722 81.6602
284.463 214.064 75.8512
277.337 252.453 81.6529
288.389 278.425 76.1582
313.352 266.177 76.1604
299.613 241.533 81.66
289.651 281.003 74.9482
298.957 302.87 58.8642
326.178 289.508 58.8688
314.614 268.754 74.9504
299.912 304.821 56.6356
306.056 319.259 32.5872
334.769 305.169 32.5917
327.133 291.459 56.6402
306.567 320.303 29.6956
308.698 325.32 1.49575
337.931 310.978 1.49935
335.28 306.213 29.7001
308.698 325.319 -1.62236
306.561 320.298 -29.8148
335.275 306.209 -29.8107
337.93 310.978 -1.61875
306.05 319.253 -32.7045
299.913 304.813 -56.7295
327.137 291.455 -56.7211
334.764 305.164 -32.7004
298.959 302.861 -58.9561
289.664 280.981 -75.031
314.628 268.736 -75.0209
326.183 289.503 -58.9478
288.403 278.403 -76.2401
277.361 252.425 -81.7266
299.637 241.506 -81.7228
313.367 266.158 -76.23
275.984 249.613 -81.7261
264.918 223.618 -75.9057
284.494 214.033 -75.9107
298.26 238.695 -81.7223
263.634 221.001 -74.7111
254.177 198.815 -58.775
271.438 190.376 -58.7824
283.21 211.416 -74.7162
253.174 196.774 -56.5715
246.682 181.552 -32.8174
262.354 173.906 -32.8163
270.436 188.336 -56.5789
246.124 180.418 -29.9106
243.772 174.931 -1.60014
258.874 167.577 -1.59412
261.796 172.773 -29.9096
260.536 166.657 1.57382
263.444 171.891 29.8756
278.254 162.612 29.8857
274.808 157.728 1.57984
264.117 172.959 32.7808
272.184 187.383 56.5196
288.483 177.138 56.5386
278.928 163.68 32.791
273.397 189.302 58.7224
285.171 210.337 74.6586
303.643 198.705 74.6804
289.696 179.058 58.7414
286.727 212.801 75.8527
300.499 237.459 81.6617
321.508 224.219 81.6749
305.199 201.169 75.8745
302.167 240.107 81.6608
315.905 264.751 76.1612
339.436 249.912 76.1661
323.175 226.867 81.6741
317.432 267.179 74.9509
328.996 287.933 58.8693
354.646 271.754 58.8746
340.963 252.341 74.9558
330.152 289.772 56.6408
337.788 303.482 32.5924
364.84 286.426 32.5974
355.802 273.593 56.6461
338.406 304.467 29.7006
341.057 309.232 1.49985
368.597 291.873 1.5037
365.458 287.411 29.7057
341.057 309.232 -1.61836
338.401 304.463 -29.8103
365.455 287.409 -29.8064
368.597 291.873 -1.61451
337.783 303.478 -32.6998
330.156 289.768 -56.7205
355.81 273.593 -56.7128
364.837 286.424 -32.6959
329.001 287.929 -58.9469
317.447 267.162 -75.02
340.98 252.326 -75.0126
354.655 271.753 -58.9392
315.921 264.732 -76.2295
302.191 240.081 -81.7223
323.2 226.843 -81.7246
339.454 249.896 -76.2221
300.524 237.432 -81.7227
286.757 212.77 -75.9112
305.229 201.14 -75.924
321.533 224.195 -81.725
285.202 210.306 -74.7172
273.431 189.266 -58.7834
289.727 179.022 -58.7962
303.674 198.675 -74.73
272.216 187.346 -56.5794
264.135 172.916 -32.8168
278.94 163.634 -32.8174
288.513 177.101 -56.5922
263.459 171.85 -29.9092
260.537 166.654 -1.59375
274.809 157.725 -1.58773
278.264 162.568 -29.9098
276.368 156.632 1.58078
279.815 161.516 29.8866
293.6 150.696 29.8985
289.659 146.222 1.58665
280.598 162.504 32.7928
290.152 175.963 56.5404
305.309 164.019 56.5662
294.384 151.684 32.8046
291.563 177.74 58.7441
305.51 197.387 74.683
322.675 183.835 74.7139
306.72 165.797 58.7698
307.318 199.67 75.8768
323.627 222.72 81.6773
343.137 207.308 81.697
324.483 186.118 75.9077
325.565 225.176 81.6754
341.826 248.222 76.1674
363.664 230.963 76.1748
345.074 209.764 81.6951
343.6 250.475 74.9566
357.282 269.889 58.8754
381.077 251.084 58.8813
365.438 233.217 74.964
358.625 271.597 56.6468
367.663 284.43 32.5982
392.753 264.612 32.6038
382.419 252.792 56.6528
368.381 285.344 29.7063
371.52 289.806 1.50425
397.062 269.638 1.50821
393.471 265.526 29.7119
371.52 289.806 -1.61413
368.378 285.342 -29.806
393.47 265.525 -29.8025
397.062 269.638 -1.61017
367.66 284.427 -32.6954
358.633 271.596 -56.7123
382.431 252.794 -56.7056
392.752 264.611 -32.6919
357.291 269.888 -58.9386
343.616 250.461 -75.012
365.457 233.205 -75.0075
381.09 251.086 -58.9318
341.843 248.206 -76.2221
325.589 225.153 -81.7246
345.1 209.743 -81.7335
363.684 230.951 -76.2176
323.653 222.697 -81.7262
307.348 199.642 -75.9252
324.513 186.091 -75.9471
343.163 207.287 -81.7351
305.54 197.357 -74.7318
291.594 177.703 -58.798
306.748 165.761 -58.8172
322.705 183.807 -74.7537
290.182 175.925 -56.5931
280.609 162.458 -32.8183
294.388 151.637 -32.8207
305.336 163.983 -56.6124
279.824 161.472 -29.9095
276.369 156.63 -1.58746
289.659 146.219 -1.58158
293.603 150.651 -29.9119
291.099 144.964 1.58767
295.041 149.438 29.8995
307.656 137.189 29.9131
303.269 133.179 1.59329
295.924 150.335 32.8069
306.85 162.67 56.5685
320.701 149.153 56.6013
308.539 138.085 32.8205
308.44 164.285 58.7734
324.395 182.323 74.7174
340.067 166.996 74.7581
322.292 150.768 58.8062
326.435 184.401 75.9109
345.088 205.591 81.7002
362.886 188.177 81.7267
342.106 169.074 75.9515
347.273 207.829 81.6969
365.863 229.028 76.1766
385.771 209.547 76.1863
365.071 190.415 81.7234
367.863 231.083 74.965
383.501 248.95 58.8823
405.181 227.74 58.8883
387.771 211.602 74.9746
385.015 250.508 56.6535
395.349 262.328 32.6046
418.204 239.985 32.6106
406.694 229.298 56.6596
396.159 263.163 29.7125
399.75 267.275 1.5088
423.016 244.54 1.5127
419.014 240.82 29.7185
399.75 267.275 -1.60982
396.157 263.162 -29.8021
419.014 240.82 -29.7992
423.016 244.54 -1.60592
395.348 262.327 -32.6915
385.027 250.511 -56.7052
406.71 229.302 -56.6993
418.205 239.985 -32.6886
383.515 248.952 -58.9315
367.882 231.072 -75.0071
387.792 211.593 -75.0056
405.198 227.744 -58.9256
365.883 229.015 -76.2182
347.299 207.808 -81.7341
365.098 190.397 -81.7503
385.793 209.537 -76.2166
345.115 205.57 -81.7372
326.464 184.374 -75.9492
342.135 169.05 -75.981
362.913 188.158 -81.7534
324.425 182.295 -74.7563
308.468 164.249 -58.8199
322.317 150.734 -58.8461
340.096 166.971 -74.7882
306.876 162.634 -56.6138
295.928 150.288 -32.8221
308.536 138.039 -32.8264
320.725 149.118 -56.64
295.043 149.393 -29.9117
291.099 144.962 -1.58143
303.269 133.177 -1.57581
307.651 137.144 -29.916
304.575 131.773 1.59438
308.962 135.782 29.9142
320.274 122.227 29.929
315.499 118.732 1.59967
309.934 136.576 32.8233
322.096 147.644 56.6041
334.496 132.692 56.6437
321.246 123.02 32.8381
323.848 149.078 58.8107
341.623 165.306 74.7625
355.634 148.365 74.8121
336.248 134.125 58.8503
343.869 167.156 75.9556
364.65 186.259 81.7307
380.547 167.034 81.7624
357.881 150.216 76.0051
367.056 188.256 81.7256
387.756 207.388 76.1885
405.521 185.906 76.1988
382.953 169.031 81.7573
389.958 209.224 74.9757
407.368 225.362 58.8894
426.702 201.994 58.8947
407.723 187.742 74.986
409.035 226.755 56.6604
420.545 237.442 32.6114
440.924 212.839 32.6174
428.369 203.387 56.6658
421.438 238.189 29.7191
425.44 241.909 1.5133
446.185 216.879 1.51692
441.817 213.586 29.7251
425.44 241.909 -1.60563
421.438 238.189 -29.7989
441.819 213.586 -29.7967
446.185 216.879 -1.60201
420.546 237.442 -32.6883
409.052 226.759 -56.6991
428.39 203.393 -56.6937
440.927 212.839 -32.6861
407.386 225.366 -58.9254
389.98 209.215 -75.0054
407.747 187.736 -75.0056
426.724 201.999 -58.9201
387.778 207.378 -76.2177
367.083 188.238 -81.7513
382.981 169.016 -81.7736
405.546 185.899 -76.2179
364.677 186.241 -81.7565
343.899 167.132 -75.984
357.91 150.194 -76.0252
380.575 167.019 -81.7787
341.652 165.281 -74.7917
323.873 149.044 -58.8497
336.27 134.095 -58.8825
355.663 148.343 -74.8329
322.119 147.609 -56.6419
309.93 136.53 -32.8283
321.236 122.978 -32.8342
334.516 132.66 -56.6747
308.957 135.738 -29.916
304.574 131.77 -1.57577
315.498 118.73 -1.57048
320.263 122.185 -29.9218
316.657 117.191 1.60078
321.433 120.685 29.9301
331.329 105.958 29.9444
326.228 103.023 1.60568
322.481 121.367 32.8412
335.731 131.038 56.6468
346.552 114.8 56.69
332.377 106.64 32.8555
337.623 132.275 58.8554
357.009 146.515 74.8172
369.216 128.134 74.8716
348.443 116.036 58.8985
359.437 148.118 76.0097
382.103 164.937 81.767
395.935 144.106 81.7992
371.644 129.737 76.064
384.703 166.672 81.7596
407.271 183.548 76.2011
422.711 160.306 76.2081
398.535 145.842 81.7918
409.651 185.147 74.9869
428.629 199.399 58.8956
445.422 174.146 58.8982
425.09 161.905 74.9939
430.431 200.614 56.6665
442.986 210.066 32.6181
460.685 183.494 32.6235
447.223 175.361 56.669
443.951 210.719 29.7257
448.32 214.012 1.5175
466.339 186.984 1.52057
461.65 184.147 29.731
448.32 214.012 -1.6018
443.954 210.719 -29.7965
461.655 184.148 -29.7948
466.339 186.984 -1.59872
442.989 210.066 -32.6859
430.452 200.62 -56.6935
447.249 175.367 -56.687
460.69 183.495 -32.6841
428.652 199.404 -58.9199
409.675 185.14 -75.0054
425.118 161.901 -75.004
445.449 174.152 -58.9134
407.296 183.54 -76.2192
384.731 166.657 -81.7749
398.564 145.83 -81.799
422.738 160.301 -76.2178
382.131 164.921 -81.7824
359.466 148.097 -76.0288
371.673 129.72 -76.0753
395.964 144.094 -81.8064
357.038 146.493 -74.8372
337.645 132.244 -58.8867
348.464 116.01 -58.923
369.245 128.116 -74.8837
335.751 131.007 -56.6769
322.471 121.324 -32.8364
332.362 106.603 -32.8419
346.57 114.773 -56.7132
321.422 120.644 -29.9219
316.657 117.188 -1.57052
326.227 103.021 -1.56562
331.313 105.922 -29.9274
327.227 101.361 1.60655
332.329 104.296 29.9452
340.717 88.5391 29.952
335.358 86.2022 1.61101
333.441 104.858 32.8582
347.615 113.018 56.6927
356.752 95.6513 56.7272
341.829 89.1008 32.865
349.624 114.044 58.9033
370.397 126.141 74.8763
380.678 106.505 74.9201
358.762 96.6769 58.9378
372.977 127.482 76.068
397.269 141.85 81.8031
408.898 119.633 81.8207
383.259 107.845 76.1118
400.033 143.309 81.7932
424.209 157.773 76.2095
437.172 133.028 76.2019
411.662 121.092 81.8108
426.738 159.122 74.994
447.07 171.363 58.8983
461.16 144.514 58.8916
439.701 134.377 74.9864
448.986 172.391 56.6694
462.447 180.524 32.6238
477.302 152.295 32.6258
463.076 145.541 56.6626
463.475 181.077 29.7315
468.164 183.914 1.52102
483.29 155.207 1.52328
478.33 152.848 29.7334
468.164 183.914 -1.59853
463.48 181.077 -29.7946
478.337 152.848 -29.7913
483.29 155.207 -1.59626
462.453 180.524 -32.6837
449.012 172.397 -56.6865
463.107 145.547 -56.6732
477.31 152.295 -32.6804
447.097 171.369 -58.9127
426.766 159.118 -75.0033
439.732 134.375 -74.9896
461.192 144.519 -58.8994
424.237 157.768 -76.2185
400.062 143.298 -81.7997
411.694 121.084 -81.8109
437.203 133.025 -76.2047
397.298 141.838 -81.8096
373.007 127.465 -76.0785
383.289 107.832 -76.1153
408.929 119.625 -81.8209
370.425 126.124 -74.8877
349.645 114.018 -58.927
358.782 96.6575 -58.9543
380.708 106.491 -74.9245
347.633 112.992 -56.715
333.425 104.822 -32.8438
341.811 89.0721 -32.842
356.77 95.6309 -56.7423
332.312 104.261 -29.9273
327.226 101.36 -1.56548
335.357 86.2006 -1.56102
340.698 88.5116 -29.9254
336.191 84.4366 1.61076
341.55 86.7735 29.9518
348.381 70.1341 29.9272
342.839 68.4272 1.61463
342.711 87.2079 32.865
357.635 93.7583 56.7272
365.022 75.4294 56.7103
349.542 70.5685 32.8404
359.737 94.5617 58.9388
381.653 104.389 74.9211
389.92 83.6897 74.902
367.125 76.2328 58.9219
384.357 105.454 76.1115
409.996 117.242 81.8204
419.311 93.8686 81.7732
392.624 84.7541 76.0923
412.893 118.413 81.8082
438.402 130.349 76.1993
448.761 104.369 76.1385
422.207 95.039 81.761
441.053 131.438 74.9835
462.513 141.575 58.8887
473.767 113.428 58.8483
451.412 105.457 74.9227
464.523 142.407 56.6613
478.748 149.16 32.6245
490.62 119.592 32.6115
475.777 114.261 56.621
479.828 149.61 29.7333
484.788 151.969 1.52318
496.883 121.907 1.52446
491.7 120.041 29.7203
484.789 151.969 -1.59575
479.835 149.61 -29.7908
491.71 120.041 -29.775
496.883 121.907 -1.59446
478.757 149.161 -32.6786
464.554 142.413 -56.6713
475.813 114.265 -56.6275
490.632 119.592 -32.6628
462.545 141.58 -58.896
441.085 131.436 -74.9861
451.447 105.457 -74.9219
473.804 113.433 -58.8521
438.433 130.346 -76.2015
412.924 118.405 -81.8078
422.241 95.0346 -81.7564
448.795 104.367 -76.1373
410.028 117.234 -81.8199
384.388 105.442 -76.1144
392.656 84.7472 -76.0895
419.345 93.8638 -81.7686
381.683 104.377 -74.9248
359.758 94.5429 -58.9545
367.147 76.2221 -58.9299
389.952 83.6824 -74.8999
357.653 93.7389 -56.7414
342.693 87.1801 -32.8411
349.525 70.5516 -32.8079
365.042 75.4181 -56.7168
341.531 86.7465 -29.9242
336.19 84.4355 -1.55981
342.838 68.4261 -1.55594
348.363 70.1179 -29.8911
343.508 66.5747 1.61023
349.05 68.2816 29.9228
354.392 50.9195 29.7866
348.758 49.8618 1.61292
350.243 68.5835 32.8292
365.723 73.4445 56.6991
371.388 54.3433 56.4826
355.585 51.2214 32.693
367.89 74.0172 58.907
390.685 81.4741 74.8871
396.904 59.9347 74.6159
373.554 54.9161 58.6906
393.477 82.2537 76.0744
420.164 91.3682 81.7552
427.068 67.0897 81.4524
399.696 60.7144 75.8032
423.157 92.2423 81.7421
449.71 101.572 76.1196
457.318 74.6333 75.8456
430.061 67.9638 81.4393
452.452 102.394 74.9075
474.807 110.365 58.8331
483.042 81.2162 58.6444
460.06 75.4556 74.6335
476.889 110.998 56.6121
491.732 116.329 32.6027
500.416 85.7256 32.5151
485.125 81.8491 56.4234
492.853 116.672 29.7177
498.036 118.538 1.52185
506.887 87.429 1.52254
501.536 86.0682 29.6302
498.036 118.538 -1.59166
492.863 116.671 -29.7722
501.552 86.0664 -29.6846
506.888 87.4289 -1.59097
491.745 116.328 -32.6539
476.926 111.002 -56.6185
485.168 81.851 -56.4313
500.434 85.7239 -32.5663
474.845 110.369 -58.8367
452.488 102.394 -74.9065
460.099 75.4555 -74.6321
483.087 81.2181 -58.6494
449.746 101.571 -76.1182
423.192 92.2382 -81.7373
430.098 67.9627 -81.4329
457.356 74.6329 -75.8438
420.198 91.3639 -81.7502
393.51 82.2473 -76.0711
399.731 60.7137 -75.796
427.104 67.0885 -81.4458
390.718 81.4676 -74.8843
367.913 74.0074 -58.9143
373.583 54.9166 -58.6889
396.939 59.9339 -74.6091
365.743 73.4343 -56.7047
350.227 68.5679 -32.7958
355.576 51.22 -32.6511
371.413 54.3436 -56.4793
349.032 68.2661 -29.8858
343.507 66.5742 -1.55067
348.758 49.8613 -1.54797
354.381 50.9183 -29.7411
349.295 47.9415 1.59425
354.928 48.9992 29.7679
359.287 31.0965 29.2609
353.691 30.6571 1.59399
356.13 49.1695 32.6418
371.933 52.2914 56.4314
376.261 32.7111 55.5058
360.489 31.2668 32.1347
374.124 52.6328 58.6163
397.474 57.6514 74.5416
401.822 35.6486 73.3103
378.452 33.0525 57.6907
400.303 58.142 75.7155
427.674 64.5174 81.3647
432.074 39.7229 80.0112
404.651 36.1392 74.4842
430.71 65.0885 81.3517
457.967 71.7579 75.758
462.451 44.2178 74.5171
435.11 40.294 79.9982
460.751 72.3065 74.5606
483.734 78.0671 58.5715
488.32 48.2263 57.6329
465.235 44.7664 73.3196
485.851 78.494 56.3763
501.143 82.3705 32.468
505.812 51.0064 31.9717
490.437 48.6532 55.4377
502.283 82.6028 29.6142
507.634 83.9636 1.50658
512.347 52.0713 1.50911
506.953 51.2387 29.1179
507.635 83.9635 -1.57485
502.3 82.601 -29.6685
506.985 51.238 -29.1738
512.349 52.0712 -1.57233
501.162 82.3686 -32.5196
485.895 78.4956 -56.3846
490.489 48.6518 -55.4571
505.846 51.0056 -32.0249
483.779 78.0688 -58.577
460.791 72.3062 -74.5596
465.275 44.7645 -73.3203
488.373 48.225 -57.6495
458.006 71.7576 -75.7561
430.747 65.0875 -81.3453
435.147 40.2948 -79.9922
462.49 44.2159 -74.5168
427.711 64.5166 -81.3579
400.338 58.1417 -75.7081
404.686 36.1447 -74.4753
432.111 39.7239 -80.0049
397.509 57.6515 -74.5341
374.152 52.6341 -58.6139
378.488 33.0639 -57.6765
401.857 35.6544 -73.3014
371.96 52.2931 -56.4271
356.122 49.1696 -32.5989
360.498 31.2831 -32.0859
376.295 32.723 -55.4897
354.919 48.9989 -29.7219
349.295 47.9419 -1.52876
353.691 30.6576 -1.52903
359.294 31.1124 -29.2089
354.228 28.7513 1.53277
359.824 29.1906 29.1997
365.056 12.3888 27.9327
359.768 11.8544 1.52878
360.978 29.3033 31.97
376.75 30.7476 55.3411
381.185 14.153 53.0367
366.21 12.5015 30.7031
378.873 30.9799 57.4621
402.243 33.5761 73.0818
405.595 17.0667 70.0809
383.308 14.3853 55.1577
405.006 33.9175 74.2328
432.429 37.5011 79.7598
434.567 20.8299 76.5115
408.357 17.4081 71.2319
435.409 37.9054 79.7623
462.749 41.8292 74.2812
463.723 24.8492 71.3016
437.547 21.2341 76.5141
465.492 42.2229 73.1318
488.578 45.6828 57.4451
488.616 28.4175 55.2017
466.466 25.2429 70.1523
490.671 45.9925 55.3188
506.047 48.3456 31.8528
505.492 30.8866 30.6592
490.709 28.7272 53.0754
507.178 48.5149 29.0774
512.572 49.3475 1.46861
511.812 31.8042 1.47247
506.623 31.0559 27.8838
512.573 49.3467 -1.5317
507.209 48.5135 -29.1332
506.647 31.0279 -27.9298
511.814 31.8035 -1.52784
506.081 48.3436 -31.9057
490.723 45.9898 -55.338
490.752 28.7033 -53.0865
505.518 30.858 -30.7023
488.63 45.6808 -57.4616
465.532 42.2202 -73.1324
466.5 25.2374 -70.1526
488.659 28.3943 -55.2101
462.788 41.8272 -74.281
435.445 37.9061 -79.7564
437.576 21.2359 -76.5095
463.756 24.8444 -71.3012
432.465 37.5025 -79.7535
405.041 33.9233 -74.224
408.386 17.4185 -71.2255
434.597 20.8322 -76.5066
402.278 33.5831 -73.0728
378.909 30.9926 -57.4479
383.336 14.4199 -55.1495
405.624 17.0783 -70.0743
376.785 30.7613 -55.3248
360.987 29.3215 -31.921
366.215 12.5426 -30.6615
381.211 14.1886 -53.0264
359.831 29.2076 -29.1478
354.229 28.7528 -1.46788
359.769 11.8559 -1.47187
365.059 12.4287 -27.8883
360.417 10.0191 1.44883
365.705 10.5535 27.8528
371.856 -5.67641 26.2237
366.942 -6.25536 1.43392
366.791 10.6784 30.4788
381.766 12.3299 52.8125
386.915 -3.81087 49.864
372.943 -5.55159 28.8498
383.77 12.5725 54.8241
406.058 15.2539 69.7473
409.811 -0.906781 65.9202
388.919 -3.56825 51.8756
408.673 15.5873 70.8379
434.882 19.0091 76.1176
437.042 2.6484 71.9475
412.426 -0.57339 67.0109
437.708 19.386 76.1189
463.884 23.001 70.9064
464.455 6.31476 67.0058
439.867 3.02526 71.9488
466.489 23.3609 69.8169
488.638 26.5355 54.8663
487.858 9.53978 51.85
467.059 6.67459 65.9162
490.627 26.8175 52.8521
505.41 28.977 30.4359
503.718 11.7605 28.8062
489.847 9.82185 49.8359
506.485 29.1299 27.8064
511.674 29.8782 1.39498
509.661 12.5668 1.4098
504.793 11.9134 26.1766
511.675 29.876 -1.44837
506.508 29.1005 -27.8503
504.809 11.8616 -26.1977
509.662 12.5645 -1.43355
505.435 28.9458 -30.4778
490.669 26.791 -52.8619
489.872 9.77835 -49.8427
503.736 11.7069 -28.8251
488.68 26.5111 -54.8744
466.522 23.3542 -69.8169
467.076 6.66874 -65.9186
487.883 9.49843 -51.8552
463.916 22.9961 -70.9061
437.737 19.3877 -76.1145
439.881 3.02591 -71.9465
464.471 6.31067 -67.0079
434.911 19.0115 -76.1128
408.701 15.5977 -70.8316
412.439 -0.565879 -67.0049
437.055 2.64975 -71.9448
406.086 15.2665 -69.741
383.797 12.6081 -54.8162
388.928 -3.51927 -51.8696
409.824 -0.897114 -65.9142
381.791 12.3679 -52.8032
366.795 10.7218 -30.4384
372.939 -5.48923 -28.8308
386.922 -3.75951 -49.8567
365.708 10.5947 -27.8102
360.417 10.0219 -1.39379
366.942 -6.25263 -1.40869
371.852 -5.61639 -26.2027
367.733 -7.95295 1.32368
372.647 -7.374 26.1135
380.403 -21.7718 23.7648
375.98 -22.3934 1.31304
373.644 -7.24343 28.5406
387.616 -5.50271 49.5548
393.999 -19.8821 45.2223
381.4 -21.6413 26.1919
389.462 -5.26078 51.4138
410.353 -2.59931 65.4584
414.728 -17.1099 59.752
395.845 -19.6401 47.0813
412.764 -2.28287 66.4624
437.38 0.938917 71.399
439.376 -13.843 65.1478
417.139 -16.7934 60.756
439.986 1.28399 71.3952
464.574 4.57349 66.4522
464.166 -10.5661 60.6194
441.982 -13.4979 65.144
466.976 4.89539 65.4427
487.775 7.76058 51.3765
485.332 -7.76895 46.8898
466.569 -10.2442 59.6099
489.609 8.0092 49.5184
503.479 9.94788 28.4886
499.68 -5.8709 26.0667
487.166 -7.52034 45.0317
504.47 10.0819 26.0666
509.338 10.7352 1.2998
505.06 -5.15849 1.30993
500.67 -5.73691 23.6447
509.339 10.7338 -1.31998
504.486 10.0309 -26.0841
500.67 -5.7385 -23.6446
505.06 -5.15992 -1.30985
503.496 9.89562 -28.5064
489.632 7.96706 -49.524
487.166 -7.52342 -45.0322
499.68 -5.87376 -26.067
487.798 7.71985 -51.382
466.991 4.89017 -65.4454
466.569 -10.2459 -59.6103
485.332 -7.77062 -46.8901
464.588 4.56946 -66.4544
439.999 1.2847 -71.393
441.982 -13.4985 -65.1438
464.167 -10.5667 -60.6192
437.393 0.939937 -71.3966
412.776 -2.2757 -66.4567
417.14 -16.7935 -60.7556
439.376 -13.8432 -65.1474
410.364 -2.5909 -65.4523
389.469 -5.21306 -51.4077
395.845 -19.6388 -47.0806
414.728 -17.1087 -59.7512
387.623 -5.45336 -49.5486
373.639 -7.18308 -28.5227
381.4 -21.6382 -26.1911
393.999 -19.8791 -45.2215
372.642 -7.31503 -26.0961
367.733 -7.95127 -1.3021
375.98 -22.3917 -1.31274
380.403 -21.7701 -23.7645
-37.3918 1.22828 25.6039
-32.5291 -0.168136 0.0188466
-37.3949 1.12173 -25.5782
-51.304 5.04264 -47.3899
-72.1895 11.1957 -62.0397
-96.8321 18.742 -67.1924
-121.393 26.5213 -62.0249
-142.077 33.27 -47.3788
-155.799 37.8295 -25.5901
-160.612 39.416 -0.00164755
-155.84 37.7895 25.5984
-142.113 33.2428 47.4006
-121.403 26.5418 62.0464
-96.8269 18.8008 67.211
-72.177 11.2879 62.0547
-51.2926 5.16952 47.4028
382.635 -22.3855 1.31945e-05
387.058 -21.764 22.4517
399.656 -20.0048 41.4821
418.539 -17.4746 54.1528
440.776 -14.5241 58.5446
462.96 -11.5923 54.02
481.723 -9.11705 41.3
494.237 -7.4676 22.335
498.627 -6.88918 0.000239176
494.237 -7.46776 -22.3346
481.723 -9.11742 -41.2997
462.96 -11.5927 -54.0199
440.776 -14.5245 -58.5445
418.539 -17.4748 -54.1527
399.656 -20.0049 -41.4821
387.058 -21.764 -22.4517
</DataArray>
</Points>
<Cells>
<DataArray type="Int32" Name="connectivity" format="ascii">
0 1 529 528 1 17 530 529 17 16 531 530 16 0 528 531 1 2 533 532 2 18 534 533 18 17 535 534 17 1 532 535 2 3 537 536 3 19 538 537 19 18 539 538 18 2 536 539 3 4 541 540 4 20 542 541 20 19 543 542 19 3 540 543 4 5 545 544 5 21 546 545 21 20 547 546 20 4 544 547 5 6 549 548 6 22 550 549 22 21 551 550 21 5 548 551 6 7 553 552 7 23 554 553 23 22 555 554 22 6 552 555 7 8 557 556 8 24 558 557 24 23 559 558 23 7 556 559 8 9 561 560 9 25 562 561 25 24 563 562 24 8 560 563 9 10 565 564 10 26 566 565 26 25 567 566 25 9 564 567 10 11 569 568 11 27 570 569 27 26 571 570 26 10 568 571 11 12 573 572 12 28 574 573 28 27 575 574 27 11 572 575 12 13 577 576 13 29 578 577 29 28 579 578 28 12 576 579 13 14 581 580 14 30 582 581 30 29 583 582 29 13 580 583 14 15 585 584 15 31 586 585 31 30 587 586 30 14 584 587 15 0 589 588 0 16 590 589 16 31 591 590 31 15 588 591 16 17 593 592 17 33 594 593 33 32 595 594 32 16 592 595 18 34 597 596 34 33 598 597 33 17 599 598 17 18 596 599 19 35 601 600 35 34 602 601 34 18 603 602 18 19 600 603 20 36 605 604 36 35 606 605 35 19 607 606 19 20 604 607 21 37 609 608 37 36 610 609 36 20 611 610 20 21 608 611 22 38 613 612 38 37 614 613 37 21 615 614 21 22 612 615 23 39 617 616 39 38 618 617 38 22 619 618 22 23 616 619 24 40 621 620 40 39 622 621 39 23 623 622 23 24 620 623 25 41 625 624 41 40 626 625 40 24 627 626 24 25 624 627 26 42 629 628 42 41 630 629 41 25 631 630 25 26 628 631 27 43 633 632 43 42 634 633 42 26 635 634 26 27 632 635 28 44 637 636 44 43 638 637 43 27 639 638 27 28 636 639 29 45 641 640 45 44 642 641 44 28 643 642 28 29 640 643 30 46 645 644 46 45 646 645 45 29 647 646 29 30 644 647 31 47 649 648 47 46 650 649 46 30 651 650 30 31 648 651 31 16 653 652 16 32 654 653 32 47 655 654 47 31 652 655 32 33 657 656 33 49 658 657 49 48 659 658 48 32 656 659 33 34 661 660 34 50 662 661 50 49 663 662 49 33 660 663 34 35 665 664 35 51 666 665 51 50 667 666 50 34 664 667 35 36 669 668 36 52 670 669 52 51 671 670 51 35 668 671 36 37 673 672 37 53 674 673 53 52 675 674 52 36 672 675 37 38 677 676 38 54 678 677 54 53 679 678 53 37 676 679 38 39 681 680 39 55 682 681 55 54 683 682 54 38 680 683 39 40 685 684 40 56 686 685 56 55 687 686 55 39 684 687 40 41 689 688 41 57 690 689 57 56 691 690 56 40 688 691 41 42 693 692 42 58 694 693 58 57 695 694 57 41 692 695 42 43 697 696 43 59 698 697 59 58 699 698 58 42 696 699 43 44 701 700 44 60 702 701 60 59 703 702 59 43 700 703 44 45 705 704 45 61 706 705 61 60 707 706 60 44 704 707 45 46 709 708 46 62 710 709 62 61 711 710 61 45 708 711 46 47 713 712 47 63 714 713 63 62 715 714 62 46 712 715 47 32 717 716 32 48 718 717 48 63 719 718 63 47 716 719 48 49 721 720 49 65 722 721 65 64 723 722 64 48 720 723 49 50 725 724 50 66 726 725 66 65 727 726 65 49 724 727 50 51 729 728 51 67 730 729 67 66 731 730 66 50 728 731 51 52 733 732 52 68 734 733 68 67 735 734 67 51 732 735 52 53 737 736 53 69 738 737 69 68 739 738 68 52 736 739 53 54 741 740 54 70 742 741 70 69 743 742 69 53 740 743 54 55 745 744 55 71 746 745 71 70 747 746 70 54 744 747 55 56 749 748 56 72 750 749 72 71 751 750 71 55 748 751 56 57 753 752 57 73 754 753 73 72 755 754 72 56 752 755 57 58 757 756 58 74 758 757 74 73 759 758 73 57 756 759 58 59 761 760 59 75 762 761 75 74 763 762 74 58 760 763 59 60 765 764 60 76 766 765 76 75 767 766 75 59 764 767 60 61 769 768 61 77 770 769 77 76 771 770 76 60 768 771 61 62 773 772 62 78 774 773 78 77 775 774 77 61 772 775 62 63 777 776 63 79 778 777 79 78 779 778 78 62 776 779 63 48 781 780 48 64 782 781 64 79 783 782 79 63 780 783 64 65 785 784 65 81 786 785 81 80 787 786 80 64 784 787 65 66 789 788 66 82 790 789 82 81 791 790 81 65 788 791 66 67 793 792 67 83 794 793 83 82 795 794 82 66 792 795 67 68 797 796 68 84 798 797 84 83 799 798 83 67 796 799 68 69 801 800 69 85 802 801 85 84 803 802 84 68 800 803 69 70 805 804 70 86 806 805 86 85 807 806 85 69 804 807 70 71 809 808 71 87 810 809 87 86 811 810 86 70 808 811 71 72 813 812 72 88 814 813 88 87 815 814 87 71 812 815 72 73 817 816 73 89 818 817 89 88 819 818 88 72 816 819 73 74 821 820 74 90 822 821 90 89 823 822 89 73 820 823 74 75 825 824 75 91 826 825 91 90 827 826 90 74 824 827 75 76 829 828 76 92 830 829 92 91 831 830 91 75 828 831 76 77 833 832 77 93 834 833 93 92 835 834 92 76 832 835 77 78 837 836 78 94 838 837 94 93 839 838 93 77 836 839 78 79 841 840 79 95 842 841 95 94 843 842 94 78 840 843 79 64 845 844 64 80 846 845 80 95 847 846 95 79 844 847 80 81 849 848 81 97 850 849 97 96 851 850 96 80 848 851 81 82 853 852 82 98 854 853 98 97 855 854 97 81 852 855 82 83 857 856 83 99 858 857 99 98 859 858 98 82 856 859 83 84 861 860 84 100 862 861 100 99 863 862 99 83 860 863 84 85 865 864 85 101 866 865 101 100 867 866 100 84 864 867 85 86 869 868 86 102 870 869 102 101 871 870 101 85 868 871 86 87 873 872 87 103 874 873 103 102 875 874 102 86 872 875 87 88 877 876 88 104 878 877 104 103 879 878 103 87 876 879 88 89 881 880 89 105 882 881 105 104 883 882 104 88 880 883 89 90 885 884 90 106 886 885 106 105 887 886 105 89 884 887 90 91 889 888 91 107 890 889 107 106 891 890 106 90 888 891 91 92 893 892 92 108 894 893 108 107 895 894 107 91 892 895 92 93 897 896 93 109 898 897 109 108 899 898 108 92 896 899 93 94 901 900 94 110 902 901 110 109 903 902 109 93 900 903 94 95 905 904 95 111 906 905 111 110 907 906 110 94 904 907 95 80 909 908 80 96 910 909 96 111 911 910 111 95 908 911 96 97 913 912 97 113 914 913 113 112 915 914 112 96 912 915 97 98 917 916 98 114 918 917 114 113 919 918 113 97 916 919 98 99 921 920 99 115 922 921 115 114 923 922 114 98 920 923 99 100 925 924 100 116 926 925 116 115 927 926 115 99 924 927 100 101 929 928 101 117 930 929 117 116 931 930 116 100 928 931 101 102 933 932 102 118 934 933 118 117 935 934 117 101 932 935 102 103 937 936 103 119 938 937 119 118 939 938 118 102 936 939 103 104 941 940 104 120 942 941 120 119 943 942 119 103 940 943 104 105 945 944 105 121 946 945 121 120 947 946 120 104 944 947 105 106 949 948 106 122 950 949 122 121 951 950 121 105 948 951 106 107 953 952 107 123 954 953 123 122 955 954 122 106 952 955 107 108 957 956 108 124 958 957 124 123 959 958 123 107 956 959 108 109 961 960 109 125 962 961 125 124 963 962 124 108 960 963 109 110 965 964 110 126 966 965 126 125 967 966 125 109 964 967 110 111 969 968 111 127 970 969 127 126 971 970 126 110 968 971 111 96 973 972 96 112 974 973 112 127 975 974 127 111 972 975 112 113 977 976 113 129 978 977 129 128 979 978 128 112 976 979 113 114 981 980 114 130 982 981 130 129 983 982 129 113 980 983 114 115 985 984 115 131 986 985 131 130 987 986 130 114 984 987 115 116 989 988 116 132 990 989 132 131 991 990 131 115 988 991 116 117 993 992 117 133 994 993 133 132 995 994 132 116 992 995 117 118 997 996 118 134 998 997 134 133 999 998 133 117 996 999 118 119 1001 1000 119 135 1002 1001 135 134 1003 1002 134 118 1000 1003 119 120 1005 1004 120 136 1006 1005 136 135 1007 1006 135 119 1004 1007 120 121 1009 1008 121 137 1010 1009 137 136 1011 1010 136 120 1008 1011 121 122 1013 1012 122 138 1014 1013 138 137 1015 1014 137 121 1012 1015 122 123 1017 1016 123 139 1018 1017 139 138 1019 1018 138 122 1016 1019 123 124 1021 1020 124 140 1022 1021 140 139 1023 1022 139 123 1020 1023 124 125 1025 1024 125 141 1026 1025 141 140 1027 1026 140 124 1024 1027 125 126 1029 1028 126 142 1030 1029 142 141 1031 1030 141 125 1028 1031 126 127 1033 1032 127 143 1034 1033 143 142 1035 1034 142 126 1032 1035 127 112 1037 1036 112 128 1038 1037 128 143 1039 1038 143 127 1036 1039 128 129 1041 1040 129 145 1042 1041 145 144 1043 1042 144 128 1040 1043 129 130 1045 1044 130 146 1046 1045 146 145 1047 1046 145 129 1044 1047 130 131 1049 1048 131 147 1050 1049 147 146 1051 1050 146 130 1048 1051 131 132 1053 1052 132 148 1054 1053 148 147 1055 1054 147 131 1052 1055 132 133 1057 1056 133 149 1058 1057 149 148 1059 1058 148 132 1056 1059 133 134 1061 1060 134 150 1062 1061 150 149 1063 1062 149 133 1060 1063 134 135 1065 1064 135 151 1066 1065 151 150 1067 1066 150 134 1064 1067 135 136 1069 1068 136 152 1070 1069 152 151 1071 1070 151 135 1068 1071 136 137 1073 1072 137 153 1074 1073 153 152 1075 1074 152 136 1072 1075 137 138 1077 1076 138 154 1078 1077 154 153 1079 1078 153 137 1076 1079 138 139 1081 1080 139 155 1082 1081 155 154 1083 1082 154 138 1080 1083 139 140 1085 1084 140 156 1086 1085 156 155 1087 1086 155 139 1084 1087 140 141 1089 1088 141 157 1090 1089 157 156 1091 1090 156 140 1088 1091 141 142 1093 1092 142 158 1094 1093 158 157 1095 1094 157 141 1092 1095 142 143 1097 1096 143 159 1098 1097 159 158 1099 1098 158 142 1096 1099 143 128 1101 1100 128 144 1102 1101 144 159 1103 1102 159 143 1100 1103 144 145 1105 1104 145 161 1106 1105 161 160 1107 1106 160 144 1104 1107 145 146 1109 1108 146 162 1110 1109 162 161 1111 1110 161 145 1108 1111 146 147 1113 1112 147 163 1114 1113 163 162 1115 1114 162 146 1112 1115 147 148 1117 1116 148 164 1118 1117 164 163 1119 1118 163 147 1116 1119 148 149 1121 1120 149 165 1122 1121 165 164 1123 1122 164 148 1120 1123 149 150 1125 1124 150 166 1126 1125 166 165 1127 1126 165 149 1124 1127 150 151 1129 1128 151 167 1130 1129 167 166 1131 1130 166 150 1128 1131 151 152 1133 1132 152 168 1134 1133 168 167 1135 1134 167 151 1132 1135 152 153 1137 1136 153 169 1138 1137 169 168 1139 1138 168 152 1136 1139 153 154 1141 1140 154 170 1142 1141 170 169 1143 1142 169 153 1140 1143 154 155 1145 1144 155 171 1146 1145 171 170 1147 1146 170 154 1144 1147 155 156 1149 1148 156 172 1150 1149 172 171 1151 1150 171 155 1148 1151 156 157 1153 1152 157 173 1154 1153 173 172 1155 1154 172 156 1152 1155 157 158 1157 1156 158 174 1158 1157 174 173 1159 1158 173 157 1156 1159 158 159 1161 1160 159 175 1162 1161 175 174 1163 1162 174 158 1160 1163 159 144 1165 1164 144 160 1166 1165 160 175 1167 1166 175 159 1164 1167 160 161 1169 1168 161 177 1170 1169 177 176 1171 1170 176 160 1168 1171 161 162 1173 1172 162 178 1174 1173 178 177 1175 1174 177 161 1172 1175 162 163 1177 1176 163 179 1178 1177 179 178 1179 1178 178 162 1176 1179 163 164 1181 1180 164 180 1182 1181 180 179 1183 1182 179 163 1180 1183 164 165 1185 1184 165 181 1186 1185 181 180 1187 1186 180 164 1184 1187 165 166 1189 1188 166 182 1190 1189 182 181 1191 1190 181 165 1188 1191 166 167 1193 1192 167 183 1194 1193 183 182 1195 1194 182 166 1192 1195 167 168 1197 1196 168 184 1198 1197 184 183 1199 1198 183 167 1196 1199 168 169 1201 1200 169 185 1202 1201 185 184 1203 1202 184 168 1200 1203 169 170 1205 1204 170 186 1206 1205 186 185 1207 1206 185 169 1204 1207 170 171 1209 1208 171 187 1210 1209 187 186 1211 1210 186 170 1208 1211 171 172 1213 1212 172 188 1214 1213 188 187 1215 1214 187 171 1212 1215 172 173 1217 1216 173 189 1218 1217 189 188 1219 1218 188 172 1216 1219 173 174 1221 1220 174 190 1222 1221 190 189 1223 1222 189 173 1220 1223 174 175 1225 1224 175 191 1226 1225 191 190 1227 1226 190 174 1224 1227 175 160 1229 1228 160 176 1230 1229 176 191 1231 1230 191 175 1228 1231 176 177 1233 1232 177 193 1234 1233 193 192 1235 1234 192 176 1232 1235 177 178 1237 1236 178 194 1238 1237 194 193 1239 1238 193 177 1236 1239 178 179 1241 1240 179 195 1242 1241 195 194 1243 1242 194 178 1240 1243 179 180 1245 1244 180 196 1246 1245 196 195 1247 1246 195 179 1244 1247 180 181 1249 1248 181 197 1250 1249 197 196 1251 1250 196 180 1248 1251 181 182 1253 1252 182 198 1254 1253 198 197 1255 1254 197 181 1252 1255 182 183 1257 1256 183 199 1258 1257 199 198 1259 1258 198 182 1256 1259 183 184 1261 1260 184 200 1262 1261 200 199 1263 1262 199 183 1260 1263 184 185 1265 1264 185 201 1266 1265 201 200 1267 1266 200 184 1264 1267 185 186 1269 1268 186 202 1270 1269 202 201 1271 1270 201 185 1268 1271 186 187 1273 1272 187 203 1274 1273 203 202 1275 1274 202 186 1272 1275 187 188 1277 1276 188 204 1278 1277 204 203 1279 1278 203 187 1276 1279 188 189 1281 1280 189 205 1282 1281 205 204 1283 1282 204 188 1280 1283 189 190 1285 1284 190 206 1286 1285 206 205 1287 1286 205 189 1284 1287 190 191 1289 1288 191 207 1290 1289 207 206 1291 1290 206 190 1288 1291 191 176 1293 1292 176 192 1294 1293 192 207 1295 1294 207 191 1292 1295 192 193 1297 1296 193 209 1298 1297 209 208 1299 1298 208 192 1296 1299 193 194 1301 1300 194 210 1302 1301 210 209 1303 1302 209 193 1300 1303 194 195 1305 1304 195 211 1306 1305 211 210 1307 1306 210 194 1304 1307 195 196 1309 1308 196 212 1310 1309 212 211 1311 1310 211 195 1308 1311 196 197 1313 1312 197 213 1314 1313 213 212 1315 1314 212 196 1312 1315 197 198 1317 1316 198 214 1318 1317 214 213 1319 1318 213 197 1316 1319 198 199 1321 1320 199 215 1322 1321 215 214 1323 1322 214 198 1320 1323 199 200 1325 1324 200 216 1326 1325 216 215 1327 1326 215 199 1324 1327 200 201 1329 1328 201 217 1330 1329 217 216 1331 1330 216 200 1328 1331 201 202 1333 1332 202 218 1334 1333 218 217 1335 1334 217 201 1332 1335 202 203 1337 1336 203 219 1338 1337 219 218 1339 1338 218 202 1336 1339 203 204 1341 1340 204 220 1342 1341 220 219 1343 1342 219 203 1340 1343 204 205 1345 1344 205 221 1346 1345 221 220 1347 1346 220 204 1344 1347 205 206 1349 1348 206 222 1350 1349 222 221 1351 1350 221 205 1348 1351 206 207 1353 1352 207 223 1354 1353 223 222 1355 1354 222 206 1352 1355 207 192 1357 1356 192 208 1358 1357 208 223 1359 1358 223 207 1356 1359 208 209 1361 1360 209 225 1362 1361 225 224 1363 1362 224 208 1360 1363 209 210 1365 1364 210 226 1366 1365 226 225 1367 1366 225 209 1364 1367 210 211 1369 1368 211 227 1370 1369 227 226 1371 1370 226 210 1368 1371 211 212 1373 1372 212 228 1374 1373 228 227 1375 1374 227 211 1372 1375 212 213 1377 1376 213 229 1378 1377 229 228 1379 1378 228 212 1376 1379 213 214 1381 1380 214 230 1382 1381 230 229 1383 1382 229 213 1380 1383 214 215 1385 1384 215 231 1386 1385 231 230 1387 1386 230 214 1384 1387 215 216 1389 1388 216 232 1390 1389 232 231 1391 1390 231 215 1388 1391 216 217 1393 1392 217 233 1394 1393 233 232 1395 1394 232 216 1392 1395 217 218 1397 1396 218 234 1398 1397 234 233 1399 1398 233 217 1396 1399 218 219 1401 1400 219 235 1402 1401 235 234 1403 1402 234 218 1400 1403 219 220 1405 1404 220 236 1406 1405 236 235 1407 1406 235 219 1404 1407 220 221 1409 1408 221 237 1410 1409 237 236 1411 1410 236 220 1408 1411 221 222 1413 1412 222 238 1414 1413 238 237 1415 1414 237 221 1412 1415 222 223 1417 1416 223 239 1418 1417 239 238 1419 1418 238 222 1416 1419 223 208 1421 1420 208 224 1422 1421 224 239 1423 1422 239 223 1420 1423 224 225 1425 1424 225 241 1426 1425 241 240 1427 1426 240 224 1424 1427 225 226 1429 1428 226 242 1430 1429 242 241 1431 1430 241 225 1428 1431 226 227 1433 1432 227 243 1434 1433 243 242 1435 1434 242 226 1432 1435 227 228 1437 1436 228 244 1438 1437 244 243 1439 1438 243 227 1436 1439 228 229 1441 1440 229 245 1442 1441 245 244 1443 1442 244 228 1440 1443 229 230 1445 1444 230 246 1446 1445 246 245 1447 1446 245 229 1444 1447 230 231 1449 1448 231 247 1450 1449 247 246 1451 1450 246 230 1448 1451 231 232 1453 1452 232 248 1454 1453 248 247 1455 1454 247 231 1452 1455 232 233 1457 1456 233 249 1458 1457 249 248 1459 1458 248 232 1456 1459 233 234 1461 1460 234 250 1462 1461 250 249 1463 1462 249 233 1460 1463 234 235 1465 1464 235 251 1466 1465 251 250 1467 1466 250 234 1464 1467 235 236 1469 1468 236 252 1470 1469 252 251 1471 1470 251 235 1468 1471 236 237 1473 1472 237 253 1474 1473 253 252 1475 1474 252 236 1472 1475 237 238 1477 1476 238 254 1478 1477 254 253 1479 1478 253 237 1476 1479 238 239 1481 1480 239 255 1482 1481 255 254 1483 1482 254 238 1480 1483 239 224 1485 1484 224 240 1486 1485 240 255 1487 1486 255 239 1484 1487 240 241 1489 1488 241 257 1490 1489 257 256 1491 1490 256 240 1488 1491 241 242 1493 1492 242 258 1494 1493 258 257 1495 1494 257 241 1492 1495 242 243 1497 1496 243 259 1498 1497 259 258 1499 1498 258 242 1496 1499 243 244 1501 1500 244 260 1502 1501 260 259 1503 1502 259 243 1500 1503 244 245 1505 1504 245 261 1506 1505 261 260 1507 1506 260 244 1504 1507 245 246 1509 1508 246 262 1510 1509 262 261 1511 1510 261 245 1508 1511 246 247 1513 1512 247 263 1514 1513 263 262 1515 1514 262 246 1512 1515 247 248 1517 1516 248 264 1518 1517 264 263 1519 1518 263 247 1516 1519 248 249 1521 1520 249 265 1522 1521 265 264 1523 1522 264 248 1520 1523 249 250 1525 1524 250 266 1526 1525 266 265 1527 1526 265 249 1524 1527 250 251 1529 1528 251 267 1530 1529 267 266 1531 1530 266 250 1528 1531 251 252 1533 1532 252 268 1534 1533 268 267 1535 1534 267 251 1532 1535 252 253 1537 1536 253 269 1538 1537 269 268 1539 1538 268 252 1536 1539 253 254 1541 1540 254 270 1542 1541 270 269 1543 1542 269 253 1540 1543 254 255 1545 1544 255 271 1546 1545 271 270 1547 1546 270 254 1544 1547 255 240 1549 1548 240 256 1550 1549 256 271 1551 1550 271 255 1548 1551 256 257 1553 1552 257 273 1554 1553 273 272 1555 1554 272 256 1552 1555 257 258 1557 1556 258 274 1558 1557 274 273 1559 1558 273 257 1556 1559 258 259 1561 1560 259 275 1562 1561 275 274 1563 1562 274 258 1560 1563 259 260 1565 1564 260 276 1566 1565 276 275 1567 1566 275 259 1564 1567 260 261 1569 1568 261 277 1570 1569 277 276 1571 1570 276 260 1568 1571 261 262 1573 1572 262 278 1574 1573 278 277 1575 1574 277 261 1572 1575 262 263 1577 1576 263 279 1578 1577 279 278 1579 1578 278 262 1576 1579 263 264 1581 1580 264 280 1582 1581 280 279 1583 1582 279 263 1580 1583 264 265 1585 1584 265 281 1586 1585 281 280 1587 1586 280 264 1584 1587 265 266 1589 1588 266 282 1590 1589 282 281 1591 1590 281 265 1588 1591 266 267 1593 1592 267 283 1594 1593 283 282 1595 1594 282 266 1592 1595 267 268 1597 1596 268 284 1598 1597 284 283 1599 1598 283 267 1596 1599 268 269 1601 1600 269 285 1602 1601 285 284 1603 1602 284 268 1600 1603 269 270 1605 1604 270 286 1606 1605 286 285 1607 1606 285 269 1604 1607 270 271 1609 1608 271 287 1610 1609 287 286 1611 1610 286 270 1608 1611 271 256 1613 1612 256 272 1614 1613 272 287 1615 1614 287 271 1612 1615 272 273 1617 1616 273 289 1618 1617 289 288 1619 1618 288 272 1616 1619 273 274 1621 1620 274 290 1622 1621 290 289 1623 1622 289 273 1620 1623 274 275 1625 1624 275 291 1626 1625 291 290 1627 1626 290 274 1624 1627 275 276 1629 1628 276 292 1630 1629 292 291 1631 1630 291 275 1628 1631 276 277 1633 1632 277 293 1634 1633 293 292 1635 1634 292 276 1632 1635 277 278 1637 1636 278 294 1638 1637 294 293 1639 1638 293 277 1636 1639 278 279 1641 1640 279 295 1642 1641 295 294 1643 1642 294 278 1640 1643 279 280 1645 1644 280 296 1646 1645 296 295 1647 1646 295 279 1644 1647 280 281 1649 1648 281 297 1650 1649 297 296 1651 1650 296 280 1648 1651 281 282 1653 1652 282 298 1654 1653 298 297 1655 1654 297 281 1652 1655 282 283 1657 1656 283 299 1658 1657 299 298 1659 1658 298 282 1656 1659 283 284 1661 1660 284 300 1662 1661 300 299 1663 1662 299 283 1660 1663 284 285 1665 1664 285 301 1666 1665 301 300 1667 1666 300 284 1664 1667 285 286 1669 1668 286 302 1670 1669 302 301 1671 1670 301 285 1668 1671 286 287 1673 1672 287 303 1674 1673 303 302 1675 1674 302 286 1672 1675 287 272 1677 1676 272 288 1678 1677 288 303 1679 1678 303 287 1676 1679 288 289 1681 1680 289 305 1682 1681 305 304 1683 1682 304 288 1680 1683 289 290 1685 1684 290 306 1686 1685 306 305 1687 1686 305 289 1684 1687 290 291 1689 1688 291 307 1690 1689 307 306 1691 1690 306 290 1688 1691 291 292 1693 1692 292 308 1694 1693 308 307 1695 1694 307 291 1692 1695 292 293 1697 1696 293 309 1698 1697 309 308 1699 1698 308 292 1696 1699 293 294 1701 1700 294 310 1702 1701 310 309 1703 1702 309 293 1700 1703 294 295 1705 1704 295 311 1706 1705 311 310 1707 1706 310 294 1704 1707 295 296 1709 1708 296 312 1710 1709 312 311 1711 1710 311 295 1708 1711 296 297 1713 1712 297 313 1714 1713 313 312 1715 1714 312 296 1712 1715 297 298 1717 1716 298 314 1718 1717 314 313 1719 1718 313 297 1716 1719 298 299 1721 1720 299 315 1722 1721 315 314 1723 1722 314 298 1720 1723 299 300 1725 1724 300 316 1726 1725 316 315 1727 1726 315 299 1724 1727 300 301 1729 1728 301 317 1730 1729 317 316 1731 1730 316 300 1728 1731 301 302 1733 1732 302 318 1734 1733 318 317 1735 1734 317 301 1732 1735 302 303 1737 1736 303 319 1738 1737 319 318 1739 1738 318 302 1736 1739 303 288 1741 1740 288 304 1742 1741 304 319 1743 1742 319 303 1740 1743 304 305 1745 1744 305 321 1746 1745 321 320 1747 1746 320 304 1744 1747 305 306 1749 1748 306 322 1750 1749 322 321 1751 1750 321 305 1748 1751 306 307 1753 1752 307 323 1754 1753 323 322 1755 1754 322 306 1752 1755 307 308 1757 1756 308 324 1758 1757 324 323 1759 1758 323 307 1756 1759 308 309 1761 1760 309 325 1762 1761 325 324 1763 1762 324 308 1760 1763 309 310 1765 1764 310 326 1766 1765 326 325 1767 1766 325 309 1764 1767 310 311 1769 1768 311 327 1770 1769 327 326 1771 1770 326 310 1768 1771 311 312 1773 1772 312 328 1774 1773 328 327 1775 1774 327 311 1772 1775 312 313 1777 1776 313 329 1778 1777 329 328 1779 1778 328 312 1776 1779 313 314 1781 1780 314 330 1782 1781 330 329 1783 1782 329 313 1780 1783 314 315 1785 1784 315 331 1786 1785 331 330 1787 1786 330 314 1784 1787 315 316 1789 1788 316 332 1790 1789 332 331 1791 1790 331 315 1788 1791 316 317 1793 1792 317 333 1794 1793 333 332 1795 1794 332 316 1792 1795 317 318 1797 1796 318 334 1798 1797 334 333 1799 1798 333 317 1796 1799 318 319 1801 1800 319 335 1802 1801 335 334 1803 1802 334 318 1800 1803 319 304 1805 1804 304 320 1806 1805 320 335 1807 1806 335 319 1804 1807 320 321 1809 1808 321 337 1810 1809 337 336 1811 1810 336 320 1808 1811 321 322 1813 1812 322 338 1814 1813 338 337 1815 1814 337 321 1812 1815 322 323 1817 1816 323 339 1818 1817 339 338 1819 1818 338 322 1816 1819 323 324 1821 1820 324 340 1822 1821 340 339 1823 1822 339 323 1820 1823 324 325 1825 1824 325 341 1826 1825 341 340 1827 1826 340 324 1824 1827 325 326 1829 1828 326 342 1830 1829 342 341 1831 1830 341 325 1828 1831 326 327 1833 1832 327 343 1834 1833 343 342 1835 1834 342 326 1832 1835 327 328 1837 1836 328 344 1838 1837 344 343 1839 1838 343 327 1836 1839 328 329 1841 1840 329 345 1842 1841 345 344 1843 1842 344 328 1840 1843 329 330 1845 1844 330 346 1846 1845 346 345 1847 1846 345 329 1844 1847 330 331 1849 1848 331 347 1850 1849 347 346 1851 1850 346 330 1848 1851 331 332 1853 1852 332 348 1854 1853 348 347 1855 1854 347 331 1852 1855 332 333 1857 1856 333 349 1858 1857 349 348 1859 1858 348 332 1856 1859 333 334 1861 1860 334 350 1862 1861 350 349 1863 1862 349 333 1860 1863 334 335 1865 1864 335 351 1866 1865 351 350 1867 1866 350 334 1864 1867 335 320 1869 1868 320 336 1870 1869 336 351 1871 1870 351 335 1868 1871 336 337 1873 1872 337 353 1874 1873 353 352 1875 1874 352 336 1872 1875 337 338 1877 1876 338 354 1878 1877 354 353 1879 1878 353 337 1876 1879 338 339 1881 1880 339 355 1882 1881 355 354 1883 1882 354 338 1880 1883 339 340 1885 1884 340 356 1886 1885 356 355 1887 1886 355 339 1884 1887 340 341 1889 1888 341 357 1890 1889 357 356 1891 1890 356 340 1888 1891 341 342 1893 1892 342 358 1894 1893 358 357 1895 1894 357 341 1892 1895 342 343 1897 1896 343 359 1898 1897 359 358 1899 1898 358 342 1896 1899 343 344 1901 1900 344 360 1902 1901 360 359 1903 1902 359 343 1900 1903 344 345 1905 1904 345 361 1906 1905 361 360 1907 1906 360 344 1904 1907 345 346 1909 1908 346 362 1910 1909 362 361 1911 1910 361 345 1908 1911 346 347 1913 1912 347 363 1914 1913 363 362 1915 1914 362 346 1912 1915 347 348 1917 1916 348 364 1918 1917 364 363 1919 1918 363 347 1916 1919 348 349 1921 1920 349 365 1922 1921 365 364 1923 1922 364 348 1920 1923 349 350 1925 1924 350 366 1926 1925 366 365 1927 1926 365 349 1924 1927 350 351 1929 1928 351 367 1930 1929 367 366 1931 1930 366 350 1928 1931 351 336 1933 1932 336 352 1934 1933 352 367 1935 1934 367 351 1932 1935 352 353 1937 1936 353 369 1938 1937 369 368 1939 1938 368 352 1936 1939 353 354 1941 1940 354 370 1942 1941 370 369 1943 1942 369 353 1940 1943 354 355 1945 1944 355 371 1946 1945 371 370 1947 1946 370 354 1944 1947 355 356 1949 1948 356 372 1950 1949 372 371 1951 1950 371 355 1948 1951 356 357 1953 1952 357 373 1954 1953 373 372 1955 1954 372 356 1952 1955 357 358 1957 1956 358 374 1958 1957 374 373 1959 1958 373 357 1956 1959 358 359 1961 1960 359 375 1962 1961 375 374 1963 1962 374 358 1960 1963 359 360 1965 1964 360 376 1966 1965 376 375 1967 1966 375 359 1964 1967 360 361 1969 1968 361 377 1970 1969 377 376 1971 1970 376 360 1968 1971 361 362 1973 1972 362 378 1974 1973 378 377 1975 1974 377 361 1972 1975 362 363 1977 1976 363 379 1978 1977 379 378 1979 1978 378 362 1976 1979 363 364 1981 1980 364 380 1982 1981 380 379 1983 1982 379 363 1980 1983 364 365 1985 1984 365 381 1986 1985 381 380 1987 1986 380 364 1984 1987 365 366 1989 1988 366 382 1990 1989 382 381 1991 1990 381 365 1988 1991 366 367 1993 1992 367 383 1994 1993 383 382 1995 1994 382 366 1992 1995 367 352 1997 1996 352 368 1998 1997 368 383 1999 1998 383 367 1996 1999 368 369 2001 2000 369 385 2002 2001 385 384 2003 2002 384 368 2000 2003 369 370 2005 2004 370 386 2006 2005 386 385 2007 2006 385 369 2004 2007 370 371 2009 2008 371 387 2010 2009 387 386 2011 2010 386 370 2008 2011 371 372 2013 2012 372 388 2014 2013 388 387 2015 2014 387 371 2012 2015 372 373 2017 2016 373 389 2018 2017 389 388 2019 2018 388 372 2016 2019 373 374 2021 2020 374 390 2022 2021 390 389 2023 2022 389 373 2020 2023 374 375 2025 2024 375 391 2026 2025 391 390 2027 2026 390 374 2024 2027 375 376 2029 2028 376 392 2030 2029 392 391 2031 2030 391 375 2028 2031 376 377 2033 2032 377 393 2034 2033 393 392 2035 2034 392 376 2032 2035 377 378 2037 2036 378 394 2038 2037 394 393 2039 2038 393 377 2036 2039 378 379 2041 2040 379 395 2042 2041 395 394 2043 2042 394 378 2040 2043 379 380 2045 2044 380 396 2046 2045 396 395 2047 2046 395 379 2044 2047 380 381 2049 2048 381 397 2050 2049 397 396 2051 2050 396 380 2048 2051 381 382 2053 2052 382 398 2054 2053 398 397 2055 2054 397 381 2052 2055 382 383 2057 2056 383 399 2058 2057 399 398 2059 2058 398 382 2056 2059 383 368 2061 2060 368 384 2062 2061 384 399 2063 2062 399 383 2060 2063 384 385 2065 2064 385 401 2066 2065 401 400 2067 2066 400 384 2064 2067 385 386 2069 2068 386 402 2070 2069 402 401 2071 2070 401 385 2068 2071 386 387 2073 2072 387 403 2074 2073 403 402 2075 2074 402 386 2072 2075 387 388 2077 2076 388 404 2078 2077 404 403 2079 2078 403 387 2076 2079 388 389 2081 2080 389 405 2082 2081 405 404 2083 2082 404 388 2080 2083 389 390 2085 2084 390 406 2086 2085 406 405 2087 2086 405 389 2084 2087 390 391 2089 2088 391 407 2090 2089 407 406 2091 2090 406 390 2088 2091 391 392 2093 2092 392 408 2094 2093 408 407 2095 2094 407 391 2092 2095 392 393 2097 2096 393 409 2098 2097 409 408 2099 2098 408 392 2096 2099 393 394 2101 2100 394 410 2102 2101 410 409 2103 2102 409 393 2100 2103 394 395 2105 2104 395 411 2106 2105 411 410 2107 2106 410 394 2104 2107 395 396 2109 2108 396 412 2110 2109 412 411 2111 2110 411 395 2108 2111 396 397 2113 2112 397 413 2114 2113 413 412 2115 2114 412 396 2112 2115 397 398 2117 2116 398 414 2118 2117 414 413 2119 2118 413 397 2116 2119 398 399 2121 2120 399 415 2122 2121 415 414 2123 2122 414 398 2120 2123 399 384 2125 2124 384 400 2126 2125 400 415 2127 2126 415 399 2124 2127 400 401 2129 2128 401 417 2130 2129 417 416 2131 2130 416 400 2128 2131 401 402 2133 2132 402 418 2134 2133 418 417 2135 2134 417 401 2132 2135 402 403 2137 2136 403 419 2138 2137 419 418 2139 2138 418 402 2136 2139 403 404 2141 2140 404 420 2142 2141 420 419 2143 2142 419 403 2140 2143 404 405 2145 2144 405 421 2146 2145 421 420 2147 2146 420 404 2144 2147 405 406 2149 2148 406 422 2150 2149 422 421 2151 2150 421 405 2148 2151 406 407 2153 2152 407 423 2154 2153 423 422 2155 2154 422 406 2152 2155 407 408 2157 2156 408 424 2158 2157 424 423 2159 2158 423 407 2156 2159 408 409 2161 2160 409 425 2162 2161 425 424 2163 2162 424 408 2160 2163 409 410 2165 2164 410 426 2166 2165 426 425 2167 2166 425 409 2164 2167 410 411 2169 2168 411 427 2170 2169 427 426 2171 2170 426 410 2168 2171 411 412 2173 2172 412 428 2174 2173 428 427 2175 2174 427 411 2172 2175 412 413 2177 2176 413 429 2178 2177 429 428 2179 2178 428 412 2176 2179 413 414 2181 2180 414 430 2182 2181 430 429 2183 2182 429 413 2180 2183 414 415 2185 2184 415 431 2186 2185 431 430 2187 2186 430 414 2184 2187 415 400 2189 2188 400 416 2190 2189 416 431 2191 2190 431 415 2188 2191 416 417 2193 2192 417 433 2194 2193 433 432 2195 2194 432 416 2192 2195 417 418 2197 2196 418 434 2198 2197 434 433 2199 2198 433 417 2196 2199 418 419 2201 2200 419 435 2202 2201 435 434 2203 2202 434 418 2200 2203 419 420 2205 2204 420 436 2206 2205 436 435 2207 2206 435 419 2204 2207 420 421 2209 2208 421 437 2210 2209 437 436 2211 2210 436 420 2208 2211 421 422 2213 2212 422 438 2214 2213 438 437 2215 2214 437 421 2212 2215 422 423 2217 2216 423 439 2218 2217 439 438 2219 2218 438 422 2216 2219 423 424 2221 2220 424 440 2222 2221 440 439 2223 2222 439 423 2220 2223 424 425 2225 2224 425 441 2226 2225 441 440 2227 2226 440 424 2224 2227 425 426 2229 2228 426 442 2230 2229 442 441 2231 2230 441 425 2228 2231 426 427 2233 2232 427 443 2234 2233 443 442 2235 2234 442 426 2232 2235 427 428 2237 2236 428 444 2238 2237 444 443 2239 2238 443 427 2236 2239 428 429 2241 2240 429 445 2242 2241 445 444 2243 2242 444 428 2240 2243 429 430 2245 2244 430 446 2246 2245 446 445 2247 2246 445 429 2244 2247 430 431 2249 2248 431 447 2250 2249 447 446 2251 2250 446 430 2248 2251 431 416 2253 2252 416 432 2254 2253 432 447 2255 2254 447 431 2252 2255 432 433 2257 2256 433 449 2258 2257 449 448 2259 2258 448 432 2256 2259 433 434 2261 2260 434 450 2262 2261 450 449 2263 2262 449 433 2260 2263 434 435 2265 2264 435 451 2266 2265 451 450 2267 2266 450 434 2264 2267 435 436 2269 2268 436 452 2270 2269 452 451 2271 2270 451 435 2268 2271 436 437 2273 2272 437 453 2274 2273 453 452 2275 2274 452 436 2272 2275 437 438 2277 2276 438 454 2278 2277 454 453 2279 2278 453 437 2276 2279 438 439 2281 2280 439 455 2282 2281 455 454 2283 2282 454 438 2280 2283 439 440 2285 2284 440 456 2286 2285 456 455 2287 2286 455 439 2284 2287 440 441 2289 2288 441 457 2290 2289 457 456 2291 2290 456 440 2288 2291 441 442 2293 2292 442 458 2294 2293 458 457 2295 2294 457 441 2292 2295 442 443 2297 2296 443 459 2298 2297 459 458 2299 2298 458 442 2296 2299 443 444 2301 2300 444 460 2302 2301 460 459 2303 2302 459 443 2300 2303 444 445 2305 2304 445 461 2306 2305 461 460 2307 2306 460 444 2304 2307 445 446 2309 2308 446 462 2310 2309 462 461 2311 2310 461 445 2308 2311 446 447 2313 2312 447 463 2314 2313 463 462 2315 2314 462 446 2312 2315 447 432 2317 2316 432 448 2318 2317 448 463 2319 2318 463 447 2316 2319 448 449 2321 2320 449 465 2322 2321 465 464 2323 2322 464 448 2320 2323 449 450 2325 2324 450 466 2326 2325 466 465 2327 2326 465 449 2324 2327 450 451 2329 2328 451 467 2330 2329 467 466 2331 2330 466 450 2328 2331 451 452 2333 2332 452 468 2334 2333 468 467 2335 2334 467 451 2332 2335 452 453 2337 2336 453 469 2338 2337 469 468 2339 2338 468 452 2336 2339 453 454 2341 2340 454 470 2342 2341 470 469 2343 2342 469 453 2340 2343 454 455 2345 2344 455 471 2346 2345 471 470 2347 2346 470 454 2344 2347 455 456 2349 2348 456 472 2350 2349 472 471 2351 2350 471 455 2348 2351 456 457 2353 2352 457 473 2354 2353 473 472 2355 2354 472 456 2352 2355 457 458 2357 2356 458 474 2358 2357 474 473 2359 2358 473 457 2356 2359 458 459 2361 2360 459 475 2362 2361 475 474 2363 2362 474 458 2360 2363 459 460 2365 2364 460 476 2366 2365 476 475 2367 2366 475 459 2364 2367 460 461 2369 2368 461 477 2370 2369 477 476 2371 2370 476 460 2368 2371 461 462 2373 2372 462 478 2374 2373 478 477 2375 2374 477 461 2372 2375 462 463 2377 2376 463 479 2378 2377 479 478 2379 2378 478 462 2376 2379 463 448 2381 2380 448 464 2382 2381 464 479 2383 2382 479 463 2380 2383 464 465 2385 2384 465 481 2386 2385 481 480 2387 2386 480 464 2384 2387 465 466 2389 2388 466 482 2390 2389 482 481 2391 2390 481 465 2388 2391 466 467 2393 2392 467 483 2394 2393 483 482 2395 2394 482 466 2392 2395 467 468 2397 2396 468 484 2398 2397 484 483 2399 2398 483 467 2396 2399 468 469 2401 2400 469 485 2402 2401 485 484 2403 2402 484 468 2400 2403 469 470 2405 2404 470 486 2406 2405 486 485 2407 2406 485 469 2404 2407 470 471 2409 2408 471 487 2410 2409 487 486 2411 2410 486 470 2408 2411 471 472 2413 2412 472 488 2414 2413 488 487 2415 2414 487 471 2412 2415 472 473 2417 2416 473 489 2418 2417 489 488 2419 2418 488 472 2416 2419 473 474 2421 2420 474 490 2422 2421 490 489 2423 2422 489 473 2420 2423 474 475 2425 2424 475 491 2426 2425 491 490 2427 2426 490 474 2424 2427 475 476 2429 2428 476 492 2430 2429 492 491 2431 2430 491 475 2428 2431 476 477 2433 2432 477 493 2434 2433 493 492 2435 2434 492 476 2432 2435 477 478 2437 2436 478 494 2438 2437 494 493 2439 2438 493 477 2436 2439 478 479 2441 2440 479 495 2442 2441 495 494 2443 2442 494 478 2440 2443 479 464 2445 2444 464 480 2446 2445 480 495 2447 2446 495 479 2444 2447 480 481 2449 2448 481 497 2450 2449 497 496 2451 2450 496 480 2448 2451 481 482 2453 2452 482 498 2454 2453 498 497 2455 2454 497 481 2452 2455 482 483 2457 2456 483 499 2458 2457 499 498 2459 2458 498 482 2456 2459 483 484 2461 2460 484 500 2462 2461 500 499 2463 2462 499 483 2460 2463 484 485 2465 2464 485 501 2466 2465 501 500 2467 2466 500 484 2464 2467 485 486 2469 2468 486 502 2470 2469 502 501 2471 2470 501 485 2468 2471 486 487 2473 2472 487 503 2474 2473 503 502 2475 2474 502 486 2472 2475 487 488 2477 2476 488 504 2478 2477 504 503 2479 2478 503 487 2476 2479 488 489 2481 2480 489 505 2482 2481 505 504 2483 2482 504 488 2480 2483 489 490 2485 2484 490 506 2486 2485 506 505 2487 2486 505 489 2484 2487 490 491 2489 2488 491 507 2490 2489 507 506 2491 2490 506 490 2488 2491 491 492 2493 2492 492 508 2494 2493 508 507 2495 2494 507 491 2492 2495 492 493 2497 2496 493 509 2498 2497 509 508 2499 2498 508 492 2496 2499 493 494 2501 2500 494 510 2502 2501 510 509 2503 2502 509 493 2500 2503 494 495 2505 2504 495 511 2506 2505 511 510 2507 2506 510 494 2504 2507 495 480 2509 2508 480 496 2510 2509 496 511 2511 2510 511 495 2508 2511 496 497 2513 2512 497 513 2514 2513 513 512 2515 2514 512 496 2512 2515 497 498 2517 2516 498 514 2518 2517 514 513 2519 2518 513 497 2516 2519 498 499 2521 2520 499 515 2522 2521 515 514 2523 2522 514 498 2520 2523 499 500 2525 2524 500 516 2526 2525 516 515 2527 2526 515 499 2524 2527 500 501 2529 2528 501 517 2530 2529 517 516 2531 2530 516 500 2528 2531 501 502 2533 2532 502 518 2534 2533 518 517 2535 2534 517 501 2532 2535 502 503 2537 2536 503 519 2538 2537 519 518 2539 2538 518 502 2536 2539 503 504 2541 2540 504 520 2542 2541 520 519 2543 2542 519 503 2540 2543 504 505 2545 2544 505 521 2546 2545 521 520 2547 2546 520 504 2544 2547 505 506 2549 2548 506 522 2550 2549 522 521 2551 2550 521 505 2548 2551 506 507 2553 2552 507 523 2554 2553 523 522 2555 2554 522 506 2552 2555 507 508 2557 2556 508 524 2558 2557 524 523 2559 2558 523 507 2556 2559 508 509 2561 2560 509 525 2562 2561 525 524 2563 2562 524 508 2560 2563 509 510 2565 2564 510 526 2566 2565 526 525 2567 2566 525 509 2564 2567 510 511 2569 2568 511 527 2570 2569 527 526 2571 2570 526 510 2568 2571 511 496 2573 2572 496 512 2574 2573 512 527 2575 2574 527 511 2572 2575 1 0 2577 2576 0 15 2578 2577 15 14 2579 2578 14 13 2580 2579 13 12 2581 2580 12 11 2582 2581 11 10 2583 2582 10 9 2584 2583 9 8 2585 2584 8 7 2586 2585 7 6 2587 2586 6 5 2588 2587 5 4 2589 2588 4 3 2590 2589 3 2 2591 2590 2 1 2576 2591 512 513 2593 2592 513 514 2594 2593 514 515 2595 2594 515 516 2596 2595 516 517 2597 2596 517 518 2598 2597 518 519 2599 2598 519 520 2600 2599 520 521 2601 2600 521 522 2602 2601 522 523 2603 2602 523 524 2604 2603 524 525 2605 2604 525 526 2606 2605 526 527 2607 2606 527 512 2592 2607 
</DataArray>
<DataArray type="Int32" Name="offsets" format="ascii">
4 8 12 16 20 24 28 32 36 40 44 48 52 56 60 64 68 72 76 80 84 88 92 96 100 104 108 112 116 120 124 128 132 136 140 144 148 152 156 160 164 168 172 176 180 184 188 192 196 200 204 208 212 216 220 224 228 232 236 240 244 248 252 256 260 264 268 272 276 280 284 288 292 296 300 304 308 312 316 320 324 328 332 336 340 344 348 352 356 360 364 368 372 376 380 384 388 392 396 400 404 408 412 416 420 424 428 432 436 440 444 448 452 456 460 464 468 472 476 480 484 488 492 496 500 504 508 512 516 520 524 528 532 536 540 544 548 552 556 560 564 568 572 576 580 584 588 592 596 600 604 608 612 616 620 624 628 632 636 640 644 648 652 656 660 664 668 672 676 680 684 688 692 696 700 704 708 712 716 720 724 728 732 736 740 744 748 752 756 760 764 768 772 776 780 784 788 792 796 800 804 808 812 816 820 824 828 832 836 840 844 848 852 856 860 864 868 872 876 880 884 888 892 896 900 904 908 912 916 920 924 928 932 936 940 944 948 952 956 960 964 968 972 976 980 984 988 992 996 1000 1004 1008 1012 1016 1020 1024 1028 1032 1036 1040 1044 1048 1052 1056 1060 1064 1068 1072 1076 1080 1084 1088 1092 1096 1100 1104 1108 1112 1116 1120 1124 1128 1132 1136 1140 1144 1148 1152 1156 1160 1164 1168 1172 1176 1180 1184 1188 1192 1196 1200 1204 1208 1212 1216 1220 1224 1228 1232 1236 1240 1244 1248 1252 1256 1260 1264 1268 1272 1276 1280 1284 1288 1292 1296 1300 1304 1308 1312 1316 1320 1324 1328 1332 1336 1340 1344 1348 1352 1356 1360 1364 1368 1372 1376 1380 1384 1388 1392 1396 1400 1404 1408 1412 1416 1420 1424 1428 1432 1436 1440 1444 1448 1452 1456 1460 1464 1468 1472 1476 1480 1484 1488 1492 1496 1500 1504 1508 1512 1516 1520 1524 1528 1532 1536 1540 1544 1548 1552 1556 1560 1564 1568 1572 1576 1580 1584 1588 1592 1596 1600 1604 1608 1612 1616 1620 1624 1628 1632 1636 1640 1644 1648 1652 1656 1660 1664 1668 1672 1676 1680 1684 1688 1692 1696 1700 1704 1708 1712 1716 1720 1724 1728 1732 1736 1740 1744 1748 1752 1756 1760 1764 1768 1772 1776 1780 1784 1788 1792 1796 1800 1804 1808 1812 1816 1820 1824 1828 1832 1836 1840 1844 1848 1852 1856 1860 1864 1868 1872 1876 1880 1884 1888 1892 1896 1900 1904 1908 1912 1916 1920 1924 1928 1932 1936 1940 1944 1948 1952 1956 1960 1964 1968 1972 1976 1980 1984 1988 1992 1996 2000 2004 2008 2012 2016 2020 2024 2028 2032 2036 2040 2044 2048 2052 2056 2060 2064 2068 2072 2076 2080 2084 2088 2092 2096 2100 2104 2108 2112 2116 2120 2124 2128 2132 2136 2140 2144 2148 2152 2156 2160 2164 2168 2172 2176 2180 2184 2188 2192 2196 2200 2204 2208 2212 2216 2220 2224 2228 2232 2236 2240 2244 2248 2252 2256 2260 2264 2268 2272 2276 2280 2284 2288 2292 2296 2300 2304 2308 2312 2316 2320 2324 2328 2332 2336 2340 2344 2348 2352 2356 2360 2364 2368 2372 2376 2380 2384 2388 2392 2396 2400 2404 2408 2412 2416 2420 2424 2428 2432 2436 2440 2444 2448 2452 2456 2460 2464 2468 2472 2476 2480 2484 2488 2492 2496 2500 2504 2508 2512 2516 2520 2524 2528 2532 2536 2540 2544 2548 2552 2556 2560 2564 2568 2572 2576 2580 2584 2588 2592 2596 2600 2604 2608 2612 2616 2620 2624 2628 2632 2636 2640 2644 2648 2652 2656 2660 2664 2668 2672 2676 2680 2684 2688 2692 2696 2700 2704 2708 2712 2716 2720 2724 2728 2732 2736 2740 2744 2748 2752 2756 2760 2764 2768 2772 2776 2780 2784 2788 2792 2796 2800 2804 2808 2812 2816 2820 2824 2828 2832 2836 2840 2844 2848 2852 2856 2860 2864 2868 2872 2876 2880 2884 2888 2892 2896 2900 2904 2908 2912 2916 2920 2924 2928 2932 2936 2940 2944 2948 2952 2956 2960 2964 2968 2972 2976 2980 2984 2988 2992 2996 3000 3004 3008 3012 3016 3020 3024 3028 3032 3036 3040 3044 3048 3052 3056 3060 3064 3068 3072 3076 3080 3084 3088 3092 3096 3100 3104 3108 3112 3116 3120 3124 3128 3132 3136 3140 3144 3148 3152 3156 3160 3164 3168 3172 3176 3180 3184 3188 3192 3196 3200 3204 3208 3212 3216 3220 3224 3228 3232 3236 3240 3244 3248 3252 3256 3260 3264 3268 3272 3276 3280 3284 3288 3292 3296 3300 3304 3308 3312 3316 3320 3324 3328 3332 3336 3340 3344 3348 3352 3356 3360 3364 3368 3372 3376 3380 3384 3388 3392 3396 3400 3404 3408 3412 3416 3420 3424 3428 3432 3436 3440 3444 3448 3452 3456 3460 3464 3468 3472 3476 3480 3484 3488 3492 3496 3500 3504 3508 3512 3516 3520 3524 3528 3532 3536 3540 3544 3548 3552 3556 3560 3564 3568 3572 3576 3580 3584 3588 3592 3596 3600 3604 3608 3612 3616 3620 3624 3628 3632 3636 3640 3644 3648 3652 3656 3660 3664 3668 3672 3676 3680 3684 3688 3692 3696 3700 3704 3708 3712 3716 3720 3724 3728 3732 3736 3740 3744 3748 3752 3756 3760 3764 3768 3772 3776 3780 3784 3788 3792 3796 3800 3804 3808 3812 3816 3820 3824 3828 3832 3836 3840 3844 3848 3852 3856 3860 3864 3868 3872 3876 3880 3884 3888 3892 3896 3900 3904 3908 3912 3916 3920 3924 3928 3932 3936 3940 3944 3948 3952 3956 3960 3964 3968 3972 3976 3980 3984 3988 3992 3996 4000 4004 4008 4012 4016 4020 4024 4028 4032 4036 4040 4044 4048 4052 4056 4060 4064 4068 4072 4076 4080 4084 4088 4092 4096 4100 4104 4108 4112 4116 4120 4124 4128 4132 4136 4140 4144 4148 4152 4156 4160 4164 4168 4172 4176 4180 4184 4188 4192 4196 4200 4204 4208 4212 4216 4220 4224 4228 4232 4236 4240 4244 4248 4252 4256 4260 4264 4268 4272 4276 4280 4284 4288 4292 4296 4300 4304 4308 4312 4316 4320 4324 4328 4332 4336 4340 4344 4348 4352 4356 4360 4364 4368 4372 4376 4380 4384 4388 4392 4396 4400 4404 4408 4412 4416 4420 4424 4428 4432 4436 4440 4444 4448 4452 4456 4460 4464 4468 4472 4476 4480 4484 4488 4492 4496 4500 4504 4508 4512 4516 4520 4524 4528 4532 4536 4540 4544 4548 4552 4556 4560 4564 4568 4572 4576 4580 4584 4588 4592 4596 4600 4604 4608 4612 4616 4620 4624 4628 4632 4636 4640 4644 4648 4652 4656 4660 4664 4668 4672 4676 4680 4684 4688 4692 4696 4700 4704 4708 4712 4716 4720 4724 4728 4732 4736 4740 4744 4748 4752 4756 4760 4764 4768 4772 4776 4780 4784 4788 4792 4796 4800 4804 4808 4812 4816 4820 4824 4828 4832 4836 4840 4844 4848 4852 4856 4860 4864 4868 4872 4876 4880 4884 4888 4892 4896 4900 4904 4908 4912 4916 4920 4924 4928 4932 4936 4940 4944 4948 4952 4956 4960 4964 4968 4972 4976 4980 4984 4988 4992 4996 5000 5004 5008 5012 5016 5020 5024 5028 5032 5036 5040 5044 5048 5052 5056 5060 5064 5068 5072 5076 5080 5084 5088 5092 5096 5100 5104 5108 5112 5116 5120 5124 5128 5132 5136 5140 5144 5148 5152 5156 5160 5164 5168 5172 5176 5180 5184 5188 5192 5196 5200 5204 5208 5212 5216 5220 5224 5228 5232 5236 5240 5244 5248 5252 5256 5260 5264 5268 5272 5276 5280 5284 5288 5292 5296 5300 5304 5308 5312 5316 5320 5324 5328 5332 5336 5340 5344 5348 5352 5356 5360 5364 5368 5372 5376 5380 5384 5388 5392 5396 5400 5404 5408 5412 5416 5420 5424 5428 5432 5436 5440 5444 5448 5452 5456 5460 5464 5468 5472 5476 5480 5484 5488 5492 5496 5500 5504 5508 5512 5516 5520 5524 5528 5532 5536 5540 5544 5548 5552 5556 5560 5564 5568 5572 5576 5580 5584 5588 5592 5596 5600 5604 5608 5612 5616 5620 5624 5628 5632 5636 5640 5644 5648 5652 5656 5660 5664 5668 5672 5676 5680 5684 5688 5692 5696 5700 5704 5708 5712 5716 5720 5724 5728 5732 5736 5740 5744 5748 5752 5756 5760 5764 5768 5772 5776 5780 5784 5788 5792 5796 5800 5804 5808 5812 5816 5820 5824 5828 5832 5836 5840 5844 5848 5852 5856 5860 5864 5868 5872 5876 5880 5884 5888 5892 5896 5900 5904 5908 5912 5916 5920 5924 5928 5932 5936 5940 5944 5948 5952 5956 5960 5964 5968 5972 5976 5980 5984 5988 5992 5996 6000 6004 6008 6012 6016 6020 6024 6028 6032 6036 6040 6044 6048 6052 6056 6060 6064 6068 6072 6076 6080 6084 6088 6092 6096 6100 6104 6108 6112 6116 6120 6124 6128 6132 6136 6140 6144 6148 6152 6156 6160 6164 6168 6172 6176 6180 6184 6188 6192 6196 6200 6204 6208 6212 6216 6220 6224 6228 6232 6236 6240 6244 6248 6252 6256 6260 6264 6268 6272 6276 6280 6284 6288 6292 6296 6300 6304 6308 6312 6316 6320 6324 6328 6332 6336 6340 6344 6348 6352 6356 6360 6364 6368 6372 6376 6380 6384 6388 6392 6396 6400 6404 6408 6412 6416 6420 6424 6428 6432 6436 6440 6444 6448 6452 6456 6460 6464 6468 6472 6476 6480 6484 6488 6492 6496 6500 6504 6508 6512 6516 6520 6524 6528 6532 6536 6540 6544 6548 6552 6556 6560 6564 6568 6572 6576 6580 6584 6588 6592 6596 6600 6604 6608 6612 6616 6620 6624 6628 6632 6636 6640 6644 6648 6652 6656 6660 6664 6668 6672 6676 6680 6684 6688 6692 6696 6700 6704 6708 6712 6716 6720 6724 6728 6732 6736 6740 6744 6748 6752 6756 6760 6764 6768 6772 6776 6780 6784 6788 6792 6796 6800 6804 6808 6812 6816 6820 6824 6828 6832 6836 6840 6844 6848 6852 6856 6860 6864 6868 6872 6876 6880 6884 6888 6892 6896 6900 6904 6908 6912 6916 6920 6924 6928 6932 6936 6940 6944 6948 6952 6956 6960 6964 6968 6972 6976 6980 6984 6988 6992 6996 7000 7004 7008 7012 7016 7020 7024 7028 7032 7036 7040 7044 7048 7052 7056 7060 7064 7068 7072 7076 7080 7084 7088 7092 7096 7100 7104 7108 7112 7116 7120 7124 7128 7132 7136 7140 7144 7148 7152 7156 7160 7164 7168 7172 7176 7180 7184 7188 7192 7196 7200 7204 7208 7212 7216 7220 7224 7228 7232 7236 7240 7244 7248 7252 7256 7260 7264 7268 7272 7276 7280 7284 7288 7292 7296 7300 7304 7308 7312 7316 7320 7324 7328 7332 7336 7340 7344 7348 7352 7356 7360 7364 7368 7372 7376 7380 7384 7388 7392 7396 7400 7404 7408 7412 7416 7420 7424 7428 7432 7436 7440 7444 7448 7452 7456 7460 7464 7468 7472 7476 7480 7484 7488 7492 7496 7500 7504 7508 7512 7516 7520 7524 7528 7532 7536 7540 7544 7548 7552 7556 7560 7564 7568 7572 7576 7580 7584 7588 7592 7596 7600 7604 7608 7612 7616 7620 7624 7628 7632 7636 7640 7644 7648 7652 7656 7660 7664 7668 7672 7676 7680 7684 7688 7692 7696 7700 7704 7708 7712 7716 7720 7724 7728 7732 7736 7740 7744 7748 7752 7756 7760 7764 7768 7772 7776 7780 7784 7788 7792 7796 7800 7804 7808 7812 7816 7820 7824 7828 7832 7836 7840 7844 7848 7852 7856 7860 7864 7868 7872 7876 7880 7884 7888 7892 7896 7900 7904 7908 7912 7916 7920 7924 7928 7932 7936 7940 7944 7948 7952 7956 7960 7964 7968 7972 7976 7980 7984 7988 7992 7996 8000 8004 8008 8012 8016 8020 8024 8028 8032 8036 8040 8044 8048 8052 8056 8060 8064 8068 8072 8076 8080 8084 8088 8092 8096 8100 8104 8108 8112 8116 8120 8124 8128 8132 8136 8140 8144 8148 8152 8156 8160 8164 8168 8172 8176 8180 8184 8188 8192 8196 8200 8204 8208 8212 8216 8220 8224 8228 8232 8236 8240 8244 8248 8252 8256 8260 8264 8268 8272 8276 8280 8284 8288 8292 8296 8300 8304 8308 8312 8316 8320 
</DataArray>
<DataArray type="UInt8" Name="types" format="ascii">
7 7 7 7 7 7 7 7 7 7 7 7 7 7 7 7 7 7 7 7 7 7 7 7 7 7 7 7 7 7 7 7 7 7 7 7 7 7 7 7 7 7 7 7 7 7 7 7 7 7 7 7 7 7 7 7 7 7 7 7 7 7 7 7 7 7 7 7 7 7 7 7 7 7 7 7 7 7 7 7 7 7 7 7 7 7 7 7 7 7 7 7 7 7 7 7 7 7 7 7 7 7 7 7 7 7 7 7 7 7 7 7 7 7 7 7 7 7 7 7 7 7 7 7 7 7 7 7 7 7 7 7 7 7 7 7 7 7 7 7 7 7 7 7 7 7 7 7 7 7 7 7 7 7 7 7 7 7 7 7 7 7 7 7 7 7 7 7 7 7 7 7 7 7 7 7 7 7 7 7 7 7 7 7 7 7 7 7 7 7 7 7 7 7 7 7 7 7 7 7 7 7 7 7 7 7 7 7 7 7 7 7 7 7 7 7 7 7 7 7 7 7 7 7 7 7 7 7 7 7 7 7 7 7 7 7 7 7 7 7 7 7 7 7 7 7 7 7 7 7 7 7 7 7 7 7 7 7 7 7 7 7 7 7 7 7 7 7 7 7 7 7 7 7 7 7 7 7 7 7 7 7 7 7 7 7 7 7 7 7 7 7 7 7 7 7 7 7 7 7 7 7 7 7 7 7 7 7 7 7 7 7 7 7 7 7 7 7 7 7 7 7 7 7 7 7 7 7 7 7 7 7 7 7 7 7 7 7 7 7 7 7 7 7 7 7 7 7 7 7 7 7 7 7 7 7 7 7 7 7 7 7 7 7 7 7 7 7 7 7 7 7 7 7 7 7 7 7 7 7 7 7 7 7 7 7 7 7 7 7 7 7 7 7 7 7 7 7 7 7 7 7 7 7 7 7 7 7 7 7 7 7 7 7 7 7 7 7 7 7 7 7 7 7 7 7 7 7 7 7 7 7 7 7 7 7 7 7 7 7 7 7 7 7 7 7 7 7 7 7 7 7 7 7 7 7 7 7 7 7 7 7 7 7 7 7 7 7 7 7 7 7 7 7 7 7 7 7 7 7 7 7 7 7 7 7 7 7 7 7 7 7 7 7 7 7 7 7 7 7 7 7 7 7 7 7 7 7 7 7 7 7 7 7 7 7 7 7 7 7 7 7 7 7 7 7 7 7 7 7 7 7 7 7 7 7 7 7 7 7 7 7 7 7 7 7 7 7 7 7 7 7 7 7 7 7 7 7 7 7 7 7 7 7 7 7 7 7 7 7 7 7 7 7 7 7 7 7 7 7 7 7 7 7 7 7 7 7 7 7 7 7 7 7 7 7 7 7 7 7 7 7 7 7 7 7 7 7 7 7 7 7 7 7 7 7 7 7 7 7 7 7 7 7 7 7 7 7 7 7 7 7 7 7 7 7 7 7 7 7 7 7 7 7 7 7 7 7 7 7 7 7 7 7 7 7 7 7 7 7 7 7 7 7 7 7 7 7 7 7 7 7 7 7 7 7 7 7 7 7 7 7 7 7 7 7 7 7 7 7 7 7 7 7 7 7 7 7 7 7 7 7 7 7 7 7 7 7 7 7 7 7 7 7 7 7 7 7 7 7 7 7 7 7 7 7 7 7 7 7 7 7 7 7 7 7 7 7 7 7 7 7 7 7 7 7 7 7 7 7 7 7 7 7 7 7 7 7 7 7 7 7 7 7 7 7 7 7 7 7 7 7 7 7 7 7 7 7 7 7 7 7 7 7 7 7 7 7 7 7 7 7 7 7 7 7 7 7 7 7 7 7 7 7 7 7 7 7 7 7 7 7 7 7 7 7 7 7 7 7 7 7 7 7 7 7 7 7 7 7 7 7 7 7 7 7 7 7 7 7 7 7 7 7 7 7 7 7 7 7 7 7 7 7 7 7 7 7 7 7 7 7 7 7 7 7 7 7 7 7 7 7 7 7 7 7 7 7 7 7 7 7 7 7 7 7 7 7 7 7 7 7 7 7 7 7 7 7 7 7 7 7 7 7 7 7 7 7 7 7 7 7 7 7 7 7 7 7 7 7 7 7 7 7 7 7 7 7 7 7 7 7 7 7 7 7 7 7 7 7 7 7 7 7 7 7 7 7 7 7 7 7 7 7 7 7 7 7 7 7 7 7 7 7 7 7 7 7 7 7 7 7 7 7 7 7 7 7 7 7 7 7 7 7 7 7 7 7 7 7 7 7 7 7 7 7 7 7 7 7 7 7 7 7 7 7 7 7 7 7 7 7 7 7 7 7 7 7 7 7 7 7 7 7 7 7 7 7 7 7 7 7 7 7 7 7 7 7 7 7 7 7 7 7 7 7 7 7 7 7 7 7 7 7 7 7 7 7 7 7 7 7 7 7 7 7 7 7 7 7 7 7 7 7 7 7 7 7 7 7 7 7 7 7 7 7 7 7 7 7 7 7 7 7 7 7 7 7 7 7 7 7 7 7 7 7 7 7 7 7 7 7 7 7 7 7 7 7 7 7 7 7 7 7 7 7 7 7 7 7 7 7 7 7 7 7 7 7 7 7 7 7 7 7 7 7 7 7 7 7 7 7 7 7 7 7 7 7 7 7 7 7 7 7 7 7 7 7 7 7 7 7 7 7 7 7 7 7 7 7 7 7 7 7 7 7 7 7 7 7 7 7 7 7 7 7 7 7 7 7 7 7 7 7 7 7 7 7 7 7 7 7 7 7 7 7 7 7 7 7 7 7 7 7 7 7 7 7 7 7 7 7 7 7 7 7 7 7 7 7 7 7 7 7 7 7 7 7 7 7 7 7 7 7 7 7 7 7 7 7 7 7 7 7 7 7 7 7 7 7 7 7 7 7 7 7 7 7 7 7 7 7 7 7 7 7 7 7 7 7 7 7 7 7 7 7 7 7 7 7 7 7 7 7 7 7 7 7 7 7 7 7 7 7 7 7 7 7 7 7 7 7 7 7 7 7 7 7 7 7 7 7 7 7 7 7 7 7 7 7 7 7 7 7 7 7 7 7 7 7 7 7 7 7 7 7 7 7 7 7 7 7 7 7 7 7 7 7 7 7 7 7 7 7 7 7 7 7 7 7 7 7 7 7 7 7 7 7 7 7 7 7 7 7 7 7 7 7 7 7 7 7 7 7 7 7 7 7 7 7 7 7 7 7 7 7 7 7 7 7 7 7 7 7 7 7 7 7 7 7 7 7 7 7 7 7 7 7 7 7 7 7 7 7 7 7 7 7 7 7 7 7 7 7 7 7 7 7 7 7 7 7 7 7 7 7 7 7 7 7 7 7 7 7 7 7 7 7 7 7 7 7 7 7 7 7 7 7 7 7 7 7 7 7 7 7 7 7 7 7 7 7 7 7 7 7 7 7 7 7 7 7 7 7 7 7 7 7 7 7 7 7 7 7 7 7 7 7 7 7 7 7 7 7 7 7 7 7 7 7 7 7 7 7 7 7 7 7 7 7 7 7 7 7 7 7 7 7 7 7 7 7 7 7 7 7 7 7 7 7 7 7 7 7 7 7 7 7 7 7 7 7 7 7 7 7 7 7 7 7 7 7 7 7 7 7 7 7 7 7 7 7 7 7 7 7 7 7 7 7 7 7 7 7 7 7 7 7 7 7 7 7 7 7 7 7 7 7 7 7 7 7 7 7 7 7 7 7 7 7 7 7 7 7 7 7 7 7 7 7 7 7 7 7 7 7 7 7 7 7 7 7 7 7 7 7 7 7 7 7 7 7 7 7 7 7 7 7 7 7 7 7 7 7 7 7 7 7 7 7 7 7 7 7 7 7 7 7 7 7 7 7 7 7 7 7 7 7 7 7 7 7 7 7 7 7 7 7 7 7 7 7 7 7 7 7 7 7 7 7 7 7 7 7 7 7 7 7 7 7 7 7 7 7 7 7 7 7 7 7 7 7 7 7 7 7 7 7 7 7 7 7 7 7 7 7 7 7 7 7 7 7 7 7 7 7 7 7 7 7 7 7 7 7 7 7 7 7 7 7 7 7 7 7 7 7 7 7 7 7 7 7 7 7 7 7 7 7 7 7 7 7 7 7 7 7 7 7 7 7 7 7 7 7 7 7 7 7 7 7 7 7 7 7 7 7 7 7 7 7 7 7 7 7 7 7 7 7 7 7 7 7 7 7 7 7 7 7 7 7 7 7 7 7 7 7 7 7 7 7 7 7 7 7 7 7 7 7 7 7 7 7 7 7 7 7 7 7 7 7 7 7 7 7 7 7 7 7 7 7 7 7 7 7 7 7 7 7 7 7 7 7 7 7 7 7 7 7 7 7 7 7 7 7 7 7 7 7 7 7 7 7 7 7 7 7 7 7 7 7 7 7 7 7 7 7 7 7 7 7 7 7 7 7 7 7 7 7 7 7 7 7 7 7 7 7 7 7 7 7 7 7 7 7 7 7 7 7 7 7 7 7 7 7 7 7 7 7 7 7 7 7 7 7 7 7 7 7 7 7 7 7 7 7 7 7 7 7 7 7 7 7 7 7 7 7 7 7 7 7 7 7 7 7 7 7 7 7 7 7 7 7 7 7 7 7 7 7 7 7 7 7 7 7 7 7 7 7 7 7 7 7 7 7 7 7 7 7 7 7 7 7 7 7 7 7 7 7 7 7 7 7 7 7 7 7 7 7 7 7 
</DataArray>
</Cells>
<CellData Scalars="wall variable 0">
<DataArray type="Float64" Name="wall length" format="ascii">
29.5757 20.3062 29.5757 20.3162 29.5757 20.2612 29.5757 20.3062 29.5757 20.2284 29.5757 20.2612 29.5757 20.2403 29.5757 20.2284 29.5757 20.264 29.5757 20.2403 29.5757 20.2859 29.5757 20.264 29.5757 20.3061 29.5757 20.2859 29.5757 20.3172 29.5757 20.3061 29.5757 20.317 29.5757 20.3172 29.5757 20.292 29.5757 20.317 29.5757 20.2599 29.5757 20.292 29.5757 20.2405 29.5757 20.2599 29.5757 20.233 29.5757 20.2405 29.5757 20.2549 29.5757 20.233 29.5757 20.2938 29.5757 20.2549 29.5757 20.3162 29.5757 20.2938 29.5757 21.1443 29.5757 21.1947 21.0784 29.5757 21.1443 29.5757 21.043 29.5757 21.0784 29.5757 21.0519 29.5757 21.043 29.5757 21.0977 29.5757 21.0519 29.5757 21.1314 29.5757 21.0977 29.5757 21.1302 29.5757 21.1314 29.5757 21.1109 29.5757 21.1302 29.5757 21.096 29.5757 21.1109 29.5757 21.1007 29.5757 21.096 29.5757 21.0906 29.5757 21.1007 29.5757 21.0528 29.5757 21.0906 29.5757 21.0514 29.5757 21.0528 29.5757 21.1104 29.5757 21.0514 29.5757 21.1785 29.5757 21.1104 29.5757 29.5757 21.1947 29.5757 21.1785 29.5757 21.3985 29.5757 21.4918 29.5757 21.2255 29.5757 21.3985 29.5757 21.1131 29.5757 21.2255 29.5757 21.132 29.5757 21.1131 29.5757 21.2238 29.5757 21.132 29.5757 21.2941 29.5757 21.2238 29.5757 21.3156 29.5757 21.2941 29.5757 21.3052 29.5757 21.3156 29.5757 21.2856 29.5757 21.3052 29.5757 21.2669 29.5757 21.2856 29.5757 21.2157 29.5757 21.2669 29.5757 21.1336 29.5757 21.2157 29.5757 21.1238 29.5757 21.1336 29.5757 21.2547 29.5757 21.1238 29.5757 21.4268 29.5757 21.2547 29.5757 21.4918 29.5757 21.4268 29.5757 19.4273 29.5757 18.7403 29.5757 21.3214 29.5757 19.4273 29.5757 23.9835 29.5757 21.3214 29.5757 26.9628 29.5757 23.9835 29.5757 29.8288 29.5757 26.9628 29.5757 32.1927 29.5757 29.8288 29.5757 33.7401 29.5757 32.1927 29.5757 34.2769 29.5757 33.7401 29.5757 33.7378 29.5757 34.2769 29.5757 32.1872 29.5757 33.7378 29.5757 29.8251 29.5757 32.1872 29.5757 26.9638 29.5757 29.8251 29.5757 23.991 29.5757 26.9638 29.5757 21.3358 29.5757 23.991 29.5757 19.4453 29.5757 21.3358 29.5757 18.7403 29.5757 19.4453 29.5757 19.025 29.5757 18.28 29.5757 21.0458 29.5757 19.025 29.5757 23.8268 29.5757 21.0458 29.5757 26.8882 29.5757 23.8268 29.5757 29.8097 29.5757 26.8882 29.5757 32.1993 29.5757 29.8097 29.5757 33.7514 29.5757 32.1993 29.5757 34.2874 29.5757 33.7514 29.5757 33.7498 29.5757 34.2874 29.5757 32.1954 29.5757 33.7498 29.5757 29.8071 29.5757 32.1954 29.5757 26.8892 29.5757 29.8071 29.5757 23.8323 29.5757 26.8892 29.5757 21.0553 29.5757 23.8323 29.5757 19.0363 29.5757 21.0553 29.5757 18.28 29.5757 19.0363 29.5757 18.7933 29.5757 18.0267 29.5757 20.8642 29.5757 18.7933 29.5757 23.7002 29.5757 20.8642 29.5757 26.8185 29.5757 23.7002 29.5757 29.7896 29.5757 26.8185 29.5757 32.2043 29.5757 29.7896 29.5757 33.7612 29.5757 32.2043 29.5757 34.2964 29.5757 33.7612 29.5757 33.76 29.5757 34.2964 29.5757 32.2014 29.5757 33.76 29.5757 29.7878 29.5757 32.2014 29.5757 26.8194 29.5757 29.7878 29.5757 23.7042 29.5757 26.8194 29.5757 20.8707 29.5757 23.7042 29.5757 18.8014 29.5757 20.8707 29.5757 18.0267 29.5757 18.8014 29.5757 18.6271 29.5757 17.8482 29.5757 20.7289 29.5757 18.6271 29.5757 23.6003 29.5757 20.7289 29.5757 26.7602 29.5757 23.6003 29.5757 29.7715 29.5757 26.7602 29.5757 32.2076 29.5757 29.7715 29.5757 33.769 29.5757 32.2076 29.5757 34.3038 29.5757 33.769 29.5757 33.7682 29.5757 34.3038 29.5757 32.2054 29.5757 33.7682 29.5757 29.7703 29.5757 32.2054 29.5757 26.7609 29.5757 29.7703 29.5757 23.6033 29.5757 26.7609 29.5757 20.7336 29.5757 23.6033 29.5757 18.6333 29.5757 20.7336 29.5757 17.8482 29.5757 18.6333 29.5757 18.4989 29.5757 17.7127 29.5757 20.6247 29.5757 18.4989 29.5757 23.5236 29.5757 20.6247 29.5757 26.7137 29.5757 23.5236 29.5757 29.7566 29.5757 26.7137 29.5757 32.2097 29.5757 29.7566 29.5757 33.775 29.5757 32.2097 29.5757 34.3097 29.5757 33.775 29.5757 33.7744 29.5757 34.3097 29.5757 32.208 29.5757 33.7744 29.5757 29.7557 29.5757 32.208 29.5757 26.7143 29.5757 29.7557 29.5757 23.5258 29.5757 26.7143 29.5757 20.6284 29.5757 23.5258 29.5757 18.5039 29.5757 20.6284 29.5757 17.7127 29.5757 18.5039 29.5757 18.3974 29.5757 17.6063 29.5757 20.5337 29.5757 18.3974 29.5757 23.4463 29.5757 20.5337 29.5757 26.6569 29.5757 23.4463 29.5757 29.7296 29.5757 26.6569 29.5757 32.2069 29.5757 29.7296 29.5757 33.7797 29.5757 32.2069 29.5757 34.3145 29.5757 33.7797 29.5757 33.7792 29.5757 34.3145 29.5757 32.2055 29.5757 33.7792 29.5757 29.7293 29.5757 32.2055 29.5757 26.6579 29.5757 29.7293 29.5757 23.4479 29.5757 26.6579 29.5757 20.5364 29.5757 23.4479 29.5757 18.4014 29.5757 20.5364 29.5757 17.6063 29.5757 18.4014 29.5757 18.3161 29.5757 17.521 29.5757 20.4526 29.5757 18.3161 29.5757 23.3679 29.5757 20.4526 29.5757 26.603 29.5757 23.3679 29.5757 29.703 29.5757 26.603 29.5757 32.2026 29.5757 29.703 29.5757 33.7832 29.5757 32.2026 29.5757 34.3182 29.5757 33.7832 29.5757 33.7828 29.5757 34.3182 29.5757 32.2015 29.5757 33.7828 29.5757 29.7024 29.5757 32.2015 29.5757 26.6033 29.5757 29.7024 29.5757 23.3691 29.5757 26.6033 29.5757 20.4546 29.5757 23.3691 29.5757 18.3193 29.5757 20.4546 29.5757 17.521 29.5757 18.3193 29.5757 18.2506 29.5757 17.4531 29.5757 20.4039 29.5757 18.2506 29.5757 23.3394 29.5757 20.4039 29.5757 26.5868 29.5757 23.3394 29.5757 29.6989 29.5757 26.5868 29.5757 32.2038 29.5757 29.6989 29.5757 33.7854 29.5757 32.2038 29.5757 34.3206 29.5757 33.7854 29.5757 33.7852 29.5757 34.3206 29.5757 32.2029 29.5757 33.7852 29.5757 29.6985 29.5757 32.2029 29.5757 26.587 29.5757 29.6985 29.5757 23.3403 29.5757 26.587 29.5757 20.4054 29.5757 23.3403 29.5757 18.2529 29.5757 20.4054 29.5757 17.4531 29.5757 18.2529 29.5757 18.1991 29.5757 17.3992 29.5757 20.3655 29.5757 18.1991 29.5757 23.3155 29.5757 20.3655 29.5757 26.573 29.5757 23.3155 29.5757 29.6946 29.5757 26.573 29.5757 32.2042 29.5757 29.6946 29.5757 33.787 29.5757 32.2042 29.5757 34.3223 29.5757 33.787 29.5757 33.7868 29.5757 34.3223 29.5757 32.2035 29.5757 33.7868 29.5757 29.6943 29.5757 32.2035 29.5757 26.5732 29.5757 29.6943 29.5757 23.3161 29.5757 26.5732 29.5757 20.3664 29.5757 23.3161 29.5757 18.2007 29.5757 20.3664 29.5757 17.3992 29.5757 18.2007 29.5757 18.1601 29.5757 17.3581 29.5757 20.3364 29.5757 18.1601 29.5757 23.297 29.5757 20.3364 29.5757 26.5624 29.5757 23.297 29.5757 29.691 29.5757 26.5624 29.5757 32.2042 29.5757 29.691 29.5757 33.7881 29.5757 32.2042 29.5757 34.3234 29.5757 33.7881 29.5757 33.788 29.5757 34.3234 29.5757 32.2039 29.5757 33.788 29.5757 29.6908 29.5757 32.2039 29.5757 26.5625 29.5757 29.6908 29.5757 23.2974 29.5757 26.5625 29.5757 20.3369 29.5757 23.2974 29.5757 18.1611 29.5757 20.3369 29.5757 17.3581 29.5757 18.1611 29.5757 18.1318 29.5757 17.3284 29.5757 20.3147 29.5757 18.1318 29.5757 23.2832 29.5757 20.3147 29.5757 26.5545 29.5757 23.2832 29.5757 29.6881 29.5757 26.5545 29.5757 32.2041 29.5757 29.6881 29.5757 33.7888 29.5757 32.2041 29.5757 34.3242 29.5757 33.7888 29.5757 33.7889 29.5757 34.3242 29.5757 32.204 29.5757 33.7889 29.5757 29.6881 29.5757 32.204 29.5757 26.5546 29.5757 29.6881 29.5757 23.2834 29.5757 26.5546 29.5757 20.3148 29.5757 23.2834 29.5757 18.1322 29.5757 20.3148 29.5757 17.3284 29.5757 18.1322 29.5757 18.1131 29.5757 17.309 29.5757 20.3002 29.5757 18.1131 29.5757 23.2736 29.5757 20.3002 29.5757 26.5488 29.5757 23.2736 29.5757 29.6859 29.5757 26.5488 29.5757 32.2039 29.5757 29.6859 29.5757 33.7894 29.5757 32.2039 29.5757 34.3248 29.5757 33.7894 29.5757 33.7895 29.5757 34.3248 29.5757 32.204 29.5757 33.7895 29.5757 29.6859 29.5757 32.204 29.5757 26.5489 29.5757 29.6859 29.5757 23.2737 29.5757 26.5489 29.5757 20.3 29.5757 23.2737 29.5757 18.1131 29.5757 20.3 29.5757 17.309 29.5757 18.1131 29.5757 18.1038 29.5757 17.2998 29.5757 20.2921 29.5757 18.1038 29.5757 23.2678 29.5757 20.2921 29.5757 26.5451 29.5757 23.2678 29.5757 29.6842 29.5757 26.5451 29.5757 32.2037 29.5757 29.6842 29.5757 33.7898 29.5757 32.2037 29.5757 34.3253 29.5757 33.7898 29.5757 33.7899 29.5757 34.3253 29.5757 32.2038 29.5757 33.7899 29.5757 29.6842 29.5757 32.2038 29.5757 26.5451 29.5757 29.6842 29.5757 23.2679 29.5757 26.5451 29.5757 20.292 29.5757 23.2679 29.5757 18.1037 29.5757 20.292 29.5757 17.2998 29.5757 18.1037 29.5757 18.1045 29.5757 17.3001 29.5757 20.2939 29.5757 18.1045 29.5757 23.2702 29.5757 20.2939 29.5757 26.5473 29.5757 23.2702 29.5757 29.6859 29.5757 26.5473 29.5757 32.2048 29.5757 29.6859 29.5757 33.7905 29.5757 32.2048 29.5757 34.3257 29.5757 33.7905 29.5757 33.7904 29.5757 34.3257 29.5757 32.2047 29.5757 33.7904 29.5757 29.6858 29.5757 32.2047 29.5757 26.5473 29.5757 29.6858 29.5757 23.2701 29.5757 26.5473 29.5757 20.2942 29.5757 23.2701 29.5757 18.1047 29.5757 20.2942 29.5757 17.3001 29.5757 18.1047 29.5757 18.1149 29.5757 17.3096 29.5757 20.3045 29.5757 18.1149 29.5757 23.2797 29.5757 20.3045 29.5757 26.5548 29.5757 23.2797 29.5757 29.6903 29.5757 26.5548 29.5757 32.2066 29.5757 29.6903 29.5757 33.791 29.5757 32.2066 29.5757 34.3259 29.5757 33.791 29.5757 33.7909 29.5757 34.3259 29.5757 32.2066 29.5757 33.7909 29.5757 29.6903 29.5757 32.2066 29.5757 26.5547 29.5757 29.6903 29.5757 23.2796 29.5757 26.5547 29.5757 20.3046 29.5757 23.2796 29.5757 18.1147 29.5757 20.3046 29.5757 17.3096 29.5757 18.1147 29.5757 18.1347 29.5757 17.3292 29.5757 20.322 29.5757 18.1347 29.5757 23.2939 29.5757 20.322 29.5757 26.5649 29.5757 23.2939 29.5757 29.6957 29.5757 26.5649 29.5757 32.2083 29.5757 29.6957 29.5757 33.7913 29.5757 32.2083 29.5757 34.3259 29.5757 33.7913 29.5757 33.7913 29.5757 34.3259 29.5757 32.2085 29.5757 33.7913 29.5757 29.6957 29.5757 32.2085 29.5757 26.5648 29.5757 29.6957 29.5757 23.2937 29.5757 26.5648 29.5757 20.3217 29.5757 23.2937 29.5757 18.1339 29.5757 20.3217 29.5757 17.3292 29.5757 18.1339 29.5757 18.1641 29.5757 17.3588 29.5757 20.3469 29.5757 18.1641 29.5757 23.3125 29.5757 20.3469 29.5757 26.5775 29.5757 23.3125 29.5757 29.7018 29.5757 26.5775 29.5757 32.2098 29.5757 29.7018 29.5757 33.7911 29.5757 32.2098 29.5757 34.3256 29.5757 33.7911 29.5757 33.7912 29.5757 34.3256 29.5757 32.2102 29.5757 33.7912 29.5757 29.7019 29.5757 32.2102 29.5757 26.5773 29.5757 29.7019 29.5757 23.3121 29.5757 26.5773 29.5757 20.3462 29.5757 23.3121 29.5757 18.1626 29.5757 20.3462 29.5757 17.3588 29.5757 18.1626 29.5757 18.2039 29.5757 17.3995 29.5757 20.3794 29.5757 18.2039 29.5757 23.3362 29.5757 20.3794 29.5757 26.593 29.5757 23.3362 29.5757 29.7087 29.5757 26.593 29.5757 32.211 29.5757 29.7087 29.5757 33.7905 29.5757 32.211 29.5757 34.3248 29.5757 33.7905 29.5757 33.7907 29.5757 34.3248 29.5757 32.2117 29.5757 33.7907 29.5757 29.709 29.5757 32.2117 29.5757 26.5928 29.5757 29.709 29.5757 23.3356 29.5757 26.5928 29.5757 20.3782 29.5757 23.3356 29.5757 18.2017 29.5757 20.3782 29.5757 17.3995 29.5757 18.2017 29.5757 18.2557 29.5757 17.4528 29.5757 20.4214 29.5757 18.2557 29.5757 23.3662 29.5757 20.4214 29.5757 26.612 29.5757 23.3662 29.5757 29.7167 29.5757 26.612 29.5757 32.2119 29.5757 29.7167 29.5757 33.7892 29.5757 32.2119 29.5757 34.3234 29.5757 33.7892 29.5757 33.7895 29.5757 34.3234 29.5757 32.2128 29.5757 33.7895 29.5757 29.7171 29.5757 32.2128 29.5757 26.6117 29.5757 29.7171 29.5757 23.3654 29.5757 26.6117 29.5757 20.4198 29.5757 23.3654 29.5757 18.2529 29.5757 20.4198 29.5757 17.4528 29.5757 18.2529 29.5757 18.3209 29.5757 17.5205 29.5757 20.4739 29.5757 18.3209 29.5757 23.4041 29.5757 20.4739 29.5757 26.6357 29.5757 23.4041 29.5757 29.7262 29.5757 26.6357 29.5757 32.2123 29.5757 29.7262 29.5757 33.7871 29.5757 32.2123 29.5757 34.3213 29.5757 33.7871 29.5757 33.7874 29.5757 34.3213 29.5757 32.2133 29.5757 33.7874 29.5757 29.7265 29.5757 32.2133 29.5757 26.6354 29.5757 29.7265 29.5757 23.403 29.5757 26.6354 29.5757 20.4718 29.5757 23.403 29.5757 18.3174 29.5757 20.4718 29.5757 17.5205 29.5757 18.3174 29.5757 18.4024 29.5757 17.606 29.5757 20.5395 29.5757 18.4024 29.5757 23.452 29.5757 20.5395 29.5757 26.6655 29.5757 23.452 29.5757 29.7374 29.5757 26.6655 29.5757 32.2121 29.5757 29.7374 29.5757 33.784 29.5757 32.2121 29.5757 34.3182 29.5757 33.784 29.5757 33.7843 29.5757 34.3182 29.5757 32.2133 29.5757 33.7843 29.5757 29.7378 29.5757 32.2133 29.5757 26.665 29.5757 29.7378 29.5757 23.4506 29.5757 26.665 29.5757 20.537 29.5757 23.4506 29.5757 18.3982 29.5757 20.537 29.5757 17.606 29.5757 18.3982 29.5757 18.5034 29.5757 17.7124 29.5757 20.6215 29.5757 18.5034 29.5757 23.5129 29.5757 20.6215 29.5757 26.703 29.5757 23.5129 29.5757 29.7507 29.5757 26.703 29.5757 32.211 29.5757 29.7507 29.5757 33.7795 29.5757 32.211 29.5757 34.3139 29.5757 33.7795 29.5757 33.7799 29.5757 34.3139 29.5757 32.2124 29.5757 33.7799 29.5757 29.7512 29.5757 32.2124 29.5757 26.7024 29.5757 29.7512 29.5757 23.5111 29.5757 26.7024 29.5757 20.6184 29.5757 23.5111 29.5757 18.4984 29.5757 20.6184 29.5757 17.7124 29.5757 18.4984 29.5757 18.6302 29.5757 17.8467 29.5757 20.7249 29.5757 18.6302 29.5757 23.5901 29.5757 20.7249 29.5757 26.7496 29.5757 23.5901 29.5757 29.7662 29.5757 26.7496 29.5757 32.2087 29.5757 29.7662 29.5757 33.7733 29.5757 32.2087 29.5757 34.3083 29.5757 33.7733 29.5757 33.7739 29.5757 34.3083 29.5757 32.2103 29.5757 33.7739 29.5757 29.7668 29.5757 32.2103 29.5757 26.7488 29.5757 29.7668 29.5757 23.5879 29.5757 26.7488 29.5757 20.7211 29.5757 23.5879 29.5757 18.6243 29.5757 20.7211 29.5757 17.8467 29.5757 18.6243 29.5757 18.7927 29.5757 18.0213 29.5757 20.8556 29.5757 18.7927 29.5757 23.6861 29.5757 20.8556 29.5757 26.8048 29.5757 23.6861 29.5757 29.7826 29.5757 26.8048 29.5757 32.2043 29.5757 29.7826 29.5757 33.7652 29.5757 32.2043 29.5757 34.3011 29.5757 33.7652 29.5757 33.766 29.5757 34.3011 29.5757 32.2063 29.5757 33.766 29.5757 29.7833 29.5757 32.2063 29.5757 26.8038 29.5757 29.7833 29.5757 23.6833 29.5757 26.8038 29.5757 20.8506 29.5757 23.6833 29.5757 18.7856 29.5757 20.8506 29.5757 18.0213 29.5757 18.7856 29.5757 19.0109 29.5757 18.2624 29.5757 21.0173 29.5757 19.0109 29.5757 23.7912 29.5757 21.0173 29.5757 26.8578 29.5757 23.7912 29.5757 29.793 29.5757 26.8578 29.5757 32.1951 29.5757 29.793 29.5757 33.7542 29.5757 32.1951 29.5757 34.2918 29.5757 33.7542 29.5757 33.7552 29.5757 34.2918 29.5757 32.1975 29.5757 33.7552 29.5757 29.7938 29.5757 32.1975 29.5757 26.8567 29.5757 29.7938 29.5757 23.7879 29.5757 26.8567 29.5757 21.011 29.5757 23.7879 29.5757 19.0021 29.5757 21.011 29.5757 18.2624 29.5757 19.0021 29.5757 19.3468 29.5757 18.666 29.5757 21.1966 29.5757 19.3468 29.5757 23.8387 29.5757 21.1966 29.5757 26.8426 29.5757 23.8387 29.5757 29.7581 29.5757 26.8426 29.5757 32.1648 29.5757 29.7581 29.5757 33.7346 29.5757 32.1648 29.5757 34.2769 29.5757 33.7346 29.5757 33.7354 29.5757 34.2769 29.5757 32.1672 29.5757 33.7354 29.5757 29.7593 29.5757 32.1672 29.5757 26.8416 29.5757 29.7593 29.5757 23.8347 29.5757 26.8416 29.5757 21.1905 29.5757 23.8347 29.5757 19.3371 29.5757 21.1905 29.5757 18.666 29.5757 19.3371 29.5757 18.5414 28.1955 18.6524 29.5757 18.2833 28.1955 18.5414 29.5757 18.0995 28.1955 18.2833 29.5757 18.1087 28.1955 18.0995 29.5757 18.233 28.1955 18.1087 29.5757 18.3453 28.1955 18.233 29.5757 18.4174 28.1955 18.3453 29.5757 18.4561 28.1955 18.4174 29.5757 18.4408 28.1955 18.4561 29.5757 18.364 28.1955 18.4408 29.5757 18.2351 28.1955 18.364 29.5757 18.1072 28.1955 18.2351 29.5757 18.0947 28.1955 18.1072 29.5757 18.263 28.1955 18.0947 29.5757 18.5207 28.1955 18.263 29.5757 18.6524 28.1955 18.5207 28.1955 18.374 26.8153 18.4581 28.1955 18.1737 26.8153 18.374 28.1955 18.0306 26.8153 18.1737 28.1955 18.0298 26.8153 18.0306 28.1955 18.1362 26.8153 18.0298 28.1955 18.2445 26.8153 18.1362 28.1955 18.3202 26.8153 18.2445 28.1955 18.3614 26.8153 18.3202 28.1955 18.3415 26.8153 18.3614 28.1955 18.2599 26.8153 18.3415 28.1955 18.1348 26.8153 18.2599 28.1955 18.0288 26.8153 18.1348 28.1955 18.0302 26.8153 18.0288 28.1955 18.158 26.8153 18.0302 28.1955 18.355 26.8153 18.158 28.1955 18.4581 26.8153 18.355 26.8153 17.6444 25.4351 17.7395 26.8153 17.4591 25.4351 17.6444 26.8153 17.3491 25.4351 17.4591 26.8153 17.3329 25.4351 17.3491 26.8153 17.3872 25.4351 17.3329 26.8153 17.4936 25.4351 17.3872 26.8153 17.5804 25.4351 17.4936 26.8153 17.5903 25.4351 17.5804 26.8153 17.545 25.4351 17.5903 26.8153 17.4658 25.4351 17.545 26.8153 17.3854 25.4351 17.4658 26.8153 17.332 25.4351 17.3854 26.8153 17.3504 25.4351 17.332 26.8153 17.4904 25.4351 17.3504 26.8153 17.6864 25.4351 17.4904 26.8153 17.7395 25.4351 17.6864 29.5757 29.5757 29.5757 29.5757 29.5757 29.5757 29.5757 29.5757 29.5757 29.5757 29.5757 29.5757 29.5757 29.5757 29.5757 29.5757 25.4351 25.4351 25.4351 25.4351 25.4351 25.4351 25.4351 25.4351 25.4351 25.4351 25.4351 25.4351 25.4351 25.4351 25.4351 25.4351 
</DataArray>
<DataArray type="Float64" Name="wall variable 0" format="ascii">
0 1 0 1 0 1 0 1 0 1 0 1 0 1 0 1 0 1 0 1 0 1 0 1 0 1 0 1 0 1 0 1 0 1 0 1 0 1 0 1 0 1 0 1 0 1 0 1 0 1 0 1 0 1 0 1 0 1 0 1 0 1 0 1 0 1 0 1 1 0 1 0 1 0 1 0 1 0 1 0 1 0 1 0 1 0 1 0 1 0 1 0 1 0 1 0 1 0 1 0 1 0 1 0 1 0 1 0 1 0 1 0 1 0 1 0 1 0 1 0 1 0 1 0 0 1 0 1 0 1 0 1 0 1 0 1 0 1 0 1 0 1 0 1 0 1 0 1 0 1 0 1 0 1 0 1 0 1 0 1 0 1 0 1 0 1 0 1 0 1 0 1 0 1 0 1 0 1 0 1 0 1 0 1 0 1 0 1 0 1 0 1 0 1 0 1 0 1 0 1 0 1 0 1 0 1 0 1 0 1 0 1 0 1 0 1 0 1 0 1 0 1 0 1 0 1 0 1 0 1 0 1 0 1 0 1 0 1 0 1 0 1 0 1 0 1 0 1 0 1 0 1 0 1 0 1 0 1 0 1 0 1 0 1 0 1 0 1 0 1 0 1 0 1 0 1 0 1 0 1 0 1 0 1 0 1 0 1 0 1 0 1 0 1 0 1 0 1 0 1 0 1 0 1 0 1 0 1 0 1 0 1 0 1 0 1 0 1 0 1 0 1 0 1 0 1 0 1 0 1 0 1 0 1 0 1 0 1 0 1 0 1 0 1 0 1 0 1 0 1 0 1 0 1 0 1 0 1 0 1 0 1 0 1 0 1 0 1 0 1 0 1 0 1 0 1 0 1 0 1 0 1 0 1 0 1 0 1 0 1 0 1 0 1 0 1 0 1 0 1 0 1 0 1 0 1 0 1 0 1 0 1 0 1 0 1 0 1 0 1 0 1 0 1 0 1 0 1 0 1 0 1 0 1 0 1 0 1 0 1 0 1 0 1 0 1 0 1 0 1 0 1 0 1 0 1 0 1 0 1 0 1 0 1 0 1 0 1 0 1 0 1 0 1 0 1 0 1 0 1 0 1 0 1 0 1 0 1 0 1 0 1 0 1 0 1 0 1 0 1 0 1 0 1 0 1 0 1 0 1 0 1 0 1 0 1 0 1 0 1 0 1 0 1 0 1 0 1 0 1 0 1 0 1 0 1 0 1 0 1 0 1 0 1 0 1 0 1 0 1 0 1 0 1 0 1 0 1 0 1 0 1 0 1 0 1 0 1 0 1 0 1 0 1 0 1 0 1 0 1 0 1 0 1 0 1 0 1 0 1 0 1 0 1 0 1 0 1 0 1 0 1 0 1 0 1 0 1 0 1 0 1 0 1 0 1 0 1 0 1 0 1 0 1 0 1 0 1 0 1 0 1 0 1 0 1 0 1 0 1 0 1 0 1 0 1 0 1 0 1 0 1 0 1 0 1 0 1 0 1 0 1 0 1 0 1 0 1 0 1 0 1 0 1 0 1 0 1 0 1 0 1 0 1 0 1 0 1 0 1 0 1 0 1 0 1 0 1 0 1 0 1 0 1 0 1 0 1 0 1 0 1 0 1 0 1 0 1 0 1 0 1 0 1 0 1 0 1 0 1 0 1 0 1 0 1 0 1 0 1 0 1 0 1 0 1 0 1 0 1 0 1 0 1 0 1 0 1 0 1 0 1 0 1 0 1 0 1 0 1 0 1 0 1 0 1 0 1 0 1 0 1 0 1 0 1 0 1 0 1 0 1 0 1 0 1 0 1 0 1 0 1 0 1 0 1 0 1 0 1 0 1 0 1 0 1 0 1 0 1 0 1 0 1 0 1 0 1 0 1 0 1 0 1 0 1 0 1 0 1 0 1 0 1 0 1 0 1 0 1 0 1 0 1 0 1 0 1 0 1 0 1 0 1 0 1 0 1 0 1 0 1 0 1 0 1 0 1 0 1 0 1 0 1 0 1 0 1 0 1 0 1 0 1 0 1 0 1 0 1 0 1 0 1 0 1 0 1 0 1 0 1 0 1 0 1 0 1 0 1 0 1 0 1 0 1 0 1 0 1 0 1 0 1 0 1 0 1 0 1 0 1 0 1 0 1 0 1 0 1 0 1 0 1 0 1 0 1 0 1 0 1 0 1 0 1 0 1 0 1 0 1 0 1 0 1 0 1 0 1 0 1 0 1 0 1 0 1 0 1 0 1 0 1 0 1 0 1 0 1 0 1 0 1 0 1 0 1 0 1 0 1 0 1 0 1 0 1 0 1 0 1 0 1 0 1 0 1 0 1 0 1 0 1 0 1 0 1 0 1 0 1 0 1 0 1 0 1 0 1 0 1 0 1 0 1 0 1 0 1 0 1 0 1 0 1 0 1 0 1 0 1 0 1 0 1 0 1 0 1 0 1 0 1 0 1 0 1 0 1 0 1 0 1 0 1 0 1 0 1 0 1 0 1 0 1 0 1 0 1 0 1 0 1 0 1 0 1 0 1 0 1 0 1 0 1 0 1 0 1 0 1 0 1 0 1 0 1 0 1 0 1 0 1 0 1 0 1 0 1 0 1 0 1 0 1 0 1 0 1 0 1 0 1 0 1 0 1 0 1 0 1 0 1 0 1 0 1 0 1 0 1 0 1 0 1 0 1 0 1 0 1 0 1 0 1 0 1 0 1 0 1 0 1 0 1 0 1 0 1 0 1 0 1 0 1 0 1 0 1 0 1 0 1 0 1 0 1 0 1 0 1 0 1 0 1 0 1 0 1 0 1 0 1 0 1 0 1 0 1 0 1 0 1 0 1 0 1 0 1 0 1 0 1 0 1 0 1 0 1 0 1 0 1 0 1 0 1 0 1 0 1 0 1 0 1 0 1 0 1 0 1 0 1 0 1 0 1 0 1 0 1 0 1 0 1 0 1 0 1 0 1 0 1 0 1 0 1 0 1 0 1 0 1 0 1 0 1 0 1 0 1 0 1 0 1 0 1 0 1 0 1 0 1 0 1 0 1 0 1 0 1 0 1 0 1 0 1 0 1 0 1 0 1 0 1 0 1 0 1 0 1 0 1 0 1 0 1 0 1 0 1 0 1 0 1 0 1 0 1 0 1 0 1 0 1 0 1 0 1 0 1 0 1 0 1 0 1 0 1 0 1 0 1 0 1 0 1 0 1 0 1 0 1 0 1 0 1 0 1 0 1 0 1 0 1 0 1 0 1 0 1 0 1 0 1 0 1 0 1 0 1 0 1 0 1 0 1 0 1 0 1 0 1 0 1 0 1 0 1 0 1 0 1 0 1 0 1 0 1 0 1 0 1 0 1 0 1 0 1 0 1 0 1 0 1 0 1 0 1 0 1 0 1 0 1 0 1 0 1 0 1 0 1 0 1 0 1 0 1 0 1 0 1 0 1 0 1 0 1 0 1 0 1 0 1 0 1 0 1 0 1 0 1 0 1 0 1 0 1 0 1 0 1 0 1 0 1 0 1 0 1 0 1 0 1 0 1 0 1 0 1 0 1 0 1 0 1 0 1 0 1 0 1 0 1 0 1 0 1 0 1 0 1 0 1 0 1 0 1 0 1 0 1 0 1 0 1 0 1 0 1 0 1 0 1 0 1 0 1 0 1 0 1 0 1 0 1 0 1 0 1 0 1 0 1 0 1 0 1 0 1 0 1 0 1 0 1 0 1 0 1 0 1 0 1 0 1 0 1 0 1 0 1 0 1 0 1 0 1 0 1 0 1 0 1 0 1 0 1 0 1 0 1 0 1 0 1 0 1 0 1 0 1 0 1 0 1 0 1 0 1 0 1 0 1 0 1 0 1 0 1 0 1 0 1 0 1 0 1 0 1 0 1 0 1 0 1 0 1 0 1 0 1 0 1 0 1 0 1 0 1 0 1 0 1 0 1 0 1 0 1 0 1 0 1 0 1 0 1 0 1 0 1 0 1 0 1 0 1 0 1 0 1 0 1 0 1 0 1 0 1 0 1 0 1 0 1 0 1 0 1 0 1 0 1 0 1 0 1 0 1 0 1 0 1 0 1 0 1 0 1 0 1 0 1 0 1 0 1 0 1 0 1 0 1 0 1 0 1 0 1 0 1 0 1 0 1 0 1 0 1 0 1 0 1 0 1 0 1 0 1 0 1 0 1 0 1 0 1 0 1 0 1 0 1 0 1 0 1 0 1 0 1 0 1 0 1 0 1 0 1 0 1 0 1 0 1 0 1 0 1 0 1 0 1 0 1 0 1 0 1 0 1 0 1 0 1 0 1 0 1 0 1 0 1 0 1 0 1 0 1 0 1 0 1 0 1 0 1 0 1 0 1 0 1 0 1 0 1 0 1 0 1 0 1 0 1 0 1 0 1 0 1 0 1 0 1 0 1 0 1 0 1 0 1 0 1 0 1 0 1 0 1 0 1 0 1 0 1 0 1 0 1 0 1 0 1 0 1 0 1 0 1 0 1 0 1 0 1 0 1 0 1 0 1 0 1 0 1 0 1 0 1 0 1 0 1 0 1 0 1 0 1 0 1 0 1 0 1 0 1 0 1 0 1 0 1 0 1 0 1 0 1 0 1 0 1 0 0 0 0 0 0 0 0 0 0 0 0 0 0 0 0 0 0 0 0 0 0 0 0 0 0 0 0 0 0 0 0 
</DataArray>
<DataArray type="Float64" Name="wall variable 1" format="ascii">
0 1 0 1 0 1 0 1 0 1 0 1 0 1 0 1 0 1 0 1 0 1 0 1 0 1 0 1 0 1 0 1 0 1 0 1 0 1 0 1 0 1 0 1 0 1 0 1 0 1 0 1 0 1 0 1 0 1 0 1 0 1 0 1 0 1 0 1 1 0 1 0 1 0 1 0 1 0 1 0 1 0 1 0 1 0 1 0 1 0 1 0 1 0 1 0 1 0 1 0 1 0 1 0 1 0 1 0 1 0 1 0 1 0 1 0 1 0 1 0 1 0 1 0 0 1 0 1 0 1 0 1 0 1 0 1 0 1 0 1 0 1 0 1 0 1 0 1 0 1 0 1 0 1 0 1 0 1 0 1 0 1 0 1 0 1 0 1 0 1 0 1 0 1 0 1 0 1 0 1 0 1 0 1 0 1 0 1 0 1 0 1 0 1 0 1 0 1 0 1 0 1 0 1 0 1 0 1 0 1 0 1 0 1 0 1 0 1 0 1 0 1 0 1 0 1 0 1 0 1 0 1 0 1 0 1 0 1 0 1 0 1 0 1 0 1 0 1 0 1 0 1 0 1 0 1 0 1 0 1 0 1 0 1 0 1 0 1 0 1 0 1 0 1 0 1 0 1 0 1 0 1 0 1 0 1 0 1 0 1 0 1 0 1 0 1 0 1 0 1 0 1 0 1 0 1 0 1 0 1 0 1 0 1 0 1 0 1 0 1 0 1 0 1 0 1 0 1 0 1 0 1 0 1 0 1 0 1 0 1 0 1 0 1 0 1 0 1 0 1 0 1 0 1 0 1 0 1 0 1 0 1 0 1 0 1 0 1 0 1 0 1 0 1 0 1 0 1 0 1 0 1 0 1 0 1 0 1 0 1 0 1 0 1 0 1 0 1 0 1 0 1 0 1 0 1 0 1 0 1 0 1 0 1 0 1 0 1 0 1 0 1 0 1 0 1 0 1 0 1 0 1 0 1 0 1 0 1 0 1 0 1 0 1 0 1 0 1 0 1 0 1 0 1 0 1 0 1 0 1 0 1 0 1 0 1 0 1 0 1 0 1 0 1 0 1 0 1 0 1 0 1 0 1 0 1 0 1 0 1 0 1 0 1 0 1 0 1 0 1 0 1 0 1 0 1 0 1 0 1 0 1 0 1 0 1 0 1 0 1 0 1 0 1 0 1 0 1 0 1 0 1 0 1 0 1 0 1 0 1 0 1 0 1 0 1 0 1 0 1 0 1 0 1 0 1 0 1 0 1 0 1 0 1 0 1 0 1 0 1 0 1 0 1 0 1 0 1 0 1 0 1 0 1 0 1 0 1 0 1 0 1 0 1 0 1 0 1 0 1 0 1 0 1 0 1 0 1 0 1 0 1 0 1 0 1 0 1 0 1 0 1 0 1 0 1 0 1 0 1 0 1 0 1 0 1 0 1 0 1 0 1 0 1 0 1 0 1 0 1 0 1 0 1 0 1 0 1 0 1 0 1 0 1 0 1 0 1 0 1 0 1 0 1 0 1 0 1 0 1 0 1 0 1 0 1 0 1 0 1 0 1 0 1 0 1 0 1 0 1 0 1 0 1 0 1 0 1 0 1 0 1 0 1 0 1 0 1 0 1 0 1 0 1 0 1 0 1 0 1 0 1 0 1 0 1 0 1 0 1 0 1 0 1 0 1 0 1 0 1 0 1 0 1 0 1 0 1 0 1 0 1 0 1 0 1 0 1 0 1 0 1 0 1 0 1 0 1 0 1 0 1 0 1 0 1 0 1 0 1 0 1 0 1 0 1 0 1 0 1 0 1 0 1 0 1 0 1 0 1 0 1 0 1 0 1 0 1 0 1 0 1 0 1 0 1 0 1 0 1 0 1 0 1 0 1 0 1 0 1 0 1 0 1 0 1 0 1 0 1 0 1 0 1 0 1 0 1 0 1 0 1 0 1 0 1 0 1 0 1 0 1 0 1 0 1 0 1 0 1 0 1 0 1 0 1 0 1 0 1 0 1 0 1 0 1 0 1 0 1 0 1 0 1 0 1 0 1 0 1 0 1 0 1 0 1 0 1 0 1 0 1 0 1 0 1 0 1 0 1 0 1 0 1 0 1 0 1 0 1 0 1 0 1 0 1 0 1 0 1 0 1 0 1 0 1 0 1 0 1 0 1 0 1 0 1 0 1 0 1 0 1 0 1 0 1 0 1 0 1 0 1 0 1 0 1 0 1 0 1 0 1 0 1 0 1 0 1 0 1 0 1 0 1 0 1 0 1 0 1 0 1 0 1 0 1 0 1 0 1 0 1 0 1 0 1 0 1 0 1 0 1 0 1 0 1 0 1 0 1 0 1 0 1 0 1 0 1 0 1 0 1 0 1 0 1 0 1 0 1 0 1 0 1 0 1 0 1 0 1 0 1 0 1 0 1 0 1 0 1 0 1 0 1 0 1 0 1 0 1 0 1 0 1 0 1 0 1 0 1 0 1 0 1 0 1 0 1 0 1 0 1 0 1 0 1 0 1 0 1 0 1 0 1 0 1 0 1 0 1 0 1 0 1 0 1 0 1 0 1 0 1 0 1 0 1 0 1 0 1 0 1 0 1 0 1 0 1 0 1 0 1 0 1 0 1 0 1 0 1 0 1 0 1 0 1 0 1 0 1 0 1 0 1 0 1 0 1 0 1 0 1 0 1 0 1 0 1 0 1 0 1 0 1 0 1 0 1 0 1 0 1 0 1 0 1 0 1 0 1 0 1 0 1 0 1 0 1 0 1 0 1 0 1 0 1 0 1 0 1 0 1 0 1 0 1 0 1 0 1 0 1 0 1 0 1 0 1 0 1 0 1 0 1 0 1 0 1 0 1 0 1 0 1 0 1 0 1 0 1 0 1 0 1 0 1 0 1 0 1 0 1 0 1 0 1 0 1 0 1 0 1 0 1 0 1 0 1 0 1 0 1 0 1 0 1 0 1 0 1 0 1 0 1 0 1 0 1 0 1 0 1 0 1 0 1 0 1 0 1 0 1 0 1 0 1 0 1 0 1 0 1 0 1 0 1 0 1 0 1 0 1 0 1 0 1 0 1 0 1 0 1 0 1 0 1 0 1 0 1 0 1 0 1 0 1 0 1 0 1 0 1 0 1 0 1 0 1 0 1 0 1 0 1 0 1 0 1 0 1 0 1 0 1 0 1 0 1 0 1 0 1 0 1 0 1 0 1 0 1 0 1 0 1 0 1 0 1 0 1 0 1 0 1 0 1 0 1 0 1 0 1 0 1 0 1 0 1 0 1 0 1 0 1 0 1 0 1 0 1 0 1 0 1 0 1 0 1 0 1 0 1 0 1 0 1 0 1 0 1 0 1 0 1 0 1 0 1 0 1 0 1 0 1 0 1 0 1 0 1 0 1 0 1 0 1 0 1 0 1 0 1 0 1 0 1 0 1 0 1 0 1 0 1 0 1 0 1 0 1 0 1 0 1 0 1 0 1 0 1 0 1 0 1 0 1 0 1 0 1 0 1 0 1 0 1 0 1 0 1 0 1 0 1 0 1 0 1 0 1 0 1 0 1 0 1 0 1 0 1 0 1 0 1 0 1 0 1 0 1 0 1 0 1 0 1 0 1 0 1 0 1 0 1 0 1 0 1 0 1 0 1 0 1 0 1 0 1 0 1 0 1 0 1 0 1 0 1 0 1 0 1 0 1 0 1 0 1 0 1 0 1 0 1 0 1 0 1 0 1 0 1 0 1 0 1 0 1 0 1 0 1 0 1 0 1 0 1 0 1 0 1 0 1 0 1 0 1 0 1 0 1 0 1 0 1 0 1 0 1 0 1 0 1 0 1 0 1 0 1 0 1 0 1 0 1 0 1 0 1 0 1 0 1 0 1 0 1 0 1 0 1 0 1 0 1 0 1 0 1 0 1 0 1 0 1 0 1 0 1 0 1 0 1 0 1 0 1 0 1 0 1 0 1 0 1 0 1 0 1 0 1 0 1 0 1 0 1 0 1 0 1 0 1 0 1 0 1 0 1 0 1 0 1 0 1 0 1 0 1 0 1 0 1 0 1 0 1 0 1 0 1 0 1 0 1 0 1 0 1 0 1 0 1 0 1 0 1 0 1 0 1 0 1 0 1 0 1 0 1 0 1 0 1 0 1 0 1 0 1 0 1 0 1 0 1 0 1 0 1 0 1 0 1 0 1 0 1 0 1 0 1 0 1 0 1 0 1 0 1 0 1 0 1 0 1 0 1 0 1 0 1 0 1 0 1 0 1 0 1 0 1 0 1 0 1 0 1 0 1 0 1 0 1 0 1 0 1 0 1 0 1 0 1 0 1 0 1 0 1 0 1 0 1 0 1 0 1 0 1 0 1 0 1 0 1 0 1 0 1 0 1 0 1 0 1 0 1 0 1 0 1 0 1 0 1 0 1 0 1 0 1 0 1 0 1 0 1 0 1 0 1 0 1 0 1 0 1 0 1 0 1 0 1 0 1 0 1 0 1 0 1 0 1 0 1 0 1 0 1 0 1 0 1 0 1 0 1 0 1 0 1 0 1 0 1 0 1 0 1 0 1 0 1 0 1 0 1 0 1 0 1 0 1 0 1 0 1 0 0 0 0 0 0 0 0 0 0 0 0 0 0 0 0 0 0 0 0 0 0 0 0 0 0 0 0 0 0 0 0 
</DataArray>
<DataArray type="Float64" Name="wall variable 2" format="ascii">
0 35.6354 0 35.6354 0 35.6354 0 35.6354 0 35.6354 0 35.6354 0 35.6354 0 35.6354 0 35.6354 0 35.6354 0 35.6354 0 35.6354 0 35.6354 0 35.6354 0 35.6354 0 35.6354 0 35.6354 0 35.6354 0 35.6354 0 35.6354 0 35.6354 0 35.6354 0 35.6354 0 35.6354 0 35.6354 0 35.6354 0 35.6354 0 35.6354 0 35.6354 0 35.6354 0 35.6354 0 35.6354 0 35.6354 0 35.6354 35.6354 0 35.6354 0 35.6354 0 35.6354 0 35.6354 0 35.6354 0 35.6354 0 35.6354 0 35.6354 0 35.6354 0 35.6354 0 35.6354 0 35.6354 0 35.6354 0 35.6354 0 35.6354 0 35.6354 0 35.6354 0 35.6354 0 35.6354 0 35.6354 0 35.6354 0 35.6354 0 35.6354 0 35.6354 0 35.6354 0 35.6354 0 35.6354 0 0 35.6354 0 35.6354 0 35.6354 0 35.6354 0 35.6354 0 35.6354 0 35.6354 0 35.6354 0 35.6354 0 35.6354 0 35.6354 0 35.6354 0 35.6354 0 35.6354 0 35.6354 0 35.6354 0 35.6354 0 35.6354 0 35.6354 0 35.6354 0 35.6354 0 35.6354 0 35.6354 0 35.6354 0 35.6354 0 35.6354 0 35.6354 0 35.6354 0 35.6354 0 35.6354 0 35.6354 0 35.6354 0 35.6354 0 35.6354 0 35.6354 0 35.6354 0 35.6354 0 35.6354 0 35.6354 0 35.6354 0 35.6354 0 35.6354 0 35.6354 0 35.6354 0 35.6354 0 35.6354 0 35.6354 0 35.6354 0 35.6354 0 35.6354 0 35.6354 0 35.6354 0 35.6354 0 35.6354 0 35.6354 0 35.6354 0 35.6354 0 35.6354 0 35.6354 0 35.6354 0 35.6354 0 35.6354 0 35.6354 0 35.6354 0 35.6354 0 35.6354 0 35.6354 0 35.6354 0 35.6354 0 35.6354 0 35.6354 0 35.6354 0 35.6354 0 35.6354 0 35.6354 0 35.6354 0 35.6354 0 35.6354 0 35.6354 0 35.6354 0 35.6354 0 35.6354 0 35.6354 0 35.6354 0 35.6354 0 35.6354 0 35.6354 0 35.6354 0 35.6354 0 35.6354 0 35.6354 0 35.6354 0 35.6354 0 35.6354 0 35.6354 0 35.6354 0 35.6354 0 35.6354 0 35.6354 0 35.6354 0 35.6354 0 35.6354 0 35.6354 0 35.6354 0 35.6354 0 35.6354 0 35.6354 0 35.6354 0 35.6354 0 35.6354 0 35.6354 0 35.6354 0 35.6354 0 35.6354 0 35.6354 0 35.6354 0 35.6354 0 35.6354 0 35.6354 0 35.6354 0 35.6354 0 35.6354 0 35.6354 0 35.6354 0 35.6354 0 35.6354 0 35.6354 0 35.6354 0 35.6354 0 35.6354 0 35.6354 0 35.6354 0 35.6354 0 35.6354 0 35.6354 0 35.6354 0 35.6354 0 35.6354 0 35.6354 0 35.6354 0 35.6354 0 35.6354 0 35.6354 0 35.6354 0 35.6354 0 35.6354 0 35.6354 0 35.6354 0 35.6354 0 35.6354 0 35.6354 0 35.6354 0 35.6354 0 35.6354 0 35.6354 0 35.6354 0 35.6354 0 35.6354 0 35.6354 0 35.6354 0 35.6354 0 35.6354 0 35.6354 0 35.6354 0 35.6354 0 35.6354 0 35.6354 0 35.6354 0 35.6354 0 35.6354 0 35.6354 0 35.6354 0 35.6354 0 35.6354 0 35.6354 0 35.6354 0 35.6354 0 35.6354 0 35.6354 0 35.6354 0 35.6354 0 35.6354 0 35.6354 0 35.6354 0 35.6354 0 35.6354 0 35.6354 0 35.6354 0 35.6354 0 35.6354 0 35.6354 0 35.6354 0 35.6354 0 35.6354 0 35.6354 0 35.6354 0 35.6354 0 35.6354 0 35.6354 0 35.6354 0 35.6354 0 35.6354 0 35.6354 0 35.6354 0 35.6354 0 35.6354 0 35.6354 0 35.6354 0 35.6354 0 35.6354 0 35.6354 0 35.6354 0 35.6354 0 35.6354 0 35.6354 0 35.6354 0 35.6354 0 35.6354 0 35.6354 0 35.6354 0 35.6354 0 35.6354 0 35.6354 0 35.6354 0 35.6354 0 35.6354 0 35.6354 0 35.6354 0 35.6354 0 35.6354 0 35.6354 0 35.6354 0 35.6354 0 35.6354 0 35.6354 0 35.6354 0 35.6354 0 35.6354 0 35.6354 0 35.6354 0 35.6354 0 35.6354 0 35.6354 0 35.6354 0 35.6354 0 35.6354 0 35.6354 0 35.6354 0 35.6354 0 35.6354 0 35.6354 0 35.6354 0 35.6354 0 35.6354 0 35.6354 0 35.6354 0 35.6354 0 35.6354 0 35.6354 0 35.6354 0 35.6354 0 35.6354 0 35.6354 0 35.6354 0 35.6354 0 35.6354 0 35.6354 0 35.6354 0 35.6354 0 35.6354 0 35.6354 0 35.6354 0 35.6354 0 35.6354 0 35.6354 0 35.6354 0 35.6354 0 35.6354 0 35.6354 0 35.6354 0 35.6354 0 35.6354 0 35.6354 0 35.6354 0 35.6354 0 35.6354 0 35.6354 0 35.6354 0 35.6354 0 35.6354 0 35.6354 0 35.6354 0 35.6354 0 35.6354 0 35.6354 0 35.6354 0 35.6354 0 35.6354 0 35.6354 0 35.6354 0 35.6354 0 35.6354 0 35.6354 0 35.6354 0 35.6354 0 35.6354 0 35.6354 0 35.6354 0 35.6354 0 35.6354 0 35.6354 0 35.6354 0 35.6354 0 35.6354 0 35.6354 0 35.6354 0 35.6354 0 35.6354 0 35.6354 0 35.6354 0 35.6354 0 35.6354 0 35.6354 0 35.6354 0 35.6354 0 35.6354 0 35.6354 0 35.6354 0 35.6354 0 35.6354 0 35.6354 0 35.6354 0 35.6354 0 35.6354 0 35.6354 0 35.6354 0 35.6354 0 35.6354 0 35.6354 0 35.6354 0 35.6354 0 35.6354 0 35.6354 0 35.6354 0 35.6354 0 35.6354 0 35.6354 0 35.6354 0 35.6354 0 35.6354 0 35.6354 0 35.6354 0 35.6354 0 35.6354 0 35.6354 0 35.6354 0 35.6354 0 35.6354 0 35.6354 0 35.6354 0 35.6354 0 35.6354 0 35.6354 0 35.6354 0 35.6354 0 35.6354 0 35.6354 0 35.6354 0 35.6354 0 35.6354 0 35.6354 0 35.6354 0 35.6354 0 35.6354 0 35.6354 0 35.6354 0 35.6354 0 35.6354 0 35.6354 0 35.6354 0 35.6354 0 35.6354 0 35.6354 0 35.6354 0 35.6354 0 35.6354 0 35.6354 0 35.6354 0 35.6354 0 35.6354 0 35.6354 0 35.6354 0 35.6354 0 35.6354 0 35.6354 0 35.6354 0 35.6354 0 35.6354 0 35.6354 0 35.6354 0 35.6354 0 35.6354 0 35.6354 0 35.6354 0 35.6354 0 35.6354 0 35.6354 0 35.6354 0 35.6354 0 35.6354 0 35.6354 0 35.6354 0 35.6354 0 35.6354 0 35.6354 0 35.6354 0 35.6354 0 35.6354 0 35.6354 0 35.6354 0 35.6354 0 35.6354 0 35.6354 0 35.6354 0 35.6354 0 35.6354 0 35.6354 0 35.6354 0 35.6354 0 35.6354 0 35.6354 0 35.6354 0 35.6354 0 35.6354 0 35.6354 0 35.6354 0 35.6354 0 35.6354 0 35.6354 0 35.6354 0 35.6354 0 35.6354 0 35.6354 0 35.6354 0 35.6354 0 35.6354 0 35.6354 0 35.6354 0 35.6354 0 35.6354 0 35.6354 0 35.6354 0 35.6354 0 35.6354 0 35.6354 0 35.6354 0 35.6354 0 35.6354 0 35.6354 0 35.6354 0 35.6354 0 35.6354 0 35.6354 0 35.6354 0 35.6354 0 35.6354 0 35.6354 0 35.6354 0 35.6354 0 35.6354 0 35.6354 0 35.6354 0 35.6354 0 35.6354 0 35.6354 0 35.6354 0 35.6354 0 35.6354 0 35.6354 0 35.6354 0 35.6354 0 35.6354 0 35.6354 0 35.6354 0 35.6354 0 35.6354 0 35.6354 0 35.6354 0 35.6354 0 35.6354 0 35.6354 0 35.6354 0 35.6354 0 35.6354 0 35.6354 0 35.6354 0 35.6354 0 35.6354 0 35.6354 0 35.6354 0 35.6354 0 35.6354 0 35.6354 0 35.6354 0 35.6354 0 35.6354 0 35.6354 0 35.6354 0 35.6354 0 35.6354 0 35.6354 0 35.6354 0 35.6354 0 35.6354 0 35.6354 0 35.6354 0 35.6354 0 35.6354 0 35.6354 0 35.6354 0 35.6354 0 35.6354 0 35.6354 0 35.6354 0 35.6354 0 35.6354 0 35.6354 0 35.6354 0 35.6354 0 35.6354 0 35.6354 0 35.6354 0 35.6354 0 35.6354 0 35.6354 0 35.6354 0 35.6354 0 35.6354 0 35.6354 0 35.6354 0 35.6354 0 35.6354 0 35.6354 0 35.6354 0 35.6354 0 35.6354 0 35.6354 0 35.6354 0 35.6354 0 35.6354 0 35.6354 0 35.6354 0 35.6354 0 35.6354 0 35.6354 0 35.6354 0 35.6354 0 35.6354 0 35.6354 0 35.6354 0 35.6354 0 35.6354 0 35.6354 0 35.6354 0 35.6354 0 35.6354 0 35.6354 0 35.6354 0 35.6354 0 35.6354 0 35.6354 0 35.6354 0 35.6354 0 35.6354 0 35.6354 0 35.6354 0 35.6354 0 35.6354 0 35.6354 0 35.6354 0 35.6354 0 35.6354 0 35.6354 0 35.6354 0 35.6354 0 35.6354 0 35.6354 0 35.6354 0 35.6354 0 35.6354 0 35.6354 0 35.6354 0 35.6354 0 35.6354 0 35.6354 0 35.6354 0 35.6354 0 35.6354 0 35.6354 0 35.6354 0 35.6354 0 35.6354 0 35.6354 0 35.6354 0 35.6354 0 35.6354 0 35.6354 0 35.6354 0 35.6354 0 35.6354 0 35.6354 0 35.6354 0 35.6354 0 35.6354 0 35.6354 0 35.6354 0 35.6354 0 35.6354 0 35.6354 0 35.6354 0 35.6354 0 35.6354 0 35.6354 0 35.6354 0 35.6354 0 35.6354 0 35.6354 0 35.6354 0 35.6354 0 35.6354 0 35.6354 0 35.6354 0 35.6354 0 35.6354 0 35.6354 0 35.6354 0 35.6354 0 35.6354 0 35.6354 0 35.6354 0 35.6354 0 35.6354 0 35.6354 0 35.6354 0 35.6354 0 35.6354 0 35.6354 0 35.6354 0 35.6354 0 35.6354 0 35.6354 0 35.6354 0 35.6354 0 35.6354 0 35.6354 0 35.6354 0 35.6354 0 35.6354 0 35.6354 0 35.6354 0 35.6354 0 35.6354 0 35.6354 0 35.6354 0 35.6354 0 35.6354 0 35.6354 0 35.6354 0 35.6354 0 35.6354 0 35.6354 0 35.6354 0 35.6354 0 35.6354 0 35.6354 0 35.6354 0 35.6354 0 35.6354 0 35.6354 0 35.6354 0 35.6354 0 35.6354 0 35.6354 0 35.6354 0 35.6354 0 35.6354 0 35.6354 0 35.6354 0 35.6354 0 35.6354 0 35.6354 0 35.6354 0 35.6354 0 35.6354 0 35.6354 0 35.6354 0 35.6354 0 35.6354 0 35.6354 0 35.6354 0 35.6354 0 35.6354 0 35.6354 0 35.6354 0 35.6354 0 35.6354 0 35.6354 0 35.6354 0 35.6354 0 35.6354 0 35.6354 0 35.6354 0 35.6354 0 35.6354 0 35.6354 0 35.6354 0 35.6354 0 35.6354 0 35.6354 0 35.6354 0 35.6354 0 35.6354 0 35.6354 0 35.6354 0 35.6354 0 35.6354 0 35.6354 0 35.6354 0 35.6354 0 35.6354 0 35.6354 0 35.6354 0 35.6354 0 35.6354 0 35.6354 0 35.6354 0 35.6354 0 35.6354 0 35.6354 0 35.6354 0 35.6354 0 35.6354 0 35.6354 0 35.6354 0 35.6354 0 35.6354 0 35.6354 0 35.6354 0 35.6354 0 35.6354 0 35.6354 0 35.6354 0 35.6354 0 35.6354 0 35.6354 0 35.6354 0 35.6354 0 35.6354 0 35.6354 0 35.6354 0 35.6354 0 35.6354 0 35.6354 0 35.6354 0 35.6354 0 35.6354 0 35.6354 0 35.6354 0 35.6354 0 35.6354 0 35.6354 0 35.6354 0 35.6354 0 35.6354 0 35.6354 0 35.6354 0 35.6354 0 35.6354 0 35.6354 0 35.6354 0 35.6354 0 35.6354 0 35.6354 0 35.6354 0 35.6354 0 35.6354 0 35.6354 0 35.6354 0 35.6354 0 35.6354 0 35.6354 0 35.6354 0 35.6354 0 35.6354 0 35.6354 0 35.6354 0 35.6354 0 35.6354 0 35.6354 0 35.6354 0 35.6354 0 35.6354 0 35.6354 0 35.6354 0 35.6354 0 35.6354 0 35.6354 0 35.6354 0 35.6354 0 35.6354 0 35.6354 0 35.6354 0 35.6354 0 35.6354 0 35.6354 0 35.6354 0 35.6354 0 35.6354 0 35.6354 0 35.6354 0 35.6354 0 35.6354 0 35.6354 0 35.6354 0 35.6354 0 35.6354 0 35.6354 0 35.6354 0 35.6354 0 35.6354 0 35.6354 0 35.6354 0 35.6354 0 35.6354 0 35.6354 0 35.6354 0 35.6354 0 35.6354 0 35.6354 0 35.6354 0 35.6354 0 35.6354 0 35.6354 0 35.6354 0 35.6354 0 35.6354 0 35.6354 0 35.6354 0 35.6354 0 35.6354 0 35.6354 0 35.6354 0 35.6354 0 35.6354 0 35.6354 0 35.6354 0 35.6354 0 35.6354 0 35.6354 0 35.6354 0 35.6354 0 35.6354 0 35.6354 0 35.6354 0 35.6354 0 35.6354 0 35.6354 0 35.6354 0 35.6354 0 35.6354 0 35.6354 0 35.6354 0 35.6354 0 35.6354 0 35.6354 0 35.6354 0 35.6354 0 35.6354 0 35.6354 0 35.6354 0 35.6354 0 35.6354 0 35.6354 0 35.6354 0 35.6354 0 35.6354 0 35.6354 0 35.6354 0 35.6354 0 35.6354 0 35.6354 0 35.6354 0 35.6354 0 35.6354 0 35.6354 0 35.6354 0 35.6354 0 35.6354 0 35.6354 0 35.6354 0 35.6354 0 35.6354 0 35.6354 0 35.6354 0 35.6354 0 35.6354 0 35.6354 0 35.6354 0 35.6354 0 35.6354 0 35.6354 0 35.6354 0 35.6354 0 35.6354 0 35.6354 0 35.6354 0 35.6354 0 35.6354 0 35.6354 0 35.6354 0 35.6354 0 35.6354 0 35.6354 0 35.6354 0 35.6354 0 35.6354 0 35.6354 0 35.6354 0 35.6354 0 35.6354 0 35.6354 0 35.6354 0 35.6354 0 35.6354 0 35.6354 0 35.6354 0 35.6354 0 35.6354 0 35.6354 0 35.6354 0 35.6354 0 35.6354 0 35.6354 0 35.6354 0 35.6354 0 35.6354 0 35.6354 0 35.6354 0 35.6354 0 35.6354 0 35.6354 0 35.6354 0 35.6354 0 35.6354 0 35.6354 0 35.6354 0 35.6354 0 35.6354 0 35.6354 0 35.6354 0 35.6354 0 35.6354 0 0 0 0 0 0 0 0 0 0 0 0 0 0 0 0 0 0 0 0 0 0 0 0 0 0 0 0 0 0 0 0 
</DataArray>
</CellData>
</Piece>
</UnstructuredGrid>
</VTKFile>
