<VTKFile type="UnstructuredGrid" version="0.1">
<UnstructuredGrid>
<Piece  NumberOfPoints="    2608" NumberOfCells="    2080">
<Points>
<DataArray type="Float64" NumberOfComponents="3" format="ascii">
-350.832 701.238 -0.362767 
-349.901 706.891 28.2636 
-347.217 722.952 52.4692 
-343.335 746.933 68.5683 
-339.08 775.191 74.1966 
-335.213 803.515 68.5572 
-332.147 827.619 52.4356 
-330.116 843.752 28.2126 
-329.382 849.409 -0.404931 
-330.086 843.73 -29.0192 
-332.104 827.583 -53.2353 
-335.162 803.469 -69.345 
-339.022 775.14 -74.968 
-343.279 746.885 -69.3236 
-347.152 722.917 -53.205 
-349.844 706.875 -28.9897 
-320.271 690.506 -0.333954 
-319.215 696.63 30.6115 
-316.243 714.027 56.7713 
-311.966 739.992 74.1991 
-307.352 770.623 80.4026 
-303.263 801.366 74.3037 
-299.994 827.456 56.7897 
-297.79 844.892 30.5582 
-296.99 851.011 -0.396272 
-297.753 844.875 -31.347 
-299.941 827.424 -57.5664 
-303.206 801.324 -75.0642 
-307.289 770.577 -81.148 
-311.903 739.95 -74.9282 
-316.199 714.002 -57.4796 
-319.2 696.618 -31.2894 
-284.859 683.792 -0.321652 
-283.742 690.009 31.3235 
-280.581 707.683 58.1149 
-276.03 734.131 75.9746 
-271.299 765.407 82.3286 
-267.287 796.814 76.0144 
-264.064 823.459 58.0853 
-261.836 841.282 31.2675 
-261.017 847.538 -0.382466 
-261.805 841.261 -32.026 
-264.015 823.426 -58.8271 
-267.23 796.771 -76.7423 
-271.236 765.36 -83.0387 
-275.968 734.087 -76.6664 
-280.536 707.651 -58.7915 
-283.725 689.988 -31.9756 
-249.179 678.339 -0.307436 
-247.992 684.552 31.4834 
-244.596 702.224 58.4299 
-239.653 728.699 76.4305 
-234.968 760.14 82.7777 
-231.193 791.787 76.5046 
-228.096 818.643 58.4933 
-225.868 836.573 31.495 
-225.035 842.857 -0.36429 
-225.842 836.552 -32.2188 
-228.051 818.609 -59.2039 
-231.138 791.743 -77.2012 
-234.907 760.091 -83.4566 
-239.592 728.653 -77.0922 
-244.548 702.188 -59.0789 
-247.971 684.526 -32.1079 
-214.007 672.425 -0.294187 
-212.628 678.607 31.5542 
-208.688 696.191 58.5628 
-202.916 722.549 76.6328 
-196.611 753.797 82.9304 
-191.018 785.302 76.6908 
-186.462 812.065 58.67 
-183.316 829.906 31.5988 
-182.173 836.151 -0.344625 
-183.293 829.887 -32.2852 
-186.421 812.03 -59.3476 
-190.965 785.257 -77.3551 
-196.551 753.747 -83.5788 
-202.857 722.502 -77.2665 
-208.638 696.154 -59.1857 
-212.602 678.578 -32.1524 
-179.326 665.049 -0.279728 
-177.725 671.162 31.5857 
-173.143 688.563 58.621 
-166.347 714.674 76.6936 
-158.562 745.579 82.9946 
-151.249 776.747 76.7202 
-145.254 803.242 58.697 
-141.193 820.918 31.626 
-139.739 827.106 -0.326176 
-141.173 820.9 -32.2758 
-145.216 803.209 -59.3391 
-151.198 776.703 -77.3505 
-158.503 745.53 -83.6111 
-166.288 714.628 -77.2976 
-173.091 688.525 -59.2156 
-177.696 671.132 -32.1552 
-145.195 656.025 -0.264091 
-143.35 662.054 31.6067 
-138.057 679.224 58.6564 
-130.143 705.004 76.7328 
-120.911 735.49 83.0379 
-111.958 766.231 76.7407 
-104.554 792.368 58.7109 
-99.5831 809.816 31.6433 
-97.8182 815.928 -0.307794 
-99.5648 809.8 -32.2566 
-104.519 792.336 -59.3174 
-111.909 766.188 -77.3368 
-120.853 735.443 -83.622 
-130.084 704.958 -77.3061 
-138.003 679.184 -59.2215 
-143.319 662.021 -32.1454 
-111.667 645.335 -0.247676 
-109.561 651.266 31.6249 
-103.514 668.163 58.6829 
-94.4353 693.543 76.765 
-83.7618 723.54 83.0709 
-73.2329 753.778 76.762 
-64.4556 779.484 58.7255 
-58.5868 796.654 31.6596 
-56.5135 802.67 -0.289526 
-58.5702 796.638 -32.2367 
-64.4228 779.454 -59.2966 
-73.1859 753.736 -77.324 
-83.7063 723.494 -83.6223 
-94.3778 693.496 -77.3068 
-103.46 668.123 -59.2178 
-109.53 651.232 -32.1315 
-78.7958 632.995 -0.230893 
-76.4203 638.816 31.642 
-69.5981 655.399 58.7048 
-59.334 680.309 76.792 
-47.2228 709.746 83.0974 
-35.1669 739.406 76.7821 
-25.0572 764.616 58.7407 
-18.3073 781.46 31.6757 
-15.9293 787.364 -0.271504 
-18.2921 781.445 -32.2171 
-25.0265 764.587 -59.2768 
-35.1221 739.366 -77.3102 
-47.1695 709.7 -83.6161 
-59.2779 680.263 -77.3023 
-69.5443 655.358 -59.2092 
-76.3892 638.78 -32.116 
-46.6428 619.034 -0.214018 
-43.9937 624.731 31.6588 
-36.3883 640.957 58.7241 
-24.9361 665.333 76.8147 
-11.3981 694.133 83.1193 
2.14253 723.144 76.7995 
13.5435 747.795 58.7554 
21.1535 764.268 31.6916 
23.8308 770.044 -0.253803 
21.1676 764.255 -32.1978 
13.5722 747.767 -59.2572 
2.18489 723.105 -77.2941 
-11.3472 694.088 -83.6056 
-24.8819 665.287 -77.2935 
-36.3356 640.915 -59.198 
-43.9639 624.693 -32.1 
-15.2738 603.486 -0.19728 
-12.3509 609.043 31.675 
-3.96502 624.871 58.7414 
8.66614 648.646 76.8342 
23.6071 676.738 83.138 
38.5924 705.027 76.8149 
51.2469 729.057 58.7695 
59.6957 745.117 31.7071 
62.6651 750.749 -0.236449 
59.7087 745.104 -32.1788 
51.2739 729.031 -59.2374 
38.6323 704.989 -77.2765 
23.655 676.694 -83.5923 
8.71786 648.601 -77.282 
-3.91426 624.828 -59.1853 
-12.3232 609.004 -32.0838 
15.2425 586.387 -0.180997 
18.4366 591.79 31.6904 
27.5944 607.175 58.757 
41.3874 630.288 76.8509 
57.7046 657.597 83.1538 
74.0937 685.094 76.8289 
87.9595 708.444 58.7826 
97.2205 724.05 31.7219 
100.474 729.524 -0.219606 
97.2327 724.038 -32.1601 
87.9848 708.419 -59.2175 
74.131 685.058 -77.2582 
57.7491 657.555 -83.5769 
41.4359 630.243 -77.2685 
27.6428 607.132 -59.1716 
18.4617 591.749 -32.0678 
44.8358 567.777 -0.165408 
48.2964 573.012 31.7047 
58.212 587.914 58.7708 
73.1438 610.3 76.8646 
90.805 636.757 83.1666 
108.554 663.394 76.8405 
123.588 686.007 58.7939 
133.633 701.12 31.7356 
137.162 706.421 -0.203274 
133.645 701.108 -32.1413 
123.612 685.982 -59.1968 
108.588 663.358 -77.2381 
90.8451 636.716 -83.5588 
73.1884 610.257 -77.2526 
58.2577 587.871 -59.1573 
48.3186 572.969 -32.052 
73.434 547.7 -0.150316 
77.1545 552.753 31.7175 
87.8092 567.131 58.7816 
103.853 588.729 76.876 
122.822 614.267 83.1778 
141.882 639.981 76.8491 
158.043 661.802 58.8033 
168.844 676.385 31.7485 
172.638 681.5 -0.187021 
168.854 676.372 -32.1217 
158.064 661.775 -59.1741 
141.913 639.944 -77.2151 
122.856 614.227 -83.5373 
103.894 588.69 -77.2334 
87.8536 567.089 -59.1411 
77.1744 552.709 -32.0358 
100.966 526.201 -0.134233 
104.936 531.057 31.7319 
116.304 544.872 58.7936 
133.427 565.615 76.8909 
153.681 590.196 83.1995 
173.997 614.925 76.8636 
191.239 635.895 58.8159 
202.765 649.907 31.7622 
206.812 654.82 -0.170043 
202.772 649.89 -32.1006 
191.254 635.862 -59.149 
174.02 614.878 -77.1892 
153.7 590.148 -83.5165 
133.472 565.593 -77.2129 
116.354 544.838 -59.121 
104.957 531.017 -32.0179 
127.367 503.338 -0.119381 
131.579 507.985 31.7473 
143.629 521.203 58.8079 
161.772 541.044 76.9099 
183.289 564.629 83.2262 
204.815 588.29 76.8753 
223.09 608.345 58.8244 
235.303 621.741 31.7718 
239.591 626.437 -0.154175 
235.309 621.725 -32.0786 
223.104 608.312 -59.1265 
204.837 588.242 -77.1704 
183.32 564.568 -83.5129 
161.834 541.006 -77.2029 
143.679 521.166 -59.1085 
131.597 507.943 -32.0048 
152.576 479.169 -0.104958 
157.02 483.598 31.7605 
169.726 496.193 58.8139 
188.836 515.105 76.9035 
211.555 537.615 83.1988 
234.22 560.105 76.8166 
253.452 579.16 58.768 
266.302 591.885 31.7433 
270.812 596.345 -0.138629 
266.308 591.869 -32.0197 
253.468 579.128 -59.0427 
234.245 560.06 -77.0874 
211.585 537.567 -83.4615 
188.883 515.065 -77.1704 
169.77 496.149 -59.0908 
157.033 483.552 -31.9914 
176.531 453.758 -0.0872796 
181.195 457.957 31.7732 
194.529 469.898 58.815 
214.565 487.844 76.882 
238.389 509.137 83.1423 
262.175 530.367 76.7447 
282.336 548.371 58.707 
295.802 560.395 31.7157 
300.528 564.609 -0.120963 
295.806 560.377 -31.9557 
282.345 548.334 -58.9412 
262.191 530.313 -76.9708 
238.405 509.077 -83.3594 
214.626 487.821 -77.1111 
194.585 469.863 -59.0549 
181.213 457.916 -31.9677 
199.157 427.157 -0.0713607 
204.034 431.115 31.7854 
217.964 442.366 58.8207 
238.897 459.276 76.8735 
263.71 479.26 83.1131 
288.567 499.231 76.729 
309.635 516.169 58.7031 
323.709 527.484 31.7235 
328.649 531.45 -0.104938 
323.714 527.468 -31.9321 
309.646 516.135 -58.908 
288.587 499.18 -76.9285 
263.745 479.185 -83.3052 
238.969 459.224 -77.0755 
218.015 442.325 -59.0335 
204.046 431.073 -31.9495 
220.376 399.413 -0.0564503 
225.452 403.118 31.7999 
239.943 413.641 58.8324 
261.727 429.444 76.8761 
287.49 448.103 83.1072 
313.333 466.783 76.7349 
335.251 482.611 58.7135 
349.894 493.184 31.7367 
355.035 496.891 -0.0902499 
349.903 493.172 -31.9175 
335.27 482.585 -58.8952 
313.363 466.741 -76.916 
287.533 448.046 -83.2861 
261.774 429.385 -77.0577 
239.98 413.59 -59.0216 
225.454 403.07 -31.9366 
240.132 370.592 -0.0404198 
245.392 374.032 31.8161 
260.404 383.798 58.846 
282.969 398.46 76.8855 
309.647 415.777 83.1171 
336.409 433.112 76.7501 
359.116 447.785 58.73 
374.287 457.583 31.7523 
379.614 461.018 -0.0748338 
374.298 457.573 -31.9027 
359.137 447.762 -58.8816 
336.44 433.073 -76.9015 
309.687 415.727 -83.2694 
283.01 398.407 -77.04 
260.437 383.748 -59.0056 
245.391 373.985 -31.9214 
258.381 340.769 -0.025586 
263.812 343.936 31.8299 
279.304 352.927 58.8555 
302.587 366.422 76.8917 
330.111 382.359 83.1248 
357.725 398.302 76.7611 
381.163 411.779 58.7439 
396.824 420.773 31.7669 
402.323 423.927 -0.0600312 
396.835 420.764 -31.8879 
381.183 411.758 -58.8666 
357.755 398.267 -76.8847 
330.147 382.314 -83.2498 
302.623 366.373 -77.0191 
279.333 352.881 -58.9879 
263.806 343.893 -31.9062 
275.078 310.019 -0.0126042 
280.665 312.909 31.8413 
296.597 321.11 58.8615 
320.534 333.413 76.8934 
348.829 347.941 83.1283 
377.224 362.45 76.7684 
401.334 374.687 58.755 
417.445 382.85 31.7796 
423.101 385.712 -0.046775 
417.456 382.842 -31.8743 
401.354 374.669 -58.8522 
377.252 362.419 -76.8672 
348.862 347.9 -83.2292 
320.565 333.368 -76.9969 
296.621 321.067 -58.9701 
280.656 312.869 -31.8924 
290.181 278.416 -0.00141939 
295.91 281.025 31.851 
312.236 288.427 58.865 
336.76 299.523 76.8922 
365.758 312.619 83.1307 
394.859 325.655 76.7745 
419.58 336.609 58.7652 
436.098 343.912 31.791 
441.896 346.475 -0.0351577 
436.109 343.906 -31.8628 
419.599 336.594 -58.8402 
394.886 325.627 -76.852 
365.789 312.583 -83.211 
336.785 299.483 -76.975 
312.256 288.389 -58.9533 
295.896 280.989 -31.8805 
303.655 246.031 0.0083647 
309.509 248.36 31.8597 
326.185 254.963 58.8666 
351.224 264.85 76.8879 
380.853 276.499 83.1314 
410.588 288.016 76.7803 
435.854 297.644 58.7756 
452.735 304.062 31.8016 
458.658 306.317 -0.0249104 
452.745 304.057 -31.853 
435.872 297.631 -58.8303 
410.612 287.991 -76.8376 
380.879 276.469 -83.1917 
351.246 264.818 -76.9517 
326.202 254.931 -58.9366 
309.493 248.328 -31.8701 
315.471 212.936 0.0165626 
321.436 214.988 31.866 
338.419 220.802 58.8634 
363.906 229.495 76.8755 
394.073 239.682 83.1211 
424.367 249.633 76.78 
450.117 257.891 58.7832 
467.314 263.403 31.8103 
473.346 265.346 -0.0163454 
467.323 263.4 -31.8446 
450.132 257.88 -58.8206 
424.388 249.611 -76.8198 
394.095 239.655 -83.1637 
363.928 229.468 -76.9229 
338.435 220.777 -58.9177 
321.418 214.962 -31.8603 
325.601 179.195 0.023021 
331.664 180.978 31.8684 
348.913 186.028 58.8518 
374.783 193.548 76.8513 
405.392 202.268 83.0947 
436.171 210.606 76.7726 
462.334 217.453 58.7875 
479.799 222.042 31.8163 
485.924 223.669 -0.00978894 
479.808 222.042 -31.8377 
462.35 217.446 -58.8124 
436.191 210.586 -76.8002 
405.414 202.243 -83.1249 
374.805 193.526 -76.8863 
348.927 186.01 -58.894 
331.644 180.959 -31.85 
334.022 144.868 0.0280474 
340.172 146.397 31.862 
357.647 150.724 58.8212 
383.831 157.114 76.8084 
414.8 164.369 83.0503 
445.98 171.034 76.7613 
472.478 176.432 58.7882 
490.152 180.086 31.8171 
496.348 181.394 -0.00540586 
490.162 180.09 -31.8301 
472.495 176.428 -58.8051 
446.001 171.016 -76.7809 
414.822 164.347 -83.0722 
383.852 157.097 -76.8342 
357.661 150.715 -58.8534 
340.151 146.386 -31.8334 
340.795 110.024 0.0317222 
347.006 111.316 31.8191 
364.643 114.989 58.7216 
391.031 120.334 76.6861 
422.294 126.096 82.9547 
453.755 131.003 76.7249 
480.465 134.917 58.7546 
498.26 137.628 31.7906 
504.498 138.617 -0.00420127 
498.273 137.636 -31.8014 
480.486 134.917 -58.7689 
453.779 130.986 -76.7402 
422.318 126.078 -82.9705 
391.054 120.324 -76.7042 
364.66 114.991 -58.7444 
346.988 111.319 -31.782 
346.475 74.8349 0.0323202 
352.673 75.9122 31.5725 
370.277 79.0137 58.2524 
396.592 83.5115 76.0468 
427.806 87.5539 82.4126 
459.206 90.548 76.2235 
485.817 92.9478 58.3371 
503.581 94.7089 31.5514 
509.815 95.3767 -0.0170544 
503.593 94.7211 -31.5777 
485.849 92.952 -58.3398 
459.239 90.5333 -76.226 
427.838 87.5387 -82.4193 
396.622 83.5076 -76.058 
370.303 79.0298 -58.2645 
352.665 75.9322 -31.5301 
354.714 40.2045 0.0294945 
360.617 41.1422 30.1278 
377.389 43.8393 55.6172 
402.509 47.7022 72.6398 
432.236 51.5896 78.7151 
462.081 54.7246 72.677 
487.367 57.2104 55.5993 
504.305 58.9447 30.0656 
510.252 59.5629 -0.0317743 
504.303 58.9174 -30.1072 
487.399 57.1846 -55.5884 
462.115 54.7111 -72.6707 
432.271 51.5804 -78.7161 
402.541 47.7061 -72.6484 
377.412 43.8754 -55.6316 
360.604 41.1811 -30.0911 
363.982 6.26266 0.022083 
369.525 7.0666 28.1883 
385.267 9.40166 52.0391 
408.825 12.7607 67.9666 
436.65 16.3501 73.6031 
464.527 19.4695 67.9424 
488.102 21.9804 51.9332 
503.848 23.6794 28.0644 
509.368 24.253 -0.0213155 
503.844 23.6206 -28.0896 
488.123 21.93 -51.9207 
464.551 19.4569 -67.9384 
436.673 16.344 -73.603 
408.846 12.7676 -67.9714 
385.275 9.45316 -52.0519 
369.505 7.12452 -28.1627 
376.193 -23.2524 0 
381.107 -22.5618 24.9464 
395.105 -20.6074 46.0912 
416.087 -17.8 60.1681 
440.795 -14.5258 65.0461 
465.443 -11.271 60.018 
486.289 -8.52296 45.885 
500.191 -6.69204 24.8143 
505.068 -6.05022 0.000255892 
500.191 -6.69297 -24.8137 
486.288 -8.52386 -45.8846 
465.443 -11.2716 -60.0178 
440.795 -14.5263 -65.0459 
416.087 -17.8004 -60.168 
395.105 -20.6075 -46.0912 
381.107 -22.5618 -24.9464 
-349.226 700.986 1.12969
-348.388 706.074 26.8935
-320.77 696.839 29.0065
-321.721 691.327 1.15562
-348.196 707.206 29.6441
-345.781 721.661 51.4291
-317.904 713.628 55.301
-320.579 697.971 31.7572
-345.434 723.748 53.5279
-341.941 745.331 68.0171
-313.709 739.083 73.0848
-317.558 715.715 57.3998
-341.514 748.053 69.1515
-337.684 773.485 74.2169
-309.129 769.374 79.8024
-313.282 741.806 74.2192
-337.263 776.435 74.2195
-333.784 801.926 69.1441
-305.028 799.992 74.3159
-308.709 772.323 79.805
-333.427 804.66 68.0091
-330.667 826.354 53.4997
-301.729 826.207 57.4184
-304.671 802.727 73.1809
-330.403 828.45 51.3953
-328.575 842.971 29.5946
-299.481 843.996 31.7056
-301.465 828.303 55.314
-328.43 844.105 26.8416
-327.77 849.196 1.0859
-298.617 850.638 1.09369
-299.337 845.131 28.9527
-327.769 849.195 -1.89477
-328.402 844.084 -27.6476
-299.303 845.114 -29.7426
-298.615 850.637 -1.88698
-328.544 842.948 -30.3998
-330.36 828.415 -52.1943
-301.413 828.272 -56.0923
-299.445 843.978 -32.4948
-330.623 826.317 -54.2974
-333.375 804.615 -68.7961
-304.615 802.684 -73.9434
-301.676 826.174 -58.1954
-333.732 801.88 -69.9297
-337.206 776.384 -74.9904
-308.646 772.277 -80.5525
-304.972 799.949 -75.077
-337.626 773.435 -74.9862
-341.458 748.005 -69.9063
-313.219 741.763 -74.9504
-309.067 769.328 -80.5483
-341.884 745.284 -68.7703
-345.37 723.712 -54.2635
-317.512 715.689 -58.1107
-313.646 739.042 -73.8143
-345.717 721.627 -52.1627
-348.14 707.189 -30.3689
-320.56 697.958 -32.4387
-317.859 713.603 -56.0099
-348.335 706.058 -27.6163
-349.224 700.985 -1.85203
-321.719 691.327 -1.8261
-320.755 696.827 -29.686
-318.437 690.477 1.23208
-317.486 695.989 29.083
-285.561 690.03 29.7238
-286.566 684.435 1.24316
-314.604 712.832 55.5165
-282.508 707.123 56.7257
-285.353 691.216 32.6134
-317.279 697.175 31.9726
-310.381 738.389 73.4074
-278.038 733.115 75.0053
-282.134 709.311 58.9316
-314.23 715.02 57.7224
-305.774 768.813 80.1855
-273.327 764.119 81.9188
-277.584 735.971 76.2003
-309.927 741.245 74.6023
-301.658 799.582 74.7004
-269.279 795.485 76.24
-272.891 767.219 81.9228
-305.338 771.913 80.1895
-298.351 825.935 57.7418
-266.014 822.338 58.9078
-268.914 798.358 75.044
-301.293 802.455 73.5043
-296.094 843.829 31.9204
-263.735 840.58 32.5588
-265.741 824.539 56.6949
-298.077 828.136 55.5288
-295.222 850.527 1.16965
-262.846 847.401 1.18207
-263.583 841.771 29.667
-295.942 845.02 29.0286
-295.908 845.004 -29.8161
-263.554 841.751 -30.4272
-262.845 847.4 -1.94806
-295.22 850.526 -1.96048
-298.025 828.105 -56.3045
-265.692 824.507 -57.4391
-263.703 840.558 -33.3181
-296.057 843.811 -32.707
-301.237 802.413 -74.264
-268.858 798.315 -75.7743
-265.964 822.305 -59.6506
-298.298 825.903 -58.516
-305.276 771.867 -80.9339
-272.828 767.172 -82.6355
-269.222 795.442 -76.9687
-301.601 799.539 -75.4585
-309.863 741.203 -75.3304
-277.522 735.927 -76.8948
-273.264 764.072 -82.6299
-305.711 768.767 -80.9283
-314.185 714.994 -58.43
-282.088 709.279 -59.6107
-277.977 733.071 -75.6981
-310.318 738.347 -74.1337
-317.262 697.162 -32.6506
-285.335 691.195 -33.2682
-282.465 707.092 -57.4025
-314.561 712.807 -56.2218
-317.472 695.977 -29.7592
-318.436 690.477 -1.89927
-286.565 684.434 -1.8882
-285.545 690.01 -30.3767
-283.016 683.83 1.26578
-282.011 689.425 29.7464
-249.835 684.514 29.8904
-250.904 678.922 1.27857
-281.789 690.621 32.6772
-278.944 706.528 56.7895
-246.557 701.614 57.073
-249.613 685.71 32.8212
-278.542 708.737 59.0297
-274.445 732.54 75.1034
-241.706 727.651 75.5137
-246.155 703.823 59.3132
-273.974 735.427 76.3148
-269.716 763.575 82.0334
-237.018 758.835 82.4376
-241.234 730.537 76.7251
-269.286 766.717 82.037
-265.675 794.983 76.3542
-233.19 790.459 76.7954
-236.588 761.976 82.4412
-265.322 797.898 75.1414
-262.421 821.879 59.0053
-230.05 817.544 59.3725
-232.837 793.374 75.5826
-262.152 824.112 56.7605
-260.146 840.152 32.6244
-227.775 835.914 32.8292
-229.781 819.777 57.1277
-259.993 841.36 29.691
-259.256 846.99 1.20607
-226.872 842.777 1.22243
-227.622 837.121 29.8958
-259.255 846.989 -1.96884
-259.964 841.339 -30.448
-227.597 837.102 -30.6215
-226.871 842.776 -1.95248
-260.114 840.13 -33.3805
-262.103 824.08 -57.5014
-229.736 819.744 -57.8406
-227.747 835.893 -33.554
-262.372 821.846 -59.7448
-265.265 797.856 -75.8685
-232.782 793.33 -76.2815
-230.005 817.51 -60.084
-265.617 794.94 -77.0797
-269.223 766.67 -82.7464
-236.526 761.928 -83.1225
-233.135 790.414 -77.4927
-269.653 763.528 -82.741
-273.912 735.382 -77.006
-241.174 730.491 -77.3892
-236.957 758.786 -83.1171
-274.384 732.497 -75.793
-278.496 708.704 -59.7056
-246.106 703.787 -59.9642
-241.646 727.605 -76.1762
-278.9 706.496 -57.4635
-281.77 690.599 -33.3292
-249.591 685.684 -33.4482
-246.51 701.579 -57.7221
-281.994 689.405 -30.3967
-283.015 683.829 -1.90817
-250.903 678.921 -1.89538
-249.815 684.489 -30.5158
-247.355 678.353 1.28648
-246.287 683.945 29.8983
-214.459 678.595 29.9619
-215.701 673.031 1.2984
-246.039 685.14 32.8413
-242.982 701.044 57.0931
-210.665 695.615 57.2127
-214.211 679.789 32.9049
-242.53 703.251 59.3437
-238.081 727.078 75.5443
-205.018 721.544 75.7264
-210.213 697.821 59.4633
-237.537 729.976 76.7604
-233.321 758.274 82.4729
-198.8 752.565 82.6103
-204.474 724.442 76.9425
-232.811 761.421 82.4686
-229.414 789.904 76.8228
-193.257 784.067 76.9904
-198.29 755.712 82.606
-228.99 792.816 75.6042
-226.203 816.987 59.3941
-188.731 811.066 59.5531
-192.833 786.98 75.7718
-225.878 819.214 57.1422
-223.872 835.35 32.8436
-185.576 829.35 32.9371
-188.407 813.293 57.3012
-223.689 836.553 29.9018
-222.94 842.209 1.22848
-184.364 836.174 1.24617
-185.393 830.553 29.9953
-222.938 842.208 -1.95486
-223.665 836.534 -30.6239
-185.371 830.535 -30.6836
-184.363 836.173 -1.93716
-223.845 835.329 -33.565
-225.834 819.18 -57.8517
-188.367 813.26 -57.981
-185.552 829.331 -33.6248
-226.157 816.952 -60.1024
-228.935 792.772 -76.3
-192.779 786.935 -76.4384
-188.69 811.031 -60.2317
-229.359 789.859 -77.517
-232.75 761.372 -83.1468
-198.23 755.663 -83.2568
-193.203 784.022 -77.6555
-233.259 758.225 -83.1494
-237.477 729.93 -77.4215
-204.415 724.395 -77.5784
-198.739 752.515 -83.2594
-238.021 727.033 -76.204
-242.481 703.214 -59.992
-210.163 697.783 -60.0881
-204.959 721.497 -76.3609
-242.935 701.009 -57.7395
-246.016 685.113 -33.4656
-214.184 679.76 -33.5057
-210.617 695.578 -57.8356
-246.267 683.921 -30.521
-247.354 678.352 -1.90057
-215.699 673.03 -1.88865
-214.435 678.567 -30.5611
-212.198 672.364 1.30209
-210.957 677.928 29.9656
-179.544 671.228 29.994
-180.985 665.726 1.3151
-210.669 679.114 32.9134
-207.123 694.939 57.2212
-175.132 688.074 57.2735
-179.256 672.413 32.9418
-206.594 697.131 59.4761
-201.4 720.854 75.7391
-168.488 713.766 75.7939
-174.603 690.266 59.5285
-200.732 723.726 76.9542
-195.057 751.849 82.622
-160.813 744.453 82.6798
-167.82 716.639 77.0089
-194.382 754.972 82.6169
-189.348 783.326 77.0013
-153.556 775.627 77.0278
-160.138 747.575 82.6747
-188.763 786.219 75.7823
-184.662 810.305 59.5636
-147.575 802.365 59.5879
-152.971 778.519 75.8087
-184.22 812.517 57.3095
-181.389 828.574 32.9454
-143.478 820.485 32.9698
-147.133 804.577 57.3338
-181.145 829.768 29.9994
-180.116 835.389 1.25035
-141.925 827.248 1.26696
-143.234 821.679 30.0239
-180.115 835.388 -1.9376
-181.123 829.75 -30.6841
-143.215 821.662 -30.6756
-141.924 827.247 -1.92099
-181.365 828.555 -33.6295
-184.18 812.484 -57.9856
-147.096 804.544 -57.978
-143.457 820.466 -33.621
-184.621 810.27 -60.2387
-188.711 786.174 -76.4455
-152.92 778.476 -76.4413
-147.537 802.331 -60.2311
-189.295 783.281 -77.6632
-194.322 754.922 -83.2645
-160.079 747.527 -83.2936
-153.504 775.582 -77.659
-194.997 751.799 -83.2682
-200.672 723.679 -77.5871
-167.761 716.592 -77.6151
-160.754 744.404 -83.2973
-201.341 720.807 -76.3708
-206.544 697.093 -60.0981
-174.551 690.227 -60.125
-168.429 713.72 -76.3988
-207.074 694.902 -57.8414
-210.641 679.084 -33.5115
-179.226 672.382 -33.514
-175.081 688.036 -57.8684
-210.932 677.901 -30.562
-212.197 672.363 -1.88956
-180.984 665.725 -1.87654
-179.517 671.199 -30.5645
-177.533 664.902 1.31749
-176.092 670.404 29.9964
-145.155 662.206 30.0153
-146.816 656.781 1.33156
-175.758 671.576 32.9463
-171.634 687.237 57.278
-140.057 678.831 57.3099
-144.82 663.378 32.9652
-171.018 689.405 59.5341
-164.902 712.904 75.7995
-132.318 704.202 75.8348
-139.44 680.999 59.5659
-164.107 715.742 77.0141
-157.101 743.556 82.6849
-123.214 734.476 82.7239
-131.523 707.039 77.0494
-156.268 746.64 82.6788
-149.686 774.692 77.0318
-114.325 765.227 77.0503
-122.382 737.561 82.7177
-148.946 777.55 75.811
-143.551 801.395 59.5902
-106.92 791.608 59.6027
-113.585 768.085 75.8295
-142.992 803.582 57.3358
-139.337 819.49 32.9719
-101.888 809.499 32.9874
-106.362 793.795 57.3483
-139.032 820.671 30.0259
-137.723 826.24 1.26895
-99.9945 816.18 1.28549
-101.583 810.68 30.0415
-137.722 826.24 -1.91932
-139.013 820.654 -30.6739
-101.566 810.664 -30.6567
-99.9936 816.179 -1.90278
-139.316 819.472 -33.6195
-142.955 803.55 -57.9765
-106.327 793.764 -57.9569
-101.869 809.481 -33.6022
-143.512 801.362 -60.2299
-148.896 777.506 -76.4402
-113.536 768.043 -76.4279
-106.884 791.576 -60.2104
-149.635 774.647 -77.6598
-156.21 746.592 -83.2944
-122.325 737.513 -83.3041
-114.275 765.184 -77.6475
-157.042 743.507 -83.2993
-164.049 715.695 -77.6171
-131.465 706.993 -77.6247
-123.157 734.429 -83.3091
-164.843 712.858 -76.4015
-170.965 689.365 -60.1277
-139.387 680.959 -60.133
-132.259 704.155 -76.4091
-171.583 687.198 -57.8699
-175.728 671.545 -33.5155
-144.788 663.345 -33.5067
-140.004 678.792 -57.8752
-176.064 670.375 -30.5639
-177.531 664.901 -1.87592
-146.814 656.779 -1.86185
-145.125 662.175 -30.5551
-143.42 655.79 1.33358
-141.759 661.216 30.0173
-111.349 651.507 30.0337
-113.245 646.169 1.34835
-141.375 662.371 32.9683
-136.611 677.824 57.3129
-105.523 667.87 57.3368
-110.965 652.662 32.9846
-135.901 679.961 59.5697
-128.778 703.164 75.8385
-96.6418 692.848 75.8675
-104.813 670.007 59.5936
-127.854 705.96 77.0531
-119.546 733.397 82.7276
-86.1116 722.642 82.7574
-95.7178 695.644 77.0821
-118.561 736.435 82.7208
-110.504 764.101 77.0533
-75.6507 752.893 77.0725
-85.1266 725.68 82.7505
-109.614 766.917 75.8314
-102.949 790.44 59.6045
-66.8611 778.844 59.6176
-74.7607 755.709 75.8505
-102.276 792.594 57.3498
-97.8026 808.298 32.989
-60.9059 796.452 33.0036
-66.1878 780.999 57.3629
-97.4372 809.462 30.0432
-95.8487 814.962 1.28722
-58.6745 803.03 1.30366
-60.5405 797.616 30.0578
-95.8479 814.962 -1.90086
-97.4198 809.446 -30.6548
-60.5247 797.601 -30.6368
-58.6736 803.029 -1.88442
-97.7835 808.281 -33.6002
-102.242 792.563 -57.9549
-66.1557 780.969 -57.9361
-60.8884 796.435 -33.5822
-102.914 790.408 -60.2088
-109.565 766.875 -76.4263
-74.7142 755.668 -76.4147
-66.8274 778.814 -60.19
-110.454 764.058 -77.6472
-118.504 736.387 -83.3038
-85.0714 725.633 -83.3041
-75.6031 752.851 -77.6356
-119.488 733.349 -83.3096
-127.796 705.913 -77.6253
-95.6604 695.598 -77.626
-86.056 722.595 -83.3099
-128.72 703.118 -76.4098
-135.847 679.921 -60.1337
-104.759 669.966 -60.1303
-96.5845 692.802 -76.4105
-136.559 677.785 -57.8752
-141.343 662.338 -33.5067
-110.933 652.627 -33.4942
-105.471 667.83 -57.8718
-141.73 661.185 -30.5539
-143.418 655.789 -1.86068
-113.243 646.167 -1.8459
-111.319 651.474 -30.5414
-109.911 645.012 1.35023
-108.016 650.35 30.0355
-78.1892 639.145 30.051
-80.3271 633.906 1.36533
-107.58 651.485 32.9871
-102.138 666.693 57.3393
-71.6137 655.205 57.359
-77.7537 640.28 33.0025
-101.331 668.794 59.5966
-93.1595 691.635 75.8704
-61.5683 679.725 75.8947
-70.8059 657.306 59.6163
-92.1045 694.383 77.0851
-82.4983 721.381 82.7604
-49.6133 708.966 82.7842
-60.5133 682.473 77.1094
-81.3638 724.365 82.7531
-71.8879 751.578 77.0751
-37.6285 738.644 77.0932
-48.4788 711.95 82.7769
-70.8529 754.344 75.8524
-62.9533 777.48 59.6195
-27.4948 764.099 59.6332
-36.5935 741.41 75.8705
-62.1682 779.596 57.3645
-56.8864 795.049 33.0052
-20.6348 781.374 33.0197
-26.7097 766.215 57.3782
-56.4614 796.193 30.0595
-54.5954 801.607 1.30536
-18.0696 787.832 1.32158
-20.2098 782.518 30.0741
-54.5946 801.606 -1.8825
-56.4456 796.178 -30.6349
-20.1953 782.504 -30.6173
-18.0688 787.831 -1.86628
-56.869 795.033 -33.5802
-62.1363 779.567 -57.9342
-26.6797 766.187 -57.9164
-20.6187 781.359 -33.5626
-62.9199 777.449 -60.1885
-70.8067 754.303 -76.4131
-36.5493 741.37 -76.4007
-27.4633 764.069 -60.1707
-71.8405 751.537 -77.6349
-81.3089 724.319 -83.3034
-48.4257 711.904 -83.2978
-37.5832 738.604 -77.6225
-82.4428 721.334 -83.3097
-92.0472 694.337 -77.6258
-60.4573 682.427 -77.6217
-49.5597 708.92 -83.3042
-93.1022 691.589 -76.4103
-101.277 668.753 -60.1302
-70.7521 657.265 -60.1225
-61.5122 679.679 -76.4062
-102.086 666.653 -57.8712
-107.548 651.451 -33.4935
-77.7214 640.244 -33.4796
-71.561 655.164 -57.8634
-107.986 650.318 -30.54
-109.91 645.01 -1.84449
-80.3256 633.904 -1.82938
-78.1596 639.111 -30.526
-77.0623 632.585 1.36713
-74.9244 637.824 30.0528
-45.7404 625.148 30.0678
-48.1245 620.021 1.38232
-74.4361 638.937 33.0046
-68.296 653.862 57.3611
-38.4072 640.864 57.3784
-45.2521 626.261 33.0197
-67.3896 655.921 59.6187
-58.152 678.34 75.8972
-27.1939 664.861 75.9176
-37.5008 642.923 59.6361
-56.9659 681.032 77.1119
-46.0658 707.525 82.7867
-13.8235 693.474 82.8065
-26.0078 667.553 77.1323
-44.7845 710.448 82.7791
-33.9342 737.143 77.0953
-0.355718 722.506 77.111
-12.5422 696.397 82.7988
-32.7585 739.851 75.8723
-23.6598 762.54 59.635
11.0808 747.401 59.6483
0.819935 725.215 75.8879
-22.766 764.613 57.3798
-16.691 779.772 33.0213
18.8237 764.3 33.0356
11.9747 749.474 57.3931
-16.2076 780.893 30.0758
-14.0675 786.206 1.32327
21.7167 770.619 1.3392
19.3071 765.42 30.0901
-14.0667 786.206 -1.86441
-16.1932 780.879 -30.6154
19.3205 765.407 -30.5981
21.7174 770.618 -1.84848
-16.6751 779.757 -33.5607
-22.7361 764.585 -57.9144
12.0027 749.447 -57.8968
18.8386 764.286 -33.5433
-23.6286 762.511 -60.169
-32.7146 739.812 -76.3991
0.861724 725.177 -76.3846
11.1103 747.373 -60.1514
-33.8891 737.102 -77.6213
-44.7317 710.403 -83.2966
-12.4916 696.352 -83.2872
-0.312806 722.467 -77.6068
-46.0124 707.479 -83.3034
-56.91 680.986 -77.621
-25.9536 667.508 -77.6131
-13.7724 693.429 -83.294
-58.0961 678.294 -76.4056
-67.3359 655.879 -60.1218
-37.4481 642.881 -60.1118
-27.1396 664.815 -76.3978
-68.2435 653.821 -57.8624
-74.4038 638.9 -33.4785
-45.2211 626.222 -33.4641
-38.3556 640.823 -57.8523
-74.8948 637.79 -30.5245
-77.0608 632.584 -1.82786
-48.123 620.019 -1.81267
-45.712 625.112 -30.5101
-44.9347 618.539 1.38406
-42.5506 623.666 30.0696
-14.0721 609.547 30.0842
-16.7026 604.546 1.39913
-42.0093 624.753 33.0216
-35.1644 639.357 57.3803
-5.98345 624.879 57.396
-13.5308 610.634 33.0362
-34.1593 641.368 59.6382
-23.8524 663.306 75.9197
6.38962 648.288 75.9372
-4.97843 626.89 59.6538
-22.5362 665.936 77.1344
-10.3519 691.857 82.8086
21.1527 676.201 82.8254
7.70584 650.919 77.1519
-8.92672 694.711 82.8007
3.25979 720.821 77.1128
36.0647 704.516 77.1267
22.5779 679.056 82.8175
4.57208 723.466 75.8895
14.8329 745.652 59.6499
48.766 728.788 59.6625
37.377 707.161 75.9033
15.8326 747.676 57.3946
22.6817 762.502 33.0371
57.3696 745.266 33.051
49.7657 730.812 57.4072
23.2221 763.597 30.0917
25.6317 768.795 1.34086
60.5825 751.429 1.35648
57.91 746.36 30.1056
25.6323 768.794 -1.84665
23.2354 763.583 -30.5963
57.9224 746.348 -30.5792
60.5832 751.428 -1.83103
22.6964 762.488 -33.5414
15.8605 747.65 -57.8948
49.792 730.787 -57.877
57.3834 745.253 -33.5243
14.8622 745.624 -60.1496
4.61366 723.428 -76.3828
37.4163 707.124 -76.3669
48.7937 728.762 -60.1318
3.30245 720.782 -77.6054
-8.87639 694.667 -83.2858
22.6256 679.013 -83.2738
36.1051 704.478 -77.5895
-10.301 691.812 -83.2929
-22.4822 665.891 -77.612
7.75751 650.873 -77.6016
21.201 676.157 -83.2809
-23.7983 663.26 -76.3968
-34.1068 641.326 -60.1108
-4.92751 626.848 -60.0994
6.4414 648.243 -76.3864
-35.1129 639.315 -57.8511
-41.9784 624.715 -33.4629
-13.5017 610.594 -33.4483
-5.93369 624.837 -57.8396
-42.5223 623.63 -30.5085
-44.9333 618.537 -1.8111
-16.7012 604.544 -1.79604
-14.0456 609.509 -30.4939
-13.5947 602.906 1.4008
-10.9641 607.907 30.0859
16.7446 592.379 30.0997
13.87 587.516 1.41546
-10.3701 608.966 33.0379
-2.82283 623.211 57.3977
25.5807 607.285 57.4117
17.3386 593.438 33.0518
-1.72013 625.169 59.6556
9.64792 646.567 75.9391
39.097 630.045 75.9541
26.6834 609.244 59.6696
11.0923 649.129 77.1537
24.5392 674.411 82.8272
55.227 657.185 82.8414
40.5415 632.606 77.1688
26.105 677.191 82.8191
39.5918 702.651 77.1283
71.5429 684.712 77.1409
56.7928 659.965 82.8333
41.0367 705.226 75.9048
52.4258 726.853 59.664
85.4671 708.302 59.6757
72.9878 687.287 75.9174
53.528 728.823 57.4087
61.1319 743.277 33.0525
94.9042 724.317 33.0658
86.5694 710.272 57.4205
61.7278 744.342 30.1073
64.4003 749.411 1.35809
98.4284 730.308 1.37325
95.5001 725.382 30.1206
64.401 749.41 -1.82924
61.7402 744.33 -30.5774
95.5117 725.37 -30.5605
98.429 730.307 -1.81408
61.1456 743.263 -33.5224
53.5542 728.797 -57.8751
86.5941 710.247 -57.8572
94.9171 724.304 -33.5055
52.4532 726.826 -60.1299
41.0758 705.189 -76.3651
73.0246 687.251 -76.3486
85.4931 708.276 -60.112
39.632 702.613 -77.5879
26.1524 677.148 -83.2722
56.8371 659.922 -83.2583
71.5807 684.675 -77.5714
24.5872 674.368 -83.2796
11.1437 649.084 -77.6003
40.59 632.562 -77.5881
55.2718 657.142 -83.2658
9.69944 646.522 -76.3852
-1.66946 625.127 -60.0982
26.7319 609.201 -60.0859
39.1457 630 -76.373
-2.77329 623.168 -57.8383
-10.3413 608.926 -33.447
17.3651 593.397 -33.4325
25.6281 607.242 -57.826
-10.9378 607.869 -30.4924
-13.5934 602.904 -1.79446
13.8713 587.514 -1.7798
16.7686 592.34 -30.4779
16.8889 585.723 1.41704
19.7636 590.586 30.1013
46.6374 573.686 30.1142
43.5228 568.974 1.43107
20.4095 591.613 33.0534
28.6516 605.46 57.4133
56.2074 588.124 57.4257
47.2833 574.713 33.0663
29.8504 607.361 59.6712
42.264 628.162 75.9557
70.8448 610.173 75.9681
57.4062 590.025 59.6836
43.8342 630.648 77.1703
58.5197 655.226 82.8429
88.3101 636.47 82.8543
72.415 612.659 77.1826
60.2225 657.924 82.8347
74.9727 682.671 77.1422
105.987 663.141 77.1527
90.0129 639.167 82.8461
76.5459 685.169 75.9187
89.0252 706.184 59.677
121.091 685.991 59.6873
107.56 665.639 75.9291
90.2266 708.095 57.4218
98.5614 722.141 33.0672
131.333 701.504 33.0795
122.292 687.902 57.4321
99.211 723.174 30.1221
102.139 728.1 1.3748
135.159 707.308 1.38949
131.983 702.537 30.1345
102.14 728.099 -1.81232
99.2226 723.162 -30.5588
131.993 702.525 -30.5418
135.159 707.307 -1.79762
98.5742 722.127 -33.5036
90.2511 708.071 -57.8553
122.315 687.877 -57.8367
131.345 701.49 -33.4867
89.051 706.158 -60.1101
76.5825 685.133 -76.3467
107.594 665.603 -76.3286
121.115 685.965 -60.0915
75.0101 682.634 -77.5696
60.2665 657.882 -83.2565
90.0529 639.126 -83.2402
106.022 663.104 -77.5516
58.5642 655.184 -83.2642
43.8823 630.603 -77.5866
72.4595 612.616 -77.5723
88.3506 636.428 -83.2478
42.3124 628.118 -76.3717
29.8986 607.318 -60.0845
57.452 589.982 -60.0716
70.8896 610.13 -76.3574
28.6987 605.417 -57.8246
20.4357 591.572 -33.4311
47.3069 574.67 -33.417
56.2521 588.082 -57.8117
19.7874 590.546 -30.4763
16.8901 585.721 -1.77825
43.524 568.972 -1.76422
46.6586 573.645 -30.4622
46.4456 567.031 1.43254
49.5601 571.743 30.1157
75.5325 553.509 30.1272
72.184 548.962 1.44612
50.2569 572.736 33.0676
59.181 586.147 57.427
85.8185 567.443 57.4368
76.2293 554.503 33.0791
60.4738 587.985 59.6849
73.9125 608.133 75.9694
101.551 588.719 75.9797
87.1114 569.281 59.6947
75.6054 610.536 77.1838
91.5005 634.347 82.8556
120.316 614.106 82.8657
103.244 591.122 77.1941
93.3363 636.955 82.8473
109.31 660.929 77.1538
139.306 639.858 77.1615
122.152 616.715 82.8574
111.007 663.345 75.9302
124.538 683.696 59.6883
155.547 661.912 59.6968
141.003 642.273 75.938
125.835 685.544 57.4333
134.876 699.146 33.0808
166.565 676.884 33.0924
156.844 663.76 57.4417
135.577 700.144 30.136
138.753 704.915 1.39098
170.681 682.486 1.40561
167.267 677.883 30.1476
138.754 704.915 -1.79586
135.588 700.133 -30.5401
167.276 677.87 -30.5225
170.682 682.485 -1.78123
134.888 699.133 -33.4847
125.858 685.519 -57.8347
156.865 663.733 -57.8142
166.576 676.87 -33.4671
124.562 683.671 -60.0893
111.041 663.309 -76.3265
141.034 642.236 -76.3058
155.569 661.885 -60.0689
109.345 660.893 -77.5495
93.3758 636.915 -83.2381
122.186 616.675 -83.2188
139.337 639.82 -77.5288
91.5405 634.306 -83.246
75.6495 610.493 -77.5704
103.284 591.083 -77.5532
120.35 614.067 -83.2267
73.957 608.09 -76.3558
60.5194 587.942 -60.07
87.1556 569.238 -60.0554
101.592 588.68 -76.3386
59.2255 586.104 -57.8102
50.2802 572.693 -33.4155
76.2505 554.459 -33.4009
85.8618 567.401 -57.7956
49.5812 571.702 -30.4606
46.4467 567.029 -1.76268
72.1851 548.96 -1.7491
75.5515 553.468 -30.4461
75.0033 546.874 1.44759
78.3518 551.421 30.1287
103.355 531.895 30.1416
99.7819 527.525 1.46207
79.0978 552.378 33.0804
88.687 565.318 57.4381
114.332 545.285 57.4489
104.101 532.851 33.0933
90.0713 567.087 59.696
104.511 586.526 75.981
131.127 565.723 75.9944
115.717 547.054 59.7068
106.324 588.84 77.1956
123.396 611.824 82.8672
151.169 590.161 82.8867
132.94 568.037 77.209
125.36 614.339 82.8588
142.514 637.481 77.1629
171.417 614.93 77.176
153.133 592.675 82.8783
144.331 639.808 75.9391
158.875 659.447 59.6979
188.752 636.131 59.7092
173.234 617.257 75.9521
160.264 661.226 57.443
169.985 674.351 33.0936
200.514 650.52 33.1059
190.141 637.91 57.4542
170.736 675.312 30.1491
174.151 679.916 1.40711
204.908 655.904 1.42239
201.265 651.482 30.1614
174.151 679.915 -1.77939
170.746 675.299 -30.5206
201.272 651.466 -30.5016
204.908 655.903 -1.76411
169.996 674.336 -33.4649
160.284 661.2 -57.812
190.156 637.878 -57.7894
200.522 650.503 -33.4458
158.896 659.419 -60.0665
144.361 639.771 -76.3034
173.257 617.212 -76.2801
188.768 636.097 -60.0439
142.545 637.443 -77.5266
125.394 614.298 -83.2166
153.154 592.627 -83.1978
171.441 614.884 -77.5032
123.43 611.785 -83.2247
106.364 588.802 -77.5512
132.984 568.014 -77.5327
151.19 590.114 -83.2059
104.552 586.487 -76.3367
90.1158 567.046 -60.0536
115.766 547.02 -60.0355
131.173 565.699 -76.3182
88.7304 565.276 -57.7939
79.1192 552.334 -33.3992
104.124 532.811 -33.383
114.381 545.25 -57.7758
78.3707 551.379 -30.4445
75.0043 546.871 -1.74748
99.7829 527.523 -1.733
103.375 531.857 -30.4283
102.491 525.296 1.46359
106.064 529.666 30.1431
130.042 508.901 30.1569
126.252 504.719 1.47695
106.858 530.584 33.0947
117.089 543.017 57.4503
141.681 521.715 57.4631
130.836 509.819 33.1086
118.56 544.713 59.7082
133.971 563.382 75.9958
159.482 541.268 76.0128
143.153 523.411 59.7211
135.901 565.604 77.2111
154.13 587.727 82.8888
180.777 564.716 82.9128
161.412 543.489 77.2281
156.219 590.141 82.8801
174.503 612.397 77.1778
202.24 588.426 77.1883
182.866 567.131 82.9041
176.434 614.628 75.9533
191.952 633.502 59.7104
220.617 608.707 59.718
204.171 590.657 75.9638
193.428 635.207 57.4554
203.802 647.818 33.107
233.086 622.469 33.1157
222.094 610.412 57.463
204.6 648.739 30.1628
208.243 653.161 1.42379
237.744 627.617 1.43807
233.885 623.39 30.1714
208.244 653.16 -1.76221
204.607 648.724 -30.4997
233.891 623.375 -30.4799
237.744 627.616 -1.74792
203.809 647.8 -33.4436
193.443 635.175 -57.7872
222.108 610.38 -57.7669
233.093 622.451 -33.4238
191.967 633.468 -60.0416
176.456 614.582 -76.2778
204.192 590.61 -76.2608
220.632 608.673 -60.0213
174.526 612.35 -77.5015
156.239 590.093 -83.1961
182.897 567.071 -83.1929
202.262 588.378 -77.4846
154.151 587.679 -83.2046
135.946 565.579 -77.5313
161.471 543.452 -77.5223
180.809 564.657 -83.2013
134.017 563.359 -76.3167
118.611 544.679 -60.034
143.203 523.375 -60.0228
159.542 541.231 -76.3078
117.137 542.983 -57.7742
106.88 530.544 -33.3814
130.856 509.778 -33.3696
141.73 521.678 -57.763
106.084 529.628 -30.4267
102.492 525.294 -1.73146
126.253 504.717 -1.71809
130.06 508.862 -30.415
128.845 502.357 1.4784
132.635 506.539 30.1584
155.532 484.591 30.1703
151.532 480.605 1.49138
133.474 507.415 33.1097
144.319 519.311 57.4643
167.806 496.802 57.4697
156.371 485.467 33.1217
145.874 520.93 59.7217
162.203 538.787 76.0135
186.561 515.442 76.0078
169.361 498.421 59.7271
164.244 540.912 77.2284
183.609 562.138 82.9131
209.049 537.826 82.8885
188.602 517.567 77.2227
185.819 564.446 82.9029
205.193 585.741 77.1871
231.657 560.374 77.1343
211.258 540.133 82.8783
207.232 587.868 75.9614
223.678 605.918 59.7156
251.005 579.651 59.6649
233.695 562.502 75.9086
225.238 607.544 57.4613
236.23 619.6 33.114
264.128 592.729 33.0883
252.564 581.277 57.4106
237.073 620.478 30.1718
240.932 624.705 1.43839
269.031 597.622 1.45238
264.972 593.608 30.1461
240.932 624.704 -1.74512
237.079 620.462 -30.4771
264.978 593.592 -30.4241
269.031 597.621 -1.73113
236.236 619.582 -33.4191
225.251 607.511 -57.7622
252.579 581.246 -57.6868
264.135 592.712 -33.3661
223.693 605.884 -60.0161
207.253 587.821 -76.2556
233.72 562.457 -76.1809
251.021 579.619 -59.9407
205.215 585.693 -77.4805
185.85 564.386 -83.1888
211.289 540.084 -83.1425
231.682 560.328 -77.4059
183.642 562.079 -83.1989
164.304 540.873 -77.5199
188.648 517.526 -77.4906
209.081 537.778 -83.1526
162.263 538.75 -76.3056
145.924 520.894 -60.0207
169.406 498.378 -60.0047
186.607 515.403 -76.2764
144.367 519.274 -57.7616
133.493 507.374 -33.3682
156.386 485.422 -33.3561
167.85 496.758 -57.7456
132.652 506.5 -30.4136
128.845 502.354 -1.7167
151.533 480.602 -1.70372
155.544 484.548 -30.4015
154.002 478.114 1.49284
158.001 482.101 30.1718
179.759 459.024 30.1832
175.561 455.245 1.50875
158.884 482.934 33.1225
170.319 494.269 57.4705
192.642 470.604 57.4715
180.642 459.856 33.134
171.954 495.808 59.7266
189.154 512.829 76.0073
212.31 488.295 75.9879
194.277 472.144 59.7276
191.299 514.85 77.22
211.746 535.11 82.8857
235.897 509.479 82.8349
214.456 490.316 77.2006
214.071 537.298 82.8728
234.469 557.538 77.1288
259.629 530.774 77.064
238.222 511.667 82.8219
236.611 559.554 75.9023
253.921 576.704 59.6586
279.916 548.993 59.6036
261.771 532.79 75.8376
255.558 578.244 57.4062
267.122 589.696 33.0839
293.673 561.355 33.0591
281.553 550.533 57.3513
268.007 590.528 30.1455
272.067 594.542 1.45178
298.812 565.98 1.46768
294.558 562.187 30.1207
272.067 594.541 -1.7272
268.014 590.513 -30.4202
294.562 562.171 -30.3626
298.812 565.979 -1.7113
267.129 589.679 -33.3584
255.573 578.213 -57.6791
281.562 550.498 -57.5877
293.677 561.337 -33.3007
253.936 576.671 -59.931
236.635 559.509 -76.1712
261.787 532.737 -76.0663
279.926 548.956 -59.8396
234.494 557.492 -77.397
214.101 537.248 -83.1336
238.238 511.608 -83.0417
259.646 530.72 -77.292
211.777 535.062 -83.1465
191.345 514.81 -77.4846
214.514 490.29 -77.4312
235.914 509.421 -83.0546
189.2 512.79 -76.2728
172 495.765 -60.0011
194.332 472.108 -59.9688
212.37 488.27 -76.2194
170.363 494.225 -57.7434
158.899 482.888 -33.3539
180.661 459.816 -33.3326
192.696 470.568 -57.7111
158.014 482.058 -30.3998
154.003 478.112 -1.702
175.562 455.242 -1.68609
179.776 458.985 -30.3785
177.901 452.632 1.51023
182.099 456.411 30.1847
202.654 432.254 30.1956
198.265 428.691 1.52456
183.023 457.198 33.1348
195.024 467.946 57.4724
216.115 443.167 57.4776
203.578 433.041 33.1457
196.735 469.402 59.7272
214.768 485.553 75.9875
236.666 459.842 75.9799
217.827 444.623 59.7324
217.011 487.461 77.1977
238.453 506.624 82.832
261.241 479.735 82.8057
238.909 461.75 77.19
240.885 508.685 82.8177
262.293 527.792 77.0598
286.045 499.769 77.0456
263.674 481.796 82.7914
264.535 529.692 75.8338
282.68 545.896 59.5998
307.249 516.914 59.5964
288.288 501.67 75.8196
284.394 547.348 57.3491
296.513 558.17 33.057
321.63 528.55 33.064
308.963 518.366 57.3457
297.44 558.955 30.121
301.693 562.747 1.46803
327.002 532.904 1.48245
322.556 529.334 30.128
301.693 562.746 -1.70826
297.443 558.938 -30.3595
322.561 529.319 -30.3383
327.002 532.903 -1.69384
296.517 558.151 -33.2952
284.402 547.312 -57.5821
308.974 518.333 -57.5522
321.635 528.533 -33.2739
282.689 545.858 -59.8323
264.551 529.639 -76.0589
288.307 501.619 -76.0208
307.261 516.879 -59.8024
262.309 527.737 -77.2843
240.901 508.624 -83.034
263.707 481.722 -82.9852
286.065 499.717 -77.2462
238.471 506.564 -83.0483
217.071 487.434 -77.4249
238.979 461.697 -77.3928
261.277 479.662 -82.9995
214.829 485.528 -76.216
196.792 469.366 -59.9654
217.879 444.582 -59.9461
236.738 459.792 -76.1839
195.077 467.91 -57.7087
183.042 457.158 -33.3302
203.592 432.999 -33.3138
216.165 443.126 -57.6894
182.116 456.373 -30.3766
177.902 452.63 -1.68421
198.266 428.689 -1.66988
202.665 432.213 -30.3602
200.467 425.962 1.52601
204.856 429.524 30.1971
224.133 404.326 30.2101
219.565 400.992 1.53943
205.82 430.263 33.1469
218.357 440.389 57.4787
238.138 414.537 57.4892
225.097 405.066 33.1599
220.142 441.756 59.7328
238.981 456.975 75.9803
259.529 430.126 75.9826
239.923 415.903 59.7433
241.317 458.762 77.189
263.649 476.748 82.8046
285.051 448.707 82.7993
261.864 431.913 77.1913
266.181 478.68 82.7903
288.552 496.653 77.0446
310.841 467.45 77.05
287.583 450.638 82.785
290.89 498.435 75.8196
309.852 513.679 59.5963
332.905 483.477 59.6057
313.179 469.232 75.8249
311.638 515.041 57.3463
324.305 525.225 33.0646
347.871 494.355 33.0765
334.692 484.839 57.3557
325.271 525.961 30.1293
329.717 529.531 1.48373
353.464 498.427 1.49695
348.837 495.091 30.1412
329.718 529.53 -1.69211
325.276 525.946 -30.3366
348.846 495.08 -30.3235
353.465 498.427 -1.67889
324.311 525.209 -33.2718
311.65 515.009 -57.5501
334.711 484.814 -57.5386
347.881 494.342 -33.2587
309.864 513.646 -59.7999
290.91 498.385 -76.0183
313.209 469.191 -76.007
332.925 483.451 -59.7884
288.573 496.601 -77.243
266.215 478.607 -82.982
287.625 450.581 -82.9648
310.872 467.407 -77.2317
263.685 476.674 -82.9964
241.387 458.709 -77.3897
261.912 431.854 -77.3736
285.095 448.649 -82.9792
239.052 456.923 -76.1817
220.193 441.714 -59.9439
239.961 415.852 -59.9332
259.576 430.068 -76.1657
218.406 440.347 -57.6878
205.833 430.22 -33.3122
225.101 405.018 -33.3006
238.174 414.486 -57.6771
204.868 429.484 -30.3587
200.468 425.959 -1.66835
219.565 400.99 -1.65493
224.135 404.282 -30.3471
221.623 398.151 1.54097
226.192 401.485 30.2117
244.138 375.308 30.2263
239.404 372.212 1.5554
227.192 402.174 33.1613
240.233 411.645 57.4906
258.648 384.787 57.5029
245.138 375.997 33.176
242.086 412.918 59.7442
261.692 427.141 75.9835
280.81 399.256 75.9919
260.5 386.06 59.7564
264.115 428.805 77.1917
287.302 445.598 82.7997
307.243 416.505 82.8086
283.233 400.919 77.2001
289.928 447.398 82.7856
313.186 464.209 77.0506
333.955 433.905 77.0643
309.869 418.304 82.7946
315.613 465.869 75.8261
335.339 480.114 59.6069
356.817 448.771 59.6217
336.381 435.565 75.8398
337.194 481.382 57.357
350.373 490.898 33.0779
372.327 458.857 33.092
358.672 450.039 57.3719
351.376 491.583 30.1426
356.003 494.919 1.49842
378.124 462.634 1.51229
373.33 459.542 30.1568
356.003 494.918 -1.6774
351.385 491.571 -30.322
373.34 459.532 -30.3086
378.125 462.633 -1.66352
350.383 490.885 -33.2573
337.213 481.357 -57.5372
358.693 450.016 -57.525
372.338 458.846 -33.244
335.359 480.088 -59.787
315.643 465.828 -76.0057
336.412 435.527 -75.9927
356.839 448.747 -59.7748
313.217 464.167 -77.2301
289.97 447.342 -82.9632
309.908 418.254 -82.9482
333.987 433.866 -77.2171
287.345 445.541 -82.9774
264.162 428.746 -77.3718
283.274 400.866 -77.3559
307.283 416.454 -82.9624
261.738 427.083 -76.164
242.123 412.867 -59.9316
260.534 386.009 -59.9171
280.85 399.202 -76.1481
240.268 411.594 -57.6757
227.195 402.127 -33.2992
245.138 375.95 -33.2855
258.68 384.737 -57.6613
226.193 401.44 -30.3456
221.623 398.148 -1.65345
239.404 372.209 -1.63902
244.136 375.264 -30.3319
241.313 369.266 1.55691
246.047 372.362 30.2278
262.624 345.276 30.2402
257.736 342.426 1.57026
247.081 372.999 33.1773
260.591 381.789 57.5042
277.602 354.005 57.5127
263.658 345.913 33.1897
262.506 382.966 59.7573
282.815 396.162 75.9928
300.472 367.327 75.9984
279.517 355.182 59.7658
285.321 397.699 77.2009
309.331 413.285 82.8094
327.748 383.208 82.8164
302.977 368.864 77.2066
312.045 414.948 82.7956
336.131 430.549 77.0654
355.315 399.22 77.0753
330.462 384.872 82.8026
338.639 432.082 75.8412
359.075 445.288 59.6231
378.918 412.882 59.6356
357.823 400.753 75.8511
360.994 446.457 57.3734
374.648 455.276 33.0935
394.931 422.147 33.1066
380.836 414.052 57.3859
375.685 455.907 30.1583
380.48 458.999 1.5138
400.917 425.617 1.52712
395.968 422.779 30.1714
380.48 458.999 -1.66202
375.695 455.898 -30.3071
395.979 422.77 -30.2938
400.918 425.617 -1.64869
374.659 455.265 -33.2425
361.014 446.435 -57.5235
380.856 414.031 -57.51
394.942 422.137 -33.2291
359.097 445.264 -59.7733
338.67 432.044 -75.9912
357.853 400.719 -75.9761
378.939 412.86 -59.7598
336.162 430.51 -77.2154
312.084 414.898 -82.9465
330.498 384.826 -82.9289
355.345 399.184 -77.2003
309.37 413.234 -82.9605
285.361 397.646 -77.354
303.013 368.815 -77.3352
327.784 383.162 -82.9429
282.855 396.108 -76.1462
262.539 382.916 -59.9153
279.546 355.135 -59.8993
300.507 367.278 -76.1274
260.622 381.739 -57.6596
247.081 372.953 -33.2838
263.655 345.87 -33.2702
277.629 353.959 -57.6437
246.045 372.318 -30.3303
241.313 369.264 -1.63746
257.736 342.424 -1.62411
262.619 345.235 -30.3167
259.492 339.383 1.57155
264.379 342.234 30.2415
279.548 314.31 30.2517
274.519 311.709 1.58323
265.445 342.818 33.1906
279.388 350.909 57.5136
294.952 322.274 57.519
280.613 314.893 33.2008
281.361 351.988 59.7663
302.316 364.133 75.9989
318.467 334.425 76.0004
296.924 323.352 59.7717
304.896 365.541 77.207
329.667 379.885 82.8168
346.514 348.909 82.82
321.048 335.834 77.2085
332.463 381.408 82.8033
357.315 395.757 77.076
374.865 363.49 77.0825
349.309 350.432 82.8065
359.9 397.159 75.8521
380.994 409.287 59.6366
399.148 375.905 59.6466
377.449 364.892 75.8587
382.971 410.356 57.3871
397.066 418.451 33.1079
415.625 384.32 33.1193
401.125 376.973 57.3971
398.134 419.028 30.1727
403.083 421.866 1.52849
421.784 387.473 1.54042
416.694 384.897 30.1841
403.084 421.866 -1.64727
398.145 419.019 -30.2924
416.704 384.889 -30.2801
421.785 387.473 -1.63534
397.077 418.441 -33.2277
382.991 410.336 -57.5085
401.145 376.956 -57.4955
415.636 384.311 -33.2154
381.015 409.266 -59.7582
359.929 397.124 -75.9744
377.477 364.861 -75.9586
399.169 375.886 -59.7451
357.345 395.722 -77.1984
332.498 381.363 -82.927
349.342 350.391 -82.9085
374.893 363.458 -77.1827
329.703 379.84 -82.9408
304.932 365.493 -77.3331
321.079 335.789 -77.3131
346.547 348.867 -82.9222
302.351 364.084 -76.1254
281.39 351.941 -59.8973
296.949 323.309 -59.8813
318.498 334.38 -76.1054
279.416 350.863 -57.642
265.441 342.775 -33.2685
280.606 314.853 -33.256
294.975 322.231 -57.626
264.374 342.193 -30.3152
259.491 339.381 -1.62264
274.519 311.707 -1.61096
279.539 314.272 -30.3028
276.116 308.577 1.58431
281.145 311.178 30.2528
294.865 282.482 30.2616
289.709 280.134 1.59438
282.239 311.708 33.2014
296.577 319.088 57.5196
310.653 289.674 57.5228
295.959 283.012 33.2102
298.602 320.066 59.7719
320.145 331.139 76.0006
334.748 300.638 75.9995
312.677 290.652 59.775
322.793 332.417 77.2087
348.259 345.492 82.8201
363.495 313.702 82.8223
337.397 301.916 77.2076
351.129 346.871 82.807
376.685 359.93 77.083
392.556 326.814 77.0885
366.365 315.081 82.8091
379.338 361.196 75.8595
401.037 372.209 59.6474
417.458 337.939 59.6566
395.21 328.08 75.865
403.067 373.172 57.3982
417.567 380.519 33.1203
434.355 345.475 33.1306
419.488 338.902 57.4074
418.665 381.039 30.1853
423.755 383.615 1.54163
440.67 348.301 1.55209
435.452 345.995 30.1956
423.756 383.615 -1.63408
418.675 381.032 -30.2789
435.463 345.989 -30.2685
440.671 348.301 -1.62362
417.579 380.511 -33.2141
403.087 373.155 -57.4941
419.508 338.887 -57.4834
434.366 345.468 -33.2037
401.058 372.19 -59.7436
379.366 361.165 -75.9571
395.237 328.053 -75.9434
417.479 337.922 -59.7328
376.713 359.898 -77.1809
351.162 346.831 -82.9067
366.396 315.046 -82.8903
392.584 326.786 -77.1672
348.292 345.451 -82.9201
322.824 332.372 -77.311
337.423 301.876 -77.2913
363.526 313.666 -82.9037
320.176 331.095 -76.1033
298.627 320.024 -59.8792
312.698 290.614 -59.864
334.774 300.598 -76.0836
296.6 319.046 -57.6243
282.231 311.668 -33.2544
295.948 282.976 -33.2437
310.671 289.636 -57.6092
281.136 311.14 -30.3014
276.116 308.575 -1.60965
289.709 280.132 -1.59959
294.853 282.448 -30.2908
291.145 276.92 1.59528
296.301 279.269 30.2625
308.54 249.87 30.2703
303.272 247.774 1.60408
297.42 279.744 33.2106
312.114 286.406 57.5232
324.668 256.288 57.5246
309.66 250.345 33.2184
314.184 287.283 59.7748
336.255 297.27 75.9993
349.274 266.064 75.9954
326.739 257.166 59.7763
338.965 298.415 77.2075
365.063 310.201 82.8222
378.649 277.693 82.8228
351.983 267.209 77.2036
368 311.434 82.8095
394.192 323.166 77.0889
408.347 289.292 77.0941
381.586 278.926 82.8101
396.908 324.293 75.8657
419.156 334.151 59.6574
433.803 299.083 59.6667
411.063 290.418 75.8709
421.234 335.006 57.4085
436.1 341.579 33.1316
451.073 305.714 33.1412
435.881 299.937 57.4178
437.223 342.04 30.1967
442.442 344.347 1.55318
457.528 308.205 1.56241
452.197 306.175 30.2062
442.442 344.347 -1.62254
437.234 342.035 -30.2674
452.206 306.171 -30.2586
457.528 308.205 -1.61331
436.111 341.572 -33.2026
421.253 334.991 -57.4823
435.899 299.924 -57.4733
451.084 305.708 -33.1937
419.176 334.135 -59.7315
396.934 324.266 -75.942
411.087 290.393 -75.9291
433.821 299.069 -59.7225
394.219 323.138 -77.1655
368.031 311.399 -82.8886
381.612 278.896 -82.8713
408.371 289.266 -77.1525
365.094 310.166 -82.9016
338.99 298.375 -77.2892
352.006 267.177 -77.2682
378.675 277.663 -82.8843
336.28 297.23 -76.0815
314.204 287.246 -59.8619
326.756 257.133 -59.8469
349.296 266.032 -76.0605
312.132 286.368 -57.6076
297.408 279.708 -33.2421
309.645 250.314 -33.2327
324.684 256.256 -57.5926
296.288 279.235 -30.2896
291.144 276.919 -1.59842
303.271 247.772 -1.58962
308.525 249.84 -30.2802
304.542 244.486 1.6048
309.811 246.582 30.271
320.545 216.547 30.2767
315.177 214.701 1.61218
310.952 247.004 33.2185
325.961 252.946 57.5247
336.971 222.202 57.5218
321.687 216.969 33.2242
328.072 253.723 59.7756
350.607 262.622 75.9947
362.02 230.803 75.9836
339.082 222.979 59.7727
353.37 263.634 77.2029
380.035 274.118 82.8221
391.933 240.983 82.8129
364.783 231.815 77.1918
383.032 275.201 82.81
409.793 285.567 77.0939
422.195 251.022 77.0937
394.93 242.066 82.8007
412.564 286.549 75.8714
435.305 295.214 59.6672
448.141 259.436 59.674
424.966 252.004 75.8711
437.425 295.956 57.4187
452.617 301.733 33.1421
465.738 265.14 33.1499
450.261 260.179 57.4256
453.763 302.134 30.2072
459.094 304.164 1.56337
472.313 267.289 1.57108
466.884 265.541 30.215
459.095 304.164 -1.61239
453.773 302.13 -30.2577
466.893 265.539 -30.2501
472.314 267.289 -1.60468
452.627 301.728 -33.1928
437.442 295.944 -57.4724
450.276 260.168 -57.4637
465.748 265.137 -33.1852
435.323 295.2 -59.7212
412.588 286.525 -75.9277
424.987 251.982 -75.9117
448.157 259.425 -59.7125
409.817 285.542 -77.1505
383.058 275.172 -82.8692
394.952 242.039 -82.844
422.216 250.999 -77.1345
380.061 274.089 -82.8818
353.392 263.603 -77.2657
364.806 231.788 -77.2398
391.956 240.955 -82.8565
350.629 262.591 -76.058
328.089 253.692 -59.8444
339.099 222.953 -59.8275
362.042 230.776 -76.0321
325.976 252.914 -57.5909
310.938 246.972 -33.2311
321.67 216.943 -33.2222
336.986 222.176 -57.5739
309.795 246.552 -30.2792
304.541 244.485 -1.58854
315.176 214.699 -1.58117
320.528 216.522 -30.2703
316.279 211.345 1.61261
321.648 213.192 30.2771
330.852 182.583 30.2793
325.395 180.978 1.61842
322.808 213.56 33.2236
338.093 218.793 57.5213
347.538 187.497 57.5108
332.013 182.952 33.2258
340.239 219.472 59.7711
363.177 227.296 75.982
372.967 194.943 75.9603
349.684 188.176 59.7607
365.985 228.176 77.1899
393.136 237.344 82.811
403.323 203.672 82.7871
375.775 195.823 77.1681
396.183 238.274 82.7995
423.448 247.23 77.0925
434.071 212.106 77.0859
406.371 204.602 82.7757
426.268 248.064 75.8711
449.442 255.495 59.674
460.438 219.101 59.6779
436.891 212.939 75.8645
451.6 256.123 57.4262
467.077 261.084 33.1506
478.314 223.859 33.1559
462.595 219.729 57.4301
468.242 261.424 30.2158
473.672 263.173 1.57184
484.992 225.664 1.57775
479.48 224.2 30.2212
473.672 263.173 -1.60394
468.251 261.422 -30.2494
479.488 224.2 -30.2432
484.992 225.663 -1.59804
467.086 261.081 -33.1844
451.615 256.113 -57.4628
462.61 219.722 -57.4554
478.323 223.859 -33.1782
449.459 255.484 -59.711
426.289 248.042 -75.9102
436.911 212.919 -75.8925
460.454 219.093 -59.7035
423.47 247.207 -77.1319
396.206 238.247 -82.8414
406.392 204.577 -82.8064
434.092 212.085 -77.1142
393.158 237.317 -82.8532
366.008 228.149 -77.2364
375.797 195.801 -77.2035
403.345 203.647 -82.8182
363.199 227.27 -76.0291
340.255 219.447 -59.8245
349.699 188.157 -59.8031
372.988 194.921 -75.9963
338.107 218.768 -57.572
322.792 213.535 -33.2203
331.995 182.933 -33.2111
347.55 187.478 -57.5506
321.63 213.167 -30.2693
316.278 211.344 -1.58013
325.394 180.977 -1.57432
330.833 182.565 -30.2601
326.328 177.562 1.61839
331.784 179.167 30.2792
339.441 148.043 30.2734
333.907 146.667 1.62291
332.962 179.485 33.2241
348.486 184.03 57.5091
356.347 152.256 57.4816
340.619 148.361 33.2183
350.662 184.613 59.7575
373.945 191.381 75.9571
382.088 158.591 75.9185
358.523 152.84 59.73
376.792 192.13 77.1646
404.339 199.978 82.7836
412.807 165.869 82.7437
384.934 159.339 77.126
407.43 200.753 82.7734
435.131 208.257 77.0836
443.959 172.642 77.0734
415.897 166.643 82.7335
437.991 208.937 75.864
461.538 215.099 59.6775
470.667 178.18 59.678
446.819 173.322 75.8539
463.725 215.61 57.4304
479.444 219.74 33.1563
488.762 181.979 33.157
472.855 178.69 57.431
480.626 220.018 30.2217
486.138 221.482 1.57822
495.519 183.435 1.58217
489.943 182.257 30.2224
486.138 221.482 -1.59743
480.634 220.018 -30.2426
489.953 182.261 -30.2357
495.52 183.435 -1.59349
479.454 219.74 -33.1775
463.741 215.603 -57.4547
472.871 178.686 -57.4481
488.772 181.982 -33.1707
461.554 215.091 -59.7021
438.011 208.918 -75.8911
446.84 173.304 -75.8738
470.685 178.175 -59.6955
435.151 208.237 -77.1108
407.451 200.728 -82.8031
415.919 166.622 -82.7556
443.98 172.624 -77.0935
404.361 199.954 -82.8137
376.813 192.108 -77.199
384.955 159.322 -77.152
412.829 165.847 -82.7662
373.967 191.36 -75.992
350.677 184.595 -59.7989
358.537 152.83 -59.7624
382.109 158.574 -75.9451
348.499 184.012 -57.5478
332.944 179.466 -33.2083
340.6 148.351 -33.1933
356.359 152.246 -57.5113
331.765 179.149 -30.2589
326.327 177.561 -1.57312
333.906 146.667 -1.5686
339.422 148.033 -30.2439
334.67 143.197 1.62161
340.205 144.573 30.2721
346.356 113.001 30.2335
340.766 111.837 1.62492
341.395 144.844 33.213
357.123 148.739 57.4763
363.42 116.578 57.3867
347.547 113.272 33.1744
359.321 149.234 59.7219
382.887 154.984 75.9104
389.367 121.883 75.8003
365.618 117.072 59.6323
385.763 155.604 77.1184
413.636 162.133 82.7361
420.38 127.688 82.6501
392.243 122.502 77.0083
416.76 162.749 82.7287
444.822 168.748 77.0686
451.819 132.719 77.0359
423.504 128.303 82.6426
447.712 169.268 75.8518
471.561 174.126 59.676
478.749 136.763 59.6458
454.71 133.24 75.8191
473.77 174.516 57.4296
489.676 177.805 33.1556
496.974 139.593 33.1318
480.958 137.153 57.3994
490.869 178.021 30.2219
496.445 179.198 1.58171
503.78 140.699 1.5828
498.166 139.809 30.1981
496.446 179.199 -1.59248
490.879 178.025 -30.2347
498.179 139.817 -30.2089
503.781 140.699 -1.5914
489.687 177.809 -33.1687
473.786 174.513 -57.4462
480.978 137.153 -57.4136
496.987 139.601 -33.1429
471.578 174.121 -59.6929
447.734 169.251 -75.8711
454.733 133.224 -75.8345
478.77 136.762 -59.6603
444.843 168.729 -77.0881
416.782 162.727 -82.7502
423.529 128.285 -82.6587
451.843 132.702 -77.0514
413.658 162.112 -82.7578
385.784 155.587 -77.1436
392.266 122.491 -77.0267
420.404 127.67 -82.6663
382.907 154.968 -75.9361
359.335 149.224 -59.7534
365.635 117.073 -59.6553
389.389 121.872 -75.8191
357.135 148.73 -57.5051
341.376 144.835 -33.1871
347.53 113.274 -33.1408
363.435 116.579 -57.4069
340.185 144.563 -30.2417
334.669 143.197 -1.56636
340.765 111.837 -1.56305
346.339 113.003 -30.1954
341.389 108.327 1.61741
346.979 109.49 30.226
352.079 77.6266 30.0042
346.501 76.6569 1.61795
348.174 109.72 33.1518
364.047 113.025 57.3641
369.117 80.6473 56.9419
353.274 77.8559 32.93
366.25 113.442 59.5975
389.999 118.252 75.7656
395.003 85.1118 75.1902
371.32 81.0638 59.1753
392.889 118.745 76.9738
421.026 123.931 82.6156
425.986 89.2427 82.1277
397.894 85.6046 76.3985
424.161 124.373 82.6131
452.476 128.789 77.0063
457.382 92.3799 76.555
429.122 89.6852 82.1252
455.373 129.143 75.7945
479.413 132.666 59.6212
484.229 94.8939 59.2454
460.28 92.734 75.3431
481.627 132.934 57.3816
497.643 135.374 33.114
502.432 96.7471 32.8988
486.444 95.1621 57.0059
498.838 135.527 30.1913
504.452 136.417 1.57593
509.237 97.5007 1.56436
503.627 96.8997 29.976
504.453 136.417 -1.58544
498.851 135.535 -30.2029
503.638 96.9112 -30.0016
509.238 97.5013 -1.597
497.656 135.383 -33.1251
481.647 132.935 -57.3959
486.474 95.1669 -57.0097
502.443 96.759 -32.9238
479.434 132.665 -59.6349
455.398 129.128 -75.8091
460.311 92.7202 -75.3463
484.261 94.897 -59.2488
452.5 128.773 -77.0211
424.186 124.355 -82.6283
429.154 89.6699 -82.1323
457.414 92.3651 -76.5583
421.05 123.913 -82.6311
392.912 118.735 -76.9915
397.924 85.5998 -76.4098
426.018 89.2278 -82.135
390.022 118.243 -75.7835
366.267 113.444 -59.6197
371.346 81.0783 -59.1878
395.033 85.1083 -75.2019
364.063 113.028 -57.3835
348.158 109.723 -33.1174
353.267 77.875 -32.8907
369.141 80.6628 -56.9516
346.962 109.493 -30.1873
341.388 108.328 -1.55495
346.501 76.6575 -1.55441
352.072 77.6451 -29.9606
347.185 73.1728 1.57467
352.763 74.1425 29.9609
359.913 42.8494 28.6606
354.6 42.0056 1.57213
353.927 74.3383 32.8085
369.771 77.1296 56.8203
376.172 45.4727 54.4487
361.077 43.0453 31.5082
371.919 77.4844 58.9958
395.603 81.5324 75.0107
400.929 49.304 71.9444
378.32 45.8274 56.6241
398.408 81.9394 76.1894
426.501 85.5776 81.9186
430.488 53.2097 78.5909
403.734 49.7111 73.1231
429.553 85.9289 81.9248
457.813 88.6236 76.3546
460.401 56.3825 73.1628
433.54 53.561 78.5971
460.644 88.8992 75.1754
484.594 91.0591 59.0777
485.988 58.8953 56.6137
463.231 56.6581 71.9836
486.761 91.2682 56.8941
502.749 92.8532 32.787
503.4 60.6654 31.4497
488.156 59.1045 54.4301
503.922 92.9728 29.9357
509.532 93.5738 1.52411
509.925 61.3414 1.51086
504.573 60.785 28.5985
509.532 93.5736 -1.55938
503.932 92.9835 -29.964
504.571 60.7602 -28.6405
509.925 61.3412 -1.57263
502.761 92.8637 -32.8121
486.791 91.2715 -56.898
488.187 59.0809 -54.4217
503.4 60.6403 -31.4886
484.626 91.0616 -59.0796
460.676 88.8848 -75.1771
463.266 56.6448 -71.9774
486.021 58.871 -56.6033
457.846 88.6091 -76.3569
429.585 85.9139 -81.9309
433.575 53.5515 -78.5981
460.435 56.3691 -73.1572
426.533 85.5632 -81.9253
398.438 81.9352 -76.2001
403.765 49.7139 -73.1315
430.523 53.2008 -78.5925
395.633 81.5301 -75.022
371.945 77.5001 -59.0079
378.343 45.8612 -56.6383
400.96 49.3088 -71.9534
369.795 77.1469 -56.8299
353.921 74.359 -32.769
361.066 43.083 -31.4738
376.193 45.5079 -54.4603
352.756 74.1619 -29.9174
347.185 73.1743 -1.51119
354.6 42.007 -1.51374
359.901 42.8859 -28.6223
355.457 38.5768 1.48748
360.77 39.4207 28.576
368.787 8.75264 26.8304
363.798 8.02909 1.48081
361.871 39.5902 31.2686
376.965 42.0177 54.2091
384.055 11.0238 50.9888
369.888 8.9222 29.523
378.998 42.3244 56.2671
401.606 45.801 71.5874
407.289 14.3537 67.3815
386.087 11.3305 53.0468
404.261 46.1686 72.7028
431.015 49.6672 78.1706
434.987 17.9517 73.5697
409.944 14.7213 68.4969
433.895 50.0106 78.1713
460.755 52.8321 72.737
462.957 21.1025 68.4758
437.867 18.295 73.5705
463.422 53.1136 71.6178
486.179 55.3509 56.2479
486.84 23.6439 52.9484
465.623 21.3841 67.3566
488.22 55.5623 54.1842
503.464 57.1232 31.2038
503.053 25.3844 29.4028
488.881 23.8553 50.8847
504.569 57.2391 28.5118
509.921 57.7955 1.42416
509.126 26.0166 1.43357
504.158 25.5003 26.7108
509.921 57.7933 -1.48605
504.567 57.2123 -28.5539
504.154 25.4453 -26.7381
509.126 26.0144 -1.47664
503.464 57.0944 -31.2422
488.25 55.5349 -54.1753
488.901 23.8058 -50.8744
503.051 25.3273 -29.4264
486.211 55.3252 -56.237
463.455 53.099 -71.6111
465.647 21.3702 -67.352
486.862 23.596 -52.9361
460.789 52.8189 -72.7311
433.929 50.0013 -78.172
437.891 18.2886 -73.5701
462.981 21.0901 -68.472
431.049 49.6589 -78.1718
404.292 46.172 -72.7109
409.966 14.7273 -68.5016
435.011 17.9461 -73.57
401.636 45.8069 -71.5963
379.02 42.3593 -56.2812
386.097 11.3793 -53.0594
407.31 14.3623 -67.387
376.985 42.0549 -54.2212
361.858 39.63 -31.2348
369.87 8.97911 -29.4992
384.063 11.0749 -50.9994
360.757 39.4581 -28.5386
355.456 38.5793 -1.43002
363.797 8.03156 -1.43669
368.768 8.80723 -26.803
364.837 4.86539 1.35145
369.826 5.58893 26.701
380.25 -21.0767 23.7833
375.827 -21.6982 1.33158
370.834 5.7334 29.1589
385.001 7.83496 50.6246
393.856 -19.1732 45.2715
381.257 -20.9322 26.2412
386.863 8.0967 52.5026
408.065 11.1199 66.8373
414.601 -16.3848 59.8187
395.717 -18.9115 47.1494
410.493 11.4459 67.8505
435.536 14.6763 72.9233
439.266 -13.112 65.2221
417.029 -16.0588 60.8319
438.161 15.0073 72.9206
463.25 17.8148 67.826
464.074 -9.85164 60.6941
441.891 -12.7809 65.2194
465.678 18.1062 66.8063
486.895 20.3659 52.3981
485.264 -7.08708 46.9547
466.502 -9.56031 59.6744
488.754 20.5869 50.5178
502.926 22.116 29.0359
499.635 -5.2182 26.1108
487.122 -6.86603 45.0744
503.931 22.235 26.5836
508.899 22.7513 1.30638
505.029 -4.52165 1.3258
500.64 -5.09929 23.6585
508.899 22.7496 -1.34583
503.927 22.1804 -26.6073
500.639 -5.10181 -23.659
505.029 -4.52335 -1.32641
502.922 22.0598 -29.0588
488.773 20.5382 -50.5068
487.122 -6.87025 -45.0743
499.634 -5.22244 -26.1105
486.915 20.3189 -52.3866
465.7 18.0931 -66.8025
466.503 -9.56257 -59.674
485.264 -7.08956 -46.9542
463.272 17.803 -67.8223
438.183 15.0014 -72.9204
441.892 -12.7819 -65.2191
464.075 -9.85273 -60.6938
435.558 14.6708 -72.9233
410.513 11.452 -67.8549
417.03 -16.0592 -60.8318
439.267 -13.1125 -65.222
408.084 11.1274 -66.8418
386.871 8.14447 -52.5142
395.718 -18.9101 -47.1496
414.602 -16.3837 -59.8187
385.009 7.88465 -50.6358
370.816 5.78887 -29.1356
381.257 -20.9289 -26.2408
393.856 -19.1699 -45.2711
369.808 5.64274 -26.6769
364.837 4.86707 -1.31058
375.827 -21.6965 -1.33045
380.249 -21.075 -23.7822
-348.873 713.728 25.3988
-349.711 708.64 -0.364941
-348.822 713.713 -26.1292
-346.398 728.151 -47.923
-342.913 749.723 -62.4297
-339.081 775.152 -67.5096
-335.607 800.647 -62.4489
-332.855 822.35 -47.9502
-331.039 836.883 -26.1557
-330.406 841.994 -0.402888
-331.066 836.903 25.3528
-332.894 822.383 47.1536
-335.654 800.689 61.6631
-339.133 775.198 66.7385
-342.963 749.765 61.673
-346.457 728.183 47.1838
382.635 -22.3863 1.76393e-05
387.057 -21.7648 22.4517
399.656 -20.0058 41.4821
418.54 -17.4792 54.1513
440.777 -14.5323 58.5415
462.96 -11.603 54.0162
481.721 -9.1298 41.2965
494.234 -7.48197 22.3329
498.623 -6.90434 0.000247942
494.233 -7.48281 -22.3323
481.721 -9.13061 -41.2962
462.96 -11.6036 -54.016
440.777 -14.5328 -58.5413
418.54 -17.4795 -54.1511
399.656 -20.0059 -41.482
387.057 -21.7648 -22.4517
</DataArray>
</Points>
<Cells>
<DataArray type="Int32" Name="connectivity" format="ascii">
0 1 529 528 1 17 530 529 17 16 531 530 16 0 528 531 1 2 533 532 2 18 534 533 18 17 535 534 17 1 532 535 2 3 537 536 3 19 538 537 19 18 539 538 18 2 536 539 3 4 541 540 4 20 542 541 20 19 543 542 19 3 540 543 4 5 545 544 5 21 546 545 21 20 547 546 20 4 544 547 5 6 549 548 6 22 550 549 22 21 551 550 21 5 548 551 6 7 553 552 7 23 554 553 23 22 555 554 22 6 552 555 7 8 557 556 8 24 558 557 24 23 559 558 23 7 556 559 8 9 561 560 9 25 562 561 25 24 563 562 24 8 560 563 9 10 565 564 10 26 566 565 26 25 567 566 25 9 564 567 10 11 569 568 11 27 570 569 27 26 571 570 26 10 568 571 11 12 573 572 12 28 574 573 28 27 575 574 27 11 572 575 12 13 577 576 13 29 578 577 29 28 579 578 28 12 576 579 13 14 581 580 14 30 582 581 30 29 583 582 29 13 580 583 14 15 585 584 15 31 586 585 31 30 587 586 30 14 584 587 15 0 589 588 0 16 590 589 16 31 591 590 31 15 588 591 16 17 593 592 17 33 594 593 33 32 595 594 32 16 592 595 18 34 597 596 34 33 598 597 33 17 599 598 17 18 596 599 19 35 601 600 35 34 602 601 34 18 603 602 18 19 600 603 20 36 605 604 36 35 606 605 35 19 607 606 19 20 604 607 21 37 609 608 37 36 610 609 36 20 611 610 20 21 608 611 22 38 613 612 38 37 614 613 37 21 615 614 21 22 612 615 23 39 617 616 39 38 618 617 38 22 619 618 22 23 616 619 24 40 621 620 40 39 622 621 39 23 623 622 23 24 620 623 25 41 625 624 41 40 626 625 40 24 627 626 24 25 624 627 26 42 629 628 42 41 630 629 41 25 631 630 25 26 628 631 27 43 633 632 43 42 634 633 42 26 635 634 26 27 632 635 28 44 637 636 44 43 638 637 43 27 639 638 27 28 636 639 29 45 641 640 45 44 642 641 44 28 643 642 28 29 640 643 30 46 645 644 46 45 646 645 45 29 647 646 29 30 644 647 31 47 649 648 47 46 650 649 46 30 651 650 30 31 648 651 31 16 653 652 16 32 654 653 32 47 655 654 47 31 652 655 32 33 657 656 33 49 658 657 49 48 659 658 48 32 656 659 33 34 661 660 34 50 662 661 50 49 663 662 49 33 660 663 34 35 665 664 35 51 666 665 51 50 667 666 50 34 664 667 35 36 669 668 36 52 670 669 52 51 671 670 51 35 668 671 36 37 673 672 37 53 674 673 53 52 675 674 52 36 672 675 37 38 677 676 38 54 678 677 54 53 679 678 53 37 676 679 38 39 681 680 39 55 682 681 55 54 683 682 54 38 680 683 39 40 685 684 40 56 686 685 56 55 687 686 55 39 684 687 40 41 689 688 41 57 690 689 57 56 691 690 56 40 688 691 41 42 693 692 42 58 694 693 58 57 695 694 57 41 692 695 42 43 697 696 43 59 698 697 59 58 699 698 58 42 696 699 43 44 701 700 44 60 702 701 60 59 703 702 59 43 700 703 44 45 705 704 45 61 706 705 61 60 707 706 60 44 704 707 45 46 709 708 46 62 710 709 62 61 711 710 61 45 708 711 46 47 713 712 47 63 714 713 63 62 715 714 62 46 712 715 47 32 717 716 32 48 718 717 48 63 719 718 63 47 716 719 48 49 721 720 49 65 722 721 65 64 723 722 64 48 720 723 49 50 725 724 50 66 726 725 66 65 727 726 65 49 724 727 50 51 729 728 51 67 730 729 67 66 731 730 66 50 728 731 51 52 733 732 52 68 734 733 68 67 735 734 67 51 732 735 52 53 737 736 53 69 738 737 69 68 739 738 68 52 736 739 53 54 741 740 54 70 742 741 70 69 743 742 69 53 740 743 54 55 745 744 55 71 746 745 71 70 747 746 70 54 744 747 55 56 749 748 56 72 750 749 72 71 751 750 71 55 748 751 56 57 753 752 57 73 754 753 73 72 755 754 72 56 752 755 57 58 757 756 58 74 758 757 74 73 759 758 73 57 756 759 58 59 761 760 59 75 762 761 75 74 763 762 74 58 760 763 59 60 765 764 60 76 766 765 76 75 767 766 75 59 764 767 60 61 769 768 61 77 770 769 77 76 771 770 76 60 768 771 61 62 773 772 62 78 774 773 78 77 775 774 77 61 772 775 62 63 777 776 63 79 778 777 79 78 779 778 78 62 776 779 63 48 781 780 48 64 782 781 64 79 783 782 79 63 780 783 64 65 785 784 65 81 786 785 81 80 787 786 80 64 784 787 65 66 789 788 66 82 790 789 82 81 791 790 81 65 788 791 66 67 793 792 67 83 794 793 83 82 795 794 82 66 792 795 67 68 797 796 68 84 798 797 84 83 799 798 83 67 796 799 68 69 801 800 69 85 802 801 85 84 803 802 84 68 800 803 69 70 805 804 70 86 806 805 86 85 807 806 85 69 804 807 70 71 809 808 71 87 810 809 87 86 811 810 86 70 808 811 71 72 813 812 72 88 814 813 88 87 815 814 87 71 812 815 72 73 817 816 73 89 818 817 89 88 819 818 88 72 816 819 73 74 821 820 74 90 822 821 90 89 823 822 89 73 820 823 74 75 825 824 75 91 826 825 91 90 827 826 90 74 824 827 75 76 829 828 76 92 830 829 92 91 831 830 91 75 828 831 76 77 833 832 77 93 834 833 93 92 835 834 92 76 832 835 77 78 837 836 78 94 838 837 94 93 839 838 93 77 836 839 78 79 841 840 79 95 842 841 95 94 843 842 94 78 840 843 79 64 845 844 64 80 846 845 80 95 847 846 95 79 844 847 80 81 849 848 81 97 850 849 97 96 851 850 96 80 848 851 81 82 853 852 82 98 854 853 98 97 855 854 97 81 852 855 82 83 857 856 83 99 858 857 99 98 859 858 98 82 856 859 83 84 861 860 84 100 862 861 100 99 863 862 99 83 860 863 84 85 865 864 85 101 866 865 101 100 867 866 100 84 864 867 85 86 869 868 86 102 870 869 102 101 871 870 101 85 868 871 86 87 873 872 87 103 874 873 103 102 875 874 102 86 872 875 87 88 877 876 88 104 878 877 104 103 879 878 103 87 876 879 88 89 881 880 89 105 882 881 105 104 883 882 104 88 880 883 89 90 885 884 90 106 886 885 106 105 887 886 105 89 884 887 90 91 889 888 91 107 890 889 107 106 891 890 106 90 888 891 91 92 893 892 92 108 894 893 108 107 895 894 107 91 892 895 92 93 897 896 93 109 898 897 109 108 899 898 108 92 896 899 93 94 901 900 94 110 902 901 110 109 903 902 109 93 900 903 94 95 905 904 95 111 906 905 111 110 907 906 110 94 904 907 95 80 909 908 80 96 910 909 96 111 911 910 111 95 908 911 96 97 913 912 97 113 914 913 113 112 915 914 112 96 912 915 97 98 917 916 98 114 918 917 114 113 919 918 113 97 916 919 98 99 921 920 99 115 922 921 115 114 923 922 114 98 920 923 99 100 925 924 100 116 926 925 116 115 927 926 115 99 924 927 100 101 929 928 101 117 930 929 117 116 931 930 116 100 928 931 101 102 933 932 102 118 934 933 118 117 935 934 117 101 932 935 102 103 937 936 103 119 938 937 119 118 939 938 118 102 936 939 103 104 941 940 104 120 942 941 120 119 943 942 119 103 940 943 104 105 945 944 105 121 946 945 121 120 947 946 120 104 944 947 105 106 949 948 106 122 950 949 122 121 951 950 121 105 948 951 106 107 953 952 107 123 954 953 123 122 955 954 122 106 952 955 107 108 957 956 108 124 958 957 124 123 959 958 123 107 956 959 108 109 961 960 109 125 962 961 125 124 963 962 124 108 960 963 109 110 965 964 110 126 966 965 126 125 967 966 125 109 964 967 110 111 969 968 111 127 970 969 127 126 971 970 126 110 968 971 111 96 973 972 96 112 974 973 112 127 975 974 127 111 972 975 112 113 977 976 113 129 978 977 129 128 979 978 128 112 976 979 113 114 981 980 114 130 982 981 130 129 983 982 129 113 980 983 114 115 985 984 115 131 986 985 131 130 987 986 130 114 984 987 115 116 989 988 116 132 990 989 132 131 991 990 131 115 988 991 116 117 993 992 117 133 994 993 133 132 995 994 132 116 992 995 117 118 997 996 118 134 998 997 134 133 999 998 133 117 996 999 118 119 1001 1000 119 135 1002 1001 135 134 1003 1002 134 118 1000 1003 119 120 1005 1004 120 136 1006 1005 136 135 1007 1006 135 119 1004 1007 120 121 1009 1008 121 137 1010 1009 137 136 1011 1010 136 120 1008 1011 121 122 1013 1012 122 138 1014 1013 138 137 1015 1014 137 121 1012 1015 122 123 1017 1016 123 139 1018 1017 139 138 1019 1018 138 122 1016 1019 123 124 1021 1020 124 140 1022 1021 140 139 1023 1022 139 123 1020 1023 124 125 1025 1024 125 141 1026 1025 141 140 1027 1026 140 124 1024 1027 125 126 1029 1028 126 142 1030 1029 142 141 1031 1030 141 125 1028 1031 126 127 1033 1032 127 143 1034 1033 143 142 1035 1034 142 126 1032 1035 127 112 1037 1036 112 128 1038 1037 128 143 1039 1038 143 127 1036 1039 128 129 1041 1040 129 145 1042 1041 145 144 1043 1042 144 128 1040 1043 129 130 1045 1044 130 146 1046 1045 146 145 1047 1046 145 129 1044 1047 130 131 1049 1048 131 147 1050 1049 147 146 1051 1050 146 130 1048 1051 131 132 1053 1052 132 148 1054 1053 148 147 1055 1054 147 131 1052 1055 132 133 1057 1056 133 149 1058 1057 149 148 1059 1058 148 132 1056 1059 133 134 1061 1060 134 150 1062 1061 150 149 1063 1062 149 133 1060 1063 134 135 1065 1064 135 151 1066 1065 151 150 1067 1066 150 134 1064 1067 135 136 1069 1068 136 152 1070 1069 152 151 1071 1070 151 135 1068 1071 136 137 1073 1072 137 153 1074 1073 153 152 1075 1074 152 136 1072 1075 137 138 1077 1076 138 154 1078 1077 154 153 1079 1078 153 137 1076 1079 138 139 1081 1080 139 155 1082 1081 155 154 1083 1082 154 138 1080 1083 139 140 1085 1084 140 156 1086 1085 156 155 1087 1086 155 139 1084 1087 140 141 1089 1088 141 157 1090 1089 157 156 1091 1090 156 140 1088 1091 141 142 1093 1092 142 158 1094 1093 158 157 1095 1094 157 141 1092 1095 142 143 1097 1096 143 159 1098 1097 159 158 1099 1098 158 142 1096 1099 143 128 1101 1100 128 144 1102 1101 144 159 1103 1102 159 143 1100 1103 144 145 1105 1104 145 161 1106 1105 161 160 1107 1106 160 144 1104 1107 145 146 1109 1108 146 162 1110 1109 162 161 1111 1110 161 145 1108 1111 146 147 1113 1112 147 163 1114 1113 163 162 1115 1114 162 146 1112 1115 147 148 1117 1116 148 164 1118 1117 164 163 1119 1118 163 147 1116 1119 148 149 1121 1120 149 165 1122 1121 165 164 1123 1122 164 148 1120 1123 149 150 1125 1124 150 166 1126 1125 166 165 1127 1126 165 149 1124 1127 150 151 1129 1128 151 167 1130 1129 167 166 1131 1130 166 150 1128 1131 151 152 1133 1132 152 168 1134 1133 168 167 1135 1134 167 151 1132 1135 152 153 1137 1136 153 169 1138 1137 169 168 1139 1138 168 152 1136 1139 153 154 1141 1140 154 170 1142 1141 170 169 1143 1142 169 153 1140 1143 154 155 1145 1144 155 171 1146 1145 171 170 1147 1146 170 154 1144 1147 155 156 1149 1148 156 172 1150 1149 172 171 1151 1150 171 155 1148 1151 156 157 1153 1152 157 173 1154 1153 173 172 1155 1154 172 156 1152 1155 157 158 1157 1156 158 174 1158 1157 174 173 1159 1158 173 157 1156 1159 158 159 1161 1160 159 175 1162 1161 175 174 1163 1162 174 158 1160 1163 159 144 1165 1164 144 160 1166 1165 160 175 1167 1166 175 159 1164 1167 160 161 1169 1168 161 177 1170 1169 177 176 1171 1170 176 160 1168 1171 161 162 1173 1172 162 178 1174 1173 178 177 1175 1174 177 161 1172 1175 162 163 1177 1176 163 179 1178 1177 179 178 1179 1178 178 162 1176 1179 163 164 1181 1180 164 180 1182 1181 180 179 1183 1182 179 163 1180 1183 164 165 1185 1184 165 181 1186 1185 181 180 1187 1186 180 164 1184 1187 165 166 1189 1188 166 182 1190 1189 182 181 1191 1190 181 165 1188 1191 166 167 1193 1192 167 183 1194 1193 183 182 1195 1194 182 166 1192 1195 167 168 1197 1196 168 184 1198 1197 184 183 1199 1198 183 167 1196 1199 168 169 1201 1200 169 185 1202 1201 185 184 1203 1202 184 168 1200 1203 169 170 1205 1204 170 186 1206 1205 186 185 1207 1206 185 169 1204 1207 170 171 1209 1208 171 187 1210 1209 187 186 1211 1210 186 170 1208 1211 171 172 1213 1212 172 188 1214 1213 188 187 1215 1214 187 171 1212 1215 172 173 1217 1216 173 189 1218 1217 189 188 1219 1218 188 172 1216 1219 173 174 1221 1220 174 190 1222 1221 190 189 1223 1222 189 173 1220 1223 174 175 1225 1224 175 191 1226 1225 191 190 1227 1226 190 174 1224 1227 175 160 1229 1228 160 176 1230 1229 176 191 1231 1230 191 175 1228 1231 176 177 1233 1232 177 193 1234 1233 193 192 1235 1234 192 176 1232 1235 177 178 1237 1236 178 194 1238 1237 194 193 1239 1238 193 177 1236 1239 178 179 1241 1240 179 195 1242 1241 195 194 1243 1242 194 178 1240 1243 179 180 1245 1244 180 196 1246 1245 196 195 1247 1246 195 179 1244 1247 180 181 1249 1248 181 197 1250 1249 197 196 1251 1250 196 180 1248 1251 181 182 1253 1252 182 198 1254 1253 198 197 1255 1254 197 181 1252 1255 182 183 1257 1256 183 199 1258 1257 199 198 1259 1258 198 182 1256 1259 183 184 1261 1260 184 200 1262 1261 200 199 1263 1262 199 183 1260 1263 184 185 1265 1264 185 201 1266 1265 201 200 1267 1266 200 184 1264 1267 185 186 1269 1268 186 202 1270 1269 202 201 1271 1270 201 185 1268 1271 186 187 1273 1272 187 203 1274 1273 203 202 1275 1274 202 186 1272 1275 187 188 1277 1276 188 204 1278 1277 204 203 1279 1278 203 187 1276 1279 188 189 1281 1280 189 205 1282 1281 205 204 1283 1282 204 188 1280 1283 189 190 1285 1284 190 206 1286 1285 206 205 1287 1286 205 189 1284 1287 190 191 1289 1288 191 207 1290 1289 207 206 1291 1290 206 190 1288 1291 191 176 1293 1292 176 192 1294 1293 192 207 1295 1294 207 191 1292 1295 192 193 1297 1296 193 209 1298 1297 209 208 1299 1298 208 192 1296 1299 193 194 1301 1300 194 210 1302 1301 210 209 1303 1302 209 193 1300 1303 194 195 1305 1304 195 211 1306 1305 211 210 1307 1306 210 194 1304 1307 195 196 1309 1308 196 212 1310 1309 212 211 1311 1310 211 195 1308 1311 196 197 1313 1312 197 213 1314 1313 213 212 1315 1314 212 196 1312 1315 197 198 1317 1316 198 214 1318 1317 214 213 1319 1318 213 197 1316 1319 198 199 1321 1320 199 215 1322 1321 215 214 1323 1322 214 198 1320 1323 199 200 1325 1324 200 216 1326 1325 216 215 1327 1326 215 199 1324 1327 200 201 1329 1328 201 217 1330 1329 217 216 1331 1330 216 200 1328 1331 201 202 1333 1332 202 218 1334 1333 218 217 1335 1334 217 201 1332 1335 202 203 1337 1336 203 219 1338 1337 219 218 1339 1338 218 202 1336 1339 203 204 1341 1340 204 220 1342 1341 220 219 1343 1342 219 203 1340 1343 204 205 1345 1344 205 221 1346 1345 221 220 1347 1346 220 204 1344 1347 205 206 1349 1348 206 222 1350 1349 222 221 1351 1350 221 205 1348 1351 206 207 1353 1352 207 223 1354 1353 223 222 1355 1354 222 206 1352 1355 207 192 1357 1356 192 208 1358 1357 208 223 1359 1358 223 207 1356 1359 208 209 1361 1360 209 225 1362 1361 225 224 1363 1362 224 208 1360 1363 209 210 1365 1364 210 226 1366 1365 226 225 1367 1366 225 209 1364 1367 210 211 1369 1368 211 227 1370 1369 227 226 1371 1370 226 210 1368 1371 211 212 1373 1372 212 228 1374 1373 228 227 1375 1374 227 211 1372 1375 212 213 1377 1376 213 229 1378 1377 229 228 1379 1378 228 212 1376 1379 213 214 1381 1380 214 230 1382 1381 230 229 1383 1382 229 213 1380 1383 214 215 1385 1384 215 231 1386 1385 231 230 1387 1386 230 214 1384 1387 215 216 1389 1388 216 232 1390 1389 232 231 1391 1390 231 215 1388 1391 216 217 1393 1392 217 233 1394 1393 233 232 1395 1394 232 216 1392 1395 217 218 1397 1396 218 234 1398 1397 234 233 1399 1398 233 217 1396 1399 218 219 1401 1400 219 235 1402 1401 235 234 1403 1402 234 218 1400 1403 219 220 1405 1404 220 236 1406 1405 236 235 1407 1406 235 219 1404 1407 220 221 1409 1408 221 237 1410 1409 237 236 1411 1410 236 220 1408 1411 221 222 1413 1412 222 238 1414 1413 238 237 1415 1414 237 221 1412 1415 222 223 1417 1416 223 239 1418 1417 239 238 1419 1418 238 222 1416 1419 223 208 1421 1420 208 224 1422 1421 224 239 1423 1422 239 223 1420 1423 224 225 1425 1424 225 241 1426 1425 241 240 1427 1426 240 224 1424 1427 225 226 1429 1428 226 242 1430 1429 242 241 1431 1430 241 225 1428 1431 226 227 1433 1432 227 243 1434 1433 243 242 1435 1434 242 226 1432 1435 227 228 1437 1436 228 244 1438 1437 244 243 1439 1438 243 227 1436 1439 228 229 1441 1440 229 245 1442 1441 245 244 1443 1442 244 228 1440 1443 229 230 1445 1444 230 246 1446 1445 246 245 1447 1446 245 229 1444 1447 230 231 1449 1448 231 247 1450 1449 247 246 1451 1450 246 230 1448 1451 231 232 1453 1452 232 248 1454 1453 248 247 1455 1454 247 231 1452 1455 232 233 1457 1456 233 249 1458 1457 249 248 1459 1458 248 232 1456 1459 233 234 1461 1460 234 250 1462 1461 250 249 1463 1462 249 233 1460 1463 234 235 1465 1464 235 251 1466 1465 251 250 1467 1466 250 234 1464 1467 235 236 1469 1468 236 252 1470 1469 252 251 1471 1470 251 235 1468 1471 236 237 1473 1472 237 253 1474 1473 253 252 1475 1474 252 236 1472 1475 237 238 1477 1476 238 254 1478 1477 254 253 1479 1478 253 237 1476 1479 238 239 1481 1480 239 255 1482 1481 255 254 1483 1482 254 238 1480 1483 239 224 1485 1484 224 240 1486 1485 240 255 1487 1486 255 239 1484 1487 240 241 1489 1488 241 257 1490 1489 257 256 1491 1490 256 240 1488 1491 241 242 1493 1492 242 258 1494 1493 258 257 1495 1494 257 241 1492 1495 242 243 1497 1496 243 259 1498 1497 259 258 1499 1498 258 242 1496 1499 243 244 1501 1500 244 260 1502 1501 260 259 1503 1502 259 243 1500 1503 244 245 1505 1504 245 261 1506 1505 261 260 1507 1506 260 244 1504 1507 245 246 1509 1508 246 262 1510 1509 262 261 1511 1510 261 245 1508 1511 246 247 1513 1512 247 263 1514 1513 263 262 1515 1514 262 246 1512 1515 247 248 1517 1516 248 264 1518 1517 264 263 1519 1518 263 247 1516 1519 248 249 1521 1520 249 265 1522 1521 265 264 1523 1522 264 248 1520 1523 249 250 1525 1524 250 266 1526 1525 266 265 1527 1526 265 249 1524 1527 250 251 1529 1528 251 267 1530 1529 267 266 1531 1530 266 250 1528 1531 251 252 1533 1532 252 268 1534 1533 268 267 1535 1534 267 251 1532 1535 252 253 1537 1536 253 269 1538 1537 269 268 1539 1538 268 252 1536 1539 253 254 1541 1540 254 270 1542 1541 270 269 1543 1542 269 253 1540 1543 254 255 1545 1544 255 271 1546 1545 271 270 1547 1546 270 254 1544 1547 255 240 1549 1548 240 256 1550 1549 256 271 1551 1550 271 255 1548 1551 256 257 1553 1552 257 273 1554 1553 273 272 1555 1554 272 256 1552 1555 257 258 1557 1556 258 274 1558 1557 274 273 1559 1558 273 257 1556 1559 258 259 1561 1560 259 275 1562 1561 275 274 1563 1562 274 258 1560 1563 259 260 1565 1564 260 276 1566 1565 276 275 1567 1566 275 259 1564 1567 260 261 1569 1568 261 277 1570 1569 277 276 1571 1570 276 260 1568 1571 261 262 1573 1572 262 278 1574 1573 278 277 1575 1574 277 261 1572 1575 262 263 1577 1576 263 279 1578 1577 279 278 1579 1578 278 262 1576 1579 263 264 1581 1580 264 280 1582 1581 280 279 1583 1582 279 263 1580 1583 264 265 1585 1584 265 281 1586 1585 281 280 1587 1586 280 264 1584 1587 265 266 1589 1588 266 282 1590 1589 282 281 1591 1590 281 265 1588 1591 266 267 1593 1592 267 283 1594 1593 283 282 1595 1594 282 266 1592 1595 267 268 1597 1596 268 284 1598 1597 284 283 1599 1598 283 267 1596 1599 268 269 1601 1600 269 285 1602 1601 285 284 1603 1602 284 268 1600 1603 269 270 1605 1604 270 286 1606 1605 286 285 1607 1606 285 269 1604 1607 270 271 1609 1608 271 287 1610 1609 287 286 1611 1610 286 270 1608 1611 271 256 1613 1612 256 272 1614 1613 272 287 1615 1614 287 271 1612 1615 272 273 1617 1616 273 289 1618 1617 289 288 1619 1618 288 272 1616 1619 273 274 1621 1620 274 290 1622 1621 290 289 1623 1622 289 273 1620 1623 274 275 1625 1624 275 291 1626 1625 291 290 1627 1626 290 274 1624 1627 275 276 1629 1628 276 292 1630 1629 292 291 1631 1630 291 275 1628 1631 276 277 1633 1632 277 293 1634 1633 293 292 1635 1634 292 276 1632 1635 277 278 1637 1636 278 294 1638 1637 294 293 1639 1638 293 277 1636 1639 278 279 1641 1640 279 295 1642 1641 295 294 1643 1642 294 278 1640 1643 279 280 1645 1644 280 296 1646 1645 296 295 1647 1646 295 279 1644 1647 280 281 1649 1648 281 297 1650 1649 297 296 1651 1650 296 280 1648 1651 281 282 1653 1652 282 298 1654 1653 298 297 1655 1654 297 281 1652 1655 282 283 1657 1656 283 299 1658 1657 299 298 1659 1658 298 282 1656 1659 283 284 1661 1660 284 300 1662 1661 300 299 1663 1662 299 283 1660 1663 284 285 1665 1664 285 301 1666 1665 301 300 1667 1666 300 284 1664 1667 285 286 1669 1668 286 302 1670 1669 302 301 1671 1670 301 285 1668 1671 286 287 1673 1672 287 303 1674 1673 303 302 1675 1674 302 286 1672 1675 287 272 1677 1676 272 288 1678 1677 288 303 1679 1678 303 287 1676 1679 288 289 1681 1680 289 305 1682 1681 305 304 1683 1682 304 288 1680 1683 289 290 1685 1684 290 306 1686 1685 306 305 1687 1686 305 289 1684 1687 290 291 1689 1688 291 307 1690 1689 307 306 1691 1690 306 290 1688 1691 291 292 1693 1692 292 308 1694 1693 308 307 1695 1694 307 291 1692 1695 292 293 1697 1696 293 309 1698 1697 309 308 1699 1698 308 292 1696 1699 293 294 1701 1700 294 310 1702 1701 310 309 1703 1702 309 293 1700 1703 294 295 1705 1704 295 311 1706 1705 311 310 1707 1706 310 294 1704 1707 295 296 1709 1708 296 312 1710 1709 312 311 1711 1710 311 295 1708 1711 296 297 1713 1712 297 313 1714 1713 313 312 1715 1714 312 296 1712 1715 297 298 1717 1716 298 314 1718 1717 314 313 1719 1718 313 297 1716 1719 298 299 1721 1720 299 315 1722 1721 315 314 1723 1722 314 298 1720 1723 299 300 1725 1724 300 316 1726 1725 316 315 1727 1726 315 299 1724 1727 300 301 1729 1728 301 317 1730 1729 317 316 1731 1730 316 300 1728 1731 301 302 1733 1732 302 318 1734 1733 318 317 1735 1734 317 301 1732 1735 302 303 1737 1736 303 319 1738 1737 319 318 1739 1738 318 302 1736 1739 303 288 1741 1740 288 304 1742 1741 304 319 1743 1742 319 303 1740 1743 304 305 1745 1744 305 321 1746 1745 321 320 1747 1746 320 304 1744 1747 305 306 1749 1748 306 322 1750 1749 322 321 1751 1750 321 305 1748 1751 306 307 1753 1752 307 323 1754 1753 323 322 1755 1754 322 306 1752 1755 307 308 1757 1756 308 324 1758 1757 324 323 1759 1758 323 307 1756 1759 308 309 1761 1760 309 325 1762 1761 325 324 1763 1762 324 308 1760 1763 309 310 1765 1764 310 326 1766 1765 326 325 1767 1766 325 309 1764 1767 310 311 1769 1768 311 327 1770 1769 327 326 1771 1770 326 310 1768 1771 311 312 1773 1772 312 328 1774 1773 328 327 1775 1774 327 311 1772 1775 312 313 1777 1776 313 329 1778 1777 329 328 1779 1778 328 312 1776 1779 313 314 1781 1780 314 330 1782 1781 330 329 1783 1782 329 313 1780 1783 314 315 1785 1784 315 331 1786 1785 331 330 1787 1786 330 314 1784 1787 315 316 1789 1788 316 332 1790 1789 332 331 1791 1790 331 315 1788 1791 316 317 1793 1792 317 333 1794 1793 333 332 1795 1794 332 316 1792 1795 317 318 1797 1796 318 334 1798 1797 334 333 1799 1798 333 317 1796 1799 318 319 1801 1800 319 335 1802 1801 335 334 1803 1802 334 318 1800 1803 319 304 1805 1804 304 320 1806 1805 320 335 1807 1806 335 319 1804 1807 320 321 1809 1808 321 337 1810 1809 337 336 1811 1810 336 320 1808 1811 321 322 1813 1812 322 338 1814 1813 338 337 1815 1814 337 321 1812 1815 322 323 1817 1816 323 339 1818 1817 339 338 1819 1818 338 322 1816 1819 323 324 1821 1820 324 340 1822 1821 340 339 1823 1822 339 323 1820 1823 324 325 1825 1824 325 341 1826 1825 341 340 1827 1826 340 324 1824 1827 325 326 1829 1828 326 342 1830 1829 342 341 1831 1830 341 325 1828 1831 326 327 1833 1832 327 343 1834 1833 343 342 1835 1834 342 326 1832 1835 327 328 1837 1836 328 344 1838 1837 344 343 1839 1838 343 327 1836 1839 328 329 1841 1840 329 345 1842 1841 345 344 1843 1842 344 328 1840 1843 329 330 1845 1844 330 346 1846 1845 346 345 1847 1846 345 329 1844 1847 330 331 1849 1848 331 347 1850 1849 347 346 1851 1850 346 330 1848 1851 331 332 1853 1852 332 348 1854 1853 348 347 1855 1854 347 331 1852 1855 332 333 1857 1856 333 349 1858 1857 349 348 1859 1858 348 332 1856 1859 333 334 1861 1860 334 350 1862 1861 350 349 1863 1862 349 333 1860 1863 334 335 1865 1864 335 351 1866 1865 351 350 1867 1866 350 334 1864 1867 335 320 1869 1868 320 336 1870 1869 336 351 1871 1870 351 335 1868 1871 336 337 1873 1872 337 353 1874 1873 353 352 1875 1874 352 336 1872 1875 337 338 1877 1876 338 354 1878 1877 354 353 1879 1878 353 337 1876 1879 338 339 1881 1880 339 355 1882 1881 355 354 1883 1882 354 338 1880 1883 339 340 1885 1884 340 356 1886 1885 356 355 1887 1886 355 339 1884 1887 340 341 1889 1888 341 357 1890 1889 357 356 1891 1890 356 340 1888 1891 341 342 1893 1892 342 358 1894 1893 358 357 1895 1894 357 341 1892 1895 342 343 1897 1896 343 359 1898 1897 359 358 1899 1898 358 342 1896 1899 343 344 1901 1900 344 360 1902 1901 360 359 1903 1902 359 343 1900 1903 344 345 1905 1904 345 361 1906 1905 361 360 1907 1906 360 344 1904 1907 345 346 1909 1908 346 362 1910 1909 362 361 1911 1910 361 345 1908 1911 346 347 1913 1912 347 363 1914 1913 363 362 1915 1914 362 346 1912 1915 347 348 1917 1916 348 364 1918 1917 364 363 1919 1918 363 347 1916 1919 348 349 1921 1920 349 365 1922 1921 365 364 1923 1922 364 348 1920 1923 349 350 1925 1924 350 366 1926 1925 366 365 1927 1926 365 349 1924 1927 350 351 1929 1928 351 367 1930 1929 367 366 1931 1930 366 350 1928 1931 351 336 1933 1932 336 352 1934 1933 352 367 1935 1934 367 351 1932 1935 352 353 1937 1936 353 369 1938 1937 369 368 1939 1938 368 352 1936 1939 353 354 1941 1940 354 370 1942 1941 370 369 1943 1942 369 353 1940 1943 354 355 1945 1944 355 371 1946 1945 371 370 1947 1946 370 354 1944 1947 355 356 1949 1948 356 372 1950 1949 372 371 1951 1950 371 355 1948 1951 356 357 1953 1952 357 373 1954 1953 373 372 1955 1954 372 356 1952 1955 357 358 1957 1956 358 374 1958 1957 374 373 1959 1958 373 357 1956 1959 358 359 1961 1960 359 375 1962 1961 375 374 1963 1962 374 358 1960 1963 359 360 1965 1964 360 376 1966 1965 376 375 1967 1966 375 359 1964 1967 360 361 1969 1968 361 377 1970 1969 377 376 1971 1970 376 360 1968 1971 361 362 1973 1972 362 378 1974 1973 378 377 1975 1974 377 361 1972 1975 362 363 1977 1976 363 379 1978 1977 379 378 1979 1978 378 362 1976 1979 363 364 1981 1980 364 380 1982 1981 380 379 1983 1982 379 363 1980 1983 364 365 1985 1984 365 381 1986 1985 381 380 1987 1986 380 364 1984 1987 365 366 1989 1988 366 382 1990 1989 382 381 1991 1990 381 365 1988 1991 366 367 1993 1992 367 383 1994 1993 383 382 1995 1994 382 366 1992 1995 367 352 1997 1996 352 368 1998 1997 368 383 1999 1998 383 367 1996 1999 368 369 2001 2000 369 385 2002 2001 385 384 2003 2002 384 368 2000 2003 369 370 2005 2004 370 386 2006 2005 386 385 2007 2006 385 369 2004 2007 370 371 2009 2008 371 387 2010 2009 387 386 2011 2010 386 370 2008 2011 371 372 2013 2012 372 388 2014 2013 388 387 2015 2014 387 371 2012 2015 372 373 2017 2016 373 389 2018 2017 389 388 2019 2018 388 372 2016 2019 373 374 2021 2020 374 390 2022 2021 390 389 2023 2022 389 373 2020 2023 374 375 2025 2024 375 391 2026 2025 391 390 2027 2026 390 374 2024 2027 375 376 2029 2028 376 392 2030 2029 392 391 2031 2030 391 375 2028 2031 376 377 2033 2032 377 393 2034 2033 393 392 2035 2034 392 376 2032 2035 377 378 2037 2036 378 394 2038 2037 394 393 2039 2038 393 377 2036 2039 378 379 2041 2040 379 395 2042 2041 395 394 2043 2042 394 378 2040 2043 379 380 2045 2044 380 396 2046 2045 396 395 2047 2046 395 379 2044 2047 380 381 2049 2048 381 397 2050 2049 397 396 2051 2050 396 380 2048 2051 381 382 2053 2052 382 398 2054 2053 398 397 2055 2054 397 381 2052 2055 382 383 2057 2056 383 399 2058 2057 399 398 2059 2058 398 382 2056 2059 383 368 2061 2060 368 384 2062 2061 384 399 2063 2062 399 383 2060 2063 384 385 2065 2064 385 401 2066 2065 401 400 2067 2066 400 384 2064 2067 385 386 2069 2068 386 402 2070 2069 402 401 2071 2070 401 385 2068 2071 386 387 2073 2072 387 403 2074 2073 403 402 2075 2074 402 386 2072 2075 387 388 2077 2076 388 404 2078 2077 404 403 2079 2078 403 387 2076 2079 388 389 2081 2080 389 405 2082 2081 405 404 2083 2082 404 388 2080 2083 389 390 2085 2084 390 406 2086 2085 406 405 2087 2086 405 389 2084 2087 390 391 2089 2088 391 407 2090 2089 407 406 2091 2090 406 390 2088 2091 391 392 2093 2092 392 408 2094 2093 408 407 2095 2094 407 391 2092 2095 392 393 2097 2096 393 409 2098 2097 409 408 2099 2098 408 392 2096 2099 393 394 2101 2100 394 410 2102 2101 410 409 2103 2102 409 393 2100 2103 394 395 2105 2104 395 411 2106 2105 411 410 2107 2106 410 394 2104 2107 395 396 2109 2108 396 412 2110 2109 412 411 2111 2110 411 395 2108 2111 396 397 2113 2112 397 413 2114 2113 413 412 2115 2114 412 396 2112 2115 397 398 2117 2116 398 414 2118 2117 414 413 2119 2118 413 397 2116 2119 398 399 2121 2120 399 415 2122 2121 415 414 2123 2122 414 398 2120 2123 399 384 2125 2124 384 400 2126 2125 400 415 2127 2126 415 399 2124 2127 400 401 2129 2128 401 417 2130 2129 417 416 2131 2130 416 400 2128 2131 401 402 2133 2132 402 418 2134 2133 418 417 2135 2134 417 401 2132 2135 402 403 2137 2136 403 419 2138 2137 419 418 2139 2138 418 402 2136 2139 403 404 2141 2140 404 420 2142 2141 420 419 2143 2142 419 403 2140 2143 404 405 2145 2144 405 421 2146 2145 421 420 2147 2146 420 404 2144 2147 405 406 2149 2148 406 422 2150 2149 422 421 2151 2150 421 405 2148 2151 406 407 2153 2152 407 423 2154 2153 423 422 2155 2154 422 406 2152 2155 407 408 2157 2156 408 424 2158 2157 424 423 2159 2158 423 407 2156 2159 408 409 2161 2160 409 425 2162 2161 425 424 2163 2162 424 408 2160 2163 409 410 2165 2164 410 426 2166 2165 426 425 2167 2166 425 409 2164 2167 410 411 2169 2168 411 427 2170 2169 427 426 2171 2170 426 410 2168 2171 411 412 2173 2172 412 428 2174 2173 428 427 2175 2174 427 411 2172 2175 412 413 2177 2176 413 429 2178 2177 429 428 2179 2178 428 412 2176 2179 413 414 2181 2180 414 430 2182 2181 430 429 2183 2182 429 413 2180 2183 414 415 2185 2184 415 431 2186 2185 431 430 2187 2186 430 414 2184 2187 415 400 2189 2188 400 416 2190 2189 416 431 2191 2190 431 415 2188 2191 416 417 2193 2192 417 433 2194 2193 433 432 2195 2194 432 416 2192 2195 417 418 2197 2196 418 434 2198 2197 434 433 2199 2198 433 417 2196 2199 418 419 2201 2200 419 435 2202 2201 435 434 2203 2202 434 418 2200 2203 419 420 2205 2204 420 436 2206 2205 436 435 2207 2206 435 419 2204 2207 420 421 2209 2208 421 437 2210 2209 437 436 2211 2210 436 420 2208 2211 421 422 2213 2212 422 438 2214 2213 438 437 2215 2214 437 421 2212 2215 422 423 2217 2216 423 439 2218 2217 439 438 2219 2218 438 422 2216 2219 423 424 2221 2220 424 440 2222 2221 440 439 2223 2222 439 423 2220 2223 424 425 2225 2224 425 441 2226 2225 441 440 2227 2226 440 424 2224 2227 425 426 2229 2228 426 442 2230 2229 442 441 2231 2230 441 425 2228 2231 426 427 2233 2232 427 443 2234 2233 443 442 2235 2234 442 426 2232 2235 427 428 2237 2236 428 444 2238 2237 444 443 2239 2238 443 427 2236 2239 428 429 2241 2240 429 445 2242 2241 445 444 2243 2242 444 428 2240 2243 429 430 2245 2244 430 446 2246 2245 446 445 2247 2246 445 429 2244 2247 430 431 2249 2248 431 447 2250 2249 447 446 2251 2250 446 430 2248 2251 431 416 2253 2252 416 432 2254 2253 432 447 2255 2254 447 431 2252 2255 432 433 2257 2256 433 449 2258 2257 449 448 2259 2258 448 432 2256 2259 433 434 2261 2260 434 450 2262 2261 450 449 2263 2262 449 433 2260 2263 434 435 2265 2264 435 451 2266 2265 451 450 2267 2266 450 434 2264 2267 435 436 2269 2268 436 452 2270 2269 452 451 2271 2270 451 435 2268 2271 436 437 2273 2272 437 453 2274 2273 453 452 2275 2274 452 436 2272 2275 437 438 2277 2276 438 454 2278 2277 454 453 2279 2278 453 437 2276 2279 438 439 2281 2280 439 455 2282 2281 455 454 2283 2282 454 438 2280 2283 439 440 2285 2284 440 456 2286 2285 456 455 2287 2286 455 439 2284 2287 440 441 2289 2288 441 457 2290 2289 457 456 2291 2290 456 440 2288 2291 441 442 2293 2292 442 458 2294 2293 458 457 2295 2294 457 441 2292 2295 442 443 2297 2296 443 459 2298 2297 459 458 2299 2298 458 442 2296 2299 443 444 2301 2300 444 460 2302 2301 460 459 2303 2302 459 443 2300 2303 444 445 2305 2304 445 461 2306 2305 461 460 2307 2306 460 444 2304 2307 445 446 2309 2308 446 462 2310 2309 462 461 2311 2310 461 445 2308 2311 446 447 2313 2312 447 463 2314 2313 463 462 2315 2314 462 446 2312 2315 447 432 2317 2316 432 448 2318 2317 448 463 2319 2318 463 447 2316 2319 448 449 2321 2320 449 465 2322 2321 465 464 2323 2322 464 448 2320 2323 449 450 2325 2324 450 466 2326 2325 466 465 2327 2326 465 449 2324 2327 450 451 2329 2328 451 467 2330 2329 467 466 2331 2330 466 450 2328 2331 451 452 2333 2332 452 468 2334 2333 468 467 2335 2334 467 451 2332 2335 452 453 2337 2336 453 469 2338 2337 469 468 2339 2338 468 452 2336 2339 453 454 2341 2340 454 470 2342 2341 470 469 2343 2342 469 453 2340 2343 454 455 2345 2344 455 471 2346 2345 471 470 2347 2346 470 454 2344 2347 455 456 2349 2348 456 472 2350 2349 472 471 2351 2350 471 455 2348 2351 456 457 2353 2352 457 473 2354 2353 473 472 2355 2354 472 456 2352 2355 457 458 2357 2356 458 474 2358 2357 474 473 2359 2358 473 457 2356 2359 458 459 2361 2360 459 475 2362 2361 475 474 2363 2362 474 458 2360 2363 459 460 2365 2364 460 476 2366 2365 476 475 2367 2366 475 459 2364 2367 460 461 2369 2368 461 477 2370 2369 477 476 2371 2370 476 460 2368 2371 461 462 2373 2372 462 478 2374 2373 478 477 2375 2374 477 461 2372 2375 462 463 2377 2376 463 479 2378 2377 479 478 2379 2378 478 462 2376 2379 463 448 2381 2380 448 464 2382 2381 464 479 2383 2382 479 463 2380 2383 464 465 2385 2384 465 481 2386 2385 481 480 2387 2386 480 464 2384 2387 465 466 2389 2388 466 482 2390 2389 482 481 2391 2390 481 465 2388 2391 466 467 2393 2392 467 483 2394 2393 483 482 2395 2394 482 466 2392 2395 467 468 2397 2396 468 484 2398 2397 484 483 2399 2398 483 467 2396 2399 468 469 2401 2400 469 485 2402 2401 485 484 2403 2402 484 468 2400 2403 469 470 2405 2404 470 486 2406 2405 486 485 2407 2406 485 469 2404 2407 470 471 2409 2408 471 487 2410 2409 487 486 2411 2410 486 470 2408 2411 471 472 2413 2412 472 488 2414 2413 488 487 2415 2414 487 471 2412 2415 472 473 2417 2416 473 489 2418 2417 489 488 2419 2418 488 472 2416 2419 473 474 2421 2420 474 490 2422 2421 490 489 2423 2422 489 473 2420 2423 474 475 2425 2424 475 491 2426 2425 491 490 2427 2426 490 474 2424 2427 475 476 2429 2428 476 492 2430 2429 492 491 2431 2430 491 475 2428 2431 476 477 2433 2432 477 493 2434 2433 493 492 2435 2434 492 476 2432 2435 477 478 2437 2436 478 494 2438 2437 494 493 2439 2438 493 477 2436 2439 478 479 2441 2440 479 495 2442 2441 495 494 2443 2442 494 478 2440 2443 479 464 2445 2444 464 480 2446 2445 480 495 2447 2446 495 479 2444 2447 480 481 2449 2448 481 497 2450 2449 497 496 2451 2450 496 480 2448 2451 481 482 2453 2452 482 498 2454 2453 498 497 2455 2454 497 481 2452 2455 482 483 2457 2456 483 499 2458 2457 499 498 2459 2458 498 482 2456 2459 483 484 2461 2460 484 500 2462 2461 500 499 2463 2462 499 483 2460 2463 484 485 2465 2464 485 501 2466 2465 501 500 2467 2466 500 484 2464 2467 485 486 2469 2468 486 502 2470 2469 502 501 2471 2470 501 485 2468 2471 486 487 2473 2472 487 503 2474 2473 503 502 2475 2474 502 486 2472 2475 487 488 2477 2476 488 504 2478 2477 504 503 2479 2478 503 487 2476 2479 488 489 2481 2480 489 505 2482 2481 505 504 2483 2482 504 488 2480 2483 489 490 2485 2484 490 506 2486 2485 506 505 2487 2486 505 489 2484 2487 490 491 2489 2488 491 507 2490 2489 507 506 2491 2490 506 490 2488 2491 491 492 2493 2492 492 508 2494 2493 508 507 2495 2494 507 491 2492 2495 492 493 2497 2496 493 509 2498 2497 509 508 2499 2498 508 492 2496 2499 493 494 2501 2500 494 510 2502 2501 510 509 2503 2502 509 493 2500 2503 494 495 2505 2504 495 511 2506 2505 511 510 2507 2506 510 494 2504 2507 495 480 2509 2508 480 496 2510 2509 496 511 2511 2510 511 495 2508 2511 496 497 2513 2512 497 513 2514 2513 513 512 2515 2514 512 496 2512 2515 497 498 2517 2516 498 514 2518 2517 514 513 2519 2518 513 497 2516 2519 498 499 2521 2520 499 515 2522 2521 515 514 2523 2522 514 498 2520 2523 499 500 2525 2524 500 516 2526 2525 516 515 2527 2526 515 499 2524 2527 500 501 2529 2528 501 517 2530 2529 517 516 2531 2530 516 500 2528 2531 501 502 2533 2532 502 518 2534 2533 518 517 2535 2534 517 501 2532 2535 502 503 2537 2536 503 519 2538 2537 519 518 2539 2538 518 502 2536 2539 503 504 2541 2540 504 520 2542 2541 520 519 2543 2542 519 503 2540 2543 504 505 2545 2544 505 521 2546 2545 521 520 2547 2546 520 504 2544 2547 505 506 2549 2548 506 522 2550 2549 522 521 2551 2550 521 505 2548 2551 506 507 2553 2552 507 523 2554 2553 523 522 2555 2554 522 506 2552 2555 507 508 2557 2556 508 524 2558 2557 524 523 2559 2558 523 507 2556 2559 508 509 2561 2560 509 525 2562 2561 525 524 2563 2562 524 508 2560 2563 509 510 2565 2564 510 526 2566 2565 526 525 2567 2566 525 509 2564 2567 510 511 2569 2568 511 527 2570 2569 527 526 2571 2570 526 510 2568 2571 511 496 2573 2572 496 512 2574 2573 512 527 2575 2574 527 511 2572 2575 1 0 2577 2576 0 15 2578 2577 15 14 2579 2578 14 13 2580 2579 13 12 2581 2580 12 11 2582 2581 11 10 2583 2582 10 9 2584 2583 9 8 2585 2584 8 7 2586 2585 7 6 2587 2586 6 5 2588 2587 5 4 2589 2588 4 3 2590 2589 3 2 2591 2590 2 1 2576 2591 512 513 2593 2592 513 514 2594 2593 514 515 2595 2594 515 516 2596 2595 516 517 2597 2596 517 518 2598 2597 518 519 2599 2598 519 520 2600 2599 520 521 2601 2600 521 522 2602 2601 522 523 2603 2602 523 524 2604 2603 524 525 2605 2604 525 526 2606 2605 526 527 2607 2606 527 512 2592 2607 
</DataArray>
<DataArray type="Int32" Name="offsets" format="ascii">
4 8 12 16 20 24 28 32 36 40 44 48 52 56 60 64 68 72 76 80 84 88 92 96 100 104 108 112 116 120 124 128 132 136 140 144 148 152 156 160 164 168 172 176 180 184 188 192 196 200 204 208 212 216 220 224 228 232 236 240 244 248 252 256 260 264 268 272 276 280 284 288 292 296 300 304 308 312 316 320 324 328 332 336 340 344 348 352 356 360 364 368 372 376 380 384 388 392 396 400 404 408 412 416 420 424 428 432 436 440 444 448 452 456 460 464 468 472 476 480 484 488 492 496 500 504 508 512 516 520 524 528 532 536 540 544 548 552 556 560 564 568 572 576 580 584 588 592 596 600 604 608 612 616 620 624 628 632 636 640 644 648 652 656 660 664 668 672 676 680 684 688 692 696 700 704 708 712 716 720 724 728 732 736 740 744 748 752 756 760 764 768 772 776 780 784 788 792 796 800 804 808 812 816 820 824 828 832 836 840 844 848 852 856 860 864 868 872 876 880 884 888 892 896 900 904 908 912 916 920 924 928 932 936 940 944 948 952 956 960 964 968 972 976 980 984 988 992 996 1000 1004 1008 1012 1016 1020 1024 1028 1032 1036 1040 1044 1048 1052 1056 1060 1064 1068 1072 1076 1080 1084 1088 1092 1096 1100 1104 1108 1112 1116 1120 1124 1128 1132 1136 1140 1144 1148 1152 1156 1160 1164 1168 1172 1176 1180 1184 1188 1192 1196 1200 1204 1208 1212 1216 1220 1224 1228 1232 1236 1240 1244 1248 1252 1256 1260 1264 1268 1272 1276 1280 1284 1288 1292 1296 1300 1304 1308 1312 1316 1320 1324 1328 1332 1336 1340 1344 1348 1352 1356 1360 1364 1368 1372 1376 1380 1384 1388 1392 1396 1400 1404 1408 1412 1416 1420 1424 1428 1432 1436 1440 1444 1448 1452 1456 1460 1464 1468 1472 1476 1480 1484 1488 1492 1496 1500 1504 1508 1512 1516 1520 1524 1528 1532 1536 1540 1544 1548 1552 1556 1560 1564 1568 1572 1576 1580 1584 1588 1592 1596 1600 1604 1608 1612 1616 1620 1624 1628 1632 1636 1640 1644 1648 1652 1656 1660 1664 1668 1672 1676 1680 1684 1688 1692 1696 1700 1704 1708 1712 1716 1720 1724 1728 1732 1736 1740 1744 1748 1752 1756 1760 1764 1768 1772 1776 1780 1784 1788 1792 1796 1800 1804 1808 1812 1816 1820 1824 1828 1832 1836 1840 1844 1848 1852 1856 1860 1864 1868 1872 1876 1880 1884 1888 1892 1896 1900 1904 1908 1912 1916 1920 1924 1928 1932 1936 1940 1944 1948 1952 1956 1960 1964 1968 1972 1976 1980 1984 1988 1992 1996 2000 2004 2008 2012 2016 2020 2024 2028 2032 2036 2040 2044 2048 2052 2056 2060 2064 2068 2072 2076 2080 2084 2088 2092 2096 2100 2104 2108 2112 2116 2120 2124 2128 2132 2136 2140 2144 2148 2152 2156 2160 2164 2168 2172 2176 2180 2184 2188 2192 2196 2200 2204 2208 2212 2216 2220 2224 2228 2232 2236 2240 2244 2248 2252 2256 2260 2264 2268 2272 2276 2280 2284 2288 2292 2296 2300 2304 2308 2312 2316 2320 2324 2328 2332 2336 2340 2344 2348 2352 2356 2360 2364 2368 2372 2376 2380 2384 2388 2392 2396 2400 2404 2408 2412 2416 2420 2424 2428 2432 2436 2440 2444 2448 2452 2456 2460 2464 2468 2472 2476 2480 2484 2488 2492 2496 2500 2504 2508 2512 2516 2520 2524 2528 2532 2536 2540 2544 2548 2552 2556 2560 2564 2568 2572 2576 2580 2584 2588 2592 2596 2600 2604 2608 2612 2616 2620 2624 2628 2632 2636 2640 2644 2648 2652 2656 2660 2664 2668 2672 2676 2680 2684 2688 2692 2696 2700 2704 2708 2712 2716 2720 2724 2728 2732 2736 2740 2744 2748 2752 2756 2760 2764 2768 2772 2776 2780 2784 2788 2792 2796 2800 2804 2808 2812 2816 2820 2824 2828 2832 2836 2840 2844 2848 2852 2856 2860 2864 2868 2872 2876 2880 2884 2888 2892 2896 2900 2904 2908 2912 2916 2920 2924 2928 2932 2936 2940 2944 2948 2952 2956 2960 2964 2968 2972 2976 2980 2984 2988 2992 2996 3000 3004 3008 3012 3016 3020 3024 3028 3032 3036 3040 3044 3048 3052 3056 3060 3064 3068 3072 3076 3080 3084 3088 3092 3096 3100 3104 3108 3112 3116 3120 3124 3128 3132 3136 3140 3144 3148 3152 3156 3160 3164 3168 3172 3176 3180 3184 3188 3192 3196 3200 3204 3208 3212 3216 3220 3224 3228 3232 3236 3240 3244 3248 3252 3256 3260 3264 3268 3272 3276 3280 3284 3288 3292 3296 3300 3304 3308 3312 3316 3320 3324 3328 3332 3336 3340 3344 3348 3352 3356 3360 3364 3368 3372 3376 3380 3384 3388 3392 3396 3400 3404 3408 3412 3416 3420 3424 3428 3432 3436 3440 3444 3448 3452 3456 3460 3464 3468 3472 3476 3480 3484 3488 3492 3496 3500 3504 3508 3512 3516 3520 3524 3528 3532 3536 3540 3544 3548 3552 3556 3560 3564 3568 3572 3576 3580 3584 3588 3592 3596 3600 3604 3608 3612 3616 3620 3624 3628 3632 3636 3640 3644 3648 3652 3656 3660 3664 3668 3672 3676 3680 3684 3688 3692 3696 3700 3704 3708 3712 3716 3720 3724 3728 3732 3736 3740 3744 3748 3752 3756 3760 3764 3768 3772 3776 3780 3784 3788 3792 3796 3800 3804 3808 3812 3816 3820 3824 3828 3832 3836 3840 3844 3848 3852 3856 3860 3864 3868 3872 3876 3880 3884 3888 3892 3896 3900 3904 3908 3912 3916 3920 3924 3928 3932 3936 3940 3944 3948 3952 3956 3960 3964 3968 3972 3976 3980 3984 3988 3992 3996 4000 4004 4008 4012 4016 4020 4024 4028 4032 4036 4040 4044 4048 4052 4056 4060 4064 4068 4072 4076 4080 4084 4088 4092 4096 4100 4104 4108 4112 4116 4120 4124 4128 4132 4136 4140 4144 4148 4152 4156 4160 4164 4168 4172 4176 4180 4184 4188 4192 4196 4200 4204 4208 4212 4216 4220 4224 4228 4232 4236 4240 4244 4248 4252 4256 4260 4264 4268 4272 4276 4280 4284 4288 4292 4296 4300 4304 4308 4312 4316 4320 4324 4328 4332 4336 4340 4344 4348 4352 4356 4360 4364 4368 4372 4376 4380 4384 4388 4392 4396 4400 4404 4408 4412 4416 4420 4424 4428 4432 4436 4440 4444 4448 4452 4456 4460 4464 4468 4472 4476 4480 4484 4488 4492 4496 4500 4504 4508 4512 4516 4520 4524 4528 4532 4536 4540 4544 4548 4552 4556 4560 4564 4568 4572 4576 4580 4584 4588 4592 4596 4600 4604 4608 4612 4616 4620 4624 4628 4632 4636 4640 4644 4648 4652 4656 4660 4664 4668 4672 4676 4680 4684 4688 4692 4696 4700 4704 4708 4712 4716 4720 4724 4728 4732 4736 4740 4744 4748 4752 4756 4760 4764 4768 4772 4776 4780 4784 4788 4792 4796 4800 4804 4808 4812 4816 4820 4824 4828 4832 4836 4840 4844 4848 4852 4856 4860 4864 4868 4872 4876 4880 4884 4888 4892 4896 4900 4904 4908 4912 4916 4920 4924 4928 4932 4936 4940 4944 4948 4952 4956 4960 4964 4968 4972 4976 4980 4984 4988 4992 4996 5000 5004 5008 5012 5016 5020 5024 5028 5032 5036 5040 5044 5048 5052 5056 5060 5064 5068 5072 5076 5080 5084 5088 5092 5096 5100 5104 5108 5112 5116 5120 5124 5128 5132 5136 5140 5144 5148 5152 5156 5160 5164 5168 5172 5176 5180 5184 5188 5192 5196 5200 5204 5208 5212 5216 5220 5224 5228 5232 5236 5240 5244 5248 5252 5256 5260 5264 5268 5272 5276 5280 5284 5288 5292 5296 5300 5304 5308 5312 5316 5320 5324 5328 5332 5336 5340 5344 5348 5352 5356 5360 5364 5368 5372 5376 5380 5384 5388 5392 5396 5400 5404 5408 5412 5416 5420 5424 5428 5432 5436 5440 5444 5448 5452 5456 5460 5464 5468 5472 5476 5480 5484 5488 5492 5496 5500 5504 5508 5512 5516 5520 5524 5528 5532 5536 5540 5544 5548 5552 5556 5560 5564 5568 5572 5576 5580 5584 5588 5592 5596 5600 5604 5608 5612 5616 5620 5624 5628 5632 5636 5640 5644 5648 5652 5656 5660 5664 5668 5672 5676 5680 5684 5688 5692 5696 5700 5704 5708 5712 5716 5720 5724 5728 5732 5736 5740 5744 5748 5752 5756 5760 5764 5768 5772 5776 5780 5784 5788 5792 5796 5800 5804 5808 5812 5816 5820 5824 5828 5832 5836 5840 5844 5848 5852 5856 5860 5864 5868 5872 5876 5880 5884 5888 5892 5896 5900 5904 5908 5912 5916 5920 5924 5928 5932 5936 5940 5944 5948 5952 5956 5960 5964 5968 5972 5976 5980 5984 5988 5992 5996 6000 6004 6008 6012 6016 6020 6024 6028 6032 6036 6040 6044 6048 6052 6056 6060 6064 6068 6072 6076 6080 6084 6088 6092 6096 6100 6104 6108 6112 6116 6120 6124 6128 6132 6136 6140 6144 6148 6152 6156 6160 6164 6168 6172 6176 6180 6184 6188 6192 6196 6200 6204 6208 6212 6216 6220 6224 6228 6232 6236 6240 6244 6248 6252 6256 6260 6264 6268 6272 6276 6280 6284 6288 6292 6296 6300 6304 6308 6312 6316 6320 6324 6328 6332 6336 6340 6344 6348 6352 6356 6360 6364 6368 6372 6376 6380 6384 6388 6392 6396 6400 6404 6408 6412 6416 6420 6424 6428 6432 6436 6440 6444 6448 6452 6456 6460 6464 6468 6472 6476 6480 6484 6488 6492 6496 6500 6504 6508 6512 6516 6520 6524 6528 6532 6536 6540 6544 6548 6552 6556 6560 6564 6568 6572 6576 6580 6584 6588 6592 6596 6600 6604 6608 6612 6616 6620 6624 6628 6632 6636 6640 6644 6648 6652 6656 6660 6664 6668 6672 6676 6680 6684 6688 6692 6696 6700 6704 6708 6712 6716 6720 6724 6728 6732 6736 6740 6744 6748 6752 6756 6760 6764 6768 6772 6776 6780 6784 6788 6792 6796 6800 6804 6808 6812 6816 6820 6824 6828 6832 6836 6840 6844 6848 6852 6856 6860 6864 6868 6872 6876 6880 6884 6888 6892 6896 6900 6904 6908 6912 6916 6920 6924 6928 6932 6936 6940 6944 6948 6952 6956 6960 6964 6968 6972 6976 6980 6984 6988 6992 6996 7000 7004 7008 7012 7016 7020 7024 7028 7032 7036 7040 7044 7048 7052 7056 7060 7064 7068 7072 7076 7080 7084 7088 7092 7096 7100 7104 7108 7112 7116 7120 7124 7128 7132 7136 7140 7144 7148 7152 7156 7160 7164 7168 7172 7176 7180 7184 7188 7192 7196 7200 7204 7208 7212 7216 7220 7224 7228 7232 7236 7240 7244 7248 7252 7256 7260 7264 7268 7272 7276 7280 7284 7288 7292 7296 7300 7304 7308 7312 7316 7320 7324 7328 7332 7336 7340 7344 7348 7352 7356 7360 7364 7368 7372 7376 7380 7384 7388 7392 7396 7400 7404 7408 7412 7416 7420 7424 7428 7432 7436 7440 7444 7448 7452 7456 7460 7464 7468 7472 7476 7480 7484 7488 7492 7496 7500 7504 7508 7512 7516 7520 7524 7528 7532 7536 7540 7544 7548 7552 7556 7560 7564 7568 7572 7576 7580 7584 7588 7592 7596 7600 7604 7608 7612 7616 7620 7624 7628 7632 7636 7640 7644 7648 7652 7656 7660 7664 7668 7672 7676 7680 7684 7688 7692 7696 7700 7704 7708 7712 7716 7720 7724 7728 7732 7736 7740 7744 7748 7752 7756 7760 7764 7768 7772 7776 7780 7784 7788 7792 7796 7800 7804 7808 7812 7816 7820 7824 7828 7832 7836 7840 7844 7848 7852 7856 7860 7864 7868 7872 7876 7880 7884 7888 7892 7896 7900 7904 7908 7912 7916 7920 7924 7928 7932 7936 7940 7944 7948 7952 7956 7960 7964 7968 7972 7976 7980 7984 7988 7992 7996 8000 8004 8008 8012 8016 8020 8024 8028 8032 8036 8040 8044 8048 8052 8056 8060 8064 8068 8072 8076 8080 8084 8088 8092 8096 8100 8104 8108 8112 8116 8120 8124 8128 8132 8136 8140 8144 8148 8152 8156 8160 8164 8168 8172 8176 8180 8184 8188 8192 8196 8200 8204 8208 8212 8216 8220 8224 8228 8232 8236 8240 8244 8248 8252 8256 8260 8264 8268 8272 8276 8280 8284 8288 8292 8296 8300 8304 8308 8312 8316 8320 
</DataArray>
<DataArray type="UInt8" Name="types" format="ascii">
7 7 7 7 7 7 7 7 7 7 7 7 7 7 7 7 7 7 7 7 7 7 7 7 7 7 7 7 7 7 7 7 7 7 7 7 7 7 7 7 7 7 7 7 7 7 7 7 7 7 7 7 7 7 7 7 7 7 7 7 7 7 7 7 7 7 7 7 7 7 7 7 7 7 7 7 7 7 7 7 7 7 7 7 7 7 7 7 7 7 7 7 7 7 7 7 7 7 7 7 7 7 7 7 7 7 7 7 7 7 7 7 7 7 7 7 7 7 7 7 7 7 7 7 7 7 7 7 7 7 7 7 7 7 7 7 7 7 7 7 7 7 7 7 7 7 7 7 7 7 7 7 7 7 7 7 7 7 7 7 7 7 7 7 7 7 7 7 7 7 7 7 7 7 7 7 7 7 7 7 7 7 7 7 7 7 7 7 7 7 7 7 7 7 7 7 7 7 7 7 7 7 7 7 7 7 7 7 7 7 7 7 7 7 7 7 7 7 7 7 7 7 7 7 7 7 7 7 7 7 7 7 7 7 7 7 7 7 7 7 7 7 7 7 7 7 7 7 7 7 7 7 7 7 7 7 7 7 7 7 7 7 7 7 7 7 7 7 7 7 7 7 7 7 7 7 7 7 7 7 7 7 7 7 7 7 7 7 7 7 7 7 7 7 7 7 7 7 7 7 7 7 7 7 7 7 7 7 7 7 7 7 7 7 7 7 7 7 7 7 7 7 7 7 7 7 7 7 7 7 7 7 7 7 7 7 7 7 7 7 7 7 7 7 7 7 7 7 7 7 7 7 7 7 7 7 7 7 7 7 7 7 7 7 7 7 7 7 7 7 7 7 7 7 7 7 7 7 7 7 7 7 7 7 7 7 7 7 7 7 7 7 7 7 7 7 7 7 7 7 7 7 7 7 7 7 7 7 7 7 7 7 7 7 7 7 7 7 7 7 7 7 7 7 7 7 7 7 7 7 7 7 7 7 7 7 7 7 7 7 7 7 7 7 7 7 7 7 7 7 7 7 7 7 7 7 7 7 7 7 7 7 7 7 7 7 7 7 7 7 7 7 7 7 7 7 7 7 7 7 7 7 7 7 7 7 7 7 7 7 7 7 7 7 7 7 7 7 7 7 7 7 7 7 7 7 7 7 7 7 7 7 7 7 7 7 7 7 7 7 7 7 7 7 7 7 7 7 7 7 7 7 7 7 7 7 7 7 7 7 7 7 7 7 7 7 7 7 7 7 7 7 7 7 7 7 7 7 7 7 7 7 7 7 7 7 7 7 7 7 7 7 7 7 7 7 7 7 7 7 7 7 7 7 7 7 7 7 7 7 7 7 7 7 7 7 7 7 7 7 7 7 7 7 7 7 7 7 7 7 7 7 7 7 7 7 7 7 7 7 7 7 7 7 7 7 7 7 7 7 7 7 7 7 7 7 7 7 7 7 7 7 7 7 7 7 7 7 7 7 7 7 7 7 7 7 7 7 7 7 7 7 7 7 7 7 7 7 7 7 7 7 7 7 7 7 7 7 7 7 7 7 7 7 7 7 7 7 7 7 7 7 7 7 7 7 7 7 7 7 7 7 7 7 7 7 7 7 7 7 7 7 7 7 7 7 7 7 7 7 7 7 7 7 7 7 7 7 7 7 7 7 7 7 7 7 7 7 7 7 7 7 7 7 7 7 7 7 7 7 7 7 7 7 7 7 7 7 7 7 7 7 7 7 7 7 7 7 7 7 7 7 7 7 7 7 7 7 7 7 7 7 7 7 7 7 7 7 7 7 7 7 7 7 7 7 7 7 7 7 7 7 7 7 7 7 7 7 7 7 7 7 7 7 7 7 7 7 7 7 7 7 7 7 7 7 7 7 7 7 7 7 7 7 7 7 7 7 7 7 7 7 7 7 7 7 7 7 7 7 7 7 7 7 7 7 7 7 7 7 7 7 7 7 7 7 7 7 7 7 7 7 7 7 7 7 7 7 7 7 7 7 7 7 7 7 7 7 7 7 7 7 7 7 7 7 7 7 7 7 7 7 7 7 7 7 7 7 7 7 7 7 7 7 7 7 7 7 7 7 7 7 7 7 7 7 7 7 7 7 7 7 7 7 7 7 7 7 7 7 7 7 7 7 7 7 7 7 7 7 7 7 7 7 7 7 7 7 7 7 7 7 7 7 7 7 7 7 7 7 7 7 7 7 7 7 7 7 7 7 7 7 7 7 7 7 7 7 7 7 7 7 7 7 7 7 7 7 7 7 7 7 7 7 7 7 7 7 7 7 7 7 7 7 7 7 7 7 7 7 7 7 7 7 7 7 7 7 7 7 7 7 7 7 7 7 7 7 7 7 7 7 7 7 7 7 7 7 7 7 7 7 7 7 7 7 7 7 7 7 7 7 7 7 7 7 7 7 7 7 7 7 7 7 7 7 7 7 7 7 7 7 7 7 7 7 7 7 7 7 7 7 7 7 7 7 7 7 7 7 7 7 7 7 7 7 7 7 7 7 7 7 7 7 7 7 7 7 7 7 7 7 7 7 7 7 7 7 7 7 7 7 7 7 7 7 7 7 7 7 7 7 7 7 7 7 7 7 7 7 7 7 7 7 7 7 7 7 7 7 7 7 7 7 7 7 7 7 7 7 7 7 7 7 7 7 7 7 7 7 7 7 7 7 7 7 7 7 7 7 7 7 7 7 7 7 7 7 7 7 7 7 7 7 7 7 7 7 7 7 7 7 7 7 7 7 7 7 7 7 7 7 7 7 7 7 7 7 7 7 7 7 7 7 7 7 7 7 7 7 7 7 7 7 7 7 7 7 7 7 7 7 7 7 7 7 7 7 7 7 7 7 7 7 7 7 7 7 7 7 7 7 7 7 7 7 7 7 7 7 7 7 7 7 7 7 7 7 7 7 7 7 7 7 7 7 7 7 7 7 7 7 7 7 7 7 7 7 7 7 7 7 7 7 7 7 7 7 7 7 7 7 7 7 7 7 7 7 7 7 7 7 7 7 7 7 7 7 7 7 7 7 7 7 7 7 7 7 7 7 7 7 7 7 7 7 7 7 7 7 7 7 7 7 7 7 7 7 7 7 7 7 7 7 7 7 7 7 7 7 7 7 7 7 7 7 7 7 7 7 7 7 7 7 7 7 7 7 7 7 7 7 7 7 7 7 7 7 7 7 7 7 7 7 7 7 7 7 7 7 7 7 7 7 7 7 7 7 7 7 7 7 7 7 7 7 7 7 7 7 7 7 7 7 7 7 7 7 7 7 7 7 7 7 7 7 7 7 7 7 7 7 7 7 7 7 7 7 7 7 7 7 7 7 7 7 7 7 7 7 7 7 7 7 7 7 7 7 7 7 7 7 7 7 7 7 7 7 7 7 7 7 7 7 7 7 7 7 7 7 7 7 7 7 7 7 7 7 7 7 7 7 7 7 7 7 7 7 7 7 7 7 7 7 7 7 7 7 7 7 7 7 7 7 7 7 7 7 7 7 7 7 7 7 7 7 7 7 7 7 7 7 7 7 7 7 7 7 7 7 7 7 7 7 7 7 7 7 7 7 7 7 7 7 7 7 7 7 7 7 7 7 7 7 7 7 7 7 7 7 7 7 7 7 7 7 7 7 7 7 7 7 7 7 7 7 7 7 7 7 7 7 7 7 7 7 7 7 7 7 7 7 7 7 7 7 7 7 7 7 7 7 7 7 7 7 7 7 7 7 7 7 7 7 7 7 7 7 7 7 7 7 7 7 7 7 7 7 7 7 7 7 7 7 7 7 7 7 7 7 7 7 7 7 7 7 7 7 7 7 7 7 7 7 7 7 7 7 7 7 7 7 7 7 7 7 7 7 7 7 7 7 7 7 7 7 7 7 7 7 7 7 7 7 7 7 7 7 7 7 7 7 7 7 7 7 7 7 7 7 7 7 7 7 7 7 7 7 7 7 7 7 7 7 7 7 7 7 7 7 7 7 7 7 7 7 7 7 7 7 7 7 7 7 7 7 7 7 7 7 7 7 7 7 7 7 7 7 7 7 7 7 7 7 7 7 7 7 7 7 7 7 7 7 7 7 7 7 7 7 7 7 7 7 7 7 7 7 7 7 7 7 7 7 7 7 7 7 7 7 7 7 7 7 7 7 7 7 7 7 7 7 7 7 7 7 7 7 7 7 7 7 7 7 7 7 7 7 7 7 7 7 7 7 7 7 7 7 7 7 7 7 7 7 7 7 7 7 7 7 7 7 7 7 7 7 7 7 7 7 7 7 7 7 7 7 7 7 7 7 7 7 7 7 7 7 7 7 7 7 7 7 7 7 7 7 7 7 7 7 7 7 7 7 7 7 7 7 7 7 7 7 7 7 7 7 7 7 7 7 7 7 7 7 7 7 7 7 7 7 7 7 7 7 7 7 7 7 7 7 7 7 7 7 7 7 7 7 7 7 7 7 7 7 7 7 7 7 7 7 7 7 7 7 7 7 7 7 7 7 7 7 7 7 7 7 7 7 7 7 7 7 7 7 7 7 7 7 7 7 7 7 7 7 7 7 7 7 7 7 7 7 7 7 7 7 7 7 7 7 7 7 7 7 7 7 7 7 7 7 7 7 7 7 7 7 7 7 7 7 7 7 7 7 7 7 7 7 7 7 7 7 7 7 7 7 7 7 7 7 7 7 7 7 7 7 7 7 7 7 
</DataArray>
</Cells>
<CellData Scalars="wall variable 0">
<DataArray type="Float64" Name="wall length" format="ascii">
29.5757 31.6401 29.5757 31.5997 29.5757 31.6936 29.5757 31.6401 29.5757 31.7659 29.5757 31.6936 29.5757 31.803 29.5757 31.7659 29.5757 31.7191 29.5757 31.803 29.5757 31.6407 29.5757 31.7191 29.5757 31.6211 29.5757 31.6407 29.5757 31.6201 29.5757 31.6211 29.5757 31.6266 29.5757 31.6201 29.5757 31.6475 29.5757 31.6266 29.5757 31.7187 29.5757 31.6475 29.5757 31.8027 29.5757 31.7187 29.5757 31.7678 29.5757 31.8027 29.5757 31.6693 29.5757 31.7678 29.5757 31.5987 29.5757 31.6693 29.5757 31.5997 29.5757 31.5987 29.5757 34.5486 29.5757 34.532 34.6099 29.5757 34.5486 29.5757 34.7016 29.5757 34.6099 29.5757 34.7587 29.5757 34.7016 29.5757 34.69 29.5757 34.7587 29.5757 34.594 29.5757 34.69 29.5757 34.5527 29.5757 34.594 29.5757 34.543 29.5757 34.5527 29.5757 34.5465 29.5757 34.543 29.5757 34.5887 29.5757 34.5465 29.5757 34.6894 29.5757 34.5887 29.5757 34.758 29.5757 34.6894 29.5757 34.7001 29.5757 34.758 29.5757 34.6121 29.5757 34.7001 29.5757 34.5532 29.5757 34.6121 29.5757 29.5757 34.532 29.5757 34.5532 29.5757 34.6373 29.5757 34.6181 29.5757 34.7147 29.5757 34.6373 29.5757 34.8549 29.5757 34.7147 29.5757 34.9438 29.5757 34.8549 29.5757 34.8273 29.5757 34.9438 29.5757 34.6888 29.5757 34.8273 29.5757 34.6475 29.5757 34.6888 29.5757 34.6443 29.5757 34.6475 29.5757 34.6423 29.5757 34.6443 29.5757 34.684 29.5757 34.6423 29.5757 34.8258 29.5757 34.684 29.5757 34.9432 29.5757 34.8258 29.5757 34.8549 29.5757 34.9432 29.5757 34.7183 29.5757 34.8549 29.5757 34.6417 29.5757 34.7183 29.5757 34.6181 29.5757 34.6417 29.5757 34.3926 29.5757 34.2668 29.5757 34.7166 29.5757 34.3926 29.5757 35.0993 29.5757 34.7166 29.5757 35.437 29.5757 35.0993 29.5757 35.6032 29.5757 35.437 29.5757 35.6321 29.5757 35.6032 29.5757 35.6349 29.5757 35.6321 29.5757 35.6352 29.5757 35.6349 29.5757 35.6349 29.5757 35.6352 29.5757 35.6321 29.5757 35.6349 29.5757 35.6031 29.5757 35.6321 29.5757 35.4369 29.5757 35.6031 29.5757 35.0995 29.5757 35.4369 29.5757 34.7191 29.5757 35.0995 29.5757 34.3971 29.5757 34.7191 29.5757 34.2668 29.5757 34.3971 29.5757 34.2775 29.5757 34.1284 29.5757 34.6621 29.5757 34.2775 29.5757 35.1149 29.5757 34.6621 29.5757 35.4572 29.5757 35.1149 29.5757 35.6047 29.5757 35.4572 29.5757 35.6321 29.5757 35.6047 29.5757 35.6349 29.5757 35.6321 29.5757 35.6352 29.5757 35.6349 29.5757 35.6349 29.5757 35.6352 29.5757 35.632 29.5757 35.6349 29.5757 35.6046 29.5757 35.632 29.5757 35.4571 29.5757 35.6046 29.5757 35.1151 29.5757 35.4571 29.5757 34.6641 29.5757 35.1151 29.5757 34.2803 29.5757 34.6641 29.5757 34.1284 29.5757 34.2803 29.5757 34.1895 29.5757 34.0235 29.5757 34.6186 29.5757 34.1895 29.5757 35.1169 29.5757 34.6186 29.5757 35.4676 29.5757 35.1169 29.5757 35.6058 29.5757 35.4676 29.5757 35.632 29.5757 35.6058 29.5757 35.6349 29.5757 35.632 29.5757 35.6352 29.5757 35.6349 29.5757 35.6349 29.5757 35.6352 29.5757 35.632 29.5757 35.6349 29.5757 35.6057 29.5757 35.632 29.5757 35.4674 29.5757 35.6057 29.5757 35.117 29.5757 35.4674 29.5757 34.6199 29.5757 35.117 29.5757 34.1913 29.5757 34.6199 29.5757 34.0235 29.5757 34.1913 29.5757 34.1233 29.5757 33.9439 29.5757 34.5852 29.5757 34.1233 29.5757 35.1148 29.5757 34.5852 29.5757 35.4732 29.5757 35.1148 29.5757 35.6066 29.5757 35.4732 29.5757 35.632 29.5757 35.6066 29.5757 35.6349 29.5757 35.632 29.5757 35.6352 29.5757 35.6349 29.5757 35.6349 29.5757 35.6352 29.5757 35.632 29.5757 35.6349 29.5757 35.6065 29.5757 35.632 29.5757 35.473 29.5757 35.6065 29.5757 35.1149 29.5757 35.473 29.5757 34.5862 29.5757 35.1149 29.5757 34.1243 29.5757 34.5862 29.5757 33.9439 29.5757 34.1243 29.5757 34.0739 29.5757 33.8846 29.5757 34.5597 29.5757 34.0739 29.5757 35.1114 29.5757 34.5597 29.5757 35.476 29.5757 35.1114 29.5757 35.6072 29.5757 35.476 29.5757 35.632 29.5757 35.6072 29.5757 35.6349 29.5757 35.632 29.5757 35.6352 29.5757 35.6349 29.5757 35.6349 29.5757 35.6352 29.5757 35.632 29.5757 35.6349 29.5757 35.6071 29.5757 35.632 29.5757 35.4757 29.5757 35.6071 29.5757 35.1112 29.5757 35.4757 29.5757 34.56 29.5757 35.1112 29.5757 34.0743 29.5757 34.56 29.5757 33.8846 29.5757 34.0743 29.5757 34.0373 29.5757 33.8408 29.5757 34.5399 29.5757 34.0373 29.5757 35.1076 29.5757 34.5399 29.5757 35.4774 29.5757 35.1076 29.5757 35.6076 29.5757 35.4774 29.5757 35.632 29.5757 35.6076 29.5757 35.6349 29.5757 35.632 29.5757 35.6352 29.5757 35.6349 29.5757 35.6349 29.5757 35.6352 29.5757 35.632 29.5757 35.6349 29.5757 35.6075 29.5757 35.632 29.5757 35.4771 29.5757 35.6075 29.5757 35.1072 29.5757 35.4771 29.5757 34.5398 29.5757 35.1072 29.5757 34.0372 29.5757 34.5398 29.5757 33.8408 29.5757 34.0372 29.5757 34.0105 29.5757 33.8087 29.5757 34.5248 29.5757 34.0105 29.5757 35.1037 29.5757 34.5248 29.5757 35.4776 29.5757 35.1037 29.5757 35.6076 29.5757 35.4776 29.5757 35.632 29.5757 35.6076 29.5757 35.6349 29.5757 35.632 29.5757 35.6352 29.5757 35.6349 29.5757 35.6349 29.5757 35.6352 29.5757 35.6319 29.5757 35.6349 29.5757 35.6075 29.5757 35.6319 29.5757 35.4772 29.5757 35.6075 29.5757 35.1031 29.5757 35.4772 29.5757 34.5243 29.5757 35.1031 29.5757 34.0099 29.5757 34.5243 29.5757 33.8087 29.5757 34.0099 29.5757 33.9916 29.5757 33.7859 29.5757 34.5154 29.5757 33.9916 29.5757 35.1024 29.5757 34.5154 29.5757 35.4784 29.5757 35.1024 29.5757 35.6079 29.5757 35.4784 29.5757 35.632 29.5757 35.6079 29.5757 35.6349 29.5757 35.632 29.5757 35.6352 29.5757 35.6349 29.5757 35.6349 29.5757 35.6352 29.5757 35.632 29.5757 35.6349 29.5757 35.6078 29.5757 35.632 29.5757 35.478 29.5757 35.6078 29.5757 35.1016 29.5757 35.478 29.5757 34.5146 29.5757 35.1016 29.5757 33.9906 29.5757 34.5146 29.5757 33.7859 29.5757 33.9906 29.5757 33.9784 29.5757 33.7699 29.5757 34.5087 29.5757 33.9784 29.5757 35.1014 29.5757 34.5087 29.5757 35.479 29.5757 35.1014 29.5757 35.6081 29.5757 35.479 29.5757 35.632 29.5757 35.6081 29.5757 35.6349 29.5757 35.632 29.5757 35.6352 29.5757 35.6349 29.5757 35.6349 29.5757 35.6352 29.5757 35.632 29.5757 35.6349 29.5757 35.608 29.5757 35.632 29.5757 35.4786 29.5757 35.608 29.5757 35.1005 29.5757 35.4786 29.5757 34.5076 29.5757 35.1005 29.5757 33.9771 29.5757 34.5076 29.5757 33.7699 29.5757 33.9771 29.5757 33.9694 29.5757 33.7588 29.5757 34.5045 29.5757 33.9694 29.5757 35.1011 29.5757 34.5045 29.5757 35.4797 29.5757 35.1011 29.5757 35.6083 29.5757 35.4797 29.5757 35.632 29.5757 35.6083 29.5757 35.6349 29.5757 35.632 29.5757 35.6352 29.5757 35.6349 29.5757 35.6349 29.5757 35.6352 29.5757 35.632 29.5757 35.6349 29.5757 35.6082 29.5757 35.632 29.5757 35.4792 29.5757 35.6082 29.5757 35.1 29.5757 35.4792 29.5757 34.5031 29.5757 35.1 29.5757 33.9679 29.5757 34.5031 29.5757 33.7588 29.5757 33.9679 29.5757 33.9635 29.5757 33.7514 29.5757 34.5021 29.5757 33.9635 29.5757 35.1015 29.5757 34.5021 29.5757 35.4803 29.5757 35.1015 29.5757 35.6084 29.5757 35.4803 29.5757 35.632 29.5757 35.6084 29.5757 35.6349 29.5757 35.632 29.5757 35.6352 29.5757 35.6349 29.5757 35.6349 29.5757 35.6352 29.5757 35.632 29.5757 35.6349 29.5757 35.6083 29.5757 35.632 29.5757 35.4798 29.5757 35.6083 29.5757 35.1004 29.5757 35.4798 29.5757 34.5006 29.5757 35.1004 29.5757 33.9618 29.5757 34.5006 29.5757 33.7514 29.5757 33.9618 29.5757 33.9598 29.5757 33.7464 29.5757 34.5011 29.5757 33.9598 29.5757 35.1026 29.5757 34.5011 29.5757 35.481 29.5757 35.1026 29.5757 35.6086 29.5757 35.481 29.5757 35.632 29.5757 35.6086 29.5757 35.6349 29.5757 35.632 29.5757 35.6352 29.5757 35.6349 29.5757 35.6349 29.5757 35.6352 29.5757 35.632 29.5757 35.6349 29.5757 35.6085 29.5757 35.632 29.5757 35.4804 29.5757 35.6085 29.5757 35.1014 29.5757 35.4804 29.5757 34.4994 29.5757 35.1014 29.5757 33.9578 29.5757 34.4994 29.5757 33.7464 29.5757 33.9578 29.5757 33.9581 29.5757 33.744 29.5757 34.5011 29.5757 33.9581 29.5757 35.1044 29.5757 34.5011 29.5757 35.4836 29.5757 35.1044 29.5757 35.6097 29.5757 35.4836 29.5757 35.6322 29.5757 35.6097 29.5757 35.6349 29.5757 35.6322 29.5757 35.6352 29.5757 35.6349 29.5757 35.6349 29.5757 35.6352 29.5757 35.6322 29.5757 35.6349 29.5757 35.6096 29.5757 35.6322 29.5757 35.4831 29.5757 35.6096 29.5757 35.1031 29.5757 35.4831 29.5757 34.4993 29.5757 35.1031 29.5757 33.9561 29.5757 34.4993 29.5757 33.744 29.5757 33.9561 29.5757 33.9594 29.5757 33.7448 29.5757 34.5032 29.5757 33.9594 29.5757 35.1066 29.5757 34.5032 29.5757 35.4851 29.5757 35.1066 29.5757 35.6101 29.5757 35.4851 29.5757 35.6323 29.5757 35.6101 29.5757 35.6349 29.5757 35.6323 29.5757 35.6352 29.5757 35.6349 29.5757 35.6349 29.5757 35.6352 29.5757 35.6323 29.5757 35.6349 29.5757 35.61 29.5757 35.6323 29.5757 35.4846 29.5757 35.61 29.5757 35.1053 29.5757 35.4846 29.5757 34.5013 29.5757 35.1053 29.5757 33.9572 29.5757 34.5013 29.5757 33.7448 29.5757 33.9572 29.5757 33.9637 29.5757 33.7489 29.5757 34.5074 29.5757 33.9637 29.5757 35.1097 29.5757 34.5074 29.5757 35.4862 29.5757 35.1097 29.5757 35.6103 29.5757 35.4862 29.5757 35.6323 29.5757 35.6103 29.5757 35.6349 29.5757 35.6323 29.5757 35.6352 29.5757 35.6349 29.5757 35.6349 29.5757 35.6352 29.5757 35.6323 29.5757 35.6349 29.5757 35.6102 29.5757 35.6323 29.5757 35.4856 29.5757 35.6102 29.5757 35.1082 29.5757 35.4856 29.5757 34.5053 29.5757 35.1082 29.5757 33.9613 29.5757 34.5053 29.5757 33.7489 29.5757 33.9613 29.5757 33.9711 29.5757 33.7567 29.5757 34.5132 29.5757 33.9711 29.5757 35.1129 29.5757 34.5132 29.5757 35.4871 29.5757 35.1129 29.5757 35.6104 29.5757 35.4871 29.5757 35.6324 29.5757 35.6104 29.5757 35.6349 29.5757 35.6324 29.5757 35.6352 29.5757 35.6349 29.5757 35.6349 29.5757 35.6352 29.5757 35.6323 29.5757 35.6349 29.5757 35.6103 29.5757 35.6323 29.5757 35.4865 29.5757 35.6103 29.5757 35.1114 29.5757 35.4865 29.5757 34.5109 29.5757 35.1114 29.5757 33.9685 29.5757 34.5109 29.5757 33.7567 29.5757 33.9685 29.5757 33.9815 29.5757 33.7681 29.5757 34.5206 29.5757 33.9815 29.5757 35.1164 29.5757 34.5206 29.5757 35.4879 29.5757 35.1164 29.5757 35.6105 29.5757 35.4879 29.5757 35.6324 29.5757 35.6105 29.5757 35.6349 29.5757 35.6324 29.5757 35.6352 29.5757 35.6349 29.5757 35.6349 29.5757 35.6352 29.5757 35.6324 29.5757 35.6349 29.5757 35.6104 29.5757 35.6324 29.5757 35.4874 29.5757 35.6104 29.5757 35.1148 29.5757 35.4874 29.5757 34.5182 29.5757 35.1148 29.5757 33.9787 29.5757 34.5182 29.5757 33.7681 29.5757 33.9787 29.5757 33.9954 29.5757 33.7838 29.5757 34.5297 29.5757 33.9954 29.5757 35.1201 29.5757 34.5297 29.5757 35.4887 29.5757 35.1201 29.5757 35.6106 29.5757 35.4887 29.5757 35.6324 29.5757 35.6106 29.5757 35.6349 29.5757 35.6324 29.5757 35.6352 29.5757 35.6349 29.5757 35.6349 29.5757 35.6352 29.5757 35.6324 29.5757 35.6349 29.5757 35.6105 29.5757 35.6324 29.5757 35.4881 29.5757 35.6105 29.5757 35.1185 29.5757 35.4881 29.5757 34.5271 29.5757 35.1185 29.5757 33.9925 29.5757 34.5271 29.5757 33.7838 29.5757 33.9925 29.5757 34.0136 29.5757 33.8045 29.5757 34.541 29.5757 34.0136 29.5757 35.1241 29.5757 34.541 29.5757 35.4892 29.5757 35.1241 29.5757 35.6106 29.5757 35.4892 29.5757 35.6324 29.5757 35.6106 29.5757 35.6349 29.5757 35.6324 29.5757 35.6352 29.5757 35.6349 29.5757 35.6349 29.5757 35.6352 29.5757 35.6324 29.5757 35.6349 29.5757 35.6105 29.5757 35.6324 29.5757 35.4885 29.5757 35.6105 29.5757 35.1224 29.5757 35.4885 29.5757 34.5383 29.5757 35.1224 29.5757 34.0105 29.5757 34.5383 29.5757 33.8045 29.5757 34.0105 29.5757 34.0372 29.5757 33.8319 29.5757 34.5549 29.5757 34.0372 29.5757 35.1284 29.5757 34.5549 29.5757 35.4894 29.5757 35.1284 29.5757 35.6106 29.5757 35.4894 29.5757 35.6324 29.5757 35.6106 29.5757 35.635 29.5757 35.6324 29.5757 35.6352 29.5757 35.635 29.5757 35.635 29.5757 35.6352 29.5757 35.6324 29.5757 35.635 29.5757 35.6105 29.5757 35.6324 29.5757 35.4888 29.5757 35.6105 29.5757 35.1266 29.5757 35.4888 29.5757 34.552 29.5757 35.1266 29.5757 34.0339 29.5757 34.552 29.5757 33.8319 29.5757 34.0339 29.5757 34.0679 29.5757 33.868 29.5757 34.5723 29.5757 34.0679 29.5757 35.1328 29.5757 34.5723 29.5757 35.489 29.5757 35.1328 29.5757 35.6104 29.5757 35.489 29.5757 35.6324 29.5757 35.6104 29.5757 35.635 29.5757 35.6324 29.5757 35.6352 29.5757 35.635 29.5757 35.635 29.5757 35.6352 29.5757 35.6324 29.5757 35.635 29.5757 35.6103 29.5757 35.6324 29.5757 35.4884 29.5757 35.6103 29.5757 35.131 29.5757 35.4884 29.5757 34.5693 29.5757 35.131 29.5757 34.0645 29.5757 34.5693 29.5757 33.868 29.5757 34.0645 29.5757 34.1082 29.5757 33.9153 29.5757 34.5943 29.5757 34.1082 29.5757 35.1373 29.5757 34.5943 29.5757 35.4877 29.5757 35.1373 29.5757 35.61 29.5757 35.4877 29.5757 35.6324 29.5757 35.61 29.5757 35.635 29.5757 35.6324 29.5757 35.6352 29.5757 35.635 29.5757 35.635 29.5757 35.6352 29.5757 35.6324 29.5757 35.635 29.5757 35.6099 29.5757 35.6324 29.5757 35.4871 29.5757 35.6099 29.5757 35.1354 29.5757 35.4871 29.5757 34.591 29.5757 35.1354 29.5757 34.1044 29.5757 34.591 29.5757 33.9153 29.5757 34.1044 29.5757 34.1609 29.5757 33.9774 29.5757 34.6223 29.5757 34.1609 29.5757 35.1413 29.5757 34.6223 29.5757 35.4848 29.5757 35.1413 29.5757 35.6094 29.5757 35.4848 29.5757 35.6324 29.5757 35.6094 29.5757 35.635 29.5757 35.6324 29.5757 35.6352 29.5757 35.635 29.5757 35.635 29.5757 35.6352 29.5757 35.6324 29.5757 35.635 29.5757 35.6094 29.5757 35.6324 29.5757 35.4842 29.5757 35.6094 29.5757 35.1393 29.5757 35.4842 29.5757 34.6184 29.5757 35.1393 29.5757 34.1564 29.5757 34.6184 29.5757 33.9774 29.5757 34.1564 29.5757 34.2289 29.5757 34.0574 29.5757 34.6571 29.5757 34.2289 29.5757 35.1435 29.5757 34.6571 29.5757 35.4787 29.5757 35.1435 29.5757 35.6085 29.5757 35.4787 29.5757 35.6324 29.5757 35.6085 29.5757 35.635 29.5757 35.6324 29.5757 35.6352 29.5757 35.635 29.5757 35.635 29.5757 35.6352 29.5757 35.6324 29.5757 35.635 29.5757 35.6085 29.5757 35.6324 29.5757 35.4782 29.5757 35.6085 29.5757 35.1414 29.5757 35.4782 29.5757 34.6524 29.5757 35.1414 29.5757 34.223 29.5757 34.6524 29.5757 34.0574 29.5757 34.223 29.5757 34.3103 29.5757 34.1532 29.5757 34.6955 29.5757 34.3103 29.5757 35.1381 29.5757 34.6955 29.5757 35.4666 29.5757 35.1381 29.5757 35.6072 29.5757 35.4666 29.5757 35.6325 29.5757 35.6072 29.5757 35.635 29.5757 35.6325 29.5757 35.6352 29.5757 35.635 29.5757 35.635 29.5757 35.6352 29.5757 35.6325 29.5757 35.635 29.5757 35.6071 29.5757 35.6325 29.5757 35.4661 29.5757 35.6071 29.5757 35.1359 29.5757 35.4661 29.5757 34.6896 29.5757 35.1359 29.5757 34.3023 29.5757 34.6896 29.5757 34.1532 29.5757 34.3023 29.5757 34.3717 29.5757 34.2332 29.5757 34.7049 29.5757 34.3717 29.5757 35.0939 29.5757 34.7049 29.5757 35.4383 29.5757 35.0939 29.5757 35.6053 29.5757 35.4383 29.5757 35.6326 29.5757 35.6053 29.5757 35.635 29.5757 35.6326 29.5757 35.6352 29.5757 35.635 29.5757 35.635 29.5757 35.6352 29.5757 35.6326 29.5757 35.635 29.5757 35.6053 29.5757 35.6326 29.5757 35.4379 29.5757 35.6053 29.5757 35.0916 29.5757 35.4379 29.5757 34.6985 29.5757 35.0916 29.5757 34.3619 29.5757 34.6985 29.5757 34.2332 29.5757 34.3619 29.5757 34.2092 28.1955 34.1677 29.5757 34.3326 28.1955 34.2092 29.5757 34.5438 28.1955 34.3326 29.5757 34.675 28.1955 34.5438 29.5757 34.5206 28.1955 34.675 29.5757 34.3125 28.1955 34.5206 29.5757 34.2278 28.1955 34.3125 29.5757 34.2277 28.1955 34.2278 29.5757 34.2544 28.1955 34.2277 29.5757 34.3337 28.1955 34.2544 29.5757 34.5211 28.1955 34.3337 29.5757 34.6727 28.1955 34.5211 29.5757 34.5396 28.1955 34.6727 29.5757 34.3182 28.1955 34.5396 29.5757 34.1949 28.1955 34.3182 29.5757 34.1677 28.1955 34.1949 28.1955 33.8736 26.8153 33.8264 28.1955 33.9959 26.8153 33.8736 28.1955 34.171 26.8153 33.9959 28.1955 34.2762 26.8153 34.171 28.1955 34.1704 26.8153 34.2762 28.1955 33.9887 26.8153 34.1704 28.1955 33.885 26.8153 33.9887 28.1955 33.8712 26.8153 33.885 28.1955 33.9089 26.8153 33.8712 28.1955 34.0065 26.8153 33.9089 28.1955 34.169 26.8153 34.0065 28.1955 34.274 26.8153 34.169 28.1955 34.1691 26.8153 34.274 28.1955 33.9829 26.8153 34.1691 28.1955 33.8577 26.8153 33.9829 28.1955 33.8264 26.8153 33.8577 26.8153 31.0182 25.4351 31.0085 26.8153 31.1125 25.4351 31.0182 26.8153 31.28 25.4351 31.1125 26.8153 31.2607 25.4351 31.28 26.8153 30.8392 25.4351 31.2607 26.8153 30.322 25.4351 30.8392 26.8153 29.9795 25.4351 30.322 26.8153 29.8372 25.4351 29.9795 26.8153 29.9265 25.4351 29.8372 26.8153 30.2751 25.4351 29.9265 26.8153 30.8283 25.4351 30.2751 26.8153 31.2545 25.4351 30.8283 26.8153 31.2838 25.4351 31.2545 26.8153 31.1573 25.4351 31.2838 26.8153 31.0732 25.4351 31.1573 26.8153 31.0085 25.4351 31.0732 29.5757 29.5757 29.5757 29.5757 29.5757 29.5757 29.5757 29.5757 29.5757 29.5757 29.5757 29.5757 29.5757 29.5757 29.5757 29.5757 25.4351 25.4351 25.4351 25.4351 25.4351 25.4351 25.4351 25.4351 25.4351 25.4351 25.4351 25.4351 25.4351 25.4351 25.4351 25.4351 
</DataArray>
<DataArray type="Float64" Name="wall variable 0" format="ascii">
0 1 0 1 0 1 0 1 0 1 0 1 0 1 0 1 0 1 0 1 0 1 0 1 0 1 0 1 0 1 0 1 0 1 0 1 0 1 0 1 0 1 0 1 0 1 0 1 0 1 0 1 0 1 0 1 0 1 0 1 0 1 0 1 0 1 0 1 1 0 1 0 1 0 1 0 1 0 1 0 1 0 1 0 1 0 1 0 1 0 1 0 1 0 1 0 1 0 1 0 1 0 1 0 1 0 1 0 1 0 1 0 1 0 1 0 1 0 1 0 1 0 1 0 0 1 0 1 0 1 0 1 0 1 0 1 0 1 0 1 0 1 0 1 0 1 0 1 0 1 0 1 0 1 0 1 0 1 0 1 0 1 0 1 0 1 0 1 0 1 0 1 0 1 0 1 0 1 0 1 0 1 0 1 0 1 0 1 0 1 0 1 0 1 0 1 0 1 0 1 0 1 0 1 0 1 0 1 0 1 0 1 0 1 0 1 0 1 0 1 0 1 0 1 0 1 0 1 0 1 0 1 0 1 0 1 0 1 0 1 0 1 0 1 0 1 0 1 0 1 0 1 0 1 0 1 0 1 0 1 0 1 0 1 0 1 0 1 0 1 0 1 0 1 0 1 0 1 0 1 0 1 0 1 0 1 0 1 0 1 0 1 0 1 0 1 0 1 0 1 0 1 0 1 0 1 0 1 0 1 0 1 0 1 0 1 0 1 0 1 0 1 0 1 0 1 0 1 0 1 0 1 0 1 0 1 0 1 0 1 0 1 0 1 0 1 0 1 0 1 0 1 0 1 0 1 0 1 0 1 0 1 0 1 0 1 0 1 0 1 0 1 0 1 0 1 0 1 0 1 0 1 0 1 0 1 0 1 0 1 0 1 0 1 0 1 0 1 0 1 0 1 0 1 0 1 0 1 0 1 0 1 0 1 0 1 0 1 0 1 0 1 0 1 0 1 0 1 0 1 0 1 0 1 0 1 0 1 0 1 0 1 0 1 0 1 0 1 0 1 0 1 0 1 0 1 0 1 0 1 0 1 0 1 0 1 0 1 0 1 0 1 0 1 0 1 0 1 0 1 0 1 0 1 0 1 0 1 0 1 0 1 0 1 0 1 0 1 0 1 0 1 0 1 0 1 0 1 0 1 0 1 0 1 0 1 0 1 0 1 0 1 0 1 0 1 0 1 0 1 0 1 0 1 0 1 0 1 0 1 0 1 0 1 0 1 0 1 0 1 0 1 0 1 0 1 0 1 0 1 0 1 0 1 0 1 0 1 0 1 0 1 0 1 0 1 0 1 0 1 0 1 0 1 0 1 0 1 0 1 0 1 0 1 0 1 0 1 0 1 0 1 0 1 0 1 0 1 0 1 0 1 0 1 0 1 0 1 0 1 0 1 0 1 0 1 0 1 0 1 0 1 0 1 0 1 0 1 0 1 0 1 0 1 0 1 0 1 0 1 0 1 0 1 0 1 0 1 0 1 0 1 0 1 0 1 0 1 0 1 0 1 0 1 0 1 0 1 0 1 0 1 0 1 0 1 0 1 0 1 0 1 0 1 0 1 0 1 0 1 0 1 0 1 0 1 0 1 0 1 0 1 0 1 0 1 0 1 0 1 0 1 0 1 0 1 0 1 0 1 0 1 0 1 0 1 0 1 0 1 0 1 0 1 0 1 0 1 0 1 0 1 0 1 0 1 0 1 0 1 0 1 0 1 0 1 0 1 0 1 0 1 0 1 0 1 0 1 0 1 0 1 0 1 0 1 0 1 0 1 0 1 0 1 0 1 0 1 0 1 0 1 0 1 0 1 0 1 0 1 0 1 0 1 0 1 0 1 0 1 0 1 0 1 0 1 0 1 0 1 0 1 0 1 0 1 0 1 0 1 0 1 0 1 0 1 0 1 0 1 0 1 0 1 0 1 0 1 0 1 0 1 0 1 0 1 0 1 0 1 0 1 0 1 0 1 0 1 0 1 0 1 0 1 0 1 0 1 0 1 0 1 0 1 0 1 0 1 0 1 0 1 0 1 0 1 0 1 0 1 0 1 0 1 0 1 0 1 0 1 0 1 0 1 0 1 0 1 0 1 0 1 0 1 0 1 0 1 0 1 0 1 0 1 0 1 0 1 0 1 0 1 0 1 0 1 0 1 0 1 0 1 0 1 0 1 0 1 0 1 0 1 0 1 0 1 0 1 0 1 0 1 0 1 0 1 0 1 0 1 0 1 0 1 0 1 0 1 0 1 0 1 0 1 0 1 0 1 0 1 0 1 0 1 0 1 0 1 0 1 0 1 0 1 0 1 0 1 0 1 0 1 0 1 0 1 0 1 0 1 0 1 0 1 0 1 0 1 0 1 0 1 0 1 0 1 0 1 0 1 0 1 0 1 0 1 0 1 0 1 0 1 0 1 0 1 0 1 0 1 0 1 0 1 0 1 0 1 0 1 0 1 0 1 0 1 0 1 0 1 0 1 0 1 0 1 0 1 0 1 0 1 0 1 0 1 0 1 0 1 0 1 0 1 0 1 0 1 0 1 0 1 0 1 0 1 0 1 0 1 0 1 0 1 0 1 0 1 0 1 0 1 0 1 0 1 0 1 0 1 0 1 0 1 0 1 0 1 0 1 0 1 0 1 0 1 0 1 0 1 0 1 0 1 0 1 0 1 0 1 0 1 0 1 0 1 0 1 0 1 0 1 0 1 0 1 0 1 0 1 0 1 0 1 0 1 0 1 0 1 0 1 0 1 0 1 0 1 0 1 0 1 0 1 0 1 0 1 0 1 0 1 0 1 0 1 0 1 0 1 0 1 0 1 0 1 0 1 0 1 0 1 0 1 0 1 0 1 0 1 0 1 0 1 0 1 0 1 0 1 0 1 0 1 0 1 0 1 0 1 0 1 0 1 0 1 0 1 0 1 0 1 0 1 0 1 0 1 0 1 0 1 0 1 0 1 0 1 0 1 0 1 0 1 0 1 0 1 0 1 0 1 0 1 0 1 0 1 0 1 0 1 0 1 0 1 0 1 0 1 0 1 0 1 0 1 0 1 0 1 0 1 0 1 0 1 0 1 0 1 0 1 0 1 0 1 0 1 0 1 0 1 0 1 0 1 0 1 0 1 0 1 0 1 0 1 0 1 0 1 0 1 0 1 0 1 0 1 0 1 0 1 0 1 0 1 0 1 0 1 0 1 0 1 0 1 0 1 0 1 0 1 0 1 0 1 0 1 0 1 0 1 0 1 0 1 0 1 0 1 0 1 0 1 0 1 0 1 0 1 0 1 0 1 0 1 0 1 0 1 0 1 0 1 0 1 0 1 0 1 0 1 0 1 0 1 0 1 0 1 0 1 0 1 0 1 0 1 0 1 0 1 0 1 0 1 0 1 0 1 0 1 0 1 0 1 0 1 0 1 0 1 0 1 0 1 0 1 0 1 0 1 0 1 0 1 0 1 0 1 0 1 0 1 0 1 0 1 0 1 0 1 0 1 0 1 0 1 0 1 0 1 0 1 0 1 0 1 0 1 0 1 0 1 0 1 0 1 0 1 0 1 0 1 0 1 0 1 0 1 0 1 0 1 0 1 0 1 0 1 0 1 0 1 0 1 0 1 0 1 0 1 0 1 0 1 0 1 0 1 0 1 0 1 0 1 0 1 0 1 0 1 0 1 0 1 0 1 0 1 0 1 0 1 0 1 0 1 0 1 0 1 0 1 0 1 0 1 0 1 0 1 0 1 0 1 0 1 0 1 0 1 0 1 0 1 0 1 0 1 0 1 0 1 0 1 0 1 0 1 0 1 0 1 0 1 0 1 0 1 0 1 0 1 0 1 0 1 0 1 0 1 0 1 0 1 0 1 0 1 0 1 0 1 0 1 0 1 0 1 0 1 0 1 0 1 0 1 0 1 0 1 0 1 0 1 0 1 0 1 0 1 0 1 0 1 0 1 0 1 0 1 0 1 0 1 0 1 0 1 0 1 0 1 0 1 0 1 0 1 0 1 0 1 0 1 0 1 0 1 0 1 0 1 0 1 0 1 0 1 0 1 0 1 0 1 0 1 0 1 0 1 0 1 0 1 0 1 0 1 0 1 0 1 0 1 0 1 0 1 0 1 0 1 0 1 0 1 0 1 0 1 0 1 0 1 0 1 0 1 0 1 0 1 0 1 0 1 0 1 0 1 0 1 0 1 0 1 0 1 0 1 0 1 0 1 0 1 0 1 0 1 0 1 0 1 0 1 0 1 0 1 0 1 0 1 0 1 0 1 0 1 0 1 0 1 0 1 0 1 0 1 0 1 0 1 0 1 0 1 0 1 0 1 0 1 0 1 0 1 0 1 0 1 0 1 0 1 0 1 0 1 0 1 0 1 0 1 0 1 0 1 0 1 0 1 0 1 0 1 0 1 0 1 0 1 0 1 0 1 0 1 0 1 0 1 0 1 0 1 0 1 0 1 0 1 0 1 0 1 0 1 0 1 0 1 0 1 0 1 0 1 0 1 0 1 0 1 0 1 0 1 0 1 0 1 0 1 0 1 0 1 0 1 0 1 0 1 0 1 0 1 0 1 0 1 0 1 0 1 0 1 0 1 0 1 0 1 0 0 0 0 0 0 0 0 0 0 0 0 0 0 0 0 0 0 0 0 0 0 0 0 0 0 0 0 0 0 0 0 
</DataArray>
<DataArray type="Float64" Name="wall variable 1" format="ascii">
0 1 0 1 0 1 0 1 0 1 0 1 0 1 0 1 0 1 0 1 0 1 0 1 0 1 0 1 0 1 0 1 0 1 0 1 0 1 0 1 0 1 0 1 0 1 0 1 0 1 0 1 0 1 0 1 0 1 0 1 0 1 0 1 0 1 0 1 1 0 1 0 1 0 1 0 1 0 1 0 1 0 1 0 1 0 1 0 1 0 1 0 1 0 1 0 1 0 1 0 1 0 1 0 1 0 1 0 1 0 1 0 1 0 1 0 1 0 1 0 1 0 1 0 0 1 0 1 0 1 0 1 0 1 0 1 0 1 0 1 0 1 0 1 0 1 0 1 0 1 0 1 0 1 0 1 0 1 0 1 0 1 0 1 0 1 0 1 0 1 0 1 0 1 0 1 0 1 0 1 0 1 0 1 0 1 0 1 0 1 0 1 0 1 0 1 0 1 0 1 0 1 0 1 0 1 0 1 0 1 0 1 0 1 0 1 0 1 0 1 0 1 0 1 0 1 0 1 0 1 0 1 0 1 0 1 0 1 0 1 0 1 0 1 0 1 0 1 0 1 0 1 0 1 0 1 0 1 0 1 0 1 0 1 0 1 0 1 0 1 0 1 0 1 0 1 0 1 0 1 0 1 0 1 0 1 0 1 0 1 0 1 0 1 0 1 0 1 0 1 0 1 0 1 0 1 0 1 0 1 0 1 0 1 0 1 0 1 0 1 0 1 0 1 0 1 0 1 0 1 0 1 0 1 0 1 0 1 0 1 0 1 0 1 0 1 0 1 0 1 0 1 0 1 0 1 0 1 0 1 0 1 0 1 0 1 0 1 0 1 0 1 0 1 0 1 0 1 0 1 0 1 0 1 0 1 0 1 0 1 0 1 0 1 0 1 0 1 0 1 0 1 0 1 0 1 0 1 0 1 0 1 0 1 0 1 0 1 0 1 0 1 0 1 0 1 0 1 0 1 0 1 0 1 0 1 0 1 0 1 0 1 0 1 0 1 0 1 0 1 0 1 0 1 0 1 0 1 0 1 0 1 0 1 0 1 0 1 0 1 0 1 0 1 0 1 0 1 0 1 0 1 0 1 0 1 0 1 0 1 0 1 0 1 0 1 0 1 0 1 0 1 0 1 0 1 0 1 0 1 0 1 0 1 0 1 0 1 0 1 0 1 0 1 0 1 0 1 0 1 0 1 0 1 0 1 0 1 0 1 0 1 0 1 0 1 0 1 0 1 0 1 0 1 0 1 0 1 0 1 0 1 0 1 0 1 0 1 0 1 0 1 0 1 0 1 0 1 0 1 0 1 0 1 0 1 0 1 0 1 0 1 0 1 0 1 0 1 0 1 0 1 0 1 0 1 0 1 0 1 0 1 0 1 0 1 0 1 0 1 0 1 0 1 0 1 0 1 0 1 0 1 0 1 0 1 0 1 0 1 0 1 0 1 0 1 0 1 0 1 0 1 0 1 0 1 0 1 0 1 0 1 0 1 0 1 0 1 0 1 0 1 0 1 0 1 0 1 0 1 0 1 0 1 0 1 0 1 0 1 0 1 0 1 0 1 0 1 0 1 0 1 0 1 0 1 0 1 0 1 0 1 0 1 0 1 0 1 0 1 0 1 0 1 0 1 0 1 0 1 0 1 0 1 0 1 0 1 0 1 0 1 0 1 0 1 0 1 0 1 0 1 0 1 0 1 0 1 0 1 0 1 0 1 0 1 0 1 0 1 0 1 0 1 0 1 0 1 0 1 0 1 0 1 0 1 0 1 0 1 0 1 0 1 0 1 0 1 0 1 0 1 0 1 0 1 0 1 0 1 0 1 0 1 0 1 0 1 0 1 0 1 0 1 0 1 0 1 0 1 0 1 0 1 0 1 0 1 0 1 0 1 0 1 0 1 0 1 0 1 0 1 0 1 0 1 0 1 0 1 0 1 0 1 0 1 0 1 0 1 0 1 0 1 0 1 0 1 0 1 0 1 0 1 0 1 0 1 0 1 0 1 0 1 0 1 0 1 0 1 0 1 0 1 0 1 0 1 0 1 0 1 0 1 0 1 0 1 0 1 0 1 0 1 0 1 0 1 0 1 0 1 0 1 0 1 0 1 0 1 0 1 0 1 0 1 0 1 0 1 0 1 0 1 0 1 0 1 0 1 0 1 0 1 0 1 0 1 0 1 0 1 0 1 0 1 0 1 0 1 0 1 0 1 0 1 0 1 0 1 0 1 0 1 0 1 0 1 0 1 0 1 0 1 0 1 0 1 0 1 0 1 0 1 0 1 0 1 0 1 0 1 0 1 0 1 0 1 0 1 0 1 0 1 0 1 0 1 0 1 0 1 0 1 0 1 0 1 0 1 0 1 0 1 0 1 0 1 0 1 0 1 0 1 0 1 0 1 0 1 0 1 0 1 0 1 0 1 0 1 0 1 0 1 0 1 0 1 0 1 0 1 0 1 0 1 0 1 0 1 0 1 0 1 0 1 0 1 0 1 0 1 0 1 0 1 0 1 0 1 0 1 0 1 0 1 0 1 0 1 0 1 0 1 0 1 0 1 0 1 0 1 0 1 0 1 0 1 0 1 0 1 0 1 0 1 0 1 0 1 0 1 0 1 0 1 0 1 0 1 0 1 0 1 0 1 0 1 0 1 0 1 0 1 0 1 0 1 0 1 0 1 0 1 0 1 0 1 0 1 0 1 0 1 0 1 0 1 0 1 0 1 0 1 0 1 0 1 0 1 0 1 0 1 0 1 0 1 0 1 0 1 0 1 0 1 0 1 0 1 0 1 0 1 0 1 0 1 0 1 0 1 0 1 0 1 0 1 0 1 0 1 0 1 0 1 0 1 0 1 0 1 0 1 0 1 0 1 0 1 0 1 0 1 0 1 0 1 0 1 0 1 0 1 0 1 0 1 0 1 0 1 0 1 0 1 0 1 0 1 0 1 0 1 0 1 0 1 0 1 0 1 0 1 0 1 0 1 0 1 0 1 0 1 0 1 0 1 0 1 0 1 0 1 0 1 0 1 0 1 0 1 0 1 0 1 0 1 0 1 0 1 0 1 0 1 0 1 0 1 0 1 0 1 0 1 0 1 0 1 0 1 0 1 0 1 0 1 0 1 0 1 0 1 0 1 0 1 0 1 0 1 0 1 0 1 0 1 0 1 0 1 0 1 0 1 0 1 0 1 0 1 0 1 0 1 0 1 0 1 0 1 0 1 0 1 0 1 0 1 0 1 0 1 0 1 0 1 0 1 0 1 0 1 0 1 0 1 0 1 0 1 0 1 0 1 0 1 0 1 0 1 0 1 0 1 0 1 0 1 0 1 0 1 0 1 0 1 0 1 0 1 0 1 0 1 0 1 0 1 0 1 0 1 0 1 0 1 0 1 0 1 0 1 0 1 0 1 0 1 0 1 0 1 0 1 0 1 0 1 0 1 0 1 0 1 0 1 0 1 0 1 0 1 0 1 0 1 0 1 0 1 0 1 0 1 0 1 0 1 0 1 0 1 0 1 0 1 0 1 0 1 0 1 0 1 0 1 0 1 0 1 0 1 0 1 0 1 0 1 0 1 0 1 0 1 0 1 0 1 0 1 0 1 0 1 0 1 0 1 0 1 0 1 0 1 0 1 0 1 0 1 0 1 0 1 0 1 0 1 0 1 0 1 0 1 0 1 0 1 0 1 0 1 0 1 0 1 0 1 0 1 0 1 0 1 0 1 0 1 0 1 0 1 0 1 0 1 0 1 0 1 0 1 0 1 0 1 0 1 0 1 0 1 0 1 0 1 0 1 0 1 0 1 0 1 0 1 0 1 0 1 0 1 0 1 0 1 0 1 0 1 0 1 0 1 0 1 0 1 0 1 0 1 0 1 0 1 0 1 0 1 0 1 0 1 0 1 0 1 0 1 0 1 0 1 0 1 0 1 0 1 0 1 0 1 0 1 0 1 0 1 0 1 0 1 0 1 0 1 0 1 0 1 0 1 0 1 0 1 0 1 0 1 0 1 0 1 0 1 0 1 0 1 0 1 0 1 0 1 0 1 0 1 0 1 0 1 0 1 0 1 0 1 0 1 0 1 0 1 0 1 0 1 0 1 0 1 0 1 0 1 0 1 0 1 0 1 0 1 0 1 0 1 0 1 0 1 0 1 0 1 0 1 0 1 0 1 0 1 0 1 0 1 0 1 0 1 0 1 0 1 0 1 0 1 0 1 0 1 0 1 0 1 0 1 0 1 0 1 0 1 0 1 0 1 0 1 0 1 0 1 0 1 0 1 0 1 0 1 0 1 0 1 0 1 0 1 0 1 0 1 0 1 0 1 0 1 0 1 0 1 0 1 0 1 0 1 0 1 0 1 0 1 0 1 0 1 0 1 0 1 0 1 0 1 0 1 0 1 0 1 0 1 0 1 0 1 0 1 0 1 0 1 0 1 0 1 0 1 0 1 0 1 0 1 0 1 0 1 0 1 0 1 0 1 0 1 0 1 0 1 0 1 0 1 0 1 0 1 0 1 0 1 0 1 0 1 0 1 0 1 0 1 0 1 0 1 0 1 0 1 0 1 0 1 0 1 0 1 0 1 0 1 0 1 0 1 0 0 0 0 0 0 0 0 0 0 0 0 0 0 0 0 0 0 0 0 0 0 0 0 0 0 0 0 0 0 0 0 
</DataArray>
<DataArray type="Float64" Name="wall variable 2" format="ascii">
0 35.6354 0 35.6354 0 35.6354 0 35.6354 0 35.6354 0 35.6354 0 35.6354 0 35.6354 0 35.6354 0 35.6354 0 35.6354 0 35.6354 0 35.6354 0 35.6354 0 35.6354 0 35.6354 0 35.6354 0 35.6354 0 35.6354 0 35.6354 0 35.6354 0 35.6354 0 35.6354 0 35.6354 0 35.6354 0 35.6354 0 35.6354 0 35.6354 0 35.6354 0 35.6354 0 35.6354 0 35.6354 0 35.6354 0 35.6354 35.6354 0 35.6354 0 35.6354 0 35.6354 0 35.6354 0 35.6354 0 35.6354 0 35.6354 0 35.6354 0 35.6354 0 35.6354 0 35.6354 0 35.6354 0 35.6354 0 35.6354 0 35.6354 0 35.6354 0 35.6354 0 35.6354 0 35.6354 0 35.6354 0 35.6354 0 35.6354 0 35.6354 0 35.6354 0 35.6354 0 35.6354 0 35.6354 0 0 35.6354 0 35.6354 0 35.6354 0 35.6354 0 35.6354 0 35.6354 0 35.6354 0 35.6354 0 35.6354 0 35.6354 0 35.6354 0 35.6354 0 35.6354 0 35.6354 0 35.6354 0 35.6354 0 35.6354 0 35.6354 0 35.6354 0 35.6354 0 35.6354 0 35.6354 0 35.6354 0 35.6354 0 35.6354 0 35.6354 0 35.6354 0 35.6354 0 35.6354 0 35.6354 0 35.6354 0 35.6354 0 35.6354 0 35.6354 0 35.6354 0 35.6354 0 35.6354 0 35.6354 0 35.6354 0 35.6354 0 35.6354 0 35.6354 0 35.6354 0 35.6354 0 35.6354 0 35.6354 0 35.6354 0 35.6354 0 35.6354 0 35.6354 0 35.6354 0 35.6354 0 35.6354 0 35.6354 0 35.6354 0 35.6354 0 35.6354 0 35.6354 0 35.6354 0 35.6354 0 35.6354 0 35.6354 0 35.6354 0 35.6354 0 35.6354 0 35.6354 0 35.6354 0 35.6354 0 35.6354 0 35.6354 0 35.6354 0 35.6354 0 35.6354 0 35.6354 0 35.6354 0 35.6354 0 35.6354 0 35.6354 0 35.6354 0 35.6354 0 35.6354 0 35.6354 0 35.6354 0 35.6354 0 35.6354 0 35.6354 0 35.6354 0 35.6354 0 35.6354 0 35.6354 0 35.6354 0 35.6354 0 35.6354 0 35.6354 0 35.6354 0 35.6354 0 35.6354 0 35.6354 0 35.6354 0 35.6354 0 35.6354 0 35.6354 0 35.6354 0 35.6354 0 35.6354 0 35.6354 0 35.6354 0 35.6354 0 35.6354 0 35.6354 0 35.6354 0 35.6354 0 35.6354 0 35.6354 0 35.6354 0 35.6354 0 35.6354 0 35.6354 0 35.6354 0 35.6354 0 35.6354 0 35.6354 0 35.6354 0 35.6354 0 35.6354 0 35.6354 0 35.6354 0 35.6354 0 35.6354 0 35.6354 0 35.6354 0 35.6354 0 35.6354 0 35.6354 0 35.6354 0 35.6354 0 35.6354 0 35.6354 0 35.6354 0 35.6354 0 35.6354 0 35.6354 0 35.6354 0 35.6354 0 35.6354 0 35.6354 0 35.6354 0 35.6354 0 35.6354 0 35.6354 0 35.6354 0 35.6354 0 35.6354 0 35.6354 0 35.6354 0 35.6354 0 35.6354 0 35.6354 0 35.6354 0 35.6354 0 35.6354 0 35.6354 0 35.6354 0 35.6354 0 35.6354 0 35.6354 0 35.6354 0 35.6354 0 35.6354 0 35.6354 0 35.6354 0 35.6354 0 35.6354 0 35.6354 0 35.6354 0 35.6354 0 35.6354 0 35.6354 0 35.6354 0 35.6354 0 35.6354 0 35.6354 0 35.6354 0 35.6354 0 35.6354 0 35.6354 0 35.6354 0 35.6354 0 35.6354 0 35.6354 0 35.6354 0 35.6354 0 35.6354 0 35.6354 0 35.6354 0 35.6354 0 35.6354 0 35.6354 0 35.6354 0 35.6354 0 35.6354 0 35.6354 0 35.6354 0 35.6354 0 35.6354 0 35.6354 0 35.6354 0 35.6354 0 35.6354 0 35.6354 0 35.6354 0 35.6354 0 35.6354 0 35.6354 0 35.6354 0 35.6354 0 35.6354 0 35.6354 0 35.6354 0 35.6354 0 35.6354 0 35.6354 0 35.6354 0 35.6354 0 35.6354 0 35.6354 0 35.6354 0 35.6354 0 35.6354 0 35.6354 0 35.6354 0 35.6354 0 35.6354 0 35.6354 0 35.6354 0 35.6354 0 35.6354 0 35.6354 0 35.6354 0 35.6354 0 35.6354 0 35.6354 0 35.6354 0 35.6354 0 35.6354 0 35.6354 0 35.6354 0 35.6354 0 35.6354 0 35.6354 0 35.6354 0 35.6354 0 35.6354 0 35.6354 0 35.6354 0 35.6354 0 35.6354 0 35.6354 0 35.6354 0 35.6354 0 35.6354 0 35.6354 0 35.6354 0 35.6354 0 35.6354 0 35.6354 0 35.6354 0 35.6354 0 35.6354 0 35.6354 0 35.6354 0 35.6354 0 35.6354 0 35.6354 0 35.6354 0 35.6354 0 35.6354 0 35.6354 0 35.6354 0 35.6354 0 35.6354 0 35.6354 0 35.6354 0 35.6354 0 35.6354 0 35.6354 0 35.6354 0 35.6354 0 35.6354 0 35.6354 0 35.6354 0 35.6354 0 35.6354 0 35.6354 0 35.6354 0 35.6354 0 35.6354 0 35.6354 0 35.6354 0 35.6354 0 35.6354 0 35.6354 0 35.6354 0 35.6354 0 35.6354 0 35.6354 0 35.6354 0 35.6354 0 35.6354 0 35.6354 0 35.6354 0 35.6354 0 35.6354 0 35.6354 0 35.6354 0 35.6354 0 35.6354 0 35.6354 0 35.6354 0 35.6354 0 35.6354 0 35.6354 0 35.6354 0 35.6354 0 35.6354 0 35.6354 0 35.6354 0 35.6354 0 35.6354 0 35.6354 0 35.6354 0 35.6354 0 35.6354 0 35.6354 0 35.6354 0 35.6354 0 35.6354 0 35.6354 0 35.6354 0 35.6354 0 35.6354 0 35.6354 0 35.6354 0 35.6354 0 35.6354 0 35.6354 0 35.6354 0 35.6354 0 35.6354 0 35.6354 0 35.6354 0 35.6354 0 35.6354 0 35.6354 0 35.6354 0 35.6354 0 35.6354 0 35.6354 0 35.6354 0 35.6354 0 35.6354 0 35.6354 0 35.6354 0 35.6354 0 35.6354 0 35.6354 0 35.6354 0 35.6354 0 35.6354 0 35.6354 0 35.6354 0 35.6354 0 35.6354 0 35.6354 0 35.6354 0 35.6354 0 35.6354 0 35.6354 0 35.6354 0 35.6354 0 35.6354 0 35.6354 0 35.6354 0 35.6354 0 35.6354 0 35.6354 0 35.6354 0 35.6354 0 35.6354 0 35.6354 0 35.6354 0 35.6354 0 35.6354 0 35.6354 0 35.6354 0 35.6354 0 35.6354 0 35.6354 0 35.6354 0 35.6354 0 35.6354 0 35.6354 0 35.6354 0 35.6354 0 35.6354 0 35.6354 0 35.6354 0 35.6354 0 35.6354 0 35.6354 0 35.6354 0 35.6354 0 35.6354 0 35.6354 0 35.6354 0 35.6354 0 35.6354 0 35.6354 0 35.6354 0 35.6354 0 35.6354 0 35.6354 0 35.6354 0 35.6354 0 35.6354 0 35.6354 0 35.6354 0 35.6354 0 35.6354 0 35.6354 0 35.6354 0 35.6354 0 35.6354 0 35.6354 0 35.6354 0 35.6354 0 35.6354 0 35.6354 0 35.6354 0 35.6354 0 35.6354 0 35.6354 0 35.6354 0 35.6354 0 35.6354 0 35.6354 0 35.6354 0 35.6354 0 35.6354 0 35.6354 0 35.6354 0 35.6354 0 35.6354 0 35.6354 0 35.6354 0 35.6354 0 35.6354 0 35.6354 0 35.6354 0 35.6354 0 35.6354 0 35.6354 0 35.6354 0 35.6354 0 35.6354 0 35.6354 0 35.6354 0 35.6354 0 35.6354 0 35.6354 0 35.6354 0 35.6354 0 35.6354 0 35.6354 0 35.6354 0 35.6354 0 35.6354 0 35.6354 0 35.6354 0 35.6354 0 35.6354 0 35.6354 0 35.6354 0 35.6354 0 35.6354 0 35.6354 0 35.6354 0 35.6354 0 35.6354 0 35.6354 0 35.6354 0 35.6354 0 35.6354 0 35.6354 0 35.6354 0 35.6354 0 35.6354 0 35.6354 0 35.6354 0 35.6354 0 35.6354 0 35.6354 0 35.6354 0 35.6354 0 35.6354 0 35.6354 0 35.6354 0 35.6354 0 35.6354 0 35.6354 0 35.6354 0 35.6354 0 35.6354 0 35.6354 0 35.6354 0 35.6354 0 35.6354 0 35.6354 0 35.6354 0 35.6354 0 35.6354 0 35.6354 0 35.6354 0 35.6354 0 35.6354 0 35.6354 0 35.6354 0 35.6354 0 35.6354 0 35.6354 0 35.6354 0 35.6354 0 35.6354 0 35.6354 0 35.6354 0 35.6354 0 35.6354 0 35.6354 0 35.6354 0 35.6354 0 35.6354 0 35.6354 0 35.6354 0 35.6354 0 35.6354 0 35.6354 0 35.6354 0 35.6354 0 35.6354 0 35.6354 0 35.6354 0 35.6354 0 35.6354 0 35.6354 0 35.6354 0 35.6354 0 35.6354 0 35.6354 0 35.6354 0 35.6354 0 35.6354 0 35.6354 0 35.6354 0 35.6354 0 35.6354 0 35.6354 0 35.6354 0 35.6354 0 35.6354 0 35.6354 0 35.6354 0 35.6354 0 35.6354 0 35.6354 0 35.6354 0 35.6354 0 35.6354 0 35.6354 0 35.6354 0 35.6354 0 35.6354 0 35.6354 0 35.6354 0 35.6354 0 35.6354 0 35.6354 0 35.6354 0 35.6354 0 35.6354 0 35.6354 0 35.6354 0 35.6354 0 35.6354 0 35.6354 0 35.6354 0 35.6354 0 35.6354 0 35.6354 0 35.6354 0 35.6354 0 35.6354 0 35.6354 0 35.6354 0 35.6354 0 35.6354 0 35.6354 0 35.6354 0 35.6354 0 35.6354 0 35.6354 0 35.6354 0 35.6354 0 35.6354 0 35.6354 0 35.6354 0 35.6354 0 35.6354 0 35.6354 0 35.6354 0 35.6354 0 35.6354 0 35.6354 0 35.6354 0 35.6354 0 35.6354 0 35.6354 0 35.6354 0 35.6354 0 35.6354 0 35.6354 0 35.6354 0 35.6354 0 35.6354 0 35.6354 0 35.6354 0 35.6354 0 35.6354 0 35.6354 0 35.6354 0 35.6354 0 35.6354 0 35.6354 0 35.6354 0 35.6354 0 35.6354 0 35.6354 0 35.6354 0 35.6354 0 35.6354 0 35.6354 0 35.6354 0 35.6354 0 35.6354 0 35.6354 0 35.6354 0 35.6354 0 35.6354 0 35.6354 0 35.6354 0 35.6354 0 35.6354 0 35.6354 0 35.6354 0 35.6354 0 35.6354 0 35.6354 0 35.6354 0 35.6354 0 35.6354 0 35.6354 0 35.6354 0 35.6354 0 35.6354 0 35.6354 0 35.6354 0 35.6354 0 35.6354 0 35.6354 0 35.6354 0 35.6354 0 35.6354 0 35.6354 0 35.6354 0 35.6354 0 35.6354 0 35.6354 0 35.6354 0 35.6354 0 35.6354 0 35.6354 0 35.6354 0 35.6354 0 35.6354 0 35.6354 0 35.6354 0 35.6354 0 35.6354 0 35.6354 0 35.6354 0 35.6354 0 35.6354 0 35.6354 0 35.6354 0 35.6354 0 35.6354 0 35.6354 0 35.6354 0 35.6354 0 35.6354 0 35.6354 0 35.6354 0 35.6354 0 35.6354 0 35.6354 0 35.6354 0 35.6354 0 35.6354 0 35.6354 0 35.6354 0 35.6354 0 35.6354 0 35.6354 0 35.6354 0 35.6354 0 35.6354 0 35.6354 0 35.6354 0 35.6354 0 35.6354 0 35.6354 0 35.6354 0 35.6354 0 35.6354 0 35.6354 0 35.6354 0 35.6354 0 35.6354 0 35.6354 0 35.6354 0 35.6354 0 35.6354 0 35.6354 0 35.6354 0 35.6354 0 35.6354 0 35.6354 0 35.6354 0 35.6354 0 35.6354 0 35.6354 0 35.6354 0 35.6354 0 35.6354 0 35.6354 0 35.6354 0 35.6354 0 35.6354 0 35.6354 0 35.6354 0 35.6354 0 35.6354 0 35.6354 0 35.6354 0 35.6354 0 35.6354 0 35.6354 0 35.6354 0 35.6354 0 35.6354 0 35.6354 0 35.6354 0 35.6354 0 35.6354 0 35.6354 0 35.6354 0 35.6354 0 35.6354 0 35.6354 0 35.6354 0 35.6354 0 35.6354 0 35.6354 0 35.6354 0 35.6354 0 35.6354 0 35.6354 0 35.6354 0 35.6354 0 35.6354 0 35.6354 0 35.6354 0 35.6354 0 35.6354 0 35.6354 0 35.6354 0 35.6354 0 35.6354 0 35.6354 0 35.6354 0 35.6354 0 35.6354 0 35.6354 0 35.6354 0 35.6354 0 35.6354 0 35.6354 0 35.6354 0 35.6354 0 35.6354 0 35.6354 0 35.6354 0 35.6354 0 35.6354 0 35.6354 0 35.6354 0 35.6354 0 35.6354 0 35.6354 0 35.6354 0 35.6354 0 35.6354 0 35.6354 0 35.6354 0 35.6354 0 35.6354 0 35.6354 0 35.6354 0 35.6354 0 35.6354 0 35.6354 0 35.6354 0 35.6354 0 35.6354 0 35.6354 0 35.6354 0 35.6354 0 35.6354 0 35.6354 0 35.6354 0 35.6354 0 35.6354 0 35.6354 0 35.6354 0 35.6354 0 35.6354 0 35.6354 0 35.6354 0 35.6354 0 35.6354 0 35.6354 0 35.6354 0 35.6354 0 35.6354 0 35.6354 0 35.6354 0 35.6354 0 35.6354 0 35.6354 0 35.6354 0 35.6354 0 35.6354 0 35.6354 0 35.6354 0 35.6354 0 35.6354 0 35.6354 0 35.6354 0 35.6354 0 35.6354 0 35.6354 0 35.6354 0 35.6354 0 35.6354 0 35.6354 0 35.6354 0 35.6354 0 35.6354 0 35.6354 0 35.6354 0 35.6354 0 35.6354 0 35.6354 0 35.6354 0 35.6354 0 35.6354 0 35.6354 0 35.6354 0 35.6354 0 35.6354 0 35.6354 0 35.6354 0 35.6354 0 35.6354 0 35.6354 0 35.6354 0 35.6354 0 35.6354 0 35.6354 0 35.6354 0 35.6354 0 35.6354 0 35.6354 0 35.6354 0 35.6354 0 35.6354 0 35.6354 0 35.6354 0 35.6354 0 35.6354 0 35.6354 0 35.6354 0 35.6354 0 35.6354 0 35.6354 0 35.6354 0 35.6354 0 35.6354 0 35.6354 0 35.6354 0 35.6354 0 35.6354 0 35.6354 0 35.6354 0 35.6354 0 35.6354 0 35.6354 0 35.6354 0 35.6354 0 35.6354 0 35.6354 0 35.6354 0 35.6354 0 35.6354 0 35.6354 0 35.6354 0 35.6354 0 35.6354 0 35.6354 0 35.6354 0 35.6354 0 35.6354 0 35.6354 0 35.6354 0 35.6354 0 35.6354 0 35.6354 0 35.6354 0 35.6354 0 35.6354 0 35.6354 0 35.6354 0 35.6354 0 35.6354 0 35.6354 0 35.6354 0 35.6354 0 35.6354 0 35.6354 0 35.6354 0 35.6354 0 35.6354 0 35.6354 0 0 0 0 0 0 0 0 0 0 0 0 0 0 0 0 0 0 0 0 0 0 0 0 0 0 0 0 0 0 0 0 
</DataArray>
</CellData>
</Piece>
</UnstructuredGrid>
</VTKFile>
