<VTKFile type="UnstructuredGrid" version="0.1">
<UnstructuredGrid>
<Piece  NumberOfPoints="    2080" NumberOfCells="     514">
<Points>
<DataArray type="Float64" NumberOfComponents="3" format="ascii">
-231.317 524.872 1.30167
-231.114 529.97 27.0251
-208.517 523.766 29.0647
-208.743 518.242 1.30337
-231.069 531.106 29.7722
-230.48 545.622 51.607
-207.861 540.617 55.3369
-208.471 524.902 31.8118
-230.389 547.72 53.7112
-229.372 569.48 68.3203
-206.702 566.208 73.1573
-207.77 542.715 57.4411
-229.234 572.223 69.4597
-227.854 597.91 74.5843
-205.069 596.642 79.8199
-206.564 568.95 74.2967
-227.685 600.878 74.5834
-226.146 626.551 69.4341
-203.229 627.288 74.293
-204.899 599.609 79.819
-225.976 629.29 68.2935
-224.579 651.024 53.6795
-201.54 653.479 57.4166
-203.059 630.028 73.1524
-224.441 653.119 51.5745
-223.469 667.619 29.7425
-200.334 671.238 31.7758
-201.402 655.574 55.3116
-223.391 668.751 26.9945
-223.031 673.83 1.26671
-199.853 677.867 1.26682
-200.256 672.37 29.0278
-223.028 673.828 -1.70676
-223.354 668.724 -27.4297
-200.19 672.348 -29.4651
-199.85 677.866 -1.70666
-223.429 667.59 -30.1764
-224.396 653.077 -51.9997
-201.336 655.531 -55.7371
-200.265 671.214 -32.2118
-224.536 650.982 -54.1034
-225.948 629.244 -68.7087
-203.034 629.974 -73.5626
-201.475 653.435 -57.8408
-226.121 626.504 -69.8485
-227.679 600.831 -74.9878
-204.892 599.554 -80.2228
-203.207 627.234 -74.7024
-227.85 597.863 -74.9877
-229.252 572.178 -69.8537
-206.578 568.899 -74.6944
-205.064 596.587 -80.2228
-229.393 569.437 -68.7135
-230.433 547.682 -54.097
-207.836 542.679 -57.8234
-206.719 566.157 -73.5542
-230.526 545.584 -51.9916
-231.115 531.08 -30.1486
-208.548 524.887 -32.1817
-207.929 540.581 -55.7179
-231.157 529.946 -27.4001
-231.32 524.871 -1.6716
-208.747 518.241 -1.66989
-208.59 523.753 -29.4332
-206.023 517.723 1.37435
-205.796 523.247 29.1357
-179.129 520.265 29.7172
-179.299 514.604 1.37623
-205.144 540.155 55.5393
-178.557 537.539 56.6018
-179.087 521.459 32.5957
-205.754 524.44 32.0142
-203.986 565.851 73.4586
-177.437 563.76 74.8373
-178.467 539.742 58.8048
-205.053 542.358 57.7424
-202.348 596.418 80.1741
-175.773 594.935 81.6637
-177.294 566.635 76.0297
-203.843 568.727 74.651
-200.498 627.208 74.648
-173.833 626.331 76.0351
-175.594 598.046 81.6636
-202.168 599.529 80.174
-198.797 653.532 57.7189
-172.023 653.175 58.7943
-173.65 629.204 74.8418
-200.315 630.081 73.4547
-197.581 671.393 31.9794
-170.76 671.391 32.5669
-171.875 655.372 56.5905
-198.649 655.729 55.5151
-197.095 678.079 1.33929
-170.297 678.2 1.33964
-170.677 672.579 29.6878
-197.499 672.582 29.1003
-197.432 672.56 -29.5367
-170.644 672.554 -30.1224
-170.294 678.199 -1.77787
-197.093 678.077 -1.77822
-198.583 655.686 -55.9408
-171.837 655.327 -57.0153
-170.724 671.363 -33.0013
-197.512 671.369 -32.4155
-200.291 630.026 -73.8653
-173.629 629.151 -75.2552
-171.986 653.129 -59.218
-198.732 653.487 -58.1435
-202.162 599.474 -80.5777
-175.586 597.991 -82.0661
-173.814 626.278 -76.4471
-200.476 627.154 -75.0573
-203.856 568.675 -75.0486
-177.303 566.584 -76.4217
-175.767 594.88 -82.0653
-202.342 596.363 -80.5769
-205.119 542.321 -58.124
-178.504 539.7 -59.1848
-177.448 563.708 -75.228
-204.002 565.799 -73.8548
-205.83 524.425 -32.3836
-179.131 521.436 -32.9632
-178.597 537.499 -56.9806
-205.212 540.12 -55.9198
-205.87 523.234 -29.5047
-206.026 517.722 -1.74138
-179.302 514.603 -1.7395
-179.171 520.245 -30.0844
-176.303 514.328 1.39668
-176.133 519.99 29.7376
-148.854 518.088 29.9147
-148.909 512.379 1.40038
-176.104 521.201 32.6534
-175.574 537.281 56.6595
-148.516 535.5 56.9748
-148.824 519.299 32.8305
-175.498 539.516 58.8913
-174.468 563.534 74.9237
-147.567 561.92 75.3194
-148.44 537.735 59.2066
-174.33 566.452 76.1312
-172.809 594.751 81.7652
-145.91 593.311 82.1685
-147.43 564.837 76.5269
-172.623 597.905 81.7638
-170.862 626.191 76.1352
-143.837 624.9 76.4813
-145.724 596.466 82.1671
-170.666 629.102 74.9258
-169.038 653.073 58.8782
-141.845 651.894 59.127
-143.641 627.811 75.2719
-168.879 655.299 56.6466
-167.765 671.318 32.6229
-140.507 670.222 32.7526
-141.687 654.119 56.8954
-167.682 672.523 29.7081
-167.301 678.144 1.36002
-140.111 677.099 1.35814
-140.424 671.427 29.8378
-167.3 678.143 -1.79845
-167.65 672.498 -30.143
-140.421 671.405 -30.2763
-140.11 677.098 -1.80034
-167.732 671.29 -33.0575
-168.845 655.255 -57.0715
-141.677 654.081 -57.3226
-140.503 670.197 -33.1907
-169.004 653.027 -59.302
-170.646 629.049 -75.3392
-143.626 627.763 -75.6861
-141.836 651.854 -59.5531
-170.843 626.138 -76.5473
-172.615 597.85 -82.1663
-145.712 596.415 -82.5673
-143.823 624.852 -76.8942
-172.802 594.696 -82.1664
-174.338 566.4 -76.5228
-147.425 564.789 -76.9133
-145.899 593.26 -82.5674
-174.477 563.483 -75.314
-175.533 539.474 -59.2708
-148.446 537.696 -59.5802
-147.564 561.872 -75.7046
-175.61 537.241 -57.0379
-176.145 521.177 -33.0205
-148.84 519.275 -33.1911
-148.523 535.462 -57.3473
-176.173 519.968 -30.1042
-176.304 514.327 -1.7593
-148.911 512.378 -1.75559
-148.869 518.066 -30.2748
-145.944 512.151 1.414
-145.888 517.859 29.9284
-119.666 515.65 30.0098
-120.044 509.949 1.41724
-145.834 519.082 32.8643
-145.526 535.283 57.0085
-118.397 533.057 57.1607
-119.611 516.873 32.9457
-145.4 537.534 59.247
-144.526 561.718 75.3598
-116.136 559.466 75.5484
-118.27 535.307 59.3992
-144.319 564.645 76.563
-142.8 593.119 82.2046
-113.023 590.818 82.3823
-115.929 562.394 76.7515
-142.535 596.276 82.1934
-140.649 624.711 76.5076
-109.552 622.332 76.6425
-112.759 593.975 82.3711
-140.378 627.618 75.2878
-138.582 651.701 59.1429
-106.4 649.242 59.2307
-109.281 625.239 75.4227
-138.365 653.923 56.9015
-137.185 670.026 32.7588
-104.212 667.51 32.7993
-106.183 651.465 56.9893
-137.071 671.228 29.8371
-136.758 676.9 1.35745
-103.442 674.364 1.35738
-104.098 668.713 29.8776
-136.758 676.899 -1.80023
-137.069 671.206 -30.2761
-104.099 668.694 -30.3166
-103.442 674.363 -1.8003
-137.183 670.002 -33.1969
-138.357 653.886 -57.3288
-106.178 651.432 -57.4139
-104.212 667.489 -33.2374
-138.573 651.662 -59.5688
-140.364 627.571 -75.7018
-109.268 625.196 -75.8333
-106.394 649.208 -59.654
-140.634 624.663 -76.9202
-142.523 596.225 -82.5933
-112.744 593.928 -82.7666
-109.539 622.288 -77.0517
-142.788 593.069 -82.603
-144.314 564.597 -76.949
-115.916 562.35 -77.1322
-113.008 590.772 -82.7763
-144.522 561.671 -75.7445
-145.404 537.494 -59.6201
-118.257 535.27 -59.7671
-116.123 559.423 -75.9277
-145.53 535.245 -57.3803
-145.847 519.058 -33.2241
-119.603 516.848 -33.2997
-118.384 533.021 -57.5273
-145.902 517.837 -30.2877
-145.944 512.15 -1.76845
-120.044 509.948 -1.76521
-119.658 515.627 -30.3633
-117.167 509.639 1.42028
-116.789 515.34 30.0129
-90.8877 511.946 30.0264
-91.5975 506.277 1.42478
-116.665 516.558 32.9535
-115.45 532.742 57.1684
-88.6272 529.257 57.1895
-90.7638 513.165 32.967
-115.202 534.985 59.4103
-113.068 559.145 75.5595
-84.9546 555.517 75.5846
-88.3787 531.499 59.4314
-112.712 562.062 76.7633
-109.806 590.486 82.394
-80.2689 586.684 82.4193
-84.5985 558.434 76.7884
-109.389 593.629 82.381
-106.182 621.986 76.6524
-75.2819 618.001 76.6746
-79.8519 589.827 82.4063
-105.775 624.879 75.4294
-102.894 648.882 59.2375
-70.8583 644.73 59.2523
-74.875 620.894 75.4517
-102.572 651.092 56.9936
-100.601 667.138 32.8035
-67.7856 662.87 32.812
-70.5364 646.94 57.0084
-100.425 668.334 29.8795
-99.7695 673.986 1.35921
-66.6468 669.676 1.36105
-67.6102 664.066 29.8879
-99.7696 673.985 -1.8019
-100.427 668.315 -30.3182
-67.6131 664.049 -30.3215
-66.6469 669.675 -1.80006
-100.602 667.118 -33.2412
-102.567 651.06 -57.4177
-70.5331 646.911 -57.4246
-67.7884 662.851 -33.2446
-102.888 648.849 -59.6601
-105.762 624.837 -75.8395
-74.8618 620.854 -75.8542
-70.8541 644.7 -59.667
-106.168 621.942 -77.0609
-109.373 593.583 -82.7758
-79.8334 589.783 -82.7937
-75.268 617.96 -77.0757
-109.79 590.44 -82.7873
-112.698 562.018 -77.1433
-84.5772 558.392 -77.1614
-80.2502 586.64 -82.8053
-113.054 559.102 -75.9382
-115.187 534.949 -59.7776
-88.352 531.464 -59.7924
-84.9331 555.476 -75.9563
-115.436 532.707 -57.5344
-116.655 516.534 -33.3068
-90.7419 513.139 -33.312
-88.6006 529.222 -57.5492
-116.78 515.317 -30.3653
-117.166 509.638 -1.76728
-91.5967 506.276 -1.76278
-90.8669 511.922 -30.3705
-88.756 505.832 1.42547
-88.0462 511.501 30.0271
-62.471 506.835 30.0318
-63.5039 501.214 1.43106
-87.853 512.711 32.968
-85.7164 528.802 57.1905
-59.2383 523.994 57.1906
-62.2778 508.045 32.9727
-85.3451 531.029 59.4327
-81.9211 555.047 75.5859
-54.1522 550.017 75.582
-58.867 526.22 59.4328
-81.4133 557.941 76.7897
-77.0836 586.191 82.4206
-47.8659 580.896 82.4182
-53.6444 552.912 76.7858
-76.5101 589.31 82.4074
-71.9402 617.483 76.6758
-41.3238 611.919 76.678
-47.2925 584.014 82.405
-71.3929 620.353 75.4526
-67.3762 644.189 59.2532
-35.5941 638.392 59.2578
-40.7766 614.789 75.4548
-66.9475 646.38 57.0092
-64.1967 662.31 32.8128
-31.6331 656.354 32.8164
-35.1654 640.583 57.0138
-63.9615 663.496 29.8886
-62.9981 669.105 1.36173
-30.1452 663.092 1.36534
-31.3979 657.539 29.8923
-62.9983 669.104 -1.80007
-63.9645 663.478 -30.3216
-31.4022 657.523 -30.3166
-30.1454 663.091 -1.79647
-64.1996 662.291 -33.2444
-66.9443 646.351 -57.4245
-35.1629 640.557 -57.4176
-31.6372 656.336 -33.2395
-67.3721 644.159 -59.6669
-71.3797 620.314 -75.8541
-40.7625 614.752 -75.8454
-35.5907 638.365 -59.66
-71.9261 617.443 -77.0759
-76.4915 589.266 -82.7939
-47.2706 583.972 -82.7814
-41.3089 611.881 -77.0672
-77.0644 586.147 -82.8057
-81.3914 557.899 -77.1618
-53.6166 552.87 -77.1488
-47.8435 580.853 -82.7931
-81.8986 555.005 -75.9568
-85.3175 530.993 -59.7929
-58.8314 526.184 -59.7848
-54.1238 549.976 -75.9437
-85.6887 528.767 -57.5493
-87.83 512.685 -33.3121
-62.2485 508.017 -33.3065
-59.2025 523.958 -57.5412
-88.0249 511.477 -30.3701
-88.7547 505.831 -1.76232
-63.5026 501.213 -1.75674
-62.4433 506.809 -30.3644
-60.7006 500.627 1.43162
-59.6678 506.249 30.0324
-34.4664 500.295 30.0373
-35.8147 494.738 1.43838
-59.4068 507.446 32.9729
-56.3673 523.395 57.1908
-30.2803 517.248 57.1899
-34.2054 501.492 32.9778
-55.8744 525.597 59.4325
-51.1596 549.394 75.5818
-23.7896 542.953 75.5758
-29.7874 519.451 59.4316
-50.4993 552.257 76.7854
-44.7208 580.242 82.4178
-15.8907 573.45 82.4128
-23.1293 545.816 76.7794
-43.9883 583.326 82.4047
-38.0196 611.231 76.6777
-7.76978 604.09 76.6778
-15.1582 576.535 82.3997
-37.3292 614.069 75.4549
-32.1467 637.671 59.2579
-0.713595 630.231 59.2624
-7.07931 606.927 75.455
-31.6096 639.838 57.0141
-28.0773 655.608 32.8168
4.14167 647.966 32.8209
-0.176451 632.398 57.0186
-27.7831 656.78 29.8928
-26.5303 662.333 1.36586
5.96974 654.62 1.37088
4.43591 649.138 29.8969
-26.5305 662.332 -1.79596
-27.7874 656.764 -30.3161
4.43067 649.122 -30.3089
5.96947 654.619 -1.79093
-28.0815 655.59 -33.2385
-31.6072 639.812 -57.4167
-0.174146 632.374 -57.407
4.13653 647.949 -33.2313
-32.1433 637.645 -59.6587
-37.3151 614.031 -75.8441
-7.06401 606.892 -75.8307
-0.710227 630.207 -59.6491
-38.0045 611.193 -77.0656
-43.9662 583.284 -82.7798
-15.1327 576.493 -82.7623
-7.75341 604.053 -77.0523
-44.6978 580.199 -82.7915
-50.471 552.216 -77.1472
-23.0955 545.774 -77.1298
-15.8644 573.408 -82.774
-51.1305 549.353 -75.9424
-55.8381 525.561 -59.7835
-29.7454 519.413 -59.7723
-23.755 542.911 -75.9251
-56.3309 523.359 -57.5402
-59.3769 507.418 -33.3055
-34.1719 501.461 -33.2979
-30.2382 517.211 -57.5291
-59.6398 506.222 -30.3636
-60.6991 500.626 -1.75593
-35.8131 494.737 -1.74917
-34.4349 500.265 -30.356
-33.0557 494.009 1.43907
-31.7074 499.566 30.038
-6.93629 492.322 30.044
-8.59335 486.847 1.4469
-31.38 500.747 32.9781
-27.4549 516.503 57.1901
-1.81431 509.018 57.1905
-6.6089 493.503 32.9841
-26.8418 518.675 59.4314
-20.8441 542.177 75.5756
6.06815 534.325 75.5712
-1.20125 511.19 59.4318
-20.0313 545.001 76.779
-12.7928 572.635 82.4123
15.5795 564.349 82.4084
6.88086 537.148 76.7746
-11.9002 575.676 82.3994
-4.51169 603.231 76.6775
25.2883 594.514 76.6782
16.4721 567.391 82.3955
-3.6765 606.028 75.4551
2.68921 629.332 59.2625
33.6802 620.25 59.2679
26.1235 597.311 75.4558
3.33561 631.467 57.019
7.65373 647.036 32.8213
39.4331 637.709 32.8265
34.3266 622.385 57.0244
8.00692 648.191 29.8975
9.54075 653.673 1.37144
41.5976 644.259 1.37759
39.7863 638.864 29.9027
9.54044 653.672 -1.79019
8.00164 648.175 -30.3082
39.7803 638.848 -30.2999
41.5973 644.258 -1.78404
7.64855 647.019 -33.2302
3.33787 631.444 -57.4059
34.3292 622.363 -57.395
39.4272 637.692 -33.222
2.69265 629.308 -59.6475
-3.66113 605.992 -75.8292
26.1402 597.277 -75.8143
33.684 620.227 -59.6367
-4.49508 603.194 -77.0504
-11.8744 575.634 -82.7604
16.5004 567.349 -82.7419
25.3062 594.479 -77.0355
-12.766 572.593 -82.7721
-19.9971 544.958 -77.1279
6.9187 537.106 -77.11
15.6088 564.308 -82.7535
-20.809 542.135 -75.9235
-26.7993 518.637 -59.7708
-1.15491 511.149 -59.759
6.10685 534.282 -75.9057
-27.4124 516.465 -57.5279
-31.3461 500.715 -33.2967
-6.57315 493.468 -33.2881
-1.76803 508.978 -57.5161
-31.6757 499.536 -30.3551
-33.054 494.007 -1.74826
-8.59162 486.846 -1.74042
-6.90282 492.289 -30.3465
-5.88516 485.976 1.44771
-4.2281 491.451 30.0448
20.0532 482.923 30.0516
18.0934 477.548 1.45637
-3.83555 492.612 32.9845
0.959044 508.127 57.1909
26.0928 499.31 57.1924
20.4457 484.084 32.9912
1.6906 510.262 59.4317
8.95999 533.397 75.5711
35.3492 524.143 75.5678
26.8243 501.445 59.4332
9.92405 536.172 76.7742
18.6227 563.373 82.408
46.4625 553.603 82.4047
36.3132 526.918 76.7708
19.6754 566.361 82.3953
28.4916 593.485 76.678
57.7563 583.201 76.6788
47.5152 556.591 82.392
29.4718 596.234 75.4559
37.0286 619.172 59.2681
67.4847 608.455 59.2739
58.7366 585.95 75.4568
37.7845 621.27 57.0249
42.8909 636.594 32.827
74.1349 625.587 32.8328
68.2406 610.553 57.0306
43.303 637.729 29.9033
45.1143 643.124 1.37822
76.6338 632.015 1.38527
74.547 626.722 29.9092
45.1139 643.123 -1.78315
43.2969 637.713 -30.299
74.5404 626.708 -30.2898
76.6334 632.014 -1.7761
42.885 636.577 -33.2207
37.7871 621.249 -57.3938
68.2439 610.534 -57.3816
74.1284 625.572 -33.2114
37.0325 619.15 -59.635
29.4886 596.199 -75.8126
58.7549 585.917 -75.7961
67.4892 608.435 -59.6228
28.5097 593.449 -77.0335
19.7039 566.32 -82.7399
47.5461 556.55 -82.7203
57.776 583.167 -77.017
18.6523 563.331 -82.7515
9.96221 536.129 -77.108
36.3541 526.874 -77.0896
46.4945 553.561 -82.732
8.99905 533.354 -75.9041
1.73729 510.221 -59.7574
26.8734 501.403 -59.7451
35.391 524.099 -75.8857
1.00557 508.086 -57.515
-3.79956 492.577 -33.287
20.4823 484.046 -33.2775
26.1417 499.268 -57.5027
-4.19456 491.417 -30.3455
-5.88336 485.974 -1.73944
18.0952 477.546 -1.73078
20.0873 482.887 -30.3361
20.7442 476.536 1.45729
22.7039 481.911 30.0525
46.4354 472.113 30.0602
44.1785 466.853 1.46663
23.1603 483.049 32.9918
28.8073 498.274 57.1929
53.3718 488.141 57.1959
46.8917 473.25 32.9994
29.6552 500.366 59.4332
38.1801 523.063 75.5678
63.9764 512.423 75.5667
54.2197 490.232 59.4362
39.2937 525.781 76.7706
49.443 552.467 82.4045
76.6741 541.227 82.4033
65.09 515.141 76.7695
50.6546 555.393 82.3919
60.8958 582.003 76.6787
89.5402 570.168 76.681
77.8858 544.154 82.3907
62.0205 584.695 75.457
70.7686 607.2 59.2742
100.597 594.862 59.2811
90.665 572.86 75.4594
71.6337 609.255 57.0312
77.5281 624.289 32.8334
108.14 611.616 32.8403
101.462 596.916 57.0381
77.9987 625.401 29.9099
80.0855 630.693 1.386
110.971 617.903 1.39379
108.611 612.728 29.9168
80.0851 630.693 -1.77512
77.9921 625.386 -30.2888
108.604 612.714 -30.2791
110.97 617.902 -1.76733
77.5216 624.273 -33.2101
71.637 609.236 -57.3803
101.467 596.899 -57.3678
108.133 611.601 -33.2004
70.7733 607.18 -59.6211
62.0389 584.663 -75.7944
90.6847 572.828 -75.7781
100.603 594.843 -59.6087
60.9156 581.969 -77.015
50.6858 555.352 -82.7183
77.9187 544.113 -82.6995
89.5613 570.135 -76.9987
49.4753 552.425 -82.73
39.3349 525.738 -77.0876
65.1332 515.096 -77.0701
76.7082 541.186 -82.7111
38.2222 523.02 -75.884
29.7046 500.323 -59.7434
54.2705 490.187 -59.7314
64.0205 512.379 -75.8665
28.8564 498.232 -57.5015
23.1969 483.01 -33.2763
46.928 473.208 -33.2665
53.4223 488.096 -57.4894
22.738 481.874 -30.3351
20.746 476.534 -1.72974
44.1803 466.851 -1.7204
46.4691 472.073 -30.3252
46.7652 465.702 1.46762
49.0221 470.961 30.0612
72.1442 459.909 30.0694
69.5964 454.784 1.47745
49.541 472.072 33.0001
56.0211 486.962 57.1966
79.9619 475.526 57.2008
72.6631 461.02 33.0084
56.9831 489.003 59.4365
66.7398 511.194 75.5669
91.8905 499.18 75.5678
80.924 477.567 59.4406
68.0005 513.846 76.7695
79.5846 539.933 82.4033
106.143 527.24 82.404
93.1512 501.833 76.7704
80.953 542.789 82.3908
92.6074 568.803 76.6812
120.554 555.434 76.6851
107.511 530.096 82.3915
93.875 571.43 75.4599
103.807 593.431 59.2816
132.919 579.494 59.2895
121.822 558.062 75.4638
104.78 595.437 57.0388
111.458 610.137 32.8411
141.343 595.82 32.8489
133.892 581.499 57.0468
111.987 611.222 29.9177
114.347 616.396 1.39461
144.501 601.947 1.403
141.871 596.905 29.9256
114.346 616.396 -1.76629
111.98 611.208 -30.2781
141.864 596.892 -30.2682
144.5 601.946 -1.75791
111.451 610.122 -33.1991
104.785 595.42 -57.3665
133.898 581.483 -57.3541
141.335 595.806 -33.1892
103.813 593.413 -59.607
93.8948 571.398 -75.7765
121.843 558.031 -75.7608
132.926 579.477 -59.5946
92.6287 568.77 -76.9968
80.986 542.748 -82.6975
107.545 530.055 -82.6796
120.577 555.403 -76.9811
79.6188 539.891 -82.7092
68.0438 513.802 -77.0682
93.1959 501.788 -77.0516
106.178 527.199 -82.6912
66.784 511.15 -75.865
57.0341 488.958 -59.7299
80.9756 477.52 -59.7179
91.9361 499.135 -75.8484
56.0716 486.917 -57.4883
49.5773 472.03 -33.2653
72.6982 460.975 -33.2551
80.0131 475.479 -57.4764
49.0558 470.921 -30.3241
46.767 465.7 -1.71932
69.5982 454.781 -1.70949
72.1767 459.866 -30.3139
72.1124 453.495 1.47849
74.6602 458.621 30.0704
97.1132 446.34 30.0789
94.2813 441.364 1.48868
75.2404 459.701 33.0091
82.5392 474.207 57.2015
105.791 461.494 57.206
97.6934 447.42 33.0176
83.6131 476.191 59.4409
94.5796 497.805 75.5681
119.013 484.447 75.5692
106.865 463.479 59.4454
95.9842 500.383 76.7705
108.976 525.79 82.4041
134.783 511.674 82.4051
120.417 487.025 76.7716
110.498 528.566 82.3918
123.541 553.905 76.6854
150.707 539.036 76.6894
136.305 514.45 82.3928
124.949 556.459 75.4645
136.046 577.891 59.2901
164.352 562.387 59.2982
152.114 541.59 75.4685
137.125 579.841 57.0476
144.575 594.162 32.8498
173.639 578.236 32.858
165.431 564.336 57.0556
145.161 595.217 29.9264
147.79 600.259 1.40389
177.118 584.184 1.41275
174.224 579.291 29.9347
147.79 600.258 -1.75683
145.154 595.204 -30.2671
174.217 579.278 -30.2567
177.118 584.183 -1.74797
144.568 594.148 -33.1879
137.13 579.826 -57.3528
165.438 564.323 -57.3397
173.631 578.222 -33.1774
136.053 577.875 -59.593
124.97 556.429 -75.7591
152.137 541.561 -75.7426
164.36 562.372 -59.5799
123.564 553.873 -76.9791
110.532 528.526 -82.6777
136.341 514.41 -82.6592
150.731 539.005 -76.9627
109.011 525.749 -82.6893
96.029 500.338 -77.0497
120.463 486.979 -77.0327
134.82 511.633 -82.6709
94.6252 497.759 -75.8469
83.6647 476.144 -59.7164
106.917 463.43 -59.704
119.059 484.401 -75.8298
82.5903 474.16 -57.4752
75.2754 459.656 -33.2539
97.7265 447.372 -33.2432
105.842 461.446 -57.4628
74.6926 458.578 -30.3128
72.1141 453.493 -1.70836
94.283 441.362 -1.69818
97.1437 446.294 -30.3021
96.7201 439.942 1.48975
99.552 444.917 30.08
121.276 431.436 30.0888
118.168 426.627 1.50015
100.192 445.963 33.0184
108.29 460.038 57.2067
130.79 446.08 57.2117
121.916 432.482 33.0272
109.473 461.959 59.4457
121.62 482.927 75.5696
145.266 468.258 75.5714
131.973 448.001 59.4507
123.165 485.423 76.7718
137.53 510.072 82.4053
162.512 494.568 82.407
146.811 470.754 76.7736
139.202 512.76 82.3931
153.604 537.346 76.6897
179.906 521.013 76.6941
164.184 497.257 82.3947
155.148 539.819 75.4691
167.386 560.616 59.2988
194.798 543.584 59.3071
181.451 523.486 75.4735
168.568 562.504 57.0565
176.776 576.403 32.8588
204.926 558.907 32.8675
195.981 545.472 57.0648
177.417 577.425 29.9356
180.311 582.319 1.41369
208.72 564.659 1.4229
205.568 559.929 29.9442
180.311 582.318 -1.74686
177.41 577.413 -30.2556
205.56 559.917 -30.2449
208.72 564.659 -1.73765
176.769 576.39 -33.1761
168.575 562.491 -57.3383
195.989 545.46 -57.3249
204.919 558.895 -33.1654
167.394 560.602 -59.5782
155.17 539.79 -75.7409
181.474 523.458 -75.7243
194.808 543.571 -59.5647
153.628 537.315 -76.9607
139.238 512.72 -82.6573
164.22 497.217 -82.6389
179.931 520.983 -76.9441
137.567 510.031 -82.6689
123.21 485.377 -77.0307
146.857 470.708 -77.0138
162.549 494.528 -82.6506
121.666 482.881 -75.8282
109.524 461.911 -59.7024
132.023 447.952 -59.6899
145.313 468.212 -75.8113
108.341 459.989 -57.4615
100.225 445.915 -33.2419
121.946 432.432 -33.2311
130.84 446.031 -57.4491
99.5823 444.872 -30.3009
96.7217 439.939 -1.69702
118.17 426.625 -1.68661
121.304 431.389 -30.2901
120.523 425.074 1.50124
123.631 429.883 30.0899
144.568 415.237 30.099
141.193 410.609 1.51174
124.329 430.892 33.028
133.203 444.49 57.2125
154.888 429.323 57.218
145.265 416.245 33.0371
134.491 446.342 59.4511
147.784 466.598 75.5718
170.577 450.656 75.5745
156.176 431.175 59.4566
149.465 469.004 76.7738
165.166 492.819 82.4072
189.249 475.967 82.4098
172.257 453.062 76.7765
166.983 495.41 82.3951
182.705 519.166 76.6944
208.066 501.413 76.6994
191.065 478.559 82.3976
184.382 521.551 75.4742
197.73 541.649 59.3078
224.164 523.135 59.3164
209.743 503.798 75.4792
199.013 543.47 57.0657
207.959 556.905 32.8684
235.108 537.886 32.8774
225.448 524.956 57.0744
208.654 557.891 29.9452
211.806 562.621 1.42389
239.206 543.425 1.43334
235.804 538.872 29.9542
211.806 562.621 -1.73652
208.647 557.879 -30.2438
235.796 538.861 -30.233
239.206 543.424 -1.72707
207.951 556.893 -33.164
199.021 543.458 -57.3235
225.457 524.946 -57.3101
235.101 537.875 -33.1532
197.74 541.637 -59.5631
184.406 521.523 -75.7226
209.767 503.771 -75.7063
224.175 523.124 -59.5496
182.73 519.137 -76.9422
167.019 495.371 -82.637
191.102 478.52 -82.6192
208.092 501.384 -76.9258
165.203 492.778 -82.6487
149.511 468.958 -77.0119
172.303 453.016 -76.9955
189.287 475.928 -82.6309
147.831 466.552 -75.8097
134.542 446.292 -59.6883
156.226 431.124 -59.6761
170.623 450.609 -75.7933
133.253 444.44 -57.4478
124.359 430.841 -33.2299
145.293 416.193 -33.2191
154.937 429.272 -57.4356
123.659 429.836 -30.2889
120.525 425.071 -1.68544
141.195 410.607 -1.67493
144.593 415.187 -30.2782
143.458 408.93 1.51284
146.833 413.557 30.1001
166.925 397.783 30.1093
163.294 393.352 1.52335
147.586 414.525 33.0379
157.209 427.603 57.2188
178.02 411.266 57.2249
167.678 398.75 33.0472
158.598 429.379 59.4571
172.999 448.86 75.575
194.873 431.687 75.5787
179.41 413.043 59.4632
174.81 451.169 76.7769
191.802 474.075 82.4101
214.915 455.922 82.4137
196.684 433.996 76.7805
193.758 476.562 82.3981
210.758 499.415 76.6999
235.101 480.291 76.7056
216.872 458.409 82.4016
212.563 501.705 75.48
226.985 521.042 59.3172
252.36 501.099 59.3262
236.905 482.58 75.4856
228.365 522.79 57.0753
238.026 535.72 32.8784
264.089 515.233 32.8877
253.74 502.847 57.0843
238.774 536.667 29.9553
242.176 541.22 1.43437
268.48 520.542 1.44396
264.837 516.18 29.9646
242.176 541.219 -1.72593
238.766 536.656 -30.2318
264.829 516.169 -30.2211
268.48 520.541 -1.71634
238.018 535.709 -33.1518
228.375 522.78 -57.3087
253.751 502.838 -57.2954
264.081 515.222 -33.1411
226.996 521.031 -59.548
212.587 501.678 -75.7046
236.93 482.554 -75.6888
252.372 501.089 -59.5347
210.784 499.387 -76.924
193.795 476.523 -82.6173
216.909 458.371 -82.6004
235.127 480.263 -76.9081
191.839 474.035 -82.629
174.856 451.123 -76.9936
196.729 433.95 -76.9781
214.953 455.883 -82.6121
173.045 448.814 -75.7918
158.648 429.329 -59.6746
179.457 412.992 -59.6628
194.919 431.641 -75.7762
157.257 427.552 -57.4343
147.613 414.473 -33.2179
167.702 398.697 -33.2072
178.067 411.215 -57.4225
146.857 413.507 -30.277
143.459 408.927 -1.67376
163.295 393.35 -1.66325
166.946 397.731 -30.2664
165.463 391.55 1.52445
169.093 395.981 30.1104
188.287 379.12 30.1198
184.411 374.901 1.53489
169.9 396.905 33.048
180.242 409.421 57.2257
200.122 391.958 57.2324
189.093 380.044 33.0574
181.729 411.117 59.4638
197.192 429.761 75.5793
218.086 411.404 75.5839
201.608 393.654 59.4704
199.129 431.965 76.781
217.36 453.891 82.4141
239.438 434.488 82.4187
220.023 413.609 76.7857
219.45 456.267 82.4022
237.679 478.148 76.7061
260.93 457.707 76.7125
241.528 436.864 82.4068
239.606 480.334 75.4865
255.06 498.853 59.327
279.299 477.539 59.3362
262.857 459.894 75.4929
256.534 500.523 57.0853
266.883 512.909 32.8887
291.779 491.015 32.8983
280.772 479.209 57.0945
267.681 513.814 29.9656
271.325 518.176 1.44502
296.452 496.078 1.45467
292.577 491.919 29.9752
271.324 518.176 -1.71521
267.673 513.804 -30.2199
292.569 491.91 -30.2094
296.451 496.077 -1.70556
266.875 512.899 -33.1398
256.545 500.515 -57.2941
280.785 479.201 -57.2812
291.771 491.005 -33.1292
255.073 498.843 -59.5331
239.631 480.309 -75.6872
262.883 459.869 -75.6721
279.313 477.53 -59.5202
237.705 478.121 -76.9064
219.487 456.228 -82.5986
241.565 436.826 -82.5828
260.957 457.681 -76.8913
217.398 453.852 -82.6103
199.174 431.919 -76.9763
220.067 413.563 -76.9618
239.476 434.45 -82.5945
197.238 429.715 -75.7747
181.776 411.065 -59.6613
201.654 393.603 -59.65
218.131 411.358 -75.7602
180.289 409.369 -57.4213
169.923 396.851 -33.206
189.113 379.989 -33.1956
200.166 391.906 -57.41
169.115 395.93 -30.2652
165.464 391.548 -1.66208
184.412 374.898 -1.65164
188.305 379.068 -30.2548
186.478 372.982 1.53599
190.353 377.201 30.1209
208.596 359.299 30.1303
204.488 355.305 1.54626
191.21 378.078 33.0583
202.239 389.992 57.2333
221.133 371.451 57.2404
209.453 360.176 33.0677
203.818 391.602 59.4711
220.296 409.352 75.5846
240.153 389.863 75.5902
222.712 373.061 59.4782
222.352 411.445 76.7862
241.767 432.325 82.4193
262.746 411.727 82.4249
242.208 391.956 76.7918
243.985 434.581 82.4075
263.386 455.425 76.7132
285.479 433.728 76.7202
264.964 413.983 82.4131
265.43 457.502 75.4938
281.872 475.147 59.3371
304.901 452.526 59.3466
287.523 435.806 75.5008
283.434 476.735 57.0956
294.44 488.54 32.8993
318.094 465.305 32.909
306.463 454.114 57.105
295.287 489.4 29.9763
299.161 493.559 1.45574
323.034 470.109 1.46533
318.94 466.165 29.9859
299.161 493.559 -1.70445
295.279 489.391 -30.2082
318.933 466.156 -30.1979
323.034 470.108 -1.69486
294.433 488.53 -33.1279
283.447 476.727 -57.2799
306.477 454.107 -57.2676
318.087 465.296 -33.1176
281.886 475.139 -59.5187
265.456 457.478 -75.6706
287.549 435.782 -75.6565
304.916 452.519 -59.5063
263.413 455.399 -76.8897
244.022 434.544 -82.5812
265.001 413.947 -82.5666
285.506 433.703 -76.8755
241.804 432.287 -82.5929
222.396 411.4 -76.9602
242.251 391.911 -76.9468
262.783 411.69 -82.5784
220.34 409.306 -75.7588
203.864 391.551 -59.6486
222.756 373.009 -59.638
240.196 389.817 -75.7455
202.283 389.94 -57.4088
191.23 378.023 -33.1944
209.47 360.12 -33.1843
221.175 371.398 -57.3982
190.371 377.148 -30.2536
186.479 372.979 -1.65049
204.489 355.302 -1.64023
208.61 359.246 -30.2435
206.447 353.273 1.54735
210.555 357.267 30.1313
227.798 338.373 30.1406
223.471 334.618 1.55731
211.46 358.095 33.0686
223.14 369.37 57.2413
240.997 349.801 57.2487
228.703 339.201 33.0779
224.806 370.889 59.4789
242.247 387.691 75.5909
261.011 367.123 75.5972
242.663 351.32 59.4863
244.415 389.666 76.7925
264.953 409.438 82.4256
284.775 387.705 82.4318
263.179 369.099 76.7988
267.292 411.568 82.4138
287.806 431.313 76.7209
308.676 408.426 76.7282
287.114 389.835 82.4201
289.96 433.276 75.5017
307.339 449.996 59.3475
329.091 426.138 59.3569
310.831 410.389 75.509
308.985 451.496 57.1061
320.616 462.688 32.9101
342.957 438.185 32.9197
330.737 427.638 57.1155
321.508 463.501 29.987
325.601 467.445 1.46641
348.15 442.716 1.47582
343.849 438.998 29.9966
325.601 467.444 -1.69379
321.5 463.492 -30.1969
343.841 438.99 -30.1869
348.149 442.716 -1.68438
320.609 462.679 -33.1164
308.999 451.49 -57.2664
330.752 427.633 -57.2545
342.95 438.177 -33.1064
307.354 449.989 -59.5049
289.986 433.252 -75.6551
310.857 410.367 -75.6418
329.108 426.132 -59.4931
287.833 431.288 -76.874
267.328 411.532 -82.5651
287.149 389.801 -82.5517
308.704 408.402 -76.8607
264.99 409.401 -82.5769
244.458 389.621 -76.9454
263.221 369.055 -76.9331
284.812 387.669 -82.5635
242.29 387.645 -75.7442
224.85 370.837 -59.6367
242.704 351.269 -59.6267
261.052 367.079 -75.7319
223.182 369.317 -57.3971
211.476 358.039 -33.1831
228.715 339.145 -33.1734
241.036 349.749 -57.3871
210.569 357.214 -30.2424
206.448 353.271 -1.63911
223.471 334.615 -1.62914
227.808 338.321 -30.2327
225.317 332.48 1.55836
229.644 336.236 30.1417
245.841 316.403 30.1507
241.308 312.898 1.56793
230.594 337.011 33.0788
242.888 347.611 57.2496
259.659 327.071 57.2571
246.791 317.178 33.0878
244.636 349.035 59.487
262.984 364.837 75.5979
280.603 343.252 75.6046
261.408 328.495 59.4945
265.258 366.69 76.7995
286.854 385.296 82.4325
305.462 362.493 82.4392
282.877 345.104 76.8061
289.306 387.295 82.4209
310.869 405.885 76.729
330.457 381.877 76.7364
307.914 364.492 82.4276
313.126 407.728 75.51
331.387 423.477 59.3579
351.8 398.456 59.367
332.715 383.72 75.5174
333.112 424.886 57.1166
345.332 435.433 32.9208
366.296 409.741 32.9303
353.526 399.865 57.1258
346.266 436.197 29.9977
350.567 439.915 1.47688
371.725 413.988 1.48601
367.23 410.505 30.0071
350.566 439.915 -1.68334
346.258 436.189 -30.1859
367.223 410.497 -30.1764
371.724 413.987 -1.67422
345.325 435.425 -33.1053
333.127 424.881 -57.2533
353.542 399.861 -57.242
366.289 409.733 -33.0958
331.403 423.471 -59.4917
313.153 407.706 -75.6405
332.741 383.699 -75.6281
351.818 398.451 -59.4804
310.896 405.862 -76.8593
289.341 387.26 -82.5503
307.949 364.459 -82.5381
330.485 381.855 -76.8469
286.89 385.26 -82.5621
265.299 366.646 -76.9317
282.917 345.062 -76.9206
305.498 362.459 -82.5499
263.025 364.793 -75.7307
244.677 348.984 -59.6255
261.445 328.445 -59.6162
280.643 343.209 -75.7196
242.927 347.559 -57.386
230.606 336.955 -33.1723
246.799 317.124 -33.1631
259.695 327.021 -57.3767
229.654 336.183 -30.2316
225.317 332.478 -1.62806
241.308 312.895 -1.61849
245.846 316.351 -30.2223
243.036 310.66 1.56894
247.569 314.164 30.1517
262.676 293.448 30.1604
257.952 290.206 1.57802
248.561 314.885 33.0887
261.429 324.778 57.258
277.069 303.325 57.2655
263.668 294.169 33.0973
263.254 326.102 59.4953
282.45 340.859 75.6054
298.876 318.319 75.6124
278.894 304.649 59.5028
284.822 342.583 76.8069
307.408 359.972 82.44
324.752 336.166 82.4469
301.249 320.043 76.8139
309.965 361.833 82.4284
332.508 379.219 76.7372
350.761 354.164 76.7446
327.309 338.028 82.4353
334.862 380.936 75.5184
353.947 395.672 59.368
372.966 369.568 59.3768
353.115 355.881 75.5258
355.746 396.987 57.1268
368.516 406.862 32.9313
388.046 380.062 32.9405
374.764 370.882 57.1357
369.49 407.575 30.0082
373.985 411.058 1.48705
393.694 384.015 1.49577
389.02 380.775 30.0173
373.984 411.058 -1.67323
369.483 407.568 -30.1754
389.012 380.768 -30.1664
393.694 384.014 -1.66451
368.51 406.855 -33.0947
355.762 396.983 -57.2409
374.782 370.879 -57.2303
388.039 380.055 -33.0857
353.965 395.668 -59.4792
334.888 380.915 -75.6269
353.142 355.862 -75.6154
372.985 369.564 -59.4685
332.535 379.197 -76.8456
310 361.8 -82.5368
327.343 337.997 -82.5257
350.789 354.143 -76.8341
307.443 359.938 -82.5486
284.862 342.541 -76.9193
301.287 320.003 -76.9093
324.786 336.134 -82.5376
282.489 340.817 -75.7184
263.292 326.052 -59.6151
278.929 304.601 -59.6066
298.914 318.278 -75.7084
261.465 324.728 -57.3757
248.568 314.831 -33.1621
263.671 294.117 -33.1534
277.102 303.277 -57.3672
247.574 314.113 -30.2213
243.036 310.657 -1.61746
257.952 290.203 -1.60838
262.677 293.399 -30.2127
259.558 287.873 1.57897
264.282 291.115 30.1613
278.26 269.574 30.1696
273.361 266.603 1.58747
265.312 291.779 33.0982
278.714 300.935 57.2664
293.182 278.63 57.2738
279.291 270.238 33.1065
280.609 302.156 59.5036
300.591 315.826 75.6131
315.783 292.395 75.6203
295.077 279.851 59.511
303.055 317.416 76.8146
326.558 333.54 82.4477
342.593 308.803 82.4547
318.247 293.986 76.8218
329.212 335.26 82.4362
352.665 351.395 76.7454
369.535 325.369 76.7526
345.247 310.523 82.4432
355.108 352.983 75.5267
374.958 366.67 59.3778
392.531 339.563 59.3861
371.978 326.956 75.5339
376.825 367.886 57.1367
390.106 377.066 32.9415
408.149 349.243 32.9502
394.398 340.779 57.145
391.117 377.726 30.0183
395.791 380.966 1.49677
414 352.893 1.50498
409.16 349.903 30.027
395.791 380.966 -1.66359
391.109 377.72 -30.1655
409.153 349.897 -30.1572
413.999 352.893 -1.65538
390.1 377.059 -33.0848
376.842 367.883 -57.2293
394.416 340.776 -57.2193
408.143 349.237 -33.0764
374.977 366.666 -59.4674
355.135 352.964 -75.6143
372.005 326.939 -75.6037
392.552 339.56 -59.4574
352.692 351.375 -76.833
329.246 335.229 -82.5246
345.28 310.494 -82.5147
369.562 325.35 -76.8224
326.592 333.508 -82.5364
303.093 317.377 -76.9081
318.282 293.949 -76.8993
342.626 308.773 -82.5266
300.629 315.785 -75.7074
280.644 302.108 -59.6056
295.109 279.806 -59.5979
315.818 292.357 -75.6986
278.746 300.887 -57.3663
265.315 291.727 -33.1525
279.29 270.189 -33.1444
293.211 278.585 -57.3586
264.283 291.066 -30.2117
259.558 287.87 -1.60741
273.361 266.601 -1.5989
278.257 269.527 -30.2037
274.841 264.183 1.58837
279.74 267.153 30.1705
292.555 244.846 30.1782
287.496 242.157 1.59622
280.806 267.758 33.1073
294.697 276.151 57.2746
307.957 253.056 57.2819
293.621 245.451 33.115
296.657 277.264 59.5118
317.362 289.809 75.6211
331.28 265.555 75.6283
309.917 254.169 59.5191
319.909 291.262 76.8226
344.255 306.079 82.4555
358.94 280.482 82.4625
333.827 267.008 76.8298
346.999 307.653 82.444
371.286 322.499 76.7534
386.731 295.58 76.7601
361.684 282.056 82.4511
373.811 323.953 75.5348
394.364 336.56 59.387
410.448 308.534 59.3947
389.256 297.034 75.5415
396.293 337.675 57.146
410.044 346.14 32.9512
426.556 317.382 32.9594
412.376 309.65 57.1537
411.088 346.746 30.028
415.928 349.736 1.50593
432.591 320.722 1.51353
427.6 317.988 30.0361
415.928 349.735 -1.65454
411.081 346.74 -30.1563
427.593 317.982 -30.1487
432.59 320.722 -1.64694
410.038 346.133 -33.0755
396.311 337.673 -57.2184
412.396 309.648 -57.2092
426.55 317.376 -33.0679
394.384 336.557 -59.4564
373.838 323.936 -75.6027
389.283 297.019 -75.5931
410.469 308.532 -59.4472
371.314 322.48 -76.8214
347.032 307.624 -82.5137
361.716 282.03 -82.5051
386.759 295.563 -76.8118
344.288 306.05 -82.5256
319.944 291.225 -76.8983
333.86 266.974 -76.8908
358.972 280.455 -82.517
317.397 289.771 -75.6977
296.688 277.22 -59.597
309.945 254.128 -59.5903
331.313 265.52 -75.6901
294.726 276.106 -57.3577
280.804 267.71 -33.1436
293.615 245.406 -33.1363
307.983 253.014 -57.351
279.736 267.107 -30.2028
274.84 264.18 -1.59801
287.496 242.154 -1.59016
292.548 244.803 -30.1955
288.845 239.655 1.59704
293.904 242.344 30.179
305.526 219.332 30.1862
300.324 216.933 1.60416
295.002 242.888 33.1158
309.338 250.493 57.2827
321.36 226.67 57.2898
306.624 219.876 33.1229
311.357 251.496 59.5198
332.72 262.882 75.6291
345.332 237.871 75.6364
323.378 227.673 59.5269
335.342 264.195 76.8306
360.455 277.669 82.4633
373.756 251.286 82.4702
347.954 239.184 76.8379
363.279 279.093 82.4518
388.326 292.617 76.7609
402.31 264.885 76.7671
376.58 252.709 82.4587
390.924 293.936 75.5424
412.116 305.435 59.3955
426.674 276.578 59.4024
404.908 266.204 75.5485
414.101 306.448 57.1546
428.281 314.18 32.9604
443.223 284.579 32.9678
428.658 277.591 57.1615
429.355 314.732 30.037
434.346 317.466 1.51441
449.424 287.604 1.52129
444.297 285.13 30.0445
434.346 317.466 -1.64618
429.348 314.726 -30.148
444.291 285.124 -30.1411
449.424 287.604 -1.6393
428.275 314.175 -33.0672
414.121 306.446 -57.2084
428.68 277.589 -57.2
443.217 284.573 -33.0603
412.138 305.433 -59.4463
390.951 293.92 -75.5923
404.935 266.19 -75.5837
426.697 276.576 -59.4379
388.354 292.6 -76.8109
363.311 279.067 -82.5042
376.611 252.686 -82.497
402.337 264.87 -76.8023
360.487 277.642 -82.5162
335.375 264.161 -76.8899
347.985 239.153 -76.8838
373.788 251.261 -82.5089
332.752 262.848 -75.6893
311.384 251.456 -59.5895
323.403 227.637 -59.5838
345.363 237.84 -75.6832
309.364 250.452 -57.3502
294.996 242.844 -33.1355
306.614 219.835 -33.1289
321.383 226.633 -57.3445
293.897 242.301 -30.1947
288.845 239.653 -1.58935
300.323 216.93 -1.58223
305.515 219.293 -30.1881
301.54 214.356 1.60492
306.742 216.755 30.1869
317.145 193.099 30.1934
311.817 190.998 1.61126
307.869 217.237 33.1237
322.604 224.031 57.2905
333.361 199.544 57.2976
318.272 193.581 33.1302
324.675 224.922 59.5277
346.628 235.12 75.6371
357.908 209.418 75.6448
335.431 200.434 59.5347
349.318 236.288 76.8387
375.12 248.39 82.4709
387.009 221.293 82.4778
360.597 210.587 76.8463
378.016 249.662 82.4595
403.745 261.838 76.7678
416.237 233.375 76.7732
389.905 222.565 82.4663
406.409 263.018 75.5493
428.175 273.392 59.4032
441.175 243.79 59.4089
418.901 234.556 75.5547
430.209 274.301 57.1623
444.774 281.289 32.9687
458.116 250.935 32.9753
443.21 244.699 57.1681
445.876 281.784 30.0453
451.003 284.259 1.52209
464.466 253.642 1.52813
459.218 251.431 30.0519
451.002 284.259 -1.63863
445.869 281.779 -30.1405
459.212 251.425 -30.1345
464.466 253.642 -1.63259
444.768 281.284 -33.0597
430.231 274.299 -57.1993
443.233 244.698 -57.1917
458.111 250.93 -33.0537
428.198 273.39 -59.4371
406.436 263.005 -75.5829
418.929 234.544 -75.5755
441.2 243.789 -59.4295
403.773 261.823 -76.8016
378.047 249.639 -82.4962
389.935 222.545 -82.4906
416.265 233.362 -76.7941
375.151 248.366 -82.5083
349.349 236.258 -76.8831
360.627 210.561 -76.8787
387.04 221.272 -82.5027
346.659 235.089 -75.6826
324.7 224.886 -59.5832
335.454 200.403 -59.5787
357.937 209.392 -75.6782
322.627 223.995 -57.3439
307.859 217.197 -33.1283
318.259 193.546 -33.1225
333.381 199.512 -57.3394
306.731 216.717 -30.1874
301.539 214.354 -1.58151
311.816 190.997 -1.57517
317.131 193.066 -30.1816
312.898 188.355 1.61196
318.226 190.455 30.1941
327.391 166.217 30.1999
321.954 164.425 1.6175
319.378 190.873 33.1309
334.467 196.836 57.2983
343.938 171.745 57.3055
328.543 166.635 33.1367
336.582 197.611 59.5355
359.059 206.595 75.6456
368.984 180.268 75.6538
346.054 172.52 59.5426
361.807 207.617 76.8471
388.219 218.324 82.4785
398.674 190.585 82.4852
371.732 181.29 76.8553
391.177 219.441 82.467
417.51 230.251 76.7739
428.488 201.139 76.7781
401.632 191.703 82.4736
420.231 231.293 75.5554
442.505 240.527 59.4096
453.925 210.27 59.4138
431.209 202.18 75.5596
444.584 241.331 57.1688
459.491 247.568 32.9761
471.209 216.555 32.9815
456.004 211.074 57.173
460.617 248.007 30.0526
465.865 250.218 1.52881
477.69 218.938 1.53386
472.336 216.994 30.058
465.864 250.218 -1.63201
460.611 248.001 -30.134
472.33 216.988 -30.1289
477.689 218.938 -1.62695
459.486 247.562 -33.0532
444.607 241.33 -57.1912
456.029 211.073 -57.1843
471.205 216.549 -33.0481
442.53 240.526 -59.4289
420.259 231.281 -75.5748
431.238 202.17 -75.5683
453.951 210.269 -59.422
417.538 230.239 -76.7935
391.208 219.422 -82.49
401.663 191.687 -82.4861
428.517 201.127 -76.787
388.25 218.303 -82.5022
361.837 207.592 -76.8782
371.761 181.269 -76.8759
398.704 190.568 -82.4983
359.088 206.569 -75.6778
336.605 197.58 -59.5782
346.075 172.495 -59.5751
369.013 180.247 -75.6754
334.487 196.804 -57.3389
319.364 190.839 -33.122
328.527 166.607 -33.1169
343.957 171.72 -57.3357
318.211 190.422 -30.181
312.897 188.353 -1.57456
321.953 164.423 -1.56902
327.374 166.19 -30.1759
322.897 161.72 1.61814
328.334 163.513 30.2005
336.249 138.756 30.2046
330.72 137.284 1.62294
329.507 163.865 33.1374
344.903 168.974 57.3062
353.075 143.34 57.3114
337.422 139.108 33.1415
347.058 169.632 59.5433
369.988 177.38 75.6545
378.544 150.489 75.6604
355.23 143.998 59.5486
372.786 178.254 76.8559
399.728 187.549 82.4858
408.73 159.241 82.4888
381.342 151.363 76.8618
402.74 188.512 82.4741
429.596 197.947 76.7785
439.04 168.266 76.778
411.742 160.203 82.4771
432.367 198.849 75.56
455.082 206.94 59.4142
464.901 176.117 59.4142
441.811 169.168 75.5595
457.199 207.639 57.1735
472.405 213.119 32.982
482.48 181.54 32.9848
467.018 176.816 57.1736
473.552 213.502 30.0585
478.906 215.446 1.53433
489.074 183.594 1.53813
483.628 181.922 30.0613
478.906 215.446 -1.62643
473.547 213.496 -30.1283
483.624 181.917 -30.1233
489.074 183.594 -1.62263
472.401 213.114 -33.0475
457.224 207.637 -57.1837
467.046 176.814 -57.1756
482.478 181.534 -33.0425
455.109 206.938 -59.4213
432.396 198.839 -75.5676
441.842 169.159 -75.5591
464.93 176.115 -59.4132
429.625 197.937 -76.7864
402.771 188.496 -82.4855
411.774 160.191 -82.4801
439.071 168.257 -76.7779
399.758 187.533 -82.4978
372.815 178.234 -76.8755
381.372 151.348 -76.8723
408.762 159.228 -82.4924
370.017 177.359 -75.6751
347.078 169.608 -59.5747
355.251 143.981 -59.5706
378.573 150.474 -75.6719
344.921 168.95 -57.3353
329.492 163.837 -33.1165
337.405 139.089 -33.1109
353.094 143.323 -57.3313
328.317 163.486 -30.1753
322.896 161.719 -1.5685
330.719 137.283 -1.5637
336.231 138.738 -30.1698
331.526 134.527 1.62331
337.054 135.999 30.205
343.72 110.79 30.1996
338.118 109.655 1.62752
338.245 136.283 33.1414
353.899 140.515 57.3113
360.77 114.398 57.2985
344.911 111.074 33.136
356.085 141.052 59.548
379.399 147.543 75.6598
386.576 120.15 75.6412
362.957 114.935 59.5351
382.238 148.267 76.8608
409.626 156.145 82.4878
417.158 127.336 82.4642
389.415 120.874 76.8422
412.683 156.953 82.4759
439.98 165.016 76.7768
447.865 134.847 76.7522
420.215 128.144 82.4523
442.792 165.779 75.5585
465.882 172.728 59.4133
474.073 141.428 59.396
450.677 135.61 75.5339
468.031 173.322 57.1731
483.494 178.047 32.9844
491.899 145.991 32.9779
476.222 142.023 57.1558
484.659 178.372 30.0613
490.105 180.044 1.5381
498.591 147.705 1.54025
493.064 146.316 30.0547
490.105 180.043 -1.62193
484.655 178.366 -30.1226
493.064 146.31 -30.1118
498.591 147.704 -1.61978
483.492 178.041 -33.0414
468.06 173.32 -57.1745
476.255 142.02 -57.153
491.9 145.985 -33.0306
465.912 172.726 -59.4116
442.823 165.771 -75.5575
450.712 135.603 -75.5283
474.107 141.425 -59.3901
440.011 165.007 -76.776
412.715 156.941 -82.4782
420.249 128.136 -82.4488
447.9 134.84 -76.7468
409.658 156.133 -82.4906
382.268 148.253 -76.8705
389.447 120.867 -76.8443
417.193 127.327 -82.4611
379.428 147.529 -75.6704
356.106 141.036 -59.569
362.98 114.929 -59.5474
386.608 120.142 -75.6442
353.917 140.499 -57.3302
338.229 136.264 -33.1098
344.895 111.067 -33.0955
360.791 114.392 -57.3085
337.037 135.981 -30.1691
331.525 134.526 -1.56301
338.117 109.655 -1.5588
343.703 110.784 -30.1548
338.789 106.854 1.6261
344.391 107.989 30.1982
349.867 82.4176 30.1366
344.216 81.6406 1.62958
345.595 108.202 33.1307
361.455 111.525 57.2931
367.067 85.0095 57.1713
351.071 82.6304 33.0691
363.665 111.939 59.5263
387.283 117.154 75.6324
393.088 89.3427 75.47
369.277 85.4233 59.4045
390.152 117.729 76.8317
417.895 124.19 82.4537
423.923 94.9659 82.2829
395.957 89.9172 76.6693
420.984 124.845 82.4422
448.635 131.547 76.7421
454.894 100.978 76.5931
427.012 95.6205 82.2715
451.477 132.173 75.526
474.872 137.991 59.388
481.346 106.304 59.2834
457.737 101.604 75.3769
477.047 138.481 57.1509
492.724 142.45 32.9729
499.36 109.998 32.9215
483.521 106.794 57.0463
493.904 142.717 30.0529
499.431 144.105 1.53844
506.139 111.345 1.53877
500.54 110.265 30.0016
499.431 144.105 -1.61774
493.904 142.71 -30.1098
500.546 110.257 -30.0588
506.139 111.345 -1.61741
492.726 142.443 -33.0255
477.08 138.478 -57.1479
483.561 106.789 -57.0446
499.368 109.99 -32.9744
474.908 137.988 -59.3819
451.513 132.166 -75.5202
457.778 101.598 -75.3704
481.389 106.299 -59.2786
448.67 131.54 -76.7363
421.019 124.837 -82.4383
427.051 95.6158 -82.2645
454.935 100.972 -76.5866
417.93 124.182 -82.45
390.185 117.722 -76.8332
395.994 89.9174 -76.6649
423.962 94.9614 -82.2762
387.315 117.148 -75.6346
363.688 111.934 -59.5377
369.307 85.4317 -59.4068
393.124 89.3434 -75.4663
361.476 111.521 -57.3022
345.58 108.197 -33.0892
351.061 82.6417 -33.0192
367.094 85.0183 -57.1712
344.374 107.984 -30.1524
338.789 106.854 -1.55641
344.216 81.6407 -1.55293
349.855 82.4288 -30.0824
344.779 78.8139 1.61816
350.43 79.5909 30.1251
355.109 53.8613 29.7788
349.474 53.4374 1.61858
351.637 79.7312 33.0359
367.633 82.1104 57.1381
372.265 55.4465 56.4865
356.316 54.0016 32.6895
369.849 82.3991 59.3547
393.66 86.3186 75.4202
398.207 58.3463 74.5678
374.48 55.7352 58.7031
396.535 86.7409 76.6116
424.501 91.7896 82.2252
428.955 62.364 81.3291
401.082 58.7687 75.7592
427.598 92.2889 82.2159
455.481 97.6465 76.5375
459.869 66.8333 75.7482
432.052 62.8633 81.3198
458.333 98.1343 75.3319
481.942 102.835 59.2384
486.289 70.8807 58.6526
462.721 67.3211 74.5426
484.126 103.217 57.0166
499.966 106.421 32.8919
504.309 73.6078 32.589
488.473 71.2634 56.4308
501.152 106.624 29.9913
506.751 107.704 1.52847
511.107 74.5285 1.5299
505.495 73.8108 29.6884
506.752 107.704 -1.60712
501.158 106.616 -30.0485
505.514 73.8005 -29.7483
511.108 74.528 -1.60569
499.974 106.413 -32.9451
484.168 103.212 -57.0153
488.523 71.2552 -56.4383
504.331 73.5971 -32.645
481.985 102.83 -59.234
458.374 98.1279 -75.3258
462.766 67.3136 -74.539
486.34 70.8727 -58.657
455.522 97.6403 -76.531
427.638 92.2844 -82.2089
432.095 62.8613 -81.313
459.913 66.826 -75.7443
424.541 91.7858 -82.2181
396.572 86.7418 -76.6069
401.123 58.7765 -75.7516
428.998 62.3626 -81.3222
393.696 86.3203 -75.4157
369.879 82.4086 -59.3561
374.52 55.7555 -58.6937
398.247 58.3551 -74.5604
367.661 82.1209 -57.1371
351.627 79.7443 -32.9851
356.319 54.0333 -32.6333
372.302 55.4677 -56.4747
350.418 79.6031 -30.0704
344.779 78.8151 -1.54091
349.474 53.4385 -1.54049
355.11 53.8921 -29.7185
350.089 50.6618 1.56613
355.723 51.0858 29.7263
362.053 26.5068 28.4192
356.69 25.9847 1.5617
356.892 51.1979 32.5451
372.841 52.6427 56.3422
378.406 28.2721 53.9348
363.222 26.6189 31.238
374.993 52.876 58.4971
398.719 55.4871 74.3618
403.171 31.2013 71.2192
380.559 28.5054 56.0897
401.523 55.8299 75.5274
429.396 59.4253 81.0973
432.565 34.9718 77.7043
405.974 31.5441 72.3848
432.423 59.832 81.0974
460.24 63.802 75.5258
462.16 39.0089 72.4105
435.592 35.3785 77.7044
463.032 64.2015 74.3606
486.6 67.7611 58.4706
487.484 42.6229 56.1087
464.952 39.4084 71.2453
488.739 68.0742 56.3144
504.575 70.4185 32.4726
504.745 45.0936 31.199
489.623 42.936 53.9524
505.738 70.583 29.65
511.35 71.3008 1.4915
511.231 45.962 1.49612
505.908 45.2581 28.3764
511.351 71.2991 -1.56725
505.757 70.5716 -29.7099
505.92 45.2079 -28.4255
511.231 45.9604 -1.56263
504.597 70.4058 -32.5284
488.788 68.0639 -56.3217
489.666 42.8923 -53.9538
504.759 45.0421 -31.244
486.651 67.752 -58.475
463.077 64.1929 -74.357
464.992 39.3964 -71.2425
487.529 42.5804 -56.1071
460.284 63.7947 -75.522
432.465 59.83 -81.0907
435.63 35.3796 -77.7003
462.199 38.9982 -72.4075
429.438 59.4245 -81.0905
401.564 55.8384 -75.5199
406.009 31.5609 -72.3808
432.603 34.9741 -77.7
398.76 55.4976 -74.3545
375.033 52.898 -58.4878
380.588 28.5603 -56.0879
403.206 31.2201 -71.2154
372.878 52.6664 -56.3302
356.895 51.2319 -32.4888
363.216 26.6813 -31.1913
378.433 28.3287 -53.9303
355.725 51.1179 -29.6662
350.089 50.6643 -1.48817
356.69 25.9872 -1.49259
362.045 26.5672 -28.3687
357.469 23.3128 1.47687
362.831 23.8349 28.3344
370.239 0.281204 26.5658
365.241 -0.277861 1.46364
363.933 23.9585 30.9981
379.118 25.6118 53.6949
385.497 2.12827 50.4568
371.341 0.404807 29.2295
381.149 25.8542 55.7306
403.761 28.55 70.86
408.646 5.02381 66.6361
387.528 2.3707 52.4925
406.408 28.8834 71.9603
432.999 32.3111 77.2798
436.144 8.56238 72.6857
411.293 5.35712 67.7364
435.859 32.6875 77.2793
462.427 36.3179 71.9853
463.831 12.2059 67.7021
439.004 8.93885 72.6851
465.066 36.6791 70.8848
487.598 39.8936 55.7482
487.516 15.4431 52.446
466.47 12.5671 66.6016
489.621 40.1771 53.7115
504.743 42.3347 30.958
503.642 17.6681 29.1696
489.538 15.7266 50.4092
505.84 42.4856 28.2916
511.162 43.1896 1.41135
509.696 18.4441 1.42724
504.74 17.819 26.5032
511.162 43.1858 -1.47566
505.851 42.4334 -28.3386
504.742 17.7325 -26.5237
509.696 18.4403 -1.45978
504.755 42.2794 -31.0015
489.663 40.1295 -53.7113
489.562 15.6551 -50.4012
503.646 17.5785 -29.1867
487.642 39.8495 -55.7463
465.105 36.6655 -70.8817
466.49 12.5599 -66.6014
487.541 15.3751 -52.4361
462.464 36.3073 -71.9826
435.895 32.6887 -77.2754
439.022 8.93945 -72.6837
463.85 12.2018 -67.7023
433.035 32.3134 -77.2758
406.441 28.9003 -71.9567
411.31 5.36745 -67.735
436.162 8.56411 -72.6842
403.794 28.5703 -70.8569
381.176 25.9105 -55.7294
387.534 2.44354 -52.5009
408.663 5.03749 -66.6352
379.143 25.6714 -53.6919
363.926 24.024 -30.9529
371.317 0.495703 -29.2077
385.501 2.20443 -50.4634
362.823 23.8969 -28.2858
357.468 23.3168 -1.40964
365.24 -0.273892 -1.42287
370.214 0.368612 -26.5405
366.178 -2.65732 1.34
371.176 -2.09826 26.4421
380.321 -21.4858 23.7738
375.898 -22.1073 1.32209
372.181 -1.96919 28.8842
386.338 -0.245724 50.1115
393.925 -19.5975 45.2463
381.326 -21.3567 26.2159
388.195 -0.00488262 51.9793
409.312 2.64823 66.1229
414.665 -16.8264 59.7847
395.782 -19.3567 47.114
411.736 2.96385 67.1302
436.588 6.16911 72.0794
439.326 -13.5604 65.1838
417.089 -16.5108 60.792
439.207 6.51321 72.0752
464.034 9.7803 67.0923
464.129 -10.2844 60.655
441.945 -13.2163 65.1796
466.451 10.1022 66.0792
487.496 12.9782 51.9236
485.31 -7.48731 46.9219
466.547 -9.96257 59.642
489.344 13.2279 50.0571
503.449 15.1694 28.8174
499.671 -5.58822 26.0904
487.158 -7.23766 45.0554
504.449 15.3028 26.3808
509.404 15.9279 1.30485
505.061 -4.87633 1.31906
500.671 -5.45475 23.6538
509.405 15.9254 -1.3329
504.45 15.2176 -26.3968
500.671 -5.45735 -23.6535
505.061 -4.87877 -1.3187
503.451 15.082 -28.8336
489.366 13.1585 -50.0481
487.158 -7.24265 -45.0555
499.671 -5.59299 -26.0903
487.518 12.9115 -51.9146
466.468 10.0963 -66.0798
466.547 -9.96503 -59.6421
485.31 -7.48971 -46.922
464.051 9.77636 -67.0926
439.223 6.51404 -72.074
441.946 -13.2168 -65.1795
464.13 -10.285 -60.6549
436.604 6.1703 -72.0781
411.752 2.97365 -67.1289
417.09 -16.5108 -60.7918
439.327 -13.5605 -65.1836
409.328 2.65986 -66.1215
388.199 0.0659122 -51.9871
395.782 -19.3547 -47.1137
414.665 -16.8246 -59.7843
386.341 -0.172314 -50.1191
372.157 -1.88104 -28.8634
381.325 -21.352 -26.2154
393.924 -19.5929 -45.2458
371.152 -2.01229 -26.4214
366.178 -2.65479 -1.30377
375.898 -22.1048 -1.32168
380.32 -21.4832 -23.7734
-232.021 537.499 25.5365
-232.225 532.4 -0.186921
-232.062 537.475 -25.9155
-231.473 551.98 -47.7584
-230.433 573.735 -62.3749
-229.031 599.42 -67.5089
-227.473 625.094 -62.3696
-226.061 646.831 -47.7643
-225.093 661.344 -25.9411
-224.768 666.448 -0.218166
-225.128 661.369 25.5096
-226.1 646.87 47.3416
-227.497 625.136 61.9556
-229.035 599.462 67.1049
-230.416 573.775 61.9803
-231.432 552.015 47.3713
382.635 -22.3855 1.31945e-05
387.058 -21.764 22.4517
399.656 -20.0048 41.4821
418.539 -17.4746 54.1528
440.776 -14.5241 58.5446
462.96 -11.5923 54.02
481.723 -9.11705 41.3
494.237 -7.4676 22.335
498.627 -6.88918 0.000239176
494.237 -7.46776 -22.3346
481.723 -9.11742 -41.2997
462.96 -11.5927 -54.0199
440.776 -14.5245 -58.5445
418.539 -17.4748 -54.1527
399.656 -20.0049 -41.4821
387.058 -21.764 -22.4517
</DataArray>
</Points>
<Cells>
<DataArray type="Int32" Name="connectivity" format="ascii">
0 1 2 3 
4 5 6 7 
8 9 10 11 
12 13 14 15 
16 17 18 19 
20 21 22 23 
24 25 26 27 
28 29 30 31 
32 33 34 35 
36 37 38 39 
40 41 42 43 
44 45 46 47 
48 49 50 51 
52 53 54 55 
56 57 58 59 
60 61 62 63 
64 65 66 67 
68 69 70 71 
72 73 74 75 
76 77 78 79 
80 81 82 83 
84 85 86 87 
88 89 90 91 
92 93 94 95 
96 97 98 99 
100 101 102 103 
104 105 106 107 
108 109 110 111 
112 113 114 115 
116 117 118 119 
120 121 122 123 
124 125 126 127 
128 129 130 131 
132 133 134 135 
136 137 138 139 
140 141 142 143 
144 145 146 147 
148 149 150 151 
152 153 154 155 
156 157 158 159 
160 161 162 163 
164 165 166 167 
168 169 170 171 
172 173 174 175 
176 177 178 179 
180 181 182 183 
184 185 186 187 
188 189 190 191 
192 193 194 195 
196 197 198 199 
200 201 202 203 
204 205 206 207 
208 209 210 211 
212 213 214 215 
216 217 218 219 
220 221 222 223 
224 225 226 227 
228 229 230 231 
232 233 234 235 
236 237 238 239 
240 241 242 243 
244 245 246 247 
248 249 250 251 
252 253 254 255 
256 257 258 259 
260 261 262 263 
264 265 266 267 
268 269 270 271 
272 273 274 275 
276 277 278 279 
280 281 282 283 
284 285 286 287 
288 289 290 291 
292 293 294 295 
296 297 298 299 
300 301 302 303 
304 305 306 307 
308 309 310 311 
312 313 314 315 
316 317 318 319 
320 321 322 323 
324 325 326 327 
328 329 330 331 
332 333 334 335 
336 337 338 339 
340 341 342 343 
344 345 346 347 
348 349 350 351 
352 353 354 355 
356 357 358 359 
360 361 362 363 
364 365 366 367 
368 369 370 371 
372 373 374 375 
376 377 378 379 
380 381 382 383 
384 385 386 387 
388 389 390 391 
392 393 394 395 
396 397 398 399 
400 401 402 403 
404 405 406 407 
408 409 410 411 
412 413 414 415 
416 417 418 419 
420 421 422 423 
424 425 426 427 
428 429 430 431 
432 433 434 435 
436 437 438 439 
440 441 442 443 
444 445 446 447 
448 449 450 451 
452 453 454 455 
456 457 458 459 
460 461 462 463 
464 465 466 467 
468 469 470 471 
472 473 474 475 
476 477 478 479 
480 481 482 483 
484 485 486 487 
488 489 490 491 
492 493 494 495 
496 497 498 499 
500 501 502 503 
504 505 506 507 
508 509 510 511 
512 513 514 515 
516 517 518 519 
520 521 522 523 
524 525 526 527 
528 529 530 531 
532 533 534 535 
536 537 538 539 
540 541 542 543 
544 545 546 547 
548 549 550 551 
552 553 554 555 
556 557 558 559 
560 561 562 563 
564 565 566 567 
568 569 570 571 
572 573 574 575 
576 577 578 579 
580 581 582 583 
584 585 586 587 
588 589 590 591 
592 593 594 595 
596 597 598 599 
600 601 602 603 
604 605 606 607 
608 609 610 611 
612 613 614 615 
616 617 618 619 
620 621 622 623 
624 625 626 627 
628 629 630 631 
632 633 634 635 
636 637 638 639 
640 641 642 643 
644 645 646 647 
648 649 650 651 
652 653 654 655 
656 657 658 659 
660 661 662 663 
664 665 666 667 
668 669 670 671 
672 673 674 675 
676 677 678 679 
680 681 682 683 
684 685 686 687 
688 689 690 691 
692 693 694 695 
696 697 698 699 
700 701 702 703 
704 705 706 707 
708 709 710 711 
712 713 714 715 
716 717 718 719 
720 721 722 723 
724 725 726 727 
728 729 730 731 
732 733 734 735 
736 737 738 739 
740 741 742 743 
744 745 746 747 
748 749 750 751 
752 753 754 755 
756 757 758 759 
760 761 762 763 
764 765 766 767 
768 769 770 771 
772 773 774 775 
776 777 778 779 
780 781 782 783 
784 785 786 787 
788 789 790 791 
792 793 794 795 
796 797 798 799 
800 801 802 803 
804 805 806 807 
808 809 810 811 
812 813 814 815 
816 817 818 819 
820 821 822 823 
824 825 826 827 
828 829 830 831 
832 833 834 835 
836 837 838 839 
840 841 842 843 
844 845 846 847 
848 849 850 851 
852 853 854 855 
856 857 858 859 
860 861 862 863 
864 865 866 867 
868 869 870 871 
872 873 874 875 
876 877 878 879 
880 881 882 883 
884 885 886 887 
888 889 890 891 
892 893 894 895 
896 897 898 899 
900 901 902 903 
904 905 906 907 
908 909 910 911 
912 913 914 915 
916 917 918 919 
920 921 922 923 
924 925 926 927 
928 929 930 931 
932 933 934 935 
936 937 938 939 
940 941 942 943 
944 945 946 947 
948 949 950 951 
952 953 954 955 
956 957 958 959 
960 961 962 963 
964 965 966 967 
968 969 970 971 
972 973 974 975 
976 977 978 979 
980 981 982 983 
984 985 986 987 
988 989 990 991 
992 993 994 995 
996 997 998 999 
1000 1001 1002 1003 
1004 1005 1006 1007 
1008 1009 1010 1011 
1012 1013 1014 1015 
1016 1017 1018 1019 
1020 1021 1022 1023 
1024 1025 1026 1027 
1028 1029 1030 1031 
1032 1033 1034 1035 
1036 1037 1038 1039 
1040 1041 1042 1043 
1044 1045 1046 1047 
1048 1049 1050 1051 
1052 1053 1054 1055 
1056 1057 1058 1059 
1060 1061 1062 1063 
1064 1065 1066 1067 
1068 1069 1070 1071 
1072 1073 1074 1075 
1076 1077 1078 1079 
1080 1081 1082 1083 
1084 1085 1086 1087 
1088 1089 1090 1091 
1092 1093 1094 1095 
1096 1097 1098 1099 
1100 1101 1102 1103 
1104 1105 1106 1107 
1108 1109 1110 1111 
1112 1113 1114 1115 
1116 1117 1118 1119 
1120 1121 1122 1123 
1124 1125 1126 1127 
1128 1129 1130 1131 
1132 1133 1134 1135 
1136 1137 1138 1139 
1140 1141 1142 1143 
1144 1145 1146 1147 
1148 1149 1150 1151 
1152 1153 1154 1155 
1156 1157 1158 1159 
1160 1161 1162 1163 
1164 1165 1166 1167 
1168 1169 1170 1171 
1172 1173 1174 1175 
1176 1177 1178 1179 
1180 1181 1182 1183 
1184 1185 1186 1187 
1188 1189 1190 1191 
1192 1193 1194 1195 
1196 1197 1198 1199 
1200 1201 1202 1203 
1204 1205 1206 1207 
1208 1209 1210 1211 
1212 1213 1214 1215 
1216 1217 1218 1219 
1220 1221 1222 1223 
1224 1225 1226 1227 
1228 1229 1230 1231 
1232 1233 1234 1235 
1236 1237 1238 1239 
1240 1241 1242 1243 
1244 1245 1246 1247 
1248 1249 1250 1251 
1252 1253 1254 1255 
1256 1257 1258 1259 
1260 1261 1262 1263 
1264 1265 1266 1267 
1268 1269 1270 1271 
1272 1273 1274 1275 
1276 1277 1278 1279 
1280 1281 1282 1283 
1284 1285 1286 1287 
1288 1289 1290 1291 
1292 1293 1294 1295 
1296 1297 1298 1299 
1300 1301 1302 1303 
1304 1305 1306 1307 
1308 1309 1310 1311 
1312 1313 1314 1315 
1316 1317 1318 1319 
1320 1321 1322 1323 
1324 1325 1326 1327 
1328 1329 1330 1331 
1332 1333 1334 1335 
1336 1337 1338 1339 
1340 1341 1342 1343 
1344 1345 1346 1347 
1348 1349 1350 1351 
1352 1353 1354 1355 
1356 1357 1358 1359 
1360 1361 1362 1363 
1364 1365 1366 1367 
1368 1369 1370 1371 
1372 1373 1374 1375 
1376 1377 1378 1379 
1380 1381 1382 1383 
1384 1385 1386 1387 
1388 1389 1390 1391 
1392 1393 1394 1395 
1396 1397 1398 1399 
1400 1401 1402 1403 
1404 1405 1406 1407 
1408 1409 1410 1411 
1412 1413 1414 1415 
1416 1417 1418 1419 
1420 1421 1422 1423 
1424 1425 1426 1427 
1428 1429 1430 1431 
1432 1433 1434 1435 
1436 1437 1438 1439 
1440 1441 1442 1443 
1444 1445 1446 1447 
1448 1449 1450 1451 
1452 1453 1454 1455 
1456 1457 1458 1459 
1460 1461 1462 1463 
1464 1465 1466 1467 
1468 1469 1470 1471 
1472 1473 1474 1475 
1476 1477 1478 1479 
1480 1481 1482 1483 
1484 1485 1486 1487 
1488 1489 1490 1491 
1492 1493 1494 1495 
1496 1497 1498 1499 
1500 1501 1502 1503 
1504 1505 1506 1507 
1508 1509 1510 1511 
1512 1513 1514 1515 
1516 1517 1518 1519 
1520 1521 1522 1523 
1524 1525 1526 1527 
1528 1529 1530 1531 
1532 1533 1534 1535 
1536 1537 1538 1539 
1540 1541 1542 1543 
1544 1545 1546 1547 
1548 1549 1550 1551 
1552 1553 1554 1555 
1556 1557 1558 1559 
1560 1561 1562 1563 
1564 1565 1566 1567 
1568 1569 1570 1571 
1572 1573 1574 1575 
1576 1577 1578 1579 
1580 1581 1582 1583 
1584 1585 1586 1587 
1588 1589 1590 1591 
1592 1593 1594 1595 
1596 1597 1598 1599 
1600 1601 1602 1603 
1604 1605 1606 1607 
1608 1609 1610 1611 
1612 1613 1614 1615 
1616 1617 1618 1619 
1620 1621 1622 1623 
1624 1625 1626 1627 
1628 1629 1630 1631 
1632 1633 1634 1635 
1636 1637 1638 1639 
1640 1641 1642 1643 
1644 1645 1646 1647 
1648 1649 1650 1651 
1652 1653 1654 1655 
1656 1657 1658 1659 
1660 1661 1662 1663 
1664 1665 1666 1667 
1668 1669 1670 1671 
1672 1673 1674 1675 
1676 1677 1678 1679 
1680 1681 1682 1683 
1684 1685 1686 1687 
1688 1689 1690 1691 
1692 1693 1694 1695 
1696 1697 1698 1699 
1700 1701 1702 1703 
1704 1705 1706 1707 
1708 1709 1710 1711 
1712 1713 1714 1715 
1716 1717 1718 1719 
1720 1721 1722 1723 
1724 1725 1726 1727 
1728 1729 1730 1731 
1732 1733 1734 1735 
1736 1737 1738 1739 
1740 1741 1742 1743 
1744 1745 1746 1747 
1748 1749 1750 1751 
1752 1753 1754 1755 
1756 1757 1758 1759 
1760 1761 1762 1763 
1764 1765 1766 1767 
1768 1769 1770 1771 
1772 1773 1774 1775 
1776 1777 1778 1779 
1780 1781 1782 1783 
1784 1785 1786 1787 
1788 1789 1790 1791 
1792 1793 1794 1795 
1796 1797 1798 1799 
1800 1801 1802 1803 
1804 1805 1806 1807 
1808 1809 1810 1811 
1812 1813 1814 1815 
1816 1817 1818 1819 
1820 1821 1822 1823 
1824 1825 1826 1827 
1828 1829 1830 1831 
1832 1833 1834 1835 
1836 1837 1838 1839 
1840 1841 1842 1843 
1844 1845 1846 1847 
1848 1849 1850 1851 
1852 1853 1854 1855 
1856 1857 1858 1859 
1860 1861 1862 1863 
1864 1865 1866 1867 
1868 1869 1870 1871 
1872 1873 1874 1875 
1876 1877 1878 1879 
1880 1881 1882 1883 
1884 1885 1886 1887 
1888 1889 1890 1891 
1892 1893 1894 1895 
1896 1897 1898 1899 
1900 1901 1902 1903 
1904 1905 1906 1907 
1908 1909 1910 1911 
1912 1913 1914 1915 
1916 1917 1918 1919 
1920 1921 1922 1923 
1924 1925 1926 1927 
1928 1929 1930 1931 
1932 1933 1934 1935 
1936 1937 1938 1939 
1940 1941 1942 1943 
1944 1945 1946 1947 
1948 1949 1950 1951 
1952 1953 1954 1955 
1956 1957 1958 1959 
1960 1961 1962 1963 
1964 1965 1966 1967 
1968 1969 1970 1971 
1972 1973 1974 1975 
1976 1977 1978 1979 
1980 1981 1982 1983 
1984 1985 1986 1987 
1988 1989 1990 1991 
1992 1993 1994 1995 
1996 1997 1998 1999 
2000 2001 2002 2003 
2004 2005 2006 2007 
2008 2009 2010 2011 
2012 2013 2014 2015 
2016 2017 2018 2019 
2020 2021 2022 2023 
2024 2025 2026 2027 
2028 2029 2030 2031 
2032 2033 2034 2035 
2036 2037 2038 2039 
2040 2041 2042 2043 
2044 2045 2046 2047 
2048 2049 2050 2051 2052 2053 2054 2055 2056 2057 2058 2059 2060 2061 2062 2063 
2064 2065 2066 2067 2068 2069 2070 2071 2072 2073 2074 2075 2076 2077 2078 2079 
</DataArray>
<DataArray type="Int32" Name="offsets" format="ascii">
4 8 12 16 20 24 28 32 36 40 44 48 52 56 60 64 68 72 76 80 84 88 92 96 100 104 108 112 116 120 124 128 132 136 140 144 148 152 156 160 164 168 172 176 180 184 188 192 196 200 204 208 212 216 220 224 228 232 236 240 244 248 252 256 260 264 268 272 276 280 284 288 292 296 300 304 308 312 316 320 324 328 332 336 340 344 348 352 356 360 364 368 372 376 380 384 388 392 396 400 404 408 412 416 420 424 428 432 436 440 444 448 452 456 460 464 468 472 476 480 484 488 492 496 500 504 508 512 516 520 524 528 532 536 540 544 548 552 556 560 564 568 572 576 580 584 588 592 596 600 604 608 612 616 620 624 628 632 636 640 644 648 652 656 660 664 668 672 676 680 684 688 692 696 700 704 708 712 716 720 724 728 732 736 740 744 748 752 756 760 764 768 772 776 780 784 788 792 796 800 804 808 812 816 820 824 828 832 836 840 844 848 852 856 860 864 868 872 876 880 884 888 892 896 900 904 908 912 916 920 924 928 932 936 940 944 948 952 956 960 964 968 972 976 980 984 988 992 996 1000 1004 1008 1012 1016 1020 1024 1028 1032 1036 1040 1044 1048 1052 1056 1060 1064 1068 1072 1076 1080 1084 1088 1092 1096 1100 1104 1108 1112 1116 1120 1124 1128 1132 1136 1140 1144 1148 1152 1156 1160 1164 1168 1172 1176 1180 1184 1188 1192 1196 1200 1204 1208 1212 1216 1220 1224 1228 1232 1236 1240 1244 1248 1252 1256 1260 1264 1268 1272 1276 1280 1284 1288 1292 1296 1300 1304 1308 1312 1316 1320 1324 1328 1332 1336 1340 1344 1348 1352 1356 1360 1364 1368 1372 1376 1380 1384 1388 1392 1396 1400 1404 1408 1412 1416 1420 1424 1428 1432 1436 1440 1444 1448 1452 1456 1460 1464 1468 1472 1476 1480 1484 1488 1492 1496 1500 1504 1508 1512 1516 1520 1524 1528 1532 1536 1540 1544 1548 1552 1556 1560 1564 1568 1572 1576 1580 1584 1588 1592 1596 1600 1604 1608 1612 1616 1620 1624 1628 1632 1636 1640 1644 1648 1652 1656 1660 1664 1668 1672 1676 1680 1684 1688 1692 1696 1700 1704 1708 1712 1716 1720 1724 1728 1732 1736 1740 1744 1748 1752 1756 1760 1764 1768 1772 1776 1780 1784 1788 1792 1796 1800 1804 1808 1812 1816 1820 1824 1828 1832 1836 1840 1844 1848 1852 1856 1860 1864 1868 1872 1876 1880 1884 1888 1892 1896 1900 1904 1908 1912 1916 1920 1924 1928 1932 1936 1940 1944 1948 1952 1956 1960 1964 1968 1972 1976 1980 1984 1988 1992 1996 2000 2004 2008 2012 2016 2020 2024 2028 2032 2036 2040 2044 2048 2064 2080 
</DataArray>
<DataArray type="UInt8" Name="types" format="ascii">
7 7 7 7 7 7 7 7 7 7 7 7 7 7 7 7 7 7 7 7 7 7 7 7 7 7 7 7 7 7 7 7 7 7 7 7 7 7 7 7 7 7 7 7 7 7 7 7 7 7 7 7 7 7 7 7 7 7 7 7 7 7 7 7 7 7 7 7 7 7 7 7 7 7 7 7 7 7 7 7 7 7 7 7 7 7 7 7 7 7 7 7 7 7 7 7 7 7 7 7 7 7 7 7 7 7 7 7 7 7 7 7 7 7 7 7 7 7 7 7 7 7 7 7 7 7 7 7 7 7 7 7 7 7 7 7 7 7 7 7 7 7 7 7 7 7 7 7 7 7 7 7 7 7 7 7 7 7 7 7 7 7 7 7 7 7 7 7 7 7 7 7 7 7 7 7 7 7 7 7 7 7 7 7 7 7 7 7 7 7 7 7 7 7 7 7 7 7 7 7 7 7 7 7 7 7 7 7 7 7 7 7 7 7 7 7 7 7 7 7 7 7 7 7 7 7 7 7 7 7 7 7 7 7 7 7 7 7 7 7 7 7 7 7 7 7 7 7 7 7 7 7 7 7 7 7 7 7 7 7 7 7 7 7 7 7 7 7 7 7 7 7 7 7 7 7 7 7 7 7 7 7 7 7 7 7 7 7 7 7 7 7 7 7 7 7 7 7 7 7 7 7 7 7 7 7 7 7 7 7 7 7 7 7 7 7 7 7 7 7 7 7 7 7 7 7 7 7 7 7 7 7 7 7 7 7 7 7 7 7 7 7 7 7 7 7 7 7 7 7 7 7 7 7 7 7 7 7 7 7 7 7 7 7 7 7 7 7 7 7 7 7 7 7 7 7 7 7 7 7 7 7 7 7 7 7 7 7 7 7 7 7 7 7 7 7 7 7 7 7 7 7 7 7 7 7 7 7 7 7 7 7 7 7 7 7 7 7 7 7 7 7 7 7 7 7 7 7 7 7 7 7 7 7 7 7 7 7 7 7 7 7 7 7 7 7 7 7 7 7 7 7 7 7 7 7 7 7 7 7 7 7 7 7 7 7 7 7 7 7 7 7 7 7 7 7 7 7 7 7 7 7 7 7 7 7 7 7 7 7 7 7 7 7 7 7 7 7 7 7 7 7 7 7 7 7 7 7 7 7 7 7 7 7 
</DataArray>
</Cells>
<CellData Scalars="cell variable 4" Vectors="cell vector">
<DataArray type="Float64" NumberOfComponents="3" Name="cell vector" format="ascii">
0.962631 -0.260498 0.0740456
0.963433 -0.181805 0.196832
0.968295 -0.0978727 0.229837
0.973629 -0.0255915 0.226698
0.977992 0.0384866 0.205064
0.976704 0.026287 0.212973
0.940474 -0.0185775 0.339356
0.934476 0.0991875 0.341932
0.932317 0.0972024 -0.348334
0.932766 -0.0334994 -0.358923
0.976715 0.0257341 -0.212992
0.97768 0.0696175 -0.198229
0.97271 0.00322216 -0.232001
0.968544 -0.104244 -0.225953
0.965139 -0.2079 -0.159013
0.962843 -0.263271 -0.060181
0.011344 0.195016 0.980735
0.0329919 0.554516 0.831519
0.0489204 0.829775 0.555949
0.0559557 0.979094 0.195561
0.0520404 0.979376 -0.195227
0.0354832 0.830062 -0.556541
-0.00944624 -0.554259 0.83229
0.0022412 -0.194323 0.980935
-0.00174127 0.195124 0.980777
0.00964353 0.554858 0.831889
0.0352736 0.83033 0.556154
0.0517183 0.979441 0.194986
0.0555434 0.979072 -0.195787
0.048576 0.829543 -0.556326
-0.033092 -0.553892 0.831931
-0.0119568 -0.194158 0.980897
0.00795557 0.195791 0.980613
0.0248014 0.556122 0.830731
0.0403547 0.831068 0.554705
0.052165 0.979498 0.194581
0.0560098 0.979145 -0.195287
0.0469185 0.830021 -0.555756
-0.0128213 -0.555454 0.831448
0.00519989 -0.195513 0.980687
-0.00417939 0.196239 0.980547
0.0132367 0.555964 0.831101
0.0464249 0.830308 0.555368
0.0550941 0.979271 0.194915
0.0512165 0.979475 -0.194948
0.0398524 0.830842 -0.55508
-0.0252083 -0.555555 0.831097
-0.00912368 -0.19494 0.980773
0.0112328 0.195527 0.980634
0.0352892 0.555444 0.830805
0.0579088 0.830167 0.5545
0.0746261 0.978193 0.193829
0.0816973 0.97714 -0.196274
0.0743264 0.827691 -0.556241
-0.032999 -0.554555 0.831492
0.00933037 -0.196581 0.980443
-0.00770309 0.197142 0.980345
0.0332925 0.555032 0.831163
0.0736156 0.828036 0.555822
0.080638 0.977318 0.195824
0.0736334 0.978181 -0.194267
0.0574139 0.829945 -0.554882
-0.0357487 -0.554931 0.831128
-0.0124279 -0.194692 0.980786
0.0220274 0.194435 0.980668
0.0650577 0.552554 0.830934
0.100078 0.826172 0.554458
0.121533 0.973557 0.193436
0.12515 0.972407 -0.196883
0.108613 0.823559 -0.556734
-0.0695947 -0.551006 0.831595
-0.013376 -0.195366 0.980639
0.0148801 0.195791 0.980533
0.0695774 0.551493 0.831273
0.107849 0.823949 0.556306
0.124303 0.972611 0.196408
0.120763 0.973562 -0.193888
0.0995622 0.825985 -0.55483
-0.0653663 -0.552074 0.831229
-0.0233401 -0.193569 0.980809
0.0324385 0.193027 0.980657
0.0941486 0.548453 0.830864
0.142287 0.819993 0.554405
0.169831 0.966298 0.193459
0.1723 0.965173 -0.196859
0.1491 0.817108 -0.556869
-0.102418 -0.545775 0.831649
-0.0315008 -0.193036 0.980686
0.0328433 0.193395 0.980571
0.102297 0.54627 0.831339
0.148307 0.817535 0.556454
0.171572 0.965397 0.196398
0.169207 0.966321 -0.193891
0.141803 0.819843 -0.554751
-0.094417 -0.547979 0.831146
-0.033775 -0.192099 0.980794
0.0424433 0.191191 0.980635
0.122543 0.54299 0.83075
0.184448 0.811595 0.554339
0.219147 0.956302 0.193547
0.221508 0.955105 -0.196743
0.191552 0.808192 -0.556896
-0.132977 -0.539047 0.831713
-0.045825 -0.190149 0.980685
0.0470591 0.190461 0.980566
0.132839 0.539548 0.831409
0.190738 0.808657 0.556501
0.220828 0.955352 0.19631
0.218595 0.956348 -0.193943
0.183998 0.811485 -0.554651
-0.12283 -0.542509 0.831021
-0.0437964 -0.190172 0.980773
0.0523698 0.188818 0.980615
0.15086 0.53596 0.830655
0.226821 0.80082 0.554291
0.269079 0.943454 0.193628
0.27152 0.942131 -0.196635
0.234272 0.796859 -0.556896
-0.162077 -0.530916 0.831781
-0.0576785 -0.186901 0.980684
0.0588434 0.187169 0.980564
0.161965 0.531417 0.831483
0.23345 0.797361 0.556522
0.270849 0.942408 0.196235
0.26855 0.943531 -0.193985
0.226389 0.800756 -0.554561
-0.15118 -0.535466 0.830916
-0.0537466 -0.187682 0.980758
0.0623158 0.18586 0.980598
0.179237 0.527269 0.830579
0.269307 0.787578 0.554251
0.319179 0.927689 0.193694
0.321589 0.926257 -0.196543
0.276639 0.783169 -0.556882
-0.190138 -0.521425 0.831843
-0.0681375 -0.183315 0.98069
0.0692507 0.183539 0.98057
0.190057 0.52192 0.831551
0.275826 0.783705 0.556531
0.320925 0.926565 0.196176
0.318655 0.927803 -0.19401
0.268886 0.787563 -0.554476
-0.179584 -0.52676 0.830827
-0.0637019 -0.184597 0.980748
0.072205 0.182319 0.980585
0.207413 0.51693 0.83052
0.311539 0.771872 0.554218
0.369007 0.909008 0.193748
0.371368 0.907462 -0.196465
0.318578 0.76708 -0.556864
-0.217632 -0.510473 0.831898
-0.0778799 -0.179341 0.980699
0.0789627 0.179515 0.980581
0.217581 0.51096 0.831612
0.317773 0.767652 0.556535
0.370701 0.907806 0.196132
0.368486 0.909161 -0.19402
0.311138 0.771905 -0.554397
-0.207785 -0.516404 0.830754
-0.0735769 -0.180928 0.98074
0.0820367 0.178173 0.980573
0.235353 0.504885 0.830482
0.353353 0.753656 0.554206
0.418257 0.887415 0.193794
0.420443 0.885808 -0.196398
0.359748 0.748666 -0.556849
-0.244463 -0.498101 0.831945
-0.0871387 -0.174968 0.98071
0.0881982 0.175089 0.980594
0.244435 0.49858 0.831667
0.358959 0.749272 0.556543
0.41978 0.886188 0.1961
0.41774 0.887608 -0.194023
0.352975 0.753736 -0.554338
-0.23574 -0.504344 0.830701
-0.0833688 -0.17666 0.980735
0.0917968 0.173402 0.980564
0.262999 0.491103 0.830451
0.394547 0.732936 0.5542
0.466615 0.862959 0.193835
0.468436 0.861406 -0.196336
0.399833 0.72806 -0.556832
-0.270434 -0.484424 0.831985
-0.0960251 -0.170196 0.98072
0.0970575 0.170265 0.980607
0.27041 0.484903 0.831714
0.399066 0.728698 0.556549
0.467786 0.861819 0.196073
0.466114 0.863188 -0.19402
0.394203 0.733057 -0.554285
-0.263389 -0.49055 0.830655
-0.0930567 -0.171779 0.980731
0.101352 0.16805 0.980554
0.289998 0.475715 0.83042
0.434736 0.709844 0.554189
0.513766 0.835738 0.193872
0.515214 0.834284 -0.196277
0.438875 0.705234 -0.556807
-0.295709 -0.469375 0.832011
-0.104657 -0.164986 0.980728
0.105651 0.165008 0.980617
0.295682 0.469857 0.831749
0.438137 0.705898 0.556547
0.514587 0.834725 0.19605
0.513293 0.835996 -0.194012
0.434436 0.71 -0.554225
-0.290385 -0.475152 0.830607
-0.102508 -0.166336 0.980726
0.110641 0.162137 0.980546
0.316196 0.458772 0.83039
0.473707 0.684462 0.554178
0.559474 0.805847 0.193904
0.56056 0.80453 -0.196224
0.476734 0.680237 -0.556778
-0.320253 -0.452955 0.832027
-0.113037 -0.159332 0.980732
0.113979 0.15932 0.980625
0.320221 0.453442 0.831774
0.476034 0.680921 0.556542
0.559965 0.804991 0.196032
0.559038 0.806127 -0.194
0.473459 0.684642 -0.554167
-0.316575 -0.458203 0.83056
-0.111665 -0.160355 0.980723
0.119614 0.155682 0.980538
0.341463 0.440335 0.830366
0.511274 0.656881 0.554172
0.603528 0.773398 0.193934
0.60427 0.772251 -0.196178
0.513247 0.653151 -0.556751
-0.343965 -0.435208 0.832035
-0.121152 -0.153236 0.980735
0.122027 0.153207 0.980631
0.343933 0.435699 0.831791
0.512591 0.653848 0.556538
0.603714 0.772726 0.196021
0.603135 0.773691 -0.193985
0.511084 0.657078 -0.554113
-0.341829 -0.439762 0.830519
-0.120487 -0.153856 0.98072
0.128218 0.148717 0.980532
0.36567 0.420483 0.830349
0.547258 0.627217 0.554173
0.64573 0.73852 0.193961
0.646156 0.737571 -0.19614
0.54826 0.624073 -0.556725
-0.366739 -0.416196 0.832036
-0.128977 -0.146707 0.980735
0.129776 0.146676 0.980635
0.366715 0.416686 0.831801
0.547652 0.624776 0.556536
0.645642 0.738054 0.196018
0.645383 0.738822 -0.193968
0.547129 0.627423 -0.554067
-0.366019 -0.41991 0.830485
-0.128929 -0.146868 0.980718
0.136408 0.141272 0.980528
0.388704 0.399304 0.830341
0.581503 0.595599 0.55418
0.685904 0.701359 0.193986
0.686041 0.700634 -0.196111
0.581618 0.593129 -0.556704
-0.388468 -0.396003 0.83203
-0.13647 -0.139772 0.980734
0.137204 0.13974 0.980636
0.388447 0.396495 0.831806
0.58106 0.59383 0.556538
0.685568 0.701121 0.196024
0.685601 0.701666 -0.19395
0.581432 0.595807 -0.554031
-0.389033 -0.398734 0.83046
-0.136953 -0.139421 0.980717
0.144161 0.13337 0.980525
0.410481 0.376883 0.83034
0.613876 0.56216 0.554195
0.723887 0.662079 0.194009
0.723756 0.661609 -0.19609
0.613167 0.56047 -0.556686
-0.409049 -0.374731 0.832019
-0.143579 -0.132483 0.980731
0.144258 0.132446 0.980636
0.409022 0.375236 0.831805
0.612662 0.561163 0.556544
0.723328 0.662092 0.196037
0.72363 0.662382 -0.193932
0.613863 0.562363 -0.554004
-0.410789 -0.376319 0.830444
-0.144533 -0.131546 0.980717
0.151439 0.125055 0.980524
0.430909 0.353333 0.830345
0.644249 0.527057 0.554215
0.759536 0.620852 0.194029
0.759165 0.620663 -0.196078
0.642801 0.526235 -0.556672
-0.428413 -0.352473 0.832001
-0.150274 -0.124878 0.980726
0.150897 0.124846 0.980634
0.428378 0.352997 0.831797
0.642351 0.526911 0.556552
0.758788 0.62113 0.196057
0.759331 0.62114 -0.193913
0.644292 0.527246 -0.553984
-0.431193 -0.352779 0.830434
-0.151635 -0.123288 0.980718
0.158207 0.116376 0.980524
0.449905 0.328779 0.830355
0.672509 0.49046 0.554238
0.79273 0.577863 0.194045
0.792157 0.577964 -0.196074
0.670438 0.490556 -0.556658
-0.446503 -0.32932 0.831975
-0.156543 -0.116984 0.980719
0.157109 0.116969 0.98063
0.446467 0.32986 0.831781
0.670043 0.491206 0.55656
0.791833 0.578404 0.196083
0.792574 0.578127 -0.193893
0.672605 0.490631 -0.553971
-0.450163 -0.328238 0.830429
-0.15823 -0.114691 0.980719
0.164442 0.107377 0.980525
0.467405 0.303342 0.830371
0.698567 0.452542 0.554265
0.823363 0.533306 0.194056
0.82263 0.533697 -0.196077
0.695997 0.453578 -0.556646
-0.463274 -0.305369 0.831942
-0.162378 -0.108824 0.980709
0.162887 0.108837 0.980623
0.463243 0.305918 0.831757
0.695658 0.454192 0.556569
0.822359 0.534101 0.196115
0.823255 0.53354 -0.193871
0.698709 0.452691 -0.553964
-0.46764 -0.302816 0.830431
-0.164298 -0.105796 0.980721
0.17012 0.0981074 0.980528
0.483353 0.27716 0.830393
0.722342 0.413497 0.554294
0.851343 0.487396 0.194062
0.850498 0.488059 -0.19609
0.719419 0.415445 -0.556634
-0.478699 -0.280699 0.831899
-0.167781 -0.100402 0.980698
0.168239 0.100452 0.980615
0.47868 0.281249 0.831723
0.719134 0.416014 0.556577
0.850278 0.488416 0.196154
0.85128 0.487592 -0.193847
0.722525 0.41362 -0.553964
-0.483566 -0.276648 0.83044
-0.169821 -0.0966527 0.980724
0.175223 0.0886202 0.980532
0.497702 0.250382 0.830423
0.743768 0.373539 0.554327
0.876591 0.440375 0.194057
0.875686 0.441263 -0.196114
0.740658 0.376295 -0.556622
-0.492775 -0.255355 0.831845
-0.172783 -0.09166 0.980686
0.173191 0.0917544 0.980605
0.492776 0.255892 0.83168
0.740426 0.376808 0.556583
0.875516 0.441562 0.196201
0.87657 0.440523 -0.193817
0.743986 0.373634 -0.55397
-0.497895 -0.24988 0.830458
-0.174784 -0.087314 0.980728
0.179734 0.0789699 0.98054
0.510413 0.223164 0.830467
0.762792 0.332907 0.554366
0.899043 0.392519 0.19404
0.89813 0.393555 -0.196155
0.759681 0.33626 -0.556609
-0.505518 -0.22933 0.831781
-0.177437 -0.0824267 0.980674
0.177801 0.0825704 0.980596
0.505545 0.22983 0.831626
0.7595 0.336703 0.556589
0.898008 0.393781 0.19626
0.89906 0.392606 -0.193781
0.76304 0.332965 -0.553989
-0.510594 -0.222665 0.83049
-0.179174 -0.0778369 0.980733
0.183645 0.0691849 0.980555
0.521478 0.195622 0.830538
0.779395 0.291827 0.554419
0.918655 0.344146 0.194001
0.917768 0.34525 -0.196224
0.776448 0.295503 -0.556602
-0.516951 -0.202553 0.831706
-0.181834 -0.0723114 0.980667
0.182155 0.0725047 0.980593
0.517012 0.202976 0.831564
0.776317 0.295856 0.556597
0.917693 0.345385 0.196339
0.918707 0.344158 -0.193736
0.779668 0.291837 -0.55403
-0.521652 -0.195111 0.830549
-0.182989 -0.0682582 0.980742
0.186974 0.0592046 0.980579
0.530942 0.16771 0.830646
0.793614 0.25043 0.554492
0.935414 0.29562 0.193934
0.934529 0.296833 -0.196333
0.790889 0.254344 -0.5566
-0.527086 -0.174909 0.831617
-0.186093 -0.0605544 0.980664
0.186363 0.060796 0.980598
0.527185 0.175195 0.831494
0.790811 0.254575 0.556606
0.9345 0.29685 0.196444
0.935494 0.295532 -0.193679
0.793906 0.250364 -0.554104
-0.531118 -0.167168 0.830643
-0.186256 -0.0585432 0.980756
0.189798 0.048756 0.980612
0.53897 0.138992 0.830778
0.805567 0.208593 0.554573
0.949338 0.247347 0.193848
0.948312 0.249216 -0.19646
0.802862 0.213652 -0.556565
-0.535944 -0.146225 0.831494
-0.190339 -0.0459096 0.980644
0.190522 0.0462254 0.980594
0.53608 0.146285 0.831396
0.802847 0.213701 0.556568
0.948334 0.249067 0.196542
0.949442 0.247114 -0.193633
0.80587 0.208382 -0.554211
-0.539154 -0.138396 0.830758
-0.189064 -0.0484919 0.980767
0.192272 0.0373138 0.980632
0.545848 0.108645 0.83081
0.815395 0.166015 0.554591
0.960419 0.200017 0.193875
0.95899 0.204389 -0.196376
0.812124 0.176021 -0.556301
-0.543663 -0.115923 0.83126
-0.194614 -0.0266937 0.980517
0.19461 0.0272425 0.980502
0.543848 0.115556 0.83119
0.812204 0.175768 0.556265
0.959073 0.203977 0.196397
0.960546 0.199544 -0.193736
0.815693 0.16551 -0.554303
-0.546046 -0.107953 0.830771
-0.191597 -0.0377358 0.980748
0.1943 0.0258924 0.9806
0.551331 0.0790858 0.830529
0.82279 0.125137 0.554398
0.968437 0.156154 0.194282
0.966403 0.167005 -0.195381
0.817972 0.150148 -0.555317
-0.550608 -0.0786871 0.831047
-0.198286 0.00179514 0.980143
0.197905 -0.000519703 0.980221
0.550967 0.0767356 0.830991
0.818223 0.149289 0.555179
0.966543 0.166244 0.19534
0.968583 0.155314 -0.194227
0.823024 0.124113 -0.55428
-0.551563 -0.0780531 0.830473
-0.193838 -0.0273696 0.980652
0.195188 0.0199211 0.980563
0.553883 0.0624824 0.830247
0.826611 0.0992787 0.553948
0.972974 0.124757 0.194311
0.971829 0.132908 -0.194636
0.823748 0.115932 -0.554976
-0.551954 -0.0554959 0.832026
-0.194773 -0.00922512 0.980805
0.194372 0.0113474 0.980862
0.552029 0.0533185 0.832118
0.824007 0.114264 0.554938
0.971974 0.131803 0.194664
0.973143 0.123585 -0.194214
0.826885 0.0975964 -0.553838
-0.554074 -0.0618042 0.83017
-0.194643 -0.0226707 0.980612
0.19529 0.021092 0.980519
0.553459 0.0669451 0.830182
0.826326 0.102987 0.553696
0.973337 0.122905 0.193672
0.972836 0.123511 -0.195792
0.824658 0.102815 -0.556208
-0.551061 -0.0570546 0.832512
-0.193337 -0.0125696 0.981052
0.193304 0.0173592 0.980985
0.550968 0.0551174 0.832704
0.824839 0.0989011 0.55665
0.973033 0.12157 0.196032
0.973643 0.120928 -0.19338
0.826988 0.0998397 -0.553283
-0.553548 -0.0667914 0.830135
-0.19393 -0.0258564 0.980675
0.200717 0.0106885 0.979591
0.564961 0.0405453 0.824121
0.840268 0.0581977 0.539038
0.98522 0.0447215 0.165351
0.971777 0.00067723 -0.235899
0.803779 -0.0522777 -0.592627
-0.529187 0.0480956 0.847141
-0.179854 0.0444302 0.982689
0.181251 -0.0347513 0.982823
0.521016 -0.0839045 0.849413
0.803235 -0.0557528 0.593047
0.971853 0.0014369 0.235583
0.985497 0.0418296 -0.164456
0.84321 0.0464791 -0.535571
-0.563742 -0.0433673 0.824812
-0.195556 -0.0223809 0.980437
0.050808 0.996382 -0.0681316
0.00257188 0.000343963 0.999997
</DataArray>
<DataArray type="Float64" Name="cell vector length" format="ascii">
0.00812142 0.0116461 0.0178106 0.0215219 0.0224516 0.0199198 0.0191778 0.0128647 0.0135418 0.0191049 0.0200216 0.0224385 0.0223909 0.0176911 0.0125639 0.00812254 0.382328 0.382107 0.381331 0.380499 0.378786 0.377006 0.380034 0.387652 0.387671 0.380147 0.376881 0.378751 0.38054 0.381661 0.382484 0.382502 0.472425 0.474219 0.476225 0.476133 0.472251 0.464504 0.46581 0.478172 0.478226 0.465477 0.464386 0.472197 0.476249 0.476413 0.474822 0.472578 0.504773 0.502283 0.49733 0.489056 0.476618 0.457565 0.417798 0.363614 0.363943 0.417284 0.457473 0.47655 0.48916 0.497441 0.503122 0.505003 0.512672 0.510693 0.506161 0.497392 0.483246 0.459485 0.420594 0.374368 0.374203 0.418948 0.459456 0.483214 0.497423 0.506193 0.512169 0.513117 0.512888 0.511115 0.507003 0.498289 0.483332 0.457752 0.419892 0.377706 0.377024 0.417097 0.457763 0.483332 0.498289 0.506999 0.513322 0.513535 0.512212 0.510089 0.505788 0.496985 0.481864 0.456104 0.419345 0.37827 0.377139 0.415432 0.45613 0.481879 0.496985 0.505781 0.513057 0.513062 0.511362 0.508679 0.503956 0.495082 0.480184 0.454823 0.419076 0.377648 0.376121 0.414065 0.454856 0.480215 0.495099 0.503978 0.512461 0.512435 0.51039 0.507127 0.501951 0.493072 0.478572 0.453726 0.418845 0.376353 0.374456 0.412747 0.453763 0.478619 0.493114 0.502011 0.511757 0.511703 0.509332 0.505539 0.49997 0.491126 0.477058 0.452671 0.41849 0.374696 0.372442 0.411315 0.452716 0.477123 0.491202 0.500072 0.511028 0.510894 0.508206 0.503884 0.498017 0.489249 0.475592 0.451599 0.418165 0.37315 0.370548 0.409933 0.451658 0.475681 0.48936 0.498159 0.510237 0.510024 0.507072 0.502267 0.496182 0.487498 0.474177 0.450477 0.417798 0.371743 0.368797 0.408538 0.450556 0.474294 0.487642 0.496363 0.509475 0.50915 0.506 0.500739 0.494455 0.485831 0.472755 0.449246 0.417331 0.37042 0.367134 0.407073 0.449347 0.472902 0.486009 0.494668 0.50878 0.508338 0.505035 0.499321 0.492839 0.484233 0.471303 0.447903 0.416805 0.369249 0.365626 0.405579 0.448028 0.47148 0.484441 0.493081 0.508167 0.507629 0.504189 0.498026 0.491343 0.482706 0.469825 0.446459 0.416238 0.368256 0.364303 0.404081 0.446611 0.470032 0.482941 0.491608 0.507639 0.507034 0.50346 0.496859 0.48997 0.481254 0.468326 0.444928 0.415639 0.36745 0.363178 0.402602 0.44511 0.468563 0.481513 0.490253 0.507199 0.506547 0.502855 0.49582 0.488718 0.47987 0.466805 0.443315 0.415004 0.366827 0.362264 0.401154 0.44353 0.467072 0.480151 0.489015 0.506842 0.506173 0.502387 0.494918 0.487585 0.47855 0.465258 0.441619 0.414322 0.366366 0.36152 0.399703 0.441866 0.465551 0.47885 0.487893 0.506574 0.505924 0.502059 0.494158 0.486568 0.477284 0.463672 0.439831 0.413612 0.366094 0.360968 0.398263 0.440105 0.463987 0.4776 0.486886 0.506399 0.505802 0.501877 0.493541 0.485661 0.476059 0.462033 0.437938 0.412864 0.366005 0.360613 0.396831 0.438232 0.462365 0.476388 0.485986 0.506319 0.505812 0.50183 0.493062 0.484858 0.47487 0.460336 0.435932 0.412071 0.366092 0.360451 0.395401 0.436236 0.460679 0.475211 0.485193 0.506331 0.505943 0.501901 0.492708 0.484154 0.473718 0.458586 0.433813 0.411222 0.36633 0.360454 0.393959 0.434116 0.458933 0.47407 0.484501 0.506424 0.506178 0.502068 0.492468 0.483542 0.472607 0.456801 0.431594 0.410307 0.366656 0.360558 0.392488 0.431882 0.457145 0.47297 0.483908 0.506587 0.506495 0.502298 0.492309 0.482994 0.47153 0.45501 0.429318 0.409328 0.366951 0.360636 0.390983 0.429571 0.455342 0.471907 0.483389 0.506797 0.506861 0.502564 0.492176 0.482421 0.470414 0.453221 0.427053 0.408303 0.366978 0.360441 0.389451 0.427245 0.453531 0.470808 0.482862 0.507008 0.507255 0.502774 0.491854 0.481478 0.46891 0.451247 0.424804 0.407209 0.366216 0.359433 0.387849 0.424899 0.451522 0.469325 0.481992 0.507037 0.507597 0.502233 0.490291 0.478754 0.465526 0.447908 0.421936 0.405426 0.363087 0.355989 0.385493 0.421877 0.44813 0.465966 0.479382 0.50592 0.50723 0.496012 0.481912 0.46808 0.453874 0.437205 0.413733 0.397909 0.350387 0.34277 0.377125 0.413469 0.437363 0.454329 0.46885 0.498331 0.501329 0.455405 0.43795 0.420848 0.404713 0.388088 0.36851 0.344673 0.278137 0.269349 0.321718 0.368052 0.388167 0.405127 0.421576 0.456218 0.461433 0.420173 0.407619 0.399227 0.392206 0.384014 0.376329 0.405679 0.420773 0.413727 0.384743 0.375446 0.384023 0.392507 0.400335 0.427444 0.426923 0.379418 0.364288 0.352633 0.342263 0.33237 0.326715 0.357171 0.365237 0.358149 0.335777 0.326869 0.332648 0.341973 0.352675 0.385211 0.386621 0.120419 0.111675 0.105347 0.0936987 0.0799908 0.0652611 0.0868128 0.0847493 0.0804999 0.0699831 0.0699444 0.0805218 0.092556 0.10168 0.130745 0.125857 0.00302518 0.0152124 
</DataArray>
<DataArray type="Float64" Name="cell variable 4" format="ascii">
700.899 698.482 696.239 694.349 695.27 698.005 702.761 703.457 704.314 702.956 699.16 695.379 694.777 695.204 698.772 700.357 1178.55 1174.36 1170.98 1168.2 1168.11 1170.82 1176.02 1180.07 1179.61 1174.49 1171.67 1168.56 1167.71 1170.2 1176.46 1179.23 1391.23 1388.49 1388.37 1386.74 1385.36 1383.26 1384.36 1383.82 1383.13 1380.87 1383.52 1385.55 1386.68 1388.23 1392.71 1392.55 1489.08 1475.73 1456.5 1429.39 1399.93 1370.55 1348.69 1332.38 1332.21 1345.87 1370.54 1399.91 1429.5 1456.87 1481.27 1490.87 1524.32 1506.13 1480.23 1448.21 1416.33 1385.89 1365.69 1346.48 1345.55 1360.57 1385.84 1416.32 1448.41 1480.69 1513.22 1526.49 1533.33 1511.92 1482.24 1448.41 1415.82 1384.07 1366.36 1347.91 1346 1358.85 1384.1 1415.89 1448.64 1482.65 1520.82 1535.95 1538.1 1513.18 1479.46 1443.73 1410.84 1379.04 1364.77 1347.03 1344.23 1354.94 1379.17 1410.99 1444 1479.83 1523.96 1541.2 1541.63 1513.24 1475.49 1437.9 1404.9 1373.6 1363.06 1345.83 1342.24 1350.95 1373.82 1405.13 1438.19 1475.84 1526.02 1545.26 1544.33 1512.75 1471.22 1431.95 1399 1368.32 1361.52 1344.56 1340.25 1347.16 1368.59 1399.28 1432.26 1471.57 1527.61 1548.56 1546.41 1511.96 1467.15 1426.43 1393.57 1363.43 1360.18 1343.36 1338.36 1343.61 1363.74 1393.9 1426.78 1467.53 1528.92 1551.25 1547.94 1510.88 1463.52 1421.53 1388.61 1358.94 1359.06 1342.44 1336.78 1340.33 1359.29 1388.96 1421.9 1463.92 1529.94 1553.41 1548.96 1509.58 1460.3 1417.31 1384.3 1354.97 1358.15 1341.69 1335.37 1337.32 1355.35 1384.68 1417.72 1460.74 1530.72 1555.08 1549.57 1508.17 1457.34 1413.61 1380.49 1351.37 1357.37 1341 1334.04 1334.52 1351.77 1380.9 1414.05 1457.81 1531.32 1556.36 1549.89 1506.71 1454.65 1410.33 1377.12 1348.14 1356.77 1340.45 1332.85 1331.98 1348.57 1377.56 1410.8 1455.14 1531.79 1557.33 1549.95 1505.22 1452.22 1407.51 1374.19 1345.28 1356.34 1340.06 1331.85 1329.69 1345.72 1374.65 1408 1452.74 1532.14 1558.03 1549.72 1503.74 1450.09 1405.13 1371.7 1342.78 1356.09 1339.84 1331.03 1327.7 1343.25 1372.19 1405.64 1450.64 1532.39 1558.41 1549.23 1502.26 1448.26 1403.21 1369.64 1340.66 1356.02 1339.8 1330.42 1325.99 1341.15 1370.15 1403.74 1448.83 1532.49 1558.5 1548.47 1500.73 1446.68 1401.68 1367.96 1338.9 1356.12 1339.93 1329.99 1324.56 1339.4 1368.49 1402.23 1447.26 1532.41 1558.28 1547.4 1499.15 1445.27 1400.46 1366.62 1337.45 1356.37 1340.21 1329.74 1323.39 1337.97 1367.17 1401.04 1445.87 1532.13 1557.72 1546.04 1497.48 1443.99 1399.51 1365.57 1336.29 1356.75 1340.62 1329.66 1322.48 1336.83 1366.14 1400.1 1444.6 1531.63 1556.81 1544.34 1495.7 1442.83 1398.79 1364.78 1335.41 1357.28 1341.18 1329.76 1321.83 1335.96 1365.36 1399.4 1443.45 1530.91 1555.53 1542.25 1493.76 1441.76 1398.31 1364.25 1334.81 1357.97 1341.87 1330.03 1321.44 1335.37 1364.85 1398.93 1442.38 1529.91 1553.82 1539.7 1491.64 1440.78 1398.06 1363.99 1334.5 1358.81 1342.69 1330.45 1321.31 1335.06 1364.6 1398.69 1441.41 1528.63 1551.61 1536.59 1489.28 1439.85 1398.03 1363.98 1334.45 1359.82 1343.6 1330.98 1321.42 1335.02 1364.59 1398.67 1440.49 1527 1548.8 1532.82 1486.55 1438.86 1398.07 1364.08 1334.6 1360.93 1344.49 1331.52 1321.73 1335.17 1364.7 1398.71 1439.5 1524.9 1545.27 1527.94 1482.92 1437.11 1397.41 1363.62 1334.45 1361.75 1344.96 1331.63 1321.83 1335 1364.24 1398.06 1437.76 1521.78 1540.6 1519.35 1475.45 1431.3 1392.63 1359.45 1331.43 1359.94 1342.76 1329.08 1319.44 1331.92 1360.04 1393.28 1431.97 1514.71 1532.18 1491.21 1448.31 1405.65 1368.24 1336.79 1312.09 1342.28 1325.38 1311.5 1301.75 1312.49 1337.34 1368.88 1406.35 1487.35 1504.03 1367.28 1329.65 1292.79 1259.29 1229.41 1205.34 1231.61 1218.48 1205.75 1194.6 1205.6 1229.8 1259.77 1293.33 1365.2 1379.03 1243.28 1218.53 1203.27 1197.79 1198.09 1202 1247.72 1252.64 1241.78 1215.61 1201.97 1198.14 1198 1203.56 1250.64 1253.97 1102.07 1079.42 1064.46 1057.16 1055.02 1056.64 1095.72 1099.46 1090.77 1069 1057.21 1054.99 1056.99 1064.09 1107.37 1111.48 749.05 740.535 736.567 735.401 733.611 733.824 753.141 752.981 746.679 737.257 733.69 733.688 735.283 735.854 756.524 754.164 590.896 745.326 
</DataArray>
<DataArray type="Float64" Name="cell variable 5" format="ascii">
0.0701124 0.0701124 0.0701124 0.0701124 0.0701124 0.0701124 0.0701124 0.0701124 0.0701124 0.0701124 0.0701124 0.0701124 0.0701124 0.0701124 0.0701124 0.0701124 0.0701124 0.0701124 0.0701124 0.0701124 0.0701124 0.0701124 0.0701124 0.0701124 0.0701124 0.0701124 0.0701124 0.0701124 0.0701124 0.0701124 0.0701124 0.0701124 0.0701124 0.0701124 0.0701124 0.0701124 0.0701124 0.0701124 0.0701124 0.0701124 0.0701124 0.0701124 0.0701124 0.0701124 0.0701124 0.0701124 0.0701124 0.0701124 0.105963 0.0980951 0.085397 0.0732909 0.0701124 0.0701124 0.0701124 0.0701124 0.0701124 0.0701124 0.0701124 0.0701124 0.0732909 0.085397 0.0980951 0.105963 0.119892 0.10897 0.0913331 0.0745217 0.0701124 0.0701124 0.0701124 0.0701124 0.0701124 0.0701124 0.0701124 0.0701124 0.0745217 0.0913331 0.10897 0.119892 0.127963 0.11528 0.0947764 0.0752384 0.0701124 0.0701124 0.0701124 0.0701124 0.0701124 0.0701124 0.0701124 0.0701124 0.0752384 0.0947764 0.11528 0.127963 0.133837 0.119846 0.0972849 0.0757682 0.0701124 0.0701124 0.0701124 0.0701124 0.0701124 0.0701124 0.0701124 0.0701124 0.0757682 0.0972849 0.119846 0.133837 0.138418 0.123429 0.0992325 0.0761733 0.0701124 0.0701124 0.0701124 0.0701124 0.0701124 0.0701124 0.0701124 0.0701124 0.0761733 0.0992325 0.123429 0.138418 0.14211 0.126311 0.100806 0.0765005 0.0701124 0.0701124 0.0701124 0.0701124 0.0701124 0.0701124 0.0701124 0.0701124 0.0765005 0.100806 0.126311 0.14211 0.145133 0.128664 0.102099 0.0767653 0.0701124 0.0701124 0.0701124 0.0701124 0.0701124 0.0701124 0.0701124 0.0701124 0.0767653 0.102099 0.128664 0.145133 0.147579 0.130581 0.103143 0.0769835 0.0701124 0.0701124 0.0701124 0.0701124 0.0701124 0.0701124 0.0701124 0.0701124 0.0769835 0.103143 0.130581 0.147579 0.149542 0.132123 0.103985 0.0771549 0.0701124 0.0701124 0.0701124 0.0701124 0.0701124 0.0701124 0.0701124 0.0701124 0.0771549 0.103985 0.132123 0.149542 0.151069 0.133307 0.104623 0.0772951 0.0701124 0.0701124 0.0701124 0.0701124 0.0701124 0.0701124 0.0701124 0.0701124 0.0772951 0.104623 0.133307 0.151069 0.152191 0.13418 0.105106 0.0773886 0.0701124 0.0701124 0.0701124 0.0701124 0.0701124 0.0701124 0.0701124 0.0701124 0.0773886 0.105106 0.13418 0.152191 0.152939 0.134756 0.105418 0.0774665 0.0701124 0.0701124 0.0701124 0.0701124 0.0701124 0.0701124 0.0701124 0.0701124 0.0774665 0.105418 0.134756 0.152939 0.153297 0.135052 0.105574 0.0774976 0.0701124 0.0701124 0.0701124 0.0701124 0.0701124 0.0701124 0.0701124 0.0701124 0.0774976 0.105574 0.135052 0.153297 0.153297 0.135052 0.105574 0.0774976 0.0701124 0.0701124 0.0701124 0.0701124 0.0701124 0.0701124 0.0701124 0.0701124 0.0774976 0.105574 0.135052 0.153297 0.152939 0.134756 0.105418 0.0774665 0.0701124 0.0701124 0.0701124 0.0701124 0.0701124 0.0701124 0.0701124 0.0701124 0.0774665 0.105418 0.134756 0.152939 0.152191 0.13418 0.105106 0.0773886 0.0701124 0.0701124 0.0701124 0.0701124 0.0701124 0.0701124 0.0701124 0.0701124 0.0773886 0.105106 0.13418 0.152191 0.151069 0.133307 0.104623 0.0772951 0.0701124 0.0701124 0.0701124 0.0701124 0.0701124 0.0701124 0.0701124 0.0701124 0.0772951 0.104623 0.133307 0.151069 0.149542 0.132123 0.103985 0.0771549 0.0701124 0.0701124 0.0701124 0.0701124 0.0701124 0.0701124 0.0701124 0.0701124 0.0771549 0.103985 0.132123 0.149542 0.147579 0.130581 0.103143 0.0769835 0.0701124 0.0701124 0.0701124 0.0701124 0.0701124 0.0701124 0.0701124 0.0701124 0.0769835 0.103143 0.130581 0.147579 0.145133 0.128664 0.102099 0.0767653 0.0701124 0.0701124 0.0701124 0.0701124 0.0701124 0.0701124 0.0701124 0.0701124 0.0767653 0.102099 0.128664 0.145133 0.14211 0.126311 0.100806 0.0765005 0.0701124 0.0701124 0.0701124 0.0701124 0.0701124 0.0701124 0.0701124 0.0701124 0.0765005 0.100806 0.126311 0.14211 0.138418 0.123429 0.0992325 0.0761733 0.0701124 0.0701124 0.0701124 0.0701124 0.0701124 0.0701124 0.0701124 0.0701124 0.0761733 0.0992325 0.123429 0.138418 0.133837 0.119846 0.0972849 0.0757682 0.0701124 0.0701124 0.0701124 0.0701124 0.0701124 0.0701124 0.0701124 0.0701124 0.0757682 0.0972849 0.119846 0.133837 0.127963 0.11528 0.0947764 0.0752384 0.0701124 0.0701124 0.0701124 0.0701124 0.0701124 0.0701124 0.0701124 0.0701124 0.0752384 0.0947764 0.11528 0.127963 0.119892 0.10897 0.0913331 0.0745217 0.0701124 0.0701124 0.0701124 0.0701124 0.0701124 0.0701124 0.0701124 0.0701124 0.0745217 0.0913331 0.10897 0.119892 0.105963 0.0980951 0.085397 0.0732909 0.0701124 0.0701124 0.0701124 0.0701124 0.0701124 0.0701124 0.0701124 0.0701124 0.0732909 0.085397 0.0980951 0.105963 0.0701124 0.0701124 0.0701124 0.0701124 0.0701124 0.0701124 0.0701124 0.0701124 0.0701124 0.0701124 0.0701124 0.0701124 0.0701124 0.0701124 0.0701124 0.0701124 0.0701124 0.0701124 0.0701124 0.0701124 0.0701124 0.0701124 0.0701124 0.0701124 0.0701124 0.0701124 0.0701124 0.0701124 0.0701124 0.0701124 0.0701124 0.0701124 0.0701124 0.0701124 0.0701124 0.0701124 0.0701124 0.0701124 0.0701124 0.0701124 0.0701124 0.0701124 0.0701124 0.0701124 0.0701124 0.0701124 0.0701124 0.0701124 0.0701124 0.0701124 
</DataArray>
<DataArray type="Float64" Name="cell variable 6" format="ascii">
0.999558 0.999558 0.999558 0.999558 0.999558 0.999558 0.999558 0.999558 0.999558 0.999558 0.999558 0.999558 0.999558 0.999558 0.999558 0.999558 0.999558 0.999558 0.999558 0.999558 0.999558 0.999558 0.999558 0.999558 0.999558 0.999558 0.999558 0.999558 0.999558 0.999558 0.999558 0.999558 0.999558 0.999558 0.999558 0.999558 0.999558 0.999558 0.999558 0.999558 0.999558 0.999558 0.999558 0.999558 0.999558 0.999558 0.999558 0.999558 0.999508 0.999516 0.99953 0.999548 0.999558 0.999558 0.999558 0.999558 0.999558 0.999558 0.999558 0.999558 0.999548 0.99953 0.999516 0.999508 0.999489 0.999499 0.999519 0.999544 0.999558 0.999558 0.999558 0.999558 0.999558 0.999558 0.999558 0.999558 0.999544 0.999519 0.999499 0.999489 0.999477 0.99949 0.999512 0.999542 0.999558 0.999558 0.999558 0.999558 0.999558 0.999558 0.999558 0.999558 0.999542 0.999512 0.99949 0.999477 0.999469 0.999483 0.999508 0.99954 0.999558 0.999558 0.999558 0.999558 0.999558 0.999558 0.999558 0.999558 0.99954 0.999508 0.999483 0.999469 0.999463 0.999477 0.999504 0.999539 0.999558 0.999558 0.999558 0.999558 0.999558 0.999558 0.999558 0.999558 0.999539 0.999504 0.999477 0.999463 0.999458 0.999473 0.999501 0.999538 0.999558 0.999558 0.999558 0.999558 0.999558 0.999558 0.999558 0.999558 0.999538 0.999501 0.999473 0.999458 0.999454 0.999469 0.999499 0.999537 0.999558 0.999558 0.999558 0.999558 0.999558 0.999558 0.999558 0.999558 0.999537 0.999499 0.999469 0.999454 0.99945 0.999467 0.999497 0.999536 0.999558 0.999558 0.999558 0.999558 0.999558 0.999558 0.999558 0.999558 0.999536 0.999497 0.999467 0.99945 0.999447 0.999464 0.999495 0.999536 0.999558 0.999558 0.999558 0.999558 0.999558 0.999558 0.999558 0.999558 0.999536 0.999495 0.999464 0.999447 0.999445 0.999462 0.999494 0.999535 0.999558 0.999558 0.999558 0.999558 0.999558 0.999558 0.999558 0.999558 0.999535 0.999494 0.999462 0.999445 0.999444 0.999461 0.999493 0.999535 0.999558 0.999558 0.999558 0.999558 0.999558 0.999558 0.999558 0.999558 0.999535 0.999493 0.999461 0.999444 0.999443 0.99946 0.999493 0.999535 0.999558 0.999558 0.999558 0.999558 0.999558 0.999558 0.999558 0.999558 0.999535 0.999493 0.99946 0.999443 0.999442 0.99946 0.999492 0.999535 0.999558 0.999558 0.999558 0.999558 0.999558 0.999558 0.999558 0.999558 0.999535 0.999492 0.99946 0.999442 0.999442 0.99946 0.999492 0.999535 0.999558 0.999558 0.999558 0.999558 0.999558 0.999558 0.999558 0.999558 0.999535 0.999492 0.99946 0.999442 0.999443 0.99946 0.999493 0.999535 0.999558 0.999558 0.999558 0.999558 0.999558 0.999558 0.999558 0.999558 0.999535 0.999493 0.99946 0.999443 0.999444 0.999461 0.999493 0.999535 0.999558 0.999558 0.999558 0.999558 0.999558 0.999558 0.999558 0.999558 0.999535 0.999493 0.999461 0.999444 0.999445 0.999462 0.999494 0.999535 0.999558 0.999558 0.999558 0.999558 0.999558 0.999558 0.999558 0.999558 0.999535 0.999494 0.999462 0.999445 0.999447 0.999464 0.999495 0.999536 0.999558 0.999558 0.999558 0.999558 0.999558 0.999558 0.999558 0.999558 0.999536 0.999495 0.999464 0.999447 0.99945 0.999467 0.999497 0.999536 0.999558 0.999558 0.999558 0.999558 0.999558 0.999558 0.999558 0.999558 0.999536 0.999497 0.999467 0.99945 0.999454 0.999469 0.999499 0.999537 0.999558 0.999558 0.999558 0.999558 0.999558 0.999558 0.999558 0.999558 0.999537 0.999499 0.999469 0.999454 0.999458 0.999473 0.999501 0.999538 0.999558 0.999558 0.999558 0.999558 0.999558 0.999558 0.999558 0.999558 0.999538 0.999501 0.999473 0.999458 0.999463 0.999477 0.999504 0.999539 0.999558 0.999558 0.999558 0.999558 0.999558 0.999558 0.999558 0.999558 0.999539 0.999504 0.999477 0.999463 0.999469 0.999483 0.999508 0.99954 0.999558 0.999558 0.999558 0.999558 0.999558 0.999558 0.999558 0.999558 0.99954 0.999508 0.999483 0.999469 0.999477 0.99949 0.999512 0.999542 0.999558 0.999558 0.999558 0.999558 0.999558 0.999558 0.999558 0.999558 0.999542 0.999512 0.99949 0.999477 0.999489 0.999499 0.999519 0.999544 0.999558 0.999558 0.999558 0.999558 0.999558 0.999558 0.999558 0.999558 0.999544 0.999519 0.999499 0.999489 0.999508 0.999516 0.99953 0.999548 0.999558 0.999558 0.999558 0.999558 0.999558 0.999558 0.999558 0.999558 0.999548 0.99953 0.999516 0.999508 0.999558 0.999558 0.999558 0.999558 0.999558 0.999558 0.999558 0.999558 0.999558 0.999558 0.999558 0.999558 0.999558 0.999558 0.999558 0.999558 0.999558 0.999558 0.999558 0.999558 0.999558 0.999558 0.999558 0.999558 0.999558 0.999558 0.999558 0.999558 0.999558 0.999558 0.999558 0.999558 0.999558 0.999558 0.999558 0.999558 0.999558 0.999558 0.999558 0.999558 0.999558 0.999558 0.999558 0.999558 0.999558 0.999558 0.999558 0.999558 0.999558 0.999558 
</DataArray>
<DataArray type="Float64" Name="cell variable 7" format="ascii">
0 0 0 0 0 0 0 0 0 0 0 0 0 0 0 0 0 0 0 0 0 0 0 0 0 0 0 0 0 0 0 0 0 0 0 0 0 0 0 0 0 0 0 0 0 0 0 0 0 0 0 0 0 0 0 0 0 0 0 0 0 0 0 0 0 0 0 0 0 0 0 0 0 0 0 0 0 0 0 0 0 0 0 0 0 0 0 0 0 0 0 0 0 0 0 0 0 0 0 0 0 0 0 0 0 0 0 0 0 0 0 0 0 0 0 0 0 0 0 0 0 0 0 0 0 0 0 0 0 0 0 0 0 0 0 0 0 0 0 0 0 0 0 0 0 0 0 0 0 0 0 0 0 0 0 0 0 0 0 0 0 0 0 0 0 0 0 0 0 0 0 0 0 0 0 0 0 0 0 0 0 0 0 0 0 0 0 0 0 0 0 0 0 0 0 0 0 0 0 0 0 0 0 0 0 0 0 0 0 0 0 0 0 0 0 0 0 0 0 0 0 0 0 0 0 0 0 0 0 0 0 0 0 0 0 0 0 0 0 0 0 0 0 0 0 0 0 0 0 0 0 0 0 0 0 0 0 0 0 0 0 0 0 0 0 0 0 0 0 0 0 0 0 0 0 0 0 0 0 0 0 0 0 0 0 0 0 0 0 0 0 0 0 0 0 0 0 0 0 0 0 0 0 0 0 0 0 0 0 0 0 0 0 0 0 0 0 0 0 0 0 0 0 0 0 0 0 0 0 0 0 0 0 0 0 0 0 0 0 0 0 0 0 0 0 0 0 0 0 0 0 0 0 0 0 0 0 0 0 0 0 0 0 0 0 0 0 0 0 0 0 0 0 0 0 0 0 0 0 0 0 0 0 0 0 0 0 0 0 0 0 0 0 0 0 0 0 0 0 0 0 0 0 0 0 0 0 0 0 0 0 0 0 0 0 0 0 0 0 0 0 0 0 0 0 0 0 0 0 0 0 0 0 0 0 0 0 0 0 0 0 0 0 0 0 0 0 0 0 0 0 0 0 0 0 0 0 0 0 0 0 0 0 0 0 0 0 0 0 0 0 0 0 0 0 0 0 0 0 0 0 0 0 0 0 0 0 0 0 0 0 0 0 0 0 0 0 0 0 0 0 0 0 0 0 0 0 0 0 0 0 0 1 1 
</DataArray>
<DataArray type="Float64" Name="cell variable 8" format="ascii">
11.25 33.75 56.25 78.75 101.25 123.75 146.25 168.75 191.25 213.75 236.25 258.75 281.25 303.75 326.25 348.75 11.25 33.75 56.25 78.75 101.25 123.75 146.25 168.75 191.25 213.75 236.25 258.75 281.25 303.75 326.25 348.75 11.25 33.75 56.25 78.75 101.25 123.75 146.25 168.75 191.25 213.75 236.25 258.75 281.25 303.75 326.25 348.75 11.25 33.75 56.25 78.75 101.25 123.75 146.25 168.75 191.25 213.75 236.25 258.75 281.25 303.75 326.25 348.75 11.25 33.75 56.25 78.75 101.25 123.75 146.25 168.75 191.25 213.75 236.25 258.75 281.25 303.75 326.25 348.75 11.25 33.75 56.25 78.75 101.25 123.75 146.25 168.75 191.25 213.75 236.25 258.75 281.25 303.75 326.25 348.75 11.25 33.75 56.25 78.75 101.25 123.75 146.25 168.75 191.25 213.75 236.25 258.75 281.25 303.75 326.25 348.75 11.25 33.75 56.25 78.75 101.25 123.75 146.25 168.75 191.25 213.75 236.25 258.75 281.25 303.75 326.25 348.75 11.25 33.75 56.25 78.75 101.25 123.75 146.25 168.75 191.25 213.75 236.25 258.75 281.25 303.75 326.25 348.75 11.25 33.75 56.25 78.75 101.25 123.75 146.25 168.75 191.25 213.75 236.25 258.75 281.25 303.75 326.25 348.75 11.25 33.75 56.25 78.75 101.25 123.75 146.25 168.75 191.25 213.75 236.25 258.75 281.25 303.75 326.25 348.75 11.25 33.75 56.25 78.75 101.25 123.75 146.25 168.75 191.25 213.75 236.25 258.75 281.25 303.75 326.25 348.75 11.25 33.75 56.25 78.75 101.25 123.75 146.25 168.75 191.25 213.75 236.25 258.75 281.25 303.75 326.25 348.75 11.25 33.75 56.25 78.75 101.25 123.75 146.25 168.75 191.25 213.75 236.25 258.75 281.25 303.75 326.25 348.75 11.25 33.75 56.25 78.75 101.25 123.75 146.25 168.75 191.25 213.75 236.25 258.75 281.25 303.75 326.25 348.75 11.25 33.75 56.25 78.75 101.25 123.75 146.25 168.75 191.25 213.75 236.25 258.75 281.25 303.75 326.25 348.75 11.25 33.75 56.25 78.75 101.25 123.75 146.25 168.75 191.25 213.75 236.25 258.75 281.25 303.75 326.25 348.75 11.25 33.75 56.25 78.75 101.25 123.75 146.25 168.75 191.25 213.75 236.25 258.75 281.25 303.75 326.25 348.75 11.25 33.75 56.25 78.75 101.25 123.75 146.25 168.75 191.25 213.75 236.25 258.75 281.25 303.75 326.25 348.75 11.25 33.75 56.25 78.75 101.25 123.75 146.25 168.75 191.25 213.75 236.25 258.75 281.25 303.75 326.25 348.75 11.25 33.75 56.25 78.75 101.25 123.75 146.25 168.75 191.25 213.75 236.25 258.75 281.25 303.75 326.25 348.75 11.25 33.75 56.25 78.75 101.25 123.75 146.25 168.75 191.25 213.75 236.25 258.75 281.25 303.75 326.25 348.75 11.25 33.75 56.25 78.75 101.25 123.75 146.25 168.75 191.25 213.75 236.25 258.75 281.25 303.75 326.25 348.75 11.25 33.75 56.25 78.75 101.25 123.75 146.25 168.75 191.25 213.75 236.25 258.75 281.25 303.75 326.25 348.75 11.25 33.75 56.25 78.75 101.25 123.75 146.25 168.75 191.25 213.75 236.25 258.75 281.25 303.75 326.25 348.75 11.25 33.75 56.25 78.75 101.25 123.75 146.25 168.75 191.25 213.75 236.25 258.75 281.25 303.75 326.25 348.75 11.25 33.75 56.25 78.75 101.25 123.75 146.25 168.75 191.25 213.75 236.25 258.75 281.25 303.75 326.25 348.75 11.25 33.75 56.25 78.75 101.25 123.75 146.25 168.75 191.25 213.75 236.25 258.75 281.25 303.75 326.25 348.75 11.25 33.75 56.25 78.75 101.25 123.75 146.25 168.75 191.25 213.75 236.25 258.75 281.25 303.75 326.25 348.75 11.25 33.75 56.25 78.75 101.25 123.75 146.25 168.75 191.25 213.75 236.25 258.75 281.25 303.75 326.25 348.75 11.25 33.75 56.25 78.75 101.25 123.75 146.25 168.75 191.25 213.75 236.25 258.75 281.25 303.75 326.25 348.75 11.25 33.75 56.25 78.75 101.25 123.75 146.25 168.75 191.25 213.75 236.25 258.75 281.25 303.75 326.25 348.75 0 0 
</DataArray>
</CellData>
</Piece>
</UnstructuredGrid>
</VTKFile>
