<VTKFile type="UnstructuredGrid" version="0.1">
<UnstructuredGrid>
<Piece  NumberOfPoints="    2080" NumberOfCells="     514">
<Points>
<DataArray type="Float64" NumberOfComponents="3" format="ascii">
-294.937 703.011 1.0949
-293.739 708.01 26.8539
-268.782 696.913 28.9758
-270.111 691.503 1.12467
-293.467 709.121 29.6053
-289.991 723.321 51.4122
-264.734 713.395 55.2934
-268.51 698.025 31.7272
-289.488 725.371 53.5139
-284.284 746.589 68.0333
-258.575 738.398 73.1007
-264.23 715.445 57.3951
-283.632 749.264 69.1667
-277.59 774.266 74.2174
-251.369 768.133 79.7321
-257.923 741.073 74.2341
-276.905 777.164 74.2161
-271.122 802.214 69.102
-244.454 798.197 74.2435
-250.684 771.031 79.7307
-270.519 804.901 67.966
-265.842 826.241 53.4434
-238.832 823.987 57.3512
-243.851 800.884 73.1075
-265.395 828.304 51.339
-262.32 842.604 29.5373
-235.063 841.496 31.6414
-238.385 826.05 55.2468
-262.078 843.721 26.7843
-260.979 848.73 1.02433
-233.632 848.028 1.03323
-234.822 842.613 28.8884
-260.976 848.728 -1.95648
-262.035 843.679 -27.7108
-234.77 842.577 -29.7986
-233.629 848.026 -1.94759
-262.273 842.558 -30.4627
-265.337 828.236 -52.2526
-238.315 825.983 -56.1409
-235.008 841.457 -32.5504
-265.784 826.171 -54.355
-270.461 804.819 -68.8601
-243.789 800.801 -73.9753
-238.762 823.918 -58.2433
-271.064 802.131 -69.9938
-276.847 777.075 -75.0842
-250.62 770.942 -80.5742
-244.392 798.113 -75.109
-277.531 774.177 -75.083
-283.58 749.181 -70.0085
-257.863 740.992 -75.052
-251.305 768.044 -80.573
-284.234 746.508 -68.8727
-289.436 725.307 -54.3288
-264.199 715.393 -58.1818
-258.516 738.318 -73.9162
-289.941 723.259 -52.2242
-293.422 709.087 -30.4026
-268.509 698.001 -32.4738
-264.704 713.346 -56.0773
-293.697 707.978 -27.6484
-294.935 703.009 -1.88635
-270.11 691.502 -1.85658
-268.783 696.892 -29.7196
-267.082 690.414 1.20146
-265.752 695.824 29.0526
-235.773 687.388 29.6974
-237.141 681.873 1.21648
-261.687 712.36 55.5091
-231.566 704.209 56.7098
-235.484 688.554 32.5876
-265.464 696.99 31.9429
-255.498 737.463 73.4233
-225.132 729.752 75.0202
-231.031 706.36 58.9184
-261.153 714.51 57.7176
-248.251 767.329 80.1136
-217.608 760.167 81.8501
-224.439 732.558 76.2125
-254.805 740.269 74.6155
-241.302 797.537 74.627
-210.609 790.984 76.229
-216.89 763.209 81.8507
-247.532 770.371 80.1142
-235.659 823.463 57.6767
-205.044 817.43 58.8756
-209.985 793.807 75.0351
-240.678 800.361 73.433
-231.876 841.077 31.8574
-201.276 835.396 32.5049
-204.583 819.597 56.6618
-235.198 825.631 55.4629
-230.435 847.665 1.10946
-199.832 842.106 1.12068
-201.025 836.569 29.6121
-231.626 842.25 28.9646
-231.573 842.214 -29.8722
-200.987 836.53 -30.4923
-199.829 842.104 -2.01
-230.433 847.663 -2.02123
-235.128 825.564 -56.3542
-204.523 819.533 -57.5173
-201.234 835.354 -33.3839
-231.821 841.038 -32.7638
-240.615 800.277 -74.2978
-209.921 793.726 -75.8672
-204.984 817.364 -59.7288
-235.588 823.395 -58.5658
-247.468 770.282 -80.9543
-216.824 763.121 -82.6546
-210.546 790.902 -77.0585
-241.239 797.453 -75.4891
-254.745 740.188 -75.4301
-224.38 732.477 -76.9874
-217.543 760.079 -82.6513
-248.186 767.24 -80.951
-261.122 714.458 -58.5006
-230.995 706.301 -59.6674
-225.074 729.672 -75.7923
-255.439 737.383 -74.235
-265.465 696.965 -32.6852
-235.477 688.518 -33.2999
-231.533 704.153 -57.4554
-261.66 712.31 -56.2887
-265.755 695.802 -29.7925
-267.081 690.412 -1.92948
-237.141 681.871 -1.91446
-235.767 687.355 -30.4072
-233.791 680.99 1.23917
-232.424 686.505 29.7201
-201.961 679.077 29.8661
-203.347 673.543 1.25446
-232.126 687.684 32.6502
-228.208 703.339 56.7723
-197.644 695.957 57.0361
-201.664 680.256 32.7962
-227.653 705.513 59.0131
-221.754 728.905 75.115
-190.952 721.583 75.4577
-197.089 698.131 59.2768
-221.03 731.744 76.325
-214.199 759.353 81.9626
-183.051 752.087 82.3364
-190.228 724.421 76.6678
-213.468 762.43 81.9637
-207.188 790.204 76.3421
-176.238 783.134 76.701
-182.32 755.164 82.3375
-206.577 793.072 75.1326
-201.636 816.694 58.9731
-170.955 809.89 59.304
-175.627 786.002 75.4916
-201.187 818.899 56.7277
-197.88 834.698 32.5708
-167.275 828.048 32.769
-170.506 812.095 57.0586
-197.632 835.89 29.6361
-196.438 841.427 1.14471
-165.837 834.823 1.16176
-167.027 829.24 29.8343
-196.436 841.425 -2.03083
-197.594 835.851 -30.5132
-167 829.204 -30.679
-165.835 834.821 -2.01378
-197.839 834.656 -33.4463
-201.128 818.835 -57.5797
-170.458 812.033 -57.8816
-167.245 828.009 -33.6122
-201.576 816.629 -59.8227
-206.514 792.991 -75.9612
-175.567 785.92 -76.29
-170.905 809.826 -60.1247
-207.124 790.122 -77.1679
-213.403 762.342 -82.764
-182.256 755.075 -83.1061
-176.178 783.052 -77.4967
-214.134 759.265 -82.7599
-220.97 731.662 -77.0961
-190.168 724.339 -77.4073
-182.987 751.998 -83.1021
-221.695 728.825 -75.8833
-227.617 705.454 -59.7584
-197.045 698.067 -59.9927
-190.894 721.502 -76.1946
-228.174 703.282 -57.5146
-232.118 687.647 -33.3591
-201.648 680.213 -33.4756
-197.603 695.896 -57.7489
-232.418 686.472 -30.4266
-233.791 680.988 -1.93381
-203.347 673.541 -1.91852
-201.947 679.038 -30.543
-200 672.703 1.26332
-198.614 678.238 29.8749
-168.707 670.533 29.9292
-170.292 665.033 1.27709
-198.292 679.417 32.8165
-194.273 695.119 57.0564
-163.814 687.313 57.1354
-168.385 671.712 32.8708
-193.67 697.291 59.3023
-187.534 720.743 75.4832
-156.305 712.793 75.5663
-163.212 689.486 59.3814
-186.747 723.577 76.6941
-179.569 751.243 82.3627
-147.444 743.119 82.458
-155.518 715.627 76.7772
-178.764 754.328 82.3576
-172.681 782.298 76.7212
-139.025 773.86 76.7821
-146.638 746.204 82.453
-172.005 785.16 75.5034
-167.333 809.049 59.3158
-132.319 800.445 59.4154
-138.349 776.723 75.5643
-166.835 811.247 57.0684
-163.604 827.2 32.7788
-127.758 818.499 32.8561
-131.821 802.643 57.168
-163.329 828.388 29.8395
-162.139 833.971 1.16694
-126.018 825.234 1.18689
-127.483 819.687 29.9167
-162.137 833.97 -2.01506
-163.302 828.353 -30.6803
-127.459 819.655 -30.7198
-126.017 825.232 -1.99511
-163.575 827.162 -33.6184
-166.788 811.185 -57.8878
-131.777 802.582 -57.9549
-127.732 818.464 -33.6579
-167.284 808.985 -60.133
-171.946 785.079 -76.2983
-138.291 776.642 -76.327
-132.274 800.382 -60.2001
-172.621 782.216 -77.5135
-178.699 754.239 -83.1229
-146.575 746.115 -83.1875
-138.967 773.778 -77.5421
-179.505 751.154 -83.125
-186.687 723.494 -77.4303
-155.457 715.543 -77.4844
-147.381 743.03 -83.1896
-187.474 720.662 -76.2168
-193.626 697.227 -60.0149
-163.162 689.419 -60.0668
-156.245 712.711 -76.271
-194.23 695.057 -57.766
-198.275 679.374 -33.4927
-168.359 671.665 -33.5198
-163.766 687.249 -57.8179
-198.599 678.198 -30.5487
-199.999 672.701 -1.92419
-170.291 665.031 -1.91042
-168.684 670.489 -30.5758
-167.009 664.118 1.28037
-165.424 669.618 29.9325
-136.017 660.804 29.9573
-137.814 655.373 1.29535
-165.058 670.787 32.877
-160.487 686.388 57.1416
-130.489 677.38 57.179
-135.652 661.973 32.9017
-159.808 688.541 59.3891
-152.901 711.848 75.5741
-122.04 702.564 75.6216
-129.809 679.534 59.4265
-152.014 714.658 76.7849
-143.94 742.15 82.4657
-112.023 732.536 82.4978
-121.153 705.373 76.8323
-143.001 745.196 82.4597
-135.388 772.853 76.7888
-102.139 762.837 76.8251
-111.084 735.582 82.4918
-134.559 775.683 75.5707
-128.529 799.405 59.4218
-94.0107 789.045 59.4442
-101.31 765.667 75.607
-127.913 801.581 57.1742
-123.85 817.437 32.8623
-88.5214 806.874 32.8876
-93.3945 791.221 57.1966
-123.514 818.614 29.9206
-122.049 824.161 1.1908
-86.4497 813.533 1.21026
-88.1857 808.051 29.946
-122.048 824.159 -1.99472
-123.491 818.582 -30.7195
-88.1656 808.02 -30.7063
-86.4486 813.531 -1.97525
-123.825 817.402 -33.6601
-127.87 801.52 -57.957
-93.3551 791.161 -57.9422
-88.4992 806.84 -33.6469
-128.484 799.342 -60.2027
-134.502 775.602 -76.3295
-101.255 765.587 -76.3303
-93.9696 788.983 -60.1879
-135.33 772.771 -77.5451
-142.938 745.108 -83.1905
-111.022 735.494 -83.1895
-102.083 762.755 -77.5459
-143.877 742.061 -83.1938
-151.953 714.574 -77.4887
-121.091 705.289 -77.5053
-111.96 732.447 -83.1929
-152.841 711.766 -76.2756
-159.757 688.475 -60.0713
-129.755 679.465 -60.0795
-121.979 702.481 -76.2922
-160.438 686.323 -57.8209
-165.032 670.739 -33.5229
-135.621 661.922 -33.5179
-130.436 677.313 -57.8291
-165.4 669.574 -30.5759
-167.007 664.116 -1.91047
-137.812 655.371 -1.89549
-135.989 660.757 -30.5709
-134.589 654.329 1.29766
-132.793 659.759 29.9596
-103.936 649.689 29.98
-105.951 644.346 1.31387
-132.381 660.912 32.9054
-127.218 676.319 57.1827
-97.7403 666.004 57.2152
-103.525 650.842 32.9259
-126.454 678.444 59.4317
-118.685 701.474 75.6267
-88.2796 690.808 75.6724
-96.9768 668.129 59.4642
-117.688 704.245 76.8371
-108.557 731.408 82.5026
-77.0199 720.327 82.5404
-87.2821 693.579 76.8828
-107.486 734.408 82.4959
-98.5416 761.662 76.8292
-65.7498 750.123 76.8665
-75.9491 723.327 82.5338
-97.5722 764.448 75.6106
-90.273 787.825 59.4478
-56.286 775.875 59.4695
-64.7804 752.908 75.6479
-89.5442 789.968 57.1992
-84.671 805.621 32.8901
-49.8975 793.408 32.9105
-55.5572 778.018 57.2208
-84.2763 806.781 29.9483
-82.5403 812.263 1.2126
-47.5001 799.963 1.23238
-49.5027 794.568 29.9687
-82.5393 812.262 -1.97326
-84.2563 806.75 -30.7043
-49.4852 794.538 -30.6854
-47.4991 799.961 -1.95348
-84.6492 805.587 -33.6452
-89.5051 789.909 -57.9405
-55.5211 777.96 -57.9239
-49.878 793.375 -33.6263
-90.2322 787.764 -60.1874
-97.5176 764.368 -76.3299
-64.7279 752.829 -76.3306
-56.2482 775.815 -60.1708
-98.4859 761.581 -77.5462
-107.424 734.32 -83.1897
-75.8879 723.239 -83.193
-65.6962 750.042 -77.5469
-108.495 731.319 -83.194
-117.626 704.161 -77.5064
-87.2199 693.495 -77.5195
-76.9583 720.238 -83.1973
-118.624 701.391 -76.2939
-126.4 678.375 -60.0812
-96.9195 668.058 -60.0826
-88.2178 690.724 -76.307
-127.165 676.252 -57.8294
-132.35 660.861 -33.5182
-103.491 650.789 -33.5066
-97.6844 665.935 -57.8308
-132.764 659.712 -30.5697
-134.587 654.326 -1.89431
-105.949 644.343 -1.8781
-103.905 649.64 -30.5581
-102.79 643.161 1.31606
-100.775 648.504 29.9822
-72.5073 637.149 30.0019
-74.7466 631.906 1.33329
-100.316 649.637 32.9291
-94.5314 664.8 57.2185
-65.6219 653.163 57.2482
-72.0483 638.282 32.9488
-93.6798 666.889 59.4688
-84.9826 689.567 75.677
-55.1077 677.519 75.7187
-64.7704 655.252 59.4985
-83.8685 692.293 76.8875
-73.6063 719.04 82.5451
-42.5678 706.506 82.5845
-53.9936 680.244 76.9291
-72.4032 721.987 82.5379
-62.204 748.783 76.8707
-29.9445 735.738 76.9055
-41.3647 709.453 82.5773
-61.1013 751.517 75.6514
-52.607 774.485 59.473
-19.2129 760.982 59.4964
-28.8419 738.472 75.6862
-51.7706 776.588 57.2233
-46.1109 791.978 32.913
-11.9556 778.17 32.9332
-18.3766 763.085 57.2467
-45.6587 793.117 29.9709
-43.6561 798.512 1.23461
-9.23965 784.601 1.25469
-11.5034 779.309 29.9911
-43.6552 798.511 -1.9513
-45.6413 793.087 -30.6833
-11.4879 779.28 -30.6637
-9.23879 784.599 -1.93122
-46.0917 791.945 -33.6245
-51.7348 776.53 -57.9221
-18.3431 763.028 -57.9067
-11.9384 778.139 -33.6049
-52.5693 774.424 -60.1701
-61.0491 751.439 -76.3299
-28.7915 738.394 -76.3275
-19.1777 760.923 -60.1548
-62.1505 748.703 -77.5471
-72.3422 721.899 -83.1932
-41.3046 709.366 -83.1971
-29.8929 735.658 -77.5446
-73.5447 718.952 -83.1982
-83.8063 692.208 -77.5204
-53.931 680.159 -77.5281
-42.5071 706.418 -83.2021
-84.9206 689.484 -76.308
-93.6223 666.818 -60.0836
-64.7112 655.179 -60.0807
-55.0453 677.435 -76.3157
-94.4753 664.73 -57.8304
-100.282 649.584 -33.5063
-72.0129 638.227 -33.4921
-65.5642 653.092 -57.8275
-100.744 648.454 -30.5566
-102.788 643.158 -1.87659
-74.7449 631.903 -1.85936
-72.4749 637.098 -30.5424
-71.6532 630.579 1.33547
-69.4139 635.823 30.0041
-41.7749 623.188 30.0236
-44.2427 618.057 1.35345
-68.9061 636.933 32.9518
-62.4798 651.813 57.2511
-34.1884 638.862 57.2776
-41.2671 624.299 32.9712
-61.5378 653.861 59.5025
-51.8751 676.128 75.7227
-22.6019 662.71 75.7583
-33.2465 640.91 59.529
-50.6418 678.8 76.9335
-39.216 705.062 82.5888
-8.77041 691.093 82.6246
-21.3686 665.382 76.9691
-37.8809 707.951 82.5812
-26.4607 734.235 76.9093
5.18526 719.699 76.94
-7.43529 693.982 82.617
-25.2295 736.912 75.6895
-15.6005 759.422 59.4997
17.1306 744.385 59.5228
6.4165 722.376 75.7201
-14.6612 761.481 57.2492
-8.24025 776.567 32.9358
25.2254 761.191 32.9561
18.0699 746.444 57.2723
-7.73233 777.682 29.9934
-5.46858 782.974 1.25695
28.2519 767.481 1.27736
25.7333 762.306 30.0137
-5.46781 782.972 -1.929
-7.71695 777.653 -30.6615
25.7471 762.279 -30.6414
28.2526 767.48 -1.90859
-8.22322 776.535 -33.603
-14.628 761.425 -57.9049
18.1011 746.389 -57.8885
25.2408 761.161 -33.5829
-15.5656 759.364 -60.1538
-25.1793 736.835 -76.3265
6.46487 722.299 -76.3192
17.1635 744.328 -60.1375
-26.4092 734.156 -77.5444
-37.8209 707.863 -83.1969
-7.3765 693.895 -83.1964
5.23496 719.621 -77.5371
-39.1554 704.975 -83.2025
-50.5793 678.715 -77.5286
-21.3064 665.297 -77.5293
-8.711 691.006 -83.202
-51.8126 676.044 -76.316
-61.4786 653.789 -60.081
-33.1868 640.837 -60.0737
-22.5397 662.626 -76.3167
-62.4219 651.742 -57.8267
-68.8707 636.878 -33.4912
-41.2317 624.241 -33.4754
-34.1301 638.79 -57.8195
-69.3815 635.771 -30.5407
-71.6515 630.577 -1.85766
-44.2409 618.054 -1.83967
-41.7426 623.135 -30.5249
-41.2217 616.589 1.35563
-38.754 621.721 30.0257
-11.7879 607.825 30.0451
-14.4852 602.816 1.37416
-38.1969 622.806 32.9739
-31.1183 637.37 57.2803
-3.49823 623.124 57.304
-11.2308 608.91 32.9933
-30.0851 639.372 59.5324
-19.4405 661.172 75.7617
9.16297 646.405 75.7917
-2.46505 625.126 59.5562
-18.0874 663.784 76.9728
-5.48922 689.495 82.6284
24.2814 674.115 82.6591
10.5161 649.017 77.0028
-4.02303 692.318 82.6204
8.59752 718.035 76.9434
39.549 702.029 76.9696
25.7476 676.937 82.6511
9.95373 720.65 75.723
20.6678 742.659 59.5257
52.6634 726.109 59.547
40.9052 704.644 75.7492
21.7061 744.669 57.2748
28.8616 759.417 32.9586
61.5649 742.499 32.9786
53.7017 728.12 57.2961
29.4233 760.505 30.016
31.9419 765.681 1.27964
64.8929 748.635 1.30028
62.1267 743.588 30.036
31.9426 765.679 -1.90633
29.437 760.478 -30.6391
62.1392 743.562 -30.6182
64.8936 748.634 -1.88569
28.8768 759.387 -33.5809
21.7371 744.615 -57.8865
53.7309 728.067 -57.8679
61.5789 742.471 -33.56
20.7005 742.602 -60.1361
10.0019 720.573 -76.3178
40.9518 704.569 -76.3053
52.6943 726.054 -60.1175
8.64706 717.957 -77.5363
-3.9644 692.231 -83.1956
25.8049 676.851 -83.1891
39.5969 701.953 -77.5239
-5.42991 689.408 -83.2017
-18.0253 663.699 -77.529
10.5773 648.932 -77.5232
24.3394 674.028 -83.1952
-19.3784 661.087 -76.3163
-30.0254 639.298 -60.0733
-2.40581 625.051 -60.0624
9.22428 646.32 -76.3104
-31.06 637.298 -57.8183
-38.1616 622.749 -33.4742
-11.1966 608.851 -33.4573
-3.44037 623.05 -57.8074
-38.7217 621.667 -30.5231
-41.22 616.586 -1.83782
-14.4835 602.813 -1.8193
-11.7566 607.769 -30.5062
-11.5417 601.21 1.37633
-8.84438 606.219 30.0473
17.4012 591.084 30.0664
14.4753 586.209 1.39517
-8.23816 607.277 32.9957
-0.505593 621.49 57.3065
26.3881 605.972 57.328
18.0074 592.141 33.0148
0.618457 623.442 59.5591
12.2465 644.721 75.7946
40.1139 628.631 75.8201
27.5121 607.924 59.5806
13.7186 647.267 77.0059
27.4839 672.364 82.6622
56.5039 655.6 82.6885
41.586 631.177 77.0315
29.0793 675.115 82.654
42.8807 700.207 76.9725
73.0545 682.764 76.9954
58.0993 658.35 82.6803
44.3586 702.754 75.7518
56.1168 724.219 59.5496
87.3014 706.186 59.5695
74.5324 685.311 75.7747
57.2506 726.177 57.2984
65.1138 740.557 32.9809
96.9822 722.125 33.0007
88.4352 708.144 57.3183
65.7275 741.617 30.0383
68.4937 746.664 1.30256
100.602 728.094 1.32349
97.5959 723.185 30.0581
68.4944 746.662 -1.88338
65.74 741.591 -30.6159
97.6073 723.161 -30.5942
100.602 728.092 -1.86245
65.1277 740.528 -33.5578
57.2796 726.124 -57.8657
88.4626 708.093 -57.8452
96.995 722.098 -33.5361
56.1475 724.164 -60.1157
44.405 702.68 -76.3034
74.5771 685.237 -76.2871
87.3306 706.132 -60.0951
42.9285 700.131 -77.5226
29.1364 675.029 -83.1878
58.1548 658.265 -83.1763
73.1007 682.688 -77.5062
27.5417 672.278 -83.1943
13.7797 647.181 -77.5223
41.6457 631.092 -77.5114
56.5601 655.514 -83.1828
12.3077 644.636 -76.3094
0.677585 623.367 -60.0614
27.5699 607.849 -60.0477
40.1736 628.546 -76.2986
-0.447863 621.417 -57.8059
-8.20404 607.217 -33.4558
18.0396 592.081 -33.438
26.4444 605.899 -57.7922
-8.81321 606.163 -30.5042
-11.5401 601.207 -1.81735
14.4769 586.206 -1.79851
17.4305 591.027 -30.4864
17.3361 584.468 1.39731
20.262 589.342 30.0685
45.7378 572.995 30.0871
42.586 568.266 1.41619
20.9169 590.37 33.0171
29.2975 604.201 57.3303
55.413 587.437 57.3497
46.3926 574.023 33.0357
30.5113 606.097 59.5832
43.1131 626.804 75.8227
70.1862 609.418 75.8444
56.6268 589.333 59.6026
44.7024 629.277 77.0342
59.6202 653.7 82.6912
87.822 635.582 82.7134
71.7756 611.892 77.0559
61.3423 656.372 82.6828
76.2975 680.786 76.9979
105.625 661.934 77.0183
89.5441 638.254 82.7051
77.8936 683.26 75.777
90.6627 704.135 59.5719
120.966 684.65 59.5908
107.222 664.408 75.7973
91.8886 706.036 57.3206
100.436 720.018 33.0029
131.397 700.107 33.0226
122.192 686.551 57.3396
101.1 721.047 30.0604
104.105 725.955 1.32578
135.297 705.895 1.34688
132.06 701.136 30.0801
104.106 725.954 -1.86009
101.111 721.023 -30.5919
132.071 701.113 -30.5697
135.298 705.894 -1.83899
100.448 719.991 -33.5338
91.9159 705.985 -57.8429
122.218 686.502 -57.8212
131.408 700.081 -33.5117
90.6917 704.081 -60.093
77.9383 683.187 -76.285
107.265 664.335 -76.2659
120.994 684.598 -60.0714
76.3435 680.711 -77.5044
61.3977 656.287 -83.1746
89.5977 638.169 -83.1593
105.67 661.859 -77.4854
59.6763 653.614 -83.1814
44.7619 629.192 -77.51
71.8328 611.807 -77.4957
87.8764 635.496 -83.1661
43.1726 626.72 -76.2972
30.5689 606.022 -60.0463
56.682 589.258 -60.0305
70.2436 609.334 -76.2828
29.3537 604.127 -57.7905
20.9489 590.309 -33.4363
46.422 573.961 -33.4179
55.4668 587.364 -57.7747
20.2912 589.285 -30.4844
17.3375 584.465 -1.7965
42.5875 568.263 -1.77762
45.7643 572.937 -30.466
45.3587 566.393 1.41828
48.5105 571.121 30.0892
73.1661 553.594 30.1071
69.7927 549.023 1.43683
49.2131 572.117 33.0378
58.2335 585.531 57.3518
83.5156 567.556 57.3691
73.8688 554.59 33.0557
59.5353 587.367 59.6048
73.0948 607.452 75.8466
99.3125 588.806 75.8643
84.8174 569.392 59.6221
74.7988 609.847 77.0581
90.8453 633.537 82.7157
118.163 614.102 82.7332
101.016 591.201 77.0758
92.6909 636.125 82.7072
108.772 659.805 77.0204
137.184 639.581 77.0373
120.008 616.69 82.7248
110.483 662.2 75.7994
124.228 682.442 59.5929
153.58 661.544 59.6101
138.895 641.977 75.8163
125.542 684.283 57.3417
134.747 697.839 33.0247
164.731 676.488 33.0438
154.895 663.385 57.3589
135.459 698.835 30.0823
138.695 703.594 1.34915
168.902 682.085 1.37033
165.443 677.485 30.1014
138.696 703.593 -1.83658
135.469 698.812 -30.5673
165.452 677.463 -30.5444
168.902 682.084 -1.8154
134.758 697.813 -33.5093
125.568 684.234 -57.8188
154.918 663.337 -57.7956
164.741 676.463 -33.4863
124.255 682.39 -60.069
110.526 662.128 -76.2635
138.937 641.905 -76.2415
153.605 661.494 -60.0458
108.817 659.73 -77.4832
92.7444 636.04 -83.1572
120.06 616.605 -83.138
137.228 639.507 -77.4612
90.8994 633.452 -83.1643
74.8558 609.763 -77.4938
101.07 591.117 -77.4765
118.215 614.017 -83.1451
73.1518 607.368 -76.2811
59.5903 587.292 -60.0288
84.8686 569.317 -60.0116
99.3661 588.723 -76.2638
58.287 585.458 -57.7729
49.2421 572.055 -33.4161
73.8941 554.528 -33.3976
83.5653 567.483 -57.7557
48.5368 571.064 -30.464
45.36 566.389 -1.77558
69.794 549.019 -1.75704
73.1887 553.536 -30.4455
72.4717 547.021 1.43881
75.8451 551.592 30.109
99.6297 532.921 30.1254
96.0396 528.517 1.45626
76.5945 552.553 33.0576
86.2413 565.519 57.371
110.636 546.369 57.3854
100.379 533.881 33.074
87.629 567.29 59.6239
102.124 586.704 75.8661
127.427 566.837 75.879
112.023 548.14 59.6383
103.94 589.016 77.0775
121.086 611.917 82.7349
147.456 591.205 82.7465
129.243 569.148 77.0905
123.051 614.413 82.7264
140.228 637.305 77.0389
167.656 615.753 77.0504
149.421 593.702 82.738
142.049 639.617 75.818
156.734 659.184 59.6118
185.067 636.917 59.6258
169.478 618.065 75.8296
158.134 660.961 57.3609
167.97 674.064 33.0457
196.91 651.319 33.0633
186.467 638.694 57.3749
168.729 675.026 30.1036
172.187 679.626 1.37254
201.341 656.714 1.3937
197.669 652.28 30.1211
172.188 679.625 -1.81292
168.737 675.004 -30.5419
197.676 652.261 -30.5174
201.341 656.713 -1.79176
167.98 674.04 -33.4837
158.158 660.914 -57.793
186.488 638.65 -57.7666
196.918 651.297 -33.4592
156.759 659.134 -60.0432
142.091 639.545 -76.2388
169.52 617.993 -76.2135
185.09 636.871 -60.0169
140.271 637.231 -77.4587
123.103 614.329 -83.1355
149.471 593.616 -83.1127
167.7 615.679 -77.4334
121.138 611.832 -83.1429
103.993 588.932 -77.4743
129.29 569.064 -77.454
147.506 591.118 -83.1201
102.177 586.621 -76.2618
87.6796 567.216 -60.0096
112.067 548.066 -59.9915
127.474 566.754 -76.2414
86.2904 565.446 -57.7537
76.6193 552.491 -33.3957
100.398 533.819 -33.378
110.678 546.296 -57.7356
75.8675 551.534 -30.4435
72.4728 547.017 -1.75505
96.0406 528.514 -1.7376
99.6465 532.863 -30.4259
98.6193 526.39 1.45802
102.209 530.795 30.1272
125.072 511.018 30.1409
121.271 506.791 1.47315
103.004 531.718 33.0755
113.261 544.205 57.387
136.714 523.921 57.3973
125.867 511.941 33.0893
114.732 545.908 59.6395
130.136 564.605 75.8803
154.468 543.558 75.8865
138.185 525.623 59.6499
132.059 566.826 77.0914
150.272 588.883 82.7474
175.634 566.939 82.7489
156.391 545.779 77.0976
152.354 591.283 82.7386
170.589 613.335 77.0511
196.969 590.5 77.0502
177.716 569.339 82.7402
172.517 615.557 75.8303
188.106 634.41 59.6266
215.351 610.819 59.6292
198.897 592.723 75.8294
189.588 636.119 57.3762
200.031 648.743 33.0646
227.857 624.647 33.0751
216.833 612.528 57.3788
200.834 649.669 30.1231
204.506 654.102 1.39562
232.538 629.831 1.41472
228.66 625.572 30.1336
204.506 654.101 -1.78923
200.841 649.649 -30.5149
228.67 625.561 -30.4883
232.538 629.83 -1.77013
200.039 648.722 -33.4562
189.609 636.076 -57.7636
216.858 612.498 -57.7317
227.868 624.634 -33.4296
188.129 634.364 -60.0138
172.559 615.487 -76.2105
198.951 592.661 -76.182
215.378 610.787 -59.9819
170.632 613.261 -77.4307
152.404 591.197 -83.11
177.76 569.241 -83.0903
197.024 590.435 -77.4022
150.322 588.796 -83.1179
132.106 566.742 -77.4517
156.424 545.691 -77.4323
175.678 566.84 -83.0982
130.182 564.521 -76.2394
114.775 545.834 -59.9895
138.215 525.545 -59.9741
154.499 543.471 -76.22
113.302 544.132 -57.7338
103.022 531.656 -33.3762
125.877 511.876 -33.3613
136.743 523.844 -57.7184
102.226 530.736 -30.4241
98.6199 526.387 -1.73581
121.272 506.788 -1.72067
125.08 510.957 -30.4092
123.746 504.544 1.47463
127.547 508.772 30.1424
149.436 487.93 30.1534
145.432 483.89 1.48758
128.385 509.656 33.0904
139.232 521.635 57.3985
161.69 500.257 57.4036
150.275 488.814 33.1014
140.784 523.265 59.6503
157.067 541.199 75.887
180.371 519.018 75.8812
163.241 501.887 59.6554
159.095 543.326 77.097
178.338 564.486 82.7483
202.634 541.358 82.7243
182.399 521.145 77.0912
180.531 566.784 82.7381
199.784 587.944 77.0481
225.055 563.88 76.9957
204.827 543.656 82.7141
201.813 590.073 75.8266
218.266 608.17 59.6264
244.331 583.279 59.575
227.084 566.009 75.7742
219.825 609.805 57.377
230.849 621.924 33.0733
257.447 596.476 33.048
245.889 584.914 57.3256
231.694 622.81 30.1341
235.572 627.068 1.41523
262.36 601.428 1.42937
258.291 597.361 30.1088
235.573 627.068 -1.76709
231.704 622.799 -30.4853
258.312 597.366 -30.4353
262.361 601.428 -1.75295
230.861 621.913 -33.4246
219.851 609.777 -57.7268
245.931 584.914 -57.6563
257.469 596.48 -33.3746
218.295 608.14 -59.9763
201.868 590.014 -76.1764
227.158 565.988 -76.1082
244.375 583.276 -59.9058
199.839 587.88 -77.3982
180.575 566.686 -83.0864
204.84 543.545 -83.061
225.13 563.854 -77.3301
178.379 564.386 -83.0959
159.125 543.237 -77.4301
182.406 521.048 -77.4131
202.643 541.245 -83.0706
157.097 541.111 -76.2183
140.813 523.186 -59.9723
163.255 501.802 -59.9612
180.378 518.923 -76.2013
139.261 521.558 -57.7169
128.394 509.59 -33.3599
150.274 488.745 -33.3476
161.703 500.173 -57.7058
127.554 508.71 -30.4077
123.746 504.541 -1.71916
145.432 483.886 -1.70621
149.435 487.865 -30.3955
147.796 481.528 1.48892
151.8 485.568 30.1547
172.666 463.704 30.1655
168.47 459.861 1.50235
152.681 486.411 33.1023
164.096 497.854 57.4045
185.505 475.426 57.4088
173.547 464.546 33.113
165.725 499.407 59.6554
182.855 516.538 75.8811
205.073 493.266 75.8743
187.134 476.979 59.6597
184.983 518.565 77.0895
205.218 538.778 82.7226
228.385 514.511 82.698
207.201 495.293 77.0827
207.518 540.969 82.7097
227.747 561.193 76.9914
251.864 535.922 76.9402
230.686 516.702 82.6851
229.873 563.22 75.7683
247.119 580.49 59.5691
272.014 554.333 59.5202
253.989 537.949 75.7172
248.75 582.046 57.3213
260.307 593.608 33.0438
285.714 566.862 33.02
273.645 555.889 57.2724
261.191 594.451 30.1082
265.26 598.518 1.42877
290.845 571.564 1.44309
286.598 567.705 30.0844
265.261 598.518 -1.74927
261.212 594.456 -30.4316
286.614 567.708 -30.3784
290.846 571.565 -1.73495
260.33 593.613 -33.3675
248.792 582.047 -57.6491
273.675 555.89 -57.5696
285.732 566.865 -33.3142
247.163 580.491 -59.897
229.946 563.203 -76.0994
254.017 537.963 -76.0177
272.046 554.334 -59.8175
227.817 561.171 -77.3235
207.527 540.862 -83.0544
230.655 516.65 -82.9959
251.889 535.932 -77.2419
205.224 538.666 -83.0666
184.986 518.469 -77.4092
207.2 495.211 -77.3724
228.352 514.454 -83.0081
182.86 516.443 -76.1989
165.738 499.322 -59.9588
187.145 476.9 -59.9363
205.073 493.185 -76.1622
164.109 497.77 -57.7041
152.68 486.341 -33.3459
173.543 464.479 -33.3302
185.516 475.348 -57.6816
151.799 485.503 -30.394
147.796 481.524 -1.70471
168.469 459.858 -1.69128
172.662 463.64 -30.3782
170.718 457.389 1.50371
174.914 461.231 30.1669
194.708 438.388 30.178
190.33 434.755 1.51693
175.835 462.03 33.114
187.793 472.91 57.4097
208.101 449.475 57.4168
195.628 439.187 33.1251
189.495 474.383 59.6599
207.435 490.67 75.8745
228.509 466.349 75.8771
209.803 450.948 59.667
209.658 492.592 77.0818
230.842 511.81 82.6971
252.818 486.445 82.695
230.733 468.271 77.0844
233.246 513.887 82.6829
254.423 533.107 76.938
277.297 506.698 76.9356
255.221 488.522 82.6808
256.644 535.028 75.7145
274.668 551.411 59.5174
298.309 524.116 59.5194
279.517 508.619 75.7121
276.37 552.886 57.2706
288.44 563.859 33.0182
312.588 535.973 33.0251
300.011 525.59 57.2726
289.361 564.658 30.0847
293.608 568.517 1.44337
317.93 540.42 1.4562
313.51 536.771 30.0916
293.608 568.517 -1.7321
289.377 564.661 -30.3755
313.509 536.764 -30.3534
317.93 540.42 -1.71927
288.456 563.862 -33.3091
276.399 552.886 -57.5644
300.011 525.575 -57.5319
312.588 535.965 -33.2869
274.697 551.412 -59.8114
256.668 535.041 -76.0117
279.511 508.603 -75.9709
298.308 524.1 -59.7789
254.445 533.119 -77.2354
233.212 513.838 -82.9894
255.215 488.492 -82.9347
277.288 506.681 -77.1946
230.809 511.756 -83.0031
209.657 492.513 -77.3674
230.743 468.216 -77.3299
252.813 486.41 -82.9484
207.436 490.59 -76.1588
189.507 474.305 -59.9329
209.822 450.885 -59.9079
228.521 466.293 -76.1214
187.805 472.833 -57.6794
175.832 461.964 -33.3279
195.627 439.128 -33.3115
208.12 449.413 -57.6543
174.91 461.168 -30.3765
170.718 457.385 -1.68964
190.33 434.752 -1.67642
194.705 438.332 -30.3601
192.457 432.177 1.51819
196.835 435.81 30.1793
215.507 412.034 30.1891
210.96 408.619 1.52905
197.793 436.563 33.1261
210.266 446.852 57.4178
229.422 422.458 57.4249
216.466 412.787 33.136
212.037 448.24 59.6676
230.743 463.641 75.8777
250.621 438.325 75.8825
231.193 423.847 59.6747
233.057 465.454 77.0847
255.142 483.628 82.6953
275.872 457.222 82.7
252.935 440.137 77.0895
257.642 485.587 82.6809
279.718 503.762 76.9358
301.298 476.277 76.9414
278.373 459.181 82.6856
282.029 505.574 75.7124
300.82 521.071 59.5198
323.12 492.67 59.5255
303.608 478.089 75.718
302.591 522.462 57.2732
315.168 532.845 33.0257
337.95 503.831 33.0322
324.891 494.062 57.279
316.127 533.598 30.0925
320.546 537.247 1.45713
343.497 508.018 1.46452
338.909 504.585 30.099
320.546 537.246 -1.71788
316.126 533.591 -30.352
338.905 504.578 -30.3441
343.497 508.018 -1.71049
315.167 532.836 -33.285
302.589 522.446 -57.53
324.884 494.047 -57.521
337.946 503.823 -33.2771
300.818 521.055 -59.7761
282.021 505.557 -75.9682
303.597 478.071 -75.9508
323.113 492.655 -59.7671
279.711 503.745 -77.1909
257.638 485.555 -82.931
278.371 459.154 -82.9107
301.287 476.259 -77.1735
255.139 483.595 -82.9448
233.068 465.4 -77.3264
252.949 440.093 -77.3109
275.872 457.194 -82.9245
230.756 463.586 -76.1189
212.057 448.179 -59.9054
231.215 423.795 -59.8926
250.637 438.28 -76.1035
210.285 446.79 -57.6525
197.792 436.505 -33.3096
216.465 412.735 -33.2981
229.443 422.406 -57.6398
196.833 435.754 -30.3586
192.457 432.174 -1.67497
210.96 408.616 -1.6641
215.505 411.984 -30.347
212.961 405.941 1.53016
217.508 409.355 30.1902
235.015 384.695 30.2
230.308 381.507 1.53986
218.502 410.061 33.137
231.458 419.732 57.426
249.415 394.432 57.4361
236.009 385.401 33.1468
233.294 421.034 59.6757
252.722 435.512 75.8834
271.351 409.255 75.8953
251.251 395.733 59.6858
255.12 437.21 77.0906
278.058 454.294 82.7011
297.484 426.902 82.7197
273.749 410.953 77.1025
280.651 456.13 82.6867
303.576 473.226 76.9425
323.828 444.742 76.9547
300.077 428.738 82.7053
305.971 474.927 75.719
325.483 489.509 59.5265
346.403 460.079 59.5375
326.222 446.443 75.7311
327.318 490.814 57.2799
340.377 500.583 33.0331
361.749 470.514 33.0429
348.238 461.384 57.2908
341.371 501.29 30.0999
345.959 504.723 1.46541
367.486 474.428 1.47439
362.742 471.221 30.1098
345.959 504.723 -1.70954
341.367 501.283 -30.3432
362.73 471.21 -30.3332
367.485 474.427 -1.70056
340.373 500.575 -33.276
327.311 490.799 -57.5199
348.218 461.361 -57.5076
361.736 470.502 -33.2661
325.475 489.493 -59.7657
305.959 474.909 -75.9494
326.191 446.416 -75.9369
346.382 460.055 -59.7534
303.565 473.209 -77.1717
280.649 456.105 -82.9089
300.087 428.729 -82.8943
323.797 444.716 -77.1592
278.059 454.267 -82.9226
255.135 437.167 -77.3091
273.773 410.919 -77.2937
297.496 426.891 -82.908
252.738 435.467 -76.1019
233.316 420.982 -59.8911
251.277 395.69 -59.8794
271.376 409.219 -76.0865
231.479 419.68 -57.6385
218.501 410.009 -33.2968
236.008 385.354 -33.2869
249.44 394.388 -57.6268
217.506 409.306 -30.3458
212.96 405.938 -1.66293
230.308 381.504 -1.65323
235.013 384.65 -30.336
232.179 378.733 1.54085
236.885 381.922 30.201
253.192 356.433 30.2093
248.337 353.477 1.54896
237.911 382.579 33.1478
251.317 391.61 57.4371
268.042 365.463 57.4452
254.218 357.09 33.156
253.214 392.821 59.6869
273.314 406.342 75.8963
290.66 379.215 75.9057
269.938 366.674 59.695
275.79 407.923 77.104
299.525 423.872 82.7211
317.595 395.601 82.7372
293.136 380.795 77.1133
302.205 425.583 82.7069
325.956 441.587 76.9562
344.801 412.184 76.9664
320.275 397.313 82.723
328.431 443.173 75.7322
348.612 456.809 59.5385
368.092 426.409 59.5475
347.276 413.77 75.7423
350.507 458.024 57.2918
364.018 467.154 33.044
383.921 436.091 33.0523
369.988 427.624 57.3008
365.044 467.812 30.1107
369.787 471.019 1.47534
389.84 439.723 1.48302
384.947 436.749 30.119
369.787 471.018 -1.69961
365.031 467.801 -30.3323
384.936 436.739 -30.3253
389.84 439.722 -1.69193
364.004 467.141 -33.265
350.486 458 -57.5065
369.968 427.601 -57.4997
383.909 436.08 -33.2581
348.59 456.784 -59.7524
328.399 443.145 -75.9359
347.259 413.723 -75.9306
368.072 426.384 -59.7456
325.926 441.56 -77.1584
302.216 425.572 -82.8934
320.303 397.276 -82.8935
344.786 412.138 -77.1531
299.539 423.861 -82.907
275.816 407.889 -77.2927
293.163 380.762 -77.2855
317.626 395.565 -82.9071
273.339 406.307 -76.0853
253.24 392.778 -59.8782
269.963 366.633 -59.8716
290.686 379.18 -76.0782
251.342 391.566 -57.6258
237.91 382.532 -33.2859
254.214 357.045 -33.2787
268.065 365.421 -57.6192
236.883 381.877 -30.335
232.178 378.731 -1.65225
248.336 353.474 -1.64413
253.186 356.39 -30.3278
250.072 350.615 1.54978
254.927 353.571 30.2101
270.003 327.311 30.2166
265.009 324.591 1.55734
255.984 354.178 33.1567
269.808 362.551 57.4459
285.271 335.621 57.4485
271.059 327.918 33.1631
271.76 363.67 59.6955
292.482 376.21 75.9062
308.519 348.28 75.9053
287.223 336.74 59.6981
295.03 377.671 77.114
319.489 392.478 82.7379
336.2 363.374 82.738
311.068 349.741 77.1131
322.248 394.061 82.7238
346.774 408.932 76.9672
364.168 378.647 76.97
338.959 364.957 82.7239
349.324 410.397 75.7431
370.14 423.037 59.5482
388.125 391.731 59.5515
366.718 380.112 75.7458
372.092 424.158 57.3015
386.026 432.625 33.053
404.408 400.634 33.0582
390.077 392.853 57.3047
387.083 433.233 30.1198
391.975 436.207 1.48375
410.501 403.976 1.49016
405.465 401.242 30.125
391.975 436.206 -1.69118
387.072 433.223 -30.3246
405.464 401.236 -30.3192
410.501 403.976 -1.68478
386.014 432.614 -33.2574
372.074 424.135 -57.499
390.074 392.837 -57.4944
404.406 400.628 -33.252
370.122 423.012 -59.7448
349.308 410.351 -75.9297
366.718 380.086 -75.9232
388.122 391.714 -59.7401
346.76 408.885 -77.1527
322.277 394.023 -82.8931
338.969 364.923 -82.8909
364.17 378.62 -77.1462
319.519 392.44 -82.9065
295.056 377.637 -77.285
311.086 349.702 -77.2772
336.211 363.34 -82.9042
292.507 376.175 -76.0773
271.784 363.629 -59.8707
287.241 336.696 -59.8638
308.537 348.24 -76.0695
269.83 362.509 -57.6183
255.979 354.133 -33.2778
271.05 327.874 -33.2707
285.288 335.577 -57.6114
254.921 353.529 -30.3269
250.072 350.613 -1.64329
265.009 324.589 -1.63573
269.993 327.269 -30.3198
266.607 321.647 1.55818
271.6 324.367 30.2174
285.412 297.391 30.2254
280.293 294.912 1.5677
272.685 324.922 33.1636
286.896 332.625 57.449
301.062 304.968 57.4525
286.497 297.947 33.1716
288.899 333.65 59.6981
310.196 345.191 75.9053
324.885 316.516 75.9039
303.065 305.993 59.7016
312.811 346.53 77.113
337.943 360.162 82.7379
353.246 330.289 82.7362
327.5 317.855 77.1116
340.774 361.613 82.724
365.983 375.303 76.9702
381.908 344.222 76.9737
356.077 331.74 82.7224
368.601 376.644 75.7463
390.007 388.264 59.5519
406.472 356.134 59.5598
384.526 345.563 75.7499
392.012 389.289 57.3054
406.343 397.071 33.0588
423.172 364.232 33.0686
408.476 357.16 57.3133
407.428 397.627 30.1259
412.465 400.361 1.49102
429.419 367.269 1.50186
424.257 364.787 30.1356
412.465 400.36 -1.68375
407.427 397.621 -30.3182
424.248 364.776 -30.3045
429.419 367.269 -1.67291
406.342 397.065 -33.2507
392.009 389.274 -57.4932
408.46 357.135 -57.4751
423.163 364.219 -33.2371
390.005 388.248 -59.7387
368.601 376.619 -75.9217
384.501 345.538 -75.8985
406.456 356.108 -59.7205
365.984 375.278 -77.1443
340.783 361.581 -82.889
356.095 331.73 -82.8538
381.884 344.197 -77.1211
337.954 360.129 -82.9022
312.828 346.491 -77.2751
327.529 317.82 -77.247
353.266 330.277 -82.8669
310.214 345.151 -76.0678
288.918 333.607 -59.862
303.09 305.953 -59.8434
324.914 316.48 -76.0397
286.913 332.582 -57.6101
272.676 324.879 -33.2694
286.489 297.907 -33.2578
301.085 304.928 -57.5915
271.59 324.325 -30.3187
266.606 321.645 -1.63471
280.293 294.91 -1.62519
285.403 297.353 -30.3071
281.749 291.892 1.56867
286.869 294.371 30.2264
299.391 266.735 30.2348
294.158 264.501 1.5786
287.979 294.875 33.1722
302.544 301.896 57.453
315.386 273.571 57.4564
300.501 267.239 33.1806
304.593 302.826 59.7016
326.413 313.348 75.9039
339.727 283.993 75.9009
317.435 274.5 59.705
329.088 314.563 77.1112
354.834 326.998 82.7359
368.697 296.431 82.7311
342.402 285.208 77.1083
357.73 328.314 82.7224
383.561 340.796 76.9737
397.982 308.998 76.9761
371.593 297.747 82.7176
386.241 342.01 75.7505
408.187 352.581 59.5604
423.099 319.702 59.5707
400.662 310.212 75.7529
410.239 353.508 57.3143
424.935 360.58 33.0697
440.177 326.967 33.0816
425.151 320.628 57.3246
426.046 361.081 30.1369
431.208 363.563 1.50309
446.563 329.691 1.51523
441.288 327.468 30.1488
431.207 363.562 -1.67147
426.036 361.069 -30.3031
441.269 327.452 -30.289
446.562 329.69 -1.65933
424.924 360.567 -33.2353
410.222 353.482 -57.4732
425.119 320.594 -57.4555
440.157 326.949 -33.2212
408.168 352.554 -59.7183
386.213 341.984 -75.8963
400.621 310.159 -75.8704
423.066 319.665 -59.7006
383.537 340.771 -77.1177
357.748 328.303 -82.8504
371.637 297.722 -82.8107
397.945 308.946 -77.0918
354.856 326.986 -82.8633
329.119 314.529 -77.2433
342.444 285.176 -77.2132
368.745 296.405 -82.8236
326.444 313.313 -76.0369
304.619 302.786 -59.8406
317.467 274.465 -59.8207
339.769 283.96 -76.0067
302.567 301.856 -57.5896
287.971 294.835 -33.2559
300.494 267.204 -33.2437
315.415 273.536 -57.5697
286.859 294.333 -30.3059
281.749 291.89 -1.62394
294.157 264.499 -1.614
299.383 266.702 -30.2937
295.47 261.41 1.57943
300.703 263.645 30.2356
311.91 235.403 30.2409
306.571 233.413 1.58755
301.836 264.096 33.1808
316.721 270.428 57.4566
328.218 241.495 57.4517
313.043 235.855 33.186
318.812 271.261 59.7043
341.104 280.754 75.9002
353.025 250.787 75.8825
330.31 242.329 59.6993
343.832 281.844 77.1068
370.128 293.067 82.7296
382.538 261.89 82.7035
355.753 251.877 77.0891
373.081 294.248 82.7166
399.47 305.498 76.9751
412.339 273.056 76.9659
385.491 263.071 82.6905
402.204 306.582 75.7529
424.641 316.071 59.5707
437.959 282.513 59.5724
415.073 274.14 75.7437
426.737 316.896 57.3254
441.763 323.234 33.0824
455.385 288.923 33.0899
440.055 283.338 57.327
442.898 323.68 30.1499
448.172 325.903 1.51637
461.904 291.329 1.52637
456.519 289.369 30.1574
448.172 325.902 -1.65801
442.879 323.664 -30.2877
456.511 289.357 -30.2773
461.904 291.328 -1.64801
441.743 323.217 -33.2196
426.705 316.861 -57.4539
440.04 283.308 -57.4414
455.375 288.909 -33.2092
424.609 316.034 -59.6984
402.164 306.527 -75.8681
415.062 274.073 -75.8471
437.944 282.48 -59.6858
399.434 305.443 -77.0886
373.127 294.219 -82.8075
385.533 263.01 -82.778
412.332 272.988 -77.0675
370.177 293.04 -82.8201
343.876 281.811 -77.2096
355.787 251.838 -77.1835
382.583 261.831 -82.7905
341.146 280.721 -76.004
318.844 271.227 -59.818
330.334 242.294 -59.8016
353.057 250.748 -75.9779
316.75 270.393 -57.568
301.829 264.061 -33.242
313.031 235.822 -33.2322
328.24 241.46 -57.5515
300.695 263.611 -30.2925
295.469 261.408 -1.61283
306.571 233.411 -1.60471
311.897 235.372 -30.2828
307.736 230.258 1.58816
313.075 232.248 30.2415
322.941 203.45 30.2453
317.507 201.703 1.5956
314.229 232.648 33.1857
329.404 238.287 57.4513
339.528 208.802 57.442
324.095 203.85 33.1895
331.533 239.025 59.6975
354.248 247.484 75.8808
364.744 216.968 75.8554
341.657 209.54 59.6882
357.025 248.449 77.0863
383.81 258.461 82.7007
394.744 226.706 82.6675
367.521 217.933 77.061
386.812 259.503 82.6882
413.659 269.489 76.9636
424.988 236.466 76.9489
397.746 227.748 82.655
416.441 270.44 75.7431
439.327 278.813 59.5718
451.048 244.662 59.5712
427.769 237.417 75.7284
441.462 279.534 57.3274
456.792 285.119 33.0902
468.783 250.192 33.0974
453.183 245.382 57.3268
457.948 285.507 30.1584
463.333 287.468 1.52732
475.423 252.272 1.5377
469.94 250.58 30.1655
463.333 287.467 -1.64682
457.94 285.496 -30.2761
469.944 250.573 -30.2648
475.423 252.271 -1.63644
456.784 285.106 -33.2078
441.449 279.504 -57.4399
453.19 245.359 -57.425
468.787 250.183 -33.1965
439.314 278.781 -59.6837
416.432 270.374 -75.8449
427.783 237.368 -75.821
451.055 244.636 -59.6688
413.653 269.42 -77.0646
386.854 259.442 -82.775
397.766 227.692 -82.7423
425.004 236.415 -77.0406
383.853 258.401 -82.7871
357.057 248.408 -77.18
367.539 217.889 -77.1479
394.764 226.652 -82.7544
354.279 247.445 -75.975
331.556 238.99 -59.7988
341.669 209.504 -59.7795
364.762 216.926 -75.9429
329.425 238.253 -57.5498
314.216 232.615 -33.2305
324.076 203.819 -33.2208
339.539 208.767 -57.5305
313.061 232.217 -30.2817
307.735 230.256 -1.60366
317.506 201.701 -1.59623
322.921 203.421 -30.272
318.523 198.488 1.59615
323.957 200.236 30.2458
332.463 170.928 30.2497
326.947 169.421 1.60406
325.129 200.584 33.1889
340.562 205.536 57.4414
349.29 175.552 57.4317
333.636 171.276 33.1928
342.723 206.179 59.6859
365.81 213.607 75.8532
374.853 182.612 75.8273
351.451 176.195 59.6762
368.628 214.447 77.0578
395.851 223.22 82.6643
405.258 191.009 82.6391
377.671 183.452 77.0319
398.898 224.123 82.6526
426.14 232.84 76.9465
435.924 199.36 76.9324
408.305 191.912 82.6274
428.963 233.658 75.7274
452.241 240.902 59.5703
462.366 206.239 59.5736
438.747 200.177 75.7133
454.41 241.515 57.3272
470.011 246.325 33.0978
480.363 210.86 33.1072
464.535 206.851 57.3305
471.186 246.654 30.1666
476.669 248.346 1.53877
487.099 212.606 1.55031
481.538 211.19 30.176
476.67 248.346 -1.63513
471.19 246.647 -30.2635
481.544 211.185 -30.2502
487.099 212.605 -1.62359
470.016 246.316 -33.1947
454.419 241.492 -57.4233
464.546 206.832 -57.4052
480.37 210.854 -33.1814
452.25 240.878 -59.6662
428.978 233.61 -75.8183
438.763 200.138 -75.7869
462.377 206.217 -59.648
426.156 232.791 -77.037
398.917 224.068 -82.7387
408.321 191.866 -82.6981
435.94 199.319 -77.0057
395.871 223.166 -82.7502
368.646 214.403 -77.1437
377.685 183.412 -77.1014
405.274 190.963 -82.7095
365.827 213.564 -75.9393
342.735 206.143 -59.7759
351.46 176.163 -59.7502
374.867 182.573 -75.897
340.572 205.501 -57.5284
325.109 200.553 -33.2187
333.613 171.25 -33.2069
349.297 175.521 -57.5027
323.936 200.207 -30.2709
318.522 198.487 -1.5951
326.946 169.419 -1.58718
332.44 170.904 -30.2591
327.813 166.152 1.60444
333.329 167.659 30.2501
340.477 137.886 30.2482
334.893 136.617 1.61202
334.516 167.956 33.1916
350.171 172.232 57.4305
357.503 141.805 57.409
341.665 138.184 33.1898
352.359 172.783 59.673
375.76 179.201 75.824
383.348 147.808 75.781
359.691 142.355 59.6515
378.613 179.919 77.0281
406.2 187.476 82.6353
414.081 154.91 82.5994
386.2 148.526 76.985
409.285 188.241 82.6246
436.904 195.689 76.9296
445.107 161.828 76.9053
417.166 155.675 82.5887
439.764 196.368 75.7119
463.383 202.429 59.5722
471.873 167.32 59.5688
447.967 162.507 75.6876
465.58 202.93 57.3308
481.408 206.938 33.1074
490.077 171.004 33.1106
474.07 167.82 57.3274
482.598 207.208 30.1769
488.16 208.624 1.55125
496.888 172.41 1.56054
491.267 171.273 30.1801
488.16 208.624 -1.62222
482.605 207.203 -30.2488
491.276 171.272 -30.234
496.889 172.41 -1.61293
481.416 206.932 -33.1794
465.592 202.91 -57.4032
474.083 167.805 -57.3834
490.087 171.001 -33.1647
463.395 202.409 -59.6447
439.78 196.329 -75.7836
447.984 162.473 -75.7435
471.887 167.304 -59.6248
436.92 195.649 -77.0011
409.301 188.196 -82.6935
417.183 155.638 -82.6423
445.124 161.793 -76.961
406.216 187.431 -82.704
378.627 179.88 -77.096
386.215 148.494 -77.0377
414.098 154.872 -82.6528
375.774 179.162 -75.892
352.367 172.752 -59.7452
359.701 142.333 -59.7078
383.363 147.777 -75.8338
350.178 172.202 -57.4998
334.493 167.931 -33.204
341.642 138.168 -33.1865
357.511 141.783 -57.4624
333.305 167.635 -30.2577
327.812 166.151 -1.5858
334.892 136.616 -1.57823
340.454 137.872 -30.2402
335.613 133.3 1.61132
341.197 134.569 30.2475
347.061 104.393 30.2141
341.436 103.361 1.61787
342.395 134.818 33.1857
358.234 138.439 57.4049
364.213 107.635 57.3321
348.259 104.642 33.1523
360.441 138.902 59.6441
384.098 144.355 75.7736
390.237 112.656 75.67
366.421 108.098 59.5713
386.975 144.958 76.9772
414.856 151.342 82.5915
421.179 118.549 82.5005
393.114 113.259 76.8736
417.973 151.97 82.5826
445.913 158.122 76.8992
452.495 123.954 76.8373
424.296 119.177 82.4915
448.802 158.656 75.6838
472.708 163.469 59.565
479.481 127.971 59.5336
455.384 124.488 75.6219
474.925 163.851 57.3259
490.933 167.035 33.1091
497.801 130.688 33.0878
481.698 128.353 57.2944
492.133 167.242 30.18
497.754 168.379 1.56049
504.649 131.749 1.56608
499.001 130.896 30.1588
497.754 168.379 -1.61124
492.142 167.241 -30.2323
499.013 130.899 -30.2005
504.65 131.749 -1.60565
490.943 167.033 -33.1616
474.939 163.837 -57.3803
481.717 128.344 -57.3389
497.814 130.691 -33.1298
472.722 163.453 -59.6196
448.82 158.623 -75.7382
455.406 124.459 -75.6647
479.501 127.96 -59.5781
445.931 158.088 -76.9534
417.99 151.933 -82.6346
424.316 119.146 -82.5308
452.517 123.924 -76.8798
414.873 151.305 -82.6434
386.99 144.926 -77.0283
393.133 113.236 -76.9109
421.199 118.518 -82.5395
384.113 144.324 -75.8248
360.451 138.88 -59.6988
366.435 108.089 -59.6105
390.256 112.633 -75.7074
358.242 138.418 -57.4566
342.373 134.803 -33.1807
348.241 104.641 -33.1328
364.226 107.627 -57.3683
341.174 134.555 -30.2378
335.612 133.3 -1.57585
341.435 103.36 -1.5693
347.042 104.393 -30.19
342.04 100.011 1.61077
347.665 101.043 30.207
352.693 70.6371 29.9818
347.097 69.8358 1.61446
348.865 101.245 33.1312
364.819 104.238 57.3111
369.775 73.2341 56.9066
353.893 70.8385 32.906
367.028 104.619 59.5404
390.845 109.177 75.6391
395.699 77.3486 75.1321
371.984 73.6151 59.1359
393.724 109.676 76.8387
421.788 114.966 82.4655
426.523 82.1992 81.9239
398.578 77.8475 76.3317
424.919 115.454 82.4607
453.119 120.231 76.8065
457.829 85.7924 76.41
429.654 82.687 81.9191
456.014 120.602 75.5985
480.111 124.085 59.5101
484.699 88.2009 59.1721
460.724 86.1635 75.202
482.33 124.342 57.2779
498.432 126.677 33.0713
502.938 89.9252 32.8668
486.918 88.4581 56.94
499.632 126.821 30.1525
505.281 127.675 1.5598
509.762 90.6383 1.5514
504.138 90.0696 29.948
505.282 127.675 -1.59943
499.645 126.825 -30.1943
504.15 90.0788 -29.9976
509.762 90.6388 -1.60782
498.446 126.681 -33.1125
482.349 124.334 -57.3216
486.949 88.4566 -56.9672
502.951 89.9344 -32.9158
480.131 124.075 -59.5531
456.036 120.574 -75.6397
460.755 86.1392 -75.2259
484.731 88.1973 -59.1987
453.141 120.202 -76.8474
424.941 115.423 -82.4984
429.683 82.6629 -81.9422
457.86 85.767 -76.4336
421.81 114.936 -82.503
393.744 109.653 -76.8745
398.605 77.8344 -76.3545
426.552 82.1757 -81.9468
390.864 109.156 -75.6748
367.043 104.612 -59.5779
372.01 73.6227 -59.1567
395.726 77.3369 -75.1549
364.832 104.232 -57.3457
348.847 101.246 -33.1102
353.886 70.8583 -32.8735
369.799 73.2431 -56.9245
347.646 101.044 -30.1815
342.04 100.011 -1.56086
347.096 69.8363 -1.55718
352.685 70.6568 -29.9449
347.772 66.5244 1.57007
353.368 67.3257 29.9374
360.423 37.7037 28.6387
355.092 36.9724 1.56921
354.534 67.4954 32.7823
370.417 69.891 56.783
376.716 40.0455 54.407
361.589 37.8734 31.4836
372.568 70.2138 58.9578
396.282 73.9472 74.9539
401.479 43.6668 71.905
378.867 40.3683 56.5817
399.089 74.3685 76.1282
427.035 78.7202 81.7205
430.978 47.8473 78.4675
404.286 44.0881 73.0793
430.072 79.1195 81.7238
458.247 82.225 76.2147
460.807 51.4252 73.1349
434.015 48.2467 78.4708
461.07 82.5207 75.0436
485.044 84.5581 59.0137
486.352 54.0437 56.5964
463.63 51.7209 71.9638
487.213 84.763 56.8327
503.233 86.2301 32.7596
503.738 55.8059 31.4331
488.521 54.2486 54.4154
504.407 86.3452 29.9089
510.031 86.9139 1.51228
510.255 56.4678 1.50356
504.912 55.9211 28.5823
510.031 86.9133 -1.57064
504.419 86.3534 -29.9604
504.912 55.8849 -28.6384
510.256 56.4672 -1.57936
503.247 86.2375 -32.8078
487.245 84.7597 -56.8592
488.554 54.2123 -54.4203
503.74 55.769 -31.4858
485.078 84.554 -59.038
461.102 82.4959 -75.0652
463.665 51.6996 -71.9696
486.387 54.0066 -56.5992
458.279 82.2002 -76.2366
430.102 79.0961 -81.7452
434.049 48.2315 -78.4807
460.841 51.404 -73.1411
427.065 78.6976 -81.7421
399.117 74.3564 -76.1498
404.316 44.0877 -73.0935
431.012 47.8331 -78.4776
396.31 73.9373 -74.9757
372.593 70.2231 -58.9776
378.889 40.4055 -56.5998
401.508 43.6687 -71.9195
370.44 69.9023 -56.8
354.527 67.5175 -32.749
361.576 37.9194 -31.4522
376.736 40.0847 -54.4223
353.36 67.3466 -29.8999
347.772 66.5261 -1.51225
355.091 36.9741 -1.51311
360.409 37.7485 -28.6031
355.94 33.74 1.48388
361.271 34.4712 28.5533
369.233 5.70753 26.7703
364.237 5.05992 1.47647
362.373 34.6237 31.2416
377.501 36.7959 54.165
384.506 7.79352 50.8706
370.335 5.86001 29.4585
379.534 37.0823 56.2205
402.145 40.3808 71.5438
407.717 10.9715 67.2143
386.539 8.07996 52.9262
404.798 40.7495 72.6545
431.49 44.5088 78.0427
435.34 14.6494 73.327
410.371 11.3402 68.325
434.361 44.8779 78.0433
461.153 48.0564 72.7074
463.204 18.0589 68.304
438.211 15.0185 73.3276
463.81 48.3612 71.596
486.532 50.684 56.2285
487.033 20.7877 52.8586
465.862 18.3637 67.1926
488.57 50.9045 54.1685
503.787 52.4619 31.1861
503.223 22.622 29.3643
489.071 21.0082 50.7985
504.891 52.5802 28.4957
510.235 53.1269 1.41697
509.29 23.2742 1.4315
504.327 22.7403 26.674
510.234 53.1239 -1.49178
504.891 52.5416 -28.5508
504.324 22.6681 -26.7044
509.29 23.2712 -1.47725
503.789 52.4205 -31.2374
488.602 50.8638 -54.1719
489.093 20.9431 -50.793
503.222 22.547 -29.391
486.566 50.6455 -56.23
463.844 48.3386 -71.6005
465.884 18.3467 -67.1944
487.056 20.7248 -52.8511
461.186 48.0358 -72.7126
434.394 44.8634 -78.0522
438.233 15.0095 -73.3319
463.227 18.044 -68.3065
431.523 44.4954 -78.052
404.827 40.75 -72.6679
410.389 11.3444 -68.3327
435.361 14.6415 -73.3317
402.174 40.3844 -71.5579
379.554 37.1213 -56.2382
386.544 8.13916 -52.9428
407.736 10.9788 -67.2226
377.519 36.8379 -54.1806
362.359 34.6726 -31.2106
370.312 5.9326 -29.4392
384.509 7.85577 -50.8852
361.257 34.5174 -28.5186
355.939 33.7431 -1.42859
364.236 5.06302 -1.436
369.209 5.77741 -26.7472
365.252 2.14349 1.34712
370.248 2.7911 26.6409
380.271 -21.2247 23.7807
375.849 -21.8462 1.32896
371.255 2.92857 29.095
385.426 4.86208 50.5071
393.877 -19.3282 45.2651
381.279 -21.0872 26.2348
387.286 5.11534 52.3832
408.465 8.00684 66.6713
414.622 -16.5483 59.8104
395.738 -19.0749 47.1412
410.892 8.33148 67.6822
435.862 11.6407 72.6842
439.286 -13.2768 65.2115
417.049 -16.2237 60.8213
438.485 11.9807 72.6807
463.478 15.0211 67.6571
464.092 -10.0076 60.6827
441.909 -12.9369 65.208
465.901 15.3236 66.6411
487.073 17.7476 52.3071
485.276 -7.23178 46.947
466.515 -9.70501 59.6667
488.928 17.9758 50.4305
503.08 19.5896 28.9963
499.644 -5.35581 26.1068
487.132 -7.00364 45.0704
504.084 19.7115 26.5468
509.047 20.2453 1.30438
505.037 -4.65629 1.32469
500.648 -5.23392 23.6574
509.047 20.2432 -1.34551
504.081 19.6401 -26.5727
500.647 -5.23689 -23.6578
505.037 -4.65842 -1.32519
503.077 19.5161 -29.0217
488.948 17.9122 -50.4237
487.131 -7.00867 -45.0706
499.644 -5.36087 -26.1068
487.093 17.6861 -52.2999
465.921 15.308 -66.6432
466.515 -9.70773 -59.6667
485.276 -7.23472 -46.9468
463.499 15.007 -67.6592
438.504 11.9725 -72.6847
441.91 -12.938 -65.208
464.093 -10.0088 -60.6827
435.881 11.6331 -72.6883
410.91 8.33597 -67.6892
417.05 -16.2241 -60.8215
439.287 -13.2774 -65.2116
408.481 8.01309 -66.6783
387.29 5.17344 -52.3985
395.738 -19.0733 -47.1414
414.622 -16.547 -59.8105
385.428 4.92254 -50.522
371.231 2.99936 -29.0759
381.278 -21.0832 -26.2346
393.877 -19.3242 -45.2649
370.224 2.85997 -26.6213
365.251 2.14558 -1.31013
375.848 -21.8441 -1.32829
380.271 -21.2226 -23.78
-293.484 715.647 25.358
-294.682 710.648 -0.401046
-293.443 715.617 -26.1631
-289.962 729.789 -47.9847
-284.759 750.99 -62.5286
-278.71 775.986 -67.6031
-272.927 801.041 -62.5127
-268.251 822.394 -48.0075
-265.187 836.716 -26.2176
-264.128 841.766 -0.463276
-265.227 836.757 25.2967
-268.303 822.456 47.0984
-272.98 801.117 61.621
-278.763 776.066 66.7351
-284.805 751.064 61.6843
-290.008 729.847 47.1648
382.635 -22.3863 1.76393e-05
387.057 -21.7648 22.4517
399.656 -20.0058 41.4821
418.54 -17.4792 54.1513
440.777 -14.5323 58.5415
462.96 -11.603 54.0162
481.721 -9.1298 41.2965
494.234 -7.48197 22.3329
498.623 -6.90434 0.000247942
494.233 -7.48281 -22.3323
481.721 -9.13061 -41.2962
462.96 -11.6036 -54.016
440.777 -14.5328 -58.5413
418.54 -17.4795 -54.1511
399.656 -20.0059 -41.482
387.057 -21.7648 -22.4517
</DataArray>
</Points>
<Cells>
<DataArray type="Int32" Name="connectivity" format="ascii">
0 1 2 3 
4 5 6 7 
8 9 10 11 
12 13 14 15 
16 17 18 19 
20 21 22 23 
24 25 26 27 
28 29 30 31 
32 33 34 35 
36 37 38 39 
40 41 42 43 
44 45 46 47 
48 49 50 51 
52 53 54 55 
56 57 58 59 
60 61 62 63 
64 65 66 67 
68 69 70 71 
72 73 74 75 
76 77 78 79 
80 81 82 83 
84 85 86 87 
88 89 90 91 
92 93 94 95 
96 97 98 99 
100 101 102 103 
104 105 106 107 
108 109 110 111 
112 113 114 115 
116 117 118 119 
120 121 122 123 
124 125 126 127 
128 129 130 131 
132 133 134 135 
136 137 138 139 
140 141 142 143 
144 145 146 147 
148 149 150 151 
152 153 154 155 
156 157 158 159 
160 161 162 163 
164 165 166 167 
168 169 170 171 
172 173 174 175 
176 177 178 179 
180 181 182 183 
184 185 186 187 
188 189 190 191 
192 193 194 195 
196 197 198 199 
200 201 202 203 
204 205 206 207 
208 209 210 211 
212 213 214 215 
216 217 218 219 
220 221 222 223 
224 225 226 227 
228 229 230 231 
232 233 234 235 
236 237 238 239 
240 241 242 243 
244 245 246 247 
248 249 250 251 
252 253 254 255 
256 257 258 259 
260 261 262 263 
264 265 266 267 
268 269 270 271 
272 273 274 275 
276 277 278 279 
280 281 282 283 
284 285 286 287 
288 289 290 291 
292 293 294 295 
296 297 298 299 
300 301 302 303 
304 305 306 307 
308 309 310 311 
312 313 314 315 
316 317 318 319 
320 321 322 323 
324 325 326 327 
328 329 330 331 
332 333 334 335 
336 337 338 339 
340 341 342 343 
344 345 346 347 
348 349 350 351 
352 353 354 355 
356 357 358 359 
360 361 362 363 
364 365 366 367 
368 369 370 371 
372 373 374 375 
376 377 378 379 
380 381 382 383 
384 385 386 387 
388 389 390 391 
392 393 394 395 
396 397 398 399 
400 401 402 403 
404 405 406 407 
408 409 410 411 
412 413 414 415 
416 417 418 419 
420 421 422 423 
424 425 426 427 
428 429 430 431 
432 433 434 435 
436 437 438 439 
440 441 442 443 
444 445 446 447 
448 449 450 451 
452 453 454 455 
456 457 458 459 
460 461 462 463 
464 465 466 467 
468 469 470 471 
472 473 474 475 
476 477 478 479 
480 481 482 483 
484 485 486 487 
488 489 490 491 
492 493 494 495 
496 497 498 499 
500 501 502 503 
504 505 506 507 
508 509 510 511 
512 513 514 515 
516 517 518 519 
520 521 522 523 
524 525 526 527 
528 529 530 531 
532 533 534 535 
536 537 538 539 
540 541 542 543 
544 545 546 547 
548 549 550 551 
552 553 554 555 
556 557 558 559 
560 561 562 563 
564 565 566 567 
568 569 570 571 
572 573 574 575 
576 577 578 579 
580 581 582 583 
584 585 586 587 
588 589 590 591 
592 593 594 595 
596 597 598 599 
600 601 602 603 
604 605 606 607 
608 609 610 611 
612 613 614 615 
616 617 618 619 
620 621 622 623 
624 625 626 627 
628 629 630 631 
632 633 634 635 
636 637 638 639 
640 641 642 643 
644 645 646 647 
648 649 650 651 
652 653 654 655 
656 657 658 659 
660 661 662 663 
664 665 666 667 
668 669 670 671 
672 673 674 675 
676 677 678 679 
680 681 682 683 
684 685 686 687 
688 689 690 691 
692 693 694 695 
696 697 698 699 
700 701 702 703 
704 705 706 707 
708 709 710 711 
712 713 714 715 
716 717 718 719 
720 721 722 723 
724 725 726 727 
728 729 730 731 
732 733 734 735 
736 737 738 739 
740 741 742 743 
744 745 746 747 
748 749 750 751 
752 753 754 755 
756 757 758 759 
760 761 762 763 
764 765 766 767 
768 769 770 771 
772 773 774 775 
776 777 778 779 
780 781 782 783 
784 785 786 787 
788 789 790 791 
792 793 794 795 
796 797 798 799 
800 801 802 803 
804 805 806 807 
808 809 810 811 
812 813 814 815 
816 817 818 819 
820 821 822 823 
824 825 826 827 
828 829 830 831 
832 833 834 835 
836 837 838 839 
840 841 842 843 
844 845 846 847 
848 849 850 851 
852 853 854 855 
856 857 858 859 
860 861 862 863 
864 865 866 867 
868 869 870 871 
872 873 874 875 
876 877 878 879 
880 881 882 883 
884 885 886 887 
888 889 890 891 
892 893 894 895 
896 897 898 899 
900 901 902 903 
904 905 906 907 
908 909 910 911 
912 913 914 915 
916 917 918 919 
920 921 922 923 
924 925 926 927 
928 929 930 931 
932 933 934 935 
936 937 938 939 
940 941 942 943 
944 945 946 947 
948 949 950 951 
952 953 954 955 
956 957 958 959 
960 961 962 963 
964 965 966 967 
968 969 970 971 
972 973 974 975 
976 977 978 979 
980 981 982 983 
984 985 986 987 
988 989 990 991 
992 993 994 995 
996 997 998 999 
1000 1001 1002 1003 
1004 1005 1006 1007 
1008 1009 1010 1011 
1012 1013 1014 1015 
1016 1017 1018 1019 
1020 1021 1022 1023 
1024 1025 1026 1027 
1028 1029 1030 1031 
1032 1033 1034 1035 
1036 1037 1038 1039 
1040 1041 1042 1043 
1044 1045 1046 1047 
1048 1049 1050 1051 
1052 1053 1054 1055 
1056 1057 1058 1059 
1060 1061 1062 1063 
1064 1065 1066 1067 
1068 1069 1070 1071 
1072 1073 1074 1075 
1076 1077 1078 1079 
1080 1081 1082 1083 
1084 1085 1086 1087 
1088 1089 1090 1091 
1092 1093 1094 1095 
1096 1097 1098 1099 
1100 1101 1102 1103 
1104 1105 1106 1107 
1108 1109 1110 1111 
1112 1113 1114 1115 
1116 1117 1118 1119 
1120 1121 1122 1123 
1124 1125 1126 1127 
1128 1129 1130 1131 
1132 1133 1134 1135 
1136 1137 1138 1139 
1140 1141 1142 1143 
1144 1145 1146 1147 
1148 1149 1150 1151 
1152 1153 1154 1155 
1156 1157 1158 1159 
1160 1161 1162 1163 
1164 1165 1166 1167 
1168 1169 1170 1171 
1172 1173 1174 1175 
1176 1177 1178 1179 
1180 1181 1182 1183 
1184 1185 1186 1187 
1188 1189 1190 1191 
1192 1193 1194 1195 
1196 1197 1198 1199 
1200 1201 1202 1203 
1204 1205 1206 1207 
1208 1209 1210 1211 
1212 1213 1214 1215 
1216 1217 1218 1219 
1220 1221 1222 1223 
1224 1225 1226 1227 
1228 1229 1230 1231 
1232 1233 1234 1235 
1236 1237 1238 1239 
1240 1241 1242 1243 
1244 1245 1246 1247 
1248 1249 1250 1251 
1252 1253 1254 1255 
1256 1257 1258 1259 
1260 1261 1262 1263 
1264 1265 1266 1267 
1268 1269 1270 1271 
1272 1273 1274 1275 
1276 1277 1278 1279 
1280 1281 1282 1283 
1284 1285 1286 1287 
1288 1289 1290 1291 
1292 1293 1294 1295 
1296 1297 1298 1299 
1300 1301 1302 1303 
1304 1305 1306 1307 
1308 1309 1310 1311 
1312 1313 1314 1315 
1316 1317 1318 1319 
1320 1321 1322 1323 
1324 1325 1326 1327 
1328 1329 1330 1331 
1332 1333 1334 1335 
1336 1337 1338 1339 
1340 1341 1342 1343 
1344 1345 1346 1347 
1348 1349 1350 1351 
1352 1353 1354 1355 
1356 1357 1358 1359 
1360 1361 1362 1363 
1364 1365 1366 1367 
1368 1369 1370 1371 
1372 1373 1374 1375 
1376 1377 1378 1379 
1380 1381 1382 1383 
1384 1385 1386 1387 
1388 1389 1390 1391 
1392 1393 1394 1395 
1396 1397 1398 1399 
1400 1401 1402 1403 
1404 1405 1406 1407 
1408 1409 1410 1411 
1412 1413 1414 1415 
1416 1417 1418 1419 
1420 1421 1422 1423 
1424 1425 1426 1427 
1428 1429 1430 1431 
1432 1433 1434 1435 
1436 1437 1438 1439 
1440 1441 1442 1443 
1444 1445 1446 1447 
1448 1449 1450 1451 
1452 1453 1454 1455 
1456 1457 1458 1459 
1460 1461 1462 1463 
1464 1465 1466 1467 
1468 1469 1470 1471 
1472 1473 1474 1475 
1476 1477 1478 1479 
1480 1481 1482 1483 
1484 1485 1486 1487 
1488 1489 1490 1491 
1492 1493 1494 1495 
1496 1497 1498 1499 
1500 1501 1502 1503 
1504 1505 1506 1507 
1508 1509 1510 1511 
1512 1513 1514 1515 
1516 1517 1518 1519 
1520 1521 1522 1523 
1524 1525 1526 1527 
1528 1529 1530 1531 
1532 1533 1534 1535 
1536 1537 1538 1539 
1540 1541 1542 1543 
1544 1545 1546 1547 
1548 1549 1550 1551 
1552 1553 1554 1555 
1556 1557 1558 1559 
1560 1561 1562 1563 
1564 1565 1566 1567 
1568 1569 1570 1571 
1572 1573 1574 1575 
1576 1577 1578 1579 
1580 1581 1582 1583 
1584 1585 1586 1587 
1588 1589 1590 1591 
1592 1593 1594 1595 
1596 1597 1598 1599 
1600 1601 1602 1603 
1604 1605 1606 1607 
1608 1609 1610 1611 
1612 1613 1614 1615 
1616 1617 1618 1619 
1620 1621 1622 1623 
1624 1625 1626 1627 
1628 1629 1630 1631 
1632 1633 1634 1635 
1636 1637 1638 1639 
1640 1641 1642 1643 
1644 1645 1646 1647 
1648 1649 1650 1651 
1652 1653 1654 1655 
1656 1657 1658 1659 
1660 1661 1662 1663 
1664 1665 1666 1667 
1668 1669 1670 1671 
1672 1673 1674 1675 
1676 1677 1678 1679 
1680 1681 1682 1683 
1684 1685 1686 1687 
1688 1689 1690 1691 
1692 1693 1694 1695 
1696 1697 1698 1699 
1700 1701 1702 1703 
1704 1705 1706 1707 
1708 1709 1710 1711 
1712 1713 1714 1715 
1716 1717 1718 1719 
1720 1721 1722 1723 
1724 1725 1726 1727 
1728 1729 1730 1731 
1732 1733 1734 1735 
1736 1737 1738 1739 
1740 1741 1742 1743 
1744 1745 1746 1747 
1748 1749 1750 1751 
1752 1753 1754 1755 
1756 1757 1758 1759 
1760 1761 1762 1763 
1764 1765 1766 1767 
1768 1769 1770 1771 
1772 1773 1774 1775 
1776 1777 1778 1779 
1780 1781 1782 1783 
1784 1785 1786 1787 
1788 1789 1790 1791 
1792 1793 1794 1795 
1796 1797 1798 1799 
1800 1801 1802 1803 
1804 1805 1806 1807 
1808 1809 1810 1811 
1812 1813 1814 1815 
1816 1817 1818 1819 
1820 1821 1822 1823 
1824 1825 1826 1827 
1828 1829 1830 1831 
1832 1833 1834 1835 
1836 1837 1838 1839 
1840 1841 1842 1843 
1844 1845 1846 1847 
1848 1849 1850 1851 
1852 1853 1854 1855 
1856 1857 1858 1859 
1860 1861 1862 1863 
1864 1865 1866 1867 
1868 1869 1870 1871 
1872 1873 1874 1875 
1876 1877 1878 1879 
1880 1881 1882 1883 
1884 1885 1886 1887 
1888 1889 1890 1891 
1892 1893 1894 1895 
1896 1897 1898 1899 
1900 1901 1902 1903 
1904 1905 1906 1907 
1908 1909 1910 1911 
1912 1913 1914 1915 
1916 1917 1918 1919 
1920 1921 1922 1923 
1924 1925 1926 1927 
1928 1929 1930 1931 
1932 1933 1934 1935 
1936 1937 1938 1939 
1940 1941 1942 1943 
1944 1945 1946 1947 
1948 1949 1950 1951 
1952 1953 1954 1955 
1956 1957 1958 1959 
1960 1961 1962 1963 
1964 1965 1966 1967 
1968 1969 1970 1971 
1972 1973 1974 1975 
1976 1977 1978 1979 
1980 1981 1982 1983 
1984 1985 1986 1987 
1988 1989 1990 1991 
1992 1993 1994 1995 
1996 1997 1998 1999 
2000 2001 2002 2003 
2004 2005 2006 2007 
2008 2009 2010 2011 
2012 2013 2014 2015 
2016 2017 2018 2019 
2020 2021 2022 2023 
2024 2025 2026 2027 
2028 2029 2030 2031 
2032 2033 2034 2035 
2036 2037 2038 2039 
2040 2041 2042 2043 
2044 2045 2046 2047 
2048 2049 2050 2051 2052 2053 2054 2055 2056 2057 2058 2059 2060 2061 2062 2063 
2064 2065 2066 2067 2068 2069 2070 2071 2072 2073 2074 2075 2076 2077 2078 2079 
</DataArray>
<DataArray type="Int32" Name="offsets" format="ascii">
4 8 12 16 20 24 28 32 36 40 44 48 52 56 60 64 68 72 76 80 84 88 92 96 100 104 108 112 116 120 124 128 132 136 140 144 148 152 156 160 164 168 172 176 180 184 188 192 196 200 204 208 212 216 220 224 228 232 236 240 244 248 252 256 260 264 268 272 276 280 284 288 292 296 300 304 308 312 316 320 324 328 332 336 340 344 348 352 356 360 364 368 372 376 380 384 388 392 396 400 404 408 412 416 420 424 428 432 436 440 444 448 452 456 460 464 468 472 476 480 484 488 492 496 500 504 508 512 516 520 524 528 532 536 540 544 548 552 556 560 564 568 572 576 580 584 588 592 596 600 604 608 612 616 620 624 628 632 636 640 644 648 652 656 660 664 668 672 676 680 684 688 692 696 700 704 708 712 716 720 724 728 732 736 740 744 748 752 756 760 764 768 772 776 780 784 788 792 796 800 804 808 812 816 820 824 828 832 836 840 844 848 852 856 860 864 868 872 876 880 884 888 892 896 900 904 908 912 916 920 924 928 932 936 940 944 948 952 956 960 964 968 972 976 980 984 988 992 996 1000 1004 1008 1012 1016 1020 1024 1028 1032 1036 1040 1044 1048 1052 1056 1060 1064 1068 1072 1076 1080 1084 1088 1092 1096 1100 1104 1108 1112 1116 1120 1124 1128 1132 1136 1140 1144 1148 1152 1156 1160 1164 1168 1172 1176 1180 1184 1188 1192 1196 1200 1204 1208 1212 1216 1220 1224 1228 1232 1236 1240 1244 1248 1252 1256 1260 1264 1268 1272 1276 1280 1284 1288 1292 1296 1300 1304 1308 1312 1316 1320 1324 1328 1332 1336 1340 1344 1348 1352 1356 1360 1364 1368 1372 1376 1380 1384 1388 1392 1396 1400 1404 1408 1412 1416 1420 1424 1428 1432 1436 1440 1444 1448 1452 1456 1460 1464 1468 1472 1476 1480 1484 1488 1492 1496 1500 1504 1508 1512 1516 1520 1524 1528 1532 1536 1540 1544 1548 1552 1556 1560 1564 1568 1572 1576 1580 1584 1588 1592 1596 1600 1604 1608 1612 1616 1620 1624 1628 1632 1636 1640 1644 1648 1652 1656 1660 1664 1668 1672 1676 1680 1684 1688 1692 1696 1700 1704 1708 1712 1716 1720 1724 1728 1732 1736 1740 1744 1748 1752 1756 1760 1764 1768 1772 1776 1780 1784 1788 1792 1796 1800 1804 1808 1812 1816 1820 1824 1828 1832 1836 1840 1844 1848 1852 1856 1860 1864 1868 1872 1876 1880 1884 1888 1892 1896 1900 1904 1908 1912 1916 1920 1924 1928 1932 1936 1940 1944 1948 1952 1956 1960 1964 1968 1972 1976 1980 1984 1988 1992 1996 2000 2004 2008 2012 2016 2020 2024 2028 2032 2036 2040 2044 2048 2064 2080 
</DataArray>
<DataArray type="UInt8" Name="types" format="ascii">
7 7 7 7 7 7 7 7 7 7 7 7 7 7 7 7 7 7 7 7 7 7 7 7 7 7 7 7 7 7 7 7 7 7 7 7 7 7 7 7 7 7 7 7 7 7 7 7 7 7 7 7 7 7 7 7 7 7 7 7 7 7 7 7 7 7 7 7 7 7 7 7 7 7 7 7 7 7 7 7 7 7 7 7 7 7 7 7 7 7 7 7 7 7 7 7 7 7 7 7 7 7 7 7 7 7 7 7 7 7 7 7 7 7 7 7 7 7 7 7 7 7 7 7 7 7 7 7 7 7 7 7 7 7 7 7 7 7 7 7 7 7 7 7 7 7 7 7 7 7 7 7 7 7 7 7 7 7 7 7 7 7 7 7 7 7 7 7 7 7 7 7 7 7 7 7 7 7 7 7 7 7 7 7 7 7 7 7 7 7 7 7 7 7 7 7 7 7 7 7 7 7 7 7 7 7 7 7 7 7 7 7 7 7 7 7 7 7 7 7 7 7 7 7 7 7 7 7 7 7 7 7 7 7 7 7 7 7 7 7 7 7 7 7 7 7 7 7 7 7 7 7 7 7 7 7 7 7 7 7 7 7 7 7 7 7 7 7 7 7 7 7 7 7 7 7 7 7 7 7 7 7 7 7 7 7 7 7 7 7 7 7 7 7 7 7 7 7 7 7 7 7 7 7 7 7 7 7 7 7 7 7 7 7 7 7 7 7 7 7 7 7 7 7 7 7 7 7 7 7 7 7 7 7 7 7 7 7 7 7 7 7 7 7 7 7 7 7 7 7 7 7 7 7 7 7 7 7 7 7 7 7 7 7 7 7 7 7 7 7 7 7 7 7 7 7 7 7 7 7 7 7 7 7 7 7 7 7 7 7 7 7 7 7 7 7 7 7 7 7 7 7 7 7 7 7 7 7 7 7 7 7 7 7 7 7 7 7 7 7 7 7 7 7 7 7 7 7 7 7 7 7 7 7 7 7 7 7 7 7 7 7 7 7 7 7 7 7 7 7 7 7 7 7 7 7 7 7 7 7 7 7 7 7 7 7 7 7 7 7 7 7 7 7 7 7 7 7 7 7 7 7 7 7 7 7 7 7 7 7 7 7 7 7 7 7 7 7 7 7 7 7 7 7 7 7 7 7 7 7 7 7 7 7 
</DataArray>
</Cells>
<CellData Scalars="cell variable 4" Vectors="cell vector">
<DataArray type="Float64" NumberOfComponents="3" Name="cell vector" format="ascii">
0.135293 0.149283 0.979495
0.396855 0.403917 0.824231
0.556011 0.604947 0.569992
0.51153 0.824219 0.2429
-0.0661267 0.968485 -0.240135
-0.160724 0.802053 -0.575221
0.100821 -0.543604 0.833265
0.0327166 -0.192776 0.980697
-0.0229006 0.193534 0.980826
-0.0973216 0.544574 0.833047
-0.162324 0.802311 0.574411
-0.0676466 0.96853 0.23953
0.510976 0.82447 -0.243215
0.546761 0.612076 -0.571328
-0.368508 -0.420731 0.828967
-0.143143 -0.144881 0.97904
0.0628876 0.185541 0.980622
0.18108 0.526303 0.830792
0.261652 0.789191 0.555623
0.265313 0.944087 0.195727
0.163519 0.966898 -0.19588
0.126032 0.821212 -0.556531
-0.0909935 -0.548122 0.831434
-0.0328261 -0.192284 0.98079
0.0340292 0.192902 0.980628
0.09045 0.548916 0.830969
0.124573 0.821883 0.555868
0.16223 0.967255 0.195191
0.263691 0.944414 -0.196341
0.260227 0.789177 -0.556311
-0.18048 -0.525688 0.831312
-0.0654842 -0.183969 0.980748
0.0613195 0.186295 0.980578
0.175941 0.528596 0.83044
0.258791 0.791048 0.55432
0.27387 0.941865 0.19464
0.131443 0.972287 -0.19334
0.136881 0.82078 -0.554602
-0.102247 -0.546864 0.830955
-0.0373128 -0.19166 0.980752
0.0374508 0.192479 0.980586
0.101953 0.547588 0.830514
0.136377 0.821295 0.553963
0.130588 0.972566 0.192516
0.272822 0.942018 -0.19537
0.25841 0.790748 -0.554926
-0.175834 -0.527895 0.830909
-0.0626543 -0.184952 0.980748
0.0636078 0.185604 0.980564
0.183208 0.526427 0.830247
0.274211 0.786401 0.553518
0.303279 0.932887 0.194277
-0.0417463 0.981559 -0.186544
0.946954 -0.316661 0.0548028
0.968769 -0.247343 0.0175371
0.971607 -0.23655 0.00494971
0.971631 -0.236472 -0.00382279
0.968821 -0.247208 -0.0165782
0.94686 -0.317034 -0.0542681
-0.0425967 0.981706 0.185579
0.302555 0.932976 -0.19498
0.274161 0.786038 -0.554058
-0.183117 -0.525756 0.830692
-0.0644379 -0.184281 0.980759
0.0669253 0.184237 0.980601
0.191813 0.522922 0.830518
0.286404 0.781843 0.553799
0.322845 0.926341 0.194072
0.136765 0.971834 -0.191924
0.928754 -0.36649 0.0556866
0.953979 -0.29925 0.0193419
0.957778 -0.287462 0.00527378
0.957786 -0.287449 -0.0043726
0.954014 -0.299195 -0.0184126
0.928723 -0.366682 -0.0549283
0.136186 0.972078 0.191098
0.322413 0.926355 -0.194719
0.286474 0.781468 -0.554293
-0.191892 -0.522217 0.830944
-0.0675884 -0.182902 0.980805
0.0713721 0.182108 0.980685
0.204365 0.517197 0.831109
0.305932 0.773872 0.554551
0.352989 0.915344 0.193762
0.254085 0.947636 -0.193461
0.918363 -0.393256 0.0442616
0.939167 -0.342979 0.0181804
0.943106 -0.332453 0.00514505
0.943112 -0.332448 -0.00427157
0.939197 -0.342943 -0.0172662
0.918319 -0.393443 -0.0435042
0.253443 0.947952 0.19275
0.352701 0.91533 -0.194351
0.306021 0.773509 -0.555008
-0.204538 -0.516458 0.831526
-0.0720038 -0.180739 0.980892
0.0770279 0.179353 0.980765
0.220544 0.509614 0.831657
0.330854 0.763045 0.555246
0.387364 0.901355 0.19367
0.342017 0.919439 -0.194051
0.907976 -0.417832 0.0315542
0.922993 -0.384498 0.0156423
0.92668 -0.375822 0.00471577
0.926686 -0.375818 -0.00384637
0.923025 -0.384458 -0.0147197
0.907946 -0.417956 -0.0307632
0.340866 0.919998 0.193428
0.387099 0.901352 -0.194213
0.330909 0.762712 -0.55567
-0.220777 -0.508847 0.832065
-0.0776753 -0.177924 0.980974
0.0835263 0.176081 0.980826
0.239163 0.500448 0.832078
0.359276 0.749679 0.55579
0.423791 0.884807 0.193696
0.413114 0.889702 -0.194339
0.894761 -0.446029 0.0214731
0.904998 -0.425224 0.0127866
0.908249 -0.418408 0.00416341
0.908256 -0.418403 -0.00328541
0.905035 -0.425173 -0.0118446
0.894751 -0.446089 -0.0206418
0.410984 0.890807 0.19379
0.423476 0.884847 -0.1942
0.359282 0.749385 -0.556182
-0.239439 -0.499652 0.832476
-0.0841915 -0.174576 0.981038
0.0905561 0.172328 0.980868
0.259288 0.489819 0.832375
0.38977 0.733985 0.556188
0.461216 0.865873 0.19376
0.474552 0.858473 -0.194487
0.878107 -0.478244 0.0145244
0.88501 -0.465462 0.010141
0.887772 -0.460269 0.00357267
0.88778 -0.460261 -0.0026837
0.885055 -0.465397 -0.00917597
0.87812 -0.478246 -0.0136561
0.470712 0.860691 0.194013
0.460799 0.865991 -0.194228
0.38972 0.733739 -0.556548
-0.259592 -0.488994 0.832765
-0.0912305 -0.170736 0.981084
0.097863 0.168121 0.980897
0.280226 0.477792 0.832579
0.42137 0.716091 0.556472
0.499047 0.844621 0.193824
0.525481 0.828254 -0.19459
0.858192 -0.51323 0.0100456
0.862959 -0.505212 0.00790589
0.865245 -0.50134 0.00299887
0.865253 -0.50133 -0.00210286
0.863016 -0.50513 -0.00691246
0.858256 -0.513141 -0.00911246
0.519411 0.832168 0.194186
0.498473 0.84486 -0.194259
0.421242 0.715913 -0.556798
-0.280545 -0.476938 0.832961
-0.0985489 -0.166425 0.981117
0.105259 0.163489 0.980914
0.301443 0.464443 0.832721
0.45337 0.696108 0.556677
0.536971 0.821021 0.193874
0.570252 0.79807 -0.194672
0.835315 -0.549723 0.00729721
0.838817 -0.544378 0.00618537
0.840704 -0.541489 0.00247535
0.840711 -0.541482 -0.00161218
0.838896 -0.544267 -0.00515386
0.835528 -0.549412 -0.00620231
0.560226 0.805219 0.194343
0.536107 0.82149 -0.194279
0.453114 0.696043 -0.556966
-0.301774 -0.463558 0.833094
-0.105982 -0.161654 0.98114
0.112593 0.158468 0.980923
0.322528 0.449888 0.832812
0.485248 0.674158 0.556817
0.574829 0.79497 0.193895
0.615962 0.763344 -0.19467
0.809397 -0.58723 0.0061081
0.812621 -0.582772 0.00498046
0.814239 -0.580526 0.00198329
0.814235 -0.580534 -0.0012603
0.812735 -0.58262 -0.00391055
0.810038 -0.58636 -0.00457699
0.598332 0.777292 0.194462
0.573392 0.795912 -0.194281
0.484785 0.674288 -0.557063
-0.322897 -0.448954 0.833173
-0.113405 -0.156445 0.981155
0.119756 0.153105 0.980927
0.343148 0.434291 0.832851
0.516596 0.650391 0.556885
0.612681 0.766185 0.193863
0.667948 0.718355 -0.194453
0.780367 -0.625289 0.00632536
0.784512 -0.6201 0.00400142
0.785934 -0.618308 0.00139801
0.785894 -0.61836 -0.00102985
0.784642 -0.619943 -0.00296086
0.78206 -0.623192 -0.00375085
0.63575 0.746979 0.194537
0.610087 0.768155 -0.194248
0.515923 0.650754 -0.557085
-0.34363 -0.433246 0.833197
-0.120685 -0.150868 0.981159
0.126745 0.147351 0.98093
0.36298 0.417892 0.832833
0.546656 0.625369 0.556849
0.650559 0.734318 0.19378
0.730255 0.655134 -0.193719
0.748682 -0.662889 0.0072344
0.754823 -0.655923 0.00244457
0.755809 -0.654792 0.000584168
0.755683 -0.654938 -0.000686513
0.754717 -0.656048 -0.00182856
0.751784 -0.659401 -0.00322705
0.684489 0.702605 0.194478
0.646261 0.738012 -0.194125
0.546334 0.625513 -0.557004
-0.363749 -0.416593 0.833149
-0.127668 -0.145084 0.981148
0.133708 0.140963 0.980944
0.382045 0.400554 0.832825
0.574185 0.600276 0.556758
0.683902 0.703404 0.193652
0.71899 0.666986 -0.195403
0.720633 -0.693313 0.00234732
0.723364 -0.690466 -0.00103599
0.722643 -0.691222 -0.000159471
0.722372 -0.691504 0.000498587
0.722201 -0.691683 0.000723552
0.720201 -0.693765 -0.000733979
0.967695 0.193177 0.162014
0.68239 0.704862 -0.193686
0.575794 0.598749 -0.556742
-0.383065 -0.39918 0.833017
-0.134218 -0.139255 0.981118
0.140304 0.134306 0.980957
0.40073 0.381905 0.832805
0.602334 0.572184 0.556596
0.715936 0.670834 0.193434
0.718663 0.666981 -0.196622
-0.687051 0.726607 -0.00170387
-0.689545 0.724242 0.00123763
-0.688852 0.724902 0.000131983
-0.688738 0.72501 -0.00106174
-0.688935 0.724822 -0.00163833
-0.686344 0.727276 0.000775447
0.769508 -0.638132 0.0253999
0.716259 0.670601 -0.193046
0.603663 0.571013 -0.556359
-0.401557 -0.380957 0.832841
-0.14063 -0.133024 0.981085
0.146724 0.127346 0.980946
0.418889 0.362073 0.832728
0.629052 0.542861 0.556413
0.743159 0.640613 0.19321
0.741328 0.641563 -0.197054
-0.653377 0.757032 -0.00123752
-0.654605 0.755971 -0.000336258
-0.654657 0.755926 -0.000646206
-0.654883 0.755729 -0.00122975
-0.655265 0.755398 -0.00141556
-0.652278 0.757978 0.00165233
0.74487 0.637546 0.196734
0.745627 0.637861 -0.192802
0.629116 0.543046 -0.556161
-0.419032 -0.361838 0.832758
-0.146772 -0.126268 0.981078
0.152857 0.120208 0.98091
0.436012 0.341525 0.832619
0.65437 0.51222 0.556264
0.769983 0.608177 0.192995
0.770959 0.605635 -0.197051
-0.618408 0.785857 0.000952317
-0.616899 0.787042 -0.000853524
-0.617248 0.786768 -0.0010186
-0.617697 0.786415 -0.00145276
-0.618378 0.785879 -0.00171374
-0.616854 0.787078 0.000403326
0.771811 0.604642 0.196762
0.773747 0.603393 -0.192957
0.653684 0.513181 -0.556186
-0.435574 -0.341641 0.8328
-0.152464 -0.119113 0.981105
0.15861 0.112903 0.980865
0.451902 0.32062 0.832459
0.678056 0.480692 0.556036
0.797363 0.571942 0.192599
0.761862 0.617188 -0.196584
-0.580511 0.81425 0.00180785
-0.578198 0.815896 -0.000490955
-0.578461 0.81571 -0.00073723
-0.578841 0.815439 -0.00135154
-0.579465 0.814995 -0.00169332
-0.579856 0.814718 -0.00133423
0.799749 0.567182 0.196739
0.799889 0.568252 -0.193046
0.677559 0.481196 -0.556206
-0.451414 -0.320323 0.832838
-0.157825 -0.111665 0.981133
0.163947 0.10522 0.980842
0.466329 0.299531 0.832357
0.698617 0.450477 0.555882
0.821791 0.536336 0.192362
-0.534539 0.845143 -0.00152967
-0.54531 0.838223 0.00444199
-0.540175 0.841551 0.00160189
-0.538901 0.842369 -0.000183195
-0.538882 0.84238 -0.00159056
-0.539442 0.84202 -0.00212541
-0.541515 0.840685 -0.00311481
0.825539 0.528947 0.196723
0.824699 0.531663 -0.192886
0.699969 0.448106 -0.556097
-0.466227 -0.298512 0.83278
-0.162822 -0.104242 0.981133
0.168507 0.0977437 0.980842
0.479501 0.278052 0.832325
0.718715 0.417742 0.555824
0.847429 0.494829 0.192373
-0.491295 0.870991 -0.00196214
-0.504748 0.863254 0.00467673
-0.500213 0.865896 0.00325071
-0.498173 0.867077 0.000729697
-0.498041 0.867152 -0.00175316
-0.499318 0.866412 -0.00340518
-0.503072 0.86423 -0.0049666
-0.496734 0.867903 -0.000652018
0.848077 0.493641 -0.192573
0.719949 0.415526 -0.555888
-0.47972 -0.276725 0.832642
-0.167633 -0.0965762 0.981108
0.172653 0.0902697 0.980838
0.491708 0.256099 0.832248
0.737303 0.384162 0.555701
0.869914 0.45413 0.192393
-0.451126 0.892459 -0.00129589
-0.464687 0.885453 0.00616692
-0.459305 0.888264 0.0050306
-0.456456 0.889744 0.00155991
-0.456464 0.889739 -0.00233335
-0.459336 0.888244 -0.00583217
-0.465062 0.885249 -0.00722712
-0.452929 0.891547 9.25575e-05
0.869852 0.454243 -0.192409
0.737515 0.383786 -0.555681
-0.491837 -0.255032 0.832499
-0.172065 -0.0887317 0.981081
0.176549 0.0826491 0.980816
0.502855 0.233953 0.832107
0.753965 0.350638 0.555509
0.889613 0.414223 0.192376
-0.40831 0.912843 -0.00104822
-0.425497 0.904916 0.00888974
-0.417735 0.908541 0.00715232
-0.413795 0.910367 0.0023759
-0.413943 0.910298 -0.00296801
-0.418595 0.908134 -0.00843086
-0.427782 0.90382 -0.0105894
0.826977 0.527535 0.194464
0.888877 0.415744 -0.192498
0.753442 0.351726 -0.55553
-0.5028 -0.23305 0.832394
-0.175989 -0.0808444 0.981067
0.180197 0.0748089 0.980782
0.512869 0.21196 0.831889
0.768602 0.317773 0.555222
0.906676 0.375423 0.192344
-0.381045 0.924553 0.00265076
-0.387835 0.921637 0.0130294
-0.37559 0.926739 0.00937136
-0.370204 0.928946 0.00287409
-0.370217 0.928938 -0.00352915
-0.37559 0.926732 -0.00996597
-0.388241 0.921453 -0.0139243
0.910696 0.363523 0.196171
0.906653 0.375353 -0.192591
0.768646 0.317543 -0.555292
-0.512821 -0.210815 0.832209
-0.179418 -0.0732757 0.98104
0.183382 0.0672993 0.980735
0.521603 0.19092 0.831553
0.781253 0.286105 0.554787
0.921711 0.336849 0.192307
0.96035 0.199851 -0.194388
-0.351912 0.935843 0.0188605
-0.332949 0.94287 0.0119078
-0.325938 0.945385 0.00343462
-0.325832 0.945419 -0.00402412
-0.332224 0.943126 -0.0118664
-0.350642 0.936318 -0.0189716
0.939008 0.282739 0.195761
0.921639 0.336993 -0.192397
0.781748 0.284795 -0.554763
-0.521717 -0.189493 0.831808
-0.18255 -0.0660339 0.980977
0.186045 0.0606146 0.98067
0.528956 0.171873 0.831063
0.79167 0.257249 0.55415
0.934291 0.300222 0.19227
0.974367 0.115614 -0.192984
-0.319728 0.94711 0.027521
-0.290143 0.956866 0.0150054
-0.281224 0.959633 0.00424294
-0.281251 0.959623 -0.00455555
-0.290161 0.956857 -0.0152172
-0.321113 0.946605 -0.0287296
0.975021 0.110121 0.192894
0.933654 0.302238 -0.192206
0.791782 0.257156 -0.554032
-0.529131 -0.170381 0.831258
-0.185328 -0.0592642 0.980888
0.188267 0.0548634 0.980584
0.534856 0.156015 0.830415
0.79969 0.233162 0.553291
0.944621 0.265886 0.192343
0.981602 0.0119771 -0.190561
-0.29035 0.956155 0.0382801
-0.24643 0.968998 0.0177458
-0.235541 0.971853 0.00465998
-0.235645 0.971825 -0.00517128
-0.246507 0.968976 -0.0178886
-0.29056 0.956081 -0.0385147
0.981586 0.0123279 0.190625
0.944498 0.266357 -0.192295
0.79981 0.233011 -0.553182
-0.535035 -0.154365 0.830608
-0.187541 -0.0537691 0.980784
0.189886 0.0504763 0.980508
0.53905 0.144685 0.829754
0.805002 0.216462 0.552373
0.951762 0.23875 0.192739
0.97477 -0.123614 -0.185855
-0.256242 0.965445 0.0474901
-0.19861 0.979896 0.0189393
-0.186438 0.982455 0.00474281
-0.186588 0.982424 -0.00521143
-0.198658 0.979888 -0.0188052
-0.255831 0.965572 -0.047129
0.974675 -0.124462 0.185787
0.951846 0.238411 -0.192744
0.805203 0.215885 -0.552306
-0.539315 -0.142486 0.829962
-0.189204 -0.0497445 0.980677
0.190454 0.0478947 0.980527
0.540403 0.139933 0.829689
0.805928 0.212825 0.552436
0.953305 0.231578 0.193858
0.849152 -0.503472 -0.159553
-0.179922 0.982731 0.0432296
-0.131838 0.991099 0.0184932
-0.12181 0.992539 0.00542854
-0.121815 0.992541 -0.00478499
-0.1317 0.99113 -0.017819
-0.179991 0.982716 -0.0432666
0.848042 -0.505394 0.15938
0.953549 0.230551 -0.193883
0.806243 0.211464 -0.552499
-0.540896 -0.136545 0.829932
-0.189998 -0.0475794 0.980631
0.189622 0.0422359 0.980948
0.539192 0.123753 0.833041
0.80778 0.185717 0.559465
0.961161 0.190888 0.199328
0.979384 0.00190091 -0.201997
0.828381 0.0444365 -0.5584
-0.55244 -0.0455628 0.832306
-0.193922 -0.0176915 0.980857
0.19384 0.0176731 0.980874
0.552452 0.0451199 0.832322
0.828392 0.0445475 0.558375
0.979368 0.00161931 0.202079
0.961408 0.189788 -0.199188
0.808209 0.183988 -0.559417
-0.539974 -0.120367 0.83303
-0.18935 -0.0424929 0.98099
0.190134 0.0374244 0.981045
0.540582 0.11036 0.834022
0.810936 0.16425 0.561609
0.966398 0.161891 0.199663
0.977505 0.0561164 -0.20331
0.825375 0.0431249 -0.562935
-0.550493 -0.0429859 0.833733
-0.193194 -0.0165359 0.981021
0.193357 0.0174565 0.980973
0.550488 0.0413527 0.833819
0.825327 0.0422848 0.563069
0.977519 0.0550943 0.203521
0.966721 0.16033 -0.199361
0.811446 0.162463 -0.561392
-0.541397 -0.107485 0.833868
-0.189691 -0.0382961 0.981097
0.187713 0.0391821 0.981442
0.532738 0.119398 0.837815
0.79939 0.184865 0.571665
0.967153 0.15457 0.2018
0.971661 -0.0266065 -0.234877
0.81283 -0.0259068 -0.581924
-0.543245 -0.0118907 0.83949
-0.190436 -0.00523909 0.981686
0.190739 0.00809373 0.981607
0.542244 0.00495098 0.840207
0.812434 -0.0287817 0.582343
0.9715 -0.0283928 0.235333
0.968021 0.150563 -0.200663
0.801196 0.179836 -0.570739
-0.535524 -0.112628 0.836976
-0.187172 -0.0407456 0.981482
0.00100185 0.00635723 0.999979
0.00408152 0.000544941 0.999992
</DataArray>
<DataArray type="Float64" Name="cell vector length" format="ascii">
0.120437 0.116557 0.105133 0.0650797 0.0856721 0.124396 0.122638 0.118258 0.118827 0.124013 0.125253 0.0856754 0.0644218 0.103407 0.126604 0.126307 0.411899 0.392511 0.361045 0.326166 0.34318 0.383102 0.404293 0.407931 0.407086 0.402001 0.382924 0.343374 0.32657 0.361973 0.400672 0.414659 0.5178 0.496243 0.455454 0.397817 0.424453 0.490053 0.511061 0.513086 0.512348 0.508835 0.489987 0.42484 0.39837 0.456117 0.50181 0.519397 0.55379 0.52811 0.475347 0.380361 0.139857 0.228142 0.415422 0.491577 0.49158 0.415698 0.227549 0.140513 0.380787 0.475744 0.533205 0.555195 0.574709 0.544885 0.479959 0.354755 0.108368 0.206025 0.401858 0.481652 0.481506 0.401499 0.205376 0.10901 0.355133 0.480185 0.549894 0.576042 0.5872 0.553055 0.477366 0.333232 0.0809836 0.200903 0.397036 0.478171 0.478029 0.396669 0.200209 0.0817155 0.333613 0.477527 0.558254 0.588566 0.595124 0.557637 0.474391 0.318937 0.060269 0.20068 0.39445 0.475873 0.475744 0.394095 0.19998 0.0610832 0.319347 0.47455 0.563208 0.596584 0.600159 0.560261 0.471968 0.309434 0.0449932 0.202454 0.392954 0.474108 0.473988 0.392605 0.201746 0.0459018 0.309889 0.472148 0.566304 0.601746 0.603346 0.561705 0.469997 0.302777 0.0336576 0.204873 0.392222 0.472855 0.472747 0.391882 0.204149 0.0346837 0.303291 0.470196 0.568258 0.605069 0.605368 0.56244 0.468321 0.297821 0.0262597 0.206494 0.391927 0.472091 0.471996 0.391599 0.205736 0.0274439 0.298404 0.468511 0.569491 0.607222 0.606663 0.56275 0.466851 0.293806 0.0193612 0.209023 0.392152 0.471663 0.471594 0.391865 0.208219 0.0208084 0.294481 0.466972 0.570233 0.608623 0.607554 0.562893 0.465576 0.29025 0.0132225 0.211548 0.392614 0.471544 0.471531 0.392447 0.210713 0.0151534 0.291062 0.465509 0.570689 0.609581 0.6082 0.563022 0.464623 0.286979 0.00753482 0.213877 0.393249 0.47184 0.471926 0.393363 0.213172 0.0102415 0.287919 0.464126 0.570998 0.610268 0.608573 0.563075 0.464219 0.284214 0.00321779 0.216074 0.394598 0.473184 0.473315 0.395069 0.216027 0.00531067 0.284966 0.462947 0.571296 0.610759 0.608638 0.562745 0.463889 0.281183 0.0192244 0.225882 0.401716 0.479382 0.479399 0.402007 0.225701 0.00224812 0.2823 0.4622 0.571676 0.611102 0.608478 0.562123 0.463658 0.293719 0.0638285 0.24865 0.425799 0.500141 0.499986 0.425546 0.25366 0.00718335 0.280659 0.461943 0.572065 0.611293 0.608366 0.56163 0.462937 0.283554 0.057757 0.259847 0.431843 0.505532 0.505327 0.431375 0.261176 0.00240988 0.278973 0.461728 0.57226 0.611399 0.608412 0.561321 0.461817 0.289975 0.058986 0.257345 0.432507 0.506321 0.506262 0.432331 0.259435 0.0322145 0.28422 0.461252 0.572139 0.611451 0.608348 0.560936 0.460154 0.27367 0.00273178 0.263266 0.432588 0.506625 0.506724 0.432785 0.260059 0.040057 0.282405 0.460433 0.571902 0.61139 0.60798 0.560087 0.458377 0.273614 0.0162367 0.263104 0.433004 0.507058 0.507117 0.432952 0.25971 0.0301934 0.282135 0.459577 0.571784 0.611235 0.607163 0.558733 0.456628 0.272956 0.016101 0.263572 0.433839 0.507762 0.50762 0.433027 0.262332 0.00493521 0.273788 0.458634 0.57159 0.610797 0.605824 0.557208 0.455555 0.273447 0.0142075 0.263015 0.434609 0.508777 0.508516 0.433473 0.261361 0.0132576 0.274759 0.457817 0.570848 0.609755 0.603932 0.555536 0.454938 0.274784 0.0110521 0.261916 0.435341 0.509961 0.509756 0.434542 0.26117 0.0004218 0.27539 0.456941 0.569333 0.607958 0.601178 0.553424 0.454628 0.277219 0.00499611 0.260634 0.436387 0.511497 0.511353 0.435852 0.256842 0.0314068 0.286482 0.45643 0.567264 0.605251 0.597039 0.550494 0.454726 0.282297 0.00502944 0.259039 0.438069 0.513634 0.513444 0.43732 0.258569 0.0128189 0.282166 0.456421 0.56468 0.60124 0.590806 0.546262 0.455442 0.289271 0.0152712 0.25846 0.440559 0.516291 0.516022 0.439644 0.257476 0.0147443 0.290365 0.457038 0.560859 0.595193 0.581021 0.539523 0.456586 0.301896 0.0334656 0.259918 0.444589 0.519826 0.519536 0.443768 0.259294 0.03338 0.302688 0.457858 0.554456 0.585616 0.563591 0.52578 0.453815 0.318159 0.0613875 0.271154 0.453846 0.526897 0.526653 0.45318 0.270658 0.0613184 0.318818 0.454961 0.54132 0.568513 0.519729 0.483274 0.420434 0.31564 0.0797011 0.329189 0.491056 0.557056 0.557792 0.493889 0.328794 0.0800758 0.316067 0.42153 0.500463 0.525359 0.487689 0.452134 0.396272 0.321201 0.349776 0.423529 0.46801 0.473606 0.46759 0.451737 0.421604 0.349807 0.32169 0.397448 0.470733 0.493824 0.442485 0.405716 0.352612 0.297998 0.304854 0.356363 0.412302 0.421168 0.413505 0.390285 0.354706 0.304789 0.298149 0.353576 0.425617 0.449124 0.227667 0.191093 0.138307 0.0904615 0.105727 0.161059 0.225374 0.241023 0.235398 0.207274 0.162001 0.106028 0.089684 0.136228 0.209084 0.233232 0.041671 0.0151589 
</DataArray>
<DataArray type="Float64" Name="cell variable 4" format="ascii">
814.295 814.933 816.415 805.834 816.876 824.695 816.812 812.014 811.616 816.254 825.175 816.888 805.327 814.108 820.046 815.951 1145.99 1136.4 1129 1123.21 1141.4 1149.93 1151.34 1148.51 1147.37 1147.66 1150.17 1141.47 1122.89 1128.75 1149.38 1150.21 1361.73 1351.63 1342.62 1334.82 1359.38 1383.02 1388.48 1385.26 1383.4 1382.42 1383.1 1359.65 1335 1342.9 1365.78 1365.91 1423.47 1411.17 1398.81 1385.96 1406.67 1846.31 2433.76 2788.69 2787.25 2430.78 1844.68 1406.84 1386.1 1399.12 1426.19 1427.87 1441.81 1429.01 1417.15 1407.56 1415.67 1840.94 2423.36 2779.86 2778.69 2420.83 1839.29 1415.71 1407.68 1417.39 1444.71 1446.35 1447.21 1431.52 1415.84 1404.13 1408.2 1842.04 2412.37 2767.41 2766.42 2410.15 1840.45 1408.32 1404.27 1416.05 1448.06 1451.96 1449.66 1431.08 1411.84 1398.23 1399.53 1846.86 2404.54 2756.25 2755.37 2402.55 1845.32 1399.73 1398.39 1412.02 1448.76 1454.73 1451.1 1430.06 1407.95 1392.83 1392.38 1853.07 2399.63 2747 2746.21 2397.8 1851.53 1392.65 1393.01 1408.12 1449.11 1456.58 1452.06 1428.89 1404.39 1388.1 1386.62 1859.08 2396.9 2739.89 2739.2 2395.22 1857.52 1386.95 1388.3 1404.56 1449.44 1458 1452.68 1427.66 1401.24 1384 1382.05 1862.26 2395.13 2734.75 2734.14 2393.58 1860.63 1382.46 1384.23 1401.4 1449.77 1459.11 1452.94 1426.32 1398.46 1380.44 1378.26 1866.99 2394.82 2730.98 2730.49 2393.44 1865.25 1378.81 1380.72 1398.61 1449.97 1459.86 1452.91 1424.91 1396.03 1377.36 1375.03 1871.42 2395.02 2728.31 2727.98 2393.92 1869.5 1375.8 1377.71 1396.13 1450.09 1460.34 1452.57 1423.39 1393.84 1374.74 1372.3 1875.31 2395.31 2726.65 2726.64 2394.85 1873.17 1373.17 1374.98 1393.88 1450.17 1460.58 1451.84 1421.49 1391.79 1373.24 1372.23 1878.61 2395.18 2725.92 2726.37 2395.93 1876.26 1370.18 1372.46 1391.87 1450.22 1460.6 1451.01 1419.45 1388.96 1370.16 1399.53 1880.03 2394.67 2726.27 2726.82 2396.53 1878.67 1369.11 1370.45 1389.91 1449.98 1460.37 1450.14 1417.45 1385.86 1366.57 1439.93 1896.02 2446.09 2786.72 2787.05 2448.61 1912.43 1379.55 1369.45 1388 1449.36 1459.87 1449.4 1415.86 1383.93 1364.74 1454.11 1904.4 2444.75 2786.36 2786.46 2446.64 1911.51 1384.95 1367.8 1386.07 1448.89 1459.52 1448.91 1414.88 1383.04 1363.64 1436.12 1896.47 2445.44 2787.23 2787.22 2445.92 1902.99 1410.9 1364.92 1383.91 1448.58 1459.41 1448.09 1413.78 1382.81 1364.42 1393.2 1915.01 2447.26 2788.44 2788.43 2446.15 1903.01 1423.7 1362.72 1382.13 1448.19 1459 1447.15 1412.72 1382.23 1364.17 1386.56 1914.95 2449.32 2790.53 2790.17 2447.03 1902.81 1408.14 1362.31 1381.3 1447.77 1458.3 1446.26 1411.7 1381.03 1362.33 1383.54 1913.84 2451.48 2793.99 2793.02 2448.61 1912.03 1385.07 1363.06 1381.05 1447.37 1457.52 1445.28 1410.46 1380.06 1361.88 1380.33 1911.83 2453.47 2798.69 2797.51 2450.63 1910.34 1381.61 1363.37 1380.58 1447.04 1456.86 1444.35 1409.31 1379.46 1361.93 1375.96 1908.81 2455.78 2805.04 2804.1 2453.28 1907.14 1377.47 1361.89 1379.55 1446.89 1456.42 1443.16 1408.27 1379.28 1362.33 1369.45 1904.71 2459 2813.16 2812.42 2456.64 1892.84 1391.58 1361.04 1378.96 1446.65 1455.64 1441.31 1407.24 1379.71 1363.45 1364.82 1898.88 2463.76 2823.11 2822.17 2461.46 1898.16 1378.37 1363.62 1379.81 1446.02 1453.91 1438.7 1406.02 1380.76 1365.57 1365.75 1894.23 2470.92 2835.35 2834.22 2468.77 1893.05 1365.27 1366.51 1381.32 1445.34 1451.47 1434.03 1403.26 1381.01 1367.13 1367.99 1890.01 2481.51 2850.2 2848.99 2479.52 1888.79 1367.56 1367.4 1381.5 1443.09 1447.05 1417.93 1388.76 1368.88 1355.7 1370.07 1890.65 2496.77 2867.54 2866.11 2494.58 1889.4 1369.57 1355.83 1369.22 1428.39 1430.97 1336.06 1306.28 1283.2 1263.69 1313.61 1907.33 2525.38 2895.03 2893.28 2522.74 1906.21 1313.63 1263.75 1283.3 1343.32 1348.35 1261.95 1233.73 1212.48 1197.07 1220.85 1237.49 1273.95 1273.64 1265.07 1248.19 1237.53 1220.9 1197.26 1212.58 1268.59 1273.62 1125.11 1097.11 1073.14 1054.62 1058.59 1071.27 1112.74 1111.46 1101.28 1081.98 1071.21 1058.7 1054.66 1073.31 1127.89 1135.57 799.823 789.513 785.577 786.511 798.268 813.307 848.774 853.198 846.671 829.312 814.366 798.491 786.466 784.079 807.853 805.41 611.809 744.351 
</DataArray>
<DataArray type="Float64" Name="cell variable 5" format="ascii">
0.0129354 0.0129354 0.0129354 0.0129354 0.0129354 0.0129354 0.0129354 0.0129354 0.0129354 0.0129354 0.0129354 0.0129354 0.0129354 0.0129354 0.0129354 0.0129354 0.0129354 0.0129354 0.0129354 0.0129354 0.0129354 0.0129354 0.0129354 0.0129354 0.0129354 0.0129354 0.0129354 0.0129354 0.0129354 0.0129354 0.0129354 0.0129354 0.0129354 0.0129354 0.0129354 0.0129354 0.0129354 0.0129354 0.0129354 0.0129354 0.0129354 0.0129354 0.0129354 0.0129354 0.0129354 0.0129354 0.0129354 0.0129354 0.0195497 0.018098 0.0157553 0.0135218 0.0129354 0.0129354 0.0129354 0.0129354 0.0129354 0.0129354 0.0129354 0.0129354 0.0135218 0.0157553 0.018098 0.0195497 0.0221195 0.0201045 0.0168505 0.0137489 0.0129354 0.0129354 0.0129354 0.0129354 0.0129354 0.0129354 0.0129354 0.0129354 0.0137489 0.0168505 0.0201045 0.0221195 0.0236085 0.0212686 0.0174858 0.0138811 0.0129354 0.0129354 0.0129354 0.0129354 0.0129354 0.0129354 0.0129354 0.0129354 0.0138811 0.0174858 0.0212686 0.0236085 0.0246922 0.0221109 0.0179486 0.0139788 0.0129354 0.0129354 0.0129354 0.0129354 0.0129354 0.0129354 0.0129354 0.0129354 0.0139788 0.0179486 0.0221109 0.0246922 0.0255373 0.022772 0.0183079 0.0140536 0.0129354 0.0129354 0.0129354 0.0129354 0.0129354 0.0129354 0.0129354 0.0129354 0.0140536 0.0183079 0.022772 0.0255373 0.0262186 0.0233038 0.0185982 0.0141139 0.0129354 0.0129354 0.0129354 0.0129354 0.0129354 0.0129354 0.0129354 0.0129354 0.0141139 0.0185982 0.0233038 0.0262186 0.0267762 0.0237379 0.0188368 0.0141628 0.0129354 0.0129354 0.0129354 0.0129354 0.0129354 0.0129354 0.0129354 0.0129354 0.0141628 0.0188368 0.0237379 0.0267762 0.0272275 0.0240914 0.0190294 0.0142031 0.0129354 0.0129354 0.0129354 0.0129354 0.0129354 0.0129354 0.0129354 0.0129354 0.0142031 0.0190294 0.0240914 0.0272275 0.0275897 0.024376 0.0191846 0.0142347 0.0129354 0.0129354 0.0129354 0.0129354 0.0129354 0.0129354 0.0129354 0.0129354 0.0142347 0.0191846 0.024376 0.0275897 0.0278714 0.0245945 0.0193025 0.0142605 0.0129354 0.0129354 0.0129354 0.0129354 0.0129354 0.0129354 0.0129354 0.0129354 0.0142605 0.0193025 0.0245945 0.0278714 0.0280784 0.0247555 0.0193916 0.0142778 0.0129354 0.0129354 0.0129354 0.0129354 0.0129354 0.0129354 0.0129354 0.0129354 0.0142778 0.0193916 0.0247555 0.0280784 0.0282164 0.0248618 0.0194491 0.0142922 0.0129354 0.0129354 0.0129354 0.0129354 0.0129354 0.0129354 0.0129354 0.0129354 0.0142922 0.0194491 0.0248618 0.0282164 0.0282825 0.0249164 0.0194778 0.0142979 0.0129354 0.0129354 0.0129354 0.0129354 0.0129354 0.0129354 0.0129354 0.0129354 0.0142979 0.0194778 0.0249164 0.0282825 0.0282825 0.0249164 0.0194778 0.0142979 0.0129354 0.0129354 0.0129354 0.0129354 0.0129354 0.0129354 0.0129354 0.0129354 0.0142979 0.0194778 0.0249164 0.0282825 0.0282164 0.0248618 0.0194491 0.0142922 0.0129354 0.0129354 0.0129354 0.0129354 0.0129354 0.0129354 0.0129354 0.0129354 0.0142922 0.0194491 0.0248618 0.0282164 0.0280784 0.0247555 0.0193916 0.0142778 0.0129354 0.0129354 0.0129354 0.0129354 0.0129354 0.0129354 0.0129354 0.0129354 0.0142778 0.0193916 0.0247555 0.0280784 0.0278714 0.0245945 0.0193025 0.0142605 0.0129354 0.0129354 0.0129354 0.0129354 0.0129354 0.0129354 0.0129354 0.0129354 0.0142605 0.0193025 0.0245945 0.0278714 0.0275897 0.024376 0.0191846 0.0142347 0.0129354 0.0129354 0.0129354 0.0129354 0.0129354 0.0129354 0.0129354 0.0129354 0.0142347 0.0191846 0.024376 0.0275897 0.0272275 0.0240914 0.0190294 0.0142031 0.0129354 0.0129354 0.0129354 0.0129354 0.0129354 0.0129354 0.0129354 0.0129354 0.0142031 0.0190294 0.0240914 0.0272275 0.0267762 0.0237379 0.0188368 0.0141628 0.0129354 0.0129354 0.0129354 0.0129354 0.0129354 0.0129354 0.0129354 0.0129354 0.0141628 0.0188368 0.0237379 0.0267762 0.0262186 0.0233038 0.0185982 0.0141139 0.0129354 0.0129354 0.0129354 0.0129354 0.0129354 0.0129354 0.0129354 0.0129354 0.0141139 0.0185982 0.0233038 0.0262186 0.0255373 0.022772 0.0183079 0.0140536 0.0129354 0.0129354 0.0129354 0.0129354 0.0129354 0.0129354 0.0129354 0.0129354 0.0140536 0.0183079 0.022772 0.0255373 0.0246922 0.0221109 0.0179486 0.0139788 0.0129354 0.0129354 0.0129354 0.0129354 0.0129354 0.0129354 0.0129354 0.0129354 0.0139788 0.0179486 0.0221109 0.0246922 0.0236085 0.0212686 0.0174858 0.0138811 0.0129354 0.0129354 0.0129354 0.0129354 0.0129354 0.0129354 0.0129354 0.0129354 0.0138811 0.0174858 0.0212686 0.0236085 0.0221195 0.0201045 0.0168505 0.0137489 0.0129354 0.0129354 0.0129354 0.0129354 0.0129354 0.0129354 0.0129354 0.0129354 0.0137489 0.0168505 0.0201045 0.0221195 0.0195497 0.018098 0.0157553 0.0135218 0.0129354 0.0129354 0.0129354 0.0129354 0.0129354 0.0129354 0.0129354 0.0129354 0.0135218 0.0157553 0.018098 0.0195497 0.0129354 0.0129354 0.0129354 0.0129354 0.0129354 0.0129354 0.0129354 0.0129354 0.0129354 0.0129354 0.0129354 0.0129354 0.0129354 0.0129354 0.0129354 0.0129354 0.0129354 0.0129354 0.0129354 0.0129354 0.0129354 0.0129354 0.0129354 0.0129354 0.0129354 0.0129354 0.0129354 0.0129354 0.0129354 0.0129354 0.0129354 0.0129354 0.0129354 0.0129354 0.0129354 0.0129354 0.0129354 0.0129354 0.0129354 0.0129354 0.0129354 0.0129354 0.0129354 0.0129354 0.0129354 0.0129354 0.0129354 0.0129354 0.0129354 0.0129354 
</DataArray>
<DataArray type="Float64" Name="cell variable 6" format="ascii">
0.999999 0.999999 0.999999 0.999999 0.999999 0.999999 0.999999 0.999999 0.999999 0.999999 0.999999 0.999999 0.999999 0.999999 0.999999 0.999999 0.999999 0.999999 0.999999 0.999999 0.999999 0.999999 0.999999 0.999999 0.999999 0.999999 0.999999 0.999999 0.999999 0.999999 0.999999 0.999999 0.999999 0.999999 0.999999 0.999999 0.999999 0.999999 0.999999 0.999999 0.999999 0.999999 0.999999 0.999999 0.999999 0.999999 0.999999 0.999999 0.999999 0.999999 0.999999 0.999999 0.999999 0.999999 0.999999 0.999999 0.999999 0.999999 0.999999 0.999999 0.999999 0.999999 0.999999 0.999999 0.999999 0.999999 0.999999 0.999999 0.999999 0.999999 0.999999 0.999999 0.999999 0.999999 0.999999 0.999999 0.999999 0.999999 0.999999 0.999999 0.999999 0.999999 0.999999 0.999999 0.999999 0.999999 0.999999 0.999999 0.999999 0.999999 0.999999 0.999999 0.999999 0.999999 0.999999 0.999999 0.999999 0.999999 0.999999 0.999999 0.999999 0.999999 0.999999 0.999999 0.999999 0.999999 0.999999 0.999999 0.999999 0.999999 0.999999 0.999999 0.999999 0.999999 0.999999 0.999999 0.999999 0.999999 0.999999 0.999999 0.999999 0.999999 0.999999 0.999999 0.999999 0.999999 0.999999 0.999999 0.999999 0.999999 0.999999 0.999999 0.999999 0.999999 0.999999 0.999999 0.999999 0.999999 0.999999 0.999999 0.999999 0.999999 0.999999 0.999999 0.999999 0.999999 0.999999 0.999999 0.999999 0.999999 0.999999 0.999999 0.999999 0.999999 0.999999 0.999999 0.999999 0.999999 0.999999 0.999999 0.999999 0.999999 0.999999 0.999999 0.999999 0.999999 0.999999 0.999999 0.999999 0.999999 0.999999 0.999999 0.999999 0.999999 0.999999 0.999999 0.999999 0.999999 0.999999 0.999999 0.999999 0.999999 0.999999 0.999999 0.999999 0.999999 0.999999 0.999999 0.999999 0.999999 0.999999 0.999999 0.999999 0.999999 0.999999 0.999999 0.999999 0.999999 0.999999 0.999999 0.999999 0.999999 0.999999 0.999999 0.999999 0.999999 0.999999 0.999999 0.999999 0.999999 0.999999 0.999999 0.999999 0.999999 0.999999 0.999999 0.999999 0.999999 0.999999 0.999999 0.999999 0.999999 0.999999 0.999999 0.999999 0.999999 0.999999 0.999999 0.999999 0.999999 0.999999 0.999999 0.999999 0.999999 0.999999 0.999999 0.999999 0.999999 0.999999 0.999999 0.999999 0.999999 0.999999 0.999999 0.999999 0.999999 0.999999 0.999999 0.999999 0.999999 0.999999 0.999999 0.999999 0.999999 0.999999 0.999999 0.999999 0.999999 0.999999 0.999999 0.999999 0.999999 0.999999 0.999999 0.999999 0.999999 0.999999 0.999999 0.999999 0.999999 0.999999 0.999999 0.999999 0.999999 0.999999 0.999999 0.999999 0.999999 0.999999 0.999999 0.999999 0.999999 0.999999 0.999999 0.999999 0.999999 0.999999 0.999999 0.999999 0.999999 0.999999 0.999999 0.999999 0.999999 0.999999 0.999999 0.999999 0.999999 0.999999 0.999999 0.999999 0.999999 0.999999 0.999999 0.999999 0.999999 0.999999 0.999999 0.999999 0.999999 0.999999 0.999999 0.999999 0.999999 0.999999 0.999999 0.999999 0.999999 0.999999 0.999999 0.999999 0.999999 0.999999 0.999999 0.999999 0.999999 0.999999 0.999999 0.999999 0.999999 0.999999 0.999999 0.999999 0.999999 0.999999 0.999999 0.999999 0.999999 0.999999 0.999999 0.999999 0.999999 0.999999 0.999999 0.999999 0.999999 0.999999 0.999999 0.999999 0.999999 0.999999 0.999999 0.999999 0.999999 0.999999 0.999999 0.999999 0.999999 0.999999 0.999999 0.999999 0.999999 0.999999 0.999999 0.999999 0.999999 0.999999 0.999999 0.999999 0.999999 0.999999 0.999999 0.999999 0.999999 0.999999 0.999999 0.999999 0.999999 0.999999 0.999999 0.999999 0.999999 0.999999 0.999999 0.999999 0.999999 0.999999 0.999999 0.999999 0.999999 0.999999 0.999999 0.999999 0.999999 0.999999 0.999999 0.999999 0.999999 0.999999 0.999999 0.999999 0.999999 0.999999 0.999999 0.999999 0.999999 0.999999 0.999999 0.999999 0.999999 0.999999 0.999999 0.999999 0.999999 0.999999 0.999999 0.999999 0.999999 0.999999 0.999999 0.999999 0.999999 0.999999 0.999999 0.999999 0.999999 0.999999 0.999999 0.999999 0.999999 0.999999 0.999999 0.999999 0.999999 0.999999 0.999999 0.999999 0.999999 0.999999 0.999999 0.999999 0.999999 0.999999 0.999999 0.999999 0.999999 0.999999 0.999999 0.999999 0.999999 0.999999 0.999999 0.999999 0.999999 0.999999 0.999999 0.999999 0.999999 0.999999 0.999999 0.999999 0.999999 0.999999 0.999999 0.999999 0.999999 0.999999 0.999999 0.999999 0.999999 0.999999 0.999999 0.999999 0.999999 0.999999 0.999999 0.999999 0.999999 0.999999 0.999999 0.999999 0.999999 0.999999 0.999999 0.999999 0.999999 0.999999 0.999999 0.999999 0.999999 0.999999 0.999999 0.999999 0.999999 0.999999 0.999999 0.999999 0.999999 0.999999 0.999999 0.999999 0.999999 0.999999 0.999999 0.999999 0.999999 0.999999 0.999999 0.999999 0.999999 0.999999 0.999999 0.999999 0.999999 
</DataArray>
<DataArray type="Float64" Name="cell variable 7" format="ascii">
0 0 0 0 0 0 0 0 0 0 0 0 0 0 0 0 0 0 0 0 0 0 0 0 0 0 0 0 0 0 0 0 0 0 0 0 0 0 0 0 0 0 0 0 0 0 0 0 0 0 0 0 0 0 0 0 0 0 0 0 0 0 0 0 0 0 0 0 0 0 0 0 0 0 0 0 0 0 0 0 0 0 0 0 0 0 0 0 0 0 0 0 0 0 0 0 0 0 0 0 0 0 0 0 0 0 0 0 0 0 0 0 0 0 0 0 0 0 0 0 0 0 0 0 0 0 0 0 0 0 0 0 0 0 0 0 0 0 0 0 0 0 0 0 0 0 0 0 0 0 0 0 0 0 0 0 0 0 0 0 0 0 0 0 0 0 0 0 0 0 0 0 0 0 0 0 0 0 0 0 0 0 0 0 0 0 0 0 0 0 0 0 0 0 0 0 0 0 0 0 0 0 0 0 0 0 0 0 0 0 0 0 0 0 0 0 0 0 0 0 0 0 0 0 0 0 0 0 0 0 0 0 0 0 0 0 0 0 0 0 0 0 0 0 0 0 0 0 0 0 0 0 0 0 0 0 0 0 0 0 0 0 0 0 0 0 0 0 0 0 0 0 0 0 0 0 0 0 0 0 0 0 0 0 0 0 0 0 0 0 0 0 0 0 0 0 0 0 0 0 0 0 0 0 0 0 0 0 0 0 0 0 0 0 0 0 0 0 0 0 0 0 0 0 0 0 0 0 0 0 0 0 0 0 0 0 0 0 0 0 0 0 0 0 0 0 0 0 0 0 0 0 0 0 0 0 0 0 0 0 0 0 0 0 0 0 0 0 0 0 0 0 0 0 0 0 0 0 0 0 0 0 0 0 0 0 0 0 0 0 0 0 0 0 0 0 0 0 0 0 0 0 0 0 0 0 0 0 0 0 0 0 0 0 0 0 0 0 0 0 0 0 0 0 0 0 0 0 0 0 0 0 0 0 0 0 0 0 0 0 0 0 0 0 0 0 0 0 0 0 0 0 0 0 0 0 0 0 0 0 0 0 0 0 0 0 0 0 0 0 0 0 0 0 0 0 0 0 0 0 0 0 0 0 0 0 0 0 0 0 0 0 0 0 0 0 0 0 0 0 0 0 0 0 0 0 0 0 0 0 0 0 1 1 
</DataArray>
<DataArray type="Float64" Name="cell variable 8" format="ascii">
11.25 33.75 56.25 78.75 101.25 123.75 146.25 168.75 191.25 213.75 236.25 258.75 281.25 303.75 326.25 348.75 11.25 33.75 56.25 78.75 101.25 123.75 146.25 168.75 191.25 213.75 236.25 258.75 281.25 303.75 326.25 348.75 11.25 33.75 56.25 78.75 101.25 123.75 146.25 168.75 191.25 213.75 236.25 258.75 281.25 303.75 326.25 348.75 11.25 33.75 56.25 78.75 101.25 123.75 146.25 168.75 191.25 213.75 236.25 258.75 281.25 303.75 326.25 348.75 11.25 33.75 56.25 78.75 101.25 123.75 146.25 168.75 191.25 213.75 236.25 258.75 281.25 303.75 326.25 348.75 11.25 33.75 56.25 78.75 101.25 123.75 146.25 168.75 191.25 213.75 236.25 258.75 281.25 303.75 326.25 348.75 11.25 33.75 56.25 78.75 101.25 123.75 146.25 168.75 191.25 213.75 236.25 258.75 281.25 303.75 326.25 348.75 11.25 33.75 56.25 78.75 101.25 123.75 146.25 168.75 191.25 213.75 236.25 258.75 281.25 303.75 326.25 348.75 11.25 33.75 56.25 78.75 101.25 123.75 146.25 168.75 191.25 213.75 236.25 258.75 281.25 303.75 326.25 348.75 11.25 33.75 56.25 78.75 101.25 123.75 146.25 168.75 191.25 213.75 236.25 258.75 281.25 303.75 326.25 348.75 11.25 33.75 56.25 78.75 101.25 123.75 146.25 168.75 191.25 213.75 236.25 258.75 281.25 303.75 326.25 348.75 11.25 33.75 56.25 78.75 101.25 123.75 146.25 168.75 191.25 213.75 236.25 258.75 281.25 303.75 326.25 348.75 11.25 33.75 56.25 78.75 101.25 123.75 146.25 168.75 191.25 213.75 236.25 258.75 281.25 303.75 326.25 348.75 11.25 33.75 56.25 78.75 101.25 123.75 146.25 168.75 191.25 213.75 236.25 258.75 281.25 303.75 326.25 348.75 11.25 33.75 56.25 78.75 101.25 123.75 146.25 168.75 191.25 213.75 236.25 258.75 281.25 303.75 326.25 348.75 11.25 33.75 56.25 78.75 101.25 123.75 146.25 168.75 191.25 213.75 236.25 258.75 281.25 303.75 326.25 348.75 11.25 33.75 56.25 78.75 101.25 123.75 146.25 168.75 191.25 213.75 236.25 258.75 281.25 303.75 326.25 348.75 11.25 33.75 56.25 78.75 101.25 123.75 146.25 168.75 191.25 213.75 236.25 258.75 281.25 303.75 326.25 348.75 11.25 33.75 56.25 78.75 101.25 123.75 146.25 168.75 191.25 213.75 236.25 258.75 281.25 303.75 326.25 348.75 11.25 33.75 56.25 78.75 101.25 123.75 146.25 168.75 191.25 213.75 236.25 258.75 281.25 303.75 326.25 348.75 11.25 33.75 56.25 78.75 101.25 123.75 146.25 168.75 191.25 213.75 236.25 258.75 281.25 303.75 326.25 348.75 11.25 33.75 56.25 78.75 101.25 123.75 146.25 168.75 191.25 213.75 236.25 258.75 281.25 303.75 326.25 348.75 11.25 33.75 56.25 78.75 101.25 123.75 146.25 168.75 191.25 213.75 236.25 258.75 281.25 303.75 326.25 348.75 11.25 33.75 56.25 78.75 101.25 123.75 146.25 168.75 191.25 213.75 236.25 258.75 281.25 303.75 326.25 348.75 11.25 33.75 56.25 78.75 101.25 123.75 146.25 168.75 191.25 213.75 236.25 258.75 281.25 303.75 326.25 348.75 11.25 33.75 56.25 78.75 101.25 123.75 146.25 168.75 191.25 213.75 236.25 258.75 281.25 303.75 326.25 348.75 11.25 33.75 56.25 78.75 101.25 123.75 146.25 168.75 191.25 213.75 236.25 258.75 281.25 303.75 326.25 348.75 11.25 33.75 56.25 78.75 101.25 123.75 146.25 168.75 191.25 213.75 236.25 258.75 281.25 303.75 326.25 348.75 11.25 33.75 56.25 78.75 101.25 123.75 146.25 168.75 191.25 213.75 236.25 258.75 281.25 303.75 326.25 348.75 11.25 33.75 56.25 78.75 101.25 123.75 146.25 168.75 191.25 213.75 236.25 258.75 281.25 303.75 326.25 348.75 11.25 33.75 56.25 78.75 101.25 123.75 146.25 168.75 191.25 213.75 236.25 258.75 281.25 303.75 326.25 348.75 11.25 33.75 56.25 78.75 101.25 123.75 146.25 168.75 191.25 213.75 236.25 258.75 281.25 303.75 326.25 348.75 0 0 
</DataArray>
</CellData>
</Piece>
</UnstructuredGrid>
</VTKFile>
