<VTKFile type="UnstructuredGrid" version="0.1">
<UnstructuredGrid>
<Piece  NumberOfPoints="    2080" NumberOfCells="     514">
<Points>
<DataArray type="Float64" NumberOfComponents="3" format="ascii">
-392.324 651.89 1.19861
-392.112 657.052 26.9561
-362.743 651.428 29.0518
-363.013 645.824 1.21858
-392.062 658.201 29.7054
-391.478 672.858 51.4768
-361.986 668.472 55.3275
-362.693 652.578 31.8011
-391.401 674.973 53.5755
-390.738 696.823 68.0652
-361.115 694.256 73.1428
-361.909 670.587 57.4263
-390.673 699.577 69.2019
-390.242 725.295 74.2933
-360.625 724.9 79.8957
-361.051 697.01 74.2796
-390.212 728.275 74.2974
-390.072 754.017 69.2289
-360.535 755.795 74.3964
-360.596 727.881 79.8998
-390.067 756.775 68.0927
-390.061 778.641 53.5681
-360.549 782.205 57.485
-360.53 758.553 73.2602
-390.06 780.752 51.4627
-390.041 795.371 29.6557
-360.507 800.117 31.7689
-360.548 784.316 55.3797
-390.037 796.513 26.9031
-390.01 801.639 1.15671
-360.463 806.805 1.16282
-360.504 801.259 29.0163
-390.009 801.638 -1.82294
-390.015 796.497 -27.5666
-360.476 801.247 -29.6669
-360.462 806.804 -1.81683
-390.017 795.354 -30.3185
-390.025 780.724 -52.119
-360.506 784.291 -56.0197
-360.478 800.103 -32.4188
-390.025 778.611 -54.2231
-390.024 756.738 -68.7369
-360.485 758.518 -73.885
-360.506 782.179 -58.1239
-390.028 753.979 -69.8717
-390.164 728.235 -74.9259
-360.545 727.843 -80.5087
-360.489 755.759 -75.0197
-390.193 725.254 -74.9202
-390.626 699.539 -69.815
-360.999 696.976 -74.8713
-360.574 724.862 -80.5029
-390.691 696.786 -68.6767
-391.347 674.947 -54.1707
-361.872 670.565 -57.9989
-361.064 694.223 -73.733
-391.425 672.833 -52.0702
-392.017 658.191 -30.291
-362.677 652.565 -32.3528
-361.95 668.451 -55.8984
-392.069 657.043 -27.5402
-392.322 651.89 -1.78175
-363.011 645.823 -1.76179
-362.729 651.417 -29.602
-359.581 645.402 1.29434
-359.311 651.007 29.1275
-326.473 649.203 29.7636
-326.797 643.518 1.30126
-358.544 668.106 55.5415
-325.557 666.565 56.7404
-326.413 650.408 32.6511
-359.251 652.212 32.015
-357.659 693.994 73.4644
-324.517 692.912 75.0562
-325.465 668.784 58.9467
-358.452 670.325 57.7478
-357.164 724.775 80.2775
-324.095 724.286 81.9466
-324.447 695.803 76.2531
-357.589 696.885 74.6613
-357.081 755.822 74.7779
-324.119 755.913 76.2648
-324.073 727.418 81.9504
-357.141 727.907 80.2813
-357.101 782.369 57.8058
-324.172 782.964 58.9452
-324.12 758.809 75.0679
-357.082 758.718 73.581
-357.059 800.387 31.9824
-324.11 801.338 32.61
-324.171 785.181 56.7327
-357.099 784.586 55.5932
-357.013 807.132 1.23837
-324.051 808.211 1.2492
-324.104 802.537 29.7193
-357.053 801.586 29.0918
-357.026 801.574 -29.7404
-324.08 802.522 -30.3456
-324.049 808.21 -1.87952
-357.012 807.131 -1.89036
-357.057 784.561 -56.2312
-324.131 785.153 -57.3473
-324.083 801.321 -33.2354
-357.029 800.373 -32.6303
-357.036 758.683 -74.2036
-324.074 758.772 -75.6682
-324.131 782.936 -59.5585
-357.058 782.343 -58.4424
-357.09 727.869 -80.8878
-324.021 727.378 -82.5327
-324.072 755.875 -76.8635
-357.034 755.786 -75.3989
-357.537 696.851 -75.2506
-324.396 695.765 -76.8169
-324.043 724.245 -82.5271
-357.112 724.737 -80.8822
-358.416 670.302 -58.3177
-325.427 668.756 -59.4946
-324.467 692.875 -75.6182
-357.607 693.96 -74.0518
-359.237 652.199 -32.5641
-326.396 650.391 -33.1842
-325.52 666.539 -57.2866
-358.51 668.085 -56.1097
-359.298 650.996 -29.6754
-359.58 645.401 -1.83514
-326.796 643.517 -1.82822
-326.458 649.187 -30.2955
-323.154 643.375 1.32407
-322.831 649.06 29.7864
-289.908 648.309 29.944
-290.316 642.636 1.33393
-322.756 650.275 32.7165
-321.899 666.432 56.8058
-288.719 665.674 57.1349
-289.833 649.524 32.8741
-321.786 668.673 59.0454
-320.837 692.801 75.1548
-287.434 692.136 75.5817
-288.606 667.915 59.3744
-320.764 695.726 76.3679
-320.412 724.209 82.0613
-287.22 723.719 82.5306
-287.361 695.061 76.7947
-320.405 727.385 82.0646
-320.451 755.879 76.3789
-287.398 755.581 76.8743
-287.213 726.896 82.5338
-320.461 758.816 75.165
-320.512 782.971 59.0424
-287.482 782.836 59.4342
-287.408 758.517 75.6604
-320.511 785.218 56.798
-320.45 801.376 32.6752
-287.376 801.323 32.8846
-287.481 785.083 57.1898
-320.442 802.591 29.743
-320.388 808.264 1.27287
-287.291 808.233 1.28534
-287.368 802.538 29.9524
-320.387 808.264 -1.9006
-320.418 802.576 -30.3666
-287.347 802.522 -30.5518
-287.29 808.232 -1.88813
-320.424 801.359 -33.2981
-320.472 785.191 -57.41
-287.444 785.054 -57.7789
-287.353 801.305 -33.4833
-320.472 782.942 -59.6532
-320.414 758.779 -75.7628
-287.362 758.478 -76.2357
-287.444 782.806 -60.0221
-320.404 755.842 -76.9751
-320.353 727.344 -82.6443
-287.162 726.853 -83.0917
-287.352 755.541 -77.448
-320.361 724.168 -82.6392
-320.713 695.687 -76.9291
-287.311 695.021 -77.3351
-287.169 723.676 -83.0867
-320.787 692.763 -75.7144
-321.747 668.645 -59.5909
-288.564 667.884 -59.9012
-287.384 692.097 -76.1204
-321.862 666.405 -57.3499
-322.738 650.257 -33.2475
-289.812 649.503 -33.3859
-288.679 665.644 -57.6602
-322.815 649.044 -30.3164
-323.153 643.374 -1.84913
-290.315 642.635 -1.83927
-289.889 648.29 -30.4548
-286.677 642.522 1.34242
-286.27 648.195 29.9525
-253.547 646.867 30.0364
-254.135 641.219 1.35189
-286.165 649.408 32.8979
-285.052 665.559 57.1587
-251.799 664.181 57.3386
-253.443 648.081 32.9819
-284.88 667.808 59.4128
-283.708 692.028 75.62
-249.405 690.637 75.8511
-251.627 666.429 59.5927
-283.557 694.978 76.8376
-283.416 723.636 82.5734
-247.373 722.308 82.8158
-249.254 693.586 77.0687
-283.324 726.824 82.5704
-283.509 755.509 76.9109
-245.772 754.248 77.1802
-247.281 725.496 82.8128
-283.439 758.45 75.6894
-283.513 782.769 59.4632
-244.422 781.552 59.6808
-245.702 757.189 75.9586
-283.45 785.015 57.2077
-283.345 801.255 32.9026
-243.393 800.031 33.0189
-244.359 783.799 57.4254
-283.303 802.468 29.9591
-283.226 808.163 1.29201
-242.98 806.926 1.30537
-243.351 801.244 30.0754
-283.225 808.162 -1.89199
-283.283 802.452 -30.5556
-243.333 801.228 -30.646
-242.979 806.925 -1.87863
-283.323 801.238 -33.4985
-283.413 784.986 -57.7941
-244.325 783.769 -57.9874
-243.373 800.013 -33.5888
-283.475 782.738 -60.0484
-283.394 758.41 -76.2621
-245.658 757.149 -76.5077
-244.387 781.521 -60.2417
-283.463 755.469 -77.4822
-283.273 726.781 -83.1258
-247.23 725.452 -83.3464
-245.727 754.208 -77.7277
-283.365 723.593 -83.1272
-283.507 694.938 -77.3756
-249.203 693.545 -77.587
-247.322 722.264 -83.3477
-283.658 691.989 -76.1566
-284.838 667.776 -59.9373
-251.583 666.396 -60.0992
-249.355 690.597 -76.3679
-285.011 665.529 -57.6819
-286.144 649.388 -33.4076
-253.418 648.058 -33.4729
-251.756 664.149 -57.8437
-286.251 648.176 -30.4611
-286.676 642.521 -1.84564
-254.134 641.218 -1.83617
-253.525 646.846 -30.5264
-250.524 640.984 1.35611
-249.936 646.633 30.0406
-217.436 643.71 30.0683
-218.245 638.103 1.36675
-249.787 647.841 32.9928
-248.143 663.941 57.3495
-214.984 660.918 57.3981
-217.287 644.918 33.0205
-247.878 666.181 59.608
-245.656 690.389 75.8664
-211.39 687.227 75.9413
-214.719 663.158 59.6566
-245.351 693.33 77.0853
-243.47 722.052 82.8324
-207.568 718.765 82.8896
-211.085 690.168 77.1602
-243.19 725.238 82.8297
-241.682 753.99 77.1971
-204.102 750.58 77.2339
-207.288 721.951 82.8869
-241.443 756.928 75.974
-240.163 781.292 59.6962
-201.215 777.783 59.7305
-203.863 753.519 76.0109
-239.976 783.534 57.4361
-239.01 799.766 33.0296
-199.187 796.186 33.0545
-201.028 780.026 57.4705
-238.904 800.976 30.08
-238.533 806.658 1.30994
-198.411 803.049 1.32291
-199.081 797.395 30.1049
-238.532 806.657 -1.88031
-238.886 800.96 -30.6477
-199.065 797.38 -30.6468
-198.41 803.048 -1.86735
-238.99 799.749 -33.5968
-239.943 783.504 -57.9953
-200.997 779.996 -58.0045
-199.169 796.169 -33.5959
-240.128 781.26 -60.2543
-241.399 756.888 -76.5203
-203.82 753.479 -76.5331
-201.182 777.752 -60.2635
-241.637 753.949 -77.742
-243.14 725.194 -83.3606
-207.238 721.908 -83.3951
-204.058 750.541 -77.7548
-243.42 722.008 -83.3619
-245.301 693.29 -77.6012
-211.034 690.128 -77.655
-207.518 718.722 -83.3964
-245.606 690.349 -76.3811
-247.834 666.148 -60.1123
-214.673 663.124 -60.141
-211.34 687.187 -76.4349
-248.1 663.909 -57.8525
-249.762 647.819 -33.4816
-217.259 644.894 -33.4883
-214.939 660.885 -57.8812
-249.913 646.612 -30.5284
-250.523 640.983 -1.83815
-218.244 638.102 -1.82751
-217.41 643.687 -30.5351
-214.663 637.684 1.36892
-213.854 643.291 30.0705
-181.648 638.628 30.085
-182.705 633.074 1.3807
-213.653 644.491 33.0245
-211.35 660.49 57.4021
-178.415 655.687 57.4248
-181.447 639.828 33.039
-210.984 662.714 59.6621
-207.654 686.783 75.9468
-173.555 681.776 75.98
-178.048 657.911 59.6847
-207.197 689.704 77.1654
-203.68 718.301 82.8948
-168.006 713.065 82.9208
-173.098 684.697 77.1986
-203.218 721.468 82.8905
-200.032 750.097 77.2376
-162.715 744.634 77.2478
-167.544 716.232 82.9165
-199.625 753.018 76.0133
-196.977 777.282 59.733
-158.291 771.634 59.7429
-162.308 747.555 76.0235
-196.666 779.512 57.4726
-194.825 795.672 33.0566
-155.257 789.9 33.0684
-157.98 773.863 57.4825
-194.654 796.874 30.1065
-193.984 802.528 1.32459
-154.113 796.712 1.33775
-155.085 791.102 30.1183
-193.983 802.527 -1.86614
-194.638 796.859 -30.6456
-155.07 791.087 -30.6313
-154.112 796.711 -1.85298
-194.808 795.655 -33.5952
-196.635 779.482 -58.0038
-157.951 773.835 -57.9882
-155.241 789.884 -33.5808
-196.945 777.252 -60.2632
-199.583 752.979 -76.5328
-162.267 747.517 -76.5185
-158.261 771.604 -60.2477
-199.989 750.057 -77.7558
-203.169 721.425 -83.3962
-167.496 716.19 -83.3988
-162.673 744.596 -77.7415
-203.63 718.258 -83.3991
-207.146 689.663 -77.6577
-173.047 684.656 -77.6688
-167.957 713.023 -83.4017
-207.604 686.743 -76.438
-210.938 662.681 -60.1441
-178.001 657.876 -60.1457
-173.505 681.736 -76.4492
-211.305 660.458 -57.8828
-213.625 644.467 -33.49
-181.417 639.802 -33.4816
-178.368 655.654 -57.8844
-213.828 643.269 -30.5348
-214.662 637.683 -1.82721
-182.703 633.073 -1.81543
-181.62 638.604 -30.5264
-179.161 632.462 1.38238
-178.104 638.017 30.0867
-146.268 631.605 30.0991
-147.589 626.115 1.39493
-177.847 639.204 33.0414
-174.815 655.063 57.4272
-142.208 648.47 57.4436
-146.011 632.793 33.0538
-174.341 657.265 59.6877
-169.848 681.13 75.9829
-136.039 674.269 76.0023
-141.734 650.672 59.704
-169.238 684.022 77.2012
-164.146 712.391 82.9234
-128.8 705.213 82.9411
-135.429 677.161 77.2205
-163.508 715.527 82.9183
-158.678 743.929 77.2496
-121.726 736.434 77.258
-128.161 708.349 82.936
-158.106 746.823 76.0245
-154.089 770.901 59.7439
-115.779 763.141 59.7515
-121.154 739.327 76.0329
-153.653 773.11 57.4835
-150.93 789.147 33.0694
-111.737 781.213 33.0799
-115.344 765.349 57.4911
-150.693 790.338 30.1196
-149.72 795.948 1.33905
-110.223 787.953 1.35239
-111.5 782.404 30.1301
-149.72 795.947 -1.85135
-150.678 790.323 -30.6296
-111.486 782.39 -30.6136
-110.223 787.952 -1.83802
-150.914 789.131 -33.579
-153.624 773.081 -57.9864
-115.317 765.322 -57.9681
-111.722 781.197 -33.5629
-154.058 770.872 -60.2459
-158.065 746.785 -76.5167
-121.114 739.29 -76.5001
-115.751 763.112 -60.2277
-158.636 743.89 -77.7406
-163.459 715.485 -83.3979
-128.114 708.307 -83.3916
-121.686 736.395 -77.724
-164.097 712.348 -83.4018
-169.187 683.981 -77.6689
-135.379 677.12 -77.6653
-128.752 705.17 -83.3955
-169.797 681.09 -76.4496
-174.293 657.231 -60.1461
-141.685 650.637 -60.1405
-135.989 674.229 -76.4461
-174.768 655.03 -57.8843
-177.817 639.178 -33.4815
-145.979 632.765 -33.4696
-142.161 648.436 -57.8786
-178.076 637.992 -30.5254
-179.159 632.461 -1.81444
-147.587 626.114 -1.80189
-146.239 631.579 -30.5136
-144.091 625.31 1.3965
-142.77 630.801 30.1007
-111.383 622.656 30.1128
-112.979 617.244 1.40956
-142.454 631.973 33.0556
-138.652 647.651 57.4455
-106.472 639.281 57.4592
-111.067 623.829 33.0678
-138.067 649.824 59.7061
-132.372 673.421 76.0043
-98.9715 664.715 76.0185
-105.887 641.455 59.7198
-131.61 676.276 77.2223
-124.98 704.327 82.9429
-90.0665 695.22 82.9569
-98.2093 667.569 77.2365
-124.169 707.424 82.9374
-117.734 735.508 77.2594
-81.2517 725.996 77.2682
-89.2551 698.316 82.9514
-116.998 738.365 76.0339
-111.624 762.179 59.7524
-73.8058 752.326 59.7607
-80.5165 728.853 76.0427
-111.066 764.36 57.4921
-107.459 780.223 33.0808
-68.7627 770.147 33.0916
-73.2473 754.507 57.5003
-107.156 781.4 30.1314
-105.879 786.949 1.35369
-66.8798 776.795 1.36714
-68.4599 771.323 30.1421
-105.879 786.948 -1.83635
-107.142 781.385 -30.6119
-68.4472 771.309 -30.596
-66.8791 776.794 -1.8229
-107.444 780.208 -33.561
-111.038 764.332 -57.9662
-73.2214 754.48 -57.9483
-68.7486 770.132 -33.5451
-111.596 762.15 -60.2258
-116.959 738.328 -76.4982
-80.4785 728.816 -76.4817
-73.7786 752.298 -60.2079
-117.693 735.47 -77.7227
-124.122 707.382 -83.3902
-89.2091 698.274 -83.3799
-81.2127 725.958 -77.7061
-124.932 704.285 -83.3947
-131.56 676.235 -77.6645
-98.1598 667.528 -77.6552
-90.02 695.178 -83.3843
-132.322 673.381 -76.4456
-138.018 649.789 -60.14
-105.838 641.418 -60.1311
-98.9219 664.674 -76.4363
-138.604 647.616 -57.8779
-142.423 631.945 -33.4689
-111.036 623.798 -33.4559
-106.424 639.245 -57.869
-142.741 630.774 -30.5123
-144.09 625.309 -1.80065
-112.977 617.243 -1.78759
-111.354 622.628 -30.4994
-109.536 616.249 1.41109
-107.94 621.661 30.1143
-77.0856 611.807 30.1266
-78.9608 606.488 1.42449
-107.565 622.815 33.0694
-102.97 638.268 57.4608
-71.3126 628.144 57.4728
-76.7099 612.961 33.0816
-102.271 640.407 59.7214
-95.3563 663.667 76.0201
-62.4752 653.135 76.0321
-70.6145 630.283 59.7334
-94.4426 666.475 77.238
-86.2997 694.126 82.9583
-51.9278 683.11 82.9696
-61.5614 655.944 77.25
-85.3188 697.173 82.9526
-77.3154 724.853 77.2694
-41.4114 713.347 77.2779
-50.9469 686.157 82.9639
-76.4208 727.664 76.0437
-69.7101 751.137 59.7617
-32.4959 739.218 59.7704
-40.5167 716.159 76.0522
-69.03 753.284 57.5014
-64.5454 768.924 33.0927
-26.4653 756.731 33.1037
-31.8158 741.364 57.5101
-64.1777 770.081 30.1434
-62.5976 775.553 1.36847
-24.2165 763.266 1.38198
-26.0976 757.889 30.1545
-62.5969 775.552 -1.82125
-64.1651 770.067 -30.5944
-26.0857 757.876 -30.5786
-24.2159 763.265 -1.80774
-64.5315 768.908 -33.5432
-69.0043 753.257 -57.9464
-31.7914 741.338 -57.9289
-26.4522 756.717 -33.5275
-69.6831 751.109 -60.206
-76.3829 727.627 -76.4798
-40.4803 716.122 -76.4627
-32.4701 739.19 -60.1885
-77.2766 724.815 -77.7046
-85.273 697.131 -83.3783
-50.9024 686.115 -83.3648
-41.374 713.31 -77.6875
-86.2533 694.084 -83.383
-94.3932 666.434 -77.6539
-61.5129 655.902 -77.6421
-51.8828 683.068 -83.3696
-95.3068 663.625 -76.4353
-102.223 640.37 -60.1301
-70.566 630.245 -60.119
-62.4265 653.093 -76.4234
-102.922 638.231 -57.8679
-107.534 622.785 -33.4549
-76.6795 612.928 -33.4414
-71.2651 628.106 -57.8568
-107.912 621.632 -30.498
-109.535 616.247 -1.78623
-78.9593 606.486 -1.77284
-77.0576 611.776 -30.4846
-75.5822 605.305 1.426
-73.707 610.624 30.1281
-43.4687 599.089 30.1404
-45.6239 593.879 1.4396
-73.271 611.757 33.0831
-67.8737 626.939 57.4743
-36.8347 615.089 57.4854
-43.0328 600.222 33.0954
-67.063 629.037 59.7348
-58.9236 651.889 76.0335
-26.6724 639.563 76.0444
-36.024 617.187 59.7459
-57.8598 654.644 77.2512
-48.2262 681.811 82.9709
-14.5095 668.918 82.9811
-25.6086 642.318 77.2621
-47.0791 684.799 82.965
-37.5436 711.989 77.279
-2.33089 698.524 77.2875
-13.3624 671.906 82.9752
-36.493 714.746 76.0532
-28.4722 737.805 59.7714
8.0235 723.853 59.7806
-1.28037 701.281 76.0617
-27.6728 739.911 57.5112
-22.3223 755.278 33.1048
15.0254 741.003 33.1162
8.82289 725.958 57.5204
-21.8905 756.413 30.1559
-20.0095 761.789 1.38334
17.6343 747.403 1.39689
15.4571 742.139 30.1673
-20.0089 761.789 -1.80611
-21.8787 756.4 -30.577
15.4682 742.126 -30.5615
17.6349 747.402 -1.79256
-22.3093 755.263 -33.5256
-27.6484 739.884 -57.927
8.84604 725.932 -57.9098
15.0376 740.989 -33.5101
-28.4466 737.778 -60.1866
-36.4568 714.71 -76.4608
-1.2456 701.244 -76.4436
8.04785 723.826 -60.1693
-37.5063 711.952 -77.6858
-47.0348 684.757 -83.3631
-13.3196 671.864 -83.3483
-2.29514 698.487 -77.6686
-48.1813 681.769 -83.3681
-57.8115 654.602 -77.6406
-25.5615 642.275 -77.6274
-14.4661 668.875 -83.3533
-58.8751 651.848 -76.4221
-67.0146 628.999 -60.1178
-35.9766 617.148 -60.1055
-26.6251 639.52 -76.4089
-67.8262 626.901 -57.8556
-73.2407 611.723 -33.4402
-43.0038 600.186 -33.4264
-36.7882 615.05 -57.8434
-73.6791 610.593 -30.4831
-75.5808 605.304 -1.7714
-45.6225 593.878 -1.75781
-43.4422 599.056 -30.4694
-42.3186 592.513 1.44109
-40.1634 597.723 30.1419
-10.6267 584.54 30.1541
-13.0598 579.455 1.45471
-39.6673 598.829 33.0968
-33.4693 613.697 57.4868
-3.14001 600.153 57.4976
-10.1307 585.647 33.1091
-32.547 615.748 59.7472
-23.1954 638.123 76.0457
8.33011 624.034 76.0559
-2.21773 602.204 59.7579
-21.9839 640.816 77.2633
-10.8847 667.416 82.9822
22.0771 652.679 82.9925
9.54167 626.727 77.2735
-9.57498 670.336 82.9763
1.4565 696.954 77.2886
35.8764 681.564 77.2975
23.3869 655.599 82.9866
2.65912 699.648 76.0627
11.963 722.221 59.7816
47.6316 706.274 59.791
37.079 684.258 76.0716
12.8791 724.278 57.5215
19.0816 739.323 33.1174
55.5817 723.006 33.1288
48.5477 708.331 57.531
19.5761 740.432 30.1686
21.7533 745.697 1.39826
58.5434 729.252 1.41171
56.0763 724.116 30.1801
21.7539 745.696 -1.79095
19.5871 740.419 -30.5599
56.0866 724.103 -30.5446
58.544 729.251 -1.7775
19.0937 739.308 -33.5083
12.9021 724.252 -57.908
48.5696 708.306 -57.8912
55.5932 722.992 -33.493
11.9872 722.194 -60.1675
2.69374 699.612 -76.4418
37.1121 684.222 -76.4252
47.6547 706.247 -60.1507
1.49207 696.917 -77.6668
-9.53235 670.294 -83.3466
23.4279 655.557 -83.3319
35.9104 681.527 -77.6502
-10.8415 667.374 -83.3518
-21.9369 640.773 -77.6258
9.58708 626.684 -77.6118
22.1187 652.637 -83.3371
-23.1483 638.081 -76.4076
-32.4997 615.708 -60.1042
-2.17183 602.163 -60.0917
8.37574 623.991 -76.3936
-33.4229 613.657 -57.8421
-39.6385 598.794 -33.4251
-10.1038 585.609 -33.4114
-3.09504 600.113 -57.8295
-40.1369 597.689 -30.4679
-42.3172 592.511 -1.75634
-13.0584 579.453 -1.74272
-10.6022 584.504 -30.4542
-9.83686 577.908 1.45619
-7.40385 582.993 30.1556
21.3464 568.202 30.168
18.64 563.258 1.46975
-6.84857 584.071 33.1105
0.142141 598.578 57.4989
29.6713 583.381 57.5094
21.9017 569.281 33.1229
1.17429 600.575 59.7591
11.7221 622.405 76.0571
42.4244 606.595 76.0665
30.7034 585.378 59.7696
13.0786 625.027 77.2746
25.6141 650.979 82.9936
57.7187 634.441 83.0032
43.7808 609.217 77.284
27.0825 653.823 82.9876
39.572 679.788 77.2985
73.0939 662.517 77.3072
59.1872 637.285 82.9972
40.9226 682.41 76.0727
51.4752 704.426 59.7921
86.2085 686.532 59.8014
74.4444 665.14 76.0814
52.5048 706.429 57.5321
59.5388 721.104 33.13
95.0799 702.794 33.1412
87.2381 688.534 57.5415
60.0945 722.185 30.1815
62.5616 727.321 1.41309
98.3851 708.866 1.42633
95.6356 703.875 30.1927
62.5622 727.32 -1.77591
60.1048 722.172 -30.543
95.6453 703.863 -30.5279
98.3857 708.865 -1.76267
59.5502 721.09 -33.4913
52.5265 706.404 -57.8895
87.2587 688.51 -57.8728
95.0907 702.781 -33.4762
51.498 704.4 -60.1489
40.9555 682.374 -76.4233
74.4758 665.104 -76.4066
86.2302 686.506 -60.1322
39.6059 679.751 -77.6485
27.1233 653.781 -83.3302
59.2262 637.243 -83.3152
73.1262 662.48 -77.6317
25.6554 650.937 -83.3355
13.1238 624.984 -77.6102
43.8243 609.173 -77.5957
57.7583 634.399 -83.3205
11.7676 622.362 -76.3922
1.22001 600.534 -60.0902
30.7473 585.336 -60.0774
42.468 606.551 -76.3777
0.186898 598.537 -57.8281
-6.8219 584.034 -33.41
21.9259 569.241 -33.3964
29.7142 583.339 -57.8153
-7.37947 582.958 -30.4527
-9.83563 577.907 -1.74124
18.6412 563.257 -1.72768
21.3684 568.165 -30.4391
21.7711 561.536 1.47118
24.4775 566.48 30.1694
52.3575 550.125 30.1811
49.3838 545.337 1.48416
25.0909 567.526 33.1241
32.8605 581.626 57.5107
61.5008 564.821 57.52
52.9709 551.171 33.1358
34.0001 583.564 59.7707
45.7211 604.781 76.0676
75.5048 587.296 76.0758
62.6404 566.758 59.78
47.2189 607.324 77.285
61.1568 632.548 83.0042
92.3038 614.258 83.0125
77.0027 589.839 77.2932
62.7796 635.306 82.9981
76.6863 660.538 77.3082
109.206 641.439 77.316
93.9266 617.016 83.0064
78.1803 663.082 76.0824
89.9444 684.474 59.8024
123.637 664.685 59.8111
110.7 643.982 76.0901
91.084 686.416 57.5426
98.9258 700.676 33.1424
133.4 680.428 33.1531
124.776 666.627 57.5513
99.5408 701.724 30.1941
102.29 706.715 1.42767
137.038 686.306 1.44067
134.015 681.476 30.2048
102.291 706.714 -1.7611
99.5505 701.712 -30.5263
134.024 681.464 -30.5113
137.038 686.306 -1.74811
98.9365 700.663 -33.4744
91.1045 686.392 -57.8711
124.795 666.603 -57.8545
133.41 680.415 -33.4594
89.9659 684.448 -60.1304
78.2115 663.047 -76.4047
110.73 643.947 -76.3878
123.657 664.66 -60.1138
76.7184 660.502 -77.6299
62.8184 635.264 -83.3134
93.9635 616.974 -83.2976
109.237 641.403 -77.613
61.1962 632.506 -83.3188
47.2622 607.28 -77.5941
77.0439 589.796 -77.579
92.3413 614.216 -83.303
45.7645 604.737 -76.3762
34.0438 583.522 -60.0759
62.682 566.716 -60.0629
75.5462 587.252 -76.3611
32.9032 581.584 -57.8139
25.1149 567.487 -33.395
52.992 551.13 -33.3819
61.5413 564.778 -57.8009
24.4994 566.443 -30.4377
21.7722 561.534 -1.72623
49.3849 545.335 -1.71324
52.3765 550.086 -30.4246
52.4141 543.445 1.48554
55.3878 548.233 30.1824
82.3159 530.363 30.1938
79.0825 525.747 1.49846
56.0577 549.243 33.1369
64.5876 562.893 57.5212
92.2533 544.531 57.5297
82.9858 531.374 33.1483
65.8317 564.765 59.7809
78.6961 585.302 76.0767
107.469 566.197 76.0836
93.4975 546.402 59.7894
80.3313 587.759 77.294
95.6324 612.178 83.0134
125.724 592.191 83.0206
109.105 568.654 77.301
97.4046 614.842 83.0073
112.685 639.265 77.3168
144.103 618.394 77.3241
127.497 594.855 83.0145
114.317 641.721 76.091
127.253 662.424 59.812
159.801 640.8 59.8203
145.735 620.85 76.0984
128.499 664.3 57.5524
137.123 678.1 33.1542
170.425 655.975 33.1644
161.047 642.676 57.5607
137.795 679.112 30.2061
140.818 683.943 1.44197
174.384 661.641 1.45476
171.097 656.986 30.2163
140.819 683.942 -1.74656
137.804 679.101 -30.5097
171.106 656.975 -30.4945
174.385 661.641 -1.73376
137.133 678.087 -33.4576
128.518 664.275 -57.8528
161.065 642.652 -57.8361
170.434 655.962 -33.4424
127.273 662.399 -60.112
114.347 641.686 -76.3859
145.763 620.816 -76.3689
159.821 640.775 -60.0953
112.715 639.229 -77.6111
97.4413 614.8 -83.2957
127.531 594.814 -83.2792
144.131 618.358 -77.5941
95.6697 612.136 -83.3013
80.3722 587.716 -77.5773
109.144 568.61 -77.5611
125.76 592.149 -83.2848
78.7373 585.259 -76.3596
65.8731 564.722 -60.0614
93.5364 546.359 -60.0477
107.509 566.153 -76.3434
64.6279 562.85 -57.7995
56.0786 549.202 -33.3805
83.0036 531.331 -33.3672
92.2912 544.487 -57.7858
55.4067 548.194 -30.4231
52.415 543.443 -1.71181
79.0835 525.745 -1.69888
82.3317 530.323 -30.4098
82.0033 523.69 1.49986
85.2367 528.307 30.1952
111.137 508.981 30.2078
107.652 504.551 1.51284
85.9613 529.278 33.1495
95.2288 542.436 57.5309
121.841 522.576 57.5412
111.861 509.953 33.1621
96.574 544.235 59.7903
110.546 564.03 76.0846
138.225 543.368 76.0919
123.186 524.376 59.8006
112.314 566.393 77.3018
128.933 589.93 83.0214
157.881 568.314 83.028
139.993 545.731 77.3091
130.85 592.492 83.0153
147.456 616.031 77.3249
177.678 593.457 77.3311
159.797 570.876 83.0219
149.222 618.393 76.0992
163.288 638.343 59.8211
194.595 614.952 59.8276
179.444 595.819 76.1054
164.636 640.146 57.5616
174.014 653.444 33.1654
206.044 629.509 33.1741
195.943 616.755 57.5681
174.741 654.417 30.2176
178.028 659.072 1.45599
210.311 634.946 1.46849
206.771 630.482 30.2263
178.029 659.071 -1.73219
174.75 654.406 -30.493
206.779 630.471 -30.4769
210.311 634.945 -1.7197
174.023 653.432 -33.4406
164.654 640.122 -57.8343
195.96 616.733 -57.8162
206.053 629.497 -33.4245
163.307 638.318 -60.0934
149.249 618.358 -76.367
179.47 595.785 -76.3491
194.613 614.928 -60.0753
147.484 615.995 -77.5922
130.884 592.451 -83.2773
159.83 570.835 -83.2605
177.705 593.422 -77.5743
128.968 589.889 -83.2829
112.352 566.349 -77.5593
140.029 545.687 -77.5438
157.914 568.273 -83.2662
110.585 563.986 -76.3418
96.6127 544.192 -60.0461
123.222 524.333 -60.034
138.262 543.324 -76.3264
95.2664 542.392 -57.7845
85.9788 529.236 -33.3658
111.875 509.91 -33.3536
121.876 522.533 -57.7724
85.2523 528.266 -30.4084
82.004 523.688 -1.69747
107.653 504.549 -1.68449
111.149 508.94 -30.3962
110.455 502.337 1.51425
113.939 506.767 30.2092
138.732 486.042 30.2214
135.007 481.812 1.52649
114.717 507.697 33.1634
124.696 520.32 57.5424
150.173 499.022 57.552
139.509 486.972 33.1756
126.138 522.043 59.8015
141.178 541.035 76.0927
167.678 518.877 76.0962
151.616 500.744 59.8111
143.073 543.297 77.3095
160.961 565.88 83.0284
188.672 542.698 83.0266
169.573 521.138 77.313
163.015 568.332 83.0221
180.896 590.912 77.3313
209.824 566.698 77.3288
190.727 545.15 83.0203
182.79 593.172 76.1056
197.94 612.305 59.8278
227.902 587.21 59.8268
211.718 568.958 76.1031
199.386 614.03 57.5686
209.487 626.784 33.1746
240.136 601.099 33.1785
229.348 588.935 57.5676
210.267 627.714 30.2273
213.807 632.178 1.46952
244.697 606.287 1.48157
240.917 602.03 30.2312
213.807 632.177 -1.71801
210.275 627.703 -30.4752
240.924 602.019 -30.4551
244.697 606.286 -1.70595
209.496 626.772 -33.4223
199.403 614.007 -57.814
229.364 588.913 -57.7895
240.145 601.088 -33.4022
197.958 612.281 -60.0729
182.815 593.138 -76.3467
211.742 568.925 -76.3213
227.919 587.187 -60.0484
180.922 590.877 -77.572
163.047 568.291 -83.2582
190.757 545.11 -83.2339
209.848 566.664 -77.5465
160.993 565.839 -83.2641
143.109 543.253 -77.5418
169.607 521.095 -77.5235
188.703 542.657 -83.2398
141.214 540.991 -76.3248
126.174 521.999 -60.0325
151.649 500.701 -60.0212
167.712 518.833 -76.3065
124.731 520.277 -57.7711
114.73 507.654 -33.3523
139.52 486.928 -33.3412
150.205 498.978 -57.7598
113.951 506.726 -30.3949
110.456 502.334 -1.68316
135.007 481.81 -1.67092
138.741 486 -30.3838
137.682 479.446 1.52773
141.408 483.676 30.2226
165.012 461.606 30.2305
161.052 457.588 1.53949
142.236 484.562 33.1763
152.9 496.611 57.5528
177.165 473.936 57.5496
165.84 462.492 33.1842
154.436 498.252 59.8107
170.498 516.384 76.0958
195.747 492.804 76.0709
178.701 475.577 59.8074
172.513 518.537 77.3106
191.613 540.097 83.0241
217.992 515.409 82.9602
197.762 494.958 77.2857
193.797 542.43 83.0162
212.895 563.978 77.3248
240.407 538.164 77.2477
220.176 517.742 82.9523
214.909 566.127 76.0991
231.093 584.38 59.8228
259.567 557.604 59.7583
242.421 540.313 76.022
232.631 586.019 57.565
243.42 598.184 33.1759
272.535 570.765 33.1442
261.105 559.244 57.5005
244.249 599.068 30.2311
248.03 603.325 1.48145
277.37 575.682 1.49309
273.365 571.65 30.1994
248.03 603.324 -1.70321
244.257 599.057 -30.4524
273.372 571.64 -30.3975
277.37 575.681 -1.69158
243.428 598.172 -33.397
232.647 585.997 -57.7843
261.12 559.223 -57.6971
272.543 570.754 -33.3422
231.11 584.357 -60.0419
214.933 566.094 -76.3147
242.443 540.281 -76.2153
259.583 557.582 -59.9546
212.919 563.944 -77.54
193.827 542.39 -83.2273
220.204 517.703 -83.1418
240.43 538.131 -77.4406
191.643 540.057 -83.2349
172.547 518.494 -77.5186
197.793 494.916 -77.4728
218.02 515.37 -83.1493
170.532 516.341 -76.3038
154.468 498.208 -60.0184
178.731 475.534 -59.9949
195.778 492.762 -76.2579
152.931 496.568 -57.7582
142.246 484.518 -33.3396
165.846 462.448 -33.3251
177.194 473.893 -57.7347
141.416 483.634 -30.3824
137.682 479.444 -1.66955
161.052 457.586 -1.6578
165.016 461.564 -30.3679
163.591 455.076 1.54055
167.551 459.094 30.2316
189.878 435.732 30.2388
185.696 431.938 1.55182
168.428 459.933 33.1845
179.753 471.378 57.5498
202.709 447.372 57.5455
190.755 436.571 33.1917
181.379 472.931 59.806
198.425 490.158 76.0695
222.33 465.176 76.0442
204.335 448.925 59.8016
200.556 492.195 77.2809
220.785 512.647 82.9554
245.786 486.468 82.8944
224.461 467.213 77.2556
223.093 514.851 82.9446
243.324 535.273 77.24
269.41 507.893 77.167
248.094 488.672 82.8836
245.452 537.302 76.0143
262.598 554.593 59.7505
289.602 526.191 59.6897
271.538 509.923 75.9412
264.223 556.141 57.4953
275.652 567.663 33.1389
303.268 538.579 33.1092
291.227 527.739 57.4344
276.529 568.498 30.1983
280.534 572.53 1.49199
308.363 543.207 1.50321
304.144 539.414 30.1686
280.534 572.529 -1.68795
276.536 568.488 -30.3939
304.151 539.404 -30.3419
308.364 543.206 -1.67674
275.66 567.652 -33.3344
264.237 556.12 -57.6893
291.24 527.719 -57.6065
303.275 538.568 -33.2824
262.613 554.571 -59.9444
245.474 537.27 -76.2051
271.558 509.892 -76.1106
289.616 526.17 -59.8616
243.347 535.24 -77.4305
223.121 514.812 -83.1317
248.119 488.634 -83.0498
269.43 507.862 -77.336
220.813 512.608 -83.1422
200.587 492.153 -77.4656
224.489 467.172 -77.4201
245.811 486.43 -83.0603
198.455 490.116 -76.2542
181.408 472.888 -59.9912
204.362 448.883 -59.9674
222.358 465.134 -76.2086
179.781 471.335 -57.7326
168.434 459.889 -33.323
190.757 436.527 -33.3087
202.734 447.33 -57.7088
167.555 459.052 -30.3665
163.591 455.074 -1.65637
185.696 431.935 -1.6451
189.879 435.69 -30.3522
188.089 429.286 1.5529
192.271 433.08 30.2399
213.24 408.485 30.2493
208.852 404.93 1.56356
193.194 433.869 33.1922
205.149 444.67 57.546
226.703 419.391 57.5516
214.163 409.274 33.2016
206.859 446.131 59.801
224.854 462.381 76.0435
247.29 436.066 76.0439
228.414 420.851 59.8066
227.097 464.294 77.2531
248.421 483.549 82.892
271.903 456.003 82.8917
249.532 437.979 77.2535
250.848 485.618 82.8799
272.163 504.84 77.1633
296.691 476.058 77.1649
274.329 458.072 82.8796
274.401 506.744 75.9376
292.465 523.013 59.6861
317.88 493.179 59.6897
298.928 477.962 75.9392
294.173 524.465 57.4322
306.214 535.304 33.107
332.218 504.768 33.113
319.588 494.631 57.4357
307.135 536.087 30.1686
311.354 539.881 1.50315
337.564 509.098 1.51374
333.14 505.551 30.1746
311.355 539.88 -1.67427
307.142 536.078 -30.3395
333.146 505.542 -30.3244
337.564 509.097 -1.66368
306.221 535.294 -33.2778
294.186 524.445 -57.6019
319.6 494.613 -57.5847
332.225 504.758 -33.2628
292.479 522.992 -59.8557
274.42 506.714 -76.1046
298.946 477.933 -76.086
317.893 493.159 -59.8385
272.184 504.808 -77.33
250.872 485.581 -83.0438
274.352 458.036 -83.0237
296.71 476.028 -77.3114
248.446 483.511 -83.0557
227.124 464.253 -77.4154
249.557 437.94 -77.3967
271.926 455.966 -83.0356
224.882 462.34 -76.2058
206.885 446.089 -59.9645
228.437 420.81 -59.9516
247.315 436.026 -76.187
205.173 444.628 -57.707
193.196 433.826 -33.307
214.161 409.231 -33.296
226.725 419.35 -57.6941
192.272 433.039 -30.3509
188.089 429.284 -1.64378
208.852 404.928 -1.63312
213.237 408.444 -30.3399
211.092 402.146 1.56464
215.48 405.701 30.2503
235.03 379.951 30.2593
230.449 376.646 1.57461
216.446 406.437 33.2024
228.986 416.555 57.5524
249.08 390.09 57.5583
235.995 380.687 33.2113
230.775 417.917 59.807
249.652 433.132 76.0443
270.565 405.588 76.0477
250.87 391.452 59.8128
251.997 434.916 77.2538
274.368 452.94 82.8919
296.256 424.114 82.8972
272.911 407.373 77.2572
276.907 454.869 82.88
299.269 472.855 77.1653
322.136 442.74 77.173
298.795 426.043 82.8853
301.609 474.63 75.9398
320.561 489.847 59.6903
344.26 458.631 59.6992
324.476 444.514 75.9476
322.348 491.2 57.4365
334.979 501.336 33.1138
359.232 469.387 33.123
346.047 459.984 57.4454
335.943 502.065 30.1756
340.367 505.612 1.51473
364.813 473.407 1.52468
360.196 470.116 30.1849
340.367 505.612 -1.6624
335.949 502.057 -30.3232
360.201 470.108 -30.3127
364.814 473.406 -1.65245
334.985 501.327 -33.2613
322.36 491.181 -57.5832
346.058 459.967 -57.5728
359.238 469.378 -33.2508
320.574 489.827 -59.8369
301.628 474.601 -76.0844
324.493 444.487 -76.0731
344.272 458.613 -59.8264
299.287 472.825 -77.3096
276.93 454.833 -83.022
298.816 426.009 -83.0087
322.153 442.711 -77.2983
274.391 452.903 -83.0337
252.022 434.877 -77.3948
272.933 407.335 -77.3802
296.277 424.079 -83.0205
249.676 433.092 -76.1854
230.798 417.876 -59.9499
250.89 391.413 -59.9384
270.588 405.55 -76.1708
229.007 416.514 -57.6928
216.444 406.395 -33.2947
235.99 380.646 -33.2846
249.099 390.05 -57.6813
215.477 405.661 -30.3387
211.092 402.144 -1.63195
230.448 376.644 -1.62198
235.023 379.912 -30.3286
232.528 373.739 1.5756
237.109 377.044 30.2603
255.18 350.219 30.2686
250.42 347.173 1.58488
238.114 377.725 33.212
251.2 387.128 57.559
269.773 359.563 57.564
256.185 350.9 33.2203
253.062 388.389 59.8133
272.758 402.525 76.0481
292.086 373.844 76.0507
271.636 360.824 59.8183
275.199 404.176 77.2576
298.545 420.917 82.8976
318.771 390.906 82.9019
294.527 375.494 77.2602
301.188 422.7 82.886
324.528 439.397 77.1737
345.66 408.042 77.1809
321.415 392.689 82.8903
326.966 441.036 75.9485
346.75 455.153 59.7001
368.653 422.65 59.709
348.098 409.682 75.9557
348.611 456.402 57.4464
361.795 465.805 33.124
384.211 432.537 33.1332
370.514 423.9 57.4553
362.799 466.478 30.1859
367.416 469.769 1.52572
390.011 436.233 1.53504
385.215 433.21 30.1951
367.417 469.768 -1.65136
362.804 466.471 -30.3116
385.22 433.203 -30.3022
390.012 436.233 -1.64204
361.801 465.796 -33.2497
348.622 456.385 -57.5716
370.524 423.884 -57.5623
384.217 432.529 -33.2403
346.761 455.135 -59.8252
326.982 441.009 -76.0719
348.113 409.656 -76.0614
368.663 422.634 -59.8159
324.545 439.369 -77.297
301.208 422.666 -83.0074
321.433 392.656 -82.9944
345.676 408.016 -77.2864
298.565 420.882 -83.0189
275.221 404.138 -77.3787
294.547 375.458 -77.3646
318.79 390.873 -83.006
272.78 402.487 -76.1693
253.082 388.35 -59.937
271.652 360.787 -59.9257
292.105 373.808 -76.1552
251.218 387.089 -57.6801
238.108 377.685 -33.2834
256.175 350.861 -33.274
269.788 359.526 -57.6688
237.102 377.005 -30.3275
232.528 373.737 -1.62088
250.42 347.171 -1.61161
255.169 350.182 -30.3181
252.333 344.152 1.58577
257.093 347.197 30.2694
273.628 319.379 30.2769
268.706 316.599 1.59417
258.134 347.822 33.2209
271.722 356.485 57.5646
288.716 327.907 57.5684
274.669 320.004 33.2284
273.652 357.641 59.8185
294.102 370.661 76.051
311.784 340.935 76.0522
290.646 329.063 59.8224
296.632 372.173 77.2605
320.876 387.585 82.9022
339.377 356.487 82.9051
314.313 342.448 77.2617
323.615 389.217 82.8908
347.86 404.57 77.1815
367.191 372.078 77.1879
342.117 358.119 82.8937
350.387 406.069 75.9565
370.942 419.038 59.7098
390.98 385.351 59.7181
369.718 373.576 75.9629
372.871 420.179 57.4562
386.568 428.816 33.1341
407.076 394.333 33.1427
392.909 386.492 57.4645
387.609 429.431 30.196
392.406 432.454 1.53603
413.077 397.694 1.54458
408.116 394.949 30.2046
392.406 432.454 -1.64104
387.614 429.424 -30.3012
408.121 394.943 -30.2929
413.077 397.694 -1.63249
386.574 428.808 -33.2393
372.881 420.163 -57.5613
392.918 386.477 -57.553
407.081 394.327 -33.231
370.953 419.021 -59.8148
350.402 406.043 -76.0603
369.731 373.552 -76.0504
390.99 385.336 -59.8065
347.876 404.544 -77.2852
323.633 389.185 -82.9931
342.133 358.088 -82.9802
367.205 372.053 -77.2753
320.894 387.552 -83.0044
296.651 372.138 -77.363
314.33 342.414 -77.349
339.394 356.456 -82.9915
294.121 370.625 -76.1537
273.668 357.604 -59.9243
290.66 329.029 -59.9134
311.801 340.902 -76.1397
271.737 356.448 -57.6676
258.124 347.784 -33.2728
274.656 319.967 -33.2642
288.729 327.873 -57.6567
257.082 347.161 -30.3171
252.333 344.15 -1.61058
268.705 316.597 -1.60218
273.614 319.344 -30.3085
270.447 313.472 1.59495
275.368 316.252 30.2777
290.317 287.523 30.2844
285.249 285.013 1.6025
276.443 316.819 33.2288
290.49 324.723 57.5689
305.852 295.221 57.5714
291.392 288.09 33.2355
292.48 325.771 59.8225
313.618 337.644 76.0523
329.597 306.971 76.0521
307.842 296.27 59.825
316.227 339.014 77.2619
341.291 353.053 82.9052
358.01 320.97 82.9066
332.207 308.341 77.2616
344.118 354.529 82.8941
369.192 368.488 77.1883
386.662 334.961 77.1941
360.837 322.446 82.8956
371.8 369.84 75.9637
393.062 381.615 59.7189
411.172 346.85 59.727
389.269 336.314 75.9694
395.053 382.644 57.4654
409.22 390.485 33.1436
427.754 354.898 33.1518
413.162 347.879 57.4735
410.294 391.04 30.2056
415.254 393.786 1.5455
433.936 357.912 1.55329
428.828 355.453 30.2137
415.255 393.785 -1.63161
410.299 391.034 -30.292
428.832 355.448 -30.2847
433.936 357.912 -1.62382
409.225 390.479 -33.2301
395.062 382.63 -57.5521
413.171 347.866 -57.5451
427.759 354.893 -33.2229
393.072 381.6 -59.8056
371.814 369.817 -76.0494
389.282 336.292 -76.0404
411.181 346.837 -59.7985
369.206 368.463 -77.274
344.134 354.499 -82.9789
360.852 322.417 -82.9661
386.675 334.939 -77.265
341.308 353.022 -82.99
316.244 338.981 -77.3475
332.222 308.311 -77.3334
358.025 320.941 -82.9772
313.635 337.61 -76.1382
292.494 325.737 -59.9119
307.853 296.238 -59.9011
329.612 306.94 -76.1241
290.502 324.689 -57.6555
276.429 316.783 -33.263
291.375 288.057 -33.2553
305.861 295.19 -57.6447
275.354 316.218 -30.3076
270.446 313.47 -1.60123
285.248 285.012 -1.59368
290.3 287.491 -30.2998
286.811 281.79 1.60316
291.88 284.3 30.2851
305.196 254.744 30.2909
299.998 252.506 1.60982
292.983 284.809 33.2358
307.443 291.94 57.5716
321.126 261.606 57.5725
306.3 255.253 33.2416
309.488 292.879 59.8249
331.243 303.58 76.052
345.472 272.061 76.05
323.17 262.546 59.8257
333.924 304.806 77.2616
359.727 317.434 82.9066
374.613 284.472 82.9065
348.152 273.287 77.2597
362.633 318.75 82.8959
388.457 331.265 77.1945
404.013 296.812 77.2
377.519 285.787 82.8958
391.138 332.467 75.9702
413.04 343.003 59.7277
429.167 307.27 59.7359
406.694 298.013 75.9757
415.087 343.916 57.4744
429.678 350.935 33.1527
446.181 314.356 33.1606
431.213 308.183 57.4827
430.782 351.428 30.2146
435.89 353.887 1.55415
452.524 317.015 1.56118
447.285 314.849 30.2225
435.89 353.887 -1.62305
430.787 351.423 -30.284
447.289 314.846 -30.278
452.524 317.015 -1.61603
429.683 350.929 -33.2221
415.096 343.903 -57.5444
431.222 308.172 -57.5391
446.186 314.352 -33.2162
413.05 342.989 -59.7977
391.151 332.445 -76.0396
406.706 297.993 -76.032
429.176 307.258 -59.7924
388.47 331.243 -77.2639
362.648 318.722 -82.9649
377.533 285.761 -82.9522
404.026 296.791 -77.2563
359.743 317.406 -82.9757
333.939 304.775 -77.3319
348.166 273.26 -77.3177
374.627 284.445 -82.9629
331.258 303.55 -76.1226
309.499 292.848 -59.8995
323.179 262.518 -59.8885
345.485 272.034 -76.1084
307.453 291.909 -57.6435
292.967 284.776 -33.2541
306.281 255.223 -33.2472
321.133 261.579 -57.6325
291.863 284.269 -30.2989
286.81 281.789 -1.59279
299.997 252.505 -1.58613
305.177 254.716 -30.292
301.377 249.196 1.61034
306.576 251.434 30.2914
318.22 221.134 30.2963
312.907 219.166 1.61604
307.706 251.884 33.2416
322.531 258.238 57.5725
334.493 227.167 57.571
319.349 221.585 33.2465
324.623 259.068 59.8253
346.925 268.583 76.0496
359.359 236.326 76.0452
336.585 227.997 59.8239
349.668 269.662 77.2594
376.129 280.847 82.9063
389.139 247.114 82.9042
362.103 237.404 77.255
379.104 281.997 82.8961
405.599 293.022 77.2003
419.195 257.749 77.2063
392.113 248.264 82.894
408.344 294.067 75.9765
430.816 303.323 59.7367
444.911 266.734 59.7455
421.941 258.795 75.9825
432.912 304.117 57.4836
447.879 310.291 33.1615
462.3 272.837 33.1692
447.006 267.528 57.4924
449.009 310.72 30.2233
454.249 312.886 1.562
468.783 275.135 1.56811
463.43 273.267 30.231
454.249 312.886 -1.61539
449.014 310.716 -30.2774
463.435 273.265 -30.2731
468.783 275.134 -1.60928
447.885 310.287 -33.2157
432.92 304.107 -57.5386
447.015 267.52 -57.5357
462.306 272.835 -33.2114
430.825 303.312 -59.7917
408.356 294.047 -76.0314
421.953 258.776 -76.0261
444.92 266.725 -59.7889
405.611 293.001 -77.2552
379.118 281.971 -82.9511
392.127 248.24 -82.9381
419.208 257.73 -77.2499
376.143 280.82 -82.9614
349.682 269.635 -77.3162
362.115 237.38 -77.3012
389.152 247.09 -82.9484
346.938 268.556 -76.1068
324.632 259.041 -59.8869
336.592 227.974 -59.8752
359.371 236.302 -76.0918
322.538 258.211 -57.6313
307.686 251.855 -33.2459
319.328 221.56 -33.2398
334.499 227.144 -57.6196
306.556 251.406 -30.2912
301.376 249.194 -1.58529
312.906 219.164 -1.5796
318.198 221.111 -30.2851
314.1 215.777 1.61637
319.413 217.746 30.2966
329.349 186.786 30.2998
323.938 185.079 1.62112
320.564 218.139 33.2461
335.708 223.721 57.5707
345.916 192.009 57.565
330.501 187.179 33.2493
337.84 224.442 59.823
360.615 232.771 76.0443
371.222 199.888 76.0338
348.048 192.731 59.8173
363.413 233.701 77.2544
390.449 243.411 82.9036
401.547 209.018 82.8981
374.02 200.818 77.2438
393.483 244.391 82.8941
420.566 253.877 77.2064
432.166 217.894 77.2138
404.582 209.998 82.8887
423.366 254.761 75.9834
446.336 262.701 59.7464
458.357 225.371 59.7558
434.967 218.779 75.9907
448.474 263.373 57.4934
463.768 268.682 33.1702
476.062 230.475 33.1772
460.494 226.042 57.5028
464.92 269.047 30.2318
470.273 270.915 1.56887
482.662 232.406 1.57395
477.215 230.839 30.2388
470.273 270.914 -1.6088
464.925 269.045 -30.2726
477.22 230.84 -30.2697
482.663 232.406 -1.60372
463.773 268.68 -33.2111
448.482 263.365 -57.5355
460.504 226.037 -57.5354
476.068 230.475 -33.2082
446.345 262.692 -59.7886
423.378 254.743 -76.0258
434.979 218.762 -76.0239
458.367 225.364 -59.7884
420.578 253.858 -77.2489
393.497 244.368 -82.9371
404.595 209.977 -82.9227
432.179 217.877 -77.247
390.462 243.387 -82.9467
363.425 233.678 -77.2995
374.032 200.798 -77.2801
401.561 208.996 -82.9324
360.627 232.748 -76.0899
337.848 224.42 -59.8732
348.054 192.714 -59.8588
371.233 199.868 -76.0705
335.714 223.699 -57.6181
320.542 218.115 -33.2383
330.477 187.16 -33.2322
345.92 191.993 -57.6037
319.391 217.723 -30.2842
314.099 215.776 -1.57878
323.937 185.078 -1.57403
329.325 186.768 -30.2782
324.941 181.621 1.6211
330.352 183.328 30.2998
338.56 151.789 30.2962
333.066 150.329 1.62494
331.522 183.666 33.248
346.937 188.496 57.5637
355.369 156.244 57.5443
339.73 152.127 33.2444
349.103 189.112 59.815
372.277 196.27 76.0315
381.034 162.883 75.9994
357.535 156.861 59.7956
375.121 197.05 77.2421
402.648 205.25 82.8965
411.808 170.305 82.8814
383.878 163.663 77.2101
405.733 206.055 82.8884
433.317 213.951 77.2135
442.888 177.364 77.219
414.893 171.11 82.8733
436.164 214.671 75.9915
459.554 221.263 59.7565
469.461 183.305 59.7613
445.734 178.084 75.997
461.726 221.811 57.5035
477.294 226.243 33.1779
487.417 187.402 33.1805
471.633 183.853 57.5083
478.465 226.542 30.2393
483.913 228.109 1.57452
494.112 188.966 1.57828
488.588 187.701 30.2419
483.913 228.109 -1.60331
478.47 226.542 -30.2693
488.595 187.704 -30.2647
494.112 188.966 -1.59955
477.3 226.243 -33.2081
461.736 221.805 -57.5352
471.644 183.85 -57.5333
487.425 187.405 -33.2035
459.564 221.256 -59.7883
436.177 214.654 -76.0238
445.749 178.068 -76.0227
469.472 183.301 -59.7864
433.33 213.934 -77.2459
405.747 206.034 -82.9216
414.907 171.091 -82.8997
442.902 177.348 -77.2448
402.662 205.229 -82.9298
375.133 197.03 -77.2776
383.891 163.648 -77.2382
411.823 170.285 -82.9079
372.289 196.251 -76.0673
349.11 189.097 -59.8556
357.542 156.852 -59.8285
381.046 162.868 -76.028
346.942 188.48 -57.6014
331.499 183.648 -33.23
339.706 152.117 -33.2186
355.374 156.236 -57.5744
330.328 183.311 -30.2772
324.94 181.62 -1.57304
333.065 150.328 -1.5692
338.536 151.78 -30.2658
333.88 146.811 1.62349
339.373 148.272 30.2947
345.89 116.247 30.2526
340.331 115.011 1.62633
340.558 148.558 33.2393
356.197 152.675 57.5391
362.879 120.003 57.4493
347.075 116.534 33.1971
358.389 153.192 59.7876
381.888 159.214 75.9915
388.8 125.458 75.8654
365.071 120.519 59.6979
384.768 159.844 77.2034
412.698 166.485 82.8747
419.892 131.085 82.8007
391.679 126.087 77.0773
415.821 167.109 82.8697
443.816 173.363 77.2154
451.301 136.269 77.1705
423.015 131.708 82.7958
446.697 173.914 75.9949
470.424 179.135 59.7592
478.135 140.658 59.7149
454.182 136.82 75.95
472.621 179.558 57.5067
488.406 183.107 33.1789
496.265 143.746 33.1517
480.332 141.081 57.4624
489.59 183.34 30.2414
495.115 184.605 1.57781
503.028 144.944 1.57925
497.449 143.98 30.2143
495.115 184.605 -1.59851
489.597 183.344 -30.2637
497.459 143.987 -30.2337
503.029 144.945 -1.59707
488.414 183.11 -33.2013
472.633 179.555 -57.5311
480.348 141.081 -57.4837
496.275 143.753 -33.1713
470.436 179.131 -59.7837
446.712 173.898 -76.02
454.2 136.805 -75.971
478.151 140.657 -59.7363
443.831 173.347 -77.2405
415.836 167.089 -82.8955
423.033 131.691 -82.8163
451.319 136.254 -77.1915
412.713 166.466 -82.9005
384.781 159.829 -77.2308
391.696 126.076 -77.0984
419.91 131.068 -82.8213
381.901 159.2 -76.0192
358.397 153.184 -59.8198
365.082 120.521 -59.7223
388.816 125.448 -75.8868
356.203 152.668 -57.5684
340.535 148.549 -33.2126
347.055 116.535 -33.1637
362.888 120.005 -57.4709
339.35 148.262 -30.2635
333.878 146.811 -1.56695
340.33 115.011 -1.56411
345.87 116.248 -30.2146
340.983 111.449 1.61799
346.542 112.686 30.2442
351.794 80.3442 30.0011
346.226 79.3014 1.61816
347.733 112.927 33.172
363.536 116.397 57.4242
368.802 83.5109 56.9429
352.985 80.5859 32.9288
365.739 116.82 59.6616
389.468 121.758 75.8291
394.703 87.7834 75.2259
371.005 83.9341 59.1802
392.362 122.231 77.0398
420.574 127.229 82.7632
425.766 91.446 82.2001
397.597 88.2566 76.4366
423.71 127.66 82.7616
451.996 132.221 77.1364
457.155 94.6865 76.5869
428.902 91.8773 82.1986
454.889 132.599 75.9203
478.842 136.437 59.6852
483.957 97.5067 59.2482
460.048 95.0647 75.3709
481.049 136.734 57.4418
496.981 139.4 33.1311
502.11 99.5827 32.8895
486.164 97.8033 57.0047
498.172 139.568 30.2067
503.751 140.532 1.57165
508.891 100.414 1.56186
503.301 99.7509 29.9651
503.752 140.533 -1.59014
498.182 139.575 -30.2268
503.309 99.7613 -29.9958
508.891 100.415 -1.59992
496.992 139.407 -33.1505
481.065 136.735 -57.4629
486.19 97.8077 -57.0128
502.119 99.5935 -32.9195
478.858 136.437 -59.7057
454.908 132.585 -75.9404
460.075 95.0522 -75.3775
483.984 97.5095 -59.2557
452.015 132.206 -77.1565
423.729 127.643 -82.7812
428.929 91.8626 -82.2085
457.182 94.6731 -76.5936
420.593 127.212 -82.783
392.379 122.221 -77.0601
397.621 88.2502 -76.4505
425.793 91.4316 -82.2103
389.485 121.749 -75.8496
365.751 116.822 -59.6852
371.027 83.9479 -59.1944
394.727 87.7783 -75.2401
363.546 116.4 -57.445
347.713 112.93 -33.1378
352.976 80.6018 -32.8904
368.822 83.5256 -56.9542
346.522 112.688 -30.2057
340.982 111.45 -1.55526
346.225 79.3019 -1.55509
351.784 80.3596 -29.9583
346.92 75.7609 1.57424
352.488 76.8037 29.9572
359.675 44.9619 28.6461
354.364 44.0652 1.57187
353.651 77.0093 32.804
369.468 79.9343 56.818
375.931 47.6843 54.4107
360.838 45.1676 31.4929
371.614 80.2878 58.9931
395.312 84.1371 75.0388
400.671 51.4638 71.94
378.077 48.0377 56.5858
398.12 84.5179 76.2195
426.289 87.7073 81.983
430.287 55.0884 78.5393
403.479 51.8446 73.1207
429.348 88.0426 81.9877
457.602 90.8518 76.376
460.206 58.2444 73.1039
433.346 55.4237 78.544
460.431 91.1423 75.1948
484.34 93.5843 59.0721
485.789 60.9124 56.5792
463.035 58.5349 71.9227
486.504 93.8137 56.889
502.449 95.5931 32.7738
503.193 62.8197 31.4332
487.953 61.1418 54.3961
503.62 95.7243 29.924
509.21 96.3878 1.52072
509.712 63.5511 1.50821
504.363 62.9509 28.5834
509.21 96.3877 -1.56105
503.627 95.734 -29.9569
504.36 62.931 -28.6289
509.712 63.551 -1.57357
502.459 95.6028 -32.8037
486.53 93.8169 -56.897
487.98 61.1228 -54.3911
503.191 62.7998 -31.4757
484.368 93.5867 -59.0781
460.459 91.1294 -75.1999
463.065 58.5229 -71.9193
485.818 60.8926 -56.5722
457.63 90.8387 -76.3817
429.376 88.0282 -81.9966
433.377 55.4138 -78.5469
460.236 58.2322 -73.101
426.316 87.6934 -81.9925
398.145 84.512 -76.2327
403.507 51.8449 -73.1308
430.318 55.079 -78.5428
395.336 84.133 -75.0524
371.636 80.3025 -59.0068
378.097 48.0664 -56.6007
400.699 51.4659 -71.9506
369.488 79.9504 -56.8291
353.642 77.0266 -32.7653
360.826 45.1988 -31.4587
375.95 47.7142 -54.423
352.478 76.8199 -29.9145
346.92 75.7621 -1.51126
354.364 44.0664 -1.51363
359.662 44.9921 -28.6079
355.224 40.5706 1.48747
360.534 41.4673 28.5617
368.569 10.1539 26.8419
363.581 9.38814 1.48172
361.635 41.644 31.2539
376.728 44.1608 54.1717
383.838 12.508 51.0116
369.67 10.3307 29.5341
378.759 44.4709 56.2309
401.354 47.8969 71.5851
407.076 15.853 67.4445
385.869 12.8182 53.0708
404.01 48.253 72.7011
430.818 51.4968 78.1197
434.831 19.3241 73.6306
409.733 16.2091 68.5605
433.704 51.8291 78.1181
460.564 54.6499 72.6781
462.838 22.4307 68.5022
437.718 19.6564 73.6291
463.232 54.9357 71.5576
485.985 57.3131 56.2141
486.737 25.0161 52.9602
465.506 22.7165 67.3816
488.026 57.5341 54.151
503.266 59.212 31.1881
502.956 26.8085 29.4064
488.778 25.237 50.8971
504.371 59.3342 28.4971
509.72 59.9344 1.42189
509.03 27.4682 1.4311
504.061 26.9306 26.7154
509.72 59.9326 -1.48734
504.367 59.3126 -28.5427
504.056 26.8855 -26.7465
509.03 27.4663 -1.47812
503.264 59.1888 -31.2301
488.053 57.5119 -54.1455
488.797 25.196 -50.8897
502.953 26.7617 -29.4339
486.014 57.2923 -56.2065
463.262 54.9226 -71.5536
465.528 22.7036 -67.3783
486.757 24.9765 -52.9508
460.594 54.6379 -72.6748
433.735 51.8194 -78.1207
437.74 19.6494 -73.6295
462.86 22.4189 -68.4995
430.849 51.4879 -78.1227
404.038 48.2538 -72.7107
409.754 16.213 -68.5656
434.854 19.3178 -73.6316
401.381 47.9 -71.5954
378.78 44.5005 -56.2455
385.88 12.8586 -53.0821
407.097 15.8592 -67.4503
376.746 44.1923 -54.1844
361.623 41.6769 -31.22
369.655 10.3774 -29.5081
383.847 12.5505 -51.0209
360.521 41.4982 -28.5243
355.223 40.5726 -1.43003
363.58 9.39017 -1.43579
368.553 10.1987 -26.8124
364.632 6.12282 1.35312
369.62 6.88862 26.7133
380.239 -21.0083 23.7841
375.816 -21.6299 1.33237
370.628 7.03652 29.1719
384.796 9.21388 50.6495
393.846 -19.1014 45.2731
381.247 -20.8604 26.2428
386.657 9.47817 52.5283
407.865 12.513 66.902
414.591 -16.3105 59.8211
395.707 -18.8372 47.1518
410.293 12.8361 67.9158
435.391 15.9511 72.986
439.255 -13.0406 65.2252
417.019 -15.9875 60.8349
438.02 16.278 72.9826
463.14 19.0524 67.8556
464.067 -9.7844 60.6965
441.884 -12.7137 65.2218
465.57 19.3438 66.8342
486.801 21.6434 52.4128
485.259 -7.01969 46.9553
466.497 -9.49292 59.6751
488.66 21.8666 50.5317
502.838 23.4381 29.041
499.63 -5.14863 26.1106
487.117 -6.79646 45.0742
503.843 23.5586 26.5886
508.812 24.0961 1.30429
505.024 -4.45041 1.32553
500.635 -5.02804 23.6582
508.812 24.0947 -1.34772
503.839 23.5139 -26.6161
500.634 -5.03031 -23.6591
505.024 -4.45184 -1.32648
502.834 23.3918 -29.0676
488.678 21.8262 -50.5234
487.117 -6.8002 -45.0743
499.63 -5.1524 -26.1105
486.82 21.6045 -52.4039
465.591 19.3316 -66.8315
466.498 -9.49494 -59.6747
485.259 -7.02193 -46.9549
463.161 19.041 -67.853
438.041 16.2715 -72.9831
441.885 -12.7147 -65.2215
464.068 -9.78549 -60.6963
435.412 15.945 -72.9866
410.312 12.8401 -67.9206
417.02 -15.9879 -60.8349
439.256 -13.0412 -65.2251
407.883 12.5183 -66.9068
386.667 9.51776 -52.5386
395.707 -18.8361 -47.152
414.591 -16.3097 -59.8211
384.805 9.2552 -50.6593
370.613 7.08211 -29.1465
381.246 -20.8576 -26.2423
393.845 -19.0986 -45.2726
369.605 6.93276 -26.6869
364.632 6.12424 -1.31025
375.816 -21.6284 -1.331
380.238 -21.0069 -23.7827
-393.622 664.583 25.4627
-393.834 659.421 -0.294859
-393.581 664.574 -26.0533
-392.989 679.217 -47.8325
-392.333 701.055 -62.3385
-391.9 726.77 -67.4437
-391.764 752.515 -62.3894
-391.765 774.389 -47.8756
-391.756 789.018 -26.0752
-391.75 794.159 -0.331514
-391.777 789.033 25.4149
-391.796 774.415 47.2219
-391.803 752.549 61.7465
-391.943 726.807 66.815
-392.375 701.09 61.7237
-393.038 679.24 47.234
382.635 -22.3863 1.76393e-05
387.057 -21.7648 22.4517
399.656 -20.0058 41.4821
418.54 -17.4792 54.1513
440.777 -14.5323 58.5415
462.96 -11.603 54.0162
481.721 -9.1298 41.2965
494.234 -7.48197 22.3329
498.623 -6.90434 0.000247942
494.233 -7.48281 -22.3323
481.721 -9.13061 -41.2962
462.96 -11.6036 -54.016
440.777 -14.5328 -58.5413
418.54 -17.4795 -54.1511
399.656 -20.0059 -41.482
387.057 -21.7648 -22.4517
</DataArray>
</Points>
<Cells>
<DataArray type="Int32" Name="connectivity" format="ascii">
0 1 2 3 
4 5 6 7 
8 9 10 11 
12 13 14 15 
16 17 18 19 
20 21 22 23 
24 25 26 27 
28 29 30 31 
32 33 34 35 
36 37 38 39 
40 41 42 43 
44 45 46 47 
48 49 50 51 
52 53 54 55 
56 57 58 59 
60 61 62 63 
64 65 66 67 
68 69 70 71 
72 73 74 75 
76 77 78 79 
80 81 82 83 
84 85 86 87 
88 89 90 91 
92 93 94 95 
96 97 98 99 
100 101 102 103 
104 105 106 107 
108 109 110 111 
112 113 114 115 
116 117 118 119 
120 121 122 123 
124 125 126 127 
128 129 130 131 
132 133 134 135 
136 137 138 139 
140 141 142 143 
144 145 146 147 
148 149 150 151 
152 153 154 155 
156 157 158 159 
160 161 162 163 
164 165 166 167 
168 169 170 171 
172 173 174 175 
176 177 178 179 
180 181 182 183 
184 185 186 187 
188 189 190 191 
192 193 194 195 
196 197 198 199 
200 201 202 203 
204 205 206 207 
208 209 210 211 
212 213 214 215 
216 217 218 219 
220 221 222 223 
224 225 226 227 
228 229 230 231 
232 233 234 235 
236 237 238 239 
240 241 242 243 
244 245 246 247 
248 249 250 251 
252 253 254 255 
256 257 258 259 
260 261 262 263 
264 265 266 267 
268 269 270 271 
272 273 274 275 
276 277 278 279 
280 281 282 283 
284 285 286 287 
288 289 290 291 
292 293 294 295 
296 297 298 299 
300 301 302 303 
304 305 306 307 
308 309 310 311 
312 313 314 315 
316 317 318 319 
320 321 322 323 
324 325 326 327 
328 329 330 331 
332 333 334 335 
336 337 338 339 
340 341 342 343 
344 345 346 347 
348 349 350 351 
352 353 354 355 
356 357 358 359 
360 361 362 363 
364 365 366 367 
368 369 370 371 
372 373 374 375 
376 377 378 379 
380 381 382 383 
384 385 386 387 
388 389 390 391 
392 393 394 395 
396 397 398 399 
400 401 402 403 
404 405 406 407 
408 409 410 411 
412 413 414 415 
416 417 418 419 
420 421 422 423 
424 425 426 427 
428 429 430 431 
432 433 434 435 
436 437 438 439 
440 441 442 443 
444 445 446 447 
448 449 450 451 
452 453 454 455 
456 457 458 459 
460 461 462 463 
464 465 466 467 
468 469 470 471 
472 473 474 475 
476 477 478 479 
480 481 482 483 
484 485 486 487 
488 489 490 491 
492 493 494 495 
496 497 498 499 
500 501 502 503 
504 505 506 507 
508 509 510 511 
512 513 514 515 
516 517 518 519 
520 521 522 523 
524 525 526 527 
528 529 530 531 
532 533 534 535 
536 537 538 539 
540 541 542 543 
544 545 546 547 
548 549 550 551 
552 553 554 555 
556 557 558 559 
560 561 562 563 
564 565 566 567 
568 569 570 571 
572 573 574 575 
576 577 578 579 
580 581 582 583 
584 585 586 587 
588 589 590 591 
592 593 594 595 
596 597 598 599 
600 601 602 603 
604 605 606 607 
608 609 610 611 
612 613 614 615 
616 617 618 619 
620 621 622 623 
624 625 626 627 
628 629 630 631 
632 633 634 635 
636 637 638 639 
640 641 642 643 
644 645 646 647 
648 649 650 651 
652 653 654 655 
656 657 658 659 
660 661 662 663 
664 665 666 667 
668 669 670 671 
672 673 674 675 
676 677 678 679 
680 681 682 683 
684 685 686 687 
688 689 690 691 
692 693 694 695 
696 697 698 699 
700 701 702 703 
704 705 706 707 
708 709 710 711 
712 713 714 715 
716 717 718 719 
720 721 722 723 
724 725 726 727 
728 729 730 731 
732 733 734 735 
736 737 738 739 
740 741 742 743 
744 745 746 747 
748 749 750 751 
752 753 754 755 
756 757 758 759 
760 761 762 763 
764 765 766 767 
768 769 770 771 
772 773 774 775 
776 777 778 779 
780 781 782 783 
784 785 786 787 
788 789 790 791 
792 793 794 795 
796 797 798 799 
800 801 802 803 
804 805 806 807 
808 809 810 811 
812 813 814 815 
816 817 818 819 
820 821 822 823 
824 825 826 827 
828 829 830 831 
832 833 834 835 
836 837 838 839 
840 841 842 843 
844 845 846 847 
848 849 850 851 
852 853 854 855 
856 857 858 859 
860 861 862 863 
864 865 866 867 
868 869 870 871 
872 873 874 875 
876 877 878 879 
880 881 882 883 
884 885 886 887 
888 889 890 891 
892 893 894 895 
896 897 898 899 
900 901 902 903 
904 905 906 907 
908 909 910 911 
912 913 914 915 
916 917 918 919 
920 921 922 923 
924 925 926 927 
928 929 930 931 
932 933 934 935 
936 937 938 939 
940 941 942 943 
944 945 946 947 
948 949 950 951 
952 953 954 955 
956 957 958 959 
960 961 962 963 
964 965 966 967 
968 969 970 971 
972 973 974 975 
976 977 978 979 
980 981 982 983 
984 985 986 987 
988 989 990 991 
992 993 994 995 
996 997 998 999 
1000 1001 1002 1003 
1004 1005 1006 1007 
1008 1009 1010 1011 
1012 1013 1014 1015 
1016 1017 1018 1019 
1020 1021 1022 1023 
1024 1025 1026 1027 
1028 1029 1030 1031 
1032 1033 1034 1035 
1036 1037 1038 1039 
1040 1041 1042 1043 
1044 1045 1046 1047 
1048 1049 1050 1051 
1052 1053 1054 1055 
1056 1057 1058 1059 
1060 1061 1062 1063 
1064 1065 1066 1067 
1068 1069 1070 1071 
1072 1073 1074 1075 
1076 1077 1078 1079 
1080 1081 1082 1083 
1084 1085 1086 1087 
1088 1089 1090 1091 
1092 1093 1094 1095 
1096 1097 1098 1099 
1100 1101 1102 1103 
1104 1105 1106 1107 
1108 1109 1110 1111 
1112 1113 1114 1115 
1116 1117 1118 1119 
1120 1121 1122 1123 
1124 1125 1126 1127 
1128 1129 1130 1131 
1132 1133 1134 1135 
1136 1137 1138 1139 
1140 1141 1142 1143 
1144 1145 1146 1147 
1148 1149 1150 1151 
1152 1153 1154 1155 
1156 1157 1158 1159 
1160 1161 1162 1163 
1164 1165 1166 1167 
1168 1169 1170 1171 
1172 1173 1174 1175 
1176 1177 1178 1179 
1180 1181 1182 1183 
1184 1185 1186 1187 
1188 1189 1190 1191 
1192 1193 1194 1195 
1196 1197 1198 1199 
1200 1201 1202 1203 
1204 1205 1206 1207 
1208 1209 1210 1211 
1212 1213 1214 1215 
1216 1217 1218 1219 
1220 1221 1222 1223 
1224 1225 1226 1227 
1228 1229 1230 1231 
1232 1233 1234 1235 
1236 1237 1238 1239 
1240 1241 1242 1243 
1244 1245 1246 1247 
1248 1249 1250 1251 
1252 1253 1254 1255 
1256 1257 1258 1259 
1260 1261 1262 1263 
1264 1265 1266 1267 
1268 1269 1270 1271 
1272 1273 1274 1275 
1276 1277 1278 1279 
1280 1281 1282 1283 
1284 1285 1286 1287 
1288 1289 1290 1291 
1292 1293 1294 1295 
1296 1297 1298 1299 
1300 1301 1302 1303 
1304 1305 1306 1307 
1308 1309 1310 1311 
1312 1313 1314 1315 
1316 1317 1318 1319 
1320 1321 1322 1323 
1324 1325 1326 1327 
1328 1329 1330 1331 
1332 1333 1334 1335 
1336 1337 1338 1339 
1340 1341 1342 1343 
1344 1345 1346 1347 
1348 1349 1350 1351 
1352 1353 1354 1355 
1356 1357 1358 1359 
1360 1361 1362 1363 
1364 1365 1366 1367 
1368 1369 1370 1371 
1372 1373 1374 1375 
1376 1377 1378 1379 
1380 1381 1382 1383 
1384 1385 1386 1387 
1388 1389 1390 1391 
1392 1393 1394 1395 
1396 1397 1398 1399 
1400 1401 1402 1403 
1404 1405 1406 1407 
1408 1409 1410 1411 
1412 1413 1414 1415 
1416 1417 1418 1419 
1420 1421 1422 1423 
1424 1425 1426 1427 
1428 1429 1430 1431 
1432 1433 1434 1435 
1436 1437 1438 1439 
1440 1441 1442 1443 
1444 1445 1446 1447 
1448 1449 1450 1451 
1452 1453 1454 1455 
1456 1457 1458 1459 
1460 1461 1462 1463 
1464 1465 1466 1467 
1468 1469 1470 1471 
1472 1473 1474 1475 
1476 1477 1478 1479 
1480 1481 1482 1483 
1484 1485 1486 1487 
1488 1489 1490 1491 
1492 1493 1494 1495 
1496 1497 1498 1499 
1500 1501 1502 1503 
1504 1505 1506 1507 
1508 1509 1510 1511 
1512 1513 1514 1515 
1516 1517 1518 1519 
1520 1521 1522 1523 
1524 1525 1526 1527 
1528 1529 1530 1531 
1532 1533 1534 1535 
1536 1537 1538 1539 
1540 1541 1542 1543 
1544 1545 1546 1547 
1548 1549 1550 1551 
1552 1553 1554 1555 
1556 1557 1558 1559 
1560 1561 1562 1563 
1564 1565 1566 1567 
1568 1569 1570 1571 
1572 1573 1574 1575 
1576 1577 1578 1579 
1580 1581 1582 1583 
1584 1585 1586 1587 
1588 1589 1590 1591 
1592 1593 1594 1595 
1596 1597 1598 1599 
1600 1601 1602 1603 
1604 1605 1606 1607 
1608 1609 1610 1611 
1612 1613 1614 1615 
1616 1617 1618 1619 
1620 1621 1622 1623 
1624 1625 1626 1627 
1628 1629 1630 1631 
1632 1633 1634 1635 
1636 1637 1638 1639 
1640 1641 1642 1643 
1644 1645 1646 1647 
1648 1649 1650 1651 
1652 1653 1654 1655 
1656 1657 1658 1659 
1660 1661 1662 1663 
1664 1665 1666 1667 
1668 1669 1670 1671 
1672 1673 1674 1675 
1676 1677 1678 1679 
1680 1681 1682 1683 
1684 1685 1686 1687 
1688 1689 1690 1691 
1692 1693 1694 1695 
1696 1697 1698 1699 
1700 1701 1702 1703 
1704 1705 1706 1707 
1708 1709 1710 1711 
1712 1713 1714 1715 
1716 1717 1718 1719 
1720 1721 1722 1723 
1724 1725 1726 1727 
1728 1729 1730 1731 
1732 1733 1734 1735 
1736 1737 1738 1739 
1740 1741 1742 1743 
1744 1745 1746 1747 
1748 1749 1750 1751 
1752 1753 1754 1755 
1756 1757 1758 1759 
1760 1761 1762 1763 
1764 1765 1766 1767 
1768 1769 1770 1771 
1772 1773 1774 1775 
1776 1777 1778 1779 
1780 1781 1782 1783 
1784 1785 1786 1787 
1788 1789 1790 1791 
1792 1793 1794 1795 
1796 1797 1798 1799 
1800 1801 1802 1803 
1804 1805 1806 1807 
1808 1809 1810 1811 
1812 1813 1814 1815 
1816 1817 1818 1819 
1820 1821 1822 1823 
1824 1825 1826 1827 
1828 1829 1830 1831 
1832 1833 1834 1835 
1836 1837 1838 1839 
1840 1841 1842 1843 
1844 1845 1846 1847 
1848 1849 1850 1851 
1852 1853 1854 1855 
1856 1857 1858 1859 
1860 1861 1862 1863 
1864 1865 1866 1867 
1868 1869 1870 1871 
1872 1873 1874 1875 
1876 1877 1878 1879 
1880 1881 1882 1883 
1884 1885 1886 1887 
1888 1889 1890 1891 
1892 1893 1894 1895 
1896 1897 1898 1899 
1900 1901 1902 1903 
1904 1905 1906 1907 
1908 1909 1910 1911 
1912 1913 1914 1915 
1916 1917 1918 1919 
1920 1921 1922 1923 
1924 1925 1926 1927 
1928 1929 1930 1931 
1932 1933 1934 1935 
1936 1937 1938 1939 
1940 1941 1942 1943 
1944 1945 1946 1947 
1948 1949 1950 1951 
1952 1953 1954 1955 
1956 1957 1958 1959 
1960 1961 1962 1963 
1964 1965 1966 1967 
1968 1969 1970 1971 
1972 1973 1974 1975 
1976 1977 1978 1979 
1980 1981 1982 1983 
1984 1985 1986 1987 
1988 1989 1990 1991 
1992 1993 1994 1995 
1996 1997 1998 1999 
2000 2001 2002 2003 
2004 2005 2006 2007 
2008 2009 2010 2011 
2012 2013 2014 2015 
2016 2017 2018 2019 
2020 2021 2022 2023 
2024 2025 2026 2027 
2028 2029 2030 2031 
2032 2033 2034 2035 
2036 2037 2038 2039 
2040 2041 2042 2043 
2044 2045 2046 2047 
2048 2049 2050 2051 2052 2053 2054 2055 2056 2057 2058 2059 2060 2061 2062 2063 
2064 2065 2066 2067 2068 2069 2070 2071 2072 2073 2074 2075 2076 2077 2078 2079 
</DataArray>
<DataArray type="Int32" Name="offsets" format="ascii">
4 8 12 16 20 24 28 32 36 40 44 48 52 56 60 64 68 72 76 80 84 88 92 96 100 104 108 112 116 120 124 128 132 136 140 144 148 152 156 160 164 168 172 176 180 184 188 192 196 200 204 208 212 216 220 224 228 232 236 240 244 248 252 256 260 264 268 272 276 280 284 288 292 296 300 304 308 312 316 320 324 328 332 336 340 344 348 352 356 360 364 368 372 376 380 384 388 392 396 400 404 408 412 416 420 424 428 432 436 440 444 448 452 456 460 464 468 472 476 480 484 488 492 496 500 504 508 512 516 520 524 528 532 536 540 544 548 552 556 560 564 568 572 576 580 584 588 592 596 600 604 608 612 616 620 624 628 632 636 640 644 648 652 656 660 664 668 672 676 680 684 688 692 696 700 704 708 712 716 720 724 728 732 736 740 744 748 752 756 760 764 768 772 776 780 784 788 792 796 800 804 808 812 816 820 824 828 832 836 840 844 848 852 856 860 864 868 872 876 880 884 888 892 896 900 904 908 912 916 920 924 928 932 936 940 944 948 952 956 960 964 968 972 976 980 984 988 992 996 1000 1004 1008 1012 1016 1020 1024 1028 1032 1036 1040 1044 1048 1052 1056 1060 1064 1068 1072 1076 1080 1084 1088 1092 1096 1100 1104 1108 1112 1116 1120 1124 1128 1132 1136 1140 1144 1148 1152 1156 1160 1164 1168 1172 1176 1180 1184 1188 1192 1196 1200 1204 1208 1212 1216 1220 1224 1228 1232 1236 1240 1244 1248 1252 1256 1260 1264 1268 1272 1276 1280 1284 1288 1292 1296 1300 1304 1308 1312 1316 1320 1324 1328 1332 1336 1340 1344 1348 1352 1356 1360 1364 1368 1372 1376 1380 1384 1388 1392 1396 1400 1404 1408 1412 1416 1420 1424 1428 1432 1436 1440 1444 1448 1452 1456 1460 1464 1468 1472 1476 1480 1484 1488 1492 1496 1500 1504 1508 1512 1516 1520 1524 1528 1532 1536 1540 1544 1548 1552 1556 1560 1564 1568 1572 1576 1580 1584 1588 1592 1596 1600 1604 1608 1612 1616 1620 1624 1628 1632 1636 1640 1644 1648 1652 1656 1660 1664 1668 1672 1676 1680 1684 1688 1692 1696 1700 1704 1708 1712 1716 1720 1724 1728 1732 1736 1740 1744 1748 1752 1756 1760 1764 1768 1772 1776 1780 1784 1788 1792 1796 1800 1804 1808 1812 1816 1820 1824 1828 1832 1836 1840 1844 1848 1852 1856 1860 1864 1868 1872 1876 1880 1884 1888 1892 1896 1900 1904 1908 1912 1916 1920 1924 1928 1932 1936 1940 1944 1948 1952 1956 1960 1964 1968 1972 1976 1980 1984 1988 1992 1996 2000 2004 2008 2012 2016 2020 2024 2028 2032 2036 2040 2044 2048 2064 2080 
</DataArray>
<DataArray type="UInt8" Name="types" format="ascii">
7 7 7 7 7 7 7 7 7 7 7 7 7 7 7 7 7 7 7 7 7 7 7 7 7 7 7 7 7 7 7 7 7 7 7 7 7 7 7 7 7 7 7 7 7 7 7 7 7 7 7 7 7 7 7 7 7 7 7 7 7 7 7 7 7 7 7 7 7 7 7 7 7 7 7 7 7 7 7 7 7 7 7 7 7 7 7 7 7 7 7 7 7 7 7 7 7 7 7 7 7 7 7 7 7 7 7 7 7 7 7 7 7 7 7 7 7 7 7 7 7 7 7 7 7 7 7 7 7 7 7 7 7 7 7 7 7 7 7 7 7 7 7 7 7 7 7 7 7 7 7 7 7 7 7 7 7 7 7 7 7 7 7 7 7 7 7 7 7 7 7 7 7 7 7 7 7 7 7 7 7 7 7 7 7 7 7 7 7 7 7 7 7 7 7 7 7 7 7 7 7 7 7 7 7 7 7 7 7 7 7 7 7 7 7 7 7 7 7 7 7 7 7 7 7 7 7 7 7 7 7 7 7 7 7 7 7 7 7 7 7 7 7 7 7 7 7 7 7 7 7 7 7 7 7 7 7 7 7 7 7 7 7 7 7 7 7 7 7 7 7 7 7 7 7 7 7 7 7 7 7 7 7 7 7 7 7 7 7 7 7 7 7 7 7 7 7 7 7 7 7 7 7 7 7 7 7 7 7 7 7 7 7 7 7 7 7 7 7 7 7 7 7 7 7 7 7 7 7 7 7 7 7 7 7 7 7 7 7 7 7 7 7 7 7 7 7 7 7 7 7 7 7 7 7 7 7 7 7 7 7 7 7 7 7 7 7 7 7 7 7 7 7 7 7 7 7 7 7 7 7 7 7 7 7 7 7 7 7 7 7 7 7 7 7 7 7 7 7 7 7 7 7 7 7 7 7 7 7 7 7 7 7 7 7 7 7 7 7 7 7 7 7 7 7 7 7 7 7 7 7 7 7 7 7 7 7 7 7 7 7 7 7 7 7 7 7 7 7 7 7 7 7 7 7 7 7 7 7 7 7 7 7 7 7 7 7 7 7 7 7 7 7 7 7 7 7 7 7 7 7 7 7 7 7 7 7 7 7 7 7 7 7 7 7 7 7 7 7 7 7 7 7 7 7 7 7 7 7 7 7 7 7 7 
</DataArray>
</Cells>
<CellData Scalars="cell variable 4" Vectors="cell vector">
<DataArray type="Float64" NumberOfComponents="3" Name="cell vector" format="ascii">
0.11276 0.175544 0.977993
0.260983 0.501071 0.825115
0.229925 0.78892 0.56986
-0.100043 0.979463 0.175055
-0.15754 0.962798 -0.219549
-0.0521973 0.825715 -0.561668
-0.0353544 -0.560613 0.827323
-0.0269549 -0.199404 0.979547
0.0305709 0.200553 0.979206
0.0357293 0.56115 0.826942
-0.0534112 0.825892 0.561293
-0.158468 0.962758 0.219057
-0.102318 0.979197 -0.175224
0.222981 0.790742 -0.570093
-0.254121 -0.502895 0.826147
-0.115931 -0.17459 0.977793
0.0237762 0.195672 0.980381
0.0595015 0.555648 0.829286
0.0336374 0.831688 0.554223
-0.035146 0.980368 0.19402
-0.0107343 0.980691 -0.195271
0.0230703 0.832049 -0.554222
-0.0306216 -0.556821 0.830068
-0.0132283 -0.195669 0.980581
0.0135438 0.196172 0.980476
0.0301579 0.557249 0.829797
0.0221537 0.832349 0.553809
-0.0112795 0.980791 0.194738
-0.0354184 0.980243 -0.194601
0.0336442 0.831344 -0.55474
-0.059519 -0.555194 0.829588
-0.0252965 -0.195145 0.980448
0.0248013 0.194825 0.980524
0.0629846 0.553903 0.830195
0.0218199 0.831354 0.555314
-0.052041 0.979414 0.195038
0.000388325 0.980895 -0.194537
0.0287957 0.831517 -0.554752
-0.0285286 -0.555766 0.830849
-0.011585 -0.195069 0.980721
0.0108698 0.195589 0.980626
0.0280922 0.556193 0.830578
0.0286048 0.831803 0.554334
0.000306056 0.981005 0.193984
-0.0519765 0.9793 -0.195628
0.0218927 0.831053 -0.555762
-0.0633099 -0.553453 0.83047
-0.0256138 -0.194238 0.98062
0.0271034 0.193401 0.980745
0.0745517 0.550477 0.831515
0.0630949 0.829002 0.555675
0.978013 -0.206777 -0.0270802
0.998945 -0.0450958 0.00871152
0.999587 -0.0285786 0.00308694
0.99958 -0.0289944 -0.000319281
0.999508 -0.0313544 -0.00037996
0.999508 -0.0313548 0.00102169
0.999579 -0.028982 0.000982853
0.99959 -0.0285348 -0.00242216
0.998949 -0.0451186 -0.00808803
0.977884 -0.207285 0.0278568
0.0629929 0.828754 -0.556056
-0.0748928 -0.550028 0.831781
-0.027809 -0.192735 0.980857
0.0289402 0.191994 0.980969
0.0827587 0.547332 0.832814
0.118363 0.822773 0.555909
0.977439 -0.210082 -0.0218723
0.994422 -0.1054 0.00389551
0.995979 -0.0895924 -4.06788e-05
0.996064 -0.0886065 -0.00230681
0.995917 -0.0902624 -0.00102577
0.995917 -0.0902564 0.00168454
0.996064 -0.0885841 0.00296828
0.995982 -0.0895527 0.000697997
0.994421 -0.105432 -0.00326298
0.977251 -0.210869 0.0227086
0.118317 0.822561 -0.556233
-0.0832192 -0.546873 0.833069
-0.0296812 -0.191281 0.981087
0.0349433 0.190374 0.98109
0.10163 0.543201 0.833429
0.159831 0.815299 0.556545
0.979729 -0.200078 -0.0100352
0.987387 -0.1583 0.00290111
0.989235 -0.146331 0.000749056
0.989527 -0.144345 -0.00126572
0.989415 -0.145113 -0.000587799
0.989416 -0.145104 0.00126599
0.989529 -0.144319 0.00193774
0.98924 -0.146304 -8.99492e-05
0.987377 -0.158369 -0.00226334
0.979511 -0.201094 0.0109092
0.159686 0.815132 -0.556831
-0.102108 -0.542729 0.833678
-0.0357425 -0.189612 0.981208
0.0427946 0.18841 0.981158
0.124713 0.537755 0.833826
0.197908 0.806593 0.556992
0.976743 -0.214399 -0.00240817
0.977849 -0.2093 0.00224012
0.979486 -0.201506 0.00151475
0.979968 -0.199154 -0.000137644
0.979951 -0.199239 -0.000105064
0.979952 -0.19923 0.000794971
0.979973 -0.199129 0.00082154
0.97949 -0.20149 -0.000847827
0.977831 -0.209392 -0.00159323
0.976502 -0.215482 0.00329765
0.197613 0.806488 -0.557248
-0.12518 -0.537271 0.834068
-0.0436391 -0.187583 0.981279
0.0515081 0.185998 0.981199
0.149741 0.530913 0.834092
0.236083 0.796063 0.557268
0.968485 -0.249069 0.00126425
0.965621 -0.259949 0.00166845
0.966818 -0.255459 0.0018569
0.967416 -0.253192 0.000639157
0.967504 -0.252854 0.000251537
0.967507 -0.252845 0.000444563
0.967422 -0.25317 5.30527e-05
0.966822 -0.25545 -0.00118298
0.965594 -0.260053 -0.00101333
0.968204 -0.250162 -0.000365338
0.235656 0.79603 -0.557496
-0.150194 -0.530414 0.834328
-0.0523665 -0.185095 0.981324
0.060634 0.18309 0.981224
0.175739 0.522608 0.834264
0.274942 0.783352 0.557464
0.955442 -0.295168 0.00258242
0.950558 -0.310545 0.00120186
0.951297 -0.308271 0.00186729
0.951925 -0.306328 0.00106349
0.952102 -0.305782 0.000469457
0.952104 -0.305774 0.000230756
0.951932 -0.306309 -0.000366904
0.951298 -0.308269 -0.00119003
0.950524 -0.310651 -0.000539669
0.95511 -0.296247 -0.00167642
0.274416 0.783395 -0.557664
-0.176176 -0.522091 0.834496
-0.0614765 -0.182107 0.981355
0.0699416 0.17966 0.981239
0.202174 0.51278 0.834375
0.313448 0.768637 0.557627
0.938354 -0.345663 0.0028982
0.932581 -0.36096 0.000881455
0.932955 -0.35999 0.00169957
0.933548 -0.35845 0.00121233
0.933775 -0.35786 0.000581519
0.933778 -0.357853 0.000121754
0.933555 -0.358434 -0.000514653
0.932954 -0.359995 -0.00102218
0.932542 -0.361063 -0.00021468
0.937968 -0.346716 -0.00198895
0.312861 0.768751 -0.557799
-0.202591 -0.512245 0.834603
-0.070742 -0.178597 0.981376
0.0792695 0.175697 0.981248
0.228608 0.501424 0.834453
0.351396 0.751947 0.557761
0.917564 -0.397579 0.00274095
0.911703 -0.41085 0.000671742
0.911824 -0.41058 0.00144508
0.912335 -0.409444 0.00117656
0.912573 -0.408914 0.000614866
0.912576 -0.408907 8.53325e-05
0.912342 -0.409429 -0.000484102
0.91182 -0.410588 -0.000774025
0.911657 -0.410953 -8.35591e-06
0.917131 -0.398581 -0.00183852
0.35078 0.752128 -0.557903
-0.229006 -0.500868 0.834678
-0.0800047 -0.17456 0.981391
0.0885089 0.171203 0.981252
0.254717 0.488585 0.834508
0.38902 0.733114 0.557859
0.89319 -0.449675 0.00226412
0.887996 -0.459851 0.000502483
0.887951 -0.459936 0.00115094
0.88835 -0.459166 0.00103898
0.888571 -0.45874 0.000589388
0.888575 -0.458732 0.000104168
0.888359 -0.459149 -0.000352702
0.887946 -0.459947 -0.000487372
0.887931 -0.459977 0.000149511
0.892739 -0.450572 -0.00138648
0.388524 0.733289 -0.557975
-0.255094 -0.488008 0.83473
-0.0891376 -0.170015 0.981402
0.0975639 0.166202 0.981253
0.280407 0.474248 0.834542
0.42629 0.712032 0.557931
0.865528 -0.500858 0.00164918
0.8615 -0.507758 0.000370684
0.861388 -0.507947 0.000853428
0.861669 -0.50747 0.000836278
0.861846 -0.507169 0.000520877
0.861849 -0.507165 0.000149902
0.861674 -0.507462 -0.000170589
0.861385 -0.507953 -0.000201117
0.861454 -0.507835 0.000274978
0.865031 -0.501718 -0.000790184
0.425654 0.712342 -0.558021
-0.280717 -0.473681 0.83476
-0.0981248 -0.164943 0.98141
0.106402 0.160696 0.981252
0.305407 0.458516 0.834559
0.462568 0.688973 0.557984
0.834771 -0.550597 0.000982024
0.832358 -0.554238 0.000268386
0.832218 -0.554449 0.000574352
0.832368 -0.554223 0.000612026
0.832482 -0.554052 0.000439383
0.832485 -0.554047 0.000224579
0.832375 -0.554213 4.49644e-05
0.83221 -0.554461 6.28681e-05
0.832309 -0.554312 0.000367618
0.834237 -0.551406 -0.00013444
0.46195 0.68934 -0.558043
-0.305718 -0.457919 0.834773
-0.106859 -0.159389 0.981416
0.115015 0.154657 0.981251
0.329716 0.441347 0.834566
0.497619 0.664086 0.558001
0.800927 -0.598762 0.000223653
0.800743 -0.599009 0.000182551
0.800607 -0.599189 0.000264801
0.800592 -0.599209 0.000292954
0.800589 -0.599214 0.000307623
0.800594 -0.599206 0.00034806
0.800605 -0.599192 0.000358054
0.800598 -0.599202 0.000359459
0.800658 -0.599121 0.000434554
0.800346 -0.599538 0.000615283
0.497181 0.664386 -0.558035
-0.330033 -0.440708 0.834778
-0.115346 -0.153326 0.981421
0.123464 0.14801 0.981249
0.353721 0.422364 0.83456
0.532388 0.636606 0.557939
0.763776 -0.64548 -0.000860692
0.766506 -0.642238 -7.43448e-05
0.766393 -0.642371 -0.000182958
0.766153 -0.642658 -0.00011609
0.765985 -0.642859 0.000143493
0.765988 -0.642855 0.000481651
0.76616 -0.64265 0.000735349
0.766386 -0.64238 0.000784226
0.76645 -0.642303 0.000673746
0.763151 -0.646218 0.00167312
0.531814 0.637077 -0.557948
-0.353954 -0.421754 0.834769
-0.123704 -0.146635 0.981425
0.131725 0.140845 0.981229
0.377373 0.401678 0.834413
0.569064 0.604419 0.557534
0.727025 -0.686607 -0.00220331
0.729286 -0.684207 -0.00195845
0.728555 -0.684984 -0.00198117
0.727869 -0.685715 -0.00135807
0.727483 -0.686125 -0.000297066
0.727487 -0.686121 0.000905422
0.727875 -0.685707 0.0019566
0.728544 -0.684994 0.00256326
0.729213 -0.684282 0.00253626
0.726454 -0.687209 0.0029648
0.568641 0.604834 -0.557515
-0.37754 -0.401093 0.834618
-0.131809 -0.139488 0.981412
0.139466 0.133461 0.981192
0.399263 0.380545 0.834131
0.601344 0.572977 0.55685
-0.687201 0.726464 0.00219935
-0.689805 0.723993 0.00185776
-0.689239 0.724531 0.00200166
-0.688491 0.725243 0.00142307
-0.688049 0.725664 0.000331771
-0.688053 0.725659 -0.000919352
-0.688498 0.725236 -0.00199694
-0.689224 0.724544 -0.00255659
-0.689733 0.72406 -0.00241319
-0.686738 0.7269 -0.00289916
0.600986 0.573395 -0.556807
-0.399399 -0.379957 0.834334
-0.139419 -0.132114 0.981381
0.146619 0.125745 0.981168
0.419256 0.358795 0.833961
0.628992 0.54289 0.556452
-0.642981 0.765881 0.00136078
-0.648347 0.761345 1.36178e-05
-0.648722 0.761025 0.000493471
-0.648256 0.761422 0.000481232
-0.647895 0.76173 1.88346e-05
-0.647901 0.761725 -0.000575921
-0.648265 0.761414 -0.00102301
-0.648706 0.761038 -0.00101339
-0.648275 0.761406 -0.000536745
-0.642534 0.766255 -0.00201955
0.628701 0.543295 -0.556386
-0.419385 -0.358177 0.834162
-0.146455 -0.124413 0.981363
0.153316 0.117562 0.981159
0.43818 0.335548 0.83391
0.656978 0.508754 0.556371
-0.598288 0.80128 0.00134222
-0.604592 0.796535 -0.00010448
-0.605127 0.796129 0.000514574
-0.604609 0.796522 0.000531038
-0.604214 0.796822 4.51966e-05
-0.604221 0.796817 -0.000572141
-0.604619 0.796514 -0.00103962
-0.605109 0.796142 -0.00100061
-0.604517 0.796592 -0.000386053
-0.597846 0.801609 -0.00196138
0.656752 0.509141 -0.556284
-0.438284 -0.33492 0.834108
-0.153033 -0.116263 0.981358
0.159561 0.109032 0.981148
0.455814 0.311328 0.833852
0.682888 0.473481 0.556308
-0.551449 0.834207 0.00154315
-0.559121 0.829086 5.47614e-07
-0.559572 0.828781 0.000720141
-0.558859 0.829262 0.000652638
-0.558395 0.829575 8.12611e-05
-0.558403 0.82957 -0.000580989
-0.558869 0.829255 -0.00112733
-0.559548 0.828797 -0.0011685
-0.559047 0.829136 -0.000457798
-0.551036 0.834478 -0.00211633
0.682744 0.473813 -0.556202
-0.45589 -0.310697 0.834046
-0.159157 -0.107789 0.981351
0.165304 0.100255 0.981134
0.471989 0.286454 0.833769
0.706457 0.437652 0.556219
-0.502755 0.864427 0.00178104
-0.512177 0.85888 0.000171718
-0.51232 0.858794 0.000970387
-0.511314 0.859393 0.000747755
-0.51078 0.859712 9.58759e-05
-0.51079 0.859706 -0.000562013
-0.511325 0.859387 -0.00118171
-0.512291 0.858811 -0.0013744
-0.5121 0.858926 -0.000588019
-0.502395 0.864635 -0.0022978
0.706392 0.437913 -0.556095
-0.472039 -0.285818 0.833959
-0.164784 -0.0990841 0.98134
0.170514 0.0913266 0.981114
0.486606 0.26122 0.833654
0.727614 0.401671 0.556092
-0.452955 0.891532 0.00191175
-0.464034 0.885817 0.000414046
-0.463508 0.886092 0.00122141
-0.462127 0.886814 0.000759138
-0.461555 0.887112 6.357e-05
-0.461568 0.887105 -0.000500617
-0.462138 0.886807 -0.00115095
-0.463469 0.886112 -0.00157674
-0.463954 0.885859 -0.000788581
-0.452691 0.891665 -0.00236354
0.727651 0.401797 -0.555952
-0.486638 -0.260569 0.833839
-0.169885 -0.0902495 0.981323
0.175165 0.0823787 0.981087
0.499596 0.235993 0.833493
0.746349 0.365948 0.555918
-0.403422 0.915012 0.0016943
-0.415018 0.909813 0.000754662
-0.413229 0.910626 0.00141262
-0.411424 0.911444 0.000614156
-0.41089 0.911685 -4.27863e-05
-0.410907 0.911677 -0.000368325
-0.411435 0.911439 -0.000959143
-0.413176 0.910649 -0.00171498
-0.414946 0.909845 -0.00108762
-0.403294 0.915068 -0.00207263
0.746485 0.365903 -0.555766
-0.499613 -0.235318 0.833674
-0.174437 -0.0814111 0.981297
0.179242 0.0735852 0.981049
0.510914 0.211272 0.833265
0.762678 0.330977 0.555677
-0.356686 0.934224 0.000676794
-0.365463 0.930825 0.00121764
-0.361515 0.932365 0.00143827
-0.359322 0.933214 0.000220078
-0.358959 0.933353 -0.000251932
-0.358983 0.933344 -0.000131018
-0.359334 0.933209 -0.000508415
-0.361447 0.932391 -0.00167666
-0.365395 0.930851 -0.00150119
-0.356755 0.934197 -0.000965759
0.762925 0.330671 -0.555519
-0.51093 -0.21054 0.833441
-0.178431 -0.0727519 0.981259
0.182748 0.0652 0.980996
0.520572 0.1877 0.832931
0.776746 0.297115 0.555327
-0.317276 0.948331 -0.00195164
-0.315529 0.948914 0.00179335
-0.308298 0.951289 0.00113633
-0.305913 0.952059 -0.000516862
-0.305916 0.952058 -0.000590429
-0.305951 0.952047 0.000235954
-0.305928 0.952055 0.000297801
-0.308213 0.951317 -0.00129925
-0.315474 0.948932 -0.00202207
-0.317642 0.948209 0.00177221
0.777108 0.296455 -0.555173
-0.520601 -0.186857 0.833102
-0.181875 -0.0645323 0.981202
0.185691 0.0576806 0.980914
0.528604 0.166266 0.832426
0.789026 0.263886 0.554799
-0.291812 0.956448 -0.00726093
-0.264764 0.96431 0.00246826
-0.253302 0.967387 0.000403976
-0.251149 0.967947 -0.00157366
-0.251741 0.967794 -0.00103323
-0.25179 0.967782 0.000719118
-0.25117 0.967942 0.00144907
-0.253206 0.967412 -0.000473911
-0.264745 0.964315 -0.00263544
-0.292586 0.956212 0.00721193
0.78949 0.262769 -0.554669
-0.52866 -0.165233 0.832596
-0.184798 -0.0572087 0.98111
0.188038 0.0522091 0.980773
0.534771 0.149675 0.831635
0.800409 0.228453 0.554216
-0.281407 0.959484 -0.0141728
-0.21078 0.977525 0.00401214
-0.195307 0.980742 5.93348e-05
-0.193928 0.981013 -0.00218784
-0.195222 0.980758 -0.0012737
-0.195288 0.980745 0.00106099
-0.193964 0.981006 0.00219938
-0.195232 0.980757 -3.01999e-05
-0.210838 0.977512 -0.00412711
-0.282564 0.959143 0.0142296
0.800962 0.226687 -0.554142
-0.534895 -0.148234 0.831814
-0.187213 -0.0519496 0.980945
0.189223 0.052575 0.980526
0.537293 0.149214 0.830091
0.811598 0.182973 0.554825
-0.241385 0.970423 -0.00361478
-0.144489 0.989381 0.015741
-0.127121 0.99185 0.00857273
-0.125731 0.992058 0.00352153
-0.126946 0.991909 0.000980132
-0.126922 0.991913 -0.000531786
-0.125781 0.992052 -0.00341864
-0.127362 0.991816 -0.00891255
-0.144829 0.989326 -0.016088
-0.242439 0.97016 0.00354145
0.812279 0.179918 -0.554827
-0.537688 -0.146387 0.830339
-0.188659 -0.0523932 0.980644
0.188965 0.0490725 0.980757
0.538549 0.133992 0.831872
0.823931 0.112637 0.555383
0.981001 0.038728 0.190099
0.974998 0.106866 -0.19483
0.823802 0.120446 -0.553934
-0.550214 -0.0872723 0.83045
-0.193215 -0.0318308 0.98064
0.193232 0.0319032 0.980634
0.550125 0.0890237 0.830324
0.823722 0.121099 0.55391
0.974949 0.107069 0.194963
0.981026 0.0388362 -0.189947
0.824206 0.111269 -0.55525
-0.539172 -0.131102 0.831929
-0.188647 -0.0490183 0.980821
0.189926 0.0414605 0.980923
0.542004 0.11214 0.832861
0.821013 0.122632 0.557583
0.979051 0.0722687 0.190358
0.975142 0.0977625 -0.198849
0.824256 0.107968 -0.555828
-0.550849 -0.0800281 0.830759
-0.193491 -0.0295894 0.980656
0.193739 0.0297261 0.980603
0.550871 0.0816981 0.830582
0.824151 0.108509 0.555878
0.975104 0.097832 0.199
0.979095 0.0721522 -0.190179
0.821225 0.121887 -0.557435
-0.54249 -0.110143 0.832811
-0.189605 -0.0415792 0.98098
0.182835 0.0551814 0.981594
0.515917 0.16944 0.839714
0.787936 0.2198 0.575191
0.987301 -0.0583516 0.147758
0.975229 0.0180206 -0.220461
0.823046 0.0693081 -0.563731
-0.549808 -0.0637258 0.832857
-0.193155 -0.0242385 0.980869
0.193278 0.0246797 0.980834
0.549809 0.0634256 0.832879
0.823034 0.0698051 0.563687
0.975285 0.0203696 0.22001
0.987356 -0.0550834 -0.148641
0.788488 0.218321 -0.574998
-0.521566 -0.155559 0.83891
-0.183076 -0.0544458 0.98159
-0.000252188 0.00822031 0.999966
0.00408152 0.000544941 0.999992
</DataArray>
<DataArray type="Float64" Name="cell vector length" format="ascii">
0.16766 0.170987 0.148141 0.152403 0.178973 0.17198 0.159246 0.149006 0.148534 0.158423 0.171957 0.179034 0.152473 0.148328 0.176075 0.170798 0.41606 0.387019 0.350374 0.36358 0.399601 0.405984 0.392446 0.379759 0.379469 0.391728 0.405936 0.39969 0.363911 0.350607 0.389627 0.417119 0.526887 0.481648 0.425137 0.458205 0.510097 0.512389 0.493202 0.478294 0.478235 0.49288 0.512491 0.51028 0.458561 0.425237 0.482928 0.527201 0.567934 0.500089 0.292062 0.152073 0.480652 0.63616 0.708751 0.738228 0.738188 0.708679 0.635955 0.480485 0.152015 0.291928 0.50148 0.568211 0.592664 0.508488 0.28621 0.122419 0.463198 0.626274 0.701866 0.732182 0.732137 0.701751 0.62609 0.463007 0.122332 0.286052 0.510096 0.592943 0.605097 0.511641 0.27473 0.119883 0.458464 0.623974 0.701057 0.731883 0.731852 0.700973 0.623814 0.458256 0.119698 0.27465 0.513763 0.605496 0.61262 0.513881 0.266016 0.123441 0.456803 0.622851 0.700963 0.732259 0.732235 0.700893 0.622707 0.45659 0.123172 0.266036 0.516697 0.61319 0.617644 0.515593 0.259956 0.127931 0.456507 0.622186 0.700909 0.732579 0.732558 0.700846 0.622052 0.456289 0.127603 0.260071 0.519178 0.618402 0.621092 0.516857 0.255811 0.131651 0.456849 0.621845 0.70087 0.732808 0.732789 0.700811 0.621716 0.456621 0.13127 0.25602 0.521245 0.622046 0.623455 0.517732 0.253872 0.132906 0.45672 0.621476 0.70084 0.732999 0.732981 0.700782 0.621349 0.456481 0.132475 0.254168 0.522935 0.624608 0.625027 0.518157 0.251335 0.13551 0.457704 0.621669 0.700939 0.733167 0.733149 0.700879 0.621538 0.457453 0.135037 0.251714 0.52418 0.626385 0.626009 0.518172 0.24892 0.138029 0.458884 0.622056 0.701126 0.733354 0.733338 0.70107 0.621926 0.45861 0.137495 0.249393 0.525012 0.627573 0.626519 0.517846 0.246706 0.140252 0.460062 0.622568 0.70142 0.733611 0.733596 0.701364 0.622437 0.459777 0.139698 0.247237 0.52548 0.628281 0.626623 0.517195 0.244515 0.142333 0.461201 0.623165 0.70182 0.733965 0.733949 0.701756 0.623024 0.4609 0.141697 0.245153 0.525588 0.628578 0.626527 0.516291 0.242299 0.14439 0.462417 0.623939 0.70241 0.734497 0.734481 0.702348 0.6238 0.4621 0.143753 0.242963 0.525437 0.628681 0.626495 0.515233 0.239712 0.147104 0.464286 0.62532 0.70349 0.735435 0.73542 0.703427 0.625176 0.463942 0.146392 0.240478 0.525123 0.628847 0.626459 0.514153 0.237385 0.157224 0.470798 0.630072 0.707319 0.738868 0.738849 0.707241 0.629915 0.47045 0.156486 0.238206 0.524751 0.629001 0.626228 0.512992 0.23019 0.188132 0.491807 0.64479 0.718975 0.749279 0.749258 0.718895 0.644631 0.491453 0.187361 0.23108 0.524246 0.628947 0.625712 0.511634 0.228136 0.196307 0.496906 0.648598 0.722116 0.752123 0.752102 0.722034 0.648434 0.496542 0.195507 0.229078 0.523493 0.6286 0.6248 0.509975 0.225905 0.19679 0.497307 0.649157 0.722663 0.752611 0.75259 0.722578 0.648991 0.496934 0.195961 0.226899 0.522407 0.627853 0.623438 0.508184 0.22432 0.196243 0.497011 0.649284 0.722909 0.752846 0.752823 0.72282 0.649116 0.496635 0.195392 0.225364 0.521157 0.62665 0.621569 0.506186 0.223223 0.195152 0.496562 0.649402 0.723144 0.753049 0.753024 0.723048 0.649231 0.496191 0.194288 0.224317 0.519669 0.624938 0.619045 0.50389 0.222712 0.193442 0.496069 0.649604 0.723403 0.753225 0.753196 0.723299 0.649433 0.495706 0.19257 0.223863 0.51786 0.622569 0.61561 0.501205 0.223087 0.190944 0.495648 0.64996 0.723684 0.753343 0.753309 0.72357 0.649788 0.495304 0.190078 0.2243 0.51565 0.619297 0.61088 0.49803 0.224892 0.187514 0.495525 0.65055 0.723971 0.753361 0.753318 0.72384 0.650377 0.495207 0.186658 0.226184 0.512955 0.614745 0.604237 0.494219 0.228938 0.18328 0.496122 0.651477 0.724251 0.753253 0.7532 0.724103 0.651309 0.495845 0.182459 0.23031 0.50965 0.608314 0.59438 0.489295 0.2357 0.179839 0.498384 0.653038 0.724697 0.753197 0.753134 0.724535 0.652883 0.498161 0.179093 0.23715 0.505294 0.598729 0.576707 0.480301 0.240716 0.186053 0.506155 0.657267 0.726947 0.754777 0.754735 0.726838 0.657178 0.506012 0.185475 0.242204 0.497006 0.581449 0.529548 0.445958 0.203288 0.251744 0.545523 0.681871 0.743617 0.76984 0.770291 0.745191 0.681756 0.545385 0.251344 0.20476 0.464061 0.535015 0.490341 0.426472 0.350837 0.388369 0.448594 0.455146 0.452216 0.435515 0.429111 0.435903 0.453453 0.449129 0.389501 0.352587 0.445357 0.49631 0.444024 0.394361 0.338339 0.347166 0.390782 0.403049 0.410357 0.392863 0.38494 0.389016 0.40149 0.391192 0.348083 0.339829 0.413706 0.450338 0.178789 0.12424 0.0623546 0.0752634 0.142083 0.185503 0.213913 0.205091 0.198911 0.195178 0.186179 0.143244 0.0759863 0.0614847 0.143877 0.184749 0.024772 0.0151589 
</DataArray>
<DataArray type="Float64" Name="cell variable 4" format="ascii">
860.3 871.005 884.907 895.42 894.075 876.485 866.024 861.616 861.263 865.416 876.534 893.923 895.281 884.112 874.767 861.215 1082.69 1082.41 1089.02 1104.04 1105.41 1096.21 1089.38 1085.38 1084.71 1087.86 1096.06 1105.32 1104.06 1089.41 1087.36 1084.7 1302.45 1299.49 1299.89 1326.6 1330.31 1327.45 1324.61 1321.85 1321.31 1323.09 1327.45 1330.43 1326.79 1300.08 1303.55 1303.8 1373.32 1370.93 1366.63 1663.9 2739.92 3928.45 4933.5 5507.79 5506.4 4930.62 3926.49 2739.2 1663.77 1366.69 1375.6 1374.72 1401.75 1397.68 1393.61 1668.5 2721.38 3916.17 4938.69 5525.18 5524.27 4936.62 3914.44 2720.47 1668.27 1393.64 1403.21 1403.3 1407.59 1399.35 1393.65 1679.04 2712.51 3903.26 4936.19 5532.36 5531.66 4934.54 3901.74 2711.58 1678.72 1393.74 1406.13 1409.45 1408.22 1397.28 1389.78 1690.58 2711.05 3894.59 4932.38 5535.29 5534.7 4930.98 3893.23 2710.12 1690.17 1389.91 1405.74 1410.52 1407.83 1394.76 1385.46 1700.43 2713.79 3889.96 4928.53 5535.47 5534.94 4927.28 3888.69 2712.85 1699.94 1385.63 1405.13 1410.68 1407.24 1392.23 1381.25 1707.54 2717.71 3887.93 4925.29 5534.38 5533.92 4924.15 3886.7 2716.72 1706.98 1381.46 1404.63 1410.67 1406.58 1389.75 1377.3 1709.24 2717.63 3884.47 4922.19 5533.09 5532.66 4921.13 3883.29 2716.62 1708.61 1377.56 1404.25 1410.63 1405.87 1387.34 1373.65 1713.34 2722.15 3885.88 4921.03 5531.73 5531.33 4920.02 3884.69 2721.09 1712.63 1373.94 1403.96 1410.57 1405.21 1385.05 1370.23 1716.97 2726.81 3888.35 4920.97 5530.9 5530.52 4919.99 3887.15 2725.71 1716.2 1370.57 1403.76 1410.54 1404.54 1382.85 1367.03 1719.73 2730.75 3891.12 4921.96 5531.12 5530.77 4921.04 3889.9 2729.61 1718.95 1367.39 1403.59 1410.51 1403.73 1380.6 1363.99 1721.95 2734.03 3894.05 4923.92 5532.57 5532.26 4923.05 3892.82 2732.74 1720.9 1364.3 1403.32 1410.35 1403.23 1378.54 1360.97 1723.39 2736.51 3897.08 4926.87 5535.53 5535.23 4926.03 3895.83 2735.25 1722.44 1361.35 1403.17 1410.48 1403.21 1376.85 1357.87 1724.33 2737.63 3898.86 4929.37 5538.73 5538.43 4928.51 3897.52 2736.25 1723.24 1358.3 1403.37 1411.1 1402.33 1374.9 1355.49 1724.83 2737.91 3900.53 4932.5 5542.79 5542.43 4931.5 3899.09 2736.46 1723.65 1355.91 1403.2 1410.84 1400.41 1372.48 1353.98 1756.27 2797.9 3986.63 5040.63 5663.53 5663.12 5039.54 3985.09 2796.35 1754.99 1354.4 1402.39 1409.48 1399.02 1370.33 1351.92 1755.84 2796.15 3985.89 5041.42 5665.24 5664.82 5040.31 3984.32 2794.57 1754.52 1352.37 1401.71 1408.64 1398.3 1368.68 1349.79 1755.42 2794.46 3985.61 5043.54 5668.83 5668.41 5042.43 3984.02 2792.85 1754.06 1350.27 1401.44 1408.43 1397.65 1367.35 1348.44 1754.39 2792.22 3985.27 5046.14 5673.07 5672.64 5045.02 3983.69 2790.63 1753 1348.93 1401.37 1408.27 1397.05 1366.24 1347.5 1752.36 2789.22 3985.02 5049.25 5677.66 5677.19 5048.1 3983.46 2787.68 1750.97 1348.01 1401.4 1408.12 1396.51 1365.36 1346.93 1748.98 2785.42 3985.21 5053.01 5682.39 5681.87 5051.78 3983.66 2783.93 1747.58 1347.44 1401.55 1407.98 1396.02 1364.73 1346.76 1743.76 2781.07 3986.41 5057.55 5686.9 5686.28 5056.19 3984.9 2779.7 1742.39 1347.28 1401.84 1407.86 1395.58 1364.4 1347.04 1736.12 2776.85 3989.52 5062.89 5690.57 5689.81 5061.35 3988.06 2775.64 1734.77 1347.54 1402.3 1407.75 1394.99 1364.26 1347.56 1725.55 2774.26 3995.7 5068.83 5692.49 5691.53 5067.04 3994.32 2773.28 1724.28 1348.04 1402.85 1407.45 1392.51 1363.03 1346.77 1712.49 2776.07 4006.21 5074.76 5691.48 5690.25 5072.67 4004.96 2775.34 1711.33 1347.2 1402.14 1405.2 1376.79 1350.83 1334.13 1701.11 2787.64 4022.55 5079.95 5686.6 5685.09 5077.57 4021.44 2787.15 1700.16 1334.44 1389.91 1389.53 1289.61 1265.63 1244.91 1709.61 2827.14 4055.64 5094.79 5689.62 5687.8 5091.88 4054.56 2826.78 1708.95 1245.05 1302.13 1301.61 1209.58 1183.11 1163.81 1183.75 1188.26 1189.45 1217.73 1213.11 1204.64 1192.31 1189.6 1188.54 1184.04 1163.98 1217.47 1220.99 1084.63 1057.84 1040.8 1042.1 1042.59 1038.37 1068.77 1061.39 1051.24 1038.31 1038.11 1042.64 1042.18 1041.09 1088.32 1094.95 752.601 738.938 731.173 739.237 756.358 782.878 838.582 856.155 849.691 818.501 784.251 756.73 739.203 729.883 757.167 758.17 609.055 744.351 
</DataArray>
<DataArray type="Float64" Name="cell variable 5" format="ascii">
0.00143734 0.00143734 0.00143734 0.00143734 0.00143734 0.00143734 0.00143734 0.00143734 0.00143734 0.00143734 0.00143734 0.00143734 0.00143734 0.00143734 0.00143734 0.00143734 0.00143734 0.00143734 0.00143734 0.00143734 0.00143734 0.00143734 0.00143734 0.00143734 0.00143734 0.00143734 0.00143734 0.00143734 0.00143734 0.00143734 0.00143734 0.00143734 0.00143734 0.00143734 0.00143734 0.00143734 0.00143734 0.00143734 0.00143734 0.00143734 0.00143734 0.00143734 0.00143734 0.00143734 0.00143734 0.00143734 0.00143734 0.00143734 0.0021723 0.00201099 0.00175068 0.0015025 0.00143734 0.00143734 0.00143734 0.00143734 0.00143734 0.00143734 0.00143734 0.00143734 0.0015025 0.00175068 0.00201099 0.0021723 0.00245785 0.00223394 0.00187237 0.00152773 0.00143734 0.00143734 0.00143734 0.00143734 0.00143734 0.00143734 0.00143734 0.00143734 0.00152773 0.00187237 0.00223394 0.00245785 0.0026233 0.0023633 0.00194296 0.00154242 0.00143734 0.00143734 0.00143734 0.00143734 0.00143734 0.00143734 0.00143734 0.00143734 0.00154242 0.00194296 0.0023633 0.0026233 0.00274372 0.00245689 0.00199439 0.00155328 0.00143734 0.00143734 0.00143734 0.00143734 0.00143734 0.00143734 0.00143734 0.00143734 0.00155328 0.00199439 0.00245689 0.00274372 0.00283762 0.00253035 0.00203431 0.00156159 0.00143734 0.00143734 0.00143734 0.00143734 0.00143734 0.00143734 0.00143734 0.00143734 0.00156159 0.00203431 0.00253035 0.00283762 0.00291332 0.00258944 0.00206657 0.0015683 0.00143734 0.00143734 0.00143734 0.00143734 0.00143734 0.00143734 0.00143734 0.00143734 0.0015683 0.00206657 0.00258944 0.00291332 0.00297529 0.00263767 0.00209308 0.00157372 0.00143734 0.00143734 0.00143734 0.00143734 0.00143734 0.00143734 0.00143734 0.00143734 0.00157372 0.00209308 0.00263767 0.00297529 0.00302544 0.00267696 0.00211448 0.0015782 0.00143734 0.00143734 0.00143734 0.00143734 0.00143734 0.00143734 0.00143734 0.00143734 0.0015782 0.00211448 0.00267696 0.00302544 0.00306568 0.00270858 0.00213173 0.00158171 0.00143734 0.00143734 0.00143734 0.00143734 0.00143734 0.00143734 0.00143734 0.00143734 0.00158171 0.00213173 0.00270858 0.00306568 0.00309698 0.00273286 0.00214483 0.00158458 0.00143734 0.00143734 0.00143734 0.00143734 0.00143734 0.00143734 0.00143734 0.00143734 0.00158458 0.00214483 0.00273286 0.00309698 0.00311998 0.00275074 0.00215473 0.0015865 0.00143734 0.00143734 0.00143734 0.00143734 0.00143734 0.00143734 0.00143734 0.00143734 0.0015865 0.00215473 0.00275074 0.00311998 0.00313531 0.00276256 0.00216112 0.0015881 0.00143734 0.00143734 0.00143734 0.00143734 0.00143734 0.00143734 0.00143734 0.00143734 0.0015881 0.00216112 0.00276256 0.00313531 0.00314266 0.00276863 0.00216431 0.00158874 0.00143734 0.00143734 0.00143734 0.00143734 0.00143734 0.00143734 0.00143734 0.00143734 0.00158874 0.00216431 0.00276863 0.00314266 0.00314266 0.00276863 0.00216431 0.00158874 0.00143734 0.00143734 0.00143734 0.00143734 0.00143734 0.00143734 0.00143734 0.00143734 0.00158874 0.00216431 0.00276863 0.00314266 0.00313531 0.00276256 0.00216112 0.0015881 0.00143734 0.00143734 0.00143734 0.00143734 0.00143734 0.00143734 0.00143734 0.00143734 0.0015881 0.00216112 0.00276256 0.00313531 0.00311998 0.00275074 0.00215473 0.0015865 0.00143734 0.00143734 0.00143734 0.00143734 0.00143734 0.00143734 0.00143734 0.00143734 0.0015865 0.00215473 0.00275074 0.00311998 0.00309698 0.00273286 0.00214483 0.00158458 0.00143734 0.00143734 0.00143734 0.00143734 0.00143734 0.00143734 0.00143734 0.00143734 0.00158458 0.00214483 0.00273286 0.00309698 0.00306568 0.00270858 0.00213173 0.00158171 0.00143734 0.00143734 0.00143734 0.00143734 0.00143734 0.00143734 0.00143734 0.00143734 0.00158171 0.00213173 0.00270858 0.00306568 0.00302544 0.00267696 0.00211448 0.0015782 0.00143734 0.00143734 0.00143734 0.00143734 0.00143734 0.00143734 0.00143734 0.00143734 0.0015782 0.00211448 0.00267696 0.00302544 0.00297529 0.00263767 0.00209308 0.00157372 0.00143734 0.00143734 0.00143734 0.00143734 0.00143734 0.00143734 0.00143734 0.00143734 0.00157372 0.00209308 0.00263767 0.00297529 0.00291332 0.00258944 0.00206657 0.0015683 0.00143734 0.00143734 0.00143734 0.00143734 0.00143734 0.00143734 0.00143734 0.00143734 0.0015683 0.00206657 0.00258944 0.00291332 0.00283762 0.00253035 0.00203431 0.00156159 0.00143734 0.00143734 0.00143734 0.00143734 0.00143734 0.00143734 0.00143734 0.00143734 0.00156159 0.00203431 0.00253035 0.00283762 0.00274372 0.00245689 0.00199439 0.00155328 0.00143734 0.00143734 0.00143734 0.00143734 0.00143734 0.00143734 0.00143734 0.00143734 0.00155328 0.00199439 0.00245689 0.00274372 0.0026233 0.0023633 0.00194296 0.00154242 0.00143734 0.00143734 0.00143734 0.00143734 0.00143734 0.00143734 0.00143734 0.00143734 0.00154242 0.00194296 0.0023633 0.0026233 0.00245785 0.00223394 0.00187237 0.00152773 0.00143734 0.00143734 0.00143734 0.00143734 0.00143734 0.00143734 0.00143734 0.00143734 0.00152773 0.00187237 0.00223394 0.00245785 0.0021723 0.00201099 0.00175068 0.0015025 0.00143734 0.00143734 0.00143734 0.00143734 0.00143734 0.00143734 0.00143734 0.00143734 0.0015025 0.00175068 0.00201099 0.0021723 0.00143734 0.00143734 0.00143734 0.00143734 0.00143734 0.00143734 0.00143734 0.00143734 0.00143734 0.00143734 0.00143734 0.00143734 0.00143734 0.00143734 0.00143734 0.00143734 0.00143734 0.00143734 0.00143734 0.00143734 0.00143734 0.00143734 0.00143734 0.00143734 0.00143734 0.00143734 0.00143734 0.00143734 0.00143734 0.00143734 0.00143734 0.00143734 0.00143734 0.00143734 0.00143734 0.00143734 0.00143734 0.00143734 0.00143734 0.00143734 0.00143734 0.00143734 0.00143734 0.00143734 0.00143734 0.00143734 0.00143734 0.00143734 0.00143734 0.00143734 
</DataArray>
<DataArray type="Float64" Name="cell variable 6" format="ascii">
1 1 1 1 1 1 1 1 1 1 1 1 1 1 1 1 1 1 1 1 1 1 1 1 1 1 1 1 1 1 1 1 1 1 1 1 1 1 1 1 1 1 1 1 1 1 1 1 1 1 1 1 1 1 1 1 1 1 1 1 1 1 1 1 1 1 1 1 1 1 1 1 1 1 1 1 1 1 1 1 1 1 1 1 1 1 1 1 1 1 1 1 1 1 1 1 1 1 1 1 1 1 1 1 1 1 1 1 1 1 1 1 1 1 1 1 1 1 1 1 1 1 1 1 1 1 1 1 1 1 1 1 1 1 1 1 1 1 1 1 1 1 1 1 1 1 1 1 1 1 1 1 1 1 1 1 1 1 1 1 1 1 1 1 1 1 1 1 1 1 1 1 1 1 1 1 1 1 1 1 1 1 1 1 1 1 1 1 1 1 1 1 1 1 1 1 1 1 1 1 1 1 1 1 1 1 1 1 1 1 1 1 1 1 1 1 1 1 1 1 1 1 1 1 1 1 1 1 1 1 1 1 1 1 1 1 1 1 1 1 1 1 1 1 1 1 1 1 1 1 1 1 1 1 1 1 1 1 1 1 1 1 1 1 1 1 1 1 1 1 1 1 1 1 1 1 1 1 1 1 1 1 1 1 1 1 1 1 1 1 1 1 1 1 1 1 1 1 1 1 1 1 1 1 1 1 1 1 1 1 1 1 1 1 1 1 1 1 1 1 1 1 1 1 1 1 1 1 1 1 1 1 1 1 1 1 1 1 1 1 1 1 1 1 1 1 1 1 1 1 1 1 1 1 1 1 1 1 1 1 1 1 1 1 1 1 1 1 1 1 1 1 1 1 1 1 1 1 1 1 1 1 1 1 1 1 1 1 1 1 1 1 1 1 1 1 1 1 1 1 1 1 1 1 1 1 1 1 1 1 1 1 1 1 1 1 1 1 1 1 1 1 1 1 1 1 1 1 1 1 1 1 1 1 1 1 1 1 1 1 1 1 1 1 1 1 1 1 1 1 1 1 1 1 1 1 1 1 1 1 1 1 1 1 1 1 1 1 1 1 1 1 1 1 1 1 1 1 1 1 1 1 1 1 1 1 1 1 1 1 1 1 1 1 1 1 1 1 1 1 1 1 1 1 1 1 1 1 1 1 1 1 1 1 
</DataArray>
<DataArray type="Float64" Name="cell variable 7" format="ascii">
0 0 0 0 0 0 0 0 0 0 0 0 0 0 0 0 0 0 0 0 0 0 0 0 0 0 0 0 0 0 0 0 0 0 0 0 0 0 0 0 0 0 0 0 0 0 0 0 0 0 0 0 0 0 0 0 0 0 0 0 0 0 0 0 0 0 0 0 0 0 0 0 0 0 0 0 0 0 0 0 0 0 0 0 0 0 0 0 0 0 0 0 0 0 0 0 0 0 0 0 0 0 0 0 0 0 0 0 0 0 0 0 0 0 0 0 0 0 0 0 0 0 0 0 0 0 0 0 0 0 0 0 0 0 0 0 0 0 0 0 0 0 0 0 0 0 0 0 0 0 0 0 0 0 0 0 0 0 0 0 0 0 0 0 0 0 0 0 0 0 0 0 0 0 0 0 0 0 0 0 0 0 0 0 0 0 0 0 0 0 0 0 0 0 0 0 0 0 0 0 0 0 0 0 0 0 0 0 0 0 0 0 0 0 0 0 0 0 0 0 0 0 0 0 0 0 0 0 0 0 0 0 0 0 0 0 0 0 0 0 0 0 0 0 0 0 0 0 0 0 0 0 0 0 0 0 0 0 0 0 0 0 0 0 0 0 0 0 0 0 0 0 0 0 0 0 0 0 0 0 0 0 0 0 0 0 0 0 0 0 0 0 0 0 0 0 0 0 0 0 0 0 0 0 0 0 0 0 0 0 0 0 0 0 0 0 0 0 0 0 0 0 0 0 0 0 0 0 0 0 0 0 0 0 0 0 0 0 0 0 0 0 0 0 0 0 0 0 0 0 0 0 0 0 0 0 0 0 0 0 0 0 0 0 0 0 0 0 0 0 0 0 0 0 0 0 0 0 0 0 0 0 0 0 0 0 0 0 0 0 0 0 0 0 0 0 0 0 0 0 0 0 0 0 0 0 0 0 0 0 0 0 0 0 0 0 0 0 0 0 0 0 0 0 0 0 0 0 0 0 0 0 0 0 0 0 0 0 0 0 0 0 0 0 0 0 0 0 0 0 0 0 0 0 0 0 0 0 0 0 0 0 0 0 0 0 0 0 0 0 0 0 0 0 0 0 0 0 0 0 0 0 0 0 0 0 0 0 0 0 0 0 0 0 0 0 0 0 0 0 0 0 0 0 0 0 0 0 0 0 0 0 1 1 
</DataArray>
<DataArray type="Float64" Name="cell variable 8" format="ascii">
11.25 33.75 56.25 78.75 101.25 123.75 146.25 168.75 191.25 213.75 236.25 258.75 281.25 303.75 326.25 348.75 11.25 33.75 56.25 78.75 101.25 123.75 146.25 168.75 191.25 213.75 236.25 258.75 281.25 303.75 326.25 348.75 11.25 33.75 56.25 78.75 101.25 123.75 146.25 168.75 191.25 213.75 236.25 258.75 281.25 303.75 326.25 348.75 11.25 33.75 56.25 78.75 101.25 123.75 146.25 168.75 191.25 213.75 236.25 258.75 281.25 303.75 326.25 348.75 11.25 33.75 56.25 78.75 101.25 123.75 146.25 168.75 191.25 213.75 236.25 258.75 281.25 303.75 326.25 348.75 11.25 33.75 56.25 78.75 101.25 123.75 146.25 168.75 191.25 213.75 236.25 258.75 281.25 303.75 326.25 348.75 11.25 33.75 56.25 78.75 101.25 123.75 146.25 168.75 191.25 213.75 236.25 258.75 281.25 303.75 326.25 348.75 11.25 33.75 56.25 78.75 101.25 123.75 146.25 168.75 191.25 213.75 236.25 258.75 281.25 303.75 326.25 348.75 11.25 33.75 56.25 78.75 101.25 123.75 146.25 168.75 191.25 213.75 236.25 258.75 281.25 303.75 326.25 348.75 11.25 33.75 56.25 78.75 101.25 123.75 146.25 168.75 191.25 213.75 236.25 258.75 281.25 303.75 326.25 348.75 11.25 33.75 56.25 78.75 101.25 123.75 146.25 168.75 191.25 213.75 236.25 258.75 281.25 303.75 326.25 348.75 11.25 33.75 56.25 78.75 101.25 123.75 146.25 168.75 191.25 213.75 236.25 258.75 281.25 303.75 326.25 348.75 11.25 33.75 56.25 78.75 101.25 123.75 146.25 168.75 191.25 213.75 236.25 258.75 281.25 303.75 326.25 348.75 11.25 33.75 56.25 78.75 101.25 123.75 146.25 168.75 191.25 213.75 236.25 258.75 281.25 303.75 326.25 348.75 11.25 33.75 56.25 78.75 101.25 123.75 146.25 168.75 191.25 213.75 236.25 258.75 281.25 303.75 326.25 348.75 11.25 33.75 56.25 78.75 101.25 123.75 146.25 168.75 191.25 213.75 236.25 258.75 281.25 303.75 326.25 348.75 11.25 33.75 56.25 78.75 101.25 123.75 146.25 168.75 191.25 213.75 236.25 258.75 281.25 303.75 326.25 348.75 11.25 33.75 56.25 78.75 101.25 123.75 146.25 168.75 191.25 213.75 236.25 258.75 281.25 303.75 326.25 348.75 11.25 33.75 56.25 78.75 101.25 123.75 146.25 168.75 191.25 213.75 236.25 258.75 281.25 303.75 326.25 348.75 11.25 33.75 56.25 78.75 101.25 123.75 146.25 168.75 191.25 213.75 236.25 258.75 281.25 303.75 326.25 348.75 11.25 33.75 56.25 78.75 101.25 123.75 146.25 168.75 191.25 213.75 236.25 258.75 281.25 303.75 326.25 348.75 11.25 33.75 56.25 78.75 101.25 123.75 146.25 168.75 191.25 213.75 236.25 258.75 281.25 303.75 326.25 348.75 11.25 33.75 56.25 78.75 101.25 123.75 146.25 168.75 191.25 213.75 236.25 258.75 281.25 303.75 326.25 348.75 11.25 33.75 56.25 78.75 101.25 123.75 146.25 168.75 191.25 213.75 236.25 258.75 281.25 303.75 326.25 348.75 11.25 33.75 56.25 78.75 101.25 123.75 146.25 168.75 191.25 213.75 236.25 258.75 281.25 303.75 326.25 348.75 11.25 33.75 56.25 78.75 101.25 123.75 146.25 168.75 191.25 213.75 236.25 258.75 281.25 303.75 326.25 348.75 11.25 33.75 56.25 78.75 101.25 123.75 146.25 168.75 191.25 213.75 236.25 258.75 281.25 303.75 326.25 348.75 11.25 33.75 56.25 78.75 101.25 123.75 146.25 168.75 191.25 213.75 236.25 258.75 281.25 303.75 326.25 348.75 11.25 33.75 56.25 78.75 101.25 123.75 146.25 168.75 191.25 213.75 236.25 258.75 281.25 303.75 326.25 348.75 11.25 33.75 56.25 78.75 101.25 123.75 146.25 168.75 191.25 213.75 236.25 258.75 281.25 303.75 326.25 348.75 11.25 33.75 56.25 78.75 101.25 123.75 146.25 168.75 191.25 213.75 236.25 258.75 281.25 303.75 326.25 348.75 11.25 33.75 56.25 78.75 101.25 123.75 146.25 168.75 191.25 213.75 236.25 258.75 281.25 303.75 326.25 348.75 0 0 
</DataArray>
</CellData>
</Piece>
</UnstructuredGrid>
</VTKFile>
