<VTKFile type="UnstructuredGrid" version="0.1">
<UnstructuredGrid>
<Piece  NumberOfPoints="    2080" NumberOfCells="     514">
<Points>
<DataArray type="Float64" NumberOfComponents="3" format="ascii">
8.43522 -23.7781 1.48984
3.44999 -22.9006 27.063
10.7672 -6.25858 28.7813
16.1386 -7.21104 1.46585
2.34154 -22.7084 29.782
-11.9042 -20.2437 51.5658
-5.61892 -3.42636 54.6677
9.65873 -6.06643 31.5003
-13.9546 -19.8809 53.6524
-35.3743 -16.0173 68.2905
-30.4828 1.05282 72.2351
-7.66927 -3.06357 56.7543
-38.0545 -15.52 69.4221
-63.3679 -10.7147 74.5745
-60.0239 6.66937 78.8038
-33.1629 1.55011 73.3667
-66.2657 -10.1522 74.5742
-91.5376 -5.15002 69.4176
-89.7332 12.5479 73.365
-62.9216 7.23192 78.8035
-94.2083 -4.61276 68.2863
-115.534 -0.248743 53.6557
-115.091 17.7227 56.7536
-92.4039 13.0852 72.2337
-117.571 0.173354 51.5698
-131.725 3.15451 29.7831
-132.254 21.3244 31.5128
-117.128 18.1448 54.6677
-132.823 3.38848 27.0639
-137.754 4.46469 1.47586
-138.645 22.7123 1.48776
-133.352 21.5584 28.7936
-137.753 4.46732 -1.46419
-132.792 3.43107 -27.0425
-133.318 21.6112 -28.7605
-138.643 22.7149 -1.45229
-131.692 3.19904 -29.7613
-117.542 0.208262 -51.5372
-117.084 18.1818 -54.6482
-132.219 21.3792 -31.4794
-115.506 -0.217461 -53.6233
-94.1985 -4.62323 -68.2557
-92.3758 13.0652 -72.2193
-115.048 17.7561 -56.7343
-91.529 -5.16494 -69.3874
-66.2665 -10.199 -74.5477
-62.901 7.17823 -78.7888
-89.7063 12.5235 -73.351
-63.3693 -10.7647 -74.5481
-38.0584 -15.5973 -69.3997
-33.1474 1.47019 -73.3508
-60.0039 6.61254 -78.7892
-35.3786 -16.0979 -68.2685
-13.9541 -19.9912 -53.633
-7.65824 -3.18467 -56.7434
-30.4676 0.969595 -72.2196
-11.9039 -20.3554 -51.5467
2.34795 -22.8049 -29.7525
9.66098 -6.17593 -31.5053
-5.60798 -3.5488 -54.6571
3.45623 -22.991 -27.0333
8.43541 -23.7833 -1.45001
16.1388 -7.21628 -1.474
10.7693 -6.36204 -28.7861
16.8248 -5.28124 1.52559
11.4534 -4.32878 28.8411
16.3362 14.0147 29.3675
21.8583 13.0759 1.50666
-4.98601 -1.48901 54.84
-0.488382 16.8749 55.7864
15.1745 14.2144 32.199
10.2916 -4.12908 31.6726
-29.9395 3.00454 72.4871
-25.9008 21.4276 73.6801
-2.62835 17.2521 57.9526
-7.12598 -1.11185 57.0062
-59.5871 8.64136 79.0964
-56.0346 27.1668 80.3948
-28.6875 21.9452 74.8524
-32.7262 3.5221 73.6593
-89.408 14.5436 73.6585
-86.3315 33.2022 74.8844
-59.0438 27.7531 80.3955
-62.5964 9.22767 79.0971
-114.869 19.7407 57.0066
-112.196 38.5066 57.9647
-89.1057 33.7618 73.7126
-92.1822 15.1033 72.4868
-132.114 23.3592 31.6862
-129.715 42.1746 32.2166
-114.315 38.9453 55.7992
-116.988 20.1795 54.8412
-138.553 24.7555 1.55066
-136.255 43.5716 1.55712
-130.859 42.4171 29.3869
-133.259 23.6016 28.8566
-133.226 23.6538 -28.8213
-130.836 42.4385 -29.3481
-136.254 43.5737 -1.50665
-138.551 24.7575 -1.5131
-116.944 20.2151 -54.8221
-114.266 38.9505 -55.7965
-129.689 42.1972 -32.1801
-132.079 23.4125 -31.6533
-92.1523 15.0818 -72.4743
-89.0639 33.7308 -73.7138
-112.147 38.5081 -57.9637
-114.825 19.7727 -56.9893
-62.5739 9.17315 -79.0838
-59.0082 27.6958 -80.3955
-86.2908 33.1674 -74.8856
-89.3792 14.5184 -73.6461
-32.7087 3.44196 -73.6446
-28.656 21.869 -74.8498
-55.9995 27.107 -80.3947
-59.5652 8.58431 -79.083
-7.11291 -1.23247 -56.9959
-2.60145 17.1581 -57.9488
-25.8696 21.3489 -73.6773
-29.9223 2.9218 -72.4722
10.2945 -4.23757 -31.6796
15.1747 14.1388 -32.2325
-0.463006 16.7802 -55.7842
-4.97447 -1.61043 -54.8314
11.4552 -4.43163 -28.8506
16.8247 -5.28587 -1.53848
21.8582 13.0712 -1.55741
16.3354 13.9447 -29.4035
22.3712 15.1355 1.52681
16.8491 16.0744 29.3877
21.078 34.824 29.6379
26.7197 33.9451 1.51932
15.6627 16.2695 32.2567
-0.000197797 18.9299 55.844
3.96589 37.5744 56.2519
19.8915 35.0191 32.5069
-2.17744 19.3049 58.036
-25.4499 23.4805 73.7635
-21.7262 42.0679 74.2526
1.78865 37.9493 58.4439
-28.2761 24.0025 74.949
-55.6232 29.224 80.4914
-52.0946 47.8686 80.9988
-24.5524 42.59 75.4381
-58.6687 29.8214 80.4912
-85.9564 35.2705 74.9801
-82.5627 54.0281 75.4096
-55.1402 48.466 80.9985
-88.7602 35.8418 73.7926
-111.851 40.5865 58.0447
-108.523 59.4201 58.3315
-85.3666 54.5994 74.2221
-113.991 41.032 55.8518
-129.39 44.2613 32.2692
-126.079 63.1137 32.4045
-110.662 59.8655 56.1387
-130.546 44.505 29.4053
-135.941 45.6596 1.57547
-132.635 64.5007 1.57086
-127.235 63.3574 29.5406
-135.941 45.6599 -1.52515
-130.523 44.5248 -29.3666
-127.219 63.3499 -29.5124
-132.634 64.501 -1.52975
-129.364 44.2805 -32.2337
-113.942 41.0338 -55.8501
-110.617 59.8419 -56.1498
-126.061 63.1056 -32.3794
-111.801 40.586 -58.0451
-88.7181 35.8088 -73.7953
-85.323 54.5582 -74.2365
-108.476 59.3941 -58.3449
-85.9148 35.2352 -74.9827
-58.6322 29.7636 -80.4927
-55.1004 48.4085 -81.0131
-82.5198 53.9846 -75.4239
-55.5871 29.1645 -80.4927
-28.2436 23.9266 -74.9478
-24.5159 42.5227 -75.451
-52.0553 47.8094 -81.0131
-25.4178 23.4035 -73.762
-2.14966 19.2128 -58.0334
1.81855 37.8843 -58.4508
-21.6901 41.9996 -74.2652
0.025415 18.8386 -55.8434
15.6631 16.1972 -32.2917
19.886 34.9759 -32.5533
3.99363 37.5102 -56.2608
16.8481 16.0062 -29.4261
22.3709 15.1327 -1.58
26.7194 33.9422 -1.5875
21.071 34.7848 -29.6877
27.2026 35.9057 1.54236
21.5608 36.7847 29.661
26.0522 53.6312 29.8105
31.6131 52.1134 1.53885
20.3579 37.0453 32.5631
4.43224 39.6005 56.308
9.19162 58.214 56.5486
24.8493 53.8918 32.7126
2.2449 40.0938 58.5075
-21.27 44.2124 74.3163
-16.033 65.3263 74.6185
7.00427 58.7073 58.7481
-24.0855 44.8854 75.4916
-51.6277 50.164 81.0523
-45.7882 74.1174 81.3722
-18.8485 65.9993 75.7938
-54.6433 50.9213 81.0324
-82.0658 56.4834 75.4435
-75.5747 83.1996 75.6883
-48.8038 74.8746 81.3523
-84.8277 57.1973 74.2345
-107.984 62.018 58.3439
-100.874 91.0289 58.4707
-78.3367 83.9136 74.4793
-110.082 62.5679 56.1376
-125.498 65.8161 32.4034
-117.933 96.3343 32.4409
-102.972 91.5788 56.2645
-126.628 66.1139 29.5377
-132.028 67.2571 1.56798
-124.295 98.2973 1.55788
-119.063 96.632 29.5751
-132.027 67.2565 -1.52892
-126.612 66.1054 -29.5115
-119.05 96.6183 -29.569
-124.294 98.2967 -1.53902
-125.481 65.8062 -32.38
-110.036 62.5424 -56.1504
-102.931 91.5443 -56.2977
-117.919 96.3191 -32.4375
-107.937 61.9908 -58.3588
-84.7846 57.1549 -74.2505
-78.2962 83.8667 -74.5125
-100.831 90.9927 -58.5061
-82.0229 56.4396 -75.4593
-54.6036 50.8634 -81.0485
-48.7659 74.8183 -81.3837
-75.5346 83.1514 -75.7214
-51.5883 50.1053 -81.0682
-24.0489 44.8186 -75.5061
-18.8135 65.9403 -75.8212
-45.7506 74.0602 -81.4034
-21.234 44.1457 -74.3301
2.27467 40.0304 -58.5158
7.03008 58.6588 -58.7638
-15.9986 65.2675 -74.6453
4.45966 39.5388 -56.3179
20.3521 37.0045 -32.6104
24.8372 53.8701 -32.7654
9.21506 58.1672 -56.5659
21.5535 36.7467 -29.7116
27.202 35.9042 -1.61146
31.6125 52.1119 -1.61497
26.0387 53.6123 -29.8667
32.1849 53.9071 1.54414
26.6241 55.4249 29.8158
32.5632 71.5204 29.8458
37.9422 69.3653 1.54206
25.4507 55.8208 32.7261
9.79303 60.143 56.5621
16.2695 77.9972 56.5914
31.3898 71.9162 32.7561
7.66472 60.8744 58.7659
-15.3725 67.4935 74.6363
-8.05895 87.8251 74.6768
14.1412 78.7287 58.7952
-18.1068 68.4622 75.8145
-45.0466 76.5803 81.3929
-36.7415 99.7068 81.4654
-10.7933 88.7937 75.855
-47.9721 77.6459 81.3717
-74.743 85.9709 75.7077
-65.4456 111.816 75.7784
-39.6669 100.772 81.4442
-77.418 86.9622 74.4921
-99.9553 94.0776 58.4835
-89.7918 122.179 58.5146
-68.1206 112.808 74.5627
-101.983 94.8352 56.2695
-116.944 99.5908 32.446
-106.177 129.172 32.4438
-91.8193 122.937 56.3007
-118.034 99.9992 29.5755
-123.266 101.664 1.5582
-112.282 131.757 1.54834
-107.267 129.58 29.5733
-123.265 101.664 -1.54155
-118.021 99.9852 -29.5715
-107.257 129.562 -29.5883
-112.281 131.757 -1.55141
-116.93 99.5748 -32.4447
-101.942 94.8 -56.3049
-91.7836 122.896 -56.3533
-106.165 129.152 -32.4615
-99.9133 94.0407 -58.5208
-77.3781 86.9147 -74.5272
-68.0849 112.758 -74.6143
-89.7548 122.137 -58.5691
-74.7032 85.9226 -75.7426
-47.9346 77.5895 -81.4049
-39.6329 100.718 -81.4915
-65.4101 111.766 -75.8296
-45.0093 76.5235 -81.4255
-18.0722 68.4037 -75.8434
-10.7616 88.742 -75.8942
-36.7076 99.6524 -81.5122
-15.3386 67.4358 -74.6641
7.69016 60.8271 -58.7826
14.1633 78.692 -58.8182
-8.02794 87.774 -74.715
9.81603 60.0978 -56.58
25.4382 55.8007 -32.7795
31.3751 71.9089 -32.8134
16.2892 77.9627 -56.6155
26.6103 55.4069 -29.8725
32.1841 53.9065 -1.62073
37.9414 69.3648 -1.62281
32.5472 71.5151 -29.9064
38.6769 71.073 1.54263
33.2979 73.2281 29.8464
40.8036 88.4959 29.8394
45.9259 85.7321 1.5414
32.1728 73.7559 32.7567
17.0525 79.8369 56.592
25.3005 96.788 56.5588
39.6786 89.0237 32.7498
15.0146 80.8009 58.7954
-7.18549 89.8973 74.677
2.18207 109.233 74.6395
23.2626 97.7521 58.7622
-9.8014 91.1549 75.8571
-35.7496 102.068 81.4676
-25.0707 124.111 81.463
-0.43384 110.491 75.8197
-38.5478 103.435 81.4484
-64.3264 114.479 75.7825
-52.3527 139.167 75.7991
-27.8688 125.478 81.4438
-66.8835 115.742 74.5659
-88.5548 125.113 58.5178
-75.4818 151.997 58.524
-54.9099 140.43 74.5824
-90.4906 126.074 56.3012
-104.849 132.309 32.4443
-91.0308 160.63 32.4357
-77.4176 152.958 56.3074
-105.888 132.825 29.5724
-110.903 135.002 1.54742
-96.8201 163.822 1.53847
-92.0697 161.147 29.5638
-110.902 135.001 -1.55255
-105.878 132.807 -29.5894
-92.0621 161.127 -29.5977
-96.8196 163.821 -1.56149
-104.837 132.288 -32.4638
-90.4554 126.033 -56.3556
-77.3879 152.914 -56.3766
-91.0215 160.608 -32.4721
-88.5183 125.071 -58.574
-66.8484 115.692 -74.6191
-54.8794 140.38 -74.6497
-75.4508 151.952 -58.595
-64.2914 114.429 -75.8353
-38.5142 103.381 -81.4973
-27.8385 125.427 -81.5044
-52.3223 139.117 -75.8659
-35.7162 102.014 -81.5156
-9.77014 91.1036 -75.8976
-0.405112 110.445 -75.8686
-25.0405 124.06 -81.5228
-7.1548 89.8471 -74.716
15.0365 80.7652 -58.8193
23.2828 97.724 -58.7917
2.21023 109.189 -74.687
17.072 79.8035 -56.6167
32.1579 73.7497 -32.8145
39.6646 89.0264 -32.8107
25.3183 96.7624 -56.5891
33.2819 73.2234 -29.9073
38.6761 71.073 -1.62371
45.9251 85.7321 -1.62493
40.7886 88.5002 -29.9034
46.8287 87.3422 1.54064
41.7064 90.106 29.8387
50.7402 104.409 29.8215
55.5395 101.073 1.54008
40.6447 90.7589 32.7468
26.2666 98.5232 56.5558
36.2268 114.408 56.5071
49.6785 105.062 32.7296
24.3453 99.7087 58.7573
3.26471 111.19 74.6347
14.6022 129.329 74.5759
34.3054 115.593 58.7086
0.79949 112.724 75.8162
-23.8373 126.345 81.4594
-10.8911 147.06 81.4274
12.1369 130.863 75.7573
-26.4746 128.002 81.443
-50.9586 141.691 75.7983
-36.4268 164.936 75.7917
-13.5284 148.717 81.411
-53.3687 143.215 74.5825
-73.9406 154.782 58.5241
-58.0793 180.13 58.5205
-38.837 166.461 74.576
-75.7643 155.939 56.3067
-89.3775 163.611 32.435
-72.6285 190.336 32.4254
-59.903 181.287 56.3031
-90.3554 164.232 29.5627
-95.1058 166.907 1.53741
-78.0437 194.109 1.52959
-73.6065 190.957 29.5531
-95.1055 166.906 -1.56224
-90.348 164.212 -29.5984
-73.6016 190.936 -29.6034
-78.0434 194.108 -1.57006
-89.3686 163.589 -32.4731
-75.735 155.895 -56.3776
-59.8792 181.241 -56.3861
-72.6223 190.313 -32.478
-73.9102 154.737 -58.5966
-53.3388 143.165 -74.6513
-38.8113 166.412 -74.6559
-58.0544 180.083 -58.6051
-50.9286 141.641 -75.8664
-26.4448 127.951 -81.5049
-13.5014 148.669 -81.4821
-36.4011 164.887 -75.871
-23.8075 126.294 -81.5202
0.827914 112.679 -75.8661
12.1636 130.822 -75.814
-10.8641 147.012 -81.4975
3.29269 111.146 -74.6829
24.3652 99.6813 -58.7876
34.3251 115.571 -58.7442
14.6284 129.289 -74.6308
26.2845 98.4984 -56.5866
40.6308 90.7624 -32.8081
49.6677 105.071 -32.7934
36.2444 114.388 -56.5432
41.6915 90.1108 -29.9029
46.828 87.3427 -1.6244
55.5388 101.074 -1.62495
50.7285 104.419 -29.8882
56.6038 102.57 1.53902
51.8045 105.906 29.8204
62.2786 119.098 29.8018
66.6936 115.235 1.53909
50.8196 106.675 32.7259
37.3679 116.021 56.5034
48.9401 130.675 56.4567
61.2937 119.867 32.7072
35.5871 117.414 58.703
15.8839 131.149 74.5703
29.0759 147.896 74.52
47.1593 132.068 58.6564
13.5995 132.943 75.7531
-9.42855 149.141 81.4232
5.65449 168.289 81.4066
26.7916 149.69 75.7028
-11.8735 151.073 81.4097
-34.7719 167.292 75.7904
-17.8447 188.828 75.8014
3.20954 170.221 81.3932
-37.0077 169.065 74.5758
-56.25 182.734 58.5203
-37.7765 206.252 58.5199
-20.0805 190.601 74.5867
-57.9413 184.077 56.3023
-70.6668 193.126 32.4246
-51.1526 217.93 32.4167
-39.4678 207.594 56.3019
-71.5729 193.845 29.5521
-76.0101 196.998 1.52861
-56.1289 222.248 1.5219
-52.0587 218.649 29.5442
-76.01 196.996 -1.57064
-71.5682 193.824 -29.604
-52.0563 218.628 -29.6083
-56.1288 222.247 -1.57735
-70.6611 193.103 -32.4786
-57.918 184.031 -56.3867
-39.4496 207.549 -56.3956
-51.1492 217.906 -32.4829
-56.2256 182.688 -58.606
-36.9825 169.016 -74.6568
-20.059 190.554 -74.6764
-37.7573 206.205 -58.6149
-34.7466 167.243 -75.8708
-11.8469 151.025 -81.4819
3.23379 170.176 -81.4724
-17.8231 188.781 -75.8903
-9.40178 149.093 -81.494
13.626 132.903 -75.8105
26.8169 149.652 -75.7657
5.67886 168.244 -81.4845
15.91 131.11 -74.6258
35.6067 117.392 -58.7392
47.1796 132.05 -58.6974
29.101 147.86 -74.581
37.3857 116.003 -56.5399
50.8091 106.685 -32.7901
61.2878 119.881 -32.7731
48.9587 130.66 -56.4981
51.7929 105.917 -29.8872
56.6033 102.571 -1.62401
66.6931 115.236 -1.62394
62.2716 119.113 -29.8702
67.9084 116.604 1.53806
63.4934 120.467 29.8007
75.296 132.406 29.7834
79.2677 128.069 1.53874
62.5982 121.342 32.7038
50.2446 132.15 56.4533
63.3112 145.406 56.4139
74.4008 133.281 32.6865
48.6269 133.733 58.6519
30.5435 149.561 74.5156
45.4479 164.73 74.4888
61.6935 146.989 58.6125
28.4674 151.595 75.7003
7.33032 170.194 81.4041
24.3531 187.562 81.4054
43.3719 166.764 75.6736
5.10566 172.381 81.3935
-15.9486 190.988 75.8017
3.17151 210.535 75.8158
22.1285 189.749 81.3947
-17.9838 192.992 74.5871
-35.6798 208.643 58.5202
-14.7836 230.02 58.519
1.13629 212.54 74.6012
-37.2179 210.158 56.3011
-48.9027 220.494 32.416
-26.8163 243.061 32.4087
-16.3216 231.536 56.2999
-49.7257 221.305 29.5434
-53.796 224.904 1.52107
-31.2947 247.881 1.51543
-27.6393 243.872 29.5361
-53.7959 224.903 -1.57783
-49.7235 221.284 -29.6088
-27.6393 243.851 -29.6115
-31.2947 247.88 -1.58347
-48.8997 220.47 -32.4832
-37.2001 210.113 -56.3958
-16.3086 231.492 -56.4013
-26.8155 243.038 -32.486
-35.6611 208.596 -58.6161
-17.9628 192.945 -74.6776
1.15434 212.495 -74.6977
-14.7696 229.975 -58.6215
-15.9272 190.94 -75.8913
5.12961 172.335 -81.4734
22.1509 189.706 -81.4795
3.18991 210.49 -75.9114
7.35453 170.149 -81.4826
28.4926 151.558 -75.7637
43.3965 166.73 -75.7411
24.3758 187.52 -81.4887
30.5685 149.525 -74.577
48.6472 133.715 -58.6935
61.7153 146.974 -58.6585
45.4724 164.698 -74.5544
50.2635 132.135 -56.495
62.5926 121.356 -32.7701
74.4005 133.297 -32.7536
63.3316 145.394 -56.46
63.4867 120.481 -29.8692
67.9082 116.605 -1.62293
79.2675 128.07 -1.62225
75.2946 132.422 -29.8527
80.6193 129.294 1.5379
76.6475 133.631 29.7826
89.6378 144.196 29.768
93.1157 139.44 1.53918
75.8533 134.601 32.6832
64.7637 146.726 56.4106
79.1367 158.441 56.3765
88.8435 145.166 32.6686
63.3281 148.479 58.6088
47.0825 166.22 74.4851
63.4728 179.623 74.4561
77.7012 160.193 58.5746
45.2384 168.472 75.6717
26.2197 189.269 81.4035
44.9734 204.649 81.386
61.6287 181.874 75.6428
24.243 191.686 81.3943
5.28598 212.473 75.8154
26.4086 229.796 75.8056
42.9966 207.066 81.3768
3.47858 214.687 74.601
-12.4413 232.167 58.5187
10.6724 251.121 58.5134
24.6012 232.01 74.5911
-13.8061 233.84 56.2992
-24.3008 245.366 32.408
0.125891 265.394 32.4016
9.30753 252.795 56.2939
-25.0309 246.26 29.5354
-28.6863 250.27 1.5147
-3.80322 270.669 1.51006
-0.604224 266.289 29.5291
-28.6864 250.268 -1.58381
-25.031 246.24 -29.6119
-0.606376 266.269 -29.6136
-3.80329 270.668 -1.58845
-24.3004 245.343 -32.4861
-13.7935 233.796 -56.4014
9.31576 252.753 -56.4002
0.124254 265.372 -32.4877
-12.4277 232.122 -58.6218
3.49621 214.642 -74.698
24.616 231.967 -74.6916
10.6816 251.079 -58.6207
5.30414 212.428 -75.9115
24.2651 191.644 -81.4796
43.0173 207.025 -81.465
26.424 229.753 -75.9051
26.2423 189.227 -81.4873
45.2629 168.438 -75.7396
61.6529 181.842 -75.7136
44.9944 204.609 -81.4727
47.1071 166.188 -74.551
63.35 148.464 -58.6551
77.7247 160.18 -58.6248
63.4971 179.592 -74.525
64.7845 146.714 -56.4569
75.8534 134.617 -32.7505
88.849 145.181 -32.7359
79.1592 158.43 -56.4266
76.6464 133.647 -29.8518
80.6194 129.295 -1.62131
93.1158 139.441 -1.62002
89.6421 144.212 -29.8371
94.5881 140.51 1.53854
91.1102 145.266 29.7674
105.133 154.348 29.7563
108.077 149.229 1.54036
90.4259 146.319 32.6662
80.7191 159.593 56.374
96.2413 169.675 56.3449
104.449 155.401 32.6551
79.4822 161.494 58.571
65.2539 180.923 74.4526
82.9805 192.455 74.4139
95.0044 171.576 58.5419
63.6654 183.364 75.6397
47.0101 206.139 81.3829
67.3245 219.358 81.3543
81.392 194.896 75.6009
45.3082 208.758 81.3749
28.7202 231.488 75.8037
51.611 246.387 75.7933
65.6226 221.978 81.3464
27.1643 233.886 74.5903
13.2355 252.998 58.5126
38.2898 269.306 58.5108
50.0551 248.785 74.5799
12.0607 254.81 56.2933
2.87906 267.409 32.4011
29.3594 284.645 32.3974
37.115 271.118 56.2916
2.25055 268.378 29.5285
-0.948444 272.759 1.50951
26.028 290.317 1.50572
28.7309 285.614 29.5248
-0.948626 272.758 -1.58877
2.24829 268.359 -29.6139
28.7269 285.596 -29.6164
26.0278 290.316 -1.59256
2.87708 267.388 -32.4878
12.0686 254.769 -56.4003
37.119 271.08 -56.4005
29.3557 284.625 -32.4902
13.2443 252.956 -58.6202
27.1788 233.844 -74.6911
50.0672 248.746 -74.6822
38.2947 269.267 -58.6204
28.7353 231.446 -75.9035
45.3286 208.718 -81.4634
65.6417 221.94 -81.4361
51.6237 246.347 -75.8946
47.031 206.099 -81.4698
63.6895 183.332 -75.7107
81.4159 194.866 -75.6737
67.3441 219.321 -81.4426
65.2782 180.893 -74.5217
79.5058 161.48 -58.6215
95.0295 171.562 -58.5954
83.0045 192.427 -74.4848
80.7419 159.582 -56.4243
90.4318 146.333 -32.7336
104.46 155.413 -32.7214
96.2657 169.664 -56.3982
91.1148 145.282 -29.8363
94.5885 140.511 -1.61916
108.077 149.23 -1.61734
105.143 154.361 -29.8241
109.653 150.132 1.53996
106.71 155.251 29.7558
121.61 162.743 29.7482
123.98 157.325 1.54224
106.144 156.373 32.6532
97.9361 170.648 56.343
114.442 178.966 56.3218
121.044 163.866 32.6456
96.9138 172.674 58.5387
84.8899 193.553 74.4106
103.754 203.068 74.3822
113.419 180.991 58.5175
83.5778 196.154 75.5977
69.5103 220.616 81.3511
91.1376 231.525 81.3302
102.442 205.669 75.5693
68.1048 223.406 81.3445
54.0932 247.815 75.7914
78.4728 260.113 75.7834
89.7322 234.314 81.3235
52.8083 250.37 74.5793
41.043 270.89 58.5102
67.7343 284.354 58.5095
77.1879 262.667 74.5712
40.0728 272.82 56.2913
32.3172 286.347 32.397
60.5316 300.581 32.394
66.7642 286.284 56.2905
31.7981 287.379 29.5244
29.0952 292.082 1.50532
57.8395 306.583 1.50229
60.0125 301.613 29.5214
29.095 292.081 -1.59284
31.7941 287.361 -29.6166
60.0071 301.596 -29.6182
57.8392 306.582 -1.59587
32.3133 286.327 -32.4903
40.0766 272.782 -56.4005
66.7648 286.25 -56.3997
60.5263 300.562 -32.4918
41.0476 270.851 -58.6198
52.8201 250.33 -74.6817
77.1978 262.63 -74.6732
67.7359 284.319 -58.619
54.1058 247.776 -75.8928
68.1237 223.368 -81.4343
89.75 234.279 -81.413
78.4835 260.076 -75.8843
69.5298 220.579 -81.4395
83.6016 196.124 -75.6706
102.465 205.64 -75.6428
91.1561 231.49 -81.4182
84.914 193.525 -74.4818
96.939 172.66 -58.5924
113.446 180.978 -58.5734
103.778 203.041 -74.4539
97.9607 170.637 -56.3964
106.155 156.386 -32.7196
121.059 163.875 -32.71
114.468 178.954 -56.3774
106.72 155.264 -29.8233
109.653 150.132 -1.61661
123.981 157.325 -1.61433
121.624 162.753 -29.8138
125.643 158.049 1.54206
123.272 163.468 29.7481
138.88 169.283 29.7435
140.646 163.632 1.54472
122.832 164.647 32.6443
116.23 179.747 56.3205
133.528 186.202 56.3066
138.44 170.462 32.6397
115.435 181.873 58.5152
105.77 203.95 74.38
125.548 211.335 74.3616
132.734 188.328 58.5014
104.751 206.679 75.5671
93.4466 232.534 81.3279
116.129 241.003 81.3152
124.529 214.064 75.5487
92.3551 235.461 81.3223
81.0957 261.26 75.7821
106.671 270.808 75.7783
115.037 243.93 81.3095
80.0979 263.94 74.5709
70.6443 285.627 58.5091
98.6511 296.083 58.5103
105.674 273.488 74.5671
69.891 287.652 56.2904
63.6584 301.948 32.3939
93.267 313.004 32.392
97.8977 298.107 56.2916
63.2552 303.031 29.5211
61.0822 308.001 1.50199
91.2482 319.265 1.49979
92.8638 314.086 29.5192
61.0819 308 -1.59607
63.2498 303.014 -29.6184
92.8576 314.071 -29.6194
91.2479 319.264 -1.59827
63.653 301.93 -32.4918
69.8915 287.617 -56.3997
97.896 298.077 -56.3989
93.2608 312.987 -32.4929
70.6456 285.592 -58.6185
80.1076 263.903 -74.6727
105.682 273.455 -74.6668
98.6502 296.051 -58.6178
81.1062 261.224 -75.8829
92.3727 235.426 -81.4116
115.054 243.897 -81.3972
106.681 270.775 -75.877
93.4649 232.5 -81.4159
104.774 206.65 -75.6405
124.553 214.037 -75.6216
116.146 240.97 -81.4015
105.794 203.922 -74.4518
115.462 181.859 -58.5713
132.761 188.313 -58.5589
125.572 211.309 -74.4329
116.256 179.735 -56.3761
122.848 164.655 -32.7087
138.459 170.466 -32.7014
133.556 186.189 -56.3637
123.287 163.477 -29.8132
125.644 158.05 -1.61373
140.647 163.632 -1.61108
138.897 169.288 -29.8058
142.376 164.17 1.5447
140.61 169.821 29.7435
156.744 173.89 29.7413
157.883 168.076 1.54763
140.301 171.041 32.639
135.389 186.782 56.3059
153.278 191.298 56.2979
156.435 175.111 32.6369
134.833 188.983 58.5
127.647 211.99 74.3602
148.106 217.158 74.3499
152.721 193.5 58.492
126.934 214.814 75.5474
118.533 241.753 81.3139
142 247.68 81.308
147.392 219.982 75.5371
117.77 244.782 81.3089
109.404 271.661 75.7777
135.869 278.344 75.7779
141.236 250.709 81.303
108.706 274.434 74.5671
101.683 297.028 58.5103
130.667 304.346 58.5135
135.171 281.117 74.5673
101.156 299.124 56.2916
96.5251 314.02 32.3921
127.171 321.759 32.3914
130.14 306.442 56.2948
96.243 315.14 29.519
94.6274 320.319 1.49961
125.851 328.204 1.49829
126.889 322.879 29.5184
94.627 320.318 -1.5984
96.2368 315.125 -29.6196
126.882 322.866 -29.6202
125.851 328.203 -1.59972
96.5188 314.004 -32.4929
101.154 299.093 -56.3989
130.137 306.416 -56.3986
127.164 321.744 -32.4934
101.682 296.997 -58.6175
108.714 274.401 -74.6665
135.178 281.087 -74.6631
130.665 304.319 -58.6171
109.413 271.627 -75.8761
117.786 244.75 -81.3963
141.252 250.678 -81.3874
135.877 278.313 -75.8727
118.551 241.721 -81.4
126.957 214.787 -75.6202
147.415 219.956 -75.6083
142.017 247.649 -81.3911
127.671 211.963 -74.4316
134.86 188.968 -58.5575
152.749 193.484 -58.5501
148.129 217.132 -74.4197
135.417 186.768 -56.3628
140.32 171.046 -32.7005
156.456 175.11 -32.6949
153.305 191.284 -56.3554
140.627 169.826 -29.8053
142.377 164.17 -1.61057
157.884 168.076 -1.60764
156.763 173.89 -29.7997
159.659 168.421 1.54775
158.52 174.236 29.7415
174.993 176.512 29.7413
175.489 170.605 1.55082
158.347 175.483 32.6365
155.189 191.671 56.2975
173.456 194.197 56.294
174.82 177.759 32.6364
154.878 193.92 58.4913
150.263 217.578 74.3492
171.157 220.468 74.345
173.144 196.446 58.4878
149.864 220.463 75.5365
144.472 248.161 81.3074
168.441 251.474 81.3065
170.758 223.353 75.5323
144.045 251.256 81.3029
138.677 278.891 75.7778
165.713 282.626 75.7807
168.014 254.569 81.302
138.288 281.724 74.5675
133.785 304.953 58.5138
163.397 309.043 58.5182
165.323 285.459 74.5705
133.491 307.094 56.295
130.521 322.411 32.3916
161.833 326.735 32.392
163.103 311.183 56.2994
130.363 323.555 29.5184
129.326 328.88 1.49822
161.23 333.286 1.49787
161.675 327.88 29.5188
129.326 328.88 -1.59977
130.357 323.542 -29.6202
161.669 327.869 -29.6201
161.229 333.286 -1.60013
130.514 322.397 -32.4934
133.487 307.068 -56.3985
163.099 311.162 -56.3982
161.826 326.723 -32.4933
133.782 304.927 -58.6169
138.295 281.694 -74.6629
165.33 285.432 -74.661
163.394 309.02 -58.6166
138.685 278.861 -75.8721
144.061 251.226 -81.3868
168.03 254.541 -81.3818
165.721 282.599 -75.8703
144.488 248.131 -81.3902
149.887 220.438 -75.6074
170.781 223.328 -75.6006
168.458 251.446 -81.3852
150.286 217.553 -74.4189
154.906 193.904 -58.5493
173.172 196.429 -58.5454
171.18 220.443 -74.412
155.217 191.656 -56.3549
158.368 175.482 -32.6944
174.841 177.753 -32.6903
173.484 194.181 -56.3509
158.54 174.235 -29.7993
159.66 168.421 -1.60721
175.49 170.605 -1.60414
175.013 176.506 -29.7952
177.292 170.754 1.55103
176.795 176.661 29.7415
193.413 177.119 29.743
193.26 171.192 1.55417
176.76 177.919 32.6363
175.396 194.358 56.2939
193.824 194.867 56.2928
193.377 178.378 32.6377
175.333 196.627 58.4875
173.346 220.649 74.3447
194.426 221.228 74.3422
193.761 197.136 58.4863
173.266 223.56 75.5321
170.95 251.682 81.3063
195.134 252.341 81.305
194.346 224.14 75.5296
170.866 254.804 81.302
168.564 282.861 75.7808
195.844 283.601 75.782
195.05 255.464 81.3007
168.488 285.72 74.5708
166.562 309.303 58.5185
196.444 310.109 58.5218
195.768 286.459 74.5721
166.505 311.463 56.2996
165.234 327.015 32.3922
196.833 327.867 32.3933
196.386 312.269 56.3029
165.204 328.17 29.5188
164.758 333.577 1.49791
196.954 334.445 1.49848
196.802 329.022 29.5198
164.757 333.576 -1.60007
165.197 328.159 -29.62
196.796 329.013 -29.6189
196.954 334.445 -1.5995
165.228 327.003 -32.4931
166.501 311.442 -56.398
196.383 312.252 -56.3957
196.827 327.857 -32.492
166.559 309.281 -58.6163
168.495 285.693 -74.6608
195.775 286.435 -74.6563
196.441 310.091 -58.6139
168.572 282.835 -75.8698
170.881 254.776 -81.3813
195.066 255.437 -81.3748
195.852 283.577 -75.8653
170.967 251.654 -81.3845
173.289 223.535 -75.5999
194.369 224.115 -75.5937
195.151 252.315 -81.378
173.369 220.624 -74.4115
175.361 196.609 -58.5448
193.789 197.117 -58.5421
194.449 221.204 -74.4053
175.424 194.341 -56.3506
176.782 177.913 -32.6899
193.399 178.366 -32.6869
193.851 194.848 -56.3478
176.816 176.655 -29.7948
177.293 170.754 -1.60377
193.261 171.192 -1.60063
193.433 177.108 -29.7918
195.068 171.143 1.55449
195.22 177.07 29.7433
211.789 175.707 29.7464
210.989 169.83 1.55795
195.323 178.325 32.6378
195.77 194.814 56.2929
214.144 193.301 56.2929
211.891 176.962 32.641
195.957 197.076 58.4861
196.621 221.168 74.342
217.64 219.43 74.3385
214.33 195.563 58.4861
196.862 224.07 75.5292
197.651 252.271 81.3046
221.763 250.268 81.2995
217.881 222.333 75.5257
197.91 255.384 81.3005
198.704 283.521 75.7818
225.902 281.252 75.7789
222.022 253.381 81.2954
198.942 286.37 74.5722
199.618 310.02 58.5219
229.408 307.529 58.5234
226.14 284.101 74.5693
199.798 312.173 56.3031
200.245 327.771 32.3935
231.747 325.137 32.3948
229.589 309.682 56.3046
200.341 328.922 29.5199
200.493 334.345 1.4986
232.591 331.662 1.49964
231.844 326.288 29.5212
200.493 334.345 -1.59937
200.335 328.913 -29.6187
231.837 326.281 -29.6169
232.591 331.662 -1.59833
200.238 327.761 -32.4917
199.795 312.156 -56.3954
229.585 309.669 -56.3901
231.741 325.129 -32.4898
199.615 310.002 -58.6133
198.949 286.346 -74.6557
226.146 284.081 -74.6461
229.406 307.515 -58.608
198.712 283.497 -75.8645
197.926 255.358 -81.374
222.038 253.356 -81.3629
225.909 281.231 -75.8549
197.667 252.245 -81.3771
196.886 224.045 -75.5928
217.904 222.308 -75.585
221.78 250.244 -81.3661
196.645 221.143 -74.4048
195.984 197.056 -58.5415
214.358 195.542 -58.5395
217.663 219.406 -74.3969
195.797 194.794 -56.3476
195.345 178.313 -32.6866
211.913 176.945 -32.6846
214.171 193.28 -56.3455
195.241 177.059 -29.7915
195.069 171.142 -1.60032
210.99 169.829 -1.59685
211.809 175.691 -29.7895
212.781 169.583 1.5584
213.581 175.46 29.7469
229.906 172.289 29.7519
228.468 166.533 1.56239
213.82 176.696 32.6413
216.073 193.035 56.2932
234.178 189.514 56.2959
230.146 173.525 32.6463
216.507 195.263 58.4861
219.816 219.13 74.3384
240.525 215.093 74.3373
234.612 191.742 58.4888
220.374 221.987 75.5253
224.257 249.923 81.2991
248.011 245.279 81.2946
241.083 217.95 75.5242
224.856 252.987 81.295
228.736 280.858 75.7785
255.524 275.61 75.775
248.61 248.343 81.2905
229.285 283.663 74.5692
232.554 307.091 58.5234
261.893 301.335 58.5249
256.074 278.414 74.5657
232.97 309.21 56.3048
235.128 324.665 32.3949
266.15 318.58 32.3965
262.309 303.455 56.3064
235.35 325.799 29.5214
236.098 331.173 1.49979
267.706 324.974 1.50096
266.373 319.714 29.523
236.097 331.173 -1.59817
235.344 325.793 -29.6167
266.366 319.709 -29.6147
267.705 324.974 -1.597
235.121 324.658 -32.4894
232.966 309.198 -56.3897
262.306 303.446 -56.3833
266.144 318.574 -32.4874
232.551 307.077 -58.6072
229.292 283.643 -74.6452
256.081 278.397 -74.6341
261.891 301.325 -58.6007
228.743 280.837 -75.8537
224.872 252.963 -81.3617
248.627 248.321 -81.3507
255.532 275.592 -75.8426
224.274 249.898 -81.3651
220.397 221.963 -75.584
241.106 217.927 -75.5782
248.028 245.257 -81.354
219.84 219.106 -74.3965
216.535 195.241 -58.539
234.64 191.719 -58.5396
240.549 215.069 -74.3908
216.1 193.013 -56.3454
213.842 176.678 -32.6845
230.166 173.502 -32.6838
234.205 189.491 -56.346
213.601 175.443 -29.7892
212.782 169.582 -1.59658
228.469 166.532 -1.59259
229.925 172.267 -29.7885
230.223 166.091 1.56296
231.661 171.846 29.7525
247.553 166.901 29.7597
245.492 161.338 1.56732
232.035 173.049 32.6469
236.067 189.038 56.2965
253.689 183.547 56.3038
247.927 168.103 32.6541
236.743 191.204 58.4892
242.656 214.555 74.3377
262.808 208.262 74.3428
254.365 185.713 58.4964
243.525 217.332 75.5242
250.453 244.661 81.2946
273.563 237.432 81.295
263.677 211.04 75.5293
251.385 247.64 81.2903
258.299 274.906 75.7748
284.355 266.743 75.7737
274.495 240.411 81.2906
259.152 277.633 74.5658
264.971 300.553 58.525
293.502 291.606 58.5274
285.208 269.469 74.5647
265.617 302.614 56.3066
269.459 317.74 32.3968
299.625 308.281 32.3988
294.148 293.667 56.3091
269.804 318.842 29.5231
271.137 324.103 1.50114
301.872 314.467 1.50249
299.97 309.384 29.5252
271.137 324.103 -1.59683
269.798 318.837 -29.6145
299.964 309.38 -29.6124
301.872 314.467 -1.59548
269.452 317.734 -32.4869
265.614 302.606 -56.3828
294.147 293.663 -56.3767
299.619 308.277 -32.4849
264.969 300.544 -58.5999
259.16 277.616 -74.6332
285.217 269.455 -74.6239
293.502 291.601 -58.5938
258.307 274.888 -75.8415
251.401 247.618 -81.3496
274.512 240.391 -81.3429
284.364 266.728 -75.8322
250.47 244.639 -81.3534
243.548 217.309 -75.5776
263.701 211.017 -75.5776
273.58 237.412 -81.3466
242.68 214.531 -74.3908
236.771 191.18 -58.5396
254.392 185.688 -58.5444
262.832 208.24 -74.3908
236.095 189.014 -56.3461
232.055 173.025 -32.684
247.944 168.075 -32.6848
253.715 183.522 -56.3509
231.68 171.824 -29.7883
230.224 166.09 -1.59236
245.493 161.337 -1.58801
247.569 166.874 -29.7891
247.19 160.705 1.56804
249.25 166.268 29.7604
264.52 159.604 29.7699
261.863 154.302 1.5726
249.754 167.422 32.6551
255.516 182.866 56.3048
272.444 175.466 56.3178
265.023 160.758 32.6646
256.426 184.943 58.4975
264.869 207.493 74.3438
284.223 199.017 74.3569
273.354 177.543 58.5105
266.038 210.157 75.53
275.923 236.549 81.2957
298.112 226.82 81.3025
285.392 201.681 75.543
277.176 239.406 81.2909
287.036 265.738 75.774
312.045 254.759 75.7761
299.364 229.676 81.2977
288.183 268.354 74.5649
296.477 290.49 58.5277
323.855 278.463 58.5313
313.192 257.375 74.567
297.344 292.468 56.3094
302.821 307.082 32.3991
331.765 294.368 32.4017
324.723 280.441 56.313
303.285 308.14 29.5254
305.187 313.224 1.50272
334.676 300.272 1.50431
332.229 295.427 29.528
305.187 313.224 -1.59531
303.279 308.137 -29.6123
332.224 295.425 -29.6103
334.676 300.272 -1.59371
302.815 307.078 -32.4845
297.343 292.464 -56.3764
324.724 280.44 -56.3711
331.76 294.366 -32.4826
296.477 290.486 -58.5931
288.191 268.34 -74.6232
313.202 257.364 -74.6169
323.858 278.462 -58.5878
287.045 265.723 -75.8316
277.193 239.387 -81.3423
299.382 229.659 -81.3417
312.056 254.747 -75.8252
275.941 236.529 -81.3466
266.061 210.134 -75.5776
285.415 201.66 -75.5851
298.13 226.802 -81.3461
264.893 207.47 -74.3914
256.453 184.918 -58.545
273.38 177.517 -58.5551
284.247 198.996 -74.399
255.542 182.84 -56.3515
249.771 167.393 -32.6853
265.037 160.725 -32.6881
272.47 175.439 -56.3616
249.266 166.241 -29.789
247.191 160.704 -1.58785
261.863 154.301 -1.58328
264.532 159.573 -29.7917
263.483 153.487 1.57346
266.14 158.789 29.7707
280.609 150.481 29.7827
277.388 145.508 1.57811
266.767 159.879 32.6661
274.188 174.587 56.3193
290.222 165.362 56.3391
281.236 151.572 32.6781
275.32 176.551 58.5124
286.189 198.025 74.3587
304.514 187.465 74.3811
291.354 167.326 58.5322
287.643 200.543 75.5445
300.362 225.682 81.304
321.363 213.567 81.3183
305.967 189.983 75.5669
301.92 228.383 81.2985
314.601 253.466 75.7769
338.264 239.804 75.7827
322.921 216.269 81.3128
316.027 255.939 74.5675
326.69 277.028 58.5318
352.586 262.069 58.5367
339.689 242.278 74.5734
327.768 278.898 56.3135
334.81 292.825 32.4022
362.183 277.016 32.4055
353.664 263.94 56.3184
335.387 293.827 29.5283
337.835 298.673 1.50459
365.722 282.569 1.50641
362.76 278.018 29.5316
337.834 298.673 -1.59354
335.382 293.826 -29.6102
362.757 278.018 -29.6085
365.722 282.569 -1.59172
334.806 292.824 -32.4823
327.77 278.898 -56.3708
353.669 263.943 -56.3668
362.18 277.016 -32.4807
326.693 277.027 -58.5874
316.037 255.929 -74.6164
339.701 242.27 -74.6138
352.592 262.072 -58.5834
314.612 253.454 -75.8251
301.938 228.366 -81.3417
322.94 216.254 -81.3485
338.277 239.796 -75.8225
300.381 225.664 -81.3469
287.666 200.522 -75.586
305.991 189.963 -75.6026
321.383 213.552 -81.3537
286.213 198.003 -74.4003
275.346 176.525 -58.5565
291.378 167.3 -58.573
304.538 187.444 -74.417
274.213 174.56 -56.3625
266.78 159.846 -32.6891
281.244 151.536 -32.6942
290.245 165.336 -56.379
266.152 158.757 -29.7917
263.483 153.485 -1.58323
277.389 145.506 -1.57858
280.616 150.447 -29.7968
278.912 144.518 1.57911
282.133 149.492 29.7837
295.631 139.637 29.7985
291.888 135.054 1.58374
282.875 150.506 32.6802
291.861 164.297 56.3412
306.811 153.353 56.3687
296.373 140.651 32.6949
293.202 166.122 58.535
306.361 186.261 74.3839
323.439 173.739 74.417
308.152 155.179 58.5625
308.082 188.604 75.5694
323.478 212.188 81.3208
343.041 197.832 81.3433
325.159 176.081 75.6025
325.321 214.702 81.3142
340.664 238.238 75.7842
362.696 222.06 75.7936
344.884 200.346 81.3367
342.35 240.54 74.5742
355.247 260.331 58.5375
379.35 242.626 58.5435
364.382 224.362 74.5836
356.522 262.073 56.3189
365.041 275.149 32.4061
390.516 256.442 32.4101
380.626 244.368 56.3249
365.724 276.082 29.5319
368.686 280.633 1.50675
394.639 261.578 1.50876
391.199 257.375 29.5359
368.686 280.633 -1.59156
365.721 276.082 -29.6084
391.197 257.376 -29.6072
394.639 261.578 -1.58955
365.038 275.149 -32.4805
356.528 262.076 -56.3666
380.635 244.374 -56.3639
390.514 256.443 -32.4793
355.253 260.334 -58.5832
342.363 240.532 -74.6136
364.397 224.357 -74.6148
379.36 242.631 -58.5805
340.677 238.229 -75.8231
325.34 214.687 -81.349
344.904 200.334 -81.3641
362.711 222.054 -75.8242
323.497 212.173 -81.3555
308.106 188.584 -75.6044
325.183 176.063 -75.6316
343.061 197.819 -81.3705
306.385 186.241 -74.4193
293.226 166.096 -58.5753
308.175 155.153 -58.5992
323.463 173.72 -74.4465
291.884 164.27 -56.3805
282.883 150.47 -32.6956
296.376 140.613 -32.7034
306.833 153.326 -56.4043
282.14 149.458 -29.7969
278.912 144.516 -1.57867
291.889 135.052 -1.57405
295.633 139.601 -29.8046
293.298 133.902 1.58489
297.041 138.486 29.7996
309.414 127.195 29.817
305.197 123.061 1.5894
297.889 139.41 32.6976
308.327 152.112 56.3714
322.019 139.574 56.4073
310.262 128.119 32.715
309.859 153.778 58.5664
325.146 172.338 74.4209
340.775 157.998 74.4652
323.551 141.24 58.6023
327.112 174.477 75.6061
344.993 196.228 81.3468
362.887 179.801 81.3772
342.741 160.137 75.6504
347.1 198.525 81.3388
364.911 220.239 75.7957
385.052 201.741 75.8082
364.993 182.098 81.3691
366.838 222.343 74.5847
381.806 240.607 58.5445
403.831 220.374 58.5511
386.978 203.845 74.5971
383.262 242.2 56.3256
393.152 254.274 32.4107
416.427 232.902 32.4153
405.288 221.967 56.3322
393.932 255.127 29.5363
397.373 259.331 1.50914
421.083 237.565 1.51122
417.207 233.756 29.5408
397.372 259.331 -1.58942
393.931 255.128 -29.607
417.207 233.758 -29.6064
421.083 237.565 -1.58735
393.151 254.275 -32.4792
383.272 242.206 -56.3638
405.301 221.975 -56.3622
416.427 232.904 -32.4785
381.816 240.612 -58.5806
366.853 222.338 -74.6149
386.996 203.842 -74.6196
403.846 220.381 -58.579
364.927 220.233 -75.8255
347.12 198.512 -81.3653
365.016 182.087 -81.3886
385.07 201.737 -75.8301
345.014 196.215 -81.3734
327.136 174.459 -75.6344
342.766 160.121 -75.6728
362.91 179.79 -81.3966
325.17 172.319 -74.4498
309.882 153.752 -58.6025
323.571 141.215 -58.6344
340.799 157.981 -74.4882
308.348 152.085 -56.4064
297.892 139.372 -32.7055
310.259 128.081 -32.7159
322.038 139.549 -56.4383
297.043 138.449 -29.8049
293.298 133.9 -1.57429
305.197 123.059 -1.56979
309.41 127.158 -29.8154
306.477 121.76 1.59068
310.694 125.894 29.8183
321.8 113.294 29.8378
317.165 109.664 1.59499
311.637 126.717 32.7182
323.393 138.172 56.4106
335.667 124.182 56.4546
322.743 114.117 32.7377
325.098 139.658 58.6073
342.322 156.415 74.4702
356.32 140.422 74.5252
337.371 125.667 58.6513
344.51 158.326 75.655
364.656 177.99 81.3818
380.672 159.684 81.4185
358.508 142.332 75.71
366.998 180.044 81.3717
387.057 199.686 75.8108
405.072 179.091 75.8244
383.014 161.738 81.4085
389.199 201.57 74.5983
406.052 218.098 58.5523
425.742 195.588 58.5586
407.214 180.974 74.612
407.672 219.525 56.3329
418.811 230.46 32.416
439.615 206.693 32.4209
427.362 197.015 56.3392
419.679 231.225 29.5412
423.555 235.034 1.51163
444.75 210.831 1.51363
440.483 207.458 29.5461
423.555 235.034 -1.58726
419.679 231.227 -29.6063
440.485 207.46 -29.6062
444.75 210.831 -1.58526
418.812 230.462 -32.4785
407.686 219.533 -56.3622
427.381 197.023 -56.361
439.618 206.695 -32.4785
406.067 218.106 -58.5793
389.217 201.567 -74.6199
407.235 180.973 -74.6265
425.762 195.597 -58.5782
387.076 199.682 -75.8319
367.021 180.033 -81.3904
383.038 161.73 -81.4206
405.093 179.089 -75.8386
364.678 177.979 -81.4005
344.534 158.31 -75.6767
358.533 142.318 -75.7259
380.696 159.675 -81.4307
342.346 156.399 -74.4926
325.118 139.633 -58.6388
337.39 125.644 -58.6784
356.345 140.407 -74.5419
323.412 138.147 -56.441
311.633 126.679 -32.7186
322.734 114.081 -32.7312
335.685 124.158 -56.4806
310.689 125.857 -29.8158
306.477 121.758 -1.57018
317.165 109.662 -1.56587
321.79 113.259 -29.8284
318.301 108.228 1.59632
322.935 111.858 29.8391
332.651 98.0886 29.8581
327.662 95.0118 1.60037
323.961 112.57 32.7414
336.885 122.634 56.4582
347.602 107.345 56.5067
333.677 98.8006 32.7604
338.74 123.921 58.657
357.689 138.676 74.531
369.897 121.208 74.5925
349.457 108.632 58.7055
360.071 140.335 75.7153
382.235 157.687 81.4238
396.189 137.714 81.4619
372.279 122.868 75.7767
384.786 159.475 81.4113
406.843 176.828 75.8272
422.525 154.382 75.8377
398.74 139.502 81.4494
409.174 178.47 74.6131
427.703 193.084 58.5597
444.835 168.573 58.5635
424.856 156.024 74.6236
429.466 194.329 56.3399
441.72 204.007 32.4216
459.821 178.141 32.4262
446.599 169.818 56.3437
442.665 204.675 29.5465
446.932 208.048 1.51405
465.374 181.712 1.51577
460.766 178.809 29.5511
446.932 208.048 -1.58522
442.667 204.677 -29.6062
460.771 178.811 -29.6065
465.374 181.713 -1.5835
441.723 204.009 -32.4785
429.485 194.337 -56.3611
446.622 169.827 -56.3586
459.826 178.143 -32.4788
427.723 193.092 -58.5785
409.196 178.469 -74.6269
424.88 156.025 -74.6316
444.859 168.582 -58.5761
406.864 176.826 -75.8406
384.81 159.467 -81.4227
398.766 139.496 -81.4551
422.549 154.382 -75.8453
382.259 157.678 -81.4353
360.097 140.322 -75.7305
372.305 122.857 -75.7865
396.215 137.708 -81.4677
357.714 138.661 -74.5471
338.759 123.899 -58.6836
349.475 108.613 -58.7274
369.922 121.196 -74.6031
336.903 122.611 -56.4836
323.952 112.534 -32.7343
333.664 98.7686 -32.7465
347.619 107.325 -56.5274
322.925 111.823 -29.8289
318.3 108.226 -1.56634
327.661 95.01 -1.56229
332.637 98.0576 -29.8411
328.641 93.457 1.60145
333.631 96.5338 29.8592
341.859 81.7457 29.8695
336.584 79.2653 1.60515
334.726 97.1249 32.7637
348.651 105.67 56.51
357.696 89.249 56.5498
342.954 82.3368 32.7741
350.633 106.742 58.7111
371.072 119.318 74.5981
381.354 100.569 74.6505
359.678 90.3211 58.7509
373.62 120.708 75.7815
397.53 135.554 81.4667
409.266 114.143 81.4911
383.901 101.959 75.834
400.257 137.058 81.4514
424.042 151.938 75.8397
437.215 127.909 75.8363
411.993 115.647 81.4758
426.534 153.322 74.624
446.513 165.871 58.5639
460.9 139.66 58.5595
439.708 129.293 74.6206
448.4 166.922 56.3441
461.622 175.244 32.4265
476.827 147.601 32.4286
462.787 140.712 56.3397
462.634 175.809 29.5515
467.242 178.713 1.5161
482.736 150.572 1.51739
477.839 148.166 29.5535
467.242 178.713 -1.58346
462.639 175.811 -29.6064
477.845 148.167 -29.6052
482.736 150.572 -1.58217
461.628 175.247 -32.4786
448.424 166.931 -56.3585
462.815 140.719 -56.3493
476.835 147.603 -32.4774
446.538 165.879 -58.5759
426.559 153.322 -74.6314
439.736 129.294 -74.6236
460.929 139.668 -58.5667
424.067 151.938 -75.8467
400.283 137.052 -81.4565
412.021 115.643 -81.4765
437.243 127.91 -75.839
397.556 135.548 -81.4719
373.646 120.697 -75.7907
383.928 101.951 -75.8382
409.294 114.139 -81.4919
371.098 119.307 -74.6081
350.651 106.723 -58.7324
359.697 90.3066 -58.7671
381.381 100.561 -74.6555
348.667 105.65 -56.5301
334.712 97.0934 -32.7492
342.938 82.3112 -32.7527
357.713 89.2334 -56.5647
333.616 96.5031 -29.8414
328.64 93.4555 -1.56255
336.583 79.2638 -1.55885
341.842 81.7209 -29.8449
337.399 77.6088 1.60498
342.675 80.0892 29.8694
349.365 64.443 29.8446
343.884 62.5965 1.60811
343.823 80.5511 32.7744
358.565 87.4633 56.5502
365.865 70.0893 56.5369
350.514 64.9049 32.7497
360.648 88.3075 58.7527
382.324 98.5555 74.6524
390.575 78.7313 74.6445
367.948 70.9335 58.7395
385.004 99.6603 75.8347
410.369 111.845 81.4919
419.756 89.2382 81.455
393.256 79.8361 75.8268
413.239 113.049 81.474
438.461 125.311 75.8345
448.977 99.9813 75.7814
422.626 90.4422 81.4372
441.085 126.425 74.6182
462.278 136.792 58.5571
473.758 109.195 58.5226
451.601 101.095 74.5652
464.265 137.64 56.3386
478.305 144.53 32.4275
490.448 115.442 32.4171
475.746 110.043 56.3041
479.373 144.986 29.5534
484.27 147.392 1.51728
496.651 117.787 1.51806
491.516 115.899 29.543
484.27 147.392 -1.58182
479.379 144.988 -29.6049
491.525 115.899 -29.5925
496.651 117.787 -1.58104
478.314 144.531 -32.476
464.294 137.648 -56.3478
475.779 110.049 -56.3105
490.459 115.443 -32.4636
462.307 136.8 -58.5639
441.114 126.426 -74.6208
451.633 101.096 -74.5651
473.793 109.201 -58.5265
438.49 125.312 -75.8367
413.268 113.046 -81.4743
422.657 90.441 -81.4345
449.009 99.9825 -75.781
410.397 111.841 -81.4922
385.032 99.653 -75.8385
393.285 79.8324 -75.8264
419.786 89.2366 -81.4524
382.351 98.5477 -74.6569
360.667 88.2934 -58.7684
367.969 70.9253 -58.7493
390.604 78.7272 -74.6448
358.582 87.4485 -56.5644
343.807 80.5262 -32.7524
350.499 64.8884 -32.7208
365.883 70.0804 -56.5453
342.657 80.0648 -29.844
337.398 77.6077 -1.55791
343.883 62.5954 -1.55477
349.349 64.4271 -29.8124
344.538 60.857 1.60355
350.019 62.7035 29.8401
355.249 46.3734 29.6972
349.662 45.1888 1.60555
351.203 63.0297 32.7385
366.554 68.2141 56.5257
372.135 50.088 56.3094
356.434 46.6997 32.5956
368.707 68.8198 58.7255
391.335 76.6177 74.6305
397.515 55.9523 74.3748
374.288 50.6937 58.5092
394.11 77.4258 75.8104
420.61 86.8279 81.4386
427.536 63.2902 81.1545
400.291 56.7605 75.5547
423.585 87.7218 81.4198
449.936 97.2609 75.7641
457.627 70.9213 75.5079
430.511 64.184 81.1357
452.658 98.0943 74.5512
474.816 106.195 58.5086
483.186 77.5228 58.3357
460.349 71.7547 74.2949
476.881 106.833 56.2961
491.583 112.232 32.4091
500.435 82.0214 32.3306
485.25 78.1606 56.1232
492.693 112.576 29.5407
497.828 114.464 1.51571
506.858 83.7178 1.51645
501.545 82.3656 29.4621
497.829 114.464 -1.57854
492.703 112.576 -29.59
501.56 82.3638 -29.5111
506.859 83.7177 -1.5778
491.594 112.232 -32.4555
476.914 106.838 -56.3024
485.289 78.1626 -56.1302
500.451 82.0198 -32.3766
474.851 106.2 -58.5123
452.691 98.0958 -74.5509
460.383 71.7558 -74.294
483.226 77.5249 -58.3402
449.968 97.2621 -75.7634
423.616 87.7206 -81.4169
430.544 64.1846 -81.1316
457.661 70.9221 -75.5065
420.641 86.8266 -81.4357
394.14 77.4225 -75.8097
400.322 56.761 -75.5512
427.569 63.2906 -81.1504
391.364 76.6141 -74.6303
368.728 68.8123 -58.7348
374.313 50.6939 -58.5111
397.546 55.9526 -74.3718
366.572 68.2061 -56.5333
351.188 63.0142 -32.7089
356.426 46.6955 -32.5592
372.158 50.0878 -56.3097
350.003 62.6881 -29.8071
344.537 60.8565 -1.54952
349.662 45.1883 -1.54752
355.24 46.3694 -29.6574
350.188 43.387 1.58667
355.775 44.5716 29.6783
360.056 27.7481 29.1608
354.501 27.2157 1.58613
356.97 44.7606 32.5443
372.671 48.149 56.2581
376.925 29.5549 55.3303
361.251 27.9371 32.0268
374.851 48.5126 58.4358
398.078 53.7712 74.3014
402.366 32.6271 73.0844
379.105 29.9185 57.508
400.894 54.276 75.469
428.14 60.8057 81.0688
432.501 36.7167 79.7369
405.182 33.1319 74.252
431.162 61.3803 81.0504
458.278 68.1176 75.4226
462.744 41.1242 74.2086
435.523 37.2913 79.7185
461.046 68.6618 74.2244
483.883 74.4299 58.2652
488.474 44.9981 57.3532
465.513 41.6684 73.0104
485.986 74.8496 56.0778
501.17 78.7103 32.2852
505.859 47.659 31.8052
490.577 45.4178 55.1659
502.303 78.9374 29.4468
507.616 80.2896 1.50115
512.353 48.6741 1.50408
506.992 47.886 28.9668
507.617 80.2895 -1.56229
502.318 78.9356 -29.4956
507.02 47.8842 -29.0159
512.354 48.6739 -1.55937
501.187 78.7084 -32.3315
486.026 74.8511 -56.0851
490.622 45.4156 -55.1825
505.89 47.657 -31.8519
483.923 74.4317 -58.27
461.081 68.6626 -74.2237
465.547 41.6673 -73.0101
488.52 44.9962 -57.3673
458.312 68.1184 -75.4212
431.195 61.3809 -81.0463
435.554 37.2928 -79.7149
462.778 41.1232 -74.2076
428.172 60.8064 -81.0646
400.925 54.2768 -75.4654
405.213 33.1366 -74.2479
432.532 36.7183 -79.7331
398.109 53.7722 -74.2978
374.876 48.5135 -58.4372
379.137 29.9274 -57.4987
402.396 32.632 -73.0804
372.695 48.15 -56.2575
356.963 44.7577 -32.507
361.259 27.9477 -31.9846
376.955 29.5639 -55.3191
355.766 44.5683 -29.6381
350.188 43.3872 -1.52822
354.501 27.2159 -1.52875
360.062 27.7584 -29.1156
355.024 25.4358 1.52489
360.578 25.9683 29.0996
365.632 10.3262 27.8439
360.382 9.7469 1.52129
361.726 26.0918 31.8624
377.4 27.7095 55.1658
381.668 12.1798 52.8911
366.779 10.4497 30.6067
379.513 27.9534 57.2811
402.773 30.662 72.8575
405.976 15.1547 69.9069
383.78 12.4236 55.0063
405.524 31.0077 74.0044
432.842 34.5925 79.4894
434.852 18.9206 76.3141
408.727 15.5005 71.0538
435.81 34.9927 79.4892
463.031 38.8257 73.9792
463.904 22.8878 71.0895
437.82 19.3208 76.3139
465.763 39.2097 72.8305
488.724 42.5394 57.1733
488.69 26.3723 55.0111
466.636 23.2718 69.9408
490.807 42.8384 55.0534
506.089 45.0796 31.6927
505.482 28.7656 30.545
490.773 26.6713 52.8912
507.215 45.242 28.9288
512.576 46.0301 1.4661
511.769 29.6542 1.46944
506.607 28.9281 27.7811
512.577 46.0295 -1.52114
507.243 45.2398 -28.9777
506.628 28.9064 -27.8212
511.77 29.6536 -1.5178
506.12 45.0768 -31.7391
490.852 42.8353 -55.0697
490.811 26.653 -52.8997
505.505 28.7434 -30.5826
488.769 42.5369 -57.1873
465.797 39.208 -72.8301
466.664 23.2681 -69.9397
488.728 26.3545 -55.0172
463.064 38.8245 -73.9782
435.841 34.9941 -79.4855
437.845 19.3224 -76.311
463.932 22.8846 -71.0878
432.873 34.5943 -79.4856
405.554 31.0127 -74.0004
408.751 15.508 -71.0513
434.877 18.9227 -76.3111
402.803 30.6678 -72.8534
379.545 27.9631 -57.2717
383.805 12.4493 -55.0018
406.001 15.1631 -69.9043
377.431 27.72 -55.1545
361.734 26.1039 -31.82
366.785 10.4801 -30.5706
381.692 12.2062 -52.8846
360.585 25.9794 -29.0545
355.024 25.4369 -1.46761
360.382 9.74796 -1.4712
365.635 10.3556 -27.8051
361.008 8.03776 1.44212
366.258 8.61704 27.7647
372.181 -6.53609 26.1603
367.294 -7.13241 1.42954
367.339 8.74643 30.3849
382.227 10.4765 52.6693
387.176 -4.64484 49.7597
373.262 -6.4067 28.7805
384.224 10.7235 54.6772
406.42 13.4546 69.5777
410.005 -1.72748 65.7971
389.173 -4.39781 51.7675
409.026 13.7894 70.6661
435.151 17.2095 75.9264
437.174 1.82668 71.8111
412.612 -1.39267 66.8855
437.968 17.5844 75.9265
464.053 21.1514 70.7021
464.519 5.47871 66.8647
439.991 2.20161 71.8112
466.649 21.5066 69.6134
488.703 24.6071 54.6838
487.855 8.6697 51.7279
467.115 5.83394 65.7761
490.685 24.8837 52.6741
505.394 26.978 30.3278
503.662 10.8573 28.734
489.837 8.94627 49.7182
506.465 27.1276 27.7057
511.626 27.8537 1.39411
509.585 11.657 1.40671
504.733 11.0069 26.1119
511.627 27.852 -1.44078
506.485 27.1048 -27.7442
504.747 10.968 -26.1311
509.585 11.6553 -1.42818
505.415 26.9538 -30.3644
490.721 24.8634 -52.6814
489.858 8.91353 -49.7239
503.678 10.817 -28.7513
488.74 24.5885 -54.6897
466.676 21.5021 -69.6121
467.13 5.82956 -65.7773
487.876 8.63862 -51.7322
464.08 21.1482 -70.7005
437.993 17.586 -75.9237
440.003 2.20208 -71.8099
464.533 5.47566 -66.8657
435.175 17.2116 -75.9235
409.05 13.7969 -70.6637
412.623 -1.38734 -66.8824
437.186 1.82764 -71.8097
406.443 13.4637 -69.5753
384.248 10.7499 -54.6728
389.182 -4.36154 -51.763
410.017 -1.72056 -65.794
382.25 10.5047 -52.6636
367.343 8.77857 -30.3496
373.262 -6.36012 -28.7627
387.185 -4.60675 -49.7539
366.261 8.64742 -27.7275
361.008 8.0398 -1.39361
367.294 -7.13037 -1.40618
372.18 -6.49127 -26.1406
368.055 -8.72946 1.32161
372.942 -8.13314 26.0524
380.42 -21.8135 23.7634
375.997 -22.435 1.31168
373.938 -8.00143 28.4769
387.852 -6.23957 49.4561
394.014 -19.9226 45.2183
381.415 -21.6818 26.188
389.694 -5.99678 51.3134
410.527 -3.32645 65.343
414.739 -17.1496 59.7463
395.856 -19.6798 47.0756
412.934 -3.00986 66.3461
437.496 0.209493 71.2716
439.384 -13.8825 65.1412
417.147 -16.833 60.7494
440.099 0.55407 71.2674
464.628 3.83117 66.3209
464.17 -10.6061 60.6123
441.986 -13.5379 65.1369
467.027 4.1518 65.312
487.766 6.98756 51.2639
485.332 -7.81023 46.8834
466.569 -10.2855 59.6035
489.597 7.23454 49.4076
503.423 9.14557 28.4235
499.677 -5.9138 26.0622
487.164 -7.56325 45.0272
504.412 9.27873 26.0043
509.264 9.92881 1.29902
505.056 -5.20223 1.30826
500.667 -5.78065 23.643
509.264 9.92772 -1.31749
504.426 9.2404 -26.0204
500.667 -5.7819 -23.643
505.057 -5.20332 -1.30825
503.437 9.10628 -28.4398
489.617 7.20284 -49.4124
487.164 -7.56568 -45.0276
499.678 -5.91602 -26.0624
487.786 6.95694 -51.2684
467.039 4.14788 -65.3135
466.57 -10.2869 -59.6037
485.333 -7.81158 -46.8836
464.64 3.82813 -66.322
440.11 0.554546 -71.2662
441.987 -13.5384 -65.1368
464.171 -10.6066 -60.6122
437.507 0.210189 -71.2703
412.945 -3.00479 -66.3431
417.147 -16.8331 -60.7491
439.384 -13.8828 -65.1409
410.537 -3.32046 -65.3397
389.702 -5.96143 -51.3087
395.856 -19.6789 -47.0752
414.739 -17.1488 -59.7458
387.86 -6.20298 -49.4512
373.937 -7.95634 -28.46
381.415 -21.6795 -26.1873
394.014 -19.9204 -45.2176
372.942 -8.08909 -26.0357
368.055 -8.7282 -1.30129
375.997 -22.4338 -1.31123
380.42 -21.8122 -23.763
-4.01983 -22.5181 25.5937
0.965401 -23.3956 0.020484
-4.01378 -22.6033 -25.5628
-18.2656 -20.1538 -47.357
-39.6901 -16.2605 -61.9925
-65.001 -11.4278 -67.1409
-90.2636 -6.39377 -61.9806
-111.571 -1.988 -47.3482
-125.721 1.00278 -25.5723
-130.682 2.03903 0.00596054
-125.751 0.962825 25.594
-111.597 -2.01833 47.3808
-90.2707 -6.38235 62.0114
-64.9988 -11.3845 67.168
-39.6853 -16.1898 62.0156
-18.2656 -20.0534 47.3775
382.635 -22.3855 1.31945e-05
387.058 -21.764 22.4517
399.656 -20.0048 41.4821
418.539 -17.4746 54.1528
440.776 -14.5241 58.5446
462.96 -11.5923 54.02
481.723 -9.11705 41.3
494.237 -7.4676 22.335
498.627 -6.88918 0.000239176
494.237 -7.46776 -22.3346
481.723 -9.11742 -41.2997
462.96 -11.5927 -54.0199
440.776 -14.5245 -58.5445
418.539 -17.4748 -54.1527
399.656 -20.0049 -41.4821
387.058 -21.764 -22.4517
</DataArray>
</Points>
<Cells>
<DataArray type="Int32" Name="connectivity" format="ascii">
0 1 2 3 
4 5 6 7 
8 9 10 11 
12 13 14 15 
16 17 18 19 
20 21 22 23 
24 25 26 27 
28 29 30 31 
32 33 34 35 
36 37 38 39 
40 41 42 43 
44 45 46 47 
48 49 50 51 
52 53 54 55 
56 57 58 59 
60 61 62 63 
64 65 66 67 
68 69 70 71 
72 73 74 75 
76 77 78 79 
80 81 82 83 
84 85 86 87 
88 89 90 91 
92 93 94 95 
96 97 98 99 
100 101 102 103 
104 105 106 107 
108 109 110 111 
112 113 114 115 
116 117 118 119 
120 121 122 123 
124 125 126 127 
128 129 130 131 
132 133 134 135 
136 137 138 139 
140 141 142 143 
144 145 146 147 
148 149 150 151 
152 153 154 155 
156 157 158 159 
160 161 162 163 
164 165 166 167 
168 169 170 171 
172 173 174 175 
176 177 178 179 
180 181 182 183 
184 185 186 187 
188 189 190 191 
192 193 194 195 
196 197 198 199 
200 201 202 203 
204 205 206 207 
208 209 210 211 
212 213 214 215 
216 217 218 219 
220 221 222 223 
224 225 226 227 
228 229 230 231 
232 233 234 235 
236 237 238 239 
240 241 242 243 
244 245 246 247 
248 249 250 251 
252 253 254 255 
256 257 258 259 
260 261 262 263 
264 265 266 267 
268 269 270 271 
272 273 274 275 
276 277 278 279 
280 281 282 283 
284 285 286 287 
288 289 290 291 
292 293 294 295 
296 297 298 299 
300 301 302 303 
304 305 306 307 
308 309 310 311 
312 313 314 315 
316 317 318 319 
320 321 322 323 
324 325 326 327 
328 329 330 331 
332 333 334 335 
336 337 338 339 
340 341 342 343 
344 345 346 347 
348 349 350 351 
352 353 354 355 
356 357 358 359 
360 361 362 363 
364 365 366 367 
368 369 370 371 
372 373 374 375 
376 377 378 379 
380 381 382 383 
384 385 386 387 
388 389 390 391 
392 393 394 395 
396 397 398 399 
400 401 402 403 
404 405 406 407 
408 409 410 411 
412 413 414 415 
416 417 418 419 
420 421 422 423 
424 425 426 427 
428 429 430 431 
432 433 434 435 
436 437 438 439 
440 441 442 443 
444 445 446 447 
448 449 450 451 
452 453 454 455 
456 457 458 459 
460 461 462 463 
464 465 466 467 
468 469 470 471 
472 473 474 475 
476 477 478 479 
480 481 482 483 
484 485 486 487 
488 489 490 491 
492 493 494 495 
496 497 498 499 
500 501 502 503 
504 505 506 507 
508 509 510 511 
512 513 514 515 
516 517 518 519 
520 521 522 523 
524 525 526 527 
528 529 530 531 
532 533 534 535 
536 537 538 539 
540 541 542 543 
544 545 546 547 
548 549 550 551 
552 553 554 555 
556 557 558 559 
560 561 562 563 
564 565 566 567 
568 569 570 571 
572 573 574 575 
576 577 578 579 
580 581 582 583 
584 585 586 587 
588 589 590 591 
592 593 594 595 
596 597 598 599 
600 601 602 603 
604 605 606 607 
608 609 610 611 
612 613 614 615 
616 617 618 619 
620 621 622 623 
624 625 626 627 
628 629 630 631 
632 633 634 635 
636 637 638 639 
640 641 642 643 
644 645 646 647 
648 649 650 651 
652 653 654 655 
656 657 658 659 
660 661 662 663 
664 665 666 667 
668 669 670 671 
672 673 674 675 
676 677 678 679 
680 681 682 683 
684 685 686 687 
688 689 690 691 
692 693 694 695 
696 697 698 699 
700 701 702 703 
704 705 706 707 
708 709 710 711 
712 713 714 715 
716 717 718 719 
720 721 722 723 
724 725 726 727 
728 729 730 731 
732 733 734 735 
736 737 738 739 
740 741 742 743 
744 745 746 747 
748 749 750 751 
752 753 754 755 
756 757 758 759 
760 761 762 763 
764 765 766 767 
768 769 770 771 
772 773 774 775 
776 777 778 779 
780 781 782 783 
784 785 786 787 
788 789 790 791 
792 793 794 795 
796 797 798 799 
800 801 802 803 
804 805 806 807 
808 809 810 811 
812 813 814 815 
816 817 818 819 
820 821 822 823 
824 825 826 827 
828 829 830 831 
832 833 834 835 
836 837 838 839 
840 841 842 843 
844 845 846 847 
848 849 850 851 
852 853 854 855 
856 857 858 859 
860 861 862 863 
864 865 866 867 
868 869 870 871 
872 873 874 875 
876 877 878 879 
880 881 882 883 
884 885 886 887 
888 889 890 891 
892 893 894 895 
896 897 898 899 
900 901 902 903 
904 905 906 907 
908 909 910 911 
912 913 914 915 
916 917 918 919 
920 921 922 923 
924 925 926 927 
928 929 930 931 
932 933 934 935 
936 937 938 939 
940 941 942 943 
944 945 946 947 
948 949 950 951 
952 953 954 955 
956 957 958 959 
960 961 962 963 
964 965 966 967 
968 969 970 971 
972 973 974 975 
976 977 978 979 
980 981 982 983 
984 985 986 987 
988 989 990 991 
992 993 994 995 
996 997 998 999 
1000 1001 1002 1003 
1004 1005 1006 1007 
1008 1009 1010 1011 
1012 1013 1014 1015 
1016 1017 1018 1019 
1020 1021 1022 1023 
1024 1025 1026 1027 
1028 1029 1030 1031 
1032 1033 1034 1035 
1036 1037 1038 1039 
1040 1041 1042 1043 
1044 1045 1046 1047 
1048 1049 1050 1051 
1052 1053 1054 1055 
1056 1057 1058 1059 
1060 1061 1062 1063 
1064 1065 1066 1067 
1068 1069 1070 1071 
1072 1073 1074 1075 
1076 1077 1078 1079 
1080 1081 1082 1083 
1084 1085 1086 1087 
1088 1089 1090 1091 
1092 1093 1094 1095 
1096 1097 1098 1099 
1100 1101 1102 1103 
1104 1105 1106 1107 
1108 1109 1110 1111 
1112 1113 1114 1115 
1116 1117 1118 1119 
1120 1121 1122 1123 
1124 1125 1126 1127 
1128 1129 1130 1131 
1132 1133 1134 1135 
1136 1137 1138 1139 
1140 1141 1142 1143 
1144 1145 1146 1147 
1148 1149 1150 1151 
1152 1153 1154 1155 
1156 1157 1158 1159 
1160 1161 1162 1163 
1164 1165 1166 1167 
1168 1169 1170 1171 
1172 1173 1174 1175 
1176 1177 1178 1179 
1180 1181 1182 1183 
1184 1185 1186 1187 
1188 1189 1190 1191 
1192 1193 1194 1195 
1196 1197 1198 1199 
1200 1201 1202 1203 
1204 1205 1206 1207 
1208 1209 1210 1211 
1212 1213 1214 1215 
1216 1217 1218 1219 
1220 1221 1222 1223 
1224 1225 1226 1227 
1228 1229 1230 1231 
1232 1233 1234 1235 
1236 1237 1238 1239 
1240 1241 1242 1243 
1244 1245 1246 1247 
1248 1249 1250 1251 
1252 1253 1254 1255 
1256 1257 1258 1259 
1260 1261 1262 1263 
1264 1265 1266 1267 
1268 1269 1270 1271 
1272 1273 1274 1275 
1276 1277 1278 1279 
1280 1281 1282 1283 
1284 1285 1286 1287 
1288 1289 1290 1291 
1292 1293 1294 1295 
1296 1297 1298 1299 
1300 1301 1302 1303 
1304 1305 1306 1307 
1308 1309 1310 1311 
1312 1313 1314 1315 
1316 1317 1318 1319 
1320 1321 1322 1323 
1324 1325 1326 1327 
1328 1329 1330 1331 
1332 1333 1334 1335 
1336 1337 1338 1339 
1340 1341 1342 1343 
1344 1345 1346 1347 
1348 1349 1350 1351 
1352 1353 1354 1355 
1356 1357 1358 1359 
1360 1361 1362 1363 
1364 1365 1366 1367 
1368 1369 1370 1371 
1372 1373 1374 1375 
1376 1377 1378 1379 
1380 1381 1382 1383 
1384 1385 1386 1387 
1388 1389 1390 1391 
1392 1393 1394 1395 
1396 1397 1398 1399 
1400 1401 1402 1403 
1404 1405 1406 1407 
1408 1409 1410 1411 
1412 1413 1414 1415 
1416 1417 1418 1419 
1420 1421 1422 1423 
1424 1425 1426 1427 
1428 1429 1430 1431 
1432 1433 1434 1435 
1436 1437 1438 1439 
1440 1441 1442 1443 
1444 1445 1446 1447 
1448 1449 1450 1451 
1452 1453 1454 1455 
1456 1457 1458 1459 
1460 1461 1462 1463 
1464 1465 1466 1467 
1468 1469 1470 1471 
1472 1473 1474 1475 
1476 1477 1478 1479 
1480 1481 1482 1483 
1484 1485 1486 1487 
1488 1489 1490 1491 
1492 1493 1494 1495 
1496 1497 1498 1499 
1500 1501 1502 1503 
1504 1505 1506 1507 
1508 1509 1510 1511 
1512 1513 1514 1515 
1516 1517 1518 1519 
1520 1521 1522 1523 
1524 1525 1526 1527 
1528 1529 1530 1531 
1532 1533 1534 1535 
1536 1537 1538 1539 
1540 1541 1542 1543 
1544 1545 1546 1547 
1548 1549 1550 1551 
1552 1553 1554 1555 
1556 1557 1558 1559 
1560 1561 1562 1563 
1564 1565 1566 1567 
1568 1569 1570 1571 
1572 1573 1574 1575 
1576 1577 1578 1579 
1580 1581 1582 1583 
1584 1585 1586 1587 
1588 1589 1590 1591 
1592 1593 1594 1595 
1596 1597 1598 1599 
1600 1601 1602 1603 
1604 1605 1606 1607 
1608 1609 1610 1611 
1612 1613 1614 1615 
1616 1617 1618 1619 
1620 1621 1622 1623 
1624 1625 1626 1627 
1628 1629 1630 1631 
1632 1633 1634 1635 
1636 1637 1638 1639 
1640 1641 1642 1643 
1644 1645 1646 1647 
1648 1649 1650 1651 
1652 1653 1654 1655 
1656 1657 1658 1659 
1660 1661 1662 1663 
1664 1665 1666 1667 
1668 1669 1670 1671 
1672 1673 1674 1675 
1676 1677 1678 1679 
1680 1681 1682 1683 
1684 1685 1686 1687 
1688 1689 1690 1691 
1692 1693 1694 1695 
1696 1697 1698 1699 
1700 1701 1702 1703 
1704 1705 1706 1707 
1708 1709 1710 1711 
1712 1713 1714 1715 
1716 1717 1718 1719 
1720 1721 1722 1723 
1724 1725 1726 1727 
1728 1729 1730 1731 
1732 1733 1734 1735 
1736 1737 1738 1739 
1740 1741 1742 1743 
1744 1745 1746 1747 
1748 1749 1750 1751 
1752 1753 1754 1755 
1756 1757 1758 1759 
1760 1761 1762 1763 
1764 1765 1766 1767 
1768 1769 1770 1771 
1772 1773 1774 1775 
1776 1777 1778 1779 
1780 1781 1782 1783 
1784 1785 1786 1787 
1788 1789 1790 1791 
1792 1793 1794 1795 
1796 1797 1798 1799 
1800 1801 1802 1803 
1804 1805 1806 1807 
1808 1809 1810 1811 
1812 1813 1814 1815 
1816 1817 1818 1819 
1820 1821 1822 1823 
1824 1825 1826 1827 
1828 1829 1830 1831 
1832 1833 1834 1835 
1836 1837 1838 1839 
1840 1841 1842 1843 
1844 1845 1846 1847 
1848 1849 1850 1851 
1852 1853 1854 1855 
1856 1857 1858 1859 
1860 1861 1862 1863 
1864 1865 1866 1867 
1868 1869 1870 1871 
1872 1873 1874 1875 
1876 1877 1878 1879 
1880 1881 1882 1883 
1884 1885 1886 1887 
1888 1889 1890 1891 
1892 1893 1894 1895 
1896 1897 1898 1899 
1900 1901 1902 1903 
1904 1905 1906 1907 
1908 1909 1910 1911 
1912 1913 1914 1915 
1916 1917 1918 1919 
1920 1921 1922 1923 
1924 1925 1926 1927 
1928 1929 1930 1931 
1932 1933 1934 1935 
1936 1937 1938 1939 
1940 1941 1942 1943 
1944 1945 1946 1947 
1948 1949 1950 1951 
1952 1953 1954 1955 
1956 1957 1958 1959 
1960 1961 1962 1963 
1964 1965 1966 1967 
1968 1969 1970 1971 
1972 1973 1974 1975 
1976 1977 1978 1979 
1980 1981 1982 1983 
1984 1985 1986 1987 
1988 1989 1990 1991 
1992 1993 1994 1995 
1996 1997 1998 1999 
2000 2001 2002 2003 
2004 2005 2006 2007 
2008 2009 2010 2011 
2012 2013 2014 2015 
2016 2017 2018 2019 
2020 2021 2022 2023 
2024 2025 2026 2027 
2028 2029 2030 2031 
2032 2033 2034 2035 
2036 2037 2038 2039 
2040 2041 2042 2043 
2044 2045 2046 2047 
2048 2049 2050 2051 2052 2053 2054 2055 2056 2057 2058 2059 2060 2061 2062 2063 
2064 2065 2066 2067 2068 2069 2070 2071 2072 2073 2074 2075 2076 2077 2078 2079 
</DataArray>
<DataArray type="Int32" Name="offsets" format="ascii">
4 8 12 16 20 24 28 32 36 40 44 48 52 56 60 64 68 72 76 80 84 88 92 96 100 104 108 112 116 120 124 128 132 136 140 144 148 152 156 160 164 168 172 176 180 184 188 192 196 200 204 208 212 216 220 224 228 232 236 240 244 248 252 256 260 264 268 272 276 280 284 288 292 296 300 304 308 312 316 320 324 328 332 336 340 344 348 352 356 360 364 368 372 376 380 384 388 392 396 400 404 408 412 416 420 424 428 432 436 440 444 448 452 456 460 464 468 472 476 480 484 488 492 496 500 504 508 512 516 520 524 528 532 536 540 544 548 552 556 560 564 568 572 576 580 584 588 592 596 600 604 608 612 616 620 624 628 632 636 640 644 648 652 656 660 664 668 672 676 680 684 688 692 696 700 704 708 712 716 720 724 728 732 736 740 744 748 752 756 760 764 768 772 776 780 784 788 792 796 800 804 808 812 816 820 824 828 832 836 840 844 848 852 856 860 864 868 872 876 880 884 888 892 896 900 904 908 912 916 920 924 928 932 936 940 944 948 952 956 960 964 968 972 976 980 984 988 992 996 1000 1004 1008 1012 1016 1020 1024 1028 1032 1036 1040 1044 1048 1052 1056 1060 1064 1068 1072 1076 1080 1084 1088 1092 1096 1100 1104 1108 1112 1116 1120 1124 1128 1132 1136 1140 1144 1148 1152 1156 1160 1164 1168 1172 1176 1180 1184 1188 1192 1196 1200 1204 1208 1212 1216 1220 1224 1228 1232 1236 1240 1244 1248 1252 1256 1260 1264 1268 1272 1276 1280 1284 1288 1292 1296 1300 1304 1308 1312 1316 1320 1324 1328 1332 1336 1340 1344 1348 1352 1356 1360 1364 1368 1372 1376 1380 1384 1388 1392 1396 1400 1404 1408 1412 1416 1420 1424 1428 1432 1436 1440 1444 1448 1452 1456 1460 1464 1468 1472 1476 1480 1484 1488 1492 1496 1500 1504 1508 1512 1516 1520 1524 1528 1532 1536 1540 1544 1548 1552 1556 1560 1564 1568 1572 1576 1580 1584 1588 1592 1596 1600 1604 1608 1612 1616 1620 1624 1628 1632 1636 1640 1644 1648 1652 1656 1660 1664 1668 1672 1676 1680 1684 1688 1692 1696 1700 1704 1708 1712 1716 1720 1724 1728 1732 1736 1740 1744 1748 1752 1756 1760 1764 1768 1772 1776 1780 1784 1788 1792 1796 1800 1804 1808 1812 1816 1820 1824 1828 1832 1836 1840 1844 1848 1852 1856 1860 1864 1868 1872 1876 1880 1884 1888 1892 1896 1900 1904 1908 1912 1916 1920 1924 1928 1932 1936 1940 1944 1948 1952 1956 1960 1964 1968 1972 1976 1980 1984 1988 1992 1996 2000 2004 2008 2012 2016 2020 2024 2028 2032 2036 2040 2044 2048 2064 2080 
</DataArray>
<DataArray type="UInt8" Name="types" format="ascii">
7 7 7 7 7 7 7 7 7 7 7 7 7 7 7 7 7 7 7 7 7 7 7 7 7 7 7 7 7 7 7 7 7 7 7 7 7 7 7 7 7 7 7 7 7 7 7 7 7 7 7 7 7 7 7 7 7 7 7 7 7 7 7 7 7 7 7 7 7 7 7 7 7 7 7 7 7 7 7 7 7 7 7 7 7 7 7 7 7 7 7 7 7 7 7 7 7 7 7 7 7 7 7 7 7 7 7 7 7 7 7 7 7 7 7 7 7 7 7 7 7 7 7 7 7 7 7 7 7 7 7 7 7 7 7 7 7 7 7 7 7 7 7 7 7 7 7 7 7 7 7 7 7 7 7 7 7 7 7 7 7 7 7 7 7 7 7 7 7 7 7 7 7 7 7 7 7 7 7 7 7 7 7 7 7 7 7 7 7 7 7 7 7 7 7 7 7 7 7 7 7 7 7 7 7 7 7 7 7 7 7 7 7 7 7 7 7 7 7 7 7 7 7 7 7 7 7 7 7 7 7 7 7 7 7 7 7 7 7 7 7 7 7 7 7 7 7 7 7 7 7 7 7 7 7 7 7 7 7 7 7 7 7 7 7 7 7 7 7 7 7 7 7 7 7 7 7 7 7 7 7 7 7 7 7 7 7 7 7 7 7 7 7 7 7 7 7 7 7 7 7 7 7 7 7 7 7 7 7 7 7 7 7 7 7 7 7 7 7 7 7 7 7 7 7 7 7 7 7 7 7 7 7 7 7 7 7 7 7 7 7 7 7 7 7 7 7 7 7 7 7 7 7 7 7 7 7 7 7 7 7 7 7 7 7 7 7 7 7 7 7 7 7 7 7 7 7 7 7 7 7 7 7 7 7 7 7 7 7 7 7 7 7 7 7 7 7 7 7 7 7 7 7 7 7 7 7 7 7 7 7 7 7 7 7 7 7 7 7 7 7 7 7 7 7 7 7 7 7 7 7 7 7 7 7 7 7 7 7 7 7 7 7 7 7 7 7 7 7 7 7 7 7 7 7 7 7 7 7 7 7 7 7 7 7 7 7 7 7 7 7 7 7 7 7 7 7 7 7 7 7 7 7 7 7 7 7 7 7 7 7 7 7 7 7 7 7 7 7 7 7 7 7 7 7 7 7 7 7 7 7 7 7 7 
</DataArray>
</Cells>
<CellData Scalars="cell variable 4" Vectors="cell vector">
<DataArray type="Float64" NumberOfComponents="3" Name="cell vector" format="ascii">
0.415622 0.909537 0.000125399
0.447667 0.894194 0.00331024
0.425287 0.898971 0.104794
0.247129 0.943983 0.218687
0.0483396 0.977678 0.204472
-0.0379201 0.991384 0.125376
-0.0527065 0.996913 0.0582
-0.0485447 0.998766 0.0104905
-0.0452256 0.998624 -0.0265479
-0.0542432 0.997005 -0.0551326
-0.0469651 0.991766 -0.11914
0.0465406 0.977722 -0.20468
0.243419 0.944586 -0.220237
0.413379 0.90327 -0.11498
0.444735 0.895602 -0.0103474
0.419037 0.907799 0.0175938
-0.206765 -0.0173109 0.978237
-0.573274 -0.0189998 0.819143
0.835836 -0.0533021 -0.546386
0.966941 -0.165318 -0.194153
0.951135 -0.242995 0.190515
0.796804 -0.2562 0.547233
0.530058 -0.197028 0.824754
0.185762 -0.076925 0.979579
-0.187827 0.0655516 0.980012
-0.531275 0.190315 0.825547
0.79543 -0.261226 -0.546857
0.95042 -0.24591 -0.190342
0.966329 -0.168659 0.194326
0.835142 -0.0591466 0.546845
0.574867 0.0281323 0.817763
0.210318 0.0337191 0.977051
-0.204566 -0.010114 0.9788
-0.568303 0.00550011 0.822801
0.830813 -0.0833659 -0.550273
0.963629 -0.182838 -0.194907
0.950622 -0.242672 0.193464
0.798263 -0.238128 0.553237
0.530871 -0.171821 0.829852
0.185874 -0.063085 0.980546
-0.187059 0.0587186 0.980592
-0.532003 0.166774 0.830156
0.797851 -0.239524 -0.553229
0.950014 -0.245084 -0.193408
0.963114 -0.18548 0.19496
0.830483 -0.0854157 0.550457
0.569127 0.000729294 0.822249
0.206283 0.018483 0.978318
-0.203589 0.00666405 0.979034
-0.56498 0.0483432 0.823687
0.822379 -0.139929 -0.551464
0.950257 -0.242879 -0.194989
0.933304 -0.300867 0.196019
0.779135 -0.288071 0.556744
0.515656 -0.205258 0.831846
0.180235 -0.074048 0.980832
-0.181171 0.0717811 0.980829
-0.517331 0.19982 0.83213
0.779057 -0.288339 -0.556714
0.932751 -0.302607 -0.195972
0.949811 -0.244583 0.195033
0.822123 -0.140315 0.551748
0.565606 -0.043833 0.82351
0.204881 -0.0027323 0.978783
-0.200197 0.03329 0.97919
-0.55363 0.119031 0.824212
0.800842 -0.231948 -0.552135
0.922235 -0.333653 -0.195341
0.904171 -0.37855 0.197923
0.751052 -0.349229 0.560322
0.493892 -0.24541 0.834173
0.171987 -0.087928 0.981167
-0.172807 0.0867375 0.981129
-0.495475 0.241789 0.834292
0.750885 -0.34975 -0.560221
0.903836 -0.379396 -0.197835
0.922044 -0.3341 0.195481
0.800706 -0.231392 0.552564
0.554421 -0.115209 0.824223
0.201322 -0.0316317 0.979014
-0.193206 0.0609531 0.979263
-0.532792 0.191721 0.824242
0.767575 -0.325213 -0.552327
0.882585 -0.427177 -0.196375
0.865344 -0.460488 0.197813
0.716882 -0.412742 0.561894
0.468987 -0.286173 0.835558
0.162776 -0.101904 0.981387
-0.163298 0.101722 0.981319
-0.470369 0.283801 0.835589
0.716628 -0.413342 -0.561776
0.865231 -0.46077 -0.197652
0.882746 -0.426715 0.196657
0.767623 -0.324155 0.552881
0.533622 -0.18878 0.824385
0.193989 -0.0607801 0.979119
-0.182667 0.0876775 0.979258
-0.50294 0.261249 0.823893
0.723695 -0.414017 -0.552137
0.831989 -0.518495 -0.197374
0.816919 -0.542039 0.197072
0.676637 -0.475098 0.562534
0.440859 -0.325591 0.836441
0.152624 -0.115224 0.981544
-0.152789 0.115783 0.981453
-0.442119 0.323919 0.836425
0.676118 -0.475969 -0.562421
0.817059 -0.541916 -0.196829
0.832598 -0.517355 0.197801
0.723799 -0.412966 0.552787
0.503685 -0.25913 0.824108
0.182998 -0.0884552 0.979126
-0.169262 0.111998 0.979187
-0.465262 0.325009 0.823347
0.670226 -0.496282 -0.551816
0.77211 -0.603755 -0.198308
0.758584 -0.621349 0.196152
0.627964 -0.537611 0.562704
0.408663 -0.363879 0.83701
0.141496 -0.12774 0.981663
-0.141064 0.129156 0.98154
-0.41024 0.362323 0.836914
0.628655 -0.536977 -0.562537
0.759099 -0.620814 -0.195853
0.772121 -0.603609 0.198707
0.670349 -0.495429 0.552433
0.466008 -0.323383 0.823566
0.169083 -0.11335 0.979062
-0.153923 0.132989 0.979092
-0.421983 0.380629 0.822832
0.607936 -0.571051 -0.551647
0.701547 -0.684224 -0.199172
-0.691062 0.695891 -0.195368
-0.572385 0.596267 -0.562886
0.372266 -0.400091 0.837464
0.128588 -0.140146 0.981746
-0.127458 0.142164 0.981603
-0.373024 0.399842 0.837245
-0.57279 0.596209 0.562536
-0.691063 0.695992 0.195005
0.702024 -0.683646 0.199476
0.608581 -0.569854 0.552173
0.422671 -0.379408 0.823042
0.153147 -0.134691 0.978981
-0.136125 0.151631 0.979019
-0.373011 0.429426 0.82247
-0.538128 0.637353 0.551543
-0.622322 0.75686 0.199694
-0.615108 0.763996 -0.194812
-0.510804 0.649744 -0.562949
0.332558 -0.432993 0.837808
0.114921 -0.151149 0.981808
-0.112985 0.153438 0.981678
-0.332129 0.433707 0.837609
-0.510835 0.649942 0.562692
-0.615088 0.764114 0.194411
-0.623348 0.755893 -0.200156
-0.539215 0.635922 -0.552133
0.37356 -0.428488 0.82271
0.134761 -0.153431 0.978927
-0.116124 0.167895 0.978942
-0.319338 0.471429 0.822057
-0.462933 0.694121 0.551261
-0.537094 0.819466 0.200013
-0.53083 0.824911 -0.194274
-0.440906 0.699216 -0.56276
0.287966 -0.463707 0.837885
0.100588 -0.160899 0.981832
-0.0978829 0.163186 0.981728
-0.287855 0.464013 0.837754
-0.442346 0.698445 0.562588
-0.531392 0.824644 0.193869
-0.537128 0.819306 -0.200577
-0.463882 0.692979 -0.551901
0.319876 -0.470589 0.822329
0.11435 -0.169511 0.978872
-0.0954798 0.1809 0.978856
-0.263467 0.505494 0.821621
-0.382772 0.741593 0.550932
-0.443856 0.87343 0.200282
-0.439133 0.87728 -0.193757
-0.365005 0.741853 -0.562517
0.238155 -0.491215 0.837848
0.0837278 -0.170301 0.981829
-0.080815 0.172211 0.981739
-0.238226 0.491419 0.837709
-0.366209 0.741433 0.562288
-0.439804 0.877031 0.193362
-0.444194 0.87314 -0.200792
-0.383568 0.740753 -0.551507
0.263863 -0.50484 0.821896
0.0934422 -0.182189 0.978813
-0.0742697 0.190931 0.97879
-0.204872 0.532411 0.82132
-0.297767 0.779768 0.550724
-0.345113 0.916895 0.200499
-0.341532 0.919762 -0.193374
-0.28378 0.776696 -0.562327
0.185102 -0.513593 0.83783
0.0654688 -0.178126 0.981827
-0.0624654 0.179652 0.981745
-0.185038 0.513869 0.837675
-0.284866 0.776479 0.562078
-0.342264 0.91957 0.192995
-0.34566 0.916588 -0.200963
-0.298599 0.779095 -0.551225
0.205116 -0.531916 0.821579
0.0720114 -0.191865 0.978776
-0.0524915 0.19825 0.978745
-0.144006 0.552269 0.821134
-0.209087 0.808149 0.550615
-0.242111 0.949269 0.200674
-0.239433 0.951514 -0.193114
-0.198593 0.802794 -0.562212
0.129444 -0.530363 0.83783
0.0462579 -0.184049 0.981828
-0.0431552 0.185216 0.98175
-0.129241 0.530676 0.837663
-0.199631 0.802717 0.561955
-0.240215 0.951389 0.192756
-0.242787 0.949009 -0.201089
-0.209988 0.807625 -0.551042
0.144151 -0.551876 0.821373
0.0500444 -0.198812 0.978759
-0.0302515 0.202975 0.978717
-0.0815325 0.565023 0.821037
-0.117863 0.826416 0.550585
-0.136108 0.970128 0.200814
-0.134199 0.971988 -0.192953
-0.110653 0.81959 -0.562163
0.0718625 -0.541153 0.837848
0.0263177 -0.187931 0.98183
-0.0231193 0.188734 0.981756
-0.0715449 0.541465 0.837673
-0.111672 0.819632 0.561902
-0.135031 0.971939 0.192617
-0.136872 0.969945 -0.201178
-0.118825 0.826045 -0.550936
0.0816217 -0.564697 0.821252
0.027649 -0.203152 0.978757
-0.00767505 0.205157 0.978699
-0.018061 0.570644 0.820999
-0.0251748 0.83439 0.550599
-0.0284297 0.979197 0.200912
-0.0272817 0.980846 -0.192866
-0.0213138 0.826756 -0.562157
0.0133783 -0.545699 0.837875
0.00607544 -0.189661 0.981831
-0.00277555 0.19008 0.981765
-0.0129692 0.545982 0.837697
-0.0223211 0.826911 0.56189
-0.028156 0.980883 0.19255
-0.0292611 0.979108 -0.201226
-0.0261877 0.834177 -0.550875
0.0181381 -0.570368 0.821189
0.00494881 -0.204936 0.978763
0.0150812 0.204801 0.978687
0.0457303 0.569108 0.82099
0.0678706 0.831996 0.550615
0.0795749 0.976365 0.200945
0.0798819 0.977975 -0.192832
0.068169 0.824218 -0.562154
-0.0451873 -0.543967 0.837889
-0.0141934 -0.189237 0.981829
0.0175082 0.189253 0.981772
0.0456131 0.544206 0.837711
0.0671656 0.824485 0.561884
0.0790035 0.978104 0.192537
0.0787269 0.976379 -0.201209
0.0668411 0.831947 -0.550815
-0.0456551 -0.56888 0.821153
-0.0178228 -0.204172 0.978773
0.0377685 0.201888 0.97868
0.109096 0.560393 0.82101
0.160152 0.819235 0.550642
0.186654 0.961659 0.200927
0.186064 0.963426 -0.192849
0.156766 0.81204 -0.562152
-0.103149 -0.536011 0.837886
-0.0342531 -0.186678 0.981824
0.0375139 0.186301 0.981776
0.103539 0.536213 0.837709
0.155764 0.812419 0.561883
0.185215 0.963643 0.192582
0.185831 0.961776 -0.201132
0.159133 0.819355 -0.550758
-0.109017 -0.560214 0.821143
-0.0404359 -0.200849 0.978787
0.0601239 0.19639 0.978681
0.171355 0.544481 0.821083
0.250604 0.796187 0.550713
0.2915 0.935243 0.20087
0.289939 0.937395 -0.19294
0.24328 0.790421 -0.562182
-0.159587 -0.522002 0.837882
-0.0537528 -0.182058 0.981817
0.0569123 0.181305 0.981779
0.15993 0.522179 0.837706
0.242303 0.790909 0.561919
0.289122 0.937695 0.192707
0.290706 0.93546 -0.201008
0.249606 0.796481 -0.55074
-0.171242 -0.544364 0.821185
-0.0626872 -0.194939 0.97881
0.0819651 0.188247 0.978695
0.23188 0.521347 0.821236
0.33816 0.76303 0.550847
0.392761 0.897459 0.200763
0.390031 0.900322 -0.193123
0.326368 0.759834 -0.562259
-0.213636 -0.50231 0.837881
-0.0724378 -0.175509 0.981809
0.0753877 0.174421 0.981781
0.213903 0.502485 0.837708
0.325457 0.760415 0.562003
0.389254 0.9007 0.192926
0.391999 0.897776 -0.200835
0.337209 0.763497 -0.550783
-0.231714 -0.521314 0.821304
-0.0843421 -0.18641 0.978845
0.103092 0.177377 0.978728
0.289989 0.490985 0.821487
0.421754 0.720045 0.551052
0.489148 0.84882 0.200596
0.484976 0.852871 -0.193418
0.404828 0.720995 -0.562388
-0.264522 -0.477484 0.837876
-0.0900441 -0.16723 0.981797
0.0926719 0.165885 0.981781
0.264663 0.477701 0.837709
0.404025 0.721639 0.56214
0.48426 0.853314 0.193255
0.488434 0.849229 -0.200604
0.420883 0.720671 -0.550901
-0.289753 -0.491067 0.821521
-0.105181 -0.175217 0.978895
0.12328 0.163663 0.978783
0.344973 0.453382 0.82185
0.500322 0.667612 0.551336
0.579429 0.790015 0.200345
0.573531 0.795917 -0.193849
0.477681 0.674791 -0.562564
-0.311709 -0.448154 0.837852
-0.106417 -0.157434 0.981779
0.108608 0.155953 0.981775
0.311654 0.448495 0.83769
0.477012 0.675463 0.562325
0.572898 0.796406 0.193716
0.578786 0.790499 -0.200297
0.499567 0.668371 -0.551102
-0.34465 -0.453627 0.821851
-0.124978 -0.161283 0.978963
0.14225 0.146963 0.97886
0.39607 0.408522 0.822337
0.572837 0.606203 0.551702
0.662476 0.721894 0.199985
0.654611 0.730534 -0.194435
0.544101 0.622294 -0.562766
-0.354764 -0.415051 0.83778
-0.121435 -0.146362 0.981749
0.123106 0.144902 0.981758
0.35445 0.415638 0.837622
0.543582 0.622954 0.562537
0.654084 0.731034 0.194326
0.661929 0.722422 -0.19989
0.572231 0.607056 -0.551394
-0.395645 -0.408995 0.822307
-0.143467 -0.144509 0.979048
0.159596 0.127188 0.978955
0.442422 0.356416 0.82294
0.638341 0.536343 0.552139
0.737237 0.645513 0.199483
0.72719 0.658103 -0.19518
0.603396 0.564802 -0.562949
-0.393408 -0.378979 0.837619
-0.135027 -0.134269 0.981702
0.136139 0.133005 0.981721
0.392794 0.379963 0.837461
0.603037 0.565402 0.562732
0.726792 0.65857 0.195089
0.736808 0.646043 -0.199354
0.637906 0.53724 -0.551769
-0.441884 -0.357211 0.822885
-0.160271 -0.124851 0.979145
0.174837 0.104328 0.979055
0.483028 0.297209 0.82362
0.695871 0.458657 0.552628
0.802806 0.562119 0.198809
0.790492 0.580241 -0.196069
0.655177 0.503729 -0.563028
-0.42763 -0.340656 0.837309
-0.147257 -0.121312 0.981631
0.147799 0.120452 0.981655
0.426708 0.342216 0.837143
0.654973 0.504219 0.562826
0.790239 0.580613 0.195987
0.802514 0.562586 -0.198664
0.695624 0.459528 -0.552215
-0.482386 -0.298438 0.823552
-0.174947 -0.10235 0.979244
0.187401 0.078566 0.979137
0.516694 0.231418 0.824302
0.744382 0.37408 0.553136
0.858362 0.47331 0.197971
0.844013 0.498832 -0.197002
0.699448 0.44043 -0.562845
-0.457658 -0.300611 0.836769
-0.158226 -0.107566 0.981526
0.158233 0.107341 0.98155
0.456469 0.302934 0.836581
0.699383 0.440767 0.562662
0.843913 0.499032 0.196921
0.858222 0.473621 -0.197832
0.744326 0.374826 -0.552707
-0.515989 -0.233196 0.824242
-0.186996 -0.0772231 0.979321
0.196648 0.050571 0.979169
0.542096 0.160486 0.824849
0.782716 0.284356 0.553622
0.90311 0.381503 0.197099
0.887416 0.416442 -0.197659
0.736393 0.37657 -0.562068
-0.483746 -0.259486 0.835857
-0.16799 -0.0931944 0.981374
0.167567 0.0937807 0.98139
0.482384 0.262749 0.835625
0.736439 0.376727 0.561902
0.887454 0.4164 0.197576
0.903117 0.381543 -0.19699
0.782824 0.28484 -0.55322
-0.541407 -0.162888 0.824831
-0.19588 -0.0501357 0.979345
0.202412 0.0212042 0.979071
0.558529 0.0872039 0.824889
0.809823 0.193296 0.553916
0.936131 0.291536 0.196637
0.920191 0.338233 -0.197095
0.765893 0.316282 -0.559798
-0.50579 -0.219904 0.834157
-0.176434 -0.0793519 0.981109
0.17575 0.0806843 0.981123
0.504344 0.224477 0.833815
0.766003 0.316341 0.559614
0.92032 0.337932 0.197009
0.936247 0.291205 -0.196575
0.810013 0.193364 -0.553614
-0.557928 -0.0902225 0.82497
-0.201548 -0.0219047 0.979234
0.2072 -0.012893 0.978214
0.56932 0.0107044 0.822046
0.826251 0.109361 0.552584
0.954876 0.221549 0.197809
0.937467 0.290842 -0.191223
0.782506 0.290761 -0.550584
-0.520492 -0.208038 0.828135
-0.182504 -0.0786269 0.980056
0.181698 0.0798912 0.980104
0.518422 0.217876 0.826903
0.782485 0.291653 0.550141
0.93762 0.290393 0.191155
0.955059 0.220802 -0.197762
0.826345 0.109046 -0.552506
-0.568705 -0.0147365 0.82241
-0.20651 0.0107553 0.978385
0.215959 -0.0399234 0.975586
0.58194 -0.0397136 0.812262
0.837732 0.0454326 0.544188
0.970135 0.14027 0.197897
0.963354 0.195508 -0.183643
0.81623 0.194287 -0.544078
-0.546826 -0.135009 0.826289
-0.192755 -0.0486566 0.98004
0.192061 0.0504655 0.980085
0.5469 0.140636 0.825301
0.816533 0.19452 0.543541
0.963311 0.195901 0.183452
0.970148 0.140176 -0.1979
0.83789 0.043874 -0.544074
-0.580654 0.0343805 0.813424
-0.214402 0.0341074 0.97615
0.21452 -0.0273934 0.976335
0.580912 -0.01872 0.813751
0.838866 0.0498005 0.542055
0.973409 0.121899 0.193947
0.968372 0.165728 -0.186519
0.821465 0.173181 -0.543327
-0.551415 -0.127308 0.82446
-0.19457 -0.045127 0.97985
0.194212 0.0480577 0.979782
0.551651 0.129026 0.824035
0.821828 0.171144 0.543424
0.968021 0.168803 0.185584
0.972994 0.124158 -0.194598
0.839432 0.0464542 -0.541475
-0.580058 0.016311 0.814412
-0.212343 0.0205702 0.976979
-0.500688 0.865567 0.0102307
-0.542158 0.839786 0.0287055
-0.651108 0.757204 0.0519585
-0.526169 0.800659 0.286516
-0.00952996 0.927115 0.374655
0.16335 0.947556 0.274689
0.226951 0.959135 0.168977
0.255129 0.96485 0.0630386
0.256485 0.964645 -0.0606289
0.224446 0.958439 -0.17612
0.160604 0.947092 -0.277892
0.0262692 0.929917 -0.36683
-0.495324 0.816174 -0.297514
-0.641045 0.765067 -0.0611103
-0.544617 0.838427 -0.0208025
-0.498397 0.866723 -0.0197804
0.982281 -0.186298 0.0204099
0.00257188 0.000343963 0.999997
</DataArray>
<DataArray type="Float64" Name="cell vector length" format="ascii">
0.377319 0.336779 0.28725 0.249153 0.266718 0.306746 0.350904 0.3817 0.380911 0.346776 0.31193 0.267845 0.248954 0.281419 0.340432 0.378934 0.317176 0.35179 0.354527 0.352196 0.33867 0.321386 0.310235 0.312913 0.321831 0.3327 0.326084 0.339084 0.351158 0.349283 0.329494 0.30837 0.422279 0.46377 0.475854 0.47473 0.451215 0.422429 0.405729 0.407645 0.415887 0.427005 0.425905 0.451722 0.473403 0.471624 0.443893 0.414531 0.492419 0.524052 0.527927 0.512135 0.46269 0.410831 0.377004 0.367969 0.374258 0.395337 0.412863 0.463169 0.510837 0.524851 0.507666 0.486108 0.502868 0.54163 0.560742 0.5507 0.48875 0.419487 0.373133 0.357422 0.363297 0.390607 0.420747 0.488898 0.549556 0.558307 0.526845 0.49714 0.496122 0.543767 0.578942 0.575549 0.504863 0.421121 0.363539 0.341695 0.34714 0.37997 0.421934 0.504924 0.574542 0.5769 0.52988 0.490696 0.486933 0.542933 0.592215 0.594838 0.517856 0.42275 0.355356 0.327731 0.332753 0.370576 0.423098 0.518039 0.593815 0.590356 0.529969 0.481854 0.478986 0.541998 0.60261 0.610259 0.532755 0.425031 0.349324 0.316469 0.321173 0.363484 0.425254 0.529577 0.609433 0.60105 0.530122 0.474318 0.472719 0.54106 0.612441 0.628409 0.556813 0.434415 0.344463 0.307502 0.311805 0.357791 0.431107 0.542216 0.623991 0.611338 0.530346 0.468516 0.46783 0.543375 0.631874 0.650596 0.571909 0.449885 0.344674 0.300419 0.304136 0.356084 0.450032 0.569072 0.650074 0.630813 0.534034 0.464189 0.464865 0.542759 0.637211 0.658317 0.575996 0.454069 0.343189 0.29591 0.298983 0.352875 0.45403 0.576293 0.657836 0.636251 0.534801 0.461858 0.463319 0.542751 0.63962 0.662371 0.579545 0.454654 0.343166 0.293211 0.295685 0.351173 0.454776 0.579682 0.662118 0.638944 0.536299 0.460939 0.462504 0.542608 0.641159 0.665224 0.581941 0.455152 0.343766 0.29143 0.293293 0.349835 0.455216 0.581965 0.665047 0.640726 0.537787 0.460765 0.462068 0.54249 0.642253 0.667255 0.583614 0.455572 0.344904 0.290372 0.291591 0.348902 0.455573 0.583597 0.667129 0.641998 0.539323 0.460966 0.461855 0.542443 0.643005 0.668593 0.584724 0.455889 0.346267 0.289777 0.290389 0.348289 0.455861 0.58471 0.668514 0.64288 0.540814 0.461328 0.461784 0.542357 0.643313 0.669146 0.585105 0.455805 0.347327 0.28941 0.289537 0.34774 0.455815 0.58512 0.669118 0.643267 0.541975 0.461679 0.461466 0.541363 0.641964 0.66754 0.583105 0.453645 0.347044 0.288851 0.288582 0.346111 0.453795 0.583186 0.667588 0.641955 0.541965 0.461623 0.460958 0.539512 0.639066 0.663896 0.578877 0.449811 0.346367 0.288601 0.287765 0.343637 0.449982 0.579015 0.664006 0.639151 0.541465 0.461598 0.460565 0.537454 0.635507 0.65924 0.573701 0.445489 0.345971 0.288899 0.287411 0.341162 0.445636 0.573887 0.659416 0.635707 0.540987 0.461806 0.460484 0.535459 0.631539 0.653883 0.568055 0.441155 0.346 0.289891 0.287724 0.339072 0.441258 0.568281 0.654133 0.631872 0.540638 0.462372 0.460922 0.533685 0.627206 0.647851 0.562018 0.437033 0.346659 0.291846 0.289018 0.337709 0.437098 0.562289 0.648182 0.627677 0.540476 0.463461 0.462131 0.532215 0.622372 0.640912 0.555472 0.433205 0.348131 0.295075 0.291631 0.337341 0.433243 0.555795 0.641333 0.622985 0.540523 0.4653 0.46447 0.531136 0.616813 0.632739 0.548224 0.429742 0.350643 0.299903 0.295901 0.338228 0.429759 0.548603 0.633257 0.617568 0.540821 0.468225 0.468278 0.530462 0.610141 0.622828 0.540006 0.426769 0.354534 0.306703 0.302212 0.340739 0.426765 0.540443 0.62345 0.611041 0.541359 0.472553 0.473734 0.530132 0.601778 0.610478 0.530413 0.424313 0.360062 0.315812 0.310897 0.345122 0.424266 0.530897 0.611209 0.60284 0.542066 0.478444 0.480224 0.529513 0.590764 0.594715 0.518928 0.422257 0.367236 0.327248 0.32196 0.351342 0.422116 0.519432 0.595558 0.592019 0.542313 0.485271 0.484487 0.525925 0.574744 0.573455 0.504076 0.419361 0.374695 0.339466 0.333842 0.357991 0.419073 0.504562 0.5744 0.576229 0.539494 0.489782 0.474087 0.508791 0.545123 0.539064 0.478469 0.407341 0.372962 0.342184 0.336274 0.355587 0.40695 0.478899 0.540087 0.546834 0.523315 0.479658 0.397141 0.430224 0.458613 0.449513 0.396773 0.332204 0.298063 0.264642 0.258317 0.279996 0.331954 0.397124 0.45061 0.460448 0.447234 0.403638 0.305697 0.357647 0.407064 0.416989 0.385403 0.338047 0.319386 0.295782 0.287313 0.298069 0.33654 0.386036 0.417832 0.409787 0.377202 0.313564 0.258572 0.308731 0.362074 0.378039 0.353422 0.310014 0.287412 0.260437 0.252905 0.268395 0.309101 0.354499 0.378237 0.363812 0.326694 0.265842 0.185832 0.135171 0.0801072 0.0476265 0.0793254 0.152987 0.20428 0.2379 0.235716 0.204441 0.146491 0.0790622 0.0450992 0.0878921 0.137815 0.18858 0.0993118 0.0152124 
</DataArray>
<DataArray type="Float64" Name="cell variable 4" format="ascii">
709.722 702.491 689.442 681.501 693.014 705.756 713.013 715.174 716.152 713.554 707.933 692.817 682.126 687.186 701.424 708.895 1139.43 1157.45 1139.49 1133.33 1125.1 1117.87 1113.64 1118.34 1124.94 1133.46 1118.24 1124.85 1133.27 1138.76 1136.34 1132.38 1425.29 1439.94 1394.3 1372.43 1350.2 1335.63 1334.52 1348.84 1359.09 1365 1335.72 1350.02 1372.16 1393.11 1406.41 1413.78 1731.95 1675.85 1523.2 1419.42 1356.74 1319.88 1304.31 1312.32 1323.37 1337.17 1320.25 1356.96 1418.88 1521.3 1636.54 1718.04 1881.96 1788.76 1590.3 1457.28 1380.75 1339.55 1324.3 1332.82 1343.5 1357.04 1339.57 1380.78 1456.49 1588.2 1747.84 1867.43 1943.8 1831.99 1612.45 1464.76 1381.09 1338.09 1324.25 1333.43 1343.48 1355.34 1337.81 1380.77 1463.77 1610.48 1791.78 1929.64 1974.08 1854.26 1625.44 1468.87 1380.05 1335.6 1322.07 1331.34 1340.69 1351.21 1334.57 1379.12 1467.36 1623.8 1816.03 1960.84 1991.35 1869.61 1637.28 1473.47 1392.62 1334.44 1320.61 1329.3 1337.87 1347.84 1333.59 1380.26 1472.77 1636.13 1833.89 1979.24 2001.88 1879.92 1656.3 1487.09 1414.27 1340.74 1319.52 1327.27 1334.9 1344.45 1341.73 1391.66 1487.67 1655.49 1847.28 1991.11 2008.61 1884.64 1679.32 1508.88 1422.26 1357.03 1318.49 1325.15 1331.82 1340.34 1356.21 1409.61 1508.39 1678.6 1856.03 1999.46 2013.62 1890.59 1694.83 1522.73 1421.53 1365.45 1319.97 1324.22 1329.82 1338.34 1364.22 1420.55 1521.53 1694.02 1866.42 2006.19 2017.96 1896.78 1700.28 1525.05 1422.3 1364.73 1322.74 1324.29 1328.74 1337.63 1364.18 1421.85 1524.47 1699.48 1877.08 2012.16 2021.36 1900.91 1703.05 1525.85 1422.11 1363.91 1325.55 1324.55 1327.89 1336.79 1363.54 1421.79 1525.43 1702.44 1885.95 2017.08 2023.73 1903.61 1704.8 1526.1 1421.72 1363.15 1328.64 1324.99 1327.22 1336.11 1362.93 1421.51 1525.81 1704.36 1893.53 2020.9 2025.19 1905.09 1705.56 1525.96 1421.18 1362.45 1331.68 1325.5 1326.68 1335.55 1362.36 1421.08 1525.8 1705.28 1899.69 2023.69 2025.57 1904.97 1704.64 1524.43 1419.54 1361 1333.88 1325.92 1326.15 1334.58 1361.02 1419.57 1524.44 1704.59 1903.79 2025.23 2025.11 1902.66 1701.01 1520.21 1415.42 1357.66 1334.83 1326.2 1325.51 1332.57 1357.8 1415.58 1520.4 1701.24 1905.53 2025.91 2023.68 1898.11 1694.69 1513.39 1408.88 1352.4 1335.11 1326.47 1324.78 1329.49 1352.68 1409.19 1513.75 1695.13 1905.37 2025.71 2021.03 1891.89 1686.76 1505.4 1401.52 1346.57 1335.44 1326.88 1324.09 1326.08 1346.98 1401.96 1505.9 1687.35 1904.03 2024.48 2017.42 1884.48 1678.12 1497.52 1394.52 1341.07 1335.98 1327.49 1323.57 1322.85 1341.58 1395.06 1498.14 1678.87 1901.59 2022.41 2012.76 1876.09 1669.31 1490.19 1388.41 1336.38 1336.85 1328.39 1323.35 1320.12 1336.97 1389.05 1490.94 1670.23 1898.04 2019.36 2006.89 1866.61 1660.31 1483.63 1383.38 1332.72 1338.16 1329.69 1323.58 1318.09 1333.36 1384.1 1484.49 1661.39 1893.09 2015.11 1999.51 1856.05 1651.17 1477.83 1379.58 1330.26 1339.99 1331.46 1324.35 1316.92 1330.94 1380.36 1478.8 1652.43 1886.62 2009.3 1989.68 1843.97 1641.63 1472.74 1377.11 1329.28 1342.55 1333.75 1325.71 1316.81 1329.97 1377.91 1473.79 1643.04 1878.08 2000.93 1975.47 1829.15 1631.16 1468.1 1375.88 1329.71 1345.76 1336.46 1327.57 1317.7 1330.37 1376.68 1469.2 1632.72 1866.16 1988.03 1951.14 1807.88 1617.78 1462.82 1375.25 1330.98 1348.89 1338.78 1329.12 1318.85 1331.57 1375.99 1463.93 1619.47 1846.98 1964.7 1900.18 1768.37 1593.73 1451.52 1370.79 1328.85 1347.64 1336.38 1326.1 1316.09 1329.38 1371.43 1452.56 1595.43 1808.31 1914.19 1775.17 1670.56 1528.09 1408.55 1339.04 1300.46 1318.1 1305.53 1295.14 1286.58 1301.12 1339.6 1409.4 1529.52 1708.92 1788.57 1447.17 1389.36 1302.52 1221.93 1168.31 1130.02 1134.23 1117.19 1108.42 1108.48 1130.89 1168.92 1222.38 1303.36 1420.75 1458.19 1170.78 1173.92 1171.01 1155.62 1130.69 1109.35 1125.01 1117.62 1110.01 1102.51 1110.74 1131.72 1155.62 1170.86 1199.44 1179.59 1036.88 1046.47 1055.94 1051.52 1035.93 1019.6 1027.24 1018.22 1013 1010.96 1020.75 1036.78 1051.41 1055.44 1064.09 1042.72 729.03 675.89 622.716 596.673 606.268 647.563 691.208 718.844 712.475 682.313 641.41 606.002 596.084 628.759 686.084 735.687 588.712 745.326 
</DataArray>
<DataArray type="Float64" Name="cell variable 5" format="ascii">
0.294923 0.294923 0.294923 0.294923 0.294923 0.294923 0.294923 0.294923 0.294923 0.294923 0.294923 0.294923 0.294923 0.294923 0.294923 0.294923 0.294923 0.294923 0.294923 0.294923 0.294923 0.294923 0.294923 0.294923 0.294923 0.294923 0.294923 0.294923 0.294923 0.294923 0.294923 0.294923 0.294923 0.294923 0.294923 0.294923 0.294923 0.294923 0.294923 0.294923 0.294923 0.294923 0.294923 0.294923 0.294923 0.294923 0.294923 0.294923 0.445727 0.41263 0.359216 0.308293 0.294923 0.294923 0.294923 0.294923 0.294923 0.294923 0.294923 0.294923 0.308293 0.359216 0.41263 0.445727 0.504318 0.458376 0.384186 0.31347 0.294923 0.294923 0.294923 0.294923 0.294923 0.294923 0.294923 0.294923 0.31347 0.384186 0.458376 0.504318 0.538267 0.484919 0.39867 0.316485 0.294923 0.294923 0.294923 0.294923 0.294923 0.294923 0.294923 0.294923 0.316485 0.39867 0.484919 0.538267 0.562975 0.504122 0.409222 0.318713 0.294923 0.294923 0.294923 0.294923 0.294923 0.294923 0.294923 0.294923 0.318713 0.409222 0.504122 0.562975 0.582243 0.519195 0.417414 0.320417 0.294923 0.294923 0.294923 0.294923 0.294923 0.294923 0.294923 0.294923 0.320417 0.417414 0.519195 0.582243 0.597776 0.53132 0.424034 0.321794 0.294923 0.294923 0.294923 0.294923 0.294923 0.294923 0.294923 0.294923 0.321794 0.424034 0.53132 0.597776 0.61049 0.541216 0.429473 0.322908 0.294923 0.294923 0.294923 0.294923 0.294923 0.294923 0.294923 0.294923 0.322908 0.429473 0.541216 0.61049 0.62078 0.549278 0.433864 0.323825 0.294923 0.294923 0.294923 0.294923 0.294923 0.294923 0.294923 0.294923 0.323825 0.433864 0.549278 0.62078 0.629038 0.555766 0.437403 0.324546 0.294923 0.294923 0.294923 0.294923 0.294923 0.294923 0.294923 0.294923 0.324546 0.437403 0.555766 0.629038 0.635461 0.560747 0.440091 0.325136 0.294923 0.294923 0.294923 0.294923 0.294923 0.294923 0.294923 0.294923 0.325136 0.440091 0.560747 0.635461 0.640179 0.564417 0.442122 0.325529 0.294923 0.294923 0.294923 0.294923 0.294923 0.294923 0.294923 0.294923 0.325529 0.442122 0.564417 0.640179 0.643325 0.566842 0.443433 0.325857 0.294923 0.294923 0.294923 0.294923 0.294923 0.294923 0.294923 0.294923 0.325857 0.443433 0.566842 0.643325 0.644833 0.568087 0.444088 0.325988 0.294923 0.294923 0.294923 0.294923 0.294923 0.294923 0.294923 0.294923 0.325988 0.444088 0.568087 0.644833 0.644833 0.568087 0.444088 0.325988 0.294923 0.294923 0.294923 0.294923 0.294923 0.294923 0.294923 0.294923 0.325988 0.444088 0.568087 0.644833 0.643325 0.566842 0.443433 0.325857 0.294923 0.294923 0.294923 0.294923 0.294923 0.294923 0.294923 0.294923 0.325857 0.443433 0.566842 0.643325 0.640179 0.564417 0.442122 0.325529 0.294923 0.294923 0.294923 0.294923 0.294923 0.294923 0.294923 0.294923 0.325529 0.442122 0.564417 0.640179 0.635461 0.560747 0.440091 0.325136 0.294923 0.294923 0.294923 0.294923 0.294923 0.294923 0.294923 0.294923 0.325136 0.440091 0.560747 0.635461 0.629038 0.555766 0.437403 0.324546 0.294923 0.294923 0.294923 0.294923 0.294923 0.294923 0.294923 0.294923 0.324546 0.437403 0.555766 0.629038 0.62078 0.549278 0.433864 0.323825 0.294923 0.294923 0.294923 0.294923 0.294923 0.294923 0.294923 0.294923 0.323825 0.433864 0.549278 0.62078 0.61049 0.541216 0.429473 0.322908 0.294923 0.294923 0.294923 0.294923 0.294923 0.294923 0.294923 0.294923 0.322908 0.429473 0.541216 0.61049 0.597776 0.53132 0.424034 0.321794 0.294923 0.294923 0.294923 0.294923 0.294923 0.294923 0.294923 0.294923 0.321794 0.424034 0.53132 0.597776 0.582243 0.519195 0.417414 0.320417 0.294923 0.294923 0.294923 0.294923 0.294923 0.294923 0.294923 0.294923 0.320417 0.417414 0.519195 0.582243 0.562975 0.504122 0.409222 0.318713 0.294923 0.294923 0.294923 0.294923 0.294923 0.294923 0.294923 0.294923 0.318713 0.409222 0.504122 0.562975 0.538267 0.484919 0.39867 0.316485 0.294923 0.294923 0.294923 0.294923 0.294923 0.294923 0.294923 0.294923 0.316485 0.39867 0.484919 0.538267 0.504318 0.458376 0.384186 0.31347 0.294923 0.294923 0.294923 0.294923 0.294923 0.294923 0.294923 0.294923 0.31347 0.384186 0.458376 0.504318 0.445727 0.41263 0.359216 0.308293 0.294923 0.294923 0.294923 0.294923 0.294923 0.294923 0.294923 0.294923 0.308293 0.359216 0.41263 0.445727 0.294923 0.294923 0.294923 0.294923 0.294923 0.294923 0.294923 0.294923 0.294923 0.294923 0.294923 0.294923 0.294923 0.294923 0.294923 0.294923 0.294923 0.294923 0.294923 0.294923 0.294923 0.294923 0.294923 0.294923 0.294923 0.294923 0.294923 0.294923 0.294923 0.294923 0.294923 0.294923 0.294923 0.294923 0.294923 0.294923 0.294923 0.294923 0.294923 0.294923 0.294923 0.294923 0.294923 0.294923 0.294923 0.294923 0.294923 0.294923 0.294923 0.294923 
</DataArray>
<DataArray type="Float64" Name="cell variable 6" format="ascii">
0.861614 0.861614 0.861614 0.861614 0.861614 0.861614 0.861614 0.861614 0.861614 0.861614 0.861614 0.861614 0.861614 0.861614 0.861614 0.861614 0.861614 0.861614 0.861614 0.861614 0.861614 0.861614 0.861614 0.861614 0.861614 0.861614 0.861614 0.861614 0.861614 0.861614 0.861614 0.861614 0.861614 0.861614 0.861614 0.861614 0.861614 0.861614 0.861614 0.861614 0.861614 0.861614 0.861614 0.861614 0.861614 0.861614 0.861614 0.861614 0.846023 0.848403 0.852776 0.858514 0.861614 0.861614 0.861614 0.861614 0.861614 0.861614 0.861614 0.861614 0.858514 0.852776 0.848403 0.846023 0.839971 0.843255 0.849344 0.857315 0.861614 0.861614 0.861614 0.861614 0.861614 0.861614 0.861614 0.861614 0.857315 0.849344 0.843255 0.839971 0.836465 0.840284 0.84737 0.856614 0.861614 0.861614 0.861614 0.861614 0.861614 0.861614 0.861614 0.861614 0.856614 0.84737 0.840284 0.836465 0.8339 0.838125 0.845912 0.856097 0.861614 0.861614 0.861614 0.861614 0.861614 0.861614 0.861614 0.861614 0.856097 0.845912 0.838125 0.8339 0.831907 0.836428 0.844786 0.85571 0.861614 0.861614 0.861614 0.861614 0.861614 0.861614 0.861614 0.861614 0.85571 0.844786 0.836428 0.831907 0.830302 0.835081 0.843882 0.855378 0.861614 0.861614 0.861614 0.861614 0.861614 0.861614 0.861614 0.861614 0.855378 0.843882 0.835081 0.830302 0.828992 0.833955 0.843144 0.855119 0.861614 0.861614 0.861614 0.861614 0.861614 0.861614 0.861614 0.861614 0.855119 0.843144 0.833955 0.828992 0.827922 0.833051 0.842535 0.854916 0.861614 0.861614 0.861614 0.861614 0.861614 0.861614 0.861614 0.861614 0.854916 0.842535 0.833051 0.827922 0.827073 0.832332 0.842056 0.85475 0.861614 0.861614 0.861614 0.861614 0.861614 0.861614 0.861614 0.861614 0.85475 0.842056 0.832332 0.827073 0.826409 0.83176 0.841668 0.854603 0.861614 0.861614 0.861614 0.861614 0.861614 0.861614 0.861614 0.861614 0.854603 0.841668 0.83176 0.826409 0.825929 0.831354 0.841391 0.85451 0.861614 0.861614 0.861614 0.861614 0.861614 0.861614 0.861614 0.861614 0.85451 0.841391 0.831354 0.825929 0.825597 0.831077 0.841207 0.854455 0.861614 0.861614 0.861614 0.861614 0.861614 0.861614 0.861614 0.861614 0.854455 0.841207 0.831077 0.825597 0.825449 0.830948 0.841115 0.854418 0.861614 0.861614 0.861614 0.861614 0.861614 0.861614 0.861614 0.861614 0.854418 0.841115 0.830948 0.825449 0.825449 0.830948 0.841115 0.854418 0.861614 0.861614 0.861614 0.861614 0.861614 0.861614 0.861614 0.861614 0.854418 0.841115 0.830948 0.825449 0.825597 0.831077 0.841207 0.854455 0.861614 0.861614 0.861614 0.861614 0.861614 0.861614 0.861614 0.861614 0.854455 0.841207 0.831077 0.825597 0.825929 0.831354 0.841391 0.85451 0.861614 0.861614 0.861614 0.861614 0.861614 0.861614 0.861614 0.861614 0.85451 0.841391 0.831354 0.825929 0.826409 0.83176 0.841668 0.854603 0.861614 0.861614 0.861614 0.861614 0.861614 0.861614 0.861614 0.861614 0.854603 0.841668 0.83176 0.826409 0.827073 0.832332 0.842056 0.85475 0.861614 0.861614 0.861614 0.861614 0.861614 0.861614 0.861614 0.861614 0.85475 0.842056 0.832332 0.827073 0.827922 0.833051 0.842535 0.854916 0.861614 0.861614 0.861614 0.861614 0.861614 0.861614 0.861614 0.861614 0.854916 0.842535 0.833051 0.827922 0.828992 0.833955 0.843144 0.855119 0.861614 0.861614 0.861614 0.861614 0.861614 0.861614 0.861614 0.861614 0.855119 0.843144 0.833955 0.828992 0.830302 0.835081 0.843882 0.855378 0.861614 0.861614 0.861614 0.861614 0.861614 0.861614 0.861614 0.861614 0.855378 0.843882 0.835081 0.830302 0.831907 0.836428 0.844786 0.85571 0.861614 0.861614 0.861614 0.861614 0.861614 0.861614 0.861614 0.861614 0.85571 0.844786 0.836428 0.831907 0.8339 0.838125 0.845912 0.856097 0.861614 0.861614 0.861614 0.861614 0.861614 0.861614 0.861614 0.861614 0.856097 0.845912 0.838125 0.8339 0.836465 0.840284 0.84737 0.856614 0.861614 0.861614 0.861614 0.861614 0.861614 0.861614 0.861614 0.861614 0.856614 0.84737 0.840284 0.836465 0.839971 0.843255 0.849344 0.857315 0.861614 0.861614 0.861614 0.861614 0.861614 0.861614 0.861614 0.861614 0.857315 0.849344 0.843255 0.839971 0.846023 0.848403 0.852776 0.858514 0.861614 0.861614 0.861614 0.861614 0.861614 0.861614 0.861614 0.861614 0.858514 0.852776 0.848403 0.846023 0.861614 0.861614 0.861614 0.861614 0.861614 0.861614 0.861614 0.861614 0.861614 0.861614 0.861614 0.861614 0.861614 0.861614 0.861614 0.861614 0.861614 0.861614 0.861614 0.861614 0.861614 0.861614 0.861614 0.861614 0.861614 0.861614 0.861614 0.861614 0.861614 0.861614 0.861614 0.861614 0.861614 0.861614 0.861614 0.861614 0.861614 0.861614 0.861614 0.861614 0.861614 0.861614 0.861614 0.861614 0.861614 0.861614 0.861614 0.861614 0.861614 0.861614 
</DataArray>
<DataArray type="Float64" Name="cell variable 7" format="ascii">
0 0 0 0 0 0 0 0 0 0 0 0 0 0 0 0 0 0 0 0 0 0 0 0 0 0 0 0 0 0 0 0 0 0 0 0 0 0 0 0 0 0 0 0 0 0 0 0 0 0 0 0 0 0 0 0 0 0 0 0 0 0 0 0 0 0 0 0 0 0 0 0 0 0 0 0 0 0 0 0 0 0 0 0 0 0 0 0 0 0 0 0 0 0 0 0 0 0 0 0 0 0 0 0 0 0 0 0 0 0 0 0 0 0 0 0 0 0 0 0 0 0 0 0 0 0 0 0 0 0 0 0 0 0 0 0 0 0 0 0 0 0 0 0 0 0 0 0 0 0 0 0 0 0 0 0 0 0 0 0 0 0 0 0 0 0 0 0 0 0 0 0 0 0 0 0 0 0 0 0 0 0 0 0 0 0 0 0 0 0 0 0 0 0 0 0 0 0 0 0 0 0 0 0 0 0 0 0 0 0 0 0 0 0 0 0 0 0 0 0 0 0 0 0 0 0 0 0 0 0 0 0 0 0 0 0 0 0 0 0 0 0 0 0 0 0 0 0 0 0 0 0 0 0 0 0 0 0 0 0 0 0 0 0 0 0 0 0 0 0 0 0 0 0 0 0 0 0 0 0 0 0 0 0 0 0 0 0 0 0 0 0 0 0 0 0 0 0 0 0 0 0 0 0 0 0 0 0 0 0 0 0 0 0 0 0 0 0 0 0 0 0 0 0 0 0 0 0 0 0 0 0 0 0 0 0 0 0 0 0 0 0 0 0 0 0 0 0 0 0 0 0 0 0 0 0 0 0 0 0 0 0 0 0 0 0 0 0 0 0 0 0 0 0 0 0 0 0 0 0 0 0 0 0 0 0 0 0 0 0 0 0 0 0 0 0 0 0 0 0 0 0 0 0 0 0 0 0 0 0 0 0 0 0 0 0 0 0 0 0 0 0 0 0 0 0 0 0 0 0 0 0 0 0 0 0 0 0 0 0 0 0 0 0 0 0 0 0 0 0 0 0 0 0 0 0 0 0 0 0 0 0 0 0 0 0 0 0 0 0 0 0 0 0 0 0 0 0 0 0 0 0 0 0 0 0 0 0 0 0 0 0 0 0 0 0 0 0 0 0 0 0 0 0 0 0 0 0 0 0 0 0 1 1 
</DataArray>
<DataArray type="Float64" Name="cell variable 8" format="ascii">
11.25 33.75 56.25 78.75 101.25 123.75 146.25 168.75 191.25 213.75 236.25 258.75 281.25 303.75 326.25 348.75 11.25 33.75 56.25 78.75 101.25 123.75 146.25 168.75 191.25 213.75 236.25 258.75 281.25 303.75 326.25 348.75 11.25 33.75 56.25 78.75 101.25 123.75 146.25 168.75 191.25 213.75 236.25 258.75 281.25 303.75 326.25 348.75 11.25 33.75 56.25 78.75 101.25 123.75 146.25 168.75 191.25 213.75 236.25 258.75 281.25 303.75 326.25 348.75 11.25 33.75 56.25 78.75 101.25 123.75 146.25 168.75 191.25 213.75 236.25 258.75 281.25 303.75 326.25 348.75 11.25 33.75 56.25 78.75 101.25 123.75 146.25 168.75 191.25 213.75 236.25 258.75 281.25 303.75 326.25 348.75 11.25 33.75 56.25 78.75 101.25 123.75 146.25 168.75 191.25 213.75 236.25 258.75 281.25 303.75 326.25 348.75 11.25 33.75 56.25 78.75 101.25 123.75 146.25 168.75 191.25 213.75 236.25 258.75 281.25 303.75 326.25 348.75 11.25 33.75 56.25 78.75 101.25 123.75 146.25 168.75 191.25 213.75 236.25 258.75 281.25 303.75 326.25 348.75 11.25 33.75 56.25 78.75 101.25 123.75 146.25 168.75 191.25 213.75 236.25 258.75 281.25 303.75 326.25 348.75 11.25 33.75 56.25 78.75 101.25 123.75 146.25 168.75 191.25 213.75 236.25 258.75 281.25 303.75 326.25 348.75 11.25 33.75 56.25 78.75 101.25 123.75 146.25 168.75 191.25 213.75 236.25 258.75 281.25 303.75 326.25 348.75 11.25 33.75 56.25 78.75 101.25 123.75 146.25 168.75 191.25 213.75 236.25 258.75 281.25 303.75 326.25 348.75 11.25 33.75 56.25 78.75 101.25 123.75 146.25 168.75 191.25 213.75 236.25 258.75 281.25 303.75 326.25 348.75 11.25 33.75 56.25 78.75 101.25 123.75 146.25 168.75 191.25 213.75 236.25 258.75 281.25 303.75 326.25 348.75 11.25 33.75 56.25 78.75 101.25 123.75 146.25 168.75 191.25 213.75 236.25 258.75 281.25 303.75 326.25 348.75 11.25 33.75 56.25 78.75 101.25 123.75 146.25 168.75 191.25 213.75 236.25 258.75 281.25 303.75 326.25 348.75 11.25 33.75 56.25 78.75 101.25 123.75 146.25 168.75 191.25 213.75 236.25 258.75 281.25 303.75 326.25 348.75 11.25 33.75 56.25 78.75 101.25 123.75 146.25 168.75 191.25 213.75 236.25 258.75 281.25 303.75 326.25 348.75 11.25 33.75 56.25 78.75 101.25 123.75 146.25 168.75 191.25 213.75 236.25 258.75 281.25 303.75 326.25 348.75 11.25 33.75 56.25 78.75 101.25 123.75 146.25 168.75 191.25 213.75 236.25 258.75 281.25 303.75 326.25 348.75 11.25 33.75 56.25 78.75 101.25 123.75 146.25 168.75 191.25 213.75 236.25 258.75 281.25 303.75 326.25 348.75 11.25 33.75 56.25 78.75 101.25 123.75 146.25 168.75 191.25 213.75 236.25 258.75 281.25 303.75 326.25 348.75 11.25 33.75 56.25 78.75 101.25 123.75 146.25 168.75 191.25 213.75 236.25 258.75 281.25 303.75 326.25 348.75 11.25 33.75 56.25 78.75 101.25 123.75 146.25 168.75 191.25 213.75 236.25 258.75 281.25 303.75 326.25 348.75 11.25 33.75 56.25 78.75 101.25 123.75 146.25 168.75 191.25 213.75 236.25 258.75 281.25 303.75 326.25 348.75 11.25 33.75 56.25 78.75 101.25 123.75 146.25 168.75 191.25 213.75 236.25 258.75 281.25 303.75 326.25 348.75 11.25 33.75 56.25 78.75 101.25 123.75 146.25 168.75 191.25 213.75 236.25 258.75 281.25 303.75 326.25 348.75 11.25 33.75 56.25 78.75 101.25 123.75 146.25 168.75 191.25 213.75 236.25 258.75 281.25 303.75 326.25 348.75 11.25 33.75 56.25 78.75 101.25 123.75 146.25 168.75 191.25 213.75 236.25 258.75 281.25 303.75 326.25 348.75 11.25 33.75 56.25 78.75 101.25 123.75 146.25 168.75 191.25 213.75 236.25 258.75 281.25 303.75 326.25 348.75 11.25 33.75 56.25 78.75 101.25 123.75 146.25 168.75 191.25 213.75 236.25 258.75 281.25 303.75 326.25 348.75 0 0 
</DataArray>
</CellData>
</Piece>
</UnstructuredGrid>
</VTKFile>
