<VTKFile type="UnstructuredGrid" version="0.1">
<UnstructuredGrid>
<Piece  NumberOfPoints="    2080" NumberOfCells="     514">
<Points>
<DataArray type="Float64" NumberOfComponents="3" format="ascii">
-233.6 488.091 1.29983
-233.753 493.192 27.0234
-211.032 488.606 29.0494
-210.872 483.081 1.30012
-233.788 494.328 29.77
-234.22 508.849 51.6042
-211.562 505.453 55.3122
-211.066 489.741 31.796
-234.276 510.948 53.7079
-234.788 532.724 68.3159
-212.201 531.05 73.1273
-211.618 507.552 57.416
-234.843 535.469 69.4551
-235.263 561.188 74.5791
-212.701 561.511 79.7885
-212.256 533.795 74.2665
-235.302 564.159 74.5782
-235.559 589.875 69.4293
-213.005 592.198 74.2642
-212.74 564.482 79.7877
-235.58 592.618 68.289
-235.697 614.395 53.6749
-213.142 618.43 57.3943
-213.026 594.941 73.1239
-235.705 616.493 51.5702
-235.735 631.023 29.7375
-213.167 636.219 31.7614
-213.15 620.529 55.2897
-235.735 632.158 26.99
-235.723 637.247 1.26191
-213.141 642.861 1.26216
-213.167 637.354 29.0139
-235.719 637.245 -1.71103
-235.693 632.131 -27.4339
-213.096 637.333 -29.4593
-213.138 642.86 -1.71078
-235.69 630.994 -30.1802
-235.655 616.451 -52.0037
-213.078 620.484 -55.7237
-213.093 636.197 -32.2056
-235.649 614.351 -54.107
-235.55 592.569 -68.7117
-212.998 594.883 -73.5419
-213.072 618.384 -57.8271
-235.532 589.824 -69.8511
-235.295 564.107 -74.9885
-212.732 564.42 -80.1984
-212.98 592.138 -74.6813
-235.259 561.136 -74.9883
-234.862 535.418 -69.8536
-212.271 533.735 -74.6702
-212.696 561.449 -80.1983
-234.811 532.674 -68.7135
-234.324 510.902 -54.0976
-211.689 507.504 -57.8036
-212.219 530.991 -73.5301
-234.27 508.804 -51.9926
-233.838 494.295 -30.1497
-211.148 489.717 -32.1716
-211.635 505.406 -55.6985
-233.8 493.162 -27.4018
-233.603 488.089 -1.67276
-210.876 483.08 -1.67247
-211.111 488.584 -29.4238
-208.156 482.754 1.37051
-208.315 488.278 29.1198
-181.857 487.155 29.6977
-181.627 481.498 1.37146
-208.852 505.182 55.5133
-182.505 504.419 56.5696
-181.898 488.348 32.5749
-208.357 489.471 31.997
-209.5 530.884 73.4268
-183.23 530.643 74.7976
-182.57 506.622 58.7718
-208.917 507.385 57.7155
-210.005 561.477 80.1409
-183.754 561.847 81.6217
-183.29 533.521 75.9897
-209.56 533.761 74.6188
-210.309 592.308 74.6173
-184.009 593.291 75.9946
-183.793 564.962 81.6217
-210.044 564.592 80.1408
-210.443 618.673 57.6949
-184.067 620.184 58.7595
-184.027 596.168 74.8018
-210.327 595.185 73.4244
-210.465 636.565 31.9637
-184.058 638.431 32.5446
-184.071 622.384 56.5565
-210.448 620.874 55.4919
-210.438 643.263 1.33415
-184.059 645.251 1.33449
-184.057 639.621 29.6668
-210.464 637.756 29.0859
-210.393 637.735 -29.5303
-184.021 639.595 -30.1105
-184.056 645.25 -1.78149
-210.435 643.261 -1.78183
-210.376 620.829 -55.9261
-184.03 622.337 -56.9913
-184.019 638.402 -32.9882
-210.391 636.542 -32.408
-210.299 595.125 -73.8429
-184.003 596.109 -75.224
-184.027 620.134 -59.1932
-210.373 618.626 -58.128
-210.036 564.529 -80.5515
-183.784 564.899 -82.0322
-183.987 593.231 -76.4155
-210.284 592.248 -75.0344
-209.574 533.701 -75.0226
-183.299 533.461 -76.3889
-183.747 561.785 -82.0313
-209.999 561.415 -80.5506
-208.987 507.336 -58.1026
-182.609 506.571 -59.1579
-183.243 530.584 -75.1954
-209.518 530.824 -73.8291
-208.438 489.447 -32.3724
-181.945 488.319 -32.9499
-182.547 504.37 -56.9545
-208.925 505.136 -55.8992
-208.394 488.257 -29.4949
-208.159 482.753 -1.74365
-181.631 481.496 -1.7427
-181.901 487.129 -30.0725
-178.657 481.43 1.39184
-178.887 487.088 29.7181
-151.886 487.077 29.899
-151.534 481.379 1.39526
-178.943 488.297 32.6325
-179.55 504.368 56.6271
-152.79 504.466 56.9488
-151.943 488.286 32.8134
-179.632 506.603 58.8582
-180.293 530.624 74.884
-153.711 530.882 75.2881
-152.872 506.701 59.1798
-180.361 533.544 76.0911
-180.825 561.87 81.7232
-154.26 562.307 82.1361
-153.779 533.801 76.4952
-180.86 565.029 81.7218
-181.076 593.358 76.0948
-154.395 593.958 76.4502
-154.295 565.466 82.1348
-181.082 596.275 74.8856
-181.123 620.291 58.8433
-154.278 621.017 59.0985
-154.401 596.874 75.241
-181.117 622.521 56.6121
-181.104 638.567 32.6003
-154.179 639.38 32.7316
-154.273 623.247 56.8674
-181.103 639.774 29.6869
-181.104 645.404 1.35465
-154.243 646.262 1.35201
-154.178 640.587 29.8183
-181.103 645.403 -1.80197
-181.069 639.748 -30.131
-154.174 640.562 -30.2676
-154.242 646.26 -1.80462
-181.069 638.538 -33.0441
-181.079 622.473 -57.0472
-154.261 623.204 -57.3064
-154.174 639.353 -33.1807
-181.084 620.241 -59.2772
-181.061 596.216 -75.3081
-154.385 596.82 -75.6658
-154.267 620.972 -59.5364
-181.055 593.299 -76.5158
-180.851 564.966 -82.1325
-154.282 565.408 -82.5443
-154.379 593.903 -76.8735
-180.817 561.808 -82.1325
-180.369 533.484 -76.49
-153.774 533.747 -76.8898
-154.248 562.249 -82.5443
-180.303 530.565 -75.2815
-179.669 506.552 -59.2439
-152.879 506.655 -59.5601
-153.708 530.828 -75.6812
-179.589 504.319 -57.0118
-178.987 488.268 -33.0072
-151.96 488.259 -33.1821
-152.798 504.422 -57.328
-178.929 487.061 -30.0923
-178.659 481.429 -1.76253
-151.535 481.377 -1.75912
-151.902 487.052 -30.2672
-148.601 481.355 1.40941
-148.954 487.053 29.9131
-123.041 486.642 29.9984
-123.025 480.93 1.4124
-148.985 488.277 32.8485
-149.832 504.457 56.9839
-122.971 504.094 57.1448
-123.072 487.866 32.9338
-149.863 506.71 59.2219
-150.701 530.891 75.3301
-122.519 530.594 75.5315
-123.001 506.347 59.3827
-150.697 533.826 76.5328
-151.178 562.331 82.1737
-121.538 562.082 82.367
-122.515 533.528 76.7342
-151.131 565.498 82.1623
-151.231 593.99 76.4777
-120.2 593.754 76.6279
-121.491 565.249 82.3555
-151.16 596.908 75.2577
-151.036 621.051 59.1152
-118.86 620.808 59.214
-120.129 596.673 75.4079
-150.97 623.282 56.8742
-150.877 639.414 32.7385
-117.888 639.166 32.7848
-118.794 623.038 56.973
-150.843 640.621 29.8178
-150.907 646.295 1.3515
-117.567 646.047 1.35077
-117.854 640.372 29.8641
-150.907 646.294 -1.80487
-150.84 640.596 -30.2678
-117.854 640.351 -30.3154
-117.567 646.046 -1.8056
-150.873 639.388 -33.1878
-150.96 623.238 -57.3135
-118.787 623.001 -57.4115
-117.887 639.142 -33.2353
-151.026 621.007 -59.5531
-151.144 596.855 -75.6824
-120.114 596.624 -75.8309
-118.853 620.769 -59.651
-151.216 593.936 -76.9008
-151.119 565.441 -82.5717
-121.476 565.196 -82.7614
-120.186 593.705 -77.0493
-151.166 562.274 -82.5815
-150.692 533.771 -76.927
-122.501 533.479 -77.1235
-121.523 562.029 -82.7713
-150.697 530.837 -75.7227
-149.868 506.665 -59.6017
-122.988 506.307 -59.7573
-122.505 530.545 -75.9193
-149.838 504.413 -57.3624
-149 488.25 -33.2164
-123.064 487.841 -33.2962
-122.958 504.055 -57.5181
-148.969 487.028 -30.2806
-148.602 481.354 -1.77256
-123.026 480.929 -1.76957
-123.033 486.619 -30.3604
-120.18 480.815 1.41556
-120.196 486.528 30.0016
-94.5368 484.877 30.0157
-94.8704 479.174 1.41975
-120.154 487.752 32.942
-120.053 503.98 57.153
-93.4232 502.297 57.176
-94.4951 486.101 32.9561
-119.955 506.234 59.3946
-119.472 530.481 75.5434
-91.4823 528.741 75.5716
-93.3255 504.552 59.4176
-119.311 533.415 76.7469
-118.335 561.969 82.3796
-88.8412 560.146 82.4085
-91.3213 531.675 76.7751
-118.127 565.132 82.3664
-116.836 593.638 76.6388
-85.9003 591.718 76.6644
-88.6334 563.309 82.3953
-116.621 596.551 75.4156
-115.352 620.686 59.2216
-83.217 618.67 59.2387
-85.6851 594.631 75.4412
-115.176 622.911 56.9777
-114.27 639.038 32.7895
-81.3203 636.953 32.7983
-83.0408 620.895 56.9948
-114.173 640.242 29.866
-113.886 645.917 1.35273
-80.618 643.809 1.35425
-81.2229 638.156 29.8749
-113.886 645.916 -1.80745
-114.173 640.221 -30.3172
-81.2247 638.137 -30.3217
-80.6181 643.808 -1.80594
-114.27 639.015 -33.2397
-115.17 622.873 -57.4159
-83.0362 620.861 -57.4263
-81.3218 636.932 -33.2442
-115.345 620.647 -59.6583
-116.607 596.502 -75.8381
-85.6708 594.586 -75.8573
-83.2116 618.635 -59.6687
-116.821 593.588 -77.0597
-118.111 565.08 -82.7718
-88.6141 563.26 -82.7942
-85.8854 591.672 -77.0789
-118.319 561.916 -82.7834
-119.297 533.366 -77.1356
-91.2994 531.628 -77.1572
-88.8218 560.096 -82.8057
-119.458 530.432 -75.9305
-119.941 506.194 -59.7686
-93.2986 504.513 -59.7853
-91.4604 528.694 -75.9521
-120.039 503.941 -57.5256
-120.144 487.727 -33.3038
-94.4728 486.076 -33.31
-93.3964 502.26 -57.5424
-120.187 486.505 -30.3626
-120.179 480.814 -1.77181
-94.8696 479.173 -1.76762
-94.5156 484.854 -30.3688
-92.0528 478.918 1.42044
-91.7191 484.62 30.0164
-66.3133 481.639 30.0207
-66.9881 475.964 1.42578
-91.6044 485.841 32.9571
-90.5325 502.037 57.177
-64.1723 498.967 57.1765
-66.1986 482.859 32.9615
-90.3051 504.282 59.419
-88.462 528.471 75.573
-60.7358 525.258 75.5682
-63.945 501.213 59.4185
-88.1405 531.393 76.7765
-85.6605 559.864 82.41
-56.399 556.469 82.4067
-60.4143 528.179 76.7718
-85.287 563.012 82.3966
-82.554 591.421 76.6657
-51.8094 587.839 76.6676
-56.0255 559.618 82.3933
-82.1902 594.318 75.4422
-79.7221 618.358 59.2398
-47.7425 614.61 59.2444
-51.4457 590.737 75.444
-79.4331 620.57 56.9956
-77.7126 636.628 32.7991
-44.9093 632.765 32.8024
-47.4535 616.823 57.0003
-77.5528 637.824 29.8755
-76.9479 643.477 1.3549
-43.8422 639.574 1.35838
-44.7495 633.962 29.8788
-76.9481 643.476 -1.80597
-77.5547 637.805 -30.3218
-44.7526 633.943 -30.3168
-43.8424 639.573 -1.80249
-77.7143 636.607 -33.2442
-79.4287 620.536 -57.4263
-47.4501 616.792 -57.4202
-44.9122 632.745 -33.2393
-79.7168 618.323 -59.6688
-82.1759 594.274 -75.8574
-51.4306 590.694 -75.849
-47.7381 614.578 -59.6627
-82.5389 591.375 -77.0793
-85.2676 562.963 -82.7946
-56.0028 559.57 -82.7817
-51.7935 587.796 -77.0709
-85.6405 559.814 -82.8063
-88.1181 531.346 -77.1578
-60.3858 528.133 -77.1443
-56.3757 556.422 -82.7935
-88.439 528.425 -75.9527
-90.2773 504.244 -59.786
-63.9086 501.174 -59.7776
-60.7067 525.212 -75.9392
-90.5045 501.999 -57.5425
-91.581 485.816 -33.3101
-66.1683 482.832 -33.3045
-64.1359 498.93 -57.5342
-91.6973 484.597 -30.3684
-92.0514 478.916 -1.76721
-66.9868 475.963 -1.76187
-66.2846 481.614 -30.3627
-64.2008 475.56 1.42629
-63.526 481.235 30.0212
-38.424 476.904 30.0257
-39.4331 471.276 1.43289
-63.3396 482.447 32.9616
-61.3133 498.555 57.1766
-35.272 494.08 57.1746
-38.2376 478.116 32.966
-60.9571 500.784 59.4181
-57.7479 524.828 75.5679
-30.3446 520.129 75.5601
-34.9157 496.309 59.4161
-57.2646 527.727 76.7713
-53.2493 556.017 82.4062
-24.2948 551.046 82.3993
-29.8613 523.028 76.7635
-52.7071 559.141 82.393
-48.491 587.362 76.6672
-18.0271 582.115 76.6662
-23.7525 554.169 82.3861
-47.9752 590.236 75.4441
-44.2721 614.109 59.2445
-12.5507 608.626 59.2487
-17.5113 584.989 75.4431
-43.8682 616.302 57.0005
-41.324 632.244 32.8027
-8.76949 626.6 32.8065
-12.1469 610.819 57.0047
-41.1018 633.431 29.8793
-40.1946 639.043 1.35886
-7.34373 633.342 1.36384
-8.54733 627.786 29.8831
-40.1948 639.042 -1.80196
-41.105 633.412 -30.3163
-8.55151 627.769 -30.309
-7.34394 633.341 -1.79697
-41.327 632.225 -33.2383
-43.8649 616.271 -57.4192
-12.1439 610.791 -57.4095
-8.77352 626.581 -33.231
-44.2676 614.077 -59.6614
-47.9601 590.193 -75.8477
-17.495 584.948 -75.8335
-12.5466 608.596 -59.6516
-48.4748 587.319 -77.0693
-52.6841 559.093 -82.7801
-23.7259 554.122 -82.761
-18.0097 582.073 -77.0551
-53.2255 555.97 -82.7918
-57.2356 527.681 -77.1426
-29.8265 522.982 -77.1236
-24.2674 550.999 -82.7726
-57.7181 524.783 -75.9378
-60.92 500.745 -59.7762
-34.8726 496.269 -59.7642
-30.309 520.083 -75.9189
-61.2761 498.517 -57.5332
-63.3085 482.419 -33.3035
-38.2025 478.086 -33.2957
-35.2288 494.041 -57.5211
-63.4971 481.21 -30.3619
-64.1992 475.559 -1.76107
-39.4315 471.275 -1.75447
-38.391 476.876 -30.3542
-36.6827 470.723 1.43354
-35.6735 476.351 30.0264
-10.9366 470.667 30.032
-12.274 465.105 1.44129
-35.4165 477.55 32.9662
-32.4509 493.514 57.1747
-6.78874 487.632 57.1741
-10.6795 471.865 32.9719
-31.9669 495.719 59.4157
-27.3958 519.539 75.5597
-0.379875 513.351 75.5535
-6.3048 489.837 59.4151
-26.7505 522.405 76.7628
-21.1839 550.423 82.3987
7.38732 543.873 82.3928
0.265399 516.218 76.7566
-20.4713 553.511 82.3856
-14.7458 581.458 76.6657
15.3471 574.543 76.6653
8.1 546.96 82.3798
-14.076 584.298 75.4431
-9.11546 607.935 59.2487
22.2468 600.711 59.2538
16.0168 577.383 75.4426
-8.59546 610.103 57.0051
-5.21804 625.884 32.8068
26.9834 618.452 32.8118
22.7668 602.879 57.0102
-4.93332 627.056 29.8837
-3.72972 632.612 1.36437
28.7664 625.106 1.37055
27.2681 619.624 29.8887
-3.72998 632.611 -1.7962
-4.93755 627.039 -30.3082
27.2631 619.607 -30.2998
28.7661 625.105 -1.79003
-5.22213 625.865 -33.2298
-8.59246 610.075 -57.4083
22.77 602.853 -57.3971
26.9785 618.433 -33.2213
-9.11129 607.906 -59.65
-14.0597 584.258 -75.8318
16.0345 577.344 -75.8158
22.2511 600.684 -59.6388
-14.7282 581.416 -77.0531
-20.4444 553.465 -82.7589
8.12941 546.914 -82.7386
15.3659 574.502 -77.037
-21.1561 550.376 -82.7705
-26.7152 522.359 -77.1215
0.304468 516.171 -77.102
7.41773 543.826 -82.7502
-27.3596 519.493 -75.9172
-31.9233 495.679 -59.7625
-6.257 489.794 -59.7499
-0.339929 513.305 -75.8976
-32.4072 493.475 -57.52
-35.381 477.519 -33.2945
-10.6417 471.832 -33.2857
-6.74096 487.59 -57.5073
-35.6403 476.323 -30.3533
-36.6808 470.721 -1.75356
-12.2721 465.103 -1.74581
-10.9011 470.635 -30.3445
-9.56734 464.403 1.44208
-8.22992 469.964 30.0328
16.0771 462.931 30.0393
14.4169 457.455 1.45075
-7.90344 471.146 32.9722
-4.01267 486.912 57.1744
21.204 479.627 57.175
16.4036 464.113 32.9787
-3.40241 489.086 59.4148
2.52251 512.601 75.5532
29.0793 504.932 75.5483
21.8142 481.801 59.4154
3.32917 515.425 76.756
10.4511 543.08 82.3923
38.5572 534.956 82.3874
29.886 507.757 76.7511
11.3345 546.122 82.3794
18.5816 573.705 76.6649
48.2102 565.127 76.6648
39.4406 537.999 82.3745
19.4062 576.503 75.4428
25.6362 599.831 59.2539
56.538 590.869 59.2595
49.0348 567.926 75.4427
26.273 601.967 57.0106
30.4896 617.54 32.8123
62.2328 608.321 32.8181
57.1748 593.005 57.0162
30.837 618.694 29.8893
32.3352 624.176 1.37117
64.3724 614.867 1.37831
62.5803 609.476 29.8951
32.3349 624.176 -1.78911
30.8319 618.677 -30.2989
62.5745 609.459 -30.2893
64.3721 614.866 -1.78197
30.4847 617.521 -33.22
26.2761 601.941 -57.3958
57.1784 592.981 -57.3832
62.2272 608.304 -33.2105
25.6406 599.804 -59.6371
19.4239 576.464 -75.814
49.0539 567.888 -75.7965
56.5429 590.844 -59.6245
18.6007 573.665 -77.0349
11.3641 546.077 -82.7364
39.4727 537.953 -82.7151
48.2307 565.088 -77.0174
10.4818 543.034 -82.748
3.36857 515.379 -77.0998
29.9283 507.71 -77.0798
38.5904 534.91 -82.7267
2.56284 512.554 -75.8959
-3.35423 489.044 -59.7481
21.8651 481.756 -59.735
29.1226 504.885 -75.8759
-3.96461 486.871 -57.5061
-7.86538 471.112 -33.2845
16.4425 464.075 -33.2748
21.2547 479.584 -57.493
-8.19439 469.932 -30.3435
-9.56543 464.401 -1.74482
14.4188 457.453 -1.73615
16.1135 462.895 -30.3338
17.0724 456.604 1.45166
18.7326 462.08 30.0403
42.5439 453.708 30.0478
40.566 448.337 1.46108
19.1273 463.241 32.9792
23.9277 478.756 57.1754
48.6303 470.08 57.1779
42.9386 454.869 32.9868
24.6623 480.89 59.4153
31.9274 504.021 75.5482
57.9483 494.884 75.5459
49.3649 472.214 59.4177
32.894 506.795 76.7507
41.5652 533.995 82.387
69.1222 524.311 82.3847
58.9149 497.658 76.7485
42.6186 536.982 82.3743
51.3882 564.11 76.6646
80.459 553.881 76.6665
70.1756 527.298 82.372
52.3673 566.857 75.4429
59.8705 589.801 59.2597
90.2101 579.111 59.2667
81.4381 556.628 75.4448
60.6242 591.897 57.0168
65.6822 607.214 32.8186
96.8608 596.217 32.8256
90.9637 581.207 57.0237
66.0922 608.347 29.8958
67.8844 613.738 1.37903
99.3552 602.633 1.38698
97.2709 597.351 29.9028
67.884 613.737 -1.78096
66.0865 608.331 -30.2883
97.2646 597.335 -30.2783
99.3549 602.633 -1.77301
65.6766 607.196 -33.2091
60.6278 591.874 -57.3818
90.9681 581.186 -57.369
96.8548 596.2 -33.1991
59.8755 589.776 -59.6227
52.3866 566.82 -75.7947
81.4587 556.592 -75.7775
90.2159 579.088 -59.6098
51.4089 564.071 -77.0152
42.6509 536.936 -82.713
70.2098 527.253 -82.6927
80.481 553.843 -76.998
41.5987 533.949 -82.7245
32.9366 506.748 -77.0776
58.9596 497.61 -77.0588
69.1575 524.265 -82.7043
31.9709 503.974 -75.8741
24.7135 480.846 -59.7333
49.4177 472.168 -59.7206
57.994 494.837 -75.8553
23.9786 478.712 -57.4917
19.1664 463.203 -33.2736
42.9776 454.828 -33.2635
48.6828 470.034 -57.4791
18.7691 462.044 -30.3328
17.0744 456.602 -1.7351
40.5679 448.335 -1.72568
42.5803 453.669 -30.3227
43.1631 447.339 1.46208
45.141 452.711 30.0488
68.391 443.016 30.0571
66.1012 437.769 1.47207
45.6027 453.847 32.9875
51.2944 469.058 57.1786
75.4227 459.005 57.1823
68.8527 444.153 32.9957
52.1514 471.146 59.4179
60.7348 493.816 75.5461
86.1609 483.222 75.5462
76.2796 461.092 59.4217
61.8589 496.528 76.7484
72.0663 523.181 82.3846
99.0027 511.951 82.3846
87.2851 485.935 76.7484
73.2877 526.103 82.372
83.5711 552.686 76.6665
111.999 540.822 76.6703
100.224 514.873 82.372
84.7033 555.373 75.4453
93.4753 577.856 59.2672
123.154 565.457 59.2754
113.131 543.509 75.449
94.3448 579.906 57.0244
100.242 594.916 32.8263
130.749 582.161 32.8344
124.023 567.507 57.0327
100.714 596.025 29.9036
102.798 601.307 1.38781
133.595 588.427 1.39641
131.222 583.27 29.9116
102.798 601.307 -1.77195
100.708 596.009 -30.2773
131.215 583.255 -30.2671
133.595 588.427 -1.76335
100.236 594.899 -33.1978
94.3492 579.885 -57.3676
124.029 567.488 -57.3549
130.743 582.145 -33.1876
93.4812 577.833 -59.6081
84.724 555.337 -75.7758
113.153 543.474 -75.7594
123.161 565.436 -59.5954
83.5932 552.648 -76.996
73.322 526.058 -82.6907
100.26 514.828 -82.6716
112.022 540.786 -76.9795
72.1018 523.136 -82.7022
61.9039 496.481 -77.0567
87.3315 485.887 -77.0391
99.0397 511.906 -82.6831
60.7806 493.768 -75.8537
52.2043 471.099 -59.719
76.3334 461.044 -59.7065
86.2082 483.174 -75.8361
51.347 469.012 -57.4779
45.6417 453.806 -33.2623
68.8908 444.108 -33.2519
75.476 458.957 -57.4654
45.1773 452.672 -30.3216
43.165 447.337 -1.72458
66.1031 437.767 -1.71459
68.4264 442.974 -30.3112
68.6326 436.627 1.47313
70.9224 441.875 30.0582
93.5449 430.881 30.0667
90.9499 425.776 1.48353
71.4499 442.982 32.9965
78.0198 457.834 57.1831
101.502 446.429 57.1872
94.0724 431.988 33.0051
78.9969 459.868 59.422
88.8782 481.998 75.5465
113.63 469.976 75.547
102.479 448.463 59.4261
90.157 484.64 76.7485
101.875 510.656 82.3846
128.104 497.91 82.3851
114.908 472.619 76.749
103.261 513.502 82.3722
115.036 539.452 76.6705
142.726 525.984 76.6744
129.491 500.756 82.3727
116.318 542.07 75.4496
126.341 564.017 59.276
155.259 549.941 59.2844
144.009 528.602 75.4535
127.325 566.015 57.0335
134.051 580.669 32.8352
163.783 566.189 32.8437
156.243 551.939 57.0419
134.584 581.75 29.9126
136.958 586.907 1.39732
166.975 572.284 1.40646
164.317 567.269 29.921
136.958 586.906 -1.76224
134.578 581.735 -30.266
164.31 567.255 -30.2552
166.975 572.283 -1.75311
134.044 580.653 -33.1862
127.33 565.996 -57.3535
156.249 551.921 -57.34
163.777 566.174 -33.1754
126.348 563.997 -59.5937
116.34 542.035 -75.7576
144.032 528.568 -75.7404
155.268 549.923 -59.5801
115.059 539.416 -76.9775
103.297 513.458 -82.6696
129.527 500.712 -82.6501
142.751 525.949 -76.9603
101.912 510.611 -82.6811
90.2035 484.592 -77.0371
114.956 472.57 -77.019
128.142 497.865 -82.6616
88.9256 481.949 -75.8344
79.0507 459.82 -59.7049
102.532 448.413 -59.6919
113.678 469.927 -75.8164
78.0731 457.786 -57.4642
71.4879 442.937 -33.2506
94.1086 431.941 -33.2396
101.555 446.379 -57.4512
70.9577 441.832 -30.31
68.6344 436.625 -1.71344
90.9517 425.774 -1.70303
93.5784 430.836 -30.299
93.4083 424.492 1.48463
96.0033 429.597 30.0678
117.932 417.333 30.0768
115.04 412.39 1.49529
96.595 430.672 33.0058
104.024 445.112 57.188
126.789 432.386 57.1927
118.524 418.408 33.0148
105.118 447.086 59.4264
116.269 468.599 75.5473
140.269 455.182 75.5487
127.883 434.36 59.4312
117.699 471.162 76.7491
130.895 496.453 82.3853
156.333 482.224 82.3865
141.699 457.745 76.7505
132.442 499.214 82.373
145.678 524.442 76.6747
172.541 509.407 76.6791
157.881 484.985 82.3743
147.108 526.982 75.4542
158.358 548.321 59.285
186.418 532.606 59.2937
173.971 511.947 75.4586
159.453 550.26 57.0428
166.994 564.51 32.8446
195.849 548.342 32.8535
187.513 534.544 57.0514
167.587 565.558 29.922
170.246 570.573 1.40743
199.379 554.247 1.41697
196.442 549.391 29.9309
170.245 570.572 -1.75195
167.58 565.544 -30.2541
196.435 549.377 -30.243
199.379 554.246 -1.74242
166.987 564.495 -33.174
159.46 550.243 -57.3385
187.521 534.529 -57.3246
195.842 548.328 -33.1629
158.367 548.303 -59.5784
147.131 526.949 -75.7387
173.995 511.915 -75.7213
186.428 532.589 -59.5645
145.703 524.408 -76.9582
132.479 499.17 -82.648
157.919 484.942 -82.6287
172.567 509.373 -76.9409
130.933 496.409 -82.6595
117.746 471.114 -77.0169
141.746 457.696 -76.999
156.372 482.181 -82.6402
116.318 468.55 -75.8147
105.172 447.036 -59.6902
127.936 434.308 -59.6772
140.318 455.133 -75.7968
104.077 445.062 -57.4499
96.6311 430.624 -33.2383
118.557 418.358 -33.2272
126.842 432.335 -57.4369
96.0367 429.552 -30.2978
93.41 424.49 -1.70184
115.042 412.387 -1.69117
117.963 417.286 -30.2867
117.418 410.968 1.49641
120.31 415.911 30.0779
141.48 402.411 30.0871
138.3 397.646 1.50722
120.964 416.949 33.0156
129.23 430.928 57.1935
151.208 416.916 57.1989
142.134 403.449 33.0248
130.437 432.833 59.4316
142.823 453.655 75.5491
165.996 438.88 75.5515
152.416 418.822 59.437
144.399 456.131 76.7507
159.034 480.61 82.3868
183.6 464.94 82.3891
167.573 441.356 76.7531
160.738 483.277 82.3746
175.398 507.698 76.6794
201.344 491.138 76.6846
185.304 467.606 82.377
176.971 510.151 75.4593
189.418 530.81 59.2944
216.524 513.501 59.3035
202.917 493.592 75.4645
190.622 532.683 57.0524
198.957 546.481 32.8544
226.835 528.675 32.8638
217.728 515.374 57.0614
199.609 547.494 29.9319
202.546 552.35 1.41799
230.694 534.369 1.42782
227.487 529.687 29.9413
202.546 552.35 -1.74124
199.602 547.481 -30.2418
227.48 529.675 -30.2306
230.694 534.368 -1.73142
198.951 546.467 -33.1615
190.63 532.668 -57.3232
217.737 515.36 -57.3092
226.829 528.661 -33.1502
189.428 530.794 -59.5627
176.995 510.119 -75.7195
202.942 493.561 -75.7025
216.535 513.487 -59.5487
175.424 507.665 -76.9388
160.776 483.234 -82.6266
185.343 467.564 -82.6079
201.371 491.106 -76.9218
159.073 480.566 -82.6381
144.447 456.082 -76.997
167.62 441.307 -76.9798
183.64 464.897 -82.6194
142.872 453.606 -75.7951
130.49 432.782 -59.6756
152.468 418.77 -59.6628
166.045 438.831 -75.7778
129.282 430.876 -57.4356
120.998 416.899 -33.2259
142.165 403.397 -33.2148
151.259 416.864 -57.4229
120.341 415.864 -30.2855
117.42 410.965 -1.68996
138.302 397.644 -1.67916
141.508 402.362 -30.2744
140.591 396.09 1.50835
143.771 400.855 30.0883
164.118 386.158 30.0977
160.661 381.588 1.51919
144.485 401.853 33.0257
153.559 415.32 57.1998
174.684 400.063 57.2058
164.832 387.155 33.0352
154.876 417.151 59.4375
168.457 437.21 75.552
190.731 421.12 75.5555
176.001 401.895 59.4435
170.175 439.589 76.7534
186.202 463.173 82.3895
209.817 446.108 82.393
192.449 423.499 76.7569
188.057 465.736 82.3775
204.097 489.267 76.685
229.041 471.235 76.6909
211.672 448.671 82.381
205.808 491.626 75.4653
219.415 511.535 59.3043
245.476 492.687 59.3137
230.752 473.593 75.4712
220.724 513.336 57.0625
229.832 526.637 32.8648
256.637 507.246 32.8745
246.785 494.487 57.0719
230.54 527.611 29.9424
233.747 532.292 1.42889
260.813 512.712 1.43889
257.345 508.22 29.9521
233.747 532.292 -1.73023
230.533 527.598 -30.2294
257.338 508.209 -30.2181
260.812 512.712 -1.72022
229.825 526.624 -33.1488
220.734 513.323 -57.3078
246.796 494.475 -57.294
256.63 507.234 -33.1376
219.427 511.521 -59.547
205.834 491.595 -75.7007
230.778 473.564 -75.6842
245.489 492.674 -59.5332
204.124 489.236 -76.9198
188.096 465.693 -82.606
211.711 448.63 -82.5882
229.068 471.204 -76.9033
186.242 463.13 -82.6175
170.222 439.54 -76.9778
192.496 423.451 -76.9615
209.857 446.066 -82.5997
168.505 437.16 -75.7762
154.928 417.099 -59.6612
176.051 401.841 -59.6489
190.779 421.071 -75.7599
153.61 415.267 -57.4216
144.515 401.8 -33.2135
164.859 387.101 -33.2024
174.733 400.01 -57.4093
143.799 400.805 -30.2732
140.592 396.087 -1.67794
160.663 381.586 -1.6671
164.143 386.106 -30.2621
162.858 379.903 1.52032
166.315 384.472 30.0989
185.779 368.619 30.1085
182.057 364.262 1.53111
167.087 385.426 33.036
176.938 398.333 57.2067
197.145 381.877 57.2134
186.55 369.573 33.0457
178.361 400.084 59.4441
193.091 419.31 75.556
214.397 401.955 75.5608
198.567 383.628 59.4508
194.944 421.584 76.7574
212.312 444.193 82.3934
234.9 425.787 82.3982
216.25 404.229 76.7621
214.313 446.644 82.3816
231.681 469.207 76.6915
255.54 449.758 76.6982
236.901 428.238 82.3863
233.524 471.463 75.472
248.249 490.557 59.3145
273.177 470.229 59.3243
257.383 452.014 75.4787
249.659 492.279 57.0729
259.51 505.038 32.8756
285.151 484.128 32.8856
274.587 471.952 57.0827
260.273 505.97 29.9532
263.741 510.462 1.44
289.631 489.347 1.45009
285.914 485.06 29.9631
263.74 510.462 -1.71904
260.266 505.959 -30.217
285.907 485.049 -30.2059
289.631 489.347 -1.70895
259.504 505.026 -33.1362
249.67 492.268 -57.2926
274.599 471.942 -57.2791
285.144 484.117 -33.1251
248.262 490.544 -59.5315
233.55 471.434 -75.6825
257.41 451.986 -75.6668
273.191 470.218 -59.5181
231.708 469.177 -76.9014
214.351 446.603 -82.5864
236.939 428.197 -82.5698
255.567 449.729 -76.8857
212.352 444.151 -82.5979
194.991 421.536 -76.9596
216.296 404.181 -76.9445
234.939 425.746 -82.5814
193.138 419.261 -75.7583
178.411 400.031 -59.6474
198.616 383.574 -59.6356
214.443 401.906 -75.7431
176.987 398.28 -57.408
167.113 385.371 -33.2012
186.574 369.517 -33.1904
197.192 381.823 -57.3963
166.339 384.42 -30.2609
162.859 379.9 -1.66589
182.058 364.259 -1.6551
185.799 368.566 -30.2501
184.153 362.451 1.53225
187.875 366.809 30.1096
206.397 349.848 30.1193
202.424 345.719 1.54288
188.701 367.715 33.0466
199.296 380.019 57.2143
218.525 362.411 57.2217
207.224 350.755 33.0563
200.819 381.683 59.4515
216.648 400.01 75.5614
236.92 381.442 75.5673
220.047 364.075 59.4588
218.63 402.172 76.7627
237.281 423.73 82.3988
258.771 404.04 82.4047
238.902 383.604 76.7685
239.419 426.061 82.387
258.058 447.581 76.6989
280.755 426.779 76.7064
260.909 406.371 82.393
260.028 449.727 75.4797
275.822 467.942 59.3252
299.536 446.203 59.3352
282.725 428.924 75.4871
277.328 469.581 57.0838
287.892 481.757 32.8867
312.282 459.396 32.8968
301.041 447.842 57.0938
288.707 482.644 29.9643
292.424 486.932 1.45122
317.052 464.353 1.46127
313.097 460.283 29.9744
292.424 486.931 -1.70778
288.7 482.633 -30.2047
313.09 460.274 -30.1939
317.052 464.353 -1.69773
287.885 481.746 -33.1238
277.34 469.571 -57.2778
301.055 447.833 -57.2649
312.276 459.386 -33.113
275.837 467.931 -59.5165
260.055 449.699 -75.6653
282.752 428.898 -75.6506
299.551 446.194 -59.5036
258.086 447.552 -76.884
239.457 426.02 -82.5681
260.947 406.332 -82.553
280.783 426.751 -76.8693
237.32 423.689 -82.5797
218.676 402.124 -76.9428
238.947 383.557 -76.9289
258.809 404 -82.5646
216.694 399.961 -75.7417
200.867 381.629 -59.6342
220.093 364.021 -59.6232
236.965 381.394 -75.7279
199.343 379.965 -57.3951
188.724 367.659 -33.1891
207.243 350.698 -33.1786
218.569 362.357 -57.3841
187.895 366.755 -30.2489
184.154 362.449 -1.65391
202.425 345.716 -1.64329
206.414 349.794 -30.2384
204.413 343.789 1.544
208.386 347.918 30.1204
225.912 329.901 30.13
221.7 326.015 1.55434
209.265 348.774 33.0572
220.566 360.431 57.2226
238.758 341.726 57.2303
226.79 330.757 33.0668
222.183 362.002 59.4596
239.056 379.369 75.568
258.232 359.646 75.5747
240.375 343.297 59.4672
241.161 381.412 76.7692
261.029 401.848 82.4054
281.354 380.937 82.4122
260.337 361.689 76.7758
263.298 404.051 82.3938
283.144 424.458 76.7072
304.608 402.371 76.715
283.623 383.14 82.4005
285.234 426.487 75.4882
302.044 443.766 59.3363
324.466 420.689 59.3462
306.697 404.4 75.496
303.641 445.316 57.0949
314.882 456.871 32.898
337.942 433.137 32.9081
326.062 422.239 57.1049
315.746 457.71 29.9755
319.701 461.78 1.4624
342.986 437.816 1.47228
338.806 433.977 29.9857
319.701 461.779 -1.6966
315.739 457.7 -30.1928
338.799 433.968 -30.1823
342.986 437.816 -1.68672
314.876 456.861 -33.1117
303.655 445.308 -57.2636
326.077 422.232 -57.2512
337.936 433.128 -33.1013
302.06 443.757 -59.5021
285.261 426.461 -75.6491
306.724 404.376 -75.6354
324.482 420.681 -59.4897
283.172 424.431 -76.8677
263.336 404.012 -82.5515
283.66 383.103 -82.5377
304.636 402.345 -76.854
261.067 401.808 -82.5631
241.205 381.365 -76.9274
260.38 361.643 -76.9148
281.391 380.899 -82.5493
239.101 379.321 -75.7265
222.229 361.948 -59.6219
240.418 343.244 -59.6116
258.276 359.6 -75.7139
220.61 360.376 -57.3829
209.284 348.717 -33.1775
226.805 330.7 -33.1674
238.799 341.672 -57.3726
208.403 347.864 -30.2373
204.413 343.786 -1.64213
221.7 326.012 -1.6318
225.924 329.847 -30.2272
223.576 323.971 1.55542
227.788 327.857 30.1311
244.264 308.84 30.1404
239.828 305.21 1.56535
228.715 328.66 33.0677
240.683 339.629 57.2312
257.783 319.886 57.2391
245.191 309.642 33.077
242.389 341.103 59.468
260.247 357.452 75.5754
278.268 336.637 75.5827
259.489 321.36 59.4759
262.466 359.369 76.7766
283.483 378.617 82.413
302.579 356.554 82.4203
280.487 338.554 76.7838
285.875 380.685 82.4014
306.86 399.916 76.7159
327.021 376.619 76.7239
304.971 358.623 82.4087
309.062 401.822 75.4971
326.83 418.111 59.3473
347.888 393.775 59.357
329.223 378.524 75.5051
328.512 419.567 57.1061
340.392 430.465 32.9093
362.048 405.442 32.9192
349.57 395.232 57.1158
341.303 431.255 29.9868
345.482 435.095 1.4734
367.349 409.83 1.48299
362.959 406.231 29.9967
345.482 435.094 -1.68564
341.295 431.246 -30.1812
362.952 406.223 -30.1712
367.348 409.83 -1.67605
340.386 430.456 -33.1001
328.527 419.561 -57.25
349.586 395.226 -57.2382
362.042 405.433 -33.0901
326.847 418.103 -59.4883
309.089 401.797 -75.634
329.251 378.502 -75.6212
347.906 393.769 -59.4765
306.888 399.89 -76.8525
285.912 380.647 -82.5363
305.007 358.587 -82.5238
327.049 376.594 -76.8398
283.52 378.578 -82.5479
262.509 359.323 -76.9134
280.528 338.51 -76.902
302.616 356.518 -82.5354
260.29 357.405 -75.7127
242.432 341.049 -59.6104
259.529 321.308 -59.6008
278.309 336.592 -75.7013
240.724 339.575 -57.3715
228.73 328.603 -33.1663
245.201 309.586 -33.1567
257.821 319.834 -57.362
227.8 327.803 -30.2261
223.576 323.968 -1.63067
239.829 305.207 -1.62074
244.272 308.786 -30.2165
241.586 303.059 1.56639
246.021 306.689 30.1414
261.399 286.729 30.1505
256.756 283.369 1.57582
246.994 307.435 33.0779
259.586 317.679 57.24
275.542 296.96 57.248
262.372 287.475 33.087
261.376 319.05 59.4767
280.154 334.328 75.5835
296.966 312.489 75.5912
277.332 298.331 59.4846
282.481 336.113 76.7846
304.572 354.113 82.4211
322.382 330.971 82.4289
299.292 314.274 76.7923
307.079 356.04 82.4096
329.129 374.036 76.7248
347.927 349.607 76.7329
324.889 332.899 82.4174
331.436 375.813 75.5061
350.101 391.064 59.3581
369.731 365.554 59.3675
350.234 351.384 75.5142
351.863 392.423 57.117
364.341 402.633 32.9203
384.526 376.407 32.93
371.493 366.913 57.1264
365.295 403.37 29.9978
369.685 406.969 1.48408
390.065 380.493 1.49325
385.48 377.144 30.0074
369.684 406.969 -1.67501
365.288 403.362 -30.1702
385.473 377.137 -30.1608
390.065 380.492 -1.66584
364.335 402.625 -33.089
351.879 392.418 -57.2371
371.51 366.909 -57.226
384.52 376.399 -33.0796
350.119 391.058 -59.4753
331.464 375.791 -75.62
350.262 351.363 -75.6082
369.75 365.549 -59.4641
329.157 374.012 -76.8384
307.115 356.005 -82.5225
324.924 332.865 -82.5114
347.955 349.585 -76.8267
304.609 354.076 -82.5342
282.521 336.069 -76.9008
299.331 314.232 -76.8907
322.417 330.937 -82.5231
280.195 334.283 -75.7002
261.415 318.999 -59.5997
277.368 298.282 -59.5911
297.005 312.446 -75.6902
259.624 317.627 -57.361
247.004 307.379 -33.1556
262.377 287.421 -33.1467
275.577 296.91 -57.3524
246.029 306.636 -30.2154
241.586 303.057 -1.61968
256.756 283.366 -1.61025
261.402 286.678 -30.2065
258.39 281.118 1.5768
263.033 284.477 30.1514
277.267 263.637 30.16
272.434 260.558 1.58563
264.048 285.165 33.0879
277.219 294.65 57.2488
291.985 273.019 57.2568
278.283 264.324 33.0965
279.085 295.914 59.4855
298.719 310.072 75.592
314.271 287.278 75.6001
293.852 274.283 59.4935
301.144 311.719 76.7932
324.234 328.417 82.4298
340.704 304.271 82.4379
316.697 288.925 76.8013
326.846 330.198 82.4183
349.885 346.906 76.7338
367.264 321.427 76.7418
343.316 306.052 82.4265
352.289 348.55 75.5153
371.785 362.719 59.3685
389.929 336.122 59.3775
369.668 323.071 75.5233
373.621 363.978 57.1275
386.655 373.471 32.9311
405.309 346.135 32.9403
391.764 337.381 57.1365
387.648 374.154 30.0085
392.233 377.503 1.49431
411.067 349.908 1.50294
406.302 346.817 30.0177
392.233 377.503 -1.66488
387.641 374.147 -30.1598
406.295 346.81 -30.1511
411.067 349.907 -1.65624
386.649 373.464 -33.0785
373.639 363.973 -57.225
391.783 337.377 -57.2146
405.303 346.128 -33.0698
371.805 362.714 -59.463
352.316 348.529 -75.6071
369.695 323.052 -75.5965
389.949 336.118 -59.4527
349.913 346.884 -76.8255
326.881 330.165 -82.5102
343.35 306.021 -82.5007
367.292 321.407 -76.8149
324.269 328.383 -82.522
301.183 311.678 -76.8896
316.733 288.886 -76.8811
340.738 304.24 -82.5124
298.757 310.029 -75.6892
279.121 295.865 -59.5901
293.884 274.237 -59.5825
314.308 287.238 -75.6806
277.253 294.6 -57.3514
264.053 285.111 -33.1457
278.283 264.274 -33.1374
292.016 272.972 -57.3438
263.036 284.426 -30.2055
258.39 281.115 -1.60925
272.434 260.556 -1.60042
277.266 263.588 -30.1972
273.94 258.213 1.58656
278.773 261.291 30.161
291.825 239.633 30.169
286.818 236.848 1.5947
279.827 261.918 33.0973
293.53 270.613 57.2577
307.065 248.137 57.2657
292.879 240.26 33.1054
295.466 271.767 59.4943
315.886 284.761 75.601
330.136 261.082 75.6094
309.002 249.29 59.5023
318.402 286.266 76.8022
342.409 301.612 82.4388
357.493 276.54 82.4471
332.652 262.587 76.8106
345.118 303.242 82.4274
369.065 318.617 76.7428
384.976 292.173 76.7505
360.203 278.17 82.4357
371.558 320.122 75.5243
391.819 333.174 59.3785
408.425 305.581 59.3868
387.469 293.678 75.532
393.722 334.328 57.1375
407.266 343.082 32.9414
424.337 314.73 32.95
410.328 306.735 57.1458
408.296 343.709 30.0187
413.062 346.799 1.50394
430.296 318.182 1.51193
425.367 315.357 30.0274
413.061 346.799 -1.65536
408.289 343.702 -30.1502
425.36 315.351 -30.1423
430.296 318.182 -1.64737
407.261 343.075 -33.0689
393.741 334.325 -57.2137
410.348 306.733 -57.2043
424.332 314.724 -33.061
391.84 333.17 -59.4517
371.586 320.104 -75.5955
387.496 293.661 -75.5861
408.447 305.578 -59.4422
369.094 318.596 -76.8139
345.152 303.211 -82.4997
360.236 278.142 -82.4917
385.005 292.154 -76.8046
342.443 301.581 -82.5115
318.438 286.227 -76.8801
332.686 262.551 -76.8732
357.527 276.511 -82.5035
315.922 284.721 -75.6797
295.498 271.72 -59.5816
309.03 249.247 -59.5751
330.17 261.045 -75.6728
293.56 270.566 -57.3429
279.827 261.868 -33.1366
292.874 240.213 -33.1291
307.092 248.093 -57.3364
278.771 261.243 -30.1963
273.94 258.211 -1.5995
286.818 236.845 -1.59136
291.819 239.589 -30.1888
288.192 234.416 1.59556
293.198 237.202 30.1699
305.032 214.792 30.1774
299.87 212.308 1.60294
294.287 237.765 33.1062
308.473 245.642 57.2665
320.741 222.388 57.2745
306.121 215.355 33.1137
310.473 246.681 59.5032
331.608 258.473 75.6103
344.518 233.982 75.6192
322.741 223.427 59.5111
334.206 259.831 76.8116
359.047 273.785 82.4481
372.706 247.865 82.4566
347.116 235.34 76.8204
361.844 275.259 82.4367
386.617 289.261 76.7514
401.018 261.939 76.7588
375.503 249.339 82.4453
389.19 290.626 75.533
410.146 302.529 59.3878
425.171 274.034 59.3953
403.591 263.304 75.5404
412.11 303.576 57.1469
426.119 311.571 32.951
441.562 282.302 32.959
427.135 275.082 57.1544
427.182 312.141 30.0283
432.111 314.966 1.51286
447.702 285.427 1.52009
442.625 282.872 30.0362
432.111 314.966 -1.64658
427.175 312.134 -30.1415
442.619 282.866 -30.1345
447.701 285.427 -1.63936
426.114 311.565 -33.0602
412.13 303.574 -57.2035
427.156 275.079 -57.195
441.557 282.296 -33.0531
410.168 302.526 -59.4413
389.217 290.609 -75.5852
403.619 263.289 -75.5772
425.194 274.031 -59.4328
386.645 289.243 -76.8037
361.876 275.231 -82.4909
375.535 249.315 -82.4847
401.047 261.923 -76.7957
359.08 273.756 -82.5028
334.24 259.796 -76.8724
347.148 235.309 -76.8673
372.738 247.84 -82.4966
331.642 258.437 -75.6721
310.502 246.639 -59.5744
322.767 223.389 -59.5691
344.55 233.949 -75.6669
308.5 245.599 -57.3356
294.282 237.719 -33.1283
306.112 215.313 -33.1216
320.765 222.349 -57.3304
293.192 237.157 -30.1879
288.191 234.414 -1.59052
299.87 212.306 -1.58314
305.022 214.751 -30.1812
301.108 209.797 1.60373
306.27 212.28 30.1782
316.857 189.184 30.185
311.558 187.012 1.6103
307.389 212.779 33.1146
322.01 219.812 57.2753
332.981 195.847 57.2834
317.977 189.683 33.1214
324.066 220.733 59.512
345.843 231.288 75.6201
357.381 206.057 75.6297
335.037 196.769 59.5201
348.514 232.497 76.8214
374.104 245.022 82.4576
386.305 218.334 82.4666
360.052 207.266 76.831
376.979 246.337 82.4462
402.494 258.937 76.7598
415.351 230.824 76.7667
389.18 219.649 82.4552
405.138 260.157 75.5413
426.718 270.888 59.3962
440.126 241.587 59.4028
417.995 232.044 75.5482
428.736 271.827 57.1553
443.163 279.048 32.9599
456.942 248.962 32.9671
442.144 242.526 57.1619
444.256 279.559 30.0371
449.333 282.115 1.52094
463.243 251.755 1.52727
458.035 249.474 30.0442
449.333 282.114 -1.63867
444.25 279.553 -30.1338
458.029 249.468 -30.1277
463.243 251.755 -1.63233
443.159 279.042 -33.0525
428.758 271.825 -57.1943
442.167 242.524 -57.1868
456.938 248.957 -33.0464
426.741 270.885 -59.4321
405.166 260.143 -75.5764
418.023 232.032 -75.5699
440.151 241.584 -59.4247
402.522 258.921 -76.795
377.011 246.313 -82.4841
389.211 219.628 -82.4801
415.379 230.81 -76.7885
374.136 244.996 -82.4961
348.546 232.465 -76.8667
360.083 207.238 -76.8639
386.336 218.312 -82.4921
345.875 231.256 -75.6664
324.092 220.695 -59.5686
335.06 196.736 -59.5648
357.412 206.029 -75.6635
322.033 219.773 -57.3297
307.38 212.737 -33.121
317.964 189.646 -33.1152
333.001 195.814 -57.326
306.259 212.241 -30.1805
301.107 209.795 -1.5824
311.558 187.01 -1.57584
316.844 189.149 -30.1747
312.657 184.429 1.61103
317.956 186.601 30.1858
327.274 162.886 30.192
321.857 161.037 1.61677
319.103 187.033 33.1223
334.106 193.197 57.2842
343.756 168.589 57.2926
328.421 163.317 33.1285
336.212 193.998 59.5211
358.557 203.286 75.6306
368.698 177.385 75.641
345.862 169.39 59.5294
361.291 204.342 76.832
387.544 215.411 82.4676
398.26 188.034 82.4767
371.433 178.441 76.8424
390.487 216.565 82.4561
416.658 227.739 76.7676
427.942 198.924 76.7734
401.203 189.188 82.4652
419.365 228.815 75.5491
441.495 238.357 59.4036
453.258 208.345 59.4086
430.648 200 75.5549
443.562 239.186 57.1627
458.36 245.623 32.9679
470.446 214.823 32.9738
455.324 209.175 57.1677
459.478 246.076 30.0449
464.687 248.357 1.528
476.888 217.28 1.53327
471.565 215.275 30.0508
464.686 248.357 -1.63175
459.473 246.07 -30.1272
471.56 215.27 -30.1221
476.887 217.279 -1.62648
458.356 245.617 -33.0459
443.585 239.185 -57.1863
455.349 209.173 -57.1797
470.443 214.817 -33.0408
441.52 238.355 -59.4241
419.393 228.802 -75.5693
430.677 199.989 -75.564
453.285 208.344 -59.4175
416.687 227.726 -76.788
390.518 216.544 -82.4797
401.234 189.171 -82.4778
427.971 198.913 -76.7827
387.575 215.389 -82.4917
361.322 204.316 -76.8636
371.462 178.419 -76.8631
398.291 188.016 -82.4899
358.587 203.259 -75.6632
336.235 193.966 -59.5645
345.883 169.364 -59.5622
368.727 177.363 -75.6627
334.127 193.165 -57.3255
319.09 186.997 -33.1147
328.405 163.288 -33.1097
343.775 168.563 -57.3232
317.942 186.567 -30.174
312.656 184.428 -1.57522
321.856 161.035 -1.56949
327.258 162.858 -30.169
322.815 158.389 1.61745
328.232 160.238 30.1927
336.264 135.972 30.1971
330.749 134.458 1.62242
329.402 160.601 33.1293
344.737 165.873 57.2934
353.048 140.687 57.2996
337.434 136.335 33.1337
346.885 166.551 59.5303
369.721 174.545 75.6419
378.447 148.042 75.6496
355.196 141.364 59.5365
372.51 175.446 76.8432
399.338 185.039 82.4775
408.547 157.049 82.4826
381.236 148.943 76.851
402.339 186.031 82.4658
429.078 195.767 76.7741
438.766 166.339 76.775
411.548 158.041 82.4709
431.838 196.697 75.5554
454.447 205.042 59.4091
464.54 174.419 59.4097
441.526 167.268 75.5563
456.555 205.762 57.1683
471.677 211.41 32.9744
482.047 179.996 32.9776
466.648 175.138 57.1689
472.818 211.803 30.0514
478.141 213.808 1.53379
488.611 182.112 1.53772
483.188 180.39 30.0546
478.141 213.807 -1.62596
472.813 211.798 -30.1216
483.185 180.384 -30.1167
488.611 182.111 -1.62203
471.674 211.404 -33.0403
456.58 205.761 -57.1792
466.676 175.137 -57.1713
482.046 179.991 -33.0354
454.475 205.041 -59.4169
431.867 196.686 -75.5635
441.557 167.259 -75.5561
464.57 174.417 -59.4091
429.107 195.756 -76.7823
402.37 186.014 -82.4774
411.58 158.028 -82.4738
438.797 166.329 -76.7749
399.369 185.021 -82.4896
372.54 175.425 -76.8628
381.266 148.927 -76.8612
408.579 157.035 -82.486
369.751 174.524 -75.6625
346.906 166.525 -59.5619
355.217 141.346 -59.5586
378.477 148.026 -75.6609
344.756 165.847 -57.3229
329.386 160.572 -33.1093
337.418 136.314 -33.1038
353.066 140.669 -57.3195
328.215 160.211 -30.1685
322.814 158.388 -1.56896
330.748 134.457 -1.56398
336.247 135.953 -30.1629
331.565 131.755 1.62281
337.081 133.268 30.1975
343.826 108.522 30.1918
338.231 107.362 1.62718
338.269 133.559 33.1337
353.883 137.911 57.2996
360.851 112.212 57.2862
345.015 108.814 33.128
356.066 138.463 59.536
379.317 145.14 75.6491
386.614 118.101 75.6299
363.034 112.763 59.5226
382.15 145.884 76.85
409.461 153.991 82.4816
417.143 125.465 82.4574
389.448 118.846 76.8308
412.51 154.821 82.4698
439.728 163.118 76.7738
447.792 133.164 76.7486
420.192 126.295 82.4456
442.532 163.902 75.5554
465.547 171.053 59.4088
473.94 139.913 59.3908
450.596 133.948 75.5301
467.689 171.663 57.1685
483.088 176.521 32.9772
491.713 144.594 32.9707
476.083 140.523 57.1505
484.249 176.855 30.0546
489.671 178.577 1.53773
498.382 146.357 1.53991
492.874 144.928 30.0481
489.671 178.577 -1.62136
484.246 176.85 -30.116
492.874 144.922 -30.1051
498.382 146.357 -1.61918
483.087 176.515 -33.0344
467.718 171.661 -57.1702
476.116 140.521 -57.148
491.715 144.588 -33.0235
465.577 171.051 -59.4074
442.564 163.893 -75.5544
450.631 133.941 -75.5245
473.975 139.91 -59.3852
439.759 163.109 -76.773
412.543 154.808 -82.4719
420.227 126.286 -82.4417
447.827 133.156 -76.7431
409.493 153.978 -82.4842
382.18 145.869 -76.8594
389.48 118.837 -76.8324
417.178 125.455 -82.454
379.346 145.125 -75.6594
356.087 138.446 -59.557
363.057 112.757 -59.5346
386.646 118.093 -75.6324
353.902 137.894 -57.3184
338.253 133.54 -33.1027
344.999 108.806 -33.0878
360.872 112.206 -57.2959
337.063 133.249 -30.1622
331.564 131.754 -1.56328
338.23 107.361 -1.55891
343.809 108.515 -30.1474
338.909 104.612 1.62569
344.503 105.772 30.1904
350.019 80.6408 30.1261
344.371 79.8556 1.62929
345.706 105.989 33.1224
361.543 109.388 57.2806
367.207 83.2655 57.1528
351.222 80.8575 33.0582
363.75 109.809 59.5133
387.331 115.147 75.6206
393.205 87.6637 75.4493
369.415 83.6872 59.3856
390.196 115.733 76.8197
417.892 122.352 82.4463
424.009 93.3822 82.2656
396.071 88.25 76.6484
420.976 123.021 82.4349
448.576 129.89 76.7379
454.946 99.5043 76.5803
427.094 94.0507 82.2541
451.413 130.53 75.5217
474.758 136.495 59.3824
481.361 104.936 59.272
457.784 100.144 75.3642
476.927 136.996 57.1454
492.557 141.067 32.9655
499.335 108.716 32.9116
483.53 105.437 57.0349
493.734 141.341 30.0462
499.242 142.77 1.53805
506.097 110.103 1.53831
500.512 108.99 29.9922
499.242 142.77 -1.61709
493.734 141.335 -30.1031
500.518 108.983 -30.0496
506.097 110.103 -1.61682
492.56 141.061 -33.0181
476.961 136.994 -57.1427
483.572 105.433 -57.0338
499.344 108.709 -32.9647
474.793 136.493 -59.3766
451.449 130.523 -75.5159
457.825 100.138 -75.3577
481.404 104.932 -59.2677
448.611 129.883 -76.732
421.011 123.012 -82.4306
427.133 94.046 -82.2468
454.987 99.4983 -76.5738
417.927 122.344 -82.4423
390.229 115.726 -76.8207
396.108 88.2498 -76.6434
424.049 93.3776 -82.2584
387.363 115.14 -75.6223
363.774 109.804 -59.5244
369.445 83.695 -59.3873
393.242 87.6639 -75.4449
361.564 109.382 -57.2893
345.691 105.983 -33.0812
351.212 80.8682 -33.0083
367.234 83.2735 -57.1522
344.486 105.766 -30.1449
338.908 104.612 -1.55642
344.37 79.8557 -1.55282
350.007 80.6514 -30.072
344.936 77.0776 1.61754
350.584 77.8628 30.1144
355.266 52.5532 29.7595
349.633 52.1363 1.61803
351.791 78.0036 33.0239
367.776 80.4116 57.1186
372.418 54.1244 56.4486
356.473 52.694 32.6691
369.99 80.7022 59.3341
393.781 84.6787 75.3978
398.347 57.0188 74.5168
374.632 54.415 58.664
396.655 85.1051 76.5884
424.593 90.2373 82.2056
429.075 61.049 81.2743
401.221 57.4452 75.7075
427.688 90.7424 82.1962
455.54 96.1959 76.5223
459.965 65.5456 75.6984
432.169 61.5541 81.2649
458.389 96.6903 75.3171
481.966 101.482 59.2249
486.361 69.6301 58.6132
462.814 66.04 74.4931
484.146 101.872 57.004
499.951 105.151 32.8807
504.348 72.4199 32.5632
488.541 70.0198 56.3923
501.135 105.359 29.9815
506.72 106.472 1.52754
511.135 73.3718 1.52884
505.532 72.6282 29.664
506.721 106.472 -1.60607
501.142 105.352 -30.0389
505.552 72.6196 -29.7245
511.135 73.3713 -1.60477
499.961 105.143 -32.9342
484.188 101.868 -57.0033
488.592 70.0129 -56.401
504.371 72.411 -32.6199
482.009 101.478 -59.221
458.431 96.6844 -75.311
462.859 66.0332 -74.4899
486.413 69.6235 -58.6187
455.582 96.1901 -76.5158
427.728 90.7379 -82.1888
432.212 61.5522 -81.2576
460.01 65.5389 -75.6947
424.633 90.2333 -82.1981
396.692 85.1055 -76.5831
401.262 57.4528 -75.6991
429.118 61.0476 -81.267
393.818 84.68 -75.3925
370.021 80.7111 -59.3349
374.673 54.4347 -58.6536
398.388 57.0274 -74.5086
367.804 80.4214 -57.117
351.781 78.0161 -32.9732
356.478 52.7251 -32.6125
372.456 54.1451 -56.4357
350.572 77.8745 -30.0596
344.935 77.0787 -1.54043
349.632 52.1374 -1.53994
355.269 52.5835 -29.699
350.245 49.4079 1.56501
355.879 49.8248 29.7065
362.167 25.6746 28.3999
356.805 25.154 1.56059
357.047 49.9362 32.5232
372.991 51.3666 56.3028
378.515 27.4373 53.8962
363.335 25.786 31.2167
375.143 51.5993 58.4561
398.857 54.2032 74.3089
403.267 30.3681 71.166
380.666 27.67 56.0496
401.659 54.5464 75.4736
429.514 58.1502 81.0404
432.644 34.1484 77.6453
406.069 30.7113 72.3308
432.539 58.5584 81.0406
460.335 62.5499 75.4741
462.218 38.2027 72.3552
435.669 34.5566 77.6455
463.125 62.9519 74.3097
486.671 66.5419 58.4297
487.525 41.8405 56.0651
465.008 38.6046 71.1907
488.809 66.8588 56.2746
504.615 69.259 32.4455
504.769 44.3428 31.1733
489.662 42.1573 53.9099
505.777 69.4268 29.6252
511.38 70.1704 1.49
511.249 45.2281 1.49453
505.93 44.5107 28.3529
511.38 70.1688 -1.56594
505.797 69.4171 -29.6857
505.943 44.4615 -28.4028
511.25 45.2265 -1.5614
504.638 69.248 -32.502
488.859 66.8499 -56.283
489.706 42.1147 -53.9123
504.784 44.2924 -31.219
486.723 66.5342 -58.4352
463.17 62.9439 -74.3064
465.049 38.5932 -71.1883
487.57 41.799 -56.0644
460.379 62.5432 -75.4706
432.581 58.5565 -81.0335
435.707 34.5579 -77.641
462.258 38.1925 -72.3525
429.556 58.1494 -81.0332
401.7 54.5546 -75.4654
406.105 30.7281 -72.3261
432.681 34.1508 -77.6407
398.898 54.2134 -74.3007
375.183 51.6208 -58.4457
380.696 27.7246 -56.0467
403.302 30.3869 -71.1615
373.029 51.3898 -56.2897
357.051 49.9698 -32.4665
363.329 25.8483 -31.1696
378.542 27.4936 -53.8907
355.881 49.8565 -29.646
350.245 49.4103 -1.48703
356.805 25.1564 -1.49145
362.16 25.7349 -28.3491
357.579 22.5286 1.47597
362.94 23.0492 28.3153
370.3 -0.0896976 26.553
365.303 -0.650406 1.46244
364.042 23.1729 30.9774
379.222 24.8242 53.657
385.554 1.76259 50.4316
371.401 0.033991 29.2151
381.252 25.067 55.6913
403.852 27.7651 70.8077
408.694 4.66643 66.6005
387.584 2.00539 52.4659
406.498 28.0993 71.9072
433.073 31.5363 77.2217
436.18 8.2152 72.6444
411.34 5.00056 67.7
435.931 31.914 77.221
462.481 35.5601 71.9307
463.853 11.8692 67.6613
439.039 8.59291 72.6437
465.119 35.9229 70.8307
487.635 39.1587 55.705
487.523 15.1173 52.412
466.491 12.232 66.5613
489.656 39.4441 53.6694
504.763 41.6295 30.9328
503.638 17.3547 29.1491
489.544 15.4027 50.3764
505.86 41.782 28.2684
511.179 42.4994 1.40999
509.687 18.1373 1.4261
504.734 17.5072 26.4847
511.179 42.4957 -1.47464
505.872 41.7307 -28.316
504.737 17.4212 -26.5055
509.687 18.1336 -1.45853
504.777 41.5752 -30.977
489.699 39.3976 -53.6703
489.568 15.3321 -50.3688
503.642 17.2657 -29.1665
487.679 39.1157 -55.7041
465.158 35.9098 -70.8279
466.511 12.2253 -66.5613
487.549 15.0502 -52.4026
462.519 35.55 -71.9283
435.968 31.9155 -77.2168
439.057 8.59368 -72.6421
463.872 11.8655 -67.6617
433.109 31.5389 -77.2173
406.532 28.1162 -71.9028
411.358 5.01075 -67.698
436.198 8.21707 -72.6427
403.886 27.7854 -70.8039
381.279 25.1231 -55.6891
387.591 2.07819 -52.4736
408.712 4.67996 -66.599
379.247 24.8836 -53.653
364.035 23.2383 -30.9319
371.378 0.125045 -29.1934
385.558 1.83871 -50.4375
362.932 23.1111 -28.2664
357.578 22.5326 -1.40874
365.302 -0.646433 -1.42228
370.276 -0.00212659 -26.5279
366.235 -2.98962 1.33936
371.231 -2.42891 26.4299
380.324 -21.5036 23.7735
375.901 -22.1252 1.32175
372.236 -2.29964 28.8714
386.389 -0.571041 50.0879
393.928 -19.6152 45.2453
381.329 -21.3744 26.215
388.246 -0.329818 51.9551
409.356 2.33122 66.0897
414.668 -16.8437 59.7832
395.785 -19.3739 47.1126
411.78 2.64734 67.0966
436.62 5.86197 72.041
439.328 -13.5771 65.1819
417.091 -16.5276 60.7901
439.239 6.20659 72.0367
464.053 9.48292 67.0543
464.131 -10.3007 60.653
441.947 -13.2325 65.1776
466.469 9.80529 66.0413
487.502 12.6906 51.8921
485.31 -7.50307 46.92
466.547 -9.97833 59.64
489.349 12.9408 50.026
503.442 14.8928 28.7987
499.671 -5.60346 26.0889
487.158 -7.2529 45.0539
504.442 15.0267 26.363
509.394 15.6568 1.30436
505.061 -4.89117 1.31848
500.671 -5.46958 23.6533
509.394 15.6544 -1.33226
504.444 14.942 -26.3793
500.671 -5.47217 -23.6529
505.061 -4.89359 -1.31813
503.445 14.806 -28.8152
489.371 12.8724 -50.0175
487.158 -7.25784 -45.054
499.672 -5.60819 -26.0888
487.524 12.6248 -51.8835
466.486 9.79992 -66.0421
466.548 -9.98075 -59.6402
485.31 -7.50543 -46.92
464.07 9.47944 -67.0548
439.255 6.20757 -72.0352
441.947 -13.233 -65.1774
464.132 -10.3012 -60.6528
436.636 5.8633 -72.0395
411.796 2.65699 -67.0948
417.092 -16.5276 -60.7899
439.329 -13.5773 -65.1817
409.371 2.34271 -66.0877
388.25 -0.259067 -51.9623
395.785 -19.372 -47.1122
414.667 -16.8419 -59.7828
386.392 -0.497677 -50.0949
372.213 -2.21134 -28.8507
381.328 -21.3697 -26.2144
393.927 -19.6106 -45.2448
371.208 -2.34279 -26.4094
366.235 -2.98709 -1.30376
375.901 -22.1226 -1.32136
380.323 -21.5011 -23.7731
-235.17 500.636 25.5351
-235.017 495.535 -0.188492
-235.214 500.608 -25.9176
-235.646 515.117 -47.7604
-236.133 536.889 -62.3763
-236.53 562.606 -67.5111
-236.767 588.324 -62.3737
-236.865 610.106 -47.769
-236.9 624.649 -25.9455
-236.927 629.764 -0.222562
-236.94 624.675 25.5055
-236.909 610.145 47.3382
-236.792 588.369 61.9523
-236.535 562.653 67.1012
-236.114 536.934 61.9773
-235.602 515.158 47.3693
382.635 -22.3855 1.31945e-05
387.058 -21.764 22.4517
399.656 -20.0048 41.4821
418.539 -17.4746 54.1528
440.776 -14.5241 58.5446
462.96 -11.5923 54.02
481.723 -9.11705 41.3
494.237 -7.4676 22.335
498.627 -6.88918 0.000239176
494.237 -7.46776 -22.3346
481.723 -9.11742 -41.2997
462.96 -11.5927 -54.0199
440.776 -14.5245 -58.5445
418.539 -17.4748 -54.1527
399.656 -20.0049 -41.4821
387.058 -21.764 -22.4517
</DataArray>
</Points>
<Cells>
<DataArray type="Int32" Name="connectivity" format="ascii">
0 1 2 3 
4 5 6 7 
8 9 10 11 
12 13 14 15 
16 17 18 19 
20 21 22 23 
24 25 26 27 
28 29 30 31 
32 33 34 35 
36 37 38 39 
40 41 42 43 
44 45 46 47 
48 49 50 51 
52 53 54 55 
56 57 58 59 
60 61 62 63 
64 65 66 67 
68 69 70 71 
72 73 74 75 
76 77 78 79 
80 81 82 83 
84 85 86 87 
88 89 90 91 
92 93 94 95 
96 97 98 99 
100 101 102 103 
104 105 106 107 
108 109 110 111 
112 113 114 115 
116 117 118 119 
120 121 122 123 
124 125 126 127 
128 129 130 131 
132 133 134 135 
136 137 138 139 
140 141 142 143 
144 145 146 147 
148 149 150 151 
152 153 154 155 
156 157 158 159 
160 161 162 163 
164 165 166 167 
168 169 170 171 
172 173 174 175 
176 177 178 179 
180 181 182 183 
184 185 186 187 
188 189 190 191 
192 193 194 195 
196 197 198 199 
200 201 202 203 
204 205 206 207 
208 209 210 211 
212 213 214 215 
216 217 218 219 
220 221 222 223 
224 225 226 227 
228 229 230 231 
232 233 234 235 
236 237 238 239 
240 241 242 243 
244 245 246 247 
248 249 250 251 
252 253 254 255 
256 257 258 259 
260 261 262 263 
264 265 266 267 
268 269 270 271 
272 273 274 275 
276 277 278 279 
280 281 282 283 
284 285 286 287 
288 289 290 291 
292 293 294 295 
296 297 298 299 
300 301 302 303 
304 305 306 307 
308 309 310 311 
312 313 314 315 
316 317 318 319 
320 321 322 323 
324 325 326 327 
328 329 330 331 
332 333 334 335 
336 337 338 339 
340 341 342 343 
344 345 346 347 
348 349 350 351 
352 353 354 355 
356 357 358 359 
360 361 362 363 
364 365 366 367 
368 369 370 371 
372 373 374 375 
376 377 378 379 
380 381 382 383 
384 385 386 387 
388 389 390 391 
392 393 394 395 
396 397 398 399 
400 401 402 403 
404 405 406 407 
408 409 410 411 
412 413 414 415 
416 417 418 419 
420 421 422 423 
424 425 426 427 
428 429 430 431 
432 433 434 435 
436 437 438 439 
440 441 442 443 
444 445 446 447 
448 449 450 451 
452 453 454 455 
456 457 458 459 
460 461 462 463 
464 465 466 467 
468 469 470 471 
472 473 474 475 
476 477 478 479 
480 481 482 483 
484 485 486 487 
488 489 490 491 
492 493 494 495 
496 497 498 499 
500 501 502 503 
504 505 506 507 
508 509 510 511 
512 513 514 515 
516 517 518 519 
520 521 522 523 
524 525 526 527 
528 529 530 531 
532 533 534 535 
536 537 538 539 
540 541 542 543 
544 545 546 547 
548 549 550 551 
552 553 554 555 
556 557 558 559 
560 561 562 563 
564 565 566 567 
568 569 570 571 
572 573 574 575 
576 577 578 579 
580 581 582 583 
584 585 586 587 
588 589 590 591 
592 593 594 595 
596 597 598 599 
600 601 602 603 
604 605 606 607 
608 609 610 611 
612 613 614 615 
616 617 618 619 
620 621 622 623 
624 625 626 627 
628 629 630 631 
632 633 634 635 
636 637 638 639 
640 641 642 643 
644 645 646 647 
648 649 650 651 
652 653 654 655 
656 657 658 659 
660 661 662 663 
664 665 666 667 
668 669 670 671 
672 673 674 675 
676 677 678 679 
680 681 682 683 
684 685 686 687 
688 689 690 691 
692 693 694 695 
696 697 698 699 
700 701 702 703 
704 705 706 707 
708 709 710 711 
712 713 714 715 
716 717 718 719 
720 721 722 723 
724 725 726 727 
728 729 730 731 
732 733 734 735 
736 737 738 739 
740 741 742 743 
744 745 746 747 
748 749 750 751 
752 753 754 755 
756 757 758 759 
760 761 762 763 
764 765 766 767 
768 769 770 771 
772 773 774 775 
776 777 778 779 
780 781 782 783 
784 785 786 787 
788 789 790 791 
792 793 794 795 
796 797 798 799 
800 801 802 803 
804 805 806 807 
808 809 810 811 
812 813 814 815 
816 817 818 819 
820 821 822 823 
824 825 826 827 
828 829 830 831 
832 833 834 835 
836 837 838 839 
840 841 842 843 
844 845 846 847 
848 849 850 851 
852 853 854 855 
856 857 858 859 
860 861 862 863 
864 865 866 867 
868 869 870 871 
872 873 874 875 
876 877 878 879 
880 881 882 883 
884 885 886 887 
888 889 890 891 
892 893 894 895 
896 897 898 899 
900 901 902 903 
904 905 906 907 
908 909 910 911 
912 913 914 915 
916 917 918 919 
920 921 922 923 
924 925 926 927 
928 929 930 931 
932 933 934 935 
936 937 938 939 
940 941 942 943 
944 945 946 947 
948 949 950 951 
952 953 954 955 
956 957 958 959 
960 961 962 963 
964 965 966 967 
968 969 970 971 
972 973 974 975 
976 977 978 979 
980 981 982 983 
984 985 986 987 
988 989 990 991 
992 993 994 995 
996 997 998 999 
1000 1001 1002 1003 
1004 1005 1006 1007 
1008 1009 1010 1011 
1012 1013 1014 1015 
1016 1017 1018 1019 
1020 1021 1022 1023 
1024 1025 1026 1027 
1028 1029 1030 1031 
1032 1033 1034 1035 
1036 1037 1038 1039 
1040 1041 1042 1043 
1044 1045 1046 1047 
1048 1049 1050 1051 
1052 1053 1054 1055 
1056 1057 1058 1059 
1060 1061 1062 1063 
1064 1065 1066 1067 
1068 1069 1070 1071 
1072 1073 1074 1075 
1076 1077 1078 1079 
1080 1081 1082 1083 
1084 1085 1086 1087 
1088 1089 1090 1091 
1092 1093 1094 1095 
1096 1097 1098 1099 
1100 1101 1102 1103 
1104 1105 1106 1107 
1108 1109 1110 1111 
1112 1113 1114 1115 
1116 1117 1118 1119 
1120 1121 1122 1123 
1124 1125 1126 1127 
1128 1129 1130 1131 
1132 1133 1134 1135 
1136 1137 1138 1139 
1140 1141 1142 1143 
1144 1145 1146 1147 
1148 1149 1150 1151 
1152 1153 1154 1155 
1156 1157 1158 1159 
1160 1161 1162 1163 
1164 1165 1166 1167 
1168 1169 1170 1171 
1172 1173 1174 1175 
1176 1177 1178 1179 
1180 1181 1182 1183 
1184 1185 1186 1187 
1188 1189 1190 1191 
1192 1193 1194 1195 
1196 1197 1198 1199 
1200 1201 1202 1203 
1204 1205 1206 1207 
1208 1209 1210 1211 
1212 1213 1214 1215 
1216 1217 1218 1219 
1220 1221 1222 1223 
1224 1225 1226 1227 
1228 1229 1230 1231 
1232 1233 1234 1235 
1236 1237 1238 1239 
1240 1241 1242 1243 
1244 1245 1246 1247 
1248 1249 1250 1251 
1252 1253 1254 1255 
1256 1257 1258 1259 
1260 1261 1262 1263 
1264 1265 1266 1267 
1268 1269 1270 1271 
1272 1273 1274 1275 
1276 1277 1278 1279 
1280 1281 1282 1283 
1284 1285 1286 1287 
1288 1289 1290 1291 
1292 1293 1294 1295 
1296 1297 1298 1299 
1300 1301 1302 1303 
1304 1305 1306 1307 
1308 1309 1310 1311 
1312 1313 1314 1315 
1316 1317 1318 1319 
1320 1321 1322 1323 
1324 1325 1326 1327 
1328 1329 1330 1331 
1332 1333 1334 1335 
1336 1337 1338 1339 
1340 1341 1342 1343 
1344 1345 1346 1347 
1348 1349 1350 1351 
1352 1353 1354 1355 
1356 1357 1358 1359 
1360 1361 1362 1363 
1364 1365 1366 1367 
1368 1369 1370 1371 
1372 1373 1374 1375 
1376 1377 1378 1379 
1380 1381 1382 1383 
1384 1385 1386 1387 
1388 1389 1390 1391 
1392 1393 1394 1395 
1396 1397 1398 1399 
1400 1401 1402 1403 
1404 1405 1406 1407 
1408 1409 1410 1411 
1412 1413 1414 1415 
1416 1417 1418 1419 
1420 1421 1422 1423 
1424 1425 1426 1427 
1428 1429 1430 1431 
1432 1433 1434 1435 
1436 1437 1438 1439 
1440 1441 1442 1443 
1444 1445 1446 1447 
1448 1449 1450 1451 
1452 1453 1454 1455 
1456 1457 1458 1459 
1460 1461 1462 1463 
1464 1465 1466 1467 
1468 1469 1470 1471 
1472 1473 1474 1475 
1476 1477 1478 1479 
1480 1481 1482 1483 
1484 1485 1486 1487 
1488 1489 1490 1491 
1492 1493 1494 1495 
1496 1497 1498 1499 
1500 1501 1502 1503 
1504 1505 1506 1507 
1508 1509 1510 1511 
1512 1513 1514 1515 
1516 1517 1518 1519 
1520 1521 1522 1523 
1524 1525 1526 1527 
1528 1529 1530 1531 
1532 1533 1534 1535 
1536 1537 1538 1539 
1540 1541 1542 1543 
1544 1545 1546 1547 
1548 1549 1550 1551 
1552 1553 1554 1555 
1556 1557 1558 1559 
1560 1561 1562 1563 
1564 1565 1566 1567 
1568 1569 1570 1571 
1572 1573 1574 1575 
1576 1577 1578 1579 
1580 1581 1582 1583 
1584 1585 1586 1587 
1588 1589 1590 1591 
1592 1593 1594 1595 
1596 1597 1598 1599 
1600 1601 1602 1603 
1604 1605 1606 1607 
1608 1609 1610 1611 
1612 1613 1614 1615 
1616 1617 1618 1619 
1620 1621 1622 1623 
1624 1625 1626 1627 
1628 1629 1630 1631 
1632 1633 1634 1635 
1636 1637 1638 1639 
1640 1641 1642 1643 
1644 1645 1646 1647 
1648 1649 1650 1651 
1652 1653 1654 1655 
1656 1657 1658 1659 
1660 1661 1662 1663 
1664 1665 1666 1667 
1668 1669 1670 1671 
1672 1673 1674 1675 
1676 1677 1678 1679 
1680 1681 1682 1683 
1684 1685 1686 1687 
1688 1689 1690 1691 
1692 1693 1694 1695 
1696 1697 1698 1699 
1700 1701 1702 1703 
1704 1705 1706 1707 
1708 1709 1710 1711 
1712 1713 1714 1715 
1716 1717 1718 1719 
1720 1721 1722 1723 
1724 1725 1726 1727 
1728 1729 1730 1731 
1732 1733 1734 1735 
1736 1737 1738 1739 
1740 1741 1742 1743 
1744 1745 1746 1747 
1748 1749 1750 1751 
1752 1753 1754 1755 
1756 1757 1758 1759 
1760 1761 1762 1763 
1764 1765 1766 1767 
1768 1769 1770 1771 
1772 1773 1774 1775 
1776 1777 1778 1779 
1780 1781 1782 1783 
1784 1785 1786 1787 
1788 1789 1790 1791 
1792 1793 1794 1795 
1796 1797 1798 1799 
1800 1801 1802 1803 
1804 1805 1806 1807 
1808 1809 1810 1811 
1812 1813 1814 1815 
1816 1817 1818 1819 
1820 1821 1822 1823 
1824 1825 1826 1827 
1828 1829 1830 1831 
1832 1833 1834 1835 
1836 1837 1838 1839 
1840 1841 1842 1843 
1844 1845 1846 1847 
1848 1849 1850 1851 
1852 1853 1854 1855 
1856 1857 1858 1859 
1860 1861 1862 1863 
1864 1865 1866 1867 
1868 1869 1870 1871 
1872 1873 1874 1875 
1876 1877 1878 1879 
1880 1881 1882 1883 
1884 1885 1886 1887 
1888 1889 1890 1891 
1892 1893 1894 1895 
1896 1897 1898 1899 
1900 1901 1902 1903 
1904 1905 1906 1907 
1908 1909 1910 1911 
1912 1913 1914 1915 
1916 1917 1918 1919 
1920 1921 1922 1923 
1924 1925 1926 1927 
1928 1929 1930 1931 
1932 1933 1934 1935 
1936 1937 1938 1939 
1940 1941 1942 1943 
1944 1945 1946 1947 
1948 1949 1950 1951 
1952 1953 1954 1955 
1956 1957 1958 1959 
1960 1961 1962 1963 
1964 1965 1966 1967 
1968 1969 1970 1971 
1972 1973 1974 1975 
1976 1977 1978 1979 
1980 1981 1982 1983 
1984 1985 1986 1987 
1988 1989 1990 1991 
1992 1993 1994 1995 
1996 1997 1998 1999 
2000 2001 2002 2003 
2004 2005 2006 2007 
2008 2009 2010 2011 
2012 2013 2014 2015 
2016 2017 2018 2019 
2020 2021 2022 2023 
2024 2025 2026 2027 
2028 2029 2030 2031 
2032 2033 2034 2035 
2036 2037 2038 2039 
2040 2041 2042 2043 
2044 2045 2046 2047 
2048 2049 2050 2051 2052 2053 2054 2055 2056 2057 2058 2059 2060 2061 2062 2063 
2064 2065 2066 2067 2068 2069 2070 2071 2072 2073 2074 2075 2076 2077 2078 2079 
</DataArray>
<DataArray type="Int32" Name="offsets" format="ascii">
4 8 12 16 20 24 28 32 36 40 44 48 52 56 60 64 68 72 76 80 84 88 92 96 100 104 108 112 116 120 124 128 132 136 140 144 148 152 156 160 164 168 172 176 180 184 188 192 196 200 204 208 212 216 220 224 228 232 236 240 244 248 252 256 260 264 268 272 276 280 284 288 292 296 300 304 308 312 316 320 324 328 332 336 340 344 348 352 356 360 364 368 372 376 380 384 388 392 396 400 404 408 412 416 420 424 428 432 436 440 444 448 452 456 460 464 468 472 476 480 484 488 492 496 500 504 508 512 516 520 524 528 532 536 540 544 548 552 556 560 564 568 572 576 580 584 588 592 596 600 604 608 612 616 620 624 628 632 636 640 644 648 652 656 660 664 668 672 676 680 684 688 692 696 700 704 708 712 716 720 724 728 732 736 740 744 748 752 756 760 764 768 772 776 780 784 788 792 796 800 804 808 812 816 820 824 828 832 836 840 844 848 852 856 860 864 868 872 876 880 884 888 892 896 900 904 908 912 916 920 924 928 932 936 940 944 948 952 956 960 964 968 972 976 980 984 988 992 996 1000 1004 1008 1012 1016 1020 1024 1028 1032 1036 1040 1044 1048 1052 1056 1060 1064 1068 1072 1076 1080 1084 1088 1092 1096 1100 1104 1108 1112 1116 1120 1124 1128 1132 1136 1140 1144 1148 1152 1156 1160 1164 1168 1172 1176 1180 1184 1188 1192 1196 1200 1204 1208 1212 1216 1220 1224 1228 1232 1236 1240 1244 1248 1252 1256 1260 1264 1268 1272 1276 1280 1284 1288 1292 1296 1300 1304 1308 1312 1316 1320 1324 1328 1332 1336 1340 1344 1348 1352 1356 1360 1364 1368 1372 1376 1380 1384 1388 1392 1396 1400 1404 1408 1412 1416 1420 1424 1428 1432 1436 1440 1444 1448 1452 1456 1460 1464 1468 1472 1476 1480 1484 1488 1492 1496 1500 1504 1508 1512 1516 1520 1524 1528 1532 1536 1540 1544 1548 1552 1556 1560 1564 1568 1572 1576 1580 1584 1588 1592 1596 1600 1604 1608 1612 1616 1620 1624 1628 1632 1636 1640 1644 1648 1652 1656 1660 1664 1668 1672 1676 1680 1684 1688 1692 1696 1700 1704 1708 1712 1716 1720 1724 1728 1732 1736 1740 1744 1748 1752 1756 1760 1764 1768 1772 1776 1780 1784 1788 1792 1796 1800 1804 1808 1812 1816 1820 1824 1828 1832 1836 1840 1844 1848 1852 1856 1860 1864 1868 1872 1876 1880 1884 1888 1892 1896 1900 1904 1908 1912 1916 1920 1924 1928 1932 1936 1940 1944 1948 1952 1956 1960 1964 1968 1972 1976 1980 1984 1988 1992 1996 2000 2004 2008 2012 2016 2020 2024 2028 2032 2036 2040 2044 2048 2064 2080 
</DataArray>
<DataArray type="UInt8" Name="types" format="ascii">
7 7 7 7 7 7 7 7 7 7 7 7 7 7 7 7 7 7 7 7 7 7 7 7 7 7 7 7 7 7 7 7 7 7 7 7 7 7 7 7 7 7 7 7 7 7 7 7 7 7 7 7 7 7 7 7 7 7 7 7 7 7 7 7 7 7 7 7 7 7 7 7 7 7 7 7 7 7 7 7 7 7 7 7 7 7 7 7 7 7 7 7 7 7 7 7 7 7 7 7 7 7 7 7 7 7 7 7 7 7 7 7 7 7 7 7 7 7 7 7 7 7 7 7 7 7 7 7 7 7 7 7 7 7 7 7 7 7 7 7 7 7 7 7 7 7 7 7 7 7 7 7 7 7 7 7 7 7 7 7 7 7 7 7 7 7 7 7 7 7 7 7 7 7 7 7 7 7 7 7 7 7 7 7 7 7 7 7 7 7 7 7 7 7 7 7 7 7 7 7 7 7 7 7 7 7 7 7 7 7 7 7 7 7 7 7 7 7 7 7 7 7 7 7 7 7 7 7 7 7 7 7 7 7 7 7 7 7 7 7 7 7 7 7 7 7 7 7 7 7 7 7 7 7 7 7 7 7 7 7 7 7 7 7 7 7 7 7 7 7 7 7 7 7 7 7 7 7 7 7 7 7 7 7 7 7 7 7 7 7 7 7 7 7 7 7 7 7 7 7 7 7 7 7 7 7 7 7 7 7 7 7 7 7 7 7 7 7 7 7 7 7 7 7 7 7 7 7 7 7 7 7 7 7 7 7 7 7 7 7 7 7 7 7 7 7 7 7 7 7 7 7 7 7 7 7 7 7 7 7 7 7 7 7 7 7 7 7 7 7 7 7 7 7 7 7 7 7 7 7 7 7 7 7 7 7 7 7 7 7 7 7 7 7 7 7 7 7 7 7 7 7 7 7 7 7 7 7 7 7 7 7 7 7 7 7 7 7 7 7 7 7 7 7 7 7 7 7 7 7 7 7 7 7 7 7 7 7 7 7 7 7 7 7 7 7 7 7 7 7 7 7 7 7 7 7 7 7 7 7 7 7 7 7 7 7 7 7 7 7 7 7 7 7 7 7 7 7 7 7 7 7 7 7 7 7 7 7 7 7 7 7 7 7 7 7 7 7 7 7 7 7 7 7 7 7 7 7 7 7 7 7 7 7 
</DataArray>
</Cells>
<CellData Scalars="cell variable 4" Vectors="cell vector">
<DataArray type="Float64" NumberOfComponents="3" Name="cell vector" format="ascii">
0.978314 -0.203449 0.0388647
0.978084 -0.177076 0.10953
0.977438 -0.109349 0.180714
0.975953 -0.0153842 0.217436
0.973701 0.0897976 0.209389
0.973134 0.141412 0.181692
0.967306 0.139577 0.211747
0.963038 0.20577 0.173828
0.957014 0.196124 -0.21368
0.964663 0.124974 -0.231963
0.973013 0.148852 -0.176318
0.971963 0.118262 -0.203228
0.974659 0.0138149 -0.223267
0.977284 -0.103644 -0.184862
0.977762 -0.187928 -0.0930847
0.977661 -0.210155 -0.0037042
-0.00200392 0.195368 0.980728
-0.00572474 0.555498 0.831498
-0.00900985 0.831197 0.555904
-0.0116697 0.980634 0.195501
-0.0139953 0.980654 -0.195249
-0.0179964 0.830657 -0.556494
0.0234521 -0.553817 0.832308
0.0134184 -0.193792 0.980951
-0.0135015 0.194689 0.980772
-0.023312 0.554479 0.831871
-0.0178655 0.830947 0.556064
-0.0139784 0.98071 0.194967
-0.0117348 0.98058 -0.195767
-0.00894214 0.830916 -0.556326
0.00563334 -0.554826 0.831947
0.00201236 -0.194477 0.980905
-0.00572148 0.195933 0.980601
-0.01421 0.556561 0.830685
-0.0175216 0.831885 0.554672
-0.015228 0.980769 0.194575
-0.0101614 0.980691 -0.195297
-0.0072072 0.8313 -0.555777
0.0191589 -0.555075 0.83158
0.0170974 -0.19469 0.980716
-0.01627 0.195564 0.980556
-0.0187138 0.555669 0.831193
-0.00762053 0.831582 0.55535
-0.0109361 0.980763 0.194893
-0.0160305 0.980677 -0.194974
-0.0179069 0.831598 -0.555089
0.0137744 -0.555968 0.83109
0.00475306 -0.19509 0.980774
-0.00237022 0.19588 0.980625
-0.00319257 0.556588 0.830783
0.00099412 0.832169 0.554521
0.00842709 0.980988 0.193886
0.0168104 0.980406 -0.196268
0.0217562 0.830675 -0.556332
-0.00433641 -0.555237 0.831681
0.0191497 -0.195388 0.980539
-0.0176172 0.196124 0.980421
0.00467204 0.555784 0.831314
0.0210799 0.831003 0.555868
0.0157814 0.980522 0.195774
0.00745347 0.9809 -0.19437
0.000516556 0.831879 -0.554957
0.00268121 -0.556052 0.831143
0.00119608 -0.195082 0.980786
0.00911669 0.195473 0.980667
0.0284767 0.55562 0.830948
0.0457289 0.830906 0.55453
0.0581958 0.979365 0.193541
0.0630978 0.978397 -0.19687
0.05818 0.828535 -0.556907
-0.0394648 -0.55364 0.83182
-0.00377225 -0.195459 0.980705
0.00525106 0.19603 0.980584
0.0394852 0.554168 0.831468
0.057448 0.828907 0.556428
0.0622429 0.978559 0.196338
0.0573966 0.97931 -0.194057
0.0451979 0.830644 -0.554966
-0.0288238 -0.555109 0.831278
-0.0104841 -0.194668 0.980813
0.0202635 0.19468 0.980657
0.0595601 0.553254 0.830881
0.0907344 0.827236 0.55448
0.109589 0.974946 0.193573
0.113105 0.97389 -0.196841
0.100578 0.824365 -0.557051
-0.072122 -0.5502 0.831912
-0.0217866 -0.194154 0.980729
0.0230931 0.194637 0.980604
0.0720298 0.550724 0.831573
0.0998134 0.824775 0.556583
0.112365 0.974082 0.196313
0.108939 0.974919 -0.194078
0.0902433 0.82701 -0.554898
-0.0598698 -0.552746 0.831197
-0.0216516 -0.193826 0.980797
0.0309337 0.193397 0.980633
0.0898651 0.549342 0.830751
0.135729 0.82111 0.554396
0.162139 0.967577 0.193662
0.16533 0.966424 -0.196701
0.145146 0.817689 -0.557062
-0.103309 -0.545079 0.831995
-0.0360672 -0.192047 0.980723
0.0372592 0.192471 0.980595
0.103185 0.545606 0.831665
0.144347 0.818136 0.556612
0.164642 0.966643 0.196199
0.161572 0.967577 -0.194135
0.135267 0.820927 -0.55478
-0.0901834 -0.54883 0.831055
-0.0323494 -0.192451 0.980773
0.0415048 0.191526 0.98061
0.120069 0.543715 0.830637
0.18095 0.812391 0.554327
0.215385 0.957117 0.193745
0.218502 0.955834 -0.196567
0.190228 0.808405 -0.55704
-0.133527 -0.538352 0.832074
-0.0480677 -0.189398 0.980723
0.0491992 0.189767 0.980596
0.133414 0.53888 0.831751
0.189405 0.808893 0.556613
0.217823 0.956085 0.196097
0.214843 0.957151 -0.194177
0.180496 0.812259 -0.554668
-0.120413 -0.543192 0.830929
-0.0429651 -0.190459 0.980755
0.052098 0.189021 0.98059
0.150348 0.536278 0.830543
0.226317 0.800979 0.554268
0.268861 0.943478 0.193814
0.271843 0.942077 -0.19645
0.235154 0.79652 -0.557009
-0.163003 -0.530062 0.832145
-0.0588537 -0.186281 0.980732
0.0599483 0.186597 0.980606
0.162912 0.530588 0.831827
0.234327 0.797045 0.556605
0.271167 0.942362 0.196016
0.268319 0.943552 -0.194203
0.225861 0.800904 -0.554562
-0.150717 -0.535743 0.830821
-0.0535937 -0.187815 0.980741
0.0626441 0.185877 0.980574
0.180439 0.527032 0.830469
0.271454 0.786862 0.554221
0.322118 0.926636 0.193872
0.324988 0.92511 -0.196351
0.279806 0.781975 -0.556977
-0.192111 -0.520123 0.832205
-0.0690488 -0.182681 0.980745
0.0701307 0.182938 0.98062
0.192047 0.520643 0.831895
0.278977 0.782541 0.556598
0.324302 0.925435 0.195955
0.32157 0.926754 -0.194214
0.271006 0.786844 -0.554466
-0.180833 -0.526482 0.830733
-0.0641509 -0.184528 0.980731
0.0731516 0.182071 0.980561
0.210334 0.515908 0.830421
0.316214 0.769981 0.554201
0.374838 0.906581 0.193924
0.377482 0.904979 -0.196267
0.323769 0.764838 -0.556953
-0.220662 -0.508579 0.832259
-0.0788341 -0.178604 0.980758
0.0799096 0.178795 0.980636
0.22062 0.509092 0.831957
0.322947 0.765443 0.556599
0.376789 0.905345 0.195909
0.374284 0.906747 -0.194219
0.315777 0.770021 -0.554394
-0.210745 -0.515343 0.830667
-0.0746415 -0.180578 0.980724
0.0836119 0.177574 0.980549
0.23999 0.502862 0.830382
0.3604 0.750324 0.554189
0.426685 0.883354 0.193972
0.428903 0.881788 -0.196192
0.366664 0.745243 -0.556929
-0.248387 -0.495555 0.832304
-0.0882888 -0.174059 0.980769
0.0893515 0.174185 0.980651
0.248349 0.496065 0.832011
0.365858 0.745885 0.5566
0.428216 0.882194 0.195872
0.426139 0.883564 -0.194218
0.359988 0.750418 -0.55433
-0.240408 -0.502285 0.830611
-0.0850468 -0.175949 0.980719
0.0938789 0.172428 0.980538
0.269013 0.488019 0.830343
0.403584 0.72802 0.554173
0.477322 0.857043 0.194014
0.479104 0.855568 -0.196121
0.40852 0.723171 -0.556897
-0.275433 -0.480996 0.832334
-0.097509 -0.169019 0.980778
0.0985429 0.169085 0.980663
0.27539 0.48151 0.832051
0.40774 0.723844 0.556594
0.478434 0.856007 0.195839
0.476796 0.857291 -0.194211
0.403211 0.72816 -0.55426
-0.269431 -0.487431 0.830553
-0.0952197 -0.17069 0.980713
0.103881 0.166653 0.980528
0.297224 0.471433 0.830307
0.445523 0.703149 0.554158
0.526481 0.827745 0.194052
0.527842 0.826405 -0.196056
0.449175 0.698675 -0.556862
-0.301748 -0.46491 0.832351
-0.106483 -0.163483 0.980783
0.107469 0.163501 0.980672
0.301697 0.465429 0.832079
0.448431 0.699373 0.556585
0.527201 0.826871 0.195814
0.525988 0.828024 -0.194199
0.445203 0.703326 -0.554191
-0.297637 -0.470837 0.830496
-0.105094 -0.164825 0.980708
0.113561 0.160268 0.980519
0.324476 0.453164 0.830276
0.48601 0.675808 0.554147
0.573924 0.795577 0.194085
0.574886 0.794412 -0.196001
0.488441 0.67184 -0.556827
-0.327212 -0.447342 0.832357
-0.115191 -0.157454 0.980785
0.116109 0.157444 0.980678
0.327159 0.447866 0.832096
0.487741 0.672556 0.556576
0.574282 0.794899 0.195798
0.573474 0.795877 -0.194182
0.48575 0.676011 -0.554126
-0.324878 -0.452564 0.830446
-0.114619 -0.158374 0.980704
0.122857 0.153306 0.980512
0.350618 0.433298 0.830253
0.52484 0.64612 0.554142
0.619429 0.760676 0.194113
0.62002 0.759721 -0.195955
0.526142 0.642772 -0.556794
-0.351704 -0.428359 0.832354
-0.123601 -0.150941 0.980785
0.12444 0.150921 0.980682
0.351654 0.428885 0.832104
0.525492 0.643497 0.556569
0.619458 0.760222 0.195791
0.619025 0.760992 -0.194162
0.524643 0.646341 -0.554069
-0.351006 -0.432696 0.830403
-0.123745 -0.151371 0.980701
0.131718 0.145799 0.980506
0.375524 0.411929 0.830239
0.561832 0.614222 0.554144
0.662791 0.7232 0.194139
0.663043 0.722489 -0.19592
0.562098 0.611605 -0.556764
-0.375097 -0.408053 0.832343
-0.131667 -0.143976 0.980783
0.132434 0.143947 0.980684
0.375047 0.408585 0.832104
0.561501 0.612332 0.556566
0.662523 0.722999 0.195795
0.662433 0.723528 -0.194139
0.5617 0.614454 -0.554021
-0.375894 -0.411326 0.83037
-0.13243 -0.143847 0.980699
0.140117 0.137772 0.980503
0.399097 0.389146 0.830233
0.596836 0.58026 0.554153
0.703824 0.683326 0.19416
0.703759 0.682898 -0.195895
0.596134 0.578505 -0.556737
-0.397276 -0.386534 0.832324
-0.139326 -0.136611 0.980778
0.140032 0.136573 0.980683
0.397213 0.387087 0.832097
0.595593 0.579227 0.556566
0.703287 0.683408 0.195807
0.703517 0.683655 -0.194114
0.596768 0.580492 -0.553983
-0.399446 -0.388546 0.830346
-0.140642 -0.135834 0.980698
0.14801 0.129272 0.980501
0.421227 0.365074 0.830234
0.629703 0.544402 0.554167
0.742365 0.641241 0.194176
0.742012 0.641131 -0.195879
0.628125 0.543626 -0.556713
-0.418158 -0.363906 0.832296
-0.146545 -0.128892 0.980771
0.147188 0.128855 0.980679
0.418081 0.364486 0.832081
0.627642 0.544333 0.556567
0.741596 0.641628 0.195828
0.742114 0.641558 -0.194087
0.6297 0.544624 -0.553952
-0.421553 -0.364482 0.830329
-0.14834 -0.127384 0.980698
0.155355 0.120353 0.9805
0.441817 0.339852 0.83024
0.660301 0.506836 0.554185
0.778271 0.597147 0.194188
0.777675 0.597374 -0.195873
0.657974 0.507115 -0.556691
-0.437676 -0.340273 0.832259
-0.153308 -0.120848 0.980761
0.153885 0.120828 0.980673
0.437591 0.34088 0.832055
0.657551 0.507797 0.556569
0.777317 0.597845 0.195857
0.778078 0.597442 -0.194057
0.660359 0.507041 -0.553928
-0.442118 -0.33927 0.830318
-0.155491 -0.118544 0.980699
0.162121 0.111066 0.9805
0.46079 0.313611 0.830253
0.688525 0.467749 0.554206
0.811423 0.551255 0.194193
0.810628 0.551828 -0.195878
0.685587 0.469136 -0.55667
-0.455772 -0.315747 0.832211
-0.159599 -0.112515 0.980749
0.160113 0.112523 0.980664
0.455687 0.316378 0.832018
0.685224 0.469783 0.556571
0.810327 0.552264 0.195894
0.811283 0.55152 -0.194024
0.688638 0.467933 -0.553911
-0.461067 -0.313041 0.830315
-0.162072 -0.10936 0.9807
0.168283 0.101463 0.980503
0.478082 0.286501 0.830274
0.714282 0.427351 0.554231
0.841712 0.503796 0.194192
0.840769 0.50471 -0.195895
0.710889 0.429858 -0.55665
-0.47241 -0.290431 0.832153
-0.165417 -0.103911 0.980734
0.165872 0.103956 0.980653
0.472331 0.29108 0.831971
0.710584 0.430459 0.556575
0.840524 0.5051 0.19594
0.841623 0.504023 -0.193988
0.714444 0.427508 -0.553901
-0.478335 -0.285942 0.830321
-0.16806 -0.099886 0.980703
0.173819 0.0916011 0.980508
0.493637 0.258679 0.830306
0.737496 0.385867 0.554263
0.869049 0.455026 0.19418
0.868012 0.456254 -0.195926
0.733819 0.389447 -0.556634
-0.487571 -0.264406 0.832084
-0.170781 -0.0950064 0.980718
0.171183 0.0950971 0.980639
0.487507 0.265064 0.831912
0.73357 0.389993 0.556579
0.86782 0.456588 0.195998
0.869006 0.455206 -0.193948
0.7377 0.385992 -0.553903
-0.49387 -0.258127 0.830339
-0.173439 -0.0901767 0.980707
0.178711 0.0815364 0.980517
0.507413 0.230304 0.830357
0.758107 0.343537 0.554306
0.893359 0.405232 0.194156
0.89228 0.406728 -0.195979
0.754329 0.348078 -0.556623
-0.501258 -0.237719 0.832004
-0.175739 -0.0856716 0.980702
0.176093 0.0858115 0.980626
0.501215 0.238369 0.831844
0.754135 0.348556 0.556588
0.892139 0.406993 0.196073
0.89336 0.405353 -0.193902
0.758348 0.343625 -0.553923
-0.507631 -0.229751 0.830377
-0.178193 -0.0802905 0.980714
0.18295 0.0712903 0.980534
0.519403 0.201475 0.830439
0.776096 0.300581 0.55437
0.914593 0.35474 0.194112
0.9135 0.356476 -0.196067
0.772367 0.305973 -0.556623
-0.513478 -0.210383 0.831913
-0.180376 -0.0755732 0.98069
0.180684 0.0757618 0.980619
0.513463 0.210999 0.831767
0.772224 0.306366 0.556606
0.913408 0.356654 0.196172
0.914631 0.354787 -0.193848
0.776366 0.300617 -0.553972
-0.519611 -0.20091 0.830446
-0.182323 -0.0702577 0.980725
0.186562 0.0607801 0.980561
0.529662 0.172106 0.830565
0.791498 0.257108 0.55446
0.932725 0.303928 0.194041
0.931587 0.306026 -0.196198
0.787852 0.26353 -0.556634
-0.524232 -0.182424 0.831806
-0.184816 -0.0640068 0.980687
0.185072 0.0642417 0.980623
0.524245 0.182973 0.831678
0.787762 0.26381 0.556629
0.931544 0.306093 0.1963
0.932795 0.303876 -0.193788
0.791791 0.257063 -0.554063
-0.529868 -0.171513 0.830556
-0.185861 -0.0600242 0.980741
0.189632 0.0496945 0.980597
0.538368 0.141699 0.830712
0.804428 0.212983 0.554557
0.947755 0.25326 0.193956
0.946428 0.256371 -0.196338
0.800651 0.2217 -0.556603
-0.533536 -0.153922 0.831654
-0.189212 -0.0497328 0.980676
0.189378 0.0500371 0.980628
0.533568 0.154366 0.831551
0.800624 0.221816 0.556596
0.946438 0.256277 0.196411
0.947853 0.253057 -0.193744
0.804737 0.212779 -0.554188
-0.538576 -0.141061 0.830685
-0.188906 -0.049358 0.980754
0.192314 0.0374982 0.980617
0.545792 0.109451 0.830742
0.814995 0.16802 0.554575
0.959638 0.203624 0.193992
0.957875 0.209694 -0.196223
0.810558 0.183155 -0.556282
-0.541541 -0.124792 0.83136
-0.193656 -0.0310284 0.980579
0.193631 0.0315524 0.980567
0.541598 0.125037 0.831287
0.810625 0.183003 0.556235
0.957951 0.209339 0.196233
0.959761 0.203168 -0.193858
0.8153 0.1675 -0.554283
-0.546007 -0.108728 0.830695
-0.191641 -0.0378867 0.980734
0.194461 0.0254494 0.98058
0.551577 0.0784013 0.830431
0.822771 0.125452 0.554355
0.968052 0.158348 0.194424
0.965692 0.171402 -0.19509
0.816841 0.157261 -0.555014
-0.54868 -0.091587 0.831001
-0.197491 -0.00416542 0.980296
0.197082 0.00538714 0.980372
0.548873 0.0909081 0.830947
0.817075 0.156607 0.554854
0.965827 0.170703 0.195033
0.968201 0.157493 -0.194378
0.82301 0.124393 -0.55424
-0.551828 -0.0773075 0.830367
-0.194007 -0.0269251 0.980631
0.195343 0.019469 0.980542
0.554104 0.0618336 0.830148
0.826548 0.0996298 0.553979
0.972605 0.126973 0.194724
0.971393 0.137186 -0.193843
0.823452 0.122186 -0.554074
-0.551734 -0.0637119 0.831583
-0.194779 -0.011664 0.980778
0.194348 0.0137473 0.980836
0.551806 0.062218 0.831648
0.823718 0.120724 0.553999
0.971541 0.136131 0.193848
0.972779 0.125774 -0.194635
0.826831 0.0978775 -0.553869
-0.554324 -0.0610505 0.830059
-0.194805 -0.0222801 0.980589
0.195122 0.021637 0.98054
0.552803 0.0693031 0.830425
0.825269 0.10746 0.554421
0.972247 0.129316 0.194972
0.972129 0.131446 -0.194132
0.824544 0.111754 -0.554651
-0.551351 -0.0645771 0.83177
-0.193533 -0.0152468 0.980975
0.193499 0.0202872 0.980891
0.551286 0.0632029 0.831919
0.824762 0.107804 0.555109
0.972331 0.129629 0.19434
0.972558 0.127375 -0.194697
0.826001 0.104049 -0.553981
-0.552991 -0.0688208 0.83034
-0.193715 -0.0266285 0.980696
0.197277 0.0178033 0.980186
0.55401 0.0668366 0.829822
0.826893 0.102857 0.552873
0.976818 0.105245 0.186414
0.974187 0.0739899 -0.213272
0.816188 0.0247915 -0.577255
-0.537069 0.00802598 0.8435
-0.182897 0.0286949 0.982713
0.183899 -0.0209597 0.982722
0.53179 -0.0336639 0.846207
0.815558 0.0187246 0.578372
0.974203 0.0752859 0.212744
0.977203 0.102876 -0.185716
0.830749 0.0899745 -0.549328
-0.554927 -0.0645966 0.829387
-0.19109 -0.031579 0.981064
-0.0162345 0.9981 -0.0594326
0.00257188 0.000343963 0.999997
</DataArray>
<DataArray type="Float64" Name="cell vector length" format="ascii">
0.0192659 0.0225431 0.0289827 0.0329676 0.0342862 0.0310947 0.0258695 0.0177547 0.0185952 0.0242935 0.0310265 0.0341248 0.0336434 0.0290467 0.0248284 0.0197641 0.381077 0.381949 0.382436 0.382614 0.381172 0.378457 0.378834 0.385285 0.38555 0.379803 0.378371 0.381127 0.382635 0.382665 0.381394 0.380942 0.471017 0.474009 0.47766 0.479057 0.475966 0.467838 0.464799 0.474502 0.474787 0.465082 0.467695 0.475868 0.479103 0.477796 0.473888 0.470987 0.504746 0.503318 0.499797 0.492755 0.480874 0.461767 0.42352 0.373105 0.373669 0.423687 0.461599 0.480755 0.492799 0.499893 0.50349 0.504826 0.51294 0.512384 0.509587 0.502229 0.488911 0.465692 0.427402 0.38378 0.383858 0.426654 0.465623 0.48884 0.50223 0.509589 0.513016 0.513155 0.512994 0.512863 0.510756 0.503758 0.489981 0.465171 0.427019 0.386411 0.38602 0.425289 0.465161 0.489953 0.503737 0.510719 0.514132 0.513376 0.512134 0.511758 0.509641 0.502815 0.489156 0.464246 0.4266 0.386337 0.385542 0.423827 0.464268 0.489156 0.502795 0.509596 0.513765 0.512709 0.511135 0.510247 0.507807 0.501089 0.48786 0.463384 0.426381 0.385242 0.384068 0.422529 0.463423 0.487884 0.501087 0.507791 0.513078 0.511933 0.510032 0.508589 0.505744 0.499139 0.486452 0.46251 0.426156 0.383601 0.382061 0.4212 0.462557 0.486496 0.499166 0.505773 0.512298 0.511077 0.508846 0.506885 0.503673 0.497179 0.485022 0.461554 0.425784 0.381692 0.37979 0.419713 0.461611 0.48509 0.497245 0.503755 0.511498 0.51015 0.507589 0.505101 0.5016 0.495232 0.48356 0.460502 0.425435 0.379966 0.377704 0.418254 0.460574 0.483655 0.49534 0.501734 0.510629 0.509162 0.50631 0.503338 0.499628 0.49338 0.482102 0.459355 0.425047 0.378432 0.375811 0.416778 0.459447 0.48223 0.493531 0.499811 0.509782 0.508158 0.505079 0.501648 0.497748 0.491593 0.480607 0.458071 0.424566 0.377024 0.374046 0.415235 0.458187 0.480769 0.491784 0.497975 0.508988 0.507203 0.503945 0.500055 0.495966 0.489858 0.47906 0.456661 0.424039 0.375807 0.372475 0.413675 0.456804 0.479259 0.490087 0.49623 0.508263 0.506341 0.502919 0.498571 0.494291 0.488182 0.477475 0.455145 0.423488 0.374809 0.371128 0.412129 0.455319 0.47771 0.488446 0.494585 0.50761 0.505583 0.501999 0.497201 0.492728 0.486571 0.47586 0.453544 0.422927 0.374038 0.370021 0.410624 0.453752 0.476132 0.486867 0.493047 0.507029 0.504922 0.501193 0.495947 0.491275 0.485019 0.474217 0.451866 0.422352 0.373491 0.369166 0.409177 0.452114 0.474526 0.485344 0.491612 0.506517 0.504364 0.500513 0.494817 0.489929 0.483522 0.472543 0.450113 0.421752 0.373148 0.368522 0.407754 0.450399 0.472885 0.483871 0.490282 0.506078 0.503921 0.499964 0.493817 0.488688 0.482068 0.470823 0.448273 0.421147 0.373035 0.368114 0.40637 0.448593 0.471193 0.482438 0.489053 0.505718 0.503594 0.499554 0.49295 0.487544 0.480642 0.469038 0.446331 0.420527 0.373149 0.367948 0.405023 0.446678 0.469433 0.48103 0.487919 0.505438 0.503392 0.499273 0.492212 0.486493 0.479236 0.46718 0.444272 0.41988 0.373487 0.368024 0.403702 0.444637 0.467591 0.479639 0.486879 0.505238 0.503305 0.499107 0.491594 0.485529 0.477848 0.465243 0.442087 0.419194 0.37403 0.368323 0.402392 0.442458 0.465664 0.478264 0.485928 0.505108 0.503317 0.499039 0.491087 0.484646 0.476474 0.463233 0.439774 0.418455 0.374732 0.368796 0.401073 0.440138 0.463655 0.476903 0.485064 0.505045 0.503412 0.499047 0.49067 0.483818 0.475097 0.461155 0.43735 0.417655 0.375491 0.369336 0.399731 0.437687 0.461568 0.475539 0.484263 0.505029 0.503567 0.499122 0.490294 0.482949 0.473622 0.458981 0.434844 0.416804 0.376106 0.369734 0.398366 0.435129 0.459373 0.474079 0.483435 0.505026 0.503779 0.499195 0.489746 0.481668 0.471658 0.456472 0.432201 0.415868 0.3761 0.369493 0.396921 0.432396 0.456827 0.47213 0.482221 0.504854 0.503992 0.498545 0.487923 0.478489 0.467642 0.45238 0.428685 0.414193 0.373927 0.367023 0.394685 0.428732 0.452675 0.468128 0.47915 0.503503 0.503524 0.49196 0.478984 0.467027 0.455038 0.44062 0.4194 0.406601 0.362298 0.354907 0.386258 0.419244 0.440836 0.455527 0.46782 0.495385 0.497269 0.44948 0.433073 0.417849 0.404066 0.389829 0.372247 0.352331 0.290305 0.28178 0.32982 0.371894 0.389938 0.404501 0.418579 0.451366 0.455515 0.411185 0.400365 0.394976 0.391453 0.386541 0.381018 0.408666 0.421984 0.415 0.387973 0.380138 0.386544 0.391758 0.396117 0.420284 0.417993 0.367775 0.354543 0.346401 0.34041 0.334776 0.331814 0.362142 0.369489 0.362549 0.341049 0.332027 0.335011 0.340047 0.346362 0.37555 0.375038 0.0964699 0.0902432 0.0882781 0.0814906 0.0724547 0.0615895 0.0866054 0.0854092 0.0812668 0.0688081 0.0659883 0.0728094 0.080133 0.0840283 0.109243 0.101862 0.00348605 0.0152124 
</DataArray>
<DataArray type="Float64" Name="cell variable 4" format="ascii">
700.301 697.437 694.813 692.632 693.732 696.133 699.308 699.436 700.4 699.288 697.352 693.813 692.944 693.641 697.91 699.799 1178.53 1174.73 1171.73 1169.18 1169.13 1171.48 1175.42 1180.13 1179.97 1175.1 1172.4 1169.62 1168.69 1170.82 1175.54 1178.81 1391.83 1390.01 1391.09 1390.29 1389.17 1386.49 1383.7 1382.83 1382.69 1381.61 1386.84 1389.37 1390.14 1390.8 1392.53 1392.69 1494.23 1481.32 1462.4 1435.02 1404.54 1373.32 1347.12 1330.3 1330.68 1345.96 1373.35 1404.51 1435.04 1462.66 1484.96 1495.52 1532.02 1514.23 1488.22 1455.4 1422.11 1389.69 1365.51 1346.55 1346.14 1362.38 1389.62 1422.06 1455.55 1488.64 1519.13 1533.61 1541.89 1520.93 1490.95 1456.08 1421.94 1388.13 1366.14 1348.1 1346.76 1360.89 1388.12 1421.97 1456.28 1491.35 1527.42 1543.85 1547.06 1522.5 1488.29 1451.39 1416.9 1383.02 1364.33 1346.98 1344.82 1356.86 1383.12 1417.02 1451.64 1488.64 1530.81 1549.47 1550.87 1522.68 1484.18 1445.29 1410.69 1377.34 1362.41 1345.54 1342.62 1352.65 1377.53 1410.9 1445.56 1484.51 1533.01 1553.8 1553.81 1522.22 1479.63 1438.93 1404.38 1371.73 1360.69 1344.07 1340.43 1348.62 1371.98 1404.65 1439.22 1479.96 1534.69 1557.33 1556.08 1521.41 1475.25 1432.94 1398.5 1366.45 1359.22 1342.73 1338.39 1344.83 1366.76 1398.81 1433.27 1475.6 1536.1 1560.22 1557.78 1520.27 1471.27 1427.54 1393.04 1361.58 1358 1341.73 1336.69 1341.31 1361.92 1393.38 1427.9 1471.65 1537.2 1562.59 1558.92 1518.88 1467.71 1422.84 1388.24 1357.22 1357 1340.91 1335.19 1338.07 1357.59 1388.62 1423.24 1468.13 1538.05 1564.42 1559.62 1517.36 1464.42 1418.69 1383.99 1353.26 1356.16 1340.17 1333.76 1335.05 1353.66 1384.4 1419.13 1464.89 1538.71 1565.82 1560 1515.76 1461.42 1415.01 1380.21 1349.68 1355.51 1339.58 1332.5 1332.29 1350.11 1380.65 1415.48 1461.92 1539.23 1566.89 1560.08 1514.14 1458.71 1411.83 1376.92 1346.51 1355.04 1339.16 1331.42 1329.82 1346.96 1377.38 1412.32 1459.24 1539.62 1567.66 1559.85 1512.53 1456.34 1409.15 1374.11 1343.75 1354.78 1338.93 1330.55 1327.65 1344.22 1374.6 1409.67 1456.9 1539.9 1568.1 1559.34 1510.91 1454.3 1406.98 1371.79 1341.4 1354.71 1338.89 1329.89 1325.79 1341.9 1372.31 1407.52 1454.88 1540.04 1568.21 1558.54 1509.26 1452.54 1405.25 1369.91 1339.45 1354.83 1339.03 1329.43 1324.24 1339.96 1370.45 1405.82 1453.15 1539.98 1568 1557.4 1507.55 1450.99 1403.89 1368.42 1337.86 1355.11 1339.32 1329.17 1322.97 1338.38 1368.97 1404.48 1451.62 1539.71 1567.41 1555.95 1505.76 1449.6 1402.83 1367.25 1336.59 1355.54 1339.77 1329.08 1321.99 1337.13 1367.83 1403.44 1450.24 1539.22 1566.46 1554.13 1503.86 1448.35 1402.04 1366.38 1335.64 1356.14 1340.37 1329.19 1321.29 1336.19 1366.98 1402.67 1449.01 1538.48 1565.1 1551.9 1501.79 1447.22 1401.52 1365.8 1334.99 1356.9 1341.14 1329.49 1320.89 1335.56 1366.42 1402.17 1447.88 1537.46 1563.29 1549.19 1499.54 1446.19 1401.25 1365.52 1334.66 1357.85 1342.05 1329.98 1320.77 1335.24 1366.15 1401.91 1446.86 1536.14 1560.95 1545.9 1497.05 1445.22 1401.22 1365.5 1334.63 1358.99 1343.1 1330.62 1320.96 1335.22 1366.13 1401.89 1445.89 1534.45 1557.97 1541.92 1494.17 1444.16 1401.23 1365.58 1334.81 1360.28 1344.19 1331.34 1321.38 1335.4 1366.23 1401.9 1444.84 1532.26 1554.27 1536.79 1490.32 1442.27 1400.48 1365.07 1334.7 1361.32 1344.9 1331.68 1321.66 1335.26 1365.71 1401.15 1442.96 1528.98 1549.36 1527.66 1482.35 1436.05 1395.41 1360.72 1331.65 1359.72 1342.92 1329.34 1319.43 1332.15 1361.33 1396.08 1436.77 1521.44 1540.42 1497.71 1453.63 1409.18 1370.15 1337.49 1311.91 1341.8 1325.18 1311.39 1301.46 1312.32 1338.04 1370.81 1409.92 1492.52 1510.48 1368.39 1330.3 1292.68 1258.44 1227.92 1203.16 1228.19 1214.55 1201.93 1191.44 1203.42 1228.32 1258.94 1293.25 1365.58 1380.04 1238.8 1214.64 1200.18 1195.55 1196.6 1200.85 1245.29 1249.57 1238.8 1213.44 1200.79 1196.67 1195.79 1200.5 1246.41 1249.37 1097.14 1075.2 1061.18 1054.95 1053.75 1055.71 1094.36 1097.63 1089.05 1067.73 1056.33 1053.71 1054.75 1060.74 1102.72 1106.4 742.95 734.468 730.063 728.034 725.044 724.289 743.595 743.482 737.228 727.393 723.974 725.12 727.884 729.309 750.078 747.974 590.214 745.326 
</DataArray>
<DataArray type="Float64" Name="cell variable 5" format="ascii">
0.076295 0.076295 0.076295 0.076295 0.076295 0.076295 0.076295 0.076295 0.076295 0.076295 0.076295 0.076295 0.076295 0.076295 0.076295 0.076295 0.076295 0.076295 0.076295 0.076295 0.076295 0.076295 0.076295 0.076295 0.076295 0.076295 0.076295 0.076295 0.076295 0.076295 0.076295 0.076295 0.076295 0.076295 0.076295 0.076295 0.076295 0.076295 0.076295 0.076295 0.076295 0.076295 0.076295 0.076295 0.076295 0.076295 0.076295 0.076295 0.115307 0.106745 0.0929273 0.0797537 0.076295 0.076295 0.076295 0.076295 0.076295 0.076295 0.076295 0.076295 0.0797537 0.0929273 0.106745 0.115307 0.130464 0.118579 0.0993869 0.0810931 0.076295 0.076295 0.076295 0.076295 0.076295 0.076295 0.076295 0.076295 0.0810931 0.0993869 0.118579 0.130464 0.139247 0.125446 0.103134 0.081873 0.076295 0.076295 0.076295 0.076295 0.076295 0.076295 0.076295 0.076295 0.081873 0.103134 0.125446 0.139247 0.145639 0.130414 0.105864 0.0824494 0.076295 0.076295 0.076295 0.076295 0.076295 0.076295 0.076295 0.076295 0.0824494 0.105864 0.130414 0.145639 0.150623 0.134313 0.107983 0.0828902 0.076295 0.076295 0.076295 0.076295 0.076295 0.076295 0.076295 0.076295 0.0828902 0.107983 0.134313 0.150623 0.154641 0.13745 0.109695 0.0832463 0.076295 0.076295 0.076295 0.076295 0.076295 0.076295 0.076295 0.076295 0.0832463 0.109695 0.13745 0.154641 0.157931 0.14001 0.111102 0.0835345 0.076295 0.076295 0.076295 0.076295 0.076295 0.076295 0.076295 0.076295 0.0835345 0.111102 0.14001 0.157931 0.160592 0.142095 0.112238 0.0837719 0.076295 0.076295 0.076295 0.076295 0.076295 0.076295 0.076295 0.076295 0.0837719 0.112238 0.142095 0.160592 0.162729 0.143774 0.113154 0.0839584 0.076295 0.076295 0.076295 0.076295 0.076295 0.076295 0.076295 0.076295 0.0839584 0.113154 0.143774 0.162729 0.16439 0.145062 0.113849 0.084111 0.076295 0.076295 0.076295 0.076295 0.076295 0.076295 0.076295 0.076295 0.084111 0.113849 0.145062 0.16439 0.165611 0.146012 0.114375 0.0842127 0.076295 0.076295 0.076295 0.076295 0.076295 0.076295 0.076295 0.076295 0.0842127 0.114375 0.146012 0.165611 0.166425 0.146639 0.114714 0.0842975 0.076295 0.076295 0.076295 0.076295 0.076295 0.076295 0.076295 0.076295 0.0842975 0.114714 0.146639 0.166425 0.166815 0.146961 0.114883 0.0843314 0.076295 0.076295 0.076295 0.076295 0.076295 0.076295 0.076295 0.076295 0.0843314 0.114883 0.146961 0.166815 0.166815 0.146961 0.114883 0.0843314 0.076295 0.076295 0.076295 0.076295 0.076295 0.076295 0.076295 0.076295 0.0843314 0.114883 0.146961 0.166815 0.166425 0.146639 0.114714 0.0842975 0.076295 0.076295 0.076295 0.076295 0.076295 0.076295 0.076295 0.076295 0.0842975 0.114714 0.146639 0.166425 0.165611 0.146012 0.114375 0.0842127 0.076295 0.076295 0.076295 0.076295 0.076295 0.076295 0.076295 0.076295 0.0842127 0.114375 0.146012 0.165611 0.16439 0.145062 0.113849 0.084111 0.076295 0.076295 0.076295 0.076295 0.076295 0.076295 0.076295 0.076295 0.084111 0.113849 0.145062 0.16439 0.162729 0.143774 0.113154 0.0839584 0.076295 0.076295 0.076295 0.076295 0.076295 0.076295 0.076295 0.076295 0.0839584 0.113154 0.143774 0.162729 0.160592 0.142095 0.112238 0.0837719 0.076295 0.076295 0.076295 0.076295 0.076295 0.076295 0.076295 0.076295 0.0837719 0.112238 0.142095 0.160592 0.157931 0.14001 0.111102 0.0835345 0.076295 0.076295 0.076295 0.076295 0.076295 0.076295 0.076295 0.076295 0.0835345 0.111102 0.14001 0.157931 0.154641 0.13745 0.109695 0.0832463 0.076295 0.076295 0.076295 0.076295 0.076295 0.076295 0.076295 0.076295 0.0832463 0.109695 0.13745 0.154641 0.150623 0.134313 0.107983 0.0828902 0.076295 0.076295 0.076295 0.076295 0.076295 0.076295 0.076295 0.076295 0.0828902 0.107983 0.134313 0.150623 0.145639 0.130414 0.105864 0.0824494 0.076295 0.076295 0.076295 0.076295 0.076295 0.076295 0.076295 0.076295 0.0824494 0.105864 0.130414 0.145639 0.139247 0.125446 0.103134 0.081873 0.076295 0.076295 0.076295 0.076295 0.076295 0.076295 0.076295 0.076295 0.081873 0.103134 0.125446 0.139247 0.130464 0.118579 0.0993869 0.0810931 0.076295 0.076295 0.076295 0.076295 0.076295 0.076295 0.076295 0.076295 0.0810931 0.0993869 0.118579 0.130464 0.115307 0.106745 0.0929273 0.0797537 0.076295 0.076295 0.076295 0.076295 0.076295 0.076295 0.076295 0.076295 0.0797537 0.0929273 0.106745 0.115307 0.076295 0.076295 0.076295 0.076295 0.076295 0.076295 0.076295 0.076295 0.076295 0.076295 0.076295 0.076295 0.076295 0.076295 0.076295 0.076295 0.076295 0.076295 0.076295 0.076295 0.076295 0.076295 0.076295 0.076295 0.076295 0.076295 0.076295 0.076295 0.076295 0.076295 0.076295 0.076295 0.076295 0.076295 0.076295 0.076295 0.076295 0.076295 0.076295 0.076295 0.076295 0.076295 0.076295 0.076295 0.076295 0.076295 0.076295 0.076295 0.076295 0.076295 
</DataArray>
<DataArray type="Float64" Name="cell variable 6" format="ascii">
0.99938 0.99938 0.99938 0.99938 0.99938 0.99938 0.99938 0.99938 0.99938 0.99938 0.99938 0.99938 0.99938 0.99938 0.99938 0.99938 0.99938 0.99938 0.99938 0.99938 0.99938 0.99938 0.99938 0.99938 0.99938 0.99938 0.99938 0.99938 0.99938 0.99938 0.99938 0.99938 0.99938 0.99938 0.99938 0.99938 0.99938 0.99938 0.99938 0.99938 0.99938 0.99938 0.99938 0.99938 0.99938 0.99938 0.99938 0.99938 0.99931 0.999321 0.99934 0.999366 0.99938 0.99938 0.99938 0.99938 0.99938 0.99938 0.99938 0.99938 0.999366 0.99934 0.999321 0.99931 0.999283 0.999298 0.999325 0.999361 0.99938 0.99938 0.99938 0.99938 0.99938 0.99938 0.99938 0.99938 0.999361 0.999325 0.999298 0.999283 0.999267 0.999284 0.999316 0.999358 0.99938 0.99938 0.99938 0.99938 0.99938 0.99938 0.99938 0.99938 0.999358 0.999316 0.999284 0.999267 0.999256 0.999275 0.99931 0.999355 0.99938 0.99938 0.99938 0.99938 0.99938 0.99938 0.99938 0.99938 0.999355 0.99931 0.999275 0.999256 0.999247 0.999267 0.999305 0.999354 0.99938 0.99938 0.99938 0.99938 0.99938 0.99938 0.99938 0.99938 0.999354 0.999305 0.999267 0.999247 0.99924 0.999261 0.999301 0.999352 0.99938 0.99938 0.99938 0.99938 0.99938 0.99938 0.99938 0.99938 0.999352 0.999301 0.999261 0.99924 0.999234 0.999256 0.999297 0.999351 0.99938 0.99938 0.99938 0.99938 0.99938 0.99938 0.99938 0.99938 0.999351 0.999297 0.999256 0.999234 0.999229 0.999252 0.999295 0.99935 0.99938 0.99938 0.99938 0.99938 0.99938 0.99938 0.99938 0.99938 0.99935 0.999295 0.999252 0.999229 0.999225 0.999249 0.999292 0.999349 0.99938 0.99938 0.99938 0.99938 0.99938 0.99938 0.99938 0.99938 0.999349 0.999292 0.999249 0.999225 0.999222 0.999246 0.999291 0.999349 0.99938 0.99938 0.99938 0.99938 0.99938 0.99938 0.99938 0.99938 0.999349 0.999291 0.999246 0.999222 0.99922 0.999244 0.999289 0.999348 0.99938 0.99938 0.99938 0.99938 0.99938 0.99938 0.99938 0.99938 0.999348 0.999289 0.999244 0.99922 0.999219 0.999243 0.999289 0.999348 0.99938 0.99938 0.99938 0.99938 0.99938 0.99938 0.99938 0.99938 0.999348 0.999289 0.999243 0.999219 0.999218 0.999243 0.999288 0.999348 0.99938 0.99938 0.99938 0.99938 0.99938 0.99938 0.99938 0.99938 0.999348 0.999288 0.999243 0.999218 0.999218 0.999243 0.999288 0.999348 0.99938 0.99938 0.99938 0.99938 0.99938 0.99938 0.99938 0.99938 0.999348 0.999288 0.999243 0.999218 0.999219 0.999243 0.999289 0.999348 0.99938 0.99938 0.99938 0.99938 0.99938 0.99938 0.99938 0.99938 0.999348 0.999289 0.999243 0.999219 0.99922 0.999244 0.999289 0.999348 0.99938 0.99938 0.99938 0.99938 0.99938 0.99938 0.99938 0.99938 0.999348 0.999289 0.999244 0.99922 0.999222 0.999246 0.999291 0.999349 0.99938 0.99938 0.99938 0.99938 0.99938 0.99938 0.99938 0.99938 0.999349 0.999291 0.999246 0.999222 0.999225 0.999249 0.999292 0.999349 0.99938 0.99938 0.99938 0.99938 0.99938 0.99938 0.99938 0.99938 0.999349 0.999292 0.999249 0.999225 0.999229 0.999252 0.999295 0.99935 0.99938 0.99938 0.99938 0.99938 0.99938 0.99938 0.99938 0.99938 0.99935 0.999295 0.999252 0.999229 0.999234 0.999256 0.999297 0.999351 0.99938 0.99938 0.99938 0.99938 0.99938 0.99938 0.99938 0.99938 0.999351 0.999297 0.999256 0.999234 0.99924 0.999261 0.999301 0.999352 0.99938 0.99938 0.99938 0.99938 0.99938 0.99938 0.99938 0.99938 0.999352 0.999301 0.999261 0.99924 0.999247 0.999267 0.999305 0.999354 0.99938 0.99938 0.99938 0.99938 0.99938 0.99938 0.99938 0.99938 0.999354 0.999305 0.999267 0.999247 0.999256 0.999275 0.99931 0.999355 0.99938 0.99938 0.99938 0.99938 0.99938 0.99938 0.99938 0.99938 0.999355 0.99931 0.999275 0.999256 0.999267 0.999284 0.999316 0.999358 0.99938 0.99938 0.99938 0.99938 0.99938 0.99938 0.99938 0.99938 0.999358 0.999316 0.999284 0.999267 0.999283 0.999298 0.999325 0.999361 0.99938 0.99938 0.99938 0.99938 0.99938 0.99938 0.99938 0.99938 0.999361 0.999325 0.999298 0.999283 0.99931 0.999321 0.99934 0.999366 0.99938 0.99938 0.99938 0.99938 0.99938 0.99938 0.99938 0.99938 0.999366 0.99934 0.999321 0.99931 0.99938 0.99938 0.99938 0.99938 0.99938 0.99938 0.99938 0.99938 0.99938 0.99938 0.99938 0.99938 0.99938 0.99938 0.99938 0.99938 0.99938 0.99938 0.99938 0.99938 0.99938 0.99938 0.99938 0.99938 0.99938 0.99938 0.99938 0.99938 0.99938 0.99938 0.99938 0.99938 0.99938 0.99938 0.99938 0.99938 0.99938 0.99938 0.99938 0.99938 0.99938 0.99938 0.99938 0.99938 0.99938 0.99938 0.99938 0.99938 0.99938 0.99938 
</DataArray>
<DataArray type="Float64" Name="cell variable 7" format="ascii">
0 0 0 0 0 0 0 0 0 0 0 0 0 0 0 0 0 0 0 0 0 0 0 0 0 0 0 0 0 0 0 0 0 0 0 0 0 0 0 0 0 0 0 0 0 0 0 0 0 0 0 0 0 0 0 0 0 0 0 0 0 0 0 0 0 0 0 0 0 0 0 0 0 0 0 0 0 0 0 0 0 0 0 0 0 0 0 0 0 0 0 0 0 0 0 0 0 0 0 0 0 0 0 0 0 0 0 0 0 0 0 0 0 0 0 0 0 0 0 0 0 0 0 0 0 0 0 0 0 0 0 0 0 0 0 0 0 0 0 0 0 0 0 0 0 0 0 0 0 0 0 0 0 0 0 0 0 0 0 0 0 0 0 0 0 0 0 0 0 0 0 0 0 0 0 0 0 0 0 0 0 0 0 0 0 0 0 0 0 0 0 0 0 0 0 0 0 0 0 0 0 0 0 0 0 0 0 0 0 0 0 0 0 0 0 0 0 0 0 0 0 0 0 0 0 0 0 0 0 0 0 0 0 0 0 0 0 0 0 0 0 0 0 0 0 0 0 0 0 0 0 0 0 0 0 0 0 0 0 0 0 0 0 0 0 0 0 0 0 0 0 0 0 0 0 0 0 0 0 0 0 0 0 0 0 0 0 0 0 0 0 0 0 0 0 0 0 0 0 0 0 0 0 0 0 0 0 0 0 0 0 0 0 0 0 0 0 0 0 0 0 0 0 0 0 0 0 0 0 0 0 0 0 0 0 0 0 0 0 0 0 0 0 0 0 0 0 0 0 0 0 0 0 0 0 0 0 0 0 0 0 0 0 0 0 0 0 0 0 0 0 0 0 0 0 0 0 0 0 0 0 0 0 0 0 0 0 0 0 0 0 0 0 0 0 0 0 0 0 0 0 0 0 0 0 0 0 0 0 0 0 0 0 0 0 0 0 0 0 0 0 0 0 0 0 0 0 0 0 0 0 0 0 0 0 0 0 0 0 0 0 0 0 0 0 0 0 0 0 0 0 0 0 0 0 0 0 0 0 0 0 0 0 0 0 0 0 0 0 0 0 0 0 0 0 0 0 0 0 0 0 0 0 0 0 0 0 0 0 0 0 0 0 0 0 0 0 0 0 0 0 0 0 0 0 0 0 0 0 0 0 0 1 1 
</DataArray>
<DataArray type="Float64" Name="cell variable 8" format="ascii">
11.25 33.75 56.25 78.75 101.25 123.75 146.25 168.75 191.25 213.75 236.25 258.75 281.25 303.75 326.25 348.75 11.25 33.75 56.25 78.75 101.25 123.75 146.25 168.75 191.25 213.75 236.25 258.75 281.25 303.75 326.25 348.75 11.25 33.75 56.25 78.75 101.25 123.75 146.25 168.75 191.25 213.75 236.25 258.75 281.25 303.75 326.25 348.75 11.25 33.75 56.25 78.75 101.25 123.75 146.25 168.75 191.25 213.75 236.25 258.75 281.25 303.75 326.25 348.75 11.25 33.75 56.25 78.75 101.25 123.75 146.25 168.75 191.25 213.75 236.25 258.75 281.25 303.75 326.25 348.75 11.25 33.75 56.25 78.75 101.25 123.75 146.25 168.75 191.25 213.75 236.25 258.75 281.25 303.75 326.25 348.75 11.25 33.75 56.25 78.75 101.25 123.75 146.25 168.75 191.25 213.75 236.25 258.75 281.25 303.75 326.25 348.75 11.25 33.75 56.25 78.75 101.25 123.75 146.25 168.75 191.25 213.75 236.25 258.75 281.25 303.75 326.25 348.75 11.25 33.75 56.25 78.75 101.25 123.75 146.25 168.75 191.25 213.75 236.25 258.75 281.25 303.75 326.25 348.75 11.25 33.75 56.25 78.75 101.25 123.75 146.25 168.75 191.25 213.75 236.25 258.75 281.25 303.75 326.25 348.75 11.25 33.75 56.25 78.75 101.25 123.75 146.25 168.75 191.25 213.75 236.25 258.75 281.25 303.75 326.25 348.75 11.25 33.75 56.25 78.75 101.25 123.75 146.25 168.75 191.25 213.75 236.25 258.75 281.25 303.75 326.25 348.75 11.25 33.75 56.25 78.75 101.25 123.75 146.25 168.75 191.25 213.75 236.25 258.75 281.25 303.75 326.25 348.75 11.25 33.75 56.25 78.75 101.25 123.75 146.25 168.75 191.25 213.75 236.25 258.75 281.25 303.75 326.25 348.75 11.25 33.75 56.25 78.75 101.25 123.75 146.25 168.75 191.25 213.75 236.25 258.75 281.25 303.75 326.25 348.75 11.25 33.75 56.25 78.75 101.25 123.75 146.25 168.75 191.25 213.75 236.25 258.75 281.25 303.75 326.25 348.75 11.25 33.75 56.25 78.75 101.25 123.75 146.25 168.75 191.25 213.75 236.25 258.75 281.25 303.75 326.25 348.75 11.25 33.75 56.25 78.75 101.25 123.75 146.25 168.75 191.25 213.75 236.25 258.75 281.25 303.75 326.25 348.75 11.25 33.75 56.25 78.75 101.25 123.75 146.25 168.75 191.25 213.75 236.25 258.75 281.25 303.75 326.25 348.75 11.25 33.75 56.25 78.75 101.25 123.75 146.25 168.75 191.25 213.75 236.25 258.75 281.25 303.75 326.25 348.75 11.25 33.75 56.25 78.75 101.25 123.75 146.25 168.75 191.25 213.75 236.25 258.75 281.25 303.75 326.25 348.75 11.25 33.75 56.25 78.75 101.25 123.75 146.25 168.75 191.25 213.75 236.25 258.75 281.25 303.75 326.25 348.75 11.25 33.75 56.25 78.75 101.25 123.75 146.25 168.75 191.25 213.75 236.25 258.75 281.25 303.75 326.25 348.75 11.25 33.75 56.25 78.75 101.25 123.75 146.25 168.75 191.25 213.75 236.25 258.75 281.25 303.75 326.25 348.75 11.25 33.75 56.25 78.75 101.25 123.75 146.25 168.75 191.25 213.75 236.25 258.75 281.25 303.75 326.25 348.75 11.25 33.75 56.25 78.75 101.25 123.75 146.25 168.75 191.25 213.75 236.25 258.75 281.25 303.75 326.25 348.75 11.25 33.75 56.25 78.75 101.25 123.75 146.25 168.75 191.25 213.75 236.25 258.75 281.25 303.75 326.25 348.75 11.25 33.75 56.25 78.75 101.25 123.75 146.25 168.75 191.25 213.75 236.25 258.75 281.25 303.75 326.25 348.75 11.25 33.75 56.25 78.75 101.25 123.75 146.25 168.75 191.25 213.75 236.25 258.75 281.25 303.75 326.25 348.75 11.25 33.75 56.25 78.75 101.25 123.75 146.25 168.75 191.25 213.75 236.25 258.75 281.25 303.75 326.25 348.75 11.25 33.75 56.25 78.75 101.25 123.75 146.25 168.75 191.25 213.75 236.25 258.75 281.25 303.75 326.25 348.75 11.25 33.75 56.25 78.75 101.25 123.75 146.25 168.75 191.25 213.75 236.25 258.75 281.25 303.75 326.25 348.75 0 0 
</DataArray>
</CellData>
</Piece>
</UnstructuredGrid>
</VTKFile>
