<VTKFile type="UnstructuredGrid" version="0.1">
<UnstructuredGrid>
<Piece  NumberOfPoints="    2608" NumberOfCells="    2080">
<Points>
<DataArray type="Float64" NumberOfComponents="3" format="ascii">
-287.777 671.347 -0.446167 
-286.645 676.938 28.1686 
-283.35 692.826 52.4047 
-278.377 716.574 68.5543 
-272.548 744.555 74.1743 
-266.93 772.561 68.4788 
-262.398 796.395 52.3303 
-259.43 812.364 28.1051 
-258.361 817.956 -0.512928 
-259.371 812.316 -29.1241 
-262.325 796.323 -53.3363 
-266.859 772.477 -69.4669 
-272.481 744.465 -75.1374 
-278.323 716.491 -69.4922 
-283.303 692.763 -53.3174 
-286.608 676.906 -29.0651 
-260.635 659.621 -0.414058 
-259.378 665.673 30.5169 
-255.811 682.871 56.6973 
-250.426 708.554 74.1556 
-244.113 738.82 80.2703 
-238.043 769.161 74.1518 
-233.175 794.953 56.6496 
-229.967 812.195 30.4348 
-228.81 818.24 -0.500159 
-229.897 812.156 -31.432 
-233.086 794.881 -57.6336 
-237.968 769.074 -75.1091 
-244.039 738.729 -81.2048 
-250.362 708.471 -75.0668 
-255.788 682.82 -57.5776 
-259.391 665.652 -31.3576 
-227.864 651.278 -0.395904 
-226.583 657.457 31.2353 
-222.896 674.996 58.029 
-217.289 701.195 75.9195 
-210.703 732.091 82.1909 
-204.52 763.099 75.9345 
-199.748 789.475 57.9919 
-196.582 807.111 31.1578 
-195.434 813.292 -0.487005 
-196.533 807.069 -32.1227 
-199.676 789.407 -58.9331 
-204.445 763.015 -76.8531 
-210.627 732.001 -83.0823 
-217.224 701.113 -76.7828 
-222.862 674.937 -58.8671 
-226.58 657.423 -32.0393 
-194.485 644.165 -0.376857 
-193.207 650.375 31.4084 
-189.464 667.988 58.3382 
-183.658 694.286 76.3181 
-176.735 725.275 82.6207 
-170.584 756.452 76.3399 
-166.167 783.119 58.367 
-163.115 800.941 31.3843 
-161.978 807.18 -0.468035 
-163.083 800.904 -32.3125 
-166.11 783.055 -59.2738 
-170.513 756.369 -77.222 
-176.659 725.185 -83.4736 
-183.59 694.203 -77.1424 
-189.416 667.925 -59.1392 
-193.19 650.334 -32.1753 
-162.069 636.817 -0.359653 
-160.545 642.99 31.4752 
-156.117 660.5 58.4367 
-149.361 686.65 76.4202 
-141.358 717.462 82.7239 
-133.654 748.363 76.4153 
-127.665 774.866 58.4773 
-123.651 792.615 31.4736 
-122.199 798.827 -0.444773 
-123.623 792.581 -32.3573 
-127.613 774.803 -59.3443 
-133.585 748.281 -77.2578 
-141.283 717.373 -83.5387 
-149.291 686.567 -77.2084 
-156.06 660.435 -59.2036 
-160.515 642.945 -32.2081 
-130.194 628.255 -0.3412 
-128.41 634.356 31.5042 
-123.259 651.664 58.4769 
-115.463 677.522 76.4682 
-106.225 707.989 82.7572 
-97.0873 738.5 76.4544 
-89.6527 764.655 58.5044 
-84.7064 782.198 31.5037 
-82.9424 788.346 -0.421313 
-84.6816 782.166 -32.3411 
-89.6049 764.594 -59.3265 
-97.021 738.419 -77.2542 
-106.151 707.901 -83.5318 
-115.391 677.439 -77.2186 
-123.196 651.597 -59.208 
-128.374 634.308 -32.2004 
-98.8963 618.308 -0.321499 
-96.8494 624.318 31.5281 
-90.952 641.366 58.5115 
-82.0557 666.848 76.5152 
-71.5069 696.877 82.8006 
-60.9712 726.923 76.4971 
-52.18 752.659 58.5306 
-46.3292 769.925 31.5284 
-44.2583 775.981 -0.397352 
-46.3073 769.894 -32.3184 
-52.1358 752.599 -59.3066 
-60.9076 726.843 -77.2527 
-71.4337 696.789 -83.5333 
-81.9823 666.764 -77.226 
-90.8852 641.296 -59.2047 
-96.8095 624.266 -32.1854 
-68.2194 606.939 -0.300692 
-65.9051 612.842 31.5512 
-59.2471 629.587 58.5435 
-49.2171 654.626 76.5593 
-37.3232 684.137 82.8462 
-25.402 713.648 76.5378 
-15.3209 738.908 58.5586 
-8.59531 755.85 31.553 
-6.22361 761.795 -0.373048 
-8.57597 755.82 -32.2947 
-15.2799 738.85 -59.2877 
-25.3409 713.569 -77.2484 
-37.2512 684.049 -83.5358 
-49.1429 654.541 -77.2289 
-59.1779 629.515 -59.1973 
-65.8638 612.788 -32.1676 
-38.2086 594.15 -0.279067 
-35.6246 599.932 31.5741 
-28.1995 616.334 58.5726 
-17.0227 640.867 76.5977 
-3.77308 669.783 82.8872 
9.5233 698.69 76.5736 
20.8425 723.419 58.5859 
28.4119 739.997 31.5775 
31.0772 745.817 -0.348485 
28.4292 739.968 -32.2705 
20.8807 723.363 -59.2675 
9.58192 698.613 -77.2384 
-3.7026 669.696 -83.5327 
-16.9489 640.782 -77.225 
-28.1297 616.26 -59.1856 
-35.5833 599.875 -32.148 
-8.91314 579.956 -0.25695 
-6.0599 585.605 31.5969 
2.13045 601.626 58.599 
14.4528 625.591 76.6301 
29.0535 653.84 82.9217 
43.71 682.071 76.6041 
56.2253 706.213 58.611 
64.6081 722.392 31.6014 
67.5586 728.073 -0.32382 
64.6236 722.365 -32.2455 
56.2609 706.159 -59.2448 
43.7661 681.995 -77.2225 
29.1221 653.753 -83.5225 
14.5256 625.505 -77.2143 
2.19987 601.551 -59.1705 
-6.01972 585.546 -32.1274 
19.6134 564.384 -0.234612 
22.7339 569.886 31.6192 
31.6802 585.487 58.6231 
45.135 608.824 76.658 
61.0714 636.333 82.9512 
77.0614 663.823 76.6306 
90.739 687.322 58.6344 
99.9084 703.066 31.6249 
103.135 708.594 -0.299077 
99.9225 703.04 -32.2199 
90.7722 687.269 -59.2202 
77.1148 663.748 -77.2024 
61.1376 636.247 -83.507 
45.2059 608.738 -77.1989 
31.7482 585.411 -59.1529 
22.7721 569.825 -32.1061 
47.3163 547.46 -0.212268 
50.7001 552.802 31.6411 
60.3917 567.943 58.6455 
74.9598 590.593 76.6825 
92.2051 617.293 82.9767 
109.499 643.975 76.6544 
124.301 666.778 58.6566 
134.228 682.054 31.6479 
137.72 687.418 -0.274464 
134.241 682.03 -32.1941 
124.332 666.727 -59.1946 
109.549 643.901 -77.1799 
92.2684 617.208 -83.4876 
75.0282 590.507 -77.1802 
60.4575 567.866 -59.1334 
50.7356 552.739 -32.0842 
74.139 529.221 -0.190087 
77.7807 534.388 31.6626 
88.2014 549.031 58.6662 
103.857 570.937 76.7036 
122.378 596.762 82.9978 
140.941 622.569 76.6747 
156.829 644.626 58.6768 
167.485 659.401 31.6698 
171.234 664.59 -0.250239 
167.497 659.378 -32.1679 
156.858 644.577 -59.1677 
140.989 622.498 -77.1543 
122.438 596.678 -83.4643 
103.922 570.851 -77.1583 
88.2644 548.954 -59.1126 
77.8129 534.324 -32.0623 
100.024 509.703 -0.168251 
103.917 514.683 31.6834 
115.047 528.792 58.6849 
131.758 549.897 76.7207 
151.517 574.782 83.0134 
171.308 599.653 76.6897 
188.243 620.913 58.6937 
199.599 635.156 31.69 
203.594 640.158 -0.226417 
199.61 635.134 -32.1408 
188.27 620.867 -59.1382 
171.353 599.583 -77.1241 
151.574 574.699 -83.4361 
131.82 549.813 -77.1332 
115.106 528.714 -59.0905 
103.945 514.618 -32.0404 
124.913 488.947 -0.146937 
129.049 493.728 31.703 
140.866 507.268 58.7003 
158.598 527.521 76.7311 
179.553 551.403 83.0188 
200.525 575.277 76.6917 
218.462 595.691 58.6992 
230.488 609.367 31.704 
234.72 614.171 -0.203128 
230.499 609.347 -32.1086 
218.487 595.646 -59.0985 
200.567 575.21 -77.082 
179.606 551.322 -83.3987 
158.656 527.438 -77.1022 
140.921 507.191 -59.066 
129.074 493.663 -32.0184 
148.748 466.997 -0.12626 
153.119 471.567 31.7213 
165.596 484.505 58.7116 
184.312 503.857 76.7292 
206.417 526.677 82.9961 
228.52 549.498 76.6405 
247.379 568.984 58.6493 
260.021 582.034 31.6824 
264.469 586.618 -0.180464 
260.031 582.015 -32.0419 
247.402 568.942 -59.0044 
228.559 549.433 -76.9878 
206.467 526.599 -83.3344 
184.366 503.775 -77.06 
165.648 484.429 -59.0385 
153.139 471.502 -31.9963 
171.475 443.901 -0.106315 
176.071 448.249 31.7386 
189.18 460.553 58.7214 
208.835 478.955 76.7258 
232.041 500.657 82.973 
255.242 522.351 76.5897 
275.003 540.842 58.6005 
288.24 553.231 31.6616 
292.895 557.583 -0.158673 
288.249 553.213 -31.9779 
275.024 540.802 -58.9132 
255.278 522.289 -76.8957 
232.086 500.582 -83.2713 
208.885 478.876 -77.018 
189.227 460.478 -59.0109 
176.086 448.184 -31.9746 
193.043 419.712 -0.0872527 
197.852 423.825 31.7557 
211.559 435.462 58.7338 
232.104 452.868 76.7328 
256.353 473.395 82.9756 
280.595 493.913 76.5909 
301.243 511.404 58.6064 
315.07 523.131 31.6753 
319.932 527.251 -0.138028 
315.079 523.115 -31.9506 
301.262 511.367 -58.8788 
280.627 493.855 -76.8576 
256.395 473.323 -83.2356 
232.15 452.792 -76.988 
211.602 435.39 -58.9875 
197.863 423.761 -31.9544 
213.398 394.48 -0.069208 
218.408 398.347 31.7729 
232.678 409.287 58.7485 
254.061 425.651 76.7448 
279.292 444.954 82.9861 
304.513 464.252 76.6038 
325.998 480.707 58.623 
340.384 491.744 31.6938 
345.443 495.622 -0.118283 
340.392 491.729 -31.9298 
326.016 480.672 -58.857 
304.542 464.197 -76.833 
279.33 444.886 -83.2098 
254.102 425.579 -76.9649 
232.717 409.217 -58.9682 
218.414 398.286 -31.9363 
232.492 368.26 -0.0522618 
237.689 371.872 31.7893 
252.487 382.088 58.7627 
274.653 397.371 76.7571 
300.803 415.406 82.9981 
326.939 433.441 76.6185 
349.207 448.823 58.6404 
364.118 459.143 31.7122 
369.361 462.77 -0.0996354 
364.126 459.129 -31.9113 
349.224 448.791 -58.8381 
326.965 433.389 -76.8125 
300.837 415.342 -83.1876 
274.689 397.303 -76.9441 
252.52 382.021 -58.9504 
237.691 371.813 -31.9195 
250.279 341.111 -0.0365327 
255.651 344.459 31.8042 
270.939 353.927 58.775 
293.832 368.097 76.7669 
320.835 384.825 83.0079 
347.821 401.559 76.6316 
370.818 415.833 58.6561 
386.219 425.41 31.7292 
391.634 428.776 -0.0823871 
386.225 425.398 -31.894 
370.833 415.804 -58.8202 
347.845 401.512 -76.7928 
320.865 384.765 -83.1657 
293.864 368.033 -76.9233 
270.968 353.865 -58.933 
255.648 344.403 -31.9036 
266.721 313.094 -0.0221389 
272.254 316.171 31.8174 
287.994 324.873 58.7847 
311.557 337.901 76.7729 
339.344 353.288 83.0136 
367.113 368.688 76.6415 
390.783 381.821 58.6695 
406.638 390.63 31.7443 
412.213 393.726 -0.0665711 
406.644 390.619 -31.8777 
390.796 381.795 -58.8029 
367.134 368.645 -76.7727 
339.37 353.234 -83.1423 
311.585 337.842 -76.9012 
288.018 324.815 -58.9156 
272.247 316.119 -31.8888 
281.782 284.271 -0.00915768 
287.463 287.071 31.829 
303.615 294.991 58.7915 
327.788 306.855 76.7744 
356.29 320.876 83.0141 
384.773 334.912 76.6474 
409.06 346.873 58.6802 
425.333 354.889 31.7575 
431.056 357.706 -0.0523001 
425.339 354.88 -31.8626 
409.072 346.85 -58.7858 
384.791 334.873 -76.7516 
356.312 320.826 -83.1167 
327.812 306.802 -76.8774 
303.635 294.939 -58.8979 
287.451 287.023 -31.8749 
295.431 254.703 0.00232238 
301.247 257.223 31.8387 
317.771 264.351 58.795 
342.493 275.034 76.7705 
371.637 287.669 83.0086 
400.764 300.32 76.649 
425.612 311.077 58.6881 
442.268 318.274 31.7688 
448.126 320.802 -0.0395824 
442.274 318.267 -31.8487 
425.624 311.058 -58.769 
400.78 300.286 -76.7292 
371.657 287.626 -83.088 
342.514 274.987 -76.8511 
317.788 264.304 -58.8797 
301.231 257.18 -31.8622 
307.641 224.452 0.0122228 
313.577 226.688 31.8465 
330.434 233.018 58.7947 
355.644 242.515 76.7602 
385.356 253.754 82.9962 
415.055 265.003 76.6457 
440.409 274.523 58.6929 
457.41 280.873 31.7781 
463.389 283.103 -0.0283956 
457.416 280.867 -31.8359 
440.42 274.506 -58.7523 
415.07 264.973 -76.7051 
385.373 253.716 -83.0555 
355.662 242.474 -76.8215 
330.448 232.978 -58.8606 
313.557 226.65 -31.8506 
318.389 193.573 0.0205415 
324.432 195.525 31.8519 
341.583 201.059 58.7896 
367.218 209.372 76.7422 
397.423 219.219 82.9758 
427.623 229.056 76.6364 
453.427 237.299 58.6941 
470.734 242.772 31.7852 
476.821 244.696 -0.0191141 
470.74 242.768 -31.8247 
453.437 237.286 -58.7358 
427.637 229.031 -76.6785 
397.439 219.187 -83.0185 
367.234 209.338 -76.7872 
341.594 201.026 -58.8397 
324.41 195.494 -31.8397 
327.661 162.123 0.0272632 
333.796 163.791 31.8542 
351.201 168.535 58.7785 
377.199 175.683 76.7149 
407.821 184.156 82.9469 
438.449 192.58 76.6196 
464.645 199.493 58.6916 
482.217 204.058 31.7893 
488.395 205.669 -0.0118546 
482.224 204.058 -31.8147 
464.656 199.484 -58.7197 
438.463 192.559 -76.6486 
407.837 184.13 -82.9765 
377.214 175.657 -76.7467 
351.211 168.511 -58.8154 
333.772 163.769 -31.8285 
335.462 130.156 0.0325404 
341.673 131.541 31.8485 
359.286 135.508 58.7541 
385.577 141.528 76.6708 
416.535 148.67 82.9051 
447.513 155.675 76.5901 
474.038 161.187 58.6827 
491.82 164.812 31.7872 
498.067 166.103 -0.00709495 
491.829 164.815 -31.8036 
474.052 161.183 -58.7024 
447.529 155.658 -76.6104 
416.552 148.649 -82.9253 
385.593 141.51 -76.692 
359.297 135.495 -58.78 
341.65 131.53 -31.8119 
341.887 97.7494 0.0365804 
348.144 98.8461 31.8043 
365.887 102.053 58.6652 
392.361 107.004 76.5498 
423.531 112.888 82.7934 
454.759 118.436 76.507 
481.51 122.445 58.6353 
499.408 125.097 31.7551 
505.69 126.065 -0.00612877 
499.422 125.106 -31.7701 
481.53 122.447 -58.6534 
454.78 118.422 -76.5232 
423.552 112.873 -82.8069 
392.381 106.995 -76.5624 
365.903 102.055 -58.6804 
348.125 98.8518 -31.7581 
347.468 65.1024 0.037626 
353.694 65.9143 31.532 
371.355 68.3853 58.1786 
397.712 72.3235 75.9464 
428.752 77.0594 82.1667 
459.936 80.924 76.0161 
486.555 83.2734 58.235 
504.353 84.9221 31.5116 
510.601 85.5645 -0.0204499 
504.367 84.9375 -31.5452 
486.588 83.2821 -58.2444 
459.968 80.9127 -76.0215 
428.783 77.0494 -82.171 
397.741 72.3235 -75.9508 
371.383 68.4029 -58.181 
353.687 65.9413 -31.4791 
355.485 33.1837 0.0335814 
361.416 33.9478 30.0834 
378.236 36.2456 55.5251 
403.362 39.7844 72.5297 
433.001 43.9213 78.5175 
462.716 47.6418 72.5945 
487.934 50.3466 55.5503 
504.822 52.1267 30.034 
510.752 52.7482 -0.0332051 
504.824 52.0885 -30.0787 
487.97 50.3131 -55.5423 
462.751 47.6304 -72.5893 
433.035 43.9174 -78.5158 
403.393 39.7953 -72.5322 
378.258 36.2951 -55.5318 
361.401 34.0026 -30.0389 
364.623 2.32246 0.0218516 
370.176 3.01539 28.0897 
385.918 5.10191 51.8465 
409.437 8.24586 67.6971 
437.154 11.9031 73.2508 
464.882 15.3708 67.6769 
488.38 18.1653 51.7866 
504.093 20.0178 28.0024 
509.605 20.6277 -0.0194005 
504.09 19.9385 -28.0242 
488.401 18.1002 -51.773 
464.903 15.3624 -67.6737 
437.174 11.901 -73.2491 
409.455 8.25611 -67.6987 
385.922 5.17229 -51.8584 
370.149 3.09689 -28.0651 
376.193 -23.2524 0 
381.107 -22.5618 24.9464 
395.105 -20.6074 46.0912 
416.087 -17.8 60.1681 
440.795 -14.5258 65.0461 
465.443 -11.271 60.018 
486.289 -8.52296 45.885 
500.191 -6.69204 24.8143 
505.068 -6.05022 0.000255892 
500.191 -6.69297 -24.8137 
486.288 -8.52386 -45.8846 
465.443 -11.2716 -60.0178 
440.795 -14.5263 -65.0459 
416.087 -17.8004 -60.168 
395.105 -20.6075 -46.0912 
381.107 -22.5618 -24.9464 
-286.334 671.041 1.04561
-285.315 676.073 26.7989
-260.775 665.934 28.9124
-261.905 660.487 1.07451
-285.083 677.192 29.5497
-282.117 691.491 51.3621
-257.332 682.531 55.2255
-260.543 667.053 31.6631
-281.686 693.555 53.4645
-277.211 714.928 67.9992
-252.055 707.711 73.0404
-256.901 684.596 57.3279
-276.648 717.622 69.1336
-271.402 742.805 74.1916
-245.811 737.644 79.678
-251.492 710.405 74.1748
-270.805 745.722 74.1896
-265.749 770.928 69.0637
-239.751 767.868 74.1694
-245.214 740.561 79.6761
-265.222 773.629 67.9266
-261.143 795.079 53.393
-234.842 793.781 57.2803
-239.223 770.569 73.0323
-260.753 797.152 51.2888
-258.082 811.524 29.4861
-231.566 811.373 31.5828
-234.452 795.854 55.1762
-257.872 812.647 26.734
-256.91 817.679 0.977716
-230.314 817.935 0.989209
-231.356 812.495 28.8307
-256.907 817.677 -2.00215
-257.816 812.601 -27.7522
-231.289 812.457 -29.8293
-230.311 817.932 -1.99066
-258.022 811.475 -30.5033
-260.68 797.082 -52.2944
-234.365 795.784 -56.1619
-231.495 811.331 -32.5805
-261.069 795.007 -54.3966
-265.15 773.545 -68.9141
-239.148 770.482 -73.9922
-234.754 793.709 -58.2642
-265.678 770.843 -70.049
-270.737 745.633 -75.1525
-245.14 740.47 -80.6132
-239.676 767.78 -75.1271
-271.335 742.716 -75.152
-276.593 717.54 -70.0714
-251.428 710.322 -75.0885
-245.737 737.553 -80.6127
-277.157 714.848 -68.9346
-281.64 693.492 -54.3773
-256.876 684.543 -58.2114
-251.992 707.63 -73.9517
-282.073 691.43 -52.2721
-285.047 677.158 -30.445
-260.552 667.03 -32.5083
-257.31 682.481 -56.1063
-285.281 676.042 -27.6914
-286.333 671.039 -1.93442
-261.905 660.485 -1.90552
-260.785 665.913 -29.7547
-258.924 659.507 1.15101
-257.793 664.954 28.9889
-228.277 657.56 29.6355
-229.431 651.999 1.16735
-254.337 681.607 55.4403
-224.715 674.52 56.6389
-228.032 658.735 32.5246
-257.548 666.129 31.878
-249.035 706.889 73.3613
-219.212 700.265 74.9488
-224.258 676.686 58.8473
-253.881 683.773 57.6488
-242.756 736.955 80.0575
-212.687 730.898 81.7861
-218.614 703.092 76.1417
-248.438 709.715 74.5543
-236.664 767.322 74.5508
-206.494 761.866 76.1553
-212.059 733.959 81.7861
-242.128 740.016 80.0575
-231.736 793.371 57.6047
-201.652 788.441 58.8127
-205.947 764.702 74.9611
-236.117 770.159 73.3566
-228.448 811.067 31.7987
-198.401 806.491 32.4494
-201.251 790.619 56.6
-231.335 795.549 55.392
-227.19 817.685 1.06553
-197.151 813.233 1.07737
-198.184 807.67 29.5577
-228.231 812.245 28.907
-228.165 812.208 -29.9026
-198.138 807.63 -30.5242
-197.148 813.231 -2.05212
-227.187 817.683 -2.06396
-231.248 795.478 -56.3748
-201.179 790.552 -57.5443
-198.351 806.448 -33.4149
-228.378 811.026 -32.7933
-236.042 770.072 -74.3134
-205.871 764.619 -75.8829
-201.579 788.372 -59.7549
-231.648 793.298 -58.5854
-242.054 739.924 -80.9911
-211.983 733.869 -82.6808
-206.419 761.782 -77.0745
-236.589 767.235 -75.505
-248.373 709.632 -75.4644
-218.549 703.009 -77.0088
-212.612 730.808 -82.6783
-242.683 736.864 -80.9886
-253.856 683.721 -58.5283
-224.223 676.626 -59.6889
-219.148 700.184 -75.813
-248.972 706.807 -74.2686
-257.559 666.106 -32.7186
-228.029 658.7 -33.3321
-224.683 674.463 -57.4772
-254.316 681.557 -56.3166
-257.805 664.934 -29.8274
-258.924 659.506 -1.97813
-229.431 651.998 -1.96179
-228.275 657.528 -30.4408
-226.129 651.232 1.19035
-224.976 656.793 29.6585
-194.938 650.419 29.8142
-196.088 644.83 1.2075
-224.726 657.982 32.5875
-221.409 673.767 56.7018
-191.319 667.46 56.98
-194.688 651.607 32.7432
-220.937 675.96 58.9424
-215.89 699.539 75.0438
-185.623 693.32 75.4026
-190.848 669.653 59.2207
-215.267 702.4 76.2545
-209.34 730.206 81.8988
-178.768 724.071 82.2857
-184.999 696.182 76.6132
-208.695 733.303 81.8992
-203.13 761.211 76.2684
-172.588 755.229 76.6332
-178.123 727.169 82.286
-202.592 764.088 75.0596
-198.297 787.827 58.9113
-168.074 782.106 59.2489
-172.05 758.106 75.4245
-197.911 790.042 56.6667
-195.062 805.915 32.5161
-164.941 800.361 32.7199
-167.688 784.322 57.0044
-194.849 807.113 29.582
-193.815 812.676 1.10165
-163.706 807.174 1.11873
-164.729 801.559 29.7859
-193.813 812.674 -2.07313
-194.803 807.073 -30.5452
-164.698 801.524 -30.7161
-163.704 807.172 -2.05605
-195.012 805.872 -33.478
-197.841 789.976 -57.6073
-167.632 784.259 -57.914
-164.907 800.323 -33.6489
-198.225 787.758 -59.8496
-202.517 764.005 -75.9776
-171.979 758.024 -76.3096
-168.016 782.041 -60.1563
-203.055 761.126 -77.1837
-208.619 733.214 -82.79
-178.048 727.08 -83.1422
-172.516 755.145 -77.5157
-209.264 730.116 -82.7869
-215.201 702.317 -77.1173
-184.931 696.099 -77.4409
-178.693 723.982 -83.139
-215.826 699.457 -75.9039
-220.901 675.899 -59.7798
-190.799 669.588 -60.0247
-185.556 693.239 -76.2276
-221.375 673.709 -57.5364
-224.721 657.946 -33.3913
-194.67 651.566 -33.5137
-191.273 667.398 -57.7813
-224.973 656.76 -30.4601
-226.129 651.23 -1.98106
-196.087 644.828 -1.96392
-194.922 650.38 -30.5825
-192.793 644.108 1.21751
-191.643 649.696 29.8242
-162.247 643.05 29.8843
-163.619 637.494 1.23299
-191.368 650.888 32.766
-187.999 666.74 57.0028
-157.987 660.001 57.0915
-161.972 644.242 32.8261
-187.479 668.934 59.2486
-182.254 692.602 75.4305
-151.386 685.73 75.5225
-157.467 662.195 59.3373
-181.566 695.461 76.6409
-175.335 723.351 82.3133
-143.496 716.319 82.4062
-150.698 688.589 76.7328
-174.615 726.453 82.3076
-169.079 754.513 76.6548
-135.842 747.233 76.7227
-142.775 719.422 82.4005
-168.474 757.391 75.436
-164.498 781.391 59.2604
-129.846 773.963 59.3597
-135.236 750.111 75.5039
-164.063 783.601 57.014
-161.316 799.641 32.7295
-125.799 792.147 32.8099
-129.411 776.173 57.1132
-161.076 800.836 29.7911
-160.053 806.451 1.12397
-124.252 798.934 1.1449
-125.559 793.343 29.8714
-160.052 806.449 -2.05732
-161.046 800.801 -30.7174
-125.532 793.311 -30.7577
-124.25 798.932 -2.03639
-161.283 799.603 -33.6546
-164.008 783.539 -57.9197
-129.36 776.112 -57.9831
-125.769 792.112 -33.6949
-164.441 781.327 -60.164
-168.403 757.31 -76.3173
-135.168 750.03 -76.3496
-129.793 773.9 -60.2274
-169.008 754.43 -77.5335
-174.54 726.364 -83.16
-142.701 719.333 -83.2186
-135.772 747.151 -77.5658
-175.26 723.262 -83.1629
-181.498 695.378 -77.4648
-150.628 688.506 -77.5242
-143.421 716.231 -83.2215
-182.187 692.52 -76.2519
-187.43 668.87 -60.0491
-157.41 662.129 -60.107
-151.317 685.648 -76.3113
-187.952 666.678 -57.8005
-191.349 650.846 -33.5329
-161.941 644.195 -33.5624
-157.932 659.937 -57.8584
-191.627 649.657 -30.5889
-192.792 644.106 -1.97034
-163.618 637.492 -1.95485
-162.219 643.007 -30.6184
-160.392 636.696 1.23653
-159.02 642.252 29.8879
-130.1 634.482 29.914
-131.705 628.991 1.25314
-158.697 643.434 32.8326
-154.712 659.193 57.098
-125.14 651.24 57.1342
-129.776 635.663 32.8587
-154.107 661.369 59.3453
-148.027 684.904 75.5305
-117.519 676.689 75.5737
-124.535 653.417 59.3815
-147.231 687.74 76.7404
-140.028 715.47 82.4137
-108.408 706.945 82.4437
-116.723 679.525 76.7836
-139.176 718.54 82.407
-132.242 746.351 76.7292
-99.3321 737.474 76.7644
-107.556 710.015 82.4369
-131.486 749.2 75.5107
-126.096 773.052 59.3665
-91.8851 763.863 59.3908
-98.5762 740.323 75.5459
-125.539 775.243 57.1197
-121.927 791.217 32.8163
-86.876 781.842 32.8434
-91.3277 766.053 57.144
-121.623 792.404 29.8755
-120.317 797.995 1.14901
-84.9853 788.561 1.17012
-86.5729 783.029 29.9026
-120.315 797.993 -2.03589
-121.597 792.371 -30.7572
-86.5493 782.998 -30.7426
-84.984 788.56 -2.01478
-121.897 791.182 -33.6969
-125.488 775.182 -57.9852
-91.2808 765.994 -57.9692
-86.8499 781.808 -33.6823
-126.044 772.989 -60.2301
-131.418 749.119 -76.3523
-98.5107 740.243 -76.349
-91.8362 763.801 -60.2141
-132.173 746.269 -77.5683
-139.101 718.451 -83.2211
-107.482 709.926 -83.2148
-99.2654 737.393 -77.565
-139.953 715.382 -83.2253
-147.16 687.657 -77.528
-116.651 679.441 -77.5372
-108.334 706.857 -83.219
-147.957 684.822 -76.3158
-154.049 661.303 -60.1115
-124.472 653.348 -60.1154
-117.447 676.606 -76.325
-154.656 659.129 -57.8614
-158.666 643.387 -33.5654
-129.739 635.614 -33.5585
-125.078 651.174 -57.8653
-158.992 642.209 -30.6183
-160.391 636.694 -1.95477
-131.703 628.988 -1.93816
-130.065 634.436 -30.6114
-128.533 628.061 1.25555
-126.928 633.552 29.9164
-98.523 624.517 29.9379
-100.365 619.109 1.27328
-126.555 634.718 32.8623
-121.918 650.295 57.1378
-92.8419 641.027 57.1689
-98.1496 625.684 32.8839
-121.223 652.444 59.3864
-114.206 675.716 75.5785
-84.1398 666.11 75.6208
-92.1465 643.175 59.4174
-113.293 678.516 76.7881
-104.979 705.937 82.4482
-73.7326 695.936 82.4873
-83.2265 668.91 76.8304
-103.992 708.964 82.4409
-95.7682 736.423 76.7684
-63.2638 726.004 76.8068
-72.7459 698.963 82.48
-94.8716 739.231 75.5497
-88.1805 762.771 59.3946
-54.4551 751.974 59.4183
-62.3672 728.812 75.5881
-87.5074 764.931 57.1468
-83.0557 780.72 32.8462
-48.5162 769.674 32.8685
-53.7819 754.134 57.1704
-82.6914 781.89 29.9051
-81.1038 787.423 1.17265
-46.2881 776.295 1.19422
-48.1519 770.845 29.9274
-81.1026 787.421 -2.0126
-82.668 781.859 -30.7404
-48.1311 770.815 -30.72
-46.287 776.294 -1.99104
-83.0299 780.686 -33.6805
-87.4608 764.872 -57.9674
-53.7386 754.076 -57.9495
-48.493 769.642 -33.66
-88.1319 762.709 -60.2134
-94.8065 739.151 -76.3484
-62.3043 728.733 -76.347
-54.4097 751.914 -60.1956
-95.7017 736.342 -77.5648
-103.918 708.876 -83.2146
-72.6731 698.875 -83.216
-63.1996 725.923 -77.5635
-104.905 705.848 -83.2195
-113.221 678.432 -77.5377
-83.1532 668.826 -77.5443
-73.6594 695.848 -83.2209
-114.135 675.633 -76.326
-121.159 652.375 -60.1164
-92.0795 643.105 -60.1134
-84.0669 666.026 -76.3326
-121.856 650.229 -57.8652
-126.517 634.669 -33.5584
-98.1085 625.632 -33.5449
-92.7766 640.958 -57.8622
-126.893 633.506 -30.61
-128.531 628.059 -1.93674
-100.363 619.106 -1.91901
-98.4852 624.469 -30.5965
-97.2532 618.038 1.27559
-95.411 623.447 29.9402
-67.5611 613.118 29.961
-69.644 607.806 1.29432
-94.9864 624.594 32.887
-89.6787 639.937 57.1721
-61.1443 629.336 57.2009
-67.1365 614.265 32.9078
-88.8894 642.051 59.4217
-80.8827 664.986 75.6251
-51.3279 653.986 75.6648
-60.355 631.45 59.4506
-79.8469 667.742 76.835
-70.353 694.767 82.4919
-39.5877 683.301 82.5329
-50.2921 656.742 76.8747
-69.2304 697.745 82.4843
-59.7483 724.786 76.811
-27.736 712.839 76.8477
-38.4651 686.278 82.5253
-58.7163 727.546 75.5918
-50.8042 750.709 59.422
-17.631 738.333 59.4472
-26.704 715.599 75.6284
-50.0206 752.832 57.1731
-44.7548 768.372 32.8712
-10.7944 755.704 32.8932
-16.8474 740.456 57.1983
-44.3312 769.522 29.9299
-42.4674 774.973 1.19665
-8.23616 762.205 1.21853
-10.3707 756.854 29.9519
-42.4664 774.971 -1.98867
-44.3105 769.492 -30.7176
-10.3523 756.826 -30.6963
-8.23513 762.204 -1.9668
-44.732 768.339 -33.658
-49.9776 752.774 -57.9475
-16.8073 740.4 -57.9304
-10.7738 755.672 -33.6367
-50.7592 750.648 -60.1947
-58.6538 727.467 -76.3462
-26.6437 715.521 -76.3423
-17.5888 738.274 -60.1776
-59.6843 724.706 -77.5634
-69.1578 697.657 -83.2159
-38.3936 686.191 -83.2181
-27.6743 712.759 -77.5594
-70.2798 694.679 -83.2214
-79.7736 667.657 -77.5448
-50.2181 656.657 -77.5475
-39.5156 683.213 -83.2236
-80.8096 664.902 -76.333
-88.8222 641.981 -60.1138
-60.2856 631.378 -60.1071
-51.2541 653.902 -76.3356
-89.6131 639.868 -57.8615
-94.945 624.542 -33.5441
-67.0938 614.211 -33.5281
-61.0766 629.265 -57.8548
-95.3731 623.398 -30.5948
-97.2511 618.036 -1.91727
-69.642 607.803 -1.89854
-67.5218 613.067 -30.5787
-66.5962 606.592 1.29662
-64.5132 611.905 29.9633
-37.2609 600.286 29.9839
-39.5864 595.082 1.31608
-64.0368 613.03 32.9108
-58.0446 628.101 57.2038
-30.1018 616.173 57.23
-36.7844 601.411 32.9314
-57.1597 630.175 59.4545
-48.1326 652.711 75.6687
-19.1577 640.327 75.7032
-29.2169 618.247 59.4806
-46.972 655.415 76.8791
-36.2676 681.974 82.5373
-6.07246 669.056 82.5741
-17.9971 643.032 76.9136
-35.0086 684.895 82.5293
-24.2795 711.455 76.8517
7.15328 697.994 76.884
-4.81347 671.977 82.5662
-23.1156 714.162 75.6319
-14.0427 736.896 59.4506
18.5044 722.955 59.4752
8.31714 700.7 75.6642
-13.1531 738.977 57.201
-7.10005 754.224 32.896
26.2064 739.957 32.918
19.394 725.036 57.2256
-6.61875 755.352 29.9544
-4.48422 760.703 1.22099
29.0865 746.322 1.24309
26.6877 741.084 29.9765
-4.4833 760.702 -1.96439
-6.60043 755.323 -30.6939
26.7042 741.057 -30.6721
29.0874 746.321 -1.94229
-7.07975 754.193 -33.6347
-13.1133 738.921 -57.9284
19.4313 724.982 -57.9102
26.2249 739.927 -33.6129
-14.0007 736.837 -60.1765
-23.0556 714.084 -76.3411
8.37487 700.623 -76.3321
18.5438 722.898 -60.1583
-24.2179 711.376 -77.559
-34.9372 684.808 -83.2177
-4.74348 671.89 -83.2149
7.21258 697.915 -77.55
-36.1955 681.886 -83.2237
-46.8981 655.33 -77.5475
-17.9234 642.946 -77.5439
-6.00177 668.969 -83.2209
-48.0587 652.626 -76.3354
-57.0902 630.102 -60.1069
-29.1468 618.173 -60.0964
-19.0841 640.243 -76.3318
-57.9767 628.03 -57.8536
-63.994 612.975 -33.5269
-36.7416 601.354 -33.5093
-30.0333 616.101 -57.8431
-64.474 611.853 -30.5768
-66.5941 606.59 -1.89662
-39.5843 595.079 -1.87716
-37.2216 600.232 -30.5592
-36.6076 593.726 1.31839
-34.282 598.93 29.9862
-7.67376 586.036 30.0067
-10.2417 580.953 1.33829
-33.7535 600.031 32.934
-27.0709 614.793 57.2327
0.226066 601.556 57.2564
-7.14525 587.137 32.9545
-26.09 616.823 59.484
-16.0309 638.902 75.7065
12.2971 625.154 75.7357
1.20698 603.585 59.5077
-14.7451 641.548 76.9173
-2.82041 667.573 82.5779
26.7235 653.224 82.6089
13.5829 627.8 76.9464
-1.42541 670.43 82.5697
10.5413 696.446 76.8875
41.3094 681.489 76.9149
28.1185 656.081 82.6008
11.8341 699.093 75.6672
22.0214 721.348 59.4783
53.8659 705.863 59.5009
42.6021 684.135 75.6946
23.013 723.382 57.2283
29.8254 738.303 32.9207
62.402 722.459 32.9422
54.8575 707.898 57.2509
30.3624 739.405 29.9789
32.7611 744.643 1.24555
65.5944 728.673 1.26775
62.939 723.561 30.0004
32.762 744.641 -1.93985
30.3788 739.378 -30.6697
62.9538 723.535 -30.6472
65.5952 728.672 -1.91765
29.8436 738.273 -33.6107
23.05 723.328 -57.908
54.8922 707.845 -57.8876
62.4186 722.43 -33.5882
22.0605 721.291 -60.1567
11.8915 699.016 -76.3305
42.6573 684.06 -76.3161
53.9026 705.808 -60.1363
10.6004 696.368 -77.549
-1.35564 670.343 -83.2139
28.1866 655.994 -83.2048
41.3662 681.413 -77.5347
-2.74984 667.486 -83.2202
-14.6715 641.463 -77.5433
13.6555 627.714 -77.5337
26.7924 653.137 -83.2111
-15.9573 638.818 -76.331
-26.02 616.748 -60.0956
1.27661 603.51 -60.082
12.3698 625.069 -76.3214
-27.0025 614.72 -57.8416
-33.7108 599.974 -33.5078
-7.10352 587.078 -33.4892
0.294108 601.482 -57.828
-34.2428 598.877 -30.5572
-36.6055 593.723 -1.87512
-10.2396 580.95 -1.85521
-7.63554 585.981 -30.5386
-7.33712 579.457 1.34059
-4.76921 584.541 30.009
21.1452 570.394 30.0291
18.3368 565.442 1.36069
-4.18901 585.615 32.957
3.18231 600.034 57.2589
29.7771 585.508 57.2807
21.7254 571.467 32.9771
4.25856 602.013 59.5106
15.3487 623.582 75.7386
42.9626 608.491 75.7637
30.8533 587.488 59.5323
16.7589 626.162 76.9496
29.8995 651.586 82.6121
58.7156 635.83 82.6386
44.3728 611.072 76.9747
31.4289 654.373 82.6038
44.6197 679.781 76.9179
74.636 663.357 76.9418
60.245 638.617 82.6303
46.0385 682.361 75.6973
57.3022 704.089 59.5035
88.3645 687.086 59.5246
76.0547 665.937 75.7212
58.3925 706.072 57.2533
65.937 720.633 32.9447
97.7072 703.239 32.9658
89.4548 689.069 57.2743
66.5278 721.707 30.0029
69.1833 726.819 1.2702
101.202 709.289 1.29247
98.2981 704.313 30.024
69.184 726.818 -1.91518
66.5426 721.681 -30.6447
98.3116 704.289 -30.6217
101.203 709.287 -1.89291
65.9535 720.605 -33.5858
58.427 706.019 -57.8852
89.4872 689.018 -57.863
97.7225 703.212 -33.5628
57.3388 704.033 -60.1342
46.0934 682.286 -76.3141
76.1073 665.863 -76.2961
88.3989 687.033 -60.112
44.6763 679.704 -77.5331
31.4967 654.286 -83.2032
60.3106 638.531 -83.1892
74.6901 663.282 -77.5151
29.9681 651.499 -83.2099
16.8313 626.076 -77.5325
44.4435 610.986 -77.5187
58.7821 635.744 -83.1959
15.4212 623.496 -76.3201
4.32806 601.937 -60.0806
30.9216 587.411 -60.0648
43.0335 608.406 -76.3062
3.25022 599.959 -57.8263
-4.14741 585.555 -33.4875
21.7652 571.406 -33.4683
29.8437 585.433 -57.8104
-4.73107 584.485 -30.5365
-7.33515 579.454 -1.8531
18.3388 565.439 -1.833
21.1816 570.336 -30.5173
21.1616 563.809 1.36296
23.97 568.761 30.0314
49.1396 553.386 30.0511
46.0941 548.578 1.38307
24.6013 569.805 32.9795
32.6529 583.846 57.2831
58.4932 568.057 57.3031
49.7708 554.43 32.9992
33.8232 585.771 59.5349
45.9324 606.774 75.7663
72.7748 590.366 75.7884
59.6635 569.981 59.555
47.465 609.283 76.9775
61.8078 634.041 82.6413
89.8281 616.906 82.6643
74.3074 592.875 76.9995
63.4693 636.75 82.6329
77.8603 661.491 76.9444
107.054 643.628 76.9658
91.4896 619.615 82.6558
79.4018 663.999 75.7236
91.7116 685.148 59.527
121.917 666.658 59.547
108.596 646.135 75.745
92.8974 687.075 57.2767
101.15 701.245 32.9682
132.037 682.334 32.9889
123.103 668.586 57.2967
101.793 702.288 30.0265
104.696 707.264 1.29489
135.823 688.205 1.31704
132.68 683.378 30.0472
104.697 707.263 -1.89042
101.806 702.264 -30.6192
132.692 683.354 -30.596
135.824 688.204 -1.86827
101.165 701.218 -33.5603
92.9296 687.024 -57.8606
123.133 668.536 -57.8376
132.051 682.308 -33.5371
91.7458 685.094 -60.1097
79.4541 663.925 -76.2938
108.645 646.063 -76.2735
121.95 666.607 -60.0867
77.9142 661.415 -77.5132
63.5346 636.664 -83.1873
91.5524 619.53 -83.1698
107.105 643.554 -77.4928
61.8741 633.955 -83.1942
47.5356 609.197 -77.517
74.3757 592.789 -77.5001
89.8919 616.82 -83.1768
46.0031 606.689 -76.3045
33.8912 585.694 -60.0631
59.7295 569.904 -60.0456
72.8432 590.281 -76.2876
32.7193 583.771 -57.8085
24.6408 569.743 -33.4664
49.808 554.366 -33.4467
58.5577 567.981 -57.791
24.0062 568.703 -30.5151
21.1634 563.806 -1.83084
46.096 548.575 -1.81073
49.1733 553.326 -30.4955
48.8335 546.812 1.3853
51.8789 551.619 30.0533
76.2515 535.047 30.0727
72.9739 530.396 1.40526
52.5603 552.631 33.0015
61.2827 566.258 57.3054
86.3114 549.237 57.324
76.9329 536.058 33.0208
62.5452 568.122 59.5573
75.6564 588.507 75.7906
101.664 570.817 75.8096
87.5739 551.102 59.5759
77.3089 590.938 77.0019
92.8296 614.969 82.6666
119.985 596.49 82.6856
103.316 573.248 77.0209
94.62 617.594 82.6581
110.184 641.607 76.9681
138.482 622.342 76.9863
121.775 599.115 82.6771
111.845 644.036 75.7472
125.167 664.559 59.5492
154.442 644.622 59.5674
140.143 624.771 75.7654
126.445 666.426 57.299
135.379 680.175 32.9912
165.31 659.787 33.0109
155.72 646.489 57.3171
136.072 681.186 30.0496
139.215 686.014 1.31941
169.377 665.468 1.34121
166.003 660.798 30.0693
139.216 686.013 -1.86577
136.084 681.163 -30.5935
166.015 660.776 -30.5699
169.378 665.467 -1.84397
135.393 680.149 -33.5346
126.475 666.377 -57.835
155.749 646.442 -57.8108
165.323 659.763 -33.511
125.199 664.508 -60.0842
111.895 643.964 -76.271
140.19 624.701 -76.2479
154.473 644.573 -60.06
110.235 641.533 -77.4905
94.6825 617.509 -83.1675
121.835 599.031 -83.1465
138.531 622.269 -77.4675
92.8931 614.883 -83.1747
77.3769 590.852 -77.498
103.381 573.162 -77.4783
120.046 596.406 -83.1537
75.7246 588.422 -76.2857
62.611 568.045 -60.0436
87.6371 551.024 -60.0249
101.729 570.732 -76.266
61.3469 566.181 -57.789
52.5972 552.567 -33.4447
76.9668 535.994 -33.425
86.3731 549.161 -57.7703
51.9125 551.559 -30.4933
48.8352 546.809 -1.80855
72.9756 530.393 -1.78859
76.2821 534.986 -30.4736
75.6221 528.499 1.40745
78.8996 533.15 30.0749
102.422 515.415 30.0936
98.9185 510.933 1.4271
79.6299 534.126 33.0229
89.0085 547.306 57.3261
113.169 529.09 57.3429
103.153 516.392 33.0416
90.3608 549.105 59.5779
104.451 568.82 75.8116
129.562 549.885 75.827
114.522 530.89 59.5947
106.22 571.167 77.0227
122.889 594.409 82.6875
149.114 574.627 82.7015
131.331 552.231 77.0381
124.804 596.944 82.6789
141.511 620.17 76.9881
168.841 599.546 77.0016
151.029 577.162 82.6929
143.287 622.516 75.7673
157.587 642.367 59.5692
185.859 621.026 59.5844
170.618 601.892 75.7808
158.953 644.17 57.3192
168.543 657.468 33.0129
197.446 635.647 33.031
187.226 622.829 57.3344
169.284 658.444 30.0715
172.658 663.114 1.34348
201.783 641.125 1.36492
198.187 636.624 30.0897
172.659 663.113 -1.84145
169.296 658.422 -30.5673
198.198 636.603 -30.5429
201.784 641.124 -1.82001
168.556 657.443 -33.5083
158.981 644.123 -57.8081
187.252 622.784 -57.7816
197.458 635.624 -33.4838
157.617 642.318 -60.0572
143.334 622.446 -76.2451
170.662 601.823 -76.218
185.887 620.978 -60.0307
141.559 620.098 -77.4648
124.864 596.86 -83.1438
151.086 577.08 -83.1185
168.887 599.476 -77.4377
122.949 594.325 -83.1512
106.285 571.082 -77.4759
131.393 552.147 -77.4532
149.171 574.545 -83.1259
104.516 568.735 -76.2638
90.4237 549.028 -60.0227
114.581 530.812 -60.0028
129.624 549.801 -76.2412
89.0698 547.229 -57.7682
79.6635 534.062 -33.4229
103.183 516.326 -33.4032
113.228 529.013 -57.7482
78.9301 533.089 -30.4714
75.6236 528.496 -1.78641
98.9201 510.93 -1.76676
102.449 515.354 -30.4517
101.47 508.91 1.42921
104.973 513.392 30.0957
127.593 494.532 30.1133
123.87 490.23 1.44839
105.751 514.331 33.0435
115.768 527.029 57.3448
139.005 507.657 57.3587
128.37 495.472 33.0612
117.207 528.76 59.5963
132.247 547.755 75.8286
156.404 527.616 75.8379
140.444 509.388 59.6102
134.129 550.011 77.0394
151.912 572.408 82.7027
177.145 551.366 82.7076
158.286 529.873 77.0487
153.949 574.845 82.6939
171.761 597.229 77.0025
198.056 575.291 77.0044
179.181 553.804 82.6987
173.649 599.486 75.7818
188.89 618.62 59.5854
216.087 595.92 59.5904
199.944 577.547 75.7836
190.342 620.355 57.3358
200.562 633.173 33.0325
228.363 609.963 33.0451
217.539 597.654 57.3408
201.349 634.112 30.0917
204.945 638.614 1.36696
232.958 615.226 1.38792
229.15 610.903 30.1044
204.946 638.613 -1.81736
201.36 634.092 -30.5403
229.16 610.883 -30.5113
232.959 615.225 -1.7964
200.574 633.15 -33.4806
190.368 620.309 -57.7784
217.563 597.611 -57.7426
228.374 609.941 -33.4517
188.918 618.572 -60.0272
173.693 599.417 -76.2145
199.985 577.481 -76.1766
216.113 595.874 -59.9914
171.806 597.159 -77.4342
154.005 574.763 -83.115
179.234 553.724 -83.0813
198.099 575.223 -77.3963
151.969 572.325 -83.1229
134.191 549.927 -77.4502
158.344 529.79 -77.4223
177.198 551.286 -83.0892
132.309 547.671 -76.2386
117.267 528.682 -60.0002
140.5 509.311 -59.9782
156.462 527.533 -76.2108
115.826 526.952 -57.746
105.781 514.266 -33.4009
128.396 495.406 -33.3811
139.059 507.581 -57.7239
105 513.33 -30.4496
101.471 508.906 -1.76459
123.871 490.226 -1.74541
127.616 494.47 -30.4297
126.318 488.084 1.4504
130.041 492.387 30.1153
151.703 472.442 30.1318
147.769 468.329 1.46901
130.864 493.287 33.0628
141.499 505.472 57.3603
163.756 484.985 57.3705
152.527 473.342 33.0793
143.022 507.13 59.6111
158.982 525.357 75.8388
182.125 504.06 75.8371
165.28 486.643 59.6212
160.973 527.518 77.0485
179.832 549.012 82.7074
204.01 526.759 82.687
184.115 506.221 77.0467
181.985 551.347 82.697
200.86 572.834 77.0027
226.056 549.632 76.9566
206.163 529.094 82.6766
202.853 574.995 75.7813
218.995 593.368 59.5881
245.021 569.331 59.5432
228.048 551.794 75.7352
220.527 595.028 57.3395
231.351 607.337 33.0438
257.931 582.737 33.0244
246.553 570.992 57.2946
232.182 608.236 30.1053
235.99 612.559 1.38889
262.764 587.762 1.40929
258.762 583.637 30.0859
235.991 612.558 -1.79279
232.192 608.217 -30.5077
258.771 583.618 -30.4477
262.765 587.761 -1.77239
231.362 607.315 -33.4459
220.552 594.985 -57.7368
246.576 570.951 -57.6521
257.942 582.717 -33.3859
219.022 593.322 -59.9847
202.894 574.929 -76.1699
228.087 551.73 -76.0851
245.045 569.288 -59.9001
200.902 572.766 -77.3904
182.037 551.267 -83.0754
206.212 529.016 -83.0175
226.095 549.567 -77.3056
179.885 548.932 -83.0848
161.031 527.436 -77.418
184.17 506.14 -77.38
204.06 526.681 -83.0269
159.04 525.275 -76.2076
143.078 507.053 -59.975
165.332 486.567 -59.9503
182.179 503.979 -76.1697
141.553 505.396 -57.7215
130.89 493.221 -33.3787
152.549 473.276 -33.3588
163.807 484.91 -57.6968
130.064 492.325 -30.4275
126.319 488.081 -1.74327
147.77 468.326 -1.72466
151.722 472.38 -30.4077
150.109 466.066 1.47092
154.043 470.179 30.1337
174.7 449.192 30.1493
170.563 445.28 1.48887
154.911 471.037 33.0807
166.14 482.68 57.3719
187.365 461.123 57.3808
175.567 450.05 33.0963
167.744 484.26 59.6216
184.589 501.677 75.8375
206.66 479.266 75.8344
188.969 462.704 59.6305
186.684 503.737 77.0455
206.579 524.276 82.6857
229.64 500.858 82.6649
208.755 481.326 77.0424
208.844 526.502 82.6729
228.737 547.04 76.9528
252.786 522.608 76.9071
231.905 503.084 82.652
230.83 549.099 75.73
247.803 566.637 59.5379
272.665 541.309 59.4939
254.88 524.667 75.6842
249.41 568.217 57.291
260.789 579.962 33.0207
286.185 554.04 33.002
274.272 542.889 57.247
261.66 580.818 30.0859
265.663 584.943 1.40931
291.246 558.812 1.42892
287.056 554.896 30.0672
265.663 584.942 -1.76798
261.669 580.8 -30.4433
287.065 554.879 -30.3857
291.247 558.811 -1.74837
260.799 579.942 -33.3779
249.433 568.176 -57.6442
274.293 542.85 -57.562
286.195 554.021 -33.3203
247.827 566.593 -59.8906
230.868 549.036 -76.0756
254.915 524.606 -75.9927
272.687 541.267 -59.8084
228.776 546.975 -77.2977
208.893 526.424 -83.0096
231.95 503.009 -82.9528
252.823 522.545 -77.2148
206.628 524.198 -83.0216
186.738 503.656 -77.3747
208.805 481.247 -77.3369
229.686 500.782 -82.9648
184.643 501.596 -76.1662
167.796 484.184 -59.9468
189.017 462.629 -59.922
206.71 479.187 -76.1284
166.19 482.605 -57.6943
154.932 470.971 -33.3564
175.584 449.985 -33.3368
187.411 461.049 -57.6695
154.062 470.117 -30.4056
150.11 466.063 -1.72255
170.564 445.276 -1.7046
174.714 449.131 -30.386
172.789 442.904 1.49071
176.925 446.817 30.1511
196.528 424.835 30.1665
192.2 421.133 1.50787
177.835 447.63 33.0977
189.633 458.704 57.3822
209.774 436.122 57.3934
197.438 425.649 33.1131
191.314 460.202 59.6311
209.004 476.765 75.8351
229.946 453.286 75.8414
211.455 437.621 59.6423
211.199 478.719 77.042
232.084 498.25 82.6644
253.965 473.715 82.6668
232.141 455.24 77.0483
234.456 500.361 82.6503
255.337 519.886 76.9053
278.154 494.292 76.9065
256.337 475.825 82.6527
257.53 521.837 75.682
275.314 538.479 59.4917
298.93 511.985 59.4971
280.347 496.243 75.6831
276.996 539.976 57.2457
288.909 551.127 33.0008
313.056 524.037 33.0131
300.611 513.483 57.2511
289.819 551.939 30.0681
294.009 555.855 1.42981
318.343 528.557 1.44839
313.967 524.849 30.0804
294.01 555.854 -1.74503
289.828 551.922 -30.3823
313.975 524.833 -30.3577
318.344 528.556 -1.72645
288.918 551.108 -33.3148
277.016 539.938 -57.5566
300.631 513.446 -57.5257
313.065 524.019 -33.2902
275.336 538.438 -59.802
257.564 521.776 -75.9863
280.379 496.185 -75.952
298.95 511.946 -59.7712
255.373 519.823 -77.209
234.501 500.287 -82.947
256.378 475.754 -82.915
278.188 494.232 -77.1747
232.129 498.175 -82.9606
211.248 478.64 -77.3326
232.187 455.164 -77.3056
254.007 473.642 -82.9285
209.053 476.686 -76.1253
191.361 460.128 -59.9189
211.499 437.548 -59.8979
229.992 453.21 -76.0983
189.678 458.63 -57.6672
177.852 447.565 -33.3345
197.45 425.585 -33.3164
209.816 436.05 -57.6461
176.94 446.755 -30.384
172.79 442.901 -1.70258
192.201 421.13 -1.68542
196.539 424.775 -30.3659
194.307 418.65 1.50966
198.635 422.352 30.1683
217.135 399.422 30.1838
212.627 395.942 1.5259
199.584 423.119 33.1146
211.92 433.593 57.3949
230.928 410.035 57.4081
218.084 400.19 33.1301
213.674 435.006 59.6434
232.165 450.671 75.8425
251.925 426.176 75.8533
232.681 411.448 59.6566
234.454 452.514 77.0491
256.277 470.989 82.6676
276.922 445.392 82.6771
254.214 428.019 77.0599
258.751 472.98 82.6534
280.568 491.446 76.9071
302.094 464.751 76.9187
279.396 447.383 82.6628
282.854 493.287 75.684
301.437 509.029 59.498
323.717 481.401 59.5129
304.38 466.591 75.6956
303.19 510.442 57.2525
315.635 520.996 33.0145
338.418 492.748 33.0311
325.47 482.814 57.2674
316.584 521.762 30.0822
320.961 525.47 1.4502
343.92 497.004 1.46797
339.367 493.514 30.0989
320.961 525.469 -1.72423
316.592 521.747 -30.3555
339.375 493.499 -30.3369
343.92 497.003 -1.70646
315.644 520.979 -33.2876
303.209 510.406 -57.5231
325.487 482.781 -57.5034
338.426 492.731 -33.269
301.457 508.99 -59.7682
282.886 493.229 -75.9491
304.409 466.537 -75.927
323.735 481.365 -59.7485
280.601 491.387 -77.1717
258.791 472.909 -82.9119
279.433 447.315 -82.8886
302.124 464.695 -77.1496
256.319 470.917 -82.9256
234.499 452.438 -77.3028
254.255 427.947 -77.282
276.96 445.323 -82.9024
232.21 450.595 -76.0959
213.717 434.934 -59.8955
232.72 411.378 -59.8781
251.967 426.104 -76.0751
211.962 433.521 -57.6441
199.596 423.056 -33.3143
218.092 400.127 -33.298
230.965 409.966 -57.6267
198.645 422.292 -30.364
194.307 418.647 -1.68354
212.627 395.938 -1.6673
217.141 399.364 -30.3477
214.609 393.356 1.52761
219.117 396.837 30.1855
236.471 373.009 30.2002
231.793 369.759 1.54286
220.103 397.556 33.1317
232.947 407.402 57.4097
250.774 382.922 57.4225
237.457 373.728 33.1464
234.768 408.726 59.658
254.013 423.454 75.8547
272.545 398.002 75.8657
252.596 384.247 59.6707
256.39 425.181 77.0611
279.098 442.554 82.6782
298.458 415.961 82.689
274.922 399.729 77.0721
281.666 444.42 82.6641
304.364 461.788 76.92
324.548 434.059 76.9333
301.026 417.827 82.6749
306.738 463.515 75.6972
326.075 478.324 59.5144
346.963 449.629 59.5301
326.922 435.785 75.7104
327.895 479.65 57.2691
340.843 489.583 33.0329
362.204 460.242 33.0495
348.784 450.954 57.2848
341.829 490.302 30.1007
346.382 493.792 1.46985
367.908 464.225 1.48663
363.19 460.961 30.1173
346.382 493.792 -1.70452
341.837 490.287 -30.3349
363.197 460.948 -30.3182
367.909 464.224 -1.68773
340.852 489.567 -33.267
327.913 479.616 -57.5014
348.8 450.923 -57.4844
362.212 460.227 -33.2503
326.093 478.289 -59.7464
306.767 463.461 -75.9249
326.948 435.734 -75.9064
346.98 449.596 -59.7294
304.394 461.733 -77.1472
281.703 444.353 -82.8863
301.059 417.763 -82.8664
324.575 434.006 -77.1287
279.135 442.486 -82.9001
256.431 425.109 -77.2797
274.959 399.661 -77.261
298.492 415.896 -82.8801
254.053 423.382 -76.0731
234.807 408.656 -59.876
252.63 384.18 -59.86
272.582 397.933 -76.0544
232.984 407.332 -57.6249
220.111 397.494 -33.2962
237.46 373.669 -33.2811
250.807 382.856 -57.6089
219.123 396.778 -30.3459
214.609 393.353 -1.66554
231.793 369.756 -1.65029
236.472 372.953 -30.3308
233.646 367.077 1.54445
238.324 370.328 30.2018
254.49 345.656 30.2153
249.655 342.643 1.55861
239.344 370.997 33.1478
252.662 380.191 57.4239
269.269 354.847 57.4349
255.51 346.325 33.1612
254.547 381.423 59.6719
274.496 395.179 75.8669
291.758 368.832 75.8757
271.154 356.079 59.683
276.956 396.787 77.0732
300.491 413.018 82.6901
318.52 385.495 82.6989
294.217 370.44 77.082
303.147 414.756 82.6762
326.67 430.987 76.9345
345.464 402.294 76.9463
321.177 387.233 82.685
329.125 432.595 75.712
349.167 446.439 59.5316
368.616 416.748 59.5458
347.919 403.901 75.7238
351.05 447.674 57.2865
364.47 456.962 33.0512
384.361 426.602 33.0664
370.5 417.983 57.3007
365.49 457.631 30.1191
370.209 460.896 1.4884
390.254 430.301 1.50393
385.381 427.272 30.1343
370.209 460.895 -1.68593
365.497 457.618 -30.3164
385.387 427.26 -30.3008
390.255 430.301 -1.6704
364.478 456.947 -33.2484
351.066 447.643 -57.4826
370.514 417.955 -57.4665
384.368 426.589 -33.2329
349.183 446.406 -59.7275
329.151 432.545 -75.9045
347.943 403.855 -75.8868
368.632 416.718 -59.7114
326.696 430.935 -77.1266
303.181 414.693 -82.8643
321.206 387.174 -82.8445
345.488 402.245 -77.109
300.525 412.954 -82.878
276.992 396.719 -77.2588
294.25 370.376 -77.24
318.55 385.435 -82.8582
274.533 395.11 -76.0524
254.581 381.357 -59.8581
271.183 356.016 -59.8424
291.79 368.768 -76.0337
252.694 380.125 -57.6072
239.347 370.937 -33.2794
255.509 346.269 -33.2651
269.297 354.784 -57.5916
238.325 370.272 -30.3291
233.646 367.074 -1.64865
249.655 342.64 -1.63449
254.487 345.603 -30.3149
251.375 339.871 1.56005
256.209 342.884 30.2167
271.152 317.425 30.2286
266.172 314.656 1.57301
257.262 343.502 33.1624
271.021 352.024 57.4361
286.37 325.874 57.4449
272.205 318.043 33.1744
272.964 353.161 59.6839
293.569 365.914 75.8766
309.52 338.737 75.882
288.314 327.012 59.6926
296.104 367.4 77.0828
320.407 382.454 82.6997
337.065 354.071 82.7048
312.056 340.223 77.0882
323.145 384.06 82.6859
347.432 399.121 76.9473
364.795 369.537 76.9562
339.803 355.677 82.691
349.964 400.607 75.7251
370.661 413.454 59.5471
388.629 382.843 59.5592
367.326 371.023 75.734
372.603 414.595 57.3022
386.463 423.214 33.0679
404.84 391.912 33.0816
390.571 383.984 57.3142
387.515 423.833 30.136
392.389 426.862 1.50554
410.91 395.317 1.51977
405.892 392.531 30.1496
392.389 426.862 -1.66872
387.521 423.821 -30.2991
405.898 392.521 -30.2845
410.911 395.317 -1.65449
386.47 423.201 -33.2311
372.617 414.567 -57.4648
390.584 383.959 -57.4492
404.847 391.901 -33.2165
370.676 413.424 -59.7096
349.987 400.561 -75.8849
367.347 370.98 -75.8668
388.643 382.816 -59.694
347.456 399.073 -77.1069
323.174 384.002 -82.8424
339.829 355.623 -82.8214
364.816 369.493 -77.0888
320.436 382.395 -82.856
296.136 367.336 -77.2378
312.084 340.164 -77.218
337.091 354.016 -82.835
293.6 365.851 -76.0317
272.993 353.099 -59.8405
288.339 326.954 -59.8247
309.548 338.678 -76.0119
271.048 351.961 -57.5899
257.261 343.446 -33.2634
272.199 317.99 -33.25
286.394 325.817 -57.5742
256.206 342.831 -30.3133
251.374 339.869 -1.63295
266.172 314.653 -1.61999
271.145 317.375 -30.3
267.755 311.8 1.57429
272.735 314.569 30.2299
286.423 288.379 30.2403
281.31 285.859 1.58597
273.818 315.134 33.1753
287.983 322.966 57.4458
302.042 296.073 57.4519
287.506 288.944 33.1857
289.98 324.007 59.6931
311.186 335.732 75.8826
325.795 307.791 75.8839
304.039 297.114 59.6992
313.791 337.092 77.0885
338.8 350.941 82.7051
354.051 321.769 82.7055
328.4 309.151 77.0898
341.613 352.411 82.6916
366.605 366.271 76.9567
382.499 335.873 76.9621
356.864 323.24 82.692
369.206 367.632 75.735
390.509 379.452 59.5602
406.959 347.999 59.5698
385.1 337.234 75.7403
392.505 380.497 57.3155
406.774 388.425 33.0828
423.6 356.258 33.0947
408.954 349.044 57.3251
407.856 388.991 30.151
412.874 391.778 1.52121
429.832 359.359 1.53405
424.682 356.825 30.1629
412.874 391.777 -1.65293
407.862 388.981 -30.283
424.687 356.816 -30.2693
429.833 359.359 -1.64008
406.781 388.414 -33.2148
392.518 380.472 -57.4475
408.966 349.022 -57.4321
423.607 356.248 -33.2012
390.523 379.426 -59.6921
369.227 367.59 -75.8649
385.118 337.196 -75.8459
406.971 347.975 -59.6767
366.626 366.228 -77.0865
341.639 352.358 -82.8192
356.887 323.191 -82.7961
382.518 335.834 -77.0675
338.826 350.886 -82.8326
313.819 337.034 -77.2156
328.424 309.097 -77.1941
354.074 321.72 -82.8095
311.214 335.674 -76.0098
290.004 323.95 -59.8227
304.06 297.061 -59.8067
325.819 307.738 -75.9883
288.005 322.909 -57.5725
273.811 315.082 -33.2484
287.495 288.896 -33.2359
302.061 296.02 -57.5566
272.728 314.52 -30.2985
267.754 311.798 -1.61856
281.309 285.857 -1.60688
286.412 288.334 -30.2861
282.752 282.926 1.58708
287.866 285.446 30.2414
300.271 258.582 30.2502
295.036 256.315 1.59741
288.975 285.957 33.1864
303.511 293.086 57.4526
316.252 265.509 57.4558
301.38 259.094 33.1952
305.557 294.029 59.6994
327.313 304.706 75.884
340.548 276.067 75.8805
318.298 266.452 59.7025
329.981 305.938 77.0896
355.632 318.556 82.7053
369.444 288.671 82.7004
343.215 277.299 77.0861
358.513 319.89 82.6921
384.148 332.523 76.9621
398.54 301.39 76.9636
372.325 290.004 82.6872
386.812 333.756 75.7409
408.671 344.521 59.5704
423.568 312.304 59.5775
401.204 302.623 75.7424
410.716 345.466 57.3261
425.362 352.681 33.0957
440.603 319.727 33.1058
425.613 313.25 57.3332
426.47 353.193 30.1641
431.621 355.727 1.53531
446.983 322.514 1.54676
441.711 320.239 30.1743
431.621 355.727 -1.63866
426.476 353.184 -30.2679
441.717 320.232 -30.2554
446.984 322.513 -1.62721
425.368 352.671 -33.1995
410.728 345.444 -57.4305
425.624 313.231 -57.4154
440.609 319.719 -33.187
408.683 344.497 -59.6747
386.83 333.718 -75.8439
401.22 302.589 -75.8238
423.579 312.284 -59.6596
384.167 332.484 -77.0651
358.536 319.841 -82.7936
372.345 289.961 -82.7679
398.557 301.355 -77.0449
355.655 318.507 -82.8068
330.004 305.885 -77.1915
343.236 277.252 -77.1679
369.465 288.627 -82.7811
327.337 304.653 -75.9861
305.578 293.976 -59.8045
318.315 266.405 -59.7881
340.568 276.02 -75.9624
303.53 293.033 -57.5549
288.964 285.909 -33.2343
301.366 259.05 -33.2228
316.267 265.462 -57.5386
287.854 285.4 -30.2848
282.752 282.924 -1.60557
295.036 256.313 -1.59524
300.256 258.541 -30.2733
296.336 253.31 1.59834
301.57 255.577 30.2511
312.667 228.096 30.2581
307.325 226.083 1.60725
302.703 256.035 33.1956
317.575 262.45 57.4562
328.972 234.251 57.4559
313.8 228.553 33.2026
319.664 263.294 59.7021
341.915 272.909 75.8801
353.75 243.641 75.8708
331.062 235.094 59.7018
344.639 274.012 77.0853
370.868 285.383 82.6996
383.215 254.86 82.6884
356.474 244.744 77.076
373.809 286.578 82.6868
400.024 297.963 76.9632
412.886 266.178 76.9602
386.156 256.054 82.6756
402.745 299.066 75.7426
425.109 308.747 59.5777
438.426 275.848 59.5821
415.607 267.281 75.7396
427.199 309.59 57.3339
442.189 316.068 33.1066
455.817 282.406 33.115
440.516 276.691 57.3383
443.321 316.524 30.1754
448.594 318.798 1.54784
462.331 284.869 1.55791
456.949 282.862 30.1838
448.594 318.798 -1.62592
443.327 316.516 -30.2541
456.955 282.856 -30.2426
462.331 284.869 -1.61585
442.195 316.06 -33.1854
427.21 309.571 -57.4138
440.526 276.675 -57.3987
455.823 282.4 -33.1739
425.12 308.727 -59.6576
402.761 299.033 -75.8217
415.622 267.251 -75.8
438.437 275.831 -59.6426
400.04 297.929 -77.0423
373.829 286.535 -82.7652
386.174 256.016 -82.736
412.901 266.148 -77.0206
370.887 285.34 -82.7781
344.659 273.965 -77.1649
356.492 244.703 -77.1382
383.232 254.821 -82.7488
341.935 272.862 -75.96
319.681 263.247 -59.7857
331.075 235.053 -59.7685
353.768 243.6 -75.9333
317.59 262.404 -57.5369
302.689 255.992 -33.2212
313.783 228.515 -33.2107
328.984 234.21 -57.5197
301.555 255.537 -30.2721
296.335 253.308 -1.59404
307.324 226.081 -1.58513
312.649 228.06 -30.2616
308.478 223.013 1.60797
313.821 225.025 30.2588
323.59 196.979 30.2637
318.152 195.222 1.61546
314.975 225.428 33.2026
330.147 231.126 57.4559
340.181 202.362 57.4514
324.745 197.382 33.2075
332.275 231.87 59.7008
354.964 240.416 75.8698
365.38 210.588 75.8536
342.308 203.106 59.6963
357.737 241.39 77.0744
384.477 251.506 82.6868
395.338 220.424 82.6684
368.154 211.562 77.0582
387.473 252.56 82.6745
414.202 262.684 76.9591
425.513 230.332 76.9507
398.333 221.478 82.6561
416.975 263.654 75.7394
439.793 272.222 59.5818
451.509 238.72 59.5829
428.286 231.302 75.731
441.923 272.959 57.3387
457.224 278.674 33.1154
469.216 244.384 33.1218
453.639 239.457 57.3398
458.378 279.072 30.1847
463.76 281.079 1.55881
475.849 246.513 1.56716
470.37 244.781 30.191
463.76 281.079 -1.6147
458.384 279.066 -30.2415
470.376 244.778 -30.2314
475.849 246.513 -1.60635
457.23 278.668 -33.1724
441.934 272.943 -57.3972
453.649 239.445 -57.3823
469.222 244.379 -33.1623
439.804 272.205 -59.6404
416.989 263.625 -75.7978
428.3 231.278 -75.7739
451.52 238.706 -59.6255
414.217 262.654 -77.0176
387.49 252.523 -82.733
398.349 221.447 -82.6996
425.527 230.307 -76.9937
384.495 251.468 -82.7454
357.755 241.35 -77.1348
368.169 211.528 -77.1039
395.354 220.392 -82.7121
354.981 240.376 -75.9305
332.288 231.83 -59.7657
342.32 203.073 -59.7469
365.396 210.554 -75.8996
330.159 231.086 -57.518
314.957 225.391 -33.209
324.724 197.351 -33.1992
340.19 202.329 -57.4992
313.802 224.99 -30.2606
308.477 223.011 -1.58405
318.151 195.22 -1.57656
323.569 196.949 -30.2508
319.158 192.091 1.61597
324.596 193.848 30.2642
333.024 165.288 30.2663
327.502 163.786 1.62202
325.769 194.197 33.2071
341.205 199.177 57.451
349.862 169.906 57.4409
334.197 165.637 33.2091
343.366 199.823 59.6945
366.438 207.304 75.8518
375.421 176.984 75.8272
352.023 170.551 59.6844
369.254 208.15 77.0558
396.438 217.012 82.666
405.797 185.456 82.64
378.237 177.83 77.0312
399.48 217.927 82.6543
426.66 226.781 76.9489
436.403 193.952 76.9338
408.838 186.371 82.6283
429.477 227.615 75.7301
452.7 235.033 59.582
462.797 201.008 59.5797
439.22 194.786 75.715
454.865 235.661 57.3399
470.442 240.587 33.1218
480.777 205.745 33.1256
464.962 201.636 57.3376
471.616 240.925 30.1917
477.094 242.657 1.56783
487.511 207.532 1.57436
481.95 206.083 30.1954
477.094 242.657 -1.60538
471.622 240.922 -30.2304
481.957 206.082 -30.2214
487.511 207.532 -1.59885
470.449 240.583 -33.1608
454.875 235.649 -57.3808
464.973 201.628 -57.3663
480.784 205.743 -33.1518
452.711 235.02 -59.6231
429.491 227.591 -75.7715
439.234 194.766 -75.7445
462.808 200.999 -59.6086
426.674 226.756 -76.9904
399.496 217.896 -82.6963
408.854 186.345 -82.6586
436.417 193.931 -76.9634
396.454 216.981 -82.7081
369.27 208.117 -77.1
378.251 177.803 -77.0635
405.812 185.43 -82.6704
366.454 207.271 -75.8964
343.377 199.79 -59.7436
352.033 170.527 -59.7218
375.435 176.958 -75.8599
341.214 199.145 -57.4973
325.749 194.167 -33.1973
334.175 165.614 -33.1872
349.87 169.882 -57.4754
324.575 193.819 -30.2497
319.157 192.09 -1.57555
327.501 163.785 -1.5695
333.002 165.266 -30.2397
328.36 160.601 1.62217
333.882 162.103 30.2664
340.971 133.077 30.2613
335.381 131.831 1.62692
335.071 162.398 33.2079
350.735 166.667 57.4397
358.012 136.943 57.4178
342.16 133.372 33.2028
352.924 167.216 59.6814
376.322 173.649 75.8242
383.862 142.909 75.7845
360.2 137.491 59.6595
379.173 174.369 77.0275
406.733 181.995 82.6363
414.575 150.058 82.5987
386.713 143.63 76.9878
409.813 182.772 82.6255
437.378 190.353 76.9309
445.535 157.139 76.9043
417.655 150.834 82.5879
440.233 191.049 75.7132
463.81 197.27 59.578
472.264 162.795 59.5699
448.391 157.834 75.6866
466.005 197.784 57.3372
481.819 201.893 33.1252
490.462 166.571 33.1233
474.458 163.309 57.3292
483.009 202.169 30.1958
488.569 203.619 1.57472
497.274 168.009 1.579
491.651 166.847 30.1939
488.569 203.619 -1.598
483.016 202.168 -30.2206
491.66 166.85 -30.2105
497.274 168.01 -1.59372
481.827 201.892 -33.1503
466.016 197.776 -57.3648
474.472 163.305 -57.3492
490.471 166.574 -33.1403
463.822 197.261 -59.6057
440.248 191.029 -75.7417
448.407 157.818 -75.7074
472.278 162.791 -59.5901
437.393 190.332 -76.9594
409.829 182.746 -82.6546
417.672 150.814 -82.6085
445.552 157.121 -76.9251
406.749 181.97 -82.6655
379.188 174.344 -77.0586
386.729 143.612 -77.0095
414.592 150.037 -82.6194
376.337 173.623 -75.8557
352.934 167.192 -59.7175
360.211 137.478 -59.6856
383.878 142.891 -75.8065
350.743 166.644 -57.4729
335.049 162.376 -33.1848
342.138 133.361 -33.1698
358.021 136.93 -57.4411
333.859 162.082 -30.2386
328.359 160.6 -1.56842
335.38 131.83 -1.56367
340.949 133.066 -30.2236
336.096 128.599 1.62586
341.686 129.845 30.2603
347.509 100.42 30.2204
341.878 99.4325 1.6295
342.886 130.087 33.1983
358.737 133.657 57.4134
364.678 103.548 57.3334
348.709 100.662 33.1585
360.946 134.112 59.652
384.608 139.53 75.777
390.713 108.459 75.6681
366.886 104.003 59.572
387.484 140.131 76.9796
415.346 146.559 82.5905
421.642 114.355 82.4899
393.589 109.06 76.8707
418.456 147.198 82.5812
446.336 153.503 76.8976
452.858 119.988 76.8228
424.753 114.995 82.4806
449.221 154.054 75.6819
473.094 159.015 59.5652
479.819 124.147 59.5226
455.742 120.54 75.6071
475.31 159.409 57.3268
491.314 162.671 33.1209
498.143 126.927 33.092
482.035 124.541 57.2842
492.513 162.883 30.1932
498.136 164.046 1.57832
504.997 128.011 1.57919
499.343 127.14 30.1643
498.137 164.046 -1.59248
492.522 162.887 -30.2093
499.356 127.148 -30.1792
504.997 128.012 -1.59161
491.323 162.674 -33.1374
475.324 159.406 -57.3463
482.054 124.543 -57.3023
498.157 126.936 -33.1072
473.108 159.011 -59.5848
449.238 154.038 -75.7021
455.763 120.526 -75.6236
479.838 124.148 -59.5408
446.353 153.486 -76.9177
418.473 147.179 -82.601
424.774 114.98 -82.4945
452.879 119.974 -76.8392
415.363 146.539 -82.6103
387.5 140.113 -77.0004
393.609 109.05 -76.8838
421.664 114.34 -82.5038
384.623 139.513 -75.798
360.957 134.1 -59.6771
366.902 104.004 -59.5875
390.733 108.45 -75.6813
358.747 133.645 -57.4356
342.864 130.077 -33.1643
348.692 100.667 -33.1159
364.692 103.55 -57.346
341.663 129.834 -30.2215
336.094 128.599 -1.56157
341.877 99.4323 -1.55794
347.491 100.425 -30.1731
342.478 96.1684 1.62154
348.109 97.1554 30.2125
353.104 67.5168 29.9674
347.502 66.7861 1.62248
349.311 97.3458 33.1357
365.279 100.232 57.3105
370.201 69.9312 56.8726
354.305 67.7073 32.8906
367.49 100.598 59.5388
391.317 105.054 75.635
396.133 73.8408 75.0919
372.412 70.2965 59.1009
394.196 105.542 76.8339
422.249 110.837 82.4531
426.948 78.5916 81.8891
399.012 74.3294 76.2908
425.371 111.339 82.4474
453.475 116.332 76.7897
458.135 82.5713 76.3479
430.07 79.0931 81.8834
456.366 116.726 75.5809
480.443 120.334 59.4965
484.983 85.0792 59.1362
461.027 82.9648 75.1391
482.661 120.598 57.2662
498.769 122.985 33.0739
503.219 86.8275 32.8548
487.201 85.3436 56.9059
499.969 123.132 30.1571
505.623 124.003 1.57204
510.042 87.5527 1.55915
504.419 86.9745 29.938
505.624 124.004 -1.58555
499.982 123.141 -30.1731
504.432 86.9891 -29.9707
510.043 87.5534 -1.59843
498.783 122.994 -33.0893
482.68 120.601 -57.2844
487.233 85.3528 -56.9163
503.233 86.8427 -32.887
480.463 120.335 -59.514
456.388 116.713 -75.5968
461.058 82.9542 -75.1453
485.016 85.0866 -59.1459
453.497 116.319 -76.8053
425.392 111.324 -82.4606
430.1 79.0829 -81.8883
458.167 82.5598 -76.3537
422.271 110.823 -82.4661
394.216 105.533 -76.8461
399.04 74.3285 -76.2957
426.979 78.5818 -81.8939
391.337 105.046 -75.6472
367.507 100.6 -59.5534
372.439 70.3125 -59.1039
396.161 73.8411 -75.0968
365.294 100.235 -57.3222
349.294 97.3524 -33.0921
354.3 67.733 -32.841
370.226 69.9483 -56.8727
348.091 97.1614 -30.1645
342.477 96.1692 -1.54928
347.501 66.7869 -1.54834
353.097 67.542 -29.9134
348.169 63.5642 1.57654
353.771 64.2949 29.9215
360.721 35.5251 28.6178
355.384 34.8374 1.5729
354.938 64.4537 32.7635
370.834 66.6776 56.7455
377.027 37.7518 54.3573
361.888 35.6838 31.4598
372.985 66.9842 58.9185
396.706 70.5286 74.9096
401.791 41.2434 71.8345
379.178 38.0585 56.5303
399.513 70.938 76.0838
427.45 75.2003 81.682
431.273 45.376 78.3977
404.599 41.6528 73.0087
430.485 75.6111 81.6845
458.551 79.0893 76.149
461.052 49.1354 73.0695
434.309 45.7868 78.4002
461.365 79.4055 74.9796
485.322 81.5199 58.9767
486.563 51.8858 56.5604
463.867 49.4515 71.9002
487.489 81.7317 56.7984
503.507 83.2156 32.7472
503.929 53.6997 31.4174
488.73 52.0976 54.3821
504.68 83.3331 29.8983
510.304 83.9112 1.51951
510.44 54.3766 1.50803
505.103 53.8172 28.5685
510.304 83.9108 -1.56159
504.693 83.3465 -29.9339
505.105 53.7824 -28.614
510.44 54.3761 -1.57307
503.522 83.2287 -32.7795
487.521 81.7388 -56.8088
488.764 52.0668 -54.3768
503.933 53.6646 -31.4596
485.356 81.5266 -58.9849
461.398 79.3941 -74.9842
463.902 49.4401 -71.8953
486.599 51.8545 -56.553
458.583 79.0782 -76.1539
430.516 75.6012 -81.6885
434.343 45.7825 -78.3987
461.087 49.1241 -73.065
427.481 75.1912 -81.6862
399.542 70.9379 -76.088
404.629 41.6625 -73.0113
431.307 45.3724 -78.3964
396.735 70.5305 -74.9141
373.013 67.002 -58.9212
379.201 38.105 -56.537
401.822 41.2552 -71.8373
370.859 66.6971 -56.7454
354.932 64.4817 -32.7137
361.875 35.7369 -31.4175
377.047 37.8001 -54.3611
353.764 64.3213 -29.8675
348.168 63.5662 -1.50246
355.383 34.8394 -1.5061
360.707 35.5764 -28.5713
356.222 31.7023 1.48705
361.559 32.39 28.5319
369.443 4.55081 26.7376
364.446 3.92718 1.47649
362.662 32.5361 31.2168
377.8 34.6041 54.1142
384.714 6.57478 50.8035
370.546 4.69691 29.4224
379.833 34.8811 56.1672
402.446 38.0661 71.4714
407.913 9.6814 67.1221
386.747 6.85185 52.8565
405.098 38.4284 72.5812
431.773 42.1516 77.9703
435.511 13.3353 73.2302
410.566 10.0438 68.2319
434.642 42.5263 77.9709
461.386 45.8748 72.6402
463.335 16.8309 68.2144
438.38 13.71 73.2308
464.038 46.1921 71.5309
486.734 48.6263 56.1911
487.136 19.6631 52.8038
465.987 17.1482 67.1051
488.77 48.8552 54.1343
503.969 50.4573 31.1696
503.313 21.5593 29.3411
489.171 19.892 50.7469
505.072 50.5792 28.4815
510.41 51.1385 1.42104
509.377 22.2301 1.43346
504.417 21.6811 26.653
510.409 51.1355 -1.48562
505.074 50.5417 -28.5266
504.413 21.6067 -26.6776
509.377 22.2271 -1.4732
503.972 50.4173 -31.2108
488.804 48.8195 -54.128
489.192 19.8279 -50.7357
503.312 21.4823 -29.3618
486.77 48.5933 -56.1829
464.073 46.1788 -71.5253
466.009 17.1377 -67.1012
487.158 19.6017 -52.7906
461.42 45.8639 -72.6353
434.676 42.5222 -77.969
438.401 13.7074 -73.229
463.357 16.8227 -68.2112
431.806 42.1486 -77.9687
405.128 38.4387 -72.5835
410.585 10.0534 -68.2333
435.532 13.3338 -73.2287
402.476 38.0795 -71.4744
379.855 34.9293 -56.174
386.752 6.91875 -52.8679
407.932 9.69419 -67.1242
377.819 34.6552 -54.1191
362.648 32.592 -31.1755
370.521 4.77685 -29.399
384.717 6.64471 -50.813
361.545 32.4427 -28.487
356.221 31.7057 -1.42173
364.445 3.93063 -1.43229
369.419 4.62761 -26.7105
365.447 1.11527 1.34747
370.444 1.7389 26.6085
380.282 -21.2806 23.7795
375.859 -21.9021 1.3278
371.451 1.87412 29.0605
385.619 3.75199 50.4416
393.887 -19.3864 45.2618
381.289 -21.1454 26.2315
387.479 4.00194 52.3164
408.646 6.8315 66.582
414.631 -16.6098 59.8059
395.747 -19.1365 47.1366
411.073 7.15399 67.5926
436.018 10.4455 72.5909
439.295 -13.3405 65.2067
417.058 -16.2873 60.8165
438.64 10.7874 72.5873
463.595 13.9083 67.5708
464.1 -10.0693 60.6778
441.917 -12.9986 65.2031
466.016 14.2157 66.5554
487.165 16.7307 52.2541
485.283 -7.28874 46.9427
466.521 -9.76197 59.6624
489.019 16.9628 50.3794
503.161 18.6301 28.9735
499.649 -5.40876 26.1043
487.137 -7.05659 45.0679
504.164 18.7539 26.5259
509.124 19.3029 1.30634
505.041 -4.7073 1.32403
500.652 -5.28494 23.6567
509.124 19.3007 -1.34187
504.161 18.6803 -26.5462
500.652 -5.28796 -23.6568
505.041 -4.70949 -1.32418
503.158 18.5544 -28.9935
489.038 16.9 -50.3674
487.136 -7.06164 -45.0678
499.649 -5.41384 -26.104
487.184 16.6702 -52.2418
466.036 14.2062 -66.5525
466.522 -9.76451 -59.6622
485.283 -7.2915 -46.9423
463.615 13.9005 -67.5678
438.659 10.7852 -72.5856
441.918 -12.9994 -65.2028
464.101 -10.0702 -60.6775
436.037 10.4438 -72.5893
411.09 7.16338 -67.5939
417.059 -16.2875 -60.8163
439.296 -13.3408 -65.2065
408.662 6.84268 -66.5833
387.482 4.06724 -52.327
395.747 -19.1345 -47.1365
414.631 -16.6082 -59.8057
385.621 3.8197 -50.4519
371.426 1.95183 -29.0379
381.288 -21.141 -26.2311
393.887 -19.3821 -45.2614
370.42 1.81453 -26.5856
365.446 1.11754 -1.30737
375.859 -21.8999 -1.32704
380.281 -21.2783 -23.7788
-285.263 683.703 25.3037
-286.281 678.671 -0.449578
-285.229 683.673 -26.2066
-282.255 697.944 -48.0337
-277.772 719.3 -62.591
-272.514 744.477 -67.6716
-267.455 769.687 -62.5682
-263.374 791.149 -48.0507
-260.716 805.542 -26.2597
-259.807 810.618 -0.509663
-260.768 805.586 25.2466
-263.44 791.214 47.0493
-267.519 769.763 61.5829
-272.575 744.557 66.7088
-277.821 719.374 61.6508
-282.296 698.001 47.1162
382.635 -22.3863 1.76393e-05
387.057 -21.7648 22.4517
399.656 -20.0058 41.4821
418.54 -17.4792 54.1513
440.777 -14.5323 58.5415
462.96 -11.603 54.0162
481.721 -9.1298 41.2965
494.234 -7.48197 22.3329
498.623 -6.90434 0.000247942
494.233 -7.48281 -22.3323
481.721 -9.13061 -41.2962
462.96 -11.6036 -54.016
440.777 -14.5328 -58.5413
418.54 -17.4795 -54.1511
399.656 -20.0059 -41.482
387.057 -21.7648 -22.4517
</DataArray>
</Points>
<Cells>
<DataArray type="Int32" Name="connectivity" format="ascii">
0 1 529 528 1 17 530 529 17 16 531 530 16 0 528 531 1 2 533 532 2 18 534 533 18 17 535 534 17 1 532 535 2 3 537 536 3 19 538 537 19 18 539 538 18 2 536 539 3 4 541 540 4 20 542 541 20 19 543 542 19 3 540 543 4 5 545 544 5 21 546 545 21 20 547 546 20 4 544 547 5 6 549 548 6 22 550 549 22 21 551 550 21 5 548 551 6 7 553 552 7 23 554 553 23 22 555 554 22 6 552 555 7 8 557 556 8 24 558 557 24 23 559 558 23 7 556 559 8 9 561 560 9 25 562 561 25 24 563 562 24 8 560 563 9 10 565 564 10 26 566 565 26 25 567 566 25 9 564 567 10 11 569 568 11 27 570 569 27 26 571 570 26 10 568 571 11 12 573 572 12 28 574 573 28 27 575 574 27 11 572 575 12 13 577 576 13 29 578 577 29 28 579 578 28 12 576 579 13 14 581 580 14 30 582 581 30 29 583 582 29 13 580 583 14 15 585 584 15 31 586 585 31 30 587 586 30 14 584 587 15 0 589 588 0 16 590 589 16 31 591 590 31 15 588 591 16 17 593 592 17 33 594 593 33 32 595 594 32 16 592 595 18 34 597 596 34 33 598 597 33 17 599 598 17 18 596 599 19 35 601 600 35 34 602 601 34 18 603 602 18 19 600 603 20 36 605 604 36 35 606 605 35 19 607 606 19 20 604 607 21 37 609 608 37 36 610 609 36 20 611 610 20 21 608 611 22 38 613 612 38 37 614 613 37 21 615 614 21 22 612 615 23 39 617 616 39 38 618 617 38 22 619 618 22 23 616 619 24 40 621 620 40 39 622 621 39 23 623 622 23 24 620 623 25 41 625 624 41 40 626 625 40 24 627 626 24 25 624 627 26 42 629 628 42 41 630 629 41 25 631 630 25 26 628 631 27 43 633 632 43 42 634 633 42 26 635 634 26 27 632 635 28 44 637 636 44 43 638 637 43 27 639 638 27 28 636 639 29 45 641 640 45 44 642 641 44 28 643 642 28 29 640 643 30 46 645 644 46 45 646 645 45 29 647 646 29 30 644 647 31 47 649 648 47 46 650 649 46 30 651 650 30 31 648 651 31 16 653 652 16 32 654 653 32 47 655 654 47 31 652 655 32 33 657 656 33 49 658 657 49 48 659 658 48 32 656 659 33 34 661 660 34 50 662 661 50 49 663 662 49 33 660 663 34 35 665 664 35 51 666 665 51 50 667 666 50 34 664 667 35 36 669 668 36 52 670 669 52 51 671 670 51 35 668 671 36 37 673 672 37 53 674 673 53 52 675 674 52 36 672 675 37 38 677 676 38 54 678 677 54 53 679 678 53 37 676 679 38 39 681 680 39 55 682 681 55 54 683 682 54 38 680 683 39 40 685 684 40 56 686 685 56 55 687 686 55 39 684 687 40 41 689 688 41 57 690 689 57 56 691 690 56 40 688 691 41 42 693 692 42 58 694 693 58 57 695 694 57 41 692 695 42 43 697 696 43 59 698 697 59 58 699 698 58 42 696 699 43 44 701 700 44 60 702 701 60 59 703 702 59 43 700 703 44 45 705 704 45 61 706 705 61 60 707 706 60 44 704 707 45 46 709 708 46 62 710 709 62 61 711 710 61 45 708 711 46 47 713 712 47 63 714 713 63 62 715 714 62 46 712 715 47 32 717 716 32 48 718 717 48 63 719 718 63 47 716 719 48 49 721 720 49 65 722 721 65 64 723 722 64 48 720 723 49 50 725 724 50 66 726 725 66 65 727 726 65 49 724 727 50 51 729 728 51 67 730 729 67 66 731 730 66 50 728 731 51 52 733 732 52 68 734 733 68 67 735 734 67 51 732 735 52 53 737 736 53 69 738 737 69 68 739 738 68 52 736 739 53 54 741 740 54 70 742 741 70 69 743 742 69 53 740 743 54 55 745 744 55 71 746 745 71 70 747 746 70 54 744 747 55 56 749 748 56 72 750 749 72 71 751 750 71 55 748 751 56 57 753 752 57 73 754 753 73 72 755 754 72 56 752 755 57 58 757 756 58 74 758 757 74 73 759 758 73 57 756 759 58 59 761 760 59 75 762 761 75 74 763 762 74 58 760 763 59 60 765 764 60 76 766 765 76 75 767 766 75 59 764 767 60 61 769 768 61 77 770 769 77 76 771 770 76 60 768 771 61 62 773 772 62 78 774 773 78 77 775 774 77 61 772 775 62 63 777 776 63 79 778 777 79 78 779 778 78 62 776 779 63 48 781 780 48 64 782 781 64 79 783 782 79 63 780 783 64 65 785 784 65 81 786 785 81 80 787 786 80 64 784 787 65 66 789 788 66 82 790 789 82 81 791 790 81 65 788 791 66 67 793 792 67 83 794 793 83 82 795 794 82 66 792 795 67 68 797 796 68 84 798 797 84 83 799 798 83 67 796 799 68 69 801 800 69 85 802 801 85 84 803 802 84 68 800 803 69 70 805 804 70 86 806 805 86 85 807 806 85 69 804 807 70 71 809 808 71 87 810 809 87 86 811 810 86 70 808 811 71 72 813 812 72 88 814 813 88 87 815 814 87 71 812 815 72 73 817 816 73 89 818 817 89 88 819 818 88 72 816 819 73 74 821 820 74 90 822 821 90 89 823 822 89 73 820 823 74 75 825 824 75 91 826 825 91 90 827 826 90 74 824 827 75 76 829 828 76 92 830 829 92 91 831 830 91 75 828 831 76 77 833 832 77 93 834 833 93 92 835 834 92 76 832 835 77 78 837 836 78 94 838 837 94 93 839 838 93 77 836 839 78 79 841 840 79 95 842 841 95 94 843 842 94 78 840 843 79 64 845 844 64 80 846 845 80 95 847 846 95 79 844 847 80 81 849 848 81 97 850 849 97 96 851 850 96 80 848 851 81 82 853 852 82 98 854 853 98 97 855 854 97 81 852 855 82 83 857 856 83 99 858 857 99 98 859 858 98 82 856 859 83 84 861 860 84 100 862 861 100 99 863 862 99 83 860 863 84 85 865 864 85 101 866 865 101 100 867 866 100 84 864 867 85 86 869 868 86 102 870 869 102 101 871 870 101 85 868 871 86 87 873 872 87 103 874 873 103 102 875 874 102 86 872 875 87 88 877 876 88 104 878 877 104 103 879 878 103 87 876 879 88 89 881 880 89 105 882 881 105 104 883 882 104 88 880 883 89 90 885 884 90 106 886 885 106 105 887 886 105 89 884 887 90 91 889 888 91 107 890 889 107 106 891 890 106 90 888 891 91 92 893 892 92 108 894 893 108 107 895 894 107 91 892 895 92 93 897 896 93 109 898 897 109 108 899 898 108 92 896 899 93 94 901 900 94 110 902 901 110 109 903 902 109 93 900 903 94 95 905 904 95 111 906 905 111 110 907 906 110 94 904 907 95 80 909 908 80 96 910 909 96 111 911 910 111 95 908 911 96 97 913 912 97 113 914 913 113 112 915 914 112 96 912 915 97 98 917 916 98 114 918 917 114 113 919 918 113 97 916 919 98 99 921 920 99 115 922 921 115 114 923 922 114 98 920 923 99 100 925 924 100 116 926 925 116 115 927 926 115 99 924 927 100 101 929 928 101 117 930 929 117 116 931 930 116 100 928 931 101 102 933 932 102 118 934 933 118 117 935 934 117 101 932 935 102 103 937 936 103 119 938 937 119 118 939 938 118 102 936 939 103 104 941 940 104 120 942 941 120 119 943 942 119 103 940 943 104 105 945 944 105 121 946 945 121 120 947 946 120 104 944 947 105 106 949 948 106 122 950 949 122 121 951 950 121 105 948 951 106 107 953 952 107 123 954 953 123 122 955 954 122 106 952 955 107 108 957 956 108 124 958 957 124 123 959 958 123 107 956 959 108 109 961 960 109 125 962 961 125 124 963 962 124 108 960 963 109 110 965 964 110 126 966 965 126 125 967 966 125 109 964 967 110 111 969 968 111 127 970 969 127 126 971 970 126 110 968 971 111 96 973 972 96 112 974 973 112 127 975 974 127 111 972 975 112 113 977 976 113 129 978 977 129 128 979 978 128 112 976 979 113 114 981 980 114 130 982 981 130 129 983 982 129 113 980 983 114 115 985 984 115 131 986 985 131 130 987 986 130 114 984 987 115 116 989 988 116 132 990 989 132 131 991 990 131 115 988 991 116 117 993 992 117 133 994 993 133 132 995 994 132 116 992 995 117 118 997 996 118 134 998 997 134 133 999 998 133 117 996 999 118 119 1001 1000 119 135 1002 1001 135 134 1003 1002 134 118 1000 1003 119 120 1005 1004 120 136 1006 1005 136 135 1007 1006 135 119 1004 1007 120 121 1009 1008 121 137 1010 1009 137 136 1011 1010 136 120 1008 1011 121 122 1013 1012 122 138 1014 1013 138 137 1015 1014 137 121 1012 1015 122 123 1017 1016 123 139 1018 1017 139 138 1019 1018 138 122 1016 1019 123 124 1021 1020 124 140 1022 1021 140 139 1023 1022 139 123 1020 1023 124 125 1025 1024 125 141 1026 1025 141 140 1027 1026 140 124 1024 1027 125 126 1029 1028 126 142 1030 1029 142 141 1031 1030 141 125 1028 1031 126 127 1033 1032 127 143 1034 1033 143 142 1035 1034 142 126 1032 1035 127 112 1037 1036 112 128 1038 1037 128 143 1039 1038 143 127 1036 1039 128 129 1041 1040 129 145 1042 1041 145 144 1043 1042 144 128 1040 1043 129 130 1045 1044 130 146 1046 1045 146 145 1047 1046 145 129 1044 1047 130 131 1049 1048 131 147 1050 1049 147 146 1051 1050 146 130 1048 1051 131 132 1053 1052 132 148 1054 1053 148 147 1055 1054 147 131 1052 1055 132 133 1057 1056 133 149 1058 1057 149 148 1059 1058 148 132 1056 1059 133 134 1061 1060 134 150 1062 1061 150 149 1063 1062 149 133 1060 1063 134 135 1065 1064 135 151 1066 1065 151 150 1067 1066 150 134 1064 1067 135 136 1069 1068 136 152 1070 1069 152 151 1071 1070 151 135 1068 1071 136 137 1073 1072 137 153 1074 1073 153 152 1075 1074 152 136 1072 1075 137 138 1077 1076 138 154 1078 1077 154 153 1079 1078 153 137 1076 1079 138 139 1081 1080 139 155 1082 1081 155 154 1083 1082 154 138 1080 1083 139 140 1085 1084 140 156 1086 1085 156 155 1087 1086 155 139 1084 1087 140 141 1089 1088 141 157 1090 1089 157 156 1091 1090 156 140 1088 1091 141 142 1093 1092 142 158 1094 1093 158 157 1095 1094 157 141 1092 1095 142 143 1097 1096 143 159 1098 1097 159 158 1099 1098 158 142 1096 1099 143 128 1101 1100 128 144 1102 1101 144 159 1103 1102 159 143 1100 1103 144 145 1105 1104 145 161 1106 1105 161 160 1107 1106 160 144 1104 1107 145 146 1109 1108 146 162 1110 1109 162 161 1111 1110 161 145 1108 1111 146 147 1113 1112 147 163 1114 1113 163 162 1115 1114 162 146 1112 1115 147 148 1117 1116 148 164 1118 1117 164 163 1119 1118 163 147 1116 1119 148 149 1121 1120 149 165 1122 1121 165 164 1123 1122 164 148 1120 1123 149 150 1125 1124 150 166 1126 1125 166 165 1127 1126 165 149 1124 1127 150 151 1129 1128 151 167 1130 1129 167 166 1131 1130 166 150 1128 1131 151 152 1133 1132 152 168 1134 1133 168 167 1135 1134 167 151 1132 1135 152 153 1137 1136 153 169 1138 1137 169 168 1139 1138 168 152 1136 1139 153 154 1141 1140 154 170 1142 1141 170 169 1143 1142 169 153 1140 1143 154 155 1145 1144 155 171 1146 1145 171 170 1147 1146 170 154 1144 1147 155 156 1149 1148 156 172 1150 1149 172 171 1151 1150 171 155 1148 1151 156 157 1153 1152 157 173 1154 1153 173 172 1155 1154 172 156 1152 1155 157 158 1157 1156 158 174 1158 1157 174 173 1159 1158 173 157 1156 1159 158 159 1161 1160 159 175 1162 1161 175 174 1163 1162 174 158 1160 1163 159 144 1165 1164 144 160 1166 1165 160 175 1167 1166 175 159 1164 1167 160 161 1169 1168 161 177 1170 1169 177 176 1171 1170 176 160 1168 1171 161 162 1173 1172 162 178 1174 1173 178 177 1175 1174 177 161 1172 1175 162 163 1177 1176 163 179 1178 1177 179 178 1179 1178 178 162 1176 1179 163 164 1181 1180 164 180 1182 1181 180 179 1183 1182 179 163 1180 1183 164 165 1185 1184 165 181 1186 1185 181 180 1187 1186 180 164 1184 1187 165 166 1189 1188 166 182 1190 1189 182 181 1191 1190 181 165 1188 1191 166 167 1193 1192 167 183 1194 1193 183 182 1195 1194 182 166 1192 1195 167 168 1197 1196 168 184 1198 1197 184 183 1199 1198 183 167 1196 1199 168 169 1201 1200 169 185 1202 1201 185 184 1203 1202 184 168 1200 1203 169 170 1205 1204 170 186 1206 1205 186 185 1207 1206 185 169 1204 1207 170 171 1209 1208 171 187 1210 1209 187 186 1211 1210 186 170 1208 1211 171 172 1213 1212 172 188 1214 1213 188 187 1215 1214 187 171 1212 1215 172 173 1217 1216 173 189 1218 1217 189 188 1219 1218 188 172 1216 1219 173 174 1221 1220 174 190 1222 1221 190 189 1223 1222 189 173 1220 1223 174 175 1225 1224 175 191 1226 1225 191 190 1227 1226 190 174 1224 1227 175 160 1229 1228 160 176 1230 1229 176 191 1231 1230 191 175 1228 1231 176 177 1233 1232 177 193 1234 1233 193 192 1235 1234 192 176 1232 1235 177 178 1237 1236 178 194 1238 1237 194 193 1239 1238 193 177 1236 1239 178 179 1241 1240 179 195 1242 1241 195 194 1243 1242 194 178 1240 1243 179 180 1245 1244 180 196 1246 1245 196 195 1247 1246 195 179 1244 1247 180 181 1249 1248 181 197 1250 1249 197 196 1251 1250 196 180 1248 1251 181 182 1253 1252 182 198 1254 1253 198 197 1255 1254 197 181 1252 1255 182 183 1257 1256 183 199 1258 1257 199 198 1259 1258 198 182 1256 1259 183 184 1261 1260 184 200 1262 1261 200 199 1263 1262 199 183 1260 1263 184 185 1265 1264 185 201 1266 1265 201 200 1267 1266 200 184 1264 1267 185 186 1269 1268 186 202 1270 1269 202 201 1271 1270 201 185 1268 1271 186 187 1273 1272 187 203 1274 1273 203 202 1275 1274 202 186 1272 1275 187 188 1277 1276 188 204 1278 1277 204 203 1279 1278 203 187 1276 1279 188 189 1281 1280 189 205 1282 1281 205 204 1283 1282 204 188 1280 1283 189 190 1285 1284 190 206 1286 1285 206 205 1287 1286 205 189 1284 1287 190 191 1289 1288 191 207 1290 1289 207 206 1291 1290 206 190 1288 1291 191 176 1293 1292 176 192 1294 1293 192 207 1295 1294 207 191 1292 1295 192 193 1297 1296 193 209 1298 1297 209 208 1299 1298 208 192 1296 1299 193 194 1301 1300 194 210 1302 1301 210 209 1303 1302 209 193 1300 1303 194 195 1305 1304 195 211 1306 1305 211 210 1307 1306 210 194 1304 1307 195 196 1309 1308 196 212 1310 1309 212 211 1311 1310 211 195 1308 1311 196 197 1313 1312 197 213 1314 1313 213 212 1315 1314 212 196 1312 1315 197 198 1317 1316 198 214 1318 1317 214 213 1319 1318 213 197 1316 1319 198 199 1321 1320 199 215 1322 1321 215 214 1323 1322 214 198 1320 1323 199 200 1325 1324 200 216 1326 1325 216 215 1327 1326 215 199 1324 1327 200 201 1329 1328 201 217 1330 1329 217 216 1331 1330 216 200 1328 1331 201 202 1333 1332 202 218 1334 1333 218 217 1335 1334 217 201 1332 1335 202 203 1337 1336 203 219 1338 1337 219 218 1339 1338 218 202 1336 1339 203 204 1341 1340 204 220 1342 1341 220 219 1343 1342 219 203 1340 1343 204 205 1345 1344 205 221 1346 1345 221 220 1347 1346 220 204 1344 1347 205 206 1349 1348 206 222 1350 1349 222 221 1351 1350 221 205 1348 1351 206 207 1353 1352 207 223 1354 1353 223 222 1355 1354 222 206 1352 1355 207 192 1357 1356 192 208 1358 1357 208 223 1359 1358 223 207 1356 1359 208 209 1361 1360 209 225 1362 1361 225 224 1363 1362 224 208 1360 1363 209 210 1365 1364 210 226 1366 1365 226 225 1367 1366 225 209 1364 1367 210 211 1369 1368 211 227 1370 1369 227 226 1371 1370 226 210 1368 1371 211 212 1373 1372 212 228 1374 1373 228 227 1375 1374 227 211 1372 1375 212 213 1377 1376 213 229 1378 1377 229 228 1379 1378 228 212 1376 1379 213 214 1381 1380 214 230 1382 1381 230 229 1383 1382 229 213 1380 1383 214 215 1385 1384 215 231 1386 1385 231 230 1387 1386 230 214 1384 1387 215 216 1389 1388 216 232 1390 1389 232 231 1391 1390 231 215 1388 1391 216 217 1393 1392 217 233 1394 1393 233 232 1395 1394 232 216 1392 1395 217 218 1397 1396 218 234 1398 1397 234 233 1399 1398 233 217 1396 1399 218 219 1401 1400 219 235 1402 1401 235 234 1403 1402 234 218 1400 1403 219 220 1405 1404 220 236 1406 1405 236 235 1407 1406 235 219 1404 1407 220 221 1409 1408 221 237 1410 1409 237 236 1411 1410 236 220 1408 1411 221 222 1413 1412 222 238 1414 1413 238 237 1415 1414 237 221 1412 1415 222 223 1417 1416 223 239 1418 1417 239 238 1419 1418 238 222 1416 1419 223 208 1421 1420 208 224 1422 1421 224 239 1423 1422 239 223 1420 1423 224 225 1425 1424 225 241 1426 1425 241 240 1427 1426 240 224 1424 1427 225 226 1429 1428 226 242 1430 1429 242 241 1431 1430 241 225 1428 1431 226 227 1433 1432 227 243 1434 1433 243 242 1435 1434 242 226 1432 1435 227 228 1437 1436 228 244 1438 1437 244 243 1439 1438 243 227 1436 1439 228 229 1441 1440 229 245 1442 1441 245 244 1443 1442 244 228 1440 1443 229 230 1445 1444 230 246 1446 1445 246 245 1447 1446 245 229 1444 1447 230 231 1449 1448 231 247 1450 1449 247 246 1451 1450 246 230 1448 1451 231 232 1453 1452 232 248 1454 1453 248 247 1455 1454 247 231 1452 1455 232 233 1457 1456 233 249 1458 1457 249 248 1459 1458 248 232 1456 1459 233 234 1461 1460 234 250 1462 1461 250 249 1463 1462 249 233 1460 1463 234 235 1465 1464 235 251 1466 1465 251 250 1467 1466 250 234 1464 1467 235 236 1469 1468 236 252 1470 1469 252 251 1471 1470 251 235 1468 1471 236 237 1473 1472 237 253 1474 1473 253 252 1475 1474 252 236 1472 1475 237 238 1477 1476 238 254 1478 1477 254 253 1479 1478 253 237 1476 1479 238 239 1481 1480 239 255 1482 1481 255 254 1483 1482 254 238 1480 1483 239 224 1485 1484 224 240 1486 1485 240 255 1487 1486 255 239 1484 1487 240 241 1489 1488 241 257 1490 1489 257 256 1491 1490 256 240 1488 1491 241 242 1493 1492 242 258 1494 1493 258 257 1495 1494 257 241 1492 1495 242 243 1497 1496 243 259 1498 1497 259 258 1499 1498 258 242 1496 1499 243 244 1501 1500 244 260 1502 1501 260 259 1503 1502 259 243 1500 1503 244 245 1505 1504 245 261 1506 1505 261 260 1507 1506 260 244 1504 1507 245 246 1509 1508 246 262 1510 1509 262 261 1511 1510 261 245 1508 1511 246 247 1513 1512 247 263 1514 1513 263 262 1515 1514 262 246 1512 1515 247 248 1517 1516 248 264 1518 1517 264 263 1519 1518 263 247 1516 1519 248 249 1521 1520 249 265 1522 1521 265 264 1523 1522 264 248 1520 1523 249 250 1525 1524 250 266 1526 1525 266 265 1527 1526 265 249 1524 1527 250 251 1529 1528 251 267 1530 1529 267 266 1531 1530 266 250 1528 1531 251 252 1533 1532 252 268 1534 1533 268 267 1535 1534 267 251 1532 1535 252 253 1537 1536 253 269 1538 1537 269 268 1539 1538 268 252 1536 1539 253 254 1541 1540 254 270 1542 1541 270 269 1543 1542 269 253 1540 1543 254 255 1545 1544 255 271 1546 1545 271 270 1547 1546 270 254 1544 1547 255 240 1549 1548 240 256 1550 1549 256 271 1551 1550 271 255 1548 1551 256 257 1553 1552 257 273 1554 1553 273 272 1555 1554 272 256 1552 1555 257 258 1557 1556 258 274 1558 1557 274 273 1559 1558 273 257 1556 1559 258 259 1561 1560 259 275 1562 1561 275 274 1563 1562 274 258 1560 1563 259 260 1565 1564 260 276 1566 1565 276 275 1567 1566 275 259 1564 1567 260 261 1569 1568 261 277 1570 1569 277 276 1571 1570 276 260 1568 1571 261 262 1573 1572 262 278 1574 1573 278 277 1575 1574 277 261 1572 1575 262 263 1577 1576 263 279 1578 1577 279 278 1579 1578 278 262 1576 1579 263 264 1581 1580 264 280 1582 1581 280 279 1583 1582 279 263 1580 1583 264 265 1585 1584 265 281 1586 1585 281 280 1587 1586 280 264 1584 1587 265 266 1589 1588 266 282 1590 1589 282 281 1591 1590 281 265 1588 1591 266 267 1593 1592 267 283 1594 1593 283 282 1595 1594 282 266 1592 1595 267 268 1597 1596 268 284 1598 1597 284 283 1599 1598 283 267 1596 1599 268 269 1601 1600 269 285 1602 1601 285 284 1603 1602 284 268 1600 1603 269 270 1605 1604 270 286 1606 1605 286 285 1607 1606 285 269 1604 1607 270 271 1609 1608 271 287 1610 1609 287 286 1611 1610 286 270 1608 1611 271 256 1613 1612 256 272 1614 1613 272 287 1615 1614 287 271 1612 1615 272 273 1617 1616 273 289 1618 1617 289 288 1619 1618 288 272 1616 1619 273 274 1621 1620 274 290 1622 1621 290 289 1623 1622 289 273 1620 1623 274 275 1625 1624 275 291 1626 1625 291 290 1627 1626 290 274 1624 1627 275 276 1629 1628 276 292 1630 1629 292 291 1631 1630 291 275 1628 1631 276 277 1633 1632 277 293 1634 1633 293 292 1635 1634 292 276 1632 1635 277 278 1637 1636 278 294 1638 1637 294 293 1639 1638 293 277 1636 1639 278 279 1641 1640 279 295 1642 1641 295 294 1643 1642 294 278 1640 1643 279 280 1645 1644 280 296 1646 1645 296 295 1647 1646 295 279 1644 1647 280 281 1649 1648 281 297 1650 1649 297 296 1651 1650 296 280 1648 1651 281 282 1653 1652 282 298 1654 1653 298 297 1655 1654 297 281 1652 1655 282 283 1657 1656 283 299 1658 1657 299 298 1659 1658 298 282 1656 1659 283 284 1661 1660 284 300 1662 1661 300 299 1663 1662 299 283 1660 1663 284 285 1665 1664 285 301 1666 1665 301 300 1667 1666 300 284 1664 1667 285 286 1669 1668 286 302 1670 1669 302 301 1671 1670 301 285 1668 1671 286 287 1673 1672 287 303 1674 1673 303 302 1675 1674 302 286 1672 1675 287 272 1677 1676 272 288 1678 1677 288 303 1679 1678 303 287 1676 1679 288 289 1681 1680 289 305 1682 1681 305 304 1683 1682 304 288 1680 1683 289 290 1685 1684 290 306 1686 1685 306 305 1687 1686 305 289 1684 1687 290 291 1689 1688 291 307 1690 1689 307 306 1691 1690 306 290 1688 1691 291 292 1693 1692 292 308 1694 1693 308 307 1695 1694 307 291 1692 1695 292 293 1697 1696 293 309 1698 1697 309 308 1699 1698 308 292 1696 1699 293 294 1701 1700 294 310 1702 1701 310 309 1703 1702 309 293 1700 1703 294 295 1705 1704 295 311 1706 1705 311 310 1707 1706 310 294 1704 1707 295 296 1709 1708 296 312 1710 1709 312 311 1711 1710 311 295 1708 1711 296 297 1713 1712 297 313 1714 1713 313 312 1715 1714 312 296 1712 1715 297 298 1717 1716 298 314 1718 1717 314 313 1719 1718 313 297 1716 1719 298 299 1721 1720 299 315 1722 1721 315 314 1723 1722 314 298 1720 1723 299 300 1725 1724 300 316 1726 1725 316 315 1727 1726 315 299 1724 1727 300 301 1729 1728 301 317 1730 1729 317 316 1731 1730 316 300 1728 1731 301 302 1733 1732 302 318 1734 1733 318 317 1735 1734 317 301 1732 1735 302 303 1737 1736 303 319 1738 1737 319 318 1739 1738 318 302 1736 1739 303 288 1741 1740 288 304 1742 1741 304 319 1743 1742 319 303 1740 1743 304 305 1745 1744 305 321 1746 1745 321 320 1747 1746 320 304 1744 1747 305 306 1749 1748 306 322 1750 1749 322 321 1751 1750 321 305 1748 1751 306 307 1753 1752 307 323 1754 1753 323 322 1755 1754 322 306 1752 1755 307 308 1757 1756 308 324 1758 1757 324 323 1759 1758 323 307 1756 1759 308 309 1761 1760 309 325 1762 1761 325 324 1763 1762 324 308 1760 1763 309 310 1765 1764 310 326 1766 1765 326 325 1767 1766 325 309 1764 1767 310 311 1769 1768 311 327 1770 1769 327 326 1771 1770 326 310 1768 1771 311 312 1773 1772 312 328 1774 1773 328 327 1775 1774 327 311 1772 1775 312 313 1777 1776 313 329 1778 1777 329 328 1779 1778 328 312 1776 1779 313 314 1781 1780 314 330 1782 1781 330 329 1783 1782 329 313 1780 1783 314 315 1785 1784 315 331 1786 1785 331 330 1787 1786 330 314 1784 1787 315 316 1789 1788 316 332 1790 1789 332 331 1791 1790 331 315 1788 1791 316 317 1793 1792 317 333 1794 1793 333 332 1795 1794 332 316 1792 1795 317 318 1797 1796 318 334 1798 1797 334 333 1799 1798 333 317 1796 1799 318 319 1801 1800 319 335 1802 1801 335 334 1803 1802 334 318 1800 1803 319 304 1805 1804 304 320 1806 1805 320 335 1807 1806 335 319 1804 1807 320 321 1809 1808 321 337 1810 1809 337 336 1811 1810 336 320 1808 1811 321 322 1813 1812 322 338 1814 1813 338 337 1815 1814 337 321 1812 1815 322 323 1817 1816 323 339 1818 1817 339 338 1819 1818 338 322 1816 1819 323 324 1821 1820 324 340 1822 1821 340 339 1823 1822 339 323 1820 1823 324 325 1825 1824 325 341 1826 1825 341 340 1827 1826 340 324 1824 1827 325 326 1829 1828 326 342 1830 1829 342 341 1831 1830 341 325 1828 1831 326 327 1833 1832 327 343 1834 1833 343 342 1835 1834 342 326 1832 1835 327 328 1837 1836 328 344 1838 1837 344 343 1839 1838 343 327 1836 1839 328 329 1841 1840 329 345 1842 1841 345 344 1843 1842 344 328 1840 1843 329 330 1845 1844 330 346 1846 1845 346 345 1847 1846 345 329 1844 1847 330 331 1849 1848 331 347 1850 1849 347 346 1851 1850 346 330 1848 1851 331 332 1853 1852 332 348 1854 1853 348 347 1855 1854 347 331 1852 1855 332 333 1857 1856 333 349 1858 1857 349 348 1859 1858 348 332 1856 1859 333 334 1861 1860 334 350 1862 1861 350 349 1863 1862 349 333 1860 1863 334 335 1865 1864 335 351 1866 1865 351 350 1867 1866 350 334 1864 1867 335 320 1869 1868 320 336 1870 1869 336 351 1871 1870 351 335 1868 1871 336 337 1873 1872 337 353 1874 1873 353 352 1875 1874 352 336 1872 1875 337 338 1877 1876 338 354 1878 1877 354 353 1879 1878 353 337 1876 1879 338 339 1881 1880 339 355 1882 1881 355 354 1883 1882 354 338 1880 1883 339 340 1885 1884 340 356 1886 1885 356 355 1887 1886 355 339 1884 1887 340 341 1889 1888 341 357 1890 1889 357 356 1891 1890 356 340 1888 1891 341 342 1893 1892 342 358 1894 1893 358 357 1895 1894 357 341 1892 1895 342 343 1897 1896 343 359 1898 1897 359 358 1899 1898 358 342 1896 1899 343 344 1901 1900 344 360 1902 1901 360 359 1903 1902 359 343 1900 1903 344 345 1905 1904 345 361 1906 1905 361 360 1907 1906 360 344 1904 1907 345 346 1909 1908 346 362 1910 1909 362 361 1911 1910 361 345 1908 1911 346 347 1913 1912 347 363 1914 1913 363 362 1915 1914 362 346 1912 1915 347 348 1917 1916 348 364 1918 1917 364 363 1919 1918 363 347 1916 1919 348 349 1921 1920 349 365 1922 1921 365 364 1923 1922 364 348 1920 1923 349 350 1925 1924 350 366 1926 1925 366 365 1927 1926 365 349 1924 1927 350 351 1929 1928 351 367 1930 1929 367 366 1931 1930 366 350 1928 1931 351 336 1933 1932 336 352 1934 1933 352 367 1935 1934 367 351 1932 1935 352 353 1937 1936 353 369 1938 1937 369 368 1939 1938 368 352 1936 1939 353 354 1941 1940 354 370 1942 1941 370 369 1943 1942 369 353 1940 1943 354 355 1945 1944 355 371 1946 1945 371 370 1947 1946 370 354 1944 1947 355 356 1949 1948 356 372 1950 1949 372 371 1951 1950 371 355 1948 1951 356 357 1953 1952 357 373 1954 1953 373 372 1955 1954 372 356 1952 1955 357 358 1957 1956 358 374 1958 1957 374 373 1959 1958 373 357 1956 1959 358 359 1961 1960 359 375 1962 1961 375 374 1963 1962 374 358 1960 1963 359 360 1965 1964 360 376 1966 1965 376 375 1967 1966 375 359 1964 1967 360 361 1969 1968 361 377 1970 1969 377 376 1971 1970 376 360 1968 1971 361 362 1973 1972 362 378 1974 1973 378 377 1975 1974 377 361 1972 1975 362 363 1977 1976 363 379 1978 1977 379 378 1979 1978 378 362 1976 1979 363 364 1981 1980 364 380 1982 1981 380 379 1983 1982 379 363 1980 1983 364 365 1985 1984 365 381 1986 1985 381 380 1987 1986 380 364 1984 1987 365 366 1989 1988 366 382 1990 1989 382 381 1991 1990 381 365 1988 1991 366 367 1993 1992 367 383 1994 1993 383 382 1995 1994 382 366 1992 1995 367 352 1997 1996 352 368 1998 1997 368 383 1999 1998 383 367 1996 1999 368 369 2001 2000 369 385 2002 2001 385 384 2003 2002 384 368 2000 2003 369 370 2005 2004 370 386 2006 2005 386 385 2007 2006 385 369 2004 2007 370 371 2009 2008 371 387 2010 2009 387 386 2011 2010 386 370 2008 2011 371 372 2013 2012 372 388 2014 2013 388 387 2015 2014 387 371 2012 2015 372 373 2017 2016 373 389 2018 2017 389 388 2019 2018 388 372 2016 2019 373 374 2021 2020 374 390 2022 2021 390 389 2023 2022 389 373 2020 2023 374 375 2025 2024 375 391 2026 2025 391 390 2027 2026 390 374 2024 2027 375 376 2029 2028 376 392 2030 2029 392 391 2031 2030 391 375 2028 2031 376 377 2033 2032 377 393 2034 2033 393 392 2035 2034 392 376 2032 2035 377 378 2037 2036 378 394 2038 2037 394 393 2039 2038 393 377 2036 2039 378 379 2041 2040 379 395 2042 2041 395 394 2043 2042 394 378 2040 2043 379 380 2045 2044 380 396 2046 2045 396 395 2047 2046 395 379 2044 2047 380 381 2049 2048 381 397 2050 2049 397 396 2051 2050 396 380 2048 2051 381 382 2053 2052 382 398 2054 2053 398 397 2055 2054 397 381 2052 2055 382 383 2057 2056 383 399 2058 2057 399 398 2059 2058 398 382 2056 2059 383 368 2061 2060 368 384 2062 2061 384 399 2063 2062 399 383 2060 2063 384 385 2065 2064 385 401 2066 2065 401 400 2067 2066 400 384 2064 2067 385 386 2069 2068 386 402 2070 2069 402 401 2071 2070 401 385 2068 2071 386 387 2073 2072 387 403 2074 2073 403 402 2075 2074 402 386 2072 2075 387 388 2077 2076 388 404 2078 2077 404 403 2079 2078 403 387 2076 2079 388 389 2081 2080 389 405 2082 2081 405 404 2083 2082 404 388 2080 2083 389 390 2085 2084 390 406 2086 2085 406 405 2087 2086 405 389 2084 2087 390 391 2089 2088 391 407 2090 2089 407 406 2091 2090 406 390 2088 2091 391 392 2093 2092 392 408 2094 2093 408 407 2095 2094 407 391 2092 2095 392 393 2097 2096 393 409 2098 2097 409 408 2099 2098 408 392 2096 2099 393 394 2101 2100 394 410 2102 2101 410 409 2103 2102 409 393 2100 2103 394 395 2105 2104 395 411 2106 2105 411 410 2107 2106 410 394 2104 2107 395 396 2109 2108 396 412 2110 2109 412 411 2111 2110 411 395 2108 2111 396 397 2113 2112 397 413 2114 2113 413 412 2115 2114 412 396 2112 2115 397 398 2117 2116 398 414 2118 2117 414 413 2119 2118 413 397 2116 2119 398 399 2121 2120 399 415 2122 2121 415 414 2123 2122 414 398 2120 2123 399 384 2125 2124 384 400 2126 2125 400 415 2127 2126 415 399 2124 2127 400 401 2129 2128 401 417 2130 2129 417 416 2131 2130 416 400 2128 2131 401 402 2133 2132 402 418 2134 2133 418 417 2135 2134 417 401 2132 2135 402 403 2137 2136 403 419 2138 2137 419 418 2139 2138 418 402 2136 2139 403 404 2141 2140 404 420 2142 2141 420 419 2143 2142 419 403 2140 2143 404 405 2145 2144 405 421 2146 2145 421 420 2147 2146 420 404 2144 2147 405 406 2149 2148 406 422 2150 2149 422 421 2151 2150 421 405 2148 2151 406 407 2153 2152 407 423 2154 2153 423 422 2155 2154 422 406 2152 2155 407 408 2157 2156 408 424 2158 2157 424 423 2159 2158 423 407 2156 2159 408 409 2161 2160 409 425 2162 2161 425 424 2163 2162 424 408 2160 2163 409 410 2165 2164 410 426 2166 2165 426 425 2167 2166 425 409 2164 2167 410 411 2169 2168 411 427 2170 2169 427 426 2171 2170 426 410 2168 2171 411 412 2173 2172 412 428 2174 2173 428 427 2175 2174 427 411 2172 2175 412 413 2177 2176 413 429 2178 2177 429 428 2179 2178 428 412 2176 2179 413 414 2181 2180 414 430 2182 2181 430 429 2183 2182 429 413 2180 2183 414 415 2185 2184 415 431 2186 2185 431 430 2187 2186 430 414 2184 2187 415 400 2189 2188 400 416 2190 2189 416 431 2191 2190 431 415 2188 2191 416 417 2193 2192 417 433 2194 2193 433 432 2195 2194 432 416 2192 2195 417 418 2197 2196 418 434 2198 2197 434 433 2199 2198 433 417 2196 2199 418 419 2201 2200 419 435 2202 2201 435 434 2203 2202 434 418 2200 2203 419 420 2205 2204 420 436 2206 2205 436 435 2207 2206 435 419 2204 2207 420 421 2209 2208 421 437 2210 2209 437 436 2211 2210 436 420 2208 2211 421 422 2213 2212 422 438 2214 2213 438 437 2215 2214 437 421 2212 2215 422 423 2217 2216 423 439 2218 2217 439 438 2219 2218 438 422 2216 2219 423 424 2221 2220 424 440 2222 2221 440 439 2223 2222 439 423 2220 2223 424 425 2225 2224 425 441 2226 2225 441 440 2227 2226 440 424 2224 2227 425 426 2229 2228 426 442 2230 2229 442 441 2231 2230 441 425 2228 2231 426 427 2233 2232 427 443 2234 2233 443 442 2235 2234 442 426 2232 2235 427 428 2237 2236 428 444 2238 2237 444 443 2239 2238 443 427 2236 2239 428 429 2241 2240 429 445 2242 2241 445 444 2243 2242 444 428 2240 2243 429 430 2245 2244 430 446 2246 2245 446 445 2247 2246 445 429 2244 2247 430 431 2249 2248 431 447 2250 2249 447 446 2251 2250 446 430 2248 2251 431 416 2253 2252 416 432 2254 2253 432 447 2255 2254 447 431 2252 2255 432 433 2257 2256 433 449 2258 2257 449 448 2259 2258 448 432 2256 2259 433 434 2261 2260 434 450 2262 2261 450 449 2263 2262 449 433 2260 2263 434 435 2265 2264 435 451 2266 2265 451 450 2267 2266 450 434 2264 2267 435 436 2269 2268 436 452 2270 2269 452 451 2271 2270 451 435 2268 2271 436 437 2273 2272 437 453 2274 2273 453 452 2275 2274 452 436 2272 2275 437 438 2277 2276 438 454 2278 2277 454 453 2279 2278 453 437 2276 2279 438 439 2281 2280 439 455 2282 2281 455 454 2283 2282 454 438 2280 2283 439 440 2285 2284 440 456 2286 2285 456 455 2287 2286 455 439 2284 2287 440 441 2289 2288 441 457 2290 2289 457 456 2291 2290 456 440 2288 2291 441 442 2293 2292 442 458 2294 2293 458 457 2295 2294 457 441 2292 2295 442 443 2297 2296 443 459 2298 2297 459 458 2299 2298 458 442 2296 2299 443 444 2301 2300 444 460 2302 2301 460 459 2303 2302 459 443 2300 2303 444 445 2305 2304 445 461 2306 2305 461 460 2307 2306 460 444 2304 2307 445 446 2309 2308 446 462 2310 2309 462 461 2311 2310 461 445 2308 2311 446 447 2313 2312 447 463 2314 2313 463 462 2315 2314 462 446 2312 2315 447 432 2317 2316 432 448 2318 2317 448 463 2319 2318 463 447 2316 2319 448 449 2321 2320 449 465 2322 2321 465 464 2323 2322 464 448 2320 2323 449 450 2325 2324 450 466 2326 2325 466 465 2327 2326 465 449 2324 2327 450 451 2329 2328 451 467 2330 2329 467 466 2331 2330 466 450 2328 2331 451 452 2333 2332 452 468 2334 2333 468 467 2335 2334 467 451 2332 2335 452 453 2337 2336 453 469 2338 2337 469 468 2339 2338 468 452 2336 2339 453 454 2341 2340 454 470 2342 2341 470 469 2343 2342 469 453 2340 2343 454 455 2345 2344 455 471 2346 2345 471 470 2347 2346 470 454 2344 2347 455 456 2349 2348 456 472 2350 2349 472 471 2351 2350 471 455 2348 2351 456 457 2353 2352 457 473 2354 2353 473 472 2355 2354 472 456 2352 2355 457 458 2357 2356 458 474 2358 2357 474 473 2359 2358 473 457 2356 2359 458 459 2361 2360 459 475 2362 2361 475 474 2363 2362 474 458 2360 2363 459 460 2365 2364 460 476 2366 2365 476 475 2367 2366 475 459 2364 2367 460 461 2369 2368 461 477 2370 2369 477 476 2371 2370 476 460 2368 2371 461 462 2373 2372 462 478 2374 2373 478 477 2375 2374 477 461 2372 2375 462 463 2377 2376 463 479 2378 2377 479 478 2379 2378 478 462 2376 2379 463 448 2381 2380 448 464 2382 2381 464 479 2383 2382 479 463 2380 2383 464 465 2385 2384 465 481 2386 2385 481 480 2387 2386 480 464 2384 2387 465 466 2389 2388 466 482 2390 2389 482 481 2391 2390 481 465 2388 2391 466 467 2393 2392 467 483 2394 2393 483 482 2395 2394 482 466 2392 2395 467 468 2397 2396 468 484 2398 2397 484 483 2399 2398 483 467 2396 2399 468 469 2401 2400 469 485 2402 2401 485 484 2403 2402 484 468 2400 2403 469 470 2405 2404 470 486 2406 2405 486 485 2407 2406 485 469 2404 2407 470 471 2409 2408 471 487 2410 2409 487 486 2411 2410 486 470 2408 2411 471 472 2413 2412 472 488 2414 2413 488 487 2415 2414 487 471 2412 2415 472 473 2417 2416 473 489 2418 2417 489 488 2419 2418 488 472 2416 2419 473 474 2421 2420 474 490 2422 2421 490 489 2423 2422 489 473 2420 2423 474 475 2425 2424 475 491 2426 2425 491 490 2427 2426 490 474 2424 2427 475 476 2429 2428 476 492 2430 2429 492 491 2431 2430 491 475 2428 2431 476 477 2433 2432 477 493 2434 2433 493 492 2435 2434 492 476 2432 2435 477 478 2437 2436 478 494 2438 2437 494 493 2439 2438 493 477 2436 2439 478 479 2441 2440 479 495 2442 2441 495 494 2443 2442 494 478 2440 2443 479 464 2445 2444 464 480 2446 2445 480 495 2447 2446 495 479 2444 2447 480 481 2449 2448 481 497 2450 2449 497 496 2451 2450 496 480 2448 2451 481 482 2453 2452 482 498 2454 2453 498 497 2455 2454 497 481 2452 2455 482 483 2457 2456 483 499 2458 2457 499 498 2459 2458 498 482 2456 2459 483 484 2461 2460 484 500 2462 2461 500 499 2463 2462 499 483 2460 2463 484 485 2465 2464 485 501 2466 2465 501 500 2467 2466 500 484 2464 2467 485 486 2469 2468 486 502 2470 2469 502 501 2471 2470 501 485 2468 2471 486 487 2473 2472 487 503 2474 2473 503 502 2475 2474 502 486 2472 2475 487 488 2477 2476 488 504 2478 2477 504 503 2479 2478 503 487 2476 2479 488 489 2481 2480 489 505 2482 2481 505 504 2483 2482 504 488 2480 2483 489 490 2485 2484 490 506 2486 2485 506 505 2487 2486 505 489 2484 2487 490 491 2489 2488 491 507 2490 2489 507 506 2491 2490 506 490 2488 2491 491 492 2493 2492 492 508 2494 2493 508 507 2495 2494 507 491 2492 2495 492 493 2497 2496 493 509 2498 2497 509 508 2499 2498 508 492 2496 2499 493 494 2501 2500 494 510 2502 2501 510 509 2503 2502 509 493 2500 2503 494 495 2505 2504 495 511 2506 2505 511 510 2507 2506 510 494 2504 2507 495 480 2509 2508 480 496 2510 2509 496 511 2511 2510 511 495 2508 2511 496 497 2513 2512 497 513 2514 2513 513 512 2515 2514 512 496 2512 2515 497 498 2517 2516 498 514 2518 2517 514 513 2519 2518 513 497 2516 2519 498 499 2521 2520 499 515 2522 2521 515 514 2523 2522 514 498 2520 2523 499 500 2525 2524 500 516 2526 2525 516 515 2527 2526 515 499 2524 2527 500 501 2529 2528 501 517 2530 2529 517 516 2531 2530 516 500 2528 2531 501 502 2533 2532 502 518 2534 2533 518 517 2535 2534 517 501 2532 2535 502 503 2537 2536 503 519 2538 2537 519 518 2539 2538 518 502 2536 2539 503 504 2541 2540 504 520 2542 2541 520 519 2543 2542 519 503 2540 2543 504 505 2545 2544 505 521 2546 2545 521 520 2547 2546 520 504 2544 2547 505 506 2549 2548 506 522 2550 2549 522 521 2551 2550 521 505 2548 2551 506 507 2553 2552 507 523 2554 2553 523 522 2555 2554 522 506 2552 2555 507 508 2557 2556 508 524 2558 2557 524 523 2559 2558 523 507 2556 2559 508 509 2561 2560 509 525 2562 2561 525 524 2563 2562 524 508 2560 2563 509 510 2565 2564 510 526 2566 2565 526 525 2567 2566 525 509 2564 2567 510 511 2569 2568 511 527 2570 2569 527 526 2571 2570 526 510 2568 2571 511 496 2573 2572 496 512 2574 2573 512 527 2575 2574 527 511 2572 2575 1 0 2577 2576 0 15 2578 2577 15 14 2579 2578 14 13 2580 2579 13 12 2581 2580 12 11 2582 2581 11 10 2583 2582 10 9 2584 2583 9 8 2585 2584 8 7 2586 2585 7 6 2587 2586 6 5 2588 2587 5 4 2589 2588 4 3 2590 2589 3 2 2591 2590 2 1 2576 2591 512 513 2593 2592 513 514 2594 2593 514 515 2595 2594 515 516 2596 2595 516 517 2597 2596 517 518 2598 2597 518 519 2599 2598 519 520 2600 2599 520 521 2601 2600 521 522 2602 2601 522 523 2603 2602 523 524 2604 2603 524 525 2605 2604 525 526 2606 2605 526 527 2607 2606 527 512 2592 2607 
</DataArray>
<DataArray type="Int32" Name="offsets" format="ascii">
4 8 12 16 20 24 28 32 36 40 44 48 52 56 60 64 68 72 76 80 84 88 92 96 100 104 108 112 116 120 124 128 132 136 140 144 148 152 156 160 164 168 172 176 180 184 188 192 196 200 204 208 212 216 220 224 228 232 236 240 244 248 252 256 260 264 268 272 276 280 284 288 292 296 300 304 308 312 316 320 324 328 332 336 340 344 348 352 356 360 364 368 372 376 380 384 388 392 396 400 404 408 412 416 420 424 428 432 436 440 444 448 452 456 460 464 468 472 476 480 484 488 492 496 500 504 508 512 516 520 524 528 532 536 540 544 548 552 556 560 564 568 572 576 580 584 588 592 596 600 604 608 612 616 620 624 628 632 636 640 644 648 652 656 660 664 668 672 676 680 684 688 692 696 700 704 708 712 716 720 724 728 732 736 740 744 748 752 756 760 764 768 772 776 780 784 788 792 796 800 804 808 812 816 820 824 828 832 836 840 844 848 852 856 860 864 868 872 876 880 884 888 892 896 900 904 908 912 916 920 924 928 932 936 940 944 948 952 956 960 964 968 972 976 980 984 988 992 996 1000 1004 1008 1012 1016 1020 1024 1028 1032 1036 1040 1044 1048 1052 1056 1060 1064 1068 1072 1076 1080 1084 1088 1092 1096 1100 1104 1108 1112 1116 1120 1124 1128 1132 1136 1140 1144 1148 1152 1156 1160 1164 1168 1172 1176 1180 1184 1188 1192 1196 1200 1204 1208 1212 1216 1220 1224 1228 1232 1236 1240 1244 1248 1252 1256 1260 1264 1268 1272 1276 1280 1284 1288 1292 1296 1300 1304 1308 1312 1316 1320 1324 1328 1332 1336 1340 1344 1348 1352 1356 1360 1364 1368 1372 1376 1380 1384 1388 1392 1396 1400 1404 1408 1412 1416 1420 1424 1428 1432 1436 1440 1444 1448 1452 1456 1460 1464 1468 1472 1476 1480 1484 1488 1492 1496 1500 1504 1508 1512 1516 1520 1524 1528 1532 1536 1540 1544 1548 1552 1556 1560 1564 1568 1572 1576 1580 1584 1588 1592 1596 1600 1604 1608 1612 1616 1620 1624 1628 1632 1636 1640 1644 1648 1652 1656 1660 1664 1668 1672 1676 1680 1684 1688 1692 1696 1700 1704 1708 1712 1716 1720 1724 1728 1732 1736 1740 1744 1748 1752 1756 1760 1764 1768 1772 1776 1780 1784 1788 1792 1796 1800 1804 1808 1812 1816 1820 1824 1828 1832 1836 1840 1844 1848 1852 1856 1860 1864 1868 1872 1876 1880 1884 1888 1892 1896 1900 1904 1908 1912 1916 1920 1924 1928 1932 1936 1940 1944 1948 1952 1956 1960 1964 1968 1972 1976 1980 1984 1988 1992 1996 2000 2004 2008 2012 2016 2020 2024 2028 2032 2036 2040 2044 2048 2052 2056 2060 2064 2068 2072 2076 2080 2084 2088 2092 2096 2100 2104 2108 2112 2116 2120 2124 2128 2132 2136 2140 2144 2148 2152 2156 2160 2164 2168 2172 2176 2180 2184 2188 2192 2196 2200 2204 2208 2212 2216 2220 2224 2228 2232 2236 2240 2244 2248 2252 2256 2260 2264 2268 2272 2276 2280 2284 2288 2292 2296 2300 2304 2308 2312 2316 2320 2324 2328 2332 2336 2340 2344 2348 2352 2356 2360 2364 2368 2372 2376 2380 2384 2388 2392 2396 2400 2404 2408 2412 2416 2420 2424 2428 2432 2436 2440 2444 2448 2452 2456 2460 2464 2468 2472 2476 2480 2484 2488 2492 2496 2500 2504 2508 2512 2516 2520 2524 2528 2532 2536 2540 2544 2548 2552 2556 2560 2564 2568 2572 2576 2580 2584 2588 2592 2596 2600 2604 2608 2612 2616 2620 2624 2628 2632 2636 2640 2644 2648 2652 2656 2660 2664 2668 2672 2676 2680 2684 2688 2692 2696 2700 2704 2708 2712 2716 2720 2724 2728 2732 2736 2740 2744 2748 2752 2756 2760 2764 2768 2772 2776 2780 2784 2788 2792 2796 2800 2804 2808 2812 2816 2820 2824 2828 2832 2836 2840 2844 2848 2852 2856 2860 2864 2868 2872 2876 2880 2884 2888 2892 2896 2900 2904 2908 2912 2916 2920 2924 2928 2932 2936 2940 2944 2948 2952 2956 2960 2964 2968 2972 2976 2980 2984 2988 2992 2996 3000 3004 3008 3012 3016 3020 3024 3028 3032 3036 3040 3044 3048 3052 3056 3060 3064 3068 3072 3076 3080 3084 3088 3092 3096 3100 3104 3108 3112 3116 3120 3124 3128 3132 3136 3140 3144 3148 3152 3156 3160 3164 3168 3172 3176 3180 3184 3188 3192 3196 3200 3204 3208 3212 3216 3220 3224 3228 3232 3236 3240 3244 3248 3252 3256 3260 3264 3268 3272 3276 3280 3284 3288 3292 3296 3300 3304 3308 3312 3316 3320 3324 3328 3332 3336 3340 3344 3348 3352 3356 3360 3364 3368 3372 3376 3380 3384 3388 3392 3396 3400 3404 3408 3412 3416 3420 3424 3428 3432 3436 3440 3444 3448 3452 3456 3460 3464 3468 3472 3476 3480 3484 3488 3492 3496 3500 3504 3508 3512 3516 3520 3524 3528 3532 3536 3540 3544 3548 3552 3556 3560 3564 3568 3572 3576 3580 3584 3588 3592 3596 3600 3604 3608 3612 3616 3620 3624 3628 3632 3636 3640 3644 3648 3652 3656 3660 3664 3668 3672 3676 3680 3684 3688 3692 3696 3700 3704 3708 3712 3716 3720 3724 3728 3732 3736 3740 3744 3748 3752 3756 3760 3764 3768 3772 3776 3780 3784 3788 3792 3796 3800 3804 3808 3812 3816 3820 3824 3828 3832 3836 3840 3844 3848 3852 3856 3860 3864 3868 3872 3876 3880 3884 3888 3892 3896 3900 3904 3908 3912 3916 3920 3924 3928 3932 3936 3940 3944 3948 3952 3956 3960 3964 3968 3972 3976 3980 3984 3988 3992 3996 4000 4004 4008 4012 4016 4020 4024 4028 4032 4036 4040 4044 4048 4052 4056 4060 4064 4068 4072 4076 4080 4084 4088 4092 4096 4100 4104 4108 4112 4116 4120 4124 4128 4132 4136 4140 4144 4148 4152 4156 4160 4164 4168 4172 4176 4180 4184 4188 4192 4196 4200 4204 4208 4212 4216 4220 4224 4228 4232 4236 4240 4244 4248 4252 4256 4260 4264 4268 4272 4276 4280 4284 4288 4292 4296 4300 4304 4308 4312 4316 4320 4324 4328 4332 4336 4340 4344 4348 4352 4356 4360 4364 4368 4372 4376 4380 4384 4388 4392 4396 4400 4404 4408 4412 4416 4420 4424 4428 4432 4436 4440 4444 4448 4452 4456 4460 4464 4468 4472 4476 4480 4484 4488 4492 4496 4500 4504 4508 4512 4516 4520 4524 4528 4532 4536 4540 4544 4548 4552 4556 4560 4564 4568 4572 4576 4580 4584 4588 4592 4596 4600 4604 4608 4612 4616 4620 4624 4628 4632 4636 4640 4644 4648 4652 4656 4660 4664 4668 4672 4676 4680 4684 4688 4692 4696 4700 4704 4708 4712 4716 4720 4724 4728 4732 4736 4740 4744 4748 4752 4756 4760 4764 4768 4772 4776 4780 4784 4788 4792 4796 4800 4804 4808 4812 4816 4820 4824 4828 4832 4836 4840 4844 4848 4852 4856 4860 4864 4868 4872 4876 4880 4884 4888 4892 4896 4900 4904 4908 4912 4916 4920 4924 4928 4932 4936 4940 4944 4948 4952 4956 4960 4964 4968 4972 4976 4980 4984 4988 4992 4996 5000 5004 5008 5012 5016 5020 5024 5028 5032 5036 5040 5044 5048 5052 5056 5060 5064 5068 5072 5076 5080 5084 5088 5092 5096 5100 5104 5108 5112 5116 5120 5124 5128 5132 5136 5140 5144 5148 5152 5156 5160 5164 5168 5172 5176 5180 5184 5188 5192 5196 5200 5204 5208 5212 5216 5220 5224 5228 5232 5236 5240 5244 5248 5252 5256 5260 5264 5268 5272 5276 5280 5284 5288 5292 5296 5300 5304 5308 5312 5316 5320 5324 5328 5332 5336 5340 5344 5348 5352 5356 5360 5364 5368 5372 5376 5380 5384 5388 5392 5396 5400 5404 5408 5412 5416 5420 5424 5428 5432 5436 5440 5444 5448 5452 5456 5460 5464 5468 5472 5476 5480 5484 5488 5492 5496 5500 5504 5508 5512 5516 5520 5524 5528 5532 5536 5540 5544 5548 5552 5556 5560 5564 5568 5572 5576 5580 5584 5588 5592 5596 5600 5604 5608 5612 5616 5620 5624 5628 5632 5636 5640 5644 5648 5652 5656 5660 5664 5668 5672 5676 5680 5684 5688 5692 5696 5700 5704 5708 5712 5716 5720 5724 5728 5732 5736 5740 5744 5748 5752 5756 5760 5764 5768 5772 5776 5780 5784 5788 5792 5796 5800 5804 5808 5812 5816 5820 5824 5828 5832 5836 5840 5844 5848 5852 5856 5860 5864 5868 5872 5876 5880 5884 5888 5892 5896 5900 5904 5908 5912 5916 5920 5924 5928 5932 5936 5940 5944 5948 5952 5956 5960 5964 5968 5972 5976 5980 5984 5988 5992 5996 6000 6004 6008 6012 6016 6020 6024 6028 6032 6036 6040 6044 6048 6052 6056 6060 6064 6068 6072 6076 6080 6084 6088 6092 6096 6100 6104 6108 6112 6116 6120 6124 6128 6132 6136 6140 6144 6148 6152 6156 6160 6164 6168 6172 6176 6180 6184 6188 6192 6196 6200 6204 6208 6212 6216 6220 6224 6228 6232 6236 6240 6244 6248 6252 6256 6260 6264 6268 6272 6276 6280 6284 6288 6292 6296 6300 6304 6308 6312 6316 6320 6324 6328 6332 6336 6340 6344 6348 6352 6356 6360 6364 6368 6372 6376 6380 6384 6388 6392 6396 6400 6404 6408 6412 6416 6420 6424 6428 6432 6436 6440 6444 6448 6452 6456 6460 6464 6468 6472 6476 6480 6484 6488 6492 6496 6500 6504 6508 6512 6516 6520 6524 6528 6532 6536 6540 6544 6548 6552 6556 6560 6564 6568 6572 6576 6580 6584 6588 6592 6596 6600 6604 6608 6612 6616 6620 6624 6628 6632 6636 6640 6644 6648 6652 6656 6660 6664 6668 6672 6676 6680 6684 6688 6692 6696 6700 6704 6708 6712 6716 6720 6724 6728 6732 6736 6740 6744 6748 6752 6756 6760 6764 6768 6772 6776 6780 6784 6788 6792 6796 6800 6804 6808 6812 6816 6820 6824 6828 6832 6836 6840 6844 6848 6852 6856 6860 6864 6868 6872 6876 6880 6884 6888 6892 6896 6900 6904 6908 6912 6916 6920 6924 6928 6932 6936 6940 6944 6948 6952 6956 6960 6964 6968 6972 6976 6980 6984 6988 6992 6996 7000 7004 7008 7012 7016 7020 7024 7028 7032 7036 7040 7044 7048 7052 7056 7060 7064 7068 7072 7076 7080 7084 7088 7092 7096 7100 7104 7108 7112 7116 7120 7124 7128 7132 7136 7140 7144 7148 7152 7156 7160 7164 7168 7172 7176 7180 7184 7188 7192 7196 7200 7204 7208 7212 7216 7220 7224 7228 7232 7236 7240 7244 7248 7252 7256 7260 7264 7268 7272 7276 7280 7284 7288 7292 7296 7300 7304 7308 7312 7316 7320 7324 7328 7332 7336 7340 7344 7348 7352 7356 7360 7364 7368 7372 7376 7380 7384 7388 7392 7396 7400 7404 7408 7412 7416 7420 7424 7428 7432 7436 7440 7444 7448 7452 7456 7460 7464 7468 7472 7476 7480 7484 7488 7492 7496 7500 7504 7508 7512 7516 7520 7524 7528 7532 7536 7540 7544 7548 7552 7556 7560 7564 7568 7572 7576 7580 7584 7588 7592 7596 7600 7604 7608 7612 7616 7620 7624 7628 7632 7636 7640 7644 7648 7652 7656 7660 7664 7668 7672 7676 7680 7684 7688 7692 7696 7700 7704 7708 7712 7716 7720 7724 7728 7732 7736 7740 7744 7748 7752 7756 7760 7764 7768 7772 7776 7780 7784 7788 7792 7796 7800 7804 7808 7812 7816 7820 7824 7828 7832 7836 7840 7844 7848 7852 7856 7860 7864 7868 7872 7876 7880 7884 7888 7892 7896 7900 7904 7908 7912 7916 7920 7924 7928 7932 7936 7940 7944 7948 7952 7956 7960 7964 7968 7972 7976 7980 7984 7988 7992 7996 8000 8004 8008 8012 8016 8020 8024 8028 8032 8036 8040 8044 8048 8052 8056 8060 8064 8068 8072 8076 8080 8084 8088 8092 8096 8100 8104 8108 8112 8116 8120 8124 8128 8132 8136 8140 8144 8148 8152 8156 8160 8164 8168 8172 8176 8180 8184 8188 8192 8196 8200 8204 8208 8212 8216 8220 8224 8228 8232 8236 8240 8244 8248 8252 8256 8260 8264 8268 8272 8276 8280 8284 8288 8292 8296 8300 8304 8308 8312 8316 8320 
</DataArray>
<DataArray type="UInt8" Name="types" format="ascii">
7 7 7 7 7 7 7 7 7 7 7 7 7 7 7 7 7 7 7 7 7 7 7 7 7 7 7 7 7 7 7 7 7 7 7 7 7 7 7 7 7 7 7 7 7 7 7 7 7 7 7 7 7 7 7 7 7 7 7 7 7 7 7 7 7 7 7 7 7 7 7 7 7 7 7 7 7 7 7 7 7 7 7 7 7 7 7 7 7 7 7 7 7 7 7 7 7 7 7 7 7 7 7 7 7 7 7 7 7 7 7 7 7 7 7 7 7 7 7 7 7 7 7 7 7 7 7 7 7 7 7 7 7 7 7 7 7 7 7 7 7 7 7 7 7 7 7 7 7 7 7 7 7 7 7 7 7 7 7 7 7 7 7 7 7 7 7 7 7 7 7 7 7 7 7 7 7 7 7 7 7 7 7 7 7 7 7 7 7 7 7 7 7 7 7 7 7 7 7 7 7 7 7 7 7 7 7 7 7 7 7 7 7 7 7 7 7 7 7 7 7 7 7 7 7 7 7 7 7 7 7 7 7 7 7 7 7 7 7 7 7 7 7 7 7 7 7 7 7 7 7 7 7 7 7 7 7 7 7 7 7 7 7 7 7 7 7 7 7 7 7 7 7 7 7 7 7 7 7 7 7 7 7 7 7 7 7 7 7 7 7 7 7 7 7 7 7 7 7 7 7 7 7 7 7 7 7 7 7 7 7 7 7 7 7 7 7 7 7 7 7 7 7 7 7 7 7 7 7 7 7 7 7 7 7 7 7 7 7 7 7 7 7 7 7 7 7 7 7 7 7 7 7 7 7 7 7 7 7 7 7 7 7 7 7 7 7 7 7 7 7 7 7 7 7 7 7 7 7 7 7 7 7 7 7 7 7 7 7 7 7 7 7 7 7 7 7 7 7 7 7 7 7 7 7 7 7 7 7 7 7 7 7 7 7 7 7 7 7 7 7 7 7 7 7 7 7 7 7 7 7 7 7 7 7 7 7 7 7 7 7 7 7 7 7 7 7 7 7 7 7 7 7 7 7 7 7 7 7 7 7 7 7 7 7 7 7 7 7 7 7 7 7 7 7 7 7 7 7 7 7 7 7 7 7 7 7 7 7 7 7 7 7 7 7 7 7 7 7 7 7 7 7 7 7 7 7 7 7 7 7 7 7 7 7 7 7 7 7 7 7 7 7 7 7 7 7 7 7 7 7 7 7 7 7 7 7 7 7 7 7 7 7 7 7 7 7 7 7 7 7 7 7 7 7 7 7 7 7 7 7 7 7 7 7 7 7 7 7 7 7 7 7 7 7 7 7 7 7 7 7 7 7 7 7 7 7 7 7 7 7 7 7 7 7 7 7 7 7 7 7 7 7 7 7 7 7 7 7 7 7 7 7 7 7 7 7 7 7 7 7 7 7 7 7 7 7 7 7 7 7 7 7 7 7 7 7 7 7 7 7 7 7 7 7 7 7 7 7 7 7 7 7 7 7 7 7 7 7 7 7 7 7 7 7 7 7 7 7 7 7 7 7 7 7 7 7 7 7 7 7 7 7 7 7 7 7 7 7 7 7 7 7 7 7 7 7 7 7 7 7 7 7 7 7 7 7 7 7 7 7 7 7 7 7 7 7 7 7 7 7 7 7 7 7 7 7 7 7 7 7 7 7 7 7 7 7 7 7 7 7 7 7 7 7 7 7 7 7 7 7 7 7 7 7 7 7 7 7 7 7 7 7 7 7 7 7 7 7 7 7 7 7 7 7 7 7 7 7 7 7 7 7 7 7 7 7 7 7 7 7 7 7 7 7 7 7 7 7 7 7 7 7 7 7 7 7 7 7 7 7 7 7 7 7 7 7 7 7 7 7 7 7 7 7 7 7 7 7 7 7 7 7 7 7 7 7 7 7 7 7 7 7 7 7 7 7 7 7 7 7 7 7 7 7 7 7 7 7 7 7 7 7 7 7 7 7 7 7 7 7 7 7 7 7 7 7 7 7 7 7 7 7 7 7 7 7 7 7 7 7 7 7 7 7 7 7 7 7 7 7 7 7 7 7 7 7 7 7 7 7 7 7 7 7 7 7 7 7 7 7 7 7 7 7 7 7 7 7 7 7 7 7 7 7 7 7 7 7 7 7 7 7 7 7 7 7 7 7 7 7 7 7 7 7 7 7 7 7 7 7 7 7 7 7 7 7 7 7 7 7 7 7 7 7 7 7 7 7 7 7 7 7 7 7 7 7 7 7 7 7 7 7 7 7 7 7 7 7 7 7 7 7 7 7 7 7 7 7 7 7 7 7 7 7 7 7 7 7 7 7 7 7 7 7 7 7 7 7 7 7 7 7 7 7 7 7 7 7 7 7 7 7 7 7 7 7 7 7 7 7 7 7 7 7 7 7 7 7 7 7 7 7 7 7 7 7 7 7 7 7 7 7 7 7 7 7 7 7 7 7 7 7 7 7 7 7 7 7 7 7 7 7 7 7 7 7 7 7 7 7 7 7 7 7 7 7 7 7 7 7 7 7 7 7 7 7 7 7 7 7 7 7 7 7 7 7 7 7 7 7 7 7 7 7 7 7 7 7 7 7 7 7 7 7 7 7 7 7 7 7 7 7 7 7 7 7 7 7 7 7 7 7 7 7 7 7 7 7 7 7 7 7 7 7 7 7 7 7 7 7 7 7 7 7 7 7 7 7 7 7 7 7 7 7 7 7 7 7 7 7 7 7 7 7 7 7 7 7 7 7 7 7 7 7 7 7 7 7 7 7 7 7 7 7 7 7 7 7 7 7 7 7 7 7 7 7 7 7 7 7 7 7 7 7 7 7 7 7 7 7 7 7 7 7 7 7 7 7 7 7 7 7 7 7 7 7 7 7 7 7 7 7 7 7 7 7 7 7 7 7 7 7 7 7 7 7 7 7 7 7 7 7 7 7 7 7 7 7 7 7 7 7 7 7 7 7 7 7 7 7 7 7 7 7 7 7 7 7 7 7 7 7 7 7 7 7 7 7 7 7 7 7 7 7 7 7 7 7 7 7 7 7 7 7 7 7 7 7 7 7 7 7 7 7 7 7 7 7 7 7 7 7 7 7 7 7 7 7 7 7 7 7 7 7 7 7 7 7 7 7 7 7 7 7 7 7 7 7 7 7 7 7 7 7 7 7 7 7 7 7 7 7 7 7 7 7 7 7 7 7 7 7 7 7 7 7 7 7 7 7 7 7 7 7 7 7 7 7 7 7 7 7 7 7 7 7 7 7 7 7 7 7 7 7 7 7 7 7 7 7 7 7 7 7 7 7 7 7 7 7 7 7 7 7 7 7 7 7 7 7 7 7 7 7 7 7 7 7 7 7 7 7 7 7 7 7 7 7 7 7 7 7 7 7 7 7 7 7 7 7 7 7 7 7 7 7 7 7 7 7 7 7 7 7 7 7 7 7 7 7 7 7 7 7 7 7 7 7 7 7 7 7 7 7 7 7 7 7 7 7 7 7 7 7 7 7 7 7 7 7 7 7 7 7 7 7 7 7 7 7 7 7 7 7 7 7 7 7 7 7 7 7 7 7 7 7 7 7 7 7 7 7 7 7 7 7 7 7 7 7 7 7 7 7 7 7 7 7 7 7 7 7 7 7 7 7 7 7 7 7 7 7 7 7 7 7 7 7 7 7 7 7 7 7 7 7 7 7 7 7 7 7 7 7 7 7 7 7 7 7 7 7 7 7 7 7 7 7 7 7 7 7 7 7 7 7 7 7 7 7 7 7 7 7 7 7 7 7 7 7 7 7 7 7 7 7 7 7 7 7 7 7 7 7 7 7 7 7 7 7 7 7 7 7 7 7 7 7 7 7 7 7 7 7 7 7 7 7 7 7 7 7 7 7 7 7 7 7 7 7 7 7 7 7 7 7 7 7 7 7 7 7 7 7 7 7 7 7 7 7 7 7 7 7 7 7 7 7 7 7 7 7 7 7 7 7 7 7 7 7 7 7 7 7 7 7 7 7 7 7 7 7 7 7 7 7 7 7 7 7 7 7 7 7 7 7 7 7 7 7 7 7 7 7 7 7 7 7 7 7 7 7 7 7 7 7 7 7 7 7 7 7 7 7 7 7 7 7 7 7 7 7 7 7 7 7 7 7 7 7 7 7 7 7 7 7 7 7 7 7 7 7 7 7 7 7 7 7 7 7 7 7 7 7 7 7 7 7 7 7 7 7 7 7 7 7 7 7 7 7 7 7 7 7 7 7 7 7 7 7 7 7 7 7 7 7 7 7 7 7 7 7 7 7 7 7 7 7 7 7 7 7 7 7 7 7 7 7 7 7 7 7 7 7 7 7 7 7 7 7 7 7 7 7 7 7 7 7 7 7 7 7 7 7 7 7 7 7 7 7 7 7 7 7 7 7 7 7 7 7 7 7 7 7 7 7 7 7 7 7 7 7 7 7 7 7 7 7 7 7 7 7 7 7 7 7 7 7 7 7 7 7 7 7 7 7 7 7 7 7 7 7 7 7 7 7 7 7 7 7 7 7 7 7 7 7 7 7 7 7 7 7 7 7 7 7 7 7 7 7 7 7 7 7 7 7 7 7 7 7 7 7 7 7 7 7 7 7 7 7 7 7 7 7 7 7 7 7 7 7 7 7 7 7 7 7 7 7 7 7 7 7 7 7 7 7 7 7 7 7 7 7 7 7 7 7 7 7 7 
</DataArray>
</Cells>
<CellData Scalars="wall variable 0">
<DataArray type="Float64" Name="wall length" format="ascii">
29.5757 28.7654 29.5757 28.7438 29.5757 28.7531 29.5757 28.7654 29.5757 28.7546 29.5757 28.7531 29.5757 28.7753 29.5757 28.7546 29.5757 28.7835 29.5757 28.7753 29.5757 28.7423 29.5757 28.7835 29.5757 28.7285 29.5757 28.7423 29.5757 28.7298 29.5757 28.7285 29.5757 28.7407 29.5757 28.7298 29.5757 28.756 29.5757 28.7407 29.5757 28.7812 29.5757 28.756 29.5757 28.7764 29.5757 28.7812 29.5757 28.7592 29.5757 28.7764 29.5757 28.7254 29.5757 28.7592 29.5757 28.7158 29.5757 28.7254 29.5757 28.7438 29.5757 28.7158 29.5757 32.2836 29.5757 32.2968 32.2961 29.5757 32.2836 29.5757 32.3585 29.5757 32.2961 29.5757 32.4525 29.5757 32.3585 29.5757 32.4751 29.5757 32.4525 29.5757 32.3407 29.5757 32.4751 29.5757 32.2505 29.5757 32.3407 29.5757 32.2183 29.5757 32.2505 29.5757 32.2278 29.5757 32.2183 29.5757 32.3209 29.5757 32.2278 29.5757 32.4726 29.5757 32.3209 29.5757 32.4521 29.5757 32.4726 29.5757 32.359 29.5757 32.4521 29.5757 32.3106 29.5757 32.359 29.5757 32.3028 29.5757 32.3106 29.5757 29.5757 32.2968 29.5757 32.3028 29.5757 32.5654 29.5757 32.5948 29.5757 32.5453 29.5757 32.5654 29.5757 32.6188 29.5757 32.5453 29.5757 32.8036 29.5757 32.6188 29.5757 32.8672 29.5757 32.8036 29.5757 32.589 29.5757 32.8672 29.5757 32.4737 29.5757 32.589 29.5757 32.4543 29.5757 32.4737 29.5757 32.4558 29.5757 32.4543 29.5757 32.5722 29.5757 32.4558 29.5757 32.8627 29.5757 32.5722 29.5757 32.8037 29.5757 32.8627 29.5757 32.6228 29.5757 32.8037 29.5757 32.5605 29.5757 32.6228 29.5757 32.5801 29.5757 32.5605 29.5757 32.5948 29.5757 32.5801 29.5757 31.971 29.5757 31.7517 29.5757 32.5715 29.5757 31.971 29.5757 33.3682 29.5757 32.5715 29.5757 34.1859 29.5757 33.3682 29.5757 34.9438 29.5757 34.1859 29.5757 35.4326 29.5757 34.9438 29.5757 35.5772 29.5757 35.4326 29.5757 35.6029 29.5757 35.5772 29.5757 35.5767 29.5757 35.6029 29.5757 35.4314 29.5757 35.5767 29.5757 34.9425 29.5757 35.4314 29.5757 34.1859 29.5757 34.9425 29.5757 33.3711 29.5757 34.1859 29.5757 32.5808 29.5757 33.3711 29.5757 31.9843 29.5757 32.5808 29.5757 31.7517 29.5757 31.9843 29.5757 31.7954 29.5757 31.5595 29.5757 32.4409 29.5757 31.7954 29.5757 33.3151 29.5757 32.4409 29.5757 34.2203 29.5757 33.3151 29.5757 34.9785 29.5757 34.2203 29.5757 35.4323 29.5757 34.9785 29.5757 35.5766 29.5757 35.4323 29.5757 35.6029 29.5757 35.5766 29.5757 35.5763 29.5757 35.6029 29.5757 35.4313 29.5757 35.5763 29.5757 34.9775 29.5757 35.4313 29.5757 34.2205 29.5757 34.9775 29.5757 33.3177 29.5757 34.2205 29.5757 32.4473 29.5757 33.3177 29.5757 31.8026 29.5757 32.4473 29.5757 31.5595 29.5757 31.8026 29.5757 31.6684 29.5757 31.4255 29.5757 32.3392 29.5757 31.6684 29.5757 33.2663 29.5757 32.3392 29.5757 34.226 29.5757 33.2663 29.5757 34.9952 29.5757 34.226 29.5757 35.4319 29.5757 34.9952 29.5757 35.5759 29.5757 35.4319 29.5757 35.6026 29.5757 35.5759 29.5757 35.5756 29.5757 35.6026 29.5757 35.4311 29.5757 35.5756 29.5757 34.9943 29.5757 35.4311 29.5757 34.2261 29.5757 34.9943 29.5757 33.2684 29.5757 34.2261 29.5757 32.3434 29.5757 33.2684 29.5757 31.6724 29.5757 32.3434 29.5757 31.4255 29.5757 31.6724 29.5757 31.5714 29.5757 31.3221 29.5757 32.2625 29.5757 31.5714 29.5757 33.2264 29.5757 32.2625 29.5757 34.2219 29.5757 33.2264 29.5757 35.0028 29.5757 34.2219 29.5757 35.432 29.5757 35.0028 29.5757 35.5754 29.5757 35.432 29.5757 35.6024 29.5757 35.5754 29.5757 35.5752 29.5757 35.6024 29.5757 35.4313 29.5757 35.5752 29.5757 35.0021 29.5757 35.4313 29.5757 34.2219 29.5757 35.0021 29.5757 33.2279 29.5757 34.2219 29.5757 32.2656 29.5757 33.2279 29.5757 31.5738 29.5757 32.2656 29.5757 31.3221 29.5757 31.5738 29.5757 31.497 29.5757 31.2424 29.5757 32.2039 29.5757 31.497 29.5757 33.1934 29.5757 32.2039 29.5757 34.214 29.5757 33.1934 29.5757 35.0057 29.5757 34.214 29.5757 35.4321 29.5757 35.0057 29.5757 35.5751 29.5757 35.4321 29.5757 35.6023 29.5757 35.5751 29.5757 35.575 29.5757 35.6023 29.5757 35.4317 29.5757 35.575 29.5757 35.0051 29.5757 35.4317 29.5757 34.2139 29.5757 35.0051 29.5757 33.1941 29.5757 34.2139 29.5757 32.2055 29.5757 33.1941 29.5757 31.4982 29.5757 32.2055 29.5757 31.2424 29.5757 31.4982 29.5757 31.4398 29.5757 31.181 29.5757 32.1578 29.5757 31.4398 29.5757 33.1657 29.5757 32.1578 29.5757 34.2046 29.5757 33.1657 29.5757 35.0056 29.5757 34.2046 29.5757 35.4322 29.5757 35.0056 29.5757 35.575 29.5757 35.4322 29.5757 35.6023 29.5757 35.575 29.5757 35.575 29.5757 35.6023 29.5757 35.4319 29.5757 35.575 29.5757 35.0051 29.5757 35.4319 29.5757 34.2042 29.5757 35.0051 29.5757 33.1658 29.5757 34.2042 29.5757 32.1586 29.5757 33.1658 29.5757 31.4402 29.5757 32.1586 29.5757 31.181 29.5757 31.4402 29.5757 31.3967 29.5757 31.1343 29.5757 32.1218 29.5757 31.3967 29.5757 33.1414 29.5757 32.1218 29.5757 34.1946 29.5757 33.1414 29.5757 35.0027 29.5757 34.1946 29.5757 35.4318 29.5757 35.0027 29.5757 35.5751 29.5757 35.4318 29.5757 35.6024 29.5757 35.5751 29.5757 35.5751 29.5757 35.6024 29.5757 35.4316 29.5757 35.5751 29.5757 35.0022 29.5757 35.4316 29.5757 34.194 29.5757 35.0022 29.5757 33.141 29.5757 34.194 29.5757 32.1218 29.5757 33.141 29.5757 31.3964 29.5757 32.1218 29.5757 31.1343 29.5757 31.3964 29.5757 31.3656 29.5757 31.1004 29.5757 32.1 29.5757 31.3656 29.5757 33.1302 29.5757 32.1 29.5757 34.1907 29.5757 33.1302 29.5757 35.0028 29.5757 34.1907 29.5757 35.4321 29.5757 35.0028 29.5757 35.5753 29.5757 35.4321 29.5757 35.6025 29.5757 35.5753 29.5757 35.5752 29.5757 35.6025 29.5757 35.4319 29.5757 35.5752 29.5757 35.0024 29.5757 35.4319 29.5757 34.19 29.5757 35.0024 29.5757 33.1294 29.5757 34.19 29.5757 32.0995 29.5757 33.1294 29.5757 31.3648 29.5757 32.0995 29.5757 31.1004 29.5757 31.3648 29.5757 31.3438 29.5757 31.0763 29.5757 32.0841 29.5757 31.3438 29.5757 33.1212 29.5757 32.0841 29.5757 34.1875 29.5757 33.1212 29.5757 35.0027 29.5757 34.1875 29.5757 35.4323 29.5757 35.0027 29.5757 35.5754 29.5757 35.4323 29.5757 35.6026 29.5757 35.5754 29.5757 35.5754 29.5757 35.6026 29.5757 35.4322 29.5757 35.5754 29.5757 35.0023 29.5757 35.4322 29.5757 34.1865 29.5757 35.0023 29.5757 33.12 29.5757 34.1865 29.5757 32.0829 29.5757 33.12 29.5757 31.3425 29.5757 32.0829 29.5757 31.0763 29.5757 31.3425 29.5757 31.3292 29.5757 31.06 29.5757 32.0735 29.5757 31.3292 29.5757 33.1155 29.5757 32.0735 29.5757 34.1857 29.5757 33.1155 29.5757 35.0029 29.5757 34.1857 29.5757 35.4326 29.5757 35.0029 29.5757 35.5756 29.5757 35.4326 29.5757 35.6027 29.5757 35.5756 29.5757 35.5756 29.5757 35.6027 29.5757 35.4325 29.5757 35.5756 29.5757 35.0024 29.5757 35.4325 29.5757 34.1846 29.5757 35.0024 29.5757 33.1139 29.5757 34.1846 29.5757 32.0718 29.5757 33.1139 29.5757 31.3274 29.5757 32.0718 29.5757 31.06 29.5757 31.3274 29.5757 31.3204 29.5757 31.0501 29.5757 32.0674 29.5757 31.3204 29.5757 33.1129 29.5757 32.0674 29.5757 34.1857 29.5757 33.1129 29.5757 35.0035 29.5757 34.1857 29.5757 35.433 29.5757 35.0035 29.5757 35.5758 29.5757 35.433 29.5757 35.6028 29.5757 35.5758 29.5757 35.5757 29.5757 35.6028 29.5757 35.433 29.5757 35.5757 29.5757 35.0031 29.5757 35.433 29.5757 34.1844 29.5757 35.0031 29.5757 33.111 29.5757 34.1844 29.5757 32.0653 29.5757 33.111 29.5757 31.3182 29.5757 32.0653 29.5757 31.0501 29.5757 31.3182 29.5757 31.3168 29.5757 31.0456 29.5757 32.0656 29.5757 31.3168 29.5757 33.1132 29.5757 32.0656 29.5757 34.1876 29.5757 33.1132 29.5757 35.0051 29.5757 34.1876 29.5757 35.4336 29.5757 35.0051 29.5757 35.5759 29.5757 35.4336 29.5757 35.6029 29.5757 35.5759 29.5757 35.576 29.5757 35.6029 29.5757 35.4335 29.5757 35.576 29.5757 35.0044 29.5757 35.4335 29.5757 34.186 29.5757 35.0044 29.5757 33.111 29.5757 34.186 29.5757 32.0632 29.5757 33.111 29.5757 31.3143 29.5757 32.0632 29.5757 31.0456 29.5757 31.3143 29.5757 31.3184 29.5757 31.047 29.5757 32.0679 29.5757 31.3184 29.5757 33.1163 29.5757 32.0679 29.5757 34.1909 29.5757 33.1163 29.5757 35.0081 29.5757 34.1909 29.5757 35.435 29.5757 35.0081 29.5757 35.5764 29.5757 35.435 29.5757 35.6032 29.5757 35.5764 29.5757 35.5764 29.5757 35.6032 29.5757 35.4348 29.5757 35.5764 29.5757 35.0073 29.5757 35.4348 29.5757 34.1892 29.5757 35.0073 29.5757 33.1138 29.5757 34.1892 29.5757 32.0653 29.5757 33.1138 29.5757 31.3159 29.5757 32.0653 29.5757 31.047 29.5757 31.3159 29.5757 31.3252 29.5757 31.0534 29.5757 32.075 29.5757 31.3252 29.5757 33.1227 29.5757 32.075 29.5757 34.1961 29.5757 33.1227 29.5757 35.0121 29.5757 34.1961 29.5757 35.4374 29.5757 35.0121 29.5757 35.5773 29.5757 35.4374 29.5757 35.6037 29.5757 35.5773 29.5757 35.5773 29.5757 35.6037 29.5757 35.4373 29.5757 35.5773 29.5757 35.0114 29.5757 35.4373 29.5757 34.1942 29.5757 35.0114 29.5757 33.1199 29.5757 34.1942 29.5757 32.072 29.5757 33.1199 29.5757 31.3224 29.5757 32.072 29.5757 31.0534 29.5757 31.3224 29.5757 31.3363 29.5757 31.064 29.5757 32.0859 29.5757 31.3363 29.5757 33.1321 29.5757 32.0859 29.5757 34.2028 29.5757 33.1321 29.5757 35.0154 29.5757 34.2028 29.5757 35.4389 29.5757 35.0154 29.5757 35.578 29.5757 35.4389 29.5757 35.6041 29.5757 35.578 29.5757 35.578 29.5757 35.6041 29.5757 35.4389 29.5757 35.578 29.5757 35.0147 29.5757 35.4389 29.5757 34.2008 29.5757 35.0147 29.5757 33.129 29.5757 34.2008 29.5757 32.0824 29.5757 33.129 29.5757 31.333 29.5757 32.0824 29.5757 31.064 29.5757 31.333 29.5757 31.3517 29.5757 31.0796 29.5757 32.1 29.5757 31.3517 29.5757 33.1437 29.5757 32.1 29.5757 34.2106 29.5757 33.1437 29.5757 35.0191 29.5757 34.2106 29.5757 35.4399 29.5757 35.0191 29.5757 35.5783 29.5757 35.4399 29.5757 35.6043 29.5757 35.5783 29.5757 35.5783 29.5757 35.6043 29.5757 35.4398 29.5757 35.5783 29.5757 35.0183 29.5757 35.4398 29.5757 34.2084 29.5757 35.0183 29.5757 33.1403 29.5757 34.2084 29.5757 32.0961 29.5757 33.1403 29.5757 31.3478 29.5757 32.0961 29.5757 31.0796 29.5757 31.3478 29.5757 31.3714 29.5757 31.0998 29.5757 32.1176 29.5757 31.3714 29.5757 33.1573 29.5757 32.1176 29.5757 34.2191 29.5757 33.1573 29.5757 35.0229 29.5757 34.2191 29.5757 35.4408 29.5757 35.0229 29.5757 35.5785 29.5757 35.4408 29.5757 35.6044 29.5757 35.5785 29.5757 35.5785 29.5757 35.6044 29.5757 35.4407 29.5757 35.5785 29.5757 35.022 29.5757 35.4407 29.5757 34.2168 29.5757 35.022 29.5757 33.1536 29.5757 34.2168 29.5757 32.1133 29.5757 33.1536 29.5757 31.3672 29.5757 32.1133 29.5757 31.0998 29.5757 31.3672 29.5757 31.3962 29.5757 31.1256 29.5757 32.1388 29.5757 31.3962 29.5757 33.173 29.5757 32.1388 29.5757 34.2283 29.5757 33.173 29.5757 35.0266 29.5757 34.2283 29.5757 35.4416 29.5757 35.0266 29.5757 35.5785 29.5757 35.4416 29.5757 35.6044 29.5757 35.5785 29.5757 35.5785 29.5757 35.6044 29.5757 35.4415 29.5757 35.5785 29.5757 35.0257 29.5757 35.4415 29.5757 34.2258 29.5757 35.0257 29.5757 33.1691 29.5757 34.2258 29.5757 32.1342 29.5757 33.1691 29.5757 31.3916 29.5757 32.1342 29.5757 31.1256 29.5757 31.3916 29.5757 31.4269 29.5757 31.1578 29.5757 32.1646 29.5757 31.4269 29.5757 33.1911 29.5757 32.1646 29.5757 34.2379 29.5757 33.1911 29.5757 35.03 29.5757 34.2379 29.5757 35.4423 29.5757 35.03 29.5757 35.5786 29.5757 35.4423 29.5757 35.6043 29.5757 35.5786 29.5757 35.5786 29.5757 35.6043 29.5757 35.4422 29.5757 35.5786 29.5757 35.029 29.5757 35.4422 29.5757 34.2353 29.5757 35.029 29.5757 33.1869 29.5757 34.2353 29.5757 32.1597 29.5757 33.1869 29.5757 31.4221 29.5757 32.1597 29.5757 31.1578 29.5757 31.4221 29.5757 31.4646 29.5757 31.1977 29.5757 32.1956 29.5757 31.4646 29.5757 33.2117 29.5757 32.1956 29.5757 34.2478 29.5757 33.2117 29.5757 35.0328 29.5757 34.2478 29.5757 35.4428 29.5757 35.0328 29.5757 35.5786 29.5757 35.4428 29.5757 35.6043 29.5757 35.5786 29.5757 35.5786 29.5757 35.6043 29.5757 35.4428 29.5757 35.5786 29.5757 35.0319 29.5757 35.4428 29.5757 34.2451 29.5757 35.0319 29.5757 33.2074 29.5757 34.2451 29.5757 32.1904 29.5757 33.2074 29.5757 31.4596 29.5757 32.1904 29.5757 31.1977 29.5757 31.4596 29.5757 31.5114 29.5757 31.2475 29.5757 32.2334 29.5757 31.5114 29.5757 33.2357 29.5757 32.2334 29.5757 34.2576 29.5757 33.2357 29.5757 35.0346 29.5757 34.2576 29.5757 35.443 29.5757 35.0346 29.5757 35.5787 29.5757 35.443 29.5757 35.6044 29.5757 35.5787 29.5757 35.5788 29.5757 35.6044 29.5757 35.4431 29.5757 35.5788 29.5757 35.0337 29.5757 35.4431 29.5757 34.2549 29.5757 35.0337 29.5757 33.2312 29.5757 34.2549 29.5757 32.228 29.5757 33.2312 29.5757 31.5061 29.5757 32.228 29.5757 31.2475 29.5757 31.5061 29.5757 31.5697 29.5757 31.309 29.5757 32.2802 29.5757 31.5697 29.5757 33.2638 29.5757 32.2802 29.5757 34.2666 29.5757 33.2638 29.5757 35.0345 29.5757 34.2666 29.5757 35.443 29.5757 35.0345 29.5757 35.5789 29.5757 35.443 29.5757 35.6045 29.5757 35.5789 29.5757 35.579 29.5757 35.6045 29.5757 35.4431 29.5757 35.579 29.5757 35.0335 29.5757 35.4431 29.5757 34.2639 29.5757 35.0335 29.5757 33.2591 29.5757 34.2639 29.5757 32.2744 29.5757 33.2591 29.5757 31.5638 29.5757 32.2744 29.5757 31.309 29.5757 31.5638 29.5757 31.6428 29.5757 31.3854 29.5757 32.3394 29.5757 31.6428 29.5757 33.297 29.5757 32.3394 29.5757 34.2735 29.5757 33.297 29.5757 35.0306 29.5757 34.2735 29.5757 35.4427 29.5757 35.0306 29.5757 35.5793 29.5757 35.4427 29.5757 35.6047 29.5757 35.5793 29.5757 35.5793 29.5757 35.6047 29.5757 35.4429 29.5757 35.5793 29.5757 35.0298 29.5757 35.4429 29.5757 34.2709 29.5757 35.0298 29.5757 33.2922 29.5757 34.2709 29.5757 32.3327 29.5757 33.2922 29.5757 31.636 29.5757 32.3327 29.5757 31.3854 29.5757 31.636 29.5757 31.7331 29.5757 31.4778 29.5757 32.4133 29.5757 31.7331 29.5757 33.3352 29.5757 32.4133 29.5757 34.2748 29.5757 33.3352 29.5757 35.0201 29.5757 34.2748 29.5757 35.4423 29.5757 35.0201 29.5757 35.5799 29.5757 35.4423 29.5757 35.6051 29.5757 35.5799 29.5757 35.5799 29.5757 35.6051 29.5757 35.4424 29.5757 35.5799 29.5757 35.0194 29.5757 35.4424 29.5757 34.2724 29.5757 35.0194 29.5757 33.3302 29.5757 34.2724 29.5757 32.4053 29.5757 33.3302 29.5757 31.7241 29.5757 32.4053 29.5757 31.4778 29.5757 31.7241 29.5757 31.8335 29.5757 31.5782 29.5757 32.4942 29.5757 31.8335 29.5757 33.3675 29.5757 32.4942 29.5757 34.2579 29.5757 33.3675 29.5757 34.996 29.5757 34.2579 29.5757 35.4421 29.5757 34.996 29.5757 35.5807 29.5757 35.4421 29.5757 35.6055 29.5757 35.5807 29.5757 35.5807 29.5757 35.6055 29.5757 35.442 29.5757 35.5807 29.5757 34.9956 29.5757 35.442 29.5757 34.2558 29.5757 34.9956 29.5757 33.3625 29.5757 34.2558 29.5757 32.4843 29.5757 33.3625 29.5757 31.8208 29.5757 32.4843 29.5757 31.5782 29.5757 31.8208 29.5757 31.8789 29.5757 31.6352 29.5757 32.5 29.5757 31.8789 29.5757 33.318 29.5757 32.5 29.5757 34.1562 29.5757 33.318 29.5757 34.942 29.5757 34.1562 29.5757 35.4434 29.5757 34.942 29.5757 35.5822 29.5757 35.4434 29.5757 35.6062 29.5757 35.5822 29.5757 35.582 29.5757 35.6062 29.5757 35.4429 29.5757 35.582 29.5757 34.942 29.5757 35.4429 29.5757 34.1545 29.5757 34.942 29.5757 33.3129 29.5757 34.1545 29.5757 32.4906 29.5757 33.3129 29.5757 31.8642 29.5757 32.4906 29.5757 31.6352 29.5757 31.8642 29.5757 31.4325 28.1955 31.4487 29.5757 31.4234 28.1955 31.4325 29.5757 31.5429 28.1955 31.4234 29.5757 31.8158 28.1955 31.5429 29.5757 31.9074 28.1955 31.8158 29.5757 31.5306 28.1955 31.9074 29.5757 31.3444 28.1955 31.5306 29.5757 31.3331 28.1955 31.3444 29.5757 31.3873 28.1955 31.3331 29.5757 31.5655 28.1955 31.3873 29.5757 31.9088 28.1955 31.5655 29.5757 31.812 28.1955 31.9088 29.5757 31.5345 28.1955 31.812 29.5757 31.3957 28.1955 31.5345 29.5757 31.408 28.1955 31.3957 29.5757 31.4487 28.1955 31.408 28.1955 30.8398 26.8153 30.8346 28.1955 30.8649 26.8153 30.8398 28.1955 30.9829 26.8153 30.8649 28.1955 31.158 26.8153 30.9829 28.1955 31.2101 26.8153 31.158 28.1955 30.9906 26.8153 31.2101 28.1955 30.8157 26.8153 30.9906 28.1955 30.7843 26.8153 30.8157 28.1955 30.8516 26.8153 30.7843 28.1955 31.0169 26.8153 30.8516 28.1955 31.2059 26.8153 31.0169 28.1955 31.1553 26.8153 31.2059 28.1955 30.9825 26.8153 31.1553 28.1955 30.8438 26.8153 30.9825 28.1955 30.8139 26.8153 30.8438 28.1955 30.8346 26.8153 30.8139 26.8153 27.1553 25.4351 27.2375 26.8153 27.0486 25.4351 27.1553 26.8153 27.039 25.4351 27.0486 26.8153 27.033 25.4351 27.039 26.8153 26.8999 25.4351 27.033 26.8153 26.6611 25.4351 26.8999 26.8153 26.4781 25.4351 26.6611 26.8153 26.3751 25.4351 26.4781 26.8153 26.4061 25.4351 26.3751 26.8153 26.6007 25.4351 26.4061 26.8153 26.8927 25.4351 26.6007 26.8153 27.0291 25.4351 26.8927 26.8153 27.0443 25.4351 27.0291 26.8153 27.1111 25.4351 27.0443 26.8153 27.2333 25.4351 27.1111 26.8153 27.2375 25.4351 27.2333 29.5757 29.5757 29.5757 29.5757 29.5757 29.5757 29.5757 29.5757 29.5757 29.5757 29.5757 29.5757 29.5757 29.5757 29.5757 29.5757 25.4351 25.4351 25.4351 25.4351 25.4351 25.4351 25.4351 25.4351 25.4351 25.4351 25.4351 25.4351 25.4351 25.4351 25.4351 25.4351 
</DataArray>
<DataArray type="Float64" Name="wall variable 0" format="ascii">
0 1 0 1 0 1 0 1 0 1 0 1 0 1 0 1 0 1 0 1 0 1 0 1 0 1 0 1 0 1 0 1 0 1 0 1 0 1 0 1 0 1 0 1 0 1 0 1 0 1 0 1 0 1 0 1 0 1 0 1 0 1 0 1 0 1 0 1 1 0 1 0 1 0 1 0 1 0 1 0 1 0 1 0 1 0 1 0 1 0 1 0 1 0 1 0 1 0 1 0 1 0 1 0 1 0 1 0 1 0 1 0 1 0 1 0 1 0 1 0 1 0 1 0 0 1 0 1 0 1 0 1 0 1 0 1 0 1 0 1 0 1 0 1 0 1 0 1 0 1 0 1 0 1 0 1 0 1 0 1 0 1 0 1 0 1 0 1 0 1 0 1 0 1 0 1 0 1 0 1 0 1 0 1 0 1 0 1 0 1 0 1 0 1 0 1 0 1 0 1 0 1 0 1 0 1 0 1 0 1 0 1 0 1 0 1 0 1 0 1 0 1 0 1 0 1 0 1 0 1 0 1 0 1 0 1 0 1 0 1 0 1 0 1 0 1 0 1 0 1 0 1 0 1 0 1 0 1 0 1 0 1 0 1 0 1 0 1 0 1 0 1 0 1 0 1 0 1 0 1 0 1 0 1 0 1 0 1 0 1 0 1 0 1 0 1 0 1 0 1 0 1 0 1 0 1 0 1 0 1 0 1 0 1 0 1 0 1 0 1 0 1 0 1 0 1 0 1 0 1 0 1 0 1 0 1 0 1 0 1 0 1 0 1 0 1 0 1 0 1 0 1 0 1 0 1 0 1 0 1 0 1 0 1 0 1 0 1 0 1 0 1 0 1 0 1 0 1 0 1 0 1 0 1 0 1 0 1 0 1 0 1 0 1 0 1 0 1 0 1 0 1 0 1 0 1 0 1 0 1 0 1 0 1 0 1 0 1 0 1 0 1 0 1 0 1 0 1 0 1 0 1 0 1 0 1 0 1 0 1 0 1 0 1 0 1 0 1 0 1 0 1 0 1 0 1 0 1 0 1 0 1 0 1 0 1 0 1 0 1 0 1 0 1 0 1 0 1 0 1 0 1 0 1 0 1 0 1 0 1 0 1 0 1 0 1 0 1 0 1 0 1 0 1 0 1 0 1 0 1 0 1 0 1 0 1 0 1 0 1 0 1 0 1 0 1 0 1 0 1 0 1 0 1 0 1 0 1 0 1 0 1 0 1 0 1 0 1 0 1 0 1 0 1 0 1 0 1 0 1 0 1 0 1 0 1 0 1 0 1 0 1 0 1 0 1 0 1 0 1 0 1 0 1 0 1 0 1 0 1 0 1 0 1 0 1 0 1 0 1 0 1 0 1 0 1 0 1 0 1 0 1 0 1 0 1 0 1 0 1 0 1 0 1 0 1 0 1 0 1 0 1 0 1 0 1 0 1 0 1 0 1 0 1 0 1 0 1 0 1 0 1 0 1 0 1 0 1 0 1 0 1 0 1 0 1 0 1 0 1 0 1 0 1 0 1 0 1 0 1 0 1 0 1 0 1 0 1 0 1 0 1 0 1 0 1 0 1 0 1 0 1 0 1 0 1 0 1 0 1 0 1 0 1 0 1 0 1 0 1 0 1 0 1 0 1 0 1 0 1 0 1 0 1 0 1 0 1 0 1 0 1 0 1 0 1 0 1 0 1 0 1 0 1 0 1 0 1 0 1 0 1 0 1 0 1 0 1 0 1 0 1 0 1 0 1 0 1 0 1 0 1 0 1 0 1 0 1 0 1 0 1 0 1 0 1 0 1 0 1 0 1 0 1 0 1 0 1 0 1 0 1 0 1 0 1 0 1 0 1 0 1 0 1 0 1 0 1 0 1 0 1 0 1 0 1 0 1 0 1 0 1 0 1 0 1 0 1 0 1 0 1 0 1 0 1 0 1 0 1 0 1 0 1 0 1 0 1 0 1 0 1 0 1 0 1 0 1 0 1 0 1 0 1 0 1 0 1 0 1 0 1 0 1 0 1 0 1 0 1 0 1 0 1 0 1 0 1 0 1 0 1 0 1 0 1 0 1 0 1 0 1 0 1 0 1 0 1 0 1 0 1 0 1 0 1 0 1 0 1 0 1 0 1 0 1 0 1 0 1 0 1 0 1 0 1 0 1 0 1 0 1 0 1 0 1 0 1 0 1 0 1 0 1 0 1 0 1 0 1 0 1 0 1 0 1 0 1 0 1 0 1 0 1 0 1 0 1 0 1 0 1 0 1 0 1 0 1 0 1 0 1 0 1 0 1 0 1 0 1 0 1 0 1 0 1 0 1 0 1 0 1 0 1 0 1 0 1 0 1 0 1 0 1 0 1 0 1 0 1 0 1 0 1 0 1 0 1 0 1 0 1 0 1 0 1 0 1 0 1 0 1 0 1 0 1 0 1 0 1 0 1 0 1 0 1 0 1 0 1 0 1 0 1 0 1 0 1 0 1 0 1 0 1 0 1 0 1 0 1 0 1 0 1 0 1 0 1 0 1 0 1 0 1 0 1 0 1 0 1 0 1 0 1 0 1 0 1 0 1 0 1 0 1 0 1 0 1 0 1 0 1 0 1 0 1 0 1 0 1 0 1 0 1 0 1 0 1 0 1 0 1 0 1 0 1 0 1 0 1 0 1 0 1 0 1 0 1 0 1 0 1 0 1 0 1 0 1 0 1 0 1 0 1 0 1 0 1 0 1 0 1 0 1 0 1 0 1 0 1 0 1 0 1 0 1 0 1 0 1 0 1 0 1 0 1 0 1 0 1 0 1 0 1 0 1 0 1 0 1 0 1 0 1 0 1 0 1 0 1 0 1 0 1 0 1 0 1 0 1 0 1 0 1 0 1 0 1 0 1 0 1 0 1 0 1 0 1 0 1 0 1 0 1 0 1 0 1 0 1 0 1 0 1 0 1 0 1 0 1 0 1 0 1 0 1 0 1 0 1 0 1 0 1 0 1 0 1 0 1 0 1 0 1 0 1 0 1 0 1 0 1 0 1 0 1 0 1 0 1 0 1 0 1 0 1 0 1 0 1 0 1 0 1 0 1 0 1 0 1 0 1 0 1 0 1 0 1 0 1 0 1 0 1 0 1 0 1 0 1 0 1 0 1 0 1 0 1 0 1 0 1 0 1 0 1 0 1 0 1 0 1 0 1 0 1 0 1 0 1 0 1 0 1 0 1 0 1 0 1 0 1 0 1 0 1 0 1 0 1 0 1 0 1 0 1 0 1 0 1 0 1 0 1 0 1 0 1 0 1 0 1 0 1 0 1 0 1 0 1 0 1 0 1 0 1 0 1 0 1 0 1 0 1 0 1 0 1 0 1 0 1 0 1 0 1 0 1 0 1 0 1 0 1 0 1 0 1 0 1 0 1 0 1 0 1 0 1 0 1 0 1 0 1 0 1 0 1 0 1 0 1 0 1 0 1 0 1 0 1 0 1 0 1 0 1 0 1 0 1 0 1 0 1 0 1 0 1 0 1 0 1 0 1 0 1 0 1 0 1 0 1 0 1 0 1 0 1 0 1 0 1 0 1 0 1 0 1 0 1 0 1 0 1 0 1 0 1 0 1 0 1 0 1 0 1 0 1 0 1 0 1 0 1 0 1 0 1 0 1 0 1 0 1 0 1 0 1 0 1 0 1 0 1 0 1 0 1 0 1 0 1 0 1 0 1 0 1 0 1 0 1 0 1 0 1 0 1 0 1 0 1 0 1 0 1 0 1 0 1 0 1 0 1 0 1 0 1 0 1 0 1 0 1 0 1 0 1 0 1 0 1 0 1 0 1 0 1 0 1 0 1 0 1 0 1 0 1 0 1 0 1 0 1 0 1 0 1 0 1 0 1 0 1 0 1 0 1 0 1 0 1 0 1 0 1 0 1 0 1 0 1 0 1 0 1 0 1 0 1 0 1 0 1 0 1 0 1 0 1 0 1 0 1 0 1 0 1 0 1 0 1 0 1 0 1 0 1 0 1 0 1 0 1 0 1 0 1 0 1 0 1 0 1 0 1 0 1 0 1 0 1 0 1 0 1 0 1 0 1 0 1 0 1 0 1 0 1 0 1 0 1 0 1 0 1 0 1 0 1 0 1 0 1 0 1 0 1 0 1 0 1 0 1 0 1 0 1 0 1 0 1 0 1 0 1 0 1 0 1 0 1 0 1 0 1 0 1 0 1 0 1 0 1 0 1 0 1 0 1 0 1 0 1 0 1 0 1 0 1 0 1 0 1 0 1 0 1 0 1 0 1 0 1 0 1 0 1 0 1 0 1 0 1 0 1 0 1 0 1 0 1 0 1 0 1 0 1 0 1 0 1 0 1 0 1 0 1 0 1 0 1 0 1 0 1 0 1 0 1 0 1 0 1 0 1 0 1 0 1 0 1 0 1 0 1 0 1 0 1 0 1 0 1 0 1 0 1 0 1 0 1 0 1 0 1 0 1 0 1 0 1 0 1 0 1 0 1 0 1 0 1 0 1 0 1 0 1 0 1 0 1 0 1 0 1 0 1 0 1 0 1 0 1 0 1 0 1 0 1 0 1 0 1 0 1 0 1 0 1 0 1 0 1 0 1 0 1 0 0 0 0 0 0 0 0 0 0 0 0 0 0 0 0 0 0 0 0 0 0 0 0 0 0 0 0 0 0 0 0 
</DataArray>
<DataArray type="Float64" Name="wall variable 1" format="ascii">
0 1 0 1 0 1 0 1 0 1 0 1 0 1 0 1 0 1 0 1 0 1 0 1 0 1 0 1 0 1 0 1 0 1 0 1 0 1 0 1 0 1 0 1 0 1 0 1 0 1 0 1 0 1 0 1 0 1 0 1 0 1 0 1 0 1 0 1 1 0 1 0 1 0 1 0 1 0 1 0 1 0 1 0 1 0 1 0 1 0 1 0 1 0 1 0 1 0 1 0 1 0 1 0 1 0 1 0 1 0 1 0 1 0 1 0 1 0 1 0 1 0 1 0 0 1 0 1 0 1 0 1 0 1 0 1 0 1 0 1 0 1 0 1 0 1 0 1 0 1 0 1 0 1 0 1 0 1 0 1 0 1 0 1 0 1 0 1 0 1 0 1 0 1 0 1 0 1 0 1 0 1 0 1 0 1 0 1 0 1 0 1 0 1 0 1 0 1 0 1 0 1 0 1 0 1 0 1 0 1 0 1 0 1 0 1 0 1 0 1 0 1 0 1 0 1 0 1 0 1 0 1 0 1 0 1 0 1 0 1 0 1 0 1 0 1 0 1 0 1 0 1 0 1 0 1 0 1 0 1 0 1 0 1 0 1 0 1 0 1 0 1 0 1 0 1 0 1 0 1 0 1 0 1 0 1 0 1 0 1 0 1 0 1 0 1 0 1 0 1 0 1 0 1 0 1 0 1 0 1 0 1 0 1 0 1 0 1 0 1 0 1 0 1 0 1 0 1 0 1 0 1 0 1 0 1 0 1 0 1 0 1 0 1 0 1 0 1 0 1 0 1 0 1 0 1 0 1 0 1 0 1 0 1 0 1 0 1 0 1 0 1 0 1 0 1 0 1 0 1 0 1 0 1 0 1 0 1 0 1 0 1 0 1 0 1 0 1 0 1 0 1 0 1 0 1 0 1 0 1 0 1 0 1 0 1 0 1 0 1 0 1 0 1 0 1 0 1 0 1 0 1 0 1 0 1 0 1 0 1 0 1 0 1 0 1 0 1 0 1 0 1 0 1 0 1 0 1 0 1 0 1 0 1 0 1 0 1 0 1 0 1 0 1 0 1 0 1 0 1 0 1 0 1 0 1 0 1 0 1 0 1 0 1 0 1 0 1 0 1 0 1 0 1 0 1 0 1 0 1 0 1 0 1 0 1 0 1 0 1 0 1 0 1 0 1 0 1 0 1 0 1 0 1 0 1 0 1 0 1 0 1 0 1 0 1 0 1 0 1 0 1 0 1 0 1 0 1 0 1 0 1 0 1 0 1 0 1 0 1 0 1 0 1 0 1 0 1 0 1 0 1 0 1 0 1 0 1 0 1 0 1 0 1 0 1 0 1 0 1 0 1 0 1 0 1 0 1 0 1 0 1 0 1 0 1 0 1 0 1 0 1 0 1 0 1 0 1 0 1 0 1 0 1 0 1 0 1 0 1 0 1 0 1 0 1 0 1 0 1 0 1 0 1 0 1 0 1 0 1 0 1 0 1 0 1 0 1 0 1 0 1 0 1 0 1 0 1 0 1 0 1 0 1 0 1 0 1 0 1 0 1 0 1 0 1 0 1 0 1 0 1 0 1 0 1 0 1 0 1 0 1 0 1 0 1 0 1 0 1 0 1 0 1 0 1 0 1 0 1 0 1 0 1 0 1 0 1 0 1 0 1 0 1 0 1 0 1 0 1 0 1 0 1 0 1 0 1 0 1 0 1 0 1 0 1 0 1 0 1 0 1 0 1 0 1 0 1 0 1 0 1 0 1 0 1 0 1 0 1 0 1 0 1 0 1 0 1 0 1 0 1 0 1 0 1 0 1 0 1 0 1 0 1 0 1 0 1 0 1 0 1 0 1 0 1 0 1 0 1 0 1 0 1 0 1 0 1 0 1 0 1 0 1 0 1 0 1 0 1 0 1 0 1 0 1 0 1 0 1 0 1 0 1 0 1 0 1 0 1 0 1 0 1 0 1 0 1 0 1 0 1 0 1 0 1 0 1 0 1 0 1 0 1 0 1 0 1 0 1 0 1 0 1 0 1 0 1 0 1 0 1 0 1 0 1 0 1 0 1 0 1 0 1 0 1 0 1 0 1 0 1 0 1 0 1 0 1 0 1 0 1 0 1 0 1 0 1 0 1 0 1 0 1 0 1 0 1 0 1 0 1 0 1 0 1 0 1 0 1 0 1 0 1 0 1 0 1 0 1 0 1 0 1 0 1 0 1 0 1 0 1 0 1 0 1 0 1 0 1 0 1 0 1 0 1 0 1 0 1 0 1 0 1 0 1 0 1 0 1 0 1 0 1 0 1 0 1 0 1 0 1 0 1 0 1 0 1 0 1 0 1 0 1 0 1 0 1 0 1 0 1 0 1 0 1 0 1 0 1 0 1 0 1 0 1 0 1 0 1 0 1 0 1 0 1 0 1 0 1 0 1 0 1 0 1 0 1 0 1 0 1 0 1 0 1 0 1 0 1 0 1 0 1 0 1 0 1 0 1 0 1 0 1 0 1 0 1 0 1 0 1 0 1 0 1 0 1 0 1 0 1 0 1 0 1 0 1 0 1 0 1 0 1 0 1 0 1 0 1 0 1 0 1 0 1 0 1 0 1 0 1 0 1 0 1 0 1 0 1 0 1 0 1 0 1 0 1 0 1 0 1 0 1 0 1 0 1 0 1 0 1 0 1 0 1 0 1 0 1 0 1 0 1 0 1 0 1 0 1 0 1 0 1 0 1 0 1 0 1 0 1 0 1 0 1 0 1 0 1 0 1 0 1 0 1 0 1 0 1 0 1 0 1 0 1 0 1 0 1 0 1 0 1 0 1 0 1 0 1 0 1 0 1 0 1 0 1 0 1 0 1 0 1 0 1 0 1 0 1 0 1 0 1 0 1 0 1 0 1 0 1 0 1 0 1 0 1 0 1 0 1 0 1 0 1 0 1 0 1 0 1 0 1 0 1 0 1 0 1 0 1 0 1 0 1 0 1 0 1 0 1 0 1 0 1 0 1 0 1 0 1 0 1 0 1 0 1 0 1 0 1 0 1 0 1 0 1 0 1 0 1 0 1 0 1 0 1 0 1 0 1 0 1 0 1 0 1 0 1 0 1 0 1 0 1 0 1 0 1 0 1 0 1 0 1 0 1 0 1 0 1 0 1 0 1 0 1 0 1 0 1 0 1 0 1 0 1 0 1 0 1 0 1 0 1 0 1 0 1 0 1 0 1 0 1 0 1 0 1 0 1 0 1 0 1 0 1 0 1 0 1 0 1 0 1 0 1 0 1 0 1 0 1 0 1 0 1 0 1 0 1 0 1 0 1 0 1 0 1 0 1 0 1 0 1 0 1 0 1 0 1 0 1 0 1 0 1 0 1 0 1 0 1 0 1 0 1 0 1 0 1 0 1 0 1 0 1 0 1 0 1 0 1 0 1 0 1 0 1 0 1 0 1 0 1 0 1 0 1 0 1 0 1 0 1 0 1 0 1 0 1 0 1 0 1 0 1 0 1 0 1 0 1 0 1 0 1 0 1 0 1 0 1 0 1 0 1 0 1 0 1 0 1 0 1 0 1 0 1 0 1 0 1 0 1 0 1 0 1 0 1 0 1 0 1 0 1 0 1 0 1 0 1 0 1 0 1 0 1 0 1 0 1 0 1 0 1 0 1 0 1 0 1 0 1 0 1 0 1 0 1 0 1 0 1 0 1 0 1 0 1 0 1 0 1 0 1 0 1 0 1 0 1 0 1 0 1 0 1 0 1 0 1 0 1 0 1 0 1 0 1 0 1 0 1 0 1 0 1 0 1 0 1 0 1 0 1 0 1 0 1 0 1 0 1 0 1 0 1 0 1 0 1 0 1 0 1 0 1 0 1 0 1 0 1 0 1 0 1 0 1 0 1 0 1 0 1 0 1 0 1 0 1 0 1 0 1 0 1 0 1 0 1 0 1 0 1 0 1 0 1 0 1 0 1 0 1 0 1 0 1 0 1 0 1 0 1 0 1 0 1 0 1 0 1 0 1 0 1 0 1 0 1 0 1 0 1 0 1 0 1 0 1 0 1 0 1 0 1 0 1 0 1 0 1 0 1 0 1 0 1 0 1 0 1 0 1 0 1 0 1 0 1 0 1 0 1 0 1 0 1 0 1 0 1 0 1 0 1 0 1 0 1 0 1 0 1 0 1 0 1 0 1 0 1 0 1 0 1 0 1 0 1 0 1 0 1 0 1 0 1 0 1 0 1 0 1 0 1 0 1 0 1 0 1 0 1 0 1 0 1 0 1 0 1 0 1 0 1 0 1 0 1 0 1 0 1 0 1 0 1 0 1 0 1 0 1 0 1 0 1 0 1 0 1 0 1 0 1 0 1 0 1 0 1 0 1 0 1 0 1 0 1 0 1 0 1 0 1 0 1 0 1 0 1 0 1 0 1 0 1 0 1 0 1 0 1 0 1 0 1 0 1 0 1 0 1 0 1 0 1 0 1 0 1 0 1 0 1 0 1 0 1 0 1 0 1 0 1 0 1 0 1 0 1 0 1 0 1 0 1 0 1 0 1 0 1 0 1 0 1 0 1 0 1 0 1 0 1 0 1 0 1 0 1 0 1 0 0 0 0 0 0 0 0 0 0 0 0 0 0 0 0 0 0 0 0 0 0 0 0 0 0 0 0 0 0 0 0 
</DataArray>
<DataArray type="Float64" Name="wall variable 2" format="ascii">
0 35.6354 0 35.6354 0 35.6354 0 35.6354 0 35.6354 0 35.6354 0 35.6354 0 35.6354 0 35.6354 0 35.6354 0 35.6354 0 35.6354 0 35.6354 0 35.6354 0 35.6354 0 35.6354 0 35.6354 0 35.6354 0 35.6354 0 35.6354 0 35.6354 0 35.6354 0 35.6354 0 35.6354 0 35.6354 0 35.6354 0 35.6354 0 35.6354 0 35.6354 0 35.6354 0 35.6354 0 35.6354 0 35.6354 0 35.6354 35.6354 0 35.6354 0 35.6354 0 35.6354 0 35.6354 0 35.6354 0 35.6354 0 35.6354 0 35.6354 0 35.6354 0 35.6354 0 35.6354 0 35.6354 0 35.6354 0 35.6354 0 35.6354 0 35.6354 0 35.6354 0 35.6354 0 35.6354 0 35.6354 0 35.6354 0 35.6354 0 35.6354 0 35.6354 0 35.6354 0 35.6354 0 35.6354 0 0 35.6354 0 35.6354 0 35.6354 0 35.6354 0 35.6354 0 35.6354 0 35.6354 0 35.6354 0 35.6354 0 35.6354 0 35.6354 0 35.6354 0 35.6354 0 35.6354 0 35.6354 0 35.6354 0 35.6354 0 35.6354 0 35.6354 0 35.6354 0 35.6354 0 35.6354 0 35.6354 0 35.6354 0 35.6354 0 35.6354 0 35.6354 0 35.6354 0 35.6354 0 35.6354 0 35.6354 0 35.6354 0 35.6354 0 35.6354 0 35.6354 0 35.6354 0 35.6354 0 35.6354 0 35.6354 0 35.6354 0 35.6354 0 35.6354 0 35.6354 0 35.6354 0 35.6354 0 35.6354 0 35.6354 0 35.6354 0 35.6354 0 35.6354 0 35.6354 0 35.6354 0 35.6354 0 35.6354 0 35.6354 0 35.6354 0 35.6354 0 35.6354 0 35.6354 0 35.6354 0 35.6354 0 35.6354 0 35.6354 0 35.6354 0 35.6354 0 35.6354 0 35.6354 0 35.6354 0 35.6354 0 35.6354 0 35.6354 0 35.6354 0 35.6354 0 35.6354 0 35.6354 0 35.6354 0 35.6354 0 35.6354 0 35.6354 0 35.6354 0 35.6354 0 35.6354 0 35.6354 0 35.6354 0 35.6354 0 35.6354 0 35.6354 0 35.6354 0 35.6354 0 35.6354 0 35.6354 0 35.6354 0 35.6354 0 35.6354 0 35.6354 0 35.6354 0 35.6354 0 35.6354 0 35.6354 0 35.6354 0 35.6354 0 35.6354 0 35.6354 0 35.6354 0 35.6354 0 35.6354 0 35.6354 0 35.6354 0 35.6354 0 35.6354 0 35.6354 0 35.6354 0 35.6354 0 35.6354 0 35.6354 0 35.6354 0 35.6354 0 35.6354 0 35.6354 0 35.6354 0 35.6354 0 35.6354 0 35.6354 0 35.6354 0 35.6354 0 35.6354 0 35.6354 0 35.6354 0 35.6354 0 35.6354 0 35.6354 0 35.6354 0 35.6354 0 35.6354 0 35.6354 0 35.6354 0 35.6354 0 35.6354 0 35.6354 0 35.6354 0 35.6354 0 35.6354 0 35.6354 0 35.6354 0 35.6354 0 35.6354 0 35.6354 0 35.6354 0 35.6354 0 35.6354 0 35.6354 0 35.6354 0 35.6354 0 35.6354 0 35.6354 0 35.6354 0 35.6354 0 35.6354 0 35.6354 0 35.6354 0 35.6354 0 35.6354 0 35.6354 0 35.6354 0 35.6354 0 35.6354 0 35.6354 0 35.6354 0 35.6354 0 35.6354 0 35.6354 0 35.6354 0 35.6354 0 35.6354 0 35.6354 0 35.6354 0 35.6354 0 35.6354 0 35.6354 0 35.6354 0 35.6354 0 35.6354 0 35.6354 0 35.6354 0 35.6354 0 35.6354 0 35.6354 0 35.6354 0 35.6354 0 35.6354 0 35.6354 0 35.6354 0 35.6354 0 35.6354 0 35.6354 0 35.6354 0 35.6354 0 35.6354 0 35.6354 0 35.6354 0 35.6354 0 35.6354 0 35.6354 0 35.6354 0 35.6354 0 35.6354 0 35.6354 0 35.6354 0 35.6354 0 35.6354 0 35.6354 0 35.6354 0 35.6354 0 35.6354 0 35.6354 0 35.6354 0 35.6354 0 35.6354 0 35.6354 0 35.6354 0 35.6354 0 35.6354 0 35.6354 0 35.6354 0 35.6354 0 35.6354 0 35.6354 0 35.6354 0 35.6354 0 35.6354 0 35.6354 0 35.6354 0 35.6354 0 35.6354 0 35.6354 0 35.6354 0 35.6354 0 35.6354 0 35.6354 0 35.6354 0 35.6354 0 35.6354 0 35.6354 0 35.6354 0 35.6354 0 35.6354 0 35.6354 0 35.6354 0 35.6354 0 35.6354 0 35.6354 0 35.6354 0 35.6354 0 35.6354 0 35.6354 0 35.6354 0 35.6354 0 35.6354 0 35.6354 0 35.6354 0 35.6354 0 35.6354 0 35.6354 0 35.6354 0 35.6354 0 35.6354 0 35.6354 0 35.6354 0 35.6354 0 35.6354 0 35.6354 0 35.6354 0 35.6354 0 35.6354 0 35.6354 0 35.6354 0 35.6354 0 35.6354 0 35.6354 0 35.6354 0 35.6354 0 35.6354 0 35.6354 0 35.6354 0 35.6354 0 35.6354 0 35.6354 0 35.6354 0 35.6354 0 35.6354 0 35.6354 0 35.6354 0 35.6354 0 35.6354 0 35.6354 0 35.6354 0 35.6354 0 35.6354 0 35.6354 0 35.6354 0 35.6354 0 35.6354 0 35.6354 0 35.6354 0 35.6354 0 35.6354 0 35.6354 0 35.6354 0 35.6354 0 35.6354 0 35.6354 0 35.6354 0 35.6354 0 35.6354 0 35.6354 0 35.6354 0 35.6354 0 35.6354 0 35.6354 0 35.6354 0 35.6354 0 35.6354 0 35.6354 0 35.6354 0 35.6354 0 35.6354 0 35.6354 0 35.6354 0 35.6354 0 35.6354 0 35.6354 0 35.6354 0 35.6354 0 35.6354 0 35.6354 0 35.6354 0 35.6354 0 35.6354 0 35.6354 0 35.6354 0 35.6354 0 35.6354 0 35.6354 0 35.6354 0 35.6354 0 35.6354 0 35.6354 0 35.6354 0 35.6354 0 35.6354 0 35.6354 0 35.6354 0 35.6354 0 35.6354 0 35.6354 0 35.6354 0 35.6354 0 35.6354 0 35.6354 0 35.6354 0 35.6354 0 35.6354 0 35.6354 0 35.6354 0 35.6354 0 35.6354 0 35.6354 0 35.6354 0 35.6354 0 35.6354 0 35.6354 0 35.6354 0 35.6354 0 35.6354 0 35.6354 0 35.6354 0 35.6354 0 35.6354 0 35.6354 0 35.6354 0 35.6354 0 35.6354 0 35.6354 0 35.6354 0 35.6354 0 35.6354 0 35.6354 0 35.6354 0 35.6354 0 35.6354 0 35.6354 0 35.6354 0 35.6354 0 35.6354 0 35.6354 0 35.6354 0 35.6354 0 35.6354 0 35.6354 0 35.6354 0 35.6354 0 35.6354 0 35.6354 0 35.6354 0 35.6354 0 35.6354 0 35.6354 0 35.6354 0 35.6354 0 35.6354 0 35.6354 0 35.6354 0 35.6354 0 35.6354 0 35.6354 0 35.6354 0 35.6354 0 35.6354 0 35.6354 0 35.6354 0 35.6354 0 35.6354 0 35.6354 0 35.6354 0 35.6354 0 35.6354 0 35.6354 0 35.6354 0 35.6354 0 35.6354 0 35.6354 0 35.6354 0 35.6354 0 35.6354 0 35.6354 0 35.6354 0 35.6354 0 35.6354 0 35.6354 0 35.6354 0 35.6354 0 35.6354 0 35.6354 0 35.6354 0 35.6354 0 35.6354 0 35.6354 0 35.6354 0 35.6354 0 35.6354 0 35.6354 0 35.6354 0 35.6354 0 35.6354 0 35.6354 0 35.6354 0 35.6354 0 35.6354 0 35.6354 0 35.6354 0 35.6354 0 35.6354 0 35.6354 0 35.6354 0 35.6354 0 35.6354 0 35.6354 0 35.6354 0 35.6354 0 35.6354 0 35.6354 0 35.6354 0 35.6354 0 35.6354 0 35.6354 0 35.6354 0 35.6354 0 35.6354 0 35.6354 0 35.6354 0 35.6354 0 35.6354 0 35.6354 0 35.6354 0 35.6354 0 35.6354 0 35.6354 0 35.6354 0 35.6354 0 35.6354 0 35.6354 0 35.6354 0 35.6354 0 35.6354 0 35.6354 0 35.6354 0 35.6354 0 35.6354 0 35.6354 0 35.6354 0 35.6354 0 35.6354 0 35.6354 0 35.6354 0 35.6354 0 35.6354 0 35.6354 0 35.6354 0 35.6354 0 35.6354 0 35.6354 0 35.6354 0 35.6354 0 35.6354 0 35.6354 0 35.6354 0 35.6354 0 35.6354 0 35.6354 0 35.6354 0 35.6354 0 35.6354 0 35.6354 0 35.6354 0 35.6354 0 35.6354 0 35.6354 0 35.6354 0 35.6354 0 35.6354 0 35.6354 0 35.6354 0 35.6354 0 35.6354 0 35.6354 0 35.6354 0 35.6354 0 35.6354 0 35.6354 0 35.6354 0 35.6354 0 35.6354 0 35.6354 0 35.6354 0 35.6354 0 35.6354 0 35.6354 0 35.6354 0 35.6354 0 35.6354 0 35.6354 0 35.6354 0 35.6354 0 35.6354 0 35.6354 0 35.6354 0 35.6354 0 35.6354 0 35.6354 0 35.6354 0 35.6354 0 35.6354 0 35.6354 0 35.6354 0 35.6354 0 35.6354 0 35.6354 0 35.6354 0 35.6354 0 35.6354 0 35.6354 0 35.6354 0 35.6354 0 35.6354 0 35.6354 0 35.6354 0 35.6354 0 35.6354 0 35.6354 0 35.6354 0 35.6354 0 35.6354 0 35.6354 0 35.6354 0 35.6354 0 35.6354 0 35.6354 0 35.6354 0 35.6354 0 35.6354 0 35.6354 0 35.6354 0 35.6354 0 35.6354 0 35.6354 0 35.6354 0 35.6354 0 35.6354 0 35.6354 0 35.6354 0 35.6354 0 35.6354 0 35.6354 0 35.6354 0 35.6354 0 35.6354 0 35.6354 0 35.6354 0 35.6354 0 35.6354 0 35.6354 0 35.6354 0 35.6354 0 35.6354 0 35.6354 0 35.6354 0 35.6354 0 35.6354 0 35.6354 0 35.6354 0 35.6354 0 35.6354 0 35.6354 0 35.6354 0 35.6354 0 35.6354 0 35.6354 0 35.6354 0 35.6354 0 35.6354 0 35.6354 0 35.6354 0 35.6354 0 35.6354 0 35.6354 0 35.6354 0 35.6354 0 35.6354 0 35.6354 0 35.6354 0 35.6354 0 35.6354 0 35.6354 0 35.6354 0 35.6354 0 35.6354 0 35.6354 0 35.6354 0 35.6354 0 35.6354 0 35.6354 0 35.6354 0 35.6354 0 35.6354 0 35.6354 0 35.6354 0 35.6354 0 35.6354 0 35.6354 0 35.6354 0 35.6354 0 35.6354 0 35.6354 0 35.6354 0 35.6354 0 35.6354 0 35.6354 0 35.6354 0 35.6354 0 35.6354 0 35.6354 0 35.6354 0 35.6354 0 35.6354 0 35.6354 0 35.6354 0 35.6354 0 35.6354 0 35.6354 0 35.6354 0 35.6354 0 35.6354 0 35.6354 0 35.6354 0 35.6354 0 35.6354 0 35.6354 0 35.6354 0 35.6354 0 35.6354 0 35.6354 0 35.6354 0 35.6354 0 35.6354 0 35.6354 0 35.6354 0 35.6354 0 35.6354 0 35.6354 0 35.6354 0 35.6354 0 35.6354 0 35.6354 0 35.6354 0 35.6354 0 35.6354 0 35.6354 0 35.6354 0 35.6354 0 35.6354 0 35.6354 0 35.6354 0 35.6354 0 35.6354 0 35.6354 0 35.6354 0 35.6354 0 35.6354 0 35.6354 0 35.6354 0 35.6354 0 35.6354 0 35.6354 0 35.6354 0 35.6354 0 35.6354 0 35.6354 0 35.6354 0 35.6354 0 35.6354 0 35.6354 0 35.6354 0 35.6354 0 35.6354 0 35.6354 0 35.6354 0 35.6354 0 35.6354 0 35.6354 0 35.6354 0 35.6354 0 35.6354 0 35.6354 0 35.6354 0 35.6354 0 35.6354 0 35.6354 0 35.6354 0 35.6354 0 35.6354 0 35.6354 0 35.6354 0 35.6354 0 35.6354 0 35.6354 0 35.6354 0 35.6354 0 35.6354 0 35.6354 0 35.6354 0 35.6354 0 35.6354 0 35.6354 0 35.6354 0 35.6354 0 35.6354 0 35.6354 0 35.6354 0 35.6354 0 35.6354 0 35.6354 0 35.6354 0 35.6354 0 35.6354 0 35.6354 0 35.6354 0 35.6354 0 35.6354 0 35.6354 0 35.6354 0 35.6354 0 35.6354 0 35.6354 0 35.6354 0 35.6354 0 35.6354 0 35.6354 0 35.6354 0 35.6354 0 35.6354 0 35.6354 0 35.6354 0 35.6354 0 35.6354 0 35.6354 0 35.6354 0 35.6354 0 35.6354 0 35.6354 0 35.6354 0 35.6354 0 35.6354 0 35.6354 0 35.6354 0 35.6354 0 35.6354 0 35.6354 0 35.6354 0 35.6354 0 35.6354 0 35.6354 0 35.6354 0 35.6354 0 35.6354 0 35.6354 0 35.6354 0 35.6354 0 35.6354 0 35.6354 0 35.6354 0 35.6354 0 35.6354 0 35.6354 0 35.6354 0 35.6354 0 35.6354 0 35.6354 0 35.6354 0 35.6354 0 35.6354 0 35.6354 0 35.6354 0 35.6354 0 35.6354 0 35.6354 0 35.6354 0 35.6354 0 35.6354 0 35.6354 0 35.6354 0 35.6354 0 35.6354 0 35.6354 0 35.6354 0 35.6354 0 35.6354 0 35.6354 0 35.6354 0 35.6354 0 35.6354 0 35.6354 0 35.6354 0 35.6354 0 35.6354 0 35.6354 0 35.6354 0 35.6354 0 35.6354 0 35.6354 0 35.6354 0 35.6354 0 35.6354 0 35.6354 0 35.6354 0 35.6354 0 35.6354 0 35.6354 0 35.6354 0 35.6354 0 35.6354 0 35.6354 0 35.6354 0 35.6354 0 35.6354 0 35.6354 0 35.6354 0 35.6354 0 35.6354 0 35.6354 0 35.6354 0 35.6354 0 35.6354 0 35.6354 0 35.6354 0 35.6354 0 35.6354 0 35.6354 0 35.6354 0 35.6354 0 35.6354 0 35.6354 0 35.6354 0 35.6354 0 35.6354 0 35.6354 0 35.6354 0 35.6354 0 35.6354 0 35.6354 0 35.6354 0 35.6354 0 35.6354 0 35.6354 0 35.6354 0 35.6354 0 35.6354 0 35.6354 0 35.6354 0 35.6354 0 35.6354 0 35.6354 0 35.6354 0 35.6354 0 35.6354 0 35.6354 0 35.6354 0 35.6354 0 35.6354 0 35.6354 0 35.6354 0 35.6354 0 35.6354 0 35.6354 0 35.6354 0 35.6354 0 35.6354 0 35.6354 0 35.6354 0 35.6354 0 35.6354 0 35.6354 0 35.6354 0 35.6354 0 35.6354 0 35.6354 0 35.6354 0 35.6354 0 35.6354 0 35.6354 0 35.6354 0 35.6354 0 35.6354 0 35.6354 0 35.6354 0 35.6354 0 35.6354 0 35.6354 0 35.6354 0 35.6354 0 35.6354 0 35.6354 0 35.6354 0 35.6354 0 35.6354 0 35.6354 0 35.6354 0 35.6354 0 35.6354 0 35.6354 0 35.6354 0 35.6354 0 35.6354 0 0 0 0 0 0 0 0 0 0 0 0 0 0 0 0 0 0 0 0 0 0 0 0 0 0 0 0 0 0 0 0 
</DataArray>
</CellData>
</Piece>
</UnstructuredGrid>
</VTKFile>
