<VTKFile type="UnstructuredGrid" version="0.1">
<UnstructuredGrid>
<Piece  NumberOfPoints="    2608" NumberOfCells="    2080">
<Points>
<DataArray type="Float64" NumberOfComponents="3" format="ascii">
43.9534 -39.8483 0.0872948 
38.2904 -39.215 28.5543 
22.263 -37.5357 52.6561 
-1.70827 -35.0442 68.7843 
-30.0322 -32.0753 74.4831 
-58.411 -29.0716 68.8357 
-82.4869 -26.4922 52.6658 
-98.5494 -24.7369 28.4484 
-104.149 -24.0872 -0.080934 
-98.4808 -24.6608 -28.5464 
-82.4629 -26.3898 -52.6464 
-58.5097 -28.9993 -68.7741 
-30.1986 -32.0644 -74.4752 
-1.82125 -35.1069 -68.8307 
22.2635 -37.6511 -52.6615 
38.3406 -39.3096 -28.4433 
50.1415 -21.9372 0.0400582 
44.203 -21.283 30.1742 
27.2269 -19.5067 55.7089 
1.82468 -16.8562 72.7333 
-28.1229 -13.6984 78.6752 
-58.0532 -10.5164 72.653 
-83.4233 -7.79358 55.5879 
-100.384 -5.94417 30.0683 
-106.359 -5.26222 -0.0359786 
-100.431 -5.87274 -30.1468 
-83.4955 -7.70679 -55.6741 
-58.1361 -10.4662 -72.7088 
-28.208 -13.6979 -78.6699 
1.73321 -16.903 -72.6671 
27.1391 -19.5872 -55.6131 
44.1424 -21.3485 -30.0871 
53.4415 -3.17525 0.0131793 
47.3888 -2.51539 30.6527 
30.0903 -0.701091 56.5947 
4.26458 2.0017 73.849 
-26.1416 5.21398 79.8524 
-56.5002 8.44837 73.7212 
-82.2159 11.2082 56.4035 
-99.409 13.0747 30.5249 
-105.473 13.7568 -0.0117067 
-99.4626 13.1328 -30.5695 
-82.2727 11.2794 -56.4861 
-56.5495 8.48968 -73.778 
-26.1854 5.20954 -79.8475 
4.20764 1.95579 -73.7843 
30.0221 -0.769355 -56.5064 
47.3255 -2.56583 -30.6043 
56.0909 15.7326 -0.0019453 
49.9448 16.3944 30.8846 
32.4375 18.2268 56.9694 
6.39269 20.9504 74.2405 
-24.177 24.1869 80.1666 
-54.6032 27.439 73.9103 
-80.3082 30.1972 56.4874 
-97.4613 32.0498 30.5538 
-103.5 32.7189 0.000465674 
-97.4978 32.0923 -30.5728 
-80.3394 30.2505 -56.545 
-54.626 27.4698 -73.9511 
-24.1949 24.1789 -80.1627 
6.36436 20.9081 -74.1956 
32.3992 18.1711 -56.9095 
49.9001 16.3571 -30.8665 
59.1335 32.3946 -0.0102703 
53.0414 33.7436 31.0039 
35.7254 37.5332 57.1471 
10.0225 43.149 74.3965 
-20.0739 49.7533 80.2397 
-49.9345 56.3335 73.8741 
-75.0847 61.8865 56.3906 
-91.8268 65.5906 30.4794 
-97.7032 66.9001 0.0112027 
-91.838 65.6147 -30.4715 
-75.0851 61.9153 -56.4163 
-49.9313 56.3483 -73.8934 
-20.0706 49.7403 -80.2356 
10.0167 43.1106 -74.3713 
35.7103 37.4864 -57.1122 
53.0122 33.7158 -31.0057 
63.7147 48.6143 -0.0154252 
57.793 50.6356 31.0128 
40.9835 56.3378 57.1515 
16.0517 64.7831 74.3968 
-13.1355 74.6866 80.2468 
-42.0854 84.5316 73.8813 
-66.4582 92.8303 56.3921 
-82.6756 98.3574 30.4788 
-88.3623 100.3 0.0149804 
-82.6753 98.368 -30.4601 
-66.4434 92.8393 -56.4028 
-42.0693 84.5315 -73.8892 
-13.1214 74.6681 -80.2433 
16.0585 64.7476 -74.3844 
40.9829 56.2983 -57.1336 
57.7749 50.6152 -31.0276 
70.004 64.2104 -0.0182478 
64.3378 66.8791 31.0011 
48.2665 74.4223 57.1267 
24.4349 85.5942 74.3711 
-3.47047 98.6825 80.2379 
-31.153 111.681 73.8843 
-54.4558 122.63 56.3951 
-69.9569 129.915 30.4785 
-75.3895 132.47 0.0147168 
-69.9518 129.916 -30.4583 
-54.4357 122.624 -56.4008 
-31.1324 111.669 -73.8887 
-3.45227 98.6597 -80.2369 
24.4479 85.5613 -74.3674 
48.2739 74.3892 -57.1196 
64.3272 66.865 -31.0235 
77.9742 78.9926 -0.0193703 
72.6369 82.2761 30.9887 
57.5074 91.567 57.1012 
35.0744 105.329 74.3434 
8.79996 121.445 80.2233 
-17.2703 137.443 73.8813 
-39.2166 150.912 56.3943 
-53.8136 159.869 30.476 
-58.9282 163.007 0.0122199 
-53.8075 159.863 -30.4592 
-39.1966 150.896 -56.4006 
-17.2501 137.424 -73.8869 
8.81845 121.42 -80.2264 
35.0896 105.298 -74.3461 
57.5188 91.5395 -57.1009 
72.6311 82.2675 -31.0149 
87.5364 92.7805 -0.0193029 
82.5961 96.6373 30.9795 
68.5976 107.56 57.0817 
47.8411 123.743 74.3215 
23.5239 142.693 80.2099 
-0.609074 161.498 73.876 
-20.9277 177.324 56.3917 
-34.4431 187.847 30.4724 
-39.1781 191.531 0.00860664 
-34.438 187.837 -30.4616 
-20.9107 177.303 -56.4014 
-0.591541 161.475 -73.8851 
23.5408 142.666 -80.2176 
47.8566 123.716 -74.3291 
68.6106 107.538 -57.0857 
82.5936 96.6333 -31.007 
98.5714 105.407 -0.0184488 
94.0924 109.786 30.9739 
81.4086 122.196 57.0733 
62.5851 140.602 74.3306 
40.5182 162.161 80.2329 
18.6141 183.555 73.8957 
0.171875 201.55 56.3942 
-12.0866 213.503 30.469 
-16.3798 217.688 0.00457473 
-12.0833 213.491 -30.4652 
0.184707 201.526 -56.4084 
18.6279 183.53 -73.9093 
40.5326 162.136 -80.2451 
62.5998 140.578 -74.3419 
81.4221 122.178 -57.08 
94.0924 109.786 -31.0011 
110.939 116.718 -0.0170831 
106.977 121.567 30.9704 
95.7601 135.304 57.0684 
79.0979 155.697 74.3423 
59.5576 179.597 80.2562 
40.1599 203.315 73.9147 
23.8349 223.266 56.3966 
12.9921 236.509 30.4657 
9.19355 241.143 0.000581779 
12.9932 236.497 -30.4688 
23.8433 223.241 -56.4152 
40.1701 203.29 -73.9324 
59.5696 179.573 -80.2723 
79.1114 155.675 -74.3564 
95.7736 135.29 -57.0771 
106.98 121.569 -30.9963 
124.484 126.579 -0.0154024 
121.086 131.84 30.9678 
111.466 146.742 57.06 
97.1765 168.866 74.329 
80.4193 194.798 80.2443 
63.7847 220.535 73.907 
49.7869 242.187 56.3936 
40.4881 256.564 30.4622 
37.2294 261.595 -0.0031356 
40.4872 256.552 -30.4719 
49.7913 242.163 -56.4159 
63.7917 220.512 -73.9281 
80.4291 194.776 -80.2633 
97.1888 168.847 -74.3452 
111.479 146.731 -57.0703 
121.091 131.843 -30.9918 
139.038 134.869 -0.0135374 
136.246 140.477 30.9661 
128.343 156.36 57.0531 
116.606 179.938 74.3177 
102.844 207.577 80.2342 
89.1834 235.01 73.9014 
77.6892 258.092 56.3916 
70.0522 273.421 30.4593 
67.375 278.786 -0.00646098 
70.0497 273.41 -30.4747 
77.6902 258.07 -56.4167 
89.1879 234.989 -73.9249 
102.852 207.558 -80.2553 
116.618 179.922 -74.3353 
128.356 156.35 -57.0646 
136.252 140.48 -30.9879 
154.419 141.486 -0.0115821 
152.268 147.37 30.9655 
146.183 164.035 57.049 
137.147 188.774 74.3112 
126.553 217.775 80.229 
116.038 246.561 73.8992 
107.192 270.783 56.3914 
101.313 286.872 30.4571 
99.2518 292.504 -0.00930118 
101.31 286.863 -30.4772 
107.19 270.765 -56.4181 
116.041 246.543 -73.9239 
126.56 217.758 -80.2511 
137.157 188.759 -74.3295 
146.196 164.027 -57.0617 
152.276 147.372 -30.985 
170.439 146.346 -0.00960969 
168.956 152.433 30.9658 
164.765 169.672 57.0476 
158.543 195.263 74.3087 
151.25 225.264 80.2277 
144.013 255.045 73.8996 
137.926 280.103 56.3926 
133.881 296.75 30.4555 
132.461 302.577 -0.0115925 
133.876 296.742 -30.4793 
137.923 280.088 -56.4198 
144.015 255.03 -73.9246 
151.256 225.25 -80.2499 
158.553 195.25 -74.3273 
164.778 169.665 -57.0612 
168.965 152.434 -30.983 
186.899 149.39 -0.00768169 
186.102 155.604 30.9669 
183.857 173.201 57.0482 
180.528 199.324 74.3094 
176.628 229.951 80.2295 
172.76 260.354 73.902 
169.508 285.934 56.3948 
167.347 302.93 30.4546 
166.587 308.88 -0.0132821 
167.342 302.924 -30.481 
169.504 285.923 -56.4217 
172.761 260.341 -73.9265 
176.633 229.939 -80.251 
180.538 199.314 -74.3276 
183.87 173.194 -57.0623 
186.112 155.603 -30.9817 
203.593 150.58 -0.00584084 
203.494 156.844 30.9683 
203.224 174.58 57.0494 
202.828 200.909 74.3109 
202.369 231.778 80.2316 
201.918 262.421 73.9044 
201.543 288.203 56.3967 
201.294 305.334 30.4539 
201.205 311.332 -0.0143419 
201.29 305.33 -30.4819 
201.54 288.195 -56.4229 
201.919 262.411 -73.9278 
202.375 231.768 -80.2519 
202.838 200.9 -74.3281 
203.236 174.573 -57.0635 
203.504 156.841 -30.9806 
220.316 149.902 -0.00396335 
220.915 156.139 30.9698 
222.623 173.793 57.0493 
225.166 199.998 74.3092 
228.154 230.721 80.2292 
231.126 261.217 73.903 
233.632 286.877 56.3969 
235.299 303.928 30.4533 
235.88 309.899 -0.0150499 
235.294 303.926 -30.4821 
233.629 286.873 -56.4217 
231.127 261.21 -73.9247 
228.16 230.713 -80.2478 
225.176 199.99 -74.3252 
222.636 173.786 -57.0633 
220.924 156.133 -30.9796 
236.859 147.364 -0.0019025 
238.15 153.496 30.9715 
241.816 170.849 57.0482 
247.266 196.602 74.3048 
253.663 226.792 80.223 
260.019 256.759 73.8987 
265.374 281.973 56.396 
268.934 298.731 30.4525 
270.179 304.599 -0.0157209 
268.93 298.73 -30.4819 
265.371 281.972 -56.4187 
260.021 256.754 -73.9181 
253.669 226.785 -80.2396 
247.276 196.595 -74.3195 
241.828 170.841 -57.0624 
238.159 153.488 -30.9786 
253.017 142.995 0.000314672 
254.984 148.946 30.9736 
260.563 165.78 57.0477 
268.853 190.76 74.3013 
278.577 220.039 80.2178 
288.237 249.101 73.8948 
296.371 273.554 56.3954 
301.781 289.81 30.4518 
303.673 295.502 -0.0163627 
301.777 289.81 -30.4816 
296.369 273.556 -56.4154 
288.239 249.098 -73.9115 
278.584 220.034 -80.2321 
268.863 190.754 -74.3148 
260.575 165.773 -57.0622 
254.992 148.935 -30.9779 
268.589 136.848 0.00262188 
271.208 142.544 30.9763 
278.63 158.649 57.0487 
289.656 182.542 74.3002 
302.586 210.545 80.2147 
315.426 238.34 73.8922 
326.237 261.727 56.3953 
333.426 277.276 30.4512 
335.942 282.722 -0.0169522 
333.423 277.278 -30.4814 
326.237 261.732 -56.4125 
315.43 238.339 -73.906 
302.594 210.542 -80.2265 
289.666 182.538 -74.3123 
278.642 158.641 -57.0633 
271.213 142.53 -30.9777 
283.379 128.997 0.0049467 
286.618 134.366 30.9799 
295.792 149.541 57.0516 
309.415 172.05 74.3021 
325.388 198.427 80.214 
341.247 224.609 73.891 
354.597 246.639 56.3957 
363.476 261.288 30.4509 
366.584 266.42 -0.0174617 
363.474 261.291 -30.4812 
354.6 246.646 -56.4101 
341.252 224.611 -73.9019 
325.397 198.426 -80.2235 
309.426 172.047 -74.3128 
295.803 149.533 -57.0664 
286.621 134.351 -30.9783 
297.203 119.539 0.00722733 
301.022 124.514 30.9844 
311.833 138.569 57.0569 
327.883 159.413 74.3073 
346.698 183.837 80.2161 
365.376 208.08 73.891 
381.098 228.48 56.3963 
391.554 242.046 30.4507 
395.216 246.799 -0.0178801 
391.554 242.05 -30.481 
381.103 228.488 -56.4082 
365.384 208.084 -73.8992 
346.709 183.838 -80.2233 
327.895 159.411 -74.3166 
311.844 138.561 -57.0715 
301.022 124.498 -30.9799 
309.889 108.591 0.00941288 
314.241 113.109 30.9899 
326.553 125.868 57.0649 
344.83 144.789 74.3162 
366.251 166.957 80.2207 
387.513 188.96 73.892 
405.407 207.476 56.3972 
417.311 219.792 30.4508 
421.479 224.106 -0.0182178 
417.311 219.796 -30.481 
405.415 207.486 -56.4067 
387.522 188.964 -73.8977 
366.262 166.958 -80.2258 
344.842 144.787 -74.324 
326.563 125.861 -57.0792 
314.237 113.093 -30.9826 
321.278 96.2882 0.0114519 
326.108 100.293 30.9965 
339.768 111.597 57.0757 
360.042 128.358 74.3288 
383.801 147.995 80.2277 
407.379 167.487 73.8937 
427.222 183.891 56.3982 
440.424 194.804 30.4512 
445.048 198.628 -0.0184864 
440.426 194.808 -30.4812 
427.234 183.901 -56.4055 
407.391 167.492 -73.8973 
383.814 147.997 -80.2308 
360.056 128.358 -74.3353 
339.777 111.591 -57.0897 
326.102 100.277 -30.9865 
331.232 82.7822 0.0133039 
336.479 86.2228 31.0032 
351.313 95.9314 57.0884 
373.332 110.325 74.3443 
399.13 127.189 80.236 
424.729 143.93 73.8953 
446.272 158.021 56.3989 
460.607 167.396 30.4516 
465.629 170.682 -0.0186875 
460.611 167.4 -30.4814 
446.287 158.03 -56.4043 
424.743 143.935 -73.8969 
399.144 127.192 -80.2375 
373.346 110.326 -74.3497 
351.322 95.9268 -57.102 
336.47 86.2085 -30.9907 
339.64 68.2434 0.0149005 
345.235 71.0763 31.005 
361.053 79.067 57.0962 
384.535 90.9139 74.3567 
412.046 104.797 80.2409 
439.345 118.583 73.8937 
462.32 130.189 56.398 
477.611 137.913 30.4517 
482.969 140.62 -0.0188013 
477.617 137.916 -30.4811 
462.337 130.196 -56.4015 
439.36 118.587 -73.8935 
412.062 104.8 -80.2409 
384.55 90.9153 -74.3612 
361.061 79.0641 -57.1094 
345.223 71.0643 -30.9903 
346.448 52.8628 0.0161007 
352.31 55.05 30.9807 
368.89 61.2178 57.0669 
393.522 70.3654 74.3336 
422.388 81.0959 80.2169 
451.038 91.7602 73.8732 
475.159 100.741 56.3874 
491.219 106.72 30.4484 
496.848 108.814 -0.0187415 
491.225 106.72 -30.4771 
475.179 100.746 -56.3889 
451.055 91.7631 -73.8711 
422.405 81.0987 -80.216 
393.537 70.3676 -74.3378 
368.899 61.217 -57.0795 
352.298 55.0414 -30.9639 
351.769 36.862 0.0165165 
357.79 38.3704 30.8507 
374.846 42.6254 56.8653 
400.229 48.9436 74.1184 
430.014 56.377 80.022 
459.614 63.7824 73.7292 
484.563 70.0253 56.303 
501.188 74.1818 30.4121 
507.017 75.6367 -0.0181018 
501.195 74.1796 -30.4395 
484.583 70.0256 -56.3028 
459.63 63.7837 -73.7253 
430.031 56.3795 -80.0205 
400.244 48.9462 -74.1226 
374.856 42.6272 -56.8758 
357.78 38.3666 -30.8319 
356.217 20.5153 0.0153779 
362.245 21.3219 30.3387 
379.349 23.5987 55.9534 
404.842 26.9788 72.9681 
434.791 30.971 78.8259 
464.609 34.961 72.6874 
489.787 38.3286 55.5452 
506.58 40.5688 30.0192 
512.478 41.351 -0.0148401 
506.595 40.5638 -30.0442 
489.809 38.3246 -55.5488 
464.623 34.961 -72.6823 
434.805 30.973 -78.8247 
404.855 26.9815 -72.9732 
379.362 23.6035 -55.9581 
362.244 21.3246 -30.3182 
361.687 5.33707 0.0129121 
367.422 6.10655 29.0198 
383.73 8.2898 53.5801 
408.113 11.5259 69.9545 
436.83 15.3367 75.6611 
465.495 19.1467 69.8512 
489.751 22.3757 53.4325 
505.953 24.5306 28.8953 
511.641 25.2811 -0.0127876 
505.958 24.5214 -28.9139 
489.766 22.369 -53.429 
465.506 19.1464 -69.8466 
436.841 15.3381 -75.6604 
408.123 11.528 -69.9591 
383.739 8.29733 -53.5875 
367.418 6.11362 -29.0034 
368.085 -9.4431 0.00634149 
373.465 -8.71617 27.3324 
388.797 -6.6441 50.5041 
411.774 -3.59009 65.9646 
438.858 -0.00459706 71.357 
465.903 3.57451 65.8801 
488.792 6.61277 50.3924 
504.074 8.6415 27.2556 
509.441 9.34539 -0.00621115 
504.081 8.62861 -27.2657 
488.802 6.60281 -50.3927 
465.909 3.574 -65.8786 
438.864 -0.00409213 -71.3566 
411.779 -3.58894 -65.966 
388.803 -6.6337 -50.505 
373.465 -8.70371 -27.323 
376.193 -23.2524 0 
381.107 -22.5618 24.9464 
395.105 -20.6072 46.0912 
416.086 -17.7958 60.1698 
440.794 -14.5175 65.0496 
465.443 -11.2599 60.0222 
486.291 -8.50965 45.8888 
500.195 -6.67694 24.8167 
505.072 -6.03425 0.00025109 
500.195 -6.67712 -24.8162 
486.29 -8.51007 -45.8886 
465.443 -11.2604 -60.0221 
440.794 -14.518 -65.0494 
416.086 -17.7961 -60.1696 
395.105 -20.6073 -46.0912 
381.107 -22.5618 -24.9464 
43.978 -38.905 1.55066
38.8813 -38.3351 27.1709
44.2027 -22.1963 28.6289
49.5473 -22.7851 1.50814
37.7658 -38.2162 29.8782
23.3411 -36.7048 51.5699
27.8086 -20.4787 54.3173
43.0871 -22.0774 31.3361
21.2806 -36.49 53.6406
-0.293553 -34.2476 68.156
2.8861 -17.8784 71.71
25.7481 -20.2638 56.3881
-2.98613 -33.9662 69.2762
-28.4777 -31.2942 74.4051
-26.7593 -14.7549 78.178
0.19352 -17.5969 72.8303
-31.3936 -30.9867 74.4042
-56.9345 -28.2833 69.3216
-56.6125 -11.5836 72.7571
-29.6752 -14.4474 78.1771
-59.6295 -27.9962 68.1984
-81.2978 -25.6747 53.6455
-82.1406 -8.84601 56.2754
-59.3075 -11.2965 71.634
-83.3605 -25.4519 51.5703
-97.8167 -23.8721 29.7746
-99.4677 -6.95872 31.2326
-84.2032 -8.6232 54.2002
-98.9322 -23.7484 27.0642
-103.972 -23.1637 1.3878
-105.961 -6.22118 1.42826
-100.583 -6.83494 28.5221
-103.971 -23.1596 -1.54379
-98.87 -23.6758 -27.1627
-100.625 -6.7665 -28.6031
-105.96 -6.21704 -1.50333
-97.7558 -23.7942 -29.8691
-83.3397 -25.3503 -51.5591
-84.269 -8.53554 -54.284
-99.511 -6.8849 -31.3095
-81.2821 -25.5739 -53.6298
-59.7242 -27.9224 -68.1447
-59.388 -11.2427 -71.686
-82.2114 -8.75914 -56.3547
-57.0341 -28.2145 -69.2658
-31.5541 -30.9731 -74.3968
-29.7626 -14.4433 -78.172
-56.6979 -11.5348 -72.8071
-28.6389 -31.2872 -74.3971
-3.09926 -34.0255 -69.317
0.0997478 -17.6419 -72.7698
-26.8473 -14.7574 -78.1723
-0.402798 -34.3126 -68.1947
21.2735 -36.6024 -53.6424
25.6615 -20.3449 -56.2989
2.79621 -17.9291 -71.6474
23.3387 -36.8186 -51.5673
37.8081 -38.3113 -29.771
43.0298 -22.1463 -31.2503
27.7267 -20.5611 -54.2238
38.9261 -38.4247 -27.0597
43.9776 -38.9095 -1.38217
49.5469 -22.7895 -1.42468
44.1477 -22.2597 -28.5391
50.0076 -20.9614 1.558
44.663 -20.3726 28.6787
47.5301 -3.48176 29.1094
52.9776 -4.07564 1.5338
28.2277 -18.6513 54.4664
30.8047 -1.72626 55.2637
46.3734 -3.35913 31.9159
43.5062 -20.25 31.4852
3.22795 -16.0426 71.9324
5.42386 0.929525 72.9365
28.667 -1.50299 57.4077
26.0899 -18.428 56.6104
-26.5145 -12.9076 78.4357
-24.7314 4.11351 79.4952
2.63419 1.22246 74.0921
0.438273 -15.7496 73.088
-56.468 -9.72432 73.0105
-55.0703 7.34395 73.9718
-27.7476 4.43299 79.49
-29.5307 -12.5881 78.4304
-82.0855 -6.97648 56.4885
-80.9988 10.1252 57.2225
-57.8547 7.64128 72.8084
-59.2524 -9.42698 71.847
-99.4809 -5.08206 31.3764
-98.6036 12.0349 31.7873
-83.1298 10.3551 55.078
-84.2165 -6.74653 54.344
-106.013 -4.34117 1.48146
-105.216 12.7759 1.5033
-99.7585 12.1621 28.9863
-100.636 -4.95493 28.5753
-100.681 -4.88727 -28.6512
-99.8092 12.2177 -29.0317
-105.219 12.7793 -1.52961
-106.016 -4.3378 -1.55146
-84.2872 -6.66088 -54.4288
-83.1867 10.4267 -55.1596
-98.6575 12.0948 -31.8348
-99.5292 -5.01023 -31.4543
-59.3334 -9.37549 -71.9044
-57.9054 7.68484 -72.8666
-81.0564 10.1956 -57.3039
-82.1568 -6.89198 -56.5731
-29.6137 -12.5855 -78.4282
-27.7934 4.43124 -79.4881
-55.1211 7.38337 -74.0255
-56.5491 -9.67697 -73.0633
0.34911 -15.7943 -73.0248
2.5761 1.17864 -74.0304
-24.7776 4.10701 -79.4872
-26.598 -12.9097 -78.4273
26.0034 -18.5067 -56.5163
28.5981 -1.57063 -57.3203
5.36512 0.882001 -72.8704
3.13812 -16.0909 -71.8648
43.4446 -20.3159 -31.3988
46.3094 -3.41151 -31.8643
30.7363 -1.79468 -55.1763
28.1416 -18.7307 -54.3723
44.6053 -20.4346 -28.5945
50.0044 -20.9644 -1.48009
52.9744 -4.07866 -1.50428
47.47 -3.53019 -29.06
53.2694 -2.19438 1.55045
47.8219 -1.6005 29.1261
50.1223 15.4183 29.3347
55.6538 14.8226 1.53683
46.6468 -1.47653 31.965
31.0781 0.156338 55.3127
33.1906 17.1915 55.6499
48.9472 15.5423 32.1736
28.9111 0.382773 57.4766
5.66802 2.81528 73.0054
7.58332 19.8692 73.3578
31.0237 17.4179 57.8138
2.84666 3.11175 74.1669
-24.5189 6.0028 79.5699
-22.7507 23.0784 79.8527
4.76196 20.1656 74.5192
-27.563 6.32567 79.5584
-54.8858 9.23663 74.0403
-53.1784 26.3282 74.2105
-25.7949 23.4013 79.8412
-57.6908 9.53633 72.8621
-80.835 12.0202 57.2762
-79.118 29.1103 57.3517
-55.9835 26.6279 73.0323
-82.9791 12.2509 55.1125
-98.4529 13.9307 31.8218
-96.7 31.0083 31.8478
-81.2621 29.3409 55.188
-99.6142 14.0574 28.9993
-105.072 14.6712 1.51631
-103.296 31.7371 1.52726
-97.8612 31.1349 29.0253
-105.074 14.6738 -1.53932
-99.6646 14.1122 -29.0414
-97.8964 31.1757 -29.0443
-103.298 31.7397 -1.52837
-98.5055 13.9887 -31.867
-83.0347 12.3206 -55.1919
-81.2947 29.3946 -55.2449
-96.7372 31.0522 -31.87
-80.89 12.0892 -57.3566
-57.739 9.57845 -72.9193
-56.0079 26.6605 -73.075
-79.15 29.1632 -57.4096
-54.9334 9.27531 -74.0937
-27.6057 6.32318 -79.5562
-25.8142 23.3956 -79.8399
-53.2022 26.3574 -74.2494
-24.5619 5.99626 -79.5625
2.79187 3.06789 -74.1057
4.73292 20.125 -74.4758
-22.7704 23.0687 -79.8462
5.6121 2.76861 -72.9407
28.8451 0.315972 -57.3906
30.9845 17.3623 -57.7534
7.55315 19.8257 -73.3108
31.0114 0.089536 -55.2279
46.5845 -1.5273 -31.916
48.9016 15.5033 -32.152
33.1508 17.1359 -55.5907
47.7622 -1.64812 -29.0805
53.2666 -2.19659 -1.52475
55.6511 14.8204 -1.53836
50.0793 15.3825 -29.3165
55.9351 16.6175 1.55603
50.4036 17.2131 29.3539
53.1906 32.8274 29.4613
58.6734 31.6133 1.54854
49.2122 17.4062 32.2218
33.4556 19.0554 55.6981
36.4147 36.4312 55.858
51.9992 33.0205 32.3292
31.2725 19.4073 57.8652
7.83215 21.8586 73.4093
11.099 41.8373 73.5496
34.2316 36.7831 58.0251
5.01119 22.3145 74.5516
-22.5015 25.2273 79.885
-18.8088 48.2371 79.9508
8.27801 42.2932 74.692
-25.5222 25.718 79.8456
-52.9058 28.645 74.2149
-48.704 54.65 74.1824
-21.8295 48.7279 79.9114
-55.6705 29.0957 73.0157
-78.805 31.5781 57.3351
-74.1039 60.0984 57.248
-51.4687 55.1007 72.9831
-80.9071 31.9217 55.1673
-96.3449 33.589 31.8271
-91.2738 63.7757 31.7601
-76.206 60.442 55.0802
-97.4792 33.7753 29.0169
-102.914 34.3775 1.51887
-97.6968 65.1406 1.52853
-92.4081 63.9621 28.9499
-102.915 34.3792 -1.51756
-97.5132 33.8152 -29.0335
-92.4194 63.9854 -28.9423
-97.6981 65.1422 -1.5079
-96.3797 33.6309 -31.8465
-80.9372 31.9733 -55.2214
-76.2083 60.4717 -55.1056
-91.286 63.8011 -31.7553
-78.8343 31.6293 -57.3906
-55.6922 29.1266 -73.0561
-51.467 55.1173 -73.0042
-74.1054 60.1277 -57.2748
-52.9271 28.6733 -74.253
-25.5391 25.7116 -79.8435
-21.8272 48.7168 -79.9092
-48.7019 54.664 -74.2011
-22.5187 25.2176 -79.8796
4.98463 22.2739 -74.5092
8.27172 42.2561 -74.6673
-18.8068 48.2229 -79.9452
7.80456 21.8159 -73.3646
31.2359 19.3525 -57.8072
34.2159 36.7363 -57.9896
11.0917 41.7981 -73.5228
33.418 19.001 -55.6414
49.1688 17.3684 -32.2027
51.9697 32.9912 -32.3281
36.398 36.3848 -55.8239
50.3615 17.1779 -29.338
55.9332 16.6158 -1.55993
58.6715 31.6116 -1.56742
53.1624 32.8007 -29.4633
59.0601 33.2906 1.55154
53.5773 34.5047 29.4643
57.8536 49.7075 29.4723
63.1832 47.8883 1.5469
52.4091 34.8303 32.3372
36.8246 38.2409 55.866
41.5569 55.165 55.87
56.6854 50.0331 32.3452
34.6871 38.8349 58.0338
11.5545 43.8891 73.5583
16.9807 63.3598 73.5585
39.4193 55.759 58.0378
8.79622 44.6563 74.6979
-18.2906 50.6001 79.9567
-12.046 73.04 79.9632
14.2225 64.1269 74.6981
-21.2396 51.4225 79.9126
-48.1142 57.3446 74.1836
-41.0499 82.7229 74.19
-14.9951 73.8624 79.919
-50.8087 58.0976 72.98
-73.4439 63.0953 57.2448
-65.68 90.9447 57.2462
-43.7445 83.4759 72.9864
-75.4896 63.6678 55.0759
-90.5575 67.0015 31.7558
-82.3214 96.4916 31.7553
-67.7257 91.5172 55.0773
-91.6598 67.3106 28.9484
-96.9485 68.4891 1.52699
-88.5418 98.5493 1.53039
-83.4237 96.8007 28.9478
-96.9488 68.49 -1.50474
-91.6702 67.3331 -28.9391
-83.4237 96.8111 -28.9289
-88.5421 98.5501 -1.50134
-90.5675 67.025 -31.7488
-75.4898 63.6956 -55.0992
-67.7124 91.5271 -55.0871
-82.321 96.5029 -31.7387
-73.4433 63.1226 -57.2696
-50.8049 58.1122 -72.999
-43.7291 83.4772 -72.9952
-65.6659 90.9542 -57.2574
-48.1102 57.3575 -74.2015
-21.2356 51.4104 -79.9095
-14.9814 73.8454 -79.9164
-41.0344 82.7224 -74.1977
-18.287 50.5858 -79.9519
8.7916 44.619 -74.674
14.2292 64.0923 -74.6858
-12.0327 73.0208 -79.9589
11.5489 43.8505 -73.5333
34.6732 38.7887 -58.0001
39.4185 55.7195 -58.0194
16.9866 63.3238 -73.545
36.8095 38.1954 -55.8337
52.3812 34.8018 -32.3379
56.6676 50.0114 -32.3576
41.5548 55.1261 -55.853
53.5498 34.4784 -29.4678
59.0589 33.2894 -1.57188
63.182 47.8871 -1.57652
57.8362 49.6879 -29.4874
63.7374 49.5121 1.54668
58.4078 51.3313 29.4721
64.2982 65.9505 29.4615
69.3977 63.5486 1.54414
57.2819 51.7854 32.3447
42.1533 56.9174 55.8695
48.708 73.1934 55.8472
63.1722 66.4045 32.3341
40.0943 57.7462 58.0367
17.6557 65.3469 73.5574
25.2006 84.0769 73.5343
46.649 74.0222 58.0143
14.9994 66.4163 74.6975
-11.2691 75.3294 79.9625
-2.57051 96.9257 79.9544
22.5443 85.1462 74.6744
-14.109 76.474 79.9192
-40.1639 85.3345 74.1902
-30.3247 109.769 74.1929
-5.41043 98.0703 79.9111
-42.7582 86.3814 72.9868
-64.6937 93.8502 57.2465
-53.8916 120.67 57.2492
-32.919 110.816 72.9894
-66.6627 94.6453 55.0774
-81.2584 99.6197 31.7553
-69.8116 128.022 31.7551
-55.8606 121.465 55.08
-82.319 100.048 28.9479
-87.4371 101.797 1.53044
-75.7616 130.75 1.5302
-70.8722 128.45 28.9476
-87.437 101.797 -1.50094
-82.3186 100.058 -28.9285
-70.8675 128.451 -28.9269
-75.7615 130.75 -1.50117
-81.2572 99.6296 -31.7379
-66.6485 94.6538 -55.0863
-55.8416 121.46 -55.0845
-69.806 128.023 -31.7363
-64.6786 93.8581 -57.2569
-42.7419 86.3811 -72.9946
-32.8987 110.805 -72.9941
-53.8717 120.664 -57.255
-40.1476 85.3331 -74.1976
-14.0945 76.456 -79.9163
-5.39225 98.0485 -79.9105
-30.3044 109.757 -74.1971
-11.255 75.31 -79.9588
15.007 66.3816 -74.6858
22.5574 85.1139 -74.6705
-2.55273 96.9024 -79.953
17.6626 65.3115 -73.5452
40.0946 57.7071 -58.0195
46.6565 73.9889 -58.0069
25.213 84.0438 -73.5299
42.1523 56.8792 -55.8537
57.2651 51.7644 -32.3583
63.1621 66.3892 -32.3546
48.7142 73.1609 -55.8411
58.3908 51.3121 -29.4881
63.7366 49.5112 -1.57719
69.397 63.5478 -1.57973
64.2878 65.9369 -29.4845
70.1254 65.0993 1.54346
65.0258 67.5011 29.4609
72.495 81.3584 29.4497
77.2986 78.4033 1.54245
63.9572 68.0781 32.3323
49.493 74.867 55.8453
57.8098 90.2972 55.8224
71.4264 81.9354 32.3211
47.5394 75.9204 58.0118
26.091 85.9751 73.5318
35.6665 103.736 73.5069
55.8562 91.3506 57.9888
23.5704 87.3337 74.6725
-1.54439 99.1131 79.9526
9.499 119.599 79.9394
33.1459 105.095 74.6476
-4.23966 100.567 79.9106
-29.1539 112.265 74.1923
-16.6595 135.451 74.1897
6.80372 121.053 79.8974
-31.6162 113.594 72.9895
-52.5888 123.447 57.2492
-38.8735 148.901 57.2485
-19.1219 136.78 72.9868
-54.4575 124.456 55.08
-68.4084 131.013 31.7551
-53.8794 157.971 31.7528
-40.7422 149.91 55.0793
-69.4147 131.556 28.9475
-74.3041 133.855 1.53005
-59.489 161.338 1.5278
-54.8857 158.514 28.9452
-74.3039 133.855 -1.50123
-69.4099 131.556 -28.9269
-54.88 158.509 -28.9278
-59.4887 161.338 -1.50347
-68.4026 131.013 -31.7362
-54.4381 124.45 -55.0844
-40.7229 149.895 -55.0842
-53.8727 157.965 -31.737
-52.5687 123.441 -57.2549
-31.5957 113.582 -72.994
-19.1016 136.761 -72.9924
-38.8535 148.886 -57.2547
-29.1334 112.253 -74.1966
-4.22129 100.544 -79.91
6.82236 121.028 -79.9005
-16.6393 135.432 -74.195
-1.52631 99.0898 -79.9517
23.5838 87.3013 -74.6692
33.1614 105.065 -74.65
9.51734 119.574 -79.9422
26.1039 85.9424 -73.5282
47.5474 75.8874 -58.0052
55.8677 91.3227 -57.9884
35.6815 103.706 -73.5091
49.4998 74.8351 -55.84
63.9477 68.0633 -32.3535
71.4213 81.9255 -32.3458
57.8202 90.2704 -55.8232
65.0158 67.4879 -29.4843
70.1249 65.0987 -1.57952
77.2981 78.4028 -1.58053
72.4894 81.3501 -29.4765
78.1935 79.8618 1.54189
73.3899 82.8169 29.4491
82.3532 95.7419 29.4408
86.7994 92.2709 1.54195
72.3922 83.5095 32.3195
58.7756 91.8713 55.8207
68.7568 106.265 55.8032
81.3555 96.4345 32.3112
56.9518 93.1363 57.9865
36.7621 105.522 73.5045
48.2522 122.095 73.4848
66.933 107.53 57.969
34.4087 107.153 74.6457
10.7618 121.658 79.9375
24.0133 140.781 79.9255
45.8988 123.726 74.6259
8.24471 123.403 79.8965
-15.2185 137.801 74.1888
-0.223422 159.451 74.184
21.4963 142.526 79.8845
-17.5183 139.395 72.9865
-37.27 151.517 57.2482
-20.81 175.288 57.2459
-2.52322 161.045 72.9817
-39.0154 152.727 55.079
-52.1526 160.788 31.7526
-34.7192 185.968 31.7493
-22.5554 176.498 55.0767
-53.0925 161.439 28.9449
-57.6957 164.263 1.52748
-39.9206 189.935 1.52423
-35.6591 186.619 28.9417
-57.6955 164.263 -1.50371
-53.0868 161.434 -28.928
-35.6543 186.61 -28.9302
-39.9203 189.935 -1.50696
-52.146 160.782 -31.7371
-38.9962 152.711 -55.0843
-22.5389 176.477 -55.0851
-34.7135 185.958 -31.7393
-37.2501 151.501 -57.2546
-17.4982 139.376 -72.9923
-2.50556 161.022 -72.9907
-20.7928 175.267 -57.2554
-15.1984 137.781 -74.1945
8.26322 123.378 -79.8999
21.5133 142.5 -79.8921
-0.205779 159.427 -74.1928
10.7801 121.632 -79.9408
34.4242 107.123 -74.6486
45.9144 123.699 -74.6333
24.0302 140.755 -79.933
36.7773 105.492 -73.5073
56.9635 93.1089 -57.9866
66.9461 107.507 -57.9729
48.2675 122.068 -73.492
58.7863 91.845 -55.8219
72.3874 83.5001 -32.3446
81.3536 96.4294 -32.3374
68.7689 106.243 -55.8082
73.3845 82.8088 -29.4761
78.1932 79.8615 -1.58012
86.7992 92.2706 -1.58006
82.3507 95.738 -29.469
87.8509 93.6192 1.5416
83.4047 97.0903 29.4405
93.7513 108.924 29.4355
97.7824 104.983 1.54237
82.4906 97.8896 32.3101
69.8919 107.72 55.8022
81.4218 120.893 55.7945
92.8372 109.724 32.3051
68.2209 109.181 57.968
49.5401 123.746 73.4838
62.8097 138.919 73.4919
79.7509 122.354 57.9604
47.3829 125.631 74.6259
25.4974 142.685 79.9255
40.7923 160.207 79.9461
60.6525 140.804 74.634
23.1895 144.7 79.8851
1.46977 161.625 74.1846
18.7706 181.477 74.2023
38.4843 162.222 79.9058
-0.639252 163.466 72.9821
-18.926 177.71 57.2462
0.0636023 199.513 57.2485
16.6616 183.317 72.9998
-20.5266 179.106 55.0765
-32.6905 188.576 31.7491
-12.5696 211.667 31.746
-1.53701 200.909 55.0788
-33.5522 189.327 28.9413
-37.8136 192.643 1.52384
-17.2952 216.184 1.52021
-13.4313 212.418 28.9382
-37.8134 192.643 -1.50729
-33.5474 189.318 -28.9305
-13.4281 212.407 -28.9337
-17.295 216.184 -1.51092
-32.685 188.566 -31.7396
-20.5104 179.085 -55.0854
-1.52454 200.885 -55.0917
-12.5658 211.655 -31.7428
-18.9091 177.688 -57.2561
-0.621933 163.443 -72.9915
16.6756 183.292 -73.0132
0.0766897 199.489 -57.2624
1.48714 161.602 -74.1939
23.2062 144.674 -79.8931
38.4989 162.197 -79.9178
18.7847 181.451 -74.2156
25.5142 142.659 -79.9334
47.3984 125.603 -74.6337
60.6673 140.779 -74.6452
40.8068 160.181 -79.9581
49.5555 123.719 -73.4914
68.2341 109.159 -57.9723
79.7645 122.335 -57.9671
62.8243 138.895 -73.5028
69.9043 107.699 -55.8074
82.489 97.8848 -32.3365
92.8379 109.722 -32.3312
81.4346 120.875 -55.8022
83.4024 97.0865 -29.4686
87.8508 93.6191 -1.57967
97.7823 104.983 -1.5789
93.7513 108.924 -29.4632
98.9772 106.205 1.54222
94.9461 110.146 29.4353
106.543 120.749 29.4322
110.108 116.385 1.54345
94.1272 111.042 32.3044
82.7119 122.211 55.7939
95.6282 134.008 55.7895
105.724 121.645 32.3013
81.2143 123.849 57.9605
64.2732 140.414 73.4921
79.1347 153.999 73.5026
94.1306 135.646 57.9561
62.3385 142.529 74.6357
42.4782 161.932 79.9478
59.6137 177.624 79.9688
77.2 156.114 74.6463
40.4078 164.194 79.9079
20.6941 183.448 74.2044
40.0853 201.232 74.2215
57.5433 179.886 79.9289
18.8021 185.514 73.0008
2.20412 201.71 57.2494
23.5009 221.254 57.2516
38.1933 203.298 73.0178
0.768886 203.275 55.0786
-10.2637 214.033 31.7459
12.3071 234.738 31.7429
22.0656 222.82 55.0808
-11.036 214.875 28.9378
-14.8999 218.641 1.51983
8.11615 239.751 1.51624
11.5348 235.58 28.9348
-14.8998 218.641 -1.5113
-11.0329 214.864 -28.9341
11.5359 235.569 -28.9374
8.11624 239.751 -1.51489
-10.2602 214.021 -31.7432
0.781039 203.251 -55.0921
22.0738 222.795 -55.0983
12.3087 234.725 -31.7465
2.21681 201.685 -57.2638
18.8157 185.489 -73.0146
38.2037 203.273 -73.0354
23.5096 221.229 -57.2699
20.7078 183.423 -74.2181
40.422 164.168 -79.9203
57.5553 179.862 -79.9448
40.0958 201.208 -74.2389
42.4926 161.907 -79.9601
62.3531 142.504 -74.6472
77.2135 156.092 -74.6603
59.6259 177.6 -79.9846
64.2877 140.39 -73.5032
81.2279 123.831 -57.9676
94.1442 135.631 -57.9649
79.1482 153.978 -73.5163
82.7248 122.194 -55.8016
94.1281 111.041 -32.3306
105.727 121.646 -32.3263
95.6411 133.994 -55.799
94.9462 110.146 -29.4629
98.9772 106.205 -1.57858
110.108 116.385 -1.57735
106.545 120.751 -29.4586
111.431 117.466 1.54337
107.866 121.83 29.4321
120.564 131.075 29.4297
123.622 126.341 1.54488
107.152 122.811 32.3008
97.056 135.174 55.789
111.191 145.469 55.7815
119.85 132.056 32.2985
95.7499 136.969 57.9557
80.754 155.322 73.5022
97.0247 167.174 73.4903
109.885 147.263 57.9482
79.0663 157.64 74.6465
61.48 179.15 79.9691
80.2555 192.831 79.9583
95.337 169.492 74.6346
59.6737 181.629 79.9294
42.2158 202.976 74.222
63.4781 218.473 74.2151
78.4492 195.31 79.9187
40.5654 205.241 73.0181
25.8729 223.196 57.2519
49.2297 240.225 57.2491
61.8277 220.738 73.0111
24.6215 224.913 55.0806
14.8629 236.832 31.7427
39.6093 254.881 31.7396
47.9783 241.942 55.0778
14.1895 237.755 28.9344
10.7709 241.926 1.51586
36.0031 260.332 1.51251
38.9359 255.804 28.9313
10.7709 241.925 -1.51524
14.1906 237.743 -28.9377
38.9351 255.793 -28.9405
36.0031 260.331 -1.51859
14.8642 236.819 -31.7469
24.6294 224.889 -55.0986
47.9825 241.919 -55.0993
39.6088 254.868 -31.7496
25.8813 223.171 -57.2706
40.5754 205.216 -73.036
61.8348 220.715 -73.0322
49.2344 240.201 -57.2712
42.226 202.951 -74.2399
59.6855 181.605 -79.9457
78.459 195.288 -79.9377
63.4854 218.45 -74.236
61.492 179.126 -79.9852
79.0796 157.618 -74.6608
95.3493 169.473 -74.6508
80.2655 192.809 -79.9771
80.7674 155.301 -73.5162
95.7634 136.954 -57.9648
109.899 147.251 -57.9587
97.0371 167.156 -73.5061
97.069 135.161 -55.7985
107.155 122.812 -32.3258
119.855 132.059 -32.3218
111.204 145.458 -55.7924
107.868 121.832 -29.4583
111.431 117.466 -1.57703
123.622 126.341 -1.57552
120.568 131.078 -29.4543
125.056 127.267 1.54486
121.998 132.002 29.4297
135.641 139.775 29.4282
138.154 134.728 1.54654
121.398 133.057 32.298
112.739 146.469 55.781
127.928 155.125 55.7748
135.041 140.83 32.2965
111.641 148.398 57.9472
98.7804 168.309 73.4893
116.267 178.274 73.4792
126.83 157.054 57.941
97.3613 170.8 74.6334
82.2798 194.139 79.9572
102.462 205.64 79.9481
114.848 180.765 74.6233
80.7611 196.805 79.9178
65.7899 219.968 74.2142
88.6488 232.996 74.2092
100.943 208.306 79.9087
64.4024 222.403 73.0107
51.8045 241.89 57.2487
76.9165 256.204 57.2469
87.2613 235.431 73.0057
50.7524 243.736 55.0776
42.3834 256.675 31.7393
68.9911 271.847 31.7367
75.8644 258.05 55.0758
41.8171 257.668 28.931
38.8843 262.196 1.51217
66.0154 277.668 1.50918
68.4249 272.84 28.9284
38.8842 262.195 -1.51891
41.8162 257.657 -28.9408
68.4225 272.829 -28.9433
66.0153 277.667 -1.5219
42.3826 256.663 -31.7498
50.7563 243.713 -55.0994
75.8653 258.029 -55.1001
68.9889 271.835 -31.7523
51.8088 241.866 -57.2711
64.4092 222.38 -73.032
87.2658 235.41 -73.0292
76.9178 256.183 -57.2717
65.797 219.945 -74.2354
80.7707 196.783 -79.9371
100.952 208.286 -79.9298
88.6536 232.975 -74.2325
82.2897 194.118 -79.9762
97.3734 170.781 -74.6498
114.859 180.749 -74.6409
102.471 205.621 -79.9689
98.7927 168.291 -73.5053
111.654 148.386 -57.9578
126.843 157.044 -57.9527
116.279 178.258 -73.4963
112.752 146.458 -55.7919
121.403 133.059 -32.3213
135.048 140.832 -32.3178
127.941 155.116 -55.7868
122.002 132.005 -29.4539
125.056 127.268 -1.5752
138.154 134.729 -1.57352
135.647 139.778 -29.4505
139.682 135.489 1.54658
137.169 140.536 29.4282
151.59 146.74 29.4277
153.526 141.444 1.54834
136.69 141.651 32.2961
129.577 155.946 55.7745
145.633 162.854 55.7708
151.11 147.855 32.2956
128.701 157.985 57.9403
118.138 179.206 73.4784
136.625 187.158 73.4725
144.757 164.893 57.9366
117.005 181.84 74.6224
104.62 206.715 79.9473
125.957 215.893 79.9426
135.492 189.792 74.6165
103.408 209.533 79.9082
91.1129 234.223 74.2087
115.282 244.619 74.2066
124.745 218.711 79.9035
90.0058 236.798 73.0055
79.661 257.571 57.2466
106.213 268.993 57.2465
114.175 247.194 73.0034
78.8214 259.523 55.0756
71.9482 273.32 31.7365
100.083 285.426 31.7345
105.374 270.946 55.0754
71.4962 274.37 28.9281
69.0867 279.199 1.50889
97.7758 291.545 1.50633
99.6312 286.476 28.9261
69.0866 279.198 -1.52219
71.4938 274.36 -28.9436
99.6278 286.467 -28.9459
97.7756 291.544 -1.52475
71.9457 273.309 -31.7525
78.8221 259.503 -55.1003
105.372 270.928 -55.1016
100.08 285.416 -31.7548
79.662 257.55 -57.2717
90.01 236.777 -73.0291
114.178 247.176 -73.0282
106.212 268.975 -57.273
91.1176 234.202 -74.2321
103.415 209.514 -79.9294
124.752 218.694 -79.9256
115.285 244.601 -74.2312
104.628 206.696 -79.9682
117.017 181.823 -74.6402
135.502 189.777 -74.635
125.965 215.876 -79.9644
118.149 179.19 -73.4957
128.714 157.976 -57.9521
144.77 164.884 -57.9495
136.635 187.144 -73.4905
129.59 155.937 -55.7864
136.697 141.654 -32.3174
151.119 147.857 -32.3148
145.646 162.846 -55.7838
137.176 140.539 -29.4502
139.683 135.49 -1.57325
153.526 141.444 -1.57149
151.597 146.742 -29.4476
155.129 142.03 1.54843
153.193 147.326 29.4278
168.212 151.883 29.4281
169.547 146.404 1.55021
152.841 148.487 32.2955
147.363 163.486 55.7707
164.087 168.559 55.7694
167.86 153.045 32.2958
146.72 165.61 57.9363
138.587 187.875 73.4722
157.844 193.715 73.47
163.443 170.684 57.935
137.756 190.619 74.6161
128.221 216.72 79.9422
150.448 223.46 79.9411
157.012 196.459 74.614
127.331 219.656 79.9033
117.868 245.564 74.2064
143.045 253.199 74.2068
149.558 226.396 79.9021
117.055 248.246 73.0034
109.093 270.046 57.2464
136.754 278.434 57.2475
142.232 255.881 73.0038
108.477 272.08 55.0753
103.186 286.56 31.7344
132.497 295.45 31.733
136.138 280.467 55.0764
102.854 287.654 28.9258
100.999 292.723 1.50611
130.887 301.789 1.50405
132.165 296.544 28.9244
100.999 292.722 -1.52499
102.851 287.645 -28.9461
132.161 296.537 -28.948
130.887 301.788 -1.52705
103.182 286.55 -31.755
108.475 272.062 -55.1018
136.135 280.453 -55.1033
132.492 295.442 -31.7569
109.092 270.028 -57.273
117.057 248.228 -73.0283
142.234 255.866 -73.0289
136.751 278.419 -57.2746
117.871 245.546 -74.2311
127.338 219.639 -79.9255
149.564 226.382 -79.9245
143.047 253.184 -74.2317
128.228 216.703 -79.9641
137.766 190.605 -74.6347
157.022 196.446 -74.6327
150.455 223.446 -79.9631
138.598 187.861 -73.4902
146.733 165.602 -57.9492
163.456 170.676 -57.9488
157.854 193.703 -73.4883
147.377 163.478 -55.7836
152.849 148.489 -32.3146
167.869 153.045 -32.3128
164.1 168.552 -55.7832
153.2 147.328 -29.4474
155.129 142.03 -1.57127
169.547 146.404 -1.56949
168.221 151.884 -29.4455
171.205 146.808 1.55035
169.87 152.287 29.4282
185.302 155.14 29.4292
186.018 149.547 1.55208
169.649 153.48 32.2958
165.877 168.995 55.7694
183.06 172.171 55.7699
185.081 156.334 32.2967
165.474 171.178 57.9349
159.874 194.209 73.4699
179.661 197.865 73.4706
182.657 174.354 57.9354
159.354 197.028 74.6139
152.79 224.03 79.941
175.63 228.248 79.9426
179.14 200.684 74.6146
152.233 227.047 79.9022
145.72 253.849 74.2069
171.592 258.627 74.2091
175.073 231.265 79.9038
145.211 256.606 73.004
139.733 279.158 57.2477
168.157 284.406 57.2497
171.083 261.384 73.0062
139.348 281.248 55.0764
135.707 296.231 31.733
165.826 301.793 31.7322
167.772 286.496 55.0784
135.499 297.355 28.9243
134.221 302.6 1.50388
164.935 308.272 1.50236
165.619 302.917 28.9234
134.221 302.599 -1.52725
135.495 297.348 -28.9482
165.615 302.911 -28.9497
164.935 308.272 -1.52877
135.702 296.223 -31.7571
139.345 281.234 -55.1035
167.768 286.485 -55.1052
165.822 301.786 -31.7585
139.73 279.143 -57.2747
145.213 256.591 -73.0291
171.084 261.371 -73.0307
168.153 284.395 -57.2764
145.722 253.834 -74.2317
152.239 227.032 -79.9245
175.079 231.253 -79.9255
171.593 258.615 -74.2334
152.796 224.016 -79.963
159.364 197.016 -74.6326
179.15 200.673 -74.6329
175.636 228.236 -79.964
159.884 194.197 -73.4882
165.487 171.17 -57.9488
182.67 174.346 -57.9498
179.671 197.854 -73.4885
165.89 168.988 -55.7831
169.659 153.48 -32.3127
185.091 156.332 -32.3115
183.073 172.164 -55.7841
169.879 152.287 -29.4454
171.205 146.808 -1.56931
186.019 149.547 -1.56757
185.311 155.139 -29.4441
187.711 149.763 1.55224
186.994 155.357 29.4293
202.646 156.472 29.4306
202.736 150.835 1.5539
186.908 156.567 32.2968
184.887 172.404 55.77
202.317 173.645 55.7711
202.56 157.683 32.2981
184.73 174.618 57.9355
181.733 198.129 73.4707
201.803 199.555 73.472
202.16 175.859 57.9366
181.531 200.989 74.6147
178.02 228.553 79.9428
201.188 230.197 79.9447
201.601 202.415 74.6161
177.804 231.613 79.904
174.322 258.975 74.2093
200.565 260.836 74.2114
200.971 233.257 79.9059
174.125 261.771 73.0064
171.198 284.794 57.2499
200.03 286.835 57.2516
200.368 263.631 73.0085
171.049 286.914 55.0785
169.104 302.21 31.7322
199.656 304.373 31.7317
199.881 288.955 55.0802
169.023 303.351 28.9233
168.339 308.706 1.50225
199.495 310.912 1.50129
199.576 305.514 28.9227
168.339 308.705 -1.5289
169.019 303.345 -28.9498
199.571 305.51 -28.9507
199.495 310.912 -1.52985
169.099 302.204 -31.7587
171.045 286.903 -55.1053
199.877 288.948 -55.1064
199.652 304.369 -31.7595
171.195 284.783 -57.2766
174.125 261.759 -73.0309
200.368 263.622 -73.0321
200.027 286.827 -57.2776
174.324 258.963 -74.2336
177.809 231.601 -79.9256
200.976 233.247 -79.9265
200.566 260.826 -74.2347
178.026 228.541 -79.9641
181.54 200.978 -74.633
201.61 202.405 -74.6335
201.193 230.187 -79.9649
181.743 198.119 -73.4886
184.743 174.611 -57.9499
202.172 175.852 -57.951
201.813 199.546 -73.4891
184.9 172.397 -55.7841
186.918 156.565 -32.3115
202.57 157.679 -32.3106
202.33 173.638 -55.7852
187.003 155.355 -29.444
187.711 149.763 -1.56742
202.736 150.834 -1.56576
202.656 156.469 -29.4431
204.442 150.861 1.55407
204.352 156.499 29.4308
220.031 155.864 29.4322
219.492 150.251 1.55576
204.401 157.711 32.2982
204.158 173.673 55.7712
221.618 172.965 55.7712
220.08 157.077 32.2996
204.249 175.891 57.9366
203.893 199.587 73.472
223.997 198.767 73.4705
221.708 175.182 57.9366
204.01 202.451 74.616
203.597 230.233 79.9447
226.803 229.282 79.9425
224.114 201.631 74.6145
203.723 233.298 79.9059
203.318 260.876 74.2115
229.604 259.794 74.2102
226.93 232.347 79.9037
203.433 263.676 73.0086
203.096 286.88 57.2517
231.976 285.687 57.2518
229.72 262.594 73.0073
203.184 289.004 55.0802
202.96 304.422 31.7317
233.564 303.157 31.7311
232.064 287.81 55.0803
203.007 305.564 28.9227
202.926 310.962 1.50122
234.134 309.673 1.50058
233.611 304.299 28.9221
202.926 310.962 -1.52992
203.003 305.56 -28.9507
233.607 304.297 -28.9509
234.134 309.672 -1.53056
202.955 304.418 -31.7596
203.18 288.997 -55.1064
232.06 287.806 -55.1054
233.559 303.154 -31.7598
203.092 286.873 -57.2776
203.434 263.667 -73.032
229.721 262.587 -73.0293
231.972 285.682 -57.2766
203.319 260.867 -74.2346
203.729 233.288 -79.9263
226.935 232.338 -79.9227
229.606 259.786 -74.2318
203.603 230.223 -79.9648
204.02 202.442 -74.6334
224.124 201.623 -74.6307
226.809 229.273 -79.9611
203.903 199.578 -73.4891
204.261 175.884 -57.9509
221.721 175.175 -57.9508
224.007 198.759 -73.4864
204.171 173.666 -55.7852
204.411 157.707 -32.3106
220.09 157.071 -32.3097
221.63 172.958 -55.785
204.362 156.495 -29.4429
204.442 150.861 -1.56562
219.493 150.251 -1.56393
220.041 155.858 -29.442
221.191 150.087 1.55594
221.73 155.7 29.4324
237.241 153.322 29.4339
236.08 147.803 1.5578
221.914 156.899 32.2997
223.451 172.788 55.7712
240.724 170.138 55.7702
237.425 154.521 32.3012
223.788 174.981 57.9364
226.077 198.566 73.4703
245.967 195.51 73.4663
241.062 172.331 57.9354
226.513 201.399 74.6141
229.202 229.049 79.9421
252.16 225.513 79.9366
246.403 198.342 74.6101
229.669 232.08 79.9034
232.344 259.527 74.2098
258.348 255.514 74.2059
252.627 228.544 79.8979
232.772 262.296 73.0072
235.027 285.389 57.2517
263.595 280.976 57.2509
258.775 258.283 73.0033
235.352 287.489 55.0803
236.852 302.836 31.731
267.124 298.158 31.7303
263.919 283.076 55.0795
237.026 303.966 28.922
237.55 309.339 1.50052
268.419 304.57 1.49991
267.299 299.288 28.9213
237.549 309.339 -1.5306
237.022 303.964 -28.951
267.294 299.288 -28.9508
268.419 304.57 -1.5312
236.847 302.833 -31.7597
235.348 287.485 -55.1053
263.916 283.075 -55.1025
267.12 298.157 -31.7595
235.024 285.385 -57.2762
232.773 262.289 -73.0289
258.777 258.278 -73.0229
263.592 280.974 -57.2735
232.346 259.52 -74.2313
229.675 232.072 -79.9221
252.633 228.537 -79.9147
258.35 255.509 -74.2253
229.208 229.041 -79.9606
226.522 201.391 -74.6302
246.413 198.335 -74.6251
252.166 225.506 -79.9532
226.087 198.558 -73.4862
223.801 174.974 -57.9505
241.074 172.324 -57.9496
245.977 195.503 -73.4811
223.463 172.781 -55.785
221.923 156.893 -32.3096
237.434 154.513 -32.3087
240.737 170.131 -55.7841
221.739 155.694 -29.4419
221.191 150.086 -1.56379
236.08 147.802 -1.56194
237.25 153.313 -29.441
237.749 147.45 1.55801
238.911 152.969 29.4341
254.062 148.874 29.436
252.291 143.518 1.56
239.227 154.141 32.3012
242.527 169.758 55.7703
259.399 165.196 55.7698
254.378 150.046 32.3031
243.106 171.899 57.9352
248.011 195.077 73.4661
267.439 189.819 73.463
259.979 167.338 57.9347
248.761 197.843 74.6097
254.518 225.014 79.9361
276.941 218.936 79.9314
268.189 192.585 74.6066
255.321 227.973 79.8974
261.041 254.943 74.2054
286.437 248.051 74.202
277.744 221.895 79.8927
261.775 257.646 73.003
266.594 280.339 57.2506
294.492 272.762 57.2501
287.171 250.754 72.9996
267.151 282.389 55.0794
270.356 297.472 31.7303
299.917 289.443 31.7296
295.049 274.813 55.0789
270.656 298.575 28.9212
271.776 303.857 1.49984
301.92 295.67 1.49927
300.217 290.546 28.9206
271.776 303.857 -1.53123
270.652 298.575 -28.9508
300.213 290.547 -28.9506
301.92 295.67 -1.53181
270.352 297.471 -31.7593
267.148 282.389 -55.1024
295.047 274.815 -55.0995
299.913 289.443 -31.7591
266.591 280.338 -57.273
261.777 257.642 -73.0225
287.173 250.752 -73.0166
294.49 272.764 -57.2701
261.043 254.938 -74.2246
255.327 227.967 -79.914
277.75 221.89 -79.9072
286.44 248.048 -74.2187
254.524 225.007 -79.9525
248.771 197.836 -74.6244
268.199 192.579 -74.6201
276.948 218.931 -79.9457
248.021 195.071 -73.4808
243.119 171.892 -57.9494
259.991 167.33 -57.9492
267.45 189.814 -73.4765
242.539 169.75 -55.784
239.236 154.132 -32.3087
254.386 150.035 -32.308
259.411 165.188 -55.7838
238.919 152.961 -29.4408
237.75 147.449 -1.56179
252.292 143.517 -1.55979
254.069 148.863 -29.4402
253.911 142.981 1.56025
255.681 148.337 29.4362
270.283 142.575 29.4387
267.926 137.448 1.56232
256.127 149.466 32.3033
261.148 164.617 55.77
277.409 158.198 55.7708
270.728 143.704 32.3057
261.963 166.68 57.9346
269.423 189.162 73.4629
288.146 181.766 73.4619
278.224 160.261 57.9355
270.477 191.826 74.6062
279.229 218.176 79.9311
300.837 209.632 79.9282
289.199 184.43 74.6052
280.357 221.027 79.8923
289.05 247.183 74.2016
313.52 237.498 74.1993
301.964 212.482 79.8895
290.081 249.787 72.9994
297.402 271.795 57.25
324.281 261.15 57.2498
314.551 240.102 72.9971
298.184 273.77 55.0789
303.053 288.4 31.7296
331.534 277.12 31.7291
325.063 263.125 55.0788
303.474 289.463 28.9205
305.177 294.586 1.49921
334.219 283.084 1.49868
331.955 278.183 28.92
305.177 294.586 -1.53183
303.47 289.463 -28.9506
331.952 278.185 -28.9503
334.219 283.084 -1.53236
303.049 288.4 -31.7589
298.182 273.772 -55.0993
325.063 263.13 -55.0967
331.531 277.122 -31.7587
297.4 271.797 -57.2696
290.083 249.785 -73.0161
314.555 240.102 -73.0112
324.281 261.155 -57.267
289.053 247.18 -74.2181
280.363 221.022 -79.9066
301.972 212.479 -79.9016
313.524 237.497 -74.2131
279.236 218.172 -79.9452
270.487 191.82 -74.6196
289.21 184.425 -74.6174
300.844 209.629 -79.9402
269.434 189.156 -73.4764
261.975 166.672 -57.949
278.235 160.254 -57.9501
288.157 181.761 -73.4742
261.16 164.609 -55.7839
256.134 149.455 -32.308
270.734 143.69 -32.3079
277.42 158.19 -55.7849
255.689 148.327 -29.4401
253.912 142.98 -1.55966
267.926 137.448 -1.55758
270.288 142.562 -29.4399
269.476 136.734 1.5626
271.833 141.86 29.4389
285.702 134.5 29.4421
282.787 129.668 1.56469
272.401 142.932 32.306
279.082 157.427 55.7711
294.527 149.23 55.7737
286.271 135.572 32.3092
280.122 159.386 57.9356
290.045 180.89 73.462
307.828 171.447 73.4637
295.568 151.189 57.9383
291.389 183.419 74.6052
303.026 208.622 79.9282
323.548 197.716 79.9276
309.172 173.977 74.6068
304.464 211.327 79.8893
316.02 236.343 74.1991
339.259 223.985 74.198
324.986 200.422 79.8887
317.335 238.815 72.997
327.065 259.864 57.2498
352.589 246.285 57.2501
340.574 226.457 72.9959
328.063 261.739 55.0788
334.533 275.733 31.7291
361.578 261.344 31.7288
353.587 248.16 55.0791
335.07 276.743 28.92
337.335 281.644 1.49863
364.912 266.972 1.49817
362.115 262.354 28.9197
337.335 281.644 -1.53238
335.067 276.744 -28.9504
362.113 262.356 -28.9502
364.912 266.972 -1.53284
334.53 275.735 -31.7585
328.062 261.744 -55.0966
353.589 248.167 -55.0944
361.576 261.347 -31.7584
327.065 259.868 -57.2667
317.339 238.815 -73.0108
340.579 226.459 -73.0071
352.592 246.291 -57.2645
316.025 236.343 -74.2126
304.472 211.325 -79.9011
324.995 200.421 -79.8984
339.265 223.987 -74.2089
303.034 208.619 -79.9399
291.399 183.415 -74.6172
309.183 173.973 -74.6176
323.557 197.715 -79.9372
290.055 180.885 -73.4742
280.134 159.378 -57.9501
295.579 151.181 -57.9528
307.839 171.443 -73.4746
279.093 157.418 -55.785
272.407 142.919 -32.308
286.274 135.558 -32.3085
294.538 149.221 -55.7878
271.838 141.847 -29.4398
269.476 136.733 -1.55748
282.787 129.667 -1.55539
285.705 134.486 -29.4403
284.248 128.785 1.56501
287.163 133.617 29.4425
300.127 124.75 29.4465
296.69 120.273 1.56707
287.848 134.619 32.3096
296.104 148.276 55.7741
310.541 138.401 55.7789
300.812 125.752 32.3136
297.357 150.106 57.9386
309.618 170.365 73.464
326.239 158.992 73.4688
311.794 140.231 57.9434
311.235 172.728 74.607
325.611 196.467 79.9278
344.79 183.336 79.9297
327.857 161.355 74.6117
327.342 198.995 79.8887
341.615 222.559 74.198
363.331 207.683 74.198
346.521 185.864 79.8906
343.197 224.868 72.9959
355.212 244.695 57.2501
379.063 228.352 57.2507
364.913 209.992 72.9958
356.413 246.447 55.0791
364.404 259.631 31.7288
389.674 242.313 31.7287
380.263 230.104 55.0797
365.05 260.575 28.9197
367.848 265.193 1.49814
393.616 247.534 1.49776
390.321 243.257 28.9195
367.847 265.193 -1.53286
365.048 260.577 -28.9502
390.32 243.26 -28.9501
393.616 247.534 -1.53324
364.402 259.635 -31.7583
356.415 246.454 -55.0943
380.268 230.112 -55.0926
389.674 242.317 -31.7581
355.215 244.702 -57.2643
343.202 224.87 -73.0068
364.921 209.996 -73.0044
379.068 228.36 -57.2625
341.621 222.56 -74.2087
327.351 198.994 -79.8981
346.531 185.865 -79.8979
363.339 207.686 -74.2063
325.62 196.466 -79.9372
311.246 172.724 -74.6176
327.868 161.352 -74.621
344.8 183.336 -79.937
309.629 170.361 -73.4749
297.368 150.099 -57.9531
311.804 140.224 -57.9578
326.251 158.989 -73.4783
296.115 148.267 -55.788
287.851 134.604 -32.3088
300.812 125.736 -32.3102
310.552 138.393 -55.7927
287.166 133.602 -29.4403
284.248 128.784 -1.55532
296.69 120.272 -1.55327
300.127 124.735 -29.4417
298.043 119.231 1.56743
301.481 123.708 29.4469
313.377 113.444 29.4519
309.46 109.378 1.5694
302.273 124.627 32.3142
312.003 137.276 55.7795
325.25 125.846 55.7866
314.169 114.363 32.3192
313.451 138.956 57.9441
327.897 157.716 73.4694
343.148 144.554 73.4774
326.699 127.525 57.9512
329.768 159.883 74.6122
346.701 181.865 79.9302
364.298 166.672 79.9344
345.02 146.721 74.6202
348.704 184.183 79.8908
365.514 206.002 74.1982
385.436 188.794 74.1991
366.301 168.99 79.895
367.343 208.12 72.9959
381.492 226.479 57.2507
403.371 207.576 57.2516
387.266 190.912 72.9969
382.88 228.086 55.0797
392.292 240.296 31.7287
415.472 220.267 31.7288
404.759 209.183 55.0805
393.039 241.161 28.9195
396.334 245.439 1.49774
419.971 225.016 1.49744
416.22 221.132 28.9196
396.334 245.439 -1.53326
393.038 241.165 -28.9501
416.22 221.136 -28.9501
419.971 225.016 -1.53356
392.291 240.3 -31.7581
382.885 228.095 -55.0925
404.767 209.192 -55.0911
415.473 220.271 -31.7581
381.498 226.488 -57.2623
367.35 208.124 -73.0042
387.275 190.916 -73.0029
403.379 207.585 -57.261
365.521 206.005 -74.2062
348.714 184.184 -79.8979
366.312 168.992 -79.9001
385.446 188.798 -74.2049
346.712 181.865 -79.9373
329.78 159.881 -74.6213
345.032 146.72 -74.628
364.31 166.673 -79.9396
327.908 157.713 -73.4789
313.462 138.948 -57.9584
326.709 127.519 -57.9653
343.161 144.552 -73.4856
312.013 137.269 -55.7931
302.273 124.612 -32.3106
314.167 114.347 -32.313
325.26 125.839 -55.8
301.48 123.693 -29.4416
298.043 119.23 -1.55326
309.46 109.377 -1.55129
313.374 113.428 -29.4441
310.69 108.191 1.56981
314.606 112.257 29.4523
325.287 100.722 29.4582
320.94 97.1179 1.57164
315.496 113.082 32.32
326.577 124.565 55.7874
338.47 111.721 55.7972
326.177 101.547 32.3259
328.204 126.072 57.9522
344.654 143.1 73.4784
358.345 128.313 73.4898
340.098 113.228 57.962
346.755 145.045 74.621
366.034 164.996 79.9352
381.829 147.931 79.9415
360.446 130.257 74.6324
368.282 167.076 79.8953
387.417 186.879 74.1994
405.297 167.554 74.201
384.077 150.011 79.9016
389.471 188.78 72.997
405.576 205.444 57.2517
425.21 184.217 57.2526
407.351 169.454 72.9985
407.135 206.886 55.0806
417.848 217.97 31.7289
438.65 195.481 31.7292
426.769 185.66 55.0815
418.687 218.747 28.9196
422.439 222.63 1.49744
443.651 199.699 1.4972
439.489 196.258 28.9199
422.439 222.63 -1.53359
418.688 218.751 -28.9501
439.491 196.262 -28.9503
443.651 199.699 -1.53383
417.849 217.975 -31.758
407.143 206.895 -55.0911
426.78 185.669 -55.09
438.653 195.486 -31.7581
405.585 205.453 -57.2609
389.481 188.784 -73.0028
407.363 169.459 -73.0024
425.222 184.227 -57.2598
387.427 186.884 -74.2051
368.293 167.078 -79.9003
384.09 150.013 -79.9048
405.309 167.558 -74.2046
366.046 164.997 -79.9403
346.767 145.044 -74.6287
360.46 130.257 -74.6389
381.842 147.932 -79.9448
344.666 143.099 -73.4866
328.215 126.065 -57.9662
340.107 113.222 -57.9757
358.358 128.312 -73.4967
326.586 124.558 -55.8006
315.494 113.066 -32.3136
326.172 101.532 -32.3172
338.479 111.714 -55.8101
314.603 112.241 -29.4441
310.689 108.19 -1.55135
320.94 97.1171 -1.54951
325.281 100.707 -29.4476
322.03 95.8003 1.57206
326.377 99.4043 29.4586
335.71 86.7414 29.4647
330.988 83.6449 1.57373
327.353 100.125 32.3268
339.647 110.299 55.7981
350.038 96.1998 55.8095
336.687 87.462 32.3329
341.432 111.614 57.9633
359.679 126.7 73.4911
371.64 110.47 73.5051
351.823 97.5154 57.9747
361.984 128.397 74.6335
383.367 146.071 79.9425
397.163 127.345 79.95
373.945 112.168 74.6475
385.832 147.887 79.9021
407.053 165.43 74.2015
422.667 144.229 74.2029
399.628 129.161 79.9096
409.305 167.09 72.9987
427.164 181.853 57.2527
444.309 158.57 57.2534
424.92 145.888 73.0001
428.874 183.112 55.0816
440.755 192.934 31.7292
458.92 168.267 31.7296
446.018 159.829 55.0822
441.675 193.612 28.9199
445.837 197.053 1.49721
464.36 171.902 1.49703
459.841 168.945 28.9203
445.837 197.054 -1.53385
441.678 193.616 -28.9503
459.844 168.949 -28.9505
464.361 171.903 -1.53403
440.758 192.938 -31.7581
428.885 183.122 -55.09
446.033 159.838 -55.0889
458.924 168.271 -31.7583
427.176 181.862 -57.2597
409.317 167.095 -73.0023
424.934 145.893 -73.002
444.324 158.578 -57.2586
407.065 165.435 -74.2049
385.845 147.889 -79.9051
399.643 129.164 -79.9111
422.681 144.233 -74.2046
383.38 146.073 -79.9457
361.998 128.397 -74.6398
373.959 112.168 -74.6527
397.177 127.348 -79.9517
359.692 126.699 -73.4979
341.441 111.609 -57.9769
351.832 97.5111 -57.988
371.654 110.47 -73.5109
339.655 110.292 -55.8108
327.348 100.11 -32.3179
336.679 87.4481 -32.3217
350.046 96.1946 -55.8219
326.371 99.3894 -29.4477
322.029 95.7995 -1.54961
330.988 83.6441 -1.54794
335.702 86.7278 -29.4516
331.926 82.2132 1.57401
336.648 85.3097 29.465
344.528 71.6779 29.4666
339.492 69.1283 1.57545
337.698 85.9167 32.3335
351.049 94.6545 55.8102
359.814 79.4765 55.8172
345.578 72.2848 32.3351
352.97 95.7626 57.9759
372.787 108.717 73.5062
382.87 91.2469 73.5173
361.735 80.5846 57.9829
375.266 110.147 74.6485
398.484 125.325 79.951
410.109 105.172 79.9553
385.349 92.677 74.6596
401.136 126.855 79.9099
424.175 141.922 74.2032
437.33 119.11 74.2018
412.761 106.702 79.9142
426.598 143.32 73.0001
445.987 156.002 57.2534
460.43 130.953 57.2526
439.753 120.508 72.9987
447.826 157.063 55.0823
460.728 165.501 31.7297
476.031 138.966 31.7298
462.269 132.014 55.0814
461.718 166.073 28.9203
466.238 169.03 1.49704
481.844 141.974 1.49693
477.022 139.538 28.9204
466.238 169.03 -1.53405
461.722 166.077 -28.9505
477.027 139.541 -28.9503
481.844 141.974 -1.53415
460.733 165.505 -31.7582
447.841 157.072 -55.0888
462.286 132.022 -55.0863
476.037 138.969 -31.758
446.002 156.01 -57.2584
426.612 143.325 -73.0018
439.768 120.512 -72.9987
460.448 130.96 -57.2559
424.19 141.927 -74.2047
401.151 126.858 -79.9113
412.777 106.705 -79.9144
437.345 119.114 -74.2017
398.499 125.327 -79.9526
375.28 110.148 -74.6536
385.364 92.6785 -74.6639
410.125 105.175 -79.9557
372.8 108.718 -73.512
352.979 95.7584 -57.9891
361.744 80.5819 -57.9957
382.884 91.248 -73.5223
351.057 94.6495 -55.8225
337.69 85.903 -32.3223
345.568 72.2732 -32.3219
359.822 79.473 -55.8291
336.639 85.2962 -29.4516
331.925 82.2125 -1.54793
339.492 69.1276 -1.54649
344.517 71.6665 -29.4512
340.269 67.601 1.57492
345.304 70.1506 29.466
351.672 55.727 29.4441
346.396 53.7585 1.576
346.414 70.6361 32.334
360.65 77.8277 55.8161
367.704 61.7635 55.7897
352.782 56.2125 32.3121
362.681 78.7142 57.9821
383.815 89.3765 73.5165
391.904 70.8828 73.4958
369.735 62.65 57.9557
386.438 90.5211 74.6588
411.198 103.016 79.9546
420.505 81.6848 79.933
394.526 72.0274 74.6381
414.003 104.241 79.9132
438.571 116.649 74.2008
449.095 92.5079 74.1823
423.31 82.9101 79.8917
441.134 117.769 72.9979
461.812 128.214 57.2517
473.367 101.711 57.2422
451.658 93.628 72.9794
463.757 129.064 55.0811
477.519 136.016 31.7294
489.766 107.942 31.7264
475.313 102.561 55.0715
478.568 136.474 28.9203
483.39 138.91 1.49685
495.881 110.285 1.4969
490.815 108.4 28.9173
483.39 138.91 -1.53405
478.573 136.477 -28.9502
490.821 108.401 -28.9465
495.881 110.285 -1.53399
477.526 136.019 -31.7575
463.774 129.071 -55.0858
475.332 102.566 -55.0745
489.773 107.943 -31.7538
461.829 128.221 -57.2549
441.15 117.773 -72.9977
451.675 93.6311 -72.9776
473.387 101.715 -57.2436
438.587 116.653 -74.2005
414.019 104.244 -79.9132
423.327 82.9129 -79.8907
449.112 92.5108 -74.1803
411.214 103.019 -79.9548
386.452 90.5226 -74.6631
394.541 72.0296 -74.642
420.522 81.6876 -79.9324
383.83 89.3778 -73.5215
362.69 78.7116 -57.9948
369.744 62.6492 -57.9679
391.918 70.8848 -73.5004
360.658 77.8245 -55.8278
346.404 70.6247 -32.3206
352.771 56.2041 -32.2969
367.712 61.7621 -55.8009
345.293 70.1393 -29.4504
340.268 67.6004 -1.54571
346.396 53.758 -1.54463
351.66 55.7187 -29.4266
347.013 52.157 1.57211
352.289 54.1255 29.4402
357.221 39.1138 29.3233
351.802 37.7563 1.57249
353.441 54.4828 32.3023
368.363 60.0338 55.78
373.724 43.3007 55.5985
358.373 39.4712 32.1854
370.473 60.6866 57.944
392.642 68.9195 73.484
398.678 49.6398 73.2902
375.833 43.9535 57.7625
395.369 69.7634 74.6266
421.348 79.4208 79.9216
428.212 57.1738 79.7461
401.405 50.4837 74.4329
424.268 80.3255 79.8822
450.053 89.9234 74.1728
457.77 64.7433 74.0432
431.131 58.0785 79.7067
452.722 90.7513 72.973
474.431 98.8342 57.2358
482.894 71.1899 57.1598
460.44 65.5713 72.8434
476.459 99.463 55.0681
490.912 104.844 31.723
499.884 75.5596 31.6904
484.922 71.8187 54.9922
492.005 105.182 28.9163
497.071 107.067 1.49592
506.223 77.2077 1.4965
500.977 75.8983 28.8837
497.071 107.067 -1.53294
492.011 105.183 -28.9455
500.984 75.8963 -28.9117
506.224 77.2077 -1.53236
490.919 104.844 -31.7503
476.478 99.4671 -55.071
484.942 71.8191 -54.9935
499.892 75.5576 -31.7165
474.45 98.8384 -57.237
452.739 90.7541 -72.971
460.457 65.5727 -72.8398
482.915 71.1904 -57.1595
450.07 89.9262 -74.1707
424.285 80.3283 -79.8811
431.147 58.081 -79.7051
457.787 64.7447 -74.0395
421.365 79.4236 -79.9209
395.384 69.7656 -74.6306
401.42 50.4864 -74.4369
428.228 57.1764 -79.7449
392.657 68.9216 -73.4885
370.482 60.686 -57.956
375.843 43.9553 -57.7728
398.693 49.6424 -73.2948
368.371 60.0328 -55.791
353.43 54.4748 -32.2869
358.364 39.4675 -32.1681
373.732 43.302 -55.6077
352.277 54.1174 -29.4225
347.013 52.1567 -1.54055
351.801 37.756 -1.54018
357.211 39.1101 -29.3037
352.294 36.1075 1.55631
357.713 37.4651 29.3071
361.722 22.1214 28.8463
356.297 21.3955 1.55528
358.882 37.6891 32.1413
374.233 41.5186 55.5544
378.285 24.3946 54.7337
362.892 22.3455 31.6804
376.377 41.9282 57.7005
399.222 47.6145 73.2282
403.374 27.8462 72.193
380.43 24.8041 56.8798
401.998 48.145 74.3642
428.805 54.8351 79.6774
433.104 31.9697 78.601
406.15 28.3767 73.329
431.781 55.4051 79.6426
458.42 62.0699 73.9791
462.916 36.1307 73.0415
436.08 32.5397 78.5661
461.145 62.5923 72.7929
483.599 68.2109 57.1094
488.301 39.6839 56.4274
465.641 36.6531 71.8553
485.671 68.608 54.9606
500.633 72.3489 31.6588
505.487 42.0972 31.3052
490.373 40.081 54.2786
501.751 72.5626 28.8731
506.998 73.872 1.4859
511.912 43.0149 1.48884
506.605 42.3109 28.5195
506.998 73.8718 -1.52149
501.758 72.5603 -28.9008
506.618 42.3061 -28.5449
511.913 43.0147 -1.51855
500.642 72.3465 -31.6848
485.691 68.6079 -54.9618
490.394 40.077 -54.2832
505.501 42.0923 -31.329
483.62 68.2112 -57.109
461.162 62.5934 -72.7893
465.655 36.6531 -71.8506
488.322 39.6802 -56.4304
458.437 62.0712 -73.9753
431.797 55.4075 -79.6409
436.094 32.5416 -78.5648
462.93 36.1308 -73.0366
428.821 54.8376 -79.6763
402.013 48.1476 -74.3682
406.163 28.3794 -73.3337
433.118 31.9717 -78.6001
399.237 47.6172 -73.2327
376.388 41.9301 -57.7106
380.443 24.8088 -56.8846
403.387 27.849 -72.1982
374.242 41.5204 -55.5633
358.874 37.6859 -32.1238
362.891 22.3481 -31.6615
378.297 24.3991 -54.7373
357.703 37.4616 -29.2875
352.293 36.1075 -1.52394
356.296 21.3955 -1.52496
361.721 22.1238 -28.8252
356.781 19.8069 1.49886
362.206 20.5328 28.7898
366.865 6.83896 27.6029
361.704 6.14643 1.49664
363.335 20.6835 31.5281
378.729 22.7326 54.5813
382.672 8.9546 52.4454
367.995 6.98967 30.3411
380.812 23.0093 56.6711
403.756 26.0514 71.9844
406.699 12.1438 69.2722
384.755 9.23131 54.5352
406.471 26.4117 73.1086
433.425 30.0047 78.3807
435.26 15.9339 75.5323
409.414 12.5042 70.3964
436.355 30.3946 78.3709
463.191 33.9856 72.8462
463.988 19.7527 70.2936
438.19 16.3238 75.5226
465.889 34.3454 71.7081
488.549 37.3762 56.2802
488.517 23.0185 54.3787
466.687 20.1125 69.1555
490.61 37.6508 54.1891
505.724 39.667 31.2157
505.16 25.2326 30.2041
490.578 23.2932 52.2876
506.839 39.8152 28.4898
512.147 40.5192 1.45913
511.394 26.0563 1.46098
506.275 25.3808 27.4782
512.147 40.5188 -1.4884
506.853 39.8103 -28.5148
506.28 25.3722 -27.4976
511.394 26.0559 -1.48655
505.739 39.6619 -31.2392
490.631 37.6466 -54.1933
490.593 23.2866 -52.2855
505.166 25.2238 -30.2219
488.57 37.3723 -56.2831
465.903 34.3451 -71.7033
466.698 20.1119 -69.1512
488.532 23.0122 -54.3753
463.204 33.9857 -72.8414
436.368 30.3964 -78.3695
438.2 16.325 -75.5216
463.999 19.7526 -70.2892
433.438 30.0067 -78.3798
406.483 26.4144 -73.1134
409.424 12.5062 -70.4007
435.27 15.9353 -75.5319
403.768 26.0543 -71.9896
380.825 23.0141 -56.676
384.765 9.23853 -54.5424
406.709 12.1461 -69.2769
378.741 22.7375 -54.5849
363.335 20.6865 -31.5091
367.991 6.99659 -30.3257
382.681 8.96193 -52.4514
362.205 20.5355 -28.769
356.78 19.8071 -1.46876
361.704 6.14668 -1.47098
366.861 6.84557 -27.5857
362.279 4.64965 1.42157
367.44 5.34218 27.5278
372.879 -7.99826 26.0091
368.037 -8.6525 1.41566
368.509 5.48588 30.1306
383.187 7.45081 52.2349
387.747 -5.9897 49.4664
373.949 -7.85456 28.6119
385.163 7.71449 54.2254
407.108 10.627 68.9624
410.402 -2.9774 65.3715
389.723 -5.72601 51.457
409.688 10.9693 70.0364
435.534 14.3991 75.1723
437.359 0.591854 71.2986
412.983 -2.63509 66.4455
438.324 14.7688 75.1675
464.122 18.1978 69.9386
464.489 4.18284 66.3646
440.148 0.961647 71.2938
466.695 18.5394 68.8582
488.525 21.4454 54.0814
487.662 7.25883 51.3452
467.062 4.52439 65.2842
490.491 21.707 52.0908
505.073 23.6464 30.0073
503.383 9.34623 28.5316
489.628 7.52038 49.3547
506.138 23.7874 27.4098
511.257 24.4629 1.3925
509.276 10.1207 1.39842
504.447 9.48725 25.9341
511.257 24.4623 -1.41727
506.142 23.7786 -27.4283
504.452 9.47505 -25.9449
509.277 10.1202 -1.41135
505.079 23.6371 -30.0247
490.506 21.6999 -52.0883
489.638 7.51032 -49.3556
503.389 9.33354 -28.5413
488.54 21.439 -54.0779
466.706 18.5387 -68.8538
467.068 4.52352 -65.2826
487.672 7.24944 -51.3453
464.133 18.1976 -69.9343
438.334 14.7701 -75.1667
440.154 0.962132 -71.2933
464.495 4.18242 -66.3631
435.544 14.4004 -75.1718
409.698 10.9713 -70.0407
412.989 -2.63393 -66.4468
437.365 0.592431 -71.2984
407.117 10.6294 -68.9669
385.172 7.72179 -54.2324
389.73 -5.71613 -51.4582
410.408 -2.97585 -65.3731
383.196 7.45864 -52.2411
368.506 5.4933 -30.1155
373.949 -7.84229 -28.6031
387.753 -5.97928 -49.4669
367.436 5.34907 -27.5113
362.279 4.65017 -1.39665
368.037 -8.65198 -1.40256
372.879 -7.98652 -25.999
368.737 -10.0785 1.31423
373.579 -9.42424 25.9077
380.456 -21.8853 23.7603
376.033 -22.5069 1.30852
374.57 -9.28804 28.3252
388.369 -7.42317 49.1797
394.046 -19.99 45.2082
381.447 -21.7491 26.1778
390.204 -7.17546 51.0291
410.883 -4.42685 64.9436
414.764 -17.212 59.7283
395.881 -19.7422 47.0576
413.28 -4.1081 65.9404
437.656 -0.881159 70.7935
439.398 -13.9428 65.1169
417.161 -16.8932 60.725
440.246 -0.538098 70.7877
464.587 2.6831 65.8585
464.173 -10.6679 60.5865
441.989 -13.5997 65.1111
466.976 2.99924 64.854
487.576 5.73368 50.915
485.325 -7.8765 46.8619
466.562 -10.3518 59.5819
489.401 5.97547 49.0669
503.156 7.80133 28.2438
499.664 -5.98527 26.0488
487.15 -7.63471 45.0137
504.143 7.93175 25.8335
508.972 8.56525 1.29787
505.041 -5.27643 1.30369
500.651 -5.85485 23.6385
508.972 8.56489 -1.30947
504.148 7.91979 -25.843
500.651 -5.85537 -23.6384
505.041 -5.27679 -1.30365
503.161 7.78903 -28.2532
489.411 5.96581 -49.0674
487.15 -7.63578 -45.0138
499.664 -5.98612 -26.0486
487.585 5.72443 -50.9154
466.982 2.9985 -64.8527
466.562 -10.3525 -59.5818
485.325 -7.87717 -46.8617
464.593 2.68262 -65.8572
440.252 -0.537663 -70.7873
441.989 -13.6002 -65.1109
464.173 -10.6684 -60.5863
437.661 -0.880683 -70.7932
413.285 -4.10705 -65.9416
417.161 -16.8935 -60.7249
439.398 -13.9432 -65.1167
410.888 -4.42556 -64.9448
390.209 -7.16584 -51.0299
395.881 -19.7421 -47.0576
414.764 -17.212 -59.7282
388.374 -7.41315 -49.1803
374.57 -9.27615 -28.3165
381.447 -21.7485 -26.1776
394.046 -19.9894 -45.2079
373.579 -9.41268 -25.8988
368.737 -10.0781 -1.30239
376.033 -22.5065 -1.3081
380.456 -21.885 -23.7598
31.451 -38.4953 25.6992
36.5477 -39.0653 0.0789386
31.4962 -38.5805 -25.5986
17.0268 -37.0878 -47.395
-4.64951 -34.7981 -61.9472
-30.1891 -32.0598 -67.0273
-55.6691 -29.3012 -61.8963
-77.227 -26.9527 -47.3814
-91.6431 -25.3966 -25.6914
-96.7443 -24.8804 -0.0724674
-91.7049 -25.465 25.6039
-77.2486 -27.0448 47.3996
-55.5803 -29.3662 61.9525
-30.0394 -32.0696 67.0351
-4.54783 -34.7416 61.9063
17.0263 -36.984 47.3909
382.635 -22.3855 1.31945e-05
387.058 -21.764 22.4517
399.656 -20.0048 41.4821
418.539 -17.4746 54.1528
440.776 -14.5241 58.5446
462.96 -11.5923 54.02
481.723 -9.11705 41.3
494.237 -7.4676 22.335
498.627 -6.88918 0.000239176
494.237 -7.46776 -22.3346
481.723 -9.11742 -41.2997
462.96 -11.5927 -54.0199
440.776 -14.5245 -58.5445
418.539 -17.4748 -54.1527
399.656 -20.0049 -41.4821
387.058 -21.764 -22.4517
</DataArray>
</Points>
<Cells>
<DataArray type="Int32" Name="connectivity" format="ascii">
0 1 529 528 1 17 530 529 17 16 531 530 16 0 528 531 1 2 533 532 2 18 534 533 18 17 535 534 17 1 532 535 2 3 537 536 3 19 538 537 19 18 539 538 18 2 536 539 3 4 541 540 4 20 542 541 20 19 543 542 19 3 540 543 4 5 545 544 5 21 546 545 21 20 547 546 20 4 544 547 5 6 549 548 6 22 550 549 22 21 551 550 21 5 548 551 6 7 553 552 7 23 554 553 23 22 555 554 22 6 552 555 7 8 557 556 8 24 558 557 24 23 559 558 23 7 556 559 8 9 561 560 9 25 562 561 25 24 563 562 24 8 560 563 9 10 565 564 10 26 566 565 26 25 567 566 25 9 564 567 10 11 569 568 11 27 570 569 27 26 571 570 26 10 568 571 11 12 573 572 12 28 574 573 28 27 575 574 27 11 572 575 12 13 577 576 13 29 578 577 29 28 579 578 28 12 576 579 13 14 581 580 14 30 582 581 30 29 583 582 29 13 580 583 14 15 585 584 15 31 586 585 31 30 587 586 30 14 584 587 15 0 589 588 0 16 590 589 16 31 591 590 31 15 588 591 16 17 593 592 17 33 594 593 33 32 595 594 32 16 592 595 18 34 597 596 34 33 598 597 33 17 599 598 17 18 596 599 19 35 601 600 35 34 602 601 34 18 603 602 18 19 600 603 20 36 605 604 36 35 606 605 35 19 607 606 19 20 604 607 21 37 609 608 37 36 610 609 36 20 611 610 20 21 608 611 22 38 613 612 38 37 614 613 37 21 615 614 21 22 612 615 23 39 617 616 39 38 618 617 38 22 619 618 22 23 616 619 24 40 621 620 40 39 622 621 39 23 623 622 23 24 620 623 25 41 625 624 41 40 626 625 40 24 627 626 24 25 624 627 26 42 629 628 42 41 630 629 41 25 631 630 25 26 628 631 27 43 633 632 43 42 634 633 42 26 635 634 26 27 632 635 28 44 637 636 44 43 638 637 43 27 639 638 27 28 636 639 29 45 641 640 45 44 642 641 44 28 643 642 28 29 640 643 30 46 645 644 46 45 646 645 45 29 647 646 29 30 644 647 31 47 649 648 47 46 650 649 46 30 651 650 30 31 648 651 31 16 653 652 16 32 654 653 32 47 655 654 47 31 652 655 32 33 657 656 33 49 658 657 49 48 659 658 48 32 656 659 33 34 661 660 34 50 662 661 50 49 663 662 49 33 660 663 34 35 665 664 35 51 666 665 51 50 667 666 50 34 664 667 35 36 669 668 36 52 670 669 52 51 671 670 51 35 668 671 36 37 673 672 37 53 674 673 53 52 675 674 52 36 672 675 37 38 677 676 38 54 678 677 54 53 679 678 53 37 676 679 38 39 681 680 39 55 682 681 55 54 683 682 54 38 680 683 39 40 685 684 40 56 686 685 56 55 687 686 55 39 684 687 40 41 689 688 41 57 690 689 57 56 691 690 56 40 688 691 41 42 693 692 42 58 694 693 58 57 695 694 57 41 692 695 42 43 697 696 43 59 698 697 59 58 699 698 58 42 696 699 43 44 701 700 44 60 702 701 60 59 703 702 59 43 700 703 44 45 705 704 45 61 706 705 61 60 707 706 60 44 704 707 45 46 709 708 46 62 710 709 62 61 711 710 61 45 708 711 46 47 713 712 47 63 714 713 63 62 715 714 62 46 712 715 47 32 717 716 32 48 718 717 48 63 719 718 63 47 716 719 48 49 721 720 49 65 722 721 65 64 723 722 64 48 720 723 49 50 725 724 50 66 726 725 66 65 727 726 65 49 724 727 50 51 729 728 51 67 730 729 67 66 731 730 66 50 728 731 51 52 733 732 52 68 734 733 68 67 735 734 67 51 732 735 52 53 737 736 53 69 738 737 69 68 739 738 68 52 736 739 53 54 741 740 54 70 742 741 70 69 743 742 69 53 740 743 54 55 745 744 55 71 746 745 71 70 747 746 70 54 744 747 55 56 749 748 56 72 750 749 72 71 751 750 71 55 748 751 56 57 753 752 57 73 754 753 73 72 755 754 72 56 752 755 57 58 757 756 58 74 758 757 74 73 759 758 73 57 756 759 58 59 761 760 59 75 762 761 75 74 763 762 74 58 760 763 59 60 765 764 60 76 766 765 76 75 767 766 75 59 764 767 60 61 769 768 61 77 770 769 77 76 771 770 76 60 768 771 61 62 773 772 62 78 774 773 78 77 775 774 77 61 772 775 62 63 777 776 63 79 778 777 79 78 779 778 78 62 776 779 63 48 781 780 48 64 782 781 64 79 783 782 79 63 780 783 64 65 785 784 65 81 786 785 81 80 787 786 80 64 784 787 65 66 789 788 66 82 790 789 82 81 791 790 81 65 788 791 66 67 793 792 67 83 794 793 83 82 795 794 82 66 792 795 67 68 797 796 68 84 798 797 84 83 799 798 83 67 796 799 68 69 801 800 69 85 802 801 85 84 803 802 84 68 800 803 69 70 805 804 70 86 806 805 86 85 807 806 85 69 804 807 70 71 809 808 71 87 810 809 87 86 811 810 86 70 808 811 71 72 813 812 72 88 814 813 88 87 815 814 87 71 812 815 72 73 817 816 73 89 818 817 89 88 819 818 88 72 816 819 73 74 821 820 74 90 822 821 90 89 823 822 89 73 820 823 74 75 825 824 75 91 826 825 91 90 827 826 90 74 824 827 75 76 829 828 76 92 830 829 92 91 831 830 91 75 828 831 76 77 833 832 77 93 834 833 93 92 835 834 92 76 832 835 77 78 837 836 78 94 838 837 94 93 839 838 93 77 836 839 78 79 841 840 79 95 842 841 95 94 843 842 94 78 840 843 79 64 845 844 64 80 846 845 80 95 847 846 95 79 844 847 80 81 849 848 81 97 850 849 97 96 851 850 96 80 848 851 81 82 853 852 82 98 854 853 98 97 855 854 97 81 852 855 82 83 857 856 83 99 858 857 99 98 859 858 98 82 856 859 83 84 861 860 84 100 862 861 100 99 863 862 99 83 860 863 84 85 865 864 85 101 866 865 101 100 867 866 100 84 864 867 85 86 869 868 86 102 870 869 102 101 871 870 101 85 868 871 86 87 873 872 87 103 874 873 103 102 875 874 102 86 872 875 87 88 877 876 88 104 878 877 104 103 879 878 103 87 876 879 88 89 881 880 89 105 882 881 105 104 883 882 104 88 880 883 89 90 885 884 90 106 886 885 106 105 887 886 105 89 884 887 90 91 889 888 91 107 890 889 107 106 891 890 106 90 888 891 91 92 893 892 92 108 894 893 108 107 895 894 107 91 892 895 92 93 897 896 93 109 898 897 109 108 899 898 108 92 896 899 93 94 901 900 94 110 902 901 110 109 903 902 109 93 900 903 94 95 905 904 95 111 906 905 111 110 907 906 110 94 904 907 95 80 909 908 80 96 910 909 96 111 911 910 111 95 908 911 96 97 913 912 97 113 914 913 113 112 915 914 112 96 912 915 97 98 917 916 98 114 918 917 114 113 919 918 113 97 916 919 98 99 921 920 99 115 922 921 115 114 923 922 114 98 920 923 99 100 925 924 100 116 926 925 116 115 927 926 115 99 924 927 100 101 929 928 101 117 930 929 117 116 931 930 116 100 928 931 101 102 933 932 102 118 934 933 118 117 935 934 117 101 932 935 102 103 937 936 103 119 938 937 119 118 939 938 118 102 936 939 103 104 941 940 104 120 942 941 120 119 943 942 119 103 940 943 104 105 945 944 105 121 946 945 121 120 947 946 120 104 944 947 105 106 949 948 106 122 950 949 122 121 951 950 121 105 948 951 106 107 953 952 107 123 954 953 123 122 955 954 122 106 952 955 107 108 957 956 108 124 958 957 124 123 959 958 123 107 956 959 108 109 961 960 109 125 962 961 125 124 963 962 124 108 960 963 109 110 965 964 110 126 966 965 126 125 967 966 125 109 964 967 110 111 969 968 111 127 970 969 127 126 971 970 126 110 968 971 111 96 973 972 96 112 974 973 112 127 975 974 127 111 972 975 112 113 977 976 113 129 978 977 129 128 979 978 128 112 976 979 113 114 981 980 114 130 982 981 130 129 983 982 129 113 980 983 114 115 985 984 115 131 986 985 131 130 987 986 130 114 984 987 115 116 989 988 116 132 990 989 132 131 991 990 131 115 988 991 116 117 993 992 117 133 994 993 133 132 995 994 132 116 992 995 117 118 997 996 118 134 998 997 134 133 999 998 133 117 996 999 118 119 1001 1000 119 135 1002 1001 135 134 1003 1002 134 118 1000 1003 119 120 1005 1004 120 136 1006 1005 136 135 1007 1006 135 119 1004 1007 120 121 1009 1008 121 137 1010 1009 137 136 1011 1010 136 120 1008 1011 121 122 1013 1012 122 138 1014 1013 138 137 1015 1014 137 121 1012 1015 122 123 1017 1016 123 139 1018 1017 139 138 1019 1018 138 122 1016 1019 123 124 1021 1020 124 140 1022 1021 140 139 1023 1022 139 123 1020 1023 124 125 1025 1024 125 141 1026 1025 141 140 1027 1026 140 124 1024 1027 125 126 1029 1028 126 142 1030 1029 142 141 1031 1030 141 125 1028 1031 126 127 1033 1032 127 143 1034 1033 143 142 1035 1034 142 126 1032 1035 127 112 1037 1036 112 128 1038 1037 128 143 1039 1038 143 127 1036 1039 128 129 1041 1040 129 145 1042 1041 145 144 1043 1042 144 128 1040 1043 129 130 1045 1044 130 146 1046 1045 146 145 1047 1046 145 129 1044 1047 130 131 1049 1048 131 147 1050 1049 147 146 1051 1050 146 130 1048 1051 131 132 1053 1052 132 148 1054 1053 148 147 1055 1054 147 131 1052 1055 132 133 1057 1056 133 149 1058 1057 149 148 1059 1058 148 132 1056 1059 133 134 1061 1060 134 150 1062 1061 150 149 1063 1062 149 133 1060 1063 134 135 1065 1064 135 151 1066 1065 151 150 1067 1066 150 134 1064 1067 135 136 1069 1068 136 152 1070 1069 152 151 1071 1070 151 135 1068 1071 136 137 1073 1072 137 153 1074 1073 153 152 1075 1074 152 136 1072 1075 137 138 1077 1076 138 154 1078 1077 154 153 1079 1078 153 137 1076 1079 138 139 1081 1080 139 155 1082 1081 155 154 1083 1082 154 138 1080 1083 139 140 1085 1084 140 156 1086 1085 156 155 1087 1086 155 139 1084 1087 140 141 1089 1088 141 157 1090 1089 157 156 1091 1090 156 140 1088 1091 141 142 1093 1092 142 158 1094 1093 158 157 1095 1094 157 141 1092 1095 142 143 1097 1096 143 159 1098 1097 159 158 1099 1098 158 142 1096 1099 143 128 1101 1100 128 144 1102 1101 144 159 1103 1102 159 143 1100 1103 144 145 1105 1104 145 161 1106 1105 161 160 1107 1106 160 144 1104 1107 145 146 1109 1108 146 162 1110 1109 162 161 1111 1110 161 145 1108 1111 146 147 1113 1112 147 163 1114 1113 163 162 1115 1114 162 146 1112 1115 147 148 1117 1116 148 164 1118 1117 164 163 1119 1118 163 147 1116 1119 148 149 1121 1120 149 165 1122 1121 165 164 1123 1122 164 148 1120 1123 149 150 1125 1124 150 166 1126 1125 166 165 1127 1126 165 149 1124 1127 150 151 1129 1128 151 167 1130 1129 167 166 1131 1130 166 150 1128 1131 151 152 1133 1132 152 168 1134 1133 168 167 1135 1134 167 151 1132 1135 152 153 1137 1136 153 169 1138 1137 169 168 1139 1138 168 152 1136 1139 153 154 1141 1140 154 170 1142 1141 170 169 1143 1142 169 153 1140 1143 154 155 1145 1144 155 171 1146 1145 171 170 1147 1146 170 154 1144 1147 155 156 1149 1148 156 172 1150 1149 172 171 1151 1150 171 155 1148 1151 156 157 1153 1152 157 173 1154 1153 173 172 1155 1154 172 156 1152 1155 157 158 1157 1156 158 174 1158 1157 174 173 1159 1158 173 157 1156 1159 158 159 1161 1160 159 175 1162 1161 175 174 1163 1162 174 158 1160 1163 159 144 1165 1164 144 160 1166 1165 160 175 1167 1166 175 159 1164 1167 160 161 1169 1168 161 177 1170 1169 177 176 1171 1170 176 160 1168 1171 161 162 1173 1172 162 178 1174 1173 178 177 1175 1174 177 161 1172 1175 162 163 1177 1176 163 179 1178 1177 179 178 1179 1178 178 162 1176 1179 163 164 1181 1180 164 180 1182 1181 180 179 1183 1182 179 163 1180 1183 164 165 1185 1184 165 181 1186 1185 181 180 1187 1186 180 164 1184 1187 165 166 1189 1188 166 182 1190 1189 182 181 1191 1190 181 165 1188 1191 166 167 1193 1192 167 183 1194 1193 183 182 1195 1194 182 166 1192 1195 167 168 1197 1196 168 184 1198 1197 184 183 1199 1198 183 167 1196 1199 168 169 1201 1200 169 185 1202 1201 185 184 1203 1202 184 168 1200 1203 169 170 1205 1204 170 186 1206 1205 186 185 1207 1206 185 169 1204 1207 170 171 1209 1208 171 187 1210 1209 187 186 1211 1210 186 170 1208 1211 171 172 1213 1212 172 188 1214 1213 188 187 1215 1214 187 171 1212 1215 172 173 1217 1216 173 189 1218 1217 189 188 1219 1218 188 172 1216 1219 173 174 1221 1220 174 190 1222 1221 190 189 1223 1222 189 173 1220 1223 174 175 1225 1224 175 191 1226 1225 191 190 1227 1226 190 174 1224 1227 175 160 1229 1228 160 176 1230 1229 176 191 1231 1230 191 175 1228 1231 176 177 1233 1232 177 193 1234 1233 193 192 1235 1234 192 176 1232 1235 177 178 1237 1236 178 194 1238 1237 194 193 1239 1238 193 177 1236 1239 178 179 1241 1240 179 195 1242 1241 195 194 1243 1242 194 178 1240 1243 179 180 1245 1244 180 196 1246 1245 196 195 1247 1246 195 179 1244 1247 180 181 1249 1248 181 197 1250 1249 197 196 1251 1250 196 180 1248 1251 181 182 1253 1252 182 198 1254 1253 198 197 1255 1254 197 181 1252 1255 182 183 1257 1256 183 199 1258 1257 199 198 1259 1258 198 182 1256 1259 183 184 1261 1260 184 200 1262 1261 200 199 1263 1262 199 183 1260 1263 184 185 1265 1264 185 201 1266 1265 201 200 1267 1266 200 184 1264 1267 185 186 1269 1268 186 202 1270 1269 202 201 1271 1270 201 185 1268 1271 186 187 1273 1272 187 203 1274 1273 203 202 1275 1274 202 186 1272 1275 187 188 1277 1276 188 204 1278 1277 204 203 1279 1278 203 187 1276 1279 188 189 1281 1280 189 205 1282 1281 205 204 1283 1282 204 188 1280 1283 189 190 1285 1284 190 206 1286 1285 206 205 1287 1286 205 189 1284 1287 190 191 1289 1288 191 207 1290 1289 207 206 1291 1290 206 190 1288 1291 191 176 1293 1292 176 192 1294 1293 192 207 1295 1294 207 191 1292 1295 192 193 1297 1296 193 209 1298 1297 209 208 1299 1298 208 192 1296 1299 193 194 1301 1300 194 210 1302 1301 210 209 1303 1302 209 193 1300 1303 194 195 1305 1304 195 211 1306 1305 211 210 1307 1306 210 194 1304 1307 195 196 1309 1308 196 212 1310 1309 212 211 1311 1310 211 195 1308 1311 196 197 1313 1312 197 213 1314 1313 213 212 1315 1314 212 196 1312 1315 197 198 1317 1316 198 214 1318 1317 214 213 1319 1318 213 197 1316 1319 198 199 1321 1320 199 215 1322 1321 215 214 1323 1322 214 198 1320 1323 199 200 1325 1324 200 216 1326 1325 216 215 1327 1326 215 199 1324 1327 200 201 1329 1328 201 217 1330 1329 217 216 1331 1330 216 200 1328 1331 201 202 1333 1332 202 218 1334 1333 218 217 1335 1334 217 201 1332 1335 202 203 1337 1336 203 219 1338 1337 219 218 1339 1338 218 202 1336 1339 203 204 1341 1340 204 220 1342 1341 220 219 1343 1342 219 203 1340 1343 204 205 1345 1344 205 221 1346 1345 221 220 1347 1346 220 204 1344 1347 205 206 1349 1348 206 222 1350 1349 222 221 1351 1350 221 205 1348 1351 206 207 1353 1352 207 223 1354 1353 223 222 1355 1354 222 206 1352 1355 207 192 1357 1356 192 208 1358 1357 208 223 1359 1358 223 207 1356 1359 208 209 1361 1360 209 225 1362 1361 225 224 1363 1362 224 208 1360 1363 209 210 1365 1364 210 226 1366 1365 226 225 1367 1366 225 209 1364 1367 210 211 1369 1368 211 227 1370 1369 227 226 1371 1370 226 210 1368 1371 211 212 1373 1372 212 228 1374 1373 228 227 1375 1374 227 211 1372 1375 212 213 1377 1376 213 229 1378 1377 229 228 1379 1378 228 212 1376 1379 213 214 1381 1380 214 230 1382 1381 230 229 1383 1382 229 213 1380 1383 214 215 1385 1384 215 231 1386 1385 231 230 1387 1386 230 214 1384 1387 215 216 1389 1388 216 232 1390 1389 232 231 1391 1390 231 215 1388 1391 216 217 1393 1392 217 233 1394 1393 233 232 1395 1394 232 216 1392 1395 217 218 1397 1396 218 234 1398 1397 234 233 1399 1398 233 217 1396 1399 218 219 1401 1400 219 235 1402 1401 235 234 1403 1402 234 218 1400 1403 219 220 1405 1404 220 236 1406 1405 236 235 1407 1406 235 219 1404 1407 220 221 1409 1408 221 237 1410 1409 237 236 1411 1410 236 220 1408 1411 221 222 1413 1412 222 238 1414 1413 238 237 1415 1414 237 221 1412 1415 222 223 1417 1416 223 239 1418 1417 239 238 1419 1418 238 222 1416 1419 223 208 1421 1420 208 224 1422 1421 224 239 1423 1422 239 223 1420 1423 224 225 1425 1424 225 241 1426 1425 241 240 1427 1426 240 224 1424 1427 225 226 1429 1428 226 242 1430 1429 242 241 1431 1430 241 225 1428 1431 226 227 1433 1432 227 243 1434 1433 243 242 1435 1434 242 226 1432 1435 227 228 1437 1436 228 244 1438 1437 244 243 1439 1438 243 227 1436 1439 228 229 1441 1440 229 245 1442 1441 245 244 1443 1442 244 228 1440 1443 229 230 1445 1444 230 246 1446 1445 246 245 1447 1446 245 229 1444 1447 230 231 1449 1448 231 247 1450 1449 247 246 1451 1450 246 230 1448 1451 231 232 1453 1452 232 248 1454 1453 248 247 1455 1454 247 231 1452 1455 232 233 1457 1456 233 249 1458 1457 249 248 1459 1458 248 232 1456 1459 233 234 1461 1460 234 250 1462 1461 250 249 1463 1462 249 233 1460 1463 234 235 1465 1464 235 251 1466 1465 251 250 1467 1466 250 234 1464 1467 235 236 1469 1468 236 252 1470 1469 252 251 1471 1470 251 235 1468 1471 236 237 1473 1472 237 253 1474 1473 253 252 1475 1474 252 236 1472 1475 237 238 1477 1476 238 254 1478 1477 254 253 1479 1478 253 237 1476 1479 238 239 1481 1480 239 255 1482 1481 255 254 1483 1482 254 238 1480 1483 239 224 1485 1484 224 240 1486 1485 240 255 1487 1486 255 239 1484 1487 240 241 1489 1488 241 257 1490 1489 257 256 1491 1490 256 240 1488 1491 241 242 1493 1492 242 258 1494 1493 258 257 1495 1494 257 241 1492 1495 242 243 1497 1496 243 259 1498 1497 259 258 1499 1498 258 242 1496 1499 243 244 1501 1500 244 260 1502 1501 260 259 1503 1502 259 243 1500 1503 244 245 1505 1504 245 261 1506 1505 261 260 1507 1506 260 244 1504 1507 245 246 1509 1508 246 262 1510 1509 262 261 1511 1510 261 245 1508 1511 246 247 1513 1512 247 263 1514 1513 263 262 1515 1514 262 246 1512 1515 247 248 1517 1516 248 264 1518 1517 264 263 1519 1518 263 247 1516 1519 248 249 1521 1520 249 265 1522 1521 265 264 1523 1522 264 248 1520 1523 249 250 1525 1524 250 266 1526 1525 266 265 1527 1526 265 249 1524 1527 250 251 1529 1528 251 267 1530 1529 267 266 1531 1530 266 250 1528 1531 251 252 1533 1532 252 268 1534 1533 268 267 1535 1534 267 251 1532 1535 252 253 1537 1536 253 269 1538 1537 269 268 1539 1538 268 252 1536 1539 253 254 1541 1540 254 270 1542 1541 270 269 1543 1542 269 253 1540 1543 254 255 1545 1544 255 271 1546 1545 271 270 1547 1546 270 254 1544 1547 255 240 1549 1548 240 256 1550 1549 256 271 1551 1550 271 255 1548 1551 256 257 1553 1552 257 273 1554 1553 273 272 1555 1554 272 256 1552 1555 257 258 1557 1556 258 274 1558 1557 274 273 1559 1558 273 257 1556 1559 258 259 1561 1560 259 275 1562 1561 275 274 1563 1562 274 258 1560 1563 259 260 1565 1564 260 276 1566 1565 276 275 1567 1566 275 259 1564 1567 260 261 1569 1568 261 277 1570 1569 277 276 1571 1570 276 260 1568 1571 261 262 1573 1572 262 278 1574 1573 278 277 1575 1574 277 261 1572 1575 262 263 1577 1576 263 279 1578 1577 279 278 1579 1578 278 262 1576 1579 263 264 1581 1580 264 280 1582 1581 280 279 1583 1582 279 263 1580 1583 264 265 1585 1584 265 281 1586 1585 281 280 1587 1586 280 264 1584 1587 265 266 1589 1588 266 282 1590 1589 282 281 1591 1590 281 265 1588 1591 266 267 1593 1592 267 283 1594 1593 283 282 1595 1594 282 266 1592 1595 267 268 1597 1596 268 284 1598 1597 284 283 1599 1598 283 267 1596 1599 268 269 1601 1600 269 285 1602 1601 285 284 1603 1602 284 268 1600 1603 269 270 1605 1604 270 286 1606 1605 286 285 1607 1606 285 269 1604 1607 270 271 1609 1608 271 287 1610 1609 287 286 1611 1610 286 270 1608 1611 271 256 1613 1612 256 272 1614 1613 272 287 1615 1614 287 271 1612 1615 272 273 1617 1616 273 289 1618 1617 289 288 1619 1618 288 272 1616 1619 273 274 1621 1620 274 290 1622 1621 290 289 1623 1622 289 273 1620 1623 274 275 1625 1624 275 291 1626 1625 291 290 1627 1626 290 274 1624 1627 275 276 1629 1628 276 292 1630 1629 292 291 1631 1630 291 275 1628 1631 276 277 1633 1632 277 293 1634 1633 293 292 1635 1634 292 276 1632 1635 277 278 1637 1636 278 294 1638 1637 294 293 1639 1638 293 277 1636 1639 278 279 1641 1640 279 295 1642 1641 295 294 1643 1642 294 278 1640 1643 279 280 1645 1644 280 296 1646 1645 296 295 1647 1646 295 279 1644 1647 280 281 1649 1648 281 297 1650 1649 297 296 1651 1650 296 280 1648 1651 281 282 1653 1652 282 298 1654 1653 298 297 1655 1654 297 281 1652 1655 282 283 1657 1656 283 299 1658 1657 299 298 1659 1658 298 282 1656 1659 283 284 1661 1660 284 300 1662 1661 300 299 1663 1662 299 283 1660 1663 284 285 1665 1664 285 301 1666 1665 301 300 1667 1666 300 284 1664 1667 285 286 1669 1668 286 302 1670 1669 302 301 1671 1670 301 285 1668 1671 286 287 1673 1672 287 303 1674 1673 303 302 1675 1674 302 286 1672 1675 287 272 1677 1676 272 288 1678 1677 288 303 1679 1678 303 287 1676 1679 288 289 1681 1680 289 305 1682 1681 305 304 1683 1682 304 288 1680 1683 289 290 1685 1684 290 306 1686 1685 306 305 1687 1686 305 289 1684 1687 290 291 1689 1688 291 307 1690 1689 307 306 1691 1690 306 290 1688 1691 291 292 1693 1692 292 308 1694 1693 308 307 1695 1694 307 291 1692 1695 292 293 1697 1696 293 309 1698 1697 309 308 1699 1698 308 292 1696 1699 293 294 1701 1700 294 310 1702 1701 310 309 1703 1702 309 293 1700 1703 294 295 1705 1704 295 311 1706 1705 311 310 1707 1706 310 294 1704 1707 295 296 1709 1708 296 312 1710 1709 312 311 1711 1710 311 295 1708 1711 296 297 1713 1712 297 313 1714 1713 313 312 1715 1714 312 296 1712 1715 297 298 1717 1716 298 314 1718 1717 314 313 1719 1718 313 297 1716 1719 298 299 1721 1720 299 315 1722 1721 315 314 1723 1722 314 298 1720 1723 299 300 1725 1724 300 316 1726 1725 316 315 1727 1726 315 299 1724 1727 300 301 1729 1728 301 317 1730 1729 317 316 1731 1730 316 300 1728 1731 301 302 1733 1732 302 318 1734 1733 318 317 1735 1734 317 301 1732 1735 302 303 1737 1736 303 319 1738 1737 319 318 1739 1738 318 302 1736 1739 303 288 1741 1740 288 304 1742 1741 304 319 1743 1742 319 303 1740 1743 304 305 1745 1744 305 321 1746 1745 321 320 1747 1746 320 304 1744 1747 305 306 1749 1748 306 322 1750 1749 322 321 1751 1750 321 305 1748 1751 306 307 1753 1752 307 323 1754 1753 323 322 1755 1754 322 306 1752 1755 307 308 1757 1756 308 324 1758 1757 324 323 1759 1758 323 307 1756 1759 308 309 1761 1760 309 325 1762 1761 325 324 1763 1762 324 308 1760 1763 309 310 1765 1764 310 326 1766 1765 326 325 1767 1766 325 309 1764 1767 310 311 1769 1768 311 327 1770 1769 327 326 1771 1770 326 310 1768 1771 311 312 1773 1772 312 328 1774 1773 328 327 1775 1774 327 311 1772 1775 312 313 1777 1776 313 329 1778 1777 329 328 1779 1778 328 312 1776 1779 313 314 1781 1780 314 330 1782 1781 330 329 1783 1782 329 313 1780 1783 314 315 1785 1784 315 331 1786 1785 331 330 1787 1786 330 314 1784 1787 315 316 1789 1788 316 332 1790 1789 332 331 1791 1790 331 315 1788 1791 316 317 1793 1792 317 333 1794 1793 333 332 1795 1794 332 316 1792 1795 317 318 1797 1796 318 334 1798 1797 334 333 1799 1798 333 317 1796 1799 318 319 1801 1800 319 335 1802 1801 335 334 1803 1802 334 318 1800 1803 319 304 1805 1804 304 320 1806 1805 320 335 1807 1806 335 319 1804 1807 320 321 1809 1808 321 337 1810 1809 337 336 1811 1810 336 320 1808 1811 321 322 1813 1812 322 338 1814 1813 338 337 1815 1814 337 321 1812 1815 322 323 1817 1816 323 339 1818 1817 339 338 1819 1818 338 322 1816 1819 323 324 1821 1820 324 340 1822 1821 340 339 1823 1822 339 323 1820 1823 324 325 1825 1824 325 341 1826 1825 341 340 1827 1826 340 324 1824 1827 325 326 1829 1828 326 342 1830 1829 342 341 1831 1830 341 325 1828 1831 326 327 1833 1832 327 343 1834 1833 343 342 1835 1834 342 326 1832 1835 327 328 1837 1836 328 344 1838 1837 344 343 1839 1838 343 327 1836 1839 328 329 1841 1840 329 345 1842 1841 345 344 1843 1842 344 328 1840 1843 329 330 1845 1844 330 346 1846 1845 346 345 1847 1846 345 329 1844 1847 330 331 1849 1848 331 347 1850 1849 347 346 1851 1850 346 330 1848 1851 331 332 1853 1852 332 348 1854 1853 348 347 1855 1854 347 331 1852 1855 332 333 1857 1856 333 349 1858 1857 349 348 1859 1858 348 332 1856 1859 333 334 1861 1860 334 350 1862 1861 350 349 1863 1862 349 333 1860 1863 334 335 1865 1864 335 351 1866 1865 351 350 1867 1866 350 334 1864 1867 335 320 1869 1868 320 336 1870 1869 336 351 1871 1870 351 335 1868 1871 336 337 1873 1872 337 353 1874 1873 353 352 1875 1874 352 336 1872 1875 337 338 1877 1876 338 354 1878 1877 354 353 1879 1878 353 337 1876 1879 338 339 1881 1880 339 355 1882 1881 355 354 1883 1882 354 338 1880 1883 339 340 1885 1884 340 356 1886 1885 356 355 1887 1886 355 339 1884 1887 340 341 1889 1888 341 357 1890 1889 357 356 1891 1890 356 340 1888 1891 341 342 1893 1892 342 358 1894 1893 358 357 1895 1894 357 341 1892 1895 342 343 1897 1896 343 359 1898 1897 359 358 1899 1898 358 342 1896 1899 343 344 1901 1900 344 360 1902 1901 360 359 1903 1902 359 343 1900 1903 344 345 1905 1904 345 361 1906 1905 361 360 1907 1906 360 344 1904 1907 345 346 1909 1908 346 362 1910 1909 362 361 1911 1910 361 345 1908 1911 346 347 1913 1912 347 363 1914 1913 363 362 1915 1914 362 346 1912 1915 347 348 1917 1916 348 364 1918 1917 364 363 1919 1918 363 347 1916 1919 348 349 1921 1920 349 365 1922 1921 365 364 1923 1922 364 348 1920 1923 349 350 1925 1924 350 366 1926 1925 366 365 1927 1926 365 349 1924 1927 350 351 1929 1928 351 367 1930 1929 367 366 1931 1930 366 350 1928 1931 351 336 1933 1932 336 352 1934 1933 352 367 1935 1934 367 351 1932 1935 352 353 1937 1936 353 369 1938 1937 369 368 1939 1938 368 352 1936 1939 353 354 1941 1940 354 370 1942 1941 370 369 1943 1942 369 353 1940 1943 354 355 1945 1944 355 371 1946 1945 371 370 1947 1946 370 354 1944 1947 355 356 1949 1948 356 372 1950 1949 372 371 1951 1950 371 355 1948 1951 356 357 1953 1952 357 373 1954 1953 373 372 1955 1954 372 356 1952 1955 357 358 1957 1956 358 374 1958 1957 374 373 1959 1958 373 357 1956 1959 358 359 1961 1960 359 375 1962 1961 375 374 1963 1962 374 358 1960 1963 359 360 1965 1964 360 376 1966 1965 376 375 1967 1966 375 359 1964 1967 360 361 1969 1968 361 377 1970 1969 377 376 1971 1970 376 360 1968 1971 361 362 1973 1972 362 378 1974 1973 378 377 1975 1974 377 361 1972 1975 362 363 1977 1976 363 379 1978 1977 379 378 1979 1978 378 362 1976 1979 363 364 1981 1980 364 380 1982 1981 380 379 1983 1982 379 363 1980 1983 364 365 1985 1984 365 381 1986 1985 381 380 1987 1986 380 364 1984 1987 365 366 1989 1988 366 382 1990 1989 382 381 1991 1990 381 365 1988 1991 366 367 1993 1992 367 383 1994 1993 383 382 1995 1994 382 366 1992 1995 367 352 1997 1996 352 368 1998 1997 368 383 1999 1998 383 367 1996 1999 368 369 2001 2000 369 385 2002 2001 385 384 2003 2002 384 368 2000 2003 369 370 2005 2004 370 386 2006 2005 386 385 2007 2006 385 369 2004 2007 370 371 2009 2008 371 387 2010 2009 387 386 2011 2010 386 370 2008 2011 371 372 2013 2012 372 388 2014 2013 388 387 2015 2014 387 371 2012 2015 372 373 2017 2016 373 389 2018 2017 389 388 2019 2018 388 372 2016 2019 373 374 2021 2020 374 390 2022 2021 390 389 2023 2022 389 373 2020 2023 374 375 2025 2024 375 391 2026 2025 391 390 2027 2026 390 374 2024 2027 375 376 2029 2028 376 392 2030 2029 392 391 2031 2030 391 375 2028 2031 376 377 2033 2032 377 393 2034 2033 393 392 2035 2034 392 376 2032 2035 377 378 2037 2036 378 394 2038 2037 394 393 2039 2038 393 377 2036 2039 378 379 2041 2040 379 395 2042 2041 395 394 2043 2042 394 378 2040 2043 379 380 2045 2044 380 396 2046 2045 396 395 2047 2046 395 379 2044 2047 380 381 2049 2048 381 397 2050 2049 397 396 2051 2050 396 380 2048 2051 381 382 2053 2052 382 398 2054 2053 398 397 2055 2054 397 381 2052 2055 382 383 2057 2056 383 399 2058 2057 399 398 2059 2058 398 382 2056 2059 383 368 2061 2060 368 384 2062 2061 384 399 2063 2062 399 383 2060 2063 384 385 2065 2064 385 401 2066 2065 401 400 2067 2066 400 384 2064 2067 385 386 2069 2068 386 402 2070 2069 402 401 2071 2070 401 385 2068 2071 386 387 2073 2072 387 403 2074 2073 403 402 2075 2074 402 386 2072 2075 387 388 2077 2076 388 404 2078 2077 404 403 2079 2078 403 387 2076 2079 388 389 2081 2080 389 405 2082 2081 405 404 2083 2082 404 388 2080 2083 389 390 2085 2084 390 406 2086 2085 406 405 2087 2086 405 389 2084 2087 390 391 2089 2088 391 407 2090 2089 407 406 2091 2090 406 390 2088 2091 391 392 2093 2092 392 408 2094 2093 408 407 2095 2094 407 391 2092 2095 392 393 2097 2096 393 409 2098 2097 409 408 2099 2098 408 392 2096 2099 393 394 2101 2100 394 410 2102 2101 410 409 2103 2102 409 393 2100 2103 394 395 2105 2104 395 411 2106 2105 411 410 2107 2106 410 394 2104 2107 395 396 2109 2108 396 412 2110 2109 412 411 2111 2110 411 395 2108 2111 396 397 2113 2112 397 413 2114 2113 413 412 2115 2114 412 396 2112 2115 397 398 2117 2116 398 414 2118 2117 414 413 2119 2118 413 397 2116 2119 398 399 2121 2120 399 415 2122 2121 415 414 2123 2122 414 398 2120 2123 399 384 2125 2124 384 400 2126 2125 400 415 2127 2126 415 399 2124 2127 400 401 2129 2128 401 417 2130 2129 417 416 2131 2130 416 400 2128 2131 401 402 2133 2132 402 418 2134 2133 418 417 2135 2134 417 401 2132 2135 402 403 2137 2136 403 419 2138 2137 419 418 2139 2138 418 402 2136 2139 403 404 2141 2140 404 420 2142 2141 420 419 2143 2142 419 403 2140 2143 404 405 2145 2144 405 421 2146 2145 421 420 2147 2146 420 404 2144 2147 405 406 2149 2148 406 422 2150 2149 422 421 2151 2150 421 405 2148 2151 406 407 2153 2152 407 423 2154 2153 423 422 2155 2154 422 406 2152 2155 407 408 2157 2156 408 424 2158 2157 424 423 2159 2158 423 407 2156 2159 408 409 2161 2160 409 425 2162 2161 425 424 2163 2162 424 408 2160 2163 409 410 2165 2164 410 426 2166 2165 426 425 2167 2166 425 409 2164 2167 410 411 2169 2168 411 427 2170 2169 427 426 2171 2170 426 410 2168 2171 411 412 2173 2172 412 428 2174 2173 428 427 2175 2174 427 411 2172 2175 412 413 2177 2176 413 429 2178 2177 429 428 2179 2178 428 412 2176 2179 413 414 2181 2180 414 430 2182 2181 430 429 2183 2182 429 413 2180 2183 414 415 2185 2184 415 431 2186 2185 431 430 2187 2186 430 414 2184 2187 415 400 2189 2188 400 416 2190 2189 416 431 2191 2190 431 415 2188 2191 416 417 2193 2192 417 433 2194 2193 433 432 2195 2194 432 416 2192 2195 417 418 2197 2196 418 434 2198 2197 434 433 2199 2198 433 417 2196 2199 418 419 2201 2200 419 435 2202 2201 435 434 2203 2202 434 418 2200 2203 419 420 2205 2204 420 436 2206 2205 436 435 2207 2206 435 419 2204 2207 420 421 2209 2208 421 437 2210 2209 437 436 2211 2210 436 420 2208 2211 421 422 2213 2212 422 438 2214 2213 438 437 2215 2214 437 421 2212 2215 422 423 2217 2216 423 439 2218 2217 439 438 2219 2218 438 422 2216 2219 423 424 2221 2220 424 440 2222 2221 440 439 2223 2222 439 423 2220 2223 424 425 2225 2224 425 441 2226 2225 441 440 2227 2226 440 424 2224 2227 425 426 2229 2228 426 442 2230 2229 442 441 2231 2230 441 425 2228 2231 426 427 2233 2232 427 443 2234 2233 443 442 2235 2234 442 426 2232 2235 427 428 2237 2236 428 444 2238 2237 444 443 2239 2238 443 427 2236 2239 428 429 2241 2240 429 445 2242 2241 445 444 2243 2242 444 428 2240 2243 429 430 2245 2244 430 446 2246 2245 446 445 2247 2246 445 429 2244 2247 430 431 2249 2248 431 447 2250 2249 447 446 2251 2250 446 430 2248 2251 431 416 2253 2252 416 432 2254 2253 432 447 2255 2254 447 431 2252 2255 432 433 2257 2256 433 449 2258 2257 449 448 2259 2258 448 432 2256 2259 433 434 2261 2260 434 450 2262 2261 450 449 2263 2262 449 433 2260 2263 434 435 2265 2264 435 451 2266 2265 451 450 2267 2266 450 434 2264 2267 435 436 2269 2268 436 452 2270 2269 452 451 2271 2270 451 435 2268 2271 436 437 2273 2272 437 453 2274 2273 453 452 2275 2274 452 436 2272 2275 437 438 2277 2276 438 454 2278 2277 454 453 2279 2278 453 437 2276 2279 438 439 2281 2280 439 455 2282 2281 455 454 2283 2282 454 438 2280 2283 439 440 2285 2284 440 456 2286 2285 456 455 2287 2286 455 439 2284 2287 440 441 2289 2288 441 457 2290 2289 457 456 2291 2290 456 440 2288 2291 441 442 2293 2292 442 458 2294 2293 458 457 2295 2294 457 441 2292 2295 442 443 2297 2296 443 459 2298 2297 459 458 2299 2298 458 442 2296 2299 443 444 2301 2300 444 460 2302 2301 460 459 2303 2302 459 443 2300 2303 444 445 2305 2304 445 461 2306 2305 461 460 2307 2306 460 444 2304 2307 445 446 2309 2308 446 462 2310 2309 462 461 2311 2310 461 445 2308 2311 446 447 2313 2312 447 463 2314 2313 463 462 2315 2314 462 446 2312 2315 447 432 2317 2316 432 448 2318 2317 448 463 2319 2318 463 447 2316 2319 448 449 2321 2320 449 465 2322 2321 465 464 2323 2322 464 448 2320 2323 449 450 2325 2324 450 466 2326 2325 466 465 2327 2326 465 449 2324 2327 450 451 2329 2328 451 467 2330 2329 467 466 2331 2330 466 450 2328 2331 451 452 2333 2332 452 468 2334 2333 468 467 2335 2334 467 451 2332 2335 452 453 2337 2336 453 469 2338 2337 469 468 2339 2338 468 452 2336 2339 453 454 2341 2340 454 470 2342 2341 470 469 2343 2342 469 453 2340 2343 454 455 2345 2344 455 471 2346 2345 471 470 2347 2346 470 454 2344 2347 455 456 2349 2348 456 472 2350 2349 472 471 2351 2350 471 455 2348 2351 456 457 2353 2352 457 473 2354 2353 473 472 2355 2354 472 456 2352 2355 457 458 2357 2356 458 474 2358 2357 474 473 2359 2358 473 457 2356 2359 458 459 2361 2360 459 475 2362 2361 475 474 2363 2362 474 458 2360 2363 459 460 2365 2364 460 476 2366 2365 476 475 2367 2366 475 459 2364 2367 460 461 2369 2368 461 477 2370 2369 477 476 2371 2370 476 460 2368 2371 461 462 2373 2372 462 478 2374 2373 478 477 2375 2374 477 461 2372 2375 462 463 2377 2376 463 479 2378 2377 479 478 2379 2378 478 462 2376 2379 463 448 2381 2380 448 464 2382 2381 464 479 2383 2382 479 463 2380 2383 464 465 2385 2384 465 481 2386 2385 481 480 2387 2386 480 464 2384 2387 465 466 2389 2388 466 482 2390 2389 482 481 2391 2390 481 465 2388 2391 466 467 2393 2392 467 483 2394 2393 483 482 2395 2394 482 466 2392 2395 467 468 2397 2396 468 484 2398 2397 484 483 2399 2398 483 467 2396 2399 468 469 2401 2400 469 485 2402 2401 485 484 2403 2402 484 468 2400 2403 469 470 2405 2404 470 486 2406 2405 486 485 2407 2406 485 469 2404 2407 470 471 2409 2408 471 487 2410 2409 487 486 2411 2410 486 470 2408 2411 471 472 2413 2412 472 488 2414 2413 488 487 2415 2414 487 471 2412 2415 472 473 2417 2416 473 489 2418 2417 489 488 2419 2418 488 472 2416 2419 473 474 2421 2420 474 490 2422 2421 490 489 2423 2422 489 473 2420 2423 474 475 2425 2424 475 491 2426 2425 491 490 2427 2426 490 474 2424 2427 475 476 2429 2428 476 492 2430 2429 492 491 2431 2430 491 475 2428 2431 476 477 2433 2432 477 493 2434 2433 493 492 2435 2434 492 476 2432 2435 477 478 2437 2436 478 494 2438 2437 494 493 2439 2438 493 477 2436 2439 478 479 2441 2440 479 495 2442 2441 495 494 2443 2442 494 478 2440 2443 479 464 2445 2444 464 480 2446 2445 480 495 2447 2446 495 479 2444 2447 480 481 2449 2448 481 497 2450 2449 497 496 2451 2450 496 480 2448 2451 481 482 2453 2452 482 498 2454 2453 498 497 2455 2454 497 481 2452 2455 482 483 2457 2456 483 499 2458 2457 499 498 2459 2458 498 482 2456 2459 483 484 2461 2460 484 500 2462 2461 500 499 2463 2462 499 483 2460 2463 484 485 2465 2464 485 501 2466 2465 501 500 2467 2466 500 484 2464 2467 485 486 2469 2468 486 502 2470 2469 502 501 2471 2470 501 485 2468 2471 486 487 2473 2472 487 503 2474 2473 503 502 2475 2474 502 486 2472 2475 487 488 2477 2476 488 504 2478 2477 504 503 2479 2478 503 487 2476 2479 488 489 2481 2480 489 505 2482 2481 505 504 2483 2482 504 488 2480 2483 489 490 2485 2484 490 506 2486 2485 506 505 2487 2486 505 489 2484 2487 490 491 2489 2488 491 507 2490 2489 507 506 2491 2490 506 490 2488 2491 491 492 2493 2492 492 508 2494 2493 508 507 2495 2494 507 491 2492 2495 492 493 2497 2496 493 509 2498 2497 509 508 2499 2498 508 492 2496 2499 493 494 2501 2500 494 510 2502 2501 510 509 2503 2502 509 493 2500 2503 494 495 2505 2504 495 511 2506 2505 511 510 2507 2506 510 494 2504 2507 495 480 2509 2508 480 496 2510 2509 496 511 2511 2510 511 495 2508 2511 496 497 2513 2512 497 513 2514 2513 513 512 2515 2514 512 496 2512 2515 497 498 2517 2516 498 514 2518 2517 514 513 2519 2518 513 497 2516 2519 498 499 2521 2520 499 515 2522 2521 515 514 2523 2522 514 498 2520 2523 499 500 2525 2524 500 516 2526 2525 516 515 2527 2526 515 499 2524 2527 500 501 2529 2528 501 517 2530 2529 517 516 2531 2530 516 500 2528 2531 501 502 2533 2532 502 518 2534 2533 518 517 2535 2534 517 501 2532 2535 502 503 2537 2536 503 519 2538 2537 519 518 2539 2538 518 502 2536 2539 503 504 2541 2540 504 520 2542 2541 520 519 2543 2542 519 503 2540 2543 504 505 2545 2544 505 521 2546 2545 521 520 2547 2546 520 504 2544 2547 505 506 2549 2548 506 522 2550 2549 522 521 2551 2550 521 505 2548 2551 506 507 2553 2552 507 523 2554 2553 523 522 2555 2554 522 506 2552 2555 507 508 2557 2556 508 524 2558 2557 524 523 2559 2558 523 507 2556 2559 508 509 2561 2560 509 525 2562 2561 525 524 2563 2562 524 508 2560 2563 509 510 2565 2564 510 526 2566 2565 526 525 2567 2566 525 509 2564 2567 510 511 2569 2568 511 527 2570 2569 527 526 2571 2570 526 510 2568 2571 511 496 2573 2572 496 512 2574 2573 512 527 2575 2574 527 511 2572 2575 1 0 2577 2576 0 15 2578 2577 15 14 2579 2578 14 13 2580 2579 13 12 2581 2580 12 11 2582 2581 11 10 2583 2582 10 9 2584 2583 9 8 2585 2584 8 7 2586 2585 7 6 2587 2586 6 5 2588 2587 5 4 2589 2588 4 3 2590 2589 3 2 2591 2590 2 1 2576 2591 512 513 2593 2592 513 514 2594 2593 514 515 2595 2594 515 516 2596 2595 516 517 2597 2596 517 518 2598 2597 518 519 2599 2598 519 520 2600 2599 520 521 2601 2600 521 522 2602 2601 522 523 2603 2602 523 524 2604 2603 524 525 2605 2604 525 526 2606 2605 526 527 2607 2606 527 512 2592 2607 
</DataArray>
<DataArray type="Int32" Name="offsets" format="ascii">
4 8 12 16 20 24 28 32 36 40 44 48 52 56 60 64 68 72 76 80 84 88 92 96 100 104 108 112 116 120 124 128 132 136 140 144 148 152 156 160 164 168 172 176 180 184 188 192 196 200 204 208 212 216 220 224 228 232 236 240 244 248 252 256 260 264 268 272 276 280 284 288 292 296 300 304 308 312 316 320 324 328 332 336 340 344 348 352 356 360 364 368 372 376 380 384 388 392 396 400 404 408 412 416 420 424 428 432 436 440 444 448 452 456 460 464 468 472 476 480 484 488 492 496 500 504 508 512 516 520 524 528 532 536 540 544 548 552 556 560 564 568 572 576 580 584 588 592 596 600 604 608 612 616 620 624 628 632 636 640 644 648 652 656 660 664 668 672 676 680 684 688 692 696 700 704 708 712 716 720 724 728 732 736 740 744 748 752 756 760 764 768 772 776 780 784 788 792 796 800 804 808 812 816 820 824 828 832 836 840 844 848 852 856 860 864 868 872 876 880 884 888 892 896 900 904 908 912 916 920 924 928 932 936 940 944 948 952 956 960 964 968 972 976 980 984 988 992 996 1000 1004 1008 1012 1016 1020 1024 1028 1032 1036 1040 1044 1048 1052 1056 1060 1064 1068 1072 1076 1080 1084 1088 1092 1096 1100 1104 1108 1112 1116 1120 1124 1128 1132 1136 1140 1144 1148 1152 1156 1160 1164 1168 1172 1176 1180 1184 1188 1192 1196 1200 1204 1208 1212 1216 1220 1224 1228 1232 1236 1240 1244 1248 1252 1256 1260 1264 1268 1272 1276 1280 1284 1288 1292 1296 1300 1304 1308 1312 1316 1320 1324 1328 1332 1336 1340 1344 1348 1352 1356 1360 1364 1368 1372 1376 1380 1384 1388 1392 1396 1400 1404 1408 1412 1416 1420 1424 1428 1432 1436 1440 1444 1448 1452 1456 1460 1464 1468 1472 1476 1480 1484 1488 1492 1496 1500 1504 1508 1512 1516 1520 1524 1528 1532 1536 1540 1544 1548 1552 1556 1560 1564 1568 1572 1576 1580 1584 1588 1592 1596 1600 1604 1608 1612 1616 1620 1624 1628 1632 1636 1640 1644 1648 1652 1656 1660 1664 1668 1672 1676 1680 1684 1688 1692 1696 1700 1704 1708 1712 1716 1720 1724 1728 1732 1736 1740 1744 1748 1752 1756 1760 1764 1768 1772 1776 1780 1784 1788 1792 1796 1800 1804 1808 1812 1816 1820 1824 1828 1832 1836 1840 1844 1848 1852 1856 1860 1864 1868 1872 1876 1880 1884 1888 1892 1896 1900 1904 1908 1912 1916 1920 1924 1928 1932 1936 1940 1944 1948 1952 1956 1960 1964 1968 1972 1976 1980 1984 1988 1992 1996 2000 2004 2008 2012 2016 2020 2024 2028 2032 2036 2040 2044 2048 2052 2056 2060 2064 2068 2072 2076 2080 2084 2088 2092 2096 2100 2104 2108 2112 2116 2120 2124 2128 2132 2136 2140 2144 2148 2152 2156 2160 2164 2168 2172 2176 2180 2184 2188 2192 2196 2200 2204 2208 2212 2216 2220 2224 2228 2232 2236 2240 2244 2248 2252 2256 2260 2264 2268 2272 2276 2280 2284 2288 2292 2296 2300 2304 2308 2312 2316 2320 2324 2328 2332 2336 2340 2344 2348 2352 2356 2360 2364 2368 2372 2376 2380 2384 2388 2392 2396 2400 2404 2408 2412 2416 2420 2424 2428 2432 2436 2440 2444 2448 2452 2456 2460 2464 2468 2472 2476 2480 2484 2488 2492 2496 2500 2504 2508 2512 2516 2520 2524 2528 2532 2536 2540 2544 2548 2552 2556 2560 2564 2568 2572 2576 2580 2584 2588 2592 2596 2600 2604 2608 2612 2616 2620 2624 2628 2632 2636 2640 2644 2648 2652 2656 2660 2664 2668 2672 2676 2680 2684 2688 2692 2696 2700 2704 2708 2712 2716 2720 2724 2728 2732 2736 2740 2744 2748 2752 2756 2760 2764 2768 2772 2776 2780 2784 2788 2792 2796 2800 2804 2808 2812 2816 2820 2824 2828 2832 2836 2840 2844 2848 2852 2856 2860 2864 2868 2872 2876 2880 2884 2888 2892 2896 2900 2904 2908 2912 2916 2920 2924 2928 2932 2936 2940 2944 2948 2952 2956 2960 2964 2968 2972 2976 2980 2984 2988 2992 2996 3000 3004 3008 3012 3016 3020 3024 3028 3032 3036 3040 3044 3048 3052 3056 3060 3064 3068 3072 3076 3080 3084 3088 3092 3096 3100 3104 3108 3112 3116 3120 3124 3128 3132 3136 3140 3144 3148 3152 3156 3160 3164 3168 3172 3176 3180 3184 3188 3192 3196 3200 3204 3208 3212 3216 3220 3224 3228 3232 3236 3240 3244 3248 3252 3256 3260 3264 3268 3272 3276 3280 3284 3288 3292 3296 3300 3304 3308 3312 3316 3320 3324 3328 3332 3336 3340 3344 3348 3352 3356 3360 3364 3368 3372 3376 3380 3384 3388 3392 3396 3400 3404 3408 3412 3416 3420 3424 3428 3432 3436 3440 3444 3448 3452 3456 3460 3464 3468 3472 3476 3480 3484 3488 3492 3496 3500 3504 3508 3512 3516 3520 3524 3528 3532 3536 3540 3544 3548 3552 3556 3560 3564 3568 3572 3576 3580 3584 3588 3592 3596 3600 3604 3608 3612 3616 3620 3624 3628 3632 3636 3640 3644 3648 3652 3656 3660 3664 3668 3672 3676 3680 3684 3688 3692 3696 3700 3704 3708 3712 3716 3720 3724 3728 3732 3736 3740 3744 3748 3752 3756 3760 3764 3768 3772 3776 3780 3784 3788 3792 3796 3800 3804 3808 3812 3816 3820 3824 3828 3832 3836 3840 3844 3848 3852 3856 3860 3864 3868 3872 3876 3880 3884 3888 3892 3896 3900 3904 3908 3912 3916 3920 3924 3928 3932 3936 3940 3944 3948 3952 3956 3960 3964 3968 3972 3976 3980 3984 3988 3992 3996 4000 4004 4008 4012 4016 4020 4024 4028 4032 4036 4040 4044 4048 4052 4056 4060 4064 4068 4072 4076 4080 4084 4088 4092 4096 4100 4104 4108 4112 4116 4120 4124 4128 4132 4136 4140 4144 4148 4152 4156 4160 4164 4168 4172 4176 4180 4184 4188 4192 4196 4200 4204 4208 4212 4216 4220 4224 4228 4232 4236 4240 4244 4248 4252 4256 4260 4264 4268 4272 4276 4280 4284 4288 4292 4296 4300 4304 4308 4312 4316 4320 4324 4328 4332 4336 4340 4344 4348 4352 4356 4360 4364 4368 4372 4376 4380 4384 4388 4392 4396 4400 4404 4408 4412 4416 4420 4424 4428 4432 4436 4440 4444 4448 4452 4456 4460 4464 4468 4472 4476 4480 4484 4488 4492 4496 4500 4504 4508 4512 4516 4520 4524 4528 4532 4536 4540 4544 4548 4552 4556 4560 4564 4568 4572 4576 4580 4584 4588 4592 4596 4600 4604 4608 4612 4616 4620 4624 4628 4632 4636 4640 4644 4648 4652 4656 4660 4664 4668 4672 4676 4680 4684 4688 4692 4696 4700 4704 4708 4712 4716 4720 4724 4728 4732 4736 4740 4744 4748 4752 4756 4760 4764 4768 4772 4776 4780 4784 4788 4792 4796 4800 4804 4808 4812 4816 4820 4824 4828 4832 4836 4840 4844 4848 4852 4856 4860 4864 4868 4872 4876 4880 4884 4888 4892 4896 4900 4904 4908 4912 4916 4920 4924 4928 4932 4936 4940 4944 4948 4952 4956 4960 4964 4968 4972 4976 4980 4984 4988 4992 4996 5000 5004 5008 5012 5016 5020 5024 5028 5032 5036 5040 5044 5048 5052 5056 5060 5064 5068 5072 5076 5080 5084 5088 5092 5096 5100 5104 5108 5112 5116 5120 5124 5128 5132 5136 5140 5144 5148 5152 5156 5160 5164 5168 5172 5176 5180 5184 5188 5192 5196 5200 5204 5208 5212 5216 5220 5224 5228 5232 5236 5240 5244 5248 5252 5256 5260 5264 5268 5272 5276 5280 5284 5288 5292 5296 5300 5304 5308 5312 5316 5320 5324 5328 5332 5336 5340 5344 5348 5352 5356 5360 5364 5368 5372 5376 5380 5384 5388 5392 5396 5400 5404 5408 5412 5416 5420 5424 5428 5432 5436 5440 5444 5448 5452 5456 5460 5464 5468 5472 5476 5480 5484 5488 5492 5496 5500 5504 5508 5512 5516 5520 5524 5528 5532 5536 5540 5544 5548 5552 5556 5560 5564 5568 5572 5576 5580 5584 5588 5592 5596 5600 5604 5608 5612 5616 5620 5624 5628 5632 5636 5640 5644 5648 5652 5656 5660 5664 5668 5672 5676 5680 5684 5688 5692 5696 5700 5704 5708 5712 5716 5720 5724 5728 5732 5736 5740 5744 5748 5752 5756 5760 5764 5768 5772 5776 5780 5784 5788 5792 5796 5800 5804 5808 5812 5816 5820 5824 5828 5832 5836 5840 5844 5848 5852 5856 5860 5864 5868 5872 5876 5880 5884 5888 5892 5896 5900 5904 5908 5912 5916 5920 5924 5928 5932 5936 5940 5944 5948 5952 5956 5960 5964 5968 5972 5976 5980 5984 5988 5992 5996 6000 6004 6008 6012 6016 6020 6024 6028 6032 6036 6040 6044 6048 6052 6056 6060 6064 6068 6072 6076 6080 6084 6088 6092 6096 6100 6104 6108 6112 6116 6120 6124 6128 6132 6136 6140 6144 6148 6152 6156 6160 6164 6168 6172 6176 6180 6184 6188 6192 6196 6200 6204 6208 6212 6216 6220 6224 6228 6232 6236 6240 6244 6248 6252 6256 6260 6264 6268 6272 6276 6280 6284 6288 6292 6296 6300 6304 6308 6312 6316 6320 6324 6328 6332 6336 6340 6344 6348 6352 6356 6360 6364 6368 6372 6376 6380 6384 6388 6392 6396 6400 6404 6408 6412 6416 6420 6424 6428 6432 6436 6440 6444 6448 6452 6456 6460 6464 6468 6472 6476 6480 6484 6488 6492 6496 6500 6504 6508 6512 6516 6520 6524 6528 6532 6536 6540 6544 6548 6552 6556 6560 6564 6568 6572 6576 6580 6584 6588 6592 6596 6600 6604 6608 6612 6616 6620 6624 6628 6632 6636 6640 6644 6648 6652 6656 6660 6664 6668 6672 6676 6680 6684 6688 6692 6696 6700 6704 6708 6712 6716 6720 6724 6728 6732 6736 6740 6744 6748 6752 6756 6760 6764 6768 6772 6776 6780 6784 6788 6792 6796 6800 6804 6808 6812 6816 6820 6824 6828 6832 6836 6840 6844 6848 6852 6856 6860 6864 6868 6872 6876 6880 6884 6888 6892 6896 6900 6904 6908 6912 6916 6920 6924 6928 6932 6936 6940 6944 6948 6952 6956 6960 6964 6968 6972 6976 6980 6984 6988 6992 6996 7000 7004 7008 7012 7016 7020 7024 7028 7032 7036 7040 7044 7048 7052 7056 7060 7064 7068 7072 7076 7080 7084 7088 7092 7096 7100 7104 7108 7112 7116 7120 7124 7128 7132 7136 7140 7144 7148 7152 7156 7160 7164 7168 7172 7176 7180 7184 7188 7192 7196 7200 7204 7208 7212 7216 7220 7224 7228 7232 7236 7240 7244 7248 7252 7256 7260 7264 7268 7272 7276 7280 7284 7288 7292 7296 7300 7304 7308 7312 7316 7320 7324 7328 7332 7336 7340 7344 7348 7352 7356 7360 7364 7368 7372 7376 7380 7384 7388 7392 7396 7400 7404 7408 7412 7416 7420 7424 7428 7432 7436 7440 7444 7448 7452 7456 7460 7464 7468 7472 7476 7480 7484 7488 7492 7496 7500 7504 7508 7512 7516 7520 7524 7528 7532 7536 7540 7544 7548 7552 7556 7560 7564 7568 7572 7576 7580 7584 7588 7592 7596 7600 7604 7608 7612 7616 7620 7624 7628 7632 7636 7640 7644 7648 7652 7656 7660 7664 7668 7672 7676 7680 7684 7688 7692 7696 7700 7704 7708 7712 7716 7720 7724 7728 7732 7736 7740 7744 7748 7752 7756 7760 7764 7768 7772 7776 7780 7784 7788 7792 7796 7800 7804 7808 7812 7816 7820 7824 7828 7832 7836 7840 7844 7848 7852 7856 7860 7864 7868 7872 7876 7880 7884 7888 7892 7896 7900 7904 7908 7912 7916 7920 7924 7928 7932 7936 7940 7944 7948 7952 7956 7960 7964 7968 7972 7976 7980 7984 7988 7992 7996 8000 8004 8008 8012 8016 8020 8024 8028 8032 8036 8040 8044 8048 8052 8056 8060 8064 8068 8072 8076 8080 8084 8088 8092 8096 8100 8104 8108 8112 8116 8120 8124 8128 8132 8136 8140 8144 8148 8152 8156 8160 8164 8168 8172 8176 8180 8184 8188 8192 8196 8200 8204 8208 8212 8216 8220 8224 8228 8232 8236 8240 8244 8248 8252 8256 8260 8264 8268 8272 8276 8280 8284 8288 8292 8296 8300 8304 8308 8312 8316 8320 
</DataArray>
<DataArray type="UInt8" Name="types" format="ascii">
7 7 7 7 7 7 7 7 7 7 7 7 7 7 7 7 7 7 7 7 7 7 7 7 7 7 7 7 7 7 7 7 7 7 7 7 7 7 7 7 7 7 7 7 7 7 7 7 7 7 7 7 7 7 7 7 7 7 7 7 7 7 7 7 7 7 7 7 7 7 7 7 7 7 7 7 7 7 7 7 7 7 7 7 7 7 7 7 7 7 7 7 7 7 7 7 7 7 7 7 7 7 7 7 7 7 7 7 7 7 7 7 7 7 7 7 7 7 7 7 7 7 7 7 7 7 7 7 7 7 7 7 7 7 7 7 7 7 7 7 7 7 7 7 7 7 7 7 7 7 7 7 7 7 7 7 7 7 7 7 7 7 7 7 7 7 7 7 7 7 7 7 7 7 7 7 7 7 7 7 7 7 7 7 7 7 7 7 7 7 7 7 7 7 7 7 7 7 7 7 7 7 7 7 7 7 7 7 7 7 7 7 7 7 7 7 7 7 7 7 7 7 7 7 7 7 7 7 7 7 7 7 7 7 7 7 7 7 7 7 7 7 7 7 7 7 7 7 7 7 7 7 7 7 7 7 7 7 7 7 7 7 7 7 7 7 7 7 7 7 7 7 7 7 7 7 7 7 7 7 7 7 7 7 7 7 7 7 7 7 7 7 7 7 7 7 7 7 7 7 7 7 7 7 7 7 7 7 7 7 7 7 7 7 7 7 7 7 7 7 7 7 7 7 7 7 7 7 7 7 7 7 7 7 7 7 7 7 7 7 7 7 7 7 7 7 7 7 7 7 7 7 7 7 7 7 7 7 7 7 7 7 7 7 7 7 7 7 7 7 7 7 7 7 7 7 7 7 7 7 7 7 7 7 7 7 7 7 7 7 7 7 7 7 7 7 7 7 7 7 7 7 7 7 7 7 7 7 7 7 7 7 7 7 7 7 7 7 7 7 7 7 7 7 7 7 7 7 7 7 7 7 7 7 7 7 7 7 7 7 7 7 7 7 7 7 7 7 7 7 7 7 7 7 7 7 7 7 7 7 7 7 7 7 7 7 7 7 7 7 7 7 7 7 7 7 7 7 7 7 7 7 7 7 7 7 7 7 7 7 7 7 7 7 7 7 7 7 7 7 7 7 7 7 7 7 7 7 7 7 7 7 7 7 7 7 7 7 7 7 7 7 7 7 7 7 7 7 7 7 7 7 7 7 7 7 7 7 7 7 7 7 7 7 7 7 7 7 7 7 7 7 7 7 7 7 7 7 7 7 7 7 7 7 7 7 7 7 7 7 7 7 7 7 7 7 7 7 7 7 7 7 7 7 7 7 7 7 7 7 7 7 7 7 7 7 7 7 7 7 7 7 7 7 7 7 7 7 7 7 7 7 7 7 7 7 7 7 7 7 7 7 7 7 7 7 7 7 7 7 7 7 7 7 7 7 7 7 7 7 7 7 7 7 7 7 7 7 7 7 7 7 7 7 7 7 7 7 7 7 7 7 7 7 7 7 7 7 7 7 7 7 7 7 7 7 7 7 7 7 7 7 7 7 7 7 7 7 7 7 7 7 7 7 7 7 7 7 7 7 7 7 7 7 7 7 7 7 7 7 7 7 7 7 7 7 7 7 7 7 7 7 7 7 7 7 7 7 7 7 7 7 7 7 7 7 7 7 7 7 7 7 7 7 7 7 7 7 7 7 7 7 7 7 7 7 7 7 7 7 7 7 7 7 7 7 7 7 7 7 7 7 7 7 7 7 7 7 7 7 7 7 7 7 7 7 7 7 7 7 7 7 7 7 7 7 7 7 7 7 7 7 7 7 7 7 7 7 7 7 7 7 7 7 7 7 7 7 7 7 7 7 7 7 7 7 7 7 7 7 7 7 7 7 7 7 7 7 7 7 7 7 7 7 7 7 7 7 7 7 7 7 7 7 7 7 7 7 7 7 7 7 7 7 7 7 7 7 7 7 7 7 7 7 7 7 7 7 7 7 7 7 7 7 7 7 7 7 7 7 7 7 7 7 7 7 7 7 7 7 7 7 7 7 7 7 7 7 7 7 7 7 7 7 7 7 7 7 7 7 7 7 7 7 7 7 7 7 7 7 7 7 7 7 7 7 7 7 7 7 7 7 7 7 7 7 7 7 7 7 7 7 7 7 7 7 7 7 7 7 7 7 7 7 7 7 7 7 7 7 7 7 7 7 7 7 7 7 7 7 7 7 7 7 7 7 7 7 7 7 7 7 7 7 7 7 7 7 7 7 7 7 7 7 7 7 7 7 7 7 7 7 7 7 7 7 7 7 7 7 7 7 7 7 7 7 7 7 7 7 7 7 7 7 7 7 7 7 7 7 7 7 7 7 7 7 7 7 7 7 7 7 7 7 7 7 7 7 7 7 7 7 7 7 7 7 7 7 7 7 7 7 7 7 7 7 7 7 7 7 7 7 7 7 7 7 7 7 7 7 7 7 7 7 7 7 7 7 7 7 7 7 7 7 7 7 7 7 7 7 7 7 7 7 7 7 7 7 7 7 7 7 7 7 7 7 7 7 7 7 7 7 7 7 7 7 7 7 7 7 7 7 7 7 7 7 7 7 7 7 7 7 7 7 7 7 7 7 7 7 7 7 7 7 7 7 7 7 7 7 7 7 7 7 7 7 7 7 7 7 7 7 7 7 7 7 7 7 7 7 7 7 7 7 7 7 7 7 7 7 7 7 7 7 7 7 7 7 7 7 7 7 7 7 7 7 7 7 7 7 7 7 7 7 7 7 7 7 7 7 7 7 7 7 7 7 7 7 7 7 7 7 7 7 7 7 7 7 7 7 7 7 7 7 7 7 7 7 7 7 7 7 7 7 7 7 7 7 7 7 7 7 7 7 7 7 7 7 7 7 7 7 7 7 7 7 7 7 7 7 7 7 7 7 7 7 7 7 7 7 7 7 7 7 7 7 7 7 7 7 7 7 7 7 7 7 7 7 7 7 7 7 7 7 7 7 7 7 7 7 7 7 7 7 7 7 7 7 7 7 7 7 7 7 7 7 7 7 7 7 7 7 7 7 7 7 7 7 7 7 7 7 7 7 7 7 7 7 7 7 7 7 7 7 7 7 7 7 7 7 7 7 7 7 7 7 7 7 7 7 7 7 7 7 7 7 7 7 7 7 7 7 7 7 7 7 7 7 7 7 7 7 7 7 7 7 7 7 7 7 7 7 7 7 7 7 7 7 7 7 7 7 7 7 7 7 7 7 7 7 7 7 7 7 7 7 7 7 7 7 7 7 7 7 7 7 7 7 7 7 7 7 7 7 7 7 7 7 7 7 7 7 7 7 7 7 7 7 7 7 7 7 7 7 7 7 7 7 7 7 7 7 7 7 7 7 7 7 7 7 7 7 7 7 7 7 7 7 7 7 7 7 7 7 7 7 7 7 7 7 7 7 7 7 7 7 7 7 7 7 7 7 7 7 7 7 7 7 7 7 7 7 7 7 7 7 7 7 7 7 7 7 7 7 7 7 7 7 7 7 7 7 7 7 7 7 7 7 7 7 7 7 7 7 7 7 7 7 7 7 7 7 7 7 7 7 7 7 7 7 7 7 7 7 7 7 7 7 7 7 7 7 7 7 7 7 7 7 7 7 7 7 7 7 7 7 7 7 7 7 7 7 7 7 7 7 7 7 7 7 7 7 7 7 7 7 7 7 7 7 7 7 7 7 7 7 7 7 7 7 7 7 7 7 7 7 7 7 7 7 7 7 7 7 7 7 7 7 7 7 7 7 7 7 7 7 7 7 7 7 7 7 7 7 7 7 7 7 7 7 7 7 7 7 7 7 7 7 7 7 7 7 7 7 7 7 7 7 7 7 7 7 7 7 7 7 7 7 7 7 7 7 7 7 7 7 7 7 7 7 7 7 7 7 7 7 7 7 7 7 7 7 7 7 7 7 7 7 7 7 7 7 7 7 7 7 7 7 7 7 7 7 7 7 7 7 7 7 7 7 7 7 7 7 7 7 7 7 7 7 7 7 7 7 7 7 7 7 7 7 7 7 7 7 7 7 7 7 7 7 7 7 7 7 7 7 7 7 7 7 7 7 7 7 7 7 7 7 7 7 7 7 7 7 7 7 7 7 7 7 7 7 7 7 7 7 7 7 7 7 7 7 7 7 7 7 7 7 7 7 7 7 7 7 7 7 7 7 7 7 7 7 7 7 7 7 7 7 7 7 7 7 7 7 7 7 7 7 7 7 7 7 7 7 7 7 7 7 7 7 7 7 7 7 7 7 7 7 7 7 7 7 7 7 7 7 7 7 7 7 7 7 7 7 7 7 7 7 7 7 7 7 7 7 7 7 7 7 7 7 7 7 7 7 7 7 7 7 7 7 7 7 7 7 7 7 7 7 7 7 7 7 7 7 7 7 7 7 7 7 7 7 7 7 7 7 7 7 7 7 7 7 7 7 7 7 7 7 7 7 7 7 7 7 7 7 7 7 7 7 7 7 7 7 7 7 7 7 7 7 7 7 7 7 7 7 7 7 7 7 7 7 7 7 7 7 7 7 7 7 7 7 7 7 7 7 7 7 7 7 7 7 7 7 7 7 7 7 7 7 7 7 7 7 7 7 7 7 7 7 7 7 7 7 7 7 7 7 7 7 7 7 7 7 7 7 7 7 7 7 7 7 7 7 7 7 7 7 7 7 
</DataArray>
</Cells>
<CellData Scalars="wall variable 0">
<DataArray type="Float64" Name="wall length" format="ascii">
29.5757 18.4149 29.5757 18.4146 29.5757 18.4149 29.5757 18.4149 29.5757 18.4149 29.5757 18.4149 29.5757 18.4153 29.5757 18.4149 29.5757 18.4155 29.5757 18.4153 29.5757 18.4155 29.5757 18.4155 29.5757 18.4155 29.5757 18.4155 29.5757 18.4156 29.5757 18.4155 29.5757 18.4159 29.5757 18.4156 29.5757 18.4159 29.5757 18.4159 29.5757 18.4156 29.5757 18.4159 29.5757 18.4152 29.5757 18.4156 29.5757 18.4147 29.5757 18.4152 29.5757 18.4145 29.5757 18.4147 29.5757 18.4145 29.5757 18.4145 29.5757 18.4146 29.5757 18.4145 29.5757 18.4166 29.5757 18.4171 18.4177 29.5757 18.4166 29.5757 18.4191 29.5757 18.4177 29.5757 18.4195 29.5757 18.4191 29.5757 18.4198 29.5757 18.4195 29.5757 18.4193 29.5757 18.4198 29.5757 18.418 29.5757 18.4193 29.5757 18.4167 29.5757 18.418 29.5757 18.4163 29.5757 18.4167 29.5757 18.4178 29.5757 18.4163 29.5757 18.4194 29.5757 18.4178 29.5757 18.4195 29.5757 18.4194 29.5757 18.4194 29.5757 18.4195 29.5757 18.4193 29.5757 18.4194 29.5757 18.4184 29.5757 18.4193 29.5757 29.5757 18.4171 29.5757 18.4184 29.5757 18.4182 29.5757 18.4185 29.5757 18.4191 29.5757 18.4182 29.5757 18.4198 29.5757 18.4191 29.5757 18.4205 29.5757 18.4198 29.5757 18.4212 29.5757 18.4205 29.5757 18.4206 29.5757 18.4212 29.5757 18.4191 29.5757 18.4206 29.5757 18.4178 29.5757 18.4191 29.5757 18.4176 29.5757 18.4178 29.5757 18.4191 29.5757 18.4176 29.5757 18.4206 29.5757 18.4191 29.5757 18.4204 29.5757 18.4206 29.5757 18.4203 29.5757 18.4204 29.5757 18.4207 29.5757 18.4203 29.5757 18.4199 29.5757 18.4207 29.5757 18.4185 29.5757 18.4199 29.5757 17.1284 29.5757 16.4592 29.5757 19.0363 29.5757 17.1284 29.5757 21.8899 29.5757 19.0363 29.5757 25.2405 29.5757 21.8899 29.5757 28.5765 29.5757 25.2405 29.5757 31.3999 29.5757 28.5765 29.5757 33.2857 29.5757 31.3999 29.5757 33.9478 29.5757 33.2857 29.5757 33.2855 29.5757 33.9478 29.5757 31.3994 29.5757 33.2855 29.5757 28.576 29.5757 31.3994 29.5757 25.2405 29.5757 28.576 29.5757 21.8902 29.5757 25.2405 29.5757 19.0369 29.5757 21.8902 29.5757 17.1289 29.5757 19.0369 29.5757 16.4592 29.5757 17.1289 29.5757 17.118 29.5757 16.45 29.5757 19.024 29.5757 17.118 29.5757 21.8818 29.5757 19.024 29.5757 25.2389 29.5757 21.8818 29.5757 28.5768 29.5757 25.2389 29.5757 31.4002 29.5757 28.5768 29.5757 33.286 29.5757 31.4002 29.5757 33.948 29.5757 33.286 29.5757 33.2858 29.5757 33.948 29.5757 31.3998 29.5757 33.2858 29.5757 28.5764 29.5757 31.3998 29.5757 25.2388 29.5757 28.5764 29.5757 21.8821 29.5757 25.2388 29.5757 19.0244 29.5757 21.8821 29.5757 17.1182 29.5757 19.0244 29.5757 16.45 29.5757 17.1182 29.5757 17.115 29.5757 16.4476 29.5757 19.0192 29.5757 17.115 29.5757 21.8776 29.5757 19.0192 29.5757 25.2378 29.5757 21.8776 29.5757 28.5768 29.5757 25.2378 29.5757 31.4003 29.5757 28.5768 29.5757 33.286 29.5757 31.4003 29.5757 33.948 29.5757 33.286 29.5757 33.2859 29.5757 33.948 29.5757 31.4 29.5757 33.2859 29.5757 28.5764 29.5757 31.4 29.5757 25.2377 29.5757 28.5764 29.5757 21.8778 29.5757 25.2377 29.5757 19.0194 29.5757 21.8778 29.5757 17.1151 29.5757 19.0194 29.5757 16.4476 29.5757 17.1151 29.5757 17.1135 29.5757 16.4465 29.5757 19.0165 29.5757 17.1135 29.5757 21.8747 29.5757 19.0165 29.5757 25.2369 29.5757 21.8747 29.5757 28.5767 29.5757 25.2369 29.5757 31.4003 29.5757 28.5767 29.5757 33.286 29.5757 31.4003 29.5757 33.948 29.5757 33.286 29.5757 33.2859 29.5757 33.948 29.5757 31.4 29.5757 33.2859 29.5757 28.5764 29.5757 31.4 29.5757 25.2368 29.5757 28.5764 29.5757 21.8748 29.5757 25.2368 29.5757 19.0166 29.5757 21.8748 29.5757 17.1136 29.5757 19.0166 29.5757 16.4465 29.5757 17.1136 29.5757 17.1127 29.5757 16.446 29.5757 19.0148 29.5757 17.1127 29.5757 21.8726 29.5757 19.0148 29.5757 25.2362 29.5757 21.8726 29.5757 28.5766 29.5757 25.2362 29.5757 31.4002 29.5757 28.5766 29.5757 33.286 29.5757 31.4002 29.5757 33.948 29.5757 33.286 29.5757 33.2859 29.5757 33.948 29.5757 31.4001 29.5757 33.2859 29.5757 28.5764 29.5757 31.4001 29.5757 25.2361 29.5757 28.5764 29.5757 21.8727 29.5757 25.2361 29.5757 19.0149 29.5757 21.8727 29.5757 17.1128 29.5757 19.0149 29.5757 16.446 29.5757 17.1128 29.5757 17.1123 29.5757 16.4456 29.5757 19.0136 29.5757 17.1123 29.5757 21.8708 29.5757 19.0136 29.5757 25.2354 29.5757 21.8708 29.5757 28.5765 29.5757 25.2354 29.5757 31.4002 29.5757 28.5765 29.5757 33.2859 29.5757 31.4002 29.5757 33.9481 29.5757 33.2859 29.5757 33.2859 29.5757 33.9481 29.5757 31.4001 29.5757 33.2859 29.5757 28.5763 29.5757 31.4001 29.5757 25.2353 29.5757 28.5763 29.5757 21.8709 29.5757 25.2353 29.5757 19.0136 29.5757 21.8709 29.5757 17.1123 29.5757 19.0136 29.5757 16.4456 29.5757 17.1123 29.5757 17.1119 29.5757 16.4454 29.5757 19.0126 29.5757 17.1119 29.5757 21.8685 29.5757 19.0126 29.5757 25.2331 29.5757 21.8685 29.5757 28.575 29.5757 25.2331 29.5757 31.3998 29.5757 28.575 29.5757 33.286 29.5757 31.3998 29.5757 33.9481 29.5757 33.286 29.5757 33.2859 29.5757 33.9481 29.5757 31.3997 29.5757 33.2859 29.5757 28.5748 29.5757 31.3997 29.5757 25.233 29.5757 28.5748 29.5757 21.8685 29.5757 25.233 29.5757 19.0126 29.5757 21.8685 29.5757 17.1119 29.5757 19.0126 29.5757 16.4454 29.5757 17.1119 29.5757 17.1117 29.5757 16.4453 29.5757 19.012 29.5757 17.1117 29.5757 21.8675 29.5757 19.012 29.5757 25.2327 29.5757 21.8675 29.5757 28.5749 29.5757 25.2327 29.5757 31.3998 29.5757 28.5749 29.5757 33.2859 29.5757 31.3998 29.5757 33.9481 29.5757 33.2859 29.5757 33.2859 29.5757 33.9481 29.5757 31.3997 29.5757 33.2859 29.5757 28.5748 29.5757 31.3997 29.5757 25.2326 29.5757 28.5748 29.5757 21.8675 29.5757 25.2326 29.5757 19.012 29.5757 21.8675 29.5757 17.1117 29.5757 19.012 29.5757 16.4453 29.5757 17.1117 29.5757 17.1115 29.5757 16.4452 29.5757 19.0115 29.5757 17.1115 29.5757 21.8668 29.5757 19.0115 29.5757 25.2324 29.5757 21.8668 29.5757 28.575 29.5757 25.2324 29.5757 31.3998 29.5757 28.575 29.5757 33.2859 29.5757 31.3998 29.5757 33.9481 29.5757 33.2859 29.5757 33.2859 29.5757 33.9481 29.5757 31.3997 29.5757 33.2859 29.5757 28.5749 29.5757 31.3997 29.5757 25.2324 29.5757 28.5749 29.5757 21.8668 29.5757 25.2324 29.5757 19.0115 29.5757 21.8668 29.5757 17.1115 29.5757 19.0115 29.5757 16.4452 29.5757 17.1115 29.5757 17.1114 29.5757 16.4451 29.5757 19.0112 29.5757 17.1114 29.5757 21.8662 29.5757 19.0112 29.5757 25.2323 29.5757 21.8662 29.5757 28.575 29.5757 25.2323 29.5757 31.3998 29.5757 28.575 29.5757 33.2859 29.5757 31.3998 29.5757 33.9481 29.5757 33.2859 29.5757 33.2859 29.5757 33.9481 29.5757 31.3997 29.5757 33.2859 29.5757 28.5749 29.5757 31.3997 29.5757 25.2323 29.5757 28.5749 29.5757 21.8662 29.5757 25.2323 29.5757 19.0112 29.5757 21.8662 29.5757 17.1114 29.5757 19.0112 29.5757 16.4451 29.5757 17.1114 29.5757 17.1113 29.5757 16.445 29.5757 19.011 29.5757 17.1113 29.5757 21.8659 29.5757 19.011 29.5757 25.2321 29.5757 21.8659 29.5757 28.5749 29.5757 25.2321 29.5757 31.3998 29.5757 28.5749 29.5757 33.2859 29.5757 31.3998 29.5757 33.9481 29.5757 33.2859 29.5757 33.2859 29.5757 33.9481 29.5757 31.3997 29.5757 33.2859 29.5757 28.5749 29.5757 31.3997 29.5757 25.2321 29.5757 28.5749 29.5757 21.8659 29.5757 25.2321 29.5757 19.011 29.5757 21.8659 29.5757 17.1113 29.5757 19.011 29.5757 16.445 29.5757 17.1113 29.5757 17.1113 29.5757 16.445 29.5757 19.0108 29.5757 17.1113 29.5757 21.8656 29.5757 19.0108 29.5757 25.232 29.5757 21.8656 29.5757 28.5749 29.5757 25.232 29.5757 31.3997 29.5757 28.5749 29.5757 33.2859 29.5757 31.3997 29.5757 33.9481 29.5757 33.2859 29.5757 33.2859 29.5757 33.9481 29.5757 31.3997 29.5757 33.2859 29.5757 28.5749 29.5757 31.3997 29.5757 25.232 29.5757 28.5749 29.5757 21.8656 29.5757 25.232 29.5757 19.0108 29.5757 21.8656 29.5757 17.1113 29.5757 19.0108 29.5757 16.445 29.5757 17.1113 29.5757 17.1113 29.5757 16.445 29.5757 19.0108 29.5757 17.1113 29.5757 21.8655 29.5757 19.0108 29.5757 25.232 29.5757 21.8655 29.5757 28.5749 29.5757 25.232 29.5757 31.3997 29.5757 28.5749 29.5757 33.2859 29.5757 31.3997 29.5757 33.9481 29.5757 33.2859 29.5757 33.2859 29.5757 33.9481 29.5757 31.3997 29.5757 33.2859 29.5757 28.5749 29.5757 31.3997 29.5757 25.232 29.5757 28.5749 29.5757 21.8655 29.5757 25.232 29.5757 19.0108 29.5757 21.8655 29.5757 17.1113 29.5757 19.0108 29.5757 16.445 29.5757 17.1113 29.5757 17.1113 29.5757 16.445 29.5757 19.0108 29.5757 17.1113 29.5757 21.8655 29.5757 19.0108 29.5757 25.232 29.5757 21.8655 29.5757 28.5749 29.5757 25.232 29.5757 31.3998 29.5757 28.5749 29.5757 33.2859 29.5757 31.3998 29.5757 33.9481 29.5757 33.2859 29.5757 33.2859 29.5757 33.9481 29.5757 31.3998 29.5757 33.2859 29.5757 28.5749 29.5757 31.3998 29.5757 25.232 29.5757 28.5749 29.5757 21.8655 29.5757 25.232 29.5757 19.0108 29.5757 21.8655 29.5757 17.1113 29.5757 19.0108 29.5757 16.445 29.5757 17.1113 29.5757 17.1113 29.5757 16.445 29.5757 19.0109 29.5757 17.1113 29.5757 21.8657 29.5757 19.0109 29.5757 25.2323 29.5757 21.8657 29.5757 28.5751 29.5757 25.2323 29.5757 31.3998 29.5757 28.5751 29.5757 33.286 29.5757 31.3998 29.5757 33.9481 29.5757 33.286 29.5757 33.286 29.5757 33.9481 29.5757 31.3998 29.5757 33.286 29.5757 28.5751 29.5757 31.3998 29.5757 25.2323 29.5757 28.5751 29.5757 21.8657 29.5757 25.2323 29.5757 19.0109 29.5757 21.8657 29.5757 17.1113 29.5757 19.0109 29.5757 16.445 29.5757 17.1113 29.5757 17.1113 29.5757 16.445 29.5757 19.011 29.5757 17.1113 29.5757 21.8662 29.5757 19.011 29.5757 25.2327 29.5757 21.8662 29.5757 28.5754 29.5757 25.2327 29.5757 31.3999 29.5757 28.5754 29.5757 33.286 29.5757 31.3999 29.5757 33.9481 29.5757 33.286 29.5757 33.286 29.5757 33.9481 29.5757 31.4 29.5757 33.286 29.5757 28.5754 29.5757 31.4 29.5757 25.2327 29.5757 28.5754 29.5757 21.8662 29.5757 25.2327 29.5757 19.011 29.5757 21.8662 29.5757 17.1113 29.5757 19.011 29.5757 16.445 29.5757 17.1113 29.5757 17.1114 29.5757 16.4451 29.5757 19.0113 29.5757 17.1114 29.5757 21.8667 29.5757 19.0113 29.5757 25.2331 29.5757 21.8667 29.5757 28.5756 29.5757 25.2331 29.5757 31.4 29.5757 28.5756 29.5757 33.286 29.5757 31.4 29.5757 33.9482 29.5757 33.286 29.5757 33.286 29.5757 33.9482 29.5757 31.4001 29.5757 33.286 29.5757 28.5756 29.5757 31.4001 29.5757 25.2331 29.5757 28.5756 29.5757 21.8667 29.5757 25.2331 29.5757 19.0113 29.5757 21.8667 29.5757 17.1114 29.5757 19.0113 29.5757 16.4451 29.5757 17.1114 29.5757 17.1115 29.5757 16.4451 29.5757 19.0116 29.5757 17.1115 29.5757 21.8674 29.5757 19.0116 29.5757 25.2336 29.5757 21.8674 29.5757 28.5758 29.5757 25.2336 29.5757 31.4001 29.5757 28.5758 29.5757 33.2861 29.5757 31.4001 29.5757 33.9482 29.5757 33.2861 29.5757 33.2861 29.5757 33.9482 29.5757 31.4002 29.5757 33.2861 29.5757 28.5758 29.5757 31.4002 29.5757 25.2336 29.5757 28.5758 29.5757 21.8674 29.5757 25.2336 29.5757 19.0116 29.5757 21.8674 29.5757 17.1115 29.5757 19.0116 29.5757 16.4451 29.5757 17.1115 29.5757 17.1117 29.5757 16.4452 29.5757 19.0121 29.5757 17.1117 29.5757 21.8682 29.5757 19.0121 29.5757 25.234 29.5757 21.8682 29.5757 28.576 29.5757 25.234 29.5757 31.4002 29.5757 28.576 29.5757 33.2861 29.5757 31.4002 29.5757 33.9482 29.5757 33.2861 29.5757 33.2861 29.5757 33.9482 29.5757 31.4003 29.5757 33.2861 29.5757 28.576 29.5757 31.4003 29.5757 25.2341 29.5757 28.576 29.5757 21.8682 29.5757 25.2341 29.5757 19.0121 29.5757 21.8682 29.5757 17.1117 29.5757 19.0121 29.5757 16.4452 29.5757 17.1117 29.5757 17.1119 29.5757 16.4454 29.5757 19.0127 29.5757 17.1119 29.5757 21.8693 29.5757 19.0127 29.5757 25.2345 29.5757 21.8693 29.5757 28.5761 29.5757 25.2345 29.5757 31.4003 29.5757 28.5761 29.5757 33.2861 29.5757 31.4003 29.5757 33.9482 29.5757 33.2861 29.5757 33.2862 29.5757 33.9482 29.5757 31.4003 29.5757 33.2862 29.5757 28.5762 29.5757 31.4003 29.5757 25.2345 29.5757 28.5762 29.5757 21.8693 29.5757 25.2345 29.5757 19.0127 29.5757 21.8693 29.5757 17.1119 29.5757 19.0127 29.5757 16.4454 29.5757 17.1119 29.5757 17.1123 29.5757 16.4456 29.5757 19.0135 29.5757 17.1123 29.5757 21.8706 29.5757 19.0135 29.5757 25.235 29.5757 21.8706 29.5757 28.5763 29.5757 25.235 29.5757 31.4003 29.5757 28.5763 29.5757 33.2862 29.5757 31.4003 29.5757 33.9483 29.5757 33.2862 29.5757 33.2862 29.5757 33.9483 29.5757 31.4004 29.5757 33.2862 29.5757 28.5764 29.5757 31.4004 29.5757 25.2351 29.5757 28.5764 29.5757 21.8705 29.5757 25.2351 29.5757 19.0135 29.5757 21.8705 29.5757 17.1122 29.5757 19.0135 29.5757 16.4456 29.5757 17.1122 29.5757 17.1128 29.5757 16.446 29.5757 19.0147 29.5757 17.1128 29.5757 21.8721 29.5757 19.0147 29.5757 25.2356 29.5757 21.8721 29.5757 28.5764 29.5757 25.2356 29.5757 31.4004 29.5757 28.5764 29.5757 33.2862 29.5757 31.4004 29.5757 33.9483 29.5757 33.2862 29.5757 33.2862 29.5757 33.9483 29.5757 31.4005 29.5757 33.2862 29.5757 28.5765 29.5757 31.4005 29.5757 25.2357 29.5757 28.5765 29.5757 21.8721 29.5757 25.2357 29.5757 19.0147 29.5757 21.8721 29.5757 17.1127 29.5757 19.0147 29.5757 16.446 29.5757 17.1127 29.5757 17.1136 29.5757 16.4465 29.5757 19.0164 29.5757 17.1136 29.5757 21.8742 29.5757 19.0164 29.5757 25.2363 29.5757 21.8742 29.5757 28.5765 29.5757 25.2363 29.5757 31.4004 29.5757 28.5765 29.5757 33.2862 29.5757 31.4004 29.5757 33.9483 29.5757 33.2862 29.5757 33.2863 29.5757 33.9483 29.5757 31.4005 29.5757 33.2863 29.5757 28.5766 29.5757 31.4005 29.5757 25.2363 29.5757 28.5766 29.5757 21.8741 29.5757 25.2363 29.5757 19.0164 29.5757 21.8741 29.5757 17.1135 29.5757 19.0164 29.5757 16.4465 29.5757 17.1135 29.5757 17.1151 29.5757 16.4477 29.5757 19.0191 29.5757 17.1151 29.5757 21.8769 29.5757 19.0191 29.5757 25.237 29.5757 21.8769 29.5757 28.5765 29.5757 25.237 29.5757 31.4004 29.5757 28.5765 29.5757 33.2862 29.5757 31.4004 29.5757 33.9483 29.5757 33.2862 29.5757 33.2863 29.5757 33.9483 29.5757 31.4005 29.5757 33.2863 29.5757 28.5767 29.5757 31.4005 29.5757 25.2371 29.5757 28.5767 29.5757 21.8769 29.5757 25.2371 29.5757 19.0191 29.5757 21.8769 29.5757 17.115 29.5757 19.0191 29.5757 16.4477 29.5757 17.115 29.5757 17.1184 29.5757 16.4503 29.5757 19.0241 29.5757 17.1184 29.5757 21.8812 29.5757 19.0241 29.5757 25.2382 29.5757 21.8812 29.5757 28.5766 29.5757 25.2382 29.5757 31.4004 29.5757 28.5766 29.5757 33.2863 29.5757 31.4004 29.5757 33.9484 29.5757 33.2863 29.5757 33.2864 29.5757 33.9484 29.5757 31.4006 29.5757 33.2864 29.5757 28.5767 29.5757 31.4006 29.5757 25.2382 29.5757 28.5767 29.5757 21.8811 29.5757 25.2382 29.5757 19.024 29.5757 21.8811 29.5757 17.1183 29.5757 19.024 29.5757 16.4503 29.5757 17.1183 29.5757 17.1295 29.5757 16.4602 29.5757 19.0368 29.5757 17.1295 29.5757 21.8899 29.5757 19.0368 29.5757 25.2414 29.5757 21.8899 29.5757 28.5782 29.5757 25.2414 29.5757 31.4016 29.5757 28.5782 29.5757 33.2871 29.5757 31.4016 29.5757 33.949 29.5757 33.2871 29.5757 33.2872 29.5757 33.949 29.5757 31.4018 29.5757 33.2872 29.5757 28.5782 29.5757 31.4018 29.5757 25.2414 29.5757 28.5782 29.5757 21.8899 29.5757 25.2414 29.5757 19.0366 29.5757 21.8899 29.5757 17.1293 29.5757 19.0366 29.5757 16.4602 29.5757 17.1293 29.5757 15.5086 28.1955 15.5093 29.5757 15.5056 28.1955 15.5086 29.5757 15.504 28.1955 15.5056 29.5757 15.5046 28.1955 15.504 29.5757 15.5059 28.1955 15.5046 29.5757 15.5057 28.1955 15.5059 29.5757 15.5051 28.1955 15.5057 29.5757 15.5054 28.1955 15.5051 29.5757 15.5059 28.1955 15.5054 29.5757 15.5063 28.1955 15.5059 29.5757 15.5058 28.1955 15.5063 29.5757 15.5046 28.1955 15.5058 29.5757 15.5041 28.1955 15.5046 29.5757 15.5051 28.1955 15.5041 29.5757 15.5078 28.1955 15.5051 29.5757 15.5093 28.1955 15.5078 28.1955 15.5047 26.8153 15.5061 28.1955 15.5005 26.8153 15.5047 28.1955 15.4999 26.8153 15.5005 28.1955 15.5013 26.8153 15.4999 28.1955 15.5033 26.8153 15.5013 28.1955 15.504 26.8153 15.5033 28.1955 15.504 26.8153 15.504 28.1955 15.5045 26.8153 15.504 28.1955 15.5047 26.8153 15.5045 28.1955 15.5044 26.8153 15.5047 28.1955 15.5031 26.8153 15.5044 28.1955 15.5013 26.8153 15.5031 28.1955 15.5001 26.8153 15.5013 28.1955 15.5002 26.8153 15.5001 28.1955 15.5041 26.8153 15.5002 28.1955 15.5061 26.8153 15.5041 26.8153 15.4969 25.4351 15.5002 26.8153 15.4883 25.4351 15.4969 26.8153 15.4884 25.4351 15.4883 26.8153 15.4901 25.4351 15.4884 26.8153 15.4925 25.4351 15.4901 26.8153 15.4959 25.4351 15.4925 26.8153 15.498 25.4351 15.4959 26.8153 15.4977 25.4351 15.498 26.8153 15.4964 25.4351 15.4977 26.8153 15.4946 25.4351 15.4964 26.8153 15.4925 25.4351 15.4946 26.8153 15.4901 25.4351 15.4925 26.8153 15.4884 25.4351 15.4901 26.8153 15.4895 25.4351 15.4884 26.8153 15.4985 25.4351 15.4895 26.8153 15.5002 25.4351 15.4985 29.5757 29.5757 29.5757 29.5757 29.5757 29.5757 29.5757 29.5757 29.5757 29.5757 29.5757 29.5757 29.5757 29.5757 29.5757 29.5757 25.4351 25.4351 25.4351 25.4351 25.4351 25.4351 25.4351 25.4351 25.4351 25.4351 25.4351 25.4351 25.4351 25.4351 25.4351 25.4351 
</DataArray>
<DataArray type="Float64" Name="wall variable 0" format="ascii">
0 1 0 1 0 1 0 1 0 1 0 1 0 1 0 1 0 1 0 1 0 1 0 1 0 1 0 1 0 1 0 1 0 1 0 1 0 1 0 1 0 1 0 1 0 1 0 1 0 1 0 1 0 1 0 1 0 1 0 1 0 1 0 1 0 1 0 1 1 0 1 0 1 0 1 0 1 0 1 0 1 0 1 0 1 0 1 0 1 0 1 0 1 0 1 0 1 0 1 0 1 0 1 0 1 0 1 0 1 0 1 0 1 0 1 0 1 0 1 0 1 0 1 0 0 1 0 1 0 1 0 1 0 1 0 1 0 1 0 1 0 1 0 1 0 1 0 1 0 1 0 1 0 1 0 1 0 1 0 1 0 1 0 1 0 1 0 1 0 1 0 1 0 1 0 1 0 1 0 1 0 1 0 1 0 1 0 1 0 1 0 1 0 1 0 1 0 1 0 1 0 1 0 1 0 1 0 1 0 1 0 1 0 1 0 1 0 1 0 1 0 1 0 1 0 1 0 1 0 1 0 1 0 1 0 1 0 1 0 1 0 1 0 1 0 1 0 1 0 1 0 1 0 1 0 1 0 1 0 1 0 1 0 1 0 1 0 1 0 1 0 1 0 1 0 1 0 1 0 1 0 1 0 1 0 1 0 1 0 1 0 1 0 1 0 1 0 1 0 1 0 1 0 1 0 1 0 1 0 1 0 1 0 1 0 1 0 1 0 1 0 1 0 1 0 1 0 1 0 1 0 1 0 1 0 1 0 1 0 1 0 1 0 1 0 1 0 1 0 1 0 1 0 1 0 1 0 1 0 1 0 1 0 1 0 1 0 1 0 1 0 1 0 1 0 1 0 1 0 1 0 1 0 1 0 1 0 1 0 1 0 1 0 1 0 1 0 1 0 1 0 1 0 1 0 1 0 1 0 1 0 1 0 1 0 1 0 1 0 1 0 1 0 1 0 1 0 1 0 1 0 1 0 1 0 1 0 1 0 1 0 1 0 1 0 1 0 1 0 1 0 1 0 1 0 1 0 1 0 1 0 1 0 1 0 1 0 1 0 1 0 1 0 1 0 1 0 1 0 1 0 1 0 1 0 1 0 1 0 1 0 1 0 1 0 1 0 1 0 1 0 1 0 1 0 1 0 1 0 1 0 1 0 1 0 1 0 1 0 1 0 1 0 1 0 1 0 1 0 1 0 1 0 1 0 1 0 1 0 1 0 1 0 1 0 1 0 1 0 1 0 1 0 1 0 1 0 1 0 1 0 1 0 1 0 1 0 1 0 1 0 1 0 1 0 1 0 1 0 1 0 1 0 1 0 1 0 1 0 1 0 1 0 1 0 1 0 1 0 1 0 1 0 1 0 1 0 1 0 1 0 1 0 1 0 1 0 1 0 1 0 1 0 1 0 1 0 1 0 1 0 1 0 1 0 1 0 1 0 1 0 1 0 1 0 1 0 1 0 1 0 1 0 1 0 1 0 1 0 1 0 1 0 1 0 1 0 1 0 1 0 1 0 1 0 1 0 1 0 1 0 1 0 1 0 1 0 1 0 1 0 1 0 1 0 1 0 1 0 1 0 1 0 1 0 1 0 1 0 1 0 1 0 1 0 1 0 1 0 1 0 1 0 1 0 1 0 1 0 1 0 1 0 1 0 1 0 1 0 1 0 1 0 1 0 1 0 1 0 1 0 1 0 1 0 1 0 1 0 1 0 1 0 1 0 1 0 1 0 1 0 1 0 1 0 1 0 1 0 1 0 1 0 1 0 1 0 1 0 1 0 1 0 1 0 1 0 1 0 1 0 1 0 1 0 1 0 1 0 1 0 1 0 1 0 1 0 1 0 1 0 1 0 1 0 1 0 1 0 1 0 1 0 1 0 1 0 1 0 1 0 1 0 1 0 1 0 1 0 1 0 1 0 1 0 1 0 1 0 1 0 1 0 1 0 1 0 1 0 1 0 1 0 1 0 1 0 1 0 1 0 1 0 1 0 1 0 1 0 1 0 1 0 1 0 1 0 1 0 1 0 1 0 1 0 1 0 1 0 1 0 1 0 1 0 1 0 1 0 1 0 1 0 1 0 1 0 1 0 1 0 1 0 1 0 1 0 1 0 1 0 1 0 1 0 1 0 1 0 1 0 1 0 1 0 1 0 1 0 1 0 1 0 1 0 1 0 1 0 1 0 1 0 1 0 1 0 1 0 1 0 1 0 1 0 1 0 1 0 1 0 1 0 1 0 1 0 1 0 1 0 1 0 1 0 1 0 1 0 1 0 1 0 1 0 1 0 1 0 1 0 1 0 1 0 1 0 1 0 1 0 1 0 1 0 1 0 1 0 1 0 1 0 1 0 1 0 1 0 1 0 1 0 1 0 1 0 1 0 1 0 1 0 1 0 1 0 1 0 1 0 1 0 1 0 1 0 1 0 1 0 1 0 1 0 1 0 1 0 1 0 1 0 1 0 1 0 1 0 1 0 1 0 1 0 1 0 1 0 1 0 1 0 1 0 1 0 1 0 1 0 1 0 1 0 1 0 1 0 1 0 1 0 1 0 1 0 1 0 1 0 1 0 1 0 1 0 1 0 1 0 1 0 1 0 1 0 1 0 1 0 1 0 1 0 1 0 1 0 1 0 1 0 1 0 1 0 1 0 1 0 1 0 1 0 1 0 1 0 1 0 1 0 1 0 1 0 1 0 1 0 1 0 1 0 1 0 1 0 1 0 1 0 1 0 1 0 1 0 1 0 1 0 1 0 1 0 1 0 1 0 1 0 1 0 1 0 1 0 1 0 1 0 1 0 1 0 1 0 1 0 1 0 1 0 1 0 1 0 1 0 1 0 1 0 1 0 1 0 1 0 1 0 1 0 1 0 1 0 1 0 1 0 1 0 1 0 1 0 1 0 1 0 1 0 1 0 1 0 1 0 1 0 1 0 1 0 1 0 1 0 1 0 1 0 1 0 1 0 1 0 1 0 1 0 1 0 1 0 1 0 1 0 1 0 1 0 1 0 1 0 1 0 1 0 1 0 1 0 1 0 1 0 1 0 1 0 1 0 1 0 1 0 1 0 1 0 1 0 1 0 1 0 1 0 1 0 1 0 1 0 1 0 1 0 1 0 1 0 1 0 1 0 1 0 1 0 1 0 1 0 1 0 1 0 1 0 1 0 1 0 1 0 1 0 1 0 1 0 1 0 1 0 1 0 1 0 1 0 1 0 1 0 1 0 1 0 1 0 1 0 1 0 1 0 1 0 1 0 1 0 1 0 1 0 1 0 1 0 1 0 1 0 1 0 1 0 1 0 1 0 1 0 1 0 1 0 1 0 1 0 1 0 1 0 1 0 1 0 1 0 1 0 1 0 1 0 1 0 1 0 1 0 1 0 1 0 1 0 1 0 1 0 1 0 1 0 1 0 1 0 1 0 1 0 1 0 1 0 1 0 1 0 1 0 1 0 1 0 1 0 1 0 1 0 1 0 1 0 1 0 1 0 1 0 1 0 1 0 1 0 1 0 1 0 1 0 1 0 1 0 1 0 1 0 1 0 1 0 1 0 1 0 1 0 1 0 1 0 1 0 1 0 1 0 1 0 1 0 1 0 1 0 1 0 1 0 1 0 1 0 1 0 1 0 1 0 1 0 1 0 1 0 1 0 1 0 1 0 1 0 1 0 1 0 1 0 1 0 1 0 1 0 1 0 1 0 1 0 1 0 1 0 1 0 1 0 1 0 1 0 1 0 1 0 1 0 1 0 1 0 1 0 1 0 1 0 1 0 1 0 1 0 1 0 1 0 1 0 1 0 1 0 1 0 1 0 1 0 1 0 1 0 1 0 1 0 1 0 1 0 1 0 1 0 1 0 1 0 1 0 1 0 1 0 1 0 1 0 1 0 1 0 1 0 1 0 1 0 1 0 1 0 1 0 1 0 1 0 1 0 1 0 1 0 1 0 1 0 1 0 1 0 1 0 1 0 1 0 1 0 1 0 1 0 1 0 1 0 1 0 1 0 1 0 1 0 1 0 1 0 1 0 1 0 1 0 1 0 1 0 1 0 1 0 1 0 1 0 1 0 1 0 1 0 1 0 1 0 1 0 1 0 1 0 1 0 1 0 1 0 1 0 1 0 1 0 1 0 1 0 1 0 1 0 1 0 1 0 1 0 1 0 1 0 1 0 1 0 1 0 1 0 1 0 1 0 1 0 1 0 1 0 1 0 1 0 1 0 1 0 1 0 1 0 1 0 1 0 1 0 1 0 1 0 1 0 1 0 1 0 1 0 1 0 1 0 1 0 1 0 1 0 1 0 1 0 1 0 1 0 1 0 1 0 1 0 1 0 1 0 1 0 1 0 1 0 1 0 1 0 1 0 1 0 1 0 1 0 1 0 1 0 1 0 1 0 1 0 1 0 1 0 1 0 1 0 1 0 1 0 1 0 1 0 1 0 1 0 1 0 1 0 1 0 1 0 1 0 1 0 1 0 1 0 1 0 1 0 1 0 1 0 1 0 1 0 1 0 1 0 1 0 1 0 1 0 1 0 1 0 1 0 1 0 1 0 1 0 1 0 1 0 1 0 1 0 1 0 1 0 1 0 1 0 1 0 1 0 0 0 0 0 0 0 0 0 0 0 0 0 0 0 0 0 0 0 0 0 0 0 0 0 0 0 0 0 0 0 0 
</DataArray>
<DataArray type="Float64" Name="wall variable 1" format="ascii">
0 1 0 1 0 1 0 1 0 1 0 1 0 1 0 1 0 1 0 1 0 1 0 1 0 1 0 1 0 1 0 1 0 1 0 1 0 1 0 1 0 1 0 1 0 1 0 1 0 1 0 1 0 1 0 1 0 1 0 1 0 1 0 1 0 1 0 1 1 0 1 0 1 0 1 0 1 0 1 0 1 0 1 0 1 0 1 0 1 0 1 0 1 0 1 0 1 0 1 0 1 0 1 0 1 0 1 0 1 0 1 0 1 0 1 0 1 0 1 0 1 0 1 0 0 1 0 1 0 1 0 1 0 1 0 1 0 1 0 1 0 1 0 1 0 1 0 1 0 1 0 1 0 1 0 1 0 1 0 1 0 1 0 1 0 1 0 1 0 1 0 1 0 1 0 1 0 1 0 1 0 1 0 1 0 1 0 1 0 1 0 1 0 1 0 1 0 1 0 1 0 1 0 1 0 1 0 1 0 1 0 1 0 1 0 1 0 1 0 1 0 1 0 1 0 1 0 1 0 1 0 1 0 1 0 1 0 1 0 1 0 1 0 1 0 1 0 1 0 1 0 1 0 1 0 1 0 1 0 1 0 1 0 1 0 1 0 1 0 1 0 1 0 1 0 1 0 1 0 1 0 1 0 1 0 1 0 1 0 1 0 1 0 1 0 1 0 1 0 1 0 1 0 1 0 1 0 1 0 1 0 1 0 1 0 1 0 1 0 1 0 1 0 1 0 1 0 1 0 1 0 1 0 1 0 1 0 1 0 1 0 1 0 1 0 1 0 1 0 1 0 1 0 1 0 1 0 1 0 1 0 1 0 1 0 1 0 1 0 1 0 1 0 1 0 1 0 1 0 1 0 1 0 1 0 1 0 1 0 1 0 1 0 1 0 1 0 1 0 1 0 1 0 1 0 1 0 1 0 1 0 1 0 1 0 1 0 1 0 1 0 1 0 1 0 1 0 1 0 1 0 1 0 1 0 1 0 1 0 1 0 1 0 1 0 1 0 1 0 1 0 1 0 1 0 1 0 1 0 1 0 1 0 1 0 1 0 1 0 1 0 1 0 1 0 1 0 1 0 1 0 1 0 1 0 1 0 1 0 1 0 1 0 1 0 1 0 1 0 1 0 1 0 1 0 1 0 1 0 1 0 1 0 1 0 1 0 1 0 1 0 1 0 1 0 1 0 1 0 1 0 1 0 1 0 1 0 1 0 1 0 1 0 1 0 1 0 1 0 1 0 1 0 1 0 1 0 1 0 1 0 1 0 1 0 1 0 1 0 1 0 1 0 1 0 1 0 1 0 1 0 1 0 1 0 1 0 1 0 1 0 1 0 1 0 1 0 1 0 1 0 1 0 1 0 1 0 1 0 1 0 1 0 1 0 1 0 1 0 1 0 1 0 1 0 1 0 1 0 1 0 1 0 1 0 1 0 1 0 1 0 1 0 1 0 1 0 1 0 1 0 1 0 1 0 1 0 1 0 1 0 1 0 1 0 1 0 1 0 1 0 1 0 1 0 1 0 1 0 1 0 1 0 1 0 1 0 1 0 1 0 1 0 1 0 1 0 1 0 1 0 1 0 1 0 1 0 1 0 1 0 1 0 1 0 1 0 1 0 1 0 1 0 1 0 1 0 1 0 1 0 1 0 1 0 1 0 1 0 1 0 1 0 1 0 1 0 1 0 1 0 1 0 1 0 1 0 1 0 1 0 1 0 1 0 1 0 1 0 1 0 1 0 1 0 1 0 1 0 1 0 1 0 1 0 1 0 1 0 1 0 1 0 1 0 1 0 1 0 1 0 1 0 1 0 1 0 1 0 1 0 1 0 1 0 1 0 1 0 1 0 1 0 1 0 1 0 1 0 1 0 1 0 1 0 1 0 1 0 1 0 1 0 1 0 1 0 1 0 1 0 1 0 1 0 1 0 1 0 1 0 1 0 1 0 1 0 1 0 1 0 1 0 1 0 1 0 1 0 1 0 1 0 1 0 1 0 1 0 1 0 1 0 1 0 1 0 1 0 1 0 1 0 1 0 1 0 1 0 1 0 1 0 1 0 1 0 1 0 1 0 1 0 1 0 1 0 1 0 1 0 1 0 1 0 1 0 1 0 1 0 1 0 1 0 1 0 1 0 1 0 1 0 1 0 1 0 1 0 1 0 1 0 1 0 1 0 1 0 1 0 1 0 1 0 1 0 1 0 1 0 1 0 1 0 1 0 1 0 1 0 1 0 1 0 1 0 1 0 1 0 1 0 1 0 1 0 1 0 1 0 1 0 1 0 1 0 1 0 1 0 1 0 1 0 1 0 1 0 1 0 1 0 1 0 1 0 1 0 1 0 1 0 1 0 1 0 1 0 1 0 1 0 1 0 1 0 1 0 1 0 1 0 1 0 1 0 1 0 1 0 1 0 1 0 1 0 1 0 1 0 1 0 1 0 1 0 1 0 1 0 1 0 1 0 1 0 1 0 1 0 1 0 1 0 1 0 1 0 1 0 1 0 1 0 1 0 1 0 1 0 1 0 1 0 1 0 1 0 1 0 1 0 1 0 1 0 1 0 1 0 1 0 1 0 1 0 1 0 1 0 1 0 1 0 1 0 1 0 1 0 1 0 1 0 1 0 1 0 1 0 1 0 1 0 1 0 1 0 1 0 1 0 1 0 1 0 1 0 1 0 1 0 1 0 1 0 1 0 1 0 1 0 1 0 1 0 1 0 1 0 1 0 1 0 1 0 1 0 1 0 1 0 1 0 1 0 1 0 1 0 1 0 1 0 1 0 1 0 1 0 1 0 1 0 1 0 1 0 1 0 1 0 1 0 1 0 1 0 1 0 1 0 1 0 1 0 1 0 1 0 1 0 1 0 1 0 1 0 1 0 1 0 1 0 1 0 1 0 1 0 1 0 1 0 1 0 1 0 1 0 1 0 1 0 1 0 1 0 1 0 1 0 1 0 1 0 1 0 1 0 1 0 1 0 1 0 1 0 1 0 1 0 1 0 1 0 1 0 1 0 1 0 1 0 1 0 1 0 1 0 1 0 1 0 1 0 1 0 1 0 1 0 1 0 1 0 1 0 1 0 1 0 1 0 1 0 1 0 1 0 1 0 1 0 1 0 1 0 1 0 1 0 1 0 1 0 1 0 1 0 1 0 1 0 1 0 1 0 1 0 1 0 1 0 1 0 1 0 1 0 1 0 1 0 1 0 1 0 1 0 1 0 1 0 1 0 1 0 1 0 1 0 1 0 1 0 1 0 1 0 1 0 1 0 1 0 1 0 1 0 1 0 1 0 1 0 1 0 1 0 1 0 1 0 1 0 1 0 1 0 1 0 1 0 1 0 1 0 1 0 1 0 1 0 1 0 1 0 1 0 1 0 1 0 1 0 1 0 1 0 1 0 1 0 1 0 1 0 1 0 1 0 1 0 1 0 1 0 1 0 1 0 1 0 1 0 1 0 1 0 1 0 1 0 1 0 1 0 1 0 1 0 1 0 1 0 1 0 1 0 1 0 1 0 1 0 1 0 1 0 1 0 1 0 1 0 1 0 1 0 1 0 1 0 1 0 1 0 1 0 1 0 1 0 1 0 1 0 1 0 1 0 1 0 1 0 1 0 1 0 1 0 1 0 1 0 1 0 1 0 1 0 1 0 1 0 1 0 1 0 1 0 1 0 1 0 1 0 1 0 1 0 1 0 1 0 1 0 1 0 1 0 1 0 1 0 1 0 1 0 1 0 1 0 1 0 1 0 1 0 1 0 1 0 1 0 1 0 1 0 1 0 1 0 1 0 1 0 1 0 1 0 1 0 1 0 1 0 1 0 1 0 1 0 1 0 1 0 1 0 1 0 1 0 1 0 1 0 1 0 1 0 1 0 1 0 1 0 1 0 1 0 1 0 1 0 1 0 1 0 1 0 1 0 1 0 1 0 1 0 1 0 1 0 1 0 1 0 1 0 1 0 1 0 1 0 1 0 1 0 1 0 1 0 1 0 1 0 1 0 1 0 1 0 1 0 1 0 1 0 1 0 1 0 1 0 1 0 1 0 1 0 1 0 1 0 1 0 1 0 1 0 1 0 1 0 1 0 1 0 1 0 1 0 1 0 1 0 1 0 1 0 1 0 1 0 1 0 1 0 1 0 1 0 1 0 1 0 1 0 1 0 1 0 1 0 1 0 1 0 1 0 1 0 1 0 1 0 1 0 1 0 1 0 1 0 1 0 1 0 1 0 1 0 1 0 1 0 1 0 1 0 1 0 1 0 1 0 1 0 1 0 1 0 1 0 1 0 1 0 1 0 1 0 1 0 1 0 1 0 1 0 1 0 1 0 1 0 1 0 1 0 1 0 1 0 1 0 1 0 1 0 1 0 1 0 1 0 1 0 1 0 1 0 1 0 1 0 1 0 1 0 1 0 1 0 1 0 1 0 1 0 1 0 1 0 1 0 1 0 1 0 1 0 1 0 1 0 1 0 1 0 1 0 1 0 1 0 1 0 1 0 1 0 1 0 1 0 1 0 1 0 1 0 1 0 1 0 1 0 1 0 1 0 1 0 1 0 1 0 1 0 1 0 1 0 1 0 1 0 1 0 1 0 1 0 1 0 0 0 0 0 0 0 0 0 0 0 0 0 0 0 0 0 0 0 0 0 0 0 0 0 0 0 0 0 0 0 0 
</DataArray>
<DataArray type="Float64" Name="wall variable 2" format="ascii">
0 35.6354 0 35.6354 0 35.6354 0 35.6354 0 35.6354 0 35.6354 0 35.6354 0 35.6354 0 35.6354 0 35.6354 0 35.6354 0 35.6354 0 35.6354 0 35.6354 0 35.6354 0 35.6354 0 35.6354 0 35.6354 0 35.6354 0 35.6354 0 35.6354 0 35.6354 0 35.6354 0 35.6354 0 35.6354 0 35.6354 0 35.6354 0 35.6354 0 35.6354 0 35.6354 0 35.6354 0 35.6354 0 35.6354 0 35.6354 35.6354 0 35.6354 0 35.6354 0 35.6354 0 35.6354 0 35.6354 0 35.6354 0 35.6354 0 35.6354 0 35.6354 0 35.6354 0 35.6354 0 35.6354 0 35.6354 0 35.6354 0 35.6354 0 35.6354 0 35.6354 0 35.6354 0 35.6354 0 35.6354 0 35.6354 0 35.6354 0 35.6354 0 35.6354 0 35.6354 0 35.6354 0 35.6354 0 0 35.6354 0 35.6354 0 35.6354 0 35.6354 0 35.6354 0 35.6354 0 35.6354 0 35.6354 0 35.6354 0 35.6354 0 35.6354 0 35.6354 0 35.6354 0 35.6354 0 35.6354 0 35.6354 0 35.6354 0 35.6354 0 35.6354 0 35.6354 0 35.6354 0 35.6354 0 35.6354 0 35.6354 0 35.6354 0 35.6354 0 35.6354 0 35.6354 0 35.6354 0 35.6354 0 35.6354 0 35.6354 0 35.6354 0 35.6354 0 35.6354 0 35.6354 0 35.6354 0 35.6354 0 35.6354 0 35.6354 0 35.6354 0 35.6354 0 35.6354 0 35.6354 0 35.6354 0 35.6354 0 35.6354 0 35.6354 0 35.6354 0 35.6354 0 35.6354 0 35.6354 0 35.6354 0 35.6354 0 35.6354 0 35.6354 0 35.6354 0 35.6354 0 35.6354 0 35.6354 0 35.6354 0 35.6354 0 35.6354 0 35.6354 0 35.6354 0 35.6354 0 35.6354 0 35.6354 0 35.6354 0 35.6354 0 35.6354 0 35.6354 0 35.6354 0 35.6354 0 35.6354 0 35.6354 0 35.6354 0 35.6354 0 35.6354 0 35.6354 0 35.6354 0 35.6354 0 35.6354 0 35.6354 0 35.6354 0 35.6354 0 35.6354 0 35.6354 0 35.6354 0 35.6354 0 35.6354 0 35.6354 0 35.6354 0 35.6354 0 35.6354 0 35.6354 0 35.6354 0 35.6354 0 35.6354 0 35.6354 0 35.6354 0 35.6354 0 35.6354 0 35.6354 0 35.6354 0 35.6354 0 35.6354 0 35.6354 0 35.6354 0 35.6354 0 35.6354 0 35.6354 0 35.6354 0 35.6354 0 35.6354 0 35.6354 0 35.6354 0 35.6354 0 35.6354 0 35.6354 0 35.6354 0 35.6354 0 35.6354 0 35.6354 0 35.6354 0 35.6354 0 35.6354 0 35.6354 0 35.6354 0 35.6354 0 35.6354 0 35.6354 0 35.6354 0 35.6354 0 35.6354 0 35.6354 0 35.6354 0 35.6354 0 35.6354 0 35.6354 0 35.6354 0 35.6354 0 35.6354 0 35.6354 0 35.6354 0 35.6354 0 35.6354 0 35.6354 0 35.6354 0 35.6354 0 35.6354 0 35.6354 0 35.6354 0 35.6354 0 35.6354 0 35.6354 0 35.6354 0 35.6354 0 35.6354 0 35.6354 0 35.6354 0 35.6354 0 35.6354 0 35.6354 0 35.6354 0 35.6354 0 35.6354 0 35.6354 0 35.6354 0 35.6354 0 35.6354 0 35.6354 0 35.6354 0 35.6354 0 35.6354 0 35.6354 0 35.6354 0 35.6354 0 35.6354 0 35.6354 0 35.6354 0 35.6354 0 35.6354 0 35.6354 0 35.6354 0 35.6354 0 35.6354 0 35.6354 0 35.6354 0 35.6354 0 35.6354 0 35.6354 0 35.6354 0 35.6354 0 35.6354 0 35.6354 0 35.6354 0 35.6354 0 35.6354 0 35.6354 0 35.6354 0 35.6354 0 35.6354 0 35.6354 0 35.6354 0 35.6354 0 35.6354 0 35.6354 0 35.6354 0 35.6354 0 35.6354 0 35.6354 0 35.6354 0 35.6354 0 35.6354 0 35.6354 0 35.6354 0 35.6354 0 35.6354 0 35.6354 0 35.6354 0 35.6354 0 35.6354 0 35.6354 0 35.6354 0 35.6354 0 35.6354 0 35.6354 0 35.6354 0 35.6354 0 35.6354 0 35.6354 0 35.6354 0 35.6354 0 35.6354 0 35.6354 0 35.6354 0 35.6354 0 35.6354 0 35.6354 0 35.6354 0 35.6354 0 35.6354 0 35.6354 0 35.6354 0 35.6354 0 35.6354 0 35.6354 0 35.6354 0 35.6354 0 35.6354 0 35.6354 0 35.6354 0 35.6354 0 35.6354 0 35.6354 0 35.6354 0 35.6354 0 35.6354 0 35.6354 0 35.6354 0 35.6354 0 35.6354 0 35.6354 0 35.6354 0 35.6354 0 35.6354 0 35.6354 0 35.6354 0 35.6354 0 35.6354 0 35.6354 0 35.6354 0 35.6354 0 35.6354 0 35.6354 0 35.6354 0 35.6354 0 35.6354 0 35.6354 0 35.6354 0 35.6354 0 35.6354 0 35.6354 0 35.6354 0 35.6354 0 35.6354 0 35.6354 0 35.6354 0 35.6354 0 35.6354 0 35.6354 0 35.6354 0 35.6354 0 35.6354 0 35.6354 0 35.6354 0 35.6354 0 35.6354 0 35.6354 0 35.6354 0 35.6354 0 35.6354 0 35.6354 0 35.6354 0 35.6354 0 35.6354 0 35.6354 0 35.6354 0 35.6354 0 35.6354 0 35.6354 0 35.6354 0 35.6354 0 35.6354 0 35.6354 0 35.6354 0 35.6354 0 35.6354 0 35.6354 0 35.6354 0 35.6354 0 35.6354 0 35.6354 0 35.6354 0 35.6354 0 35.6354 0 35.6354 0 35.6354 0 35.6354 0 35.6354 0 35.6354 0 35.6354 0 35.6354 0 35.6354 0 35.6354 0 35.6354 0 35.6354 0 35.6354 0 35.6354 0 35.6354 0 35.6354 0 35.6354 0 35.6354 0 35.6354 0 35.6354 0 35.6354 0 35.6354 0 35.6354 0 35.6354 0 35.6354 0 35.6354 0 35.6354 0 35.6354 0 35.6354 0 35.6354 0 35.6354 0 35.6354 0 35.6354 0 35.6354 0 35.6354 0 35.6354 0 35.6354 0 35.6354 0 35.6354 0 35.6354 0 35.6354 0 35.6354 0 35.6354 0 35.6354 0 35.6354 0 35.6354 0 35.6354 0 35.6354 0 35.6354 0 35.6354 0 35.6354 0 35.6354 0 35.6354 0 35.6354 0 35.6354 0 35.6354 0 35.6354 0 35.6354 0 35.6354 0 35.6354 0 35.6354 0 35.6354 0 35.6354 0 35.6354 0 35.6354 0 35.6354 0 35.6354 0 35.6354 0 35.6354 0 35.6354 0 35.6354 0 35.6354 0 35.6354 0 35.6354 0 35.6354 0 35.6354 0 35.6354 0 35.6354 0 35.6354 0 35.6354 0 35.6354 0 35.6354 0 35.6354 0 35.6354 0 35.6354 0 35.6354 0 35.6354 0 35.6354 0 35.6354 0 35.6354 0 35.6354 0 35.6354 0 35.6354 0 35.6354 0 35.6354 0 35.6354 0 35.6354 0 35.6354 0 35.6354 0 35.6354 0 35.6354 0 35.6354 0 35.6354 0 35.6354 0 35.6354 0 35.6354 0 35.6354 0 35.6354 0 35.6354 0 35.6354 0 35.6354 0 35.6354 0 35.6354 0 35.6354 0 35.6354 0 35.6354 0 35.6354 0 35.6354 0 35.6354 0 35.6354 0 35.6354 0 35.6354 0 35.6354 0 35.6354 0 35.6354 0 35.6354 0 35.6354 0 35.6354 0 35.6354 0 35.6354 0 35.6354 0 35.6354 0 35.6354 0 35.6354 0 35.6354 0 35.6354 0 35.6354 0 35.6354 0 35.6354 0 35.6354 0 35.6354 0 35.6354 0 35.6354 0 35.6354 0 35.6354 0 35.6354 0 35.6354 0 35.6354 0 35.6354 0 35.6354 0 35.6354 0 35.6354 0 35.6354 0 35.6354 0 35.6354 0 35.6354 0 35.6354 0 35.6354 0 35.6354 0 35.6354 0 35.6354 0 35.6354 0 35.6354 0 35.6354 0 35.6354 0 35.6354 0 35.6354 0 35.6354 0 35.6354 0 35.6354 0 35.6354 0 35.6354 0 35.6354 0 35.6354 0 35.6354 0 35.6354 0 35.6354 0 35.6354 0 35.6354 0 35.6354 0 35.6354 0 35.6354 0 35.6354 0 35.6354 0 35.6354 0 35.6354 0 35.6354 0 35.6354 0 35.6354 0 35.6354 0 35.6354 0 35.6354 0 35.6354 0 35.6354 0 35.6354 0 35.6354 0 35.6354 0 35.6354 0 35.6354 0 35.6354 0 35.6354 0 35.6354 0 35.6354 0 35.6354 0 35.6354 0 35.6354 0 35.6354 0 35.6354 0 35.6354 0 35.6354 0 35.6354 0 35.6354 0 35.6354 0 35.6354 0 35.6354 0 35.6354 0 35.6354 0 35.6354 0 35.6354 0 35.6354 0 35.6354 0 35.6354 0 35.6354 0 35.6354 0 35.6354 0 35.6354 0 35.6354 0 35.6354 0 35.6354 0 35.6354 0 35.6354 0 35.6354 0 35.6354 0 35.6354 0 35.6354 0 35.6354 0 35.6354 0 35.6354 0 35.6354 0 35.6354 0 35.6354 0 35.6354 0 35.6354 0 35.6354 0 35.6354 0 35.6354 0 35.6354 0 35.6354 0 35.6354 0 35.6354 0 35.6354 0 35.6354 0 35.6354 0 35.6354 0 35.6354 0 35.6354 0 35.6354 0 35.6354 0 35.6354 0 35.6354 0 35.6354 0 35.6354 0 35.6354 0 35.6354 0 35.6354 0 35.6354 0 35.6354 0 35.6354 0 35.6354 0 35.6354 0 35.6354 0 35.6354 0 35.6354 0 35.6354 0 35.6354 0 35.6354 0 35.6354 0 35.6354 0 35.6354 0 35.6354 0 35.6354 0 35.6354 0 35.6354 0 35.6354 0 35.6354 0 35.6354 0 35.6354 0 35.6354 0 35.6354 0 35.6354 0 35.6354 0 35.6354 0 35.6354 0 35.6354 0 35.6354 0 35.6354 0 35.6354 0 35.6354 0 35.6354 0 35.6354 0 35.6354 0 35.6354 0 35.6354 0 35.6354 0 35.6354 0 35.6354 0 35.6354 0 35.6354 0 35.6354 0 35.6354 0 35.6354 0 35.6354 0 35.6354 0 35.6354 0 35.6354 0 35.6354 0 35.6354 0 35.6354 0 35.6354 0 35.6354 0 35.6354 0 35.6354 0 35.6354 0 35.6354 0 35.6354 0 35.6354 0 35.6354 0 35.6354 0 35.6354 0 35.6354 0 35.6354 0 35.6354 0 35.6354 0 35.6354 0 35.6354 0 35.6354 0 35.6354 0 35.6354 0 35.6354 0 35.6354 0 35.6354 0 35.6354 0 35.6354 0 35.6354 0 35.6354 0 35.6354 0 35.6354 0 35.6354 0 35.6354 0 35.6354 0 35.6354 0 35.6354 0 35.6354 0 35.6354 0 35.6354 0 35.6354 0 35.6354 0 35.6354 0 35.6354 0 35.6354 0 35.6354 0 35.6354 0 35.6354 0 35.6354 0 35.6354 0 35.6354 0 35.6354 0 35.6354 0 35.6354 0 35.6354 0 35.6354 0 35.6354 0 35.6354 0 35.6354 0 35.6354 0 35.6354 0 35.6354 0 35.6354 0 35.6354 0 35.6354 0 35.6354 0 35.6354 0 35.6354 0 35.6354 0 35.6354 0 35.6354 0 35.6354 0 35.6354 0 35.6354 0 35.6354 0 35.6354 0 35.6354 0 35.6354 0 35.6354 0 35.6354 0 35.6354 0 35.6354 0 35.6354 0 35.6354 0 35.6354 0 35.6354 0 35.6354 0 35.6354 0 35.6354 0 35.6354 0 35.6354 0 35.6354 0 35.6354 0 35.6354 0 35.6354 0 35.6354 0 35.6354 0 35.6354 0 35.6354 0 35.6354 0 35.6354 0 35.6354 0 35.6354 0 35.6354 0 35.6354 0 35.6354 0 35.6354 0 35.6354 0 35.6354 0 35.6354 0 35.6354 0 35.6354 0 35.6354 0 35.6354 0 35.6354 0 35.6354 0 35.6354 0 35.6354 0 35.6354 0 35.6354 0 35.6354 0 35.6354 0 35.6354 0 35.6354 0 35.6354 0 35.6354 0 35.6354 0 35.6354 0 35.6354 0 35.6354 0 35.6354 0 35.6354 0 35.6354 0 35.6354 0 35.6354 0 35.6354 0 35.6354 0 35.6354 0 35.6354 0 35.6354 0 35.6354 0 35.6354 0 35.6354 0 35.6354 0 35.6354 0 35.6354 0 35.6354 0 35.6354 0 35.6354 0 35.6354 0 35.6354 0 35.6354 0 35.6354 0 35.6354 0 35.6354 0 35.6354 0 35.6354 0 35.6354 0 35.6354 0 35.6354 0 35.6354 0 35.6354 0 35.6354 0 35.6354 0 35.6354 0 35.6354 0 35.6354 0 35.6354 0 35.6354 0 35.6354 0 35.6354 0 35.6354 0 35.6354 0 35.6354 0 35.6354 0 35.6354 0 35.6354 0 35.6354 0 35.6354 0 35.6354 0 35.6354 0 35.6354 0 35.6354 0 35.6354 0 35.6354 0 35.6354 0 35.6354 0 35.6354 0 35.6354 0 35.6354 0 35.6354 0 35.6354 0 35.6354 0 35.6354 0 35.6354 0 35.6354 0 35.6354 0 35.6354 0 35.6354 0 35.6354 0 35.6354 0 35.6354 0 35.6354 0 35.6354 0 35.6354 0 35.6354 0 35.6354 0 35.6354 0 35.6354 0 35.6354 0 35.6354 0 35.6354 0 35.6354 0 35.6354 0 35.6354 0 35.6354 0 35.6354 0 35.6354 0 35.6354 0 35.6354 0 35.6354 0 35.6354 0 35.6354 0 35.6354 0 35.6354 0 35.6354 0 35.6354 0 35.6354 0 35.6354 0 35.6354 0 35.6354 0 35.6354 0 35.6354 0 35.6354 0 35.6354 0 35.6354 0 35.6354 0 35.6354 0 35.6354 0 35.6354 0 35.6354 0 35.6354 0 35.6354 0 35.6354 0 35.6354 0 35.6354 0 35.6354 0 35.6354 0 35.6354 0 35.6354 0 35.6354 0 35.6354 0 35.6354 0 35.6354 0 35.6354 0 35.6354 0 35.6354 0 35.6354 0 35.6354 0 35.6354 0 35.6354 0 35.6354 0 35.6354 0 35.6354 0 35.6354 0 35.6354 0 35.6354 0 35.6354 0 35.6354 0 35.6354 0 35.6354 0 35.6354 0 35.6354 0 35.6354 0 35.6354 0 35.6354 0 35.6354 0 35.6354 0 35.6354 0 35.6354 0 35.6354 0 35.6354 0 35.6354 0 35.6354 0 35.6354 0 35.6354 0 35.6354 0 35.6354 0 35.6354 0 35.6354 0 35.6354 0 35.6354 0 35.6354 0 35.6354 0 35.6354 0 35.6354 0 35.6354 0 35.6354 0 35.6354 0 35.6354 0 35.6354 0 35.6354 0 35.6354 0 35.6354 0 35.6354 0 35.6354 0 35.6354 0 35.6354 0 35.6354 0 35.6354 0 35.6354 0 35.6354 0 35.6354 0 35.6354 0 35.6354 0 35.6354 0 35.6354 0 35.6354 0 35.6354 0 35.6354 0 35.6354 0 0 0 0 0 0 0 0 0 0 0 0 0 0 0 0 0 0 0 0 0 0 0 0 0 0 0 0 0 0 0 0 
</DataArray>
</CellData>
</Piece>
</UnstructuredGrid>
</VTKFile>
