<VTKFile type="UnstructuredGrid" version="0.1">
<UnstructuredGrid>
<Piece  NumberOfPoints="    2080" NumberOfCells="     514">
<Points>
<DataArray type="Float64" NumberOfComponents="3" format="ascii">
-179.131 755.222 1.41218
-176.844 759.777 27.1513
-157.202 743.841 29.2356
-159.7 738.903 1.42462
-176.331 760.791 29.9013
-169.748 773.752 51.7443
-149.573 758.904 55.5383
-156.689 744.856 31.9856
-168.79 775.624 53.8496
-158.801 794.991 68.4547
-137.845 781.713 73.3725
-148.615 760.776 57.6436
-157.534 797.43 69.5943
-145.609 820.224 74.7152
-123.704 808.746 80.04
-136.579 784.152 74.5121
-144.224 822.855 74.7146
-132.191 845.583 69.5674
-109.332 835.913 74.5173
-122.319 811.378 80.0394
-130.903 848.009 68.4273
-120.679 867.248 53.8271
-96.9838 859.132 57.6361
-108.045 838.34 73.3772
-119.692 869.106 51.722
-112.885 881.98 29.901
-88.6182 874.921 31.9682
-95.9975 860.99 55.531
-112.352 882.988 27.1509
-109.964 887.511 1.41056
-85.5027 880.831 1.40598
-88.0857 875.928 29.2181
-109.963 887.51 -1.56712
-112.342 882.976 -27.307
-88.0649 875.922 -29.387
-85.5019 880.83 -1.57169
-112.875 881.969 -30.057
-119.689 869.099 -51.8803
-95.98 860.986 -55.6943
-88.597 874.915 -32.1369
-120.676 867.241 -53.985
-130.904 848.003 -68.5853
-108.045 838.339 -73.5354
-96.9669 859.128 -57.799
-132.192 845.576 -69.7255
-144.227 822.848 -74.8717
-122.32 811.377 -80.2017
-109.333 835.912 -74.6757
-145.612 820.217 -74.8725
-157.54 797.424 -69.7511
-136.579 784.151 -74.68
-123.705 808.746 -80.2025
-158.807 794.987 -68.6116
-168.787 775.617 -54.0026
-148.631 760.791 -57.805
-137.846 781.714 -73.5405
-169.744 773.746 -51.8962
-176.325 760.788 -30.0544
-156.714 744.871 -32.1205
-149.589 758.92 -55.6986
-176.838 759.773 -27.3029
-179.132 755.222 -1.56486
-159.7 738.903 -1.55242
-157.227 743.856 -29.369
-157.235 737.193 1.4984
-154.738 742.132 29.3094
-129.637 727.316 29.9226
-132.166 722.244 1.50182
-147.083 757.248 55.7468
-121.862 742.772 56.871
-129.099 728.384 32.8073
-154.199 743.2 32.1941
-135.31 780.153 73.6821
-109.869 766.149 75.1444
-120.859 744.738 59.0774
-146.08 759.215 57.9533
-121.108 807.305 80.4039
-95.3733 793.835 81.9873
-108.541 768.707 76.3384
-133.982 782.711 74.8761
-106.667 834.6 74.8824
-80.6015 821.646 76.3582
-93.9189 796.594 81.9878
-119.654 810.064 80.4045
-94.2532 857.937 57.9478
-67.918 845.417 59.0954
-79.2491 824.191 75.1646
-105.314 837.144 73.6888
-85.8392 873.817 32.1786
-59.4028 861.642 32.7986
-66.8833 847.367 56.8891
-93.2185 859.887 55.7414
-82.6997 879.78 1.48003
-56.2654 867.728 1.47173
-58.8463 862.702 29.9121
-85.2827 874.877 29.2922
-85.2621 874.872 -29.4619
-58.8419 862.694 -30.0883
-56.2649 867.728 -1.65494
-82.6992 879.779 -1.64664
-93.2011 859.883 -55.9051
-66.8756 847.369 -57.0455
-59.3978 861.634 -32.9742
-85.8181 873.812 -32.3478
-105.315 837.144 -73.8472
-79.2463 824.196 -75.3225
-67.9108 845.419 -59.2512
-94.2363 857.933 -58.1108
-119.654 810.064 -80.5669
-93.916 796.599 -82.1482
-80.5992 821.651 -76.5161
-106.668 834.6 -75.0408
-133.982 782.711 -75.0442
-108.539 768.712 -76.5006
-95.3704 793.839 -82.148
-121.108 807.305 -80.5668
-146.097 759.23 -58.1146
-120.867 744.749 -59.2388
-109.868 766.154 -75.3066
-135.311 780.153 -73.8501
-154.225 743.215 -32.3284
-129.118 728.387 -32.9394
-121.871 742.783 -57.0307
-147.101 757.264 -55.9066
-154.763 742.147 -29.442
-157.236 737.194 -1.62544
-132.167 722.245 -1.62202
-129.656 727.318 -30.0529
-129.33 720.641 1.52252
-126.8 725.713 29.9433
-100.746 711.713 30.091
-103.23 706.578 1.52316
-126.262 726.799 32.8659
-119.024 741.187 56.9295
-93.0431 727.329 57.1957
-100.207 712.799 33.0136
-118.014 743.184 59.165
-107.025 764.595 75.2321
-81.0541 750.895 75.5642
-92.0329 729.327 59.4312
-105.68 767.189 76.441
-92.5122 792.317 82.0899
-66.4501 778.737 82.4217
-79.7092 753.49 76.7732
-91.0333 795.111 82.0891
-77.7159 820.163 76.4595
-51.4935 806.645 76.7358
-64.9713 781.531 82.4209
-76.3378 822.737 75.2496
-65.0068 843.963 59.1804
-38.6259 830.477 59.3758
-50.1154 809.219 75.5259
-63.9611 845.939 56.9474
-56.4806 860.214 32.8569
-30.1932 846.887 32.9663
-37.5803 832.452 57.1428
-55.9264 861.294 29.9329
-53.3455 866.321 1.4925
-27.1445 853.101 1.49068
-29.6389 847.968 30.0424
-53.3456 866.321 -1.67654
-55.9226 861.286 -30.1099
-29.649 847.968 -30.2236
-27.1446 853.101 -1.67836
-56.4769 860.206 -33.0327
-63.9547 845.941 -57.104
-37.5846 832.462 -57.3029
-30.2032 846.888 -33.1464
-65.0001 843.966 -59.3361
-76.3355 822.742 -75.4073
-50.1139 809.227 -75.6856
-38.63 830.487 -59.5349
-77.7134 820.169 -76.6174
-91.0302 795.116 -82.2494
-64.9661 781.537 -82.5809
-51.4918 806.653 -76.8957
-92.509 792.322 -82.2504
-105.678 767.195 -76.603
-79.7028 753.495 -76.9337
-66.4449 778.743 -82.5819
-107.023 764.6 -75.394
-118.022 743.195 -59.3263
-92.0289 729.331 -59.593
-81.048 750.9 -75.7247
-119.033 741.198 -57.0893
-126.28 726.801 -32.998
-100.215 712.792 -33.1458
-93.04 727.333 -57.3561
-126.818 725.715 -30.0733
-129.33 720.641 -1.64244
-103.231 706.578 -1.64181
-100.754 711.705 -30.2212
-100.38 705.03 1.53267
-97.8952 710.165 30.1005
-72.5482 696.268 30.1514
-75.2376 691.226 1.53194
-97.3358 711.251 33.0377
-90.1723 725.782 57.2198
-64.2562 711.626 57.3107
-71.9888 697.354 33.0886
-89.1246 727.775 59.4602
-78.1458 749.343 75.5932
-51.4502 734.832 75.6928
-63.2085 713.619 59.551
-76.7529 751.926 76.7987
-63.4939 777.173 82.4472
-35.9582 762.26 82.5184
-50.0573 737.414 76.8982
-61.9637 779.948 82.4386
-48.4859 805.062 76.7535
-20.1649 789.753 76.7838
-34.428 765.035 82.5097
-47.0604 807.615 75.5358
-35.5709 828.874 59.3857
-6.59168 813.24 59.3986
-18.7394 792.306 75.5661
-34.4873 830.836 57.1419
-27.1002 845.271 32.9654
2.5336 829.314 32.9615
-5.50809 815.203 57.1548
-26.528 846.343 30.0398
-24.0335 851.476 1.48808
5.87407 835.403 1.48615
3.10586 830.385 30.0359
-24.0341 851.476 -1.67638
-26.5384 846.343 -30.2217
3.09337 830.387 -30.2216
5.87347 835.403 -1.67831
-27.111 845.272 -33.1458
-34.4924 830.847 -57.3023
-5.5141 815.216 -57.3162
2.5208 829.317 -33.1457
-35.5753 828.884 -59.5449
-47.0592 807.624 -75.6957
-18.7376 792.316 -75.7264
-6.59697 813.254 -59.5588
-48.4841 805.07 -76.9134
-61.9584 779.955 -82.5987
-34.4213 765.043 -82.6704
-20.1626 789.762 -76.9441
-63.4883 777.179 -82.6074
-76.7462 751.931 -76.9592
-50.0475 737.419 -77.0601
-35.9512 762.268 -82.6791
-78.139 749.348 -75.7538
-89.1199 727.779 -59.6221
-63.1957 713.619 -59.7159
-51.4402 734.836 -75.8548
-90.1681 725.785 -57.3803
-97.3435 711.244 -33.17
-71.986 697.339 -33.2233
-64.244 711.625 -57.474
-97.9034 710.157 -30.2308
-100.38 705.03 -1.6514
-75.2377 691.226 -1.65214
-72.5458 696.252 -30.284
-72.4646 689.647 1.53358
-69.7753 694.689 30.153
-44.9958 680.059 30.1585
-47.8882 675.127 1.53389
-69.173 695.754 33.093
-61.4404 710.026 57.3151
-36.1034 695.089 57.3218
-44.3936 681.124 33.0985
-60.3181 711.981 59.5569
-48.5598 733.194 75.6986
-22.4523 717.821 75.7031
-34.9811 697.044 59.5636
-47.077 735.729 76.9033
-32.9778 760.576 82.5234
-6.02927 744.716 82.5252
-20.9695 720.357 76.9077
-31.3567 763.302 82.5125
-17.0936 788.019 76.7866
10.6591 771.683 76.7873
-4.4082 747.442 82.5142
-15.5867 790.528 75.5668
-3.439 811.462 59.3993
25.0017 794.711 59.3978
12.166 774.192 75.5675
-2.28485 813.385 57.156
5.75683 827.496 32.9627
34.7559 810.427 32.9653
26.1559 796.634 57.1546
6.37719 828.543 30.0361
9.1454 833.561 1.4864
38.372 816.36 1.48408
35.3763 811.474 30.0387
9.14467 833.561 -1.67899
6.36457 828.545 -30.2222
35.3622 811.476 -30.227
38.3713 816.36 -1.68131
5.7439 827.499 -33.147
-2.29101 813.399 -57.3175
26.1499 796.649 -57.3134
34.7415 810.43 -33.1518
-3.44426 811.476 -59.5594
-15.5849 790.538 -75.7269
12.1686 774.203 -75.7256
24.9967 794.727 -59.5553
-17.0912 788.029 -76.9468
-31.3499 763.31 -82.673
-4.3996 747.449 -82.6738
10.6623 771.694 -76.9455
-32.9705 760.583 -82.6841
-47.0668 735.734 -77.0652
-20.956 720.36 -77.0701
-6.02021 744.723 -82.6849
-48.5492 733.198 -75.8608
-60.3047 711.981 -59.7219
-34.9621 697.04 -59.7302
-22.4384 717.824 -75.8657
-61.4274 710.024 -57.4787
-69.1694 695.738 -33.228
-44.3848 681.104 -33.2335
-36.0847 695.084 -57.487
-69.7725 694.673 -30.2857
-72.4643 689.646 -1.65379
-47.8879 675.126 -1.65348
-44.9879 680.039 -30.2913
-45.1793 673.463 1.53406
-42.2869 678.395 30.1587
-18.1074 662.961 30.1604
-21.1931 658.145 1.53526
-41.6432 679.436 33.0988
-33.353 693.401 57.3221
-8.63745 677.636 57.3219
-17.4636 664.002 33.1006
-32.1575 695.313 59.564
-19.6288 716.09 75.7035
5.84722 699.845 75.7023
-7.44194 679.548 59.5637
-18.0563 718.572 76.908
-3.11605 742.931 82.5254
23.2087 726.14 82.5265
7.41968 702.327 76.9068
-1.40287 745.6 82.5143
13.6644 769.841 76.7874
40.8101 752.516 76.7901
24.9219 728.809 82.5154
15.2548 772.297 75.5673
28.0905 792.817 59.3977
55.9344 775.029 59.3984
42.4005 754.972 75.5701
29.3124 794.697 57.155
37.9124 808.49 32.9658
66.2647 790.374 32.9672
57.1562 776.91 57.1557
38.5743 809.512 30.039
41.57 814.398 1.4844
70.122 796.152 1.48298
66.9265 791.395 30.0404
41.5692 814.398 -1.68193
38.5602 809.514 -30.2277
66.9118 791.397 -30.2296
70.1212 796.152 -1.68335
37.898 808.493 -33.1522
29.3064 794.712 -57.3138
57.151 776.926 -57.3113
66.2496 790.376 -33.1542
28.0855 792.833 -59.5548
15.2574 772.309 -75.7252
42.4041 754.984 -75.725
55.9302 775.046 -59.5523
13.6678 769.852 -76.9453
-1.39412 745.608 -82.6736
24.9325 728.816 -82.6726
40.8145 752.527 -76.9452
-3.10671 742.938 -82.685
-18.0425 718.575 -77.0702
7.43643 702.328 -77.0681
23.2199 726.147 -82.6841
-19.6144 716.093 -75.8661
-32.1381 695.309 -59.7306
-7.41863 679.541 -59.7302
5.86454 699.846 -75.8639
-33.3339 693.395 -57.4873
-41.6339 679.415 -33.2339
-17.452 663.978 -33.2339
-8.61437 677.627 -57.4869
-42.2788 678.374 -30.2913
-45.1788 673.462 -1.65349
-21.1926 658.144 -1.6523
-18.0968 662.937 -30.2913
-18.552 656.391 1.53542
-15.4663 661.207 30.1606
8.08262 644.954 30.1628
4.81132 640.262 1.5375
-14.7826 662.222 33.1007
-5.95644 675.857 57.322
18.1107 659.252 57.3232
8.7663 645.969 33.1029
-4.68951 677.722 59.5638
8.59965 698.019 75.7024
33.4151 680.899 75.7043
19.3777 661.117 59.5651
10.2614 700.442 76.907
26.0504 724.255 82.5268
51.7155 706.542 82.5312
35.0769 683.321 76.9089
27.8566 726.862 82.5157
43.7448 750.569 76.7904
70.2373 732.273 76.7953
53.5216 709.149 82.5201
45.4195 752.967 75.5703
58.9534 773.024 59.3985
86.1436 754.23 59.401
71.9121 734.672 75.5751
60.2413 774.859 57.156
69.3497 788.323 32.9675
97.0225 769.185 32.9685
87.4314 756.065 57.1586
70.0496 789.319 30.0406
73.245 794.075 1.48319
101.099 774.81 1.48274
97.7224 770.181 30.0417
73.2442 794.075 -1.68366
70.0348 789.321 -30.2299
97.7074 770.183 -30.2302
101.099 774.81 -1.68411
69.3347 788.325 -33.1543
60.2361 774.875 -57.3114
87.4274 756.081 -57.3101
97.0073 769.188 -33.1545
58.9493 773.04 -59.5521
45.4233 752.978 -75.7248
71.9171 734.683 -75.726
86.1406 754.247 -59.5508
43.7494 750.58 -76.9451
27.8674 726.869 -82.6726
53.5346 709.155 -82.6739
70.2432 732.284 -76.9464
26.062 724.261 -82.6841
10.2784 700.443 -77.0681
35.0969 683.32 -77.0676
51.7292 706.548 -82.6854
8.61734 698.02 -75.8639
-4.66583 677.714 -59.7302
19.4041 661.107 -59.7296
33.4358 680.897 -75.8634
-5.93309 675.847 -57.4868
-14.7707 662.198 -33.2338
8.77921 645.942 -33.2327
18.1369 659.24 -57.4862
-15.4556 661.183 -30.2912
-18.5514 656.39 -1.65213
4.81192 640.26 -1.65005
8.09424 644.927 -30.29
7.38108 638.417 1.53777
10.6524 643.11 30.1631
33.5411 626.04 30.1659
30.0907 621.478 1.54059
11.3747 644.098 33.1032
20.7191 657.38 57.3235
44.1108 639.939 57.3256
34.2634 627.028 33.106
22.0559 659.196 59.5654
36.0933 678.978 75.7046
60.2196 660.988 75.7075
45.4475 641.755 59.5676
37.8434 681.337 76.9094
54.482 704.557 82.5317
79.4511 685.933 82.5363
61.9697 663.347 76.9123
56.3811 707.097 82.5205
73.0968 730.221 76.7957
98.8904 710.971 76.8002
81.3502 688.473 82.5252
74.8558 732.557 75.5754
89.0873 752.116 59.4013
115.572 732.335 59.4042
100.649 713.307 75.5799
90.4399 753.902 57.1588
100.031 767.023 32.9688
126.983 746.882 32.9699
116.925 734.121 57.1617
100.767 767.992 30.0418
104.144 772.62 1.4829
131.266 752.35 1.48327
127.719 747.852 30.043
104.143 772.62 -1.6842
100.752 767.994 -30.2302
127.704 747.853 -30.2294
131.266 752.35 -1.68384
100.016 767.025 -33.1545
90.4359 753.919 -57.31
116.922 734.138 -57.3084
126.968 746.885 -33.1536
89.0845 752.133 -59.5506
74.861 732.569 -75.7259
100.656 713.319 -75.7259
115.571 732.352 -59.549
73.1028 730.232 -76.9464
56.3943 707.103 -82.6739
81.3651 688.478 -82.6744
98.8978 710.982 -76.9464
54.496 704.563 -82.6855
37.8637 681.336 -77.0676
61.9921 663.344 -77.0669
79.4668 685.938 -82.686
36.1142 678.976 -75.8634
22.0826 659.185 -59.7296
45.4761 641.741 -59.7285
60.2426 660.984 -75.8627
20.7454 657.368 -57.4861
11.3878 644.07 -33.2325
34.2766 626.998 -33.2305
44.1389 639.924 -57.485
10.664 643.083 -30.2898
7.3817 638.416 -1.6498
30.0913 621.476 -1.64697
33.5529 626.01 -30.2877
32.5858 619.544 1.54093
36.0363 624.106 30.1663
58.2365 606.228 30.1695
54.6123 601.803 1.54431
36.7961 625.065 33.1063
46.6434 637.976 57.3259
69.3316 619.708 57.3283
58.9962 607.187 33.1095
48.0482 639.739 59.5679
62.8203 658.972 75.7078
86.2269 640.126 75.7102
70.7364 621.472 59.5702
64.6574 661.264 76.9127
82.1389 683.85 82.5367
106.375 664.331 82.54
88.0641 642.417 76.9151
84.1299 686.318 82.5256
101.67 708.816 76.8006
126.721 688.631 76.8038
108.366 666.798 82.5289
103.513 711.086 75.5802
118.436 730.113 59.4045
144.169 709.365 59.407
128.564 690.901 75.5834
119.852 731.849 57.1619
129.91 744.61 32.9701
156.1 723.485 32.9713
145.585 711.101 57.1644
130.681 745.552 30.0431
134.228 750.05 1.48342
160.58 728.79 1.48443
156.87 724.426 30.0444
134.227 750.05 -1.68376
130.666 745.553 -30.2293
156.855 724.428 -30.2274
160.579 728.79 -1.68275
129.895 744.613 -33.1533
119.849 731.866 -57.3082
145.584 711.118 -57.3055
156.085 723.487 -33.1515
118.434 730.131 -59.5487
103.519 711.097 -75.7257
128.572 690.911 -75.7236
144.169 709.382 -59.546
101.678 708.827 -76.9463
84.145 686.322 -82.6743
108.383 666.801 -82.6727
126.73 688.641 -76.9443
82.1548 683.854 -82.6859
64.68 661.261 -77.0668
88.0884 642.412 -77.0646
106.393 664.333 -82.6843
62.8435 658.968 -75.8626
48.077 639.725 -59.7284
70.7664 621.456 -59.7265
86.2519 640.12 -75.8603
46.6716 637.961 -57.4848
36.8093 625.035 -33.2303
59.009 607.155 -33.2276
69.361 619.691 -57.4829
36.0481 624.076 -30.2874
32.5864 619.542 -1.64666
54.6129 601.801 -1.64328
58.2477 606.197 -30.2847
57.0297 599.78 1.5447
60.6539 604.205 30.1699
82.1378 585.533 30.1733
78.3449 581.252 1.54855
61.4499 605.135 33.1098
71.7853 617.656 57.3286
93.7414 598.576 57.331
82.9339 586.463 33.1133
73.2564 619.364 59.5705
88.7469 638.018 75.7105
111.401 618.331 75.7127
95.2125 600.284 59.573
90.6692 640.238 76.9154
108.98 662.151 82.5403
132.448 641.754 82.5429
113.324 620.551 76.9176
111.062 664.542 82.5292
129.417 686.375 76.8041
153.684 665.274 76.8066
134.529 644.144 82.5317
131.342 688.575 75.5836
146.947 707.039 59.4072
171.884 685.344 59.4097
155.609 667.474 75.5861
148.425 708.721 57.1645
158.94 721.105 32.9715
184.323 699.014 32.9731
173.363 687.027 57.167
159.744 722.018 30.0445
163.454 726.382 1.4846
188.994 704.151 1.48617
185.128 699.927 30.0461
163.453 726.382 -1.68257
159.729 722.019 -30.2273
185.113 699.928 -30.2248
188.993 704.151 -1.681
158.925 721.108 -33.1512
148.424 708.738 -57.3051
173.363 687.043 -57.3016
184.308 699.017 -33.1487
146.947 707.056 -59.5456
131.35 688.585 -75.7232
155.619 667.483 -75.7198
171.885 685.361 -59.5421
129.426 686.385 -76.944
111.079 664.545 -82.6723
134.548 644.146 -82.6691
153.695 665.283 -76.9405
108.998 662.154 -82.684
90.6936 640.232 -77.0643
113.349 620.544 -77.061
132.467 641.755 -82.6808
88.7719 638.011 -75.8601
73.2865 619.347 -59.7262
95.2433 600.266 -59.7235
111.428 618.323 -75.8567
71.8148 617.638 -57.4826
61.4627 605.102 -33.2273
82.9458 586.429 -33.2239
93.7715 598.556 -57.4798
60.6651 604.174 -30.2843
57.0303 599.778 -1.64291
78.3455 581.25 -1.63907
82.1481 585.5 -30.2809
80.6815 579.142 1.54898
84.4744 583.424 30.1738
105.215 563.974 30.1774
101.259 559.843 1.55316
85.3057 584.322 33.1137
96.1133 596.435 57.3314
117.314 576.557 57.3339
106.047 564.872 33.1173
97.6487 598.085 59.5733
113.838 616.132 75.713
135.717 595.616 75.715
118.849 578.207 59.5757
115.843 618.277 76.9178
134.967 639.479 82.5431
157.637 618.219 82.5452
137.723 597.761 76.9199
137.137 641.79 82.5319
156.292 662.919 76.8068
179.74 640.922 76.809
159.807 620.529 82.534
158.297 665.045 75.5863
174.572 682.916 59.4099
198.672 660.297 59.4125
181.745 643.048 75.5885
176.111 684.542 57.1672
187.072 696.53 32.9733
211.606 673.497 32.9753
200.212 661.923 57.1698
187.909 697.412 30.0463
191.776 701.636 1.48636
216.462 678.458 1.48838
212.444 674.379 30.0484
191.775 701.637 -1.68075
187.894 697.414 -30.2246
212.429 674.381 -30.2218
216.461 678.458 -1.67873
187.057 696.532 -33.1483
176.112 684.559 -57.3013
200.213 661.94 -57.2973
211.592 673.499 -33.1456
174.573 682.933 -59.5417
158.307 665.055 -75.7193
181.756 643.057 -75.715
198.675 660.314 -59.5377
156.302 662.928 -76.9401
137.156 641.791 -82.6686
159.827 620.53 -82.6642
179.752 640.93 -76.9357
134.986 639.48 -82.6803
115.869 618.269 -77.0606
137.75 597.752 -77.0563
157.658 618.219 -82.6759
113.864 616.124 -75.8564
97.6796 598.066 -59.7231
118.88 578.186 -59.7196
135.745 595.606 -75.8521
96.1434 596.415 -57.4795
85.3176 584.287 -33.2236
106.057 564.836 -33.2196
117.344 576.535 -57.476
84.4847 583.391 -30.2805
80.6821 579.141 -1.63864
101.26 559.842 -1.63446
105.224 563.939 -30.2766
103.512 557.649 1.55362
107.468 561.779 30.1778
127.441 541.572 30.1816
123.326 537.599 1.55807
108.334 562.644 33.1176
119.601 574.329 57.3343
140.018 553.674 57.3366
128.306 542.437 33.1214
121.199 575.919 59.576
138.067 593.328 75.7152
159.141 572.008 75.7167
141.616 555.264 59.5783
140.153 595.394 76.9201
160.067 615.852 82.5454
181.906 593.756 82.5466
161.227 574.075 76.9215
162.323 618.079 82.5341
182.256 638.471 76.8092
204.849 615.605 76.8107
184.161 595.982 82.5354
184.339 640.52 75.5887
201.266 657.769 59.4127
224.492 634.255 59.4151
206.932 617.654 75.5903
202.865 659.337 57.17
214.259 670.91 32.9756
237.906 646.964 32.9778
226.09 635.823 57.1724
215.129 671.761 30.0486
219.147 675.84 1.48861
242.941 651.743 1.491
238.775 647.815 30.0508
219.146 675.84 -1.67842
215.114 671.762 -30.2215
238.76 647.816 -30.2182
242.94 651.743 -1.67603
214.245 670.913 -33.1451
202.867 659.353 -57.2969
226.094 635.839 -57.2921
237.891 646.967 -33.1418
201.269 657.786 -59.5372
184.35 640.529 -75.7144
206.945 617.661 -75.7088
224.496 634.271 -59.5324
182.268 638.479 -76.9351
162.343 618.079 -82.6636
184.182 595.981 -82.6579
204.862 615.612 -76.9296
160.088 615.852 -82.6754
140.18 595.385 -77.0558
161.255 574.064 -77.0504
181.928 593.754 -82.6696
138.095 593.318 -75.8517
121.23 575.898 -59.7192
141.647 555.242 -59.7149
159.169 571.997 -75.8463
119.631 574.307 -57.4756
108.344 562.609 -33.2192
128.315 542.4 -33.2149
140.048 553.651 -57.4713
107.477 561.745 -30.2761
103.512 557.647 -1.634
123.327 537.597 -1.62954
127.448 541.536 -30.2718
125.493 535.321 1.55855
129.607 539.295 30.1821
148.786 518.353 30.1861
144.519 514.543 1.5632
130.506 540.125 33.1218
142.218 551.363 57.3369
161.824 529.956 57.3394
149.684 519.184 33.1258
143.876 552.889 59.5785
161.401 569.634 75.7169
181.64 547.536 75.7182
163.482 531.482 59.581
163.564 571.618 76.9216
184.243 591.299 82.5467
205.219 568.394 82.5478
183.804 549.52 76.9229
186.582 593.438 82.5355
207.269 613.061 76.8109
228.973 589.354 76.8124
207.558 570.532 82.5366
209.428 615.029 75.5905
226.987 631.631 59.4153
249.302 607.251 59.4179
231.132 591.323 75.592
228.644 633.137 57.1726
240.459 644.279 32.978
263.18 619.45 32.9805
250.958 608.757 57.1752
241.359 645.096 30.051
245.525 649.024 1.49126
268.388 624.039 1.49396
264.08 620.268 30.0536
245.524 649.024 -1.67569
241.344 645.098 -30.2179
264.065 620.27 -30.2144
268.387 624.039 -1.673
240.444 644.281 -33.1413
228.647 633.153 -57.2917
250.962 608.773 -57.2867
263.165 619.453 -33.1378
226.992 631.647 -59.5318
209.441 615.037 -75.7082
231.146 591.33 -75.7022
249.308 607.267 -59.5269
207.283 613.068 -76.9289
186.603 593.437 -82.6572
207.58 570.53 -82.6508
228.988 589.36 -76.9229
184.265 591.298 -82.6689
163.592 571.607 -77.0498
183.832 549.508 -77.0438
205.242 568.391 -82.6625
161.429 569.622 -75.8457
143.907 552.867 -59.7144
163.513 531.458 -59.7097
181.669 547.522 -75.8397
142.248 551.339 -57.4708
130.515 540.088 -33.2144
149.692 519.146 -33.2098
161.854 529.931 -57.4662
129.615 539.259 -30.2713
125.493 535.319 -1.62905
144.519 514.541 -1.6244
148.791 518.317 -30.2667
146.596 512.186 1.5637
150.863 515.996 30.1866
169.223 494.344 30.1908
164.809 490.704 1.5685
151.793 516.791 33.1261
163.933 527.563 57.3397
182.703 505.43 57.3423
170.153 495.139 33.1303
165.649 529.024 59.5812
183.807 545.077 75.7184
203.184 522.228 75.7198
184.419 506.891 59.5838
186.045 546.977 76.923
207.461 565.851 82.5479
227.544 542.164 82.549
205.422 524.128 76.9245
209.879 567.898 82.5367
231.294 586.72 76.8126
252.076 562.205 76.8141
229.962 544.212 82.5378
233.526 588.606 75.5922
251.695 604.534 59.4181
273.064 579.321 59.4208
254.308 564.09 75.5938
253.407 605.977 57.1755
265.629 616.669 32.9808
287.388 590.992 32.9836
274.775 580.764 57.1782
266.559 617.453 30.0539
270.867 621.224 1.49426
292.763 595.383 1.49721
288.318 591.775 30.0567
270.866 621.224 -1.67263
266.544 617.455 -30.214
288.304 591.777 -30.2103
292.762 595.383 -1.66968
265.614 616.672 -33.1373
253.411 605.992 -57.2862
274.781 580.779 -57.281
287.374 590.994 -33.1336
251.702 604.549 -59.5262
233.54 588.613 -75.7016
254.323 564.096 -75.6952
273.071 579.336 -59.521
231.309 586.726 -76.9222
209.901 567.896 -82.6501
229.985 544.209 -82.6433
252.092 562.21 -76.9158
207.483 565.847 -82.6618
186.073 546.965 -77.0431
205.45 524.114 -77.0368
227.567 542.16 -82.655
183.836 545.064 -75.8392
165.68 529 -59.7091
184.449 506.866 -59.7043
203.212 522.214 -75.8329
163.963 527.538 -57.4657
151.8 516.753 -33.2093
170.158 495.101 -33.2047
182.732 505.403 -57.4608
150.868 515.959 -30.2662
146.596 512.184 -1.62388
164.81 490.702 -1.61908
169.226 494.307 -30.2615
166.795 488.27 1.56901
171.208 491.91 30.1913
188.725 469.575 30.1956
184.172 466.11 1.57393
172.169 492.668 33.1307
184.719 502.959 57.3427
202.628 480.126 57.3455
189.686 470.333 33.135
186.49 504.352 59.584
205.255 519.689 75.72
223.742 496.118 75.7217
204.399 481.519 59.5868
207.564 521.501 76.9246
229.686 539.538 82.5492
248.849 515.103 82.5505
226.052 497.93 76.9262
232.181 541.491 82.538
254.295 559.484 76.8143
274.125 534.193 76.8161
251.343 517.056 82.5393
256.596 561.284 75.5941
275.352 576.514 59.4211
295.743 550.503 59.424
276.426 535.992 75.5959
277.116 577.892 57.1786
289.729 588.12 32.9839
310.494 561.629 32.987
297.507 551.881 57.1815
290.688 588.868 30.057
295.132 592.476 1.49754
316.028 565.817 1.5007
311.452 562.377 30.06
295.132 592.476 -1.66929
290.674 588.87 -30.2099
311.438 562.379 -30.206
316.027 565.817 -1.66613
289.715 588.122 -33.1331
277.122 577.907 -57.2805
297.514 551.895 -57.2752
310.48 561.631 -33.1292
275.36 576.529 -59.5204
256.611 561.29 -75.6945
276.442 535.998 -75.6881
295.751 550.517 -59.5151
254.311 559.489 -76.915
232.204 541.488 -82.6425
251.367 517.052 -82.6357
274.142 534.197 -76.9086
229.71 539.533 -82.6543
207.592 521.488 -77.0361
226.08 497.915 -77.0297
248.873 515.097 -82.6475
205.283 519.675 -75.8323
186.52 504.327 -59.7036
204.428 481.493 -59.6986
223.771 496.102 -75.8259
184.748 502.932 -57.4603
172.174 492.63 -33.2041
189.689 470.294 -33.1993
202.656 480.099 -57.4553
171.211 491.873 -30.261
166.795 488.268 -1.61854
184.172 466.108 -1.61362
188.727 469.538 -30.2562
186.063 463.602 1.57444
190.616 467.067 30.1961
207.269 444.076 30.2005
202.583 440.792 1.57944
191.606 467.787 33.1354
204.547 477.58 57.3459
221.572 454.077 57.349
208.258 444.796 33.1398
206.371 478.903 59.587
225.715 493.501 75.7219
243.289 469.238 75.724
223.396 455.4 59.5901
228.092 495.223 76.9264
250.889 512.396 82.5507
269.104 487.244 82.5525
245.666 470.96 76.9285
253.456 514.253 82.5395
276.238 531.39 76.8163
295.088 505.357 76.8186
271.672 489.101 82.5413
278.606 533.1 75.5962
297.922 547.611 59.4243
317.305 520.838 59.4277
297.456 507.068 75.5985
299.737 548.921 57.1819
312.724 558.669 32.9873
332.462 531.404 32.9907
319.12 522.149 57.1852
313.709 559.381 30.0604
318.285 562.821 1.50106
338.149 535.383 1.50442
333.448 532.116 30.0638
318.284 562.821 -1.66573
313.695 559.383 -30.2056
333.434 532.117 -30.2017
338.148 535.383 -1.66237
312.71 558.672 -33.1287
299.744 548.935 -57.2747
319.128 522.162 -57.2695
332.449 531.406 -33.1248
297.931 547.625 -59.5144
278.622 533.105 -75.6875
297.472 507.072 -75.6813
317.315 520.852 -59.5093
276.255 531.394 -76.9079
253.48 514.248 -82.635
271.696 489.095 -82.6284
295.105 505.361 -76.9017
250.913 512.39 -82.6468
228.12 495.208 -77.029
245.694 470.944 -77.0228
269.129 487.237 -82.6402
225.743 493.486 -75.8252
206.4 478.877 -59.698
223.424 455.373 -59.693
243.317 469.221 -75.819
204.575 477.553 -57.4547
191.608 467.748 -33.1987
208.259 444.757 -33.1939
221.599 454.049 -57.4497
190.617 467.03 -30.2556
186.063 463.6 -1.61308
202.583 440.79 -1.60808
207.268 444.039 -30.2508
204.377 438.213 1.57997
209.063 441.497 30.201
224.83 417.88 30.2056
220.019 414.781 1.58499
210.08 442.178 33.1403
223.393 451.459 57.3494
239.512 427.315 57.3526
225.847 418.56 33.1448
225.267 452.71 59.5904
245.16 466.548 75.7243
261.798 441.624 75.7267
241.386 428.566 59.5937
247.602 468.176 76.9287
271.04 484.461 82.5528
288.285 458.626 82.5549
264.24 443.252 76.9311
273.676 486.218 82.5416
297.092 502.475 76.8189
314.937 475.738 76.8214
290.921 460.383 82.5437
299.523 504.095 75.5988
319.373 517.865 59.428
337.721 490.37 59.4316
317.367 477.358 75.6014
321.235 519.106 57.1856
334.578 528.361 32.9911
353.263 500.361 32.9947
339.583 491.611 57.1892
335.59 529.036 30.0642
340.29 532.303 1.5048
359.093 504.126 1.50831
354.275 501.036 30.0677
340.289 532.303 -1.66197
335.576 529.037 -30.2013
354.261 501.037 -30.1973
359.092 504.126 -1.65847
334.565 528.363 -33.1243
321.244 519.119 -57.2691
339.593 491.624 -57.2639
353.25 500.363 -33.1204
319.383 517.879 -59.5087
299.54 504.099 -75.6807
317.385 477.361 -75.6745
337.732 490.383 -59.5035
297.11 502.478 -76.901
273.7 486.212 -82.6277
290.945 460.377 -82.6213
314.955 475.74 -76.8949
271.065 484.454 -82.6395
247.63 468.161 -77.0221
264.268 443.236 -77.016
288.309 458.618 -82.6331
245.188 466.531 -75.8184
225.295 452.683 -59.6924
241.413 428.539 -59.6874
261.826 441.606 -75.8124
223.42 451.43 -57.4492
210.08 442.139 -33.1933
225.846 418.522 -33.1884
239.538 427.286 -57.4442
209.062 441.46 -30.2502
204.377 438.211 -1.60753
220.019 414.779 -1.60251
224.827 417.842 -30.2453
221.714 412.135 1.58552
226.525 415.233 30.2061
241.388 391.02 30.2105
236.459 388.112 1.59048
227.568 415.873 33.1452
241.232 424.628 57.3531
256.426 399.876 57.3564
242.431 391.66 33.1497
243.153 425.806 59.594
263.566 438.863 75.727
279.248 413.312 75.7295
258.347 401.053 59.5973
266.069 440.397 76.9314
290.113 455.77 82.5552
306.364 429.288 82.5575
281.75 414.846 76.9339
292.814 457.425 82.544
316.83 472.78 76.8217
333.645 445.377 76.8245
309.065 430.943 82.5464
319.32 474.307 75.6018
339.674 487.319 59.4319
356.962 459.141 59.4356
336.135 446.904 75.6045
341.582 488.489 57.1896
355.261 497.24 32.9951
372.866 468.547 32.9988
358.87 460.312 57.1933
356.297 497.876 30.0681
361.116 500.966 1.50872
378.833 472.093 1.51232
373.903 469.184 30.0719
361.115 500.966 -1.65806
356.283 497.878 -30.1969
373.889 469.185 -30.193
378.832 472.093 -1.65446
355.248 497.242 -33.1199
341.591 488.502 -57.2634
358.881 460.324 -57.2584
372.854 468.549 -33.1159
339.685 487.332 -59.5029
319.338 474.31 -75.674
336.154 446.906 -75.668
356.975 459.154 -59.4979
316.848 472.782 -76.8942
292.838 457.419 -82.6206
309.09 430.936 -82.6143
333.664 445.378 -76.8883
290.138 455.762 -82.6324
266.096 440.38 -77.0153
281.778 414.829 -77.0094
306.389 429.28 -82.6261
263.594 438.846 -75.8118
243.181 425.778 -59.6868
258.373 401.025 -59.6818
279.275 413.294 -75.8058
241.258 424.599 -57.4437
227.566 415.835 -33.1879
242.427 391.622 -33.183
256.45 399.847 -57.4387
226.522 415.195 -30.2448
221.714 412.133 -1.60196
236.459 388.11 -1.59699
241.383 390.983 -30.2399
238.053 385.401 1.591
242.982 388.309 30.2111
256.923 363.532 30.2155
251.883 360.82 1.59587
244.049 388.908 33.1501
258.044 397.123 57.3568
272.294 371.796 57.36
257.989 364.131 33.1545
260.009 398.226 59.5976
280.91 410.485 75.7298
295.616 384.342 75.7322
274.259 372.898 59.6008
283.469 411.921 76.9341
308.083 426.363 82.5578
323.321 399.272 82.5601
298.175 385.779 76.9366
310.845 427.915 82.5467
335.425 442.348 76.8248
351.19 414.319 76.8275
326.083 400.823 82.5489
337.971 443.78 75.6049
358.798 456.018 59.436
375.006 427.201 59.4398
353.735 415.75 75.6077
360.748 457.116 57.1938
374.744 465.352 32.9993
391.248 436.01 33.0031
376.956 428.299 57.1975
375.804 465.949 30.0723
380.733 468.859 1.51274
397.341 439.333 1.51639
392.307 436.607 30.0762
380.733 468.859 -1.65405
375.79 465.951 -30.1926
392.294 436.609 -30.1886
397.341 439.333 -1.6504
374.732 465.354 -33.1155
360.76 457.129 -57.2579
376.968 428.31 -57.253
391.236 436.012 -33.1115
358.811 456.03 -59.4973
337.989 443.783 -75.6674
353.755 415.752 -75.6615
375.019 427.212 -59.4924
335.444 442.35 -76.8876
310.87 427.908 -82.6137
326.108 400.816 -82.6074
351.209 414.319 -76.8817
308.108 426.355 -82.6254
283.497 411.904 -77.0087
298.202 385.761 -77.0027
323.346 399.263 -82.6191
280.938 410.467 -75.8052
260.035 398.198 -59.6812
274.283 372.871 -59.6762
295.643 384.324 -75.7992
258.068 397.095 -57.4381
244.045 388.87 -33.1824
257.983 364.094 -33.1776
272.317 371.767 -57.4331
242.977 388.272 -30.2393
238.053 385.399 -1.59644
251.883 360.818 -1.59157
256.915 363.496 -30.2345
253.374 358.048 1.59638
258.414 360.76 30.216
271.416 335.453 30.2203
266.273 332.94 1.60112
259.503 361.318 33.1549
273.807 368.982 57.3604
287.096 343.113 57.3636
272.505 336.01 33.1592
275.813 370.008 59.6011
297.171 381.452 75.7325
310.883 354.754 75.7348
289.102 344.139 59.6043
299.783 382.789 76.9368
324.929 396.282 82.5603
339.135 368.62 82.5623
313.495 356.091 76.9391
327.748 397.728 82.5492
352.854 411.224 76.8278
367.549 382.608 76.8302
341.954 370.066 82.5512
355.452 412.559 75.608
376.722 424.009 59.4402
391.828 394.594 59.4437
370.147 383.943 75.6105
378.712 425.034 57.198
393.004 432.745 33.0036
408.386 402.799 33.0074
393.818 395.619 57.2015
394.084 433.303 30.0766
399.118 436.029 1.51682
414.597 405.897 1.52046
409.466 403.357 30.0804
399.118 436.029 -1.65
394.071 433.305 -30.1882
409.454 403.358 -30.1843
414.596 405.897 -1.64637
392.991 432.747 -33.1111
378.724 425.045 -57.2525
393.832 395.63 -57.2475
408.374 402.8 -33.1072
376.736 424.02 -59.4918
355.471 412.561 -75.6609
370.167 383.944 -75.6549
391.843 394.605 -59.4868
352.874 411.224 -76.881
327.772 397.721 -82.6067
341.978 370.057 -82.6003
367.569 382.608 -76.875
324.954 396.274 -82.6184
299.81 382.772 -77.002
313.522 356.074 -76.996
339.16 368.611 -82.612
297.197 381.434 -75.7986
275.838 369.98 -59.6755
289.125 344.112 -59.6706
310.909 354.736 -75.7925
273.83 368.954 -57.4325
259.497 361.281 -33.177
272.496 335.975 -33.1723
287.117 343.086 -57.4276
258.406 360.725 -30.234
253.374 358.046 -1.59103
266.273 332.938 -1.58629
271.406 335.419 -30.2293
267.659 330.112 1.6016
272.802 332.624 30.2207
284.851 306.82 30.2248
279.613 304.51 1.60615
273.912 333.139 33.1595
288.503 340.242 57.364
300.817 313.867 57.3668
285.961 307.334 33.1636
290.547 341.19 59.6045
312.328 351.805 75.735
325.032 324.588 75.7367
302.861 314.815 59.6073
314.99 353.042 76.9393
340.629 365.57 82.5624
353.788 337.375 82.5637
327.694 325.825 76.9409
343.5 366.909 82.5514
369.096 379.451 76.8305
382.705 350.291 76.8323
356.659 338.714 82.5527
371.741 380.689 75.6108
393.423 391.34 59.4441
407.411 361.372 59.4473
385.351 351.529 75.6127
395.449 392.291 57.202
410.017 399.47 33.0078
424.26 368.965 33.0115
409.438 362.323 57.2052
411.117 399.988 30.0808
416.248 402.528 1.52088
430.581 371.835 1.52445
425.36 369.483 30.0845
416.247 402.528 -1.64597
411.105 399.989 -30.1839
425.348 369.483 -30.1801
430.58 371.835 -1.6424
410.005 399.471 -33.1067
395.463 392.301 -57.247
409.453 362.332 -57.242
424.248 368.966 -33.1029
393.438 391.35 -59.4862
371.761 380.689 -75.6543
385.371 351.529 -75.6479
407.428 361.381 -59.4811
369.116 379.451 -76.8743
343.525 366.9 -82.5996
356.684 338.705 -82.5927
382.726 350.291 -76.8679
340.654 365.561 -82.6113
315.016 353.025 -76.9952
327.719 325.808 -76.9889
353.813 337.366 -82.6044
312.354 351.787 -75.7919
290.57 341.163 -59.6699
302.882 314.789 -59.6648
325.058 324.571 -75.7855
288.524 340.215 -57.427
273.903 333.104 -33.1718
285.95 307.301 -33.1672
300.836 313.841 -57.4219
272.792 332.591 -30.2287
267.659 330.11 -1.58577
279.613 304.509 -1.58122
284.839 306.788 -30.2242
280.893 301.629 1.60662
286.131 303.938 30.2253
297.214 277.67 30.2291
291.89 275.567 1.61093
287.26 304.409 33.164
302.116 310.942 57.3671
313.441 284.095 57.3694
298.343 278.141 33.1677
304.195 311.81 59.6075
326.366 321.584 75.7369
338.049 293.884 75.7377
315.52 284.963 59.6098
329.073 322.719 76.941
355.167 334.269 82.5638
367.266 305.581 82.564
340.755 295.019 76.9418
358.087 335.499 82.5528
384.132 347.077 76.8325
396.642 317.416 76.8334
370.185 306.811 82.553
386.822 348.216 75.613
408.883 358.059 59.4476
421.74 327.583 59.4504
399.332 318.555 75.6139
410.943 358.935 57.2057
425.765 365.577 33.0119
438.855 334.559 33.0155
423.8 328.459 57.2084
426.884 366.055 30.0849
432.104 368.406 1.52486
445.276 337.198 1.52831
439.974 335.037 30.0884
432.103 368.406 -1.64201
426.871 366.055 -30.1797
439.962 335.037 -30.1759
445.276 337.198 -1.63856
425.753 365.578 -33.1024
410.958 358.944 -57.2415
423.816 328.466 -57.2362
438.844 334.559 -33.0986
408.899 358.067 -59.4805
386.843 348.216 -75.6473
399.354 318.554 -75.6403
421.758 327.59 -59.4752
384.153 347.076 -76.8671
358.111 335.491 -82.5919
370.21 306.803 -82.5842
396.664 317.414 -76.8601
355.192 334.26 -82.6036
329.098 322.702 -76.9881
340.78 295.004 -76.9811
367.291 305.572 -82.5959
326.392 321.567 -75.7848
304.216 311.785 -59.6642
315.541 284.94 -59.6589
338.074 293.868 -75.7779
302.136 310.916 -57.4214
287.249 304.376 -33.1666
298.33 278.111 -33.1621
313.46 284.071 -57.4161
286.119 303.907 -30.2237
280.893 301.627 -1.58071
291.889 275.566 -1.57639
297.2 277.641 -30.2191
293.063 272.636 1.61136
298.387 274.739 30.2295
308.494 248.041 30.2328
303.091 246.148 1.6154
299.533 275.166 33.168
314.632 281.12 57.3697
324.959 253.836 57.3712
309.641 248.468 33.1713
316.742 281.908 59.6099
339.271 290.829 75.7378
349.921 262.683 75.7371
327.069 254.624 59.6114
342.018 291.861 76.9418
368.529 302.423 82.5639
379.555 273.282 82.5621
352.669 263.716 76.9411
371.492 303.544 82.553
397.949 314.148 76.8333
409.348 284.029 76.8325
382.518 274.402 82.5511
400.679 315.188 75.6141
423.086 324.216 59.4506
434.8 293.277 59.4523
412.078 285.068 75.6132
425.177 325.016 57.2087
440.233 331.117 33.0158
452.159 299.633 33.0189
436.891 294.078 57.2105
441.368 331.554 30.0888
446.671 333.715 1.52869
458.673 302.038 1.53197
453.295 300.07 30.0919
446.67 333.715 -1.63817
441.356 331.554 -30.1755
453.284 300.069 -30.1716
458.672 302.038 -1.63488
440.222 331.117 -33.0982
425.194 325.024 -57.2358
436.909 294.084 -57.2299
452.149 299.632 -33.0943
423.104 324.223 -59.4745
400.7 315.187 -75.6396
412.1 285.067 -75.6313
434.82 293.283 -59.4687
397.971 314.147 -76.8592
371.516 303.536 -82.5834
382.543 274.395 -82.5741
409.371 284.026 -76.8509
368.553 302.414 -82.595
342.043 291.846 -76.9802
352.693 263.702 -76.9722
379.58 273.273 -82.5857
339.296 290.813 -75.7771
316.763 281.885 -59.6581
327.089 254.603 -59.6524
349.946 262.669 -75.7691
314.65 281.096 -57.4155
299.52 275.136 -33.1615
309.626 248.441 -33.1571
324.976 253.814 -57.4098
298.373 274.71 -30.2186
293.062 272.635 -1.5759
303.09 246.146 -1.57186
308.478 248.015 -30.2142
304.155 243.171 1.61579
309.558 245.064 30.2332
318.682 217.969 30.236
313.208 216.289 1.6195
310.721 245.447 33.1716
326.039 250.814 57.3714
335.36 223.126 57.372
319.844 218.352 33.1743
328.178 251.521 59.6113
351.03 259.581 75.7371
360.641 231.025 75.7347
337.499 223.833 59.6119
353.814 260.509 76.9408
380.701 270.075 82.5618
390.648 240.52 82.5574
363.425 231.953 76.9385
383.703 271.087 82.5509
410.533 280.713 76.8322
420.812 250.178 76.8289
393.65 241.531 82.5465
413.299 281.652 75.6132
436.021 289.861 59.4523
446.584 258.507 59.4526
423.578 251.118 75.6099
438.14 290.586 57.2107
453.408 296.142 33.0191
464.163 264.239 33.0215
448.703 259.232 57.211
454.559 296.538 30.0922
459.937 298.506 1.53229
470.761 266.407 1.53535
465.314 264.635 30.0946
459.936 298.506 -1.63447
454.548 296.536 -30.1712
465.304 264.632 -30.1671
470.76 266.406 -1.63141
453.398 296.141 -33.0938
438.158 290.592 -57.2294
448.722 259.236 -57.2227
464.154 264.236 -33.0897
436.041 289.867 -59.4679
413.321 281.651 -75.6305
423.602 251.115 -75.6203
446.605 258.511 -59.4612
410.555 280.711 -76.8498
383.728 271.079 -82.5731
393.675 241.524 -82.5618
420.836 250.175 -76.8397
380.726 270.067 -82.5847
353.839 260.496 -76.9712
363.449 231.941 -76.9619
390.673 240.512 -82.5734
351.054 259.567 -75.7683
328.197 251.501 -59.6515
337.517 223.816 -59.6453
360.665 231.012 -75.759
326.056 250.793 -57.4092
310.706 245.42 -33.1565
319.828 218.329 -33.152
335.376 223.108 -57.403
309.542 245.039 -30.2137
304.154 243.17 -1.5714
313.207 216.288 -1.56769
318.665 217.947 -30.2093
314.163 213.27 1.61984
319.637 214.95 30.2363
327.772 187.491 30.2383
322.236 186.028 1.62318
320.814 215.287 33.1745
336.329 220.062 57.3722
344.638 192.001 57.3718
328.949 187.828 33.1765
338.494 220.687 59.6117
361.636 227.879 75.7345
370.201 198.945 75.7304
346.803 192.627 59.6113
364.452 228.703 76.938
391.675 237.27 82.5568
400.536 207.339 82.5495
373.018 199.77 76.9339
394.712 238.172 82.5459
421.874 246.819 76.8283
431.028 215.914 76.8218
403.574 208.241 82.5386
424.673 247.659 75.6096
447.678 255.047 59.4524
457.084 223.324 59.4506
433.827 216.754 75.6031
449.822 255.697 57.2111
465.283 260.704 33.0216
474.861 228.427 33.0229
459.228 223.973 57.2094
466.447 261.058 30.0948
471.894 262.83 1.53556
481.535 230.351 1.5383
476.026 228.782 30.0961
471.893 262.83 -1.63096
466.437 261.055 -30.1667
476.017 228.778 -30.1621
481.535 230.351 -1.62822
465.274 260.701 -33.089
449.842 255.7 -57.2221
459.249 223.975 -57.2141
474.853 228.423 -33.0845
447.7 255.051 -59.4603
424.697 247.656 -75.6194
433.852 216.75 -75.6069
457.107 223.326 -59.4523
421.898 246.816 -76.8384
394.738 238.164 -82.5606
403.6 208.234 -82.5471
431.054 215.91 -76.8259
391.701 237.262 -82.5722
364.477 228.692 -76.9606
373.043 199.761 -76.9502
400.563 207.333 -82.5587
361.66 227.867 -75.7581
338.512 220.67 -59.6444
346.822 192.614 -59.6376
370.226 198.936 -75.7476
336.345 220.044 -57.4024
320.797 215.265 -33.1514
328.932 187.811 -33.1468
344.654 191.988 -57.3956
319.62 214.929 -30.2088
314.162 213.269 -1.56725
322.235 186.027 -1.56391
327.754 187.474 -30.2042
323.082 182.971 1.62348
328.618 184.434 30.2386
335.765 156.643 30.2394
330.176 155.404 1.62644
329.807 184.725 33.1765
345.497 188.898 57.3718
352.794 160.495 57.37
336.954 156.934 33.1773
347.684 189.441 59.6109
371.082 195.759 75.73
378.6 166.481 75.7239
354.981 161.038 59.6091
373.927 196.48 76.933
401.445 204.05 82.5486
409.217 173.782 82.5376
381.445 167.201 76.9269
404.513 204.842 82.5376
431.968 212.515 76.8209
439.991 181.285 76.8095
412.285 174.574 82.5266
434.794 213.256 75.6025
458.051 219.827 59.4501
466.293 187.784 59.4446
442.817 182.027 75.5911
460.217 220.4 57.2091
475.851 224.854 33.0226
484.246 192.249 33.0215
468.459 188.357 57.2037
477.028 225.166 30.0961
482.537 226.735 1.53832
490.991 193.916 1.54059
485.423 192.561 30.0949
482.537 226.734 -1.62767
477.019 225.161 -30.1616
485.416 192.555 -30.1556
490.991 193.915 -1.62539
475.843 224.849 -33.0836
460.239 220.401 -57.2133
468.484 188.355 -57.2029
484.24 192.243 -33.0776
458.075 219.828 -59.4511
434.82 213.252 -75.6056
442.845 182.022 -75.5894
466.319 187.782 -59.4408
431.993 212.511 -76.8243
404.539 204.836 -82.5455
412.313 174.569 -82.5293
440.019 181.281 -76.8081
401.472 204.043 -82.5572
373.952 196.471 -76.9487
381.471 167.196 -76.9368
409.245 173.776 -82.5409
371.106 195.75 -75.7466
347.702 189.428 -59.6366
355 161.031 -59.6287
378.625 166.475 -75.7347
345.513 188.885 -57.395
329.79 184.708 -33.1462
336.937 156.924 -33.1409
352.811 160.488 -57.3872
328.6 184.418 -30.2038
323.081 182.97 -1.56349
330.175 155.403 -1.56053
335.747 156.633 -30.1985
330.913 152.312 1.62657
336.502 153.552 30.2395
342.674 125.465 30.234
337.042 124.46 1.62921
337.702 153.796 33.1768
353.542 157.356 57.3696
359.835 128.642 57.3575
343.873 125.709 33.1713
355.747 157.816 59.608
379.366 163.258 75.7228
385.838 133.665 75.7042
362.04 129.102 59.5959
382.235 163.876 76.9252
410.007 170.456 82.5358
416.684 139.89 82.5105
388.706 134.283 76.9065
413.1 171.141 82.5246
440.806 177.853 76.8075
447.685 146.346 76.7807
419.777 140.575 82.4992
443.656 178.496 75.5896
467.132 184.254 59.443
474.192 151.945 59.4253
450.536 146.99 75.5628
469.317 184.75 57.2026
485.105 188.642 33.0204
492.298 155.75 33.0118
476.377 152.441 57.1848
486.293 188.91 30.0945
491.861 190.265 1.54019
499.11 157.138 1.54173
493.486 156.018 30.0859
491.86 190.264 -1.62457
486.285 188.904 -30.1548
493.481 156.008 -30.1431
499.109 157.137 -1.62303
485.099 188.635 -33.0761
469.342 184.748 -57.2014
476.407 152.435 -57.1809
492.295 155.74 -33.0645
467.159 184.252 -59.4388
443.685 178.491 -75.5874
450.567 146.984 -75.5577
474.223 151.939 -59.4183
440.834 177.848 -76.8057
413.128 171.136 -82.5268
419.808 140.571 -82.4975
447.717 146.34 -76.7759
410.035 170.451 -82.5386
382.261 163.871 -76.9345
388.735 134.282 -76.9108
416.715 139.886 -82.5093
379.392 163.253 -75.7329
355.766 157.81 -59.627
362.062 129.104 -59.6089
385.866 133.665 -75.7092
353.558 157.35 -57.3861
337.684 153.786 -33.1398
343.857 125.709 -33.1284
359.854 128.644 -57.368
336.484 153.542 -30.1979
330.912 152.312 -1.55998
337.041 124.459 -1.55733
342.657 125.465 -30.1866
337.675 121.34 1.62808
343.307 122.345 30.2328
348.569 94.0197 30.1869
342.911 93.2634 1.63032
344.514 122.54 33.1673
360.475 125.473 57.3535
365.811 96.4976 57.2666
349.776 94.2143 33.1214
362.694 125.848 59.5894
386.491 130.412 75.6977
391.931 100.553 75.5856
368.03 96.8724 59.5026
389.377 130.926 76.8989
417.354 136.534 82.5028
422.913 105.717 82.385
394.816 101.068 76.7868
420.465 137.114 82.4917
448.373 142.885 76.7731
454.055 111.154 76.666
426.024 106.297 82.3739
451.241 143.433 75.5566
474.898 148.387 59.4191
480.696 115.871 59.3406
456.923 111.702 75.4495
477.099 148.806 57.1803
493.019 152.115 33.0073
498.92 118.962 32.9671
482.897 116.29 57.1018
494.216 152.335 30.0842
499.84 153.455 1.54006
505.792 120.036 1.54071
500.117 119.183 30.0441
499.84 153.454 -1.62117
494.212 152.325 -30.1412
500.119 119.168 -30.1007
505.792 120.035 -1.62052
493.017 152.105 -33.0598
477.128 148.8 -57.1763
482.933 116.278 -57.0987
498.923 118.948 -33.0192
474.929 148.381 -59.412
451.274 143.426 -75.5514
456.96 111.694 -75.4437
480.734 115.86 -59.3344
448.406 142.879 -76.7681
420.496 137.11 -82.4897
426.059 106.295 -82.3697
454.092 111.147 -76.6604
417.386 136.53 -82.5012
389.406 130.926 -76.9027
394.849 101.073 -76.7864
422.948 105.716 -82.3813
386.52 130.412 -75.7022
362.716 125.851 -59.6019
368.056 96.8868 -59.5085
391.963 100.559 -75.5859
360.495 125.476 -57.3634
344.498 122.541 -33.1238
349.764 94.2301 -33.0722
365.835 96.5123 -57.27
343.29 122.346 -30.1848
337.674 121.34 -1.55555
342.91 93.2638 -1.55332
348.556 94.035 -30.1332
343.465 90.1298 1.62117
349.123 90.8861 30.1778
353.838 62.4983 29.8943
348.207 61.9938 1.62082
350.33 91.0303 33.0951
366.364 93.3136 57.2404
371.005 64.2725 56.7184
355.045 62.6425 32.8117
368.583 93.6025 59.4641
392.484 97.2831 75.5471
397.006 67.3416 74.8825
373.224 64.5613 58.9421
395.368 97.694 76.7432
423.465 102.344 82.3414
427.855 71.4163 81.6639
399.89 67.7525 76.0785
426.576 102.819 82.3327
454.607 107.675 76.6248
458.882 75.8161 76.0415
430.965 71.8911 81.6552
457.476 108.129 75.4164
481.249 112.298 59.3074
485.416 79.6645 58.871
461.751 76.2697 74.8331
483.454 112.633 57.0788
499.477 115.306 32.9442
503.623 81.8706 32.7279
487.621 80.0002 56.6424
500.676 115.47 30.0366
506.351 116.323 1.5332
510.478 82.5717 1.53528
504.823 82.0343 29.8203
506.351 116.322 -1.61289
500.678 115.455 -30.093
504.835 82.0132 -29.8777
510.478 82.5707 -1.6108
499.481 115.291 -32.9965
483.491 112.622 -57.076
487.664 79.9829 -56.6451
503.638 81.8487 -32.7811
481.287 112.286 -59.3015
457.513 108.121 -75.4108
461.791 76.2599 -74.8286
485.461 79.6479 -58.8706
454.645 107.668 -76.6192
426.612 102.816 -82.3286
431.004 71.8903 -81.6511
458.922 75.807 -76.0371
423.501 102.342 -82.3375
395.402 97.6997 -76.7425
399.927 67.7637 -76.0762
427.894 71.4163 -81.66
392.517 97.2899 -75.5468
368.61 93.6178 -59.4694
373.259 64.5874 -58.9393
397.042 67.3539 -74.8804
366.389 93.3299 -57.2432
350.319 91.0477 -33.0453
355.044 62.6777 -32.7586
371.038 64.2995 -56.7131
349.11 90.9023 -30.1237
343.465 90.1311 -1.54378
348.207 61.9951 -1.54413
353.836 62.5323 -29.837
348.843 58.9177 1.57248
354.475 59.4222 29.846
361.153 32.0895 28.54
355.785 31.536 1.56793
355.645 59.5446 32.6779
371.606 61.1745 56.5846
377.53 33.935 54.1785
362.323 32.2118 31.3719
373.762 61.4216 58.7494
397.544 64.2019 74.6898
402.356 36.9413 71.5572
379.687 34.182 56.3433
400.355 64.5537 75.8604
428.32 68.2174 81.4457
431.846 40.7429 78.0792
405.167 37.2931 72.7277
431.356 68.6242 81.4452
459.273 72.5492 75.8315
461.543 44.7434 72.7562
434.882 41.1497 78.0787
462.075 72.9383 74.6605
485.741 76.3332 58.6985
486.956 48.2277 56.37
464.345 45.1326 71.5853
487.89 76.6187 56.5355
503.892 78.4892 32.621
504.294 50.4453 31.3443
489.106 48.5133 54.207
505.065 78.6265 29.7846
510.72 79.1639 1.49959
510.8 51.1825 1.5042
505.467 50.5826 28.508
510.721 79.1619 -1.57482
505.078 78.6043 -29.8417
505.472 50.5286 -28.5548
510.8 51.1804 -1.57021
503.907 78.4654 -32.6739
487.933 76.5996 -56.5379
489.143 48.4648 -54.2037
504.301 50.3897 -31.387
485.786 76.3155 -58.698
462.116 72.9275 -74.656
464.382 45.1183 -71.5809
486.996 48.1807 -56.3638
459.313 72.54 -75.8271
431.395 68.6233 -81.4412
434.917 41.1506 -78.0765
461.579 44.7308 -72.752
428.359 68.2178 -81.442
400.392 64.5652 -75.8581
405.198 37.3111 -72.7286
431.88 40.7452 -78.0772
397.581 64.2155 -74.6879
373.797 61.4491 -58.7469
379.711 34.2379 -56.3481
402.387 36.9614 -71.5584
371.638 61.2038 -56.5793
355.644 59.582 -32.6248
362.312 32.274 -31.3288
377.552 33.9926 -54.1806
354.472 59.4574 -29.7889
348.843 58.9202 -1.4961
355.784 31.5385 -1.50065
361.14 32.1494 -28.4929
356.6 28.5629 1.48228
361.968 29.1163 28.4544
369.713 2.84149 26.6638
364.703 2.28058 1.47077
363.073 29.2428 31.1296
378.28 30.966 53.9361
385.009 4.69038 50.6467
370.817 2.968 29.339
380.316 31.2119 55.9806
402.985 33.9712 71.1945
408.221 7.58201 66.8917
387.045 4.93634 52.6912
405.639 34.3062 72.2996
432.318 37.7561 77.6511
435.8 11.1077 72.965
410.875 7.91706 67.9968
435.186 38.131 77.6505
461.848 41.7247 72.3281
463.565 14.7257 67.9607
438.668 11.4826 72.9644
464.495 42.0791 71.223
487.106 45.1742 56.0077
487.316 17.8994 52.6453
466.213 15.0802 66.8556
489.135 45.444 53.963
504.324 47.376 31.1004
503.493 20.0183 29.2802
489.345 18.1691 50.6006
505.426 47.5141 28.422
510.758 48.1139 1.41824
509.56 20.738 1.43201
504.595 20.1564 26.6019
510.758 48.1101 -1.48231
505.43 47.4583 -28.4669
504.593 20.0704 -26.6237
509.56 20.7342 -1.46854
504.33 47.317 -31.1416
489.172 45.3921 -53.9584
489.367 18.0958 -50.5897
503.493 19.9292 -29.2985
487.144 45.1259 -56.0012
464.53 42.0635 -71.2183
466.233 15.0697 -66.8531
487.34 17.8295 -52.6325
461.883 41.7121 -72.324
435.22 38.1319 -77.6485
438.687 11.4829 -72.9634
463.585 14.7183 -67.9588
432.351 37.7584 -77.6492
405.67 34.3243 -72.3006
410.893 7.92985 -67.9981
435.818 11.1093 -72.9641
403.015 33.9926 -71.1962
380.339 31.2691 -55.9859
387.05 5.00915 -52.7028
408.238 7.59815 -66.8937
378.301 31.0263 -53.9395
363.061 29.3077 -31.0877
370.793 3.05614 -29.3171
385.011 4.76636 -50.6564
361.955 29.1777 -28.4089
356.599 28.5668 -1.41672
364.702 2.28447 -1.42822
369.687 2.92611 -26.6383
365.684 -0.368148 1.34372
370.694 0.192755 26.5368
380.295 -21.3623 23.7766
375.872 -21.9839 1.32485
371.7 0.321775 28.9837
385.892 2.04415 50.2914
393.9 -19.4741 45.2539
381.301 -21.2333 26.2235
387.751 2.28466 52.1629
408.928 4.93032 66.3634
414.643 -16.7034 59.796
395.76 -19.2336 47.1254
411.355 5.24522 67.3727
436.28 8.43589 72.3409
439.307 -13.438 65.1972
417.07 -16.3885 60.8054
438.903 8.77883 72.3368
463.8 12.0219 67.333
464.114 -10.1633 60.6685
441.93 -13.0951 65.1931
466.22 12.3415 66.3184
487.324 15.1607 52.108
485.298 -7.36842 46.9338
466.535 -9.84368 59.6538
489.175 15.4064 50.2384
503.322 17.2556 28.918
499.663 -5.47333 26.0992
487.149 -7.12278 45.0641
504.325 17.3854 26.4759
509.29 17.9671 1.30608
505.054 -4.76506 1.32228
500.665 -5.34348 23.6571
509.29 17.9646 -1.33831
504.323 17.3008 -26.4935
500.665 -5.34609 -23.6569
505.055 -4.76751 -1.32211
503.321 17.1687 -28.9355
489.195 15.3354 -50.2268
487.149 -7.12786 -45.0641
499.663 -5.4782 -26.0989
487.345 15.0923 -52.0963
466.238 12.3324 -66.3168
466.535 -9.84628 -59.6538
485.298 -7.37095 -46.9336
463.818 12.0148 -67.3313
438.92 8.77935 -72.3359
441.931 -13.0957 -65.1929
464.115 -10.1639 -60.6683
436.297 8.43693 -72.34
411.371 5.25746 -67.374
417.071 -16.3884 -60.8052
439.308 -13.4381 -65.197
408.943 4.94441 -66.3646
387.754 2.35541 -52.1736
395.76 -19.2315 -47.1252
414.643 -16.7015 -59.7958
385.894 2.11743 -50.3019
371.675 0.407211 -28.9626
381.3 -21.2286 -26.2231
393.899 -19.4695 -45.2535
370.669 0.275972 -26.5155
365.684 -0.365675 -1.30543
375.872 -21.9814 -1.3243
380.294 -21.3599 -23.776
-174.639 767.059 25.6618
-176.926 762.504 -0.0773017
-174.632 767.055 -25.8154
-168.052 780.013 -47.6572
-158.072 799.382 -62.2661
-146.145 822.175 -67.3876
-134.109 844.902 -62.2414
-123.882 864.141 -47.6411
-117.067 877.011 -25.8178
-114.688 881.545 -0.0779069
-117.076 877.022 25.6624
-123.884 864.148 47.4835
-134.109 844.909 62.0836
-146.142 822.181 67.2308
-158.067 799.387 62.1099
-168.056 780.019 47.5048
382.635 -22.3855 1.31945e-05
387.058 -21.764 22.4517
399.656 -20.0048 41.4821
418.539 -17.4746 54.1528
440.776 -14.5241 58.5446
462.96 -11.5923 54.02
481.723 -9.11705 41.3
494.237 -7.4676 22.335
498.627 -6.88918 0.000239176
494.237 -7.46776 -22.3346
481.723 -9.11742 -41.2997
462.96 -11.5927 -54.0199
440.776 -14.5245 -58.5445
418.539 -17.4748 -54.1527
399.656 -20.0049 -41.4821
387.058 -21.764 -22.4517
</DataArray>
</Points>
<Cells>
<DataArray type="Int32" Name="connectivity" format="ascii">
0 1 2 3 
4 5 6 7 
8 9 10 11 
12 13 14 15 
16 17 18 19 
20 21 22 23 
24 25 26 27 
28 29 30 31 
32 33 34 35 
36 37 38 39 
40 41 42 43 
44 45 46 47 
48 49 50 51 
52 53 54 55 
56 57 58 59 
60 61 62 63 
64 65 66 67 
68 69 70 71 
72 73 74 75 
76 77 78 79 
80 81 82 83 
84 85 86 87 
88 89 90 91 
92 93 94 95 
96 97 98 99 
100 101 102 103 
104 105 106 107 
108 109 110 111 
112 113 114 115 
116 117 118 119 
120 121 122 123 
124 125 126 127 
128 129 130 131 
132 133 134 135 
136 137 138 139 
140 141 142 143 
144 145 146 147 
148 149 150 151 
152 153 154 155 
156 157 158 159 
160 161 162 163 
164 165 166 167 
168 169 170 171 
172 173 174 175 
176 177 178 179 
180 181 182 183 
184 185 186 187 
188 189 190 191 
192 193 194 195 
196 197 198 199 
200 201 202 203 
204 205 206 207 
208 209 210 211 
212 213 214 215 
216 217 218 219 
220 221 222 223 
224 225 226 227 
228 229 230 231 
232 233 234 235 
236 237 238 239 
240 241 242 243 
244 245 246 247 
248 249 250 251 
252 253 254 255 
256 257 258 259 
260 261 262 263 
264 265 266 267 
268 269 270 271 
272 273 274 275 
276 277 278 279 
280 281 282 283 
284 285 286 287 
288 289 290 291 
292 293 294 295 
296 297 298 299 
300 301 302 303 
304 305 306 307 
308 309 310 311 
312 313 314 315 
316 317 318 319 
320 321 322 323 
324 325 326 327 
328 329 330 331 
332 333 334 335 
336 337 338 339 
340 341 342 343 
344 345 346 347 
348 349 350 351 
352 353 354 355 
356 357 358 359 
360 361 362 363 
364 365 366 367 
368 369 370 371 
372 373 374 375 
376 377 378 379 
380 381 382 383 
384 385 386 387 
388 389 390 391 
392 393 394 395 
396 397 398 399 
400 401 402 403 
404 405 406 407 
408 409 410 411 
412 413 414 415 
416 417 418 419 
420 421 422 423 
424 425 426 427 
428 429 430 431 
432 433 434 435 
436 437 438 439 
440 441 442 443 
444 445 446 447 
448 449 450 451 
452 453 454 455 
456 457 458 459 
460 461 462 463 
464 465 466 467 
468 469 470 471 
472 473 474 475 
476 477 478 479 
480 481 482 483 
484 485 486 487 
488 489 490 491 
492 493 494 495 
496 497 498 499 
500 501 502 503 
504 505 506 507 
508 509 510 511 
512 513 514 515 
516 517 518 519 
520 521 522 523 
524 525 526 527 
528 529 530 531 
532 533 534 535 
536 537 538 539 
540 541 542 543 
544 545 546 547 
548 549 550 551 
552 553 554 555 
556 557 558 559 
560 561 562 563 
564 565 566 567 
568 569 570 571 
572 573 574 575 
576 577 578 579 
580 581 582 583 
584 585 586 587 
588 589 590 591 
592 593 594 595 
596 597 598 599 
600 601 602 603 
604 605 606 607 
608 609 610 611 
612 613 614 615 
616 617 618 619 
620 621 622 623 
624 625 626 627 
628 629 630 631 
632 633 634 635 
636 637 638 639 
640 641 642 643 
644 645 646 647 
648 649 650 651 
652 653 654 655 
656 657 658 659 
660 661 662 663 
664 665 666 667 
668 669 670 671 
672 673 674 675 
676 677 678 679 
680 681 682 683 
684 685 686 687 
688 689 690 691 
692 693 694 695 
696 697 698 699 
700 701 702 703 
704 705 706 707 
708 709 710 711 
712 713 714 715 
716 717 718 719 
720 721 722 723 
724 725 726 727 
728 729 730 731 
732 733 734 735 
736 737 738 739 
740 741 742 743 
744 745 746 747 
748 749 750 751 
752 753 754 755 
756 757 758 759 
760 761 762 763 
764 765 766 767 
768 769 770 771 
772 773 774 775 
776 777 778 779 
780 781 782 783 
784 785 786 787 
788 789 790 791 
792 793 794 795 
796 797 798 799 
800 801 802 803 
804 805 806 807 
808 809 810 811 
812 813 814 815 
816 817 818 819 
820 821 822 823 
824 825 826 827 
828 829 830 831 
832 833 834 835 
836 837 838 839 
840 841 842 843 
844 845 846 847 
848 849 850 851 
852 853 854 855 
856 857 858 859 
860 861 862 863 
864 865 866 867 
868 869 870 871 
872 873 874 875 
876 877 878 879 
880 881 882 883 
884 885 886 887 
888 889 890 891 
892 893 894 895 
896 897 898 899 
900 901 902 903 
904 905 906 907 
908 909 910 911 
912 913 914 915 
916 917 918 919 
920 921 922 923 
924 925 926 927 
928 929 930 931 
932 933 934 935 
936 937 938 939 
940 941 942 943 
944 945 946 947 
948 949 950 951 
952 953 954 955 
956 957 958 959 
960 961 962 963 
964 965 966 967 
968 969 970 971 
972 973 974 975 
976 977 978 979 
980 981 982 983 
984 985 986 987 
988 989 990 991 
992 993 994 995 
996 997 998 999 
1000 1001 1002 1003 
1004 1005 1006 1007 
1008 1009 1010 1011 
1012 1013 1014 1015 
1016 1017 1018 1019 
1020 1021 1022 1023 
1024 1025 1026 1027 
1028 1029 1030 1031 
1032 1033 1034 1035 
1036 1037 1038 1039 
1040 1041 1042 1043 
1044 1045 1046 1047 
1048 1049 1050 1051 
1052 1053 1054 1055 
1056 1057 1058 1059 
1060 1061 1062 1063 
1064 1065 1066 1067 
1068 1069 1070 1071 
1072 1073 1074 1075 
1076 1077 1078 1079 
1080 1081 1082 1083 
1084 1085 1086 1087 
1088 1089 1090 1091 
1092 1093 1094 1095 
1096 1097 1098 1099 
1100 1101 1102 1103 
1104 1105 1106 1107 
1108 1109 1110 1111 
1112 1113 1114 1115 
1116 1117 1118 1119 
1120 1121 1122 1123 
1124 1125 1126 1127 
1128 1129 1130 1131 
1132 1133 1134 1135 
1136 1137 1138 1139 
1140 1141 1142 1143 
1144 1145 1146 1147 
1148 1149 1150 1151 
1152 1153 1154 1155 
1156 1157 1158 1159 
1160 1161 1162 1163 
1164 1165 1166 1167 
1168 1169 1170 1171 
1172 1173 1174 1175 
1176 1177 1178 1179 
1180 1181 1182 1183 
1184 1185 1186 1187 
1188 1189 1190 1191 
1192 1193 1194 1195 
1196 1197 1198 1199 
1200 1201 1202 1203 
1204 1205 1206 1207 
1208 1209 1210 1211 
1212 1213 1214 1215 
1216 1217 1218 1219 
1220 1221 1222 1223 
1224 1225 1226 1227 
1228 1229 1230 1231 
1232 1233 1234 1235 
1236 1237 1238 1239 
1240 1241 1242 1243 
1244 1245 1246 1247 
1248 1249 1250 1251 
1252 1253 1254 1255 
1256 1257 1258 1259 
1260 1261 1262 1263 
1264 1265 1266 1267 
1268 1269 1270 1271 
1272 1273 1274 1275 
1276 1277 1278 1279 
1280 1281 1282 1283 
1284 1285 1286 1287 
1288 1289 1290 1291 
1292 1293 1294 1295 
1296 1297 1298 1299 
1300 1301 1302 1303 
1304 1305 1306 1307 
1308 1309 1310 1311 
1312 1313 1314 1315 
1316 1317 1318 1319 
1320 1321 1322 1323 
1324 1325 1326 1327 
1328 1329 1330 1331 
1332 1333 1334 1335 
1336 1337 1338 1339 
1340 1341 1342 1343 
1344 1345 1346 1347 
1348 1349 1350 1351 
1352 1353 1354 1355 
1356 1357 1358 1359 
1360 1361 1362 1363 
1364 1365 1366 1367 
1368 1369 1370 1371 
1372 1373 1374 1375 
1376 1377 1378 1379 
1380 1381 1382 1383 
1384 1385 1386 1387 
1388 1389 1390 1391 
1392 1393 1394 1395 
1396 1397 1398 1399 
1400 1401 1402 1403 
1404 1405 1406 1407 
1408 1409 1410 1411 
1412 1413 1414 1415 
1416 1417 1418 1419 
1420 1421 1422 1423 
1424 1425 1426 1427 
1428 1429 1430 1431 
1432 1433 1434 1435 
1436 1437 1438 1439 
1440 1441 1442 1443 
1444 1445 1446 1447 
1448 1449 1450 1451 
1452 1453 1454 1455 
1456 1457 1458 1459 
1460 1461 1462 1463 
1464 1465 1466 1467 
1468 1469 1470 1471 
1472 1473 1474 1475 
1476 1477 1478 1479 
1480 1481 1482 1483 
1484 1485 1486 1487 
1488 1489 1490 1491 
1492 1493 1494 1495 
1496 1497 1498 1499 
1500 1501 1502 1503 
1504 1505 1506 1507 
1508 1509 1510 1511 
1512 1513 1514 1515 
1516 1517 1518 1519 
1520 1521 1522 1523 
1524 1525 1526 1527 
1528 1529 1530 1531 
1532 1533 1534 1535 
1536 1537 1538 1539 
1540 1541 1542 1543 
1544 1545 1546 1547 
1548 1549 1550 1551 
1552 1553 1554 1555 
1556 1557 1558 1559 
1560 1561 1562 1563 
1564 1565 1566 1567 
1568 1569 1570 1571 
1572 1573 1574 1575 
1576 1577 1578 1579 
1580 1581 1582 1583 
1584 1585 1586 1587 
1588 1589 1590 1591 
1592 1593 1594 1595 
1596 1597 1598 1599 
1600 1601 1602 1603 
1604 1605 1606 1607 
1608 1609 1610 1611 
1612 1613 1614 1615 
1616 1617 1618 1619 
1620 1621 1622 1623 
1624 1625 1626 1627 
1628 1629 1630 1631 
1632 1633 1634 1635 
1636 1637 1638 1639 
1640 1641 1642 1643 
1644 1645 1646 1647 
1648 1649 1650 1651 
1652 1653 1654 1655 
1656 1657 1658 1659 
1660 1661 1662 1663 
1664 1665 1666 1667 
1668 1669 1670 1671 
1672 1673 1674 1675 
1676 1677 1678 1679 
1680 1681 1682 1683 
1684 1685 1686 1687 
1688 1689 1690 1691 
1692 1693 1694 1695 
1696 1697 1698 1699 
1700 1701 1702 1703 
1704 1705 1706 1707 
1708 1709 1710 1711 
1712 1713 1714 1715 
1716 1717 1718 1719 
1720 1721 1722 1723 
1724 1725 1726 1727 
1728 1729 1730 1731 
1732 1733 1734 1735 
1736 1737 1738 1739 
1740 1741 1742 1743 
1744 1745 1746 1747 
1748 1749 1750 1751 
1752 1753 1754 1755 
1756 1757 1758 1759 
1760 1761 1762 1763 
1764 1765 1766 1767 
1768 1769 1770 1771 
1772 1773 1774 1775 
1776 1777 1778 1779 
1780 1781 1782 1783 
1784 1785 1786 1787 
1788 1789 1790 1791 
1792 1793 1794 1795 
1796 1797 1798 1799 
1800 1801 1802 1803 
1804 1805 1806 1807 
1808 1809 1810 1811 
1812 1813 1814 1815 
1816 1817 1818 1819 
1820 1821 1822 1823 
1824 1825 1826 1827 
1828 1829 1830 1831 
1832 1833 1834 1835 
1836 1837 1838 1839 
1840 1841 1842 1843 
1844 1845 1846 1847 
1848 1849 1850 1851 
1852 1853 1854 1855 
1856 1857 1858 1859 
1860 1861 1862 1863 
1864 1865 1866 1867 
1868 1869 1870 1871 
1872 1873 1874 1875 
1876 1877 1878 1879 
1880 1881 1882 1883 
1884 1885 1886 1887 
1888 1889 1890 1891 
1892 1893 1894 1895 
1896 1897 1898 1899 
1900 1901 1902 1903 
1904 1905 1906 1907 
1908 1909 1910 1911 
1912 1913 1914 1915 
1916 1917 1918 1919 
1920 1921 1922 1923 
1924 1925 1926 1927 
1928 1929 1930 1931 
1932 1933 1934 1935 
1936 1937 1938 1939 
1940 1941 1942 1943 
1944 1945 1946 1947 
1948 1949 1950 1951 
1952 1953 1954 1955 
1956 1957 1958 1959 
1960 1961 1962 1963 
1964 1965 1966 1967 
1968 1969 1970 1971 
1972 1973 1974 1975 
1976 1977 1978 1979 
1980 1981 1982 1983 
1984 1985 1986 1987 
1988 1989 1990 1991 
1992 1993 1994 1995 
1996 1997 1998 1999 
2000 2001 2002 2003 
2004 2005 2006 2007 
2008 2009 2010 2011 
2012 2013 2014 2015 
2016 2017 2018 2019 
2020 2021 2022 2023 
2024 2025 2026 2027 
2028 2029 2030 2031 
2032 2033 2034 2035 
2036 2037 2038 2039 
2040 2041 2042 2043 
2044 2045 2046 2047 
2048 2049 2050 2051 2052 2053 2054 2055 2056 2057 2058 2059 2060 2061 2062 2063 
2064 2065 2066 2067 2068 2069 2070 2071 2072 2073 2074 2075 2076 2077 2078 2079 
</DataArray>
<DataArray type="Int32" Name="offsets" format="ascii">
4 8 12 16 20 24 28 32 36 40 44 48 52 56 60 64 68 72 76 80 84 88 92 96 100 104 108 112 116 120 124 128 132 136 140 144 148 152 156 160 164 168 172 176 180 184 188 192 196 200 204 208 212 216 220 224 228 232 236 240 244 248 252 256 260 264 268 272 276 280 284 288 292 296 300 304 308 312 316 320 324 328 332 336 340 344 348 352 356 360 364 368 372 376 380 384 388 392 396 400 404 408 412 416 420 424 428 432 436 440 444 448 452 456 460 464 468 472 476 480 484 488 492 496 500 504 508 512 516 520 524 528 532 536 540 544 548 552 556 560 564 568 572 576 580 584 588 592 596 600 604 608 612 616 620 624 628 632 636 640 644 648 652 656 660 664 668 672 676 680 684 688 692 696 700 704 708 712 716 720 724 728 732 736 740 744 748 752 756 760 764 768 772 776 780 784 788 792 796 800 804 808 812 816 820 824 828 832 836 840 844 848 852 856 860 864 868 872 876 880 884 888 892 896 900 904 908 912 916 920 924 928 932 936 940 944 948 952 956 960 964 968 972 976 980 984 988 992 996 1000 1004 1008 1012 1016 1020 1024 1028 1032 1036 1040 1044 1048 1052 1056 1060 1064 1068 1072 1076 1080 1084 1088 1092 1096 1100 1104 1108 1112 1116 1120 1124 1128 1132 1136 1140 1144 1148 1152 1156 1160 1164 1168 1172 1176 1180 1184 1188 1192 1196 1200 1204 1208 1212 1216 1220 1224 1228 1232 1236 1240 1244 1248 1252 1256 1260 1264 1268 1272 1276 1280 1284 1288 1292 1296 1300 1304 1308 1312 1316 1320 1324 1328 1332 1336 1340 1344 1348 1352 1356 1360 1364 1368 1372 1376 1380 1384 1388 1392 1396 1400 1404 1408 1412 1416 1420 1424 1428 1432 1436 1440 1444 1448 1452 1456 1460 1464 1468 1472 1476 1480 1484 1488 1492 1496 1500 1504 1508 1512 1516 1520 1524 1528 1532 1536 1540 1544 1548 1552 1556 1560 1564 1568 1572 1576 1580 1584 1588 1592 1596 1600 1604 1608 1612 1616 1620 1624 1628 1632 1636 1640 1644 1648 1652 1656 1660 1664 1668 1672 1676 1680 1684 1688 1692 1696 1700 1704 1708 1712 1716 1720 1724 1728 1732 1736 1740 1744 1748 1752 1756 1760 1764 1768 1772 1776 1780 1784 1788 1792 1796 1800 1804 1808 1812 1816 1820 1824 1828 1832 1836 1840 1844 1848 1852 1856 1860 1864 1868 1872 1876 1880 1884 1888 1892 1896 1900 1904 1908 1912 1916 1920 1924 1928 1932 1936 1940 1944 1948 1952 1956 1960 1964 1968 1972 1976 1980 1984 1988 1992 1996 2000 2004 2008 2012 2016 2020 2024 2028 2032 2036 2040 2044 2048 2064 2080 
</DataArray>
<DataArray type="UInt8" Name="types" format="ascii">
7 7 7 7 7 7 7 7 7 7 7 7 7 7 7 7 7 7 7 7 7 7 7 7 7 7 7 7 7 7 7 7 7 7 7 7 7 7 7 7 7 7 7 7 7 7 7 7 7 7 7 7 7 7 7 7 7 7 7 7 7 7 7 7 7 7 7 7 7 7 7 7 7 7 7 7 7 7 7 7 7 7 7 7 7 7 7 7 7 7 7 7 7 7 7 7 7 7 7 7 7 7 7 7 7 7 7 7 7 7 7 7 7 7 7 7 7 7 7 7 7 7 7 7 7 7 7 7 7 7 7 7 7 7 7 7 7 7 7 7 7 7 7 7 7 7 7 7 7 7 7 7 7 7 7 7 7 7 7 7 7 7 7 7 7 7 7 7 7 7 7 7 7 7 7 7 7 7 7 7 7 7 7 7 7 7 7 7 7 7 7 7 7 7 7 7 7 7 7 7 7 7 7 7 7 7 7 7 7 7 7 7 7 7 7 7 7 7 7 7 7 7 7 7 7 7 7 7 7 7 7 7 7 7 7 7 7 7 7 7 7 7 7 7 7 7 7 7 7 7 7 7 7 7 7 7 7 7 7 7 7 7 7 7 7 7 7 7 7 7 7 7 7 7 7 7 7 7 7 7 7 7 7 7 7 7 7 7 7 7 7 7 7 7 7 7 7 7 7 7 7 7 7 7 7 7 7 7 7 7 7 7 7 7 7 7 7 7 7 7 7 7 7 7 7 7 7 7 7 7 7 7 7 7 7 7 7 7 7 7 7 7 7 7 7 7 7 7 7 7 7 7 7 7 7 7 7 7 7 7 7 7 7 7 7 7 7 7 7 7 7 7 7 7 7 7 7 7 7 7 7 7 7 7 7 7 7 7 7 7 7 7 7 7 7 7 7 7 7 7 7 7 7 7 7 7 7 7 7 7 7 7 7 7 7 7 7 7 7 7 7 7 7 7 7 7 7 7 7 7 7 7 7 7 7 7 7 7 7 7 7 7 7 7 7 7 7 7 7 7 7 7 7 7 7 7 7 7 7 7 7 7 7 7 7 7 7 7 7 7 7 7 7 7 7 7 7 7 7 7 7 7 7 7 7 7 7 7 7 7 7 7 7 7 7 7 7 7 7 7 7 7 7 7 7 7 7 7 7 7 7 7 7 7 
</DataArray>
</Cells>
<CellData Scalars="cell variable 4" Vectors="cell vector">
<DataArray type="Float64" NumberOfComponents="3" Name="cell vector" format="ascii">
0.0994418 0.164322 0.981382
0.415114 0.353772 0.838168
0.544789 0.604835 0.580844
0.578729 0.783879 0.22496
0.544462 0.8207 -0.173242
0.0997068 0.806101 -0.583318
0.191521 -0.573208 0.796713
0.142723 -0.2323 0.962116
-0.080816 0.217659 0.972673
-0.174324 0.572217 0.801361
0.0439566 0.811558 0.582616
0.534007 0.826928 0.176141
0.57657 0.785646 -0.224339
0.503042 0.643341 -0.577115
-0.321747 -0.437785 0.839537
-0.13933 -0.131067 0.981534
0.0914301 0.17228 0.980796
0.26763 0.486229 0.831839
0.402448 0.726764 0.556641
0.469137 0.861026 0.196331
0.45439 0.869182 -0.195069
0.363203 0.747053 -0.556772
-0.214383 -0.512101 0.83174
-0.0688059 -0.182658 0.980766
0.0715495 0.181521 0.980781
0.21357 0.512544 0.831677
0.3616 0.747811 0.556799
0.452942 0.869894 0.195262
0.466908 0.862288 -0.196101
0.399162 0.728604 -0.556602
-0.266734 -0.486517 0.831958
-0.0956847 -0.169566 0.980863
0.0911591 0.173037 0.980688
0.262032 0.490663 0.831017
0.393182 0.73303 0.555045
0.464143 0.864059 0.194866
0.461305 0.865529 -0.195084
0.377239 0.74092 -0.555634
-0.20728 -0.517997 0.829888
-0.0684385 -0.184296 0.980485
0.070607 0.183446 0.980491
0.206601 0.518373 0.829823
0.376001 0.74151 0.555686
0.459598 0.86642 0.195158
0.46233 0.865043 -0.194811
0.392006 0.733686 -0.55501
-0.261979 -0.490556 0.831096
-0.0930563 -0.171639 0.980755
0.0936971 0.17178 0.980669
0.269042 0.487122 0.83086
0.404722 0.727204 0.554414
0.479042 0.856156 0.19369
0.4782 0.856075 -0.196114
0.393279 0.732572 -0.55558
-0.194785 -0.525653 0.828099
-0.0432237 -0.199046 0.979037
0.0462423 0.197677 0.979176
0.193063 0.526536 0.827941
0.392191 0.733139 0.555601
0.476786 0.856858 0.196137
0.477763 0.856878 -0.193655
0.404091 0.727622 -0.554325
-0.268962 -0.487091 0.830904
-0.0947858 -0.170691 0.980755
0.0998255 0.168366 0.980657
0.285559 0.477831 0.830743
0.428104 0.714003 0.554009
0.504416 0.841619 0.192982
0.50062 0.84302 -0.196717
0.412246 0.722126 -0.555506
-0.242329 -0.503364 0.829398
-0.0660953 -0.189013 0.979748
0.0681551 0.188059 0.97979
0.240928 0.504219 0.829287
0.411276 0.722669 0.555519
0.499638 0.843593 0.196753
0.503601 0.842124 -0.192909
0.427708 0.714343 -0.553876
-0.285467 -0.477833 0.830773
-0.100542 -0.167388 0.980751
0.105492 0.164975 0.98064
0.301124 0.468323 0.830661
0.450682 0.700025 0.553942
0.530486 0.825436 0.192977
0.526941 0.826822 -0.19672
0.438487 0.706399 -0.555634
-0.278278 -0.483666 0.829836
-0.0860853 -0.178247 0.980213
0.0878047 0.17746 0.980203
0.277234 0.484419 0.829746
0.437573 0.706947 0.555657
0.526176 0.827293 0.196786
0.529929 0.825821 -0.192859
0.450433 0.700316 -0.553775
-0.301054 -0.468313 0.830692
-0.106009 -0.164044 0.98074
0.111001 0.161373 0.980631
0.316534 0.458078 0.830645
0.473523 0.684731 0.554003
0.557545 0.807378 0.193093
0.555059 0.808214 -0.196722
0.466024 0.688392 -0.555821
-0.305948 -0.46631 0.83003
-0.101242 -0.169013 0.9804
0.102755 0.16833 0.98036
0.305258 0.466913 0.829946
0.465208 0.688919 0.555853
0.554426 0.808627 0.19681
0.557127 0.807702 -0.192944
0.473349 0.685004 -0.553814
-0.316509 -0.458036 0.830678
-0.111407 -0.16044 0.980738
0.116524 0.157444 0.980629
0.332119 0.446866 0.830667
0.496821 0.667939 0.5541
0.58529 0.78747 0.1932
0.583778 0.787712 -0.196755
0.492938 0.669242 -0.555991
-0.328551 -0.450459 0.830145
-0.112593 -0.161297 0.980462
0.113939 0.160698 0.980405
0.328141 0.45092 0.830057
0.492223 0.669739 0.556027
0.583236 0.788088 0.196857
0.58495 0.787765 -0.19303
0.49669 0.668208 -0.553893
-0.332137 -0.446788 0.830702
-0.116858 -0.156485 0.980743
0.122085 0.153172 0.980629
0.347852 0.43468 0.830694
0.520364 0.649694 0.554182
0.613291 0.765844 0.193277
0.612445 0.765626 -0.196793
0.518756 0.649326 -0.556119
-0.348028 -0.43544 0.830222
-0.121375 -0.154675 0.980481
0.122577 0.154153 0.980414
0.347813 0.435791 0.830128
0.518134 0.64979 0.556156
0.611971 0.765977 0.196904
0.613001 0.766123 -0.193093
0.520268 0.64996 -0.553961
-0.347899 -0.43457 0.830732
-0.122354 -0.152182 0.98075
0.127612 0.1486 0.980629
0.363528 0.421615 0.830715
0.543849 0.630116 0.554239
0.64115 0.742665 0.193328
0.640741 0.742099 -0.196824
0.543557 0.628633 -0.556207
-0.365635 -0.420657 0.830276
-0.128575 -0.148699 0.980488
0.129661 0.14824 0.980415
0.365549 0.420932 0.830175
0.543005 0.629077 0.556245
0.640318 0.742433 0.196943
0.640898 0.742933 -0.193132
0.543785 0.630377 -0.554007
-0.363597 -0.421477 0.830755
-0.127819 -0.147579 0.980756
0.133075 0.143735 0.980628
0.379012 0.407715 0.830734
0.567044 0.609287 0.554283
0.668594 0.718049 0.193359
0.668414 0.717268 -0.196846
0.567363 0.607179 -0.556267
-0.381918 -0.40585 0.830316
-0.134752 -0.143095 0.980493
0.135745 0.142689 0.980415
0.381911 0.406077 0.830208
0.566866 0.607609 0.556304
0.668031 0.717592 0.196969
0.668374 0.718309 -0.193154
0.567009 0.609541 -0.55404
-0.379093 -0.407552 0.830776
-0.133218 -0.142688 0.980761
0.138445 0.138586 0.980626
0.394191 0.393038 0.830743
0.589736 0.587324 0.554312
0.695395 0.692121 0.193378
0.695264 0.691271 -0.196857
0.590171 0.584999 -0.556304
-0.397135 -0.390911 0.830345
-0.14025 -0.137683 0.980497
0.141164 0.137322 0.980416
0.397167 0.391121 0.830231
0.589717 0.585422 0.556341
0.694915 0.691585 0.196984
0.695204 0.692371 -0.193166
0.589731 0.587568 -0.554059
-0.39428 -0.392853 0.830789
-0.138519 -0.13752 0.980765
0.143655 0.1332 0.980623
0.408917 0.377693 0.830744
0.611743 0.564354 0.554324
0.72136 0.665011 0.19339
0.721216 0.664148 -0.19686
0.612087 0.562009 -0.556324
-0.411586 -0.375623 0.830364
-0.145329 -0.132283 0.9805
0.146178 0.131964 0.980417
0.411636 0.375832 0.830244
0.61167 0.562427 0.556359
0.720898 0.664455 0.196991
0.721197 0.665252 -0.193171
0.611767 0.564584 -0.554063
-0.409009 -0.377488 0.830791
-0.143657 -0.132123 0.980768
0.148684 0.127588 0.980619
0.423124 0.361716 0.830739
0.632962 0.540443 0.554329
0.746373 0.636808 0.193398
0.746178 0.635975 -0.19686
0.633098 0.53822 -0.556333
-0.425366 -0.359914 0.830377
-0.150102 -0.126818 0.980503
0.15089 0.126541 0.980418
0.425426 0.36013 0.830252
0.632714 0.538635 0.556368
0.745888 0.636274 0.196994
0.746236 0.637036 -0.193173
0.633015 0.540658 -0.554059
-0.423217 -0.361493 0.830789
-0.148611 -0.126508 0.98077
0.153512 0.121764 0.980616
0.436754 0.34515 0.830733
0.653309 0.51566 0.55433
0.770341 0.607593 0.193404
0.770075 0.606822 -0.196857
0.653179 0.51366 -0.556336
-0.438506 -0.343764 0.830385
-0.154626 -0.121241 0.980506
0.155357 0.121011 0.980418
0.438573 0.34399 0.830256
0.652826 0.514073 0.55637
0.769811 0.607112 0.196994
0.770231 0.607807 -0.193173
0.653389 0.515857 -0.554052
-0.436846 -0.34491 0.830784
-0.153362 -0.120691 0.980772
0.158118 0.115748 0.980613
0.449753 0.328049 0.830726
0.672708 0.490084 0.55433
0.793187 0.577449 0.193409
0.792843 0.576758 -0.196853
0.672302 0.488365 -0.556335
-0.451014 -0.327169 0.830389
-0.158932 -0.115523 0.980508
0.159611 0.115345 0.980418
0.451087 0.327406 0.830257
0.671977 0.488773 0.556369
0.792604 0.577038 0.196993
0.7931 0.577648 -0.193172
0.672815 0.49026 -0.554044
-0.449841 -0.327793 0.83078
-0.157891 -0.114689 0.980774
0.162484 0.109559 0.98061
0.462072 0.310469 0.830721
0.691096 0.463795 0.55433
0.814843 0.546463 0.193413
0.814427 0.545857 -0.196848
0.690433 0.462382 -0.556332
-0.462885 -0.310141 0.830391
-0.163027 -0.109658 0.980509
0.163665 0.109523 0.980418
0.462961 0.310393 0.830255
0.690137 0.462783 0.556366
0.814211 0.546127 0.196991
0.814778 0.546646 -0.19317
0.691227 0.463949 -0.554037
-0.462156 -0.310197 0.830776
-0.162182 -0.108523 0.980775
0.166599 0.103217 0.980607
0.473681 0.292465 0.830717
0.708424 0.436869 0.554329
0.835254 0.514724 0.193417
0.834774 0.514203 -0.196842
0.707539 0.435765 -0.556325
-0.474112 -0.292696 0.83039
-0.166906 -0.103655 0.980509
0.167512 0.103556 0.980416
0.474188 0.292966 0.830251
0.70727 0.436156 0.556361
0.834582 0.514459 0.196988
0.835209 0.51489 -0.193169
0.708577 0.437001 -0.55403
-0.473759 -0.292179 0.830773
-0.166223 -0.102213 0.980776
0.170453 0.0967439 0.980605
0.48455 0.274097 0.830712
0.724649 0.409396 0.554327
0.854371 0.482327 0.19342
0.853847 0.481872 -0.196835
0.723601 0.408553 -0.556315
-0.484694 -0.274834 0.830384
-0.170577 -0.0975014 0.980508
0.171154 0.0974387 0.980414
0.484774 0.275119 0.830243
0.723361 0.408928 0.556351
0.85368 0.482108 0.196983
0.854347 0.48247 -0.193167
0.72482 0.409506 -0.554022
-0.484622 -0.273797 0.830769
-0.170006 -0.0957809 0.980777
0.174038 0.0901618 0.980603
0.494657 0.255431 0.830704
0.739736 0.38147 0.554321
0.872155 0.449371 0.19342
0.871614 0.448942 -0.196825
0.738611 0.380772 -0.556298
-0.49464 -0.25654 0.830373
-0.174058 -0.0911561 0.980507
0.174606 0.0911353 0.980412
0.494732 0.256821 0.830231
0.738399 0.381126 0.556336
0.871473 0.44915 0.196976
0.872152 0.449488 -0.193162
0.739923 0.381558 -0.55401
-0.494723 -0.255118 0.830761
-0.173524 -0.0892492 0.980777
0.177348 0.0834952 0.9806
0.503985 0.236537 0.830692
0.753657 0.353194 0.554306
0.888572 0.41597 0.193415
0.888047 0.415498 -0.19681
0.752563 0.352439 -0.556269
-0.503967 -0.23776 0.830354
-0.177376 -0.0845424 0.980505
0.177895 0.0845699 0.980409
0.504082 0.238011 0.830212
0.752381 0.352764 0.55631
0.887932 0.41567 0.196965
0.888588 0.416057 -0.193153
0.753858 0.353261 -0.55399
-0.504046 -0.236209 0.830748
-0.176771 -0.0826429 0.980776
0.180377 0.0767751 0.980597
0.512517 0.217507 0.830673
0.766384 0.324702 0.554277
0.903586 0.382269 0.1934
0.90312 0.381639 -0.196789
0.765465 0.32354 -0.556223
-0.512715 -0.218367 0.830325
-0.180575 -0.0775065 0.980503
0.181065 0.07759 0.980406
0.512868 0.218546 0.830183
0.765314 0.323822 0.556267
0.903034 0.381761 0.196946
0.903622 0.382317 -0.193135
0.766597 0.324748 -0.553956
-0.512574 -0.217161 0.830728
-0.179741 -0.0759956 0.980774
0.183119 0.070041 0.980592
0.520238 0.198458 0.830643
0.777892 0.29617 0.554228
0.917163 0.348455 0.193369
0.916809 0.347486 -0.19676
0.777335 0.294018 -0.556151
-0.520951 -0.198107 0.830279
-0.183725 -0.06976 0.980499
0.184187 0.0699072 0.980402
0.52116 0.198142 0.83014
0.777217 0.294238 0.556199
0.916755 0.34754 0.196918
0.91722 0.348452 -0.193103
0.778116 0.296191 -0.553901
-0.520294 -0.198088 0.830695
-0.18243 -0.0693505 0.98077
0.18557 0.0633403 0.980588
0.527131 0.179542 0.830601
0.788153 0.267829 0.55415
0.92927 0.314782 0.193314
0.929089 0.313199 -0.196721
0.788194 0.263757 -0.556042
-0.528766 -0.176515 0.83021
-0.186922 -0.0607982 0.980492
0.187356 0.0610132 0.980395
0.529055 0.176284 0.830075
0.788114 0.263883 0.556096
0.929069 0.313159 0.19688
0.929349 0.314711 -0.193049
0.788388 0.267819 -0.55382
-0.527192 -0.179135 0.83065
-0.184836 -0.0627609 0.980763
0.187718 0.056726 0.980584
0.53318 0.160939 0.830553
0.797152 0.23997 0.554042
0.939883 0.281578 0.193222
0.939929 0.279014 -0.196683
0.798047 0.232608 -0.55589
-0.536266 -0.152785 0.830106
-0.190279 -0.0497989 0.980466
0.190686 0.0500762 0.980373
0.536672 0.152076 0.829974
0.798011 0.232593 0.555949
0.939946 0.278849 0.196839
0.939984 0.281419 -0.192962
0.797398 0.239918 -0.553712
-0.533252 -0.160473 0.830596
-0.186951 -0.0562889 0.980755
0.189551 0.050236 0.980585
0.538375 0.142811 0.830516
0.804893 0.21289 0.553918
0.949 0.249234 0.193081
0.949285 0.245314 -0.196671
0.806833 0.200548 -0.555698
-0.543547 -0.125553 0.829936
-0.193892 -0.0355428 0.980379
0.194269 0.0358607 0.980293
0.544111 0.124003 0.829799
0.806846 0.20032 0.555761
0.949337 0.244995 0.196817
0.94912 0.248968 -0.192835
0.805147 0.212775 -0.553593
-0.538469 -0.142247 0.830552
-0.188772 -0.0499899 0.980748
0.191073 0.043805 0.980598
0.542743 0.125125 0.830526
0.811426 0.186715 0.553828
0.956666 0.218118 0.192913
0.957082 0.212821 -0.196725
0.814321 0.16822 -0.555503
-0.550626 -0.0925414 0.829607
-0.197769 -0.0164543 0.980111
0.198095 0.0167883 0.980039
0.551385 0.0895199 0.829434
0.814393 0.167677 0.555561
0.957168 0.212321 0.196847
0.956799 0.217724 -0.192698
0.811685 0.186491 -0.553523
-0.542869 -0.124404 0.830552
-0.190317 -0.0438393 0.980743
0.192345 0.0371028 0.980626
0.546419 0.107298 0.83061
0.816852 0.161081 0.553901
0.962916 0.188607 0.192926
0.963176 0.183242 -0.196758
0.819974 0.1385 -0.555393
-0.557299 -0.0495962 0.82883
-0.201658 0.00949736 0.97941
0.201862 -0.00910568 0.979372
0.558255 0.0439328 0.828506
0.820122 0.13751 0.555419
0.963296 0.182523 0.196838
0.963059 0.188035 -0.192768
0.817107 0.160639 -0.553653
-0.546584 -0.106348 0.830624
-0.19167 -0.0376113 0.980738
0.193375 0.0301888 0.98066
0.549348 0.0895497 0.830781
0.820959 0.136469 0.554439
0.967457 0.162576 0.193895
0.967192 0.161743 -0.195906
0.822685 0.120669 -0.555543
-0.562446 0.0200808 0.82659
-0.204743 0.0556524 0.977232
0.204689 -0.0551913 0.97727
0.563445 -0.0329535 0.825496
0.822982 0.118808 0.555504
0.967353 0.160714 0.195959
0.967615 0.161756 -0.193795
0.821185 0.135536 -0.554333
-0.549565 -0.0882183 0.83078
-0.192886 -0.0315222 0.980715
0.193509 0.0257399 0.980761
0.549982 0.0773127 0.83159
0.822712 0.117604 0.556161
0.970567 0.139786 0.196109
0.97123 0.137529 -0.194415
0.824658 0.100761 -0.556584
-0.554157 -0.0101889 0.83235
-0.195008 0.000304185 0.980802
0.19483 0.00180513 0.980835
0.554184 0.00516914 0.832378
0.824857 0.0986656 0.556666
0.971376 0.136291 0.19456
0.970757 0.138681 -0.195955
0.822998 0.116115 -0.556049
-0.550249 -0.0761713 0.831519
-0.192972 -0.0279645 0.980806
0.193889 0.0248607 0.980708
0.550417 0.0757498 0.831447
0.823192 0.114767 0.556043
0.971294 0.134674 0.196089
0.972287 0.129304 -0.19478
0.824891 0.0925842 -0.557658
-0.550904 -0.0333919 0.8339
-0.192949 -0.00516889 0.981195
0.193031 0.00855974 0.981155
0.550752 0.0300229 0.834129
0.824984 0.0896629 0.557998
0.972495 0.12721 0.195119
0.971618 0.132797 -0.195765
0.823669 0.112668 -0.555765
-0.550588 -0.075237 0.831379
-0.192873 -0.0281977 0.980818
0.196473 0.0188115 0.980329
0.55488 0.063289 0.829519
0.82846 0.0964319 0.551684
0.977008 0.103191 0.186567
0.974414 0.0773738 -0.211023
0.817814 0.0281918 -0.574792
-0.540038 0.00288532 0.841636
-0.18731 0.0116531 0.982232
0.188198 -0.00463537 0.98212
0.537711 -0.0159076 0.842979
0.817224 0.0220918 0.575897
0.974453 0.0753084 0.211588
0.977441 0.100506 -0.185765
0.830224 0.0900191 -0.550114
-0.554775 -0.0634535 0.829577
-0.193033 -0.02706 0.980819
0.0231392 0.0447303 0.998731
0.00257188 0.000343963 0.999997
</DataArray>
<DataArray type="Float64" Name="cell vector length" format="ascii">
0.0329699 0.0181309 0.0280768 0.0402639 0.0388778 0.0177564 0.0439494 0.0493786 0.0509689 0.0451513 0.0209901 0.0391338 0.0395677 0.0258972 0.0345335 0.0398668 0.382144 0.369674 0.361159 0.353964 0.349426 0.348248 0.378392 0.39974 0.39772 0.371207 0.347098 0.349315 0.354443 0.36247 0.382129 0.38619 0.476785 0.467665 0.457066 0.446244 0.436179 0.430291 0.46708 0.500457 0.498499 0.460019 0.429752 0.436145 0.446816 0.458301 0.477064 0.479656 0.503022 0.491894 0.477388 0.460958 0.442979 0.420488 0.361819 0.267791 0.265973 0.35458 0.420366 0.44295 0.46141 0.478143 0.500577 0.505606 0.511123 0.500162 0.4853 0.466823 0.443545 0.409268 0.355771 0.280483 0.27817 0.346786 0.409112 0.443547 0.467092 0.485743 0.508868 0.513693 0.513592 0.502361 0.486772 0.466303 0.438948 0.399255 0.351805 0.289656 0.286585 0.341042 0.399101 0.438947 0.466448 0.487013 0.511321 0.516226 0.514978 0.50316 0.486564 0.464353 0.434421 0.392741 0.349838 0.294965 0.291289 0.337755 0.392567 0.434378 0.464409 0.486683 0.512454 0.517707 0.515754 0.503322 0.485833 0.462383 0.430985 0.388715 0.348929 0.297823 0.293695 0.335836 0.388525 0.430898 0.462371 0.485883 0.513009 0.518603 0.516094 0.503115 0.484926 0.46068 0.42853 0.3862 0.348473 0.299064 0.294584 0.33455 0.385999 0.428406 0.46062 0.484934 0.513227 0.519079 0.516136 0.502699 0.483993 0.459266 0.426779 0.384553 0.348128 0.299273 0.294501 0.333476 0.384347 0.426628 0.459177 0.483976 0.513248 0.519264 0.515954 0.502112 0.483076 0.458093 0.425492 0.383416 0.347935 0.299099 0.294071 0.332623 0.383209 0.425323 0.457984 0.483043 0.5131 0.519229 0.51566 0.501475 0.482221 0.457111 0.424494 0.382542 0.347767 0.29873 0.293468 0.331841 0.382335 0.424315 0.456989 0.482178 0.512896 0.519083 0.515339 0.500847 0.481424 0.456246 0.423642 0.381762 0.347541 0.298216 0.29273 0.331032 0.381556 0.423456 0.456115 0.481374 0.512686 0.518908 0.515026 0.50025 0.48069 0.455464 0.422862 0.380999 0.347265 0.297666 0.291963 0.3302 0.380793 0.422672 0.455328 0.480635 0.512491 0.518739 0.51474 0.499698 0.480019 0.454749 0.422117 0.380216 0.346942 0.297137 0.291223 0.329346 0.380008 0.421923 0.454608 0.479962 0.512323 0.51859 0.514485 0.499198 0.479413 0.454089 0.421386 0.379393 0.346573 0.296655 0.290543 0.328478 0.379185 0.421189 0.453944 0.479353 0.512186 0.518469 0.514268 0.49875 0.478868 0.453477 0.420659 0.378522 0.346147 0.296222 0.289938 0.327598 0.378313 0.420459 0.45333 0.478806 0.51208 0.518378 0.514092 0.498358 0.478383 0.452911 0.419934 0.377602 0.34566 0.29583 0.289372 0.326672 0.37739 0.41973 0.452762 0.478321 0.512006 0.518321 0.513956 0.498019 0.477956 0.45239 0.419213 0.376639 0.345137 0.2955 0.288863 0.32572 0.376417 0.419003 0.45224 0.477896 0.511963 0.518297 0.513848 0.497726 0.477583 0.45192 0.418514 0.375651 0.344578 0.295203 0.28839 0.324746 0.375414 0.418298 0.451771 0.477528 0.511945 0.518294 0.513742 0.497459 0.477262 0.451522 0.417881 0.374683 0.343988 0.294888 0.287901 0.323755 0.37442 0.417655 0.451377 0.477217 0.511935 0.518288 0.513597 0.497187 0.476986 0.451228 0.41739 0.373815 0.343379 0.294459 0.287295 0.322751 0.373514 0.417152 0.451094 0.47696 0.511907 0.518238 0.513351 0.496865 0.476745 0.451094 0.417168 0.37319 0.342778 0.29374 0.286387 0.321754 0.372833 0.416916 0.450978 0.476753 0.51182 0.518084 0.512905 0.496414 0.476513 0.451187 0.417413 0.373056 0.342244 0.292437 0.28487 0.320809 0.372621 0.417144 0.451102 0.476574 0.511604 0.517732 0.512122 0.495711 0.476221 0.451568 0.418387 0.373815 0.341889 0.290058 0.282233 0.320018 0.373274 0.418104 0.451529 0.476363 0.51115 0.517049 0.510763 0.494492 0.475625 0.452118 0.420287 0.376031 0.34187 0.285751 0.277593 0.319533 0.375355 0.419998 0.452145 0.475883 0.510223 0.515811 0.508128 0.491873 0.47366 0.451776 0.422473 0.38003 0.342037 0.27768 0.269064 0.319208 0.379195 0.422194 0.451886 0.474079 0.508002 0.513348 0.50037 0.483375 0.465127 0.44492 0.419736 0.382919 0.339017 0.259334 0.250003 0.315666 0.381923 0.419486 0.44511 0.465751 0.500222 0.505901 0.463625 0.44439 0.424518 0.404542 0.383018 0.357134 0.300417 0.188774 0.178175 0.276011 0.356139 0.382808 0.404724 0.425227 0.462988 0.469846 0.436857 0.419889 0.404389 0.389627 0.375056 0.366044 0.421281 0.458035 0.45142 0.400843 0.365121 0.374889 0.389739 0.405279 0.439788 0.443572 0.396448 0.377807 0.359981 0.342646 0.328109 0.325769 0.374699 0.398964 0.391849 0.35304 0.32554 0.328202 0.342419 0.360313 0.398838 0.403609 0.16447 0.153142 0.142566 0.127434 0.113687 0.110771 0.1552 0.174346 0.169344 0.137592 0.114154 0.114517 0.126448 0.139677 0.171909 0.170136 0.00908139 0.0152124 
</DataArray>
<DataArray type="Float64" Name="cell variable 4" format="ascii">
754.506 743.013 740.234 737.723 739.79 736.488 756.908 758.221 757.803 754.48 737.965 740.025 737.648 737.137 750.856 756.168 1164.09 1148.66 1144.71 1143.25 1144.4 1141.46 1166.29 1172.13 1170.34 1156.54 1141.86 1144.67 1142.98 1143.5 1166.98 1169.47 1377.99 1362.37 1351.55 1344.54 1341.76 1344.48 1378.37 1382.11 1377.71 1361.91 1344.71 1341.87 1344.54 1351.88 1384.46 1384.63 1451.76 1428.62 1404.05 1378.79 1356.7 1340.39 1354.07 1339.14 1335.34 1337.93 1340.27 1356.66 1379 1404.64 1452.32 1458.9 1473.6 1448.19 1420.95 1394.13 1371.38 1353.68 1361.95 1340.38 1335.93 1343.09 1353.64 1371.41 1394.39 1421.5 1473.02 1481.04 1478.97 1451.78 1422.77 1395.27 1371.93 1352.41 1362.33 1342.02 1336.28 1340.44 1352.53 1372.09 1395.57 1423.24 1477.64 1486.71 1482.14 1452.84 1421.54 1392.92 1369.2 1349.2 1361.89 1342.79 1335.95 1337.65 1349.41 1369.44 1393.26 1421.97 1479.7 1490.19 1484.52 1453.23 1419.72 1390 1366.05 1346.04 1361.36 1343.1 1335.39 1335.27 1346.3 1366.34 1390.36 1420.12 1481.14 1492.91 1486.34 1453.31 1417.79 1387.14 1363.1 1343.22 1360.86 1343.06 1334.69 1333.22 1343.52 1363.43 1387.5 1418.19 1482.26 1495.1 1487.71 1453.19 1416.03 1384.64 1360.58 1340.77 1360.36 1342.82 1333.91 1331.39 1341.11 1360.93 1385.02 1416.43 1483.19 1496.84 1488.65 1452.84 1414.54 1382.56 1358.41 1338.65 1359.89 1342.56 1333.18 1329.71 1339.01 1358.78 1382.94 1414.93 1483.85 1498.14 1489.25 1452.35 1413.29 1380.9 1356.66 1336.86 1359.49 1342.29 1332.49 1328.2 1337.24 1357.04 1381.29 1413.68 1484.34 1499.11 1489.64 1451.81 1412.14 1379.48 1355.15 1335.29 1359.13 1341.99 1331.82 1326.83 1335.69 1355.55 1379.88 1412.54 1484.73 1499.86 1489.87 1451.22 1411.1 1378.24 1353.85 1333.9 1358.85 1341.74 1331.21 1325.58 1334.31 1354.26 1378.65 1411.5 1485.02 1500.44 1489.94 1450.6 1410.16 1377.2 1352.73 1332.67 1358.65 1341.56 1330.69 1324.48 1333.09 1353.15 1377.61 1410.57 1485.23 1500.85 1489.84 1449.95 1409.34 1376.35 1351.81 1331.62 1358.53 1341.45 1330.26 1323.51 1332.05 1352.23 1376.77 1409.75 1485.36 1501.07 1489.57 1449.27 1408.64 1375.69 1351.06 1330.72 1358.49 1341.43 1329.93 1322.68 1331.17 1351.5 1376.12 1409.05 1485.4 1501.09 1489.14 1448.54 1408.02 1375.2 1350.48 1329.98 1358.53 1341.48 1329.69 1321.98 1330.44 1350.93 1375.63 1408.43 1485.31 1500.93 1488.53 1447.75 1407.45 1374.83 1350.03 1329.37 1358.63 1341.61 1329.54 1321.4 1329.83 1350.48 1375.27 1407.86 1485.1 1500.57 1487.74 1446.87 1406.9 1374.55 1349.68 1328.88 1358.79 1341.78 1329.44 1320.92 1329.35 1350.15 1375 1407.31 1484.75 1500.01 1486.74 1445.9 1406.38 1374.37 1349.45 1328.5 1359 1341.99 1329.4 1320.54 1328.97 1349.92 1374.82 1406.79 1484.27 1499.22 1485.49 1444.8 1405.87 1374.31 1349.36 1328.26 1359.26 1342.19 1329.35 1320.24 1328.72 1349.83 1374.76 1406.29 1483.6 1498.15 1483.92 1443.54 1405.39 1374.38 1349.44 1328.16 1359.55 1342.34 1329.25 1319.99 1328.62 1349.91 1374.84 1405.81 1482.74 1496.75 1481.94 1442.09 1404.95 1374.64 1349.73 1328.23 1359.83 1342.33 1328.99 1319.76 1328.68 1350.2 1375.1 1405.37 1481.64 1494.92 1479.43 1440.36 1404.5 1375.05 1350.2 1328.46 1360.04 1342 1328.39 1319.48 1328.9 1350.67 1375.51 1404.93 1480.21 1492.54 1476.08 1438.01 1403.66 1375.14 1350.4 1328.52 1359.82 1340.94 1327.05 1318.83 1328.94 1350.87 1375.61 1404.09 1478.11 1489.28 1470.17 1433.1 1400.06 1372.28 1347.8 1326.39 1357.5 1337.55 1323.37 1316.22 1326.79 1348.26 1372.74 1400.49 1473.34 1483.42 1450.41 1413.62 1380.8 1353.16 1329.62 1310.9 1343.38 1323.15 1308.79 1302.48 1311.21 1330.04 1353.6 1381.26 1453.57 1463.61 1352.79 1318.09 1286.73 1259.49 1235.74 1217.99 1255.87 1243.74 1230.37 1218.47 1218.2 1235.97 1259.75 1287.01 1355.09 1365.05 1258.87 1232.56 1215.4 1207.24 1204.84 1208.19 1264.61 1273.92 1262.32 1230.8 1208.25 1204.77 1207.27 1215.44 1266.56 1270.22 1118.09 1093.85 1076.67 1066.4 1061.5 1063.05 1109.84 1117.99 1108.29 1080.79 1063.33 1061.46 1066.24 1076.49 1123.55 1128.15 782.221 773.825 771.778 773.667 775.696 779.419 806.788 808.763 802.601 788.913 780.042 775.832 773.566 770.661 791.284 787.614 597.013 745.326 
</DataArray>
<DataArray type="Float64" Name="cell variable 5" format="ascii">
0.0356606 0.0356606 0.0356606 0.0356606 0.0356606 0.0356606 0.0356606 0.0356606 0.0356606 0.0356606 0.0356606 0.0356606 0.0356606 0.0356606 0.0356606 0.0356606 0.0356606 0.0356606 0.0356606 0.0356606 0.0356606 0.0356606 0.0356606 0.0356606 0.0356606 0.0356606 0.0356606 0.0356606 0.0356606 0.0356606 0.0356606 0.0356606 0.0356606 0.0356606 0.0356606 0.0356606 0.0356606 0.0356606 0.0356606 0.0356606 0.0356606 0.0356606 0.0356606 0.0356606 0.0356606 0.0356606 0.0356606 0.0356606 0.0538951 0.0498932 0.0434346 0.0372772 0.0356606 0.0356606 0.0356606 0.0356606 0.0356606 0.0356606 0.0356606 0.0356606 0.0372772 0.0434346 0.0498932 0.0538951 0.0609796 0.0554245 0.0464539 0.0379033 0.0356606 0.0356606 0.0356606 0.0356606 0.0356606 0.0356606 0.0356606 0.0356606 0.0379033 0.0464539 0.0554245 0.0609796 0.0650846 0.058634 0.0482052 0.0382678 0.0356606 0.0356606 0.0356606 0.0356606 0.0356606 0.0356606 0.0356606 0.0356606 0.0382678 0.0482052 0.058634 0.0650846 0.0680721 0.0609559 0.0494811 0.0385372 0.0356606 0.0356606 0.0356606 0.0356606 0.0356606 0.0356606 0.0356606 0.0356606 0.0385372 0.0494811 0.0609559 0.0680721 0.070402 0.0627785 0.0504717 0.0387433 0.0356606 0.0356606 0.0356606 0.0356606 0.0356606 0.0356606 0.0356606 0.0356606 0.0387433 0.0504717 0.0627785 0.070402 0.0722801 0.0642446 0.051272 0.0389097 0.0356606 0.0356606 0.0356606 0.0356606 0.0356606 0.0356606 0.0356606 0.0356606 0.0389097 0.051272 0.0642446 0.0722801 0.0738175 0.0654412 0.0519298 0.0390444 0.0356606 0.0356606 0.0356606 0.0356606 0.0356606 0.0356606 0.0356606 0.0356606 0.0390444 0.0519298 0.0654412 0.0738175 0.0750616 0.0664159 0.0524607 0.0391554 0.0356606 0.0356606 0.0356606 0.0356606 0.0356606 0.0356606 0.0356606 0.0356606 0.0391554 0.0524607 0.0664159 0.0750616 0.0760601 0.0672004 0.0528887 0.0392425 0.0356606 0.0356606 0.0356606 0.0356606 0.0356606 0.0356606 0.0356606 0.0356606 0.0392425 0.0528887 0.0672004 0.0760601 0.0768367 0.0678027 0.0532136 0.0393138 0.0356606 0.0356606 0.0356606 0.0356606 0.0356606 0.0356606 0.0356606 0.0356606 0.0393138 0.0532136 0.0678027 0.0768367 0.0774073 0.0682465 0.0534592 0.0393614 0.0356606 0.0356606 0.0356606 0.0356606 0.0356606 0.0356606 0.0356606 0.0356606 0.0393614 0.0534592 0.0682465 0.0774073 0.0777877 0.0685397 0.0536177 0.039401 0.0356606 0.0356606 0.0356606 0.0356606 0.0356606 0.0356606 0.0356606 0.0356606 0.039401 0.0536177 0.0685397 0.0777877 0.0779699 0.0686903 0.053697 0.0394169 0.0356606 0.0356606 0.0356606 0.0356606 0.0356606 0.0356606 0.0356606 0.0356606 0.0394169 0.053697 0.0686903 0.0779699 0.0779699 0.0686903 0.053697 0.0394169 0.0356606 0.0356606 0.0356606 0.0356606 0.0356606 0.0356606 0.0356606 0.0356606 0.0394169 0.053697 0.0686903 0.0779699 0.0777877 0.0685397 0.0536177 0.039401 0.0356606 0.0356606 0.0356606 0.0356606 0.0356606 0.0356606 0.0356606 0.0356606 0.039401 0.0536177 0.0685397 0.0777877 0.0774073 0.0682465 0.0534592 0.0393614 0.0356606 0.0356606 0.0356606 0.0356606 0.0356606 0.0356606 0.0356606 0.0356606 0.0393614 0.0534592 0.0682465 0.0774073 0.0768367 0.0678027 0.0532136 0.0393138 0.0356606 0.0356606 0.0356606 0.0356606 0.0356606 0.0356606 0.0356606 0.0356606 0.0393138 0.0532136 0.0678027 0.0768367 0.0760601 0.0672004 0.0528887 0.0392425 0.0356606 0.0356606 0.0356606 0.0356606 0.0356606 0.0356606 0.0356606 0.0356606 0.0392425 0.0528887 0.0672004 0.0760601 0.0750616 0.0664159 0.0524607 0.0391554 0.0356606 0.0356606 0.0356606 0.0356606 0.0356606 0.0356606 0.0356606 0.0356606 0.0391554 0.0524607 0.0664159 0.0750616 0.0738175 0.0654412 0.0519298 0.0390444 0.0356606 0.0356606 0.0356606 0.0356606 0.0356606 0.0356606 0.0356606 0.0356606 0.0390444 0.0519298 0.0654412 0.0738175 0.0722801 0.0642446 0.051272 0.0389097 0.0356606 0.0356606 0.0356606 0.0356606 0.0356606 0.0356606 0.0356606 0.0356606 0.0389097 0.051272 0.0642446 0.0722801 0.070402 0.0627785 0.0504717 0.0387433 0.0356606 0.0356606 0.0356606 0.0356606 0.0356606 0.0356606 0.0356606 0.0356606 0.0387433 0.0504717 0.0627785 0.070402 0.0680721 0.0609559 0.0494811 0.0385372 0.0356606 0.0356606 0.0356606 0.0356606 0.0356606 0.0356606 0.0356606 0.0356606 0.0385372 0.0494811 0.0609559 0.0680721 0.0650846 0.058634 0.0482052 0.0382678 0.0356606 0.0356606 0.0356606 0.0356606 0.0356606 0.0356606 0.0356606 0.0356606 0.0382678 0.0482052 0.058634 0.0650846 0.0609796 0.0554245 0.0464539 0.0379033 0.0356606 0.0356606 0.0356606 0.0356606 0.0356606 0.0356606 0.0356606 0.0356606 0.0379033 0.0464539 0.0554245 0.0609796 0.0538951 0.0498932 0.0434346 0.0372772 0.0356606 0.0356606 0.0356606 0.0356606 0.0356606 0.0356606 0.0356606 0.0356606 0.0372772 0.0434346 0.0498932 0.0538951 0.0356606 0.0356606 0.0356606 0.0356606 0.0356606 0.0356606 0.0356606 0.0356606 0.0356606 0.0356606 0.0356606 0.0356606 0.0356606 0.0356606 0.0356606 0.0356606 0.0356606 0.0356606 0.0356606 0.0356606 0.0356606 0.0356606 0.0356606 0.0356606 0.0356606 0.0356606 0.0356606 0.0356606 0.0356606 0.0356606 0.0356606 0.0356606 0.0356606 0.0356606 0.0356606 0.0356606 0.0356606 0.0356606 0.0356606 0.0356606 0.0356606 0.0356606 0.0356606 0.0356606 0.0356606 0.0356606 0.0356606 0.0356606 0.0356606 0.0356606 
</DataArray>
<DataArray type="Float64" Name="cell variable 6" format="ascii">
0.99997 0.99997 0.99997 0.99997 0.99997 0.99997 0.99997 0.99997 0.99997 0.99997 0.99997 0.99997 0.99997 0.99997 0.99997 0.99997 0.99997 0.99997 0.99997 0.99997 0.99997 0.99997 0.99997 0.99997 0.99997 0.99997 0.99997 0.99997 0.99997 0.99997 0.99997 0.99997 0.99997 0.99997 0.99997 0.99997 0.99997 0.99997 0.99997 0.99997 0.99997 0.99997 0.99997 0.99997 0.99997 0.99997 0.99997 0.99997 0.999967 0.999968 0.999969 0.99997 0.99997 0.99997 0.99997 0.99997 0.99997 0.99997 0.99997 0.99997 0.99997 0.999969 0.999968 0.999967 0.999966 0.999966 0.999968 0.999969 0.99997 0.99997 0.99997 0.99997 0.99997 0.99997 0.99997 0.99997 0.999969 0.999968 0.999966 0.999966 0.999965 0.999966 0.999967 0.999969 0.99997 0.99997 0.99997 0.99997 0.99997 0.99997 0.99997 0.99997 0.999969 0.999967 0.999966 0.999965 0.999964 0.999965 0.999967 0.999969 0.99997 0.99997 0.99997 0.99997 0.99997 0.99997 0.99997 0.99997 0.999969 0.999967 0.999965 0.999964 0.999964 0.999965 0.999967 0.999969 0.99997 0.99997 0.99997 0.99997 0.99997 0.99997 0.99997 0.99997 0.999969 0.999967 0.999965 0.999964 0.999964 0.999965 0.999967 0.999969 0.99997 0.99997 0.99997 0.99997 0.99997 0.99997 0.99997 0.99997 0.999969 0.999967 0.999965 0.999964 0.999963 0.999964 0.999966 0.999969 0.99997 0.99997 0.99997 0.99997 0.99997 0.99997 0.99997 0.99997 0.999969 0.999966 0.999964 0.999963 0.999963 0.999964 0.999966 0.999969 0.99997 0.99997 0.99997 0.99997 0.99997 0.99997 0.99997 0.99997 0.999969 0.999966 0.999964 0.999963 0.999963 0.999964 0.999966 0.999969 0.99997 0.99997 0.99997 0.99997 0.99997 0.99997 0.99997 0.99997 0.999969 0.999966 0.999964 0.999963 0.999963 0.999964 0.999966 0.999969 0.99997 0.99997 0.99997 0.99997 0.99997 0.99997 0.99997 0.99997 0.999969 0.999966 0.999964 0.999963 0.999963 0.999964 0.999966 0.999969 0.99997 0.99997 0.99997 0.99997 0.99997 0.99997 0.99997 0.99997 0.999969 0.999966 0.999964 0.999963 0.999963 0.999964 0.999966 0.999969 0.99997 0.99997 0.99997 0.99997 0.99997 0.99997 0.99997 0.99997 0.999969 0.999966 0.999964 0.999963 0.999963 0.999964 0.999966 0.999969 0.99997 0.99997 0.99997 0.99997 0.99997 0.99997 0.99997 0.99997 0.999969 0.999966 0.999964 0.999963 0.999963 0.999964 0.999966 0.999969 0.99997 0.99997 0.99997 0.99997 0.99997 0.99997 0.99997 0.99997 0.999969 0.999966 0.999964 0.999963 0.999963 0.999964 0.999966 0.999969 0.99997 0.99997 0.99997 0.99997 0.99997 0.99997 0.99997 0.99997 0.999969 0.999966 0.999964 0.999963 0.999963 0.999964 0.999966 0.999969 0.99997 0.99997 0.99997 0.99997 0.99997 0.99997 0.99997 0.99997 0.999969 0.999966 0.999964 0.999963 0.999963 0.999964 0.999966 0.999969 0.99997 0.99997 0.99997 0.99997 0.99997 0.99997 0.99997 0.99997 0.999969 0.999966 0.999964 0.999963 0.999963 0.999964 0.999966 0.999969 0.99997 0.99997 0.99997 0.99997 0.99997 0.99997 0.99997 0.99997 0.999969 0.999966 0.999964 0.999963 0.999963 0.999964 0.999966 0.999969 0.99997 0.99997 0.99997 0.99997 0.99997 0.99997 0.99997 0.99997 0.999969 0.999966 0.999964 0.999963 0.999963 0.999964 0.999966 0.999969 0.99997 0.99997 0.99997 0.99997 0.99997 0.99997 0.99997 0.99997 0.999969 0.999966 0.999964 0.999963 0.999964 0.999965 0.999967 0.999969 0.99997 0.99997 0.99997 0.99997 0.99997 0.99997 0.99997 0.99997 0.999969 0.999967 0.999965 0.999964 0.999964 0.999965 0.999967 0.999969 0.99997 0.99997 0.99997 0.99997 0.99997 0.99997 0.99997 0.99997 0.999969 0.999967 0.999965 0.999964 0.999964 0.999965 0.999967 0.999969 0.99997 0.99997 0.99997 0.99997 0.99997 0.99997 0.99997 0.99997 0.999969 0.999967 0.999965 0.999964 0.999965 0.999966 0.999967 0.999969 0.99997 0.99997 0.99997 0.99997 0.99997 0.99997 0.99997 0.99997 0.999969 0.999967 0.999966 0.999965 0.999966 0.999966 0.999968 0.999969 0.99997 0.99997 0.99997 0.99997 0.99997 0.99997 0.99997 0.99997 0.999969 0.999968 0.999966 0.999966 0.999967 0.999968 0.999969 0.99997 0.99997 0.99997 0.99997 0.99997 0.99997 0.99997 0.99997 0.99997 0.99997 0.999969 0.999968 0.999967 0.99997 0.99997 0.99997 0.99997 0.99997 0.99997 0.99997 0.99997 0.99997 0.99997 0.99997 0.99997 0.99997 0.99997 0.99997 0.99997 0.99997 0.99997 0.99997 0.99997 0.99997 0.99997 0.99997 0.99997 0.99997 0.99997 0.99997 0.99997 0.99997 0.99997 0.99997 0.99997 0.99997 0.99997 0.99997 0.99997 0.99997 0.99997 0.99997 0.99997 0.99997 0.99997 0.99997 0.99997 0.99997 0.99997 0.99997 0.99997 0.99997 0.99997 
</DataArray>
<DataArray type="Float64" Name="cell variable 7" format="ascii">
0 0 0 0 0 0 0 0 0 0 0 0 0 0 0 0 0 0 0 0 0 0 0 0 0 0 0 0 0 0 0 0 0 0 0 0 0 0 0 0 0 0 0 0 0 0 0 0 0 0 0 0 0 0 0 0 0 0 0 0 0 0 0 0 0 0 0 0 0 0 0 0 0 0 0 0 0 0 0 0 0 0 0 0 0 0 0 0 0 0 0 0 0 0 0 0 0 0 0 0 0 0 0 0 0 0 0 0 0 0 0 0 0 0 0 0 0 0 0 0 0 0 0 0 0 0 0 0 0 0 0 0 0 0 0 0 0 0 0 0 0 0 0 0 0 0 0 0 0 0 0 0 0 0 0 0 0 0 0 0 0 0 0 0 0 0 0 0 0 0 0 0 0 0 0 0 0 0 0 0 0 0 0 0 0 0 0 0 0 0 0 0 0 0 0 0 0 0 0 0 0 0 0 0 0 0 0 0 0 0 0 0 0 0 0 0 0 0 0 0 0 0 0 0 0 0 0 0 0 0 0 0 0 0 0 0 0 0 0 0 0 0 0 0 0 0 0 0 0 0 0 0 0 0 0 0 0 0 0 0 0 0 0 0 0 0 0 0 0 0 0 0 0 0 0 0 0 0 0 0 0 0 0 0 0 0 0 0 0 0 0 0 0 0 0 0 0 0 0 0 0 0 0 0 0 0 0 0 0 0 0 0 0 0 0 0 0 0 0 0 0 0 0 0 0 0 0 0 0 0 0 0 0 0 0 0 0 0 0 0 0 0 0 0 0 0 0 0 0 0 0 0 0 0 0 0 0 0 0 0 0 0 0 0 0 0 0 0 0 0 0 0 0 0 0 0 0 0 0 0 0 0 0 0 0 0 0 0 0 0 0 0 0 0 0 0 0 0 0 0 0 0 0 0 0 0 0 0 0 0 0 0 0 0 0 0 0 0 0 0 0 0 0 0 0 0 0 0 0 0 0 0 0 0 0 0 0 0 0 0 0 0 0 0 0 0 0 0 0 0 0 0 0 0 0 0 0 0 0 0 0 0 0 0 0 0 0 0 0 0 0 0 0 0 0 0 0 0 0 0 0 0 0 0 0 0 0 0 0 0 0 0 0 0 0 0 0 0 0 0 0 0 0 0 0 0 0 0 0 0 0 0 1 1 
</DataArray>
<DataArray type="Float64" Name="cell variable 8" format="ascii">
11.25 33.75 56.25 78.75 101.25 123.75 146.25 168.75 191.25 213.75 236.25 258.75 281.25 303.75 326.25 348.75 11.25 33.75 56.25 78.75 101.25 123.75 146.25 168.75 191.25 213.75 236.25 258.75 281.25 303.75 326.25 348.75 11.25 33.75 56.25 78.75 101.25 123.75 146.25 168.75 191.25 213.75 236.25 258.75 281.25 303.75 326.25 348.75 11.25 33.75 56.25 78.75 101.25 123.75 146.25 168.75 191.25 213.75 236.25 258.75 281.25 303.75 326.25 348.75 11.25 33.75 56.25 78.75 101.25 123.75 146.25 168.75 191.25 213.75 236.25 258.75 281.25 303.75 326.25 348.75 11.25 33.75 56.25 78.75 101.25 123.75 146.25 168.75 191.25 213.75 236.25 258.75 281.25 303.75 326.25 348.75 11.25 33.75 56.25 78.75 101.25 123.75 146.25 168.75 191.25 213.75 236.25 258.75 281.25 303.75 326.25 348.75 11.25 33.75 56.25 78.75 101.25 123.75 146.25 168.75 191.25 213.75 236.25 258.75 281.25 303.75 326.25 348.75 11.25 33.75 56.25 78.75 101.25 123.75 146.25 168.75 191.25 213.75 236.25 258.75 281.25 303.75 326.25 348.75 11.25 33.75 56.25 78.75 101.25 123.75 146.25 168.75 191.25 213.75 236.25 258.75 281.25 303.75 326.25 348.75 11.25 33.75 56.25 78.75 101.25 123.75 146.25 168.75 191.25 213.75 236.25 258.75 281.25 303.75 326.25 348.75 11.25 33.75 56.25 78.75 101.25 123.75 146.25 168.75 191.25 213.75 236.25 258.75 281.25 303.75 326.25 348.75 11.25 33.75 56.25 78.75 101.25 123.75 146.25 168.75 191.25 213.75 236.25 258.75 281.25 303.75 326.25 348.75 11.25 33.75 56.25 78.75 101.25 123.75 146.25 168.75 191.25 213.75 236.25 258.75 281.25 303.75 326.25 348.75 11.25 33.75 56.25 78.75 101.25 123.75 146.25 168.75 191.25 213.75 236.25 258.75 281.25 303.75 326.25 348.75 11.25 33.75 56.25 78.75 101.25 123.75 146.25 168.75 191.25 213.75 236.25 258.75 281.25 303.75 326.25 348.75 11.25 33.75 56.25 78.75 101.25 123.75 146.25 168.75 191.25 213.75 236.25 258.75 281.25 303.75 326.25 348.75 11.25 33.75 56.25 78.75 101.25 123.75 146.25 168.75 191.25 213.75 236.25 258.75 281.25 303.75 326.25 348.75 11.25 33.75 56.25 78.75 101.25 123.75 146.25 168.75 191.25 213.75 236.25 258.75 281.25 303.75 326.25 348.75 11.25 33.75 56.25 78.75 101.25 123.75 146.25 168.75 191.25 213.75 236.25 258.75 281.25 303.75 326.25 348.75 11.25 33.75 56.25 78.75 101.25 123.75 146.25 168.75 191.25 213.75 236.25 258.75 281.25 303.75 326.25 348.75 11.25 33.75 56.25 78.75 101.25 123.75 146.25 168.75 191.25 213.75 236.25 258.75 281.25 303.75 326.25 348.75 11.25 33.75 56.25 78.75 101.25 123.75 146.25 168.75 191.25 213.75 236.25 258.75 281.25 303.75 326.25 348.75 11.25 33.75 56.25 78.75 101.25 123.75 146.25 168.75 191.25 213.75 236.25 258.75 281.25 303.75 326.25 348.75 11.25 33.75 56.25 78.75 101.25 123.75 146.25 168.75 191.25 213.75 236.25 258.75 281.25 303.75 326.25 348.75 11.25 33.75 56.25 78.75 101.25 123.75 146.25 168.75 191.25 213.75 236.25 258.75 281.25 303.75 326.25 348.75 11.25 33.75 56.25 78.75 101.25 123.75 146.25 168.75 191.25 213.75 236.25 258.75 281.25 303.75 326.25 348.75 11.25 33.75 56.25 78.75 101.25 123.75 146.25 168.75 191.25 213.75 236.25 258.75 281.25 303.75 326.25 348.75 11.25 33.75 56.25 78.75 101.25 123.75 146.25 168.75 191.25 213.75 236.25 258.75 281.25 303.75 326.25 348.75 11.25 33.75 56.25 78.75 101.25 123.75 146.25 168.75 191.25 213.75 236.25 258.75 281.25 303.75 326.25 348.75 11.25 33.75 56.25 78.75 101.25 123.75 146.25 168.75 191.25 213.75 236.25 258.75 281.25 303.75 326.25 348.75 11.25 33.75 56.25 78.75 101.25 123.75 146.25 168.75 191.25 213.75 236.25 258.75 281.25 303.75 326.25 348.75 0 0 
</DataArray>
</CellData>
</Piece>
</UnstructuredGrid>
</VTKFile>
