<VTKFile type="UnstructuredGrid" version="0.1">
<UnstructuredGrid>
<Piece  NumberOfPoints="    2080" NumberOfCells="     514">
<Points>
<DataArray type="Float64" NumberOfComponents="3" format="ascii">
-284.945 650.152 1.06688
-284.067 655.208 26.8181
-259.598 645.803 28.9225
-260.574 640.33 1.09199
-283.868 656.332 29.5686
-281.309 670.703 51.3832
-256.634 662.483 55.2321
-259.398 646.928 31.6729
-280.936 672.779 53.4857
-277.06 694.264 68.026
-252.071 687.792 73.0487
-256.261 664.558 57.3346
-276.572 696.972 69.1608
-272.011 722.288 74.2222
-246.646 717.876 79.6882
-251.583 690.5 74.1835
-271.493 725.219 74.2201
-267.097 750.548 69.0905
-241.373 748.235 74.1736
-246.128 720.808 79.6861
-266.64 753.261 67.953
-263.112 774.805 53.4149
-237.126 774.255 57.2867
-240.915 750.948 73.0361
-262.776 776.886 51.3109
-260.474 791.318 29.5075
-234.302 791.914 31.5955
-236.79 776.336 55.1826
-260.293 792.444 26.7558
-259.463 797.498 1.00142
-233.22 798.503 1.01023
-234.121 793.041 28.8438
-259.46 797.496 -1.97791
-260.241 792.401 -27.7261
-234.057 793.007 -29.8007
-233.217 798.501 -1.9691
-260.418 791.271 -30.477
-262.711 776.82 -52.2692
-236.712 776.27 -56.1292
-234.234 791.877 -32.5515
-263.048 774.736 -54.3715
-266.582 753.182 -68.8944
-240.855 750.867 -73.9569
-237.048 774.187 -58.2314
-267.04 750.468 -70.0297
-271.439 725.135 -75.1373
-246.069 720.722 -80.5837
-241.314 748.153 -75.0922
-271.958 722.204 -75.137
-276.53 696.894 -70.0535
-251.533 690.421 -75.0582
-246.588 717.791 -80.5834
-277.02 694.188 -68.9164
-280.904 672.719 -54.3547
-256.251 664.509 -58.1803
-252.023 687.715 -73.9211
-281.278 670.646 -52.2495
-283.842 656.301 -30.4207
-259.418 646.907 -32.4821
-256.626 662.436 -56.0751
-284.043 655.179 -27.6675
-284.945 650.15 -1.91254
-260.574 640.328 -1.88744
-259.618 645.784 -29.7289
-257.604 639.437 1.16791
-256.628 644.91 28.9984
-227.268 638.358 29.6416
-228.258 632.767 1.1812
-253.653 661.646 55.446
-224.206 655.41 56.6393
-227.058 639.538 32.53
-256.418 646.091 31.8868
-249.069 687.058 73.3683
-219.447 681.297 74.9475
-223.813 657.588 58.8476
-253.26 663.824 57.6543
-243.614 717.276 80.0662
-213.767 712.091 81.7869
-218.929 684.138 76.1406
-248.551 689.899 74.5615
-238.312 747.779 74.5534
-208.357 743.195 76.152
-213.22 715.166 81.7867
-243.067 720.352 80.0659
-234.048 773.934 57.6098
-204.185 769.875 58.8155
-207.882 746.042 74.9579
-237.837 750.627 73.3592
-231.215 791.698 31.8106
-201.4 787.993 32.4575
-203.84 772.061 56.6034
-233.703 776.12 55.3977
-230.128 798.343 1.08606
-200.326 794.761 1.09344
-201.213 789.176 29.5665
-231.028 792.881 28.9196
-230.965 792.847 -29.8743
-201.172 789.14 -30.5005
-200.324 794.759 -2.03528
-230.125 798.341 -2.04266
-233.625 776.054 -56.3421
-203.781 772.001 -57.5174
-201.355 787.953 -33.3907
-231.148 791.661 -32.7645
-237.778 750.546 -74.2778
-207.823 745.966 -75.8489
-204.126 769.813 -59.7275
-233.97 773.866 -58.5523
-243.008 720.266 -80.9608
-213.159 715.084 -82.6495
-208.298 743.117 -77.0404
-238.253 747.697 -75.4693
-248.5 689.821 -75.4332
-218.876 684.062 -76.9754
-213.707 712.008 -82.6471
-243.556 717.19 -80.9584
-253.249 663.775 -58.4965
-223.788 657.533 -59.657
-219.396 681.222 -75.7795
-249.021 686.981 -74.2373
-256.438 646.07 -32.6921
-227.061 639.507 -33.3078
-224.185 655.358 -57.4456
-253.646 661.6 -56.2851
-256.65 644.892 -29.8017
-257.605 639.436 -1.96023
-228.259 632.766 -1.94694
-227.272 638.329 -30.4174
-224.973 632.094 1.20395
-223.984 637.684 29.6644
-194.1 632.162 29.8215
-195.076 626.542 1.21883
-223.77 638.88 32.5928
-220.919 654.751 56.702
-191.008 649.305 56.9838
-193.886 633.358 32.7499
-220.513 656.957 58.9424
-216.147 680.665 75.0423
-186.084 675.322 75.4044
-190.602 651.511 59.2241
-215.605 683.543 76.253
-210.443 711.495 81.8993
-180.096 706.252 82.286
-185.542 678.2 76.6151
-209.878 714.609 81.8992
-205.015 742.637 76.2645
-174.636 737.534 76.6231
-179.531 709.365 82.2858
-204.548 745.524 75.0561
-200.852 769.357 58.9137
-170.809 764.499 59.2499
-174.169 740.422 75.4147
-200.523 771.581 56.6698
-198.082 787.513 32.5239
-168.151 782.826 32.7253
-170.48 766.722 57.006
-197.901 788.716 29.5904
-197.014 794.301 1.11726
-167.096 789.668 1.1288
-167.97 784.028 29.7918
-197.012 794.299 -2.05692
-197.861 788.679 -30.5222
-167.946 783.995 -30.7011
-167.094 789.666 -2.04538
-198.04 787.474 -33.4545
-200.466 771.521 -57.5811
-170.443 766.665 -57.8944
-168.125 782.79 -33.6333
-200.794 769.295 -59.8227
-204.491 745.448 -75.944
-174.118 740.35 -76.2735
-170.771 764.44 -60.136
-204.957 742.56 -77.1495
-209.818 714.526 -82.7586
-179.468 709.286 -83.1146
-174.583 737.462 -77.479
-210.383 711.413 -82.7558
-215.552 683.467 -77.0841
-185.483 678.127 -77.4148
-180.033 706.173 -83.1118
-216.095 680.591 -75.8707
-220.487 656.902 -59.7482
-190.56 651.455 -60.0004
-186.027 675.25 -76.2014
-220.896 654.699 -57.5051
-223.772 638.848 -33.3673
-193.873 633.321 -33.4954
-190.969 649.251 -57.7573
-223.987 637.655 -30.437
-224.973 632.093 -1.96652
-195.076 626.541 -1.95164
-194.088 632.129 -30.5651
-191.801 625.914 1.22908
-190.825 631.534 29.8318
-161.626 625.728 29.8922
-162.835 620.137 1.24273
-190.585 632.733 32.7736
-187.707 648.681 57.0074
-157.856 642.794 57.0985
-161.386 626.927 32.834
-187.252 650.889 59.253
-182.734 674.701 75.4332
-151.981 668.697 75.5273
-157.401 645.002 59.344
-182.127 677.578 76.643
-176.68 705.63 82.3138
-144.91 699.486 82.4038
-151.374 671.574 76.7371
-176.039 708.748 82.3074
-171.144 736.917 76.6447
-138.005 730.566 76.7119
-144.268 702.604 82.3974
-170.608 739.808 75.4255
-167.247 763.885 59.2607
-132.665 757.408 59.357
-137.469 733.458 75.4928
-166.868 766.103 57.0151
-164.54 782.207 32.7344
-129.075 775.687 32.8118
-132.286 759.626 57.1114
-164.331 783.408 29.7964
-163.457 789.047 1.13348
-127.702 782.509 1.14896
-128.866 776.888 29.8738
-163.456 789.045 -2.0473
-164.308 783.375 -30.703
-128.846 776.85 -30.7502
-127.701 782.507 -2.03182
-164.515 782.171 -33.6395
-166.833 766.046 -57.9006
-132.258 759.556 -57.9671
-129.054 775.646 -33.6867
-167.211 763.826 -60.1433
-170.557 739.737 -76.2808
-137.419 733.395 -76.3033
-132.636 757.336 -60.2098
-171.091 736.845 -77.4966
-175.976 708.67 -83.1322
-144.202 702.532 -83.1835
-137.953 730.503 -77.5191
-176.617 705.552 -83.1359
-182.067 677.506 -77.439
-151.309 671.506 -77.4997
-144.843 699.414 -83.1873
-182.676 674.629 -76.2268
-187.209 650.834 -60.0258
-157.348 644.947 -60.0882
-151.918 668.63 -76.2875
-187.667 648.627 -57.7777
-190.571 632.697 -33.5158
-161.357 626.888 -33.549
-157.805 642.74 -57.8401
-190.813 631.5 -30.5722
-191.8 625.912 -1.95873
-162.834 620.135 -1.94508
-161.599 625.691 -30.6053
-159.63 619.431 1.24612
-158.42 625.022 29.8956
-129.673 618.071 29.9198
-131.128 612.54 1.26087
-158.13 626.212 32.8404
-154.6 642.078 57.105
-125.169 634.957 57.1389
-129.383 619.261 32.8646
-154.055 644.27 59.352
-148.636 667.966 75.5353
-118.225 660.599 75.5763
-124.624 637.149 59.386
-147.915 670.822 76.7446
-141.452 698.733 82.4113
-109.89 691.077 82.4416
-117.504 663.455 76.7856
-140.676 701.822 82.4037
-134.413 729.785 76.7183
-101.556 721.809 76.7551
-109.115 694.166 82.434
-133.726 732.649 75.4996
-128.921 756.6 59.3638
-94.7368 748.347 59.3866
-100.869 724.674 75.5364
-128.417 758.802 57.1175
-125.207 774.863 32.8179
-90.1639 766.44 32.8425
-94.2329 750.55 57.1403
-124.934 776.056 29.8775
-123.77 781.677 1.15268
-88.4399 773.199 1.17092
-89.8904 767.633 29.9021
-123.769 781.675 -2.03183
-124.914 776.018 -30.7502
-89.8731 767.59 -30.7381
-88.4389 773.197 -2.01359
-125.186 774.821 -33.6894
-128.39 758.731 -57.9698
-94.195 750.465 -57.9564
-90.145 766.393 -33.6773
-128.892 756.527 -60.2124
-133.675 732.586 -76.3058
-100.804 724.612 -76.2991
-94.6971 748.262 -60.1989
-134.36 729.722 -77.5208
-140.609 701.751 -83.1852
-109.044 694.097 -83.1773
-101.489 721.748 -77.5141
-141.384 698.661 -83.1908
-147.851 670.754 -77.5032
-117.436 663.388 -77.5113
-109.819 691.007 -83.1828
-148.572 667.898 -76.2921
-154.002 644.215 -60.0927
-124.563 637.093 -60.0975
-118.157 660.532 -76.3002
-154.548 642.025 -57.8434
-158.1 626.172 -33.5522
-129.346 619.219 -33.5471
-125.11 634.902 -57.8481
-158.393 624.985 -30.6054
-159.628 619.429 -1.94523
-131.126 612.538 -1.93048
-129.639 618.031 -30.6003
-127.975 611.7 1.26305
-126.52 617.231 29.922
-98.2613 608.997 29.9414
-99.9644 603.544 1.27874
-126.177 618.407 32.8679
-121.963 634.103 57.1422
-93.0031 625.646 57.1705
-97.9186 610.172 32.8874
-121.323 636.269 59.3905
-114.924 659.718 75.5808
-84.9342 650.94 75.6202
-92.3635 627.812 59.4188
-114.082 662.54 76.7899
-106.468 690.162 82.446
-75.2613 681.01 82.4846
-84.092 653.762 76.8294
-105.556 693.212 82.438
-97.997 720.856 76.7591
-65.5101 711.312 76.7979
-74.3489 684.059 82.4766
-97.1669 723.683 75.5402
-91.0346 747.356 59.3904
-57.3016 737.467 59.4123
-64.68 714.139 75.579
-90.4124 749.53 57.1428
-86.3435 765.421 32.845
-51.7741 755.3 32.8659
-56.6794 739.642 57.1648
-86.0072 766.6 29.9044
-84.5567 772.165 1.17322
-49.7021 761.97 1.19361
-51.4378 756.478 29.9252
-84.5557 772.163 -2.01163
-85.99 766.556 -30.7362
-51.4185 756.444 -30.7175
-49.7012 761.968 -1.99125
-86.3241 765.374 -33.6756
-90.374 749.446 -57.9547
-56.6314 739.572 -57.9395
-51.7526 755.261 -33.6569
-90.9933 747.27 -60.1989
-97.1001 723.621 -76.299
-64.6084 714.068 -76.3167
-57.2507 737.396 -60.1837
-97.9292 720.794 -77.5146
-105.485 693.143 -83.1777
-74.2763 683.985 -83.1921
-65.4376 711.241 -77.5323
-106.397 690.093 -83.1838
-114.013 662.473 -77.5122
-84.021 653.691 -77.5249
-75.1887 680.935 -83.1981
-114.856 659.652 -76.3014
-121.262 636.212 -60.0987
-92.2983 627.752 -60.0987
-84.8636 650.87 -76.3141
-121.903 634.048 -57.8482
-126.14 618.364 -33.5471
-97.8777 610.127 -33.5359
-92.9394 625.588 -57.8482
-126.486 617.192 -30.5991
-127.973 611.698 -1.92925
-99.9625 603.542 -1.91355
-98.2236 608.954 -30.5878
-96.8678 602.561 1.28081
-95.1647 608.014 29.9435
-67.4351 598.466 29.9623
-69.3891 593.105 1.2976
-94.7686 609.171 32.8902
-89.8531 624.645 57.1734
-61.4112 614.836 57.1996
-67.039 599.624 32.909
-89.1158 626.778 59.4228
-81.6865 649.906 75.6242
-52.1864 639.713 75.6611
-60.674 616.969 59.449
-80.7176 652.686 76.8338
-71.8869 679.934 82.489
-41.1385 669.293 82.5287
-51.2175 642.493 76.8707
-70.8351 682.936 82.4808
-61.9963 710.188 76.8021
-29.9708 699.089 76.8386
-40.0867 672.296 82.5206
-61.028 712.971 75.5827
-53.6496 736.299 59.416
-20.437 724.797 59.4407
-29.0025 701.872 75.6192
-52.9142 738.439 57.1674
-48.009 754.097 32.8685
-13.9864 742.317 32.8909
-19.7016 726.937 57.1921
-47.6115 755.257 29.9276
-45.8758 760.748 1.19601
-11.5733 748.876 1.21876
-13.5889 743.477 29.95
-45.8747 760.747 -1.9889
-47.5921 755.223 -30.7151
-13.5689 743.449 -30.6931
-11.5723 748.874 -1.96615
-47.9871 754.06 -33.6549
-52.8659 738.371 -57.9376
-19.6545 726.881 -57.9218
-13.9639 742.286 -33.6329
-53.5985 736.229 -60.1839
-60.9563 712.9 -76.3169
-28.9351 701.797 -76.3258
-20.3872 724.738 -60.1681
-61.9237 710.117 -77.5337
-70.7624 682.861 -83.1935
-40.014 672.214 -83.2043
-29.9026 699.014 -77.5426
-71.8141 679.858 -83.1995
-80.6464 652.614 -77.5263
-51.1449 642.415 -77.5337
-41.0657 669.212 -83.2103
-81.6157 649.835 -76.3149
-89.0504 626.718 -60.0995
-60.6059 616.903 -60.0958
-52.1141 639.636 -76.3223
-89.7891 624.586 -57.8477
-94.7274 609.125 -33.5354
-66.9963 599.574 -33.5216
-61.3446 614.771 -57.844
-95.1268 607.971 -30.5863
-96.8658 602.559 -1.91203
-69.387 593.103 -1.89524
-67.3957 598.419 -30.5725
-66.3538 591.977 1.2997
-64.3998 597.338 29.9644
-37.2437 586.479 29.9834
-39.4498 581.222 1.31778
-63.9498 598.474 32.9117
-58.322 613.686 57.2022
-30.4492 602.528 57.2262
-36.7937 587.615 32.9307
-57.4856 615.781 59.4526
-48.998 638.525 75.6646
-20.0564 626.925 75.6968
-29.6128 604.623 59.4765
-47.9001 641.255 76.8748
-37.8211 668.055 82.5328
-7.62017 655.937 82.5685
-18.9585 629.655 76.9069
-36.6289 671.004 82.5245
-26.5131 697.798 76.8426
4.96013 685.154 76.8749
-6.42796 658.885 82.5602
-25.4097 700.528 75.6226
-16.8441 723.454 59.4441
15.7715 710.351 59.4692
6.06354 687.884 75.6549
-16 725.553 57.1949
-10.2848 740.933 32.8937
23.112 727.514 32.9167
16.6155 712.45 57.22
-9.82802 742.071 29.9525
-7.8124 747.47 1.22131
25.8568 733.941 1.24458
23.5688 728.652 29.9756
-7.81139 747.469 -1.96363
-9.80799 742.043 -30.6906
23.5871 728.625 -30.6677
25.8578 733.94 -1.94036
-10.2625 740.903 -33.6309
-15.9532 725.497 -57.9197
16.6579 712.397 -57.9013
23.1326 727.484 -33.608
-16.7949 723.395 -60.1674
-25.3429 700.454 -76.3251
6.12593 687.809 -76.3185
15.8161 710.294 -60.1489
-26.445 697.722 -77.5429
-36.5564 670.922 -83.2045
-6.35657 658.801 -83.2035
5.02379 685.077 -77.5364
-37.7483 667.974 -83.2108
-47.8275 641.177 -77.5342
-18.8853 629.573 -77.5317
-7.5484 655.853 -83.2097
-48.9256 638.448 -76.3223
-57.4174 615.715 -60.0959
-29.5434 604.552 -60.0867
-19.9834 626.844 -76.3198
-58.2553 613.622 -57.843
-63.9069 598.424 -33.5206
-36.7506 587.561 -33.5044
-30.3813 602.459 -57.8338
-64.3604 597.291 -30.5708
-66.3517 591.974 -1.89351
-39.4477 581.219 -1.87543
-37.204 586.427 -30.5546
-36.481 579.949 1.31994
-34.2749 585.206 29.9855
-7.74103 573.05 30.0049
-10.1985 567.91 1.33907
-33.7709 586.319 32.9331
-27.4264 601.232 57.2287
-0.178669 588.741 57.2508
-7.23703 574.163 32.9526
-26.4905 603.283 59.4796
-16.9342 625.585 75.6999
11.3806 612.593 75.7272
0.757176 590.791 59.5017
-15.7068 628.258 76.9105
-4.36846 654.54 82.5721
25.2023 640.962 82.6021
12.6079 615.267 76.9378
-3.03604 657.427 82.5637
8.35205 683.695 76.8783
39.1845 669.524 76.9054
26.5347 643.848 82.5937
9.58791 686.367 75.658
19.2958 708.833 59.4723
51.2345 694.148 59.4953
40.4203 672.196 75.6851
20.2447 710.888 57.2227
26.7412 725.952 32.9194
59.4333 710.916 32.9415
52.1834 696.203 57.2457
27.2554 727.064 29.9781
29.5433 732.354 1.24714
62.4998 717.195 1.26987
59.9474 712.029 30.0003
29.5442 732.352 -1.93783
27.2735 727.038 -30.6652
59.9636 712.003 -30.6423
62.5007 717.194 -1.9151
26.7614 725.922 -33.6057
20.2867 710.834 -57.899
52.2214 696.15 -57.8781
59.4515 710.888 -33.5829
19.34 708.777 -60.1473
9.64981 686.292 -76.3169
40.4787 672.121 -76.3027
51.2747 694.093 -60.1264
8.41542 683.618 -77.5355
-2.96494 657.342 -83.2026
26.6044 643.763 -83.1935
39.2443 669.447 -77.5212
-4.29674 654.455 -83.2092
-15.6336 628.176 -77.5311
12.681 615.182 -77.5213
25.2726 640.876 -83.2001
-16.8611 625.503 -76.319
-26.4211 603.212 -60.0859
0.826924 590.717 -60.0725
11.4536 612.51 -76.3092
-27.3585 601.162 -57.8324
-33.7277 586.264 -33.503
-7.19453 574.104 -33.4851
-0.110467 588.668 -57.8189
-34.2352 585.155 -30.5527
-36.4789 579.946 -1.87351
-10.1964 567.907 -1.85437
-7.70202 572.995 -30.5347
-7.30157 566.495 1.34129
-4.84414 571.635 30.0072
21.0156 558.203 30.0267
18.309 553.192 1.36105
-4.28658 572.722 32.9549
2.77178 587.299 57.2532
29.336 573.495 57.2739
21.5731 559.289 32.9745
3.80633 589.301 59.5045
14.4297 611.103 75.73
42.0485 596.743 75.7539
30.3706 575.497 59.5252
15.7857 613.712 76.9408
28.38 639.408 82.6051
57.2417 624.392 82.6308
43.4045 599.352 76.9648
29.8513 642.225 82.5966
42.5011 667.9 76.9084
72.6023 652.228 76.9319
58.7129 627.209 82.6223
43.8667 670.508 75.6878
54.6809 692.46 59.4979
85.8593 676.219 59.5191
73.968 654.836 75.7113
55.7313 694.464 57.2482
62.9812 709.177 32.9441
94.8888 692.552 32.9654
86.9097 678.223 57.2694
63.5508 710.263 30.0028
66.1032 715.429 1.27237
98.2666 698.669 1.29477
95.4584 693.638 30.0241
66.104 715.428 -1.9126
63.5668 710.237 -30.6398
95.4728 693.613 -30.6168
98.2674 698.668 -1.8902
62.9991 709.149 -33.5805
55.7691 694.412 -57.8757
86.9444 678.173 -57.8535
94.9051 692.525 -33.5575
54.7207 692.405 -60.1243
43.9247 670.433 -76.3006
74.0228 654.762 -76.2825
85.896 676.166 -60.102
42.5606 667.823 -77.5197
29.9207 642.139 -83.1919
58.7803 627.124 -83.1778
72.6586 652.152 -77.5016
28.4502 639.322 -83.1989
15.8586 613.628 -77.5201
43.4764 599.267 -77.5058
57.3098 624.306 -83.1847
14.5027 611.019 -76.3078
3.87604 589.227 -60.0711
30.4397 575.421 -60.0551
42.1204 596.658 -76.2936
2.83992 587.226 -57.8172
-4.24414 572.663 -33.4833
21.6142 559.228 -33.4643
29.4036 573.42 -57.8012
-4.80519 571.58 -30.5327
-7.29954 566.492 -1.85231
18.311 553.189 -1.83255
21.0531 558.145 -30.5136
21.1282 551.638 1.36328
23.8348 556.648 30.0289
48.9673 541.964 30.0484
46.0154 537.096 1.38329
24.4452 557.705 32.9768
32.2081 571.911 57.2763
58.0352 556.818 57.2958
49.5777 543.021 32.9963
33.34 573.859 59.5277
45.0179 595.105 75.7564
71.882 579.399 75.778
59.1671 558.765 59.5473
46.5005 597.644 76.9674
60.3378 622.683 82.6334
88.4206 606.257 82.6563
73.3647 581.938 76.989
61.9455 625.424 82.6249
75.8349 650.443 76.9345
105.131 633.296 76.9561
90.0284 608.998 82.6478
77.3274 652.979 75.7137
89.2187 674.362 59.5216
119.559 656.596 59.5418
106.624 635.832 75.7353
90.3675 676.311 57.2718
98.3466 690.64 32.9678
129.39 672.457 32.9887
120.708 658.545 57.2921
98.9697 691.696 30.0266
101.778 696.728 1.29721
133.068 678.399 1.31933
130.013 673.513 30.0474
101.779 696.727 -1.88771
98.984 691.672 -30.6143
130.026 673.49 -30.5913
133.069 678.397 -1.86559
98.3626 690.614 -33.555
90.4018 676.261 -57.851
120.74 658.497 -57.8282
129.404 672.432 -33.532
89.255 674.31 -60.0997
77.3817 652.905 -76.2802
106.675 635.76 -76.2599
119.593 656.545 -60.077
75.8909 650.367 -77.4996
62.0126 625.339 -83.1758
90.093 608.913 -83.1583
105.184 633.222 -77.4793
60.4057 622.598 -83.183
46.5722 597.558 -77.5041
73.4347 581.852 -77.4868
88.4861 606.172 -83.1655
45.0897 595.02 -76.2919
33.409 573.783 -60.0533
59.2347 558.688 -60.0356
71.9521 579.314 -76.2746
32.2755 571.836 -57.7993
24.4861 557.643 -33.4624
49.6166 542.957 -33.4427
58.1012 556.741 -57.7815
23.8722 556.59 -30.5115
21.1301 551.634 -1.8304
46.0173 537.093 -1.81039
49.0027 541.904 -30.4918
48.751 535.405 1.38551
51.7029 540.273 30.0506
76.0541 524.368 30.0699
72.862 519.656 1.40552
52.3653 541.297 32.9985
60.8227 555.094 57.2981
85.8531 538.744 57.3168
76.7164 525.392 33.0178
62.05 556.983 59.5496
74.765 577.616 75.7803
100.808 560.599 75.7998
87.0804 540.632 59.5683
76.3717 580.078 76.9914
91.4276 604.397 82.6587
118.659 586.596 82.6789
102.415 563.06 77.0109
93.1688 607.054 82.6501
108.272 631.352 76.9584
136.686 612.768 76.9779
120.401 589.253 82.6703
109.887 633.811 75.7376
122.823 654.575 59.5441
152.248 635.323 59.5629
138.302 615.227 75.7571
124.067 656.465 57.2943
132.749 670.377 32.9909
162.851 650.676 33.0108
153.492 637.212 57.3131
133.424 671.4 30.0498
136.479 676.286 1.3217
166.818 656.428 1.34338
163.525 651.699 30.0696
136.479 676.284 -1.86311
133.436 671.377 -30.5888
163.537 651.677 -30.5655
166.819 656.426 -1.84142
132.763 670.351 -33.5294
124.098 656.416 -57.8257
153.521 637.165 -57.8022
162.864 650.652 -33.5062
122.856 654.524 -60.0745
109.939 633.739 -76.2574
138.35 615.157 -76.2354
152.279 635.273 -60.051
108.324 631.279 -77.477
93.2331 606.97 -83.1561
120.462 589.17 -83.1361
136.736 612.696 -77.455
91.4929 604.312 -83.1635
76.4414 579.992 -77.4848
102.482 562.975 -77.4655
118.722 586.512 -83.1434
74.8349 577.531 -76.2727
62.1175 556.905 -60.0336
87.1459 540.554 -60.015
100.876 560.514 -76.2534
60.8886 555.018 -57.7795
52.4039 541.234 -33.4406
76.7524 525.328 -33.4209
85.9169 538.667 -57.7608
51.7382 540.213 -30.4896
48.7528 535.402 -1.80821
72.8638 519.652 -1.7882
76.0867 524.307 -30.4698
75.5081 517.831 1.40771
78.7002 522.543 30.0721
102.215 505.452 30.0912
98.7893 500.909 1.42746
79.4131 523.533 33.02
88.5498 536.884 57.319
112.725 519.312 57.3367
102.928 506.442 33.039
89.8701 538.708 59.5704
103.598 558.675 75.8019
128.757 540.384 75.8193
114.045 521.136 59.5882
105.325 561.053 77.013
121.57 584.588 82.681
147.882 565.452 82.6983
130.484 542.761 77.0304
123.441 587.155 82.6723
139.726 610.67 76.98
167.184 590.692 76.997
149.753 568.018 82.6896
141.461 613.046 75.7591
155.408 633.141 59.5649
183.841 612.446 59.582
168.919 593.067 75.7762
156.744 634.967 57.3152
166.102 648.431 33.0129
195.187 627.256 33.0318
185.177 614.271 57.3324
166.827 649.419 30.0719
170.12 654.148 1.34567
199.433 632.805 1.367
195.911 628.245 30.0908
170.12 654.147 -1.83895
166.838 649.398 -30.563
195.922 628.224 -30.5396
199.434 632.804 -1.81762
166.115 648.406 -33.5036
156.772 634.92 -57.7996
185.204 614.226 -57.7753
195.199 627.233 -33.4802
155.439 633.092 -60.0484
141.51 612.976 -76.2329
168.965 592.999 -76.2093
183.87 612.399 -60.0241
139.776 610.599 -77.4526
123.502 587.072 -83.1336
149.811 567.937 -83.1116
167.231 590.622 -77.429
121.632 584.505 -83.1412
105.393 560.968 -77.4632
130.549 542.677 -77.4426
147.942 565.37 -83.1191
103.665 558.591 -76.2512
89.9353 538.63 -60.0128
114.108 521.058 -59.9938
128.821 540.3 -76.2306
88.6134 536.808 -57.7587
79.4488 523.468 -33.4188
102.961 506.376 -33.3992
112.786 519.236 -57.7397
78.7326 522.482 -30.4676
75.5098 517.828 -1.78602
98.791 500.905 -1.76628
102.244 505.39 -30.4481
101.34 498.955 1.4296
104.766 503.499 30.0933
127.39 485.26 30.1116
123.738 480.896 1.44885
105.528 504.451 33.041
115.325 517.321 57.3388
138.587 498.567 57.355
128.152 486.212 33.0593
116.735 519.076 59.5901
131.446 538.324 75.8212
155.659 518.8 75.8357
139.998 500.322 59.6063
133.291 540.611 77.0322
150.688 563.302 82.7
176.015 542.874 82.713
157.504 521.087 77.0467
152.685 565.771 82.6913
170.116 588.445 76.9987
196.546 567.118 77.0113
178.011 545.343 82.7043
171.966 590.731 75.7779
186.889 610.11 59.5838
214.257 588.019 59.5982
198.397 569.403 75.7905
188.313 611.867 57.3343
198.322 624.852 33.0337
226.316 602.253 33.0511
215.681 589.777 57.3487
199.095 625.803 30.093
202.617 630.364 1.36919
230.83 607.587 1.39011
227.088 603.204 30.1104
202.617 630.363 -1.81513
199.105 625.783 -30.5371
227.098 603.185 -30.513
230.83 607.586 -1.79421
198.334 624.829 -33.4775
188.34 611.822 -57.7726
215.706 589.734 -57.7463
226.327 602.231 -33.4533
186.917 610.063 -60.0213
172.012 590.663 -76.2065
198.44 569.338 -76.1794
214.284 587.974 -59.995
170.163 588.375 -77.4263
152.743 565.69 -83.1089
178.066 545.264 -83.0834
196.591 567.05 -77.3992
150.748 563.22 -83.1166
133.355 540.527 -77.4401
157.565 521.005 -77.4173
176.071 542.794 -83.0911
131.511 538.24 -76.2283
116.797 518.998 -59.9915
140.057 500.245 -59.9718
155.72 518.718 -76.2056
115.385 517.245 -57.7375
105.56 504.386 -33.3971
128.18 486.146 -33.3778
138.644 498.491 -57.7178
104.795 503.437 -30.4459
101.341 498.952 -1.76413
123.739 480.893 -1.74488
127.415 485.197 -30.4266
126.186 478.819 1.4509
129.839 483.182 30.1137
151.517 463.835 30.1307
147.647 459.663 1.46954
130.648 484.094 33.0611
141.084 496.45 57.3569
163.377 476.556 57.3702
152.327 464.747 33.0782
142.581 498.13 59.6078
158.243 516.608 75.8372
181.451 495.898 75.8461
164.875 478.237 59.6212
160.199 518.8 77.0478
178.71 540.586 82.7142
202.988 518.915 82.7185
183.408 498.089 77.0568
180.827 542.952 82.7052
199.363 564.727 77.0121
224.697 542.101 77.0136
205.105 521.281 82.7095
201.324 566.918 75.7914
217.184 585.534 59.5991
243.414 562.099 59.6041
226.659 544.292 75.7929
218.692 587.218 57.3501
229.328 599.694 33.0524
256.155 575.72 33.0648
244.922 563.784 57.3551
230.146 600.607 30.1124
233.887 604.989 1.39209
260.925 580.825 1.41258
256.973 576.632 30.1247
233.888 604.988 -1.79161
230.156 600.588 -30.5104
256.982 576.614 -30.4821
260.926 580.824 -1.77113
229.339 599.673 -33.4502
218.718 587.175 -57.7432
244.946 563.743 -57.7084
256.166 575.7 -33.4219
217.211 585.489 -59.9916
201.367 566.852 -76.176
226.699 544.229 -76.1389
243.439 562.056 -59.9568
199.407 564.66 -77.3958
180.882 542.874 -83.08
205.157 521.204 -83.0468
224.739 542.036 -77.3587
178.766 540.506 -83.0881
160.26 518.717 -77.4143
183.465 498.008 -77.387
203.041 518.837 -83.055
158.303 516.526 -76.2031
142.639 498.053 -59.9693
164.929 478.161 -59.9478
181.508 495.817 -76.1758
141.14 496.373 -57.7156
130.676 484.028 -33.3756
152.351 464.681 -33.3563
163.43 476.481 -57.6941
129.864 483.12 -30.4245
126.188 478.815 -1.74276
147.648 459.66 -1.72412
151.539 463.772 -30.4052
149.988 457.465 1.47147
153.859 461.637 30.1327
174.538 441.224 30.1482
170.458 437.254 1.48947
154.714 462.507 33.0798
165.764 474.316 57.3717
187.033 453.327 57.3806
175.393 442.094 33.0953
167.345 475.919 59.622
183.921 493.58 75.8469
206.067 471.73 75.8437
188.614 454.93 59.6308
185.986 495.669 77.0564
205.567 516.495 82.7182
228.737 493.633 82.6969
208.132 473.82 77.0533
207.799 518.752 82.7078
227.391 539.572 77.0119
251.568 515.706 76.9657
230.969 495.89 82.6865
229.457 541.662 75.7906
246.212 559.469 59.6018
271.209 534.722 59.5566
253.634 517.796 75.7444
247.8 561.075 57.3538
259.033 573.012 33.0635
284.577 547.671 33.0438
272.797 536.328 57.3085
259.893 573.882 30.1257
263.845 578.075 1.41349
289.582 552.526 1.43311
285.438 548.542 30.106
263.846 578.074 -1.7676
259.903 573.864 -30.4786
285.447 548.525 -30.42
289.582 552.525 -1.74798
259.043 572.992 -33.4162
247.824 561.035 -57.7027
272.819 536.29 -57.6193
284.588 547.653 -33.3576
246.237 559.426 -59.9502
229.497 541.599 -76.1323
253.671 517.736 -76.049
271.233 534.681 -59.8668
227.433 539.507 -77.3529
207.85 518.675 -83.041
231.017 495.816 -82.9837
251.606 515.644 -77.2696
205.619 516.418 -83.0507
186.043 495.589 -77.3827
208.184 473.741 -77.3447
228.785 493.558 -82.9934
183.978 493.499 -76.1727
167.399 475.842 -59.9447
188.665 454.855 -59.9198
206.119 471.652 -76.1347
165.817 474.24 -57.6917
154.737 462.441 -33.3539
175.413 442.028 -33.3343
187.082 453.253 -57.6669
153.88 461.574 -30.4031
149.989 457.462 -1.72202
170.459 437.251 -1.70402
174.555 441.162 -30.3835
172.686 434.941 1.4913
176.767 438.91 30.1501
196.398 417.479 30.1647
192.118 413.722 1.50853
177.665 439.736 33.0966
189.305 450.97 57.3819
209.497 428.934 57.3896
197.296 418.305 33.1113
190.966 452.49 59.631
208.418 469.291 75.844
229.442 446.351 75.8394
211.157 430.454 59.6387
210.586 471.273 77.0518
231.191 491.087 82.6955
253.189 467.083 82.6734
231.61 448.334 77.0473
233.534 493.229 82.6827
254.133 513.044 76.9619
277.102 487.971 76.9161
255.532 469.225 82.6605
256.299 515.026 75.7392
273.874 531.952 59.5513
297.64 505.939 59.507
279.268 489.953 75.6934
275.536 533.474 57.3049
287.316 544.817 33.0401
311.608 518.18 33.0209
299.303 507.461 57.2606
288.217 545.642 30.1059
292.361 549.627 1.43306
316.837 522.77 1.45162
312.509 519.005 30.0866
292.361 549.626 -1.74371
288.226 545.626 -30.4157
312.518 518.989 -30.3595
316.837 522.77 -1.72515
287.327 544.799 -33.3497
275.558 533.436 -57.6115
299.323 507.426 -57.531
311.618 518.163 -33.2935
273.897 531.912 -59.8575
256.335 514.966 -76.0396
279.302 489.896 -75.9584
297.662 505.901 -59.777
254.171 512.982 -77.2617
233.582 493.155 -82.9759
255.576 469.154 -82.9194
277.137 487.913 -77.1805
231.24 491.012 -82.9881
210.638 471.195 -77.3394
231.658 448.258 -77.3015
253.234 467.012 -82.9316
208.47 469.212 -76.1312
191.016 452.416 -59.9163
211.203 430.382 -59.8917
229.49 446.275 -76.0933
189.353 450.896 -57.6644
177.684 439.671 -33.3319
197.311 418.24 -33.3128
209.541 428.862 -57.6398
176.783 438.849 -30.3814
172.687 434.937 -1.70197
192.119 413.719 -1.68473
196.41 417.418 -30.3624
194.228 411.299 1.51028
198.507 415.056 30.1665
217.043 392.656 30.1811
212.575 389.122 1.52657
199.447 415.835 33.1126
211.647 426.464 57.3909
230.71 403.431 57.4013
217.982 393.435 33.1272
213.383 427.899 59.6392
231.668 443.795 75.8399
251.513 419.815 75.8455
232.446 404.865 59.6497
233.934 445.666 77.0467
255.513 464.415 82.6728
276.275 439.322 82.6744
253.779 421.686 77.0523
257.961 466.436 82.6587
279.531 485.182 76.9143
301.207 458.976 76.9151
278.723 441.343 82.6604
281.793 487.051 75.6911
300.165 503.037 59.5047
322.622 475.885 59.5103
303.469 460.845 75.6919
301.9 504.472 57.2593
314.206 515.191 33.0196
337.183 487.41 33.0317
324.357 477.32 57.2649
315.146 515.969 30.0874
319.473 519.735 1.45243
342.633 491.735 1.47028
338.123 488.188 30.0995
319.474 519.734 -1.72192
315.154 515.954 -30.3563
338.131 488.174 -30.3329
342.634 491.734 -1.70408
314.216 515.174 -33.2883
301.921 504.437 -57.5257
324.376 477.287 -57.4966
337.192 487.395 -33.2649
300.187 502.999 -59.7708
281.826 486.995 -75.9522
303.5 460.792 -75.9193
322.642 475.85 -59.7417
279.566 485.124 -77.1749
258.004 466.366 -82.9138
278.763 441.276 -82.8826
301.239 458.921 -77.142
255.557 464.344 -82.9274
233.982 445.591 -77.2973
253.823 421.614 -77.2712
276.316 439.254 -82.8962
231.716 443.72 -76.0903
213.429 427.826 -59.8886
232.487 404.795 -59.8685
251.557 419.743 -76.0642
211.691 426.392 -57.6375
199.462 415.771 -33.3106
217.992 393.372 -33.2933
230.749 403.361 -57.6174
198.52 414.995 -30.3604
194.228 411.296 -1.6828
212.575 389.119 -1.66651
217.05 392.597 -30.3432
214.561 386.595 1.52825
219.028 390.129 30.1828
236.42 366.812 30.1972
231.777 363.511 1.54351
220.007 390.859 33.1286
232.734 400.855 57.4028
250.619 376.877 57.4146
237.398 367.542 33.143
234.541 402.199 59.6507
253.608 417.15 75.8465
272.224 392.187 75.8558
252.425 378.222 59.6626
255.965 418.903 77.0529
278.462 436.54 82.6751
297.936 410.42 82.6832
274.582 393.941 77.0623
281.008 438.434 82.661
303.492 456.068 76.9157
323.821 428.796 76.9261
300.483 412.315 82.6691
305.845 457.82 75.6928
324.998 472.86 59.5112
346.06 444.61 59.5252
326.174 430.549 75.7032
326.803 474.206 57.2662
339.629 484.297 33.033
361.181 455.394 33.0489
347.864 445.957 57.2802
340.607 485.027 30.1013
345.117 488.573 1.47201
366.84 459.442 1.48889
362.158 456.124 30.1171
345.117 488.572 -1.70197
340.615 485.013 -30.3308
362.166 456.112 -30.3132
366.841 459.441 -1.68509
339.638 484.281 -33.2625
326.822 474.173 -57.4941
347.881 445.926 -57.4753
361.189 455.38 -33.2449
325.018 472.825 -59.7389
305.876 457.767 -75.9165
326.202 430.499 -75.895
346.078 444.578 -59.7201
303.524 456.013 -77.139
281.048 438.368 -82.8796
300.518 412.252 -82.8568
323.85 428.745 -77.1175
278.502 436.472 -82.8934
256.009 418.832 -77.2684
274.621 393.873 -77.2479
297.973 410.356 -82.8706
253.652 417.078 -76.0618
234.582 402.129 -59.8662
252.462 378.155 -59.8493
272.264 392.119 -76.0414
232.773 400.785 -57.6154
220.016 390.797 -33.2914
237.403 367.482 -33.276
250.653 376.811 -57.5986
219.036 390.07 -30.3414
214.561 386.592 -1.66472
231.777 363.508 -1.64945
236.423 366.755 -30.326
233.634 360.885 1.5451
238.277 364.186 30.1988
254.482 340.005 30.2122
249.675 336.945 1.55927
239.291 364.866 33.1444
252.512 374.201 57.416
269.174 349.337 57.4271
255.496 340.684 33.1579
254.384 375.452 59.6637
274.183 389.417 75.857
291.525 363.535 75.8657
271.047 350.588 59.6748
276.626 391.05 77.0632
299.981 407.53 82.6842
318.119 380.453 82.6925
293.968 365.168 77.0719
302.618 409.294 82.6701
325.957 425.775 76.9272
344.89 397.511 76.9383
320.757 382.218 82.6784
328.395 427.408 75.7046
348.28 441.469 59.5266
367.893 412.194 59.5406
347.328 399.144 75.7157
350.151 442.724 57.2818
363.467 452.161 33.0505
383.537 422.208 33.0657
369.763 413.448 57.2958
364.48 452.841 30.1189
369.162 456.159 1.49064
389.393 425.969 1.50623
384.55 422.889 30.1341
369.162 456.158 -1.68326
364.487 452.829 -30.3114
384.556 422.878 -30.2957
389.393 425.968 -1.66767
363.475 452.147 -33.243
350.167 442.694 -57.4734
369.779 413.421 -57.457
383.544 422.196 -33.2272
348.298 441.437 -59.718
328.423 427.358 -75.8929
347.353 399.098 -75.8745
367.91 412.164 -59.7016
325.986 425.724 -77.1152
302.654 409.232 -82.8546
320.789 382.159 -82.8342
344.916 397.463 -77.0968
300.016 407.466 -82.8683
276.664 390.982 -77.2456
294.002 365.104 -77.2267
318.152 380.394 -82.848
274.222 389.349 -76.0394
254.42 375.386 -59.8473
271.078 350.525 -59.8316
291.56 363.471 -76.0205
252.546 374.134 -57.5968
239.296 364.805 -33.2742
255.497 340.627 -33.26
269.204 349.274 -57.5812
238.28 364.129 -30.3243
233.634 360.882 -1.6478
249.675 336.943 -1.63363
254.481 339.951 -30.3101
251.399 334.227 1.56072
256.206 337.287 30.2136
271.186 312.299 30.2257
266.228 309.488 1.57369
257.253 337.914 33.1591
270.931 346.566 57.4283
286.333 320.876 57.4373
272.234 312.926 33.1711
272.864 347.721 59.6757
293.343 360.669 75.8666
309.371 333.933 75.8724
288.267 322.031 59.6847
295.865 362.177 77.0727
320.016 377.462 82.6932
336.776 349.5 82.6986
311.892 335.441 77.0785
322.739 379.093 82.6794
346.872 394.385 76.9393
364.363 365.203 76.9482
339.499 351.13 82.6847
349.388 395.895 75.7171
369.953 408.945 59.5419
388.072 378.721 59.554
366.879 366.712 75.726
371.884 410.104 57.2973
385.657 418.864 33.0672
404.2 387.94 33.081
390.003 379.881 57.3095
386.703 419.493 30.1357
391.547 422.573 1.50785
410.239 391.403 1.52212
405.246 388.569 30.1494
391.547 422.573 -1.66598
386.71 419.482 -30.294
405.253 388.56 -30.2794
410.239 391.402 -1.65171
385.665 418.852 -33.2255
371.899 410.077 -57.4553
390.017 379.856 -57.4397
404.208 387.929 -33.2109
369.97 408.916 -59.6997
349.413 395.849 -75.8727
366.902 366.67 -75.8546
388.087 378.695 -59.6841
346.897 394.338 -77.0947
322.77 379.034 -82.8321
339.527 351.077 -82.8113
364.386 365.16 -77.0766
320.048 377.403 -82.8458
295.899 362.113 -77.2245
311.922 335.382 -77.2051
336.805 349.445 -82.825
293.377 360.605 -76.0185
272.896 347.659 -59.8297
288.293 321.973 -59.8143
309.401 333.874 -75.9991
270.961 346.504 -57.5795
257.253 337.857 -33.2583
272.229 312.872 -33.245
286.359 320.818 -57.5641
256.204 337.233 -30.3085
251.399 334.225 -1.63209
266.228 309.485 -1.61912
271.18 312.248 -30.2952
267.815 306.684 1.57498
272.773 309.495 30.227
286.495 283.758 30.2375
281.399 281.201 1.58668
273.851 310.068 33.1721
287.951 318.018 57.4383
302.058 291.564 57.4447
287.573 284.331 33.1826
289.939 319.075 59.6853
311.044 330.977 75.873
325.721 303.455 75.8747
304.047 292.621 59.6917
313.637 332.357 77.0789
338.521 346.416 82.6989
353.866 317.642 82.6997
328.314 304.835 77.0806
341.322 347.909 82.6853
366.186 361.982 76.9488
382.196 331.96 76.9543
356.666 319.135 82.6861
368.774 363.364 75.727
389.967 375.373 59.555
406.554 344.281 59.5647
384.785 333.342 75.7325
391.954 376.434 57.3108
406.151 384.494 33.0822
423.127 352.679 33.0941
408.54 345.343 57.3204
407.227 385.07 30.1509
412.22 387.903 1.52356
429.334 355.833 1.5364
424.203 353.255 30.1628
412.22 387.903 -1.65016
407.234 385.06 -30.2778
424.21 353.246 -30.2642
429.334 355.833 -1.63732
406.158 384.483 -33.2092
391.968 376.41 -57.438
408.553 345.321 -57.4227
423.134 352.67 -33.1956
389.982 375.347 -59.6823
368.796 363.322 -75.8527
384.805 333.305 -75.8338
406.567 344.258 -59.667
366.208 361.939 -77.0744
341.349 347.856 -82.809
356.691 319.087 -82.7863
382.217 331.921 -77.0555
338.549 346.362 -82.8226
313.667 332.299 -77.2027
328.341 304.782 -77.1817
353.89 317.593 -82.7999
311.073 330.918 -75.997
289.966 319.017 -59.8122
304.069 292.568 -59.7966
325.747 303.401 -75.976
287.975 317.96 -57.5625
273.846 310.015 -33.2433
287.564 284.282 -33.231
302.079 291.511 -57.5469
272.766 309.444 -30.2938
267.814 306.681 -1.6177
281.398 281.198 -1.606
286.485 283.712 -30.2814
282.845 278.317 1.58779
287.941 280.874 30.2386
300.375 254.447 30.2474
295.154 252.148 1.59811
289.047 281.393 33.1833
303.532 288.626 57.4454
316.314 261.47 57.4489
301.481 254.965 33.1922
305.571 289.582 59.6918
327.245 300.416 75.8749
340.541 272.177 75.8718
318.354 262.426 59.6953
329.904 301.666 77.0804
355.455 314.473 82.6996
369.35 284.962 82.6949
343.2 273.427 77.0774
358.326 315.826 82.6862
383.856 328.651 76.9544
398.352 297.872 76.956
372.221 286.316 82.6816
386.511 329.904 75.7331
408.279 340.842 59.5653
423.297 308.965 59.5724
401.006 299.124 75.7347
410.317 341.803 57.3214
424.904 349.14 33.0951
440.278 316.515 33.1052
425.335 309.926 57.3285
426.008 349.66 30.164
431.138 352.239 1.53766
446.638 319.35 1.54906
441.382 317.035 30.1741
431.139 352.238 -1.63589
426.014 349.652 -30.2628
441.388 317.028 -30.2503
446.639 319.35 -1.6245
424.911 349.131 -33.194
410.33 341.782 -57.4211
425.347 309.907 -57.4061
440.285 316.507 -33.1815
408.293 340.82 -59.665
386.53 329.867 -75.8319
401.024 299.092 -75.8119
423.31 308.944 -59.65
383.876 328.613 -77.0531
358.35 315.778 -82.7839
372.242 286.273 -82.7586
398.37 297.838 -77.0331
355.48 314.424 -82.7973
329.93 301.614 -77.1791
343.222 273.38 -77.1561
369.372 284.919 -82.7719
327.271 300.363 -75.9739
305.593 289.529 -59.7944
318.372 262.379 -59.7785
340.563 272.129 -75.9508
303.552 288.573 -57.5453
289.037 281.344 -33.2294
301.468 254.922 -33.218
316.331 261.423 -57.5293
287.93 280.828 -30.2801
282.844 278.315 -1.6047
295.154 252.146 -1.59437
300.361 254.405 -30.2688
296.456 249.191 1.59904
301.678 251.49 30.2483
312.799 224.429 30.2554
307.466 222.392 1.60791
302.808 251.953 33.1926
317.642 258.457 57.4493
329.074 230.662 57.4494
313.93 224.893 33.1996
319.726 259.312 59.6949
341.913 269.063 75.8715
353.801 240.175 75.8628
331.159 231.517 59.695
344.63 270.181 77.0766
370.781 281.717 82.6941
383.199 251.549 82.6832
356.518 241.294 77.0679
373.714 282.928 82.6812
399.845 294.485 76.9555
412.797 263.033 76.9526
386.133 252.76 82.6703
402.559 295.605 75.7349
424.85 305.445 59.5726
438.272 272.864 59.5769
415.511 264.152 75.732
426.934 306.302 57.3292
441.877 312.891 33.106
455.62 279.538 33.1143
440.356 273.721 57.3335
443.006 313.355 30.1752
448.262 315.67 1.55013
462.119 282.045 1.5601
456.749 280.002 30.1835
448.263 315.669 -1.62321
443.012 313.348 -30.249
456.755 279.997 -30.2376
462.119 282.044 -1.61324
441.884 312.884 -33.1799
426.946 306.284 -57.4045
440.367 273.706 -57.3895
455.626 279.532 -33.1685
424.862 305.425 -59.648
402.576 295.572 -75.8099
415.526 264.124 -75.7884
438.283 272.848 -59.633
399.863 294.451 -77.0305
373.736 282.886 -82.7559
386.152 252.723 -82.7271
412.813 263.003 -77.0091
370.802 281.674 -82.769
344.652 270.135 -77.1531
356.537 241.253 -77.1271
383.218 251.511 -82.7401
341.935 269.016 -75.9484
319.744 259.266 -59.7761
331.174 231.476 -59.7594
353.82 240.135 -75.9224
317.658 258.411 -57.5277
302.795 251.91 -33.2164
313.913 224.855 -33.2061
329.087 230.622 -57.511
301.663 251.448 -30.2676
296.455 249.189 -1.59319
307.465 222.39 -1.58432
312.782 224.393 -30.2573
308.622 219.368 1.60865
313.955 221.405 30.2561
323.744 193.767 30.2611
318.311 191.993 1.61608
315.108 221.813 33.1997
330.252 227.582 57.4495
340.314 199.208 57.4455
324.896 194.175 33.2047
332.377 228.335 59.694
355.019 236.993 75.8618
365.478 207.528 75.8465
342.438 199.961 59.6901
357.787 237.98 77.0664
384.468 248.235 82.6816
395.387 217.489 82.6636
368.246 208.514 77.0511
387.457 249.304 82.6692
414.121 259.576 76.9516
425.506 227.54 76.9435
398.376 218.558 82.6512
416.888 260.561 75.7318
439.649 269.273 59.5766
451.451 236.073 59.5775
428.272 228.525 75.7237
441.774 270.023 57.3339
457.038 275.84 33.1147
469.126 241.84 33.1207
453.576 236.823 57.3348
458.19 276.245 30.1844
463.56 278.288 1.56097
475.748 244.008 1.56915
470.278 242.245 30.1904
463.56 278.287 -1.6121
458.196 276.239 -30.2365
470.284 242.242 -30.2265
475.748 244.008 -1.60393
457.045 275.834 -33.167
441.785 270.008 -57.388
453.587 236.812 -57.3732
469.133 241.836 -33.157
439.66 269.257 -59.6309
416.903 260.533 -75.7863
428.287 228.501 -75.763
451.462 236.06 -59.6161
414.137 259.547 -77.0062
387.476 249.267 -82.7242
398.393 218.528 -82.6914
425.522 227.515 -76.9829
384.487 248.198 -82.7368
357.806 237.94 -77.1238
368.263 208.481 -77.0941
395.404 217.458 -82.7041
355.038 236.953 -75.9197
332.391 228.295 -59.7567
342.451 199.928 -59.7387
365.495 207.494 -75.8899
330.265 227.542 -57.5093
315.091 221.775 -33.2044
324.877 194.143 -33.1948
340.324 199.175 -57.4913
313.937 221.369 -30.2562
308.621 219.366 -1.58326
318.31 191.991 -1.57582
323.723 193.737 -30.2466
319.319 188.907 1.6166
324.751 190.682 30.2616
333.192 162.518 30.2638
327.674 161.008 1.62259
325.923 191.034 33.2043
341.341 196.066 57.4452
350.018 167.17 57.4362
334.364 162.87 33.2065
343.5 196.718 59.6884
366.539 204.285 75.8449
375.554 174.311 75.8219
352.177 167.822 59.6794
369.351 205.14 77.0487
396.492 214.116 82.6612
405.896 182.879 82.6359
378.366 175.166 77.0257
399.529 215.042 82.6494
426.659 224.024 76.9418
436.46 191.496 76.9273
408.933 183.805 82.6241
429.472 224.871 75.7228
452.65 232.42 59.5766
462.814 198.684 59.5739
439.272 192.344 75.7084
454.811 233.059 57.3348
470.361 238.076 33.1208
480.772 203.509 33.1241
464.976 199.323 57.3321
471.533 238.42 30.1911
477.003 240.183 1.56979
487.499 205.329 1.57607
481.944 203.853 30.1944
477.003 240.183 -1.60297
471.54 238.417 -30.2255
481.951 203.853 -30.2167
487.499 205.329 -1.59669
470.368 238.072 -33.1555
454.822 233.048 -57.3717
464.987 199.315 -57.3573
480.78 203.508 -33.1466
452.661 232.407 -59.6138
429.487 224.848 -75.7607
439.287 192.325 -75.7348
462.826 198.675 -59.5994
426.674 224 -76.9797
399.546 215.012 -82.6882
408.95 183.781 -82.6515
436.475 191.476 -76.9538
396.509 214.085 -82.7002
369.368 205.108 -77.0903
378.382 175.141 -77.0557
405.913 182.854 -82.6635
366.556 204.252 -75.8868
343.512 196.686 -59.7356
352.187 167.798 -59.7149
375.57 174.285 -75.8523
341.351 196.034 -57.4895
325.903 191.003 -33.193
334.343 162.847 -33.1833
350.027 167.146 -57.4688
324.731 190.652 -30.2457
319.318 188.906 -1.57484
327.673 161.006 -1.56885
333.17 162.497 -30.2359
328.533 157.867 1.62277
334.051 159.378 30.264
341.148 130.741 30.2589
335.56 129.496 1.62748
335.24 159.674 33.2054
350.893 163.974 57.435
358.182 134.612 57.4142
342.337 131.038 33.2003
353.08 164.526 59.6766
376.458 171.015 75.819
384.02 140.605 75.7814
360.37 135.164 59.6558
379.306 171.742 77.0222
406.836 179.454 82.6323
414.71 147.818 82.5954
386.868 141.331 76.9846
409.913 180.24 82.6213
437.439 187.931 76.9245
445.636 155.008 76.8983
417.787 148.604 82.5843
440.291 188.638 75.7066
463.833 194.978 59.5721
472.335 160.781 59.5632
448.488 155.715 75.6804
466.025 195.502 57.3316
481.821 199.688 33.1236
490.519 164.629 33.1212
474.526 161.305 57.3227
483.01 199.969 30.1947
488.564 201.445 1.57637
497.327 166.093 1.58032
491.707 164.911 30.1923
488.565 201.445 -1.59587
483.017 199.969 -30.2159
491.716 164.914 -30.2059
497.328 166.093 -1.59192
481.829 199.687 -33.1451
466.037 195.494 -57.3558
474.541 161.302 -57.3399
490.529 164.632 -33.1352
463.845 194.97 -59.5966
440.306 188.619 -75.732
448.505 155.7 -75.6986
472.349 160.777 -59.5807
437.455 187.911 -76.9499
409.93 180.216 -82.6476
417.805 148.585 -82.6025
445.654 154.992 -76.9166
406.853 179.43 -82.6588
379.322 171.717 -77.051
386.885 141.314 -77.0042
414.728 147.798 -82.6137
376.473 170.99 -75.8482
353.091 164.502 -59.7109
360.382 135.151 -59.6802
384.036 140.587 -75.8014
350.902 163.951 -57.4665
335.218 159.652 -33.1809
342.315 131.026 -33.1661
358.192 134.599 -57.4359
334.029 159.356 -30.2349
328.532 157.866 -1.5678
335.559 129.495 -1.56309
341.126 130.73 -30.22
336.275 126.307 1.62642
341.863 127.552 30.2579
347.689 98.5117 30.2169
342.058 97.5377 1.63005
343.063 127.793 33.1959
358.909 131.368 57.4098
364.855 101.612 57.328
348.889 98.753 33.1549
361.117 131.822 59.6483
384.767 137.263 75.774
390.884 106.505 75.6635
367.064 102.066 59.5665
387.642 137.866 76.9764
415.483 144.353 82.5871
421.799 112.43 82.4835
393.759 107.108 76.8659
418.59 145.001 82.5774
446.44 151.404 76.8915
452.979 118.178 76.8118
424.906 113.078 82.4738
449.322 151.967 75.6754
473.168 157.033 59.5582
479.919 122.435 59.5117
455.861 118.74 75.5957
475.382 157.434 57.3201
491.375 160.759 33.1186
498.236 125.268 33.0877
482.133 122.837 57.2736
492.574 160.975 30.1915
498.194 162.158 1.57954
505.089 126.37 1.58
499.436 125.484 30.1607
498.195 162.158 -1.59067
492.584 160.979 -30.2047
499.449 125.492 -30.1734
505.09 126.37 -1.59021
491.385 160.762 -33.1321
475.397 157.432 -57.3369
482.153 122.839 -57.2897
498.251 125.276 -33.1009
473.184 157.029 -59.5752
449.34 151.952 -75.6931
455.883 118.728 -75.6104
479.939 122.437 -59.528
446.458 151.389 -76.9091
418.609 144.982 -82.595
424.928 113.064 -82.4859
453.001 118.165 -76.8263
415.501 144.334 -82.6046
387.659 137.85 -76.9952
393.78 107.099 -76.8772
421.821 112.416 -82.4955
384.784 137.247 -75.793
361.129 131.81 -59.6718
367.08 102.067 -59.5805
390.905 106.497 -75.675
358.919 131.356 -57.4304
343.042 127.783 -33.1606
348.872 98.7583 -33.111
364.87 101.613 -57.3391
341.841 127.542 -30.2179
336.274 126.307 -1.56099
342.057 97.5376 -1.55736
347.671 98.5172 -30.1683
342.658 94.3172 1.62186
348.289 95.2912 30.2087
353.277 66.0394 29.9562
347.673 65.3347 1.6228
349.49 95.478 33.1314
365.457 98.3367 57.3045
370.376 68.3875 56.8513
354.479 66.2263 32.8788
367.668 98.6972 59.5324
391.488 103.136 75.6294
396.305 72.2273 75.0668
372.587 68.748 59.0792
394.367 103.622 76.828
422.407 108.944 82.4456
427.11 76.9554 81.8651
399.183 72.7138 76.2654
425.524 109.453 82.4394
453.597 114.553 76.7774
458.254 81.0907 76.3105
430.228 77.464 81.8589
456.486 114.958 75.5682
480.544 118.653 59.4842
485.086 83.663 59.1111
461.143 81.4953 75.1013
482.76 118.923 57.2547
498.864 121.354 33.0689
503.314 85.4387 32.8425
487.302 83.9331 56.8817
500.064 121.503 30.1533
505.717 122.389 1.57259
510.135 86.1742 1.55937
504.514 85.5881 29.9269
505.718 122.39 -1.58396
500.077 121.512 -30.1672
504.528 85.6031 -29.9584
510.136 86.175 -1.59718
498.879 121.363 -33.0823
482.781 118.926 -57.2712
487.335 83.9431 -56.891
503.33 85.4543 -32.8735
480.566 118.655 -59.4999
456.509 114.946 -75.5823
461.175 81.486 -75.1062
485.12 83.6714 -59.1198
453.62 114.541 -76.7912
425.547 109.44 -82.4508
430.259 77.4551 -81.8623
458.286 81.0805 -76.3151
422.429 108.931 -82.4568
394.389 103.614 -76.8384
399.213 72.7139 -76.2686
427.141 76.9468 -81.8684
391.51 103.129 -75.6399
367.685 98.6997 -59.5454
372.615 68.7645 -59.0806
396.334 72.2285 -75.07
365.472 98.3402 -57.3147
349.474 95.4851 -33.0866
354.473 66.2526 -32.828
370.402 68.4051 -56.8498
348.271 95.2977 -30.1594
342.657 94.318 -1.54847
347.672 65.3356 -1.54753
353.271 66.0652 -29.9009
348.337 62.1576 1.57628
353.941 62.8623 29.9096
360.849 34.5153 28.6047
355.51 33.8424 1.57253
355.108 63.0172 32.7502
371.005 65.1784 56.7227
377.157 36.7033 54.3296
362.016 34.6702 31.4453
373.157 65.4795 58.8948
396.875 68.9588 74.8825
401.92 40.154 71.796
379.309 37.0044 56.5018
399.682 69.3648 76.0565
427.609 73.6064 81.6562
431.39 44.2794 78.3576
404.726 40.56 72.97
430.643 74.0227 81.6582
458.669 77.6494 76.1098
461.146 48.112 73.0304
434.424 44.6957 78.3596
461.48 77.9745 74.9411
485.423 80.1421 58.9509
486.638 50.927 56.5361
463.957 48.4371 71.8617
487.589 80.3584 56.774
503.601 81.864 32.7349
503.995 52.7724 31.4053
488.804 51.1432 54.3593
504.774 81.9833 29.8871
510.395 82.5694 1.51961
510.502 53.4589 1.50809
505.168 52.8917 28.5576
510.395 82.569 -1.56029
504.788 81.997 -29.9215
505.17 52.8562 -28.6019
510.502 53.4584 -1.57181
503.617 81.8775 -32.7659
487.622 80.3663 -56.7834
488.84 51.1123 -54.3532
503.999 52.7367 -31.4464
485.458 80.1498 -58.9582
461.513 77.9644 -74.9445
463.993 48.4265 -71.856
486.675 50.8957 -56.5279
458.702 77.6395 -76.1135
430.675 74.0141 -81.6607
434.459 44.6925 -78.357
461.181 48.1017 -73.0249
427.641 73.5986 -81.6589
399.712 69.3657 -76.0591
404.757 40.5709 -72.9712
431.425 44.277 -78.3552
396.905 68.9618 -74.8854
373.185 65.4978 -58.8959
379.332 37.0524 -56.5071
401.951 40.167 -71.7975
371.032 65.1984 -56.7209
355.103 63.046 -32.6991
362.004 34.7247 -31.4019
377.178 36.753 -54.3321
353.935 62.8894 -29.8544
348.337 62.1597 -1.50107
355.51 33.8444 -1.50482
360.836 34.568 -28.5572
356.344 30.755 1.48665
361.683 31.4279 28.5188
369.529 4.03467 26.7235
364.531 3.4181 1.47566
362.785 31.572 31.2021
377.927 33.6051 54.0865
384.799 6.04049 50.7745
370.631 4.17872 29.4068
379.959 33.8793 56.1382
402.57 37.0289 71.4324
407.993 9.12757 67.0809
386.831 6.31469 52.8263
405.222 37.3897 72.5417
431.885 41.1092 77.9293
435.578 12.7792 73.184
410.644 9.48842 68.1902
434.753 41.4865 77.9298
461.474 44.9028 72.6005
463.383 16.3093 68.1695
438.446 13.1566 73.1845
464.125 45.2254 71.4921
486.806 47.7153 56.1665
487.169 19.1865 52.7739
466.033 16.6319 67.0611
488.841 47.9483 54.1112
504.031 49.5775 31.1573
503.339 21.1117 29.327
489.203 19.4195 50.7186
505.134 49.7012 28.4705
510.468 50.2684 1.42105
509.4 21.7916 1.43344
504.441 21.2354 26.6403
510.467 50.2653 -1.48433
505.136 49.6631 -28.5144
504.439 21.1597 -26.6638
509.4 21.7885 -1.47194
504.035 49.5368 -31.1974
488.875 47.9124 -54.1042
489.224 19.3547 -50.7067
503.338 21.0334 -29.3467
486.843 47.6822 -56.1575
464.16 45.213 -71.4856
466.055 16.6225 -67.0568
487.191 19.1245 -52.7601
461.509 44.8928 -72.5947
434.787 41.4836 -77.9268
438.467 13.1548 -73.182
463.405 16.3022 -68.1659
431.919 41.1072 -77.9266
405.252 37.4011 -72.5427
410.664 9.49841 -68.1908
435.599 12.7785 -73.1818
402.6 37.0435 -71.4342
379.981 33.9289 -56.1438
386.836 6.38313 -52.8373
408.011 9.14077 -67.0823
377.946 33.6577 -54.0901
362.772 31.6294 -31.1599
370.607 4.26062 -29.3833
384.801 6.112 -50.7836
361.669 31.4821 -28.4729
356.343 30.7585 -1.42048
364.53 3.42164 -1.43147
369.504 4.11335 -26.6964
365.526 0.654786 1.34695
370.524 1.27135 26.5948
380.286 -21.3055 23.779
375.864 -21.9271 1.32732
371.53 1.40591 29.0459
385.698 3.26768 50.4136
393.892 -19.412 45.2605
381.293 -21.171 26.2302
387.557 3.51671 52.2878
408.719 6.3296 66.5425
414.635 -16.6363 59.804
395.751 -19.163 47.1347
411.146 6.65164 67.5528
436.079 9.94245 72.5466
439.298 -13.3675 65.2045
417.062 -16.3143 60.8143
438.701 10.2852 72.5428
463.638 13.4379 67.5279
464.103 -10.0954 60.6754
441.92 -13.0247 65.2007
466.059 13.7473 66.5127
487.194 16.3019 52.2256
485.285 -7.31282 46.9405
466.524 -9.78605 59.6602
489.047 16.5359 50.3516
503.183 18.2281 28.96
499.651 -5.43104 26.103
487.138 -7.07888 45.0666
504.186 18.3528 26.5134
509.144 18.9089 1.30649
505.042 -4.72869 1.32361
500.653 -5.30633 23.6563
509.144 18.9067 -1.34081
504.183 18.2779 -26.5326
500.653 -5.30938 -23.6563
505.043 -4.73091 -1.32368
503.181 18.1511 -28.979
489.067 16.4724 -50.339
487.138 -7.08398 -45.0664
499.65 -5.43618 -26.1026
487.214 16.2408 -52.2127
466.078 13.7387 -66.5094
466.524 -9.78858 -59.66
485.285 -7.31557 -46.9401
463.658 13.4311 -67.5245
438.72 10.2837 -72.5406
441.921 -13.0255 -65.2004
464.104 -10.0962 -60.6751
436.098 9.94143 -72.5445
411.163 6.66135 -67.5534
417.063 -16.3144 -60.8141
439.299 -13.3678 -65.2042
408.735 6.34112 -66.5431
387.56 3.58347 -52.2981
395.751 -19.161 -47.1346
414.635 -16.6347 -59.8037
385.7 3.33689 -50.4235
371.505 1.4855 -29.0233
381.292 -21.1665 -26.2298
393.891 -19.4076 -45.2601
370.499 1.34882 -26.5718
365.525 0.657107 -1.30695
375.863 -21.9248 -1.32659
380.286 -21.3032 -23.7783
-284.204 662.831 25.3236
-285.082 657.775 -0.427681
-284.18 662.804 -26.1827
-281.616 677.149 -48.0115
-277.732 698.618 -62.5732
-273.161 723.928 -67.6566
-268.761 749.261 -62.5491
-265.227 770.815 -48.0261
-262.934 785.266 -26.2339
-262.153 790.362 -0.485639
-262.984 785.308 25.2688
-265.285 770.876 47.0721
-268.813 749.333 61.6102
-273.208 724.004 66.7398
-277.769 698.688 61.6785
-281.645 677.202 47.1381
382.635 -22.3863 1.76393e-05
387.057 -21.7648 22.4517
399.656 -20.0058 41.4821
418.54 -17.4792 54.1513
440.777 -14.5323 58.5415
462.96 -11.603 54.0162
481.721 -9.1298 41.2965
494.234 -7.48197 22.3329
498.623 -6.90434 0.000247942
494.233 -7.48281 -22.3323
481.721 -9.13061 -41.2962
462.96 -11.6036 -54.016
440.777 -14.5328 -58.5413
418.54 -17.4795 -54.1511
399.656 -20.0059 -41.482
387.057 -21.7648 -22.4517
</DataArray>
</Points>
<Cells>
<DataArray type="Int32" Name="connectivity" format="ascii">
0 1 2 3 
4 5 6 7 
8 9 10 11 
12 13 14 15 
16 17 18 19 
20 21 22 23 
24 25 26 27 
28 29 30 31 
32 33 34 35 
36 37 38 39 
40 41 42 43 
44 45 46 47 
48 49 50 51 
52 53 54 55 
56 57 58 59 
60 61 62 63 
64 65 66 67 
68 69 70 71 
72 73 74 75 
76 77 78 79 
80 81 82 83 
84 85 86 87 
88 89 90 91 
92 93 94 95 
96 97 98 99 
100 101 102 103 
104 105 106 107 
108 109 110 111 
112 113 114 115 
116 117 118 119 
120 121 122 123 
124 125 126 127 
128 129 130 131 
132 133 134 135 
136 137 138 139 
140 141 142 143 
144 145 146 147 
148 149 150 151 
152 153 154 155 
156 157 158 159 
160 161 162 163 
164 165 166 167 
168 169 170 171 
172 173 174 175 
176 177 178 179 
180 181 182 183 
184 185 186 187 
188 189 190 191 
192 193 194 195 
196 197 198 199 
200 201 202 203 
204 205 206 207 
208 209 210 211 
212 213 214 215 
216 217 218 219 
220 221 222 223 
224 225 226 227 
228 229 230 231 
232 233 234 235 
236 237 238 239 
240 241 242 243 
244 245 246 247 
248 249 250 251 
252 253 254 255 
256 257 258 259 
260 261 262 263 
264 265 266 267 
268 269 270 271 
272 273 274 275 
276 277 278 279 
280 281 282 283 
284 285 286 287 
288 289 290 291 
292 293 294 295 
296 297 298 299 
300 301 302 303 
304 305 306 307 
308 309 310 311 
312 313 314 315 
316 317 318 319 
320 321 322 323 
324 325 326 327 
328 329 330 331 
332 333 334 335 
336 337 338 339 
340 341 342 343 
344 345 346 347 
348 349 350 351 
352 353 354 355 
356 357 358 359 
360 361 362 363 
364 365 366 367 
368 369 370 371 
372 373 374 375 
376 377 378 379 
380 381 382 383 
384 385 386 387 
388 389 390 391 
392 393 394 395 
396 397 398 399 
400 401 402 403 
404 405 406 407 
408 409 410 411 
412 413 414 415 
416 417 418 419 
420 421 422 423 
424 425 426 427 
428 429 430 431 
432 433 434 435 
436 437 438 439 
440 441 442 443 
444 445 446 447 
448 449 450 451 
452 453 454 455 
456 457 458 459 
460 461 462 463 
464 465 466 467 
468 469 470 471 
472 473 474 475 
476 477 478 479 
480 481 482 483 
484 485 486 487 
488 489 490 491 
492 493 494 495 
496 497 498 499 
500 501 502 503 
504 505 506 507 
508 509 510 511 
512 513 514 515 
516 517 518 519 
520 521 522 523 
524 525 526 527 
528 529 530 531 
532 533 534 535 
536 537 538 539 
540 541 542 543 
544 545 546 547 
548 549 550 551 
552 553 554 555 
556 557 558 559 
560 561 562 563 
564 565 566 567 
568 569 570 571 
572 573 574 575 
576 577 578 579 
580 581 582 583 
584 585 586 587 
588 589 590 591 
592 593 594 595 
596 597 598 599 
600 601 602 603 
604 605 606 607 
608 609 610 611 
612 613 614 615 
616 617 618 619 
620 621 622 623 
624 625 626 627 
628 629 630 631 
632 633 634 635 
636 637 638 639 
640 641 642 643 
644 645 646 647 
648 649 650 651 
652 653 654 655 
656 657 658 659 
660 661 662 663 
664 665 666 667 
668 669 670 671 
672 673 674 675 
676 677 678 679 
680 681 682 683 
684 685 686 687 
688 689 690 691 
692 693 694 695 
696 697 698 699 
700 701 702 703 
704 705 706 707 
708 709 710 711 
712 713 714 715 
716 717 718 719 
720 721 722 723 
724 725 726 727 
728 729 730 731 
732 733 734 735 
736 737 738 739 
740 741 742 743 
744 745 746 747 
748 749 750 751 
752 753 754 755 
756 757 758 759 
760 761 762 763 
764 765 766 767 
768 769 770 771 
772 773 774 775 
776 777 778 779 
780 781 782 783 
784 785 786 787 
788 789 790 791 
792 793 794 795 
796 797 798 799 
800 801 802 803 
804 805 806 807 
808 809 810 811 
812 813 814 815 
816 817 818 819 
820 821 822 823 
824 825 826 827 
828 829 830 831 
832 833 834 835 
836 837 838 839 
840 841 842 843 
844 845 846 847 
848 849 850 851 
852 853 854 855 
856 857 858 859 
860 861 862 863 
864 865 866 867 
868 869 870 871 
872 873 874 875 
876 877 878 879 
880 881 882 883 
884 885 886 887 
888 889 890 891 
892 893 894 895 
896 897 898 899 
900 901 902 903 
904 905 906 907 
908 909 910 911 
912 913 914 915 
916 917 918 919 
920 921 922 923 
924 925 926 927 
928 929 930 931 
932 933 934 935 
936 937 938 939 
940 941 942 943 
944 945 946 947 
948 949 950 951 
952 953 954 955 
956 957 958 959 
960 961 962 963 
964 965 966 967 
968 969 970 971 
972 973 974 975 
976 977 978 979 
980 981 982 983 
984 985 986 987 
988 989 990 991 
992 993 994 995 
996 997 998 999 
1000 1001 1002 1003 
1004 1005 1006 1007 
1008 1009 1010 1011 
1012 1013 1014 1015 
1016 1017 1018 1019 
1020 1021 1022 1023 
1024 1025 1026 1027 
1028 1029 1030 1031 
1032 1033 1034 1035 
1036 1037 1038 1039 
1040 1041 1042 1043 
1044 1045 1046 1047 
1048 1049 1050 1051 
1052 1053 1054 1055 
1056 1057 1058 1059 
1060 1061 1062 1063 
1064 1065 1066 1067 
1068 1069 1070 1071 
1072 1073 1074 1075 
1076 1077 1078 1079 
1080 1081 1082 1083 
1084 1085 1086 1087 
1088 1089 1090 1091 
1092 1093 1094 1095 
1096 1097 1098 1099 
1100 1101 1102 1103 
1104 1105 1106 1107 
1108 1109 1110 1111 
1112 1113 1114 1115 
1116 1117 1118 1119 
1120 1121 1122 1123 
1124 1125 1126 1127 
1128 1129 1130 1131 
1132 1133 1134 1135 
1136 1137 1138 1139 
1140 1141 1142 1143 
1144 1145 1146 1147 
1148 1149 1150 1151 
1152 1153 1154 1155 
1156 1157 1158 1159 
1160 1161 1162 1163 
1164 1165 1166 1167 
1168 1169 1170 1171 
1172 1173 1174 1175 
1176 1177 1178 1179 
1180 1181 1182 1183 
1184 1185 1186 1187 
1188 1189 1190 1191 
1192 1193 1194 1195 
1196 1197 1198 1199 
1200 1201 1202 1203 
1204 1205 1206 1207 
1208 1209 1210 1211 
1212 1213 1214 1215 
1216 1217 1218 1219 
1220 1221 1222 1223 
1224 1225 1226 1227 
1228 1229 1230 1231 
1232 1233 1234 1235 
1236 1237 1238 1239 
1240 1241 1242 1243 
1244 1245 1246 1247 
1248 1249 1250 1251 
1252 1253 1254 1255 
1256 1257 1258 1259 
1260 1261 1262 1263 
1264 1265 1266 1267 
1268 1269 1270 1271 
1272 1273 1274 1275 
1276 1277 1278 1279 
1280 1281 1282 1283 
1284 1285 1286 1287 
1288 1289 1290 1291 
1292 1293 1294 1295 
1296 1297 1298 1299 
1300 1301 1302 1303 
1304 1305 1306 1307 
1308 1309 1310 1311 
1312 1313 1314 1315 
1316 1317 1318 1319 
1320 1321 1322 1323 
1324 1325 1326 1327 
1328 1329 1330 1331 
1332 1333 1334 1335 
1336 1337 1338 1339 
1340 1341 1342 1343 
1344 1345 1346 1347 
1348 1349 1350 1351 
1352 1353 1354 1355 
1356 1357 1358 1359 
1360 1361 1362 1363 
1364 1365 1366 1367 
1368 1369 1370 1371 
1372 1373 1374 1375 
1376 1377 1378 1379 
1380 1381 1382 1383 
1384 1385 1386 1387 
1388 1389 1390 1391 
1392 1393 1394 1395 
1396 1397 1398 1399 
1400 1401 1402 1403 
1404 1405 1406 1407 
1408 1409 1410 1411 
1412 1413 1414 1415 
1416 1417 1418 1419 
1420 1421 1422 1423 
1424 1425 1426 1427 
1428 1429 1430 1431 
1432 1433 1434 1435 
1436 1437 1438 1439 
1440 1441 1442 1443 
1444 1445 1446 1447 
1448 1449 1450 1451 
1452 1453 1454 1455 
1456 1457 1458 1459 
1460 1461 1462 1463 
1464 1465 1466 1467 
1468 1469 1470 1471 
1472 1473 1474 1475 
1476 1477 1478 1479 
1480 1481 1482 1483 
1484 1485 1486 1487 
1488 1489 1490 1491 
1492 1493 1494 1495 
1496 1497 1498 1499 
1500 1501 1502 1503 
1504 1505 1506 1507 
1508 1509 1510 1511 
1512 1513 1514 1515 
1516 1517 1518 1519 
1520 1521 1522 1523 
1524 1525 1526 1527 
1528 1529 1530 1531 
1532 1533 1534 1535 
1536 1537 1538 1539 
1540 1541 1542 1543 
1544 1545 1546 1547 
1548 1549 1550 1551 
1552 1553 1554 1555 
1556 1557 1558 1559 
1560 1561 1562 1563 
1564 1565 1566 1567 
1568 1569 1570 1571 
1572 1573 1574 1575 
1576 1577 1578 1579 
1580 1581 1582 1583 
1584 1585 1586 1587 
1588 1589 1590 1591 
1592 1593 1594 1595 
1596 1597 1598 1599 
1600 1601 1602 1603 
1604 1605 1606 1607 
1608 1609 1610 1611 
1612 1613 1614 1615 
1616 1617 1618 1619 
1620 1621 1622 1623 
1624 1625 1626 1627 
1628 1629 1630 1631 
1632 1633 1634 1635 
1636 1637 1638 1639 
1640 1641 1642 1643 
1644 1645 1646 1647 
1648 1649 1650 1651 
1652 1653 1654 1655 
1656 1657 1658 1659 
1660 1661 1662 1663 
1664 1665 1666 1667 
1668 1669 1670 1671 
1672 1673 1674 1675 
1676 1677 1678 1679 
1680 1681 1682 1683 
1684 1685 1686 1687 
1688 1689 1690 1691 
1692 1693 1694 1695 
1696 1697 1698 1699 
1700 1701 1702 1703 
1704 1705 1706 1707 
1708 1709 1710 1711 
1712 1713 1714 1715 
1716 1717 1718 1719 
1720 1721 1722 1723 
1724 1725 1726 1727 
1728 1729 1730 1731 
1732 1733 1734 1735 
1736 1737 1738 1739 
1740 1741 1742 1743 
1744 1745 1746 1747 
1748 1749 1750 1751 
1752 1753 1754 1755 
1756 1757 1758 1759 
1760 1761 1762 1763 
1764 1765 1766 1767 
1768 1769 1770 1771 
1772 1773 1774 1775 
1776 1777 1778 1779 
1780 1781 1782 1783 
1784 1785 1786 1787 
1788 1789 1790 1791 
1792 1793 1794 1795 
1796 1797 1798 1799 
1800 1801 1802 1803 
1804 1805 1806 1807 
1808 1809 1810 1811 
1812 1813 1814 1815 
1816 1817 1818 1819 
1820 1821 1822 1823 
1824 1825 1826 1827 
1828 1829 1830 1831 
1832 1833 1834 1835 
1836 1837 1838 1839 
1840 1841 1842 1843 
1844 1845 1846 1847 
1848 1849 1850 1851 
1852 1853 1854 1855 
1856 1857 1858 1859 
1860 1861 1862 1863 
1864 1865 1866 1867 
1868 1869 1870 1871 
1872 1873 1874 1875 
1876 1877 1878 1879 
1880 1881 1882 1883 
1884 1885 1886 1887 
1888 1889 1890 1891 
1892 1893 1894 1895 
1896 1897 1898 1899 
1900 1901 1902 1903 
1904 1905 1906 1907 
1908 1909 1910 1911 
1912 1913 1914 1915 
1916 1917 1918 1919 
1920 1921 1922 1923 
1924 1925 1926 1927 
1928 1929 1930 1931 
1932 1933 1934 1935 
1936 1937 1938 1939 
1940 1941 1942 1943 
1944 1945 1946 1947 
1948 1949 1950 1951 
1952 1953 1954 1955 
1956 1957 1958 1959 
1960 1961 1962 1963 
1964 1965 1966 1967 
1968 1969 1970 1971 
1972 1973 1974 1975 
1976 1977 1978 1979 
1980 1981 1982 1983 
1984 1985 1986 1987 
1988 1989 1990 1991 
1992 1993 1994 1995 
1996 1997 1998 1999 
2000 2001 2002 2003 
2004 2005 2006 2007 
2008 2009 2010 2011 
2012 2013 2014 2015 
2016 2017 2018 2019 
2020 2021 2022 2023 
2024 2025 2026 2027 
2028 2029 2030 2031 
2032 2033 2034 2035 
2036 2037 2038 2039 
2040 2041 2042 2043 
2044 2045 2046 2047 
2048 2049 2050 2051 2052 2053 2054 2055 2056 2057 2058 2059 2060 2061 2062 2063 
2064 2065 2066 2067 2068 2069 2070 2071 2072 2073 2074 2075 2076 2077 2078 2079 
</DataArray>
<DataArray type="Int32" Name="offsets" format="ascii">
4 8 12 16 20 24 28 32 36 40 44 48 52 56 60 64 68 72 76 80 84 88 92 96 100 104 108 112 116 120 124 128 132 136 140 144 148 152 156 160 164 168 172 176 180 184 188 192 196 200 204 208 212 216 220 224 228 232 236 240 244 248 252 256 260 264 268 272 276 280 284 288 292 296 300 304 308 312 316 320 324 328 332 336 340 344 348 352 356 360 364 368 372 376 380 384 388 392 396 400 404 408 412 416 420 424 428 432 436 440 444 448 452 456 460 464 468 472 476 480 484 488 492 496 500 504 508 512 516 520 524 528 532 536 540 544 548 552 556 560 564 568 572 576 580 584 588 592 596 600 604 608 612 616 620 624 628 632 636 640 644 648 652 656 660 664 668 672 676 680 684 688 692 696 700 704 708 712 716 720 724 728 732 736 740 744 748 752 756 760 764 768 772 776 780 784 788 792 796 800 804 808 812 816 820 824 828 832 836 840 844 848 852 856 860 864 868 872 876 880 884 888 892 896 900 904 908 912 916 920 924 928 932 936 940 944 948 952 956 960 964 968 972 976 980 984 988 992 996 1000 1004 1008 1012 1016 1020 1024 1028 1032 1036 1040 1044 1048 1052 1056 1060 1064 1068 1072 1076 1080 1084 1088 1092 1096 1100 1104 1108 1112 1116 1120 1124 1128 1132 1136 1140 1144 1148 1152 1156 1160 1164 1168 1172 1176 1180 1184 1188 1192 1196 1200 1204 1208 1212 1216 1220 1224 1228 1232 1236 1240 1244 1248 1252 1256 1260 1264 1268 1272 1276 1280 1284 1288 1292 1296 1300 1304 1308 1312 1316 1320 1324 1328 1332 1336 1340 1344 1348 1352 1356 1360 1364 1368 1372 1376 1380 1384 1388 1392 1396 1400 1404 1408 1412 1416 1420 1424 1428 1432 1436 1440 1444 1448 1452 1456 1460 1464 1468 1472 1476 1480 1484 1488 1492 1496 1500 1504 1508 1512 1516 1520 1524 1528 1532 1536 1540 1544 1548 1552 1556 1560 1564 1568 1572 1576 1580 1584 1588 1592 1596 1600 1604 1608 1612 1616 1620 1624 1628 1632 1636 1640 1644 1648 1652 1656 1660 1664 1668 1672 1676 1680 1684 1688 1692 1696 1700 1704 1708 1712 1716 1720 1724 1728 1732 1736 1740 1744 1748 1752 1756 1760 1764 1768 1772 1776 1780 1784 1788 1792 1796 1800 1804 1808 1812 1816 1820 1824 1828 1832 1836 1840 1844 1848 1852 1856 1860 1864 1868 1872 1876 1880 1884 1888 1892 1896 1900 1904 1908 1912 1916 1920 1924 1928 1932 1936 1940 1944 1948 1952 1956 1960 1964 1968 1972 1976 1980 1984 1988 1992 1996 2000 2004 2008 2012 2016 2020 2024 2028 2032 2036 2040 2044 2048 2064 2080 
</DataArray>
<DataArray type="UInt8" Name="types" format="ascii">
7 7 7 7 7 7 7 7 7 7 7 7 7 7 7 7 7 7 7 7 7 7 7 7 7 7 7 7 7 7 7 7 7 7 7 7 7 7 7 7 7 7 7 7 7 7 7 7 7 7 7 7 7 7 7 7 7 7 7 7 7 7 7 7 7 7 7 7 7 7 7 7 7 7 7 7 7 7 7 7 7 7 7 7 7 7 7 7 7 7 7 7 7 7 7 7 7 7 7 7 7 7 7 7 7 7 7 7 7 7 7 7 7 7 7 7 7 7 7 7 7 7 7 7 7 7 7 7 7 7 7 7 7 7 7 7 7 7 7 7 7 7 7 7 7 7 7 7 7 7 7 7 7 7 7 7 7 7 7 7 7 7 7 7 7 7 7 7 7 7 7 7 7 7 7 7 7 7 7 7 7 7 7 7 7 7 7 7 7 7 7 7 7 7 7 7 7 7 7 7 7 7 7 7 7 7 7 7 7 7 7 7 7 7 7 7 7 7 7 7 7 7 7 7 7 7 7 7 7 7 7 7 7 7 7 7 7 7 7 7 7 7 7 7 7 7 7 7 7 7 7 7 7 7 7 7 7 7 7 7 7 7 7 7 7 7 7 7 7 7 7 7 7 7 7 7 7 7 7 7 7 7 7 7 7 7 7 7 7 7 7 7 7 7 7 7 7 7 7 7 7 7 7 7 7 7 7 7 7 7 7 7 7 7 7 7 7 7 7 7 7 7 7 7 7 7 7 7 7 7 7 7 7 7 7 7 7 7 7 7 7 7 7 7 7 7 7 7 7 7 7 7 7 7 7 7 7 7 7 7 7 7 7 7 7 7 7 7 7 7 7 7 7 7 7 7 7 7 7 7 7 7 7 7 7 7 7 7 7 7 7 7 7 7 7 7 7 7 7 7 7 7 7 7 7 7 7 7 7 7 7 7 7 7 7 7 7 7 7 7 7 7 7 7 7 7 7 7 7 7 7 7 7 7 7 7 7 7 7 7 7 7 7 7 7 7 7 7 7 7 7 7 7 7 7 7 7 7 7 7 7 7 7 7 7 7 7 7 7 7 7 7 7 7 7 7 7 7 7 7 7 7 7 7 7 7 7 7 7 7 7 7 7 7 7 7 7 7 7 7 7 7 7 7 7 7 7 7 7 7 7 7 7 7 
</DataArray>
</Cells>
<CellData Scalars="cell variable 4" Vectors="cell vector">
<DataArray type="Float64" NumberOfComponents="3" Name="cell vector" format="ascii">
0.138506 0.150714 0.978827
0.408655 0.402431 0.819177
0.570653 0.593644 0.5674
0.564659 0.783452 0.259543
-0.131996 0.960463 -0.245129
-0.283635 0.768465 -0.573596
0.217056 -0.522179 0.824752
0.0739641 -0.188195 0.979343
-0.0666048 0.189908 0.97954
-0.201374 0.525882 0.826375
-0.283692 0.769159 0.572637
-0.122056 0.962348 0.242874
0.573419 0.776677 -0.260699
0.559538 0.602396 -0.569242
-0.361637 -0.428511 0.828008
-0.139174 -0.149484 0.97892
0.0478606 0.18969 0.980677
0.137758 0.5385 0.831289
0.198447 0.807022 0.556179
0.203028 0.959373 0.195915
0.134033 0.971419 -0.19591
0.0804432 0.826722 -0.55683
-0.0566515 -0.552152 0.831816
-0.0208906 -0.193599 0.980858
0.0205734 0.194709 0.980645
0.0548394 0.553246 0.831211
0.0796744 0.827311 0.556066
0.134886 0.971458 0.195126
0.202485 0.959349 -0.196593
0.197173 0.806824 -0.556918
-0.137505 -0.537621 0.831899
-0.0501497 -0.188123 0.980864
0.04635 0.190416 0.980609
0.133356 0.540374 0.83079
0.196118 0.808478 0.554889
0.209425 0.958208 0.194883
0.114767 0.974158 -0.194539
0.0798583 0.82847 -0.55431
-0.066856 -0.552072 0.831112
-0.0248169 -0.193491 0.980788
0.0248534 0.194531 0.980582
0.0648989 0.553189 0.830524
0.0795524 0.828973 0.553601
0.115436 0.974246 0.193698
0.208703 0.958205 -0.19567
0.195697 0.808094 -0.555596
-0.133521 -0.539452 0.831363
-0.0478016 -0.188921 0.980828
0.0490733 0.189845 0.980587
0.1422 0.538511 0.830533
0.213304 0.804756 0.553958
0.238114 0.951644 0.194099
0.113677 0.974329 -0.194318
0.813405 -0.527367 0.245471
0.978133 -0.204761 0.0364528
0.983256 -0.181993 0.00932645
0.983362 -0.181545 -0.00634554
0.978113 -0.204938 -0.0359935
0.78788 -0.555529 -0.265768
0.113495 0.974536 0.193386
0.236585 0.951853 -0.194947
0.212928 0.804362 -0.554674
-0.142486 -0.537562 0.831098
-0.0503723 -0.188253 0.980828
0.054106 0.188427 0.980596
0.15565 0.534728 0.830566
0.232258 0.799619 0.553775
0.26369 0.945003 0.193488
0.208235 0.958474 -0.194848
0.806169 -0.546701 0.226295
0.964686 -0.260305 0.0402831
0.971793 -0.23563 0.00981039
0.971909 -0.235241 -0.00735885
0.964922 -0.259661 -0.0387404
-0.678924 0.66148 0.318601
0.205804 0.959207 0.193822
0.262221 0.945219 -0.194427
0.232153 0.799122 -0.554534
-0.156149 -0.533692 0.831138
-0.0553613 -0.186765 0.980844
0.0599048 0.186394 0.980647
0.17194 0.52915 0.830925
0.257181 0.791633 0.554234
0.297918 0.934829 0.193233
0.27136 0.942523 -0.194971
0.841299 -0.513283 0.169578
0.951864 -0.304374 0.0362102
0.959079 -0.283009 0.00855845
0.95902 -0.283225 -0.00806661
0.951731 -0.304881 -0.0354241
0.701958 -0.653641 -0.282859
0.271577 0.94266 0.194008
0.298231 0.934547 -0.194113
0.257484 0.791036 -0.554945
-0.172441 -0.528111 0.831483
-0.0609966 -0.184737 0.980893
0.0665784 0.183802 0.980706
0.191028 0.521933 0.831321
0.286513 0.781107 0.554782
0.336354 0.921688 0.193281
0.325463 0.92519 -0.195187
0.869122 -0.481447 0.113294
0.937419 -0.346821 0.0309918
0.944283 -0.329048 0.00753419
0.944162 -0.329391 -0.00770626
0.937548 -0.346639 -0.0290651
0.848621 -0.511495 -0.134966
0.324201 0.925787 0.194456
0.336915 0.921341 -0.193958
0.287086 0.780498 -0.555342
-0.191698 -0.520897 0.831817
-0.0676928 -0.182132 0.980941
0.0738878 0.1807 0.980759
0.212056 0.513211 0.831653
0.318586 0.768251 0.555242
0.376571 0.905976 0.193397
0.375473 0.905995 -0.195431
0.882626 -0.465079 0.0683565
0.920953 -0.388814 0.0258765
0.927294 -0.374274 0.00661489
0.927272 -0.374336 -0.00618734
0.921757 -0.387131 -0.0222424
0.880338 -0.469108 -0.0702987
0.369728 0.908482 0.194839
0.376115 0.906041 -0.193978
0.319149 0.767686 -0.555699
-0.212929 -0.512155 0.832081
-0.0751465 -0.178993 0.980976
0.0816845 0.177079 0.980801
0.234389 0.502966 0.831917
0.352222 0.753132 0.555637
0.416789 0.888151 0.193585
0.420189 0.886118 -0.195541
0.880103 -0.472933 0.0418638
0.902727 -0.429726 0.0204906
0.908139 -0.418635 0.00536337
0.90804 -0.418853 -0.00496964
0.9028 -0.42965 -0.0187998
0.880418 -0.472498 -0.0401244
0.418954 0.886811 0.195049
0.416861 0.888009 -0.194079
0.352498 0.75273 -0.556005
-0.235134 -0.502004 0.832288
-0.0829505 -0.175358 0.981004
0.0897049 0.172981 0.980832
0.257365 0.491243 0.832132
0.38679 0.735697 0.556007
0.457714 0.867706 0.193867
0.462227 0.864953 -0.195455
0.860519 -0.508139 0.0360831
0.882286 -0.47046 0.0154861
0.886676 -0.462371 0.00438988
0.886711 -0.462314 -0.00286583
0.882464 -0.470178 -0.0138035
0.870223 -0.492143 -0.0225453
0.460926 0.865733 0.195075
0.457034 0.86798 -0.194243
0.386754 0.735507 -0.556283
-0.258062 -0.490313 0.832465
-0.0909882 -0.171178 0.98103
0.0978053 0.168418 0.980851
0.280484 0.478144 0.83229
0.421714 0.716032 0.556287
0.499662 0.844195 0.194096
0.505531 0.840403 -0.195351
0.832527 -0.552691 0.0378247
0.858661 -0.512384 0.0128071
0.862583 -0.505897 0.00429254
0.862808 -0.505528 -0.0017049
0.859287 -0.511385 -0.0105108
0.845175 -0.534033 -0.0220919
0.501858 0.8427 0.194925
0.498118 0.845013 -0.194501
0.421488 0.715949 -0.556565
-0.281153 -0.477179 0.832618
-0.0990331 -0.166525 0.981051
0.105982 0.163339 0.980861
0.303587 0.463656 0.832381
0.456388 0.69432 0.556443
0.540541 0.818595 0.194212
0.544652 0.815597 -0.195333
0.807444 -0.588963 0.0340016
0.833164 -0.552939 0.00982049
0.836271 -0.548304 0.00379139
0.836356 -0.548183 -0.00180112
0.832953 -0.553268 -0.00918029
0.808601 -0.58751 -0.0315709
0.545251 0.815313 0.19485
0.539991 0.818855 -0.194645
0.456167 0.694236 -0.55673
-0.304054 -0.462749 0.832715
-0.106946 -0.161461 0.981067
0.114075 0.157781 0.980863
0.326325 0.447868 0.832422
0.490259 0.670765 0.556526
0.580015 0.7911 0.194278
0.582261 0.789185 -0.195345
0.784378 -0.619721 0.0264184
0.805743 -0.592226 0.00684446
0.807995 -0.589182 0.00275803
0.808024 -0.589148 -0.00134383
0.805657 -0.592353 -0.00586431
0.784632 -0.61946 -0.0249476
0.58249 0.789123 0.194913
0.5799 0.791094 -0.194646
0.490262 0.670564 -0.556766
-0.326723 -0.446968 0.83275
-0.114766 -0.15594 0.981077
0.121936 0.1518 0.980861
0.348453 0.430856 0.832432
0.523178 0.64539 0.556558
0.618324 0.761529 0.194294
0.618945 0.760747 -0.195372
0.757318 -0.652691 0.0215392
0.776186 -0.630488 0.00448215
0.777708 -0.628622 0.00189543
0.777725 -0.628605 -0.000634989
0.776174 -0.63051 -0.00336066
0.756589 -0.65355 -0.0210953
0.618967 0.760824 0.195003
0.618339 0.761437 -0.194602
0.523295 0.645134 -0.556745
-0.348812 -0.42996 0.832745
-0.122431 -0.149979 0.981079
0.129482 0.145462 0.980854
0.369791 0.412746 0.832403
0.555069 0.618215 0.556515
0.655707 0.729606 0.194225
0.654669 0.730209 -0.195456
0.724849 -0.688612 0.0201978
0.744526 -0.66759 0.00235603
0.74534 -0.666684 0.0011268
0.745355 -0.666668 8.13013e-05
0.744559 -0.667556 -0.00116919
0.723773 -0.689746 -0.0200867
0.654622 0.730336 0.195138
0.655728 0.72952 -0.194479
0.555205 0.617968 -0.556654
-0.370111 -0.411861 0.8327
-0.129841 -0.143637 0.981076
0.136651 0.13884 0.980842
0.390112 0.393791 0.832311
0.585641 0.589538 0.5563
0.692511 0.694872 0.19386
0.694003 0.692793 -0.195954
0.701709 -0.712426 0.00727477
0.709675 -0.704529 -1.3422e-05
0.70958 -0.704625 0.000451393
0.709595 -0.704609 0.000696879
0.709758 -0.704445 0.00124371
0.701755 -0.712391 -0.00615377
0.693585 0.693287 0.195687
0.692419 0.694906 -0.194067
0.585785 0.589305 -0.556395
-0.390422 -0.392891 0.832591
-0.136905 -0.137001 0.981065
0.143518 0.131852 0.980825
0.409539 0.373848 0.832175
0.614656 0.559564 0.555955
0.72656 0.659362 0.193266
0.727513 0.657263 -0.1968
-0.669696 0.742628 -0.00326201
-0.673907 0.738815 0.000701947
-0.67354 0.739151 -0.000153845
-0.673565 0.739127 -0.000999394
-0.673965 0.738761 -0.00181201
-0.669668 0.742657 0.00226974
0.726976 0.657925 0.196574
0.726409 0.65948 -0.193434
0.614797 0.559354 -0.556011
-0.409826 -0.372947 0.832438
-0.143665 -0.13002 0.981048
0.150019 0.124519 0.980811
0.427845 0.353011 0.832065
0.641745 0.528531 0.555714
0.757559 0.62361 0.192915
0.755672 0.624547 -0.197232
-0.632116 0.77486 -0.00449365
-0.637369 0.770559 3.12665e-05
-0.637274 0.770638 -0.000169927
-0.637297 0.770618 -0.000928094
-0.637414 0.770521 -0.00107337
-0.632061 0.774911 0.003568
0.75536 0.624987 0.197033
0.757435 0.623719 -0.193046
0.641871 0.528357 -0.555734
-0.428083 -0.352139 0.832312
-0.150036 -0.122733 0.981033
0.156035 0.116968 0.980802
0.444763 0.331584 0.832008
0.666924 0.496479 0.555626
0.787253 0.5857 0.192842
0.787048 0.584514 -0.197227
-0.597661 0.801749 -0.000317704
-0.59812 0.801407 0.000432674
-0.597777 0.801662 1.7845e-05
-0.597796 0.801648 -0.001025
-0.598187 0.801355 -0.00146276
-0.59772 0.801705 -0.000654277
0.786706 0.58503 0.197064
0.787166 0.585786 -0.192937
0.667066 0.496304 -0.555612
-0.444968 -0.330725 0.832241
-0.15591 -0.115254 0.981024
0.161626 0.109167 0.980795
0.460524 0.309416 0.831974
0.690508 0.463171 0.555581
0.815257 0.546053 0.192828
0.816119 0.543213 -0.197153
-0.561555 0.827431 0.00366939
-0.55773 0.830021 0.00165898
-0.556762 0.830672 0.000425531
-0.556784 0.830656 -0.00138563
-0.557804 0.829968 -0.00262986
-0.56152 0.827451 -0.00449656
0.815756 0.543804 0.197025
0.815191 0.54613 -0.192888
0.690662 0.462999 -0.555535
-0.4607 -0.308563 0.832193
-0.161369 -0.107531 0.981018
0.166824 0.101121 0.980788
0.475165 0.28656 0.831926
0.712379 0.428851 0.55552
0.841113 0.50532 0.192824
0.842472 0.50141 -0.197051
-0.525184 0.850949 0.0082716
-0.51645 0.85631 0.00348734
-0.514513 0.857482 0.000966396
-0.514538 0.857465 -0.00187215
-0.516533 0.856256 -0.0044002
-0.52516 0.850955 -0.00903692
0.84211 0.502056 0.196954
0.841051 0.505412 -0.192852
0.712534 0.428693 -0.555443
-0.475313 -0.285715 0.832133
-0.166445 -0.0995702 0.981011
0.171608 0.0929014 0.980775
0.488607 0.263242 0.831845
0.732366 0.393904 0.55541
0.864595 0.464006 0.192807
0.866179 0.459302 -0.196916
-0.490417 0.871363 0.0147468
-0.474599 0.88018 0.00615559
-0.471201 0.882024 0.00176709
-0.471232 0.882005 -0.00262151
-0.474698 0.880121 -0.00701191
-0.49044 0.871337 -0.0154702
0.865787 0.46007 0.196847
0.864539 0.46411 -0.192806
0.732527 0.39375 -0.555307
-0.488729 -0.262399 0.83204
-0.171115 -0.0914471 0.980998
0.175947 0.0846191 0.980756
0.500754 0.239774 0.831717
0.750331 0.358776 0.555232
0.88559 0.422576 0.192767
0.887323 0.417078 -0.196732
-0.45993 0.887606 0.0248961
-0.432542 0.901558 0.00999081
-0.426966 0.904263 0.0028867
-0.427009 0.90424 -0.00372318
-0.432635 0.901505 -0.0107549
-0.459905 0.887602 -0.0255027
0.886981 0.417826 0.196691
0.885559 0.422654 -0.19274
0.750496 0.358628 -0.555105
-0.500853 -0.238928 0.831901
-0.175347 -0.0832753 0.980978
0.179818 0.0764063 0.980728
0.511543 0.21653 0.831528
0.766192 0.323978 0.554967
0.904084 0.381445 0.192699
0.90616 0.374524 -0.196485
-0.437438 0.898303 0.0412211
-0.390537 0.920463 0.0151038
-0.381953 0.924172 0.00424474
-0.382016 0.924142 -0.00511108
-0.390597 0.920427 -0.0157337
-0.437296 0.898353 -0.0416582
0.905933 0.375081 0.196468
0.904085 0.381467 -0.192649
0.766358 0.323838 -0.554819
-0.511626 -0.215661 0.831703
-0.179125 -0.0751832 0.980949
0.183211 0.0684217 0.98069
0.520937 0.193988 0.83126
0.779889 0.29018 0.554589
0.920085 0.341099 0.192602
0.922973 0.331119 -0.196168
-0.427976 0.90129 0.06717
-0.34875 0.93697 0.0214864
-0.336285 0.941743 0.00575993
-0.336382 0.941702 -0.00667483
-0.348807 0.936936 -0.0219946
-0.427797 0.901353 -0.0674743
0.922713 0.331839 0.19617
0.920111 0.341066 -0.192537
0.780075 0.289991 -0.554427
-0.521025 -0.193033 0.831427
-0.182441 -0.0673346 0.980908
0.186107 0.0608934 0.980641
0.528903 0.172816 0.830901
0.791375 0.258298 0.554082
0.933643 0.302091 0.192491
0.938135 0.285592 -0.195805
-0.435712 0.893871 0.105593
-0.307051 0.951258 0.0287733
-0.289972 0.957008 0.00722674
-0.290117 0.956956 -0.00824831
-0.307059 0.951247 -0.029069
-0.435482 0.893966 -0.105736
0.937954 0.286177 0.195819
0.933702 0.301949 -0.192424
0.791575 0.258045 -0.553915
-0.529012 -0.171707 0.831062
-0.18529 -0.059968 0.980852
0.188471 0.0541217 0.980586
0.535362 0.153996 0.830466
0.800557 0.229757 0.553463
0.944816 0.265121 0.192441
0.952516 0.233467 -0.195464
-0.453258 0.878492 0.151028
-0.264251 0.963794 0.0356638
-0.242535 0.970107 0.00835572
-0.242736 0.970046 -0.00945424
-0.264194 0.96381 -0.0356719
-0.452941 0.878669 -0.150948
0.952429 0.233819 0.195467
0.944915 0.2648 -0.192396
0.800771 0.229375 -0.553311
-0.535517 -0.152597 0.830624
-0.187651 -0.0534127 0.980782
0.190203 0.0483777 0.980552
0.540098 0.138722 0.830091
0.807126 0.206906 0.552935
0.953249 0.232756 0.19272
0.967048 0.163582 -0.195085
-0.437517 0.882355 0.173289
-0.215631 0.9757 0.0388939
-0.191353 0.981483 0.00865261
-0.191589 0.981429 -0.00957004
-0.215508 0.975743 -0.0385081
-0.436698 0.882888 -0.172634
0.967029 0.163757 0.195037
0.953379 0.232214 -0.19273
0.807361 0.206243 -0.55284
-0.540342 -0.13677 0.830255
-0.189466 -0.0479931 0.980714
0.191036 0.0437979 0.980605
0.542279 0.128596 0.830299
0.809482 0.195801 0.553534
0.956151 0.219303 0.194117
0.980607 0.0234106 -0.194581
-0.277304 0.954499 0.109699
-0.143416 0.989062 0.0344627
-0.123519 0.992305 0.00858315
-0.123537 0.992308 -0.00798175
-0.142839 0.989192 -0.0331129
-0.27681 0.954683 -0.109351
0.980637 0.0225706 0.194528
0.956408 0.218148 -0.194154
0.809794 0.194384 -0.553577
-0.542723 -0.125557 0.830474
-0.19054 -0.0439562 0.980695
0.19052 0.0378331 0.980954
0.541739 0.111668 0.833096
0.811664 0.168041 0.559432
0.963529 0.178819 0.199088
0.97813 0.0559461 -0.200328
0.828599 0.0322333 -0.558914
-0.552641 -0.0360715 0.832638
-0.193944 -0.0149918 0.980898
0.193771 0.0150965 0.980931
0.552626 0.0352763 0.832683
0.828617 0.0325839 0.558867
0.978134 0.0557453 0.200365
0.963763 0.177691 -0.198963
0.812087 0.166206 -0.559366
-0.542419 -0.108733 0.833042
-0.190145 -0.038753 0.980991
0.191105 0.0337449 0.980989
0.54316 0.100368 0.833609
0.814538 0.149323 0.560562
0.967758 0.154365 0.199038
0.97583 0.0871277 -0.20041
0.825245 0.0456825 -0.562924
-0.550236 -0.0395964 0.83407
-0.193056 -0.0148383 0.981076
0.193159 0.0163538 0.981031
0.55018 0.0375731 0.8342
0.825206 0.0446465 0.563065
0.975875 0.0862206 0.200586
0.968047 0.152902 -0.198761
0.815045 0.147433 -0.560326
-0.543792 -0.09821 0.833454
-0.190419 -0.0356471 0.981056
0.190367 0.0325453 0.981173
0.539849 0.100678 0.835719
0.811034 0.150782 0.565233
0.971735 0.132255 0.19555
0.97358 0.010884 -0.228085
0.811162 -0.0292077 -0.584092
-0.541657 -0.00590311 0.840579
-0.189721 -0.00224832 0.981836
0.190111 0.00605663 0.981744
0.54023 -0.00294504 0.841512
0.810802 -0.0318077 0.584455
0.973585 0.0109571 0.228061
0.972153 0.1301 -0.194919
0.812596 0.145984 -0.564249
-0.541465 -0.0967394 0.835139
-0.188544 -0.0371337 0.981362
-0.000538261 0.000758888 1
0.00408152 0.000544941 0.999992
</DataArray>
<DataArray type="Float64" Name="cell vector length" format="ascii">
0.0827947 0.0798076 0.0730065 0.0430345 0.0495501 0.0910704 0.0890357 0.084102 0.0867862 0.0937432 0.0914822 0.0485674 0.0438328 0.0719353 0.0886135 0.0887003 0.404256 0.389558 0.366884 0.342061 0.347419 0.37844 0.400435 0.406407 0.406251 0.39969 0.377717 0.3475 0.342928 0.368046 0.39616 0.406499 0.507046 0.491481 0.462629 0.422373 0.425607 0.476185 0.50848 0.512376 0.512199 0.506904 0.475781 0.42603 0.423635 0.463658 0.49583 0.508265 0.541197 0.522167 0.484086 0.417789 0.255387 0.0815284 0.271448 0.371496 0.371154 0.271078 0.075886 0.256611 0.419009 0.484762 0.526209 0.542304 0.558703 0.537115 0.49125 0.405223 0.238174 0.0693869 0.253693 0.35743 0.357116 0.251438 0.0546116 0.241997 0.406209 0.49162 0.541241 0.55982 0.568326 0.543667 0.490509 0.392129 0.220196 0.0620561 0.246771 0.352245 0.351977 0.244216 0.0421946 0.224688 0.393177 0.490829 0.548131 0.569525 0.574186 0.547045 0.488715 0.382739 0.20529 0.0591454 0.243499 0.348826 0.348459 0.242922 0.0518906 0.206291 0.383905 0.489187 0.552057 0.57553 0.577692 0.548719 0.48703 0.376441 0.194344 0.0600999 0.241422 0.346073 0.345873 0.240948 0.0596865 0.19497 0.377224 0.487631 0.554467 0.579256 0.579725 0.549389 0.485451 0.372023 0.186071 0.0560931 0.24054 0.344174 0.344116 0.240193 0.0621008 0.186616 0.372524 0.486118 0.555863 0.581509 0.580855 0.549488 0.483921 0.368638 0.184275 0.0339592 0.238245 0.343168 0.343046 0.239915 0.0542245 0.181405 0.36914 0.48457 0.556571 0.582813 0.581371 0.549193 0.482517 0.36599 0.18052 0.0203635 0.237938 0.342554 0.34254 0.237525 0.0271041 0.181264 0.36635 0.483017 0.556844 0.583496 0.581521 0.548712 0.481275 0.363805 0.176714 0.017828 0.238351 0.342325 0.342373 0.238217 0.0172264 0.177351 0.364121 0.481632 0.556898 0.583802 0.581525 0.548163 0.480055 0.361616 0.172933 0.0194497 0.23943 0.342575 0.342512 0.238968 0.0182789 0.174015 0.362196 0.480415 0.556898 0.583961 0.581526 0.547596 0.478766 0.359282 0.169277 0.022221 0.240871 0.343307 0.343191 0.240327 0.0210558 0.170515 0.360065 0.479229 0.556942 0.584143 0.581561 0.547071 0.477484 0.356798 0.165459 0.0257661 0.243308 0.345174 0.345034 0.242742 0.0246479 0.16676 0.357723 0.478061 0.557034 0.58437 0.581542 0.546557 0.476358 0.354585 0.162506 0.0373131 0.252276 0.352886 0.352745 0.251687 0.036148 0.163875 0.355613 0.477028 0.55711 0.58454 0.581446 0.546039 0.475432 0.352872 0.155348 0.0719643 0.281875 0.378488 0.378349 0.281284 0.0707731 0.156803 0.353973 0.476177 0.557149 0.584628 0.581386 0.545591 0.474566 0.351225 0.153365 0.081509 0.289237 0.385054 0.384911 0.28864 0.0803141 0.154873 0.352393 0.475364 0.557204 0.584738 0.581316 0.54513 0.473644 0.349578 0.151111 0.0825742 0.290297 0.386202 0.386057 0.289678 0.0813427 0.152689 0.350807 0.47448 0.557188 0.584818 0.581055 0.54453 0.472754 0.348438 0.14987 0.0826796 0.290616 0.38672 0.386571 0.289979 0.0814273 0.151494 0.349717 0.473626 0.557 0.584698 0.580503 0.54377 0.471991 0.347865 0.149529 0.0823932 0.290956 0.387385 0.387237 0.290303 0.0811229 0.151183 0.349176 0.472892 0.556627 0.584282 0.579601 0.542815 0.47134 0.347851 0.150171 0.0816819 0.291453 0.388385 0.388232 0.290776 0.0803914 0.151835 0.349176 0.472263 0.556032 0.583511 0.578242 0.541577 0.470758 0.348456 0.152051 0.0804798 0.292219 0.389838 0.389674 0.291507 0.0791653 0.153703 0.349778 0.471698 0.555132 0.582278 0.57621 0.539896 0.470217 0.34986 0.155575 0.0788754 0.293431 0.391872 0.391683 0.292654 0.0775165 0.157189 0.351164 0.47117 0.553773 0.580369 0.573135 0.537519 0.469729 0.352431 0.161364 0.0773085 0.295377 0.394652 0.394423 0.294514 0.075916 0.162881 0.353697 0.4707 0.551722 0.577427 0.568397 0.534 0.469302 0.356737 0.170027 0.0772658 0.298582 0.398389 0.398104 0.2976 0.0757979 0.171398 0.357935 0.470307 0.548572 0.572849 0.560721 0.528211 0.468393 0.363183 0.181307 0.0821137 0.304255 0.403688 0.403344 0.303157 0.0805903 0.182428 0.36428 0.469448 0.543253 0.565392 0.546006 0.515517 0.46229 0.368634 0.18898 0.0989908 0.317375 0.414193 0.413844 0.31631 0.0975822 0.189751 0.369555 0.463414 0.531334 0.551046 0.503691 0.472756 0.423898 0.345607 0.147906 0.171257 0.369213 0.456127 0.456935 0.372408 0.170231 0.148597 0.346364 0.425065 0.490391 0.509482 0.472561 0.442504 0.399109 0.344108 0.339903 0.404291 0.460687 0.471344 0.465382 0.444412 0.402643 0.340348 0.344873 0.400488 0.461678 0.47891 0.428095 0.396153 0.352998 0.309287 0.302772 0.341365 0.402229 0.41549 0.407901 0.380063 0.340268 0.30314 0.309749 0.354106 0.416762 0.434994 0.209768 0.180529 0.140081 0.101025 0.100091 0.137881 0.199121 0.215591 0.210115 0.180773 0.139788 0.100951 0.100711 0.138187 0.1991 0.215451 0.0334885 0.0151589 
</DataArray>
<DataArray type="Float64" Name="cell variable 4" format="ascii">
784.209 783.737 784.202 774.927 780.5 793.423 786.787 782.52 782.807 787.787 793.539 780.239 775.114 781.933 787.247 785.19 1160.07 1151.38 1145.14 1140.21 1152.58 1163.31 1164.2 1162.87 1162.86 1163.38 1163.63 1152.85 1140.03 1144.66 1161.99 1163.59 1378.57 1370 1362.37 1355.5 1367.22 1389.7 1405.42 1402.54 1401.43 1401.56 1391.73 1368.07 1355.8 1362.43 1381.1 1381.83 1447.47 1435.47 1421.76 1405.57 1396.4 1498.12 1954.2 2254.06 2252.19 1951.52 1499.91 1396.87 1405.41 1421.7 1447.54 1451.03 1468.23 1455.35 1441.57 1427.74 1417.07 1501.53 1947.93 2244.58 2242.39 1939.64 1500.99 1415.89 1427.09 1441.6 1468.6 1472.09 1474.07 1458.28 1440.68 1424.53 1414.63 1498.09 1937.44 2232.34 2230.28 1928.29 1493.32 1413.23 1423.99 1440.77 1472.68 1478.23 1476.82 1457.99 1436.66 1418.4 1408.56 1500.27 1930.62 2221.4 2219.95 1929.11 1501.57 1408.82 1418.33 1436.61 1473.57 1481.27 1478.45 1456.91 1432.43 1412.68 1403.4 1505.56 1926.8 2212.27 2211.54 1925.35 1504.97 1403.5 1412.9 1432.6 1474.12 1483.36 1479.7 1455.73 1428.49 1407.42 1398.53 1511.84 1925.11 2205.18 2205.06 1923.8 1510.21 1398.65 1407.88 1428.84 1474.74 1485.14 1480.78 1454.71 1425.14 1402.6 1393.17 1503.65 1917.66 2200.09 2200.24 1923.11 1513.83 1394.34 1403.22 1425.42 1475.44 1486.76 1481.48 1453.5 1422.16 1398.52 1388.82 1504.28 1915.69 2196.56 2196.58 1914.49 1502.24 1389.11 1398.94 1422.58 1476.17 1488.1 1481.78 1452.07 1419.44 1395.29 1385.88 1507.74 1915.97 2193.98 2193.74 1914.57 1505.59 1385.49 1395.48 1419.93 1476.6 1489.03 1481.81 1450.6 1416.96 1392.44 1383.07 1511.17 1916.93 2192.43 2192.02 1915.57 1509.22 1383.13 1392.62 1417.34 1476.74 1489.6 1481.62 1449.14 1414.7 1389.76 1380.25 1513.99 1918.05 2191.98 2191.55 1916.8 1512.13 1380.41 1390 1415.03 1476.8 1489.93 1481.14 1447.63 1412.65 1387.23 1376.99 1516.08 1919.12 2192.48 2192.05 1917.98 1514.33 1377.23 1387.49 1412.93 1476.75 1489.96 1480.18 1445.77 1410.48 1385.04 1374.78 1517.18 1919.69 2193.32 2192.94 1918.65 1515.43 1375.05 1385.3 1410.74 1476.3 1489.51 1478.85 1443.61 1408.25 1383.41 1374.35 1544.15 1961.46 2241.47 2241.07 1960.36 1542.21 1374.57 1383.7 1408.57 1475.5 1488.67 1477.61 1441.82 1406.62 1382.14 1373.14 1544.08 1960.52 2241.05 2240.61 1959.41 1542.09 1373.35 1382.44 1406.98 1474.95 1487.91 1476.73 1440.49 1405.39 1380.86 1371.1 1544.36 1960.63 2241.91 2241.51 1959.61 1542.36 1371.32 1381.15 1405.75 1474.73 1487.46 1475.97 1439.24 1404.17 1379.66 1369.68 1544.48 1961.13 2243.39 2243.02 1960.19 1542.47 1369.92 1379.97 1404.52 1474.48 1487.09 1475.06 1437.95 1403.06 1378.78 1368.72 1544.14 1961.92 2245.65 2245.31 1961.03 1542.12 1368.97 1379.1 1403.42 1474.11 1486.55 1473.91 1436.61 1402.16 1378.3 1368.19 1543.12 1962.99 2248.81 2248.48 1962.14 1541.06 1368.44 1378.62 1402.53 1473.61 1485.74 1472.5 1435.28 1401.54 1378.25 1368.04 1541.11 1964.48 2253.32 2253 1963.62 1539.01 1368.29 1378.58 1401.92 1473.03 1484.64 1470.82 1433.96 1401.25 1378.68 1368.26 1537.96 1966.72 2259.73 2259.36 1965.81 1535.83 1368.51 1379.01 1401.63 1472.38 1483.23 1468.76 1432.64 1401.39 1379.71 1368.81 1533.78 1970.33 2268.58 2268.1 1969.28 1531.68 1369.07 1380.03 1401.77 1471.64 1481.41 1465.94 1431.1 1401.91 1381.27 1369.31 1529.48 1976.23 2280.37 2279.68 1974.89 1527.32 1369.55 1381.6 1402.29 1470.6 1478.8 1460.59 1427.57 1401.06 1381.63 1367.43 1526.77 1985.6 2295.37 2294.38 1983.85 1524.63 1367.66 1381.93 1401.43 1467.41 1473.59 1442.26 1410.53 1386.13 1367.97 1350.92 1526.99 1999.89 2313.55 2312.17 1997.64 1524.85 1350.97 1368.14 1386.43 1450.19 1455.28 1352.38 1320.59 1294.06 1271.3 1252.9 1535.68 2028.04 2342.59 2340.78 2025.25 1533.88 1253.08 1271.4 1294.2 1357.54 1364.61 1268.23 1240.08 1219.26 1205.74 1210.44 1243.54 1283.18 1284.46 1276.08 1258.14 1243.65 1210.79 1206.02 1219.4 1274.5 1279.73 1126.99 1099.66 1076.9 1060.36 1060.33 1073.09 1117.93 1118.89 1108.94 1087.78 1073.28 1060.6 1060.51 1077.04 1129.92 1137.24 795.244 785.613 782.305 783.726 790.399 800.306 829.304 830.461 823.982 810.599 801.142 790.583 783.715 781.022 803.519 800.728 607.04 744.351 
</DataArray>
<DataArray type="Float64" Name="cell variable 5" format="ascii">
0.0233714 0.0233714 0.0233714 0.0233714 0.0233714 0.0233714 0.0233714 0.0233714 0.0233714 0.0233714 0.0233714 0.0233714 0.0233714 0.0233714 0.0233714 0.0233714 0.0233714 0.0233714 0.0233714 0.0233714 0.0233714 0.0233714 0.0233714 0.0233714 0.0233714 0.0233714 0.0233714 0.0233714 0.0233714 0.0233714 0.0233714 0.0233714 0.0233714 0.0233714 0.0233714 0.0233714 0.0233714 0.0233714 0.0233714 0.0233714 0.0233714 0.0233714 0.0233714 0.0233714 0.0233714 0.0233714 0.0233714 0.0233714 0.035322 0.0326992 0.0284664 0.0244309 0.0233714 0.0233714 0.0233714 0.0233714 0.0233714 0.0233714 0.0233714 0.0233714 0.0244309 0.0284664 0.0326992 0.035322 0.0399651 0.0363244 0.0304452 0.0248412 0.0233714 0.0233714 0.0233714 0.0233714 0.0233714 0.0233714 0.0233714 0.0233714 0.0248412 0.0304452 0.0363244 0.0399651 0.0426554 0.0384278 0.0315929 0.0250801 0.0233714 0.0233714 0.0233714 0.0233714 0.0233714 0.0233714 0.0233714 0.0233714 0.0250801 0.0315929 0.0384278 0.0426554 0.0446134 0.0399495 0.0324291 0.0252567 0.0233714 0.0233714 0.0233714 0.0233714 0.0233714 0.0233714 0.0233714 0.0233714 0.0252567 0.0324291 0.0399495 0.0446134 0.0461404 0.0411441 0.0330783 0.0253917 0.0233714 0.0233714 0.0233714 0.0233714 0.0233714 0.0233714 0.0233714 0.0233714 0.0253917 0.0330783 0.0411441 0.0461404 0.0473712 0.0421049 0.0336029 0.0255008 0.0233714 0.0233714 0.0233714 0.0233714 0.0233714 0.0233714 0.0233714 0.0233714 0.0255008 0.0336029 0.0421049 0.0473712 0.0483788 0.0428891 0.034034 0.0255891 0.0233714 0.0233714 0.0233714 0.0233714 0.0233714 0.0233714 0.0233714 0.0233714 0.0255891 0.034034 0.0428891 0.0483788 0.0491942 0.0435279 0.0343819 0.0256618 0.0233714 0.0233714 0.0233714 0.0233714 0.0233714 0.0233714 0.0233714 0.0233714 0.0256618 0.0343819 0.0435279 0.0491942 0.0498486 0.0440421 0.0346624 0.0257189 0.0233714 0.0233714 0.0233714 0.0233714 0.0233714 0.0233714 0.0233714 0.0233714 0.0257189 0.0346624 0.0440421 0.0498486 0.0503576 0.0444368 0.0348753 0.0257657 0.0233714 0.0233714 0.0233714 0.0233714 0.0233714 0.0233714 0.0233714 0.0233714 0.0257657 0.0348753 0.0444368 0.0503576 0.0507315 0.0447277 0.0350363 0.0257968 0.0233714 0.0233714 0.0233714 0.0233714 0.0233714 0.0233714 0.0233714 0.0233714 0.0257968 0.0350363 0.0447277 0.0507315 0.0509808 0.0449198 0.0351402 0.0258228 0.0233714 0.0233714 0.0233714 0.0233714 0.0233714 0.0233714 0.0233714 0.0233714 0.0258228 0.0351402 0.0449198 0.0509808 0.0511003 0.0450185 0.0351921 0.0258332 0.0233714 0.0233714 0.0233714 0.0233714 0.0233714 0.0233714 0.0233714 0.0233714 0.0258332 0.0351921 0.0450185 0.0511003 0.0511003 0.0450185 0.0351921 0.0258332 0.0233714 0.0233714 0.0233714 0.0233714 0.0233714 0.0233714 0.0233714 0.0233714 0.0258332 0.0351921 0.0450185 0.0511003 0.0509808 0.0449198 0.0351402 0.0258228 0.0233714 0.0233714 0.0233714 0.0233714 0.0233714 0.0233714 0.0233714 0.0233714 0.0258228 0.0351402 0.0449198 0.0509808 0.0507315 0.0447277 0.0350363 0.0257968 0.0233714 0.0233714 0.0233714 0.0233714 0.0233714 0.0233714 0.0233714 0.0233714 0.0257968 0.0350363 0.0447277 0.0507315 0.0503576 0.0444368 0.0348753 0.0257657 0.0233714 0.0233714 0.0233714 0.0233714 0.0233714 0.0233714 0.0233714 0.0233714 0.0257657 0.0348753 0.0444368 0.0503576 0.0498486 0.0440421 0.0346624 0.0257189 0.0233714 0.0233714 0.0233714 0.0233714 0.0233714 0.0233714 0.0233714 0.0233714 0.0257189 0.0346624 0.0440421 0.0498486 0.0491942 0.0435279 0.0343819 0.0256618 0.0233714 0.0233714 0.0233714 0.0233714 0.0233714 0.0233714 0.0233714 0.0233714 0.0256618 0.0343819 0.0435279 0.0491942 0.0483788 0.0428891 0.034034 0.0255891 0.0233714 0.0233714 0.0233714 0.0233714 0.0233714 0.0233714 0.0233714 0.0233714 0.0255891 0.034034 0.0428891 0.0483788 0.0473712 0.0421049 0.0336029 0.0255008 0.0233714 0.0233714 0.0233714 0.0233714 0.0233714 0.0233714 0.0233714 0.0233714 0.0255008 0.0336029 0.0421049 0.0473712 0.0461404 0.0411441 0.0330783 0.0253917 0.0233714 0.0233714 0.0233714 0.0233714 0.0233714 0.0233714 0.0233714 0.0233714 0.0253917 0.0330783 0.0411441 0.0461404 0.0446134 0.0399495 0.0324291 0.0252567 0.0233714 0.0233714 0.0233714 0.0233714 0.0233714 0.0233714 0.0233714 0.0233714 0.0252567 0.0324291 0.0399495 0.0446134 0.0426554 0.0384278 0.0315929 0.0250801 0.0233714 0.0233714 0.0233714 0.0233714 0.0233714 0.0233714 0.0233714 0.0233714 0.0250801 0.0315929 0.0384278 0.0426554 0.0399651 0.0363244 0.0304452 0.0248412 0.0233714 0.0233714 0.0233714 0.0233714 0.0233714 0.0233714 0.0233714 0.0233714 0.0248412 0.0304452 0.0363244 0.0399651 0.035322 0.0326992 0.0284664 0.0244309 0.0233714 0.0233714 0.0233714 0.0233714 0.0233714 0.0233714 0.0233714 0.0233714 0.0244309 0.0284664 0.0326992 0.035322 0.0233714 0.0233714 0.0233714 0.0233714 0.0233714 0.0233714 0.0233714 0.0233714 0.0233714 0.0233714 0.0233714 0.0233714 0.0233714 0.0233714 0.0233714 0.0233714 0.0233714 0.0233714 0.0233714 0.0233714 0.0233714 0.0233714 0.0233714 0.0233714 0.0233714 0.0233714 0.0233714 0.0233714 0.0233714 0.0233714 0.0233714 0.0233714 0.0233714 0.0233714 0.0233714 0.0233714 0.0233714 0.0233714 0.0233714 0.0233714 0.0233714 0.0233714 0.0233714 0.0233714 0.0233714 0.0233714 0.0233714 0.0233714 0.0233714 0.0233714 
</DataArray>
<DataArray type="Float64" Name="cell variable 6" format="ascii">
0.999995 0.999995 0.999995 0.999995 0.999995 0.999995 0.999995 0.999995 0.999995 0.999995 0.999995 0.999995 0.999995 0.999995 0.999995 0.999995 0.999995 0.999995 0.999995 0.999995 0.999995 0.999995 0.999995 0.999995 0.999995 0.999995 0.999995 0.999995 0.999995 0.999995 0.999995 0.999995 0.999995 0.999995 0.999995 0.999995 0.999995 0.999995 0.999995 0.999995 0.999995 0.999995 0.999995 0.999995 0.999995 0.999995 0.999995 0.999995 0.999994 0.999994 0.999994 0.999994 0.999995 0.999995 0.999995 0.999995 0.999995 0.999995 0.999995 0.999995 0.999994 0.999994 0.999994 0.999994 0.999994 0.999994 0.999994 0.999994 0.999995 0.999995 0.999995 0.999995 0.999995 0.999995 0.999995 0.999995 0.999994 0.999994 0.999994 0.999994 0.999994 0.999994 0.999994 0.999994 0.999995 0.999995 0.999995 0.999995 0.999995 0.999995 0.999995 0.999995 0.999994 0.999994 0.999994 0.999994 0.999993 0.999994 0.999994 0.999994 0.999995 0.999995 0.999995 0.999995 0.999995 0.999995 0.999995 0.999995 0.999994 0.999994 0.999994 0.999993 0.999993 0.999994 0.999994 0.999994 0.999995 0.999995 0.999995 0.999995 0.999995 0.999995 0.999995 0.999995 0.999994 0.999994 0.999994 0.999993 0.999993 0.999993 0.999994 0.999994 0.999995 0.999995 0.999995 0.999995 0.999995 0.999995 0.999995 0.999995 0.999994 0.999994 0.999993 0.999993 0.999993 0.999993 0.999994 0.999994 0.999995 0.999995 0.999995 0.999995 0.999995 0.999995 0.999995 0.999995 0.999994 0.999994 0.999993 0.999993 0.999993 0.999993 0.999994 0.999994 0.999995 0.999995 0.999995 0.999995 0.999995 0.999995 0.999995 0.999995 0.999994 0.999994 0.999993 0.999993 0.999993 0.999993 0.999994 0.999994 0.999995 0.999995 0.999995 0.999995 0.999995 0.999995 0.999995 0.999995 0.999994 0.999994 0.999993 0.999993 0.999993 0.999993 0.999994 0.999994 0.999995 0.999995 0.999995 0.999995 0.999995 0.999995 0.999995 0.999995 0.999994 0.999994 0.999993 0.999993 0.999993 0.999993 0.999994 0.999994 0.999995 0.999995 0.999995 0.999995 0.999995 0.999995 0.999995 0.999995 0.999994 0.999994 0.999993 0.999993 0.999993 0.999993 0.999994 0.999994 0.999995 0.999995 0.999995 0.999995 0.999995 0.999995 0.999995 0.999995 0.999994 0.999994 0.999993 0.999993 0.999993 0.999993 0.999994 0.999994 0.999995 0.999995 0.999995 0.999995 0.999995 0.999995 0.999995 0.999995 0.999994 0.999994 0.999993 0.999993 0.999993 0.999993 0.999994 0.999994 0.999995 0.999995 0.999995 0.999995 0.999995 0.999995 0.999995 0.999995 0.999994 0.999994 0.999993 0.999993 0.999993 0.999993 0.999994 0.999994 0.999995 0.999995 0.999995 0.999995 0.999995 0.999995 0.999995 0.999995 0.999994 0.999994 0.999993 0.999993 0.999993 0.999993 0.999994 0.999994 0.999995 0.999995 0.999995 0.999995 0.999995 0.999995 0.999995 0.999995 0.999994 0.999994 0.999993 0.999993 0.999993 0.999993 0.999994 0.999994 0.999995 0.999995 0.999995 0.999995 0.999995 0.999995 0.999995 0.999995 0.999994 0.999994 0.999993 0.999993 0.999993 0.999993 0.999994 0.999994 0.999995 0.999995 0.999995 0.999995 0.999995 0.999995 0.999995 0.999995 0.999994 0.999994 0.999993 0.999993 0.999993 0.999993 0.999994 0.999994 0.999995 0.999995 0.999995 0.999995 0.999995 0.999995 0.999995 0.999995 0.999994 0.999994 0.999993 0.999993 0.999993 0.999993 0.999994 0.999994 0.999995 0.999995 0.999995 0.999995 0.999995 0.999995 0.999995 0.999995 0.999994 0.999994 0.999993 0.999993 0.999993 0.999993 0.999994 0.999994 0.999995 0.999995 0.999995 0.999995 0.999995 0.999995 0.999995 0.999995 0.999994 0.999994 0.999993 0.999993 0.999993 0.999994 0.999994 0.999994 0.999995 0.999995 0.999995 0.999995 0.999995 0.999995 0.999995 0.999995 0.999994 0.999994 0.999994 0.999993 0.999993 0.999994 0.999994 0.999994 0.999995 0.999995 0.999995 0.999995 0.999995 0.999995 0.999995 0.999995 0.999994 0.999994 0.999994 0.999993 0.999994 0.999994 0.999994 0.999994 0.999995 0.999995 0.999995 0.999995 0.999995 0.999995 0.999995 0.999995 0.999994 0.999994 0.999994 0.999994 0.999994 0.999994 0.999994 0.999994 0.999995 0.999995 0.999995 0.999995 0.999995 0.999995 0.999995 0.999995 0.999994 0.999994 0.999994 0.999994 0.999994 0.999994 0.999994 0.999994 0.999995 0.999995 0.999995 0.999995 0.999995 0.999995 0.999995 0.999995 0.999994 0.999994 0.999994 0.999994 0.999995 0.999995 0.999995 0.999995 0.999995 0.999995 0.999995 0.999995 0.999995 0.999995 0.999995 0.999995 0.999995 0.999995 0.999995 0.999995 0.999995 0.999995 0.999995 0.999995 0.999995 0.999995 0.999995 0.999995 0.999995 0.999995 0.999995 0.999995 0.999995 0.999995 0.999995 0.999995 0.999995 0.999995 0.999995 0.999995 0.999995 0.999995 0.999995 0.999995 0.999995 0.999995 0.999995 0.999995 0.999995 0.999995 0.999995 0.999995 0.999995 0.999995 
</DataArray>
<DataArray type="Float64" Name="cell variable 7" format="ascii">
0 0 0 0 0 0 0 0 0 0 0 0 0 0 0 0 0 0 0 0 0 0 0 0 0 0 0 0 0 0 0 0 0 0 0 0 0 0 0 0 0 0 0 0 0 0 0 0 0 0 0 0 0 0 0 0 0 0 0 0 0 0 0 0 0 0 0 0 0 0 0 0 0 0 0 0 0 0 0 0 0 0 0 0 0 0 0 0 0 0 0 0 0 0 0 0 0 0 0 0 0 0 0 0 0 0 0 0 0 0 0 0 0 0 0 0 0 0 0 0 0 0 0 0 0 0 0 0 0 0 0 0 0 0 0 0 0 0 0 0 0 0 0 0 0 0 0 0 0 0 0 0 0 0 0 0 0 0 0 0 0 0 0 0 0 0 0 0 0 0 0 0 0 0 0 0 0 0 0 0 0 0 0 0 0 0 0 0 0 0 0 0 0 0 0 0 0 0 0 0 0 0 0 0 0 0 0 0 0 0 0 0 0 0 0 0 0 0 0 0 0 0 0 0 0 0 0 0 0 0 0 0 0 0 0 0 0 0 0 0 0 0 0 0 0 0 0 0 0 0 0 0 0 0 0 0 0 0 0 0 0 0 0 0 0 0 0 0 0 0 0 0 0 0 0 0 0 0 0 0 0 0 0 0 0 0 0 0 0 0 0 0 0 0 0 0 0 0 0 0 0 0 0 0 0 0 0 0 0 0 0 0 0 0 0 0 0 0 0 0 0 0 0 0 0 0 0 0 0 0 0 0 0 0 0 0 0 0 0 0 0 0 0 0 0 0 0 0 0 0 0 0 0 0 0 0 0 0 0 0 0 0 0 0 0 0 0 0 0 0 0 0 0 0 0 0 0 0 0 0 0 0 0 0 0 0 0 0 0 0 0 0 0 0 0 0 0 0 0 0 0 0 0 0 0 0 0 0 0 0 0 0 0 0 0 0 0 0 0 0 0 0 0 0 0 0 0 0 0 0 0 0 0 0 0 0 0 0 0 0 0 0 0 0 0 0 0 0 0 0 0 0 0 0 0 0 0 0 0 0 0 0 0 0 0 0 0 0 0 0 0 0 0 0 0 0 0 0 0 0 0 0 0 0 0 0 0 0 0 0 0 0 0 0 0 0 0 0 0 0 0 0 0 0 0 0 0 0 0 0 0 0 1 1 
</DataArray>
<DataArray type="Float64" Name="cell variable 8" format="ascii">
11.25 33.75 56.25 78.75 101.25 123.75 146.25 168.75 191.25 213.75 236.25 258.75 281.25 303.75 326.25 348.75 11.25 33.75 56.25 78.75 101.25 123.75 146.25 168.75 191.25 213.75 236.25 258.75 281.25 303.75 326.25 348.75 11.25 33.75 56.25 78.75 101.25 123.75 146.25 168.75 191.25 213.75 236.25 258.75 281.25 303.75 326.25 348.75 11.25 33.75 56.25 78.75 101.25 123.75 146.25 168.75 191.25 213.75 236.25 258.75 281.25 303.75 326.25 348.75 11.25 33.75 56.25 78.75 101.25 123.75 146.25 168.75 191.25 213.75 236.25 258.75 281.25 303.75 326.25 348.75 11.25 33.75 56.25 78.75 101.25 123.75 146.25 168.75 191.25 213.75 236.25 258.75 281.25 303.75 326.25 348.75 11.25 33.75 56.25 78.75 101.25 123.75 146.25 168.75 191.25 213.75 236.25 258.75 281.25 303.75 326.25 348.75 11.25 33.75 56.25 78.75 101.25 123.75 146.25 168.75 191.25 213.75 236.25 258.75 281.25 303.75 326.25 348.75 11.25 33.75 56.25 78.75 101.25 123.75 146.25 168.75 191.25 213.75 236.25 258.75 281.25 303.75 326.25 348.75 11.25 33.75 56.25 78.75 101.25 123.75 146.25 168.75 191.25 213.75 236.25 258.75 281.25 303.75 326.25 348.75 11.25 33.75 56.25 78.75 101.25 123.75 146.25 168.75 191.25 213.75 236.25 258.75 281.25 303.75 326.25 348.75 11.25 33.75 56.25 78.75 101.25 123.75 146.25 168.75 191.25 213.75 236.25 258.75 281.25 303.75 326.25 348.75 11.25 33.75 56.25 78.75 101.25 123.75 146.25 168.75 191.25 213.75 236.25 258.75 281.25 303.75 326.25 348.75 11.25 33.75 56.25 78.75 101.25 123.75 146.25 168.75 191.25 213.75 236.25 258.75 281.25 303.75 326.25 348.75 11.25 33.75 56.25 78.75 101.25 123.75 146.25 168.75 191.25 213.75 236.25 258.75 281.25 303.75 326.25 348.75 11.25 33.75 56.25 78.75 101.25 123.75 146.25 168.75 191.25 213.75 236.25 258.75 281.25 303.75 326.25 348.75 11.25 33.75 56.25 78.75 101.25 123.75 146.25 168.75 191.25 213.75 236.25 258.75 281.25 303.75 326.25 348.75 11.25 33.75 56.25 78.75 101.25 123.75 146.25 168.75 191.25 213.75 236.25 258.75 281.25 303.75 326.25 348.75 11.25 33.75 56.25 78.75 101.25 123.75 146.25 168.75 191.25 213.75 236.25 258.75 281.25 303.75 326.25 348.75 11.25 33.75 56.25 78.75 101.25 123.75 146.25 168.75 191.25 213.75 236.25 258.75 281.25 303.75 326.25 348.75 11.25 33.75 56.25 78.75 101.25 123.75 146.25 168.75 191.25 213.75 236.25 258.75 281.25 303.75 326.25 348.75 11.25 33.75 56.25 78.75 101.25 123.75 146.25 168.75 191.25 213.75 236.25 258.75 281.25 303.75 326.25 348.75 11.25 33.75 56.25 78.75 101.25 123.75 146.25 168.75 191.25 213.75 236.25 258.75 281.25 303.75 326.25 348.75 11.25 33.75 56.25 78.75 101.25 123.75 146.25 168.75 191.25 213.75 236.25 258.75 281.25 303.75 326.25 348.75 11.25 33.75 56.25 78.75 101.25 123.75 146.25 168.75 191.25 213.75 236.25 258.75 281.25 303.75 326.25 348.75 11.25 33.75 56.25 78.75 101.25 123.75 146.25 168.75 191.25 213.75 236.25 258.75 281.25 303.75 326.25 348.75 11.25 33.75 56.25 78.75 101.25 123.75 146.25 168.75 191.25 213.75 236.25 258.75 281.25 303.75 326.25 348.75 11.25 33.75 56.25 78.75 101.25 123.75 146.25 168.75 191.25 213.75 236.25 258.75 281.25 303.75 326.25 348.75 11.25 33.75 56.25 78.75 101.25 123.75 146.25 168.75 191.25 213.75 236.25 258.75 281.25 303.75 326.25 348.75 11.25 33.75 56.25 78.75 101.25 123.75 146.25 168.75 191.25 213.75 236.25 258.75 281.25 303.75 326.25 348.75 11.25 33.75 56.25 78.75 101.25 123.75 146.25 168.75 191.25 213.75 236.25 258.75 281.25 303.75 326.25 348.75 11.25 33.75 56.25 78.75 101.25 123.75 146.25 168.75 191.25 213.75 236.25 258.75 281.25 303.75 326.25 348.75 0 0 
</DataArray>
</CellData>
</Piece>
</UnstructuredGrid>
</VTKFile>
